matricula,modelo_id,ano_fabricacao,data_ultima_revisao,total_horas_voo,ativa
JA-7750G,647,2009,2025-11-02,63323,True
VH-7173G,64,2017,2025-04-21,41979,True
N-8444E,465,2017,2025-09-08,46686,True
B-6463T,601,1994,2024-07-16,45259,True
TC-9180S,502,2004,2025-04-04,3739,True
JA-8154Y,523,2010,2024-10-21,69143,True
TC-4496V,793,2009,2025-02-05,16630,True
F-3367N,545,2019,2024-08-07,53713,True
PR-7636K,25,2010,2025-02-06,51882,True
TC-5787Y,362,2013,2025-06-16,12697,False
TC-4999Z,610,2024,2025-02-08,16072,True
G-6344D,89,2013,2025-08-31,72719,True
PR-1150P,74,2022,2025-02-21,57459,True
EC-7574A,844,1995,2024-08-24,24393,True
F-3602U,120,2012,2024-12-15,53209,True
HL-4373F,62,2014,2026-04-06,6365,True
TC-1233Y,99,2015,2025-08-28,63105,True
PR-5724I,253,2011,2026-01-18,19945,True
TC-9139Z,129,1994,2026-01-09,79250,True
PU-7431C,596,1990,2026-01-14,17169,True
PP-8236W,108,1992,2024-07-05,62107,True
PP-5672O,375,1998,2025-08-14,15784,True
PS-685Z,208,2009,2025-11-27,66678,True
B-1106K,420,2006,2025-04-06,26784,True
TC-1437O,141,1995,2025-05-13,7525,True
PU-6573G,790,1994,2024-08-17,9324,True
G-7552A,668,1994,2025-10-06,74233,True
F-3528L,21,2010,2025-11-25,39440,True
N-3205D,561,1996,2026-02-01,29143,True
PP-5982J,924,2018,2025-11-04,466,True
EC-9605P,198,2006,2026-02-16,13543,True
VH-450K,285,1990,2024-06-12,58927,True
G-4264Y,907,2020,2025-10-30,14361,True
HL-6401W,134,2007,2025-07-04,25148,True
JA-1912G,91,2008,2024-06-08,43652,True
PS-4711R,666,1990,2024-06-03,61409,True
B-469O,783,2024,2025-12-07,32794,True
N-8587I,338,2024,2024-12-24,39494,True
PP-2747O,738,2020,2025-10-05,49657,True
PP-1669R,56,2017,2026-06-02,56856,True
PP-5600F,460,2002,2025-03-03,37188,True
PU-5848D,730,1992,2025-07-06,53160,True
PU-2455C,751,1990,2025-11-23,72964,True
G-3517X,284,2008,2025-06-12,26201,True
D-1784A,700,2023,2026-05-02,33580,True
D-5766I,190,2004,2024-10-22,60319,True
N-3552W,265,2019,2024-12-30,16456,True
F-6971Q,634,2022,2024-10-01,25406,True
TC-5547Y,227,2011,2025-10-26,3442,True
PP-7428O,268,2015,2024-10-15,75905,False
PS-8584I,504,1997,2025-06-12,28799,True
TC-255K,541,2021,2026-03-30,64365,True
PP-2764F,808,1995,2025-11-07,20992,True
TC-839B,752,2009,2026-05-01,1600,True
PS-4707E,989,1993,2025-10-12,24607,True
HL-9029P,656,2003,2025-01-15,72485,True
TC-3543L,856,1992,2026-04-13,7121,True
N-6839H,557,2002,2025-12-13,52811,True
EC-4684U,774,2002,2025-11-21,53359,True
F-6248X,638,2009,2025-09-02,9293,True
D-8980W,897,2010,2025-04-04,14970,True
JA-5172J,821,2010,2025-04-26,42040,True
PP-9872M,510,2021,2025-02-28,24889,True
N-9627J,893,1999,2025-11-30,70991,True
F-9006Q,674,2015,2025-10-27,14258,True
G-6654H,250,2009,2024-09-09,24218,True
B-668T,84,1996,2025-09-25,44455,True
PT-6311Q,177,2008,2025-01-19,79376,True
D-193Y,365,2006,2026-02-25,75218,True
TC-4370B,967,2017,2025-07-08,48659,True
D-6600L,98,2001,2024-11-03,55583,True
VH-4581T,913,1991,2026-03-26,60034,True
PS-5808D,206,2022,2024-07-06,32541,True
N-6870F,842,2003,2025-02-25,28970,True
EC-5428N,867,2011,2024-08-30,14233,True
F-2615E,722,2003,2025-05-22,6909,True
PU-8078M,38,2011,2024-09-06,74392,True
G-6064V,782,2017,2025-08-31,10977,True
EC-9081V,224,2004,2025-05-28,39129,True
PU-6356P,818,2014,2024-09-30,76211,True
B-3453Q,602,1999,2025-12-31,48709,True
HL-1753Z,294,2004,2025-02-14,62054,True
B-5651U,668,2000,2024-07-21,6251,True
PS-1476Y,752,1995,2024-10-19,51221,True
F-7010O,707,2006,2025-10-21,34550,True
D-8688N,854,2023,2024-11-17,59034,True
PR-7595C,545,1995,2026-04-04,12730,True
PU-4212D,680,2025,2026-05-09,18753,True
EC-8260V,85,2022,2024-12-17,61202,True
JA-1966K,234,2025,2024-11-08,60594,True
HL-443L,770,2007,2026-01-12,10124,True
EC-9697S,307,2024,2024-12-01,41730,True
PT-2101P,296,2000,2025-02-11,51180,True
PP-2424O,318,1991,2024-11-29,38881,True
PP-2826Q,697,2011,2025-05-03,65726,True
B-3682U,472,1991,2025-05-27,73346,True
JA-3964L,464,2007,2025-03-18,29331,True
F-9381D,38,1991,2025-11-08,40814,True
EC-3039I,412,1992,2025-05-15,15796,True
PP-8981U,368,2006,2025-11-12,74651,True
B-7596F,410,2004,2025-06-12,13135,True
PR-8488C,9,2025,2025-06-23,56992,True
HL-964I,951,1998,2025-05-13,75778,True
VH-7455T,19,2003,2024-11-14,42231,True
PR-6446I,154,2023,2024-12-13,20807,True
N-9414Q,287,2024,2026-05-04,65893,True
G-1389R,736,2016,2025-12-14,37038,True
F-4727C,180,1995,2026-02-03,19479,True
EC-6319B,359,2003,2026-03-01,65503,False
G-2495O,147,2004,2024-09-11,43788,True
PU-3536M,92,1997,2025-03-30,32215,True
F-8844P,60,2010,2026-02-12,61510,True
HL-7185F,858,2022,2026-03-10,36724,True
N-5053Q,505,1992,2026-01-20,6910,True
PU-6847D,274,2014,2025-02-17,75149,True
F-4110Z,811,2022,2025-07-20,46198,True
PR-2105N,826,2017,2026-03-27,65937,True
TC-6877O,804,2018,2025-06-11,69037,True
PS-2346J,633,2018,2025-02-07,44051,True
EC-3527B,233,2015,2024-07-09,9938,True
EC-9326G,129,2014,2024-11-09,2830,True
F-6605D,648,2013,2025-10-31,57459,True
B-4775E,889,2002,2024-07-26,51505,True
D-8693A,691,2003,2024-06-09,59259,True
PT-9108N,330,2024,2025-01-20,71368,False
PU-6706Z,120,1999,2025-12-04,5152,True
G-5635J,335,2014,2025-10-17,41617,True
PS-6415X,772,2003,2025-09-03,51215,True
JA-9142V,774,1997,2025-05-07,27374,True
PP-2402F,216,1993,2025-09-10,37246,True
PP-1686B,237,2021,2024-08-12,77918,True
EC-9094F,926,1991,2024-12-18,39615,True
D-9321W,755,2003,2024-06-02,65324,True
TC-1615F,238,2002,2025-06-02,43929,True
HL-9420Z,955,2003,2026-05-11,64791,True
JA-5785T,8,1995,2025-06-07,23426,True
EC-2226T,159,1991,2024-07-30,8903,True
D-337X,293,2010,2025-10-03,62167,True
JA-215V,566,2010,2026-04-28,6469,True
TC-7841W,304,1995,2025-11-16,10594,True
EC-2646R,138,2002,2025-10-02,53934,True
JA-5214T,246,2024,2024-10-21,19369,True
F-3774C,245,2025,2026-04-06,1820,True
JA-3673H,576,2002,2025-07-03,30824,True
JA-7570X,786,2002,2024-06-25,53029,True
JA-1123J,511,2016,2026-02-04,10032,True
TC-6076N,90,2010,2025-04-18,70246,True
PT-1324A,408,2008,2024-08-07,19808,True
TC-9578F,169,2005,2026-06-02,8322,True
D-8367S,730,2011,2025-10-27,68501,True
PS-2511B,66,1992,2025-08-23,73340,True
F-1329A,493,2000,2025-09-08,30103,True
B-2421U,917,2021,2024-06-29,39321,True
D-8600H,821,1992,2025-06-10,11881,True
B-5162I,127,1990,2026-03-18,66709,True
PS-5130Y,963,2007,2024-12-24,32816,True
PS-8058J,142,2007,2025-04-04,78399,True
PT-8225Q,340,2025,2025-04-03,34462,True
D-809E,221,1998,2026-04-22,66439,True
PS-1436B,618,1994,2025-12-03,49045,True
PT-9884C,11,2008,2025-04-18,31460,True
D-9571W,830,2001,2025-09-14,31435,True
TC-1586A,686,1999,2026-01-15,39428,True
PR-5376T,704,2014,2025-06-23,26653,True
TC-6269Y,162,2017,2026-03-10,73446,True
TC-1185R,480,2019,2025-11-03,56612,True
TC-8947T,425,1995,2024-12-31,61476,True
VH-8836O,719,2001,2025-06-05,73794,True
PP-425J,175,2021,2024-09-27,48098,True
F-1543B,972,1995,2026-02-08,40448,True
JA-576Q,745,1999,2026-03-20,45100,True
VH-3032G,49,2014,2026-04-30,45157,True
D-6875R,165,2010,2026-05-14,15580,True
PP-8374Q,27,1992,2026-01-05,40631,True
G-503L,281,2016,2024-08-10,73912,False
HL-805Q,308,2011,2025-05-24,11418,True
TC-335I,129,1993,2024-09-02,37069,True
HL-458Q,849,2018,2026-01-06,73256,True
D-5530E,396,2004,2026-05-29,21110,True
JA-8655I,303,1997,2024-10-12,30530,True
PS-5369R,668,1993,2025-01-13,22938,True
PT-1076G,492,2020,2026-01-19,1975,False
PS-3614K,556,1998,2024-11-27,25992,True
HL-484N,179,2019,2025-03-15,40659,True
JA-6162P,919,1993,2025-03-31,66592,True
HL-8796G,172,2022,2025-04-26,51531,True
PU-1668M,103,2009,2025-06-25,29458,True
PU-3701Z,731,2009,2025-10-24,76664,True
JA-8341S,155,2009,2026-02-20,45346,True
D-4791U,431,2008,2024-12-09,30490,True
PS-1024I,837,1991,2026-01-30,28441,True
PR-5652R,797,1995,2025-12-25,65651,True
VH-8513L,242,2011,2024-07-11,420,True
G-2155T,156,2013,2024-11-18,70173,True
JA-9873Z,612,2007,2024-09-29,8258,True
VH-4220Y,246,2018,2025-02-27,25667,True
PT-2986T,893,2003,2026-01-11,69515,True
HL-5881K,413,2025,2024-11-02,44697,True
PR-2661E,10,2024,2025-03-29,2364,True
F-4967Y,508,1999,2026-05-25,58970,True
PT-3579F,979,2007,2026-03-22,51931,True
F-3194V,379,1996,2026-05-15,33424,True
VH-2840B,118,2006,2025-08-20,5325,True
EC-8397H,282,1991,2025-03-17,726,True
D-1336Z,704,2016,2025-12-09,7852,True
PR-9301X,824,2004,2024-09-22,14389,True
D-4058J,853,2017,2026-04-19,26596,True
N-5988H,667,2005,2025-03-10,60841,True
N-3410D,507,2010,2025-02-10,17206,True
TC-9050M,103,2001,2025-07-20,20783,True
PR-870B,138,2010,2025-05-14,75218,True
HL-5574R,86,2024,2025-12-19,29880,True
VH-839F,149,2025,2025-12-25,61990,True
PU-309V,544,2021,2026-04-23,48755,True
D-8567X,268,1998,2025-03-23,30004,True
VH-9295V,39,2000,2025-06-17,56861,True
PT-5041S,143,2024,2024-11-09,66916,True
G-3909W,286,2008,2025-02-05,64383,True
EC-3162P,659,2016,2025-12-20,26048,True
HL-2569A,355,2013,2024-06-10,10553,True
B-6110X,666,2019,2025-06-05,730,True
HL-5916W,194,2004,2025-08-11,1455,True
PU-4563R,115,2013,2026-01-12,74334,True
F-2442W,399,2023,2024-08-13,61662,True
PS-4016V,505,2003,2026-01-02,14600,True
VH-285E,624,1991,2024-07-15,29792,True
PR-9028D,810,1990,2025-10-28,29108,True
PT-2003U,307,1990,2025-06-24,64431,True
EC-7770R,812,2017,2024-10-16,22048,True
G-3621I,519,2009,2025-07-12,37740,True
PR-5565G,309,2006,2025-11-18,62752,True
TC-5908A,812,2022,2024-11-22,19375,True
F-2483Q,651,2024,2025-10-21,73179,True
G-1413H,971,2019,2025-09-07,11173,True
N-8544R,878,1991,2025-01-19,64301,True
HL-2451P,125,2009,2026-02-22,49918,True
N-4920E,547,2009,2025-05-26,56989,True
HL-6884G,780,2024,2026-03-17,58183,True
PS-2833G,538,2004,2025-03-28,20304,True
D-1092J,625,2006,2024-12-27,31334,True
PP-7913W,300,1991,2025-12-17,20968,True
N-9105K,632,2001,2025-04-20,34381,True
TC-924F,242,2005,2026-01-04,15818,False
PT-8363L,664,2007,2025-11-10,70300,True
HL-5437X,699,1995,2026-06-01,33181,True
F-8651W,181,2020,2024-07-27,29547,True
B-4467S,48,2006,2024-10-22,36710,True
PT-8851U,796,1994,2025-11-12,26460,True
PP-4952Y,40,2016,2025-03-23,19632,True
JA-4769N,98,2004,2024-08-09,28391,True
D-3198Z,742,2005,2024-12-21,61877,True
HL-5369K,356,2015,2025-09-18,25032,True
F-2060I,118,2012,2025-11-25,60732,True
VH-1914R,58,2018,2025-10-11,32992,True
PP-3188T,862,2017,2026-02-04,54274,True
F-6091W,108,2006,2025-09-16,13937,True
F-3057Y,459,2007,2024-11-07,41563,True
PU-6213N,358,1999,2025-10-24,48684,False
G-3218H,487,2004,2025-04-12,54457,True
B-3396L,774,2004,2025-11-04,64940,True
PT-4884M,250,1993,2026-05-26,65411,True
HL-1050T,337,2023,2024-12-02,27017,True
PU-2913Y,770,2024,2024-08-24,51451,True
PS-1185B,182,2015,2026-01-21,47051,True
D-4709P,271,2008,2025-08-21,79061,True
G-8136H,334,1999,2025-04-04,13024,True
F-4149J,48,2000,2024-10-16,66528,True
B-4676Y,4,2003,2026-04-01,76694,True
TC-6508I,487,2002,2026-05-14,47689,True
JA-5604M,168,1996,2025-05-10,42553,True
JA-6928E,852,2016,2025-02-16,59580,True
F-8924T,848,2000,2025-04-04,53673,True
PR-1571G,442,1994,2025-11-26,76446,True
G-7297H,191,1999,2025-01-19,15773,True
VH-7597U,789,2018,2024-12-17,45706,True
B-1197J,272,2021,2024-11-22,62802,True
PR-4688K,231,2004,2025-08-26,57989,True
G-9746Z,971,2019,2026-04-06,78407,True
G-2355O,409,1999,2026-01-14,35812,True
G-919Y,411,2004,2024-07-01,5058,False
D-9758Q,971,2001,2025-08-28,27236,True
VH-9202S,897,1994,2025-02-04,62113,True
B-3451V,643,2013,2024-07-21,54884,True
PP-1316D,516,2019,2025-10-03,72629,True
PT-6392E,393,2023,2025-09-15,62565,True
N-2019B,362,2019,2026-03-13,27813,True
B-6848Q,352,1990,2025-02-18,4828,True
D-4376O,776,2000,2025-04-03,76731,True
VH-6631Y,957,1996,2026-04-23,50851,True
HL-2626X,720,1992,2025-04-09,71385,True
TC-2274S,404,2024,2024-11-18,50237,True
B-7093X,763,2021,2024-06-14,59367,True
PS-6246M,236,2013,2024-07-19,16788,True
G-287A,810,2018,2025-10-21,47349,True
PU-248U,573,2007,2025-04-03,14973,True
F-3891Y,513,1993,2024-11-05,12808,True
N-2544Z,558,1998,2025-03-31,585,True
TC-7786T,13,2021,2024-09-22,63355,True
TC-9614V,515,2024,2025-12-06,52689,True
F-2953L,425,1994,2026-05-21,54291,True
PR-2903R,657,1990,2024-09-01,17184,True
F-528E,175,2001,2026-02-07,39439,True
G-7196C,996,2016,2024-07-13,42696,True
JA-5988R,444,2015,2025-03-07,53639,True
HL-6709L,997,2021,2025-11-11,6878,True
PS-9020Z,543,2002,2024-07-31,25837,True
PP-3339V,748,2023,2025-03-31,34742,False
EC-2039F,793,2015,2024-12-20,78484,True
G-4275S,572,2013,2024-07-15,58692,True
TC-4957F,455,2003,2025-05-13,41301,True
PU-1005V,699,2019,2025-07-03,3385,True
TC-5374J,480,1999,2025-05-27,6301,True
PP-7199I,869,2014,2026-04-08,42910,True
EC-6864O,735,2006,2025-12-29,61777,True
EC-1373W,440,2016,2026-02-21,70860,False
PS-1975X,968,1992,2025-12-07,3766,True
TC-7438S,483,2020,2026-03-21,52654,True
VH-861B,184,2000,2025-10-18,1799,False
TC-4195W,718,2017,2024-07-15,40364,True
PS-8482F,140,2005,2026-04-09,45044,True
PP-585T,319,1996,2025-01-21,21652,True
N-6676F,649,1996,2026-03-15,19381,True
TC-479F,370,2006,2026-05-09,3452,True
PT-1406G,583,2015,2025-06-26,43686,True
PP-5495W,321,1996,2024-08-24,58280,True
N-6911W,629,2025,2024-08-11,28874,True
HL-9962K,27,2001,2024-11-07,53426,True
TC-7998L,693,2021,2025-12-29,20002,True
JA-3239W,921,1996,2025-10-23,37585,True
HL-264M,104,2009,2025-03-11,30976,True
F-8298L,964,2023,2026-01-17,75694,True
D-740T,675,1991,2026-04-03,54334,True
JA-9064D,566,1998,2026-04-25,29233,True
D-1270B,265,2009,2026-01-08,75824,True
PT-1812H,676,2017,2024-10-31,33279,True
EC-984M,728,2024,2026-04-11,69183,True
N-8929A,194,1996,2026-05-27,18643,True
D-8028T,807,1992,2025-11-18,44085,True
VH-8969X,512,2011,2025-12-20,9942,True
F-5684G,748,2006,2025-06-07,23659,True
EC-7497U,975,1993,2026-01-04,30131,True
TC-7678X,780,2021,2025-10-05,26616,True
F-152A,259,1995,2025-11-05,33579,True
HL-3273F,669,2016,2025-10-05,40949,True
PT-230I,785,1998,2024-12-10,26901,True
TC-329B,916,2025,2025-09-14,50690,True
G-2951W,930,2002,2025-04-20,29255,True
D-8683C,631,2004,2025-03-12,39107,True
TC-1627C,921,2008,2026-05-26,57404,True
G-7779K,879,2021,2024-10-04,28764,True
N-1485W,644,2006,2025-06-11,14287,True
G-1246O,952,2002,2026-05-19,11297,True
PS-2551D,747,2019,2025-10-03,75029,True
PU-7861Z,713,2015,2026-04-21,14961,True
PR-3842K,652,2003,2024-10-06,4906,False
N-6384Q,278,1997,2026-01-17,58844,True
PS-4540B,401,2021,2026-02-14,43216,True
PS-3082M,199,1990,2025-09-07,13474,True
HL-5341B,933,2025,2025-02-03,75849,True
EC-8363G,46,1999,2025-08-27,18951,True
PS-3489O,32,2006,2026-01-04,42192,True
PR-3648U,527,2016,2025-07-29,2106,True
EC-4994G,36,2016,2025-04-02,18286,True
PS-4595K,127,1998,2025-05-10,75167,True
PT-7335V,701,1999,2025-05-25,70381,True
N-8992M,512,2005,2025-06-01,15658,True
HL-748U,968,1999,2025-11-25,61976,True
PS-4948R,949,2018,2024-07-19,54945,True
N-6522X,98,1998,2025-02-16,69454,True
TC-6788T,860,2012,2025-03-09,41673,True
PP-2147D,37,2011,2025-01-19,27793,True
HL-1900K,392,2015,2025-07-08,61858,True
VH-5628T,455,1996,2025-09-05,27649,True
PT-2236T,151,2024,2025-08-30,68113,True
PU-2861G,565,2010,2025-12-08,23713,True
EC-6659K,706,2012,2026-01-21,38011,True
PR-8312K,331,2006,2024-06-30,70875,True
N-9940Q,877,1992,2025-06-05,50723,True
PU-4037S,804,2025,2024-08-10,62266,True
F-9578S,296,2024,2024-10-21,39914,True
HL-118M,40,1999,2025-11-22,50877,True
TC-672S,651,2013,2025-09-01,78135,True
N-2274D,1000,2023,2026-05-17,75213,True
PP-114Z,790,2021,2025-09-15,60941,True
PR-8835Q,901,1995,2025-03-27,43216,True
PP-9601H,212,2002,2025-09-18,50774,True
D-7453B,354,1999,2026-01-17,73971,True
PP-5890H,554,2009,2025-09-12,13254,True
PP-7454S,648,1996,2026-05-25,29406,True
PS-4172E,720,2012,2024-08-15,68165,True
F-4360Y,661,1991,2025-02-09,39823,True
G-2931P,282,2001,2025-01-15,17974,True
VH-1936C,763,2010,2025-11-30,39463,True
PU-8525Y,359,1990,2025-08-02,19099,True
B-6778W,75,1991,2024-10-22,9246,True
F-1633A,507,1996,2026-03-02,32348,True
D-9611X,502,2004,2026-06-02,1937,True
VH-5586D,723,2009,2025-06-08,51610,False
PS-8184F,59,2009,2024-06-09,5206,True
PP-4988A,291,2009,2024-07-10,2687,True
PT-7390R,351,2017,2025-10-25,26900,True
B-5185G,410,1994,2024-09-08,35899,True
HL-634C,161,1991,2025-08-21,32933,True
TC-2712Q,446,2024,2024-12-11,55685,True
D-5756M,301,2015,2024-11-17,79986,True
HL-8318Y,687,2002,2026-01-25,50174,True
B-2569B,583,2008,2025-11-24,68540,True
G-8413L,196,1995,2026-03-05,76327,True
VH-9873A,705,2023,2024-08-22,61883,True
HL-644C,775,2009,2024-11-13,49860,True
F-7794B,803,2000,2024-09-09,62439,True
PS-2220I,819,2014,2025-04-01,60497,True
PS-1560J,993,2014,2025-07-02,36724,True
B-572Q,830,2023,2025-08-20,23036,True
B-4438U,204,2016,2024-10-31,74876,True
VH-5099W,688,2018,2025-06-02,64307,True
PP-4181P,161,2006,2026-02-25,77513,True
PP-2814U,89,2005,2024-12-22,30213,True
PR-6545C,530,2015,2025-04-24,37825,True
N-6590S,833,1999,2024-06-17,58694,True
N-542L,739,2016,2024-10-01,46992,True
PP-6364C,929,2017,2024-07-21,76414,True
PU-3744U,778,2023,2024-12-12,9255,True
N-9281B,190,2010,2025-05-05,51370,True
EC-7349I,487,2017,2026-01-11,6229,True
PU-1055J,151,2007,2025-07-30,14228,True
JA-6923K,385,1999,2026-03-19,55365,True
G-997I,414,2009,2025-07-23,32279,False
JA-543O,165,2009,2025-01-11,60691,True
TC-6440W,11,2012,2024-07-30,28560,True
PS-7975Y,542,2003,2025-03-08,60582,True
G-6323Z,740,2004,2025-06-25,64613,True
D-3138J,791,2001,2025-06-11,33676,True
F-5210Z,709,1994,2024-08-05,23090,True
VH-8153U,423,1996,2025-11-22,17514,True
F-2469N,999,1996,2024-09-15,20901,True
JA-9655T,888,2025,2025-12-30,60498,True
EC-9935J,675,2022,2025-09-16,9602,True
JA-709N,724,2025,2024-07-24,15961,True
D-5785M,987,1995,2025-07-15,1400,True
PR-9259N,484,2002,2024-12-25,18769,True
F-6534Q,985,2007,2024-10-14,68240,True
G-2716I,472,1994,2025-11-28,50748,True
G-3282U,876,2024,2025-09-30,54966,True
PT-3087A,345,2006,2025-10-16,14528,True
PP-8330A,747,2020,2025-03-19,65689,True
B-5005O,785,2020,2024-07-21,1016,True
EC-6249E,942,1991,2025-12-15,19786,True
PS-6330E,504,1991,2025-09-03,52432,True
PS-9271C,214,2020,2025-03-03,70785,True
G-2354G,336,2008,2026-02-10,29603,True
TC-1211F,603,1991,2025-04-19,40817,True
B-9371Z,426,2004,2026-01-07,72262,True
EC-6061E,298,1993,2024-08-07,44504,True
PR-4647K,808,1995,2025-06-04,2873,True
VH-6346Y,418,1990,2025-05-06,48942,True
PR-9580K,583,2000,2025-11-01,34214,True
VH-8355C,345,2023,2026-05-07,67027,True
PP-6238P,58,2000,2025-03-12,14514,True
F-6497M,995,1992,2025-02-17,21064,True
EC-3080Q,900,1995,2025-08-09,33725,True
EC-6552L,910,2017,2025-09-11,77263,True
PT-8000R,114,2013,2024-10-01,33837,True
F-3180M,823,1995,2024-09-30,9036,True
F-3711H,972,2014,2024-11-19,50937,True
HL-5107J,605,2002,2025-11-22,37059,True
PU-3847B,239,2008,2025-03-15,18573,True
D-9066X,796,2007,2025-03-09,44717,True
G-1157D,786,2011,2026-04-18,45891,True
VH-1363N,943,1990,2024-09-10,78152,True
PU-1042L,450,2022,2025-11-20,64669,True
G-549Y,792,1994,2025-07-31,61735,True
PP-6340D,887,2008,2025-02-08,61744,True
D-4890R,737,1991,2025-08-08,19586,True
D-2292P,208,1990,2025-06-17,14657,True
TC-7101T,809,2009,2025-11-02,51808,True
B-2598D,487,2008,2024-06-22,48743,True
N-9207S,933,2024,2026-04-08,70202,True
B-9160N,576,2008,2026-04-30,39757,True
JA-9233A,684,2015,2025-05-07,68486,True
HL-5075L,478,2012,2024-10-31,45516,True
B-7546G,567,1994,2024-06-06,44869,True
JA-7505S,962,2020,2026-01-31,17175,True
N-7053C,193,1991,2025-11-01,16399,True
VH-3813F,802,2020,2024-09-27,52783,True
TC-1579M,729,2008,2026-01-19,78928,True
B-9567O,403,2023,2024-09-24,60794,True
G-6104S,930,2016,2025-07-31,38730,True
D-1891R,810,1995,2026-01-27,63222,True
PS-4461B,595,2017,2026-04-08,14118,True
EC-7328Y,646,2012,2025-12-08,14872,True
D-5278N,974,2003,2024-10-17,37112,True
PR-6857B,157,1997,2025-09-17,4566,True
TC-6372Z,888,2001,2026-05-24,56793,True
EC-6976P,167,2019,2024-11-22,66103,True
HL-4014G,180,2001,2026-02-11,49713,True
D-3367C,579,2016,2024-12-01,67712,True
PS-6988S,513,1994,2025-03-06,16557,True
PR-7153P,570,2018,2024-09-21,20703,True
PT-6169N,599,1995,2025-07-28,39547,True
D-343C,162,2024,2026-03-27,27707,True
B-9717X,788,2006,2025-05-08,46762,True
TC-6356I,396,1991,2025-07-16,63893,True
N-790A,442,2015,2025-09-20,45515,True
F-5533G,52,1992,2025-06-23,34124,True
D-8442M,547,2011,2024-08-21,23900,True
HL-2164X,1000,1993,2025-03-19,2416,True
TC-5776X,696,2020,2025-12-18,59215,True
PT-4964I,139,1993,2026-04-27,10875,True
PR-3555J,969,1999,2024-10-30,167,True
JA-9102O,869,2001,2025-03-01,8870,True
PR-4697X,440,2016,2026-02-15,68803,True
VH-550V,823,2025,2026-05-06,15840,True
EC-6453E,128,1995,2025-09-09,56853,True
PP-3953B,272,2014,2025-10-19,44953,True
TC-6608Z,374,2024,2025-04-16,296,True
VH-1673N,687,2016,2025-01-21,46919,True
VH-1767H,433,2016,2025-06-13,21455,True
PP-731R,386,1994,2024-10-01,3614,True
PS-442W,715,2013,2025-04-16,3210,True
TC-6341H,617,2006,2025-07-15,63552,True
TC-4927Q,561,1994,2025-10-30,34878,True
B-9250E,267,2018,2025-01-28,39582,False
JA-7774S,708,2009,2026-03-24,27214,True
PU-1949V,995,2019,2025-12-26,48361,True
HL-6416C,852,2015,2025-06-24,24356,True
PP-3963S,959,2001,2024-12-25,48955,False
TC-9721P,830,2014,2025-04-18,10762,False
PS-2305Z,105,2015,2025-01-03,44521,True
F-175R,471,1999,2025-11-08,49609,True
VH-655W,340,1994,2025-03-08,15006,True
HL-8687R,220,1993,2025-02-06,78997,False
N-8465C,405,2020,2024-06-28,24461,True
PT-9942H,11,2007,2025-05-21,16920,True
PR-1534R,375,1993,2025-11-15,45849,True
PS-1919C,784,2025,2024-09-27,57476,True
N-6835P,945,2001,2026-04-29,24348,True
PP-8466M,947,2011,2025-07-10,3101,True
HL-8559J,128,1993,2024-12-09,12574,True
EC-5898Z,902,2001,2024-08-20,20920,True
EC-3018W,897,2007,2026-01-11,33397,True
PU-548W,761,2015,2024-06-09,56639,True
TC-1504L,588,2001,2026-05-20,16771,True
TC-9781P,847,2014,2024-09-05,36365,True
G-1179R,193,2025,2025-08-03,22022,True
TC-5628W,603,1997,2025-03-03,38617,True
B-1318Z,118,2020,2025-12-17,22342,True
G-1093Y,353,1994,2025-11-15,67075,True
F-726R,424,1997,2024-07-10,59229,True
PR-8722P,941,1997,2025-07-15,26178,True
F-5128O,883,2002,2025-07-31,19602,True
PP-1074W,367,2019,2024-07-10,7756,True
G-6060S,785,2013,2026-05-28,76080,True
D-521P,746,2001,2025-07-26,62846,True
JA-9525F,616,1990,2025-06-09,34312,True
JA-9538X,631,2024,2025-02-02,9431,True
TC-1238X,449,1999,2025-04-11,11261,True
PS-7966B,186,2017,2025-12-28,9349,True
PT-6428W,487,2001,2025-01-29,65214,True
PP-4891C,39,2000,2026-02-28,54764,True
PR-8857G,14,2025,2026-05-29,27066,True
PR-9581C,312,2004,2025-03-01,16004,True
PS-8880Z,852,2006,2026-01-05,8714,True
B-4161C,694,1994,2024-06-21,67651,True
PS-979P,842,2004,2026-01-03,10442,True
D-2437S,554,2023,2025-11-10,61849,True
F-7479O,75,2003,2025-02-19,5353,True
HL-3907Q,481,2015,2025-07-28,66103,True
JA-9725A,15,2020,2024-08-27,60148,True
PU-2676W,472,2019,2025-10-20,4514,True
D-8781Z,378,1999,2024-06-11,48902,True
B-9717T,68,2002,2025-02-05,68612,True
PU-1215H,126,2019,2025-07-18,34229,True
VH-5590Z,716,1997,2024-06-10,76338,True
PU-2892V,229,2003,2024-08-25,34104,True
PP-6211W,570,2022,2024-06-03,47522,True
TC-1141A,539,2023,2025-08-12,79471,True
HL-1794O,99,1990,2026-05-05,68586,True
PU-8872K,250,1995,2025-10-13,44505,True
VH-9854N,295,2015,2025-08-07,1456,True
D-2307K,257,2021,2026-04-24,64999,True
N-3969Q,777,2025,2025-11-12,15509,True
B-7224R,231,2013,2026-03-03,24887,True
D-8685C,828,1997,2025-04-24,1514,True
VH-2039Z,438,1999,2025-06-14,14966,True
F-9424Z,492,2006,2025-09-06,37350,True
B-3401C,430,2025,2025-06-19,11647,True
HL-5751V,692,1994,2026-02-16,50898,True
PT-409P,49,2007,2024-12-20,36457,True
EC-6272J,852,2001,2024-12-16,31292,True
G-7075C,871,1990,2025-06-25,15020,True
PU-8580J,168,2010,2025-05-06,21156,True
G-7702D,614,2003,2024-08-02,8167,True
TC-4956P,935,2002,2025-09-01,76026,False
F-7952L,198,2011,2024-11-13,69923,True
F-3438F,744,2007,2025-05-14,27326,True
EC-6019D,242,2002,2025-07-19,29678,True
JA-6792X,612,2013,2026-02-22,35180,True
PS-3104I,426,2004,2026-01-22,45972,True
G-8231R,529,2002,2025-12-20,65114,True
D-7995Z,162,1993,2025-08-01,40372,True
EC-8254D,515,2022,2025-04-29,71928,True
PP-7724D,756,2014,2025-03-21,55767,True
PU-5920L,752,2003,2024-10-30,78526,True
PP-8635I,19,2003,2026-03-08,34909,True
TC-9894M,307,2013,2025-03-27,34914,True
PU-107N,403,2023,2026-02-02,77861,True
PU-2549K,222,2000,2025-10-07,67528,True
EC-3904A,890,2025,2025-01-17,3944,True
VH-8962P,180,1997,2025-03-30,24876,True
JA-3198X,18,2000,2026-01-15,4691,True
B-5897N,643,2011,2025-02-13,58645,True
PP-3425R,440,1997,2024-12-07,53476,True
PT-9030N,72,1996,2026-05-30,31969,True
B-7164V,278,1993,2024-11-19,54146,True
F-625Z,989,2013,2024-11-30,9872,True
PU-860J,660,2021,2025-01-21,63937,True
PR-3959Z,124,2022,2026-02-26,69325,True
D-4905C,398,2004,2025-05-13,23926,True
F-5224L,417,2004,2025-05-11,30167,True
HL-180F,229,2011,2025-01-02,19242,True
JA-1619P,646,1998,2025-12-31,13843,True
F-2956R,588,1994,2025-08-21,32489,False
JA-5384C,21,1999,2025-04-15,59424,True
PR-5861U,534,1995,2024-11-26,34766,True
HL-9519N,684,1993,2024-11-03,43624,True
PS-3654B,605,2006,2025-06-09,60122,True
TC-7478M,972,2022,2025-08-24,69031,True
PU-3335I,811,2014,2026-04-27,35889,True
PP-5411I,413,2003,2026-04-01,62501,True
PS-261B,229,1990,2024-09-24,35706,True
G-6735Z,903,1999,2024-10-01,30876,True
VH-2993L,254,1992,2026-02-08,15843,True
VH-8723Z,645,1995,2026-04-05,77722,True
B-163D,92,1998,2026-05-26,77027,True
PR-8097V,740,2022,2025-11-21,13383,True
JA-4884D,311,2014,2025-05-02,45605,True
G-3973O,46,2021,2026-05-17,4878,True
B-3961U,676,2020,2026-04-26,25576,True
D-6119C,262,2005,2024-10-12,48986,True
HL-5362L,760,2006,2025-06-26,56100,True
PP-2596V,549,2009,2024-08-29,60056,True
G-6440B,58,2021,2025-09-23,40222,True
TC-9556A,590,1995,2026-05-21,20202,True
EC-3809L,569,1996,2024-07-29,48338,True
PT-9014Z,890,2013,2025-02-24,38963,True
PU-8449T,823,2015,2024-06-02,43929,True
F-4196M,577,2013,2024-10-20,35499,True
EC-5242M,763,2019,2024-11-18,60605,True
G-1189F,252,2008,2025-06-13,2264,False
PT-5471E,184,1991,2025-01-13,38501,False
PT-5954A,495,2017,2024-11-09,21626,True
B-4528F,24,1996,2025-08-02,19371,True
D-2339Y,190,1992,2026-04-21,77607,True
PU-2951F,26,2023,2025-10-11,18013,True
HL-1486V,614,2025,2025-06-24,47114,True
JA-8489P,217,2008,2024-12-09,14468,True
PS-7405E,213,1992,2025-01-11,59894,True
D-1731U,218,2014,2025-01-31,9003,True
D-4262S,510,2022,2024-07-11,77636,True
JA-6055F,329,2024,2025-02-07,41783,True
B-5316K,651,2011,2024-10-07,15718,True
PT-4876H,432,1993,2024-08-30,37870,True
D-2183J,241,1990,2025-09-11,70853,True
F-6725X,34,2017,2025-01-13,34490,True
TC-4989J,756,1999,2024-06-08,47551,True
TC-916S,888,2014,2025-02-05,75889,True
B-8240K,717,2021,2026-05-08,75231,True
PT-5447L,981,1991,2025-10-06,69360,True
HL-7112G,587,2011,2024-06-05,68233,True
PU-5788A,643,2010,2024-12-15,23709,True
EC-6472L,245,2020,2025-06-04,6018,True
TC-4265P,421,2022,2024-09-11,8065,True
N-6594R,242,2010,2026-01-06,7104,True
HL-8715H,284,2009,2025-04-21,3953,True
N-6043I,650,2021,2024-06-22,6932,True
PU-3006S,348,1991,2025-09-29,31495,True
G-9534H,390,2024,2025-06-08,29480,True
PP-1781D,30,2007,2026-04-04,45328,True
EC-8612B,644,2008,2026-05-09,50981,False
N-3173J,650,2003,2025-10-13,2699,True
G-7260G,318,1997,2025-08-13,54428,True
PR-6224X,331,2021,2025-04-29,58933,True
HL-9520B,268,2012,2024-10-07,44096,True
PS-6920F,825,2004,2025-09-07,25289,True
VH-3567C,715,1999,2024-07-31,9752,True
F-2137D,699,1992,2024-12-28,28429,True
D-3232X,991,2025,2025-03-05,3420,True
D-8283Z,980,2025,2025-09-01,78825,True
F-1641S,708,2015,2025-06-15,72349,True
D-277W,948,2016,2025-05-18,50537,True
F-8407J,954,2002,2024-12-02,25722,True
G-5350B,612,2024,2025-04-16,28023,True
F-1181V,185,2021,2025-03-22,18385,True
EC-830D,866,2007,2024-06-14,7138,True
PS-9863H,287,2014,2025-08-20,67720,True
PU-7938V,252,2022,2025-07-20,36946,True
N-3617P,183,2013,2026-01-06,67796,False
HL-5609Y,238,2013,2025-12-29,68315,True
G-2603A,37,2003,2026-05-29,23919,True
PR-2760A,115,1998,2025-02-03,49758,True
TC-6631B,866,1997,2025-08-26,64382,True
N-5396W,373,2013,2024-08-30,46388,False
PT-9011C,846,2019,2025-09-16,49401,True
PT-5029F,396,2016,2025-08-08,18160,True
PS-6848P,489,1990,2024-08-13,33709,True
JA-1571C,17,2022,2025-05-09,5278,True
TC-3027U,888,2015,2026-01-06,36114,True
PS-5369V,604,2020,2025-01-19,33902,True
F-9809L,967,2015,2025-06-13,34853,True
PP-8155K,763,2003,2025-12-13,11826,True
B-9671C,7,2013,2024-11-29,30263,True
N-6818L,395,2004,2025-03-31,27311,True
PU-3237J,560,2025,2025-05-06,79676,True
PR-513Y,852,1991,2025-03-12,3210,True
PP-463Z,74,1998,2024-11-08,58883,True
B-560M,985,2015,2025-09-21,17412,True
EC-6169Y,483,2024,2025-05-10,61911,True
PT-1691E,750,2022,2025-10-16,40716,True
PP-1631P,997,2001,2025-07-17,63741,True
TC-2533C,727,2006,2025-07-16,7204,True
TC-4806P,571,1995,2025-02-28,26553,True
PT-7254C,646,2016,2025-07-13,68806,True
B-9736V,870,2022,2025-05-17,74275,True
PT-2602M,894,2005,2026-02-18,69613,True
PP-7496T,316,1995,2025-01-20,40170,True
TC-5738A,605,2019,2025-06-29,31359,True
PS-3306B,618,2023,2026-01-03,62468,False
HL-8520F,722,2007,2025-09-07,22273,True
F-6002X,160,2021,2025-11-14,7798,True
D-3890I,314,2009,2025-11-12,51102,True
B-4925M,268,2020,2025-02-26,33750,True
HL-5641S,125,2005,2026-05-04,12923,True
PT-6200E,858,2000,2025-10-23,9701,True
VH-8802C,360,2012,2026-04-10,70849,True
PP-3301N,817,2025,2025-03-10,69046,True
PR-8426V,566,2001,2025-05-19,30434,True
N-1756C,253,2011,2024-08-31,21633,True
JA-4433S,699,2008,2024-12-09,47395,True
PS-1410P,412,2024,2024-08-28,13463,True
HL-1519Y,670,2003,2026-02-13,20754,True
PR-7979G,59,2022,2025-10-05,12965,True
PU-3057H,450,2012,2025-09-20,57439,True
JA-5725V,281,2013,2025-07-22,16050,True
D-3897Y,657,2002,2024-12-15,663,True
N-4396Q,467,2015,2024-12-22,48348,True
PT-6187X,577,1994,2024-12-24,55142,True
TC-5886K,652,1995,2026-02-07,57481,True
F-6438I,158,1994,2025-12-15,28400,True
TC-1963P,890,1995,2025-09-11,39847,True
TC-2723F,836,1998,2026-05-27,79603,True
B-4753K,206,1996,2025-04-01,73955,True
B-5299C,394,2008,2024-07-22,38088,True
PT-9065V,16,2011,2026-05-16,35138,True
PR-8603K,744,2004,2025-05-05,67859,True
B-322V,680,2007,2024-12-07,20906,False
TC-7738Y,631,2015,2026-03-19,14026,True
EC-711U,631,2019,2025-08-14,77468,True
EC-7078K,757,1995,2025-02-05,29643,True
F-8285A,1000,2023,2024-10-20,60196,True
PT-5563O,931,2006,2025-02-20,76618,True
PT-7018P,69,2017,2025-06-08,42015,True
PR-9525Q,921,2017,2024-12-13,56414,True
HL-9059R,338,1997,2025-06-07,55765,True
PR-3398R,954,2013,2025-06-07,19130,True
N-7769T,307,1993,2025-06-12,8649,True
N-4825W,86,2013,2025-01-03,2375,True
B-9687R,349,1995,2024-12-03,13852,True
VH-1593C,390,2021,2025-05-08,70135,True
PU-8477B,573,2010,2025-10-12,15300,True
EC-6715N,464,2013,2024-10-02,60034,True
JA-6336S,325,2008,2024-08-02,3183,True
PT-3389Y,750,2008,2024-09-19,24163,True
F-3317T,670,2014,2024-11-21,77045,True
D-1657H,833,2012,2025-07-01,60814,False
PT-7021R,300,2012,2024-12-31,8614,True
PP-4538U,965,1993,2025-07-07,22825,True
B-7392Z,957,2024,2025-05-21,24785,False
F-1988J,749,2019,2025-05-13,51440,True
PR-4604A,588,2015,2025-03-15,24113,True
G-2462S,985,2000,2025-03-26,19742,True
EC-5948G,453,2017,2026-05-03,22039,True
PR-9363R,878,2013,2026-02-24,26120,True
D-2220O,822,1998,2024-07-28,5266,True
D-6139I,902,1990,2026-02-02,47686,True
D-3604A,247,2019,2026-03-29,42421,True
D-4284L,808,1993,2026-05-15,66402,True
F-3438A,736,2015,2025-09-27,73495,True
EC-4365Q,126,2018,2024-08-04,6762,True
EC-6977P,153,2009,2026-05-23,17776,True
EC-1481S,960,1994,2025-08-01,56234,True
HL-3577O,711,2023,2026-01-10,3839,False
B-7430E,2,2000,2025-08-13,69553,True
F-2864G,593,2018,2026-03-10,73728,True
B-8098A,786,2025,2025-07-10,57715,True
HL-1232K,684,2000,2025-06-01,39343,True
PU-4747H,90,1992,2025-02-14,16558,True
PS-2437D,23,2003,2025-03-18,52948,True
HL-4425B,37,2001,2025-06-19,44653,True
VH-4417E,509,1991,2025-09-05,77231,True
PT-8522D,967,2024,2026-04-09,7948,True
PU-3181A,937,2019,2025-11-03,13715,True
F-9123U,223,1992,2025-07-24,43323,True
PU-5756A,809,2025,2026-03-22,17304,True
VH-5967V,910,2024,2024-11-20,51981,True
F-1686T,983,2021,2024-09-08,36718,True
VH-4996N,672,2018,2025-12-21,33852,True
PP-2897G,176,2024,2024-10-25,52244,True
PU-2804K,9,2009,2026-02-24,53420,True
D-1633W,864,2021,2025-09-06,38365,True
N-9016R,920,2009,2024-07-03,7004,True
G-7234Z,87,1999,2025-10-11,35374,True
PT-1249N,685,1992,2026-01-28,13175,True
VH-4531W,871,1997,2024-06-24,72687,True
JA-6808B,468,2015,2026-05-16,23409,True
PR-9675M,626,2000,2024-07-18,53569,True
PT-6271R,278,2020,2025-02-08,23672,True
PP-872M,200,1994,2025-09-02,40895,True
PR-9790E,288,2006,2024-06-11,28096,True
N-4967A,681,2012,2025-02-05,57090,True
JA-6499J,152,2015,2025-01-10,16175,True
D-2932Y,284,2019,2025-03-01,18023,True
VH-3518C,538,2025,2025-12-28,74632,True
G-879J,274,2014,2024-08-29,18627,False
D-4714J,750,2012,2025-05-08,62328,True
EC-1348V,447,2020,2024-11-27,26209,True
PP-1312I,149,1995,2025-03-23,13010,True
D-9247Y,80,2004,2025-02-07,57246,True
HL-5218T,136,1990,2025-08-03,64830,True
F-3732S,299,2001,2025-03-11,60593,True
JA-3707X,272,1999,2025-01-08,39012,True
G-4971V,685,1998,2024-06-27,16803,True
N-7392Z,834,1996,2025-02-07,55202,True
PU-912Z,29,2007,2025-12-20,65665,True
JA-9461L,843,2000,2025-08-16,34551,True
PS-4701Z,853,2013,2024-07-24,56220,True
TC-6564G,619,2020,2025-08-20,10420,True
PR-1574E,750,1992,2024-11-23,50549,True
N-8195L,652,2020,2025-01-03,35806,True
N-6731O,365,2016,2025-01-23,36741,True
G-8227M,407,2018,2026-05-21,33498,True
JA-1620H,310,2022,2024-10-23,13525,True
EC-4660A,218,2000,2025-01-13,39551,True
PP-1912N,719,2006,2025-04-15,46287,True
PP-4748X,294,1998,2024-09-07,15727,True
PT-316A,291,2022,2026-03-31,25119,True
EC-802B,343,2022,2025-10-25,13138,True
F-3244N,375,1994,2025-12-28,38381,True
PR-5386T,683,1995,2026-04-08,70376,True
D-6862L,210,2019,2025-06-01,75583,True
PR-5356O,552,2003,2024-08-21,33493,True
F-910P,367,1992,2024-09-14,77382,True
VH-3567K,279,2013,2024-10-26,14714,True
G-4609B,129,2009,2025-09-18,22971,True
PP-814V,694,2025,2024-11-30,43595,True
PR-3232Z,103,1999,2024-12-10,12686,True
TC-9493L,589,2013,2026-05-31,74778,True
TC-4490C,623,2018,2026-04-19,14576,True
N-5386Z,222,2014,2026-05-10,6038,True
PT-1888U,482,1990,2024-07-14,26820,True
PR-4177E,711,2012,2026-01-24,26357,True
G-1260J,274,1997,2026-01-15,61570,True
HL-1256U,429,2011,2025-04-13,9602,True
HL-9036D,896,1994,2025-02-18,13042,True
HL-4921N,567,2021,2024-12-02,23296,True
PT-8187H,490,1990,2024-11-06,22676,True
PS-9030Y,907,2006,2025-03-17,45887,False
PS-6039K,643,2015,2026-04-14,60472,True
PS-1857E,121,2002,2026-02-06,9765,True
TC-3125J,203,2006,2024-10-31,49963,True
G-2199T,114,2002,2026-04-14,49432,True
PT-5582H,607,2007,2025-12-08,33799,False
G-136C,860,2008,2025-03-15,54931,True
JA-2248A,352,2025,2025-09-20,36074,True
PU-4323O,382,2004,2025-06-03,26226,True
PR-556P,304,2023,2025-01-31,14289,True
HL-3194L,242,2003,2026-05-27,32055,True
TC-4610C,892,2018,2026-05-07,45893,True
PR-152O,680,2012,2026-03-01,50662,True
PP-5606K,268,2022,2025-08-30,31294,True
F-6255C,145,2002,2025-11-04,44612,True
D-134K,5,2020,2025-07-27,26965,False
JA-9871B,493,1998,2024-06-17,74137,True
VH-8764K,396,2005,2025-08-18,50692,True
D-3274D,935,2003,2025-04-05,78885,True
JA-3024W,532,2015,2026-02-21,32380,True
EC-7618K,316,2021,2024-10-01,3028,True
PT-3075C,295,2002,2025-06-28,47000,True
B-3226T,233,2006,2024-10-24,21126,True
PP-8484X,791,1999,2025-12-21,69808,True
PT-5854N,377,2014,2025-11-30,1800,True
PP-9197V,476,2008,2024-09-03,39980,True
TC-405M,288,2024,2025-09-06,10310,True
N-8284Q,1000,2000,2025-04-11,77186,True
PU-4752E,238,2010,2026-05-14,5821,True
F-5216G,776,2005,2024-06-02,77403,True
VH-6479A,402,1999,2025-07-15,55348,True
JA-2518H,636,1997,2025-06-17,78586,True
PU-7804W,763,2022,2025-08-11,61701,True
B-4301Z,369,2016,2025-06-16,1947,True
VH-2095U,651,2024,2026-01-16,53921,True
HL-6416L,597,2001,2025-10-03,62235,True
EC-5188Q,117,2001,2025-02-09,79444,True
PU-5378J,533,1998,2025-10-06,60372,True
EC-5795T,83,1997,2025-06-02,76985,True
HL-3824M,305,2009,2025-06-28,58382,True
EC-1680D,556,2022,2025-10-21,37140,True
PR-2004Z,262,2018,2026-03-31,252,True
PS-1542V,606,2014,2025-08-04,14452,True
PP-5881Q,877,2024,2024-09-23,17503,True
F-4334W,269,2000,2026-01-27,57956,True
VH-8407A,271,2013,2025-11-28,42725,True
PT-2979R,888,2013,2026-02-03,15189,True
VH-7921J,770,2009,2025-06-06,58139,True
G-3854M,351,1997,2024-10-27,66021,True
B-7788A,311,2019,2025-05-29,5534,True
PS-7524Y,127,2000,2026-03-25,47549,False
B-8448F,114,1998,2026-06-01,968,True
PS-6131Q,123,2005,2025-04-28,58264,True
EC-5523C,638,2017,2024-12-11,23858,True
N-2554I,33,2013,2024-07-08,47471,True
D-2946H,841,2013,2025-09-01,78033,True
TC-9411V,640,2022,2026-05-26,67820,True
B-5966F,870,2000,2025-06-01,78678,True
D-8006Z,35,2001,2025-05-21,47838,True
B-9133J,364,2025,2024-11-19,41899,True
HL-4767E,162,1992,2025-08-27,42126,True
F-7508F,861,1997,2025-10-13,24355,True
VH-9327M,459,2005,2026-02-23,32567,True
VH-3961O,30,2017,2025-07-07,28246,True
PR-157U,77,2018,2025-12-16,11208,True
HL-5897L,897,2020,2024-12-11,56383,True
EC-6230U,851,1997,2026-04-06,51509,True
PP-1256L,708,2017,2025-05-07,61964,True
F-6267G,509,2008,2026-03-20,64406,True
VH-367G,424,2015,2025-03-27,31895,True
F-7103V,723,1993,2025-04-17,16708,True
F-7554D,698,2019,2024-06-23,43721,True
PU-425K,232,1994,2025-08-18,69655,True
G-5539R,334,2001,2025-06-24,24430,True
VH-7785M,752,1997,2025-10-25,58473,True
PU-6937B,11,2005,2025-08-18,38550,True
B-6222R,965,2025,2025-06-24,22620,True
D-559H,382,1995,2025-06-27,62493,True
EC-4511V,768,2018,2026-02-21,33816,True
HL-432T,489,1993,2025-02-10,55999,True
VH-4325B,822,2020,2026-05-25,9409,True
VH-5348H,820,2008,2025-02-17,54790,True
N-5483U,343,2001,2024-06-10,34107,True
B-2352O,574,2001,2026-02-06,7055,True
F-1145D,235,1991,2026-04-16,67364,True
TC-3841T,360,2002,2026-01-08,14581,True
G-5396U,704,1997,2024-07-14,46185,True
PP-3460I,336,1993,2025-11-16,72156,True
PR-7968Z,77,2003,2025-10-14,63994,True
B-6381M,828,2019,2025-01-15,1586,True
F-1108M,781,1990,2025-01-03,56097,True
N-1081W,430,2008,2025-03-11,3667,True
PT-8953H,183,2025,2025-10-29,36109,False
JA-1693V,301,2007,2024-07-08,5335,True
PR-4579G,935,2023,2025-05-12,74075,True
HL-3243K,231,1996,2025-12-01,59574,True
PP-4864N,112,2012,2024-09-19,46963,True
PU-1414C,255,2006,2025-09-11,10344,True
F-1803E,425,2025,2025-04-08,74229,True
HL-6402L,553,2004,2024-10-02,42984,True
PP-7828H,550,2003,2025-09-18,53736,True
F-5406N,28,2016,2026-04-27,35176,True
G-8467U,869,2007,2025-12-20,57550,True
EC-3626C,635,2013,2026-01-23,64441,True
EC-7127K,579,1996,2025-12-29,23648,True
PS-9838X,259,2006,2024-06-23,79675,True
PS-181O,668,2025,2025-11-17,40493,True
HL-8328I,257,1993,2024-08-04,22103,True
PS-1056P,837,2020,2024-06-15,15010,True
B-5172U,396,2011,2026-05-24,4144,True
VH-2549R,433,1990,2025-05-10,9838,True
F-4194O,419,1994,2025-09-20,4138,True
B-9059W,615,2024,2024-11-28,12753,True
B-3688P,541,1993,2025-12-05,14750,True
PU-7620A,521,2007,2024-10-21,36327,True
PU-4282K,878,2004,2025-11-19,17582,True
D-2293C,997,1994,2024-09-24,73773,True
N-1342C,8,2007,2025-04-12,47482,True
VH-2260M,363,2023,2025-03-05,17400,True
N-5944C,308,2017,2024-09-24,22626,True
HL-279A,8,2024,2025-05-16,67159,True
F-7824U,432,2009,2025-07-08,13999,True
D-7395F,164,2001,2024-10-02,66463,True
G-9593X,702,2002,2025-02-25,10247,True
PU-9335H,364,2008,2025-01-12,70292,True
JA-835X,954,2021,2025-03-28,26321,True
G-1281S,692,1992,2024-12-03,31043,True
D-7494H,91,1996,2024-06-14,1225,True
HL-5326W,831,2002,2025-02-15,59584,True
N-9611H,214,2011,2025-09-27,71276,True
JA-5784V,70,2008,2025-01-24,75314,True
VH-427P,272,2017,2025-11-04,61994,True
EC-7605Y,638,2023,2024-08-01,70308,True
PT-8698Q,148,1996,2025-12-27,6156,True
HL-626K,683,2013,2025-03-01,41697,True
VH-7688Y,47,2006,2025-04-28,18887,True
JA-7276O,417,2016,2025-06-25,62719,True
PP-6215I,602,2015,2024-09-04,50081,False
HL-8060Z,8,2001,2024-07-24,71805,True
PS-8217E,215,2025,2025-05-24,3729,True
PT-2653D,413,2017,2025-05-11,23577,True
VH-6425Q,646,2001,2025-02-05,62597,True
PP-8677S,891,1993,2024-11-06,34805,True
F-5418X,703,2008,2025-08-29,38088,True
PR-6706Q,540,2011,2025-08-04,66370,True
EC-4019E,73,1994,2026-03-16,30073,True
PR-4653J,130,1996,2026-01-21,62700,True
PS-5009W,545,2012,2025-12-17,54565,True
N-331J,320,2016,2026-02-04,22067,True
HL-5166V,785,2008,2025-05-11,12653,True
PS-1602N,743,2014,2024-10-07,37727,True
D-1000B,64,2004,2025-01-03,28697,True
PR-4314O,273,1998,2026-02-14,15304,True
TC-740N,823,2015,2025-10-10,2815,True
VH-8302A,711,2024,2025-02-02,42724,True
TC-205Y,135,2025,2025-08-06,76218,True
D-954Q,902,2022,2024-08-11,65807,False
B-2405I,154,1993,2025-12-10,62570,True
PR-9299W,456,2019,2026-04-15,19121,True
HL-9907N,794,2015,2025-09-03,58326,True
EC-5262Q,714,2017,2026-02-02,8132,True
N-686B,542,2013,2026-03-21,72803,True
PU-9526C,729,2008,2026-03-22,50971,True
G-8232Z,865,2000,2025-08-05,14481,True
PT-9976K,146,2015,2025-05-25,12155,True
F-6964P,62,2017,2025-11-04,66209,True
JA-7875E,904,1991,2024-06-28,8873,True
PU-8968U,898,2010,2025-06-30,34028,True
PS-3684E,682,2010,2025-11-05,72605,True
EC-6785G,260,2025,2025-06-25,11804,True
HL-681J,697,2005,2025-01-24,50322,True
N-6505S,118,2011,2024-06-07,32211,True
VH-9969V,246,1990,2025-06-21,45036,True
PT-8931P,710,2014,2025-02-12,21664,True
PR-4699N,388,1995,2025-12-06,3633,True
PR-7223V,934,1994,2025-02-01,75063,True
F-1215Z,385,1995,2026-01-17,69363,True
JA-2533S,713,2024,2024-11-04,56491,True
G-6406Y,116,2009,2025-11-20,46743,False
PT-9167C,575,2020,2025-08-03,73280,True
PR-3822O,309,2002,2026-02-18,50434,True
PP-5660C,292,2000,2024-06-03,50750,True
TC-8711T,693,1995,2025-03-12,17096,True
N-2720C,160,1995,2024-11-01,31474,True
PS-9050O,212,1991,2025-12-30,5913,True
PR-3948U,164,2022,2025-04-02,77251,True
B-5976O,233,2019,2025-02-20,60505,True
JA-4962U,106,1991,2025-09-25,72101,True
PU-6161E,33,2020,2025-10-01,16566,True
N-4564X,7,2002,2025-06-07,64917,True
EC-4997W,82,2002,2024-09-20,31016,True
TC-9819Q,886,2006,2025-05-07,41856,True
JA-2314L,332,2008,2025-07-12,33505,True
PP-8447K,888,1994,2024-11-17,33981,True
PS-6523X,208,1999,2026-04-09,46022,True
F-7164D,241,2003,2025-09-25,24874,True
PS-276L,438,1996,2025-03-17,29789,True
PT-4099P,144,2003,2024-06-27,55106,True
JA-986Q,185,1997,2026-01-20,27695,True
N-2982X,947,1999,2025-05-20,10014,True
PT-1801Q,600,1991,2025-12-29,75025,True
VH-900Q,494,2003,2025-11-26,28697,True
EC-1135G,529,1995,2024-06-20,79608,True
B-7026A,166,1991,2025-02-28,66867,True
EC-6768V,942,2022,2024-08-04,15496,True
PU-3970G,783,2010,2026-02-11,68066,True
F-4165L,518,2025,2024-10-27,1096,True
F-8696Y,463,2021,2026-03-25,77722,True
PR-7592N,570,2021,2024-07-07,74562,True
PU-4748N,268,2007,2025-04-15,20775,True
VH-5742S,543,2014,2025-09-15,35624,True
PR-9664F,703,2020,2025-04-20,3837,True
EC-762Z,497,2013,2025-05-16,33508,True
B-2605U,270,2025,2024-10-21,76394,True
PT-5034O,397,2024,2024-07-22,75572,True
HL-3493M,195,1996,2026-01-28,44022,True
G-5950Y,522,2014,2024-09-09,54601,True
JA-1847I,56,2005,2025-07-22,35543,True
PU-5676I,333,2005,2024-08-23,55231,True
HL-3184U,774,2001,2025-02-03,54603,True
PU-5745V,456,1993,2025-03-30,66426,True
PT-7865L,853,2014,2025-08-01,53475,True
JA-4873J,676,2017,2024-12-07,50985,True
VH-4492S,61,2023,2025-08-05,79508,True
JA-5840P,126,1993,2025-05-17,63359,False
PT-1671I,890,1990,2026-01-29,23055,True
PS-5660S,428,1990,2024-06-23,49415,True
F-5584L,178,2001,2026-03-07,76973,True
N-475T,688,2009,2026-05-26,37840,True
PR-4545R,527,2008,2024-10-22,69968,True
JA-6570X,781,1994,2025-06-12,69878,True
PU-5394O,766,2010,2026-04-04,57827,True
PP-7182U,219,2017,2025-07-11,78434,True
PR-694Q,595,2020,2026-05-30,30675,True
PR-3716N,364,1992,2025-02-16,60968,True
G-7269Z,973,2006,2024-11-23,28185,True
TC-206S,724,2019,2025-05-17,7036,True
N-586D,712,2002,2025-08-18,27079,True
B-4867H,765,1995,2026-04-14,61594,True
VH-8076W,296,2017,2026-02-24,29369,True
F-5935H,763,2006,2025-08-08,2653,True
G-2135V,50,1997,2026-01-21,43474,True
HL-5340E,391,2003,2024-09-30,22180,True
PT-853O,720,2023,2024-08-27,44096,True
F-9078J,429,1999,2025-01-12,4192,True
PU-2302A,768,1995,2025-12-17,11834,True
G-8467F,482,2000,2025-08-21,52335,True
PU-857C,800,2022,2024-10-12,71528,True
EC-7282Z,734,2018,2025-01-28,33571,True
TC-1321Q,706,1998,2024-08-06,60708,True
N-1791Y,199,1997,2024-11-21,77324,True
PP-8920R,783,1998,2025-06-04,61195,True
PS-4525G,815,2006,2024-08-21,56644,True
D-1810R,818,2023,2025-06-09,52677,True
B-3326K,287,2020,2024-12-06,30263,True
PU-5553O,114,2009,2024-06-03,58609,True
PU-7559T,946,2002,2026-04-09,16243,True
VH-9931R,27,2018,2026-04-21,9713,True
PS-7046O,526,1996,2025-04-28,19007,True
N-5909I,960,2000,2025-11-18,28760,True
EC-9792O,463,1991,2024-10-29,35533,True
PU-5608R,547,2016,2025-08-15,10982,True
PU-3289E,250,2013,2024-06-29,73856,True
TC-635M,249,1998,2026-03-07,66288,True
N-5658I,737,2022,2025-07-18,37486,False
PR-4732E,70,1990,2025-03-17,78237,True
EC-8616Q,342,2019,2025-07-19,53399,True
PT-9460M,734,2016,2024-11-16,51170,True
EC-3452S,580,2001,2024-06-27,64672,True
VH-3289M,654,1992,2025-04-14,64737,True
EC-780W,871,2021,2025-08-10,69931,True
VH-3097A,512,2022,2024-12-21,30739,True
JA-4086Q,73,1990,2025-11-14,14172,True
PS-6716E,288,1990,2026-05-18,66466,True
PT-5577Z,697,1999,2025-06-26,49609,True
G-7993J,896,2006,2024-11-07,42129,True
TC-3266X,742,2001,2026-04-01,18946,True
TC-5489A,375,2009,2025-04-28,50063,True
F-8629V,295,2022,2026-01-27,72847,True
HL-288Y,850,2013,2026-05-27,75775,True
D-4799F,8,1991,2026-01-15,16725,True
EC-2544H,312,2004,2025-07-07,59344,True
PT-4952F,872,2008,2026-05-24,25234,True
VH-8517B,808,1997,2024-09-06,32232,True
D-3018V,280,2000,2025-04-26,70181,True
PU-621Z,756,2015,2025-05-12,79550,True
N-8155H,542,2011,2024-10-05,30631,True
N-1887F,958,1999,2024-11-03,1561,True
PT-5304Z,585,2024,2025-07-23,6250,True
PR-3005F,154,2007,2025-04-04,65013,True
PS-2864U,944,1995,2025-04-28,31039,True
JA-3225O,548,1991,2025-02-17,7807,True
PU-268T,704,2016,2025-11-01,36406,True
PP-9477H,574,2013,2025-04-19,42810,True
D-9713G,180,1990,2024-07-07,4972,True
JA-8787E,674,1998,2026-05-28,39295,True
B-9807D,226,1992,2025-04-07,50265,True
PR-8484L,326,2021,2025-06-05,7174,True
EC-3186N,261,1990,2025-06-10,50083,True
PT-6237D,992,1997,2025-03-17,66750,True
PP-4810D,230,2000,2026-05-28,75643,True
PT-517E,251,2001,2025-02-28,25519,True
PP-2083G,583,1998,2025-08-14,70811,True
TC-8411D,290,2001,2025-03-05,64868,True
PR-2919E,103,2007,2025-05-16,11117,True
PT-958W,779,1995,2026-02-01,78605,True
EC-5661H,699,1999,2024-12-08,12036,False
EC-7954Q,657,2009,2025-12-24,23474,True
HL-8950C,818,2008,2026-05-12,32350,True
HL-2075W,669,2009,2026-01-08,16012,True
EC-7773T,808,2024,2026-02-06,11362,True
PS-453V,109,1996,2025-02-11,14159,True
B-3524X,117,2017,2025-01-13,58441,True
PT-4890D,967,1990,2024-08-19,39537,True
TC-9272Q,141,1991,2026-02-21,53271,True
N-6333E,664,1991,2024-06-04,3359,True
PS-2990W,507,2002,2025-02-04,56806,True
PP-9326G,625,2019,2026-01-01,17145,True
VH-2168B,762,2010,2026-01-11,49641,True
JA-7707T,734,1996,2025-10-11,55789,True
HL-1275E,476,2009,2025-11-03,35527,True
PT-3840A,357,2018,2026-04-22,17118,True
PS-4164U,766,2000,2025-05-11,40566,True
EC-7548Z,45,2019,2025-06-10,25904,False
F-7068R,522,2020,2026-05-02,72233,True
HL-1997S,188,1993,2025-10-26,17887,True
PP-8998W,353,2008,2024-09-11,5911,True
PP-6708Y,95,2017,2025-03-03,51140,True
F-4289K,703,1993,2024-06-11,13143,True
G-2229F,351,2024,2025-01-16,34327,True
EC-392N,14,2008,2024-07-02,43558,True
JA-9003F,724,2018,2024-10-18,71996,True
TC-7862B,350,2017,2025-02-11,39467,True
D-1674P,150,1997,2025-11-18,22315,True
F-1660K,844,2005,2026-03-04,29205,True
N-3791G,558,2009,2026-02-15,27313,False
VH-2366N,616,2019,2026-01-04,66201,True
PS-3530D,52,2001,2025-07-21,6547,True
JA-2602B,659,2013,2025-10-20,52441,True
EC-8678A,194,2006,2025-09-22,33482,True
F-5968N,366,2013,2025-12-26,10351,True
D-4311W,250,2012,2025-06-27,4552,True
TC-4960Y,725,2009,2025-08-01,73832,True
B-2395Y,703,1991,2024-07-22,77719,True
N-6084I,964,1995,2024-06-22,23930,True
PS-1285D,826,2018,2025-10-02,74753,True
TC-9662J,926,2007,2025-07-26,17219,True
F-3976E,640,2011,2026-05-11,65658,True
HL-4948E,449,2016,2025-02-05,28776,False
PU-5355U,350,1991,2026-02-17,74393,True
HL-5083O,545,2014,2025-02-09,37363,True
G-3331R,567,2000,2025-07-17,66354,True
PT-319X,345,2000,2025-05-15,45578,True
PT-2069Q,606,2008,2024-09-27,49957,True
PT-1468N,915,2014,2024-11-13,48390,True
HL-6143M,229,2017,2025-02-23,29174,False
TC-4939V,833,2002,2025-06-13,26543,True
HL-764C,357,2015,2025-06-28,38708,False
VH-6082Y,338,2015,2025-01-14,74311,True
PT-4435M,1000,2018,2026-01-10,27610,True
PP-8364G,740,2014,2025-03-08,19485,True
D-7591I,717,1996,2026-02-01,51515,True
HL-7036L,427,2015,2025-06-04,41346,True
G-5178A,407,2003,2025-10-03,31931,True
N-8435M,118,2018,2024-09-25,15177,True
G-9444N,471,2014,2024-07-08,78534,True
TC-3109I,913,2016,2025-07-15,20226,True
PU-3390N,616,2001,2024-06-18,65961,True
PT-5746N,191,2023,2024-09-28,27027,True
EC-4760O,459,2008,2025-01-11,9070,True
PS-3759W,254,2016,2024-08-29,7313,True
D-8910N,490,2014,2024-06-14,5914,True
PU-5585B,210,2011,2026-02-07,71779,True
B-1735N,689,2013,2025-01-10,40546,True
TC-8949U,933,1993,2024-08-07,51480,True
HL-5207M,309,2025,2025-03-16,64750,True
F-6177O,924,2015,2024-07-18,40092,True
HL-520G,873,2014,2026-02-04,26568,True
TC-4738E,551,2017,2025-05-30,53050,True
D-1713T,992,1999,2025-12-25,11427,True
G-6445X,971,2011,2026-05-30,57048,True
PS-1015M,935,1992,2026-01-15,64039,True
D-8207Y,168,2002,2025-01-23,54200,True
D-6852C,966,2006,2025-08-26,60232,True
G-5877W,821,2020,2024-12-09,15493,True
PR-2662F,405,1997,2024-08-31,16669,True
PU-9637W,262,2011,2025-04-13,58796,True
JA-4401T,90,2019,2025-03-23,56424,True
JA-3112N,99,2009,2024-06-12,68853,True
PR-9574T,927,2011,2025-07-13,62694,True
PT-9306H,209,2023,2025-11-05,2217,True
PR-3722U,245,1997,2024-09-02,45969,True
G-8018A,349,2002,2025-04-30,32564,True
HL-759R,800,2011,2026-01-18,11358,True
PS-8997V,395,1993,2025-11-12,52077,True
JA-3094J,633,2025,2026-03-02,79282,True
JA-9471C,66,1992,2024-08-29,25467,False
F-9738O,896,2012,2024-08-07,69195,True
F-563I,57,2008,2025-02-23,35118,True
G-1318M,416,1996,2025-10-08,26372,True
G-3392K,291,2023,2025-03-13,45802,True
TC-6970C,645,1990,2025-10-04,38108,True
B-425Q,576,1990,2025-03-26,41219,True
D-4393V,597,2023,2025-05-07,63543,True
JA-4246Z,739,1993,2024-08-10,22185,True
EC-4094Q,471,1994,2024-11-28,28246,True
EC-2431O,582,2004,2025-10-18,44345,True
B-4411V,276,2011,2025-01-09,70965,True
TC-481K,881,2018,2024-06-14,26508,True
PT-9790X,615,2010,2025-12-01,17331,True
B-4642W,362,2018,2025-01-01,67844,True
PU-6125X,656,2015,2025-05-10,55653,True
PS-870L,114,1998,2025-10-30,67747,True
G-3301O,633,2017,2025-10-23,29960,True
D-4070G,773,2002,2025-03-05,73384,True
G-9126U,256,2015,2024-07-06,74856,True
N-7430B,750,1993,2024-07-04,15006,True
PR-4071I,210,1997,2024-07-04,56152,True
PP-3395X,330,2015,2026-04-10,24141,True
PS-4390G,246,2013,2026-03-08,58566,True
B-2934A,911,2010,2025-01-30,63885,True
PP-1228H,656,2024,2025-02-17,55681,False
F-3163Q,627,2018,2025-08-04,17447,True
VH-8474O,35,1999,2025-01-21,33068,True
PU-5463Y,239,1997,2024-06-28,6567,True
VH-9677W,57,2020,2025-10-12,3893,False
VH-9556M,42,2025,2025-08-06,75240,True
PU-4423H,660,2010,2025-09-01,76822,True
PU-6063U,955,2021,2024-09-17,9307,True
VH-1951L,900,2017,2024-09-11,27090,True
PR-6781V,981,1995,2025-10-01,2265,True
VH-1390H,702,2000,2025-06-07,27925,True
PS-452H,912,2015,2024-06-19,65143,True
F-4738O,235,1992,2025-04-13,71104,True
EC-792G,351,1991,2026-04-11,27165,True
PU-2196B,410,1999,2026-04-25,66534,True
N-8738X,10,2007,2025-08-19,17909,True
F-5508D,644,1994,2025-09-28,56466,True
F-3750S,164,1994,2025-11-13,8545,True
B-4136U,387,2021,2024-06-30,72143,True
D-3929G,997,2006,2026-05-22,50687,True
TC-8004N,955,2015,2025-10-20,69595,True
PS-992A,758,2021,2025-03-27,27363,True
PS-8375O,815,2021,2025-01-28,38094,True
HL-4503H,520,2011,2025-09-16,2209,True
HL-2837L,689,2018,2026-02-05,4013,True
TC-5622Y,357,2006,2025-01-27,21466,True
N-8486R,974,2020,2025-09-29,33292,True
PR-9625I,240,2024,2024-12-06,5871,True
PU-7558Z,605,2006,2025-02-14,66965,True
PS-208D,534,2017,2025-05-07,6492,True
PR-7779L,810,2004,2025-10-19,75168,True
JA-9765R,892,2013,2025-02-27,49259,True
B-7041Z,10,1991,2025-12-28,33045,True
PR-9766Q,246,2016,2025-11-24,43978,True
HL-8710U,599,2009,2026-03-26,25831,True
PS-8519U,9,2013,2026-04-28,28455,True
G-3889I,455,1995,2025-10-19,50758,True
PR-4321Y,835,2018,2026-03-04,72626,True
VH-5179I,357,1998,2025-06-30,76774,True
F-3153I,595,1996,2024-07-03,37618,True
F-7442I,335,2001,2026-05-17,12676,True
EC-3416D,794,1992,2025-11-10,45425,True
D-6470Y,534,2015,2024-11-23,78825,True
B-6324C,563,2007,2026-02-04,10848,True
JA-8261C,267,1996,2025-10-24,65401,True
VH-7514Y,320,1997,2025-04-03,3920,True
G-3278E,422,2001,2024-11-13,36251,True
TC-622F,962,2011,2025-08-12,64606,True
G-5621H,344,2020,2024-11-17,72304,True
G-7640G,437,1991,2025-04-11,28694,True
HL-1680D,654,2000,2025-01-15,36343,True
G-1444L,901,2007,2025-06-15,63241,True
F-4989I,706,1996,2024-09-18,71409,True
PT-9898T,421,2022,2026-04-09,26665,True
D-6964E,809,2024,2024-10-07,77144,True
F-2455H,497,1997,2025-01-24,3622,True
G-284F,203,2004,2025-03-10,79574,True
PU-7402W,252,1999,2025-02-09,64321,True
PP-2211I,195,2021,2026-01-22,41370,True
JA-1703D,437,1998,2025-07-03,45080,True
TC-7410C,516,2013,2026-05-14,9241,True
VH-7337O,477,1997,2025-12-31,50310,True
JA-5275T,995,2002,2024-08-16,68630,True
B-6679E,667,2019,2025-06-13,67036,True
TC-1923C,531,1994,2024-07-01,74187,True
PS-4695Y,789,2007,2025-07-13,4805,True
G-844V,526,2004,2025-12-20,43631,True
TC-8983X,581,2019,2024-11-20,36974,True
PS-6239U,313,1993,2024-12-02,66725,True
B-9088J,163,1990,2025-02-28,39261,True
N-4213T,184,2022,2024-07-22,64928,True
D-5654N,463,2010,2026-01-30,29819,True
G-6801R,530,1994,2026-01-15,40878,True
VH-3582Y,606,1998,2026-01-23,40197,True
HL-3375X,910,2002,2025-01-18,64018,True
B-2937M,675,2009,2026-04-09,6806,True
EC-5002J,294,2025,2025-10-14,74784,True
B-2489A,534,2008,2025-11-02,18412,True
PS-5941T,596,1996,2024-10-22,74935,True
PT-5271P,685,2022,2024-12-21,56099,True
PU-4623W,544,2000,2024-12-30,73872,True
PT-2848A,809,2010,2025-10-17,19424,True
F-7429A,37,1997,2025-10-09,75349,False
PP-4785N,771,2013,2026-04-10,19947,True
PT-2165E,362,2015,2026-01-31,20129,True
PS-7654N,820,1999,2025-09-20,79895,True
JA-723N,429,2012,2025-10-04,34130,True
G-6990Z,508,1993,2026-03-08,24856,True
PR-7306B,69,1993,2025-12-05,74183,True
TC-6239W,901,2013,2025-04-14,63383,True
N-3927Q,902,2023,2025-04-09,16926,True
B-7523R,262,2003,2025-11-29,60153,True
PT-7891U,789,1994,2024-12-11,72917,True
TC-6710T,110,1994,2025-11-05,61922,True
F-1425Q,574,2021,2025-09-16,43125,True
F-1548L,564,1997,2024-06-29,69269,True
G-2377H,617,2003,2026-01-21,61144,True
PR-8348U,475,1994,2024-07-03,75375,True
PT-5747M,849,2001,2025-12-20,13913,False
PR-404I,926,2021,2024-06-29,9171,True
B-4874B,445,2011,2024-12-20,56795,True
B-9794B,830,1993,2025-03-06,25387,True
TC-167R,956,2016,2024-11-13,8290,True
PU-7030G,604,1995,2025-09-04,7087,True
HL-7634U,301,2001,2026-05-07,28473,True
F-3280O,665,2017,2025-12-05,18070,True
PT-4606P,5,1995,2025-08-02,19087,True
PR-6165N,926,2000,2024-06-16,16883,True
EC-2760H,398,1998,2024-12-31,6842,True
PS-4836E,890,1996,2025-11-28,32961,True
HL-8280N,235,1991,2026-04-11,19298,True
F-6555E,515,1997,2026-05-03,10625,True
PS-2060S,401,2023,2025-12-16,71204,True
N-9764C,197,2012,2025-08-03,66135,True
G-4189P,931,2008,2026-04-07,58539,True
F-8774E,305,2011,2026-01-13,16327,True
D-8845D,742,2003,2025-07-29,27964,True
B-8154E,203,1998,2026-02-12,72565,True
VH-3787T,188,2019,2025-12-26,41895,True
B-3432Q,484,1993,2025-04-21,48818,True
PU-4711A,817,2011,2025-06-22,38969,True
N-3248F,303,1997,2025-10-05,26405,True
HL-764Z,489,1992,2024-10-08,20728,True
PU-9666T,972,1997,2026-03-18,36362,True
PR-7796D,484,2025,2025-02-02,60178,True
G-8222Y,365,2003,2024-08-22,50160,True
PR-4621Y,975,2010,2025-01-22,39821,True
EC-4719E,509,2013,2024-06-09,30177,True
D-3501F,925,2015,2025-11-17,75431,True
PS-7489E,262,2009,2025-08-22,35910,True
D-2072F,940,2000,2025-03-21,49501,True
N-1297J,665,2005,2024-08-26,54570,True
TC-862B,594,1996,2025-12-27,18847,True
JA-8471L,242,2009,2025-05-07,6698,True
D-376Q,945,2012,2024-07-11,30943,True
B-7835A,962,2017,2025-08-14,34075,False
PS-8194I,568,2015,2025-08-26,65504,True
PP-7119H,927,2021,2025-06-26,49839,True
PU-6615C,7,2011,2025-05-15,74903,True
VH-4092D,559,1991,2024-11-12,38604,True
B-8036T,292,1991,2024-07-29,42938,False
JA-5475Z,106,2011,2025-06-23,76731,True
PR-6803Y,63,2005,2026-03-04,43266,True
B-2740O,11,2014,2024-06-12,9886,False
N-748B,790,1996,2025-09-03,63630,True
TC-6052H,452,1999,2025-06-26,72885,True
D-8012X,269,1990,2024-08-30,73137,True
F-5203P,592,2018,2026-04-22,47646,True
PT-2024L,756,2008,2025-04-07,42253,True
JA-1149N,307,2003,2025-04-13,31977,True
EC-8762E,533,2024,2025-07-21,30788,True
B-7666A,42,2019,2026-05-10,33049,True
HL-9146R,426,2025,2025-08-11,17996,True
VH-8147X,362,2021,2024-08-20,12581,True
F-9059O,843,2001,2024-11-22,25346,True
D-5686W,947,2012,2026-04-26,62044,True
G-1642M,325,2025,2024-06-15,33052,True
B-3320A,38,2003,2024-11-27,21101,True
G-4889M,183,1991,2026-03-30,55056,True
D-2917T,997,2022,2025-10-01,31509,True
PT-9802U,313,1995,2025-07-30,3796,True
F-3009T,413,2002,2025-01-16,66968,True
PP-7236J,776,1999,2025-03-23,73291,True
PT-5776D,644,2000,2025-09-13,22250,True
N-8721C,717,2018,2024-08-25,60652,True
VH-3123L,480,2023,2025-11-11,25846,True
G-8803D,131,2004,2024-10-20,2274,True
PS-2533K,142,2017,2025-08-02,6373,False
VH-1552R,655,1996,2024-08-15,24266,True
PS-371P,218,2023,2025-03-12,68981,True
TC-9299V,63,1994,2024-07-14,18582,True
PP-4423U,204,2016,2024-08-19,45897,True
HL-1658B,80,1992,2025-03-24,58056,True
PU-5549F,930,1993,2024-12-15,45615,True
PR-9751S,82,1994,2025-02-09,79661,True
D-2012K,517,1991,2024-12-21,66931,True
VH-2121C,995,1994,2026-05-23,42314,False
JA-5060D,170,2000,2025-04-15,45033,True
PT-1960F,928,2022,2025-03-28,59718,True
TC-5531B,534,2001,2024-09-29,51810,True
PR-3296S,57,2021,2025-03-16,32280,True
D-9756D,292,2005,2025-05-09,64599,True
PT-9935C,33,2007,2024-11-28,48480,True
PT-4291M,722,2024,2024-08-27,65757,True
PT-8207K,770,2016,2024-09-30,8416,False
N-9201H,813,2008,2026-04-05,70706,True
N-9867C,837,2000,2025-02-28,61285,True
PS-6932X,190,2009,2024-11-19,61997,True
EC-1016L,188,2004,2025-04-25,25285,True
VH-5144P,346,1990,2024-08-24,75650,True
TC-8030R,198,2012,2024-09-08,55274,True
VH-6279I,864,1992,2025-05-10,48378,True
N-8390R,75,1996,2025-04-10,71478,True
D-7884C,483,1991,2025-09-05,58000,True
N-7839N,919,2017,2025-06-25,17273,True
D-1268B,872,2014,2025-05-19,13554,True
PU-2926Y,780,1992,2025-04-04,32753,False
PS-5816H,576,2014,2024-10-13,69328,True
F-1173K,638,2019,2026-01-21,70302,False
JA-7750U,873,2025,2026-04-06,50349,True
TC-7126T,1,1993,2024-10-05,68251,True
PU-7740K,323,1993,2026-02-02,57511,True
F-1729I,307,2009,2026-01-10,31061,True
PU-4699N,764,2000,2026-04-21,52413,True
G-3649T,916,2012,2025-08-29,12553,True
JA-8657D,732,2004,2025-03-04,70026,True
PS-3190I,937,2009,2026-05-23,10412,True
N-3053S,759,2000,2025-06-23,60575,True
VH-7536C,195,2013,2026-02-06,69912,True
HL-6843D,940,2015,2026-01-02,3057,True
PS-1810D,249,2021,2025-10-11,65740,True
B-8963P,675,2019,2025-08-29,68744,True
EC-2814S,875,2005,2025-01-28,7658,True
TC-7484P,145,2010,2025-06-16,72642,True
HL-948T,657,1990,2025-01-05,54348,True
VH-5525A,600,2007,2025-03-11,53517,True
VH-6568A,343,1990,2024-06-30,54562,True
PR-3091L,759,2013,2025-08-07,20503,True
F-9882O,203,2019,2024-07-18,73229,True
D-281I,905,1997,2025-10-05,76218,False
PU-2076N,992,1996,2025-08-14,64987,True
PP-3226P,584,2018,2025-10-17,30026,False
HL-343K,923,2004,2025-06-29,25518,True
PT-9781F,338,1997,2025-09-24,69056,True
PU-7441A,265,2023,2026-01-31,48852,True
N-849F,210,1995,2025-05-18,32564,True
TC-4912W,278,2021,2024-09-02,15762,True
TC-6298L,54,2003,2025-05-30,62052,True
JA-608A,496,2006,2026-05-04,72710,True
TC-8466E,447,2024,2024-11-28,18970,True
PT-2444B,148,1996,2025-10-21,41773,True
G-2943B,496,2017,2024-11-20,61842,True
JA-8167K,696,2019,2024-08-10,13628,True
F-7198T,805,2018,2026-01-12,18440,True
B-544N,870,2019,2025-02-18,32072,True
B-8532O,822,2006,2026-01-24,77259,True
HL-3549D,648,2012,2025-06-22,14206,True
TC-9238C,826,2021,2024-08-14,67182,True
PS-5506O,73,1993,2026-05-27,77466,True
JA-6814N,737,1997,2025-04-27,63432,True
N-8408Q,88,2023,2024-06-30,66856,True
HL-4031Z,477,2014,2026-04-27,2816,True
VH-7483C,136,2012,2025-01-03,44735,True
TC-7485L,554,2006,2024-10-13,75194,True
PT-7942R,164,2016,2025-03-26,34870,True
B-9060G,277,2007,2026-05-31,40223,True
PR-3099Q,535,2011,2026-03-06,40997,True
PT-1025Q,468,2018,2024-08-05,14189,True
HL-7255M,746,2005,2024-12-24,41084,True
PR-3289X,520,1994,2026-03-12,70643,True
F-3407F,63,1990,2026-05-08,61300,True
PS-9169X,702,2015,2026-01-21,43114,True
PS-7389A,109,1997,2024-12-15,17326,True
B-9847S,184,2023,2025-05-15,79850,True
PP-2285I,586,2018,2024-08-09,53409,True
EC-3689J,836,2024,2026-04-29,64806,True
VH-6351B,99,2004,2025-04-22,13350,False
EC-8836N,135,2006,2025-02-15,47654,True
TC-2120K,773,2021,2024-06-30,13922,True
PP-6498K,138,2001,2026-03-22,59767,True
PR-6693Q,267,2016,2024-12-24,55464,True
TC-7247L,880,2016,2024-12-22,47995,True
PR-4744F,652,1995,2026-01-18,8148,True
D-4474S,964,2018,2024-08-22,25371,True
N-6899P,1000,1994,2025-03-16,20917,True
JA-2750J,623,2025,2024-10-23,58424,True
TC-5028C,330,2012,2025-05-02,62153,True
TC-2331D,695,2005,2024-12-21,8566,True
EC-1460H,597,2014,2025-01-08,68874,True
B-9781W,908,1993,2025-02-24,22127,True
F-2718S,463,2017,2025-11-13,63666,True
PP-367P,830,1995,2025-10-27,10060,True
N-554U,729,2004,2025-06-25,24760,True
F-9771J,839,2008,2025-12-28,79268,True
F-3468N,488,2020,2025-10-06,36587,True
PS-2872J,340,2018,2024-09-21,14985,True
EC-5510L,278,2017,2025-09-10,70786,True
PP-7581V,412,1992,2026-05-04,34149,True
JA-2951R,95,2020,2026-02-06,65524,True
PT-6411S,605,2008,2025-04-19,35610,True
VH-9291G,597,2014,2025-12-27,27942,True
PP-4557P,42,1990,2025-09-07,40668,True
VH-6186K,963,2007,2025-01-09,61526,True
PP-913B,452,2004,2025-12-19,11559,True
PR-8894B,390,2025,2025-03-15,23759,True
PS-9935P,654,2018,2024-12-18,51347,True
N-3344E,963,2024,2024-08-08,29101,True
F-7971W,349,1993,2025-10-27,47520,True
PU-2018S,780,2009,2025-11-06,67205,True
G-4942V,937,1997,2026-03-15,8747,True
F-165H,743,2007,2025-08-21,52605,True
JA-394N,110,2017,2026-02-11,78899,True
B-4446P,245,2022,2026-04-19,9560,False
JA-6593H,511,1990,2024-08-29,57570,True
F-6196B,575,1998,2026-03-12,17940,True
G-4165J,48,2011,2024-11-19,36950,True
EC-8412K,630,1991,2026-05-26,14665,True
PP-5168B,716,1990,2025-12-21,9459,True
N-502J,607,2005,2026-02-27,42672,True
PT-4827C,155,2020,2025-05-27,63635,False
HL-6010H,199,2023,2025-08-09,64866,True
PP-8928H,861,2000,2024-07-06,77883,True
PP-4045Q,689,1997,2024-12-16,10529,True
D-4654U,815,1992,2025-09-07,7255,True
PU-3761Y,147,2014,2025-06-30,21565,True
JA-4236G,172,2004,2025-06-13,63747,True
JA-3589K,387,2020,2026-03-07,18165,True
PU-2484J,839,2020,2025-04-30,22575,True
PP-7043J,955,2020,2024-09-14,19560,True
PS-4113H,313,2005,2024-06-18,20787,True
PR-3652F,140,1999,2025-09-13,58392,True
PT-8273U,911,2012,2024-10-27,69162,True
VH-4558V,929,1994,2026-02-21,59818,True
EC-8410Z,896,1995,2025-08-01,67573,True
JA-9509W,960,1999,2026-02-19,37877,True
HL-2430I,113,2000,2024-10-29,78585,True
PS-5936Z,617,2021,2025-05-13,48562,True
F-8427H,153,1991,2024-12-10,28884,True
B-4388T,561,1992,2025-09-06,3480,True
EC-2986T,237,2016,2025-04-02,58026,True
N-1459I,962,2012,2026-05-26,45039,True
JA-9833J,291,2007,2025-02-09,40096,True
EC-7690H,501,1999,2025-12-25,56146,True
PP-3886G,999,2006,2024-10-07,69859,True
D-5883L,707,2018,2025-01-30,28689,True
N-1613H,993,2002,2026-05-01,10006,True
TC-6479K,221,1997,2024-10-14,19016,True
G-4233L,961,2014,2026-02-26,49569,True
N-7361B,363,2020,2025-06-06,14034,True
D-1633L,638,1995,2025-11-04,70766,True
PS-3811H,375,2015,2025-04-21,21875,True
VH-6193K,18,1997,2024-06-03,26976,True
F-5098D,780,1993,2025-12-01,31820,True
PT-1378H,452,2002,2026-02-14,18202,False
VH-2198E,33,1995,2025-06-14,59649,True
HL-8948F,871,1998,2025-01-06,56373,True
PR-6601R,404,2025,2025-10-27,54242,True
PR-7974A,640,2016,2025-11-08,37200,True
F-6777Z,234,2022,2024-09-04,59376,True
G-9286D,590,2000,2025-01-29,74619,True
EC-1425C,994,1991,2025-05-07,16870,True
F-5100S,666,2003,2024-12-22,68946,True
N-332S,251,1999,2026-03-20,58100,True
PP-6466T,297,2022,2026-01-15,51945,True
VH-2156B,714,1995,2026-04-27,31786,True
B-314M,857,2010,2024-12-28,25845,True
PS-9939W,974,2015,2024-06-04,79839,True
PT-9243M,390,2009,2026-02-10,14530,True
N-1626X,395,2008,2024-10-12,33045,True
B-5559T,896,1999,2025-05-06,25149,True
B-6241T,484,2025,2025-11-22,19836,True
PR-948Q,16,1990,2024-09-06,36937,True
PS-3169F,427,1992,2024-10-27,1680,True
F-8805J,880,2002,2025-03-02,73820,True
JA-4480T,471,2005,2024-10-28,15426,True
HL-451L,218,2025,2025-01-07,67862,True
VH-9937H,104,2000,2024-09-30,1068,True
TC-4562F,515,1999,2025-02-09,31219,True
PT-7167B,783,1995,2025-03-03,2734,True
EC-8161E,765,2025,2025-02-22,27108,True
PP-1223E,867,1996,2025-03-28,5140,True
N-1731A,937,2016,2024-08-08,6174,True
EC-8130Z,528,2009,2025-08-08,73842,True
PR-4712V,656,1999,2024-11-02,4401,True
VH-7601V,416,2017,2024-09-21,31597,True
PR-926T,978,2009,2026-02-26,43787,True
EC-4662E,138,2003,2025-05-02,50286,True
B-4005F,485,1995,2025-12-13,33887,True
D-3026U,695,2012,2024-09-28,1698,True
G-2597G,234,1998,2026-03-09,60075,True
N-747S,679,2007,2024-08-09,40454,True
TC-4351Q,228,1995,2024-11-10,64955,True
B-4793X,596,2003,2025-07-21,54419,False
PT-6624C,447,2022,2024-12-17,62183,True
B-6382H,754,1991,2026-06-01,63557,True
PP-2590V,324,2020,2024-09-05,48782,True
F-4048M,214,1997,2026-04-03,58185,True
PT-3568Z,526,2025,2025-11-18,71464,True
PP-9422K,844,2018,2025-03-08,72769,True
PP-3518H,694,2011,2025-02-24,69438,True
PS-4582E,673,1998,2024-07-28,29844,True
TC-2248E,428,2009,2026-03-18,9979,False
PU-4600Z,145,2002,2024-06-08,705,True
HL-6497Z,346,2018,2025-08-23,59243,True
JA-6716D,648,1999,2025-11-02,46814,True
D-4328H,310,2001,2025-03-02,16347,False
PU-3942T,550,2022,2024-12-31,73784,True
JA-9391A,255,1996,2026-05-25,57051,True
PU-6486N,970,2023,2024-09-12,1363,True
PP-6529V,886,2025,2026-04-09,62320,True
F-5761D,645,1996,2025-10-03,58380,True
G-7096D,151,2007,2025-03-10,64438,True
B-6254U,565,2010,2026-01-23,76772,True
G-5049Z,439,2000,2024-09-19,56755,True
VH-757F,564,2000,2026-04-05,62014,True
D-4972N,630,2007,2025-06-10,71404,True
JA-4866Z,321,2019,2025-02-20,49682,True
PU-7508V,572,2000,2024-06-07,5352,False
PS-8134V,396,2022,2025-03-14,32395,True
TC-2708X,759,2023,2025-04-10,10136,True
PP-4424F,899,1992,2026-05-04,37714,True
N-3824K,163,1994,2025-07-27,64553,True
N-7886E,388,2021,2025-06-27,59579,True
PS-815Z,871,1993,2025-10-11,19008,True
PR-3250B,275,2002,2024-07-19,26315,False
B-8059O,579,1991,2025-07-03,3662,True
PP-1557L,903,2002,2026-05-05,23657,True
F-5160B,877,2011,2024-12-31,48561,True
TC-7133F,498,1997,2025-10-17,73028,True
G-3374C,611,2024,2026-04-14,48007,True
JA-9000B,443,2014,2025-07-15,58977,True
G-4538W,991,2017,2026-05-19,18374,True
B-639V,891,2016,2024-10-13,42280,True
N-1498E,411,2010,2025-11-25,32777,True
HL-3326P,39,2007,2024-06-12,21533,True
PT-5070D,373,1999,2025-05-08,30877,True
D-8760P,817,1993,2024-10-01,3522,False
F-5688I,935,2012,2025-06-02,7340,True
EC-3461Z,349,2020,2024-07-27,52228,True
PS-8537U,120,2001,2024-09-27,25448,True
HL-4967U,970,2002,2025-04-01,28071,True
G-2632A,212,2021,2024-10-26,54117,True
VH-739U,511,1992,2024-11-08,58415,True
PS-6581N,848,2024,2025-01-26,5682,True
G-7345N,17,2018,2024-06-27,79461,False
TC-6399U,442,1991,2025-11-21,5810,True
EC-3974X,67,2007,2025-10-30,75193,True
PU-4495T,727,1994,2024-10-23,50955,True
EC-815F,810,2025,2025-10-24,57499,True
F-2592N,672,2001,2025-09-25,18271,True
N-5558O,910,2009,2024-11-13,14064,True
PU-5749U,981,1992,2025-06-16,68333,True
EC-725N,394,1991,2025-07-18,30426,True
PU-316S,661,1995,2026-05-30,49897,True
PT-6916S,224,1997,2024-08-22,32161,True
HL-3338H,387,2002,2025-12-23,38205,True
B-2927R,32,2007,2026-01-31,28779,True
JA-6428I,285,2007,2024-12-11,49085,True
PT-6739J,600,2007,2024-09-27,54501,True
B-5478F,651,2022,2025-04-13,53753,True
N-1890L,423,2019,2025-06-01,39539,True
PR-8074W,847,2006,2024-10-02,74861,True
VH-578N,17,2024,2025-05-18,12997,True
D-1116M,32,1999,2024-12-11,69596,True
PP-4450R,599,2018,2024-12-08,8772,True
PR-6813P,358,2015,2024-09-30,43166,False
B-399Y,691,1991,2026-04-15,23929,True
VH-9425X,462,2018,2025-04-16,55237,True
VH-7389A,668,2009,2024-09-07,72977,True
PR-1444M,350,2015,2025-05-16,9089,True
G-6845E,341,2016,2025-05-15,76286,True
PP-6189C,433,1998,2026-05-14,65785,True
PR-2967M,929,1996,2025-12-14,36016,True
PP-8715V,300,2021,2025-05-01,37618,True
D-8643L,908,1997,2025-05-08,27585,True
F-1307T,281,2024,2025-01-14,2867,True
PU-6263H,930,2011,2025-05-05,72116,True
HL-797X,654,1998,2026-04-18,59005,True
PP-1632O,105,2007,2025-09-22,16302,True
PT-3058T,42,2012,2025-02-17,68425,True
JA-8346J,70,2002,2026-05-10,51223,True
JA-2859M,646,2003,2025-06-30,11903,True
JA-5038S,262,2017,2026-02-08,3602,True
PT-8469F,639,2011,2025-07-02,16779,True
EC-3969R,978,2011,2026-03-31,21458,True
TC-3675D,975,1994,2024-09-06,40776,True
HL-3782C,82,2013,2025-08-26,40737,True
TC-9635W,463,1990,2025-10-07,33762,True
JA-9463Y,547,2022,2026-03-19,29840,True
HL-2949A,388,1992,2025-01-15,41175,True
EC-5704Z,318,2005,2026-01-15,21879,True
PU-5782U,79,1998,2025-03-27,78303,True
EC-3524R,470,2023,2025-07-24,66903,True
PT-154O,300,1995,2025-05-14,34440,True
F-7491N,854,2007,2025-10-12,23408,True
PR-200S,171,1993,2025-12-02,13286,True
TC-8063B,904,2016,2025-05-23,78446,True
F-3329E,769,1999,2026-01-07,35607,True
PT-6283F,863,2022,2025-01-16,2672,True
G-8958Z,36,2019,2025-08-29,31707,True
TC-8596D,835,2019,2025-11-16,48076,True
VH-624O,503,1999,2024-09-27,9722,True
HL-9218T,19,2017,2025-08-22,54945,True
N-1015V,343,2017,2025-01-12,47404,True
PS-4680A,52,1999,2024-12-27,57075,True
D-1453N,71,2019,2025-09-16,17669,True
D-5302H,692,2011,2025-09-19,33957,True
VH-1633W,643,2017,2024-10-30,12318,True
F-6770S,530,1997,2026-02-03,36570,True
TC-2920U,890,1997,2024-07-28,66459,True
PP-9382H,53,1991,2024-11-05,38674,True
PU-2472F,927,2007,2025-04-21,54093,True
F-7770M,645,1996,2025-06-16,53434,True
B-2142D,549,2013,2025-02-26,60734,False
PR-1632A,868,2000,2025-10-09,7848,True
B-7885H,454,2025,2026-04-20,57234,True
N-7855D,624,2011,2025-06-21,43431,True
EC-801G,272,1994,2024-10-01,30103,True
B-5237C,476,2014,2026-04-05,65079,True
TC-3869U,489,1999,2026-03-08,63576,True
HL-9756Z,732,1991,2025-12-19,52207,True
N-3688D,161,1997,2026-01-05,47165,True
TC-862A,621,1996,2026-04-19,22893,True
EC-8735F,745,2007,2025-04-11,68522,True
G-1639G,701,1995,2025-04-15,12704,False
TC-5446Q,27,2019,2025-06-28,60974,True
PT-1028S,95,2000,2024-12-21,7584,True
PU-5694V,595,2004,2025-12-04,67028,True
N-6270H,535,2009,2026-02-25,42234,True
JA-4615M,560,1997,2025-09-13,54702,True
HL-3248X,696,1993,2026-04-13,1186,True
D-3918M,202,2019,2024-06-05,45097,True
B-686Q,72,2011,2026-05-09,8354,True
HL-301X,808,2019,2025-11-17,64883,True
F-3808G,790,2017,2025-02-13,69000,True
PT-4862W,858,2009,2024-11-27,51973,True
B-5922L,459,2012,2025-04-12,29118,True
TC-819E,421,2017,2025-10-19,73229,True
D-5176F,486,2010,2025-04-26,58258,True
PU-8675T,986,1994,2026-04-30,23059,True
N-2253T,101,2015,2025-05-09,45232,True
EC-8219S,257,2007,2025-10-16,59174,True
PT-5568R,663,2016,2025-06-26,54667,True
HL-4729S,836,2000,2024-11-11,58276,True
N-4296K,869,2000,2026-01-15,69434,True
B-2541I,30,1998,2024-10-25,24683,False
F-9664X,75,1998,2024-06-26,21246,True
JA-9611J,200,2018,2024-10-28,13786,True
N-693D,49,1999,2024-07-30,32354,True
PT-5156V,134,1993,2025-04-06,8090,True
PU-763D,453,2020,2024-09-05,34107,True
TC-1699S,180,2022,2026-05-03,26558,True
EC-6163D,115,1990,2025-12-07,77407,True
TC-7496A,700,2001,2025-12-06,38812,True
PT-6884S,884,2004,2026-01-26,39128,True
VH-9230Y,464,2019,2024-11-09,54291,True
D-4571X,937,2014,2026-04-12,57795,True
TC-132W,913,2019,2024-08-24,19254,True
B-8056R,180,1994,2025-06-12,76798,True
PP-8025T,805,1991,2025-05-17,7282,True
F-4244M,298,2001,2025-09-08,69855,True
PS-5032L,678,2018,2024-06-13,50729,True
N-8503X,471,2002,2025-02-22,12731,True
HL-3624L,296,2001,2024-12-07,41091,True
D-4591K,418,2008,2025-01-22,40933,True
PT-3467F,931,2024,2024-07-04,14475,True
N-6427C,208,2016,2026-05-13,65545,True
TC-3959V,743,1999,2024-11-10,4492,True
G-162Q,995,2008,2025-08-06,50616,True
VH-7342J,35,2020,2025-11-12,17470,True
B-8760B,777,1996,2025-07-21,67339,True
EC-8017D,801,2021,2024-11-21,79291,True
F-4262R,84,2010,2024-10-27,20935,True
JA-1836C,368,2000,2024-11-04,64671,True
PR-7731U,751,2003,2024-08-20,55791,True
HL-4013F,37,2009,2025-10-23,7427,True
HL-6616H,794,2000,2025-02-04,22382,True
PP-8396D,658,2019,2026-02-09,73793,True
HL-1403Z,107,1995,2025-10-31,27804,False
PS-6989M,93,2015,2026-04-21,59973,True
EC-7302S,979,2017,2025-12-19,77854,True
PT-6338F,411,2014,2024-08-15,64181,True
PU-1150N,815,2024,2025-07-04,22770,True
JA-6056S,505,1992,2024-06-14,7121,True
TC-2747D,830,1998,2024-08-22,59249,True
JA-2403C,832,2012,2025-04-07,16165,True
B-7377U,981,1991,2025-04-10,79525,True
B-2618O,225,1996,2025-01-05,56204,True
HL-4240S,636,1999,2025-07-26,72633,True
PP-7166P,533,2016,2026-02-27,12092,True
F-4683A,332,2009,2024-06-10,71026,True
VH-1950E,18,2016,2024-10-02,13876,True
G-8494P,898,2005,2024-12-12,61591,False
PU-4461T,694,2022,2025-04-26,59799,True
TC-6113Q,664,1998,2024-09-14,64572,True
PT-2480V,367,2022,2025-07-24,30630,True
EC-9320C,606,2021,2024-07-17,75779,True
F-6990I,163,1997,2026-04-07,41429,True
TC-2289W,826,2015,2024-09-02,8723,True
EC-1185X,139,2023,2026-04-09,19776,True
N-6285V,934,2012,2025-09-08,25049,True
B-9282W,218,2021,2024-11-21,56081,True
VH-7753H,961,2000,2025-06-25,55254,True
HL-5131F,447,2016,2025-07-17,59005,True
PR-1525I,947,1998,2026-03-13,26494,True
PP-8059V,629,2007,2025-11-22,31372,True
TC-7599C,717,2015,2025-12-26,18585,True
D-6667N,266,2020,2026-05-13,69273,True
JA-5139Q,445,1991,2025-09-22,41335,True
PT-3859C,726,1991,2025-10-15,52538,True
TC-826X,158,2021,2026-04-11,18813,True
N-2027G,745,2012,2025-03-12,53825,False
EC-953C,673,2006,2024-10-30,68200,False
F-1275B,906,2017,2024-07-27,44396,True
HL-6071V,2,2003,2024-08-26,52332,True
VH-2510N,176,2004,2025-03-03,62236,True
N-4915G,158,2001,2025-01-02,54967,False
PP-7992R,281,2014,2026-01-24,23897,True
PR-6252W,530,2003,2026-04-20,59234,True
EC-4341W,366,2023,2025-11-02,63349,True
PR-2463G,770,1991,2026-04-27,61742,True
PT-805X,337,2014,2024-12-06,40075,False
PR-6860O,965,2009,2025-08-13,13890,True
G-8212T,326,1998,2025-06-12,37605,True
VH-8895P,719,2007,2025-07-29,13051,True
HL-6158A,465,2011,2026-05-09,64470,True
PU-5116S,386,2005,2024-08-14,75010,True
PU-9191Z,123,2015,2025-03-08,40708,True
PU-1111J,785,2002,2025-06-13,52502,True
JA-5397C,605,1994,2024-12-10,55869,True
VH-3001W,142,1999,2024-12-21,55969,True
N-7013P,898,2000,2026-02-20,55042,True
PU-3857I,923,1996,2024-08-08,60760,True
VH-1165J,536,1992,2026-04-01,70410,True
G-6007X,666,2025,2025-02-03,50065,True
G-2590V,985,1997,2025-08-26,10085,True
PS-6349R,476,2013,2026-02-16,62771,True
PT-2892F,732,2022,2024-08-06,62051,True
PR-4206I,316,2020,2024-06-18,9310,True
EC-4959V,66,2004,2025-11-07,79007,True
PR-8944B,520,2016,2025-03-22,18421,True
F-3892K,746,2010,2026-01-24,63126,True
PP-7749B,601,2003,2025-04-29,10990,True
JA-3093W,66,1999,2024-06-11,43969,True
EC-5588H,973,2011,2025-06-25,28105,True
JA-4821D,169,2017,2025-04-24,54328,True
PP-842N,576,2010,2026-03-21,51383,True
B-811Y,629,1990,2024-10-22,19956,True
N-5076C,72,1994,2024-12-02,15599,True
PR-1572L,35,1999,2025-12-09,49260,True
HL-5593L,894,2006,2025-03-24,19828,True
TC-7407V,910,1995,2025-03-03,35777,True
PR-5205L,140,2023,2024-07-18,70270,True
PU-7174Q,964,2022,2025-01-13,2803,True
HL-514W,699,2006,2025-04-06,41984,True
PR-5595W,898,1996,2024-07-01,65786,True
HL-4904X,758,2014,2024-09-19,36246,True
HL-3408P,149,2025,2025-04-16,14071,True
PP-3522C,311,2006,2026-05-12,73215,True
PS-6904N,517,1992,2025-10-22,22967,True
N-4489R,352,2018,2024-10-15,43154,True
TC-3118N,355,2021,2026-02-20,4984,True
N-6825E,537,2008,2024-09-21,37192,True
PS-2492T,657,1992,2025-01-29,70935,True
PT-7081B,731,2016,2026-04-03,23331,True
PS-9363X,335,2017,2025-06-21,11986,True
PT-5412Z,105,1990,2025-08-04,945,True
PU-9468V,152,1997,2025-10-11,19680,True
EC-6971T,948,2022,2025-09-15,50636,False
JA-8228O,865,2010,2024-09-12,58621,True
N-6032Z,915,2011,2024-09-22,50559,True
JA-3187S,701,2008,2026-05-27,65107,True
TC-6793W,632,1994,2026-05-20,36963,True
D-8459Z,384,1990,2025-02-18,75963,True
EC-9123A,601,2010,2024-08-22,78184,True
PR-5969M,19,2003,2025-10-10,16798,True
HL-6748Y,844,1998,2026-01-30,44576,True
PR-3914D,373,2005,2025-08-03,3303,True
B-648H,233,1990,2025-11-24,21263,True
D-7971N,681,2016,2024-09-23,72572,True
TC-7403X,6,2017,2026-04-07,38496,True
F-975T,677,1994,2026-04-27,1006,True
PP-9329T,752,2017,2025-04-29,64943,True
PU-8737K,360,1997,2025-10-13,44730,True
D-688G,265,2002,2024-08-18,37119,True
PT-7293Z,903,1994,2026-02-07,6559,True
VH-5715P,988,1992,2026-01-26,43850,True
PS-3692U,815,2009,2024-12-09,77672,True
PS-8091J,503,2013,2025-02-19,7718,True
G-9250K,214,2001,2024-07-05,66491,True
PS-6257S,668,2004,2025-04-20,33001,True
PT-1145Z,373,1998,2024-09-07,46669,True
B-1760U,409,2012,2024-07-22,6453,True
HL-4963G,723,2004,2024-07-18,3378,True
PR-6720S,436,2013,2025-07-18,13095,True
PP-6410R,181,2019,2025-01-12,18513,True
B-4138T,254,1992,2024-06-27,8185,True
VH-2523V,159,2007,2024-08-01,9514,True
D-2036L,361,2002,2025-02-07,56234,True
PS-1945W,496,2008,2026-04-05,20546,True
PT-5706E,105,2000,2025-06-09,56803,True
TC-3990N,8,2021,2026-03-19,5169,True
HL-6176L,103,2004,2025-09-21,12282,False
PS-9414R,439,2024,2026-04-24,68206,True
G-3286K,610,2008,2025-08-28,13160,True
PR-7839L,388,2018,2025-06-22,39547,True
D-8119B,623,2015,2026-05-20,33236,True
PP-6115N,214,2022,2025-10-21,47694,True
PR-3349D,159,1994,2024-06-15,10642,True
PP-3243R,946,1995,2025-04-04,40849,True
PU-1029H,142,2020,2024-09-15,35629,True
PU-7196I,188,1999,2025-12-04,47704,True
PP-2335P,76,2001,2025-09-22,1237,True
PU-1381V,109,2008,2026-04-19,67902,True
EC-8077Q,857,2002,2025-07-13,17190,True
TC-4780K,198,2023,2024-07-21,15127,True
B-9474X,128,2017,2024-06-30,56871,True
HL-4515W,13,1991,2025-08-14,75966,True
TC-3788X,434,2024,2025-09-20,58859,False
D-2473C,974,2013,2025-06-07,11378,True
PU-7736Y,290,2006,2025-10-14,5465,True
N-4254V,256,1995,2025-03-03,21204,True
JA-6939J,598,2001,2024-10-22,29052,True
PP-4967U,316,2012,2026-04-06,4480,True
PS-8351S,920,2003,2025-04-26,39927,True
VH-4687T,599,2010,2025-07-19,24025,True
PS-2578K,205,2020,2025-04-05,62306,True
B-3059F,656,2016,2025-04-22,57946,True
PU-9084I,248,2012,2026-05-27,15968,True
TC-4794X,690,2015,2025-03-19,17610,True
N-5716H,516,2013,2024-07-10,46531,True
F-5640S,604,1996,2025-07-21,69390,True
TC-1122H,954,2007,2024-11-15,61831,True
TC-4229I,763,2012,2025-04-23,72727,True
JA-1818D,772,1994,2025-08-05,29243,True
B-8831G,149,1995,2024-08-13,24425,True
HL-7092D,915,2018,2026-01-15,54995,True
PT-9515O,212,1996,2025-04-01,3947,True
VH-9948Q,652,2005,2025-08-08,28637,True
PP-7260K,955,1999,2026-05-25,65614,True
PR-7383J,821,2024,2026-02-20,71905,True
F-7950C,922,1990,2025-11-07,46695,True
PU-707I,803,2005,2026-05-27,72892,True
PR-8976M,419,2016,2024-10-07,43352,True
VH-1365K,869,2003,2024-08-29,32522,True
G-2650E,898,2005,2025-01-13,31575,True
PS-6407I,793,2017,2024-07-04,75105,True
EC-5193N,949,2013,2025-05-11,73805,True
PP-347L,308,2023,2024-11-24,73076,True
PR-7759G,154,2013,2025-06-02,60722,True
G-3126V,659,1993,2024-11-01,63032,True
PP-6903T,132,2013,2024-07-13,24433,True
PP-751T,628,2015,2025-07-15,54773,True
TC-2284K,809,1992,2025-11-16,63817,False
PP-710A,874,2025,2025-05-20,37258,False
N-8601Q,165,1998,2024-08-05,19101,True
VH-5218Q,329,2004,2026-05-20,8298,True
TC-5578Q,483,2022,2025-01-05,63367,True
PR-5854H,554,2015,2026-01-08,62832,True
G-7296O,931,1990,2024-11-02,24703,True
TC-3209O,580,2015,2025-08-25,62329,True
F-741G,419,2018,2024-06-15,16058,True
EC-9549S,257,2015,2024-10-31,48389,True
PT-3152G,345,2020,2025-09-25,68982,True
PP-3327U,631,2007,2024-06-09,60419,True
TC-8982H,314,1993,2025-09-13,56979,True
PP-6138V,238,2015,2026-04-27,40951,True
PU-8927P,814,2021,2024-09-30,57694,True
PU-5650S,750,2007,2024-06-22,15914,True
PS-6310Q,776,1990,2026-05-12,71007,True
F-8685W,767,1993,2024-07-12,76825,True
PP-422O,613,2014,2025-02-22,37372,True
F-1165P,852,2012,2026-03-20,46521,True
HL-5599W,236,1994,2026-02-05,23917,True
N-5368E,938,2010,2025-12-27,3693,True
B-3253B,558,2019,2025-10-31,26267,True
D-6811B,679,2001,2025-04-01,61654,True
D-1019G,985,2005,2024-10-17,17464,True
PT-5649Q,792,2003,2025-04-06,52976,True
PS-2157Q,845,2012,2026-02-10,68782,True
G-7725I,230,2014,2024-07-02,2956,True
VH-8798Q,241,2005,2025-06-11,51402,True
F-1970O,750,2010,2024-06-07,841,True
HL-751W,605,2008,2025-10-06,60912,True
PT-8855Z,524,2023,2024-10-17,1669,True
G-5758C,867,2004,2025-10-21,11044,True
TC-4613F,579,2016,2026-05-29,58726,True
B-355O,259,2015,2025-01-09,71865,True
JA-3447R,999,2014,2025-06-19,38861,True
PT-1096X,467,2025,2025-01-09,12960,True
D-9952I,635,1997,2025-07-05,61758,True
HL-5341Q,914,2025,2026-03-05,66695,True
TC-9921C,420,1999,2025-02-10,63252,False
EC-1750J,979,1997,2026-04-26,68390,True
B-6049N,868,1998,2025-10-22,31136,True
PS-8814V,243,1997,2025-05-16,52609,True
EC-868B,241,2018,2025-09-29,18418,True
VH-5126U,504,1993,2025-07-13,76624,True
PT-5961C,201,1993,2025-12-10,64022,True
N-2510T,36,1990,2025-07-21,25955,True
HL-2869U,21,2013,2026-03-18,62675,True
HL-658R,202,1998,2025-07-18,20349,True
B-135G,56,2021,2025-09-23,66169,True
PS-8242C,861,2016,2024-10-13,34097,True
EC-4612Y,748,2015,2024-07-21,13237,True
TC-5882U,825,2021,2024-11-28,79952,True
VH-2112W,170,2002,2024-10-10,24888,True
PT-7009A,846,2002,2025-05-26,6750,True
EC-9940F,696,2013,2024-11-26,52780,True
VH-1407C,299,1991,2025-07-20,22292,True
N-3538B,522,1990,2024-09-01,37065,True
D-6862C,478,2021,2026-04-24,71544,True
PP-8501S,256,2005,2025-02-13,17311,True
TC-6212I,141,1999,2026-06-01,26941,True
PT-7922V,512,2023,2024-10-15,14391,True
PP-1931X,281,2000,2024-09-28,62275,True
VH-7174K,449,1991,2025-09-07,62619,True
PT-4269D,419,2003,2026-02-01,41032,True
PP-1151J,192,1995,2026-03-05,2991,True
PT-2099I,897,1994,2024-11-09,6116,True
G-4738K,346,2022,2024-10-14,24412,False
VH-9483I,775,1994,2024-09-15,16658,True
PU-5987D,385,1996,2025-08-22,78177,True
G-5549H,802,2019,2025-05-20,320,True
PS-8481V,483,2023,2025-11-04,30736,True
PP-3753F,771,2005,2025-11-11,49879,True
D-501T,565,2013,2024-10-15,26698,True
PP-5901W,793,1994,2026-01-21,65044,True
PS-5290Q,547,1995,2025-02-11,20587,True
N-5836E,271,2025,2024-12-17,75526,True
HL-123Y,518,2020,2024-06-30,16149,True
B-1773M,94,2025,2024-08-28,68522,True
PU-1226D,720,2001,2025-01-18,8584,True
G-2108B,605,1990,2025-09-05,55720,True
PR-2341X,586,2014,2025-11-04,61816,True
G-9835P,450,2022,2026-03-26,3307,True
EC-3284D,447,2004,2025-11-09,77852,True
JA-5079R,242,2013,2024-12-12,47615,True
EC-583R,350,2018,2025-08-03,39289,True
D-1466P,454,1996,2025-11-15,41912,True
PU-8646S,708,2014,2026-03-20,33124,True
PP-4389Y,402,2014,2026-04-26,30502,True
F-1749K,943,2024,2025-01-17,78027,True
PR-9708T,202,2000,2025-06-17,50848,True
PS-952T,154,2017,2026-01-21,20640,False
PU-8495E,258,1991,2026-04-19,14604,True
N-2480C,462,2003,2025-03-14,70736,True
PT-8649T,999,2018,2025-01-14,31252,True
B-7919D,351,2000,2024-12-01,44774,True
HL-9691T,939,2015,2025-10-12,62335,True
PS-1089G,106,2014,2024-08-07,74575,True
PP-8622D,968,2024,2025-06-29,66855,True
HL-8851I,39,2019,2025-07-24,31693,True
PU-3849C,586,1991,2025-04-10,71954,True
D-3576I,404,2023,2026-02-03,57063,True
N-9110T,486,1993,2025-01-29,12200,True
JA-4799E,911,1998,2025-03-09,64633,False
TC-6125L,488,2019,2025-09-11,20534,False
HL-868X,329,2004,2024-12-27,54396,True
B-8698X,797,1993,2025-05-21,72617,True
PU-3715K,936,2005,2025-07-31,71403,True
PT-8937P,501,2016,2024-07-12,59221,True
PP-9465I,947,2006,2024-07-16,10097,True
N-3716U,3,1996,2025-06-06,19623,True
JA-1023Z,456,2002,2026-02-24,50555,True
PR-6808U,823,1999,2025-10-03,65099,True
TC-4663O,954,1990,2026-03-09,74280,True
B-7127P,267,2013,2026-03-08,1771,True
G-2478H,606,1999,2025-08-21,46743,True
VH-5789V,827,2013,2024-10-14,43584,True
D-5651O,418,2022,2025-12-26,16076,True
HL-227B,892,2012,2024-12-28,54968,True
VH-5286L,959,2005,2026-01-08,6375,True
PU-434P,818,2007,2025-04-30,26110,True
EC-3441Q,470,2000,2024-11-17,58901,True
D-6022T,735,2003,2025-04-08,29783,True
VH-2985J,172,2002,2025-04-17,73212,True
F-2221H,705,1999,2025-09-09,71403,True
PT-7824C,38,2015,2026-03-13,26387,True
PT-2101R,442,2023,2025-07-13,77055,True
F-3556S,702,2011,2024-12-07,34139,True
VH-5559Y,512,1994,2025-06-08,17516,True
PU-1007Z,224,2022,2026-03-18,34454,True
HL-6131R,899,2023,2025-03-01,60806,True
PU-1617S,204,1997,2025-03-08,71695,True
PS-2227H,758,2002,2025-10-10,42816,True
TC-5484B,631,2016,2025-10-19,18404,True
PS-5092I,27,2013,2025-03-12,74255,True
JA-4103R,750,2024,2025-10-18,30736,True
PS-3541O,696,2023,2024-06-15,63786,True
VH-3864K,764,2023,2025-01-05,7732,True
TC-9102F,628,2023,2026-03-09,78943,True
EC-8353C,290,2023,2026-05-16,70287,False
EC-5576C,359,2011,2025-02-18,53809,True
G-5031E,866,2001,2025-07-29,60634,True
PR-6900H,401,2008,2024-12-08,60713,False
B-8684P,62,2008,2025-07-26,18419,True
VH-834I,950,2024,2025-06-19,79879,True
PP-4876U,277,2018,2025-03-09,55312,True
VH-7560P,791,2005,2024-07-02,66887,False
PU-7446Z,42,1997,2024-06-12,31947,True
PS-7533N,882,1990,2026-04-12,35436,True
EC-1707X,505,2019,2025-12-30,2797,True
D-9595V,459,2003,2025-06-25,13067,False
PR-2939P,762,1994,2026-01-03,29893,True
PP-3082K,377,2021,2025-05-29,68200,True
EC-251H,153,1998,2024-06-26,17541,True
PS-8404Q,437,1994,2025-09-24,72729,True
HL-595P,15,2009,2025-08-27,10461,True
EC-5373P,164,2006,2024-07-14,11628,True
F-5680X,520,2006,2025-12-22,45919,True
PS-6489S,989,2022,2024-10-26,9703,True
N-3370X,894,2009,2024-08-30,1224,True
PU-8241J,584,2001,2025-05-12,27807,False
F-1181Y,52,2020,2026-02-05,76425,True
HL-3906I,363,2015,2024-09-22,46879,True
PS-9762V,28,2020,2024-08-14,22084,True
HL-5023V,860,2010,2025-10-04,32642,True
EC-6250E,325,1995,2026-04-15,57765,True
HL-580U,732,2001,2024-08-01,63027,True
PP-2378O,241,2020,2026-02-08,21142,True
TC-6876G,924,2023,2024-11-25,55335,True
D-1905M,576,1994,2026-01-17,25277,True
F-3204K,539,1996,2025-03-10,64513,True
PR-5980E,306,2010,2025-09-01,1630,True
D-8868G,376,2009,2025-12-02,23323,True
PT-3378U,799,2011,2025-06-25,62054,True
G-1601J,985,2006,2024-06-03,38896,False
N-7599S,583,2021,2025-01-07,79238,True
PS-1456K,176,2000,2024-10-29,63605,True
EC-1481D,14,2019,2024-11-11,39976,True
N-762M,379,2005,2024-12-02,1271,True
HL-210A,434,2024,2024-08-26,53100,True
VH-2765G,161,1993,2026-02-18,39747,True
PR-4835F,152,2007,2026-01-11,60938,True
PR-4386F,535,2008,2025-03-20,65676,True
PR-1333G,414,2020,2025-11-06,18062,True
PR-9285T,243,1999,2025-04-24,7001,True
F-5297X,706,2025,2025-08-27,58026,True
PT-9430H,164,2014,2025-04-24,79424,True
VH-6244J,225,1996,2024-12-24,2571,True
PT-2306A,578,2021,2024-06-16,57106,True
TC-8613G,646,2012,2024-08-30,64610,True
JA-7803Q,782,2017,2024-07-09,17826,False
JA-9844F,469,2021,2024-08-05,25157,True
PS-2955S,259,2023,2025-01-30,2161,True
PP-6687Q,640,1990,2025-04-13,15642,True
PR-1661O,490,2012,2024-06-26,36402,True
N-630H,661,1994,2024-08-11,54813,True
B-8539D,367,2019,2026-04-21,25071,True
PU-329V,624,2016,2025-09-25,73412,False
PP-525A,216,1991,2025-11-09,69480,True
PT-9859O,747,1993,2024-11-04,40257,True
N-5543J,896,2008,2026-05-18,4944,True
F-8302K,905,1990,2026-05-16,25843,True
PP-1205Z,588,2003,2024-11-11,3547,True
PT-9198Z,18,2023,2025-02-10,39115,True
EC-6780A,731,2008,2024-10-24,55034,True
B-9117P,238,2025,2024-06-07,39960,True
PP-1733L,783,2015,2026-03-23,30228,True
PU-3362T,903,2021,2026-05-29,55138,True
PP-5842E,843,2005,2025-05-05,66454,True
B-4714P,315,2003,2024-10-09,22412,True
EC-9920L,982,2010,2024-10-15,58680,True
PS-8770H,372,1991,2026-02-20,57092,True
JA-4236C,194,1991,2025-03-26,61793,True
PU-4217H,131,2021,2024-07-14,74538,True
B-143F,916,1998,2025-11-17,24322,True
PP-3949V,763,2018,2025-08-16,1080,True
PP-2360Q,514,2024,2024-11-09,79646,True
B-1069V,186,2017,2024-08-01,3976,True
N-2376B,434,1997,2025-03-30,3997,True
F-4806D,900,1991,2025-12-31,50572,True
TC-8221P,704,2019,2025-01-02,44203,True
PP-4068R,403,2002,2024-09-11,63484,True
TC-6704X,303,1999,2026-01-13,15246,True
N-7821F,880,2000,2025-03-29,67477,True
PR-4473W,713,2004,2025-04-07,51904,True
D-4929F,756,2003,2026-03-14,72660,True
B-8868N,618,1995,2026-05-30,76192,True
F-977S,901,2024,2024-11-25,13626,True
PU-5328K,719,1998,2024-11-28,58912,True
VH-3359P,881,1990,2024-08-31,3163,True
PT-654F,753,2002,2025-03-23,28732,True
B-2723R,388,2008,2024-08-14,10321,True
TC-9995E,503,2020,2025-01-15,6480,True
F-9841H,695,1994,2024-07-12,29356,True
VH-7102U,265,1991,2026-05-05,31967,True
N-7480C,434,2023,2025-08-02,68074,True
PP-9764U,227,1994,2024-10-01,78749,False
PR-1464R,358,2012,2024-10-27,35592,False
B-8044Y,266,2008,2024-08-22,67635,True
PR-3713R,88,2021,2024-06-08,12780,True
PU-8022J,616,1991,2024-07-21,62154,True
PS-2435Q,379,2002,2025-06-06,30763,True
PS-6597E,204,1991,2024-08-07,43358,True
G-2572Z,705,1993,2025-11-20,60564,True
TC-6756T,249,1997,2025-05-16,69878,True
B-8303Y,348,2001,2024-09-04,13277,True
G-2426L,228,2012,2025-09-12,51108,True
PU-8904P,289,2001,2026-02-08,17533,True
JA-4885S,59,2002,2025-08-28,33287,True
B-9682Y,161,2016,2025-01-17,29050,True
PU-4272J,575,2003,2025-02-02,839,True
TC-398L,316,2011,2025-05-29,69440,True
PR-1249T,231,2019,2026-05-18,64269,True
PP-9131M,512,2010,2025-12-27,56884,True
F-486Z,504,2002,2024-12-13,40579,True
JA-7624D,24,2019,2024-07-07,13701,True
PR-6788L,332,1992,2025-02-16,22541,True
D-2298E,207,1994,2026-01-15,34266,True
VH-4904Z,158,1992,2024-08-26,19881,False
D-6564L,500,2017,2025-09-13,51732,True
N-8655C,708,2003,2025-11-01,39246,True
PU-4540O,961,2018,2025-10-09,49827,True
PS-6600W,715,2014,2025-08-20,53462,True
D-9104N,123,2001,2025-03-10,685,True
N-8187P,793,2016,2024-06-24,63166,True
VH-4238B,259,2012,2025-08-06,3995,True
TC-9902F,358,1995,2024-07-29,79137,True
TC-2136C,356,2013,2025-09-09,56206,True
B-3007T,881,1999,2026-04-28,59655,True
PT-3205M,148,2006,2025-12-05,71945,False
JA-4462N,493,2020,2024-06-11,79769,True
PS-9211H,598,2011,2024-06-06,7049,True
D-9281M,985,2000,2026-03-17,50501,True
VH-1872I,936,1995,2026-03-08,29951,True
PR-3261W,860,2018,2026-01-11,68666,True
N-1433J,838,1994,2026-02-24,23151,False
TC-1195C,785,1991,2025-02-15,50441,True
D-3870N,558,2010,2025-04-18,22924,True
D-5180O,426,1997,2026-01-22,15151,True
F-4737S,980,2020,2025-05-10,25017,True
PU-259A,532,1997,2026-02-11,9827,True
N-2413C,172,2006,2026-02-20,2732,True
D-7032X,423,2020,2024-11-29,68530,True
B-1761T,545,2014,2025-10-10,49976,True
PS-4089Q,205,2019,2025-03-07,29759,True
PR-7291U,848,2009,2024-10-02,57401,True
PS-1512B,481,2018,2026-02-15,60008,True
N-4139H,592,2016,2025-04-22,34569,True
TC-5159C,169,2020,2024-11-24,48412,True
HL-9419R,566,1990,2025-03-12,22989,True
PP-1035T,624,2002,2025-09-09,43393,True
N-1276E,1,2023,2025-03-15,59473,True
N-5680J,956,2015,2024-08-08,65351,True
PR-271J,487,2012,2025-06-03,71781,True
HL-1724E,807,2023,2026-02-13,2532,True
D-632G,281,1996,2025-05-03,15781,True
F-6961C,37,1995,2024-12-04,1165,True
PR-1792L,199,2011,2025-03-09,18090,True
D-9218A,47,2010,2024-10-21,53549,True
F-8829N,198,2025,2024-12-23,37813,True
G-2398R,320,1996,2024-08-25,78490,True
D-4713M,636,1991,2024-12-05,47147,True
PP-4173F,679,1994,2025-10-21,71087,True
N-7978N,722,2024,2024-06-23,45123,True
EC-3900G,336,2014,2024-09-26,16519,True
PT-5782C,478,2025,2025-12-01,52650,True
F-9642F,475,2023,2024-10-24,49809,True
F-6095N,525,2020,2026-02-18,74558,True
JA-7543W,208,2019,2026-05-24,78193,True
EC-6038M,548,2023,2025-07-16,4271,True
F-5381X,705,2016,2026-01-31,57208,True
PT-6340G,705,2009,2026-01-11,68905,True
HL-6303X,276,2023,2025-03-21,3120,True
N-2005U,96,2022,2025-06-09,37295,True
PP-6246J,127,1990,2024-08-16,20573,True
TC-927L,548,2005,2024-07-14,42215,True
N-7907Y,567,2023,2025-04-06,2810,True
PS-5775E,386,2001,2025-04-19,58662,True
TC-8929F,453,2015,2025-02-10,2127,True
JA-7569B,408,1999,2025-12-30,47993,True
TC-1419V,483,2000,2025-04-26,52872,True
PT-8926W,969,1993,2024-06-18,79828,True
TC-7263W,62,2014,2024-10-10,75102,True
JA-3060H,142,2002,2025-01-17,56524,True
TC-4035M,713,2011,2025-08-27,33499,True
PR-1442Y,577,2020,2024-10-10,28053,True
PT-2887A,865,1999,2024-10-30,60841,True
PT-6561H,978,1994,2025-03-13,64030,True
VH-1665T,609,2004,2026-04-19,71790,True
VH-7476H,230,2007,2025-05-14,2062,True
N-8931M,251,2010,2025-05-09,38094,True
PP-4189Z,143,2014,2025-05-12,56279,True
PP-9626X,608,2017,2025-01-11,49341,True
EC-381O,284,1998,2024-08-04,50489,True
PS-8321U,640,1995,2025-10-30,22858,True
TC-542A,190,2004,2025-01-21,61920,True
B-6818A,640,2002,2025-08-26,9348,True
D-4118W,885,2005,2024-07-06,51060,True
PS-9745G,207,2025,2025-03-14,11919,True
PU-5724U,287,2018,2025-06-02,46042,True
JA-5614F,247,2023,2024-08-07,44738,True
D-2573L,22,2014,2025-06-24,59901,True
PS-2421E,888,2004,2025-02-18,59042,True
JA-363S,17,2005,2024-10-28,13710,True
TC-6514J,299,2004,2024-09-27,79118,False
PT-5490V,871,2004,2024-09-09,29040,True
N-9283H,860,2002,2025-12-08,17511,True
G-6011B,844,1990,2025-06-22,15481,True
F-1256Q,316,2024,2026-04-03,29095,True
PU-5564T,890,1993,2025-11-13,32358,True
VH-955Y,59,2014,2025-09-29,61046,True
B-9526S,70,2002,2026-05-25,37226,True
JA-746M,643,1991,2025-09-25,50322,True
PT-2471D,689,2021,2026-03-21,40770,True
G-8046F,217,2009,2026-03-13,5066,True
F-9053W,451,2021,2025-06-20,19547,True
TC-5645U,204,2025,2025-11-23,54746,True
EC-8066W,57,2018,2026-02-07,27282,True
PU-2150D,551,1991,2025-11-10,66897,True
TC-3446D,407,2022,2026-01-19,17666,True
HL-3367X,511,2013,2025-02-27,32032,True
PU-2291V,651,1991,2024-10-06,43183,True
F-476O,230,2012,2025-04-03,22525,True
N-6465L,903,2001,2024-09-04,70661,True
N-4078U,951,1992,2025-02-02,25498,True
PR-370I,642,2017,2025-07-16,2651,True
N-1886A,964,1991,2025-05-28,12740,True
JA-5696A,48,2025,2026-05-11,61517,True
PU-6956E,461,1996,2025-07-12,54744,True
N-2228A,370,2005,2025-09-30,43691,True
PT-6149P,749,2000,2025-11-30,30798,True
PU-3132I,815,2019,2026-05-09,37103,True
N-8960S,99,2010,2026-03-19,64450,True
G-5441C,589,2024,2026-05-21,38855,True
HL-6233M,217,1997,2025-07-14,51894,False
PS-3126U,575,2025,2025-09-06,67035,True
PU-8862S,496,2025,2026-02-18,39708,True
HL-8191E,441,2004,2025-12-08,46698,True
F-2353Q,11,2023,2024-08-30,21057,True
PT-5212G,679,1992,2025-04-09,19934,True
PR-289U,130,2023,2026-02-25,3973,True
VH-6890S,712,2025,2025-12-19,5948,True
F-2938K,243,2006,2025-08-06,49433,True
PR-9710S,978,2018,2026-04-02,66105,True
VH-705Y,446,1994,2024-12-12,50217,True
PT-2579D,471,2023,2024-08-17,69977,True
HL-8862W,533,1995,2025-06-07,56956,True
G-7020M,627,2022,2024-08-23,62448,True
TC-2393F,901,2005,2025-02-03,29835,True
F-4807J,997,2009,2026-04-05,52396,True
D-9404X,777,2010,2024-08-29,39569,True
N-7609C,697,1995,2024-08-13,57814,True
PU-4295U,718,2009,2024-07-23,9319,True
PS-6426D,264,2011,2024-12-19,9430,True
VH-8975Y,224,1994,2024-10-06,30047,True
HL-8728D,717,2014,2025-12-15,62028,True
PU-9655D,937,2013,2024-12-23,51534,True
PR-1056P,131,2017,2024-08-31,8113,True
G-8496V,898,2012,2024-10-02,9279,True
PU-1028U,860,2017,2025-01-15,37741,False
TC-943K,565,2008,2025-11-29,38579,True
JA-2300Q,898,2000,2026-02-18,63214,True
PP-4385Z,164,2024,2025-06-25,71337,True
HL-7026N,827,2008,2025-01-30,78290,True
VH-4520Q,765,2005,2025-03-11,20303,True
EC-5369P,308,2025,2026-04-21,47942,True
B-3686G,938,2021,2025-01-25,46097,True
B-3348H,262,2013,2025-04-21,72357,True
PS-9083R,91,2022,2025-05-09,64055,True
EC-4241M,764,2018,2024-11-17,45157,True
TC-2327Y,619,2001,2024-07-29,40625,True
D-6760Q,33,2020,2026-05-13,17853,True
VH-9447O,366,1994,2025-11-06,24871,True
JA-4663N,193,2017,2026-05-29,65363,True
PP-1802G,703,2017,2024-11-07,1611,True
EC-4771W,605,2007,2025-05-12,34939,True
PP-8269E,319,2012,2024-07-29,42267,True
G-9922S,599,2024,2026-05-19,65471,True
PT-4772Q,607,2005,2025-12-29,26512,True
G-3532T,580,2017,2025-06-02,3951,True
PU-4551P,117,2013,2026-04-28,75738,True
D-8221V,847,1994,2026-03-17,75416,True
VH-4576K,638,2013,2026-04-20,51463,True
PR-7543O,838,2009,2025-12-08,11040,True
PU-1789E,941,2014,2024-12-23,33035,True
N-4146L,139,2004,2024-08-12,22846,True
D-6746S,717,2021,2025-08-21,24966,True
PR-5434Z,466,2001,2026-04-25,15624,True
PU-5626V,227,1998,2026-05-19,57083,True
G-1352O,831,2006,2024-06-02,75067,True
VH-4653L,659,2000,2025-11-14,21772,True
EC-1739Q,821,1990,2025-04-16,46432,True
PU-8150B,57,2016,2025-04-10,73235,True
PS-174U,144,2016,2025-09-08,16937,False
N-6792U,253,2004,2025-02-06,51249,True
PR-9580O,418,1999,2025-01-28,71260,True
D-1495V,164,2025,2026-05-05,72052,True
B-6820H,126,1991,2025-02-03,74486,True
F-7566F,383,2009,2025-10-23,6098,True
B-4234R,955,2023,2024-07-13,9623,True
TC-6906Q,156,1990,2025-07-28,36554,True
HL-8601C,139,2019,2025-03-02,63614,True
B-7559Y,475,2008,2025-06-06,22061,True
F-4439G,490,2024,2025-12-28,73198,True
PU-2370O,358,2022,2026-02-24,10599,True
JA-6363K,853,1993,2024-06-05,43453,True
HL-9466U,379,2003,2024-10-29,14088,True
PU-7328B,383,2006,2024-12-16,72076,True
HL-7738K,196,2007,2024-06-07,4705,True
VH-3643F,551,2008,2026-04-26,45206,True
F-8480V,588,2005,2024-09-04,18817,True
F-1168U,931,2020,2025-10-19,11419,True
PR-9088F,147,2024,2026-02-09,15693,True
PR-3615G,264,2020,2024-08-11,59961,True
VH-4160G,394,2018,2026-05-27,71122,True
F-9126J,350,2007,2025-06-19,76173,False
F-6819P,649,2023,2025-04-11,12366,True
VH-2406Y,238,1996,2026-04-18,12989,True
B-8286Y,729,2015,2026-05-06,36849,True
VH-8636X,880,2005,2024-08-10,31923,True
G-4134Q,529,2000,2025-05-26,66870,True
D-244M,955,2020,2024-06-24,65423,True
PS-643R,834,2009,2025-03-29,23632,True
F-5231B,462,2018,2024-08-21,5110,True
PS-7185R,92,1993,2024-11-09,33978,True
B-3891M,684,2005,2025-10-20,18541,True
PT-5743J,385,1994,2026-04-14,17121,True
JA-9707C,752,2001,2024-06-30,23846,True
VH-6894V,458,2002,2024-08-29,13618,True
PU-2077U,671,2006,2024-08-21,75251,True
VH-6904X,690,2010,2025-11-06,13581,True
N-8356B,861,2001,2024-09-07,823,True
PS-1609K,647,2000,2025-05-19,13304,True
JA-9044A,584,2016,2024-11-14,9154,True
TC-2628B,976,1997,2025-07-20,72005,True
TC-4974X,237,2010,2024-11-21,77950,True
PS-296Y,636,2023,2026-03-29,7073,True
D-2488P,903,2002,2024-08-11,68117,False
G-5642R,315,2013,2025-10-31,54851,True
VH-4205L,296,1990,2025-07-12,47113,True
PR-6649K,433,2022,2025-10-05,13139,True
PU-236T,534,2013,2026-03-07,20663,True
JA-7840F,649,2017,2025-10-19,17055,True
EC-3143H,740,2008,2024-08-09,54016,True
F-5029I,427,1994,2025-05-21,57687,True
D-4976H,26,2018,2024-10-06,51690,True
VH-6391O,869,2006,2024-06-25,694,True
PT-8604X,959,2009,2026-05-31,60845,True
HL-7088M,600,2013,2024-12-08,25043,True
G-484O,984,1995,2025-02-03,19104,True
TC-975R,258,2020,2025-06-02,50150,True
PP-574Y,692,2012,2025-09-01,50007,True
VH-4979Y,465,1997,2025-03-24,69800,True
VH-8549Q,845,1994,2025-03-06,38129,True
PS-7575D,62,2008,2026-03-15,41552,True
PP-6323B,606,2015,2025-04-25,4692,True
PR-7552K,57,2019,2024-12-20,75751,True
B-2474F,833,1994,2024-06-11,59729,True
G-6808P,455,2009,2024-06-25,65652,True
EC-3377A,724,1994,2024-07-21,52274,True
VH-7158Q,978,2007,2025-08-18,16436,True
TC-7053H,950,2003,2024-07-21,57285,True
HL-9706D,999,2005,2025-11-01,41510,True
EC-7235L,469,2000,2026-01-24,60997,True
D-9146D,673,2022,2026-03-25,33504,True
JA-5085O,390,2001,2025-10-19,31089,True
PP-6539Y,501,1993,2026-05-25,77889,True
PT-9228N,474,2020,2025-12-25,11492,True
G-4662C,532,1997,2026-05-10,34443,True
PR-4287V,690,1995,2025-02-03,19839,True
TC-3740N,917,2002,2025-01-13,19024,True
PR-2841T,459,2022,2026-03-28,597,True
HL-1297G,781,2009,2024-09-10,63671,True
HL-793S,445,2021,2026-01-29,32042,True
TC-7013M,495,2012,2025-04-07,8849,True
N-3537O,837,2014,2025-12-15,59944,True
PS-2935P,309,1995,2024-07-16,38916,True
F-3980T,978,2018,2025-12-05,41844,True
N-3696A,564,2002,2026-04-27,27871,True
B-705D,301,2017,2026-04-11,64199,True
N-1340C,981,2024,2025-05-07,73526,True
TC-3114P,54,2005,2025-08-05,20865,True
PP-4960X,518,1994,2026-02-28,31020,True
PU-3299O,275,2012,2024-09-25,48387,True
G-7248Y,944,2005,2026-03-25,74672,True
PR-8883C,585,1998,2025-01-13,65115,True
F-4590W,534,2000,2024-07-30,64055,True
EC-5069O,619,2001,2024-09-05,22394,True
TC-954C,988,1999,2025-04-25,33413,True
D-5916T,323,2020,2026-04-08,50186,True
D-2064W,74,2002,2025-01-05,41834,True
D-602R,467,1997,2024-11-08,54566,True
F-1899O,51,2003,2024-12-29,57595,True
PS-5460F,295,1999,2026-01-15,72228,True
G-9607I,338,2005,2025-11-18,71284,True
N-4973F,651,2019,2024-10-14,17501,True
VH-7274L,778,2002,2025-01-23,72697,True
VH-9645W,762,1998,2025-10-28,4420,True
TC-8586E,919,2000,2025-12-03,26066,True
EC-3049L,694,2014,2026-03-18,69955,True
VH-5370A,389,2016,2024-07-26,3349,True
TC-1503M,354,2011,2026-03-13,68955,True
G-5897D,84,2012,2024-09-04,3817,True
N-6161R,106,2024,2024-12-15,7322,True
VH-939N,410,1991,2026-04-15,46595,True
VH-8022P,675,2001,2025-06-04,13756,True
G-390B,551,2007,2025-02-03,28026,True
TC-499X,436,2005,2026-04-14,79810,True
PS-8194Q,142,2005,2025-01-14,55298,True
PT-319T,696,2021,2025-10-26,69116,True
HL-1162S,102,2014,2025-04-05,25943,True
JA-1904N,339,1995,2025-05-07,54918,True
PR-4520P,189,1996,2024-09-22,42812,True
D-622A,628,2003,2025-01-01,43297,True
TC-1417P,928,1993,2026-05-09,24403,False
VH-5856K,964,2013,2026-01-07,1861,True
PT-9005O,966,2023,2025-07-17,75880,False
PR-5422F,604,2006,2024-09-23,18943,True
N-5771V,272,2002,2024-09-08,25799,True
PP-3551F,661,1995,2024-11-26,22683,True
PS-219E,339,2022,2026-03-18,26584,True
PR-3672M,645,1994,2024-07-20,31311,True
D-7023X,594,1990,2025-10-15,33457,True
VH-8022U,270,2009,2025-04-28,65076,True
HL-3867A,620,2022,2026-04-27,13359,True
PR-7389U,739,2025,2026-04-18,1748,True
HL-9249P,430,2014,2025-01-16,62978,True
N-3476G,298,2002,2024-09-08,31772,True
B-7636Q,305,2004,2025-12-30,59714,False
PT-1305Q,779,1992,2024-07-28,26110,True
G-1468G,402,2003,2026-02-10,63020,True
N-493N,23,2010,2024-08-02,7884,True
JA-6228D,920,1997,2025-04-26,51785,True
JA-7941R,773,2008,2026-05-18,46383,True
D-3949N,832,2000,2025-07-04,46031,True
PS-310H,274,1998,2024-12-22,56751,True
PR-2865O,856,2005,2025-04-08,24451,True
G-2239O,139,2023,2024-07-14,60815,False
PP-5054X,15,1991,2024-11-23,76998,True
N-1431C,4,2001,2025-07-09,74521,True
VH-4433A,589,2016,2026-02-18,46133,True
HL-9235S,942,2012,2025-09-09,49785,True
JA-5915T,996,2023,2026-02-20,11984,True
D-1149G,898,1992,2025-02-27,29125,True
EC-2476Z,575,2008,2024-08-16,39083,True
PP-1858G,558,2008,2025-10-02,26724,True
PT-4079H,784,1992,2025-11-29,8034,True
PU-2813T,339,2014,2025-02-19,191,True
B-2214T,204,1990,2025-09-21,76197,True
F-8134U,188,1991,2024-09-25,22255,False
D-5925E,52,1991,2024-12-03,22574,True
G-9832G,86,2022,2025-01-04,56661,False
JA-2755H,836,1997,2026-05-17,34822,True
D-4711J,237,2021,2025-11-19,32189,False
PS-5869T,430,1998,2025-04-26,63965,True
PR-673X,601,2021,2025-04-01,50063,True
TC-3155K,141,2019,2025-02-04,32005,True
TC-6420P,999,2006,2024-09-24,72003,True
PS-9572D,281,1999,2024-07-22,1029,True
D-6038Y,403,2009,2026-03-20,8207,True
PS-1245J,30,1996,2026-01-08,30748,True
F-7827W,575,2009,2025-06-21,21201,True
N-4047W,800,2002,2025-01-10,60549,True
TC-9703I,910,2001,2025-04-27,70213,True
PR-8895W,643,2024,2024-12-18,66381,True
VH-3733Q,9,2001,2025-02-09,71445,True
PP-1230E,778,1993,2024-10-26,6402,True
VH-1585M,274,2025,2026-01-14,47141,True
HL-6127L,582,2015,2026-05-21,34298,True
D-617G,891,1998,2024-11-30,15868,True
PR-4015T,376,1992,2024-08-17,71835,True
F-9070Q,287,2000,2025-05-04,30373,True
N-4442A,139,1994,2026-01-07,53978,True
JA-840N,566,1994,2026-04-05,29818,True
G-3442V,729,2014,2024-12-28,19178,True
VH-4804N,790,2001,2025-08-26,56206,True
G-2093L,682,2021,2026-02-07,59068,True
B-3852K,676,2012,2025-02-01,11011,True
PP-7659I,974,2025,2024-06-09,38867,True
EC-3142O,44,2012,2025-05-02,75899,True
TC-4658M,101,2018,2024-06-28,29322,True
G-1018N,724,2022,2026-01-28,37613,True
D-144N,741,2021,2025-02-08,40281,False
JA-1139V,161,2014,2025-10-16,3919,True
F-7558U,56,1991,2026-03-02,58653,True
PT-523N,966,2008,2025-01-11,66673,True
B-2472Y,200,1999,2024-08-21,46776,True
F-6602S,637,2022,2024-08-15,2101,True
F-8873D,292,2023,2025-11-20,39417,True
EC-5192M,704,2011,2026-04-17,34359,True
PT-3053I,734,2001,2024-11-14,18934,True
PR-7054Y,636,1995,2025-06-06,32723,True
PP-2063P,729,2000,2026-05-24,41007,True
JA-1368R,422,2017,2025-10-22,58114,True
PP-3571Z,915,2016,2024-08-21,63307,True
JA-7540N,726,2013,2026-05-26,76648,True
TC-9219M,230,2018,2024-11-22,73009,True
VH-8773L,343,2018,2025-10-13,14400,True
TC-1419Y,535,2020,2025-11-07,17162,True
F-1963Q,750,2018,2025-01-13,2370,True
PS-3666P,645,2024,2025-10-12,59742,True
D-2602W,422,2018,2025-04-28,27747,True
G-8601D,240,2016,2025-12-30,8602,True
VH-3740M,316,1993,2026-04-20,63326,True
PP-852W,999,2001,2026-02-05,70593,True
HL-573P,315,2010,2024-12-07,53564,True
HL-4665C,657,2005,2025-10-06,18749,True
EC-1878X,133,2005,2024-08-22,9555,True
VH-1475I,174,1995,2026-01-10,46070,True
N-4281Y,351,1997,2025-11-14,32903,True
PS-8977E,354,1993,2024-06-11,7419,True
JA-6363V,619,1998,2025-06-22,4673,True
PR-3266I,710,1994,2025-07-29,47162,True
B-2343W,557,2002,2025-09-09,37051,True
PP-8573H,362,1998,2026-03-22,58002,True
PR-7408P,663,1994,2025-11-15,36049,True
D-6589J,147,2004,2024-07-07,51859,True
PT-8172U,48,2005,2025-10-11,17260,True
PP-3814J,72,2019,2025-06-12,59911,True
JA-2589Y,707,1995,2025-07-22,13794,True
PR-6082F,295,2010,2025-04-30,51567,False
PR-1649F,771,2020,2025-08-23,15847,True
HL-722S,689,2024,2026-03-13,37800,True
PP-7387Y,36,2007,2025-11-15,25728,True
N-2886D,95,2021,2026-01-05,16080,True
F-6924X,188,2012,2025-02-06,52706,True
PT-6131N,247,2017,2025-05-19,72794,True
G-4567V,396,2011,2026-01-03,2335,True
N-6254S,397,1990,2025-03-20,54351,True
PP-8583L,234,2014,2024-07-13,63938,True
EC-2888R,645,1994,2024-08-27,69283,True
D-1350Z,784,1994,2025-08-08,26435,True
G-3924L,789,2008,2026-02-13,25050,True
PS-4091D,95,1999,2026-01-17,64101,True
G-4784K,318,2020,2025-07-16,69272,True
PS-9458X,672,1991,2024-11-25,36583,True
D-1565A,245,1992,2024-06-12,27488,True
D-9731T,119,2015,2025-01-01,9303,True
N-124F,631,2019,2024-08-23,52265,True
B-7123I,290,1990,2025-11-24,78318,True
PR-5347P,451,2017,2025-11-07,11376,True
PR-6378S,759,1999,2025-02-07,51353,False
N-4756E,572,2016,2025-10-07,28164,True
D-4700B,837,2025,2026-03-30,66005,True
N-1851O,315,2006,2025-01-04,38915,True
PT-4089Y,540,2024,2025-10-11,17014,True
VH-3065X,252,2012,2025-01-08,45000,True
PS-7633G,252,2024,2025-06-16,7740,True
G-1740P,491,2022,2025-01-26,73909,False
HL-3521R,711,1995,2026-03-14,6938,False
PS-1863A,323,2012,2025-06-24,3662,True
G-2138I,5,2006,2024-12-05,67455,True
D-1948V,445,1993,2024-12-03,63073,True
PS-3792R,150,1996,2024-12-26,7456,True
PR-855T,111,1997,2025-11-29,36548,True
F-9958E,120,2014,2024-11-22,72715,True
PR-9503Q,861,2007,2025-03-17,60664,True
EC-8634U,226,2014,2025-10-23,33694,True
EC-282U,432,1997,2026-03-08,1831,True
PR-3719H,533,1999,2025-10-22,19350,True
PS-9155U,725,2000,2026-03-29,23948,True
PS-7609K,334,2021,2025-09-17,17813,True
PR-5559T,136,2010,2025-06-01,3687,True
F-8869O,156,1992,2024-12-12,53634,True
N-7330P,416,2021,2025-05-03,60974,True
B-8364P,126,2002,2026-01-12,1302,True
PU-8335G,618,2021,2025-09-13,17179,False
PR-6519W,436,2003,2025-06-08,17047,True
G-8425S,554,2014,2024-06-28,46371,True
F-9702Y,800,2005,2024-08-13,52521,True
HL-399N,768,1994,2025-10-31,74355,True
JA-8198L,9,1990,2025-04-29,28531,True
B-4995U,58,2006,2025-06-26,26871,True
F-140C,363,2003,2026-01-22,9190,True
TC-203A,771,2013,2025-03-08,69844,True
VH-3216J,705,2024,2024-10-01,42049,True
F-4905Z,189,2011,2026-03-13,43039,True
PU-1136X,453,2023,2025-03-10,39533,True
HL-7493M,29,1996,2026-03-13,68381,True
PS-3162Y,368,2020,2024-12-06,74805,True
PT-6398T,364,2004,2024-07-31,47988,True
VH-6768Y,847,2002,2025-11-01,56040,True
B-3110K,587,1991,2026-02-20,33834,True
VH-218C,630,2005,2026-03-17,75150,True
JA-9276S,522,1995,2025-11-29,66708,True
PS-3154I,836,2009,2025-06-12,47455,True
PU-3935J,665,2001,2026-02-11,41280,True
VH-1336F,964,1999,2026-04-02,73000,True
EC-5569E,599,2004,2025-02-05,65698,True
PR-7230E,552,2014,2024-07-09,72424,True
PP-1715V,44,1992,2024-12-16,59915,True
EC-631C,208,2001,2024-06-05,46160,True
D-473U,783,2009,2026-02-09,37622,True
PT-4351Q,147,1999,2025-08-13,36599,True
B-399F,902,2011,2024-11-15,42502,True
F-6070K,923,2018,2025-06-04,27389,True
PS-8100I,173,2015,2024-06-16,981,True
N-828E,680,2015,2024-08-05,20636,True
N-9715T,113,2007,2026-05-11,31143,True
N-3667Z,586,2013,2026-01-03,78026,True
G-9964D,477,2000,2024-08-30,1907,True
PS-7233W,498,2025,2025-07-09,66008,True
PS-7869G,399,2004,2025-02-11,6293,True
TC-3101P,940,2020,2025-09-27,26331,True
JA-8985Z,921,1995,2025-04-07,16111,True
PU-9050P,547,1991,2025-08-08,46840,True
PT-8991J,297,1993,2025-08-20,74607,False
HL-2851K,825,2010,2025-11-25,67620,True
PP-5408O,204,1997,2025-05-15,27759,False
PP-610H,464,2005,2024-12-27,45373,True
HL-6087U,239,2002,2025-10-15,33129,True
PR-1671N,285,2019,2024-06-15,71185,True
VH-1096W,427,1992,2025-12-27,29988,True
PT-8884M,362,2022,2025-09-26,41881,True
PP-1240X,296,2015,2025-03-07,42282,True
TC-1827S,828,2003,2024-10-11,22728,True
PP-462Z,822,2015,2025-08-14,8790,True
VH-5285A,82,1995,2024-06-18,57364,True
TC-8459W,453,2010,2025-02-11,2736,True
PU-7736U,718,1992,2025-12-16,1499,True
G-3105E,331,1992,2026-02-03,9958,True
HL-8184K,626,1994,2025-10-25,60930,True
B-9052U,608,1992,2026-05-31,78659,True
PS-9323Z,840,2004,2025-03-04,53578,True
JA-5149U,288,2021,2024-06-27,2349,True
JA-411N,444,1993,2025-09-10,47030,True
G-5362E,484,2003,2025-02-28,75711,True
B-9233H,992,1994,2025-06-12,12513,True
HL-5429S,516,2000,2026-05-18,18248,True
PT-8544W,613,2024,2025-08-19,58843,True
PT-7175E,700,2008,2024-09-28,33386,True
PT-6584T,966,2016,2025-06-27,10796,True
PR-4092I,31,2024,2024-07-24,36908,True
F-5395H,125,2010,2025-07-19,5816,True
PP-7561U,299,2005,2024-12-26,73817,True
EC-1997S,104,2014,2025-05-15,46189,True
EC-4704R,25,2016,2025-12-20,17641,True
VH-5280Z,135,2021,2024-09-29,43824,True
VH-6570B,460,2000,2025-04-01,46373,True
HL-9849G,195,2004,2025-04-07,2820,True
B-6940Y,561,2001,2025-06-29,18676,False
PS-8459J,345,2000,2024-07-10,72835,True
PU-9487O,527,2010,2025-04-06,58582,True
HL-2553H,149,2014,2024-11-08,49354,True
PR-3537R,160,1997,2025-12-29,15584,True
PP-222Y,328,1992,2026-04-15,16803,True
HL-5327C,249,1993,2025-09-15,73903,True
EC-6525F,624,2009,2025-09-15,23601,True
VH-6774J,659,2021,2025-10-08,64414,False
PR-3683J,346,2014,2026-04-25,22879,True
N-5515E,497,2006,2024-10-13,20081,True
PT-6643S,946,1996,2025-01-11,76568,True
B-8046L,838,2009,2024-07-31,15026,True
JA-350I,331,2006,2025-04-28,75294,False
N-5032X,885,2021,2026-06-02,68959,True
PP-2504J,58,2022,2025-10-08,68548,True
G-6705C,951,1996,2024-08-14,69216,True
D-1041A,449,2007,2024-08-11,72654,True
PR-319N,94,2025,2025-09-08,5169,True
PR-3206D,383,2013,2025-02-26,56616,True
D-5293F,118,2016,2026-04-02,25610,True
B-2677U,263,2007,2024-12-28,39479,True
N-572O,445,2010,2024-06-29,40181,True
TC-8490S,100,2010,2026-02-23,48682,True
EC-8871S,478,2021,2025-11-19,47523,True
VH-2025J,137,2010,2025-12-14,65552,False
JA-4945E,163,1997,2025-12-16,21164,False
PS-7784X,219,2016,2026-05-19,1594,False
PU-5376F,955,2005,2026-05-01,23183,True
B-1888Y,296,1998,2025-10-09,4435,True
PT-8086S,218,2010,2026-03-08,28785,True
PS-344P,73,2022,2026-05-25,39819,True
PR-517H,733,2011,2026-02-05,14429,True
EC-932U,214,2003,2025-03-25,30492,True
PS-9425G,908,2014,2024-10-17,4669,True
N-7853E,749,1993,2025-12-28,59071,True
PT-6018V,781,2016,2025-06-16,64175,True
G-2968H,515,2017,2025-07-05,47041,True
G-3938A,807,1996,2025-10-16,49362,True
F-1027G,36,2003,2026-04-25,68644,True
EC-4597F,408,2003,2026-04-26,37043,False
N-4930Y,505,2012,2025-09-19,48822,True
HL-6687T,533,2004,2024-06-22,20527,True
HL-9576C,720,2025,2025-07-03,8776,True
TC-212T,993,1994,2025-07-20,73869,True
D-7797W,30,1995,2025-12-25,75416,True
F-3162P,475,1997,2026-01-01,59841,True
G-8231Q,338,2025,2025-10-24,57360,True
G-2113E,83,2018,2024-07-13,64128,True
JA-4734X,265,2009,2025-04-03,14203,True
G-5997O,293,2003,2025-06-27,63080,True
N-9930Q,189,2008,2026-02-12,69851,True
PP-8925Z,971,1997,2024-11-05,66288,True
B-1653F,631,2013,2024-08-10,46106,True
VH-4600K,459,2002,2026-01-14,42563,True
PU-671Z,458,1996,2024-09-05,39924,True
TC-9454C,203,1996,2024-09-26,5440,True
TC-6188E,511,2009,2025-11-02,7258,True
PU-5929N,258,2010,2026-03-02,36676,True
PT-3013S,58,2005,2024-09-01,69224,True
G-5328D,157,2006,2025-05-25,59099,True
EC-2252M,790,2004,2026-05-30,25569,True
TC-648T,358,1997,2025-08-28,9103,True
VH-1461V,828,2001,2025-02-15,19076,True
JA-7196D,360,2025,2025-09-13,33353,True
N-1482C,932,2024,2024-09-18,62121,True
TC-3069F,245,1997,2026-04-15,73446,True
PS-1534W,775,2003,2025-08-06,22455,True
N-8143A,205,2008,2024-09-25,3774,True
HL-2021X,978,2024,2026-01-27,12249,True
F-6153J,235,2015,2026-03-05,19026,True
D-4469Q,865,1996,2026-04-17,73563,True
PT-7944X,567,2010,2024-10-04,17672,True
G-4861F,836,2022,2024-11-11,33180,True
B-6493R,325,1997,2024-12-06,77429,True
PT-8086W,952,2012,2024-08-04,70762,True
G-9934E,462,2008,2024-10-23,21069,True
PR-969H,635,1997,2025-02-12,51423,True
PP-8486C,111,1996,2025-04-01,13298,True
PU-434J,729,2021,2025-06-14,71322,True
B-7791H,488,2009,2025-06-24,66903,False
PP-2033X,704,2019,2024-09-16,490,True
D-4064S,871,2020,2025-02-25,7362,True
G-3827D,434,1998,2024-06-03,75873,True
PT-948O,491,1997,2026-03-04,76260,True
TC-8222N,502,2006,2025-11-20,8690,True
G-932M,273,2025,2025-12-04,44339,True
VH-8678R,669,2008,2026-03-11,40901,True
PP-4800K,60,2007,2024-11-15,66464,True
PU-5900H,515,2017,2025-07-10,73270,True
JA-4899K,110,2001,2026-03-25,54640,True
PP-8184N,432,2018,2025-02-24,31118,True
N-6143F,324,2007,2026-01-10,12035,True
HL-8932G,932,2001,2026-04-25,11615,True
G-8928D,567,2016,2025-05-01,67818,True
HL-6503G,306,2010,2024-09-05,69111,True
G-9764P,941,2021,2025-04-27,8307,False
N-6269Q,858,2025,2024-10-15,24063,True
JA-3970J,181,2009,2025-11-19,23957,True
EC-3127Q,896,2023,2025-05-25,62196,False
PR-5537E,358,1995,2025-11-27,27486,True
D-2982K,547,2015,2024-08-31,15389,True
PT-1167U,264,1990,2024-12-21,71907,True
JA-8316O,265,1999,2024-08-12,54116,True
VH-5205O,120,2000,2024-10-27,8989,True
G-2156P,384,2019,2025-01-04,25109,True
JA-3115B,26,2016,2026-02-06,12473,True
VH-3756N,567,2012,2024-10-15,20376,True
VH-7793Y,291,2024,2025-06-22,1284,True
JA-3281H,651,2012,2025-10-21,20970,True
HL-8563U,260,2013,2025-12-04,78312,True
B-9250G,994,2023,2025-06-21,40372,True
D-4825S,995,1994,2024-10-26,51524,True
EC-8656D,325,2010,2024-09-21,42378,True
PS-7120Y,715,1993,2024-11-05,40743,True
N-2007U,7,2008,2025-02-02,24206,True
PP-5349R,267,2015,2025-10-20,49057,True
EC-9621G,205,2005,2025-06-19,44409,True
D-7190R,802,2013,2024-11-29,25199,True
TC-4541S,631,2007,2025-11-27,2880,True
HL-4525X,464,2019,2025-06-17,19354,True
D-2625Q,25,1998,2026-04-03,65210,True
JA-1305J,1,1991,2024-12-16,37344,True
TC-4303B,541,2021,2024-10-19,78842,True
D-3965N,113,2022,2026-05-08,68812,True
JA-5728E,278,2013,2026-02-01,21145,True
G-4891F,665,1992,2024-08-19,12225,True
F-925Q,173,2010,2025-11-09,33029,True
VH-5320E,86,1995,2026-04-28,17977,True
B-6074S,909,2009,2025-01-28,55395,True
PS-9308D,769,2020,2025-12-15,74622,True
PU-2516O,431,1992,2024-09-27,13272,True
PR-6251T,659,1993,2024-06-11,43211,True
TC-3321O,63,1997,2025-09-18,78567,True
G-3824T,786,2023,2024-12-15,53286,True
TC-1129I,656,2003,2024-10-23,53474,True
PP-9412M,731,1993,2024-06-28,45198,True
N-3051C,604,1992,2025-05-09,76377,True
D-2136F,988,2010,2025-09-06,70392,True
TC-4601A,303,2021,2024-12-04,54360,True
F-4154Z,755,1991,2026-04-29,57380,True
TC-4673N,50,1990,2025-06-10,63938,True
JA-4265B,650,2020,2024-12-21,57285,True
B-6358I,265,1999,2024-08-27,41035,True
EC-3881H,260,2024,2025-03-16,66040,True
N-5151N,560,1993,2025-10-19,657,True
PR-7362N,282,2014,2025-07-01,47590,True
JA-8254V,383,2011,2025-05-21,74126,True
VH-7859I,131,2003,2024-07-22,30374,True
VH-2101E,559,2005,2025-09-24,37688,True
PS-7810A,247,2019,2025-12-04,44647,True
HL-6929Q,384,2020,2025-09-23,46700,True
EC-1162M,659,1996,2025-01-11,24746,True
G-9124Z,624,2004,2024-09-21,30818,True
G-6600C,386,2003,2025-02-22,65786,True
PT-2073O,156,1999,2024-07-11,44320,True
B-5424P,313,2023,2026-03-31,15499,True
B-3521F,316,2017,2025-10-29,6796,True
HL-3817T,527,1996,2025-02-12,68730,False
N-5849I,177,1992,2025-08-16,51319,False
VH-4193T,819,2015,2024-09-15,6973,True
D-9073S,763,2006,2025-10-30,75586,True
PS-5648Y,993,1990,2026-03-21,52595,True
D-7524F,963,2003,2026-02-08,66962,True
D-5857C,116,2005,2025-02-13,39314,True
G-5662O,606,2016,2024-11-24,72994,True
PS-3153B,141,2000,2026-04-08,33957,False
D-3743V,165,2025,2026-05-05,10863,True
JA-5378Y,714,2009,2025-10-12,27398,True
PP-4358U,418,2021,2026-02-18,32796,False
PR-4828A,308,2005,2026-05-07,58791,True
HL-4764C,120,2013,2024-06-03,69305,True
TC-3773N,917,1993,2026-04-03,54028,True
PS-4431B,381,1995,2026-01-18,26472,False
N-7683F,239,2013,2025-08-22,27007,True
EC-1969Q,175,2004,2025-03-11,28900,True
G-8066D,429,1998,2025-03-07,78352,True
G-9119C,675,2019,2025-11-19,43681,True
PT-4805J,837,1998,2026-03-22,32266,True
HL-2648V,101,2010,2025-12-28,53151,False
PS-2852J,904,2021,2025-11-15,40190,True
TC-8733P,994,1998,2025-08-01,64724,True
N-5905X,74,2004,2025-06-18,61224,True
JA-5858W,827,2018,2025-06-20,78571,True
HL-8982X,931,1991,2025-09-17,73246,True
VH-4849D,469,2022,2026-02-13,54787,True
D-3767T,785,2003,2025-12-02,57064,True
EC-5030X,768,2011,2025-09-16,64452,True
PP-941G,916,2010,2024-11-22,21423,True
PU-8953D,122,2006,2025-04-05,54709,True
PT-4071R,869,2004,2025-01-17,31959,True
F-7153G,702,2008,2025-11-05,75341,True
B-5400W,690,1998,2026-01-31,36540,True
D-1930B,932,2007,2024-10-21,13036,True
PP-9207K,858,1996,2025-06-16,840,True
PR-1257N,281,1992,2024-11-12,35037,False
EC-7770Y,996,2015,2025-05-25,16960,True
F-9206A,448,1992,2025-08-30,36250,True
TC-8353S,82,1996,2025-02-27,39851,True
PP-1245T,925,1997,2025-05-20,22230,False
PP-4257J,66,2023,2024-09-25,41384,True
PT-6926Y,430,2008,2024-11-21,10362,True
PR-6128P,760,2011,2025-07-11,50572,True
PT-1312U,235,2006,2025-12-14,29113,True
PS-3113T,228,1996,2025-10-01,33972,True
EC-2298X,530,1999,2024-08-18,20484,True
JA-6677H,284,2020,2025-04-25,21912,True
G-2825X,277,2018,2025-11-12,13651,True
B-3924S,97,2016,2026-02-01,41660,True
PP-7371V,917,2018,2026-05-05,26109,False
D-2315V,259,1990,2024-07-27,30639,True
F-761A,907,2000,2024-09-09,46536,True
VH-4806A,442,2007,2025-08-28,50038,True
D-7021L,969,1994,2024-09-25,64485,True
JA-8279W,321,2004,2024-08-07,20583,True
PP-3428U,393,2010,2024-12-04,43523,True
PU-1877I,601,2002,2025-02-06,578,False
JA-6130T,2,2003,2024-08-21,73435,True
PR-3999B,599,2000,2024-08-20,18105,True
F-3768Z,317,2002,2025-10-27,50617,True
PU-6153M,435,2002,2026-04-22,3060,True
HL-828M,437,2010,2025-10-09,72009,True
JA-4800Y,627,2007,2024-07-29,2477,True
G-5038J,418,2013,2024-12-04,8730,True
PT-8052V,592,1999,2025-10-24,30388,True
PR-2346Q,516,2002,2024-11-10,36412,True
VH-2174R,274,2008,2024-07-11,43474,True
TC-776P,318,2000,2024-08-24,67511,True
F-431G,729,2021,2024-06-24,76089,True
PU-593B,11,1994,2025-06-06,481,True
N-7200Q,925,2020,2025-02-11,62138,True
PS-7181I,926,2014,2024-10-25,39826,True
VH-2604D,844,2015,2025-03-18,76329,True
VH-8675T,815,2000,2026-01-17,65541,True
D-9659Z,465,2004,2025-11-09,38457,True
TC-5338T,443,2002,2024-07-06,47297,True
PP-3370X,87,2010,2024-10-18,16602,True
VH-6697B,369,2019,2026-04-07,77802,True
PT-5228O,327,2023,2024-12-21,15668,True
PR-1367X,378,2009,2025-04-12,40423,True
PT-3042I,381,2021,2025-08-23,30812,True
EC-8963I,524,1992,2025-01-04,7473,True
PR-3749F,876,2023,2025-07-14,64772,True
B-944O,971,2023,2026-03-10,75758,True
JA-1211P,540,2005,2026-01-25,19649,True
HL-2280L,682,1993,2026-02-23,78405,True
B-6134X,843,2013,2025-01-11,59291,True
PP-2483F,249,1998,2025-12-06,52667,True
PT-7529L,294,1999,2025-12-22,51553,True
JA-8797Q,799,2003,2026-04-14,21900,True
TC-9512U,82,1998,2024-08-21,35725,True
PU-9149G,670,1992,2024-10-12,54811,True
F-4535Y,340,2015,2024-11-12,63412,True
F-5837P,202,1991,2024-09-18,17537,True
JA-3540V,763,2008,2026-03-03,73084,True
JA-7340C,276,2015,2025-12-20,61707,True
VH-9751X,742,1993,2024-09-07,20173,True
JA-7349B,116,2023,2024-10-20,27836,True
D-4396A,932,2002,2024-11-26,15312,True
PU-7928Z,275,2005,2026-03-28,34120,True
F-1907Y,771,2013,2024-10-12,58554,True
HL-6181C,383,1993,2026-05-06,18644,True
G-4371K,623,2025,2024-06-27,18197,True
PU-2017L,87,2020,2025-08-09,53504,True
PS-8482N,91,2025,2025-06-13,79982,False
N-5033A,646,2004,2026-02-02,8072,True
N-3736L,331,2011,2024-12-12,77328,True
N-3309T,460,2001,2025-07-13,1449,True
JA-5416N,17,1990,2026-01-07,54741,True
PU-2393A,621,2001,2025-02-06,18630,True
EC-8157Z,253,2016,2026-04-21,60793,True
D-1517B,399,1991,2025-11-30,13071,True
PT-3910U,830,1990,2026-04-01,29354,True
PS-2713H,364,2009,2026-02-17,29331,True
D-4350K,213,2017,2025-06-05,43905,True
B-2352M,487,2009,2024-07-18,13086,True
PT-6579H,989,2022,2026-06-02,21665,True
EC-6370F,172,2004,2026-01-19,63935,True
JA-8905I,224,2017,2026-01-10,6478,True
EC-6324W,56,2019,2026-01-16,76333,True
HL-1399A,359,1996,2025-12-12,46294,True
JA-7632C,643,1993,2025-08-23,69574,True
G-6168G,708,2011,2025-01-24,75368,True
F-6032X,677,1994,2024-11-09,47870,True
PS-2637B,732,2000,2025-08-30,73193,True
N-3992I,155,2007,2026-03-09,79116,True
JA-1411K,978,2000,2026-03-11,69789,True
PR-6929I,857,2023,2024-08-22,53609,True
VH-5239O,674,2019,2024-12-12,77214,True
TC-3130I,413,2015,2025-06-09,34852,True
PP-8673S,444,2002,2024-06-11,69224,True
EC-9560N,522,1990,2025-07-16,13542,True
G-6279S,740,2002,2025-03-03,7099,False
PU-7408M,287,2000,2025-08-12,37728,True
PU-2425X,576,2001,2026-04-14,70795,True
F-3241E,346,2013,2025-05-09,10796,True
G-6576Z,750,1994,2025-07-10,63485,True
PP-7291F,621,2019,2024-11-08,24279,True
G-463R,404,2017,2025-06-09,2530,True
PP-9703M,235,1994,2025-09-24,53795,True
PR-2019W,185,2007,2024-10-11,7812,True
VH-262X,695,2003,2024-09-06,40907,True
PT-7964N,5,2021,2024-11-23,14963,True
D-7920P,864,2003,2024-08-27,68126,True
PR-4388O,842,1991,2025-04-27,35614,True
PP-809V,557,2017,2026-02-25,52988,True
D-8802N,194,2013,2025-12-29,77798,True
PS-324W,714,1994,2025-08-06,19486,True
EC-5030D,333,2005,2024-10-24,42380,True
PS-2094Q,483,1990,2024-09-19,45440,True
EC-9104F,928,1999,2025-03-20,8556,True
HL-2373X,384,2004,2025-10-19,22744,True
PU-242W,799,2023,2024-07-14,38624,True
TC-8258J,588,2002,2025-07-07,69571,True
TC-1410N,144,2005,2024-06-07,19072,True
B-2276Q,512,2007,2025-09-24,40400,True
PR-2397S,116,2002,2026-02-20,27621,True
D-7030A,883,2003,2025-09-07,76844,True
B-2117S,106,2016,2024-11-11,42840,True
PR-6464I,962,2003,2025-05-14,67101,True
N-1133E,629,2022,2024-07-24,55610,True
PS-1943Q,700,1991,2025-03-18,42330,True
PS-237T,463,2015,2024-08-23,76618,False
VH-4952M,205,2010,2025-09-30,3024,True
PS-1890R,843,2024,2024-11-29,44284,True
PS-7765O,371,2005,2024-07-29,28581,True
VH-4323U,46,2010,2026-05-21,31983,True
HL-3266F,661,2007,2025-05-16,32472,True
PS-5464A,403,2023,2026-03-18,38040,True
PS-3673X,530,1991,2025-07-29,21055,True
PU-8275X,92,2001,2025-01-22,62041,True
PR-6549M,258,2009,2024-12-28,72338,True
VH-6762Z,495,2025,2025-12-08,49392,True
PP-6625X,970,2022,2025-09-09,46753,True
PT-2515P,786,1993,2025-07-29,12492,True
JA-3438N,58,2015,2025-08-10,29671,True
HL-8239A,806,2010,2026-02-03,44146,True
G-5618D,343,2007,2026-01-23,11701,True
PP-3714W,990,2024,2026-02-16,54796,True
PU-5261A,623,2009,2024-12-10,16377,True
VH-9193F,160,2012,2025-07-26,67463,True
JA-652C,652,1990,2024-06-04,14296,True
EC-507L,36,2009,2024-11-02,40367,True
VH-8992D,430,2009,2025-05-13,41582,True
JA-672U,766,2023,2025-10-10,14288,False
JA-6603W,232,2011,2025-01-04,46730,True
D-2446M,195,2008,2025-10-19,35749,True
G-6194R,163,2008,2025-05-07,64761,True
PP-5281R,878,2006,2026-04-22,46799,True
PP-2541B,380,1992,2025-12-29,15868,True
G-455A,144,2017,2026-02-16,67946,True
EC-7249P,470,2021,2024-11-28,56752,True
EC-2996B,136,2019,2025-07-29,52660,True
D-5693L,853,2013,2024-09-05,58041,True
PU-3904D,697,2002,2024-08-15,50193,True
D-1609C,410,2000,2024-11-22,46956,True
PP-2315T,841,2004,2026-02-07,73242,True
HL-9511U,84,2024,2024-11-11,62433,True
PS-7750K,621,2005,2025-05-13,59513,True
D-5905D,222,1994,2024-07-19,42872,True
G-2437A,484,1994,2025-11-05,26939,True
EC-4227P,683,2019,2024-12-13,72599,True
VH-948O,600,2006,2025-08-22,45302,True
PS-4582C,106,2001,2024-12-26,28614,True
PU-6760W,186,2024,2025-04-05,42495,False
EC-6638O,706,1999,2024-10-11,804,True
B-4453O,315,1990,2025-01-25,44631,True
PR-3764P,324,1990,2026-03-18,16260,True
JA-6806A,331,2013,2025-03-13,64131,True
PU-7971Q,877,2018,2025-01-31,8259,True
PP-3903P,748,2001,2025-01-27,72861,True
PS-6025P,411,2023,2024-06-26,46893,True
PP-6871L,218,1993,2025-05-09,40990,True
PT-8237W,450,2006,2026-03-29,12612,True
G-8094J,706,2007,2025-06-16,68876,True
G-2049W,953,2011,2026-04-18,13513,True
G-332A,570,1990,2024-06-13,33384,True
PS-6059X,549,2004,2024-06-14,45005,True
B-1837A,49,2016,2025-02-06,61757,False
TC-7415U,443,1991,2026-05-12,32288,True
VH-4447Y,978,2013,2024-11-29,29111,False
VH-7605U,194,2007,2026-05-16,11488,True
D-4626Y,680,1999,2025-03-05,11139,True
F-2089H,206,1993,2025-02-07,79834,True
PS-8712B,123,2025,2025-10-19,7193,True
D-5863Y,194,2019,2025-07-01,38965,True
PP-6944A,26,2000,2025-07-09,55520,True
JA-7298I,351,2022,2024-09-11,50587,True
F-9435U,676,2006,2026-03-27,17132,True
G-2565J,549,2024,2024-11-07,59895,True
TC-606F,769,2025,2026-05-15,18768,True
PS-7136L,815,2010,2024-12-23,19569,True
N-3203Z,552,2008,2025-08-04,68655,True
PR-2951L,105,2012,2025-12-15,61086,True
G-1128T,348,2009,2024-08-19,53754,True
PS-9889A,780,2008,2025-11-02,39836,True
N-710O,72,1994,2024-09-06,27186,True
PS-5749C,267,2017,2026-01-28,32346,True
D-6648L,549,2007,2025-07-04,70357,True
JA-9182Z,789,2010,2024-06-23,39172,True
JA-7605N,183,1990,2025-11-02,55788,True
HL-3889W,663,2008,2025-08-07,66892,True
TC-8036G,467,1991,2026-02-22,24251,True
EC-7922M,815,1997,2024-10-19,62719,True
PS-2368Z,432,2009,2025-08-14,10973,True
B-3135L,372,1997,2025-10-21,38375,True
B-8428K,23,1997,2026-01-02,71120,True
EC-9442A,627,1995,2024-11-29,1297,True
PR-2895M,252,1992,2025-07-08,1706,True
HL-1773T,597,1991,2025-02-07,58747,True
EC-4558R,775,2025,2024-07-17,32392,True
HL-3580T,38,2017,2026-02-18,113,True
D-1175R,960,2019,2026-05-25,23069,True
EC-8066B,195,2006,2024-09-15,41210,True
N-9033Y,645,2022,2025-12-20,22207,True
PP-4199I,929,2015,2026-05-10,77265,True
HL-3499T,647,2020,2025-07-22,38078,True
N-8134P,608,2022,2025-01-05,28995,False
HL-2247D,282,2010,2025-06-19,26854,True
TC-3326H,173,1995,2025-06-10,28324,True
PR-1223S,224,2025,2025-09-04,50323,True
VH-8519Y,167,1998,2025-08-05,52070,True
PP-4145K,431,1996,2026-01-16,8374,True
PU-3245N,101,2008,2024-10-08,64310,True
G-2358S,459,2025,2025-02-21,71187,True
N-5657G,986,1994,2025-07-07,69711,True
VH-4312J,895,2009,2025-06-14,51152,True
PU-8530Q,206,2011,2025-12-25,51371,True
PU-8106D,834,2017,2025-03-04,72505,True
PR-1843P,469,1995,2024-11-19,7595,True
JA-7177T,402,2013,2025-05-28,34121,False
N-539B,150,2002,2024-07-26,48481,True
PU-1465J,782,1992,2025-03-17,61789,True
HL-4232E,84,1991,2025-04-29,41648,True
N-1506G,454,1996,2026-01-21,66449,True
PU-9784U,503,1999,2025-01-16,20112,True
PR-9058B,452,2018,2024-08-18,71020,True
TC-8409Y,332,1995,2025-02-06,22842,True
VH-2540D,800,2019,2026-04-19,56835,True
EC-7128Z,60,2004,2026-03-24,69633,True
PU-8144Q,441,1999,2026-02-18,53672,True
B-1474X,406,1997,2024-12-01,43503,True
PR-1192R,422,1991,2024-11-17,44238,False
N-660X,775,1990,2025-12-31,65382,True
G-1221D,715,2006,2024-06-27,2840,True
G-7503A,237,2009,2025-05-14,60925,False
F-2249M,196,2020,2026-01-22,39341,True
B-4731M,156,1998,2024-06-14,45536,False
D-4366O,446,2000,2025-03-25,12273,True
HL-9506X,249,2024,2025-04-17,28393,True
N-9446H,14,1994,2025-04-21,51484,True
PU-9361O,63,2018,2025-11-12,8657,True
PP-6023P,335,1997,2026-04-25,13547,True
PU-4943W,26,2002,2025-06-20,37414,True
HL-7575K,868,2015,2024-07-19,57951,True
JA-1955X,109,1993,2025-10-15,16372,True
G-139F,451,1995,2026-04-24,17405,True
PT-5733I,38,2022,2025-10-29,48016,True
HL-1459A,235,2002,2025-11-26,39094,True
PR-1066H,196,2009,2025-04-09,44592,True
EC-3195D,651,2020,2024-11-14,40621,True
PP-1623N,371,2022,2026-01-17,12661,True
JA-7913Y,774,1995,2026-05-06,26000,True
VH-7370V,535,2011,2024-11-29,32400,True
HL-7350T,149,2024,2024-08-11,7798,True
PS-6361V,559,1998,2024-08-18,34218,True
D-3148T,505,1996,2025-08-21,28529,True
VH-5465X,528,2000,2026-02-04,42957,False
PU-3587I,682,2001,2024-07-25,12264,True
PT-2722D,710,2024,2025-12-12,23983,True
JA-2858S,97,2006,2025-05-02,45841,True
HL-7770B,661,2010,2025-11-25,37010,True
PS-3010C,158,2010,2024-08-13,77247,True
VH-4907G,145,2007,2024-08-22,38272,True
JA-3106F,62,2019,2025-09-03,67428,True
VH-1899A,339,1991,2025-02-15,71864,True
JA-9881W,277,1993,2025-02-18,70857,True
PT-6740U,473,2000,2025-12-31,31990,True
PS-6684S,251,2013,2024-11-20,13088,True
PR-7703G,526,2013,2024-06-21,8249,True
PS-4829U,218,2013,2025-09-07,55604,True
B-9806J,74,2012,2024-12-09,37714,True
PR-5042N,98,2018,2025-06-17,36291,True
G-3301Z,501,2025,2024-11-08,5055,True
D-1693W,334,1995,2025-12-18,29753,True
PR-186M,194,2008,2024-08-29,4643,True
B-1681F,900,2000,2026-03-17,49408,True
VH-3833Y,963,2014,2024-10-27,14436,True
PT-6093O,608,2019,2024-12-17,58043,True
PU-2258G,479,2023,2025-11-16,65765,True
D-9330W,31,2009,2024-07-16,60399,True
PP-3328Y,802,1990,2024-11-27,31888,True
JA-5225U,901,1991,2025-06-15,13809,True
PP-9424A,846,1993,2025-06-19,13565,True
JA-2761Z,273,2005,2025-09-28,36719,True
N-8400E,143,1995,2024-07-31,21866,True
B-6174C,106,1992,2025-05-30,72305,True
HL-104W,619,2024,2024-06-08,74116,True
PR-6455N,822,2013,2026-01-24,78795,True
HL-3811K,406,1996,2024-11-15,35432,True
PR-9086X,101,2009,2025-06-14,45908,True
VH-9132M,12,2015,2025-08-20,70225,True
B-1536P,757,2009,2025-10-05,34353,True
PR-7978I,615,2011,2025-10-21,22674,True
EC-4425V,621,2024,2024-11-13,75961,True
TC-3854S,124,2014,2024-06-23,3903,False
G-9419J,85,2016,2025-04-19,42716,True
D-533X,914,1994,2024-08-16,45649,True
EC-5802B,776,2016,2026-02-21,32087,True
N-4964D,650,2017,2025-07-25,58138,True
VH-5543H,27,2007,2025-08-27,39894,True
D-5749U,593,2022,2024-09-16,8280,True
VH-6713H,862,1998,2026-04-15,39382,True
PS-3357K,9,2024,2024-07-11,46218,True
PT-2182O,267,2022,2026-04-29,13116,True
G-8785L,178,1991,2024-06-13,44530,True
G-213K,711,2002,2025-01-10,19173,True
VH-1154S,474,2007,2026-05-17,52612,True
G-3485U,544,1999,2025-03-17,48759,True
PR-2679Y,539,2018,2025-07-08,51583,True
JA-7292W,424,2024,2024-09-10,12277,True
EC-2008A,134,1992,2024-07-07,71407,True
PU-633F,975,2024,2025-06-07,77262,True
HL-6974K,661,1991,2024-09-21,5536,True
TC-4181C,625,1991,2026-02-18,69730,True
F-9209F,325,2023,2024-08-15,35530,True
PP-408Q,946,2014,2025-04-01,46606,True
PR-7539P,300,2023,2024-10-21,51029,False
N-6764H,487,2022,2026-03-07,12160,True
JA-6457S,55,2018,2024-12-28,19514,True
PS-2917U,513,2013,2025-05-16,48839,True
D-7664S,898,2020,2025-11-22,34961,True
PU-111Q,370,2000,2025-01-19,23623,True
PT-9955Q,129,2018,2024-09-08,19305,True
HL-206M,348,2020,2025-01-19,56839,True
B-9953Y,447,2020,2025-05-03,19246,True
HL-5136D,838,2019,2025-08-10,65714,True
G-8398B,270,2000,2024-12-28,69049,True
F-9864F,336,2023,2026-05-26,51826,True
JA-2631W,304,1997,2025-06-08,79391,True
TC-2126U,373,2020,2024-12-08,9092,True
PP-6723S,390,2019,2024-09-24,23031,True
EC-2345L,498,2017,2025-03-08,45617,True
N-1182I,442,2013,2026-04-15,79510,True
PS-1167I,205,1993,2026-02-05,77948,True
N-3848F,106,2024,2026-05-18,75559,True
PS-1835U,372,2005,2025-02-06,6124,True
F-6335Y,815,2013,2024-07-19,34467,True
HL-3887V,516,2025,2026-01-19,5827,True
PT-9994D,505,2008,2025-04-27,22732,True
PT-8511V,437,2019,2025-02-12,43010,True
G-7870D,853,2018,2026-03-12,47771,True
PP-5018V,47,2019,2024-09-14,45957,True
PT-4139U,800,2004,2025-08-23,35856,True
PU-9614L,840,1992,2025-10-28,6366,True
HL-1150R,866,2012,2025-09-15,7342,False
B-7130B,199,1990,2024-06-20,65357,True
VH-9854Q,315,2005,2025-02-17,49341,True
PU-8721M,85,2010,2025-12-10,56154,True
F-7859T,831,2002,2026-04-25,38274,True
TC-4307R,403,2005,2024-11-18,71141,True
PT-3373P,17,2018,2025-03-27,68377,True
PS-3213B,784,1995,2026-02-18,36653,True
F-2555M,647,1993,2026-05-13,56548,True
B-6464Q,172,1995,2026-06-02,62102,True
TC-6974I,854,2015,2025-05-10,65511,False
N-8249Z,306,2000,2025-09-29,20,True
VH-1102R,39,1990,2025-10-08,4768,True
VH-2591N,963,1990,2024-09-02,52350,True
PT-2092T,618,1990,2024-09-10,50242,True
F-7965A,768,1992,2024-06-20,76343,True
PU-2774H,154,2016,2026-02-24,54223,True
PU-5820M,317,2011,2025-05-17,4685,True
PU-645W,491,2008,2024-10-03,19309,True
HL-9894E,129,1990,2026-05-07,21826,True
PS-5453Z,134,1991,2026-04-30,61919,True
TC-4392V,894,2005,2026-01-04,45042,True
PP-6085N,951,1997,2025-12-19,66802,True
HL-3412W,846,2020,2024-06-28,5246,True
N-7539Z,492,2009,2025-09-27,40746,True
G-7041E,120,2008,2025-02-25,42676,True
F-5111V,671,2023,2025-06-07,35285,True
PT-7085U,772,2004,2025-08-02,55216,True
PT-8190V,330,2014,2026-02-23,72505,True
VH-6645R,867,1994,2025-10-28,33848,True
N-5480V,31,1995,2025-09-15,38720,True
D-327A,289,1991,2024-06-19,12307,True
PS-3823O,343,1995,2026-03-21,13527,True
F-6994W,80,2004,2024-11-30,15685,True
F-8551G,626,2011,2025-01-31,43167,True
PT-6980A,100,2017,2025-11-24,11321,True
EC-6163S,305,2000,2025-11-29,45548,True
N-2348L,243,2018,2025-02-06,1799,True
PP-571W,398,2012,2024-06-10,76733,True
N-4692I,4,2025,2026-05-17,1576,True
EC-5293R,621,1999,2025-07-24,67949,True
PT-5572Z,314,2017,2024-08-17,24781,True
F-3955T,714,2020,2025-08-17,62671,True
HL-5652D,555,2022,2025-09-14,29989,True
VH-9765K,250,2009,2026-01-08,76863,True
PR-3022Z,398,2004,2026-02-15,78298,True
G-4815S,225,2013,2026-02-05,38614,True
EC-8052A,459,2011,2026-03-24,41816,True
PS-8838R,883,2000,2025-04-19,20422,True
JA-4548A,579,1997,2025-07-26,58445,False
F-9378K,925,2021,2026-03-31,40011,True
F-2462N,510,2023,2026-02-13,19646,True
D-5879S,532,2018,2026-05-31,49332,True
PR-7731S,568,1994,2026-05-28,5947,True
PT-3885D,315,2017,2026-01-03,76336,True
EC-3688G,643,2022,2024-12-23,49378,True
PS-4442L,517,2021,2025-01-03,22252,True
B-4164U,385,1999,2025-02-06,68828,True
JA-8335J,916,2024,2025-05-06,9691,True
VH-4326L,499,2013,2025-02-10,69219,True
PS-8811N,962,2024,2025-11-30,68936,False
PR-7611J,321,1996,2025-05-14,16157,True
PU-7678C,995,2023,2025-12-31,57614,True
B-404U,40,1991,2025-11-25,26003,False
PR-4120K,676,1998,2025-12-12,62235,True
PT-7698U,177,2023,2025-07-25,51467,True
PU-5111Z,861,2025,2026-01-28,64530,True
JA-8367H,435,1992,2024-08-02,5470,True
EC-8377J,738,2013,2026-03-04,47028,True
PP-8358C,303,2015,2025-12-20,13184,True
JA-2844P,32,1995,2025-05-15,72825,True
PS-8523R,507,1998,2024-12-23,14851,True
PP-8969H,413,1990,2025-01-16,56837,True
G-8928Q,770,2007,2024-10-24,32928,True
EC-4815T,249,1995,2024-06-28,59231,True
TC-2292E,30,2016,2025-02-01,23032,True
JA-9170A,475,2000,2024-12-21,59830,True
N-8455V,373,2014,2024-07-15,74799,True
B-2188Q,991,2021,2026-05-22,34813,True
PS-4845E,892,1993,2025-10-08,43345,False
PU-1007S,852,1990,2025-03-09,46269,False
VH-3553W,874,2008,2026-05-05,45597,True
HL-7502Z,239,2013,2024-08-06,1620,True
TC-6391Y,582,2001,2026-04-27,44954,True
VH-2753N,70,2020,2026-05-18,48694,True
HL-4285C,536,2024,2025-03-16,17818,True
PP-8411O,33,1993,2026-05-20,18715,True
PS-7133Y,667,1995,2025-11-20,28320,True
EC-2888G,159,2003,2025-11-01,76885,True
JA-7378W,287,2008,2025-02-10,43026,True
HL-2730E,479,2016,2025-04-24,346,True
HL-7485R,430,2017,2025-06-13,982,True
TC-6708J,296,1998,2026-02-11,457,True
PR-8189P,106,2004,2025-01-05,48577,True
EC-2655X,241,2005,2024-06-09,11537,True
EC-9659Q,324,1997,2025-08-14,11624,True
G-145L,276,1998,2026-02-03,26151,True
TC-1756U,169,2014,2024-10-15,18377,True
D-4533Q,994,2007,2024-07-09,51827,True
D-5104M,734,2010,2024-08-31,44839,False
D-5233V,65,2007,2025-12-20,30430,True
N-4635Q,145,2010,2025-04-03,1155,True
N-1130C,370,2009,2025-10-16,74856,True
D-6223X,918,1990,2025-06-24,38818,True
HL-6177G,263,2000,2026-02-12,44690,True
PP-2568Y,514,2025,2025-02-02,3043,True
JA-2608N,3,2000,2025-09-12,74660,True
JA-4841Y,575,1991,2025-12-25,42294,True
G-9185O,686,2002,2025-09-08,27143,True
PP-687D,533,2025,2025-11-11,79347,True
HL-1572C,54,2018,2024-12-07,56741,True
PR-2779Q,917,2017,2024-06-29,55656,True
JA-5732H,374,2025,2026-05-21,10043,True
HL-9586R,363,2019,2024-06-20,13998,True
PP-1418I,533,2015,2024-07-27,72995,True
VH-3956R,725,2012,2024-11-23,45201,True
N-1767A,796,2005,2026-04-19,33079,True
D-3967B,519,2024,2024-12-19,854,True
VH-164Q,95,2001,2026-04-04,63498,True
PP-8172W,285,2017,2025-10-02,1846,False
B-2097C,375,2017,2024-08-01,54454,True
VH-2073X,817,1994,2025-01-23,3454,True
TC-8450I,558,2013,2026-04-11,44698,True
EC-3251T,703,2004,2024-06-27,67859,True
PP-4196A,107,2008,2025-02-28,64370,True
EC-6625I,562,2006,2025-12-27,56522,True
N-1840A,117,2009,2025-10-03,41950,True
EC-7358U,817,1996,2025-07-25,59741,True
JA-231I,193,1996,2024-07-12,9149,True
HL-7395K,8,2002,2025-03-30,9537,True
JA-6829W,905,1996,2025-10-04,63159,True
JA-5755V,935,2021,2025-06-08,16089,True
D-7336F,884,1997,2024-06-16,56202,True
PU-1067Z,81,2014,2025-08-19,23326,True
N-3309I,369,2007,2024-07-28,59614,True
D-2381R,925,1991,2026-03-18,65781,True
B-3287P,159,2010,2024-12-16,75428,True
HL-7129D,402,2024,2026-01-31,78431,True
F-3393P,686,2010,2026-02-01,2283,True
F-2147Y,690,1992,2024-12-30,22164,True
B-4014M,895,2007,2025-05-04,53126,True
JA-7902M,70,1992,2025-03-08,47193,True
HL-8269F,195,2021,2025-01-28,45201,True
PS-5417J,484,2020,2025-07-10,72810,True
PR-2049K,177,2017,2024-12-18,1437,True
F-6405S,732,2003,2024-06-06,44158,True
F-3176S,497,2025,2024-07-10,34824,True
PT-6713M,981,2010,2024-06-12,74855,True
PU-5037I,362,1991,2024-07-03,29678,True
PS-2123E,270,2022,2026-04-23,74228,True
B-4283F,501,2006,2025-01-16,16808,True
N-8380S,106,2013,2024-07-01,78835,True
PU-5518V,556,1999,2024-06-19,63226,True
D-3122A,265,1997,2025-01-15,57160,True
EC-3381T,712,2007,2025-12-07,21996,True
F-5346A,297,2023,2025-04-18,76928,True
PR-6449A,405,2021,2024-12-16,1712,True
JA-8199M,130,2007,2026-03-23,4047,True
PP-9267G,967,2003,2025-03-07,6868,False
EC-3093P,224,2004,2024-12-14,68224,True
F-9947F,867,2010,2025-09-29,64744,False
PP-6657V,509,2000,2025-05-26,8768,True
N-8119C,820,2013,2025-03-28,59309,True
JA-2115P,337,2005,2025-07-17,53214,True
D-8931Y,392,1992,2026-02-07,28915,True
HL-8725I,246,2016,2024-11-12,70216,True
B-9683Q,671,2002,2025-01-17,27203,True
PT-9706K,452,1996,2025-12-22,62384,True
PS-268B,709,2002,2025-07-22,3693,True
G-5156I,84,2010,2026-02-20,72514,True
F-9596V,497,2009,2025-05-10,68303,True
HL-9048O,325,2024,2025-03-01,27369,True
VH-3244Y,100,2024,2024-10-12,31978,True
PR-2225C,335,2021,2025-03-09,31406,True
TC-2631A,548,2003,2025-04-13,53799,True
HL-6284W,190,1999,2024-06-16,65978,True
PU-7841H,90,1994,2025-01-07,2032,True
HL-2209B,891,2008,2026-04-28,68244,True
G-1662C,194,2005,2025-08-04,56234,True
F-9099V,835,2013,2025-08-27,62718,True
PR-1789L,557,2016,2025-09-14,61921,True
G-5807F,660,2017,2024-09-20,31455,True
PR-2813V,856,2016,2026-03-31,55162,True
PR-3444E,658,2018,2025-01-07,27417,True
JA-9359Y,417,2017,2025-04-05,50372,True
PR-9559C,209,2019,2025-04-28,36933,True
PP-9031Z,215,1994,2024-09-14,57927,True
B-6292P,219,2011,2025-02-02,6056,True
PP-2235W,886,1990,2025-05-12,35952,True
VH-3713A,98,1998,2025-04-25,34503,True
PR-7414I,984,2022,2024-07-19,69539,True
PT-9066G,657,2003,2024-08-05,46208,True
PP-609P,696,1994,2024-10-29,77111,False
PU-8026H,751,2007,2025-07-18,18313,True
TC-2936B,529,2013,2024-07-02,70475,True
EC-522V,108,2013,2025-11-25,9807,True
PU-8947Z,608,2022,2025-06-02,53701,True
PR-6772R,969,2016,2025-09-12,62993,True
PU-4010U,548,2007,2025-02-14,8361,True
PP-4177L,603,2023,2025-12-27,23991,True
TC-1111E,870,1992,2024-08-02,9187,True
JA-6661L,909,1996,2024-08-10,47555,True
PU-8161O,991,2000,2025-06-30,31827,True
PS-7152M,641,2016,2024-08-28,37023,True
F-4868U,442,2011,2024-10-12,1019,True
N-413I,393,2022,2025-11-02,6156,True
HL-1775K,709,1998,2026-04-26,58743,True
G-5823B,640,2015,2024-08-23,4402,True
D-6026W,514,2011,2026-02-07,53541,True
B-3410Y,714,2016,2026-02-24,30530,True
PP-2938S,640,1997,2025-03-27,79700,True
JA-5610W,497,2014,2025-03-03,30887,True
PU-3680H,613,2021,2024-10-17,9093,True
G-3711B,447,1997,2025-11-13,79555,True
HL-7388W,865,2019,2025-10-25,8084,True
EC-8373P,891,2024,2025-03-18,6235,True
VH-1418R,477,1994,2024-07-18,53932,True
VH-9691S,986,2002,2025-08-08,34993,True
PR-5503K,392,2021,2025-11-08,21580,True
D-4585E,36,2018,2024-09-01,67199,True
PP-7674D,781,2019,2025-03-14,8309,True
HL-5716M,831,2009,2025-08-15,73023,True
HL-7330X,781,1997,2025-02-13,34557,True
G-4629R,589,2004,2025-09-12,49177,True
D-5257T,965,1990,2024-06-19,65606,True
D-313B,887,1999,2025-01-27,48323,True
F-9206F,572,1997,2024-12-05,51710,False
B-5438H,242,2006,2024-08-25,38195,True
HL-1974A,176,2001,2025-02-19,4370,True
EC-2305C,422,1991,2026-06-02,75172,True
PP-8743T,956,2002,2024-06-18,60108,False
TC-9880X,640,2021,2025-05-09,22819,True
PS-4047E,579,2002,2026-04-07,29076,True
PR-299E,830,2003,2026-03-15,22310,True
N-2770D,145,2007,2026-05-25,1096,False
HL-2360E,278,1996,2026-03-24,63336,True
JA-8750M,45,1991,2024-07-26,52559,True
HL-9799V,525,2022,2026-01-25,20667,True
JA-7216T,26,2000,2025-06-23,77582,False
JA-2965O,411,1991,2024-12-18,35165,True
PR-9242F,17,2000,2024-07-27,56705,True
EC-2269O,565,2000,2025-10-05,64365,True
JA-5529G,591,2023,2025-05-04,24805,True
D-4844K,232,2018,2025-11-15,34937,True
JA-3154M,556,2007,2025-01-01,4730,True
HL-8886L,427,2008,2025-06-10,25988,True
PR-6839Z,960,2011,2026-02-16,29699,True
PU-8594H,780,2024,2025-06-13,23183,True
EC-910M,646,2010,2026-03-29,39883,True
PS-4417V,572,2011,2026-01-18,35712,True
HL-2322H,447,2014,2025-12-14,9438,True
HL-6126F,229,1992,2025-10-28,72362,True
VH-7655G,702,2002,2025-03-29,34318,True
N-2472Y,16,2006,2026-04-15,46613,True
PU-2485U,61,2012,2024-10-26,21804,True
D-3405Q,664,2022,2026-02-27,1616,True
B-6303X,117,2005,2026-01-21,15789,True
F-7887W,393,2004,2026-03-11,79916,True
JA-785A,832,2000,2026-02-24,18029,False
PP-7215Y,467,2025,2024-08-19,73005,True
EC-5994D,161,2020,2025-10-01,235,True
D-570W,164,2020,2024-07-02,24981,True
B-3908Q,876,2001,2025-11-20,7685,True
VH-718G,602,1990,2026-04-26,11700,True
F-902B,581,2001,2024-11-26,73281,True
PT-160G,873,2024,2026-01-26,69446,True
PT-5576D,913,2008,2026-03-03,13775,True
EC-2730N,376,2008,2024-10-01,7239,True
HL-6554F,754,2008,2025-11-28,18284,True
TC-6106L,939,2004,2024-12-11,66864,True
EC-7935S,92,2010,2024-09-04,39661,True
PP-940L,563,2002,2025-08-29,18118,True
PS-7792C,714,2013,2025-05-24,69481,True
N-5212I,810,2015,2025-04-10,28105,True
HL-2566J,946,2015,2025-06-03,53080,True
D-3071T,263,2022,2024-07-16,34985,True
TC-488T,24,1990,2024-10-05,13961,True
PS-1704B,987,1994,2025-03-10,56870,True
EC-7332X,27,2017,2025-01-26,60182,True
PU-4102A,165,2007,2025-03-20,14325,True
TC-3628L,33,2022,2024-08-18,1747,True
HL-2966G,226,2012,2025-04-19,65517,True
N-2081R,777,1997,2025-07-03,30779,True
PU-2998V,556,2022,2024-12-16,14727,True
VH-4676O,752,2005,2026-05-18,74337,True
EC-252K,229,2019,2025-01-15,76024,True
JA-9581S,109,2012,2025-01-03,43883,True
PP-9146W,495,2014,2025-03-23,72106,True
HL-1729Q,775,1996,2025-09-06,55547,True
F-3166M,118,2002,2025-04-23,51631,True
PS-4883V,122,1995,2025-01-07,60704,True
VH-3362W,784,2010,2025-03-12,74042,True
EC-6006J,273,1991,2026-01-14,43914,True
PU-6421H,703,1998,2025-10-14,11373,True
D-439A,882,2015,2025-06-29,18220,True
HL-7007D,860,1992,2025-09-16,73167,True
B-5003J,887,2020,2026-05-04,54886,True
VH-8100P,616,2022,2026-01-12,76527,True
EC-6413V,886,2000,2024-10-19,68238,True
PU-3675H,203,2025,2024-12-14,79270,True
F-5717Z,793,1999,2025-11-14,41983,True
F-8484B,315,2015,2025-01-27,21187,True
N-5371R,31,2005,2024-08-06,14817,True
PS-9997X,344,2003,2025-10-30,8488,True
PS-1309G,365,1998,2025-07-28,8741,True
F-5571V,496,2011,2024-11-26,9954,True
PS-1142T,844,2001,2024-10-23,53818,True
TC-9728O,793,2005,2025-07-01,13697,True
D-3064N,666,2013,2026-04-27,39531,True
TC-8524V,435,2015,2026-01-23,404,True
EC-4416M,920,1996,2024-07-24,15830,True
F-1977A,497,2009,2026-04-06,44147,True
N-5085U,862,2024,2024-08-09,52990,True
HL-5505B,950,2023,2026-03-29,47342,True
PT-902U,770,2024,2026-02-12,2332,True
PS-344M,704,1997,2026-02-09,45445,True
PT-1093K,475,2024,2024-12-07,60981,True
PR-4160U,473,1996,2026-04-04,26967,True
PT-9698J,655,1998,2025-05-12,59765,True
PR-3340N,839,2014,2025-10-06,56501,True
PR-7212G,156,2025,2024-09-08,61899,True
F-1168Y,360,2007,2024-12-30,44120,True
JA-1106M,586,2011,2026-01-02,42494,True
JA-9797S,831,1996,2025-11-14,43301,True
TC-4462F,486,2010,2025-11-12,7714,True
PT-6266Z,654,1996,2025-01-04,44130,True
VH-6510I,286,2004,2026-01-19,8655,True
PS-344A,860,2005,2025-06-20,838,False
VH-5848Y,665,2000,2026-05-28,5661,True
PP-3422K,4,2014,2025-12-07,67222,True
JA-8492V,934,2025,2025-09-07,30179,True
PU-9805M,203,2022,2026-02-26,53962,True
F-4285I,281,1994,2025-12-05,19711,True
EC-1194P,784,1993,2024-10-02,50080,True
PP-1918P,556,2009,2026-01-29,16564,True
G-162G,155,1990,2025-08-25,925,True
TC-3568V,585,1991,2025-05-23,20905,True
PT-5579J,140,2012,2026-01-04,79751,True
PP-8404H,794,2025,2025-12-10,13325,True
PT-642K,605,2021,2025-02-09,1736,True
PT-3155V,268,2007,2025-08-22,19903,True
PS-6598A,716,1999,2024-08-12,41818,True
PS-3036W,173,1997,2025-12-11,59185,True
PS-3158B,901,2010,2026-03-31,43301,True
PR-3297I,235,2014,2024-12-25,66921,True
F-6929S,109,2007,2026-05-14,72134,True
PR-6526Z,420,2013,2026-03-12,51972,True
PS-423X,28,1992,2025-01-20,32455,True
D-5341U,340,2016,2025-07-18,58891,True
PT-3938I,187,2025,2026-05-09,17118,True
PU-4526H,841,1991,2026-05-18,32915,True
PU-2919P,137,1990,2025-08-22,45457,True
HL-3263T,366,2008,2025-01-25,12829,True
HL-1916Y,436,1997,2024-06-17,11656,True
F-4284E,327,2016,2026-04-23,11789,True
G-2939H,785,1998,2024-06-05,52779,True
G-2434L,92,2002,2025-08-22,61324,True
D-6590V,616,1990,2025-10-28,46561,True
EC-282Q,289,2023,2025-01-28,27040,True
PS-4457J,420,2007,2025-03-27,28224,True
D-4722T,962,2022,2025-02-20,22810,False
HL-7872Y,976,2015,2026-03-24,65844,True
PP-7778Q,514,2023,2026-01-13,47,True
PT-3040E,416,2012,2026-04-04,11580,True
EC-934N,174,2009,2025-07-29,39627,True
N-2940A,840,2002,2024-12-17,4899,True
N-8068D,811,1999,2026-04-29,73378,True
JA-3498G,681,2008,2025-04-12,66316,False
TC-9278Y,20,1994,2024-12-01,25733,True
B-1021J,838,2008,2026-04-18,64929,True
B-2220D,284,2001,2026-02-09,44105,True
JA-8884F,465,1996,2025-08-26,73373,True
F-598J,328,2019,2024-09-30,51648,True
PP-9356N,161,2012,2025-10-15,73617,True
PU-7884U,20,2020,2026-01-04,20463,True
HL-7102T,957,2013,2025-01-12,7387,True
PR-4396I,816,2004,2025-08-11,11336,True
EC-7769J,866,1993,2025-12-29,51527,True
TC-6005T,52,2020,2026-03-18,195,True
EC-7381J,64,2019,2026-02-13,32040,True
D-3662K,118,1991,2025-06-27,75978,False
HL-9610G,681,2003,2025-06-20,11732,True
JA-8513H,684,2023,2025-08-11,42326,True
HL-4281W,393,2005,2024-06-16,51458,True
JA-6475H,598,1994,2025-10-15,71720,True
PR-9644D,513,1990,2025-06-07,62504,True
PP-1651Q,606,2012,2026-01-07,16248,True
TC-1149T,502,2003,2024-12-08,36393,True
F-6530B,463,1995,2025-06-08,59599,True
D-5224J,375,1991,2025-04-06,63511,True
TC-6050W,406,2022,2025-11-01,55999,True
PU-8128P,957,1993,2025-10-11,7554,True
VH-3213R,810,2024,2025-11-07,47564,True
VH-8963O,955,1994,2026-02-17,75829,True
TC-1581H,638,2001,2025-06-07,8421,True
D-1001X,334,2008,2025-04-22,51017,True
G-1846I,974,2020,2026-02-15,75895,True
VH-9368G,900,2022,2024-12-16,76132,True
EC-4469Q,95,2004,2026-03-27,32420,True
PP-9760V,364,2007,2025-08-20,7553,True
PR-5827X,298,2011,2025-06-02,30418,False
PP-1883J,738,2005,2026-05-21,11196,True
G-6813L,118,2025,2024-11-08,77807,True
B-4268A,203,2015,2025-05-19,34232,False
EC-8963C,444,2022,2025-07-19,63889,True
HL-9249U,224,2003,2024-07-07,24456,True
PT-397A,231,2024,2025-02-06,44156,True
PU-7894E,580,1997,2024-12-11,43496,True
N-2938D,603,2023,2024-12-31,25580,True
PP-3603W,29,2024,2026-03-29,10544,True
D-2415W,408,1991,2024-09-24,63079,True
PP-4625E,52,2009,2025-03-01,33839,True
G-8987V,140,1993,2024-08-27,61814,True
VH-9846S,638,2008,2025-08-13,74914,True
PU-1010Z,935,1997,2024-08-18,67641,True
F-9562F,395,2017,2026-03-28,23806,True
B-9539H,774,2014,2025-07-24,58961,True
F-6904L,420,1992,2025-05-21,4081,True
HL-3030S,351,2021,2024-09-05,3261,True
EC-3242L,766,2013,2025-04-26,27798,True
D-6470B,492,2023,2024-09-08,64433,True
EC-4080N,745,2025,2026-03-21,79995,True
EC-5968F,46,2023,2025-07-25,40398,True
TC-4109J,504,2018,2025-08-20,61305,True
N-5008Y,815,2017,2025-05-14,25696,True
PS-5056V,305,1997,2025-01-26,4738,True
F-562F,594,1994,2025-05-10,39800,True
EC-4335E,786,1993,2025-05-06,58163,True
PR-1218K,369,2019,2026-02-18,21748,True
G-5251E,176,2019,2025-05-23,10308,True
JA-6971U,563,1991,2025-05-03,60824,True
PR-980S,397,2019,2025-04-28,556,True
TC-3478Q,541,2023,2025-11-23,1210,True
B-7632H,794,2002,2025-04-08,69404,True
F-8013Q,704,1995,2026-01-08,57976,True
N-3081R,761,2024,2024-07-16,13892,True
HL-1669G,444,2000,2025-11-21,66303,True
JA-506A,184,2003,2025-09-19,75784,True
HL-7509A,276,2004,2024-08-04,8769,True
N-6178C,418,2003,2025-09-01,69464,True
HL-8369Y,249,2001,2024-09-03,66059,True
EC-7345V,805,1997,2025-09-12,5313,True
N-4448W,629,2024,2024-10-27,10177,True
B-8859A,631,2025,2026-04-27,11824,True
HL-249X,795,2024,2025-03-12,74664,True
TC-9978D,733,1997,2024-10-07,20358,True
PU-8020D,273,2005,2025-03-24,72320,True
PR-1858Z,93,2011,2026-03-15,37154,False
VH-3406G,957,2011,2024-12-15,55675,True
PR-1093O,41,2011,2024-09-08,41144,True
EC-7119E,748,2021,2025-02-23,58561,True
F-6971S,530,2016,2025-08-24,70229,True
PR-1922O,507,2017,2025-10-25,23143,True
EC-4256X,638,1999,2025-10-18,62891,True
N-4128P,615,2013,2025-09-19,52616,True
G-9110F,406,1993,2024-11-12,52783,True
F-410J,122,2018,2024-08-28,48954,True
VH-3680B,243,2004,2025-05-16,44764,True
PS-7374M,403,1992,2025-05-06,4425,True
F-5235K,62,2003,2026-04-04,72808,True
PU-7292Y,828,1995,2025-08-26,856,True
F-8187G,797,1994,2025-06-22,61357,True
D-2541H,713,1995,2026-03-20,7625,True
PT-597T,297,2012,2026-05-24,75673,True
VH-1802H,32,1996,2026-03-21,21709,False
D-3763A,858,2024,2024-06-14,10194,True
PU-8304D,85,1991,2025-07-19,44442,False
B-7677Y,172,2011,2026-02-08,57457,True
D-2925N,86,2010,2025-03-04,69668,True
B-4071M,116,2000,2025-04-24,65044,True
N-9296L,819,2024,2026-01-07,19208,True
PU-8709E,147,2023,2026-03-29,941,True
F-5537O,390,2000,2025-05-15,27677,True
PS-9538C,420,1996,2025-02-04,32767,True
N-132E,318,2024,2025-08-22,45019,True
TC-5302Z,775,2001,2024-08-31,44123,True
F-7409W,819,1993,2024-06-22,68860,True
G-3484L,874,2020,2025-10-03,18634,True
F-9894R,151,1992,2025-03-20,45272,True
PS-7765X,866,2001,2026-03-20,71651,True
PT-2997O,86,2015,2025-10-21,37181,True
VH-6691T,343,2025,2025-05-06,7688,True
G-8659I,77,1994,2025-12-23,56010,False
PP-988X,940,1994,2026-02-02,22131,True
PT-2340L,553,2009,2024-11-14,64370,True
PS-8678O,832,2009,2026-02-10,67496,True
PU-8396S,922,2004,2026-04-25,53583,True
F-354W,132,2000,2025-12-23,44043,True
EC-1825G,383,2019,2025-09-04,73658,True
PS-7799W,274,2001,2025-10-21,13896,True
PT-5289Y,482,1991,2025-11-05,74403,True
PP-2106B,775,2007,2026-03-04,52888,True
N-8887S,580,2000,2025-04-20,52998,True
PR-4985J,747,2021,2025-06-13,54069,True
B-1887W,833,2008,2024-07-08,75010,True
PS-4934A,356,1993,2025-10-28,10369,True
B-6904Q,104,2009,2025-01-23,48600,True
N-4316W,713,2013,2026-03-28,22021,True
N-8498T,479,1998,2025-01-03,76363,True
N-150L,840,2013,2026-02-01,19268,True
PT-152Q,499,1995,2025-05-13,42518,True
B-9341F,177,2002,2025-06-07,37930,True
PP-9877O,164,2013,2025-06-10,38610,True
N-4597Z,380,2010,2026-05-15,59546,True
PS-5027Q,762,2013,2026-03-04,44009,True
PR-2632H,701,1991,2024-08-27,79789,True
D-2697T,940,2014,2024-12-30,59896,True
TC-2687R,407,2014,2024-06-28,10396,True
PP-8488K,639,1991,2025-03-05,35252,False
PP-971S,655,2009,2026-02-17,28702,True
PT-272E,847,2004,2025-05-17,2252,True
VH-3311B,760,1997,2026-03-21,9088,True
G-4064H,613,2024,2026-03-22,72387,True
PU-9799N,437,2016,2025-05-31,69544,True
PS-4619X,525,1997,2026-05-21,46597,True
TC-9475Z,832,1995,2024-07-15,23969,True
TC-1441T,15,2006,2024-09-14,25247,True
B-6665B,933,2010,2025-03-12,54984,True
PU-3992N,808,2009,2026-01-05,33362,True
B-6338Y,632,2006,2024-06-16,39647,True
PT-1346A,421,2018,2025-11-25,1861,True
VH-833L,214,1992,2024-08-07,30056,True
B-1568K,97,2025,2025-03-08,60436,True
PU-423V,851,2009,2025-03-15,36308,True
PU-6665H,545,2025,2025-01-07,75949,True
F-5156B,68,2009,2024-12-17,33651,True
EC-8050S,47,2011,2025-09-24,64713,True
PS-5442Q,64,2011,2025-01-07,35285,True
PS-1813Q,617,2000,2024-06-29,58134,True
PR-127N,675,2000,2025-10-12,13448,True
EC-506V,933,1990,2026-03-09,42708,True
JA-6925W,496,2008,2026-02-01,66014,True
VH-2126Y,970,2018,2025-09-27,70420,True
PR-3403V,647,2004,2025-11-21,4277,True
TC-9805H,495,2012,2025-09-28,66970,True
PS-119W,103,1998,2026-04-15,11757,True
EC-9694W,292,2008,2025-07-25,77167,True
D-1246R,67,2003,2025-02-06,33386,True
PP-9863A,447,1997,2025-05-23,50899,True
HL-9002Y,945,2011,2026-02-22,27894,True
PT-1034N,512,1991,2025-02-08,61432,True
HL-9746M,493,1990,2024-09-12,24264,True
F-2113E,487,1996,2025-03-16,61625,True
B-2690M,552,2010,2025-03-31,64793,True
HL-1260B,805,2012,2025-10-04,16874,True
PU-1127N,835,2025,2024-11-17,55572,True
PT-8299L,381,1998,2025-06-18,41584,True
G-8039R,450,1990,2024-12-19,42112,True
PU-2111C,434,2014,2026-05-07,78140,True
PT-5962G,296,1991,2024-12-26,41506,True
PU-2374N,985,2016,2026-05-28,76791,True
EC-7408N,529,2017,2026-01-02,74766,True
PR-7757R,179,2022,2025-08-02,15615,True
PR-4384D,782,2005,2024-12-28,65022,True
JA-7047I,687,1992,2025-03-06,38016,True
TC-7983B,216,2025,2025-02-18,30792,True
PR-4005C,897,1996,2025-12-22,9523,True
D-7982B,72,2024,2025-02-18,29142,False
VH-7837Q,314,1991,2025-12-05,66059,True
PU-5775M,15,2008,2025-11-03,30285,True
PR-2054G,46,1999,2025-10-23,16827,True
B-4191U,356,2007,2025-06-04,6742,True
D-1440H,877,2002,2025-04-01,73405,True
TC-4227P,165,2019,2026-03-11,72358,True
B-1923T,400,2010,2026-06-01,62950,True
N-1496K,673,2008,2026-01-07,74333,True
VH-6414N,64,2018,2025-11-06,56965,True
D-1577E,279,2003,2025-04-16,37916,True
G-9307H,269,2023,2024-11-12,42857,True
D-5685D,703,2011,2024-12-06,64133,True
HL-780A,322,2022,2026-03-07,30409,True
VH-9674P,652,2005,2025-02-19,53094,True
TC-3898X,923,1993,2025-11-19,9231,True
TC-8616U,159,1995,2024-12-29,5362,True
EC-3008P,568,2005,2024-10-22,30588,True
N-6249R,236,2006,2024-06-04,41713,True
G-1364W,57,2014,2025-12-04,45333,True
VH-1637G,528,1999,2026-05-05,22400,True
PP-3325M,782,2011,2025-02-16,66969,True
HL-4596X,897,2014,2024-06-22,6216,True
PR-5057R,558,1999,2025-08-15,41524,True
HL-7747V,616,1994,2026-04-30,25265,True
F-6229C,364,2022,2025-02-22,52585,True
TC-719T,306,2022,2024-11-16,61024,True
F-8799Z,141,1995,2026-01-29,61192,True
TC-8240M,430,1996,2024-06-09,47514,True
JA-8601X,9,2017,2025-11-16,13809,True
D-962A,83,2003,2025-05-16,54179,True
PP-3125A,65,2016,2024-10-04,26504,True
G-9980D,246,2015,2025-06-02,40583,True
PP-5539S,561,2012,2026-05-24,50056,True
PP-1755W,176,1998,2025-12-23,67113,True
EC-8777K,214,2010,2025-06-02,32949,True
PU-4111B,97,2006,2024-09-11,23417,True
HL-7656H,410,2002,2025-07-17,19516,True
B-1847L,244,1995,2025-09-30,5748,True
PU-3770A,556,1991,2025-12-02,38157,True
PT-648Y,38,2000,2025-11-24,42478,True
PU-7451L,301,2020,2026-01-24,57177,True
D-1887H,354,2010,2024-09-21,8844,True
F-4683N,845,1996,2025-06-05,62035,True
PU-7850C,148,2018,2025-03-31,14628,True
EC-2587P,176,2009,2025-08-20,11262,True
F-8073R,864,2002,2025-02-10,31363,True
PR-7037L,354,2018,2025-11-06,52042,True
N-5716E,724,1998,2025-07-01,596,True
PP-2214O,636,2017,2026-04-17,13015,True
D-551B,90,2001,2025-08-08,69980,False
N-5708W,70,2018,2025-06-23,23826,True
PU-9046R,729,2025,2024-07-18,32392,True
JA-1987C,577,2022,2025-12-11,74971,True
PS-6038J,35,2013,2025-08-07,18128,True
VH-6598Z,261,1991,2025-08-27,50632,False
N-6594J,924,2003,2024-12-30,17961,True
PR-908Q,563,2011,2026-03-17,1341,True
PT-5573P,701,2001,2026-05-31,65407,True
PR-7157W,254,2016,2026-04-03,22312,True
F-2990Y,166,2011,2024-10-02,1594,True
F-6508K,884,2002,2025-12-25,12241,True
N-9266I,532,2006,2026-04-17,20163,True
EC-4439C,537,2007,2025-10-16,38732,True
G-2664Y,46,2007,2025-04-29,24558,True
JA-8284U,897,2019,2026-02-26,24475,True
B-1531Z,249,2000,2025-04-11,11530,True
F-649Q,887,2000,2024-06-19,77483,True
HL-8991B,469,2007,2024-12-01,28101,True
N-7610F,623,1992,2025-04-16,30503,True
PT-7142K,899,1997,2026-05-21,41598,True
G-7561H,759,2002,2025-04-27,57521,True
PR-7547E,811,2018,2026-02-21,61318,True
F-8041X,428,2011,2025-09-18,79459,True
PS-2586J,430,1991,2025-07-26,48230,True
B-682L,18,1998,2024-06-26,11853,True
PP-5522A,738,2013,2026-02-04,66984,True
VH-3683M,730,2023,2025-10-09,22104,True
PT-7612Y,50,1999,2024-10-25,36657,True
TC-5887U,742,2013,2026-01-27,19333,True
D-4288N,582,2005,2025-05-28,37416,True
PS-3022Y,135,2000,2025-05-06,72195,True
HL-2895C,952,2002,2025-11-13,1047,True
D-3541F,129,1991,2026-04-12,39459,True
PU-253U,26,1990,2025-01-25,35835,True
PU-4832I,403,2001,2024-12-24,22179,True
JA-2284Q,74,2021,2025-07-27,20123,True
PU-4070G,269,2019,2024-10-13,58742,True
PR-4451R,812,2006,2025-10-13,37595,True
HL-8111M,932,1999,2026-05-05,72430,True
N-6122S,619,2009,2026-01-21,73061,True
PP-8229L,592,2014,2025-09-11,47776,True
F-8166N,792,2006,2026-03-03,13940,True
TC-503A,519,2018,2026-02-16,12225,True
PP-3700K,787,1997,2025-01-09,51677,True
B-1870Q,189,2006,2024-11-01,36250,True
TC-6435V,295,2010,2025-11-21,52334,True
G-5571M,715,2016,2025-03-08,1475,True
PR-8194N,663,1999,2024-07-07,36661,True
N-1402H,748,1993,2024-07-15,76246,True
HL-2406O,751,2004,2025-06-11,38348,True
HL-5561P,825,2009,2025-09-13,39120,True
F-4833W,306,2000,2026-03-09,57114,True
PU-9623U,328,2004,2025-04-07,57668,True
N-7821Z,360,2007,2026-02-14,38783,True
F-7662J,278,1997,2024-08-20,44696,True
PP-2404F,749,2011,2025-05-03,8813,True
JA-6209V,999,2025,2025-03-04,78329,True
G-8536C,77,2014,2024-11-22,41356,True
HL-8652T,116,2009,2025-06-08,78056,True
F-7328N,620,1997,2025-06-22,48650,True
F-589B,310,2022,2026-04-09,55815,True
EC-818Q,680,1990,2026-01-29,20334,True
D-8525E,165,2006,2025-05-30,75125,False
B-9970Y,244,2009,2025-11-12,17214,True
D-4507T,461,2022,2025-07-15,38749,True
PP-2791Q,809,1994,2024-12-17,48577,True
N-6753F,855,2009,2024-09-18,30681,True
PP-9803T,324,1998,2025-01-04,4524,True
PR-1656M,59,2008,2025-06-18,18249,True
HL-3874X,883,2021,2024-08-23,48522,True
VH-7959W,757,2001,2025-04-24,74923,True
PU-6497U,532,2013,2025-01-11,66683,True
N-7594N,986,1991,2025-08-14,48626,False
HL-5376P,373,2020,2024-07-22,47240,True
JA-2772S,692,1995,2025-08-31,69844,True
VH-1853T,261,1992,2024-08-27,45087,True
HL-4217N,744,2012,2025-03-31,22614,True
PT-8853S,200,2013,2024-10-29,68467,True
F-3332B,455,2014,2025-11-12,71401,True
HL-124K,258,1998,2025-04-30,52224,False
B-4662I,129,1997,2025-08-28,12204,True
PS-8343J,630,2014,2025-02-16,20185,True
PU-4184W,820,2016,2024-06-18,73352,True
JA-5154R,373,1992,2026-03-27,58032,False
PS-5054E,818,2001,2026-03-13,29859,True
N-484I,314,1991,2025-11-17,48690,True
JA-1915B,845,2017,2025-06-02,16929,False
TC-638E,4,1997,2026-02-15,13460,True
PU-1545E,979,2013,2024-10-14,66833,True
F-6833W,46,2008,2025-02-23,78326,True
PR-2334U,166,2010,2025-09-16,5816,True
VH-611D,108,2024,2024-10-16,65796,True
PP-6567C,502,1998,2025-02-24,67676,True
PP-8121B,131,2014,2024-06-30,15637,True
EC-2182Y,451,2021,2024-08-17,53187,True
PU-845F,462,1997,2025-03-30,69850,True
TC-3561Y,15,1997,2025-09-16,1452,False
VH-4548S,854,2012,2024-07-29,19201,True
PU-737A,764,2003,2025-02-27,47768,True
TC-1937Y,680,2025,2025-04-29,66808,True
TC-3573I,766,2010,2025-09-21,64584,True
HL-4749S,307,2018,2025-06-07,66276,True
TC-7537T,159,2014,2025-07-18,76030,True
PT-6739U,796,1995,2024-07-20,53811,True
PU-6477M,403,2003,2025-06-10,24146,True
PS-1419Q,556,1998,2025-09-30,78196,True
F-7630M,557,1999,2025-07-02,38373,True
VH-5063Q,864,2010,2024-09-20,11305,True
TC-3085N,229,2011,2024-11-10,57634,True
PU-8458Y,301,2011,2024-07-13,22674,True
HL-5770I,805,1997,2025-06-08,54139,True
PS-3365D,898,2006,2025-11-04,23300,True
JA-5146O,183,2005,2024-07-07,67840,False
PS-2676O,51,2010,2024-06-18,43526,True
PR-2868P,969,2008,2025-07-13,12243,True
B-2939I,230,1999,2024-07-21,780,True
JA-5538Q,607,2000,2024-11-01,3842,True
D-350U,268,1999,2024-11-16,50444,True
HL-7247D,695,2005,2026-01-08,49726,True
G-3273J,641,2023,2026-03-24,47455,True
F-5430V,979,1999,2026-01-05,79790,True
HL-8513A,213,1996,2025-01-27,19610,False
PS-2858X,495,2015,2026-03-04,67195,True
B-9433Z,415,2010,2025-12-26,20587,True
PT-7902P,895,2025,2025-08-26,2220,False
F-1942B,328,2003,2024-06-16,79246,False
PS-993M,320,1997,2024-09-19,49357,True
B-454F,766,1995,2024-11-10,39519,True
B-997Z,479,2022,2026-01-21,24656,True
PT-422O,471,1998,2025-06-10,45954,True
PP-2099Z,47,2024,2025-01-20,44371,True
PR-7147W,2,2022,2024-11-28,35706,True
VH-2520T,93,2005,2024-10-18,49020,True
B-9787Y,846,2007,2026-03-09,11807,True
TC-2026Q,857,2020,2025-05-03,18719,True
PP-3274H,817,1995,2025-08-22,60963,True
HL-1248G,443,2002,2026-04-01,15157,True
EC-6338U,623,2012,2025-12-10,47276,True
TC-9837V,78,2019,2024-10-16,72102,True
F-9182K,934,2011,2026-01-11,64728,True
PU-2129X,724,2017,2026-01-28,24107,True
PT-7097I,30,2001,2025-01-04,27516,True
EC-3661B,738,2007,2025-09-29,48228,True
JA-7677I,100,1998,2025-01-06,72835,True
JA-4179P,492,1991,2024-08-16,43954,True
N-3689C,488,1991,2025-08-04,16953,True
TC-8046F,101,2019,2024-06-04,67429,True
TC-8161X,158,2024,2024-08-11,59497,True
PP-6458K,10,1993,2025-11-25,26809,True
PP-3522L,892,2008,2025-03-23,67254,True
PS-7225N,161,2010,2025-11-06,29790,True
D-1947R,1000,2003,2025-08-24,19275,True
EC-5476G,6,1999,2025-10-11,9263,True
EC-5810F,160,2003,2025-03-02,77665,True
HL-3934D,347,1995,2026-05-07,4598,True
PT-9019X,344,1992,2025-09-19,63448,True
EC-8003Z,129,2000,2025-09-21,66599,True
PR-9238S,115,2025,2024-09-01,66170,True
TC-8570T,573,2011,2024-09-01,6366,False
PR-3715Q,561,1996,2025-10-15,13289,True
PS-2206B,238,2015,2025-11-23,2870,True
PR-3232H,506,2007,2024-10-15,73839,True
HL-1272F,412,1990,2025-08-20,59048,True
JA-8330B,948,2020,2026-03-21,79110,True
PU-4886Z,835,2017,2025-01-21,79376,True
PR-9584D,50,2000,2025-04-24,28328,True
B-4051O,596,2022,2026-05-02,8129,True
HL-6707A,6,2021,2024-12-23,75381,True
TC-4237S,175,2003,2024-07-02,43298,True
JA-2709B,182,2021,2024-12-11,27581,True
B-990Z,317,2021,2024-07-24,69417,True
N-5392Y,48,1996,2024-08-24,38967,True
PU-3691A,101,1996,2025-07-28,8786,True
G-8072A,808,2012,2024-09-30,13781,True
PT-1037P,322,2005,2025-08-05,42146,True
B-4908V,903,2000,2025-05-26,32257,True
VH-3547Y,491,2012,2025-09-10,48828,True
EC-1671E,651,2025,2026-05-06,23500,True
HL-5180F,313,1995,2024-08-14,35246,True
N-6631D,520,2008,2024-12-23,53122,True
B-8832K,261,2018,2025-05-05,29223,True
F-9405H,665,1990,2026-05-13,10979,True
PT-3025P,956,1999,2025-03-06,39068,True
PP-8542C,68,2010,2025-09-03,2574,True
G-8809S,844,1998,2025-02-27,27089,True
B-2033P,115,1995,2024-08-15,36578,True
D-5286G,993,1992,2024-08-04,11961,True
B-8075B,339,2012,2025-10-22,58750,True
HL-1786I,251,1991,2024-09-22,19151,True
HL-6511O,670,1997,2024-06-23,67057,True
B-4597A,288,1999,2026-02-20,69762,True
PU-2870A,43,2011,2024-10-26,34865,True
TC-8423Z,930,2008,2026-03-05,16561,True
EC-7769T,708,2016,2024-11-28,62106,True
PP-6832H,740,2004,2025-08-13,27451,True
PS-2685L,426,2001,2026-02-23,11139,True
VH-7724I,85,2009,2026-05-06,1778,True
N-1755N,943,1998,2026-01-05,79296,True
TC-2584T,71,2015,2024-07-18,16214,True
TC-6993S,226,2007,2025-03-14,75423,True
PT-7649J,406,2006,2025-09-13,71770,True
JA-8350F,58,2020,2025-03-27,76831,True
JA-2548B,511,2011,2025-05-03,61923,False
B-6396I,546,2002,2025-11-12,60546,True
N-3544Y,62,2002,2025-05-04,63797,True
VH-1938P,997,2007,2025-10-16,66265,True
JA-6788O,259,2004,2025-08-26,13544,True
PP-2084X,555,2001,2024-12-16,60248,True
EC-6953O,229,2008,2024-09-29,65255,True
PS-1813P,818,2025,2024-11-17,38528,True
HL-1437N,669,2006,2025-08-21,60461,True
N-6264A,859,1996,2026-05-23,43313,True
JA-6122I,108,2013,2025-01-13,59537,True
PT-4375Y,156,2025,2026-03-06,24061,True
PP-9065F,62,2018,2024-10-26,69039,True
PP-2623H,691,2010,2025-08-09,30155,True
JA-3042E,123,2004,2025-11-08,20432,True
G-8868P,711,2021,2024-11-10,28641,True
EC-9294U,603,2014,2025-12-14,6776,True
B-4080Y,613,2008,2025-06-11,64782,True
N-8403T,251,2009,2025-03-06,34110,True
JA-8544B,788,1996,2026-04-16,78098,True
PR-4726L,76,2018,2026-04-02,59484,True
JA-1878P,77,2012,2025-11-09,37115,True
EC-4390S,875,2010,2026-01-02,7087,True
VH-6410E,946,2005,2026-04-20,56516,True
D-6929R,167,2017,2025-01-10,29877,True
JA-407M,515,2010,2026-04-21,74712,True
G-6079Z,142,1994,2024-10-03,43061,True
TC-2499J,551,2011,2025-07-18,49924,True
N-4703N,289,2003,2025-06-26,78312,True
TC-9349S,481,2003,2025-01-20,534,True
TC-175A,288,2015,2025-03-27,53673,True
JA-6026V,168,1998,2024-12-07,53808,True
HL-2338Z,308,2021,2025-06-05,14595,True
TC-455K,165,1990,2025-12-12,51759,True
PR-9330C,635,1995,2025-06-09,59063,True
TC-327M,443,2004,2024-12-06,41656,True
F-1848W,671,1991,2025-01-26,21168,True
PT-2104I,751,1991,2025-10-02,77302,True
N-8850D,411,2021,2025-08-03,25439,True
PS-9951W,600,2019,2025-10-04,249,True
PU-8577G,328,2016,2026-01-27,31089,True
D-873G,416,1994,2025-02-09,76642,True
F-8385Z,835,2021,2024-07-13,44767,True
N-7772N,889,2024,2025-12-24,61783,True
VH-3062M,273,2005,2024-12-08,57357,True
VH-8241W,803,2021,2024-06-09,44163,True
PU-2238D,965,2019,2026-02-26,11842,True
EC-2050N,539,2007,2025-12-21,79339,True
N-9419R,945,2000,2024-10-19,49547,True
TC-5183W,599,2008,2026-04-12,41039,True
TC-794K,714,2003,2025-05-16,60926,True
B-4533S,623,1993,2025-06-05,36115,True
N-2054Y,68,2006,2026-02-05,14765,True
PT-211R,631,2024,2024-09-16,60827,True
PP-6259S,700,1991,2025-11-15,46017,True
B-5137O,100,2002,2026-02-07,64683,True
PP-6260W,392,2017,2024-08-02,77178,True
VH-8440C,666,2023,2025-05-20,26255,True
JA-169G,594,2007,2025-08-22,64901,True
JA-1882Y,190,2011,2024-11-07,36668,True
D-848P,360,1996,2026-02-24,38614,True
B-8200N,508,2009,2024-07-29,7869,True
PP-8833M,498,2006,2025-04-09,12510,True
PR-7527H,780,1995,2024-10-03,76527,True
F-5995B,856,2007,2025-03-06,62414,True
PP-5644L,395,2016,2024-07-08,13740,True
F-2825Y,1000,2009,2026-03-17,6443,True
PP-9190Z,686,2018,2025-02-13,17392,True
B-4850B,388,2009,2025-03-02,65407,True
PR-8826Q,457,1992,2024-11-02,33412,True
EC-1437U,417,1991,2024-10-02,63179,True
PR-2566P,714,2013,2025-04-27,69842,True
PU-3233E,760,1990,2025-05-12,46919,False
PR-9834Z,682,2007,2025-09-24,28538,True
EC-7116X,2,2021,2025-09-15,44212,True
HL-5753I,732,2001,2024-09-23,22770,True
HL-7264A,427,2006,2025-01-03,25232,True
D-2293S,693,2017,2026-04-02,75942,True
PS-2679D,886,2011,2026-03-17,17022,True
EC-6011S,891,2015,2025-10-23,10351,True
D-676Q,537,2012,2025-10-07,35109,True
JA-1947R,524,1998,2025-01-25,56642,True
B-335V,604,2006,2025-11-08,11040,True
N-5133P,143,2009,2026-01-24,55740,True
PR-3330J,348,2024,2025-11-29,37399,True
EC-4608G,43,2022,2025-07-03,74777,True
PS-7236N,431,2008,2024-12-10,64621,True
PR-5551J,703,2020,2025-11-20,12753,True
EC-9456M,121,2004,2025-05-29,6064,True
N-7977W,53,2020,2024-09-21,16219,True
JA-8338A,901,1999,2025-04-04,66644,True
N-2714P,711,1998,2025-08-09,34983,True
PR-6923S,346,2002,2025-12-12,48630,True
PT-8262C,477,1997,2025-05-26,15841,True
PP-2442C,958,2005,2026-01-15,15717,True
PS-6251X,72,2003,2025-12-03,16474,True
VH-9020B,22,1992,2025-06-15,13747,True
EC-4999A,535,2020,2025-09-02,33121,True
PR-3669G,261,2016,2026-04-20,58173,False
D-7453G,403,2007,2024-12-05,14765,True
PR-2969F,398,2012,2025-12-23,55620,True
PP-178T,279,2022,2025-07-03,37295,True
G-1410Y,747,2025,2026-04-16,7356,True
F-2537Z,223,2022,2025-11-01,70666,True
PS-7886P,878,1998,2025-07-15,13611,True
PS-1247R,996,2011,2025-08-18,11191,True
N-4046B,994,2020,2026-03-10,21699,True
VH-394I,513,2015,2024-12-27,70581,True
PP-975Y,288,1994,2026-04-01,16384,True
EC-2372K,42,2016,2025-09-06,76880,True
HL-3990F,66,2006,2024-08-02,36097,True
VH-6975U,572,2017,2026-02-14,28244,True
G-9189P,786,1990,2024-10-13,36177,True
PT-1696L,124,2016,2026-03-28,54903,True
N-3363T,140,1995,2025-07-15,70163,True
JA-1869V,139,2008,2025-05-06,51518,True
F-9204B,461,2024,2025-05-11,70434,True
PR-8283B,814,2019,2024-10-08,64556,True
EC-9300H,634,2000,2025-06-30,23276,True
PP-2080U,980,1990,2025-06-15,18099,True
N-2560G,276,2023,2025-06-09,39939,True
D-1885S,242,1998,2024-12-18,21354,True
PT-7295O,615,1995,2025-06-23,67488,True
G-5117D,609,2019,2026-02-04,65219,True
PR-3655M,13,2020,2025-07-25,15357,True
EC-8666O,39,2003,2025-03-26,59300,True
F-4429Y,285,2013,2026-05-17,62113,True
TC-6762V,478,2017,2025-09-23,28152,True
PU-2071W,214,1996,2024-08-05,79932,True
EC-3535F,182,2004,2024-07-12,76693,True
D-8844B,844,1992,2025-01-16,6474,True
TC-7110O,118,2013,2024-06-15,49222,True
PS-6401R,714,2010,2025-05-12,56409,True
VH-1108Z,65,1992,2025-03-23,75862,True
TC-9903P,795,2003,2025-12-01,34499,True
PP-877I,370,1990,2026-04-10,47256,True
PP-6799U,406,2002,2026-03-29,7681,True
PP-5943X,608,2018,2026-02-01,19374,True
TC-3440P,25,1996,2024-10-08,35315,True
VH-8892Q,257,2011,2025-09-08,70945,True
PT-7123A,296,2014,2025-03-21,5219,True
PS-3445A,909,2021,2026-04-05,60600,True
G-2355T,151,2022,2025-09-26,59871,True
TC-4945L,239,1999,2026-02-09,69401,True
HL-5053R,380,2022,2025-03-24,8084,True
N-7625M,639,2025,2025-01-31,49114,True
PS-9975P,159,2012,2024-10-21,13419,True
F-9897N,448,2009,2026-03-12,11266,True
F-9085K,702,2013,2026-01-05,11995,True
EC-6119U,336,2004,2025-01-06,78380,True
PU-5774G,284,2012,2024-08-18,22050,True
TC-8699X,375,2000,2025-12-31,14403,True
HL-2137C,940,1995,2025-02-03,7602,True
N-5783T,735,2019,2025-06-14,74497,True
PU-3126F,937,2005,2024-11-20,36168,True
PP-5115F,424,2000,2024-07-29,66614,True
F-9977X,218,2014,2025-11-01,41618,True
N-6856K,734,2007,2025-07-06,46833,True
G-215H,358,2015,2024-07-10,50074,True
D-3264S,747,2014,2024-09-19,34187,True
TC-6574V,642,2011,2024-06-16,61268,True
D-7458T,272,1996,2025-01-09,22545,False
PS-2228L,910,2022,2024-06-17,49873,True
D-609F,82,2016,2024-12-23,74103,True
D-551S,67,1999,2024-08-01,57075,True
D-1897P,223,2025,2025-12-01,17844,True
D-8140D,219,1991,2026-04-28,20922,True
D-1260V,363,1995,2024-06-08,28366,True
TC-3669E,443,1992,2025-05-25,12125,True
TC-3221Z,431,2005,2026-02-17,65256,True
PP-7993Y,306,2000,2024-08-20,6216,True
G-887B,183,1996,2025-08-16,14526,True
VH-5017C,414,2008,2024-07-25,35533,True
D-6792Q,551,2000,2024-09-14,33546,True
PS-2272G,649,1995,2025-09-07,58633,True
PU-8936W,309,2022,2026-01-25,61685,True
PT-6240E,831,1990,2026-02-16,27340,True
PU-7712L,998,2009,2025-01-05,67807,True
F-503Z,389,1995,2024-12-12,61730,True
PS-8528H,755,2015,2026-02-03,55640,True
D-1947Q,828,2003,2025-11-18,37299,True
EC-8776L,392,2008,2024-12-12,60763,True
N-4135X,435,2010,2025-05-22,48281,True
PR-5683S,773,2001,2024-07-15,24837,True
EC-2364K,111,2016,2026-05-22,76599,True
PS-508N,556,2004,2024-10-19,13478,True
VH-3088T,144,2023,2025-04-26,44896,False
PU-1504G,917,2011,2025-03-12,4802,True
PR-6506O,89,2012,2025-05-08,11449,True
HL-6083Z,860,2025,2025-07-17,50408,True
HL-8113B,16,2022,2026-05-20,61501,True
F-1208G,756,2001,2024-08-18,76765,True
PT-1897D,797,2024,2025-01-14,23416,True
B-7647T,558,2009,2025-09-26,8032,True
F-2392P,240,2007,2025-04-05,48097,True
TC-8674M,364,2025,2024-11-21,76529,True
JA-9660F,689,1993,2026-02-13,71770,True
B-3061I,780,2010,2025-03-06,43565,True
PR-3187U,97,2017,2025-02-03,31032,True
D-3986G,355,2024,2024-06-25,42412,True
VH-5770C,136,2001,2024-08-02,45758,True
D-6965U,601,2023,2025-08-28,40630,True
TC-9109E,689,2006,2024-11-11,11882,True
JA-4573E,17,2018,2025-03-16,12041,True
PR-1538X,642,2012,2024-11-11,54906,True
EC-1716Q,759,1992,2026-05-04,61952,True
VH-8252M,660,2007,2024-07-21,37718,True
VH-2931E,880,2002,2025-10-28,24654,False
TC-8285J,167,2002,2024-08-02,19525,True
PS-1559Y,715,1992,2024-06-25,40710,True
TC-9292R,55,2016,2026-04-18,73986,True
PR-6773G,899,2019,2024-08-29,18129,True
VH-3561N,441,1997,2025-12-12,48715,True
JA-9313F,186,2007,2025-02-08,77175,True
F-2752L,832,2014,2025-07-04,78629,True
G-9941T,81,2019,2025-01-22,41693,True
PU-1569H,222,1992,2025-03-15,67442,True
VH-1205C,665,2004,2025-04-05,4046,False
PR-5552R,645,1997,2025-05-12,14112,True
PU-4289Z,226,2009,2026-03-19,17995,True
VH-4548C,962,2011,2024-11-23,50743,True
TC-6019J,845,2014,2026-04-12,49386,True
PR-7327G,834,2022,2024-08-12,60297,True
N-6963D,854,1994,2026-02-23,12210,True
EC-4926U,647,1990,2024-11-19,38823,True
PT-2458P,141,2009,2025-06-07,14713,True
TC-8192L,31,1999,2024-07-16,66689,True
VH-7596G,250,2025,2025-11-23,8584,True
N-5082T,550,2012,2024-07-07,54180,True
D-5947O,486,2018,2025-12-16,60807,True
PS-2852C,654,2023,2025-11-25,50629,True
PS-3459W,455,1999,2025-12-09,49777,True
G-8726G,463,2000,2024-07-22,7134,True
N-1164Z,404,2013,2025-10-30,46726,True
EC-1148K,71,2020,2025-11-22,70993,True
PP-7303H,225,2011,2025-05-26,6995,True
PU-2780D,497,1998,2025-01-01,11469,True
F-9904Q,134,2004,2025-08-16,58011,True
PU-2266Q,146,2002,2024-10-28,38419,True
B-2434T,698,1993,2024-08-12,57536,True
PP-4007A,161,2011,2026-05-06,28057,True
TC-161Z,481,1999,2025-05-18,29476,True
PU-9057U,281,2007,2025-03-08,33783,True
TC-5657D,203,2018,2025-04-20,36884,True
F-7440B,367,2011,2024-06-23,33418,True
F-296B,367,2019,2026-02-14,23563,True
B-2613S,665,2006,2025-06-25,40153,True
PR-9464W,584,2023,2024-11-30,21201,True
PS-2399C,358,2003,2024-06-07,21957,True
HL-3097Y,803,2003,2024-10-23,31905,True
PR-1483Q,426,1996,2024-08-21,49165,True
VH-4796L,396,1993,2025-12-02,76832,True
D-8641O,130,1995,2026-05-27,8380,True
B-9179J,498,1993,2025-11-27,40254,True
HL-2845P,269,2002,2026-03-24,1206,True
PR-3852Q,681,2000,2025-05-13,48356,True
PS-6354U,231,1995,2024-11-14,45534,True
B-7676U,927,2005,2025-05-19,59761,True
PS-9207W,549,2011,2024-11-14,59093,True
VH-6918A,788,2003,2024-12-02,28155,True
G-541N,199,2012,2026-03-11,75717,True
EC-549Z,393,2018,2025-09-07,1876,True
JA-1760O,787,2011,2025-06-10,5888,True
PT-368K,251,2011,2026-02-22,17737,True
G-3008E,973,2016,2025-10-07,46846,True
PP-1803Z,113,2023,2025-10-26,54787,True
PU-7879C,199,2004,2024-07-06,36399,True
PT-2709T,102,2014,2024-08-05,70980,True
TC-932M,186,2010,2026-03-17,28038,True
B-1271G,680,2023,2026-04-20,12559,True
F-4528Q,464,2023,2026-04-12,49781,True
D-7713C,77,1991,2024-06-06,76197,True
VH-9693H,975,2002,2024-08-16,21193,False
TC-7522U,408,2001,2025-10-28,47733,True
PS-1516M,619,2013,2026-04-17,56344,True
PP-9173K,577,1995,2025-01-12,53209,True
PT-5973R,671,1999,2025-08-15,3501,True
PR-283H,821,2017,2024-10-13,56621,True
N-8889B,650,2024,2025-04-19,23708,True
PS-3700P,467,2018,2024-10-01,26777,True
N-8628T,739,2002,2024-07-31,53201,True
PU-8571K,525,2015,2026-03-06,68297,True
TC-7818W,234,2001,2026-02-12,47886,True
TC-5180H,228,2024,2025-08-04,61325,True
PP-3208I,773,1996,2025-09-23,33205,True
PS-9555T,686,1996,2026-03-26,10482,True
G-8319W,429,2001,2024-10-02,14784,True
TC-4002P,373,2017,2026-05-17,36955,True
D-2966B,387,2021,2026-04-04,79532,True
VH-2847G,576,2008,2024-10-03,19973,True
PT-8512F,407,2013,2025-12-17,37877,True
PR-1093C,760,1991,2025-11-10,29537,True
TC-327D,184,1996,2026-04-29,73827,True
PU-4849M,767,2003,2024-12-21,26112,True
EC-7404H,851,2011,2024-06-14,76861,True
JA-2619Z,502,2009,2024-06-02,6120,True
PS-2706Y,75,2004,2025-04-21,19860,True
HL-791N,716,2024,2024-08-01,34245,True
PR-5319C,335,2014,2024-11-11,26834,True
N-2134H,2,2004,2025-07-14,79740,True
HL-9434E,752,1992,2025-03-25,8824,True
B-3183U,52,2003,2025-02-16,40614,True
F-9499S,343,1996,2024-12-28,72527,True
PP-4844H,129,2013,2026-03-21,50360,True
JA-9511J,720,2025,2025-11-21,38532,True
VH-4914Z,900,2013,2025-09-06,47275,True
EC-213G,924,2002,2025-04-29,52264,True
PU-5306H,128,2011,2026-05-22,62654,True
PU-7775S,492,2013,2025-04-10,54916,True
PS-2635P,209,2002,2024-07-13,20209,True
EC-9892M,57,2007,2024-10-12,31514,True
VH-7040D,814,1995,2026-05-14,20144,True
B-7552X,10,2007,2025-10-20,27946,True
G-5834A,970,2025,2025-01-31,36957,True
B-7671E,257,1996,2026-03-28,59149,True
PR-7331R,167,2020,2024-08-07,53976,True
PT-7976V,996,1997,2024-12-29,54829,True
PR-8057I,232,2019,2024-12-12,41361,True
VH-7641Z,831,2020,2025-02-22,64328,True
PU-2271L,121,1992,2025-07-28,73289,True
N-8344R,495,2025,2025-12-14,58291,True
EC-6554P,267,2021,2024-07-04,59514,True
PS-1392M,152,2019,2026-03-12,62969,False
JA-6321S,631,2013,2025-01-02,46012,True
B-4781B,254,1999,2026-03-07,72219,True
TC-7222E,299,2019,2025-06-02,43588,True
G-6827Z,416,2025,2024-08-05,1035,True
EC-5124N,104,2008,2024-07-21,48037,True
N-1306D,827,2021,2026-03-08,44991,True
EC-6128Q,222,2023,2025-08-08,19882,True
N-7312A,607,2013,2025-12-06,55195,True
TC-2363W,622,2012,2026-03-26,52812,True
PS-155Q,336,2010,2024-06-26,36145,True
PU-3709X,422,2009,2026-02-02,36780,True
D-5108Y,808,2020,2024-06-27,75833,False
F-8376P,762,2017,2025-01-23,70900,True
PS-8513Y,985,2007,2025-02-20,76252,True
EC-8053D,761,2013,2024-07-12,57345,True
G-2463R,605,2009,2024-08-05,72964,False
B-4190W,222,2011,2026-04-27,11604,True
B-8705N,145,2015,2025-02-02,33910,True
D-9273R,55,2003,2026-01-02,57085,True
G-6947D,469,2019,2024-12-07,22805,True
VH-488F,233,1997,2026-05-19,30922,True
PP-915A,975,1995,2024-07-26,36484,True
PT-7189E,290,2009,2025-12-03,40408,False
B-539T,33,2004,2024-08-28,61326,True
PP-5068O,166,2009,2025-08-20,19701,True
PS-973L,410,2016,2025-02-11,2584,True
F-1112R,146,2002,2025-09-19,7658,False
D-9411T,177,2022,2026-05-10,37384,True
EC-5514K,350,2014,2026-04-27,33190,True
PP-6508A,967,2024,2026-05-18,15058,True
D-6178T,473,1990,2026-02-23,15356,True
B-1608S,5,2022,2025-10-02,5523,True
TC-4690O,615,2009,2025-04-13,76104,True
PR-5916C,382,2023,2024-07-17,36994,True
F-8410E,915,2013,2026-03-09,66397,True
JA-1228F,786,1993,2024-09-27,24456,True
PP-5458Z,769,2022,2025-06-11,16032,True
PU-1836N,527,2011,2025-04-13,4869,True
G-5833O,195,1996,2025-09-11,30090,True
N-1549K,384,1998,2026-01-29,73958,True
VH-2255Q,401,2016,2024-10-27,62287,True
VH-9987B,178,2002,2026-02-12,24666,True
JA-6305R,153,2025,2026-04-23,58509,True
B-1114R,724,2019,2025-11-29,3265,True
EC-5166P,162,1993,2026-04-02,44960,True
PP-9824C,751,2021,2024-12-31,60778,True
PR-8934M,236,1999,2026-02-10,65197,True
G-9770Z,833,2025,2026-05-22,33021,True
PS-2133D,170,2008,2026-01-10,6047,True
JA-8993X,879,2014,2025-06-21,766,True
PS-6636N,543,2010,2025-06-13,64701,False
PT-1827Q,377,2004,2025-09-16,42786,True
PP-3841C,856,2015,2025-05-07,33668,True
B-2102T,853,2017,2025-04-22,31802,True
G-1393Y,10,2024,2024-07-10,58566,True
EC-8637M,25,2018,2026-03-22,70398,True
G-3979R,826,1995,2025-02-11,21822,True
N-7963W,785,1999,2024-12-18,50542,True
JA-4510Q,243,2020,2026-05-11,43788,True
PR-6563W,68,2008,2025-06-27,6069,True
VH-3577K,84,2012,2026-03-18,59084,True
PR-7861J,422,2013,2026-04-25,17397,True
PS-5002R,197,1995,2025-02-15,10616,True
N-372M,318,2010,2025-03-21,30586,True
JA-9840X,934,2010,2024-09-26,53426,True
PP-4622A,106,2004,2025-02-03,67766,True
HL-5664T,853,2025,2025-06-03,56774,True
B-4404N,541,2008,2025-02-28,68276,True
PR-8416X,726,2012,2024-06-08,17964,True
PP-9011F,309,2022,2026-03-14,63021,True
B-3205E,230,2016,2024-12-31,21655,True
EC-8408U,170,2010,2024-10-11,78138,True
VH-5490C,99,2007,2024-10-19,4195,True
JA-4568Y,848,1993,2025-01-28,1809,True
PR-6496P,612,2008,2025-04-09,61188,True
HL-1667S,625,1994,2026-04-04,19768,False
VH-1868C,773,1996,2024-12-21,57062,True
JA-2498Q,192,1993,2026-01-11,45639,True
G-4700D,896,1990,2024-07-16,30347,True
VH-7562A,758,2020,2025-03-29,4975,True
EC-2413F,97,1990,2025-09-03,43079,True
VH-2739D,611,2020,2026-04-13,45717,True
N-4207P,688,1993,2024-12-23,57737,True
PS-6066T,928,2008,2025-10-29,35674,True
VH-6203D,935,1998,2026-01-02,15862,True
PR-9116N,643,2013,2025-11-21,42000,False
EC-324P,40,1996,2025-06-25,39615,True
N-8990J,456,1995,2025-04-20,52488,True
PU-4333D,327,1996,2026-01-10,30172,True
B-1687Z,711,1999,2024-08-26,40296,True
PS-7068A,127,2001,2026-01-29,61568,True
F-3070O,6,1996,2025-12-20,64342,True
PP-4207A,135,2015,2026-01-13,30959,True
JA-5395Y,433,2025,2025-06-19,71264,True
TC-6228K,163,1996,2025-02-19,4323,True
G-2332Z,612,1994,2026-03-26,55550,True
G-7975B,545,2002,2024-12-19,18614,True
F-7599R,974,1998,2026-04-16,46410,False
PS-4951B,793,1993,2024-08-23,11130,True
PR-5172O,411,2008,2025-12-27,5508,False
HL-9283C,385,1993,2025-07-09,49261,False
PP-6811C,881,2001,2024-10-03,33227,True
PS-7466J,864,2012,2025-06-24,55012,True
B-9435N,958,2022,2026-01-26,21639,True
PS-4265P,45,2018,2025-06-24,18258,True
PU-7195F,340,2021,2024-08-25,76628,True
G-8736Z,431,1998,2026-02-08,7747,True
VH-5573A,388,2020,2024-08-30,18352,True
PS-6466A,536,2005,2025-01-21,44201,True
PS-3557S,84,2023,2025-08-12,54794,True
VH-7966W,492,1991,2025-08-09,18072,True
PU-9086Y,890,2001,2026-03-06,70639,True
PS-1810Z,196,1995,2026-02-04,76546,True
TC-9395T,714,1996,2024-08-16,18036,True
G-5837W,356,2002,2025-03-26,25892,True
D-5005S,387,2008,2024-07-15,51069,True
VH-7141P,108,2008,2025-03-15,59677,True
PU-3814V,677,2013,2025-08-08,11919,True
TC-6936D,665,2021,2024-06-18,22095,True
PR-5277H,591,2006,2024-07-30,59923,True
VH-3269C,232,2004,2025-08-16,26429,True
PU-3641J,659,2010,2025-06-24,56314,True
F-6373P,79,1995,2025-11-05,44613,True
N-7966H,718,1990,2026-02-02,26779,True
TC-1158M,12,2009,2026-04-03,50663,True
PR-7993B,619,2011,2025-02-13,4990,True
PU-2384P,324,2013,2025-03-04,22300,True
N-4375B,796,2011,2026-05-10,65269,True
PT-4168N,255,2000,2025-06-17,33856,True
TC-8945U,674,2007,2024-07-04,43260,True
N-9649N,776,2016,2025-08-08,74494,True
HL-4877S,563,1998,2024-10-12,44772,True
G-1404M,109,2020,2025-04-09,10088,True
D-1951I,815,2021,2025-06-19,14153,True
N-6477H,987,1990,2025-12-27,54961,True
PR-6780V,857,2017,2025-08-01,11059,True
PP-1974Z,132,2025,2025-03-25,67859,True
PU-6947U,389,2023,2026-03-24,31062,True
JA-6322C,137,2002,2025-02-10,37068,True
G-1998C,589,1998,2026-04-22,51481,True
EC-3246B,596,1992,2024-07-08,56734,True
N-8627U,145,1999,2024-12-23,73587,True
B-171A,591,2007,2024-12-29,50599,True
TC-8797C,567,2016,2025-12-24,76396,True
EC-7012C,915,2017,2025-01-13,72332,True
VH-1423I,747,1992,2024-08-11,71974,True
EC-2172C,176,1991,2026-05-03,26393,True
PR-9185W,179,2019,2025-01-20,28543,True
G-3380U,391,2011,2026-05-06,54181,True
N-6699S,393,2012,2025-01-04,33726,True
EC-5459R,849,1999,2026-01-02,21350,True
TC-5305A,922,2009,2024-09-16,37661,True
N-6340O,35,1997,2025-09-29,54743,True
VH-9129Q,727,2012,2026-05-20,71420,True
VH-1280M,815,2012,2024-12-21,68599,True
PU-9790C,909,2007,2026-01-17,38031,True
F-6314A,355,2001,2024-09-22,46495,True
PS-4599T,579,2022,2026-01-04,44338,False
PR-8601G,517,1999,2025-04-12,34117,True
JA-9614X,846,1993,2025-06-20,1093,True
PT-5308X,263,2000,2026-02-06,21384,True
F-5044G,710,2000,2025-10-03,27632,True
PR-7820I,906,2022,2024-06-16,60704,True
JA-5856G,274,1990,2025-07-18,16151,True
VH-7716U,297,1993,2025-07-25,19274,True
N-8176G,713,2013,2024-07-19,76215,True
PP-8961Z,61,2009,2025-11-27,51685,True
PU-6918J,620,2005,2025-02-26,17612,True
G-5195Z,608,2022,2026-03-22,63341,True
D-557C,717,2022,2024-07-05,60930,True
B-3766T,834,2022,2024-07-22,43481,True
EC-8547B,411,2017,2025-02-12,53642,True
PP-4450Q,576,2013,2026-02-28,29272,False
PU-7104R,874,2017,2024-09-06,58907,True
PU-968V,8,1993,2024-11-25,48638,True
N-7249P,205,2021,2025-05-08,24553,True
PP-6870Q,792,2021,2025-11-03,50487,True
JA-2343Y,528,2024,2025-07-04,35309,True
PU-2181L,237,2004,2025-10-26,55043,False
PP-9141N,617,1991,2025-04-20,72877,True
D-5280P,545,2021,2026-01-21,26090,True
EC-4531Z,827,2008,2026-04-18,53886,True
PU-2954Q,685,2013,2024-10-17,30192,True
PU-7077E,962,1993,2025-04-17,55818,True
N-2623P,232,2011,2025-07-03,78292,True
N-5935E,543,2022,2024-12-14,6064,True
PT-8272W,411,2014,2026-04-14,51590,True
VH-8285W,879,1997,2025-09-24,42043,True
VH-3367A,650,2018,2025-05-13,47864,True
N-7470T,470,2019,2024-07-05,50199,True
F-899Y,35,1991,2025-01-15,22302,True
B-1655H,477,1998,2024-09-21,55000,True
PT-2305K,321,2025,2024-12-16,44639,True
EC-2379L,937,1998,2024-07-20,32283,True
VH-883F,845,1995,2025-04-17,15805,True
TC-1091M,294,2003,2025-12-17,55989,True
TC-7296O,759,2008,2025-08-13,33675,True
VH-7731J,834,2000,2025-10-31,5758,True
PR-3606D,574,2001,2025-06-29,63247,True
G-9582Y,678,2001,2024-08-31,13887,True
PT-7134X,777,2020,2025-01-16,60683,True
PR-8690M,404,2007,2024-09-26,58725,True
TC-9129W,758,1993,2026-04-11,16732,True
EC-2399O,984,2024,2026-05-07,13453,True
F-9625Z,364,2001,2026-05-22,61866,True
G-9529A,654,2002,2024-06-06,3995,True
PU-5752D,176,2018,2025-05-13,77876,True
TC-6886X,978,2019,2025-03-25,12182,True
PS-7978B,105,2022,2025-10-27,15941,True
JA-7377G,868,2012,2025-07-25,45582,True
HL-8181Q,263,2013,2024-08-02,15736,True
JA-1136A,380,2003,2025-05-09,65614,True
PS-5154Y,630,2024,2025-10-22,58465,True
D-9039U,880,2007,2024-06-10,14323,True
B-6437P,607,2018,2024-07-06,67845,False
G-9085J,477,2016,2025-05-01,16457,True
JA-9542S,412,2018,2025-07-22,21680,True
PS-3328J,999,2014,2024-08-01,9545,True
F-9431D,898,2021,2026-05-03,62475,True
HL-2672B,212,2021,2024-12-24,70041,True
PT-2135R,631,2008,2024-11-19,59343,True
PT-7599S,586,2002,2025-04-28,69042,True
F-4217R,499,2024,2025-03-08,54114,True
F-2740I,400,2024,2025-08-23,58329,True
G-8846L,784,2012,2025-06-03,8723,True
PS-1493F,497,2020,2024-09-29,27979,True
HL-2194Z,893,2024,2025-11-05,11300,True
TC-113I,858,2002,2026-05-26,53230,True
JA-2398S,850,1996,2024-11-24,42724,True
VH-6436G,619,2008,2025-09-07,44612,True
PP-9043K,714,2023,2026-01-04,73884,True
PS-172Q,967,2023,2025-10-20,10857,True
EC-1750Z,123,2010,2026-02-03,79587,True
D-2448Z,270,2023,2025-05-31,27607,True
PR-6808P,884,2008,2025-04-02,8568,True
D-1989E,242,2023,2025-04-17,71918,True
PS-9981U,988,2021,2025-12-26,51188,True
D-8486T,621,2021,2024-08-22,23203,True
PS-8168E,318,2003,2025-11-14,56908,True
TC-5612E,208,2013,2024-07-08,54457,True
D-1747A,680,2022,2025-01-31,73912,True
D-3226G,843,2011,2024-12-14,54675,True
B-3273U,936,1990,2024-09-04,69762,True
PU-8251C,590,2013,2026-04-05,29985,True
PS-833X,988,2019,2025-05-24,58948,True
HL-2054Q,478,1996,2026-01-31,49532,True
PU-5231U,804,2021,2024-08-05,67236,True
PS-9407S,821,2020,2025-02-07,38011,True
N-3913D,830,1998,2024-07-01,24770,True
PU-6774U,614,2000,2024-06-24,73948,True
F-3803O,799,1993,2026-02-10,9350,True
D-2056B,859,1995,2025-06-20,6236,True
F-4062U,848,2003,2025-05-03,28918,True
PP-9753O,927,2019,2024-06-12,33261,True
N-2932P,841,2017,2024-08-03,79094,True
G-3105U,955,2009,2025-11-18,19665,True
PS-8101N,412,2004,2026-03-10,58838,True
JA-4182C,229,1992,2026-04-09,56212,True
PT-2424U,209,2021,2025-05-23,69701,True
EC-4204H,206,2025,2025-02-27,25106,True
G-4393V,365,2009,2026-01-11,71239,True
PS-9877L,265,2025,2024-08-27,12942,True
PT-4648S,532,2020,2025-12-05,12677,False
JA-2766X,634,2017,2025-12-30,66202,True
PP-2185J,665,2012,2025-07-24,78277,True
PU-7792E,111,2011,2026-04-16,45077,True
PP-5630E,383,2022,2024-06-06,65641,True
VH-8461E,914,1994,2024-06-06,18651,True
PR-2447G,514,1997,2026-05-01,32790,False
VH-4197T,878,1993,2025-05-16,78186,True
PS-1512H,207,1996,2026-05-11,20200,True
N-6885Y,720,2025,2025-06-04,477,True
PS-4264Q,620,2005,2025-08-05,54473,True
EC-4888L,643,2012,2024-12-13,61640,False
JA-7662F,484,2022,2024-10-19,46290,True
B-9507X,911,2023,2025-06-30,60992,True
B-5633W,829,2021,2025-01-08,27827,True
G-4470D,258,1998,2025-03-14,70025,True
VH-172D,573,1995,2025-03-10,2195,True
PP-9657A,902,1993,2025-05-22,24253,True
JA-1456A,456,2016,2025-05-07,31952,True
G-119E,5,2011,2024-08-20,12474,False
EC-3311F,752,2023,2025-07-18,21405,True
JA-5918E,574,2012,2025-09-30,46999,True
TC-529Y,133,2022,2025-04-30,9691,True
N-2276R,667,2005,2026-05-18,32237,True
PP-8987X,346,2010,2025-06-12,63622,True
G-7927T,397,2002,2025-06-11,7132,True
PS-5901S,532,2023,2026-02-12,52065,False
PR-185A,287,2015,2024-07-07,67641,True
PP-5077Z,98,2011,2025-05-04,7183,True
N-2701W,953,2003,2025-04-30,26405,True
PR-1932S,105,2016,2025-06-16,41928,False
PP-9911Q,901,1993,2024-09-11,52935,True
N-1709L,137,2018,2025-11-18,4234,True
PP-8026I,2,1997,2024-08-12,18990,True
TC-7058U,789,2019,2025-09-14,54738,True
PU-9904W,756,2010,2025-12-17,39382,True
G-8176C,599,1999,2024-10-03,18011,True
D-8959Y,928,1999,2026-02-12,21705,True
VH-3955V,143,2012,2026-03-06,71451,True
PR-8282M,99,1998,2024-10-17,76877,True
HL-7929A,440,2013,2025-08-05,29478,True
TC-6589D,151,1995,2026-01-13,15089,True
PS-7670T,157,2022,2024-11-29,11799,True
HL-8661B,159,2000,2025-01-20,67212,True
JA-5605X,526,2019,2025-08-31,34561,True
B-4488D,672,1998,2026-04-04,37969,False
PS-8811I,192,2023,2024-09-01,67560,True
HL-5819X,742,1994,2024-12-20,10620,True
VH-2901P,762,1990,2024-11-08,20571,True
TC-6032F,535,2013,2024-06-10,73860,True
PS-4838J,431,2004,2025-10-08,28010,True
PT-1327T,780,2006,2025-09-04,63092,False
HL-1258P,891,1999,2026-02-09,31177,True
G-3748U,88,1991,2024-09-27,13839,True
JA-790O,648,2017,2024-08-27,20018,True
TC-8385L,355,2017,2025-03-10,60465,True
PS-853C,447,2021,2024-10-03,40208,True
PS-651E,989,1996,2025-05-19,16740,True
HL-7241M,241,2000,2024-10-17,57323,True
PS-9721L,979,2023,2026-01-01,37701,True
TC-2621Q,713,2014,2025-03-11,38950,True
G-4535D,129,2014,2025-09-28,55243,True
N-9767N,518,2004,2025-06-13,21606,True
PS-3705C,492,2020,2025-07-22,64980,True
G-4933Y,605,2005,2024-11-21,27553,True
B-4358M,564,1995,2024-11-01,62029,True
N-5701P,952,2010,2025-04-26,72759,True
F-871M,387,2022,2026-03-07,49532,True
PR-9841M,668,2025,2025-05-28,46392,True
PR-8025L,399,2016,2026-05-11,27501,True
JA-2957H,200,2024,2025-01-05,72434,True
B-842V,986,1994,2026-02-01,61221,True
N-8879A,961,2007,2025-11-18,79371,True
N-6903V,429,1993,2024-07-14,28578,True
JA-3061G,696,2025,2026-04-28,3272,True
B-5394L,493,2025,2025-07-13,11327,True
PU-6717G,154,2012,2025-11-10,15340,True
VH-6816O,317,2019,2025-08-23,7171,True
PS-7740L,973,2015,2024-08-20,14100,True
PR-4201F,285,2006,2024-10-12,53088,True
B-5080X,889,1995,2025-11-17,55820,True
VH-8265I,591,2019,2026-01-21,36102,True
EC-5957Z,804,2025,2024-07-06,30184,True
PR-4451Q,207,1997,2025-02-25,67263,True
B-1183D,560,1997,2025-09-05,39097,True
N-621N,108,2025,2025-08-29,57436,True
G-4172I,675,2007,2026-02-19,3041,True
PR-8702R,183,2009,2024-12-26,61607,True
B-2264U,145,2000,2026-02-19,65019,True
PS-438U,803,1995,2025-01-10,58494,True
PP-3072W,628,2002,2025-11-18,76686,True
HL-1120X,911,2022,2025-05-29,46124,True
N-3777F,491,2021,2025-10-02,61138,True
N-6200V,828,1993,2026-04-15,27544,True
PT-8871C,794,2014,2026-01-23,18720,True
JA-7847N,418,2010,2025-04-01,77313,False
HL-3382I,778,2020,2025-09-03,46605,True
PU-4866K,79,1993,2025-12-24,14114,True
N-9432R,258,2011,2026-03-22,47307,True
N-6896E,220,2001,2025-07-21,9108,True
PT-4604W,998,1990,2026-04-01,13584,True
VH-6406I,195,2012,2025-07-26,61522,True
PT-8263A,961,1999,2024-06-24,78660,True
B-3029P,947,1998,2024-08-11,7231,True
PP-9477I,368,2011,2024-10-16,37794,True
JA-7793F,442,1995,2025-11-05,34644,True
PU-8622G,952,2006,2026-01-24,13087,True
N-8206F,222,1993,2024-10-08,72839,True
PT-2386U,422,2008,2025-02-22,36048,True
N-6031C,477,2003,2026-01-09,61911,True
PU-2296V,239,2022,2025-04-12,19282,True
EC-2632K,419,2011,2026-02-11,72499,True
G-3346P,724,2016,2024-09-10,65563,True
F-7839I,915,1999,2024-07-19,41259,True
PU-3352P,931,2005,2025-07-20,48485,True
PT-8817C,359,2022,2024-11-16,155,True
B-4263S,703,2007,2025-04-20,64353,True
G-2749P,231,2024,2024-08-15,61025,True
F-8986N,196,2010,2025-12-31,77199,True
PT-6793S,951,2004,2024-06-13,29439,True
VH-3180M,931,1995,2026-03-31,34913,True
HL-6522T,764,2013,2025-08-10,28560,True
G-8490R,895,1999,2025-07-26,38144,True
JA-1554T,861,2007,2024-07-01,15322,True
HL-2769S,331,2008,2024-09-25,59448,False
PU-9126T,623,2002,2025-03-06,11460,True
PP-6656W,317,2000,2025-06-18,72504,True
HL-8362F,901,1995,2026-03-03,59598,True
PU-4439L,626,2022,2025-10-26,51917,True
HL-9484E,758,1996,2024-07-01,14043,True
EC-6510C,534,2019,2026-02-07,24555,True
TC-604B,75,1990,2024-07-26,18017,True
D-1896R,141,1998,2026-03-24,1907,True
PU-4422M,767,2021,2025-04-11,45108,False
D-6102A,879,2007,2026-04-12,52898,True
JA-2296V,129,2006,2025-10-19,64559,True
PT-1378M,507,2003,2024-10-10,56055,True
N-817M,512,2017,2025-12-11,10532,True
G-1900D,466,2019,2024-07-08,49858,True
EC-6304S,216,1995,2025-12-25,14731,False
F-9860W,922,2024,2025-10-22,25722,True
EC-7535X,196,2011,2025-04-07,20193,True
JA-6812P,308,1996,2025-12-11,24953,False
PU-5965A,268,2019,2024-12-06,33183,True
PP-4436G,538,2004,2025-05-23,57957,True
PS-9668A,823,1990,2024-07-20,64173,True
VH-3532N,711,2010,2024-11-24,76056,True
TC-1024N,108,2023,2026-05-03,26753,True
N-4352T,447,2006,2025-03-17,36664,True
PT-149P,872,2000,2026-05-23,31693,True
N-5589K,122,1993,2025-02-18,59480,True
JA-4274U,730,2013,2025-09-25,59596,True
PP-8182V,573,2001,2025-03-02,77469,True
PT-5144O,390,1998,2026-04-20,20746,True
VH-8629S,602,2001,2026-04-18,36809,True
PR-3341D,662,1992,2025-09-28,67139,True
G-2053O,357,2001,2024-08-23,54781,True
N-9427S,223,2022,2025-02-04,58716,True
F-8861Z,780,2023,2024-09-05,41977,True
TC-2350R,122,2023,2025-04-02,72937,True
G-7541Z,154,2018,2025-05-08,14700,True
N-506V,930,2022,2026-05-01,11194,True
PS-5795Y,774,2024,2025-03-23,7249,True
PR-6063U,490,1994,2026-01-08,57079,True
VH-9785F,657,2024,2024-07-31,21606,True
PT-1314Q,398,2000,2025-05-06,35100,True
F-453W,922,1996,2025-12-01,12181,True
PR-3293X,541,2015,2025-04-19,43940,False
HL-688M,651,2014,2024-09-27,53017,True
VH-5697Z,509,2011,2025-08-20,12802,True
PU-2271G,539,1995,2025-04-13,40209,True
PR-6696M,914,2016,2026-04-13,31725,True
JA-2360E,376,2024,2026-02-17,14366,True
PR-2205E,213,2020,2025-02-26,64541,True
EC-4426L,992,1993,2025-07-27,47576,True
TC-9763L,171,1999,2026-03-31,17216,True
TC-9493R,897,2014,2025-04-06,60670,True
VH-5195F,145,1990,2026-05-20,47373,True
N-9349F,805,2021,2026-04-11,61563,True
N-2060H,7,2005,2026-01-02,63561,True
PP-9360P,812,2000,2024-10-29,74149,True
JA-4996B,797,2001,2025-03-28,19589,True
F-614R,124,2008,2026-03-28,52221,True
B-4147K,338,1991,2024-07-14,51916,True
G-7066U,865,2010,2024-09-13,37121,False
B-8011S,119,2005,2026-01-29,60493,True
PR-5584P,643,1997,2025-03-08,15794,True
PS-2817O,667,2000,2024-12-08,30666,True
G-6843F,647,2010,2026-04-02,60396,True
PP-1212Y,968,2014,2025-03-20,69227,True
N-6528K,333,1999,2025-07-05,6848,True
PS-3359F,3,2013,2025-06-16,64174,True
JA-3432O,109,2007,2024-10-26,5299,True
PR-8154D,183,2020,2026-05-22,61736,True
PT-1547B,101,2017,2024-09-22,33217,True
PR-8763E,847,2024,2026-02-20,18218,True
PT-2856O,143,2015,2024-07-19,46248,True
D-5603Z,773,2013,2025-09-25,22668,True
VH-3028P,442,2021,2024-09-25,31185,True
VH-755F,984,2001,2024-10-18,74421,True
PR-9129J,961,2024,2025-02-10,44527,True
VH-1561C,413,1991,2026-04-11,67626,True
G-2213Y,883,1997,2025-01-02,56887,True
PU-2987A,989,1999,2025-03-08,58338,True
PT-8460W,227,2001,2024-07-07,42551,True
PU-8885Z,356,2003,2026-02-17,13419,True
PP-7093R,136,1995,2025-08-02,45925,True
TC-5550N,500,1995,2026-05-12,76018,True
TC-272C,186,2006,2024-06-17,65574,True
HL-5111D,454,1994,2025-03-29,46168,True
TC-3187S,387,1994,2025-09-22,70099,True
D-9035G,69,2010,2024-12-27,20319,True
EC-9851Z,201,2021,2024-06-16,18278,True
EC-6142D,867,1997,2025-09-20,25350,True
PR-5556Q,332,2003,2025-05-09,64394,True
TC-8803L,528,1993,2025-08-10,34389,True
B-7659M,655,2008,2026-02-13,19322,True
VH-3233N,593,2003,2026-05-26,73755,False
EC-1954J,741,2019,2025-05-27,23455,False
F-805T,81,1998,2026-02-28,47793,True
D-8865F,123,1992,2024-11-07,43218,True
JA-3905G,971,2022,2026-03-02,4248,True
N-2149L,422,2020,2026-05-06,2385,True
HL-6201G,302,2002,2025-10-19,41126,True
G-5662B,143,2017,2026-04-02,63416,True
PS-4608X,322,2011,2025-08-10,63004,True
TC-4546A,302,2006,2025-06-23,75765,True
D-1463C,46,2022,2026-05-10,25714,True
PR-8787O,589,2025,2024-08-16,4980,True
PT-8607N,374,2017,2026-02-26,60072,True
N-7149X,308,2023,2026-03-16,71704,True
PR-2033V,144,2010,2025-07-23,31735,True
PR-5703G,192,1997,2026-05-13,46638,True
EC-6375G,846,2016,2024-11-04,3769,True
PR-2223J,975,2012,2025-10-08,11156,True
D-1490S,965,2009,2026-04-23,74653,True
B-5310E,515,2005,2025-01-11,10219,True
TC-4034Q,609,2016,2026-04-25,1456,True
VH-629L,178,2025,2024-09-01,16418,True
VH-5391G,283,2010,2026-01-09,67901,True
N-6907O,888,2009,2024-07-15,40432,True
G-3508F,930,2001,2024-07-11,42138,True
PS-2466W,878,2008,2025-10-11,51968,True
F-2135P,645,2004,2024-06-05,16490,True
G-6131P,84,1995,2025-05-07,38763,True
D-3510J,767,2021,2025-03-31,59699,True
PU-2580M,323,2019,2025-02-07,78866,True
B-5171H,389,2001,2025-07-26,4503,True
TC-1702V,927,1997,2025-01-15,9780,True
PP-4148B,762,2025,2025-07-07,9094,True
