nome,codigo_iata,codigo_icao,cidade_id,latitude,longitude,altitude_metros,fuso_horario,ativo
Aeroporto Ribeiro,AAA,AAAA,504,-78.441483,4.821056,4105,Pacific/Auckland,True
Aeroporto Correia do Galho,AAB,AAAB,989,-66.821784,-17.909559,4473,Africa/Cairo,True
Aeroporto Vargas de Novaes,AAC,AAAC,338,28.307607,170.111205,2376,America/Chicago,True
Aeroporto Pimenta,AAD,AAAD,51,-20.804458,-152.26741,1637,America/Mexico_City,True
Aeroporto Duarte das Pedras,AAE,AAAE,590,25.638087,-35.706942,3830,America/Toronto,True
Aeroporto Camargo do Campo,AAF,AAAF,614,6.566427,133.142551,2220,Asia/Dubai,False
Aeroporto Aparecida,AAG,AAAG,696,-31.577887,-25.782716,3635,America/Bogota,True
Aeroporto Cavalcanti,AAH,AAAH,794,53.420357,-110.59281,4436,Europe/Madrid,True
Aeroporto Costa,AAI,AAAI,877,21.761188,150.598353,1262,Europe/Berlin,True
Aeroporto Mendonça,AAJ,AAAJ,123,-80.874848,15.481169,1152,Asia/Kolkata,True
Aeroporto Brito,AAK,AAAK,411,-66.166475,-144.375677,2643,Asia/Shanghai,True
Aeroporto Oliveira,AAL,AAAL,751,-9.068654,2.364272,2275,Asia/Tokyo,True
Aeroporto Ribeiro do Amparo,AAM,AAAM,950,4.092933,-36.505003,2685,Asia/Seoul,True
Aeroporto Aragão da Praia,AAN,AAAN,910,-1.164157,-144.044602,1410,Europe/Rome,True
Aeroporto Pereira,AAO,AAAO,282,-88.970244,-161.170878,4290,Asia/Singapore,True
Aeroporto Albuquerque,AAP,AAAP,806,55.673096,111.008385,1087,Europe/Lisbon,True
Aeroporto Rezende,AAQ,AAAQ,366,-77.167599,-42.258773,2091,Asia/Tokyo,True
Aeroporto Barros de Martins,AAR,AAAR,180,70.51934,130.166947,2130,America/Chicago,True
Aeroporto Fonseca,AAS,AAAS,603,20.092022,155.863212,40,Europe/London,True
Aeroporto Freitas do Norte,AAT,AAAT,854,-53.691033,10.542121,4377,Asia/Kolkata,False
Aeroporto Moura do Norte,AAU,AAAU,795,-47.991383,-65.42013,3849,America/New_York,True
Aeroporto da Rosa,AAV,AAAV,464,-86.421626,-91.745854,1589,America/New_York,True
Aeroporto Cunha,AAW,AAAW,306,55.780255,-83.598782,1738,Pacific/Auckland,True
Aeroporto Brito,AAX,AAAX,63,-58.795475,107.032901,2726,America/Toronto,False
Aeroporto Nascimento,AAY,AAAY,627,42.459206,-99.598019,2277,America/Toronto,True
Aeroporto Correia do Oeste,AAZ,AAAZ,276,30.235217,-175.638244,3549,Africa/Cairo,True
Aeroporto Nunes,ABA,AABA,622,-4.386529,-5.475263,3989,Europe/London,True
Aeroporto Novais,ABB,AABB,345,88.205875,19.885922,897,Europe/Berlin,True
Aeroporto Souza do Campo,ABC,AABC,625,-41.345676,-175.254294,2603,America/New_York,True
Aeroporto Rocha dos Dourados,ABD,AABD,363,45.631982,-44.049305,4031,Europe/Lisbon,True
Aeroporto Caldeira da Serra,ABE,AABE,998,87.060552,26.293285,4081,Africa/Cairo,True
Aeroporto Novaes,ABF,AABF,229,13.146694,63.65901,2758,America/Lima,True
Aeroporto Montenegro Alegre,ABG,AABG,780,8.731225,-129.471904,3540,America/Sao_Paulo,True
Aeroporto Nascimento,ABH,AABH,632,-44.824562,-127.030005,362,Europe/Madrid,True
Aeroporto Fogaça de Dias,ABI,AABI,363,74.042563,36.16726,1146,Asia/Tokyo,True
Aeroporto Freitas das Pedras,ABJ,AABJ,626,61.475703,-173.677595,1566,Europe/Lisbon,True
Aeroporto Silveira Alegre,ABK,AABK,233,-72.653573,87.876641,3766,Australia/Sydney,True
Aeroporto Nunes,ABL,AABL,448,-7.150344,39.478489,931,Africa/Johannesburg,True
Aeroporto Garcia,ABM,AABM,526,71.883729,85.613068,4281,America/Toronto,True
Aeroporto Fonseca dos Dourados,ABN,AABN,4,0.154846,91.66126,1057,America/Bogota,True
Aeroporto Gonçalves de Abreu,ABO,AABO,657,3.599949,-37.284557,4213,Europe/Rome,True
Aeroporto da Paz,ABP,AABP,431,-61.348769,52.813022,1800,Europe/Paris,True
Aeroporto Moreira,ABQ,AABQ,440,-84.396965,51.417012,4494,Asia/Dubai,True
Aeroporto da Rosa,ABR,AABR,775,-39.608841,-14.671218,3936,Europe/Lisbon,True
Aeroporto da Rosa,ABS,AABS,215,-72.241743,173.588459,1576,America/Mexico_City,False
Aeroporto Cunha,ABT,AABT,413,-57.277206,32.527975,708,Asia/Shanghai,True
Aeroporto Almeida Paulista,ABU,AABU,832,5.333591,141.668111,739,Asia/Singapore,True
Aeroporto Brito,ABV,AABV,154,-36.917811,-127.194692,3125,Asia/Shanghai,True
Aeroporto Marques,ABW,AABW,577,-33.766331,44.228716,191,Asia/Kolkata,True
Aeroporto Cassiano Grande,ABX,AABX,242,-65.966839,80.975778,1802,Africa/Cairo,True
Aeroporto Fonseca Verde,ABY,AABY,462,22.441284,160.502335,220,Europe/London,True
Aeroporto da Conceição,ABZ,AABZ,234,-5.125258,117.908829,463,America/New_York,True
Aeroporto da Rosa de Minas,ACA,AACA,816,47.323847,-25.771219,2234,America/Mexico_City,True
Aeroporto Nunes do Oeste,ACB,AACB,654,-9.356221,61.595575,2298,Asia/Singapore,True
Aeroporto Silveira,ACC,AACC,595,-31.867062,-86.583568,3646,Asia/Kolkata,True
Aeroporto Vieira do Amparo,ACD,AACD,322,-53.545492,8.939274,4461,America/Buenos_Aires,True
Aeroporto Mendonça,ACE,AACE,41,61.738726,89.620908,3791,Pacific/Auckland,True
Aeroporto Peixoto,ACF,AACF,598,-78.335647,-2.119499,475,America/Buenos_Aires,True
Aeroporto Andrade Verde,ACG,AACG,379,1.786998,39.06882,3199,Europe/Paris,True
Aeroporto Barros do Norte,ACH,AACH,564,-52.182381,-85.113164,4192,Asia/Singapore,True
Aeroporto Ferreira das Pedras,ACI,AACI,538,-85.886255,-124.000344,138,Africa/Johannesburg,True
Aeroporto Campos de Goiás,ACJ,AACJ,82,-62.831218,33.724016,891,Europe/Paris,True
Aeroporto Porto,ACK,AACK,647,51.543228,36.945807,2733,America/Toronto,True
Aeroporto Aragão da Mata,ACL,AACL,900,55.310423,-144.083418,4423,Pacific/Auckland,True
Aeroporto Dias,ACM,AACM,868,28.019388,94.470459,4184,Asia/Seoul,True
Aeroporto Duarte,ACN,AACN,828,-85.220478,117.907158,57,Asia/Dubai,True
Aeroporto Cassiano,ACO,AACO,779,62.965751,34.556594,970,America/New_York,True
Aeroporto Rocha,ACP,AACP,136,-50.499708,100.560877,1179,Asia/Dubai,True
Aeroporto Machado Verde,ACQ,AACQ,915,-48.425802,-81.035655,4189,Africa/Johannesburg,True
Aeroporto Câmara,ACR,AACR,448,29.04353,38.689899,3720,America/New_York,True
Aeroporto da Rocha das Flores,ACS,AACS,324,-82.03703,-3.301273,3770,Pacific/Auckland,True
Aeroporto Cardoso,ACT,AACT,883,3.341592,82.658059,1845,Europe/Berlin,True
Aeroporto Barros do Amparo,ACU,AACU,708,-9.70361,108.131761,3622,Europe/Madrid,True
Aeroporto Novaes,ACV,AACV,785,-59.25447,109.941177,1786,America/Los_Angeles,True
Aeroporto da Luz de Minas,ACW,AACW,349,23.782611,65.284401,2607,Asia/Singapore,True
Aeroporto Montenegro das Pedras,ACX,AACX,34,-25.654248,51.734684,4299,Australia/Sydney,True
Aeroporto Teixeira,ACY,AACY,692,67.891338,-99.848274,2243,America/Mexico_City,True
Aeroporto Mendes,ACZ,AACZ,270,-81.951754,-47.647984,4170,America/Buenos_Aires,True
Aeroporto Mendonça,ADA,AADA,996,-76.257016,-156.999097,3959,America/New_York,True
Aeroporto Rezende Verde,ADB,AADB,719,-71.567509,-125.141621,1858,Africa/Cairo,True
Aeroporto Novais,ADC,AADC,872,-81.140478,-35.785315,3636,America/Los_Angeles,True
Aeroporto da Cruz,ADD,AADD,769,-19.162088,156.381778,4373,America/Bogota,True
Aeroporto da Mata,ADE,AADE,39,14.900278,-22.352189,3689,America/Bogota,True
Aeroporto Duarte Verde,ADF,AADF,55,67.267861,-128.835492,2478,Asia/Seoul,True
Aeroporto Camargo,ADG,AADG,366,-13.256697,-74.90789,3375,Australia/Sydney,True
Aeroporto Lima da Praia,ADH,AADH,301,-85.546849,94.061725,1899,Asia/Seoul,True
Aeroporto Correia Alegre,ADI,AADI,877,-13.090867,-72.661271,177,America/Chicago,True
Aeroporto Peixoto do Sul,ADJ,AADJ,961,-65.751739,-65.052719,1791,Asia/Seoul,True
Aeroporto Cavalcante da Praia,ADK,AADK,678,-52.503728,-137.150924,4081,Asia/Shanghai,True
Aeroporto Pinto de Casa Grande,ADL,AADL,940,-61.169947,147.604335,1206,Africa/Johannesburg,True
Aeroporto Aparecida de da Conceição,ADM,AADM,107,1.627912,166.223489,1707,America/Mexico_City,False
Aeroporto Rodrigues,ADN,AADN,579,59.375946,-60.686378,3017,America/Mexico_City,True
Aeroporto Cassiano de Minas,ADO,AADO,658,-60.538065,115.792385,1856,Europe/Paris,True
Aeroporto Sousa,ADP,AADP,385,63.816559,85.099683,565,America/Buenos_Aires,True
Aeroporto da Cruz,ADQ,AADQ,757,-44.227892,-90.921989,3545,Asia/Dubai,False
Aeroporto da Paz,ADR,AADR,478,73.868763,-72.039201,3148,Australia/Sydney,True
Aeroporto Fernandes,ADS,AADS,399,-58.196524,-135.960581,2922,America/Buenos_Aires,True
Aeroporto das Neves,ADT,AADT,85,75.884061,-4.65978,941,Asia/Kolkata,True
Aeroporto Melo de Almeida,ADU,AADU,4,-29.399381,161.389651,1356,America/Chicago,True
Aeroporto Costela da Prata,ADV,AADV,97,-17.191892,18.652103,2348,America/Los_Angeles,True
Aeroporto Costela,ADW,AADW,782,-36.026659,-81.555331,3928,Asia/Dubai,True
Aeroporto Novaes do Amparo,ADX,AADX,60,36.942012,-88.147605,1666,America/Mexico_City,True
Aeroporto Sales,ADY,AADY,461,-38.195723,84.939844,1052,America/Lima,True
Aeroporto Garcia,ADZ,AADZ,881,-67.432512,-34.175486,1977,Europe/Berlin,True
Aeroporto da Cunha,AEA,AAEA,30,56.143396,-27.089144,2849,America/Toronto,False
Aeroporto Araújo,AEB,AAEB,744,26.245737,-41.590503,1533,America/Los_Angeles,True
Aeroporto Costa Paulista,AEC,AAEC,194,-15.189098,-17.12884,1008,America/Bogota,True
Aeroporto Martins,AED,AAED,426,-15.504671,162.91674,12,Europe/London,True
Aeroporto Azevedo,AEE,AAEE,765,-19.051862,-93.416289,1424,America/New_York,True
Aeroporto Ribeiro Paulista,AEF,AAEF,870,60.891649,-131.889776,1803,Europe/Rome,True
Aeroporto Caldeira do Sul,AEG,AAEG,558,-82.868791,143.871975,1710,America/Toronto,True
Aeroporto Rezende das Flores,AEH,AAEH,434,9.670812,140.797183,3999,Asia/Shanghai,True
Aeroporto Garcia,AEI,AAEI,17,-73.118278,131.127946,591,Asia/Tokyo,True
Aeroporto Dias,AEJ,AAEJ,312,-40.305928,-34.702058,2247,Europe/Lisbon,False
Aeroporto Peixoto de Nascimento,AEK,AAEK,169,-51.968025,99.671064,2870,America/Chicago,True
Aeroporto Cirino,AEL,AAEL,872,-18.818479,-50.221259,2516,Europe/London,True
Aeroporto Montenegro,AEM,AAEM,386,56.440102,-140.384278,3143,Europe/Madrid,True
Aeroporto Novais de Silva,AEN,AAEN,132,-21.670191,-156.065626,2922,America/Toronto,True
Aeroporto Aparecida,AEO,AAEO,391,70.853022,48.134044,2916,America/Lima,True
Aeroporto Moura,AEP,AAEP,655,-57.112614,66.711276,3077,Europe/Rome,True
Aeroporto Farias do Amparo,AEQ,AAEQ,306,19.414072,-170.522709,4485,Asia/Tokyo,False
Aeroporto Souza da Serra,AER,AAER,184,43.731198,-59.57188,520,America/Toronto,True
Aeroporto Ferreira,AES,AAES,214,59.713827,101.44633,2220,Asia/Seoul,True
Aeroporto Fogaça da Mata,AET,AAET,700,-43.952763,17.757539,3941,Europe/London,True
Aeroporto Montenegro,AEU,AAEU,933,6.469861,26.158648,2463,Australia/Sydney,True
Aeroporto Araújo Paulista,AEV,AAEV,980,-47.983473,-89.031261,2958,Europe/Rome,True
Aeroporto Alves da Prata,AEW,AAEW,757,35.236171,-45.435109,3950,Europe/Lisbon,True
Aeroporto Câmara Grande,AEX,AAEX,203,-63.212958,-146.593803,2135,America/Mexico_City,True
Aeroporto Gonçalves Grande,AEY,AAEY,469,4.676965,-12.039582,2595,Europe/Berlin,True
Aeroporto Siqueira,AEZ,AAEZ,896,33.876661,-75.775237,2639,Europe/Lisbon,True
Aeroporto Moreira de Goiás,AFA,AAFA,508,27.113668,-27.026683,4209,Europe/Berlin,True
Aeroporto da Costa Verde,AFB,AAFB,542,54.790409,0.737444,489,America/Los_Angeles,True
Aeroporto Lima,AFC,AAFC,549,-3.523812,-92.444844,2556,Europe/Berlin,True
Aeroporto Pereira Alegre,AFD,AAFD,333,-73.422142,-156.62775,1874,Asia/Kolkata,True
Aeroporto Nogueira de Cardoso,AFE,AAFE,423,-59.250556,-142.601507,121,Australia/Sydney,True
Aeroporto Rezende,AFF,AAFF,80,8.782678,-144.965589,3320,Africa/Cairo,True
Aeroporto Pacheco,AFG,AAFG,434,-35.785386,-60.959345,3720,America/New_York,True
Aeroporto Carvalho,AFH,AAFH,562,27.305608,-179.172147,3504,America/Lima,True
Aeroporto Sales do Galho,AFI,AAFI,251,76.40959,79.734966,3049,Europe/Rome,True
Aeroporto Lopes,AFJ,AAFJ,761,-54.688332,-34.472024,432,Europe/Paris,True
Aeroporto Rezende,AFK,AAFK,190,82.608774,-24.574603,2746,Africa/Cairo,True
Aeroporto Dias,AFL,AAFL,344,73.791651,-173.207921,2674,Europe/London,True
Aeroporto Novais,AFM,AAFM,759,-72.796242,-75.860604,1256,America/Sao_Paulo,True
Aeroporto Cirino,AFN,AAFN,492,-83.399727,-66.586646,2097,Asia/Tokyo,True
Aeroporto Casa Grande do Sul,AFO,AAFO,580,-64.49985,-145.638548,3291,Asia/Kolkata,True
Aeroporto Jesus das Pedras,AFP,AAFP,211,62.784818,6.950443,1054,Europe/London,True
Aeroporto Macedo Paulista,AFQ,AAFQ,285,-83.275514,176.836968,1901,America/Lima,True
Aeroporto Vasconcelos,AFR,AAFR,681,-58.301862,-45.922234,1145,Africa/Cairo,False
Aeroporto Caldeira,AFS,AAFS,984,29.385879,41.02172,379,America/Chicago,True
Aeroporto Cirino,AFT,AAFT,213,-43.915323,-69.570976,1831,America/Lima,True
Aeroporto Teixeira,AFU,AAFU,234,25.513623,-49.097809,4235,Asia/Dubai,True
Aeroporto Pereira Verde,AFV,AAFV,120,53.389273,-123.003409,2082,Asia/Tokyo,True
Aeroporto Peixoto,AFW,AAFW,422,32.269484,-60.027636,1774,Europe/Lisbon,True
Aeroporto da Conceição,AFX,AAFX,410,-36.287814,109.496608,3626,Asia/Kolkata,True
Aeroporto Fogaça,AFY,AAFY,178,-42.532402,4.319578,3517,Europe/Berlin,True
Aeroporto Sales,AFZ,AAFZ,764,-80.188422,111.686335,2921,Europe/Madrid,True
Aeroporto Carvalho de Montenegro,AGA,AAGA,465,24.598332,-9.520762,1986,Europe/Rome,True
Aeroporto Silva de Rezende,AGB,AAGB,564,24.655723,-50.21165,3865,Europe/Madrid,True
Aeroporto Cirino das Flores,AGC,AAGC,855,49.391466,-59.540996,1454,Asia/Dubai,True
Aeroporto Melo de Carvalho,AGD,AAGD,414,-23.233264,-60.294375,543,Europe/Rome,True
Aeroporto Correia,AGE,AAGE,919,-19.784389,-123.22582,2017,Africa/Cairo,True
Aeroporto Andrade,AGF,AAGF,635,74.902028,-30.06392,862,Europe/Rome,True
Aeroporto Teixeira do Sul,AGG,AAGG,379,-50.548411,-34.444878,3038,Europe/Paris,True
Aeroporto Jesus de Goiás,AGH,AAGH,453,49.941845,161.630002,3226,Asia/Kolkata,True
Aeroporto Sá,AGI,AAGI,683,-48.001457,-104.983802,3340,Europe/London,True
Aeroporto Azevedo,AGJ,AAGJ,902,47.857029,18.519939,2777,America/Toronto,True
Aeroporto Macedo,AGK,AAGK,297,-53.541365,147.881944,3180,Australia/Sydney,True
Aeroporto Sales de Duarte,AGL,AAGL,155,-36.394159,-58.048286,670,Europe/Paris,True
Aeroporto da Cruz de Lima,AGM,AAGM,885,26.075034,156.244228,1609,America/Toronto,True
Aeroporto Vasconcelos do Norte,AGN,AAGN,954,-49.571001,-82.276758,2347,Asia/Kolkata,True
Aeroporto Silveira Alegre,AGO,AAGO,513,44.834923,-91.313637,214,Asia/Kolkata,True
Aeroporto Pimenta Verde,AGP,AAGP,403,41.531231,-127.038605,3853,America/Lima,True
Aeroporto Moreira,AGQ,AAGQ,631,19.515333,140.19079,4475,Africa/Johannesburg,True
Aeroporto Machado,AGR,AAGR,99,-26.192766,-99.142777,4096,America/Chicago,True
Aeroporto Aparecida de da Cruz,AGS,AAGS,919,50.690076,56.080327,3783,America/Chicago,False
Aeroporto Sousa do Norte,AGT,AAGT,24,-0.521498,-105.041068,1071,Asia/Dubai,True
Aeroporto Moreira do Norte,AGU,AAGU,708,-60.111689,118.835154,33,America/Los_Angeles,True
Aeroporto da Rocha,AGV,AAGV,629,-13.749788,-6.489519,156,America/Buenos_Aires,True
Aeroporto Gonçalves de da Rosa,AGW,AAGW,396,41.744788,26.582701,965,Europe/London,True
Aeroporto Martins da Serra,AGX,AAGX,293,-18.318259,-109.274647,2439,Asia/Seoul,True
Aeroporto da Rocha do Norte,AGY,AAGY,189,-31.803348,-79.930384,1180,America/Toronto,True
Aeroporto Martins,AGZ,AAGZ,852,23.910237,-40.10385,2429,Asia/Shanghai,True
Aeroporto Borges de Silveira,AHA,AAHA,211,75.088996,-111.148229,891,Asia/Singapore,True
Aeroporto Cirino,AHB,AAHB,954,15.314281,110.349272,2462,America/Sao_Paulo,True
Aeroporto Gonçalves,AHC,AAHC,841,13.078339,2.025759,654,Africa/Johannesburg,True
Aeroporto Duarte dos Dourados,AHD,AAHD,658,-15.54994,147.975552,2393,America/Lima,True
Aeroporto Cavalcanti,AHE,AAHE,636,-16.200357,176.246814,209,Asia/Kolkata,True
Aeroporto Pastor de Silva,AHF,AAHF,564,-49.64465,-61.690836,908,America/New_York,True
Aeroporto Marques,AHG,AAHG,399,-70.661489,-54.034434,225,America/Los_Angeles,True
Aeroporto da Cunha,AHH,AAHH,736,-45.558268,36.587504,277,Asia/Seoul,True
Aeroporto Sales da Serra,AHI,AAHI,200,-49.244146,-82.016866,2227,Europe/Berlin,True
Aeroporto Borges,AHJ,AAHJ,682,-14.53283,-6.468776,1680,Africa/Johannesburg,True
Aeroporto Santos,AHK,AAHK,814,-71.929644,-163.587429,4468,America/Mexico_City,True
Aeroporto Porto de Fonseca,AHL,AAHL,746,-78.826258,-154.382842,3556,Australia/Sydney,True
Aeroporto Moura,AHM,AAHM,39,-76.695582,-89.623654,4459,America/Chicago,True
Aeroporto Siqueira do Galho,AHN,AAHN,11,85.557525,28.203086,680,Asia/Seoul,False
Aeroporto Garcia,AHO,AAHO,869,-33.920905,143.625056,1323,America/New_York,True
Aeroporto Aparecida da Serra,AHP,AAHP,576,59.542866,-29.797519,3416,America/Los_Angeles,True
Aeroporto Nunes Grande,AHQ,AAHQ,558,89.865324,89.276302,592,America/Bogota,True
Aeroporto Casa Grande,AHR,AAHR,253,-37.443947,-136.082196,1643,Europe/Rome,True
Aeroporto Vargas,AHS,AAHS,761,78.216294,-71.149171,2139,Europe/London,True
Aeroporto Leão,AHT,AAHT,215,-32.534732,-153.112632,502,America/Mexico_City,True
Aeroporto das Neves dos Dourados,AHU,AAHU,688,-72.689694,121.440036,816,Europe/Berlin,True
Aeroporto Pires da Serra,AHV,AAHV,392,-79.423077,-63.386822,3936,America/Los_Angeles,True
Aeroporto Cardoso,AHW,AAHW,905,-74.446128,-1.615537,1665,Europe/London,True
Aeroporto Abreu,AHX,AAHX,101,14.934019,-68.602654,132,Europe/London,True
Aeroporto Albuquerque dos Dourados,AHY,AAHY,476,30.421243,-178.449082,4266,America/Buenos_Aires,True
Aeroporto Monteiro de Nogueira,AHZ,AAHZ,91,-37.920927,-137.076805,4371,Asia/Singapore,True
Aeroporto Pereira,AIA,AAIA,307,-32.919518,147.110019,615,Asia/Seoul,True
Aeroporto da Costa de Cunha,AIB,AAIB,219,84.555507,-8.48273,4178,Asia/Shanghai,True
Aeroporto Marques de Jesus,AIC,AAIC,302,64.833533,-112.491973,587,Europe/Madrid,True
Aeroporto Barros de Peixoto,AID,AAID,988,-75.655604,150.469446,4090,Europe/Lisbon,True
Aeroporto da Cruz,AIE,AAIE,114,28.371837,-43.577702,2345,Europe/Paris,True
Aeroporto Pinto da Prata,AIF,AAIF,156,-68.585329,-77.7748,392,America/Chicago,True
Aeroporto Aragão,AIG,AAIG,85,75.614627,-101.593805,421,Asia/Kolkata,True
Aeroporto Casa Grande,AIH,AAIH,444,83.846116,-113.203403,544,Asia/Kolkata,True
Aeroporto Rezende,AII,AAII,834,-28.009083,-119.800549,2647,Europe/Paris,True
Aeroporto Andrade Grande,AIJ,AAIJ,509,43.12686,141.631628,16,Europe/London,True
Aeroporto Rios,AIK,AAIK,290,-2.419416,111.141386,3821,America/Lima,True
Aeroporto Farias de Minas,AIL,AAIL,722,20.444712,7.414708,2940,Asia/Kolkata,True
Aeroporto Caldeira,AIM,AAIM,290,1.203043,173.510929,1809,America/New_York,False
Aeroporto Cavalcanti da Serra,AIN,AAIN,109,16.352473,46.32051,2791,Asia/Kolkata,True
Aeroporto Pimenta Verde,AIO,AAIO,962,29.413446,-35.319446,2995,Asia/Shanghai,True
Aeroporto Marques,AIP,AAIP,304,69.572286,126.625602,1509,Asia/Singapore,True
Aeroporto Andrade de Minas,AIQ,AAIQ,89,-7.976747,-39.70214,1091,Asia/Seoul,True
Aeroporto Duarte da Praia,AIR,AAIR,415,-23.947501,-86.763401,65,Australia/Sydney,False
Aeroporto Azevedo das Pedras,AIS,AAIS,44,-75.059441,129.247713,2248,America/Los_Angeles,True
Aeroporto da Rocha,AIT,AAIT,6,87.629158,-43.893697,3448,Europe/Paris,True
Aeroporto Carvalho de Campos,AIU,AAIU,807,36.078064,-19.771304,840,America/Sao_Paulo,False
Aeroporto Farias do Galho,AIV,AAIV,654,86.483787,-31.733978,4435,America/Bogota,True
Aeroporto Moura do Oeste,AIW,AAIW,279,87.889583,109.514508,821,Australia/Sydney,True
Aeroporto Pimenta,AIX,AAIX,145,-88.612619,-33.24822,1574,Pacific/Auckland,True
Aeroporto Caldeira,AIY,AAIY,125,-26.788616,105.387698,1321,Europe/London,True
Aeroporto Mendes,AIZ,AAIZ,566,-63.345021,-117.003878,1269,Europe/Lisbon,False
Aeroporto Lima Alegre,AJA,AAJA,285,-5.212358,131.878151,4309,Europe/Berlin,True
Aeroporto Moura Verde,AJB,AAJB,621,16.389949,-73.022312,10,Europe/Rome,True
Aeroporto Cardoso Verde,AJC,AAJC,744,45.235677,-83.528429,948,Europe/Madrid,True
Aeroporto Moreira de Siqueira,AJD,AAJD,801,-71.679628,-138.433963,2017,Asia/Shanghai,True
Aeroporto Monteiro de Cirino,AJE,AAJE,846,63.53891,98.749198,1591,Asia/Tokyo,True
Aeroporto Santos,AJF,AAJF,967,-10.260671,-127.577195,4346,America/Lima,True
Aeroporto Correia do Sul,AJG,AAJG,846,-88.621958,154.613132,2369,America/Los_Angeles,True
Aeroporto Alves,AJH,AAJH,959,29.682865,164.340908,335,America/Bogota,True
Aeroporto Pires de Vieira,AJI,AAJI,537,-46.752464,-134.054728,4427,America/Sao_Paulo,True
Aeroporto Sousa,AJJ,AAJJ,25,71.091893,-143.1624,2356,America/Mexico_City,True
Aeroporto Pimenta,AJK,AAJK,249,-35.769188,40.775194,1034,Asia/Seoul,True
Aeroporto Jesus do Norte,AJL,AAJL,929,-72.790753,56.083138,2358,Australia/Sydney,True
Aeroporto Ferreira da Prata,AJM,AAJM,820,-8.256194,83.795004,1055,America/Buenos_Aires,False
Aeroporto Albuquerque,AJN,AAJN,88,25.480694,62.688483,1829,America/Sao_Paulo,True
Aeroporto Sales,AJO,AAJO,775,-28.016483,173.281967,204,Africa/Johannesburg,True
Aeroporto da Cunha de Minas,AJP,AAJP,476,10.496008,98.319207,1195,America/Los_Angeles,True
Aeroporto da Rosa do Galho,AJQ,AAJQ,677,21.701717,145.76434,3642,Europe/Rome,True
Aeroporto Vargas do Sul,AJR,AAJR,926,-46.880858,79.378773,112,Asia/Tokyo,True
Aeroporto Rodrigues,AJS,AAJS,566,-31.83068,-55.986977,4038,Asia/Shanghai,True
Aeroporto Fernandes das Flores,AJT,AAJT,314,35.617093,-172.491887,2279,Europe/Paris,True
Aeroporto Cavalcanti,AJU,AAJU,755,-89.880714,-29.12333,3521,America/Lima,True
Aeroporto Farias,AJV,AAJV,707,-36.353283,141.790721,4258,America/Bogota,True
Aeroporto Rocha do Amparo,AJW,AAJW,440,-87.340918,-155.996067,397,Asia/Dubai,True
Aeroporto Andrade de Ramos,AJX,AAJX,471,-46.693308,-17.155042,2239,Asia/Shanghai,True
Aeroporto Mendes,AJY,AAJY,45,-75.061017,-65.394938,3638,Asia/Kolkata,True
Aeroporto Pires,AJZ,AAJZ,229,-14.714154,21.649957,2448,America/Lima,True
Aeroporto Nascimento de Farias,AKA,AAKA,60,-64.797585,-100.817283,167,Pacific/Auckland,True
Aeroporto Viana de Jesus,AKB,AAKB,491,40.119472,41.747477,1316,Africa/Cairo,True
Aeroporto Moreira,AKC,AAKC,408,-36.763026,-71.534167,4086,Europe/Paris,True
Aeroporto Nunes Alegre,AKD,AAKD,898,56.086573,11.341354,1508,Europe/Madrid,True
Aeroporto Costela,AKE,AAKE,923,-44.904197,-103.466931,4196,America/Sao_Paulo,True
Aeroporto Vieira da Praia,AKF,AAKF,281,-75.597028,75.397695,2521,America/Los_Angeles,True
Aeroporto Cassiano,AKG,AAKG,351,-45.611907,134.317996,884,Asia/Tokyo,True
Aeroporto Alves Alegre,AKH,AAKH,323,-7.46354,124.504033,235,Asia/Dubai,True
Aeroporto Pires da Prata,AKI,AAKI,511,11.357926,-43.623493,1328,Europe/Rome,True
Aeroporto Oliveira,AKJ,AAKJ,464,-78.941859,178.829778,1744,Europe/Madrid,True
Aeroporto Cirino do Campo,AKK,AAKK,636,53.069079,63.236349,2384,Asia/Shanghai,True
Aeroporto Santos Alegre,AKL,AAKL,228,62.698225,-64.022935,4405,Europe/London,True
Aeroporto da Mata,AKM,AAKM,232,-81.703776,-172.707911,1145,America/Bogota,True
Aeroporto Borges do Amparo,AKN,AAKN,189,72.867788,68.457081,742,Asia/Singapore,True
Aeroporto Freitas,AKO,AAKO,498,-36.811659,-123.489247,1137,Europe/London,False
Aeroporto da Rosa de Cunha,AKP,AAKP,90,-16.691237,14.966678,1448,America/Los_Angeles,True
Aeroporto Cavalcanti do Campo,AKQ,AAKQ,247,16.261252,143.944964,3133,America/Bogota,True
Aeroporto Viana do Norte,AKR,AAKR,880,88.293196,-178.216467,1812,Europe/London,True
Aeroporto Borges,AKS,AAKS,770,-84.056945,-102.438419,1889,America/Lima,True
Aeroporto Montenegro de Alves,AKT,AAKT,47,-35.627336,100.884608,2935,America/Sao_Paulo,True
Aeroporto Montenegro de Cassiano,AKU,AAKU,47,-14.762367,61.712795,399,America/Los_Angeles,True
Aeroporto Fernandes,AKV,AAKV,659,-46.166644,-45.47815,1848,Australia/Sydney,True
Aeroporto Siqueira de Moura,AKW,AAKW,87,18.666506,-179.2578,177,Europe/Paris,True
Aeroporto Vasconcelos Alegre,AKX,AAKX,664,-28.513509,-144.197994,1197,Europe/Paris,True
Aeroporto Vargas,AKY,AAKY,386,38.797576,63.725508,4032,America/Chicago,True
Aeroporto Moreira,AKZ,AAKZ,378,-26.298475,35.892759,20,America/Toronto,True
Aeroporto Costela,ALA,AALA,637,56.141184,-128.654456,3,Europe/Lisbon,True
Aeroporto Marques,ALB,AALB,353,40.852136,171.869769,1119,America/Toronto,True
Aeroporto Silva do Galho,ALC,AALC,986,-20.687264,45.908862,3813,America/Buenos_Aires,True
Aeroporto Abreu,ALD,AALD,292,-30.330422,-75.73489,2358,Europe/Madrid,True
Aeroporto Aparecida de Minas,ALE,AALE,802,43.216206,41.377948,2889,Europe/Berlin,True
Aeroporto Martins do Norte,ALF,AALF,717,74.23883,151.198813,3697,Australia/Sydney,True
Aeroporto Moreira,ALG,AALG,431,38.069714,-57.60672,2822,Europe/Paris,True
Aeroporto Almeida Verde,ALH,AALH,664,71.339536,-29.487428,1024,America/Sao_Paulo,True
Aeroporto Porto do Oeste,ALI,AALI,164,9.679378,115.69208,2630,Australia/Sydney,True
Aeroporto Costa do Oeste,ALJ,AALJ,417,29.192555,106.975287,490,Europe/London,True
Aeroporto da Mota da Prata,ALK,AALK,71,31.531038,-39.315027,4481,Africa/Johannesburg,True
Aeroporto Vargas dos Dourados,ALL,AALL,25,-20.451238,117.326028,3502,Europe/Berlin,True
Aeroporto da Mata,ALM,AALM,139,-62.789649,66.223927,1008,America/Buenos_Aires,True
Aeroporto Castro,ALN,AALN,160,-77.109782,-130.298583,4233,America/Toronto,True
Aeroporto Camargo do Sul,ALO,AALO,525,-23.82583,-100.558715,4079,America/Chicago,True
Aeroporto Costela,ALP,AALP,867,-62.600057,-67.835144,176,America/New_York,False
Aeroporto Novaes Alegre,ALQ,AALQ,765,-45.928581,118.864113,2012,America/Lima,True
Aeroporto Casa Grande da Mata,ALR,AALR,579,73.415495,-126.539044,1993,America/Mexico_City,True
Aeroporto Cavalcante,ALS,AALS,213,-64.223779,-22.552648,4114,Asia/Dubai,True
Aeroporto das Neves,ALT,AALT,214,-67.174208,-7.650803,4385,America/Mexico_City,True
Aeroporto Nogueira dos Dourados,ALU,AALU,503,28.639962,-107.386042,4070,Asia/Kolkata,True
Aeroporto Cardoso,ALV,AALV,74,68.829237,-57.302204,1722,Pacific/Auckland,True
Aeroporto Melo,ALW,AALW,97,-72.294869,-81.075278,248,Asia/Dubai,True
Aeroporto Caldeira,ALX,AALX,168,36.059282,-38.549037,1507,Asia/Kolkata,True
Aeroporto Aragão de Minas,ALY,AALY,813,67.828386,133.741636,3021,America/Chicago,True
Aeroporto Gonçalves da Serra,ALZ,AALZ,500,-57.045834,-79.326049,2829,Europe/Madrid,True
Aeroporto Pimenta de Fogaça,AMA,AAMA,932,-45.196715,162.065613,2993,Africa/Johannesburg,True
Aeroporto Farias do Oeste,AMB,AAMB,953,45.246768,40.894221,3364,Europe/Rome,True
Aeroporto Sá,AMC,AAMC,524,-37.169069,-26.690224,1349,Europe/Rome,True
Aeroporto Nunes de Cardoso,AMD,AAMD,592,-38.163767,-47.661066,985,America/Sao_Paulo,True
Aeroporto Sampaio,AME,AAME,641,-65.143837,-177.907115,3385,America/Lima,True
Aeroporto Brito de Marques,AMF,AAMF,582,-14.614804,-42.092098,2734,America/Los_Angeles,True
Aeroporto Rodrigues dos Dourados,AMG,AAMG,689,-80.237408,-28.187488,1035,Asia/Seoul,True
Aeroporto da Conceição de Câmara,AMH,AAMH,428,37.973148,-115.443677,1895,America/Toronto,True
Aeroporto Pimenta,AMI,AAMI,23,20.500011,30.350444,1765,Europe/Rome,True
Aeroporto Fonseca das Flores,AMJ,AAMJ,276,65.965094,-153.738279,903,Europe/Lisbon,True
Aeroporto Sampaio,AMK,AAMK,802,28.213771,144.372365,1524,Europe/London,True
Aeroporto Viana Alegre,AML,AAML,300,70.736325,-13.871131,51,Europe/Lisbon,True
Aeroporto Mendonça de Alves,AMM,AAMM,996,-1.305607,24.205572,1121,Asia/Shanghai,True
Aeroporto Melo,AMN,AAMN,533,-37.564791,55.95813,3759,America/Sao_Paulo,True
Aeroporto Ferreira,AMO,AAMO,666,19.973544,-131.776427,2397,Asia/Singapore,True
Aeroporto Martins de Cavalcante,AMP,AAMP,862,80.43016,174.615913,1179,Asia/Seoul,True
Aeroporto Vargas da Praia,AMQ,AAMQ,456,26.119382,137.099135,459,America/Lima,True
Aeroporto Moraes,AMR,AAMR,277,-33.001894,78.396385,3233,Australia/Sydney,True
Aeroporto Guerra,AMS,AAMS,748,-9.851935,-37.647305,3334,Africa/Cairo,True
Aeroporto Duarte,AMT,AAMT,144,62.766425,102.176397,4261,Asia/Kolkata,True
Aeroporto Vieira,AMU,AAMU,116,-77.87455,-130.205415,1241,America/Sao_Paulo,True
Aeroporto Nascimento dos Dourados,AMV,AAMV,862,-81.178136,139.721516,4243,Europe/Lisbon,True
Aeroporto Pastor das Pedras,AMW,AAMW,275,-67.229967,114.15844,4449,Europe/Berlin,True
Aeroporto Pinto,AMX,AAMX,771,-51.747071,125.681506,3121,America/Sao_Paulo,True
Aeroporto Novaes,AMY,AAMY,522,-60.05059,171.832791,4425,America/Bogota,True
Aeroporto Mendes,AMZ,AAMZ,742,43.211909,-149.114171,1694,Asia/Dubai,False
Aeroporto Azevedo Alegre,ANA,AANA,344,25.220698,-88.849953,2343,Asia/Kolkata,True
Aeroporto Sales,ANB,AANB,614,-66.045458,22.424853,3034,Asia/Kolkata,True
Aeroporto Viana das Pedras,ANC,AANC,733,60.109817,-139.059132,1538,Europe/London,True
Aeroporto Nogueira de Goiás,AND,AAND,379,47.447596,-146.310583,1762,Asia/Shanghai,False
Aeroporto Ribeiro,ANE,AANE,669,84.442211,134.863092,634,America/Los_Angeles,True
Aeroporto Sousa,ANF,AANF,299,-19.529201,-8.93036,4346,America/Mexico_City,True
Aeroporto Camargo de Pastor,ANG,AANG,726,25.610723,14.721612,399,Europe/Berlin,True
Aeroporto Duarte de Novais,ANH,AANH,752,1.722794,50.012039,292,Europe/Lisbon,True
Aeroporto Macedo,ANI,AANI,70,-78.974798,-157.883099,1982,America/Chicago,True
Aeroporto das Neves,ANJ,AANJ,395,70.852467,-57.625034,1749,Asia/Tokyo,True
Aeroporto Azevedo do Campo,ANK,AANK,650,27.815429,-81.201433,1779,Australia/Sydney,True
Aeroporto Duarte do Amparo,ANL,AANL,328,-26.59255,-162.022075,344,America/Bogota,True
Aeroporto Borges,ANM,AANM,106,75.991391,5.875065,2603,Asia/Dubai,True
Aeroporto Carvalho,ANN,AANN,113,-2.329512,113.63103,4496,Europe/Rome,False
Aeroporto Sá,ANO,AANO,986,76.885452,-166.607365,3789,Africa/Johannesburg,True
Aeroporto Ribeiro,ANP,AANP,919,19.135682,69.809346,1672,Australia/Sydney,True
Aeroporto Machado,ANQ,AANQ,447,-73.186412,-48.30709,3188,Asia/Kolkata,True
Aeroporto Gomes Verde,ANR,AANR,530,85.997879,-139.38381,3850,Asia/Dubai,True
Aeroporto Costa de Costela,ANS,AANS,594,42.451768,7.673854,1631,Europe/Paris,True
Aeroporto da Rosa Verde,ANT,AANT,488,66.561323,78.990177,230,Asia/Tokyo,True
Aeroporto Lopes da Praia,ANU,AANU,550,-52.671714,-111.747127,2920,Africa/Cairo,True
Aeroporto Pacheco,ANV,AANV,603,-27.400048,-62.226341,1228,America/Buenos_Aires,True
Aeroporto Pimenta,ANW,AANW,374,81.333959,175.46,4171,Europe/Paris,True
Aeroporto Cardoso da Mata,ANX,AANX,398,-17.967647,-128.870543,3834,Asia/Seoul,True
Aeroporto Freitas,ANY,AANY,344,10.720452,-156.047099,2705,America/Buenos_Aires,True
Aeroporto Abreu,ANZ,AANZ,952,-13.441966,17.299083,1704,America/Sao_Paulo,True
Aeroporto Camargo da Mata,AOA,AAOA,796,-53.569123,-125.415033,4222,Asia/Tokyo,True
Aeroporto da Costa,AOB,AAOB,923,58.631726,-115.642976,3147,Asia/Kolkata,True
Aeroporto Sampaio Verde,AOC,AAOC,831,26.522819,-88.183344,570,Africa/Cairo,True
Aeroporto Pires Alegre,AOD,AAOD,757,37.821668,-120.741655,1030,Pacific/Auckland,True
Aeroporto Guerra das Flores,AOE,AAOE,308,-13.235561,168.581094,36,America/Buenos_Aires,True
Aeroporto Nogueira do Oeste,AOF,AAOF,196,79.44784,-177.244536,3865,Europe/London,True
Aeroporto Melo,AOG,AAOG,863,-88.564903,-15.595209,1833,America/Buenos_Aires,True
Aeroporto Correia,AOH,AAOH,865,-59.954899,-5.839116,3892,Australia/Sydney,True
Aeroporto Fonseca das Pedras,AOI,AAOI,765,81.022757,-138.256695,4106,Europe/Lisbon,True
Aeroporto da Paz,AOJ,AAOJ,132,34.79293,-6.936671,4128,Asia/Dubai,True
Aeroporto Carvalho,AOK,AAOK,799,18.457043,-176.896753,679,Europe/London,True
Aeroporto Barbosa,AOL,AAOL,848,-64.519915,128.717819,1153,Europe/Berlin,True
Aeroporto Casa Grande,AOM,AAOM,298,-2.005233,139.841271,424,Asia/Shanghai,True
Aeroporto Ribeiro de Lopes,AON,AAON,496,62.777932,69.02624,3662,Australia/Sydney,True
Aeroporto Barros,AOO,AAOO,634,60.159358,102.133168,3499,America/Los_Angeles,True
Aeroporto Ramos,AOP,AAOP,597,23.561427,-140.998886,2988,America/Mexico_City,True
Aeroporto Marques das Pedras,AOQ,AAOQ,359,48.938532,-35.051084,3729,Asia/Kolkata,True
Aeroporto Marques,AOR,AAOR,622,19.691999,65.254118,4292,Europe/Madrid,True
Aeroporto Novaes dos Dourados,AOS,AAOS,798,-42.117433,-173.712455,3003,Europe/London,True
Aeroporto Fogaça de Goiás,AOT,AAOT,844,61.132683,160.191514,3111,Africa/Johannesburg,True
Aeroporto Lima,AOU,AAOU,201,50.459638,44.691479,1493,Europe/London,True
Aeroporto Oliveira,AOV,AAOV,594,-76.331017,-86.985819,108,Asia/Singapore,False
Aeroporto Siqueira de da Costa,AOW,AAOW,710,-38.787495,61.834279,3451,America/New_York,True
Aeroporto Jesus da Prata,AOX,AAOX,343,-1.288481,50.594312,936,America/Chicago,True
Aeroporto Andrade do Norte,AOY,AAOY,337,-83.314464,72.755644,359,America/Chicago,True
Aeroporto Santos de Freitas,AOZ,AAOZ,849,73.715482,-29.138757,251,Pacific/Auckland,False
Aeroporto Pacheco,APA,AAPA,411,-27.243169,25.855416,1711,Africa/Johannesburg,True
Aeroporto Sales de Barros,APB,AAPB,480,73.752311,35.234411,1665,Europe/Madrid,True
Aeroporto Siqueira,APC,AAPC,520,0.070864,-105.474242,4030,America/Chicago,True
Aeroporto Martins do Galho,APD,AAPD,111,-38.936154,-34.948922,747,Europe/Rome,True
Aeroporto Moreira,APE,AAPE,994,71.324372,1.928618,3384,Africa/Cairo,True
Aeroporto da Cruz,APF,AAPF,291,32.180161,-93.576547,1276,America/Sao_Paulo,True
Aeroporto Pires de Sousa,APG,AAPG,94,79.634025,161.895074,1136,Africa/Johannesburg,True
Aeroporto Rodrigues,APH,AAPH,374,-63.674514,6.641163,2542,Asia/Dubai,True
Aeroporto Pimenta do Norte,API,AAPI,271,64.496059,33.20807,1363,America/Toronto,True
Aeroporto Nascimento do Sul,APJ,AAPJ,132,-37.782315,-165.816831,281,America/Mexico_City,True
Aeroporto Marques de Moraes,APK,AAPK,692,28.409215,-172.515198,3204,Africa/Johannesburg,False
Aeroporto Oliveira de Siqueira,APL,AAPL,312,29.977145,-44.283486,143,Asia/Tokyo,True
Aeroporto Leão da Praia,APM,AAPM,25,10.706101,-58.348645,1707,Europe/London,True
Aeroporto da Rocha da Serra,APN,AAPN,118,-17.88401,54.612866,467,Africa/Cairo,True
Aeroporto Sales,APO,AAPO,203,87.903352,-64.70343,3447,Africa/Cairo,True
Aeroporto Siqueira Verde,APP,AAPP,391,17.689085,94.545781,1644,America/Sao_Paulo,True
Aeroporto Araújo do Amparo,APQ,AAPQ,60,-79.764404,-166.422144,429,Pacific/Auckland,True
Aeroporto Oliveira,APR,AAPR,603,-47.736695,19.095967,4268,America/Los_Angeles,True
Aeroporto Ribeiro,APS,AAPS,829,79.292234,127.298846,4355,America/New_York,True
Aeroporto Sousa do Sul,APT,AAPT,660,86.8315,-96.969253,2282,America/Chicago,True
Aeroporto Mendonça de Minas,APU,AAPU,902,79.798525,92.159345,414,America/Bogota,True
Aeroporto Montenegro,APV,AAPV,51,76.223237,74.259763,3633,Asia/Kolkata,True
Aeroporto Viana,APW,AAPW,249,48.656597,-38.193081,4372,Africa/Cairo,False
Aeroporto da Cunha Grande,APX,AAPX,808,55.93941,-129.481009,1123,Africa/Johannesburg,True
Aeroporto da Mota Paulista,APY,AAPY,533,-77.979632,127.097826,2482,Asia/Seoul,True
Aeroporto Sousa,APZ,AAPZ,715,86.650688,96.877279,30,Asia/Shanghai,True
Aeroporto Pereira,AQA,AAQA,226,-76.742974,118.155153,723,America/New_York,True
Aeroporto Pastor,AQB,AAQB,698,8.726426,-103.64726,2003,America/Sao_Paulo,True
Aeroporto Ribeiro,AQC,AAQC,444,-0.504958,-106.990921,3668,America/Bogota,True
Aeroporto Freitas de Cavalcanti,AQD,AAQD,143,-72.960392,30.430638,1022,America/Toronto,True
Aeroporto Viana de Goiás,AQE,AAQE,684,-14.005667,-96.199013,3343,America/Toronto,True
Aeroporto Cirino de Moura,AQF,AAQF,664,-84.819307,82.25038,3322,Australia/Sydney,True
Aeroporto Fernandes,AQG,AAQG,707,66.019309,3.27136,3921,Asia/Dubai,True
Aeroporto Casa Grande,AQH,AAQH,129,28.476369,15.369414,1775,Asia/Kolkata,True
Aeroporto Monteiro,AQI,AAQI,443,8.05445,146.178744,2928,America/Sao_Paulo,True
Aeroporto Vargas das Flores,AQJ,AAQJ,671,-18.627793,99.337263,1322,Asia/Singapore,True
Aeroporto Ribeiro,AQK,AAQK,177,16.582417,-113.732839,3541,Asia/Kolkata,True
Aeroporto Silveira de Porto,AQL,AAQL,851,34.403375,-175.970497,1595,Asia/Singapore,True
Aeroporto Costela,AQM,AAQM,88,80.928424,176.223779,2661,Europe/Paris,True
Aeroporto Aragão Paulista,AQN,AAQN,939,25.348292,63.352189,4405,America/Bogota,False
Aeroporto Aragão,AQO,AAQO,299,14.54043,-92.938503,2604,America/Lima,True
Aeroporto Martins,AQP,AAQP,139,-31.777408,44.095279,3934,Asia/Singapore,True
Aeroporto Melo da Mata,AQQ,AAQQ,331,85.415668,120.940511,3114,Europe/Lisbon,False
Aeroporto Souza de Sá,AQR,AAQR,859,-56.167025,20.535731,4359,America/Sao_Paulo,True
Aeroporto Garcia,AQS,AAQS,947,-76.960829,75.809695,2383,America/Los_Angeles,True
Aeroporto Melo Paulista,AQT,AAQT,112,70.549492,101.055042,2700,Australia/Sydney,True
Aeroporto Moura,AQU,AAQU,193,12.89829,163.223058,1139,America/Lima,True
Aeroporto Albuquerque da Mata,AQV,AAQV,884,-26.553671,-37.266587,760,America/Buenos_Aires,True
Aeroporto Garcia de Rocha,AQW,AAQW,83,26.691689,122.944865,2526,Pacific/Auckland,True
Aeroporto Moura do Norte,AQX,AAQX,58,67.146743,-50.018046,357,America/Sao_Paulo,True
Aeroporto Nascimento,AQY,AAQY,189,-42.859754,33.971705,1482,Pacific/Auckland,True
Aeroporto Lopes Paulista,AQZ,AAQZ,575,60.348718,-3.140893,3793,America/New_York,True
Aeroporto da Mata Paulista,ARA,AARA,658,-87.001143,-129.133479,1607,America/Sao_Paulo,True
Aeroporto da Cunha,ARB,AARB,749,67.893935,-57.637655,108,America/Chicago,True
Aeroporto Martins de Goiás,ARC,AARC,401,60.41037,-166.993589,2254,Europe/Paris,True
Aeroporto Moreira,ARD,AARD,993,-85.86761,58.164351,2823,Europe/London,True
Aeroporto Rocha da Serra,ARE,AARE,166,-49.128852,-111.948269,1727,America/Los_Angeles,True
Aeroporto Novaes do Sul,ARF,AARF,17,-20.80048,139.116783,111,Australia/Sydney,True
Aeroporto Azevedo,ARG,AARG,21,79.275629,112.459046,1415,Asia/Dubai,True
Aeroporto Jesus,ARH,AARH,434,-64.999292,72.629646,3696,Asia/Shanghai,True
Aeroporto Moura,ARI,AARI,968,52.668905,48.620283,203,America/Mexico_City,True
Aeroporto Rodrigues,ARJ,AARJ,507,69.143325,68.536639,2269,Europe/Lisbon,True
Aeroporto Ferreira de Câmara,ARK,AARK,680,82.985596,-47.707706,3342,Africa/Johannesburg,True
Aeroporto da Cunha do Oeste,ARL,AARL,508,-43.97181,79.329997,4446,Australia/Sydney,True
Aeroporto Alves,ARM,AARM,371,26.269423,-88.86527,3052,Europe/Madrid,True
Aeroporto Araújo,ARN,AARN,742,-78.194974,-42.905799,3515,America/Buenos_Aires,True
Aeroporto Peixoto,ARO,AARO,679,58.089827,-52.583101,4211,Europe/Berlin,True
Aeroporto Santos,ARP,AARP,894,-41.819764,-108.612308,2430,America/Buenos_Aires,True
Aeroporto Borges,ARQ,AARQ,235,29.043083,153.658466,4481,Asia/Kolkata,True
Aeroporto Garcia,ARR,AARR,876,-15.031635,-1.971568,3556,Asia/Dubai,True
Aeroporto Camargo,ARS,AARS,531,-33.625829,-124.467311,3774,Australia/Sydney,True
Aeroporto da Cunha,ART,AART,483,-89.176424,2.841315,2381,Europe/Madrid,True
Aeroporto Martins de Minas,ARU,AARU,906,27.079988,97.723267,1789,Africa/Johannesburg,True
Aeroporto da Mota de Vargas,ARV,AARV,258,-35.862113,133.65631,3527,America/Bogota,True
Aeroporto Sales Alegre,ARW,AARW,888,6.402952,-51.828816,2503,Asia/Tokyo,True
Aeroporto Castro de Minas,ARX,AARX,370,89.0147,-168.522807,1432,America/Buenos_Aires,True
Aeroporto Vasconcelos do Norte,ARY,AARY,475,-60.266706,116.183424,418,Asia/Singapore,True
Aeroporto Gomes Alegre,ARZ,AARZ,177,75.197875,92.936983,1606,America/Lima,False
Aeroporto da Luz,ASA,AASA,479,-9.569415,149.284197,4014,Europe/London,True
Aeroporto Cavalcanti dos Dourados,ASB,AASB,605,-33.34819,48.577039,2829,Africa/Johannesburg,True
Aeroporto Mendonça,ASC,AASC,703,-89.138308,22.402129,234,America/Chicago,True
Aeroporto Pimenta,ASD,AASD,344,10.637028,-53.580923,2902,America/New_York,True
Aeroporto Cavalcanti do Amparo,ASE,AASE,706,35.496347,-178.248396,2813,America/Sao_Paulo,True
Aeroporto Casa Grande,ASF,AASF,983,11.218856,-67.805323,2813,Europe/Madrid,True
Aeroporto Cunha do Campo,ASG,AASG,143,73.594029,34.785017,1904,Europe/Madrid,True
Aeroporto Silva de da Luz,ASH,AASH,636,64.525049,93.035679,1540,America/Chicago,True
Aeroporto Andrade,ASI,AASI,743,73.016575,-139.796881,1957,Africa/Johannesburg,True
Aeroporto Barbosa,ASJ,AASJ,30,-40.541179,132.817415,3285,Asia/Shanghai,True
Aeroporto Vasconcelos dos Dourados,ASK,AASK,472,57.080709,-126.364632,3556,Africa/Johannesburg,True
Aeroporto Monteiro,ASL,AASL,188,55.102384,-56.179436,418,Pacific/Auckland,True
Aeroporto Rezende,ASM,AASM,229,5.135348,19.442595,2867,Asia/Shanghai,True
Aeroporto Andrade,ASN,AASN,978,-75.555537,47.491468,3533,America/New_York,True
Aeroporto da Mata Grande,ASO,AASO,844,73.594271,-150.904197,1901,Asia/Tokyo,True
Aeroporto Gonçalves Verde,ASP,AASP,489,29.801198,152.33743,2818,Asia/Shanghai,True
Aeroporto Moraes,ASQ,AASQ,701,-50.414485,-16.64803,256,Asia/Seoul,True
Aeroporto Mendes de Lopes,ASR,AASR,486,-56.434144,124.272382,3405,Asia/Singapore,True
Aeroporto Siqueira de Minas,ASS,AASS,453,-44.967637,-145.631394,1150,America/Chicago,True
Aeroporto Abreu,AST,AAST,851,-4.387014,166.796173,1366,Asia/Seoul,True
Aeroporto Sales do Amparo,ASU,AASU,905,-71.729344,91.172679,235,Pacific/Auckland,True
Aeroporto Nunes,ASV,AASV,122,2.00952,102.073,3621,Asia/Dubai,True
Aeroporto Farias da Mata,ASW,AASW,604,21.858525,-158.684124,1917,America/Chicago,True
Aeroporto Araújo de Minas,ASX,AASX,442,-46.710191,104.43586,1924,America/Bogota,True
Aeroporto Nascimento Alegre,ASY,AASY,973,-76.724344,88.103387,485,Europe/Lisbon,True
Aeroporto Marques,ASZ,AASZ,730,-30.612575,41.5963,4422,Europe/London,True
Aeroporto Ramos do Oeste,ATA,AATA,129,74.588316,73.403573,3430,Asia/Singapore,True
Aeroporto Novaes,ATB,AATB,824,-72.007519,-117.63238,1763,Europe/Rome,True
Aeroporto Gomes,ATC,AATC,848,49.571847,151.11282,4346,America/New_York,True
Aeroporto da Rosa,ATD,AATD,353,63.037633,-147.437455,2390,Africa/Cairo,True
Aeroporto Caldeira da Praia,ATE,AATE,149,-23.526479,113.727656,3282,Europe/Lisbon,True
Aeroporto Barros de Pires,ATF,AATF,880,32.31394,19.071735,1945,America/Los_Angeles,True
Aeroporto Sousa de Correia,ATG,AATG,136,-5.151482,96.159117,3617,Asia/Dubai,True
Aeroporto Andrade,ATH,AATH,621,19.734098,-140.328319,2713,Europe/Lisbon,True
Aeroporto Alves,ATI,AATI,767,-38.657237,-86.846113,696,Pacific/Auckland,True
Aeroporto Mendonça,ATJ,AATJ,208,26.441415,-90.456626,3051,Europe/Madrid,True
Aeroporto Azevedo da Prata,ATK,AATK,87,69.587754,66.843354,1284,Africa/Johannesburg,True
Aeroporto Monteiro da Prata,ATL,AATL,496,-2.944057,64.153321,878,Asia/Tokyo,False
Aeroporto Almeida de Andrade,ATM,AATM,151,32.997589,-138.710775,3831,America/Bogota,True
Aeroporto Araújo Alegre,ATN,AATN,925,50.806667,-57.69647,526,Asia/Singapore,True
Aeroporto Guerra,ATO,AATO,166,1.662054,123.067046,1157,Africa/Johannesburg,True
Aeroporto Cunha,ATP,AATP,762,-80.356465,1.231103,1872,America/Bogota,True
Aeroporto Rocha de Nascimento,ATQ,AATQ,101,16.866709,-91.373183,618,Asia/Tokyo,True
Aeroporto Sousa,ATR,AATR,696,-7.108307,100.085056,933,Asia/Seoul,False
Aeroporto Barbosa,ATS,AATS,141,11.678408,65.680071,3992,America/Sao_Paulo,True
Aeroporto Sousa,ATT,AATT,300,-27.673723,34.148468,663,Asia/Shanghai,True
Aeroporto Mendonça,ATU,AATU,58,-44.226803,-65.593432,84,Europe/Paris,False
Aeroporto Melo,ATV,AATV,795,26.316351,87.264452,4265,Europe/Madrid,True
Aeroporto da Cruz,ATW,AATW,569,20.325206,139.339568,2536,Africa/Cairo,True
Aeroporto Albuquerque,ATX,AATX,57,-59.381819,-66.164988,3274,Asia/Singapore,True
Aeroporto Pires,ATY,AATY,49,-47.206852,100.480107,2229,America/Sao_Paulo,True
Aeroporto das Neves,ATZ,AATZ,737,51.962229,-81.668698,3762,Africa/Johannesburg,True
Aeroporto Marques,AUA,AAUA,641,-77.614667,75.954016,1197,Europe/Madrid,True
Aeroporto Pastor,AUB,AAUB,555,0.897951,-163.924738,1995,America/Buenos_Aires,True
Aeroporto Caldeira,AUC,AAUC,458,-58.945832,-162.551453,2568,America/Los_Angeles,True
Aeroporto Monteiro,AUD,AAUD,288,-22.446549,-143.801984,2543,Europe/Paris,True
Aeroporto Azevedo,AUE,AAUE,101,-47.696146,56.712216,1384,Asia/Shanghai,True
Aeroporto Lima,AUF,AAUF,178,-84.325269,18.06237,1613,Africa/Johannesburg,True
Aeroporto Sousa das Flores,AUG,AAUG,903,45.406964,-40.775189,995,America/Toronto,True
Aeroporto Campos Verde,AUH,AAUH,421,-49.992548,122.7946,1946,America/Buenos_Aires,True
Aeroporto Duarte,AUI,AAUI,684,32.439819,53.46462,3923,Europe/Madrid,True
Aeroporto Teixeira,AUJ,AAUJ,615,-87.726535,89.671023,2508,Africa/Cairo,True
Aeroporto Pastor,AUK,AAUK,494,-56.846295,-164.612971,2896,Europe/London,True
Aeroporto Farias,AUL,AAUL,716,39.108849,100.995598,3882,America/Sao_Paulo,True
Aeroporto Campos,AUM,AAUM,445,-46.540046,21.8263,225,Africa/Cairo,True
Aeroporto Casa Grande das Pedras,AUN,AAUN,859,19.198106,-142.488158,1775,Asia/Singapore,False
Aeroporto Sampaio,AUO,AAUO,381,-75.433144,-140.353494,659,America/Bogota,True
Aeroporto Novaes da Serra,AUP,AAUP,659,-35.292205,-86.564984,2976,Asia/Kolkata,True
Aeroporto da Cruz de Pacheco,AUQ,AAUQ,146,21.03035,-56.117828,3190,America/Los_Angeles,True
Aeroporto Carvalho,AUR,AAUR,465,-12.998502,-151.830957,3597,Asia/Singapore,True
Aeroporto Vieira,AUS,AAUS,831,-69.060777,91.889546,4104,Pacific/Auckland,True
Aeroporto Vasconcelos da Serra,AUT,AAUT,145,62.362323,-93.413638,2903,Asia/Dubai,True
Aeroporto Mendonça,AUU,AAUU,760,-17.689499,118.505212,3609,America/Buenos_Aires,True
Aeroporto Abreu,AUV,AAUV,26,-22.994049,-2.009205,3758,America/Los_Angeles,True
Aeroporto Cavalcanti,AUW,AAUW,867,63.373056,-7.982147,2346,America/New_York,True
Aeroporto Santos,AUX,AAUX,144,-50.865227,55.899634,2364,Africa/Johannesburg,True
Aeroporto Leão do Amparo,AUY,AAUY,71,-35.653335,103.485201,3123,Europe/Paris,True
Aeroporto Costela,AUZ,AAUZ,210,40.953822,-179.694549,904,America/Chicago,True
Aeroporto Porto,AVA,AAVA,427,50.244352,66.311211,1426,Africa/Cairo,True
Aeroporto Moreira dos Dourados,AVB,AAVB,384,-56.597611,4.08913,923,America/Bogota,True
Aeroporto da Costa da Serra,AVC,AAVC,545,42.681954,-105.40478,3405,Europe/Rome,True
Aeroporto Peixoto,AVD,AAVD,862,-44.954653,-67.250259,4412,America/Lima,True
Aeroporto Silva,AVE,AAVE,523,72.430931,153.710157,1773,Asia/Dubai,True
Aeroporto Pimenta de Borges,AVF,AAVF,799,83.032414,-178.923632,2279,America/Buenos_Aires,True
Aeroporto Ferreira das Pedras,AVG,AAVG,700,18.60325,50.650726,3289,America/Toronto,True
Aeroporto Novais,AVH,AAVH,864,-75.823572,-55.974455,1483,America/Toronto,True
Aeroporto Correia,AVI,AAVI,799,81.890422,175.61925,930,Africa/Johannesburg,True
Aeroporto Moura,AVJ,AAVJ,495,78.307592,-42.011361,1827,Europe/Rome,True
Aeroporto Pinto,AVK,AAVK,930,-42.439964,-44.236665,1189,America/Lima,True
Aeroporto Teixeira da Prata,AVL,AAVL,557,-8.700729,-133.818309,1285,Europe/Rome,True
Aeroporto Martins,AVM,AAVM,532,-55.335682,-148.498159,935,Asia/Singapore,True
Aeroporto da Mota,AVN,AAVN,792,88.002257,-35.827721,437,Australia/Sydney,True
Aeroporto Correia,AVO,AAVO,459,4.647651,82.4754,4265,Africa/Cairo,True
Aeroporto Vieira,AVP,AAVP,591,-4.128424,-77.450592,3676,America/Bogota,True
Aeroporto Rodrigues,AVQ,AAVQ,324,-60.978614,132.569568,872,Australia/Sydney,True
Aeroporto Monteiro de Cavalcanti,AVR,AAVR,286,8.331347,-32.68117,2750,Asia/Kolkata,True
Aeroporto Rios,AVS,AAVS,756,-72.914251,43.13198,835,America/Sao_Paulo,True
Aeroporto Aragão,AVT,AAVT,505,-51.973323,108.283926,2567,Asia/Kolkata,True
Aeroporto da Paz do Oeste,AVU,AAVU,97,88.767617,-107.958146,771,Europe/Paris,True
Aeroporto da Cunha Alegre,AVV,AAVV,979,-24.025796,-53.136324,1458,America/Toronto,True
Aeroporto Aparecida de Caldeira,AVW,AAVW,425,-71.395966,34.806056,3362,Europe/Berlin,True
Aeroporto Nascimento,AVX,AAVX,575,1.280983,-148.075215,1730,Pacific/Auckland,True
Aeroporto Castro,AVY,AAVY,728,16.195938,29.074317,438,Asia/Dubai,True
Aeroporto Mendonça,AVZ,AAVZ,971,-59.995861,-162.949991,1697,Africa/Cairo,True
Aeroporto Barbosa,AWA,AAWA,512,-76.165247,176.798935,2851,Europe/Berlin,True
Aeroporto Silveira,AWB,AAWB,713,-59.086703,-39.95371,1593,Asia/Kolkata,True
Aeroporto Pastor de Pacheco,AWC,AAWC,822,60.764142,-152.322574,4316,Asia/Tokyo,True
Aeroporto Leão do Oeste,AWD,AAWD,38,45.776336,-163.652764,461,Europe/Madrid,True
Aeroporto da Conceição do Campo,AWE,AAWE,168,18.247787,89.904629,3043,Pacific/Auckland,True
Aeroporto da Conceição do Campo,AWF,AAWF,516,-49.516658,70.144053,1920,Africa/Johannesburg,True
Aeroporto Sousa,AWG,AAWG,601,8.668568,119.111412,1254,Australia/Sydney,True
Aeroporto Costa das Flores,AWH,AAWH,751,-50.791094,47.562325,1191,Asia/Tokyo,True
Aeroporto Barbosa,AWI,AAWI,914,-28.435365,-22.339669,2230,America/Chicago,True
Aeroporto Pacheco de Mendonça,AWJ,AAWJ,718,43.158,-63.838346,546,Africa/Cairo,True
Aeroporto Lopes,AWK,AAWK,925,80.762418,-88.538116,4043,Asia/Kolkata,True
Aeroporto Cunha,AWL,AAWL,927,78.310497,114.804175,1492,America/Mexico_City,True
Aeroporto Cavalcanti de Gomes,AWM,AAWM,831,-83.281922,70.636861,3237,Europe/Madrid,True
Aeroporto Carvalho dos Dourados,AWN,AAWN,268,-25.55865,-144.839561,1703,America/Toronto,True
Aeroporto Pires,AWO,AAWO,258,-32.698975,-146.226232,3191,Europe/Berlin,True
Aeroporto da Mata do Oeste,AWP,AAWP,618,-46.374942,142.112268,3852,America/Bogota,True
Aeroporto Cardoso do Norte,AWQ,AAWQ,678,42.638109,99.061226,377,Africa/Cairo,True
Aeroporto da Mota,AWR,AAWR,713,29.088331,-49.549512,4410,Asia/Singapore,True
Aeroporto Camargo,AWS,AAWS,285,74.639961,-168.440238,1440,America/Mexico_City,True
Aeroporto Marques de Leão,AWT,AAWT,496,24.489209,141.132713,2692,Africa/Cairo,True
Aeroporto Teixeira,AWU,AAWU,948,-73.269422,-35.83437,527,America/Chicago,True
Aeroporto Câmara da Mata,AWV,AAWV,221,83.338398,-10.631327,3512,Asia/Singapore,False
Aeroporto Vieira,AWW,AAWW,710,-65.504621,-7.624153,1854,America/Mexico_City,True
Aeroporto Oliveira,AWX,AAWX,12,37.142497,-115.106508,1086,Africa/Cairo,True
Aeroporto Borges,AWY,AAWY,175,42.295551,160.234714,770,America/Mexico_City,True
Aeroporto Moreira do Amparo,AWZ,AAWZ,901,52.544276,79.863871,502,Asia/Kolkata,True
Aeroporto Pastor,AXA,AAXA,252,-56.731051,-95.512148,2561,Europe/Lisbon,True
Aeroporto Martins de da Mota,AXB,AAXB,97,70.480816,-144.043905,2539,Europe/Lisbon,True
Aeroporto Siqueira,AXC,AAXC,304,46.940263,18.988886,2217,Europe/London,True
Aeroporto Sousa de Goiás,AXD,AAXD,685,-84.45288,69.525812,2004,Asia/Seoul,True
Aeroporto Duarte,AXE,AAXE,715,18.166135,-21.881431,2875,America/Mexico_City,True
Aeroporto Pacheco de Goiás,AXF,AAXF,94,-68.75724,84.901903,3488,Africa/Johannesburg,True
Aeroporto Oliveira,AXG,AAXG,345,-15.024882,-81.372803,2334,America/Los_Angeles,True
Aeroporto Leão,AXH,AAXH,360,-55.367008,14.094613,532,Europe/Berlin,True
Aeroporto Aparecida,AXI,AAXI,328,-34.011707,49.063496,2458,Asia/Tokyo,True
Aeroporto Siqueira de Vargas,AXJ,AAXJ,701,24.018787,-159.911085,1467,Asia/Dubai,True
Aeroporto Lima,AXK,AAXK,684,72.32722,100.76455,222,Africa/Cairo,True
Aeroporto Mendes do Campo,AXL,AAXL,393,-32.485504,-83.819592,1437,America/New_York,True
Aeroporto Monteiro de da Costa,AXM,AAXM,179,-46.464853,-42.39682,3126,Asia/Kolkata,True
Aeroporto Novais,AXN,AAXN,960,89.816032,35.981416,1375,America/Lima,True
Aeroporto Sales,AXO,AAXO,238,6.706703,-146.422609,2048,America/Chicago,True
Aeroporto Cunha Grande,AXP,AAXP,641,58.089625,101.676798,1571,America/Bogota,True
Aeroporto da Rocha de Goiás,AXQ,AAXQ,856,21.800057,-97.021689,2503,Europe/London,True
Aeroporto Almeida,AXR,AAXR,647,64.559115,-74.1398,3101,Asia/Kolkata,True
Aeroporto Rios de das Neves,AXS,AAXS,525,44.042371,-82.742794,1567,Europe/Berlin,True
Aeroporto Santos,AXT,AAXT,691,3.130619,37.622853,1950,Europe/Rome,True
Aeroporto Oliveira de Souza,AXU,AAXU,380,-71.545029,164.543842,4315,Asia/Dubai,True
Aeroporto Marques,AXV,AAXV,627,-44.207673,-166.578303,3560,Asia/Seoul,True
Aeroporto Vargas de Carvalho,AXW,AAXW,832,-38.16538,-77.659633,1446,Asia/Dubai,True
Aeroporto Cirino da Praia,AXX,AAXX,968,-65.960859,-61.283003,170,Asia/Singapore,True
Aeroporto Santos de Porto,AXY,AAXY,349,57.814649,-172.184806,2845,Europe/Paris,True
Aeroporto Pires,AXZ,AAXZ,874,10.699629,145.231241,4284,America/Bogota,True
Aeroporto Gomes,AYA,AAYA,624,-41.043708,174.781266,3928,Africa/Cairo,True
Aeroporto Moura do Norte,AYB,AAYB,255,12.47728,110.400696,3456,Europe/Lisbon,True
Aeroporto Lima Paulista,AYC,AAYC,331,18.169149,122.222471,3852,Asia/Dubai,True
Aeroporto Viana,AYD,AAYD,265,-7.576772,108.924394,4284,Europe/Berlin,False
Aeroporto Pinto,AYE,AAYE,781,16.545217,31.933056,2244,Europe/London,True
Aeroporto Sousa do Norte,AYF,AAYF,973,-8.040731,156.442127,2333,America/Toronto,True
Aeroporto Aragão do Campo,AYG,AAYG,661,-17.646272,-44.175125,3552,Asia/Kolkata,True
Aeroporto Fonseca dos Dourados,AYH,AAYH,552,20.032296,-87.042922,134,Asia/Kolkata,True
Aeroporto Fonseca,AYI,AAYI,469,36.050414,127.849238,182,Asia/Kolkata,True
Aeroporto Cavalcanti da Prata,AYJ,AAYJ,88,62.33028,43.641173,672,America/Chicago,False
Aeroporto Novais,AYK,AAYK,777,-51.319295,8.495809,3670,America/Los_Angeles,True
Aeroporto Carvalho,AYL,AAYL,492,59.26847,-29.220721,2668,America/Sao_Paulo,True
Aeroporto da Costa da Prata,AYM,AAYM,79,7.707518,1.865947,163,Africa/Johannesburg,True
Aeroporto Rezende,AYN,AAYN,504,29.193547,-86.126599,1480,Europe/Berlin,True
Aeroporto Sousa de Sá,AYO,AAYO,213,84.538212,-47.542547,3563,America/Lima,True
Aeroporto Sá,AYP,AAYP,20,68.929815,177.189576,2279,Asia/Tokyo,True
Aeroporto Duarte,AYQ,AAYQ,18,26.228342,101.354342,3346,America/Mexico_City,True
Aeroporto da Mata do Galho,AYR,AAYR,972,-48.721293,-56.463954,373,Europe/London,True
Aeroporto da Mota do Norte,AYS,AAYS,768,72.216157,144.446778,3560,America/Chicago,True
Aeroporto Freitas,AYT,AAYT,720,6.670691,-119.585291,2712,Asia/Singapore,True
Aeroporto Machado do Amparo,AYU,AAYU,982,-84.007346,-133.180895,456,Africa/Johannesburg,True
Aeroporto Melo,AYV,AAYV,552,-31.729298,74.061131,4018,Asia/Kolkata,True
Aeroporto Machado da Praia,AYW,AAYW,774,-22.249427,119.131725,4212,America/Chicago,True
Aeroporto Correia,AYX,AAYX,779,46.057709,6.228649,2355,America/Lima,True
Aeroporto Borges de Barros,AYY,AAYY,767,-16.703299,21.343563,424,Africa/Johannesburg,True
Aeroporto Cavalcanti da Mata,AYZ,AAYZ,331,2.186807,-100.535505,692,America/Sao_Paulo,True
Aeroporto Caldeira,AZA,AAZA,871,47.542895,-21.861019,3091,America/Bogota,True
Aeroporto da Mota,AZB,AAZB,991,55.172252,53.467973,12,Asia/Seoul,True
Aeroporto Sampaio,AZC,AAZC,943,0.668716,-47.205548,4011,Asia/Singapore,True
Aeroporto Monteiro,AZD,AAZD,386,46.617603,-162.441844,1771,Asia/Dubai,True
Aeroporto Costela,AZE,AAZE,151,-80.71101,-110.05091,3460,Europe/Berlin,True
Aeroporto da Rocha,AZF,AAZF,697,-39.373396,46.392489,2114,Asia/Dubai,True
Aeroporto Rodrigues da Prata,AZG,AAZG,613,-22.046407,85.949831,2003,Europe/Madrid,True
Aeroporto Melo,AZH,AAZH,74,31.367742,-125.805883,1821,Asia/Shanghai,True
Aeroporto Leão dos Dourados,AZI,AAZI,432,-74.020091,77.063191,391,Asia/Singapore,True
Aeroporto da Rocha,AZJ,AAZJ,859,-67.674262,-19.259783,2293,Asia/Shanghai,True
Aeroporto Azevedo,AZK,AAZK,908,-12.958625,63.072736,1113,Asia/Dubai,True
Aeroporto da Conceição,AZL,AAZL,402,-9.990686,-67.26178,337,Pacific/Auckland,True
Aeroporto Jesus Verde,AZM,AAZM,932,9.768239,139.13088,4000,Australia/Sydney,True
Aeroporto Rezende Alegre,AZN,AAZN,508,83.913927,129.12846,2233,Africa/Johannesburg,True
Aeroporto Pastor de Rios,AZO,AAZO,246,79.37082,122.15189,2738,Europe/London,True
Aeroporto Marques de da Rosa,AZP,AAZP,869,-55.753521,89.965647,2078,America/Sao_Paulo,True
Aeroporto Vieira,AZQ,AAZQ,803,-46.795296,-39.854377,3439,America/Buenos_Aires,True
Aeroporto Cavalcante Paulista,AZR,AAZR,26,-42.275084,-125.892846,3932,Asia/Kolkata,True
Aeroporto Mendes,AZS,AAZS,83,-34.537431,-19.745223,1636,Europe/Lisbon,True
Aeroporto da Paz do Norte,AZT,AAZT,325,45.7886,95.951063,1703,America/New_York,True
Aeroporto Fogaça,AZU,AAZU,60,51.977944,51.605902,381,America/Lima,True
Aeroporto Marques da Serra,AZV,AAZV,757,-83.970515,-32.745174,3263,Asia/Shanghai,True
Aeroporto Silva,AZW,AAZW,154,-46.409732,-75.418295,2157,Asia/Tokyo,True
Aeroporto Cirino da Serra,AZX,AAZX,982,54.088237,55.689887,3462,Asia/Shanghai,True
Aeroporto Castro,AZY,AAZY,977,-57.54719,-107.897469,1066,Asia/Kolkata,True
Aeroporto Camargo,AZZ,AAZZ,33,23.633608,149.55178,110,America/New_York,True
Aeroporto Dias,BAA,ABAA,30,63.984096,25.423157,644,America/Chicago,True
Aeroporto Macedo,BAB,ABAB,252,56.687895,30.569152,2962,Asia/Kolkata,True
Aeroporto Freitas da Serra,BAC,ABAC,615,34.098278,35.227475,3269,Asia/Tokyo,True
Aeroporto Novais,BAD,ABAD,89,8.571342,65.825022,2607,Pacific/Auckland,True
Aeroporto Rios,BAE,ABAE,985,-9.392038,154.493647,3291,Asia/Kolkata,True
Aeroporto Ferreira Grande,BAF,ABAF,748,-34.845722,-18.476173,761,Pacific/Auckland,True
Aeroporto Machado da Prata,BAG,ABAG,664,-16.494718,-4.730117,0,Europe/Rome,True
Aeroporto Nascimento,BAH,ABAH,751,15.039067,-36.037697,3140,America/Buenos_Aires,True
Aeroporto Campos do Sul,BAI,ABAI,726,20.539818,86.53467,1090,Asia/Shanghai,True
Aeroporto Monteiro Grande,BAJ,ABAJ,615,15.510042,-173.960688,555,Europe/Rome,True
Aeroporto Dias de Cassiano,BAK,ABAK,719,-48.119317,-96.63935,1478,America/Lima,True
Aeroporto Sousa,BAL,ABAL,509,-13.893647,-77.121849,142,Asia/Tokyo,True
Aeroporto Ramos da Mata,BAM,ABAM,493,32.473639,44.331024,3459,Europe/Paris,True
Aeroporto da Rocha de Sá,BAN,ABAN,69,-44.392168,-52.360802,1771,America/Chicago,True
Aeroporto Nunes,BAO,ABAO,386,-84.198327,-5.560747,3695,Europe/Madrid,True
Aeroporto Fernandes de Sales,BAP,ABAP,605,60.841529,-88.801041,4098,Asia/Tokyo,True
Aeroporto Siqueira,BAQ,ABAQ,467,-36.138189,-71.119596,1050,America/Sao_Paulo,True
Aeroporto Aparecida de Carvalho,BAR,ABAR,621,-42.757988,-142.879823,1363,America/Toronto,True
Aeroporto das Neves,BAS,ABAS,517,-3.44685,-98.762284,2927,America/Chicago,True
Aeroporto Guerra,BAT,ABAT,766,32.752548,91.721589,3328,Asia/Kolkata,True
Aeroporto Machado,BAU,ABAU,888,65.614958,-7.536245,782,Europe/Berlin,True
Aeroporto Borges Alegre,BAV,ABAV,209,75.361185,-152.512249,1539,America/Sao_Paulo,True
Aeroporto Pereira,BAW,ABAW,527,-22.700152,-83.687132,3427,Asia/Seoul,True
Aeroporto Pacheco,BAX,ABAX,835,-75.863736,-104.38654,4319,Asia/Seoul,True
Aeroporto Viana,BAY,ABAY,654,-59.798244,-137.186144,2685,Asia/Tokyo,True
Aeroporto Costa do Sul,BAZ,ABAZ,827,21.57781,111.184528,4280,Europe/Lisbon,True
Aeroporto Nascimento,BBA,ABBA,694,52.857566,-152.648557,1399,America/Buenos_Aires,True
Aeroporto Rocha de Rios,BBB,ABBB,339,-25.018931,6.778526,906,Asia/Dubai,True
Aeroporto Moraes,BBC,ABBC,777,21.750059,-102.552415,1683,America/Los_Angeles,True
Aeroporto Correia do Amparo,BBD,ABBD,319,5.848826,163.653807,751,America/Buenos_Aires,True
Aeroporto Pereira do Galho,BBE,ABBE,784,-82.610582,-160.024621,1606,America/Buenos_Aires,True
Aeroporto Rios,BBF,ABBF,265,65.906752,-111.931706,1041,America/Mexico_City,True
Aeroporto Gonçalves Grande,BBG,ABBG,837,-58.851109,149.302043,842,America/Mexico_City,True
Aeroporto Freitas das Flores,BBH,ABBH,379,13.361991,88.042612,1983,Asia/Seoul,True
Aeroporto Albuquerque da Mata,BBI,ABBI,861,15.773237,152.546741,1420,America/Chicago,True
Aeroporto Ferreira da Mata,BBJ,ABBJ,159,-5.007258,-110.450896,742,America/Chicago,True
Aeroporto Novais de Borges,BBK,ABBK,412,-74.138207,-90.194911,2722,Africa/Cairo,True
Aeroporto Siqueira,BBL,ABBL,201,62.815479,162.817166,2627,Europe/Madrid,False
Aeroporto Sousa de Leão,BBM,ABBM,61,55.524124,-73.140278,3684,Asia/Singapore,True
Aeroporto da Paz de Castro,BBN,ABBN,688,38.197807,141.7332,3336,Asia/Shanghai,True
Aeroporto Siqueira das Pedras,BBO,ABBO,311,29.455882,-67.369649,3740,Asia/Kolkata,True
Aeroporto Pastor,BBP,ABBP,725,-12.211396,89.752453,2502,Asia/Tokyo,True
Aeroporto Casa Grande,BBQ,ABBQ,311,-68.457717,21.010233,1505,America/Bogota,True
Aeroporto da Rosa,BBR,ABBR,145,-16.810262,40.994858,2186,Asia/Tokyo,True
Aeroporto Moura de Farias,BBS,ABBS,427,-34.778515,-150.467728,843,America/Sao_Paulo,True
Aeroporto Pastor,BBT,ABBT,108,75.189248,89.356697,3117,America/Mexico_City,True
Aeroporto Borges do Sul,BBU,ABBU,18,-79.402783,91.351943,4312,Africa/Cairo,True
Aeroporto Porto Paulista,BBV,ABBV,681,-44.989431,108.022253,1011,Asia/Dubai,True
Aeroporto Cavalcanti da Prata,BBW,ABBW,428,58.360831,153.01988,1244,Africa/Johannesburg,True
Aeroporto Santos de Nunes,BBX,ABBX,831,-0.140157,154.03344,3294,Europe/Paris,True
Aeroporto Costa,BBY,ABBY,391,60.418462,24.65307,3124,Europe/London,False
Aeroporto Garcia,BBZ,ABBZ,199,23.656895,-1.235035,707,America/Toronto,False
Aeroporto Novaes do Amparo,BCA,ABCA,354,12.366552,-129.905169,2881,Australia/Sydney,True
Aeroporto da Rosa,BCB,ABCB,136,9.228279,-15.888577,1648,Europe/Paris,True
Aeroporto Monteiro da Prata,BCC,ABCC,48,82.829359,57.96294,2189,America/Buenos_Aires,True
Aeroporto Câmara de Alves,BCD,ABCD,506,42.302891,-88.528093,1567,America/Buenos_Aires,True
Aeroporto Cassiano,BCE,ABCE,126,-63.945351,-54.126664,2418,Asia/Tokyo,True
Aeroporto da Rosa do Amparo,BCF,ABCF,735,56.052368,-60.774238,4192,Africa/Cairo,False
Aeroporto Rezende,BCG,ABCG,953,-63.464426,47.430797,4227,Asia/Dubai,False
Aeroporto Leão da Serra,BCH,ABCH,390,-82.094792,18.870507,1421,Europe/Paris,True
Aeroporto Sales de Ramos,BCI,ABCI,429,50.971618,124.991416,3908,Europe/Rome,True
Aeroporto Alves,BCJ,ABCJ,824,-18.15491,172.702888,2794,America/New_York,True
Aeroporto Teixeira,BCK,ABCK,24,-43.708382,-149.964632,4117,America/Toronto,True
Aeroporto Monteiro de Minas,BCL,ABCL,339,-11.582714,166.65724,2126,Europe/Berlin,False
Aeroporto Pacheco do Amparo,BCM,ABCM,923,-19.992823,45.721795,2903,Asia/Kolkata,True
Aeroporto da Luz do Amparo,BCN,ABCN,226,2.668199,-2.830692,4166,Pacific/Auckland,True
Aeroporto Freitas,BCO,ABCO,902,-21.434947,-26.795534,1946,America/Chicago,True
Aeroporto da Luz,BCP,ABCP,675,82.616686,-29.991432,1048,Europe/London,True
Aeroporto Pacheco,BCQ,ABCQ,24,69.249758,177.224458,1585,America/Buenos_Aires,True
Aeroporto Casa Grande,BCR,ABCR,945,-39.700404,119.05483,2269,Africa/Johannesburg,True
Aeroporto Martins Grande,BCS,ABCS,925,68.797276,91.319522,126,Europe/Berlin,True
Aeroporto Castro do Norte,BCT,ABCT,213,-30.731225,93.574075,2100,Pacific/Auckland,True
Aeroporto Fonseca das Pedras,BCU,ABCU,784,-31.922614,-91.478923,1380,America/Mexico_City,True
Aeroporto Aragão da Mata,BCV,ABCV,316,-76.784788,76.067249,999,Europe/Rome,True
Aeroporto Moura de Minas,BCW,ABCW,577,41.593859,164.531943,1911,Europe/Lisbon,True
Aeroporto Vargas,BCX,ABCX,575,-46.913672,-50.973465,761,America/Toronto,True
Aeroporto Teixeira,BCY,ABCY,221,25.128849,115.226448,2714,America/Toronto,True
Aeroporto Peixoto,BCZ,ABCZ,674,41.42767,-2.367218,2095,Pacific/Auckland,True
Aeroporto Nogueira,BDA,ABDA,414,56.644649,10.339392,3390,Asia/Tokyo,True
Aeroporto Dias da Mata,BDB,ABDB,677,-63.13505,140.730806,3011,Asia/Seoul,True
Aeroporto Rodrigues da Praia,BDC,ABDC,679,6.263305,-113.19433,1301,Pacific/Auckland,True
Aeroporto Nascimento,BDD,ABDD,735,6.573841,-179.420252,907,Pacific/Auckland,True
Aeroporto Casa Grande do Sul,BDE,ABDE,252,-22.76701,-164.97561,4177,Pacific/Auckland,True
Aeroporto Moreira,BDF,ABDF,549,40.948754,65.343008,3460,Australia/Sydney,True
Aeroporto Freitas do Amparo,BDG,ABDG,655,-0.86237,-173.350043,3270,Europe/Rome,True
Aeroporto Fernandes da Serra,BDH,ABDH,565,-50.614041,170.483765,2299,America/Lima,True
Aeroporto Cunha,BDI,ABDI,589,-4.5101,-127.238652,1892,Asia/Shanghai,True
Aeroporto Montenegro,BDJ,ABDJ,84,78.77309,-63.944201,2823,Africa/Johannesburg,True
Aeroporto Correia,BDK,ABDK,338,17.94605,-122.889341,4120,America/Mexico_City,True
Aeroporto Leão,BDL,ABDL,282,6.740828,-15.352559,2264,America/Chicago,True
Aeroporto Barbosa de Camargo,BDM,ABDM,66,37.035736,-75.192264,4313,Asia/Dubai,True
Aeroporto Almeida,BDN,ABDN,951,-61.831747,-20.245393,985,America/Toronto,True
Aeroporto Ferreira de das Neves,BDO,ABDO,809,21.077279,-2.512883,2106,Asia/Tokyo,True
Aeroporto Carvalho dos Dourados,BDP,ABDP,628,-16.873351,103.366932,589,Asia/Seoul,True
Aeroporto Cavalcanti da Mata,BDQ,ABDQ,657,-11.550548,139.21941,3303,Asia/Singapore,True
Aeroporto Souza,BDR,ABDR,438,-47.235088,80.145253,408,America/Lima,True
Aeroporto Câmara,BDS,ABDS,360,42.551635,114.543538,499,America/Los_Angeles,True
Aeroporto Sales,BDT,ABDT,197,60.68225,-149.089865,2681,America/Lima,True
Aeroporto Sales,BDU,ABDU,655,-62.057921,151.907313,1184,Europe/London,True
Aeroporto das Neves,BDV,ABDV,778,7.461032,88.238717,2501,Asia/Seoul,True
Aeroporto Costela,BDW,ABDW,172,-3.672476,-32.324466,399,America/Lima,True
Aeroporto Barros,BDX,ABDX,785,-44.272842,55.766459,403,America/Chicago,True
Aeroporto Sales do Campo,BDY,ABDY,896,1.107141,-167.909017,66,Europe/Berlin,True
Aeroporto Almeida,BDZ,ABDZ,308,9.63878,-154.083792,2733,Europe/Madrid,True
Aeroporto Sá de Lopes,BEA,ABEA,248,-22.548968,137.211941,3269,Asia/Dubai,True
Aeroporto Costa,BEB,ABEB,498,-71.221163,-55.468599,2139,Europe/Rome,True
Aeroporto Andrade,BEC,ABEC,17,-27.890943,30.877397,3219,America/New_York,True
Aeroporto Melo,BED,ABED,448,-2.779968,-83.763545,3300,Africa/Cairo,True
Aeroporto da Cunha,BEE,ABEE,508,-65.514056,46.485505,1689,Asia/Dubai,True
Aeroporto Azevedo,BEF,ABEF,874,52.7955,44.658318,515,America/Los_Angeles,True
Aeroporto Rios do Sul,BEG,ABEG,157,37.907523,115.564196,2859,Asia/Kolkata,True
Aeroporto Viana,BEH,ABEH,642,76.587616,-124.717004,4106,Asia/Shanghai,True
Aeroporto Pereira,BEI,ABEI,175,86.600732,136.612415,2927,Asia/Tokyo,True
Aeroporto Pastor,BEJ,ABEJ,871,51.240199,121.835127,1781,America/Buenos_Aires,True
Aeroporto Cirino,BEK,ABEK,21,31.243971,-16.564053,2621,America/Buenos_Aires,True
Aeroporto Alves de Minas,BEL,ABEL,937,-61.431323,-114.338519,2128,Europe/Berlin,True
Aeroporto Souza,BEM,ABEM,380,-18.420307,50.885184,2187,Europe/Lisbon,True
Aeroporto Pacheco da Praia,BEN,ABEN,3,-9.754015,39.423711,183,Australia/Sydney,True
Aeroporto Castro do Galho,BEO,ABEO,85,29.934674,141.73582,819,America/Bogota,True
Aeroporto Montenegro,BEP,ABEP,468,-3.010593,-46.682896,1254,America/Lima,True
Aeroporto Brito,BEQ,ABEQ,284,-36.19164,105.64756,1353,Asia/Tokyo,True
Aeroporto Moura,BER,ABER,103,-12.700073,-80.786651,4435,Europe/Paris,True
Aeroporto Silva,BES,ABES,690,46.791712,6.24573,2755,Africa/Johannesburg,True
Aeroporto da Paz,BET,ABET,279,-10.804537,-23.625695,3106,Asia/Seoul,True
Aeroporto Sá,BEU,ABEU,920,-83.393926,-173.252862,2671,Europe/Lisbon,True
Aeroporto Silveira,BEV,ABEV,270,26.755591,75.010744,2506,Europe/Madrid,True
Aeroporto Cunha,BEW,ABEW,443,6.667823,56.607376,834,Asia/Tokyo,True
Aeroporto Fonseca de Sampaio,BEX,ABEX,820,11.461914,162.269797,21,America/Lima,True
Aeroporto Macedo,BEY,ABEY,628,64.547236,-160.643456,3317,America/Mexico_City,True
Aeroporto Cirino,BEZ,ABEZ,886,-69.740406,-104.216739,3799,Asia/Singapore,True
Aeroporto Garcia das Pedras,BFA,ABFA,53,29.518229,-140.47566,2728,Africa/Cairo,True
Aeroporto Moraes,BFB,ABFB,466,64.585485,95.939911,2153,Europe/Madrid,True
Aeroporto Jesus,BFC,ABFC,839,70.997589,-85.53062,4395,Australia/Sydney,True
Aeroporto Teixeira,BFD,ABFD,361,79.66517,-11.412569,4099,Asia/Tokyo,True
Aeroporto Campos dos Dourados,BFE,ABFE,107,-49.81486,-82.669143,3996,Europe/Lisbon,True
Aeroporto Moreira,BFF,ABFF,547,-30.816178,53.532467,3830,Europe/Berlin,True
Aeroporto Monteiro,BFG,ABFG,322,-62.703243,129.85323,4394,Asia/Shanghai,True
Aeroporto Santos da Mata,BFH,ABFH,358,9.483784,120.236346,2818,Australia/Sydney,True
Aeroporto Barros,BFI,ABFI,309,59.915587,-49.634865,4108,America/Los_Angeles,True
Aeroporto Monteiro do Campo,BFJ,ABFJ,413,-82.023964,103.46934,4349,Asia/Seoul,True
Aeroporto da Paz dos Dourados,BFK,ABFK,644,25.249507,99.610074,3363,Europe/Paris,True
Aeroporto Rodrigues dos Dourados,BFL,ABFL,760,42.491167,103.355529,2473,Asia/Singapore,False
Aeroporto Novaes,BFM,ABFM,19,-6.297477,-89.415838,3642,Africa/Cairo,True
Aeroporto da Rocha das Pedras,BFN,ABFN,261,41.315997,-2.627984,4007,America/Toronto,True
Aeroporto Azevedo,BFO,ABFO,841,34.836189,170.709636,1019,America/Buenos_Aires,True
Aeroporto Rocha de Freitas,BFP,ABFP,328,12.943013,178.089838,4245,America/Mexico_City,True
Aeroporto Albuquerque,BFQ,ABFQ,962,-38.987796,76.998479,3296,America/New_York,True
Aeroporto Rocha de Caldeira,BFR,ABFR,27,-55.626569,116.872428,825,America/Sao_Paulo,True
Aeroporto Macedo do Galho,BFS,ABFS,357,20.839443,-168.753678,322,Asia/Seoul,True
Aeroporto Campos,BFT,ABFT,768,-83.652139,-42.041659,2209,America/Lima,False
Aeroporto Gonçalves,BFU,ABFU,557,-12.154291,35.057679,4333,Asia/Tokyo,True
Aeroporto Sales Verde,BFV,ABFV,101,-18.383676,73.308823,899,America/Toronto,True
Aeroporto Sousa,BFW,ABFW,593,55.876013,-94.913741,3475,Asia/Singapore,True
Aeroporto Azevedo,BFX,ABFX,256,-26.470694,-108.740949,3509,Australia/Sydney,True
Aeroporto Costa Alegre,BFY,ABFY,377,68.254465,106.410107,4318,America/Bogota,True
Aeroporto Peixoto,BFZ,ABFZ,501,-79.597274,-133.888634,4374,America/Buenos_Aires,True
Aeroporto Campos de Goiás,BGA,ABGA,798,-74.632545,-103.092771,2829,America/Los_Angeles,True
Aeroporto Silveira do Amparo,BGB,ABGB,627,-88.685758,-82.042215,386,America/Bogota,True
Aeroporto Teixeira Verde,BGC,ABGC,878,-34.220255,-2.700395,2537,America/Bogota,True
Aeroporto Sá das Flores,BGD,ABGD,415,63.19185,152.238268,2569,Australia/Sydney,True
Aeroporto Melo das Flores,BGE,ABGE,745,12.19972,-21.013402,512,America/Mexico_City,True
Aeroporto Moraes de da Mota,BGF,ABGF,987,-85.977598,73.293724,90,Africa/Johannesburg,True
Aeroporto Vargas,BGG,ABGG,468,31.237994,-97.802168,2983,Asia/Seoul,True
Aeroporto Caldeira de Campos,BGH,ABGH,864,-24.343664,112.953302,3193,America/Sao_Paulo,True
Aeroporto Mendonça do Amparo,BGI,ABGI,998,62.96414,-114.669092,3400,Europe/Madrid,True
Aeroporto Pires,BGJ,ABGJ,483,55.760062,160.551274,559,Europe/London,True
Aeroporto Alves,BGK,ABGK,885,47.445718,-39.477521,849,America/Chicago,True
Aeroporto Sousa,BGL,ABGL,689,-66.883941,-109.395336,1361,America/Chicago,True
Aeroporto Azevedo,BGM,ABGM,674,-60.049573,132.025388,3093,America/Chicago,True
Aeroporto Rocha de Alves,BGN,ABGN,600,-1.938262,51.088023,1202,Asia/Tokyo,True
Aeroporto Garcia,BGO,ABGO,886,-34.895886,171.628455,2608,Asia/Singapore,True
Aeroporto Cassiano da Mata,BGP,ABGP,645,23.240789,-44.084739,3049,America/Mexico_City,True
Aeroporto Teixeira,BGQ,ABGQ,384,33.559344,-65.870791,2346,America/Chicago,True
Aeroporto Ribeiro,BGR,ABGR,100,53.512669,67.51172,2806,America/Chicago,True
Aeroporto Vieira de Martins,BGS,ABGS,944,-8.973818,4.035383,149,Africa/Johannesburg,True
Aeroporto da Rocha,BGT,ABGT,60,-52.906044,117.190611,4422,America/Los_Angeles,True
Aeroporto Mendonça de Montenegro,BGU,ABGU,222,-9.979351,162.439083,3513,Pacific/Auckland,True
Aeroporto Nogueira Alegre,BGV,ABGV,103,6.670411,143.211219,4068,America/Chicago,True
Aeroporto Teixeira,BGW,ABGW,687,-65.775763,-169.955535,610,Europe/Rome,True
Aeroporto Lopes,BGX,ABGX,250,-54.301272,-63.488453,488,America/Los_Angeles,True
Aeroporto Gomes,BGY,ABGY,454,-59.582887,-105.458823,3188,America/Sao_Paulo,True
Aeroporto Dias de Garcia,BGZ,ABGZ,521,-3.297002,99.975863,2384,Asia/Singapore,True
Aeroporto Marques de Andrade,BHA,ABHA,48,41.816622,-176.195842,3455,Africa/Johannesburg,True
Aeroporto Cavalcanti,BHB,ABHB,446,-70.486672,15.64671,3809,Asia/Dubai,True
Aeroporto Santos da Serra,BHC,ABHC,619,-22.828223,-6.054174,3954,America/Mexico_City,True
Aeroporto Lopes de Carvalho,BHD,ABHD,652,-15.113523,165.046006,4087,Europe/London,False
Aeroporto Silva das Flores,BHE,ABHE,559,4.239469,5.812394,404,Africa/Johannesburg,True
Aeroporto Teixeira de Camargo,BHF,ABHF,514,-19.81242,26.749027,366,Europe/Madrid,True
Aeroporto Ribeiro de Novaes,BHG,ABHG,688,-60.86965,124.182228,2691,Asia/Dubai,True
Aeroporto Melo de Novais,BHH,ABHH,440,-5.891728,-140.692228,682,Asia/Dubai,False
Aeroporto Montenegro,BHI,ABHI,736,73.117324,90.983341,167,Asia/Dubai,True
Aeroporto Gonçalves,BHJ,ABHJ,257,53.295242,24.886032,3985,Africa/Cairo,False
Aeroporto Monteiro Verde,BHK,ABHK,306,-66.47609,113.166262,937,America/Mexico_City,True
Aeroporto Pimenta da Praia,BHL,ABHL,462,32.881868,-135.582183,566,America/Toronto,True
Aeroporto Duarte do Norte,BHM,ABHM,573,13.296271,-112.381845,4463,Europe/London,True
Aeroporto Pastor,BHN,ABHN,476,81.807241,-13.546246,1434,America/Los_Angeles,True
Aeroporto Cardoso,BHO,ABHO,945,-45.611486,35.410001,3260,America/Toronto,True
Aeroporto Ferreira Verde,BHP,ABHP,896,-28.632941,-118.125973,28,Europe/London,True
Aeroporto Teixeira,BHQ,ABHQ,434,12.849619,154.520009,205,America/Buenos_Aires,True
Aeroporto Garcia do Campo,BHR,ABHR,467,-23.969088,-80.516013,85,Europe/London,True
Aeroporto Ferreira da Praia,BHS,ABHS,951,18.627148,-108.364761,3015,America/Buenos_Aires,True
Aeroporto Ferreira do Norte,BHT,ABHT,516,58.960095,-110.835312,677,America/Sao_Paulo,True
Aeroporto da Cruz,BHU,ABHU,460,-46.923644,109.237383,691,Australia/Sydney,True
Aeroporto Ramos,BHV,ABHV,941,-44.330193,26.607653,2827,America/Los_Angeles,False
Aeroporto Pastor de Minas,BHW,ABHW,167,42.192835,-70.467051,724,Europe/London,True
Aeroporto das Neves,BHX,ABHX,251,-55.908299,25.688445,3011,Pacific/Auckland,True
Aeroporto Fernandes,BHY,ABHY,597,37.176067,23.854093,97,Europe/Madrid,True
Aeroporto Almeida,BHZ,ABHZ,777,65.218116,-16.633515,4036,Australia/Sydney,True
Aeroporto Andrade dos Dourados,BIA,ABIA,498,35.866596,-110.791591,2829,Asia/Kolkata,True
Aeroporto Nunes do Galho,BIB,ABIB,930,-79.742892,26.326593,603,Europe/London,True
Aeroporto da Mata do Sul,BIC,ABIC,956,35.756469,-178.267424,763,Asia/Dubai,True
Aeroporto Pastor de Almeida,BID,ABID,829,-48.265371,48.453268,2627,Europe/Berlin,True
Aeroporto Garcia Verde,BIE,ABIE,395,10.550802,-138.490807,3715,Asia/Seoul,True
Aeroporto Duarte Verde,BIF,ABIF,469,-6.338119,60.203218,496,America/Sao_Paulo,True
Aeroporto Mendonça,BIG,ABIG,230,-34.170479,159.027239,3727,Africa/Johannesburg,True
Aeroporto Sales,BIH,ABIH,863,-48.02799,-151.189597,3870,Asia/Seoul,True
Aeroporto Fernandes,BII,ABII,234,-49.35631,-84.889202,3442,America/Toronto,True
Aeroporto Montenegro de Teixeira,BIJ,ABIJ,743,-8.786023,148.467199,4094,Europe/Rome,True
Aeroporto Cavalcante da Mata,BIK,ABIK,349,-69.064129,-179.883975,4446,Europe/Rome,True
Aeroporto Lopes do Oeste,BIL,ABIL,880,-82.225946,-70.750594,3594,America/Toronto,True
Aeroporto Porto de Viana,BIM,ABIM,864,-68.927824,-146.617329,2821,Asia/Dubai,False
Aeroporto Nascimento,BIN,ABIN,350,62.122592,-121.608743,421,Asia/Singapore,True
Aeroporto da Paz,BIO,ABIO,870,15.061707,158.14699,2448,Australia/Sydney,True
Aeroporto Aragão da Mata,BIP,ABIP,121,-71.066489,-161.559004,3872,Asia/Dubai,True
Aeroporto Câmara de Minas,BIQ,ABIQ,461,-24.829681,62.49993,2876,Asia/Kolkata,True
Aeroporto Pastor,BIR,ABIR,154,2.112492,104.489589,1242,Europe/Paris,True
Aeroporto da Mata de Minas,BIS,ABIS,591,-52.184103,2.487573,2198,Africa/Johannesburg,False
Aeroporto Lima de Costela,BIT,ABIT,209,14.394602,39.187826,2112,Africa/Johannesburg,True
Aeroporto Vieira de Minas,BIU,ABIU,879,-27.202535,-29.929553,3554,Asia/Dubai,True
Aeroporto Montenegro da Mata,BIV,ABIV,747,17.542642,151.980818,3340,America/Chicago,True
Aeroporto Ribeiro da Prata,BIW,ABIW,136,77.667841,101.443595,3902,America/New_York,True
Aeroporto Costa das Pedras,BIX,ABIX,883,-10.285325,-21.345384,3737,Asia/Singapore,True
Aeroporto da Cunha do Galho,BIY,ABIY,480,-82.641562,55.531614,3328,Europe/London,True
Aeroporto Rios de Teixeira,BIZ,ABIZ,509,-5.681546,-113.854454,3637,America/Chicago,True
Aeroporto Almeida,BJA,ABJA,88,-80.068657,-22.390255,1952,Asia/Shanghai,True
Aeroporto Oliveira,BJB,ABJB,568,17.473308,-117.939144,266,Asia/Kolkata,True
Aeroporto Cunha de Ribeiro,BJC,ABJC,923,27.56845,-119.546937,1652,Europe/Paris,True
Aeroporto da Mata de Porto,BJD,ABJD,701,79.495335,-92.931703,1172,Europe/Berlin,True
Aeroporto Nunes do Norte,BJE,ABJE,952,-48.638656,-79.227725,184,Asia/Dubai,True
Aeroporto Fonseca,BJF,ABJF,911,-85.044608,125.339,3095,America/Lima,True
Aeroporto Casa Grande de da Costa,BJG,ABJG,265,37.389231,64.818341,18,Asia/Dubai,True
Aeroporto Souza,BJH,ABJH,671,-66.507346,-57.231532,4404,Asia/Dubai,True
Aeroporto Lopes das Pedras,BJI,ABJI,144,17.781423,-147.476174,4143,Asia/Tokyo,True
Aeroporto Azevedo do Oeste,BJJ,ABJJ,733,60.235975,-168.117742,3133,Europe/Rome,True
Aeroporto da Mata da Mata,BJK,ABJK,908,59.04504,-58.92057,4355,Australia/Sydney,True
Aeroporto da Cunha,BJL,ABJL,349,-45.826392,-138.078752,4262,America/Sao_Paulo,True
Aeroporto Guerra,BJM,ABJM,371,-26.988622,-68.033446,1172,Pacific/Auckland,True
Aeroporto Camargo,BJN,ABJN,332,-45.435368,-20.136101,2479,Europe/London,True
Aeroporto Correia,BJO,ABJO,820,-84.624555,20.567095,3475,America/Buenos_Aires,True
Aeroporto da Cruz,BJP,ABJP,984,-9.606576,-37.120531,1478,America/New_York,True
Aeroporto Martins do Amparo,BJQ,ABJQ,605,81.171967,-119.237832,2040,America/Chicago,True
Aeroporto Lima do Norte,BJR,ABJR,36,72.353594,-146.509188,2670,America/Buenos_Aires,True
Aeroporto Castro,BJS,ABJS,425,76.050656,162.511387,1079,America/Buenos_Aires,True
Aeroporto Carvalho do Sul,BJT,ABJT,580,4.407025,-5.746986,4254,Australia/Sydney,True
Aeroporto Vieira Paulista,BJU,ABJU,817,35.940207,-89.42461,1290,Europe/Lisbon,True
Aeroporto Ramos,BJV,ABJV,817,-16.43547,27.459812,926,Australia/Sydney,True
Aeroporto Silveira,BJW,ABJW,592,-19.385669,-71.849859,3498,America/Sao_Paulo,True
Aeroporto Viana de Almeida,BJX,ABJX,779,-57.104767,20.414839,54,Australia/Sydney,False
Aeroporto Barros,BJY,ABJY,332,-75.85544,-165.122119,4317,Australia/Sydney,True
Aeroporto Pereira da Mata,BJZ,ABJZ,702,-75.728159,158.038813,1205,Africa/Johannesburg,True
Aeroporto Jesus,BKA,ABKA,721,28.095043,-178.694477,4006,Asia/Shanghai,True
Aeroporto Rios de Minas,BKB,ABKB,970,-41.113621,-36.594418,4340,Australia/Sydney,True
Aeroporto Silveira Grande,BKC,ABKC,675,65.679905,-155.465719,2204,Asia/Dubai,True
Aeroporto Camargo,BKD,ABKD,896,-6.035844,54.084223,146,Asia/Seoul,True
Aeroporto Moreira,BKE,ABKE,176,-16.964319,64.996538,3664,Europe/Rome,True
Aeroporto Monteiro de Minas,BKF,ABKF,846,-80.85586,132.379618,3262,America/New_York,True
Aeroporto Peixoto,BKG,ABKG,931,48.060386,-74.752326,4447,Europe/Berlin,True
Aeroporto Vargas,BKH,ABKH,587,84.16716,2.7679,4042,Europe/London,True
Aeroporto Farias Verde,BKI,ABKI,706,9.970329,-36.757283,85,Asia/Kolkata,False
Aeroporto Souza de Goiás,BKJ,ABKJ,91,65.597151,-59.193726,1257,Europe/Madrid,True
Aeroporto Cunha Grande,BKK,ABKK,498,-76.414085,86.949582,4354,Asia/Tokyo,True
Aeroporto Cavalcanti,BKL,ABKL,103,21.772944,-14.290777,783,Asia/Shanghai,False
Aeroporto da Mota,BKM,ABKM,110,11.78933,-1.313479,3959,Africa/Johannesburg,True
Aeroporto Jesus de da Cunha,BKN,ABKN,633,-66.757217,-153.498977,1070,America/New_York,True
Aeroporto Mendonça,BKO,ABKO,576,-62.147266,80.57613,2890,Europe/London,True
Aeroporto Sampaio do Campo,BKP,ABKP,722,-63.108972,23.436736,30,Europe/Rome,True
Aeroporto Nogueira das Pedras,BKQ,ABKQ,872,-54.413253,-8.4178,2789,Pacific/Auckland,True
Aeroporto Rodrigues de da Cruz,BKR,ABKR,932,-71.434688,12.789446,3047,Asia/Tokyo,True
Aeroporto Viana Grande,BKS,ABKS,80,-12.715864,-104.035464,3634,America/Chicago,True
Aeroporto Melo da Praia,BKT,ABKT,169,85.247199,145.453593,3822,Asia/Tokyo,True
Aeroporto Almeida do Norte,BKU,ABKU,471,-35.513293,129.316102,2537,Europe/Paris,True
Aeroporto Sales,BKV,ABKV,831,-5.80608,-94.239418,3375,Europe/Paris,True
Aeroporto da Cunha,BKW,ABKW,355,18.232223,6.167329,4468,Europe/Madrid,True
Aeroporto das Neves da Praia,BKX,ABKX,183,-35.931751,27.037718,3848,America/Toronto,True
Aeroporto Nascimento,BKY,ABKY,778,76.320768,-23.672424,3777,Australia/Sydney,True
Aeroporto Macedo,BKZ,ABKZ,770,-43.581064,-111.143034,2504,Europe/Berlin,True
Aeroporto Albuquerque das Flores,BLA,ABLA,351,64.78703,44.148924,3788,Pacific/Auckland,True
Aeroporto da Rosa de Minas,BLB,ABLB,619,85.407526,-44.49897,3903,America/Los_Angeles,True
Aeroporto da Rosa,BLC,ABLC,416,45.483001,126.507457,1825,Pacific/Auckland,True
Aeroporto Castro,BLD,ABLD,664,-82.258092,-123.590989,384,Asia/Seoul,True
Aeroporto Pires de Dias,BLE,ABLE,277,77.057241,53.018668,2431,Europe/London,True
Aeroporto Vieira do Norte,BLF,ABLF,596,65.545919,165.963153,250,America/Toronto,False
Aeroporto Barros do Amparo,BLG,ABLG,294,-88.292922,-156.306413,2902,Australia/Sydney,True
Aeroporto Sousa de Jesus,BLH,ABLH,426,-67.059936,136.433207,3321,Asia/Dubai,True
Aeroporto Silva das Pedras,BLI,ABLI,993,34.89689,-130.168429,2998,Europe/Rome,True
Aeroporto Castro,BLJ,ABLJ,945,-84.050467,-31.4671,1891,America/New_York,True
Aeroporto Montenegro de Minas,BLK,ABLK,87,39.209835,-83.365173,480,America/Los_Angeles,True
Aeroporto Leão da Prata,BLL,ABLL,152,-5.983024,-140.856054,931,Asia/Seoul,True
Aeroporto Marques do Sul,BLM,ABLM,840,-57.18976,-68.133916,539,Europe/Rome,True
Aeroporto Ramos,BLN,ABLN,888,-30.913413,25.768038,104,America/Sao_Paulo,True
Aeroporto Pires,BLO,ABLO,535,-42.138859,150.62628,1824,Europe/Berlin,True
Aeroporto Vieira de Ramos,BLP,ABLP,626,4.947872,85.306226,3673,Europe/Lisbon,True
Aeroporto Abreu,BLQ,ABLQ,590,6.96672,-92.751443,2646,America/Bogota,True
Aeroporto Costa da Mata,BLR,ABLR,426,74.086883,-6.732184,3904,America/Chicago,True
Aeroporto Oliveira de Minas,BLS,ABLS,256,65.348026,-172.843529,1382,Europe/Paris,True
Aeroporto Castro,BLT,ABLT,935,-60.565362,-71.569849,1935,Asia/Dubai,True
Aeroporto Moreira,BLU,ABLU,44,39.546524,-128.430166,130,America/Lima,False
Aeroporto Peixoto,BLV,ABLV,995,24.507892,-24.363375,3713,Asia/Kolkata,True
Aeroporto Vieira Alegre,BLW,ABLW,861,26.085817,-71.601832,3699,Pacific/Auckland,True
Aeroporto Mendes de Sousa,BLX,ABLX,863,42.75822,-63.041022,2128,Africa/Johannesburg,True
Aeroporto da Luz,BLY,ABLY,732,75.793847,-116.627001,2036,America/Los_Angeles,True
Aeroporto Rodrigues,BLZ,ABLZ,505,17.76438,80.682619,501,America/Toronto,True
Aeroporto da Paz do Oeste,BMA,ABMA,974,-24.536744,130.709005,1840,America/Bogota,True
Aeroporto Leão,BMB,ABMB,979,-48.38442,26.844692,157,Europe/Rome,True
Aeroporto Cirino das Flores,BMC,ABMC,218,43.081511,61.872781,1500,America/Mexico_City,True
Aeroporto Oliveira de Goiás,BMD,ABMD,526,-5.614223,69.808758,2739,Asia/Singapore,True
Aeroporto Almeida,BME,ABME,848,53.665842,3.938856,1813,Europe/Madrid,False
Aeroporto Borges,BMF,ABMF,493,-48.160178,-57.460708,1705,America/New_York,True
Aeroporto Costa de da Luz,BMG,ABMG,236,-13.841893,-143.470489,1464,Europe/London,True
Aeroporto Aragão,BMH,ABMH,488,78.012837,-172.210032,4413,Asia/Shanghai,True
Aeroporto Pinto das Pedras,BMI,ABMI,839,-7.445471,-160.2127,1885,Asia/Shanghai,False
Aeroporto Cassiano de Minas,BMJ,ABMJ,938,-76.927876,-162.648808,2036,Europe/London,True
Aeroporto Cavalcante Verde,BMK,ABMK,839,-84.899283,75.132639,2995,Asia/Shanghai,True
Aeroporto Albuquerque,BML,ABML,880,-0.241867,109.429854,2185,Africa/Cairo,True
Aeroporto Vargas dos Dourados,BMM,ABMM,54,-40.791089,-125.167459,2450,Asia/Tokyo,True
Aeroporto Campos de Câmara,BMN,ABMN,73,-75.834678,43.433936,3041,Asia/Shanghai,True
Aeroporto Correia,BMO,ABMO,135,-32.266458,3.849034,291,Australia/Sydney,True
Aeroporto da Paz do Amparo,BMP,ABMP,78,15.548858,124.012983,2828,America/Sao_Paulo,True
Aeroporto Cardoso das Pedras,BMQ,ABMQ,761,-49.821516,67.890056,2080,Asia/Seoul,True
Aeroporto Peixoto,BMR,ABMR,632,38.331111,-10.639395,2729,America/Mexico_City,True
Aeroporto da Paz,BMS,ABMS,775,-33.469387,-1.376046,993,Asia/Dubai,True
Aeroporto Leão,BMT,ABMT,237,-58.738024,5.375194,1076,Europe/Rome,True
Aeroporto Jesus,BMU,ABMU,18,61.181199,-24.99002,3362,Europe/London,True
Aeroporto Alves,BMV,ABMV,77,30.843181,134.138964,2987,America/Mexico_City,True
Aeroporto da Luz de Goiás,BMW,ABMW,324,-66.343806,134.640288,6,Asia/Singapore,True
Aeroporto da Cruz de Freitas,BMX,ABMX,75,-33.721047,-75.901762,448,Asia/Tokyo,True
Aeroporto Barros de Albuquerque,BMY,ABMY,676,-20.625786,111.123247,3440,America/Bogota,True
Aeroporto Carvalho de Duarte,BMZ,ABMZ,899,-76.077636,-111.654912,1767,America/Mexico_City,True
Aeroporto Rodrigues do Oeste,BNA,ABNA,25,74.322703,1.867097,310,America/Los_Angeles,False
Aeroporto Santos das Pedras,BNB,ABNB,939,-38.784674,91.55171,786,America/New_York,True
Aeroporto Barbosa do Campo,BNC,ABNC,615,-63.216094,119.180885,4296,Pacific/Auckland,True
Aeroporto Aragão,BND,ABND,551,16.901425,-166.224635,3200,Africa/Johannesburg,True
Aeroporto da Costa do Amparo,BNE,ABNE,961,-46.246862,8.28098,3339,Pacific/Auckland,True
Aeroporto Pereira do Norte,BNF,ABNF,549,42.094638,-148.105806,2893,Asia/Kolkata,True
Aeroporto da Cunha,BNG,ABNG,47,88.74201,45.975782,3127,Asia/Tokyo,True
Aeroporto da Rosa das Flores,BNH,ABNH,777,10.224781,93.11883,3114,Australia/Sydney,True
Aeroporto Cardoso da Prata,BNI,ABNI,36,-87.834326,161.728701,3999,Europe/Paris,True
Aeroporto Pacheco,BNJ,ABNJ,742,24.897337,19.431272,2378,Asia/Singapore,True
Aeroporto da Luz,BNK,ABNK,198,-7.541749,-53.386236,2316,America/Sao_Paulo,True
Aeroporto Montenegro,BNL,ABNL,229,40.887314,76.2915,235,America/Buenos_Aires,True
Aeroporto Fernandes de Martins,BNM,ABNM,788,-17.938388,-20.359943,4263,Asia/Seoul,True
Aeroporto Borges,BNN,ABNN,644,87.956214,-46.357793,2091,Asia/Shanghai,True
Aeroporto Santos do Galho,BNO,ABNO,623,8.752448,-31.803801,650,Europe/Rome,True
Aeroporto Casa Grande Paulista,BNP,ABNP,270,11.573757,159.774957,3104,Pacific/Auckland,True
Aeroporto Dias,BNQ,ABNQ,428,-9.100732,-155.38388,2765,Asia/Seoul,True
Aeroporto Cardoso,BNR,ABNR,104,-74.879805,-70.444091,3531,America/New_York,True
Aeroporto da Mota de Souza,BNS,ABNS,623,53.20894,115.56965,1697,Europe/Lisbon,True
Aeroporto Lopes da Mata,BNT,ABNT,769,-73.907131,-162.42677,3595,Europe/Berlin,True
Aeroporto Pimenta Paulista,BNU,ABNU,151,-87.073649,-168.34593,2863,Pacific/Auckland,True
Aeroporto Lopes da Serra,BNV,ABNV,355,-12.865997,93.031826,1752,Europe/Madrid,True
Aeroporto Sousa do Amparo,BNW,ABNW,721,-4.172826,106.05668,150,Africa/Johannesburg,True
Aeroporto Novais,BNX,ABNX,388,-0.876769,20.595424,886,America/Lima,True
Aeroporto Aragão de Correia,BNY,ABNY,860,-15.176985,-46.376404,4485,Australia/Sydney,True
Aeroporto Aragão,BNZ,ABNZ,13,63.380505,-128.312166,471,Europe/London,True
Aeroporto Cirino,BOA,ABOA,979,57.251612,-58.67451,194,Africa/Johannesburg,True
Aeroporto Melo,BOB,ABOB,351,-36.758268,177.31884,4155,America/Toronto,True
Aeroporto Castro dos Dourados,BOC,ABOC,682,11.445345,150.624961,1710,America/Lima,True
Aeroporto Camargo do Amparo,BOD,ABOD,412,23.597532,-94.71544,4177,Australia/Sydney,True
Aeroporto Macedo,BOE,ABOE,387,-72.468591,-102.760159,1656,Asia/Seoul,True
Aeroporto Santos da Prata,BOF,ABOF,539,-50.44338,61.650175,225,America/Sao_Paulo,True
Aeroporto Marques de Monteiro,BOG,ABOG,299,-49.787706,-123.340146,2516,America/Bogota,True
Aeroporto Silveira,BOH,ABOH,19,-1.490651,170.516969,2277,America/Los_Angeles,True
Aeroporto Campos,BOI,ABOI,582,11.95084,51.774478,2573,Europe/Rome,True
Aeroporto Borges do Oeste,BOJ,ABOJ,397,-62.531294,42.911006,1594,Asia/Shanghai,True
Aeroporto Cirino da Serra,BOK,ABOK,621,53.720506,-123.56559,2759,Europe/London,True
Aeroporto Nunes Verde,BOL,ABOL,336,23.730548,-159.952754,1359,Europe/London,True
Aeroporto Pacheco,BOM,ABOM,133,-49.598145,163.412233,319,Asia/Shanghai,True
Aeroporto Moura,BON,ABON,480,-8.710576,125.28248,836,Europe/Paris,True
Aeroporto Leão,BOO,ABOO,676,-23.586742,22.990326,356,Europe/Rome,True
Aeroporto da Cruz,BOP,ABOP,529,63.15131,-120.239362,4152,America/Sao_Paulo,True
Aeroporto Rocha de Brito,BOQ,ABOQ,423,-17.541551,-164.359973,4442,America/Los_Angeles,True
Aeroporto Alves da Mata,BOR,ABOR,223,14.240651,-4.393213,2407,Asia/Seoul,True
Aeroporto Gonçalves,BOS,ABOS,651,20.558045,30.133158,3126,Europe/Berlin,True
Aeroporto Pastor do Campo,BOT,ABOT,335,-64.703688,-39.273099,2645,America/Buenos_Aires,True
Aeroporto Cassiano do Sul,BOU,ABOU,877,64.399931,-71.011397,1272,America/Sao_Paulo,True
Aeroporto Marques,BOV,ABOV,819,85.874585,69.868695,1222,Europe/Rome,True
Aeroporto Marques de Pires,BOW,ABOW,857,-19.280472,80.707286,2001,Asia/Singapore,True
Aeroporto Peixoto do Sul,BOX,ABOX,79,-35.963385,-165.041145,603,America/Los_Angeles,True
Aeroporto Aparecida dos Dourados,BOY,ABOY,33,35.181022,-43.106748,3118,Africa/Cairo,True
Aeroporto Siqueira Verde,BOZ,ABOZ,125,75.615603,103.675058,2036,Africa/Johannesburg,True
Aeroporto Cunha,BPA,ABPA,7,-21.01774,-171.17738,3720,America/Chicago,True
Aeroporto Ramos,BPB,ABPB,582,59.996246,-135.309452,835,America/Lima,True
Aeroporto Duarte do Norte,BPC,ABPC,631,-67.464972,-66.481769,3099,Africa/Johannesburg,True
Aeroporto Novaes,BPD,ABPD,147,69.910354,81.461197,3352,America/Buenos_Aires,True
Aeroporto Borges das Flores,BPE,ABPE,796,-51.944692,-157.179406,370,Europe/Madrid,True
Aeroporto Cavalcanti de Goiás,BPF,ABPF,288,-73.217453,92.022659,4224,America/Los_Angeles,True
Aeroporto Borges do Sul,BPG,ABPG,879,89.895682,22.450665,848,Europe/Lisbon,False
Aeroporto Castro,BPH,ABPH,351,75.893368,71.066728,1896,Europe/Paris,True
Aeroporto Vasconcelos das Flores,BPI,ABPI,119,-9.91183,31.408696,18,Europe/Lisbon,True
Aeroporto Ramos Grande,BPJ,ABPJ,40,0.41905,-30.934619,2251,America/New_York,True
Aeroporto da Rosa,BPK,ABPK,925,-20.449451,-143.968501,4123,Asia/Singapore,True
Aeroporto Lopes de Sousa,BPL,ABPL,71,-86.07943,-142.356073,2897,Asia/Seoul,True
Aeroporto Rodrigues Grande,BPM,ABPM,279,-33.353553,-134.948421,1249,Asia/Singapore,True
Aeroporto Rios do Campo,BPN,ABPN,484,17.935831,104.601412,3727,America/Toronto,True
Aeroporto Moraes do Oeste,BPO,ABPO,228,-51.336979,177.525831,3684,Europe/Rome,True
Aeroporto Machado de Gomes,BPP,ABPP,643,14.512401,151.598574,4302,Asia/Singapore,False
Aeroporto da Mata de Nunes,BPQ,ABPQ,966,-48.659312,39.045094,1873,Asia/Dubai,True
Aeroporto Borges das Pedras,BPR,ABPR,630,-37.992502,-113.104034,3313,Europe/Lisbon,True
Aeroporto Pimenta da Serra,BPS,ABPS,854,-20.644501,-99.306948,3494,Asia/Seoul,True
Aeroporto Pires das Pedras,BPT,ABPT,360,-47.926295,-156.467653,372,Asia/Shanghai,True
Aeroporto Aparecida,BPU,ABPU,971,-18.61606,-148.467919,296,America/Chicago,False
Aeroporto Martins de Goiás,BPV,ABPV,547,18.460926,51.842557,2419,Asia/Kolkata,True
Aeroporto Monteiro,BPW,ABPW,170,-32.018551,-37.38067,3182,Europe/Lisbon,False
Aeroporto da Rocha,BPX,ABPX,288,-10.653781,162.209963,3276,Asia/Singapore,True
Aeroporto Lopes de Barros,BPY,ABPY,898,11.057516,98.963064,4250,America/Lima,True
Aeroporto da Rosa de Cassiano,BPZ,ABPZ,259,3.017609,-11.77305,2018,Asia/Dubai,True
Aeroporto Rodrigues,BQA,ABQA,26,87.881004,151.687143,3735,Asia/Singapore,False
Aeroporto da Cruz do Galho,BQB,ABQB,74,-9.987159,161.886305,1817,Africa/Cairo,True
Aeroporto da Rocha Verde,BQC,ABQC,588,73.341565,34.386599,1654,America/New_York,True
Aeroporto Novaes,BQD,ABQD,106,-70.083347,138.588174,3623,America/Los_Angeles,True
Aeroporto Aparecida,BQE,ABQE,778,-13.837659,-161.254503,299,Europe/Rome,True
Aeroporto Moraes,BQF,ABQF,175,75.944455,-83.502171,2406,America/Chicago,True
Aeroporto Jesus do Campo,BQG,ABQG,830,-25.79898,125.714956,3464,Asia/Singapore,True
Aeroporto Ribeiro de Silveira,BQH,ABQH,238,-48.007167,58.312601,2482,Africa/Johannesburg,True
Aeroporto Fogaça Paulista,BQI,ABQI,417,87.286847,153.222401,3064,Europe/Paris,True
Aeroporto Vargas,BQJ,ABQJ,112,-3.591914,64.694168,1729,America/Toronto,True
Aeroporto Camargo,BQK,ABQK,250,73.236871,135.516269,453,Europe/Lisbon,True
Aeroporto Cavalcanti de Viana,BQL,ABQL,817,15.419986,-115.159565,3311,Asia/Shanghai,True
Aeroporto Gonçalves,BQM,ABQM,396,39.173948,164.608151,3912,Africa/Cairo,True
Aeroporto Barros,BQN,ABQN,242,-71.322181,-16.405216,2485,Asia/Seoul,True
Aeroporto Santos da Mata,BQO,ABQO,935,-62.141338,2.364039,1247,Europe/Berlin,True
Aeroporto Pastor dos Dourados,BQP,ABQP,832,10.82835,-54.361446,4309,Asia/Dubai,True
Aeroporto Pinto de da Luz,BQQ,ABQQ,994,29.025721,120.813691,1256,Australia/Sydney,True
Aeroporto Cirino do Oeste,BQR,ABQR,398,9.613462,58.961314,2136,America/Mexico_City,True
Aeroporto Barros,BQS,ABQS,948,82.6126,-81.547352,1644,America/Los_Angeles,True
Aeroporto Rocha do Campo,BQT,ABQT,494,75.133978,-39.413907,273,Asia/Kolkata,False
Aeroporto Nascimento do Sul,BQU,ABQU,373,10.658709,-143.543467,1875,Asia/Tokyo,True
Aeroporto Gonçalves,BQV,ABQV,129,-68.680376,78.155499,3183,Europe/London,True
Aeroporto Albuquerque,BQW,ABQW,403,35.547474,31.481258,1539,Asia/Shanghai,True
Aeroporto Rezende,BQX,ABQX,403,-35.593262,-104.894669,4383,America/Mexico_City,True
Aeroporto Marques de Sales,BQY,ABQY,16,-71.707622,-73.45057,2684,Asia/Shanghai,True
Aeroporto Ribeiro do Amparo,BQZ,ABQZ,868,67.307587,35.74792,1944,Europe/Rome,True
Aeroporto Pinto da Praia,BRA,ABRA,487,35.209838,173.58796,4431,Asia/Dubai,True
Aeroporto da Rosa de Minas,BRB,ABRB,766,14.974419,-125.670445,2639,Europe/London,True
Aeroporto Carvalho,BRC,ABRC,873,26.720468,-61.463852,1422,Asia/Dubai,True
Aeroporto Correia,BRD,ABRD,8,-81.376119,-151.126431,910,Africa/Johannesburg,True
Aeroporto Almeida,BRE,ABRE,57,-75.030446,-62.386939,604,Asia/Kolkata,True
Aeroporto Alves,BRF,ABRF,600,-7.258841,22.265318,2067,Asia/Seoul,True
Aeroporto Mendes,BRG,ABRG,642,2.568603,-129.846575,718,Europe/Madrid,False
Aeroporto Rezende,BRH,ABRH,689,43.176049,4.317764,1582,Pacific/Auckland,True
Aeroporto Lopes,BRI,ABRI,682,84.872431,119.594906,419,Asia/Seoul,True
Aeroporto Borges,BRJ,ABRJ,973,70.138256,75.198725,3316,Australia/Sydney,True
Aeroporto Vargas dos Dourados,BRK,ABRK,691,77.790195,-153.512507,2160,Africa/Johannesburg,True
Aeroporto Melo,BRL,ABRL,128,-1.117759,140.028479,3819,Africa/Cairo,True
Aeroporto Almeida do Campo,BRM,ABRM,423,64.094092,157.928044,2596,America/Toronto,True
Aeroporto Cassiano,BRN,ABRN,621,-65.069483,175.6173,4344,America/Buenos_Aires,True
Aeroporto Mendonça de Melo,BRO,ABRO,144,-86.221573,-103.203762,668,Pacific/Auckland,True
Aeroporto Machado,BRP,ABRP,408,57.95053,-136.23687,3149,America/Chicago,True
Aeroporto Costa,BRQ,ABRQ,643,85.45455,-99.596046,238,Europe/London,True
Aeroporto Nunes das Flores,BRR,ABRR,269,47.62387,68.500047,3574,America/Bogota,True
Aeroporto Farias,BRS,ABRS,519,-55.930648,148.701908,541,Asia/Kolkata,True
Aeroporto Caldeira,BRT,ABRT,445,-40.695291,121.176413,1207,Europe/Madrid,True
Aeroporto Leão do Amparo,BRU,ABRU,683,-77.810435,25.763462,1868,Africa/Johannesburg,True
Aeroporto Andrade do Amparo,BRV,ABRV,352,-64.815841,143.891734,1222,Africa/Cairo,True
Aeroporto Mendonça do Galho,BRW,ABRW,825,-8.241486,-143.388378,3117,America/Bogota,True
Aeroporto da Conceição de Silva,BRX,ABRX,598,-43.193389,124.457206,2628,Europe/Paris,True
Aeroporto Moura,BRY,ABRY,321,-56.698364,41.364267,2107,Europe/Rome,True
Aeroporto Lima,BRZ,ABRZ,533,-39.884199,166.116246,3516,Asia/Seoul,True
Aeroporto Novaes de Minas,BSA,ABSA,556,-11.698872,-139.332377,951,America/Chicago,True
Aeroporto Ramos das Pedras,BSB,ABSB,995,-49.938687,-163.320417,2109,America/Sao_Paulo,True
Aeroporto Camargo de Monteiro,BSC,ABSC,533,-85.586075,22.294297,3923,America/Chicago,True
Aeroporto Machado das Pedras,BSD,ABSD,325,36.446492,33.779581,457,Asia/Seoul,True
Aeroporto Castro,BSE,ABSE,398,35.748078,-119.916196,3944,Pacific/Auckland,True
Aeroporto Silveira do Oeste,BSF,ABSF,625,-80.616513,152.025964,802,America/Mexico_City,True
Aeroporto Ferreira de Macedo,BSG,ABSG,731,41.352389,163.630691,1928,Asia/Singapore,True
Aeroporto Montenegro,BSH,ABSH,423,-57.85604,80.812128,3250,Asia/Dubai,True
Aeroporto Pastor,BSI,ABSI,222,-63.764243,-63.359682,2432,America/Chicago,True
Aeroporto Pereira dos Dourados,BSJ,ABSJ,7,-58.462363,-64.989025,4011,Asia/Singapore,True
Aeroporto da Rocha,BSK,ABSK,739,-8.032874,150.10222,1602,America/Bogota,True
Aeroporto Leão da Praia,BSL,ABSL,501,63.488686,-66.295029,2836,America/Chicago,True
Aeroporto Castro de Pinto,BSM,ABSM,659,56.902272,-88.251882,3698,Europe/Rome,True
Aeroporto da Paz,BSN,ABSN,76,-78.409691,63.1485,3207,Asia/Singapore,False
Aeroporto Rios,BSO,ABSO,728,4.987089,-126.569646,2909,Asia/Dubai,True
Aeroporto Cardoso de Cavalcanti,BSP,ABSP,475,65.31214,-142.533737,1313,Asia/Shanghai,True
Aeroporto Castro,BSQ,ABSQ,299,41.450997,-122.26762,1703,America/Sao_Paulo,True
Aeroporto Brito de Vieira,BSR,ABSR,557,-82.266982,-36.747809,2041,America/New_York,True
Aeroporto Monteiro da Mata,BSS,ABSS,521,35.896561,28.093141,1360,Africa/Cairo,True
Aeroporto Costela,BST,ABST,653,10.551505,4.05949,1828,Europe/Paris,True
Aeroporto Almeida,BSU,ABSU,41,69.835687,65.862688,4273,Pacific/Auckland,True
Aeroporto da Luz da Praia,BSV,ABSV,176,24.601806,-97.370014,3496,Asia/Shanghai,True
Aeroporto Cavalcanti,BSW,ABSW,298,8.058342,-126.235477,21,Australia/Sydney,True
Aeroporto Azevedo,BSX,ABSX,66,21.092891,124.18337,2416,Europe/London,True
Aeroporto Lopes do Campo,BSY,ABSY,260,59.328797,-155.032289,1312,Australia/Sydney,True
Aeroporto Campos,BSZ,ABSZ,441,47.165841,-104.637379,3240,Asia/Tokyo,True
Aeroporto Mendonça,BTA,ABTA,640,41.646407,-62.194378,2719,America/Chicago,True
Aeroporto Fernandes da Praia,BTB,ABTB,20,-86.702331,-49.164417,661,America/New_York,True
Aeroporto Vargas,BTC,ABTC,634,-35.356575,13.595819,2096,America/Mexico_City,True
Aeroporto Cassiano do Galho,BTD,ABTD,440,67.880423,-105.123156,390,America/Sao_Paulo,True
Aeroporto Santos,BTE,ABTE,11,89.285856,-131.529465,1971,Asia/Tokyo,False
Aeroporto Macedo,BTF,ABTF,764,27.754872,-96.871036,1559,Africa/Johannesburg,True
Aeroporto Sá de Camargo,BTG,ABTG,146,67.887958,50.308181,1617,Asia/Singapore,True
Aeroporto Viana,BTH,ABTH,210,13.376816,173.019938,1159,America/Buenos_Aires,False
Aeroporto Novais,BTI,ABTI,621,-69.8657,-30.404575,3247,Europe/Madrid,True
Aeroporto Montenegro,BTJ,ABTJ,861,71.973361,-26.541902,3158,America/Buenos_Aires,True
Aeroporto Cavalcante,BTK,ABTK,693,-35.001226,-90.457474,11,Europe/Rome,True
Aeroporto Costela,BTL,ABTL,932,-44.510227,159.432255,3191,America/Los_Angeles,True
Aeroporto Castro da Mata,BTM,ABTM,271,14.451275,-178.457692,4477,Europe/Lisbon,True
Aeroporto Teixeira de Montenegro,BTN,ABTN,753,-30.36819,-170.111046,2696,America/Toronto,True
Aeroporto Siqueira de Brito,BTO,ABTO,502,-16.700978,-128.627539,3382,America/Mexico_City,True
Aeroporto Ramos,BTP,ABTP,4,15.542736,-73.541464,974,Asia/Shanghai,False
Aeroporto Farias Grande,BTQ,ABTQ,838,-86.731483,39.542222,3341,America/Bogota,True
Aeroporto Costa,BTR,ABTR,723,-15.173579,83.090841,1598,America/Los_Angeles,True
Aeroporto Leão de Vargas,BTS,ABTS,167,37.502691,-45.90797,2003,America/Mexico_City,True
Aeroporto da Cruz,BTT,ABTT,677,52.772999,18.962813,393,Asia/Tokyo,True
Aeroporto Fernandes de da Paz,BTU,ABTU,562,-55.240823,-15.829524,3645,Africa/Cairo,True
Aeroporto Barros,BTV,ABTV,359,75.822097,86.461201,2507,Australia/Sydney,True
Aeroporto Freitas das Pedras,BTW,ABTW,179,78.915514,88.61473,1625,America/Bogota,True
Aeroporto Pires de Goiás,BTX,ABTX,791,-70.828753,-138.307867,2700,Asia/Seoul,True
Aeroporto Sá,BTY,ABTY,333,-32.518566,66.896338,1487,Asia/Singapore,True
Aeroporto Viana de Goiás,BTZ,ABTZ,557,9.389391,-116.219415,330,Europe/Madrid,True
Aeroporto Lima,BUA,ABUA,456,-40.255133,31.521983,1949,America/Sao_Paulo,True
Aeroporto Jesus dos Dourados,BUB,ABUB,987,-25.42601,144.867435,4157,America/Sao_Paulo,True
Aeroporto Alves dos Dourados,BUC,ABUC,608,-5.240187,121.237214,3537,America/Chicago,True
Aeroporto Vargas,BUD,ABUD,870,61.811038,117.654229,1075,Europe/Paris,True
Aeroporto Silva,BUE,ABUE,915,-50.366646,164.620202,2690,America/Mexico_City,True
Aeroporto Barros,BUF,ABUF,677,41.550732,34.652617,1483,America/New_York,True
Aeroporto Dias das Flores,BUG,ABUG,813,-26.527602,-33.56454,2631,Asia/Singapore,True
Aeroporto Lopes,BUH,ABUH,622,86.859797,-148.225208,1543,Asia/Singapore,True
Aeroporto Gonçalves,BUI,ABUI,817,8.685357,-173.40428,2502,Asia/Seoul,True
Aeroporto Ribeiro,BUJ,ABUJ,422,84.881857,-20.825309,2048,Asia/Tokyo,True
Aeroporto Oliveira,BUK,ABUK,700,-71.265613,179.035326,4,America/Buenos_Aires,True
Aeroporto Pires,BUL,ABUL,914,62.796283,168.472736,3807,America/New_York,True
Aeroporto Leão das Flores,BUM,ABUM,112,68.075016,57.34712,1375,Europe/Paris,True
Aeroporto Silveira Alegre,BUN,ABUN,211,-53.744843,75.355167,3079,America/New_York,False
Aeroporto Albuquerque Paulista,BUO,ABUO,527,-54.763644,-14.937698,576,Europe/London,True
Aeroporto Sampaio,BUP,ABUP,651,13.998079,5.837419,1861,America/Sao_Paulo,True
Aeroporto Machado do Oeste,BUQ,ABUQ,943,-0.74843,-39.450282,866,America/Toronto,True
Aeroporto Sampaio de Ferreira,BUR,ABUR,253,41.494072,26.008186,3925,America/Lima,True
Aeroporto Vasconcelos do Oeste,BUS,ABUS,866,16.990929,-12.044768,2689,America/Mexico_City,True
Aeroporto Barros do Norte,BUT,ABUT,50,74.225761,128.268277,1804,Europe/Berlin,True
Aeroporto Gomes Grande,BUU,ABUU,498,44.67029,137.494142,2889,Europe/London,True
Aeroporto Cunha de Minas,BUV,ABUV,752,25.687518,159.618547,4195,Asia/Dubai,True
Aeroporto Moreira Alegre,BUW,ABUW,108,8.297679,96.116092,1923,America/Lima,True
Aeroporto Almeida,BUX,ABUX,714,-46.311709,76.235136,70,Africa/Cairo,False
Aeroporto Vieira,BUY,ABUY,243,-0.640538,-77.555825,2434,Europe/Rome,True
Aeroporto da Costa da Mata,BUZ,ABUZ,701,72.117911,57.401132,2537,Europe/Rome,True
Aeroporto Montenegro do Campo,BVA,ABVA,987,-82.221322,-34.922883,1395,America/Toronto,True
Aeroporto Freitas,BVB,ABVB,395,25.244913,153.450686,2333,Africa/Cairo,True
Aeroporto Pires do Galho,BVC,ABVC,788,-8.653575,-52.323672,893,America/Mexico_City,True
Aeroporto Campos do Norte,BVD,ABVD,960,54.059794,-86.7184,2792,America/Lima,True
Aeroporto Machado,BVE,ABVE,528,-52.326366,40.040605,2698,Africa/Cairo,True
Aeroporto Oliveira do Sul,BVF,ABVF,883,12.18452,-160.491536,3515,Asia/Shanghai,True
Aeroporto Fernandes de da Costa,BVG,ABVG,322,-8.920896,92.278041,4070,Asia/Tokyo,True
Aeroporto Ferreira,BVH,ABVH,817,9.389518,-43.769994,4311,Europe/Lisbon,True
Aeroporto da Paz Verde,BVI,ABVI,224,88.376856,63.788579,4004,America/Mexico_City,True
Aeroporto Silva,BVJ,ABVJ,454,27.387853,-144.769794,3817,Asia/Singapore,True
Aeroporto Moreira de Goiás,BVK,ABVK,97,68.429057,66.989591,1583,Asia/Tokyo,True
Aeroporto Duarte,BVL,ABVL,658,22.755256,-2.905367,4379,Europe/Berlin,True
Aeroporto Vasconcelos,BVM,ABVM,161,-63.2498,-108.946347,4104,Asia/Tokyo,True
Aeroporto Marques do Campo,BVN,ABVN,242,72.754197,-32.831919,2785,Europe/London,True
Aeroporto Silva,BVO,ABVO,342,32.781223,-164.441504,1534,Europe/Madrid,True
Aeroporto Jesus de Minas,BVP,ABVP,986,-65.115968,115.690138,3216,Asia/Tokyo,True
Aeroporto Araújo,BVQ,ABVQ,470,-47.179281,69.968071,2711,America/Los_Angeles,True
Aeroporto Cardoso do Amparo,BVR,ABVR,462,-61.942469,33.924791,439,Europe/Berlin,True
Aeroporto Machado,BVS,ABVS,132,-45.779926,-6.454292,613,Europe/Lisbon,True
Aeroporto Freitas,BVT,ABVT,628,-30.646939,-167.983262,1990,America/Mexico_City,True
Aeroporto Pastor da Prata,BVU,ABVU,377,-27.958233,-17.465553,343,Europe/London,False
Aeroporto da Luz Verde,BVV,ABVV,421,-69.561695,-89.468477,1593,Asia/Kolkata,True
Aeroporto Porto de Lima,BVW,ABVW,272,78.663208,105.468088,2245,Australia/Sydney,True
Aeroporto Sales de Mendonça,BVX,ABVX,114,47.874839,-141.201521,2042,Africa/Johannesburg,True
Aeroporto Castro Grande,BVY,ABVY,980,24.276175,-8.060728,116,Asia/Kolkata,True
Aeroporto Mendonça,BVZ,ABVZ,449,42.289725,-142.787534,1260,Europe/Paris,True
Aeroporto Cardoso de Santos,BWA,ABWA,929,86.116417,53.678669,216,Asia/Shanghai,True
Aeroporto Sales,BWB,ABWB,291,-14.53566,70.190884,2034,Africa/Johannesburg,False
Aeroporto Marques,BWC,ABWC,263,-23.223892,-63.416868,2786,America/Lima,True
Aeroporto Andrade de Souza,BWD,ABWD,130,84.514549,-103.591446,2726,Asia/Kolkata,False
Aeroporto Novais,BWE,ABWE,511,-2.288057,14.016086,2552,Europe/Berlin,True
Aeroporto Campos das Pedras,BWF,ABWF,141,-2.131448,128.817253,1570,America/Lima,True
Aeroporto Campos,BWG,ABWG,64,-42.686469,116.453006,289,America/Sao_Paulo,True
Aeroporto Oliveira da Mata,BWH,ABWH,711,43.529449,-92.089271,3088,America/Toronto,True
Aeroporto Moreira,BWI,ABWI,840,60.326301,161.294459,3474,America/Lima,False
Aeroporto Campos,BWJ,ABWJ,970,33.417345,-126.12,3638,Asia/Shanghai,True
Aeroporto das Neves da Praia,BWK,ABWK,693,-85.79452,-142.493965,304,Asia/Kolkata,True
Aeroporto da Rocha do Amparo,BWL,ABWL,938,-6.799097,150.367295,549,Asia/Tokyo,True
Aeroporto Vieira,BWM,ABWM,177,-83.038886,-105.405703,1710,Europe/Rome,True
Aeroporto Casa Grande,BWN,ABWN,34,-7.722755,35.687744,1340,America/Los_Angeles,True
Aeroporto Aragão da Mata,BWO,ABWO,746,-76.700573,53.659233,1946,Asia/Seoul,True
Aeroporto Cunha da Serra,BWP,ABWP,237,15.869916,48.669516,594,America/Toronto,True
Aeroporto Abreu de Campos,BWQ,ABWQ,592,75.575664,101.950788,1201,America/Los_Angeles,False
Aeroporto Azevedo do Norte,BWR,ABWR,346,-49.620362,-7.061781,1307,Europe/Paris,True
Aeroporto Mendes Verde,BWS,ABWS,44,65.860574,143.177585,1031,Europe/London,True
Aeroporto Nunes dos Dourados,BWT,ABWT,669,-6.605815,89.495161,1489,Asia/Singapore,True
Aeroporto Viana das Flores,BWU,ABWU,324,-38.507055,21.477527,4022,America/Toronto,True
Aeroporto Silveira de Pereira,BWV,ABWV,911,-9.917196,-120.054614,4485,Europe/London,True
Aeroporto Teixeira,BWW,ABWW,199,-62.869339,69.469036,4247,America/Mexico_City,True
Aeroporto Montenegro,BWX,ABWX,27,82.797431,173.106264,1371,Asia/Kolkata,True
Aeroporto Teixeira de Machado,BWY,ABWY,567,-80.457135,-75.190944,3407,America/Mexico_City,True
Aeroporto Cassiano de Siqueira,BWZ,ABWZ,516,14.326175,-130.552485,2217,Australia/Sydney,True
Aeroporto Borges das Pedras,BXA,ABXA,865,12.216274,114.650484,159,Africa/Cairo,True
Aeroporto da Conceição das Flores,BXB,ABXB,851,81.145414,-21.614144,2105,Asia/Tokyo,True
Aeroporto Nogueira do Norte,BXC,ABXC,473,-50.846595,18.040429,2052,Australia/Sydney,True
Aeroporto Sousa de da Mota,BXD,ABXD,928,6.541695,-174.926158,29,America/Mexico_City,True
Aeroporto Cavalcante,BXE,ABXE,280,-15.016646,-7.721542,3753,Asia/Seoul,True
Aeroporto Oliveira,BXF,ABXF,445,-74.446091,145.757476,4210,Pacific/Auckland,True
Aeroporto Novais do Campo,BXG,ABXG,977,75.83035,16.472117,1270,Asia/Dubai,True
Aeroporto Correia,BXH,ABXH,815,17.773028,4.553827,1201,Asia/Dubai,True
Aeroporto Nunes,BXI,ABXI,73,37.339877,92.120201,2106,America/Los_Angeles,True
Aeroporto Sá,BXJ,ABXJ,2,-28.511978,131.647224,610,Africa/Cairo,True
Aeroporto Montenegro de Almeida,BXK,ABXK,435,-84.01043,-40.610678,3258,America/Buenos_Aires,True
Aeroporto Ribeiro,BXL,ABXL,814,-53.772342,68.390533,3288,Asia/Dubai,True
Aeroporto Almeida,BXM,ABXM,484,84.494541,27.80226,3012,Africa/Cairo,True
Aeroporto Viana do Oeste,BXN,ABXN,478,14.873995,-111.273061,1009,Europe/Paris,True
Aeroporto Santos,BXO,ABXO,269,-65.963492,66.49641,1951,Asia/Shanghai,True
Aeroporto Barros de Nascimento,BXP,ABXP,277,-75.022949,-36.392556,147,America/Chicago,True
Aeroporto Guerra Verde,BXQ,ABXQ,88,85.878741,20.292082,2143,America/Buenos_Aires,False
Aeroporto Mendonça,BXR,ABXR,451,-89.502646,72.882462,3860,America/Sao_Paulo,True
Aeroporto Fernandes,BXS,ABXS,799,40.307522,-35.860978,841,Asia/Shanghai,True
Aeroporto Cirino das Pedras,BXT,ABXT,492,-5.878929,-142.754192,449,Australia/Sydney,True
Aeroporto Moura,BXU,ABXU,60,-38.703373,-99.023256,4488,America/Lima,True
Aeroporto Garcia Paulista,BXV,ABXV,454,17.478467,-16.915786,1242,Africa/Cairo,True
Aeroporto Camargo,BXW,ABXW,423,-75.017251,-160.664915,551,America/Chicago,False
Aeroporto Nogueira,BXX,ABXX,849,12.716984,-179.81864,3841,America/New_York,True
Aeroporto da Paz,BXY,ABXY,509,9.948124,-49.636563,1446,America/Sao_Paulo,True
Aeroporto Cirino,BXZ,ABXZ,153,-27.357195,-75.938443,3879,Europe/Paris,True
Aeroporto Vargas de Minas,BYA,ABYA,953,22.809192,73.198618,1438,America/New_York,True
Aeroporto das Neves,BYB,ABYB,691,-59.01325,144.439267,3855,Asia/Shanghai,True
Aeroporto Rocha da Serra,BYC,ABYC,810,18.548295,-83.149054,3774,Africa/Johannesburg,True
Aeroporto Pimenta,BYD,ABYD,680,64.817203,-59.845419,1884,America/Bogota,True
Aeroporto Cirino do Sul,BYE,ABYE,610,66.072262,175.595074,2533,Europe/Rome,True
Aeroporto da Rosa,BYF,ABYF,172,-27.621246,-41.911974,2112,Africa/Johannesburg,True
Aeroporto Brito Alegre,BYG,ABYG,58,-39.369483,-34.393126,925,Asia/Shanghai,True
Aeroporto Jesus,BYH,ABYH,217,-10.654477,-165.834224,3001,America/Chicago,True
Aeroporto da Luz das Flores,BYI,ABYI,193,-47.096017,157.475489,1882,Asia/Singapore,True
Aeroporto Aragão,BYJ,ABYJ,816,45.286961,86.961096,3664,Asia/Dubai,True
Aeroporto da Costa,BYK,ABYK,762,31.690733,-44.379335,39,Pacific/Auckland,True
Aeroporto Monteiro,BYL,ABYL,509,48.027919,111.000419,3750,Europe/Lisbon,True
Aeroporto Camargo Paulista,BYM,ABYM,48,53.98894,7.547396,3202,Pacific/Auckland,True
Aeroporto Dias,BYN,ABYN,282,-40.883372,40.418809,4223,America/New_York,True
Aeroporto Novaes de Jesus,BYO,ABYO,840,53.45348,1.193673,1400,Europe/Lisbon,True
Aeroporto Mendes,BYP,ABYP,691,-26.012744,-88.022954,2709,America/Sao_Paulo,True
Aeroporto Jesus,BYQ,ABYQ,592,10.411395,-104.724099,2117,Asia/Shanghai,True
Aeroporto Almeida,BYR,ABYR,325,-63.835716,-21.106108,895,America/Los_Angeles,True
Aeroporto Novaes Verde,BYS,ABYS,93,34.4654,-159.568651,4244,Asia/Shanghai,True
Aeroporto da Cruz,BYT,ABYT,883,-77.252343,12.323566,3361,Africa/Johannesburg,True
Aeroporto da Rosa,BYU,ABYU,524,19.743853,60.592333,2633,America/Bogota,True
Aeroporto Machado de Minas,BYV,ABYV,170,-76.252651,-51.492293,3375,America/Los_Angeles,True
Aeroporto Viana,BYW,ABYW,215,-80.583242,57.268645,1626,Africa/Cairo,True
Aeroporto Freitas,BYX,ABYX,960,63.255854,-177.006915,326,Europe/London,True
Aeroporto Viana,BYY,ABYY,880,-14.653602,-124.249217,4057,Africa/Johannesburg,True
Aeroporto Nascimento,BYZ,ABYZ,9,-29.709635,-60.522385,4478,Europe/Paris,True
Aeroporto Novais dos Dourados,BZA,ABZA,530,66.553046,153.802893,4489,America/Los_Angeles,True
Aeroporto Abreu,BZB,ABZB,145,84.309401,127.39146,2309,Australia/Sydney,True
Aeroporto Pinto de da Rocha,BZC,ABZC,262,19.593042,14.339659,3660,Europe/Lisbon,True
Aeroporto Abreu,BZD,ABZD,302,-58.589113,-90.75362,3732,America/Los_Angeles,True
Aeroporto Mendes,BZE,ABZE,561,75.393163,65.589453,1476,America/Chicago,True
Aeroporto Peixoto Paulista,BZF,ABZF,81,-7.557983,-0.346862,4385,America/New_York,True
Aeroporto Ferreira do Oeste,BZG,ABZG,353,54.109749,43.738114,1482,Asia/Kolkata,True
Aeroporto Aparecida da Serra,BZH,ABZH,966,61.006646,43.082462,4124,Pacific/Auckland,True
Aeroporto da Rosa,BZI,ABZI,466,16.142451,15.032943,3776,Australia/Sydney,True
Aeroporto Gonçalves,BZJ,ABZJ,286,-30.709904,-87.126324,3702,Asia/Seoul,True
Aeroporto Carvalho,BZK,ABZK,71,-47.591972,-178.462297,1115,America/Toronto,True
Aeroporto Lopes do Oeste,BZL,ABZL,709,87.069801,-30.258413,26,America/Mexico_City,True
Aeroporto Rodrigues Alegre,BZM,ABZM,617,-11.706442,70.336614,2726,Africa/Johannesburg,True
Aeroporto Sá dos Dourados,BZN,ABZN,716,14.656832,-89.579563,2041,Pacific/Auckland,True
Aeroporto da Cruz Alegre,BZO,ABZO,114,-62.425583,-79.631997,4325,Europe/Lisbon,True
Aeroporto Costela dos Dourados,BZP,ABZP,491,18.727708,-28.104364,2862,Asia/Kolkata,True
Aeroporto Almeida Grande,BZQ,ABZQ,909,-77.417012,-50.34911,3293,Europe/London,True
Aeroporto Pereira,BZR,ABZR,719,75.887249,132.412094,508,Asia/Singapore,False
Aeroporto Abreu de Albuquerque,BZS,ABZS,429,-29.648183,-89.163651,247,Asia/Tokyo,True
Aeroporto Jesus,BZT,ABZT,105,-21.821874,-132.724919,1069,Asia/Singapore,True
Aeroporto Teixeira de Gonçalves,BZU,ABZU,307,-46.570959,-160.971288,3604,Africa/Johannesburg,True
Aeroporto Viana,BZV,ABZV,907,74.446281,77.57038,4030,America/Chicago,True
Aeroporto Nascimento,BZW,ABZW,651,26.76603,-77.663227,3740,Asia/Shanghai,True
Aeroporto Rios,BZX,ABZX,883,-78.727136,110.334229,1065,Africa/Cairo,True
Aeroporto Rocha de Campos,BZY,ABZY,557,35.735131,-3.044617,1523,America/Buenos_Aires,True
Aeroporto Garcia da Praia,BZZ,ABZZ,553,46.493305,-162.905014,3236,Asia/Kolkata,True
Aeroporto Cavalcanti do Sul,CAA,ACAA,714,68.760806,-55.181935,4183,Asia/Tokyo,True
Aeroporto Martins,CAB,ACAB,386,-48.303577,-24.116974,2428,America/Chicago,True
Aeroporto Correia dos Dourados,CAC,ACAC,30,-60.255477,127.625182,4278,Europe/Paris,True
Aeroporto Câmara,CAD,ACAD,78,78.865493,149.353272,4286,America/Mexico_City,True
Aeroporto Teixeira,CAE,ACAE,444,15.119944,148.079594,2589,America/Bogota,True
Aeroporto Rodrigues da Praia,CAF,ACAF,604,76.021645,38.059434,2540,Europe/Paris,True
Aeroporto Borges,CAG,ACAG,912,-61.862561,69.364459,4363,Europe/Lisbon,True
Aeroporto Silva de Goiás,CAH,ACAH,37,-30.899058,-163.995835,649,Africa/Johannesburg,True
Aeroporto Monteiro,CAI,ACAI,691,-59.838876,42.081766,3770,America/Chicago,True
Aeroporto Andrade Paulista,CAJ,ACAJ,773,65.677292,-104.541055,1305,America/Sao_Paulo,True
Aeroporto Santos de Santos,CAK,ACAK,443,80.03614,8.263544,2400,Europe/London,True
Aeroporto Abreu,CAL,ACAL,952,67.085832,-7.009136,3188,Europe/London,True
Aeroporto Porto,CAM,ACAM,555,36.436218,100.00655,1524,Australia/Sydney,True
Aeroporto Camargo Paulista,CAN,ACAN,474,42.98058,173.360648,1992,Europe/London,False
Aeroporto Cavalcante de Novaes,CAO,ACAO,935,-3.038918,21.973727,2200,Asia/Singapore,True
Aeroporto Ribeiro,CAP,ACAP,980,43.808335,-33.588037,4398,Europe/Madrid,True
Aeroporto Azevedo,CAQ,ACAQ,273,24.790819,-55.094856,3016,Australia/Sydney,True
Aeroporto Souza,CAR,ACAR,913,-13.449091,-110.563984,1057,Asia/Singapore,True
Aeroporto Cardoso,CAS,ACAS,731,48.078621,-159.863519,2708,Europe/Berlin,True
Aeroporto Nunes de Goiás,CAT,ACAT,366,37.029398,-10.866146,498,Europe/London,True
Aeroporto Correia do Sul,CAU,ACAU,226,44.183531,60.909847,1036,Europe/Paris,True
Aeroporto Rodrigues da Prata,CAV,ACAV,836,76.4042,-18.661601,185,Europe/Lisbon,True
Aeroporto Abreu de Lima,CAW,ACAW,808,-44.176725,94.788786,1248,Asia/Tokyo,True
Aeroporto Duarte,CAX,ACAX,298,73.483525,7.634722,1826,America/Lima,True
Aeroporto Jesus Paulista,CAY,ACAY,914,74.790494,-15.064789,316,Europe/Lisbon,True
Aeroporto Rodrigues,CAZ,ACAZ,426,-4.198298,20.850333,566,Asia/Shanghai,True
Aeroporto Monteiro de Fonseca,CBA,ACBA,432,24.773726,131.121679,3274,Africa/Cairo,True
Aeroporto Silveira,CBB,ACBB,541,-19.624649,103.23749,2812,Asia/Dubai,True
Aeroporto Aragão,CBC,ACBC,305,83.50373,-79.726508,2167,America/Toronto,True
Aeroporto Leão da Prata,CBD,ACBD,512,44.29995,-105.397526,1460,America/Bogota,True
Aeroporto Dias de Abreu,CBE,ACBE,988,34.161055,-77.967547,2705,Asia/Shanghai,True
Aeroporto Correia Alegre,CBF,ACBF,941,34.104921,-169.557329,3467,Europe/Paris,True
Aeroporto Oliveira,CBG,ACBG,630,-42.88133,-67.397133,2285,Europe/Paris,True
Aeroporto Sousa,CBH,ACBH,33,-2.125854,-171.349399,2646,Europe/Berlin,True
Aeroporto Sales,CBI,ACBI,132,79.929842,-163.008549,2006,America/Lima,True
Aeroporto Barbosa de Goiás,CBJ,ACBJ,711,-68.880915,79.682641,4133,Australia/Sydney,True
Aeroporto Cavalcante,CBK,ACBK,778,-22.334183,15.94863,2029,Asia/Shanghai,True
Aeroporto das Neves de Minas,CBL,ACBL,640,-80.398613,140.793308,4490,Asia/Seoul,True
Aeroporto Alves,CBM,ACBM,40,7.350862,-173.912906,958,Asia/Shanghai,True
Aeroporto Lopes de Alves,CBN,ACBN,212,-7.733827,121.57387,1619,Asia/Tokyo,True
Aeroporto da Cunha de Goiás,CBO,ACBO,22,-66.725926,56.13733,4022,Europe/Paris,True
Aeroporto Melo,CBP,ACBP,472,-77.242003,-65.242752,3120,Asia/Shanghai,True
Aeroporto Fernandes,CBQ,ACBQ,676,21.779087,-13.435218,2423,Asia/Shanghai,True
Aeroporto Farias,CBR,ACBR,349,12.302274,40.177948,3038,Asia/Shanghai,False
Aeroporto Barbosa,CBS,ACBS,351,-31.642174,53.473783,3168,Europe/London,True
Aeroporto Teixeira de Brito,CBT,ACBT,647,-75.063807,-138.696145,4210,Asia/Shanghai,True
Aeroporto Pacheco de Campos,CBU,ACBU,981,61.171385,143.125417,1837,America/Bogota,True
Aeroporto Araújo,CBV,ACBV,165,34.142185,-132.846675,3006,Europe/London,True
Aeroporto Garcia,CBW,ACBW,64,79.632759,141.919227,4338,Africa/Cairo,True
Aeroporto Sales de Minas,CBX,ACBX,168,49.471567,-153.249872,2566,America/Los_Angeles,True
Aeroporto Araújo,CBY,ACBY,625,23.247421,-113.409346,2452,Asia/Shanghai,True
Aeroporto Araújo de da Rosa,CBZ,ACBZ,728,-36.746724,-126.382403,1675,America/New_York,True
Aeroporto Azevedo do Campo,CCA,ACCA,681,-65.608873,47.043021,2146,Asia/Singapore,True
Aeroporto Novais,CCB,ACCB,526,41.5172,16.893078,2459,America/New_York,True
Aeroporto da Rocha,CCC,ACCC,747,-24.772305,128.967495,1411,America/Toronto,True
Aeroporto Guerra do Campo,CCD,ACCD,805,-59.664357,177.125917,2340,America/Sao_Paulo,True
Aeroporto da Conceição do Sul,CCE,ACCE,178,14.894918,179.5206,3575,Europe/Madrid,True
Aeroporto Gomes de Martins,CCF,ACCF,856,52.973797,-172.061282,2052,America/Chicago,True
Aeroporto Pinto do Campo,CCG,ACCG,734,-74.061523,18.603836,317,Asia/Shanghai,True
Aeroporto Rezende do Sul,CCH,ACCH,676,-60.342124,-7.849727,2596,America/Lima,True
Aeroporto Moreira de Farias,CCI,ACCI,725,-85.156261,153.026268,3919,America/Bogota,True
Aeroporto Caldeira,CCJ,ACCJ,91,-65.466815,147.92289,1938,Europe/London,True
Aeroporto Albuquerque,CCK,ACCK,417,-88.531006,19.32774,712,America/Los_Angeles,True
Aeroporto Pastor,CCL,ACCL,310,43.382606,82.749925,1910,Europe/Rome,True
Aeroporto Oliveira,CCM,ACCM,728,-23.959843,-155.283352,1755,America/Bogota,True
Aeroporto Porto,CCN,ACCN,639,-12.167038,-116.675771,3782,Asia/Kolkata,True
Aeroporto Fogaça das Pedras,CCO,ACCO,90,-56.584892,-93.882014,1052,America/Los_Angeles,True
Aeroporto Silveira de Pinto,CCP,ACCP,155,-85.334416,-120.447274,707,America/Mexico_City,True
Aeroporto Cirino de da Cruz,CCQ,ACCQ,515,-74.955059,-99.436204,755,Europe/Lisbon,True
Aeroporto Aparecida,CCR,ACCR,313,10.887022,-121.405984,4306,America/Bogota,True
Aeroporto Cardoso,CCS,ACCS,559,26.050476,76.105691,3111,Africa/Johannesburg,True
Aeroporto Pacheco das Pedras,CCT,ACCT,829,-25.116548,-112.227873,882,Africa/Johannesburg,True
Aeroporto das Neves Verde,CCU,ACCU,605,-83.501938,-124.531276,1777,Europe/Berlin,True
Aeroporto Casa Grande,CCV,ACCV,988,11.085819,113.99065,1694,America/Los_Angeles,True
Aeroporto das Neves de Pereira,CCW,ACCW,156,-47.969176,-24.826272,3266,Australia/Sydney,True
Aeroporto da Rocha da Praia,CCX,ACCX,308,85.283862,76.148936,566,Australia/Sydney,True
Aeroporto Moreira,CCY,ACCY,879,27.935034,68.681407,755,America/Bogota,True
Aeroporto Araújo,CCZ,ACCZ,519,52.773029,-7.511901,292,Asia/Tokyo,True
Aeroporto Montenegro,CDA,ACDA,31,-69.837388,79.983707,1301,America/Sao_Paulo,True
Aeroporto Lima,CDB,ACDB,255,-40.962449,107.644679,3013,Asia/Kolkata,False
Aeroporto Costa do Oeste,CDC,ACDC,505,-76.20963,141.971714,3889,Asia/Seoul,True
Aeroporto Viana,CDD,ACDD,60,58.747741,-1.464665,2840,Asia/Seoul,True
Aeroporto Fernandes,CDE,ACDE,367,37.347522,55.086765,1245,Europe/Madrid,True
Aeroporto Rios,CDF,ACDF,387,46.062475,-104.771676,3230,America/Sao_Paulo,True
Aeroporto Sales de Sales,CDG,ACDG,679,-0.456638,51.29631,629,America/Chicago,True
Aeroporto Peixoto de Sales,CDH,ACDH,874,30.93082,171.577104,449,Asia/Tokyo,True
Aeroporto Pacheco Verde,CDI,ACDI,707,45.907763,171.559348,253,Europe/Berlin,True
Aeroporto Pimenta da Mata,CDJ,ACDJ,588,20.169272,129.496917,1685,America/New_York,True
Aeroporto Farias da Serra,CDK,ACDK,891,-6.901812,-175.080863,2301,Asia/Dubai,True
Aeroporto Marques,CDL,ACDL,884,60.713561,-37.115139,2011,America/Mexico_City,True
Aeroporto Monteiro,CDM,ACDM,785,-45.392654,68.407843,485,America/Sao_Paulo,True
Aeroporto Abreu,CDN,ACDN,761,32.613704,8.249383,72,America/Sao_Paulo,True
Aeroporto Sales,CDO,ACDO,888,74.35287,-81.234625,397,America/Buenos_Aires,True
Aeroporto Martins,CDP,ACDP,256,-57.130977,-72.631983,250,Asia/Seoul,True
Aeroporto da Costa,CDQ,ACDQ,911,6.213015,-3.268756,2337,America/Mexico_City,True
Aeroporto Sousa de Vargas,CDR,ACDR,539,9.370694,44.298441,1401,Europe/Madrid,True
Aeroporto Sousa das Flores,CDS,ACDS,615,41.797515,122.662658,4037,Europe/Paris,True
Aeroporto Guerra,CDT,ACDT,872,70.081589,148.800316,1158,Africa/Johannesburg,True
Aeroporto Abreu,CDU,ACDU,969,-29.220298,-81.23484,2591,America/Los_Angeles,True
Aeroporto Albuquerque de Minas,CDV,ACDV,788,-69.420959,27.398993,3447,America/Sao_Paulo,True
Aeroporto Alves da Prata,CDW,ACDW,942,-34.053475,130.295288,1926,Asia/Kolkata,True
Aeroporto Casa Grande,CDX,ACDX,575,73.597618,17.209487,4006,Europe/Berlin,True
Aeroporto Macedo do Oeste,CDY,ACDY,577,61.413819,-110.69693,1970,America/Buenos_Aires,False
Aeroporto Aparecida do Sul,CDZ,ACDZ,265,35.074254,-31.969967,3596,Asia/Shanghai,True
Aeroporto Costa,CEA,ACEA,424,-14.203507,107.842777,4237,Asia/Kolkata,True
Aeroporto Cavalcanti de Goiás,CEB,ACEB,967,38.108024,-144.624629,1891,Australia/Sydney,True
Aeroporto Silveira da Serra,CEC,ACEC,134,-83.053597,-97.925418,3746,Asia/Tokyo,True
Aeroporto Novaes de Goiás,CED,ACED,173,13.515734,-6.917081,305,America/Los_Angeles,True
Aeroporto Costa,CEE,ACEE,526,-35.656262,4.633559,908,America/Toronto,True
Aeroporto Cavalcanti,CEF,ACEF,260,53.865554,-46.846276,1460,America/Buenos_Aires,True
Aeroporto Brito do Sul,CEG,ACEG,320,38.041069,73.097117,560,America/Chicago,True
Aeroporto Garcia,CEH,ACEH,391,-68.712706,-69.510336,254,Europe/Berlin,True
Aeroporto Fernandes,CEI,ACEI,78,-73.921327,38.725852,3274,America/Toronto,True
Aeroporto das Neves,CEJ,ACEJ,802,-30.087442,-57.677336,2208,Asia/Dubai,True
Aeroporto da Costa de Freitas,CEK,ACEK,932,-43.523213,86.946657,4102,Europe/Madrid,True
Aeroporto Ribeiro da Serra,CEL,ACEL,772,-44.012165,125.745679,1896,Australia/Sydney,True
Aeroporto Silva de Minas,CEM,ACEM,274,55.25186,-108.574345,2233,Africa/Cairo,True
Aeroporto Casa Grande,CEN,ACEN,288,88.538388,125.135853,2901,Africa/Johannesburg,True
Aeroporto Vieira,CEO,ACEO,435,-84.840802,-96.887749,56,America/Chicago,True
Aeroporto Correia,CEP,ACEP,979,-15.540773,172.590481,1246,Australia/Sydney,True
Aeroporto Sales da Praia,CEQ,ACEQ,980,-50.301632,8.157363,3863,Europe/Rome,True
Aeroporto Peixoto das Pedras,CER,ACER,708,-72.182761,128.6066,3645,America/Toronto,True
Aeroporto Aparecida,CES,ACES,213,-19.695804,10.935707,4383,Asia/Shanghai,True
Aeroporto Nascimento,CET,ACET,896,-80.036137,29.134729,3694,America/Sao_Paulo,True
Aeroporto Vieira Grande,CEU,ACEU,600,-55.137835,-169.424402,696,Asia/Kolkata,True
Aeroporto da Cruz do Norte,CEV,ACEV,929,-25.071959,15.694485,570,Europe/Berlin,True
Aeroporto Cardoso do Galho,CEW,ACEW,710,52.329727,128.207713,157,Europe/Madrid,True
Aeroporto Costela de Siqueira,CEX,ACEX,541,23.105638,22.310251,1546,America/Toronto,True
Aeroporto Viana,CEY,ACEY,833,-6.588345,-174.385537,3440,Europe/Paris,True
Aeroporto Vieira de Ribeiro,CEZ,ACEZ,951,12.674245,76.510148,2747,America/Mexico_City,True
Aeroporto Cavalcante,CFA,ACFA,831,-57.376373,163.675937,2089,Europe/Lisbon,True
Aeroporto Sá do Galho,CFB,ACFB,397,-13.005581,-61.450888,1132,America/Chicago,True
Aeroporto Monteiro do Galho,CFC,ACFC,770,35.405866,123.324998,2897,Asia/Kolkata,True
Aeroporto Cavalcanti de Duarte,CFD,ACFD,352,-59.659908,-177.209132,98,America/Los_Angeles,True
Aeroporto Moura do Amparo,CFE,ACFE,953,43.647466,178.577576,547,Africa/Cairo,True
Aeroporto Melo de da Mata,CFF,ACFF,210,-41.237619,-14.05538,2331,America/Mexico_City,True
Aeroporto Porto Verde,CFG,ACFG,600,-56.857575,-67.303977,962,Asia/Kolkata,True
Aeroporto Costela,CFH,ACFH,565,-48.968467,-121.569771,2281,America/Toronto,True
Aeroporto Costa,CFI,ACFI,499,39.317742,67.266562,378,America/New_York,True
Aeroporto da Costa de Gonçalves,CFJ,ACFJ,14,-6.277805,167.744067,847,Europe/London,True
Aeroporto das Neves,CFK,ACFK,638,-38.903428,56.200742,3673,Asia/Dubai,True
Aeroporto Garcia Verde,CFL,ACFL,756,42.918472,-165.25652,2216,Asia/Seoul,True
Aeroporto Freitas,CFM,ACFM,580,-35.687596,-78.537003,2362,Europe/Paris,True
Aeroporto Novaes de Minas,CFN,ACFN,913,24.677966,140.237037,2008,Asia/Tokyo,True
Aeroporto Sá,CFO,ACFO,793,-63.044701,178.724159,4438,Europe/Berlin,True
Aeroporto da Rocha,CFP,ACFP,495,-59.583243,12.555063,3865,America/Mexico_City,True
Aeroporto Moreira de Fogaça,CFQ,ACFQ,416,28.518288,26.560189,1021,Africa/Johannesburg,True
Aeroporto Pacheco,CFR,ACFR,941,-65.066201,138.693719,3099,Europe/Rome,True
Aeroporto Martins,CFS,ACFS,974,37.975558,-145.491729,678,Asia/Tokyo,True
Aeroporto Lima dos Dourados,CFT,ACFT,134,69.035664,82.42137,530,Pacific/Auckland,True
Aeroporto Lopes de Jesus,CFU,ACFU,984,-5.626113,-166.493094,4274,America/Bogota,True
Aeroporto Monteiro Alegre,CFV,ACFV,955,39.87592,-179.269537,989,America/Los_Angeles,True
Aeroporto Garcia do Sul,CFW,ACFW,123,-76.308015,155.888892,2111,Europe/Rome,True
Aeroporto Macedo,CFX,ACFX,666,-75.28934,-142.894401,4135,Europe/Madrid,True
Aeroporto da Luz,CFY,ACFY,591,-7.654223,108.08799,1412,America/Toronto,True
Aeroporto Fogaça,CFZ,ACFZ,895,75.296281,-103.361148,4228,America/Buenos_Aires,True
Aeroporto da Rocha,CGA,ACGA,784,-29.433257,75.761384,1975,Australia/Sydney,True
Aeroporto Viana,CGB,ACGB,686,-3.086513,-74.738932,4059,Asia/Singapore,False
Aeroporto da Conceição do Campo,CGC,ACGC,481,10.857147,139.448197,1204,Asia/Tokyo,True
Aeroporto Barbosa,CGD,ACGD,343,77.655865,-123.543314,252,America/Buenos_Aires,True
Aeroporto Andrade da Prata,CGE,ACGE,774,-60.120521,-6.094495,494,America/Bogota,True
Aeroporto Farias,CGF,ACGF,416,-15.851747,-172.96967,4433,Asia/Kolkata,True
Aeroporto Rocha,CGG,ACGG,737,61.845764,17.75297,1761,America/Lima,True
Aeroporto da Cunha da Mata,CGH,ACGH,370,-7.312642,-32.447811,3297,Asia/Seoul,True
Aeroporto Correia Grande,CGI,ACGI,543,-65.952504,-140.969753,9,America/Sao_Paulo,True
Aeroporto Albuquerque da Mata,CGJ,ACGJ,763,-4.97042,119.507981,173,Asia/Singapore,False
Aeroporto Ferreira das Flores,CGK,ACGK,252,-2.264732,99.616347,4323,Africa/Cairo,True
Aeroporto Pacheco do Sul,CGL,ACGL,751,-14.955314,76.893943,3560,Asia/Seoul,True
Aeroporto Rezende de Moraes,CGM,ACGM,594,-49.536679,-166.829596,287,America/Lima,True
Aeroporto Gonçalves,CGN,ACGN,912,2.672936,-81.733527,2222,America/Bogota,True
Aeroporto da Conceição,CGO,ACGO,712,34.481616,-2.985157,2494,America/Buenos_Aires,True
Aeroporto Melo,CGP,ACGP,420,78.096546,-116.639132,3357,Asia/Shanghai,True
Aeroporto Moreira,CGQ,ACGQ,487,53.719804,62.351145,2203,Asia/Tokyo,True
Aeroporto Silveira de Martins,CGR,ACGR,453,-66.018299,-10.479213,2952,Africa/Johannesburg,True
Aeroporto Vieira de Minas,CGS,ACGS,792,17.654895,-122.342512,843,Asia/Singapore,True
Aeroporto Correia das Pedras,CGT,ACGT,278,-0.285861,27.862123,28,America/New_York,True
Aeroporto Costela dos Dourados,CGU,ACGU,342,47.648554,91.726576,499,Europe/Paris,True
Aeroporto Novais de Alves,CGV,ACGV,184,-18.503655,177.010345,1849,America/New_York,True
Aeroporto Carvalho Verde,CGW,ACGW,866,43.774507,58.788786,2094,Asia/Shanghai,True
Aeroporto das Neves,CGX,ACGX,949,-23.180939,-20.411492,1978,America/Sao_Paulo,True
Aeroporto Monteiro,CGY,ACGY,733,46.608573,179.674093,3780,Asia/Seoul,True
Aeroporto Fernandes de Goiás,CGZ,ACGZ,265,49.60071,-165.879938,3121,Europe/Madrid,True
Aeroporto Lima das Flores,CHA,ACHA,444,2.689281,-127.210383,1216,Europe/Rome,True
Aeroporto Duarte Verde,CHB,ACHB,763,-3.845572,-136.018204,2806,America/Mexico_City,True
Aeroporto Nunes,CHC,ACHC,494,46.810139,26.912117,202,America/New_York,True
Aeroporto Carvalho,CHD,ACHD,367,61.301224,136.70672,3272,America/Toronto,True
Aeroporto Farias,CHE,ACHE,418,18.086245,-104.808231,1114,Australia/Sydney,True
Aeroporto Garcia do Oeste,CHF,ACHF,223,88.723694,-133.37335,4364,Asia/Shanghai,True
Aeroporto Azevedo da Prata,CHG,ACHG,164,49.199502,97.480124,1891,Asia/Singapore,True
Aeroporto Correia do Amparo,CHH,ACHH,806,59.921924,112.929063,4073,Africa/Johannesburg,True
Aeroporto Farias,CHI,ACHI,346,45.164737,-105.156846,289,Europe/Madrid,True
Aeroporto Porto de da Rosa,CHJ,ACHJ,735,-5.123683,96.05621,435,America/Sao_Paulo,True
Aeroporto Cavalcante,CHK,ACHK,599,-33.805067,55.792807,2056,America/New_York,True
Aeroporto Rocha,CHL,ACHL,457,-87.994701,-108.895076,1910,Asia/Seoul,True
Aeroporto Andrade,CHM,ACHM,127,23.806033,13.466215,4215,Europe/Berlin,True
Aeroporto Alves de Cirino,CHN,ACHN,376,-18.247739,95.775686,675,Europe/London,True
Aeroporto Azevedo,CHO,ACHO,499,70.353356,45.337274,103,Europe/Rome,True
Aeroporto da Paz do Oeste,CHP,ACHP,451,-71.815023,8.555326,3044,Asia/Seoul,True
Aeroporto da Rocha,CHQ,ACHQ,694,-69.539075,161.81192,3159,America/Buenos_Aires,False
Aeroporto Marques,CHR,ACHR,669,23.010047,-73.514737,2920,Europe/Lisbon,True
Aeroporto Freitas,CHS,ACHS,852,34.408949,-145.49073,4009,Africa/Johannesburg,True
Aeroporto Cavalcante,CHT,ACHT,811,-49.957584,43.460661,1288,Asia/Kolkata,True
Aeroporto Jesus das Flores,CHU,ACHU,331,-52.873448,-127.630946,3688,Europe/Berlin,True
Aeroporto Camargo,CHV,ACHV,992,18.456262,8.062107,2970,America/Bogota,True
Aeroporto Nascimento,CHW,ACHW,744,83.079625,9.422292,1748,Africa/Cairo,True
Aeroporto Mendes de Minas,CHX,ACHX,39,-50.229285,-15.546886,3839,Africa/Johannesburg,True
Aeroporto Costela Grande,CHY,ACHY,884,-50.815287,-103.95832,3049,America/Sao_Paulo,True
Aeroporto das Neves,CHZ,ACHZ,97,16.895322,-45.312867,3445,Asia/Shanghai,True
Aeroporto Santos do Amparo,CIA,ACIA,799,-75.474507,66.581305,244,Europe/London,True
Aeroporto Pereira,CIB,ACIB,406,-11.53586,135.702339,4292,Asia/Dubai,True
Aeroporto Pastor do Oeste,CIC,ACIC,786,-83.371762,52.643648,1828,Europe/Lisbon,True
Aeroporto da Mota de Costa,CID,ACID,483,-73.148345,-72.776536,4357,Asia/Kolkata,True
Aeroporto Casa Grande,CIE,ACIE,573,15.04351,80.697251,729,America/Toronto,False
Aeroporto Azevedo de Guerra,CIF,ACIF,541,-29.709165,-68.248964,3847,Asia/Dubai,True
Aeroporto Moura,CIG,ACIG,106,-31.454215,23.752629,3280,Europe/Madrid,True
Aeroporto Nunes do Amparo,CIH,ACIH,453,-36.90785,26.193951,3396,Europe/Madrid,True
Aeroporto Martins de Oliveira,CII,ACII,264,20.71561,150.103381,2367,America/Sao_Paulo,True
Aeroporto Sousa,CIJ,ACIJ,577,-27.384059,103.635084,2342,Asia/Kolkata,True
Aeroporto da Paz,CIK,ACIK,798,29.254053,-47.519575,610,Australia/Sydney,True
Aeroporto Ferreira de Sampaio,CIL,ACIL,503,-50.903923,-160.712868,745,America/Sao_Paulo,True
Aeroporto Gonçalves da Serra,CIM,ACIM,754,55.199721,-11.612581,1671,Asia/Dubai,True
Aeroporto da Cruz da Serra,CIN,ACIN,227,32.921334,170.270491,2874,America/Toronto,True
Aeroporto Marques das Flores,CIO,ACIO,814,-6.983227,79.133912,1522,Europe/Paris,True
Aeroporto Sampaio,CIP,ACIP,210,-38.685415,1.797167,2194,America/Lima,True
Aeroporto Gonçalves,CIQ,ACIQ,67,-13.304786,-39.08269,786,America/Lima,True
Aeroporto da Costa,CIR,ACIR,618,-88.132226,17.53759,3529,Asia/Dubai,True
Aeroporto da Mota,CIS,ACIS,745,-85.877036,-20.748546,1263,Asia/Kolkata,True
Aeroporto Rios de Minas,CIT,ACIT,947,45.981865,98.4778,1619,Africa/Johannesburg,True
Aeroporto Monteiro,CIU,ACIU,366,20.526788,46.836334,2288,America/Chicago,True
Aeroporto Teixeira da Prata,CIV,ACIV,442,53.092695,103.281126,190,America/Bogota,True
Aeroporto Freitas,CIW,ACIW,100,75.322289,-74.651142,2996,Africa/Cairo,True
Aeroporto Sá,CIX,ACIX,111,-87.393786,-53.97498,4020,Europe/Madrid,True
Aeroporto Montenegro,CIY,ACIY,429,-11.640768,26.873419,2458,Europe/Rome,True
Aeroporto Jesus dos Dourados,CIZ,ACIZ,812,-51.586552,165.744539,1915,America/Buenos_Aires,True
Aeroporto da Cunha,CJA,ACJA,563,68.792958,87.912106,2667,Europe/London,True
Aeroporto Montenegro,CJB,ACJB,587,-84.601001,-60.568189,3577,Asia/Shanghai,True
Aeroporto Martins,CJC,ACJC,90,9.562645,-20.69926,2481,America/Toronto,True
Aeroporto Barbosa,CJD,ACJD,93,16.814703,152.050711,4421,Pacific/Auckland,True
Aeroporto Garcia de Fernandes,CJE,ACJE,456,-40.780995,113.503756,2906,America/New_York,True
Aeroporto Correia das Flores,CJF,ACJF,413,1.460022,42.829072,4123,America/New_York,True
Aeroporto Albuquerque,CJG,ACJG,765,-31.793378,-126.073087,369,Pacific/Auckland,True
Aeroporto Camargo Grande,CJH,ACJH,661,16.504679,62.303881,2297,Asia/Dubai,True
Aeroporto Rios dos Dourados,CJI,ACJI,976,25.160414,-84.521623,1821,Europe/Lisbon,True
Aeroporto Martins de Azevedo,CJJ,ACJJ,238,-25.501126,10.220293,2703,Europe/Paris,True
Aeroporto Novaes,CJK,ACJK,192,57.644592,66.97053,3185,America/New_York,True
Aeroporto Silva,CJL,ACJL,517,-8.662785,-178.160746,4472,America/New_York,True
Aeroporto Carvalho de Melo,CJM,ACJM,889,-34.138555,43.883199,3127,Asia/Kolkata,False
Aeroporto Castro da Serra,CJN,ACJN,307,15.732986,-158.904637,3907,Asia/Dubai,True
Aeroporto Pereira,CJO,ACJO,283,-7.279945,84.47591,1003,Africa/Johannesburg,True
Aeroporto Cavalcanti,CJP,ACJP,84,-13.314736,-112.945431,948,Asia/Tokyo,False
Aeroporto Campos da Prata,CJQ,ACJQ,773,-47.206846,26.839044,3318,America/Mexico_City,True
Aeroporto Cavalcante de Minas,CJR,ACJR,360,9.224845,-32.840882,4118,America/Mexico_City,True
Aeroporto Rocha,CJS,ACJS,72,24.925251,145.058696,363,America/New_York,True
Aeroporto Cassiano dos Dourados,CJT,ACJT,310,-67.927823,7.608165,1815,Europe/Berlin,True
Aeroporto Cavalcanti do Oeste,CJU,ACJU,135,62.116637,-30.245807,3285,America/Sao_Paulo,True
Aeroporto Rocha,CJV,ACJV,229,2.812486,-66.364766,2,Asia/Seoul,True
Aeroporto Macedo,CJW,ACJW,172,15.501771,102.745575,3947,Europe/Berlin,True
Aeroporto Porto,CJX,ACJX,12,-70.932957,135.349631,255,America/Chicago,True
Aeroporto Gomes,CJY,ACJY,302,55.91642,128.214224,775,America/Buenos_Aires,True
Aeroporto Macedo do Norte,CJZ,ACJZ,384,10.608583,-41.483912,742,America/Bogota,True
Aeroporto Aragão,CKA,ACKA,582,48.730558,-138.263121,3286,Africa/Cairo,True
Aeroporto Vargas do Oeste,CKB,ACKB,383,-83.487232,-51.753007,989,America/Lima,True
Aeroporto Freitas,CKC,ACKC,833,43.145102,33.521624,3373,America/Buenos_Aires,True
Aeroporto Costa,CKD,ACKD,514,-12.042091,57.695146,629,Australia/Sydney,False
Aeroporto Almeida,CKE,ACKE,12,25.561871,39.715093,1209,America/Bogota,True
Aeroporto Alves do Sul,CKF,ACKF,725,-60.671488,120.80789,2995,America/Sao_Paulo,True
Aeroporto Correia de Minas,CKG,ACKG,934,36.359047,36.058525,685,Europe/London,True
Aeroporto Brito,CKH,ACKH,226,-52.643572,-129.421016,1595,Europe/Rome,True
Aeroporto Silveira,CKI,ACKI,168,83.109688,-164.847148,2172,America/New_York,True
Aeroporto Aparecida,CKJ,ACKJ,967,88.564724,-103.248939,598,Australia/Sydney,True
Aeroporto Moraes do Campo,CKK,ACKK,535,10.020838,-41.271531,3677,Europe/Rome,True
Aeroporto Duarte da Prata,CKL,ACKL,398,-18.103225,-155.41442,1485,Asia/Kolkata,True
Aeroporto Pinto,CKM,ACKM,759,-66.364522,-168.183006,1880,America/New_York,True
Aeroporto Nogueira,CKN,ACKN,607,89.395367,-46.584609,601,Asia/Kolkata,True
Aeroporto Lima do Campo,CKO,ACKO,690,-73.205568,-140.339728,3535,America/New_York,True
Aeroporto Cunha,CKP,ACKP,65,7.567634,143.718263,1079,Africa/Johannesburg,True
Aeroporto Fogaça,CKQ,ACKQ,799,-48.595979,64.636993,1815,Europe/Berlin,True
Aeroporto Cavalcanti do Sul,CKR,ACKR,333,-25.708098,134.93399,4161,Asia/Seoul,True
Aeroporto Rezende Alegre,CKS,ACKS,738,74.749562,-158.555657,1234,Europe/Madrid,True
Aeroporto Gomes,CKT,ACKT,292,56.878941,-57.296291,3526,America/Buenos_Aires,True
Aeroporto Marques,CKU,ACKU,518,36.200496,178.719427,863,America/Sao_Paulo,True
Aeroporto Azevedo,CKV,ACKV,721,-20.357445,-141.214527,3314,America/Buenos_Aires,False
Aeroporto Rezende da Praia,CKW,ACKW,296,-25.324164,-56.239228,729,America/Chicago,True
Aeroporto Azevedo,CKX,ACKX,51,61.658716,105.338347,48,Pacific/Auckland,True
Aeroporto Jesus,CKY,ACKY,805,-40.664664,-142.841296,109,Europe/Rome,True
Aeroporto Vargas do Amparo,CKZ,ACKZ,816,55.309141,122.340531,4432,America/Mexico_City,True
Aeroporto Silva,CLA,ACLA,626,-0.078629,-143.205531,312,Asia/Seoul,True
Aeroporto da Cunha,CLB,ACLB,242,-40.828475,23.012276,2159,Europe/Rome,True
Aeroporto Peixoto,CLC,ACLC,361,-84.629319,-34.581573,2723,Pacific/Auckland,False
Aeroporto Pires das Flores,CLD,ACLD,848,-66.293472,160.079238,2148,Asia/Tokyo,True
Aeroporto Farias,CLE,ACLE,609,10.350334,66.332522,4475,Asia/Shanghai,True
Aeroporto Porto,CLF,ACLF,42,-2.319917,-129.00255,2246,America/Chicago,True
Aeroporto Rios do Amparo,CLG,ACLG,682,21.359298,-174.212567,2941,Asia/Singapore,True
Aeroporto Farias,CLH,ACLH,667,-10.248733,-24.811758,2590,Europe/Berlin,True
Aeroporto Pereira,CLI,ACLI,643,6.057724,-16.509832,3199,America/Bogota,True
Aeroporto Garcia de Moraes,CLJ,ACLJ,615,55.15598,-109.709607,784,Asia/Dubai,True
Aeroporto Montenegro,CLK,ACLK,991,-38.575606,-129.965779,3283,America/Los_Angeles,True
Aeroporto da Conceição,CLL,ACLL,301,31.013292,-44.883053,4249,Asia/Tokyo,True
Aeroporto Pimenta,CLM,ACLM,15,-65.744876,101.634468,3173,Europe/London,True
Aeroporto das Neves,CLN,ACLN,457,82.316679,-149.471153,3196,Asia/Dubai,True
Aeroporto Sousa,CLO,ACLO,737,7.225791,-23.260951,1553,Europe/Lisbon,True
Aeroporto Sá de Goiás,CLP,ACLP,131,-41.387703,158.842471,4492,America/Bogota,True
Aeroporto Araújo,CLQ,ACLQ,805,31.522083,-6.077932,376,America/Los_Angeles,True
Aeroporto Freitas,CLR,ACLR,388,-61.667763,-0.850805,4022,Africa/Johannesburg,True
Aeroporto da Rocha de Costa,CLS,ACLS,162,-78.677012,-48.987748,4073,Europe/London,True
Aeroporto Garcia,CLT,ACLT,735,78.806081,-63.975818,2240,Europe/Paris,True
Aeroporto Ramos,CLU,ACLU,349,-62.75312,118.009348,3197,America/New_York,False
Aeroporto da Costa,CLV,ACLV,329,44.122472,8.092978,2530,America/Bogota,True
Aeroporto Sousa de Farias,CLW,ACLW,65,-8.529084,-141.119824,463,Asia/Tokyo,True
Aeroporto da Mota,CLX,ACLX,9,22.668737,146.949361,1865,Asia/Tokyo,True
Aeroporto Ramos do Norte,CLY,ACLY,90,-56.084794,-137.150272,2229,Asia/Shanghai,True
Aeroporto Ramos da Mata,CLZ,ACLZ,18,-30.710316,165.844776,1883,Europe/Lisbon,True
Aeroporto da Conceição,CMA,ACMA,249,-63.103858,81.216502,1012,America/Sao_Paulo,True
Aeroporto Fernandes de Goiás,CMB,ACMB,905,-63.560884,136.145053,2218,Europe/Rome,True
Aeroporto Nogueira,CMC,ACMC,232,40.596746,105.418938,2270,America/Mexico_City,True
Aeroporto Rios,CMD,ACMD,77,-39.413266,-168.851211,4409,Australia/Sydney,True
Aeroporto Rodrigues,CME,ACME,272,35.040022,108.129133,1612,Africa/Johannesburg,True
Aeroporto Pereira,CMF,ACMF,477,67.671154,-6.583161,4456,Europe/London,True
Aeroporto Moreira Alegre,CMG,ACMG,312,-81.876163,-126.508502,940,Asia/Kolkata,True
Aeroporto Macedo,CMH,ACMH,151,-48.944517,-101.876128,4235,America/Chicago,True
Aeroporto Azevedo,CMI,ACMI,669,-87.211334,-164.651521,3136,Europe/London,True
Aeroporto Azevedo de Correia,CMJ,ACMJ,167,85.216334,-56.230691,3794,Pacific/Auckland,True
Aeroporto Porto,CMK,ACMK,773,54.995868,111.87661,2723,Asia/Shanghai,True
Aeroporto Costela,CML,ACML,463,85.032678,99.46868,2841,Europe/London,True
Aeroporto Borges,CMM,ACMM,786,36.408863,0.81671,4367,Europe/London,True
Aeroporto Pastor,CMN,ACMN,776,88.585296,116.627401,1221,Asia/Tokyo,True
Aeroporto da Costa,CMO,ACMO,766,-56.577705,50.182047,1659,Asia/Tokyo,True
Aeroporto Lima,CMP,ACMP,921,-6.130603,9.499193,1528,America/Buenos_Aires,False
Aeroporto das Neves de Cavalcante,CMQ,ACMQ,48,87.282877,-89.364479,2994,Europe/Madrid,True
Aeroporto da Cruz,CMR,ACMR,540,-56.396177,166.386007,1301,America/Sao_Paulo,True
Aeroporto Cavalcanti de Goiás,CMS,ACMS,452,-18.59218,-23.346657,3103,America/Mexico_City,False
Aeroporto da Paz Verde,CMT,ACMT,132,7.260415,169.152799,2451,Asia/Tokyo,True
Aeroporto Porto de Costa,CMU,ACMU,848,0.099712,-151.549045,1059,America/New_York,True
Aeroporto Viana do Amparo,CMV,ACMV,321,-52.630705,66.245171,1762,America/Mexico_City,True
Aeroporto Fonseca,CMW,ACMW,569,-25.216608,-111.750408,3042,Asia/Seoul,True
Aeroporto Garcia da Serra,CMX,ACMX,140,-18.696161,-145.698558,282,Australia/Sydney,True
Aeroporto Macedo de Lima,CMY,ACMY,729,71.726024,-150.408174,2157,Europe/Madrid,False
Aeroporto Teixeira Grande,CMZ,ACMZ,839,-68.079384,109.896984,668,Europe/Rome,True
Aeroporto Almeida de Teixeira,CNA,ACNA,365,-64.379409,103.843326,3128,Europe/Lisbon,True
Aeroporto Lima de Minas,CNB,ACNB,473,-33.860069,155.366448,1749,America/Chicago,True
Aeroporto Peixoto da Prata,CNC,ACNC,628,63.036692,-145.193513,1003,Africa/Johannesburg,True
Aeroporto Novaes,CND,ACND,233,-49.12531,-92.505986,2266,America/Lima,True
Aeroporto da Cunha,CNE,ACNE,169,21.999825,123.120106,3828,America/Sao_Paulo,True
Aeroporto Martins da Mata,CNF,ACNF,769,-81.77254,-105.832142,2478,Europe/Madrid,True
Aeroporto da Paz de Garcia,CNG,ACNG,615,17.93706,-48.853233,4446,America/Mexico_City,True
Aeroporto Barbosa de Farias,CNH,ACNH,565,39.049409,45.683601,4347,Pacific/Auckland,True
Aeroporto Silva,CNI,ACNI,858,77.866465,4.224735,439,America/Mexico_City,True
Aeroporto Costa de Cassiano,CNJ,ACNJ,829,68.877125,-138.382696,1257,Australia/Sydney,True
Aeroporto Abreu,CNK,ACNK,223,-7.857985,171.947029,1798,Pacific/Auckland,True
Aeroporto Montenegro,CNL,ACNL,925,-38.076114,132.294762,1725,Europe/Berlin,True
Aeroporto Mendonça das Flores,CNM,ACNM,172,-56.48099,133.539735,2633,Europe/Rome,True
Aeroporto Gonçalves da Praia,CNN,ACNN,952,68.369323,-175.039173,3690,Europe/Berlin,True
Aeroporto Mendonça da Mata,CNO,ACNO,320,41.73045,136.216285,4303,Europe/Berlin,True
Aeroporto Jesus,CNP,ACNP,569,-6.601738,-14.46059,4066,Europe/Rome,False
Aeroporto Campos,CNQ,ACNQ,19,-50.187587,-41.401464,2893,Asia/Dubai,False
Aeroporto Nunes da Serra,CNR,ACNR,689,84.056244,-44.05494,1140,Europe/Paris,True
Aeroporto Teixeira,CNS,ACNS,563,63.449984,-136.747363,1482,Africa/Johannesburg,True
Aeroporto da Cunha da Praia,CNT,ACNT,131,-68.233996,118.437676,1741,Pacific/Auckland,True
Aeroporto Porto de Sales,CNU,ACNU,982,6.693293,-6.92591,2142,Asia/Seoul,True
Aeroporto Sampaio do Norte,CNV,ACNV,437,-42.942959,104.559865,1687,Europe/Berlin,True
Aeroporto Lima de Goiás,CNW,ACNW,929,-36.114417,100.529149,3529,America/Lima,True
Aeroporto Mendes,CNX,ACNX,779,-83.39688,-35.173327,3252,America/New_York,True
Aeroporto Fonseca,CNY,ACNY,557,-26.583391,-96.619289,1488,Europe/Berlin,True
Aeroporto Sampaio,CNZ,ACNZ,937,-42.367699,179.453259,4268,America/Toronto,True
Aeroporto da Luz,COA,ACOA,900,89.939907,-147.033956,4266,Africa/Johannesburg,True
Aeroporto Rodrigues de Casa Grande,COB,ACOB,881,53.700751,-53.465703,1261,Europe/Rome,True
Aeroporto da Cruz Verde,COC,ACOC,30,67.125272,89.770133,3831,America/Buenos_Aires,True
Aeroporto Albuquerque,COD,ACOD,486,46.285592,-173.168252,1847,Asia/Dubai,True
Aeroporto Vargas,COE,ACOE,973,5.224896,-150.061157,3365,America/Toronto,True
Aeroporto Ramos,COF,ACOF,359,76.628939,85.720702,3049,America/Lima,True
Aeroporto Gonçalves Verde,COG,ACOG,171,-76.81473,-91.172183,1616,America/Los_Angeles,True
Aeroporto Moreira,COH,ACOH,874,-16.179629,147.452383,3226,Asia/Tokyo,True
Aeroporto Lima,COI,ACOI,182,-2.004994,-13.962246,4257,Australia/Sydney,True
Aeroporto Lima,COJ,ACOJ,375,12.232086,-50.083186,3482,America/Chicago,True
Aeroporto Sales da Mata,COK,ACOK,795,-34.452287,-5.210542,597,America/Lima,True
Aeroporto Pastor da Mata,COL,ACOL,794,56.524607,19.943227,4486,Africa/Cairo,True
Aeroporto Sá de Minas,COM,ACOM,305,-57.751885,103.184228,1067,Europe/Berlin,True
Aeroporto Porto,CON,ACON,622,-87.662509,112.108039,3326,America/Los_Angeles,True
Aeroporto Casa Grande Paulista,COO,ACOO,29,-84.031582,-153.001485,1834,America/Bogota,True
Aeroporto Souza,COP,ACOP,316,4.624167,-179.919863,2318,Europe/Paris,True
Aeroporto Sampaio da Mata,COQ,ACOQ,423,84.927616,-0.219111,1280,Asia/Seoul,True
Aeroporto Cavalcante,COR,ACOR,600,18.667598,-148.668875,4297,Asia/Dubai,True
Aeroporto Abreu de Brito,COS,ACOS,957,-20.794786,114.938181,2048,Asia/Singapore,True
Aeroporto Vasconcelos,COT,ACOT,19,-33.864089,46.382604,733,Asia/Tokyo,True
Aeroporto Moura das Pedras,COU,ACOU,493,-49.649086,58.132999,219,Asia/Dubai,True
Aeroporto Siqueira das Pedras,COV,ACOV,962,13.013253,-13.755624,1893,Asia/Dubai,True
Aeroporto Cavalcanti,COW,ACOW,38,15.125999,-38.014755,369,Europe/Paris,True
Aeroporto Cirino Grande,COX,ACOX,470,-57.383233,-70.001047,1420,America/New_York,True
Aeroporto Mendonça,COY,ACOY,818,-20.348295,23.725452,1296,Europe/Rome,True
Aeroporto Montenegro,COZ,ACOZ,636,87.152179,-142.719007,2982,Asia/Shanghai,True
Aeroporto Machado,CPA,ACPA,455,21.251251,-123.495912,4005,Asia/Singapore,False
Aeroporto Cirino,CPB,ACPB,119,32.632293,-69.028393,785,Asia/Singapore,True
Aeroporto Araújo,CPC,ACPC,211,22.563071,-114.160578,3389,America/Sao_Paulo,True
Aeroporto Teixeira,CPD,ACPD,601,-13.678104,-57.480583,4164,America/Buenos_Aires,True
Aeroporto da Luz,CPE,ACPE,889,25.353171,18.106926,514,America/New_York,True
Aeroporto Macedo do Campo,CPF,ACPF,537,-28.255969,37.782086,1642,Asia/Shanghai,True
Aeroporto Barros,CPG,ACPG,992,-3.80711,118.783198,2403,Europe/Berlin,True
Aeroporto Barros das Flores,CPH,ACPH,938,-54.981483,127.941771,2243,Europe/Rome,True
Aeroporto da Mota,CPI,ACPI,53,-59.72108,-107.724758,4014,Asia/Dubai,True
Aeroporto Fernandes,CPJ,ACPJ,674,-13.626525,108.692169,2872,America/Bogota,True
Aeroporto Pacheco,CPK,ACPK,893,53.729311,84.726679,4245,Asia/Singapore,True
Aeroporto Mendes,CPL,ACPL,397,-20.698043,-86.658137,2171,Asia/Singapore,True
Aeroporto Rocha de Teixeira,CPM,ACPM,358,-26.35502,46.208571,1954,Europe/Rome,True
Aeroporto Albuquerque,CPN,ACPN,929,-44.506515,-64.902139,295,America/Mexico_City,True
Aeroporto da Mata,CPO,ACPO,260,-85.766778,-48.763852,3626,Australia/Sydney,True
Aeroporto Rios,CPP,ACPP,663,-88.999176,80.991016,4294,America/Bogota,True
Aeroporto Brito,CPQ,ACPQ,900,-49.14168,44.547649,2726,America/Sao_Paulo,True
Aeroporto Moreira,CPR,ACPR,825,56.653487,-79.323221,266,Asia/Seoul,True
Aeroporto Garcia,CPS,ACPS,538,-88.687552,-97.354055,1768,Europe/Berlin,True
Aeroporto Mendonça do Amparo,CPT,ACPT,381,76.484314,28.924521,1528,America/Toronto,True
Aeroporto Pereira das Pedras,CPU,ACPU,254,-16.725288,-43.281049,4299,America/New_York,True
Aeroporto Freitas Alegre,CPV,ACPV,284,56.056038,-169.496801,1813,Asia/Singapore,True
Aeroporto da Costa da Praia,CPW,ACPW,991,54.527623,-81.058888,2881,America/Sao_Paulo,True
Aeroporto Garcia do Norte,CPX,ACPX,396,-50.683787,111.887233,2109,America/Sao_Paulo,True
Aeroporto Farias do Campo,CPY,ACPY,47,54.389807,136.619829,3339,Asia/Shanghai,True
Aeroporto Marques,CPZ,ACPZ,891,5.933345,47.390303,3537,Europe/Berlin,True
Aeroporto Silveira Grande,CQA,ACQA,299,76.414549,-11.779524,3498,Europe/Rome,True
Aeroporto Pereira,CQB,ACQB,808,81.705038,-38.125555,3537,America/Toronto,False
Aeroporto Moura,CQC,ACQC,224,63.13762,162.591608,3978,Europe/Berlin,True
Aeroporto Sampaio de Goiás,CQD,ACQD,585,21.479605,-84.795726,2749,America/Bogota,True
Aeroporto Machado do Amparo,CQE,ACQE,55,37.568202,92.846123,2323,America/Chicago,True
Aeroporto Ribeiro do Oeste,CQF,ACQF,91,-86.193305,46.182713,3573,America/New_York,True
Aeroporto Porto,CQG,ACQG,547,-70.168498,134.586872,2686,America/Los_Angeles,True
Aeroporto Almeida da Praia,CQH,ACQH,531,-42.773253,137.214798,3897,America/Lima,True
Aeroporto Sousa,CQI,ACQI,208,3.306534,178.504186,177,Asia/Kolkata,True
Aeroporto Rocha dos Dourados,CQJ,ACQJ,258,-51.306684,-64.284454,3040,Europe/Rome,True
Aeroporto Pereira,CQK,ACQK,485,5.058886,-104.265546,2796,America/Sao_Paulo,True
Aeroporto Guerra de Sousa,CQL,ACQL,934,-28.091099,92.664428,1502,Asia/Kolkata,False
Aeroporto Ferreira,CQM,ACQM,779,-5.878408,81.4317,4324,Australia/Sydney,True
Aeroporto Melo do Campo,CQN,ACQN,775,-5.31985,-6.881269,4438,Africa/Johannesburg,True
Aeroporto da Rocha do Oeste,CQO,ACQO,965,-61.214296,-114.359972,3269,America/Los_Angeles,True
Aeroporto Moreira,CQP,ACQP,584,-70.238271,-112.462831,3782,Europe/Rome,True
Aeroporto Cardoso,CQQ,ACQQ,661,15.884945,167.541322,839,America/Mexico_City,True
Aeroporto Vieira de Borges,CQR,ACQR,213,73.660805,-90.554229,3368,Pacific/Auckland,True
Aeroporto Rocha da Prata,CQS,ACQS,343,74.999952,1.808744,95,Australia/Sydney,True
Aeroporto Cavalcante de Machado,CQT,ACQT,777,-81.923381,108.95204,3313,Africa/Cairo,True
Aeroporto Mendes,CQU,ACQU,908,-84.606755,-26.166308,334,Australia/Sydney,False
Aeroporto da Cruz,CQV,ACQV,466,4.987854,94.086661,2468,Asia/Singapore,True
Aeroporto Cavalcante,CQW,ACQW,276,2.212258,-109.340031,87,Europe/Madrid,True
Aeroporto Caldeira,CQX,ACQX,862,48.378608,-13.521552,3545,Asia/Tokyo,True
Aeroporto Silva do Sul,CQY,ACQY,707,32.11081,132.471606,2148,America/Bogota,True
Aeroporto Duarte,CQZ,ACQZ,190,2.533093,41.162083,1549,America/Los_Angeles,True
Aeroporto Vargas Paulista,CRA,ACRA,568,66.444294,2.178027,3194,Europe/Rome,True
Aeroporto Silveira,CRB,ACRB,971,-75.112724,-2.71876,4253,Asia/Tokyo,True
Aeroporto Rios do Amparo,CRC,ACRC,515,59.153327,161.339519,2188,America/New_York,True
Aeroporto Rios,CRD,ACRD,675,13.056473,-66.43773,1766,America/Sao_Paulo,True
Aeroporto Nascimento,CRE,ACRE,191,84.909196,-167.877246,3045,Asia/Kolkata,False
Aeroporto Borges de Vieira,CRF,ACRF,731,58.472783,-124.37457,443,America/Los_Angeles,True
Aeroporto Câmara Verde,CRG,ACRG,163,-52.789925,148.349125,309,Europe/London,True
Aeroporto Ramos,CRH,ACRH,613,28.511364,-35.206039,1604,Europe/Madrid,False
Aeroporto Garcia das Flores,CRI,ACRI,615,58.053767,-120.552311,2014,Asia/Shanghai,True
Aeroporto da Conceição de Goiás,CRJ,ACRJ,410,-26.52764,168.859126,2005,America/Sao_Paulo,True
Aeroporto Camargo da Mata,CRK,ACRK,659,16.770348,109.168518,2254,America/New_York,True
Aeroporto Camargo,CRL,ACRL,700,-6.675983,152.780917,210,America/Los_Angeles,True
Aeroporto Fernandes,CRM,ACRM,999,23.031986,-51.378263,765,America/Buenos_Aires,True
Aeroporto Souza,CRN,ACRN,335,-89.211752,-74.805763,1642,America/Chicago,True
Aeroporto Oliveira,CRO,ACRO,545,-64.794329,-165.966466,3149,Pacific/Auckland,True
Aeroporto Cardoso Alegre,CRP,ACRP,931,-80.016029,10.204381,1019,America/Mexico_City,False
Aeroporto Oliveira do Sul,CRQ,ACRQ,244,73.80857,-159.870333,2839,Europe/Lisbon,True
Aeroporto Araújo Verde,CRR,ACRR,726,-9.308257,149.47951,2940,Asia/Singapore,True
Aeroporto Gomes,CRS,ACRS,498,18.000549,138.591492,4304,America/Toronto,True
Aeroporto Dias da Praia,CRT,ACRT,851,39.004215,49.710511,2682,Europe/Madrid,True
Aeroporto Moreira,CRU,ACRU,108,-22.545407,-149.527543,1284,Australia/Sydney,True
Aeroporto Caldeira,CRV,ACRV,695,-56.197096,5.479149,1131,Asia/Kolkata,True
Aeroporto Albuquerque da Prata,CRW,ACRW,873,-66.329257,-52.187108,806,Pacific/Auckland,True
Aeroporto Dias de Casa Grande,CRX,ACRX,892,-24.779431,52.747661,3430,Asia/Seoul,True
Aeroporto Câmara do Amparo,CRY,ACRY,539,29.049009,-151.464313,2772,America/Lima,False
Aeroporto Casa Grande de Peixoto,CRZ,ACRZ,55,78.634844,-135.383941,3467,America/Toronto,True
Aeroporto Casa Grande do Norte,CSA,ACSA,851,21.70361,124.187778,2144,America/Toronto,True
Aeroporto das Neves do Galho,CSB,ACSB,397,-71.403462,107.714602,122,America/Mexico_City,True
Aeroporto da Mota,CSC,ACSC,525,9.793173,30.673302,943,America/Mexico_City,True
Aeroporto Pires de Cunha,CSD,ACSD,755,-84.519185,25.959098,2091,Europe/Lisbon,True
Aeroporto da Rocha de Santos,CSE,ACSE,298,-82.607208,150.282013,219,Asia/Singapore,True
Aeroporto Araújo Alegre,CSF,ACSF,423,17.218748,-49.999725,2886,America/Bogota,True
Aeroporto Silva,CSG,ACSG,793,78.148011,-47.423773,2724,Pacific/Auckland,True
Aeroporto Siqueira,CSH,ACSH,880,-78.839452,92.387619,1098,Africa/Johannesburg,True
Aeroporto Sampaio,CSI,ACSI,450,49.673551,-71.990972,3702,Africa/Cairo,True
Aeroporto Vasconcelos,CSJ,ACSJ,505,-41.128309,26.79261,1473,Asia/Shanghai,True
Aeroporto Mendonça,CSK,ACSK,726,-68.855046,-101.942961,3664,Europe/London,True
Aeroporto da Rosa da Serra,CSL,ACSL,755,15.623034,112.111324,3952,America/Bogota,True
Aeroporto Novaes,CSM,ACSM,40,-86.935164,-157.635281,2334,Asia/Tokyo,True
Aeroporto Fernandes das Pedras,CSN,ACSN,615,86.989097,17.070903,2543,America/Lima,True
Aeroporto Ferreira de Sá,CSO,ACSO,427,-6.867878,-84.545417,864,Asia/Kolkata,True
Aeroporto Gonçalves de Minas,CSP,ACSP,203,31.993993,-57.269111,3455,Africa/Johannesburg,True
Aeroporto da Paz do Oeste,CSQ,ACSQ,121,-62.273157,-48.955071,1810,Asia/Tokyo,True
Aeroporto Brito Grande,CSR,ACSR,953,-59.623919,-17.854869,3659,Europe/Rome,True
Aeroporto Sá Verde,CSS,ACSS,811,-86.252115,-71.594698,1268,Asia/Seoul,True
Aeroporto Santos,CST,ACST,503,-63.445446,-6.236832,2952,Europe/Berlin,True
Aeroporto Marques da Serra,CSU,ACSU,965,-39.055178,-47.5854,927,America/Mexico_City,True
Aeroporto Macedo,CSV,ACSV,283,-71.420586,146.304738,404,America/New_York,True
Aeroporto da Rocha de Casa Grande,CSW,ACSW,984,-24.383335,20.046375,2373,Asia/Shanghai,True
Aeroporto Cunha,CSX,ACSX,987,-29.481863,119.080632,3564,Europe/Paris,True
Aeroporto Sousa,CSY,ACSY,435,88.57849,164.272119,1758,Europe/Berlin,True
Aeroporto Fonseca,CSZ,ACSZ,994,77.002648,-5.884432,3396,Asia/Kolkata,True
Aeroporto Rocha,CTA,ACTA,574,57.666993,40.594124,63,Europe/Lisbon,True
Aeroporto Garcia,CTB,ACTB,762,14.495252,-169.211054,3419,Asia/Seoul,True
Aeroporto Rocha da Serra,CTC,ACTC,301,-53.833853,-9.486233,3035,Asia/Tokyo,True
Aeroporto Brito,CTD,ACTD,573,-32.2092,-122.876793,3742,America/Lima,True
Aeroporto Melo da Serra,CTE,ACTE,401,10.077842,139.38009,1987,America/Chicago,True
Aeroporto Campos,CTF,ACTF,431,-83.511573,27.271341,4240,Pacific/Auckland,True
Aeroporto Pastor das Pedras,CTG,ACTG,662,32.259018,172.626755,273,Asia/Shanghai,True
Aeroporto Pires,CTH,ACTH,781,9.336229,34.998214,760,America/Los_Angeles,True
Aeroporto da Cruz do Norte,CTI,ACTI,210,-58.821922,-121.765175,2335,America/New_York,False
Aeroporto da Costa,CTJ,ACTJ,726,-55.825307,64.031707,1944,America/Mexico_City,True
Aeroporto Mendonça da Mata,CTK,ACTK,585,-11.982764,-0.081277,348,Europe/Paris,True
Aeroporto Rezende,CTL,ACTL,682,30.440018,-94.966514,3666,Pacific/Auckland,True
Aeroporto Vasconcelos de Minas,CTM,ACTM,671,88.970932,-157.39779,4360,America/Bogota,True
Aeroporto Rezende de Garcia,CTN,ACTN,305,-39.001217,158.086201,4257,America/Los_Angeles,True
Aeroporto Pires dos Dourados,CTO,ACTO,423,49.126469,-24.380311,2035,America/Toronto,True
Aeroporto Albuquerque do Campo,CTP,ACTP,902,61.798236,-131.358752,64,America/Buenos_Aires,True
Aeroporto Barros,CTQ,ACTQ,525,35.884709,-113.18609,1526,America/Toronto,True
Aeroporto Mendonça,CTR,ACTR,446,-37.421636,-79.886132,3383,Europe/Lisbon,True
Aeroporto Almeida,CTS,ACTS,31,-43.621707,53.367893,1590,Asia/Seoul,True
Aeroporto da Mota de Sales,CTT,ACTT,171,47.092582,35.737554,3556,Asia/Kolkata,True
Aeroporto Vieira,CTU,ACTU,609,51.281205,-62.185767,761,Africa/Johannesburg,True
Aeroporto Gomes,CTV,ACTV,486,-10.147174,127.705513,2233,America/Bogota,True
Aeroporto Ramos de Sampaio,CTW,ACTW,319,-20.129334,-19.488894,723,Europe/Lisbon,True
Aeroporto da Rosa Verde,CTX,ACTX,264,-20.876002,39.549578,2743,Europe/Madrid,True
Aeroporto Brito,CTY,ACTY,335,-30.549385,-22.621541,2547,Africa/Cairo,True
Aeroporto Azevedo da Prata,CTZ,ACTZ,630,-39.753226,158.957416,3103,America/Lima,True
Aeroporto Guerra,CUA,ACUA,868,9.993478,23.524649,3072,Europe/Rome,True
Aeroporto Gonçalves,CUB,ACUB,604,-20.051828,-29.41219,4254,America/Chicago,True
Aeroporto Azevedo de Moreira,CUC,ACUC,125,29.031876,13.598814,1139,America/Lima,True
Aeroporto Sá,CUD,ACUD,150,-46.261218,97.959948,1117,Europe/Rome,True
Aeroporto Ribeiro,CUE,ACUE,503,-65.273238,145.193727,1855,Asia/Singapore,True
Aeroporto Cirino,CUF,ACUF,498,37.260461,98.473652,436,Asia/Dubai,True
Aeroporto Abreu,CUG,ACUG,66,-53.324527,-31.077456,2464,America/Mexico_City,True
Aeroporto Dias de Campos,CUH,ACUH,534,83.459023,-1.52194,2003,America/New_York,True
Aeroporto Cardoso,CUI,ACUI,807,-30.653572,30.283796,2666,Africa/Johannesburg,True
Aeroporto Rezende,CUJ,ACUJ,679,-18.108994,115.000547,3046,Asia/Singapore,True
Aeroporto Borges,CUK,ACUK,576,31.860247,-160.519776,2888,Asia/Tokyo,True
Aeroporto Sá do Norte,CUL,ACUL,753,-66.282356,-37.584345,3923,Africa/Cairo,True
Aeroporto Campos,CUM,ACUM,655,-44.019313,36.595572,1759,Asia/Kolkata,True
Aeroporto Fonseca da Prata,CUN,ACUN,170,-5.959414,-47.647782,879,Europe/Rome,True
Aeroporto Lima,CUO,ACUO,364,-55.281078,-89.528259,2074,Europe/Paris,False
Aeroporto da Cruz,CUP,ACUP,299,-62.833403,173.046764,4178,Asia/Kolkata,True
Aeroporto Aparecida do Galho,CUQ,ACUQ,467,38.764595,131.565194,1124,America/New_York,True
Aeroporto Ribeiro da Prata,CUR,ACUR,85,23.682992,-146.632221,4322,Asia/Shanghai,True
Aeroporto Carvalho de Oliveira,CUS,ACUS,674,-86.093626,-57.480688,3064,Africa/Cairo,True
Aeroporto Sales de Dias,CUT,ACUT,230,-33.012208,126.798327,2617,America/New_York,True
Aeroporto Pereira da Prata,CUU,ACUU,641,-42.639967,-112.486694,1520,Europe/Paris,True
Aeroporto Sales,CUV,ACUV,513,66.245686,-8.714414,3467,Asia/Kolkata,True
Aeroporto Ribeiro,CUW,ACUW,210,-56.48998,-3.611338,390,Asia/Seoul,True
Aeroporto da Costa,CUX,ACUX,213,-53.198057,-145.516121,3294,America/New_York,True
Aeroporto Correia,CUY,ACUY,762,54.072075,41.61697,634,America/Toronto,True
Aeroporto da Rosa,CUZ,ACUZ,45,-83.131143,-125.603532,667,Pacific/Auckland,True
Aeroporto Carvalho,CVA,ACVA,471,72.032488,55.552987,2420,America/Lima,True
Aeroporto Pastor,CVB,ACVB,417,-24.86709,35.495271,2734,Europe/London,True
Aeroporto da Mota Grande,CVC,ACVC,721,-57.565741,41.911682,3516,America/Los_Angeles,True
Aeroporto Barbosa da Prata,CVD,ACVD,822,-37.812274,-66.049193,4127,Europe/Berlin,False
Aeroporto da Luz das Flores,CVE,ACVE,965,66.122415,45.904018,3925,America/Toronto,True
Aeroporto Guerra,CVF,ACVF,737,-24.069529,-100.502895,3507,America/Chicago,False
Aeroporto Barros de da Cunha,CVG,ACVG,770,-62.434309,140.200122,1146,America/Los_Angeles,True
Aeroporto Sales Grande,CVH,ACVH,602,-7.960611,-57.9052,1647,Asia/Singapore,True
Aeroporto Barbosa,CVI,ACVI,458,-46.942782,120.374212,358,Europe/Lisbon,True
Aeroporto Porto do Oeste,CVJ,ACVJ,625,-67.273388,-78.478624,712,Europe/Paris,True
Aeroporto Nunes do Galho,CVK,ACVK,422,-26.749796,128.121751,1437,Europe/Madrid,True
Aeroporto Leão,CVL,ACVL,89,72.779072,168.487847,2783,Pacific/Auckland,False
Aeroporto Dias,CVM,ACVM,782,-63.801759,-16.671902,2717,Asia/Tokyo,True
Aeroporto Garcia do Sul,CVN,ACVN,468,79.231779,141.929066,1982,Asia/Dubai,True
Aeroporto Barbosa,CVO,ACVO,485,44.530152,-128.169576,2572,America/Los_Angeles,False
Aeroporto Campos da Prata,CVP,ACVP,911,82.829588,145.231353,3576,America/Buenos_Aires,True
Aeroporto Rodrigues,CVQ,ACVQ,437,14.228514,-65.085552,622,Asia/Seoul,True
Aeroporto Azevedo Alegre,CVR,ACVR,183,-75.018763,8.118012,3138,Asia/Singapore,True
Aeroporto Fonseca,CVS,ACVS,614,-53.530302,-115.117828,1973,Asia/Shanghai,True
Aeroporto Vasconcelos Paulista,CVT,ACVT,193,13.38293,-97.330955,1895,America/Sao_Paulo,True
Aeroporto Câmara,CVU,ACVU,380,-40.924198,-78.524607,2618,America/Chicago,True
Aeroporto Albuquerque do Campo,CVV,ACVV,429,-30.44753,114.371812,3623,America/Lima,True
Aeroporto Câmara das Flores,CVW,ACVW,149,64.92351,74.254941,1861,America/New_York,True
Aeroporto Viana,CVX,ACVX,181,-18.729932,-84.575977,4328,Asia/Tokyo,True
Aeroporto Cavalcanti,CVY,ACVY,701,-30.434829,-140.267227,201,Europe/London,True
Aeroporto Pastor do Amparo,CVZ,ACVZ,312,-77.611681,98.933405,530,Asia/Tokyo,True
Aeroporto Moura,CWA,ACWA,558,0.796365,100.460833,807,America/New_York,True
Aeroporto Sampaio Verde,CWB,ACWB,195,-38.802026,98.888185,2030,Europe/Madrid,True
Aeroporto Novaes Paulista,CWC,ACWC,208,47.511532,-177.655252,3948,America/Mexico_City,True
Aeroporto Aragão,CWD,ACWD,717,-35.522092,-12.43359,433,America/Sao_Paulo,True
Aeroporto Dias,CWE,ACWE,554,71.947484,-136.973525,2158,Europe/Madrid,True
Aeroporto Cirino da Praia,CWF,ACWF,460,-84.059129,52.833488,785,Asia/Singapore,False
Aeroporto Mendes Verde,CWG,ACWG,990,44.404364,-21.298992,911,Europe/Paris,True
Aeroporto da Luz,CWH,ACWH,717,67.288307,-118.937885,1834,Europe/Berlin,True
Aeroporto Rodrigues,CWI,ACWI,643,57.556171,88.146018,758,Asia/Singapore,True
Aeroporto Ribeiro,CWJ,ACWJ,868,7.033833,-42.954393,888,Asia/Singapore,True
Aeroporto Casa Grande,CWK,ACWK,456,-22.504367,-52.341851,773,Australia/Sydney,True
Aeroporto Nunes Paulista,CWL,ACWL,243,84.21703,98.723047,1957,America/Sao_Paulo,True
Aeroporto Silveira,CWM,ACWM,71,86.58571,66.827249,2974,America/Lima,True
Aeroporto Santos de Goiás,CWN,ACWN,388,19.183611,17.350642,2026,America/Mexico_City,True
Aeroporto Santos dos Dourados,CWO,ACWO,500,15.994442,178.209191,3078,Europe/Lisbon,True
Aeroporto Macedo,CWP,ACWP,29,3.443792,76.819587,2111,America/Toronto,True
Aeroporto Martins do Galho,CWQ,ACWQ,395,-26.930606,78.255169,2424,Asia/Shanghai,True
Aeroporto da Mota das Pedras,CWR,ACWR,758,-29.871188,-107.052533,3019,Asia/Singapore,False
Aeroporto das Neves,CWS,ACWS,510,63.448542,176.568965,3020,America/Sao_Paulo,True
Aeroporto das Neves,CWT,ACWT,402,-57.613211,-175.554012,4407,Africa/Cairo,True
Aeroporto Vargas Alegre,CWU,ACWU,151,27.459533,79.645751,3687,America/Los_Angeles,True
Aeroporto Porto,CWV,ACWV,839,-61.179267,-170.615034,1054,Africa/Cairo,True
Aeroporto Barbosa,CWW,ACWW,807,43.131035,165.404451,993,America/Buenos_Aires,True
Aeroporto Borges,CWX,ACWX,882,65.720255,86.221382,216,America/Bogota,True
Aeroporto Oliveira,CWY,ACWY,807,-50.349614,121.837424,557,America/Lima,True
Aeroporto Barros,CWZ,ACWZ,586,-89.37213,20.068975,3828,America/New_York,False
Aeroporto Novaes do Amparo,CXA,ACXA,202,89.039462,-0.146109,3327,Africa/Johannesburg,True
Aeroporto Lima,CXB,ACXB,25,-27.949362,123.843166,4291,Asia/Singapore,True
Aeroporto Mendes,CXC,ACXC,503,63.20469,102.562118,693,Europe/Rome,True
Aeroporto Moraes de Rodrigues,CXD,ACXD,476,-65.856301,-41.149017,1060,America/Los_Angeles,True
Aeroporto Guerra,CXE,ACXE,344,-13.175558,56.173656,3286,Europe/Lisbon,True
Aeroporto Pimenta,CXF,ACXF,988,-1.645722,-107.179075,2604,America/Bogota,True
Aeroporto Souza,CXG,ACXG,713,53.668242,66.904807,1370,Europe/London,False
Aeroporto Silva,CXH,ACXH,887,56.871822,123.948395,1676,Asia/Shanghai,True
Aeroporto Sampaio da Prata,CXI,ACXI,877,76.942087,120.207077,3764,Europe/Lisbon,True
Aeroporto da Cruz do Galho,CXJ,ACXJ,802,30.639431,-117.105105,367,America/New_York,True
Aeroporto Pereira,CXK,ACXK,109,-13.605168,88.922718,4300,Asia/Kolkata,True
Aeroporto Cavalcante de Rocha,CXL,ACXL,194,-24.640897,-136.56684,1070,America/Toronto,True
Aeroporto Cavalcanti,CXM,ACXM,745,-0.605244,3.453128,2311,Australia/Sydney,True
Aeroporto Fonseca,CXN,ACXN,245,-22.713137,174.565653,2728,Africa/Cairo,True
Aeroporto Moraes,CXO,ACXO,222,6.668456,-45.776265,3847,Asia/Seoul,True
Aeroporto Aragão das Pedras,CXP,ACXP,360,-63.972842,-167.00525,657,America/Bogota,True
Aeroporto Garcia de Cavalcante,CXQ,ACXQ,714,-21.606094,-88.497828,1008,Europe/London,True
Aeroporto Camargo Alegre,CXR,ACXR,503,-69.851533,-147.943186,3442,America/Lima,True
Aeroporto Nogueira,CXS,ACXS,216,-23.479034,64.167777,1743,Africa/Cairo,True
Aeroporto da Rocha,CXT,ACXT,784,9.920349,20.452096,324,Asia/Tokyo,True
Aeroporto Mendes da Mata,CXU,ACXU,544,-66.131157,107.223255,3911,Asia/Shanghai,True
Aeroporto Cunha do Sul,CXV,ACXV,338,61.758479,-115.943033,1406,America/New_York,True
Aeroporto Cunha da Mata,CXW,ACXW,692,-40.182156,17.589811,4021,Europe/Rome,True
Aeroporto Martins,CXX,ACXX,127,-69.527452,21.070989,3303,America/Lima,True
Aeroporto Araújo de Fogaça,CXY,ACXY,604,-54.545784,88.563093,1001,Asia/Singapore,True
Aeroporto Pimenta,CXZ,ACXZ,997,-60.26358,-134.087512,1810,America/Chicago,True
Aeroporto Farias de da Rosa,CYA,ACYA,472,1.922978,-59.167042,66,Europe/Madrid,True
Aeroporto Caldeira do Sul,CYB,ACYB,284,33.418817,112.001811,3599,Asia/Shanghai,True
Aeroporto Silveira da Serra,CYC,ACYC,660,26.707064,-66.144306,3951,America/Mexico_City,True
Aeroporto Fogaça do Sul,CYD,ACYD,743,-3.147133,124.211414,646,Asia/Singapore,True
Aeroporto Lopes,CYE,ACYE,76,74.633095,60.954239,1734,Europe/Lisbon,True
Aeroporto Costa de Barros,CYF,ACYF,212,-27.04641,1.045549,626,America/Chicago,True
Aeroporto Jesus,CYG,ACYG,507,-26.690689,128.537552,1152,Asia/Singapore,True
Aeroporto Mendonça,CYH,ACYH,634,-41.098697,-167.529802,1540,Asia/Dubai,True
Aeroporto Cassiano,CYI,ACYI,876,-22.831224,51.714745,3421,Europe/Paris,True
Aeroporto Câmara do Amparo,CYJ,ACYJ,263,-54.525755,27.582446,3333,America/Buenos_Aires,True
Aeroporto Freitas da Mata,CYK,ACYK,847,52.378476,171.533017,4266,America/Buenos_Aires,True
Aeroporto Lima da Serra,CYL,ACYL,17,-18.04757,93.246133,1866,Asia/Seoul,True
Aeroporto Caldeira dos Dourados,CYM,ACYM,659,74.85653,-84.231913,869,America/New_York,True
Aeroporto Castro de Carvalho,CYN,ACYN,70,-87.184533,-127.473513,3987,Asia/Seoul,True
Aeroporto Souza das Pedras,CYO,ACYO,486,-43.120341,-110.537499,2280,America/Lima,True
Aeroporto Fogaça,CYP,ACYP,943,82.390334,-141.550481,4297,America/Chicago,True
Aeroporto Camargo,CYQ,ACYQ,899,25.26743,-30.362784,930,Europe/Berlin,True
Aeroporto da Paz,CYR,ACYR,781,62.554087,45.956182,2010,Asia/Shanghai,True
Aeroporto Carvalho,CYS,ACYS,977,-32.227287,10.320975,4118,Africa/Cairo,True
Aeroporto Leão Alegre,CYT,ACYT,92,-31.508862,-0.185579,1545,Europe/Lisbon,True
Aeroporto Castro,CYU,ACYU,406,-80.422087,-146.696913,3375,Europe/Lisbon,True
Aeroporto Mendes,CYV,ACYV,900,33.680902,-41.634624,2473,Asia/Tokyo,True
Aeroporto Campos das Pedras,CYW,ACYW,291,-15.079347,-121.4401,1457,America/Los_Angeles,True
Aeroporto Novaes de Monteiro,CYX,ACYX,350,37.62878,105.496815,1389,Europe/London,True
Aeroporto Duarte,CYY,ACYY,584,-38.791658,-3.531086,682,Asia/Seoul,True
Aeroporto Montenegro das Flores,CYZ,ACYZ,683,-36.88131,-80.569859,3137,America/New_York,True
Aeroporto Camargo,CZA,ACZA,821,22.360052,-57.412478,2123,Australia/Sydney,True
Aeroporto Vieira,CZB,ACZB,739,29.158403,-29.83659,2046,America/Lima,True
Aeroporto Cardoso,CZC,ACZC,79,-80.735159,28.112345,2928,America/Los_Angeles,True
Aeroporto Ferreira,CZD,ACZD,346,-65.976902,-86.486913,699,America/Toronto,True
Aeroporto Vargas,CZE,ACZE,935,-59.317743,-75.216534,874,Australia/Sydney,True
Aeroporto Aragão,CZF,ACZF,69,-21.065444,-165.022145,2764,Asia/Kolkata,True
Aeroporto Lima do Sul,CZG,ACZG,850,-74.539076,83.495589,2750,Europe/Rome,True
Aeroporto Mendes da Mata,CZH,ACZH,224,31.340049,-23.489804,2946,America/Toronto,True
Aeroporto Mendonça de Minas,CZI,ACZI,144,3.219948,172.988606,551,Asia/Tokyo,True
Aeroporto da Cruz Grande,CZJ,ACZJ,714,46.623215,-64.981992,954,Asia/Singapore,True
Aeroporto da Cruz,CZK,ACZK,102,30.056892,81.729772,4495,Europe/Paris,True
Aeroporto Vargas do Campo,CZL,ACZL,721,-30.745197,85.580805,2490,America/Lima,True
Aeroporto Sampaio de Goiás,CZM,ACZM,88,56.599187,130.603315,840,Africa/Cairo,True
Aeroporto Costa do Amparo,CZN,ACZN,585,14.921429,38.737539,4126,America/Los_Angeles,True
Aeroporto Sampaio,CZO,ACZO,292,-88.768828,-149.727328,4204,Asia/Shanghai,True
Aeroporto Correia,CZP,ACZP,407,72.230489,29.189124,991,Europe/Lisbon,True
Aeroporto da Conceição,CZQ,ACZQ,423,-32.139462,-177.940233,988,Europe/Paris,True
Aeroporto Cardoso,CZR,ACZR,32,-70.546926,-71.290522,351,Europe/London,True
Aeroporto Andrade Paulista,CZS,ACZS,924,1.095978,-71.018619,2516,Asia/Kolkata,True
Aeroporto Casa Grande,CZT,ACZT,516,2.428158,7.40591,3303,Asia/Shanghai,True
Aeroporto Almeida do Oeste,CZU,ACZU,557,-76.661486,15.286524,3795,Europe/Paris,True
Aeroporto Aragão,CZV,ACZV,615,-67.567634,58.346754,3744,Africa/Johannesburg,True
Aeroporto Jesus do Galho,CZW,ACZW,622,81.296335,148.730717,2557,Europe/Rome,True
Aeroporto Sampaio de Goiás,CZX,ACZX,591,-67.724264,147.189082,2567,Europe/Berlin,True
Aeroporto Fernandes,CZY,ACZY,737,-69.537769,55.667317,779,America/Los_Angeles,True
Aeroporto Mendes do Norte,CZZ,ACZZ,530,-33.363826,-130.538163,838,Asia/Shanghai,True
Aeroporto Ramos do Norte,DAA,ADAA,899,6.051644,-118.502854,1931,Europe/Lisbon,True
Aeroporto Camargo Paulista,DAB,ADAB,257,78.135511,170.224544,1027,Europe/London,True
Aeroporto da Mota da Praia,DAC,ADAC,898,42.259698,-89.352723,1426,Asia/Dubai,True
Aeroporto da Cruz Alegre,DAD,ADAD,84,23.351743,179.665938,1295,America/Sao_Paulo,True
Aeroporto Cirino,DAE,ADAE,321,-45.558535,120.611853,2073,Europe/Paris,True
Aeroporto Abreu,DAF,ADAF,435,-10.617946,-165.832358,3671,Australia/Sydney,True
Aeroporto Ribeiro,DAG,ADAG,319,49.096428,42.868617,1621,Africa/Cairo,True
Aeroporto Cunha da Mata,DAH,ADAH,957,29.000679,32.415303,4384,Australia/Sydney,True
Aeroporto da Mota de Pereira,DAI,ADAI,932,71.958792,74.998183,3848,Europe/Lisbon,True
Aeroporto Lopes,DAJ,ADAJ,553,36.144003,142.448465,4089,Australia/Sydney,True
Aeroporto da Cunha,DAK,ADAK,77,-82.850901,54.103933,1462,Europe/Lisbon,True
Aeroporto Fonseca de Farias,DAL,ADAL,54,-86.316452,119.721618,293,Asia/Shanghai,True
Aeroporto Camargo do Campo,DAM,ADAM,20,33.826062,113.175187,4039,Europe/London,True
Aeroporto Rodrigues,DAN,ADAN,474,54.778846,-130.475099,2265,Europe/Paris,True
Aeroporto Farias,DAO,ADAO,297,69.365293,-22.727516,4356,America/Lima,True
Aeroporto Sousa da Praia,DAP,ADAP,608,-57.98127,179.312096,3558,Asia/Seoul,True
Aeroporto da Costa Paulista,DAQ,ADAQ,772,37.723944,-95.783922,2613,America/Mexico_City,True
Aeroporto Pacheco,DAR,ADAR,569,28.361575,109.777632,1386,Pacific/Auckland,True
Aeroporto Borges do Campo,DAS,ADAS,930,-21.361179,-110.98659,1363,Asia/Seoul,True
Aeroporto Pires,DAT,ADAT,563,27.163792,5.750224,3916,America/Toronto,True
Aeroporto Aparecida,DAU,ADAU,281,-57.483788,135.505326,2885,Asia/Singapore,True
Aeroporto Correia,DAV,ADAV,237,-75.766817,41.110571,3008,America/Lima,True
Aeroporto Brito de Barbosa,DAW,ADAW,841,-75.48416,-26.502648,1532,Africa/Johannesburg,True
Aeroporto da Rosa do Amparo,DAX,ADAX,196,-32.625273,-67.513884,3830,America/Toronto,True
Aeroporto Nascimento,DAY,ADAY,8,56.717241,174.026012,27,Australia/Sydney,True
Aeroporto Aparecida,DAZ,ADAZ,7,40.178566,18.568302,2437,America/Lima,True
Aeroporto Correia,DBA,ADBA,592,19.695895,105.252709,3272,Europe/Berlin,True
Aeroporto Novaes Paulista,DBB,ADBB,468,-21.980738,-30.186501,3396,Europe/London,True
Aeroporto Fonseca dos Dourados,DBC,ADBC,244,8.430129,-175.865491,2665,America/Lima,True
Aeroporto Lopes,DBD,ADBD,626,50.605623,-87.406278,2289,America/Toronto,True
Aeroporto Mendes,DBE,ADBE,767,-59.163317,144.080904,2726,Asia/Tokyo,True
Aeroporto Moura do Galho,DBF,ADBF,837,62.29938,-111.985827,283,America/Toronto,True
Aeroporto Cavalcante,DBG,ADBG,69,-26.816623,-145.343728,3387,Europe/Berlin,True
Aeroporto Sampaio Grande,DBH,ADBH,363,-70.247904,89.157182,815,America/Sao_Paulo,True
Aeroporto Aparecida Verde,DBI,ADBI,510,-34.447959,-141.388325,1887,Asia/Kolkata,True
Aeroporto Vieira,DBJ,ADBJ,775,-26.01329,37.946241,2745,America/Toronto,False
Aeroporto Sousa,DBK,ADBK,67,-1.577464,-1.214081,1166,Europe/London,True
Aeroporto Monteiro da Prata,DBL,ADBL,138,-14.434351,72.742494,4115,Asia/Singapore,True
Aeroporto Cavalcante,DBM,ADBM,981,-82.883092,75.373225,1413,Europe/Berlin,True
Aeroporto Sá de Moraes,DBN,ADBN,559,-69.833362,5.743616,3615,America/Chicago,True
Aeroporto Novais das Flores,DBO,ADBO,895,4.739047,43.95154,1884,Asia/Shanghai,True
Aeroporto Pereira Paulista,DBP,ADBP,315,31.454197,87.020489,2622,Europe/London,True
Aeroporto Cirino,DBQ,ADBQ,123,-77.290905,-121.956693,2598,America/Lima,True
Aeroporto Castro,DBR,ADBR,776,64.193258,140.813199,1781,America/Chicago,True
Aeroporto Pastor,DBS,ADBS,621,61.427286,-105.895982,861,America/Sao_Paulo,True
Aeroporto Vieira,DBT,ADBT,516,-17.505008,170.636058,441,Asia/Kolkata,True
Aeroporto Montenegro de Santos,DBU,ADBU,343,50.664528,29.327517,2125,Africa/Johannesburg,True
Aeroporto da Rosa de Goiás,DBV,ADBV,28,-47.722249,154.000518,782,Pacific/Auckland,True
Aeroporto Santos Paulista,DBW,ADBW,250,36.89716,-72.777494,3049,America/Mexico_City,True
Aeroporto Cavalcante,DBX,ADBX,39,75.185148,-133.563891,4102,Europe/London,True
Aeroporto Aparecida,DBY,ADBY,724,-44.491123,15.830411,3667,America/New_York,True
Aeroporto da Rocha,DBZ,ADBZ,269,85.05271,-157.434784,3855,America/Buenos_Aires,True
Aeroporto Porto,DCA,ADCA,812,23.820454,-113.861965,526,Europe/Lisbon,True
Aeroporto da Mota,DCB,ADCB,588,-3.915489,149.313874,88,Europe/Berlin,True
Aeroporto da Mata,DCC,ADCC,986,-86.292025,-112.425151,2550,Africa/Johannesburg,True
Aeroporto Ramos,DCD,ADCD,219,40.362626,-69.556722,1062,America/Los_Angeles,False
Aeroporto Costela,DCE,ADCE,370,-78.058194,-163.80559,170,Europe/Lisbon,True
Aeroporto Abreu,DCF,ADCF,2,-78.18556,46.442222,905,Europe/Berlin,True
Aeroporto Pires da Praia,DCG,ADCG,345,-24.050357,165.615455,3729,America/Lima,True
Aeroporto Barros da Prata,DCH,ADCH,49,39.735299,93.542125,1202,Africa/Johannesburg,True
Aeroporto Silveira Grande,DCI,ADCI,696,-48.236142,165.6348,3467,Asia/Seoul,True
Aeroporto Pimenta da Mata,DCJ,ADCJ,710,-6.434481,56.497177,4006,Asia/Dubai,True
Aeroporto Araújo do Sul,DCK,ADCK,79,37.939116,108.265497,4069,America/Mexico_City,True
Aeroporto Câmara Paulista,DCL,ADCL,870,58.170851,-3.20165,3900,America/Toronto,True
Aeroporto da Cunha,DCM,ADCM,380,65.658277,-101.614473,3935,Asia/Singapore,True
Aeroporto Nascimento,DCN,ADCN,132,52.17011,38.329728,688,America/Buenos_Aires,True
Aeroporto Silveira,DCO,ADCO,229,20.65034,51.560299,1316,America/New_York,True
Aeroporto Rezende Paulista,DCP,ADCP,488,-49.53156,-81.032132,957,America/Lima,True
Aeroporto Macedo,DCQ,ADCQ,350,43.067496,-32.439883,4176,America/Chicago,True
Aeroporto Duarte,DCR,ADCR,810,-7.875903,80.70899,2298,America/Los_Angeles,True
Aeroporto Costela Verde,DCS,ADCS,921,33.406377,-0.49277,3299,Asia/Seoul,True
Aeroporto Cassiano dos Dourados,DCT,ADCT,694,-82.790982,45.496277,876,Asia/Shanghai,True
Aeroporto Siqueira,DCU,ADCU,825,-32.5803,-60.67744,1578,America/Lima,True
Aeroporto Freitas Grande,DCV,ADCV,553,24.760812,-94.166649,3205,America/Toronto,True
Aeroporto Borges de Monteiro,DCW,ADCW,371,72.09496,117.805939,1566,Asia/Seoul,True
Aeroporto Marques,DCX,ADCX,188,-9.349507,62.737962,2590,Europe/Rome,False
Aeroporto Cavalcanti,DCY,ADCY,421,-48.97732,-66.955169,3444,Asia/Singapore,False
Aeroporto Nunes,DCZ,ADCZ,56,42.99868,166.872209,611,Asia/Seoul,True
Aeroporto Siqueira de Cirino,DDA,ADDA,470,10.605978,-79.522205,451,Africa/Johannesburg,True
Aeroporto Almeida da Mata,DDB,ADDB,368,32.839475,-54.632731,2757,Asia/Seoul,True
Aeroporto Cavalcanti,DDC,ADDC,328,-41.943588,157.309174,295,Asia/Singapore,True
Aeroporto Rodrigues do Oeste,DDD,ADDD,941,2.906746,33.653332,3384,Asia/Singapore,True
Aeroporto Casa Grande,DDE,ADDE,991,0.600385,9.227989,1349,Africa/Cairo,True
Aeroporto Lima,DDF,ADDF,748,-65.623638,170.435905,867,Asia/Seoul,True
Aeroporto Marques,DDG,ADDG,759,-83.034148,100.665362,74,Europe/Rome,False
Aeroporto Brito do Galho,DDH,ADDH,775,21.339064,-1.983612,557,America/Los_Angeles,True
Aeroporto Siqueira,DDI,ADDI,303,-17.544159,67.709747,3006,Africa/Johannesburg,True
Aeroporto Pereira,DDJ,ADDJ,710,-87.187656,159.690853,776,America/Sao_Paulo,True
Aeroporto Garcia,DDK,ADDK,319,9.351318,-32.812256,670,Pacific/Auckland,True
Aeroporto Almeida do Campo,DDL,ADDL,974,-40.784145,165.574443,1032,Asia/Seoul,True
Aeroporto Teixeira,DDM,ADDM,844,80.499047,-0.876559,2119,America/Lima,True
Aeroporto Cardoso,DDN,ADDN,482,-75.210437,109.873581,962,Pacific/Auckland,True
Aeroporto Vargas,DDO,ADDO,798,-87.519647,-92.8125,2673,Asia/Singapore,True
Aeroporto da Mata,DDP,ADDP,710,-38.652197,-74.247238,238,Asia/Singapore,True
Aeroporto Pires,DDQ,ADDQ,316,61.21934,57.386528,4342,America/Lima,True
Aeroporto Vieira,DDR,ADDR,896,-3.080771,141.171163,490,Asia/Seoul,True
Aeroporto Vieira,DDS,ADDS,795,-79.731534,107.31415,1864,Pacific/Auckland,True
Aeroporto Nogueira,DDT,ADDT,823,-6.473255,44.757954,4097,America/Lima,True
Aeroporto Santos de Minas,DDU,ADDU,268,-17.290205,26.499735,2323,Asia/Singapore,False
Aeroporto Carvalho,DDV,ADDV,876,4.931347,-142.098442,1569,America/New_York,True
Aeroporto Teixeira de Nunes,DDW,ADDW,437,48.204685,-76.17156,1113,Europe/Madrid,True
Aeroporto Castro de das Neves,DDX,ADDX,271,76.018828,68.162311,3044,America/Los_Angeles,True
Aeroporto Mendes Grande,DDY,ADDY,128,-60.110799,-47.806654,660,Australia/Sydney,True
Aeroporto Araújo,DDZ,ADDZ,252,-41.179099,145.270234,3770,Europe/Rome,True
Aeroporto Pires da Prata,DEA,ADEA,864,-62.179736,139.78779,3842,Europe/Lisbon,False
Aeroporto Almeida,DEB,ADEB,833,52.910576,101.535966,2708,Europe/Berlin,True
Aeroporto Caldeira,DEC,ADEC,323,-73.546273,53.785301,1268,Europe/Berlin,True
Aeroporto Caldeira do Galho,DED,ADED,842,-29.419718,-140.680539,544,America/Los_Angeles,True
Aeroporto Casa Grande do Sul,DEE,ADEE,943,72.176312,50.427976,227,Asia/Dubai,False
Aeroporto Alves,DEF,ADEF,105,-45.387614,-35.27595,1670,America/New_York,True
Aeroporto Lima,DEG,ADEG,370,66.805785,-116.446964,2533,Europe/Rome,True
Aeroporto Casa Grande da Praia,DEH,ADEH,886,-13.710311,153.883756,2001,America/Toronto,True
Aeroporto Câmara das Flores,DEI,ADEI,836,-53.970055,-84.414893,1114,Asia/Tokyo,True
Aeroporto Mendonça,DEJ,ADEJ,123,-67.735159,-32.631417,2561,Africa/Johannesburg,True
Aeroporto Camargo,DEK,ADEK,585,38.77609,-68.010113,1160,Asia/Kolkata,True
Aeroporto Caldeira,DEL,ADEL,88,6.108918,126.366661,2698,Asia/Tokyo,True
Aeroporto Fogaça de Minas,DEM,ADEM,782,49.31622,136.041647,4385,Europe/London,True
Aeroporto Campos da Praia,DEN,ADEN,131,39.570597,44.951772,491,America/Buenos_Aires,True
Aeroporto Aparecida,DEO,ADEO,872,20.167351,114.129927,2547,America/New_York,True
Aeroporto Cavalcanti,DEP,ADEP,197,-65.958046,-54.958526,3034,America/Lima,True
Aeroporto Moura Alegre,DEQ,ADEQ,357,2.011694,69.719199,2730,Africa/Cairo,True
Aeroporto Rocha,DER,ADER,531,-84.553231,-169.913384,4061,Asia/Tokyo,False
Aeroporto Cassiano da Mata,DES,ADES,510,38.89286,3.052896,3695,Europe/Berlin,True
Aeroporto Ferreira do Campo,DET,ADET,808,52.187859,-73.91147,1077,Asia/Shanghai,True
Aeroporto Monteiro da Praia,DEU,ADEU,721,36.221741,-2.757366,3952,Europe/Rome,True
Aeroporto Silva de Minas,DEV,ADEV,932,-40.77491,-39.413395,2009,America/New_York,True
Aeroporto Cassiano,DEW,ADEW,290,55.211848,-162.428818,71,Asia/Dubai,True
Aeroporto Dias,DEX,ADEX,895,1.986142,-131.141974,2438,America/Buenos_Aires,True
Aeroporto Gomes,DEY,ADEY,984,43.508804,-15.309192,2990,Europe/Berlin,True
Aeroporto Silveira de Vieira,DEZ,ADEZ,608,-48.983411,138.948343,2880,Africa/Cairo,True
Aeroporto Azevedo de Camargo,DFA,ADFA,669,54.803214,-172.548827,824,Europe/London,True
Aeroporto Siqueira Paulista,DFB,ADFB,908,62.35991,-171.231367,1287,Asia/Shanghai,True
Aeroporto Borges,DFC,ADFC,363,41.605014,37.098809,356,America/Chicago,True
Aeroporto Cardoso da Serra,DFD,ADFD,62,13.230842,176.991234,1823,Europe/London,True
Aeroporto Fogaça Alegre,DFE,ADFE,762,-44.482983,-168.810461,1174,Asia/Dubai,True
Aeroporto Lima de Mendes,DFF,ADFF,370,30.317188,141.392092,853,America/Mexico_City,True
Aeroporto Pereira Alegre,DFG,ADFG,207,-67.612465,-38.07293,465,Europe/Berlin,True
Aeroporto Rezende,DFH,ADFH,61,26.835266,-96.789887,2434,Europe/Madrid,True
Aeroporto Gomes,DFI,ADFI,612,1.532795,11.218951,2190,Europe/London,True
Aeroporto Novaes do Amparo,DFJ,ADFJ,587,-25.652235,66.844463,1988,Asia/Kolkata,True
Aeroporto Nascimento de Nascimento,DFK,ADFK,872,-0.112416,147.717853,3392,America/Toronto,True
Aeroporto Gomes,DFL,ADFL,949,53.718916,37.618901,2902,America/Mexico_City,True
Aeroporto Pacheco,DFM,ADFM,863,-7.844621,2.546631,950,Europe/Paris,True
Aeroporto Moura Verde,DFN,ADFN,198,40.616607,-2.515857,2358,Africa/Johannesburg,True
Aeroporto Sampaio,DFO,ADFO,675,54.183628,-21.798402,872,Pacific/Auckland,True
Aeroporto da Costa,DFP,ADFP,871,-63.888166,65.79904,193,Europe/Paris,True
Aeroporto Abreu do Oeste,DFQ,ADFQ,989,-52.439661,130.49892,1059,Australia/Sydney,True
Aeroporto Fonseca,DFR,ADFR,473,-16.4421,113.65246,249,Asia/Seoul,True
Aeroporto Carvalho de Camargo,DFS,ADFS,42,-39.93031,152.28562,2755,Africa/Johannesburg,True
Aeroporto Ferreira,DFT,ADFT,83,-60.593299,-44.001676,4134,America/Chicago,True
Aeroporto Vasconcelos Grande,DFU,ADFU,988,-87.13652,-177.642086,1112,America/Mexico_City,True
Aeroporto Marques Grande,DFV,ADFV,135,5.74146,37.116371,310,Australia/Sydney,True
Aeroporto da Cruz do Oeste,DFW,ADFW,299,32.250769,-58.136407,2920,Europe/Paris,True
Aeroporto Araújo,DFX,ADFX,955,4.65998,78.540171,1104,Asia/Singapore,True
Aeroporto Campos,DFY,ADFY,922,-14.400184,-6.653099,2235,Europe/Paris,True
Aeroporto Garcia,DFZ,ADFZ,216,-32.697797,-84.601882,1877,Africa/Cairo,True
Aeroporto Sampaio,DGA,ADGA,468,-55.165263,103.513289,3608,Pacific/Auckland,True
Aeroporto Freitas do Norte,DGB,ADGB,623,-14.71849,88.625461,1532,America/Chicago,True
Aeroporto Ribeiro,DGC,ADGC,353,-68.455135,-175.708978,3107,America/Sao_Paulo,True
Aeroporto Mendes,DGD,ADGD,775,-60.275874,-87.314515,2059,America/Mexico_City,True
Aeroporto Alves,DGE,ADGE,980,67.897524,59.933861,3134,Asia/Tokyo,True
Aeroporto Fonseca,DGF,ADGF,509,-77.709026,144.937411,3902,Europe/Madrid,True
Aeroporto Barros,DGG,ADGG,27,-25.902661,-178.451489,1593,America/Chicago,True
Aeroporto Barbosa,DGH,ADGH,228,-84.542184,111.563986,2960,America/New_York,True
Aeroporto Nunes,DGI,ADGI,215,61.433389,-11.853842,1865,America/Los_Angeles,True
Aeroporto Cassiano da Serra,DGJ,ADGJ,627,-4.259839,-110.60278,2254,America/Chicago,True
Aeroporto Souza de Carvalho,DGK,ADGK,530,-28.820609,141.740448,1309,Africa/Johannesburg,True
Aeroporto Melo das Pedras,DGL,ADGL,686,74.24081,-45.677414,219,Pacific/Auckland,True
Aeroporto Macedo do Sul,DGM,ADGM,558,38.912724,-179.906867,481,Australia/Sydney,True
Aeroporto Camargo Grande,DGN,ADGN,29,10.939508,46.172033,699,Europe/Paris,True
Aeroporto Ramos,DGO,ADGO,125,4.040403,124.297122,2287,Asia/Shanghai,True
Aeroporto Pereira,DGP,ADGP,611,89.273897,71.883465,3387,Asia/Seoul,False
Aeroporto Montenegro,DGQ,ADGQ,241,-52.253098,112.629509,4227,America/Toronto,True
Aeroporto Albuquerque,DGR,ADGR,360,-69.302196,-50.119765,242,Europe/Berlin,True
Aeroporto Lima dos Dourados,DGS,ADGS,15,57.429242,18.287396,4410,America/New_York,True
Aeroporto Oliveira do Galho,DGT,ADGT,885,-89.455458,37.80314,549,Asia/Singapore,True
Aeroporto Santos de Goiás,DGU,ADGU,174,81.853851,84.328253,997,Europe/Madrid,True
Aeroporto Castro Paulista,DGV,ADGV,49,-10.133668,45.098441,3466,Australia/Sydney,True
Aeroporto Moreira,DGW,ADGW,529,36.120217,-5.546072,2790,Africa/Johannesburg,True
Aeroporto Cardoso do Oeste,DGX,ADGX,973,88.360517,31.572356,794,Europe/Lisbon,True
Aeroporto Pinto do Norte,DGY,ADGY,304,21.350341,147.143445,1441,Europe/Madrid,True
Aeroporto Gonçalves,DGZ,ADGZ,637,-37.571814,-38.395403,3648,Europe/Paris,True
Aeroporto Souza,DHA,ADHA,979,-28.958993,14.463619,1022,Europe/Lisbon,True
Aeroporto Sales,DHB,ADHB,138,-82.915179,105.562767,1851,Africa/Cairo,True
Aeroporto Mendes de Dias,DHC,ADHC,784,29.183396,148.789634,2123,Asia/Dubai,True
Aeroporto Garcia da Serra,DHD,ADHD,499,67.813516,-86.115481,1584,Europe/Lisbon,True
Aeroporto Freitas,DHE,ADHE,207,64.496537,145.530654,873,Asia/Kolkata,True
Aeroporto Correia Paulista,DHF,ADHF,944,80.554116,90.77648,3093,Asia/Singapore,True
Aeroporto Caldeira,DHG,ADHG,35,-10.508438,141.986419,3436,America/Lima,True
Aeroporto Fonseca,DHH,ADHH,854,65.680025,70.730399,2948,America/Buenos_Aires,True
Aeroporto Alves de Goiás,DHI,ADHI,278,21.706957,164.784997,704,America/New_York,True
Aeroporto Castro da Prata,DHJ,ADHJ,831,78.703239,-15.217111,1238,Asia/Kolkata,True
Aeroporto Azevedo,DHK,ADHK,94,0.720669,44.933128,3686,America/Buenos_Aires,True
Aeroporto Peixoto,DHL,ADHL,325,-51.00726,-9.824545,593,Europe/Paris,True
Aeroporto Sá,DHM,ADHM,218,68.186624,-140.574721,2178,Asia/Shanghai,True
Aeroporto Correia da Prata,DHN,ADHN,612,3.876665,-127.00087,2119,Europe/Madrid,True
Aeroporto Porto,DHO,ADHO,450,8.384729,-82.653404,22,Europe/Lisbon,False
Aeroporto da Costa,DHP,ADHP,644,16.052496,-39.967824,559,Pacific/Auckland,True
Aeroporto Barros Verde,DHQ,ADHQ,383,-19.095796,28.765796,3539,America/Mexico_City,True
Aeroporto Nunes,DHR,ADHR,143,46.233299,120.124568,1806,Africa/Johannesburg,True
Aeroporto Aparecida de Aragão,DHS,ADHS,743,-61.373621,163.018506,2804,Asia/Seoul,True
Aeroporto Borges da Mata,DHT,ADHT,145,-24.442943,140.76931,1512,America/Chicago,True
Aeroporto Fogaça,DHU,ADHU,256,-89.125261,18.923982,2796,Asia/Singapore,True
Aeroporto Gonçalves do Galho,DHV,ADHV,884,13.699305,103.561795,943,Asia/Shanghai,True
Aeroporto Dias,DHW,ADHW,723,-35.111767,-57.449079,3181,Asia/Dubai,False
Aeroporto Silveira da Praia,DHX,ADHX,595,7.137381,80.631765,6,Asia/Tokyo,True
Aeroporto Sampaio,DHY,ADHY,831,6.784643,-33.384826,378,America/Mexico_City,True
Aeroporto Farias,DHZ,ADHZ,32,-53.606766,147.614768,599,Europe/Madrid,True
Aeroporto Sousa do Galho,DIA,ADIA,416,-29.091994,-111.942669,4223,Asia/Tokyo,True
Aeroporto Montenegro,DIB,ADIB,959,6.498993,41.951683,3635,America/Toronto,True
Aeroporto Alves,DIC,ADIC,836,83.750181,85.092133,356,Asia/Kolkata,False
Aeroporto Mendes Verde,DID,ADID,511,-40.975964,-44.162201,2277,Europe/Madrid,True
Aeroporto da Rocha,DIE,ADIE,456,-84.350373,-161.682581,2275,America/Toronto,True
Aeroporto Cassiano,DIF,ADIF,748,66.183219,-4.247688,2530,Europe/Lisbon,True
Aeroporto Barros de Pires,DIG,ADIG,574,-11.217078,57.714314,3125,Europe/Madrid,True
Aeroporto Silva,DIH,ADIH,720,-7.482307,-112.874922,649,Asia/Shanghai,True
Aeroporto Cunha,DII,ADII,725,-1.837304,-71.621719,50,America/Toronto,True
Aeroporto Vargas,DIJ,ADIJ,996,-22.561867,0.573527,3515,America/Los_Angeles,True
Aeroporto Montenegro,DIK,ADIK,298,46.856328,80.795934,2519,America/Chicago,True
Aeroporto Machado Grande,DIL,ADIL,501,1.062812,137.656326,520,Europe/Rome,True
Aeroporto da Rocha da Praia,DIM,ADIM,752,18.785168,0.205158,1418,Asia/Kolkata,True
Aeroporto Aparecida das Flores,DIN,ADIN,265,33.488889,-118.070932,1319,Europe/London,True
Aeroporto Costela,DIO,ADIO,225,13.723526,30.683232,4293,Europe/Paris,True
Aeroporto Cassiano,DIP,ADIP,577,51.386486,-174.852534,1006,Europe/Berlin,True
Aeroporto Brito de Albuquerque,DIQ,ADIQ,142,29.127084,-177.580456,2237,Pacific/Auckland,True
Aeroporto Vargas,DIR,ADIR,800,-26.800844,-16.783443,3956,America/Chicago,True
Aeroporto Novaes de Minas,DIS,ADIS,848,30.015685,-140.233326,3806,Africa/Cairo,True
Aeroporto Brito de Marques,DIT,ADIT,400,-88.728061,-66.365738,4489,America/Lima,True
Aeroporto Cavalcante da Mata,DIU,ADIU,591,-74.786586,-144.456996,2540,Asia/Shanghai,True
Aeroporto Azevedo,DIV,ADIV,411,-1.52097,103.287735,3687,Asia/Seoul,True
Aeroporto Oliveira da Praia,DIW,ADIW,955,-22.960305,-9.419704,3547,Asia/Dubai,True
Aeroporto Borges de Minas,DIX,ADIX,258,-3.481572,-38.142396,2890,Europe/London,False
Aeroporto Santos,DIY,ADIY,688,42.730549,-56.871744,1144,America/Lima,True
Aeroporto da Luz de Melo,DIZ,ADIZ,338,68.483483,153.566477,578,Australia/Sydney,True
Aeroporto Teixeira dos Dourados,DJA,ADJA,295,13.180739,13.423079,4055,Pacific/Auckland,True
Aeroporto Campos,DJB,ADJB,572,0.230264,178.584524,3834,Asia/Shanghai,True
Aeroporto Aparecida de Fonseca,DJC,ADJC,283,-64.486225,-178.219119,630,Africa/Johannesburg,True
Aeroporto Guerra das Pedras,DJD,ADJD,371,34.621497,-30.904531,1394,America/Bogota,True
Aeroporto Macedo,DJE,ADJE,479,51.054541,-96.422567,4310,Asia/Kolkata,True
Aeroporto Moraes Alegre,DJF,ADJF,283,-83.753811,-43.234723,3923,Europe/London,True
Aeroporto Barros das Pedras,DJG,ADJG,882,82.816677,-107.21907,306,Europe/Madrid,True
Aeroporto da Luz de Rodrigues,DJH,ADJH,888,-74.210382,-91.018185,1589,America/Chicago,True
Aeroporto Pinto,DJI,ADJI,195,89.96843,115.474009,1958,Europe/Madrid,True
Aeroporto Sousa,DJJ,ADJJ,919,-75.783608,151.840845,4164,Europe/Rome,True
Aeroporto Sampaio,DJK,ADJK,411,-26.344486,0.636291,2649,Asia/Tokyo,True
Aeroporto Cassiano,DJL,ADJL,328,-23.124478,70.75064,2912,Europe/London,True
Aeroporto da Rocha,DJM,ADJM,107,-28.151495,-80.46716,3375,America/Bogota,True
Aeroporto Castro Verde,DJN,ADJN,260,-27.640421,74.704081,4286,Europe/Berlin,True
Aeroporto Barbosa de Goiás,DJO,ADJO,960,-8.447985,25.873253,4474,Europe/Berlin,True
Aeroporto Martins de Minas,DJP,ADJP,468,38.271451,-147.962779,1978,Asia/Tokyo,True
Aeroporto Martins dos Dourados,DJQ,ADJQ,407,81.943267,148.992255,3539,Europe/Madrid,True
Aeroporto Caldeira de Barros,DJR,ADJR,209,55.419375,15.339287,2911,America/Mexico_City,True
Aeroporto Siqueira,DJS,ADJS,551,-11.274642,-89.87903,3800,Africa/Cairo,True
Aeroporto Gonçalves,DJT,ADJT,145,-31.136264,65.706022,376,America/Mexico_City,True
Aeroporto Costa das Flores,DJU,ADJU,630,44.994986,177.546957,3540,Europe/London,True
Aeroporto Azevedo Alegre,DJV,ADJV,435,78.168873,-69.653214,3854,Asia/Kolkata,True
Aeroporto Pereira do Amparo,DJW,ADJW,173,16.54401,-38.399629,4396,Europe/Lisbon,True
Aeroporto Sampaio,DJX,ADJX,538,64.801057,121.14358,3975,America/Lima,True
Aeroporto Camargo de da Mota,DJY,ADJY,445,-3.350434,81.678897,398,America/Chicago,True
Aeroporto Andrade de Nogueira,DJZ,ADJZ,5,-66.399088,175.69772,4050,America/Chicago,True
Aeroporto Melo,DKA,ADKA,60,32.341556,178.850895,2562,America/Toronto,True
Aeroporto Porto,DKB,ADKB,885,-67.102772,-176.749787,4423,Africa/Johannesburg,True
Aeroporto Dias,DKC,ADKC,104,74.719254,-135.287989,2992,Africa/Cairo,True
Aeroporto Peixoto,DKD,ADKD,43,24.104083,143.653285,3135,Europe/Paris,True
Aeroporto Araújo da Praia,DKE,ADKE,836,87.520181,-82.561702,1498,Europe/London,False
Aeroporto Melo do Oeste,DKF,ADKF,401,-29.415294,-33.107645,1931,America/Bogota,True
Aeroporto Cunha,DKG,ADKG,695,-26.494721,7.892556,2358,Europe/Berlin,True
Aeroporto Teixeira,DKH,ADKH,393,-66.919187,-93.390353,4411,America/Chicago,True
Aeroporto da Mata Paulista,DKI,ADKI,15,-47.696838,51.553799,2571,Asia/Tokyo,True
Aeroporto Barros,DKJ,ADKJ,610,46.209158,121.746294,536,Africa/Johannesburg,True
Aeroporto Azevedo,DKK,ADKK,164,-78.968106,138.292369,4335,Europe/Lisbon,True
Aeroporto Guerra de Minas,DKL,ADKL,971,-27.625467,-4.370699,3023,America/Sao_Paulo,True
Aeroporto Silva dos Dourados,DKM,ADKM,764,18.044806,85.500452,2021,Europe/Paris,True
Aeroporto Moura do Oeste,DKN,ADKN,876,15.166334,158.493629,3814,America/Sao_Paulo,True
Aeroporto Cirino do Norte,DKO,ADKO,277,-89.296293,154.034183,1656,America/Chicago,False
Aeroporto Lima,DKP,ADKP,635,-87.835565,-5.682069,1424,Europe/Madrid,True
Aeroporto Sá da Mata,DKQ,ADKQ,720,34.102738,157.932965,1058,Asia/Seoul,True
Aeroporto Costa,DKR,ADKR,487,23.327961,-100.57979,3573,Asia/Shanghai,True
Aeroporto Leão do Amparo,DKS,ADKS,452,-18.389352,-22.474419,3635,Asia/Shanghai,True
Aeroporto Nascimento de Sales,DKT,ADKT,231,-29.240418,-68.405528,874,Europe/Lisbon,True
Aeroporto Sampaio,DKU,ADKU,100,-57.649594,-39.7318,3506,America/Los_Angeles,True
Aeroporto Fogaça Verde,DKV,ADKV,700,-45.528634,-101.823913,1044,America/Bogota,True
Aeroporto Albuquerque da Prata,DKW,ADKW,474,37.404496,119.616757,565,Asia/Shanghai,True
Aeroporto Barbosa,DKX,ADKX,658,-72.320053,138.492811,1823,Africa/Cairo,True
Aeroporto Duarte,DKY,ADKY,52,-11.400472,-9.882091,4420,America/Bogota,True
Aeroporto Albuquerque Grande,DKZ,ADKZ,339,0.764373,140.989899,3657,Australia/Sydney,True
Aeroporto Casa Grande de Monteiro,DLA,ADLA,722,69.221786,23.389855,1078,America/Bogota,True
Aeroporto Camargo das Pedras,DLB,ADLB,886,-82.18779,-18.027999,916,America/Mexico_City,True
Aeroporto Moreira do Sul,DLC,ADLC,152,87.551458,-55.210535,1985,America/Lima,True
Aeroporto Cardoso de Porto,DLD,ADLD,372,-33.289518,60.464713,717,Europe/Lisbon,True
Aeroporto Porto de Pacheco,DLE,ADLE,87,52.158722,-147.753991,1531,Europe/Paris,False
Aeroporto Andrade,DLF,ADLF,949,37.115669,128.294973,2664,America/Bogota,True
Aeroporto Souza,DLG,ADLG,4,39.085456,120.297684,1553,Asia/Dubai,True
Aeroporto Leão,DLH,ADLH,221,-19.386723,-75.563497,1722,Europe/Paris,True
Aeroporto Peixoto,DLI,ADLI,577,55.505502,-29.374892,761,Europe/Rome,True
Aeroporto Cunha da Praia,DLJ,ADLJ,707,46.826533,152.378088,61,Africa/Cairo,True
Aeroporto Correia,DLK,ADLK,645,-62.955705,151.14542,3616,Asia/Dubai,True
Aeroporto Freitas,DLL,ADLL,245,-32.554779,-13.746392,384,Africa/Cairo,True
Aeroporto Almeida da Mata,DLM,ADLM,904,75.615194,151.826657,2618,Africa/Johannesburg,True
Aeroporto Montenegro do Campo,DLN,ADLN,58,18.285265,-101.412254,4427,Asia/Seoul,True
Aeroporto Rezende de Marques,DLO,ADLO,41,-87.432348,31.680569,491,Africa/Johannesburg,True
Aeroporto Jesus da Praia,DLP,ADLP,650,85.584528,-56.841664,3474,Africa/Cairo,True
Aeroporto Nogueira das Pedras,DLQ,ADLQ,955,-9.730006,-60.945981,3297,Asia/Shanghai,True
Aeroporto Camargo da Serra,DLR,ADLR,124,-3.701844,18.986394,2531,Asia/Singapore,True
Aeroporto Lima de Freitas,DLS,ADLS,248,-37.926915,109.233127,1774,Europe/Madrid,True
Aeroporto Novaes,DLT,ADLT,294,57.608171,-52.665459,3384,Pacific/Auckland,True
Aeroporto Nogueira,DLU,ADLU,843,48.820431,-59.693484,3365,America/Toronto,True
Aeroporto Garcia da Mata,DLV,ADLV,124,-6.20291,-1.771075,2568,Asia/Seoul,True
Aeroporto Porto da Mata,DLW,ADLW,528,-24.038838,103.538886,4093,Asia/Dubai,True
Aeroporto Borges,DLX,ADLX,396,-25.384427,114.124607,2956,America/Lima,True
Aeroporto Borges,DLY,ADLY,809,-15.86861,-164.960991,1873,America/Mexico_City,True
Aeroporto Pimenta,DLZ,ADLZ,762,-33.340189,-114.358209,3237,America/Toronto,True
Aeroporto Caldeira do Amparo,DMA,ADMA,263,24.736972,-148.220748,1308,Europe/Paris,True
Aeroporto Porto,DMB,ADMB,131,-31.307815,83.646969,2773,Asia/Shanghai,True
Aeroporto Montenegro de Pacheco,DMC,ADMC,602,24.101564,122.104461,1621,Asia/Singapore,True
Aeroporto Rios,DMD,ADMD,236,-2.758878,-31.243425,2236,America/Chicago,True
Aeroporto Leão do Oeste,DME,ADME,959,-12.664131,-102.958642,1514,America/Bogota,True
Aeroporto Vasconcelos,DMF,ADMF,48,8.122189,-100.555475,3986,Europe/London,True
Aeroporto Novaes de Garcia,DMG,ADMG,573,-64.306165,-174.189247,1640,Asia/Shanghai,True
Aeroporto Costa,DMH,ADMH,153,-33.948502,172.418478,1558,America/Bogota,True
Aeroporto Campos de Ferreira,DMI,ADMI,622,24.833046,-168.142563,2503,America/Lima,True
Aeroporto Jesus de Ramos,DMJ,ADMJ,137,10.258546,-170.792211,3543,Africa/Johannesburg,True
Aeroporto Abreu da Praia,DMK,ADMK,606,55.798035,-108.670845,445,America/Buenos_Aires,True
Aeroporto Montenegro,DML,ADML,957,-51.764821,179.539692,2408,Asia/Seoul,True
Aeroporto da Mata Paulista,DMM,ADMM,469,33.666851,-171.342996,3590,Pacific/Auckland,True
Aeroporto Vieira das Pedras,DMN,ADMN,311,-18.137054,172.995149,3090,America/Bogota,True
Aeroporto Abreu,DMO,ADMO,576,-50.043416,154.542561,39,Africa/Johannesburg,True
Aeroporto Andrade do Sul,DMP,ADMP,649,-34.326582,6.494579,4141,Europe/Paris,True
Aeroporto Cassiano,DMQ,ADMQ,762,-25.92342,82.359551,4336,Asia/Tokyo,True
Aeroporto Moreira Alegre,DMR,ADMR,186,-29.844382,47.956195,1353,America/Lima,True
Aeroporto Cavalcante Verde,DMS,ADMS,189,-22.139352,23.603557,1198,Europe/Berlin,True
Aeroporto da Costa da Prata,DMT,ADMT,797,-64.304381,-18.746676,1301,Australia/Sydney,True
Aeroporto Correia das Flores,DMU,ADMU,969,-35.249371,118.047173,3382,America/Buenos_Aires,True
Aeroporto Oliveira,DMV,ADMV,621,38.088803,-9.512414,449,America/Toronto,True
Aeroporto Cardoso das Flores,DMW,ADMW,479,-58.169568,101.14465,1973,Europe/Rome,True
Aeroporto Guerra,DMX,ADMX,897,68.004313,-25.047497,3258,America/Los_Angeles,False
Aeroporto Moreira da Serra,DMY,ADMY,103,78.721397,-72.625617,3164,America/Chicago,True
Aeroporto da Conceição do Campo,DMZ,ADMZ,388,66.616005,-37.491987,4113,America/Buenos_Aires,True
Aeroporto Montenegro,DNA,ADNA,757,44.317763,70.342899,3857,America/Bogota,True
Aeroporto Pires,DNB,ADNB,279,84.9354,37.465519,2087,America/Sao_Paulo,True
Aeroporto Teixeira Paulista,DNC,ADNC,697,78.325378,93.325142,2950,America/Chicago,True
Aeroporto Duarte,DND,ADND,438,21.88497,-63.356619,710,Europe/Madrid,True
Aeroporto Borges,DNE,ADNE,280,-81.531004,22.120642,4425,Europe/Madrid,True
Aeroporto Alves,DNF,ADNF,241,66.38886,16.006799,4460,America/Sao_Paulo,True
Aeroporto Albuquerque Verde,DNG,ADNG,594,43.416286,-83.572138,3447,America/Lima,True
Aeroporto Alves,DNH,ADNH,139,26.172248,104.394842,1666,Australia/Sydney,True
Aeroporto Oliveira,DNI,ADNI,617,84.499873,-90.827181,19,America/Chicago,True
Aeroporto Alves Grande,DNJ,ADNJ,898,-61.604567,154.93676,227,America/Chicago,True
Aeroporto Porto de Pires,DNK,ADNK,99,0.211359,-47.857121,254,America/Sao_Paulo,True
Aeroporto Cirino de Goiás,DNL,ADNL,247,14.389236,-49.027527,1771,America/Chicago,True
Aeroporto da Rosa,DNM,ADNM,249,56.463961,-37.807928,1776,Africa/Johannesburg,True
Aeroporto Nascimento,DNN,ADNN,787,-89.123275,19.192748,651,Europe/Paris,True
Aeroporto Silveira,DNO,ADNO,188,-46.00687,17.735089,3493,Australia/Sydney,True
Aeroporto Vargas Paulista,DNP,ADNP,854,-69.768557,44.073051,148,Europe/Madrid,True
Aeroporto da Mota,DNQ,ADNQ,792,-7.830093,48.817412,3267,America/Lima,True
Aeroporto Casa Grande,DNR,ADNR,15,-88.595541,-177.946858,861,Africa/Cairo,True
Aeroporto Porto,DNS,ADNS,770,44.762489,162.438294,3081,Asia/Tokyo,True
Aeroporto Camargo,DNT,ADNT,905,-51.738235,92.793771,2408,Europe/Lisbon,True
Aeroporto Peixoto de Campos,DNU,ADNU,264,88.413797,102.296871,4180,Asia/Seoul,True
Aeroporto Casa Grande,DNV,ADNV,382,74.366167,-67.458184,4037,Europe/Lisbon,True
Aeroporto da Luz da Serra,DNW,ADNW,119,-69.558017,171.492729,479,America/Mexico_City,True
Aeroporto Barbosa,DNX,ADNX,464,-88.056934,-6.252229,4366,Europe/Paris,True
Aeroporto Fonseca de Costela,DNY,ADNY,865,-44.187197,-163.228668,1944,Africa/Johannesburg,True
Aeroporto Brito do Amparo,DNZ,ADNZ,737,3.541424,129.977123,4467,America/Toronto,True
Aeroporto Jesus,DOA,ADOA,643,38.411353,50.944518,1464,Europe/Berlin,True
Aeroporto Mendonça,DOB,ADOB,390,29.891814,-175.457212,3069,America/Bogota,True
Aeroporto Costela,DOC,ADOC,220,-57.96928,71.24184,4475,Europe/Madrid,True
Aeroporto Garcia Alegre,DOD,ADOD,754,45.743529,-112.715192,3693,Asia/Dubai,True
Aeroporto Castro de Cirino,DOE,ADOE,152,27.997309,-164.544817,1343,America/Chicago,True
Aeroporto Albuquerque da Serra,DOF,ADOF,102,-11.402467,23.039822,2376,Europe/Paris,True
Aeroporto Campos,DOG,ADOG,928,44.120287,-119.712493,3164,Australia/Sydney,True
Aeroporto Ferreira do Amparo,DOH,ADOH,104,44.873994,-149.96116,3653,Pacific/Auckland,True
Aeroporto Castro,DOI,ADOI,823,-12.05885,152.282603,4399,Asia/Kolkata,True
Aeroporto Campos do Oeste,DOJ,ADOJ,976,17.604495,-115.37338,785,Asia/Tokyo,True
Aeroporto Nascimento,DOK,ADOK,407,67.441116,91.444467,3541,Asia/Singapore,True
Aeroporto Moreira,DOL,ADOL,17,-59.286224,-165.313485,2448,America/Chicago,True
Aeroporto Cunha,DOM,ADOM,827,77.59246,-58.316883,189,Europe/Lisbon,True
Aeroporto Camargo do Oeste,DON,ADON,13,-25.017479,-108.940918,4275,Europe/Rome,True
Aeroporto Duarte,DOO,ADOO,63,29.65381,-170.111284,2640,Asia/Tokyo,False
Aeroporto Câmara,DOP,ADOP,266,0.324106,-121.026009,2385,Asia/Kolkata,True
Aeroporto Siqueira,DOQ,ADOQ,458,-78.788746,101.400884,4130,Europe/Rome,True
Aeroporto da Mata,DOR,ADOR,625,-1.415253,84.181159,1861,America/Sao_Paulo,True
Aeroporto Mendes do Oeste,DOS,ADOS,403,-40.931697,-74.118461,330,Asia/Tokyo,True
Aeroporto Ferreira,DOT,ADOT,238,-32.052475,78.439022,63,America/Chicago,True
Aeroporto Martins do Amparo,DOU,ADOU,168,-10.464126,-16.357528,3626,Europe/Madrid,True
Aeroporto Moraes das Flores,DOV,ADOV,141,8.729622,23.294824,965,America/Mexico_City,True
Aeroporto da Cunha,DOW,ADOW,242,-66.521503,-50.03765,737,Asia/Seoul,True
Aeroporto Costa,DOX,ADOX,847,-55.210046,-170.032181,1601,Asia/Dubai,True
Aeroporto Gonçalves do Campo,DOY,ADOY,75,69.443091,34.753651,2980,America/Sao_Paulo,True
Aeroporto Cavalcante do Oeste,DOZ,ADOZ,43,-17.778645,-156.882255,3842,Africa/Cairo,True
Aeroporto Lopes de Machado,DPA,ADPA,280,64.054979,-9.137281,636,America/Toronto,True
Aeroporto Peixoto Paulista,DPB,ADPB,51,30.292806,-82.254052,2880,Asia/Singapore,True
Aeroporto Pinto do Campo,DPC,ADPC,935,1.838722,-34.005969,1599,Africa/Cairo,True
Aeroporto Lima do Oeste,DPD,ADPD,168,70.962163,102.754193,2085,America/New_York,True
Aeroporto Freitas de Minas,DPE,ADPE,677,18.749694,-69.153991,2439,America/Buenos_Aires,True
Aeroporto Cavalcante de Andrade,DPF,ADPF,963,-45.638531,173.758705,4269,America/Los_Angeles,True
Aeroporto Pastor das Pedras,DPG,ADPG,936,-67.626533,178.845971,2247,Asia/Tokyo,True
Aeroporto Pereira do Galho,DPH,ADPH,512,53.231096,-35.237842,3596,Asia/Kolkata,True
Aeroporto Gonçalves do Sul,DPI,ADPI,599,64.892109,-133.471331,3269,America/Toronto,False
Aeroporto Cirino,DPJ,ADPJ,496,-82.978103,-124.819725,774,Asia/Singapore,True
Aeroporto Lima da Serra,DPK,ADPK,340,-76.481744,143.818801,3823,Asia/Seoul,True
Aeroporto da Cruz de Minas,DPL,ADPL,133,69.175808,59.57304,34,Europe/Rome,True
Aeroporto Ribeiro,DPM,ADPM,359,82.305378,-70.079873,4135,Europe/Paris,True
Aeroporto Freitas Grande,DPN,ADPN,673,-65.522721,130.333587,1218,America/New_York,True
Aeroporto Campos do Sul,DPO,ADPO,362,24.499975,51.959827,1495,America/Buenos_Aires,True
Aeroporto Sales do Sul,DPP,ADPP,578,10.013182,102.182487,2955,America/Mexico_City,True
Aeroporto Cunha dos Dourados,DPQ,ADPQ,179,86.124618,164.634035,1557,Europe/Berlin,True
Aeroporto da Conceição da Prata,DPR,ADPR,348,36.105719,141.029702,130,Europe/Paris,True
Aeroporto Gomes,DPS,ADPS,262,-84.597685,113.607867,1988,America/Lima,True
Aeroporto Pereira do Oeste,DPT,ADPT,682,-13.736162,76.992264,4329,Europe/Lisbon,True
Aeroporto Caldeira,DPU,ADPU,294,6.068784,-84.035832,3726,Europe/Madrid,True
Aeroporto Silva de Minas,DPV,ADPV,239,-32.562877,93.166469,2841,Europe/London,True
Aeroporto Rodrigues das Pedras,DPW,ADPW,618,-76.060657,83.895377,3410,Africa/Johannesburg,True
Aeroporto Dias do Oeste,DPX,ADPX,171,52.026126,-124.012477,2039,Asia/Tokyo,True
Aeroporto Aragão,DPY,ADPY,888,-49.365416,-95.517248,2553,America/Sao_Paulo,True
Aeroporto Monteiro de Aparecida,DPZ,ADPZ,646,-61.553235,126.75588,3367,Asia/Kolkata,True
Aeroporto Leão do Campo,DQA,ADQA,277,50.317998,-137.991274,1091,America/Chicago,True
Aeroporto Machado,DQB,ADQB,707,-54.675869,137.605977,2812,Europe/Paris,True
Aeroporto Peixoto,DQC,ADQC,426,-51.879514,-118.32218,4326,America/Buenos_Aires,True
Aeroporto Pastor das Flores,DQD,ADQD,909,-50.913128,-48.802642,263,Europe/Lisbon,True
Aeroporto Oliveira,DQE,ADQE,373,-24.64744,77.976634,2510,Europe/Berlin,True
Aeroporto da Paz,DQF,ADQF,298,78.122759,-149.741021,862,Asia/Singapore,True
Aeroporto Ramos,DQG,ADQG,911,13.655447,-74.509988,2723,Australia/Sydney,True
Aeroporto Martins,DQH,ADQH,171,47.755664,-150.820818,4353,America/Mexico_City,True
Aeroporto Cardoso das Flores,DQI,ADQI,877,22.58279,-71.908258,1946,Pacific/Auckland,True
Aeroporto Nascimento,DQJ,ADQJ,376,-76.573017,44.654559,1007,Asia/Kolkata,True
Aeroporto Fernandes,DQK,ADQK,503,25.502644,-117.490502,2061,Africa/Johannesburg,True
Aeroporto Azevedo,DQL,ADQL,183,15.594453,136.239198,3622,Europe/Paris,True
Aeroporto Brito de Leão,DQM,ADQM,746,-53.226459,-102.813238,4327,Australia/Sydney,True
Aeroporto da Mota Alegre,DQN,ADQN,661,12.585508,-137.428141,1964,America/Sao_Paulo,True
Aeroporto Guerra de Minas,DQO,ADQO,324,55.713788,-86.007394,616,Pacific/Auckland,True
Aeroporto Monteiro do Norte,DQP,ADQP,285,-3.580738,24.780959,1921,America/New_York,True
Aeroporto da Rosa dos Dourados,DQQ,ADQQ,477,56.298065,20.773843,2130,Asia/Tokyo,True
Aeroporto Ramos de Campos,DQR,ADQR,79,-85.372007,1.14197,1149,Europe/Rome,True
Aeroporto Pinto do Campo,DQS,ADQS,308,72.736027,-94.099695,3919,America/Buenos_Aires,True
Aeroporto Câmara,DQT,ADQT,846,86.126217,158.317114,2527,Europe/Berlin,True
Aeroporto Albuquerque,DQU,ADQU,838,24.424069,151.529822,3405,America/Sao_Paulo,True
Aeroporto Caldeira,DQV,ADQV,755,43.820279,-39.867671,216,Asia/Dubai,True
Aeroporto Sales das Pedras,DQW,ADQW,610,22.798001,-92.755595,3652,Europe/Lisbon,True
Aeroporto Cavalcante,DQX,ADQX,903,56.16913,107.63267,523,Pacific/Auckland,True
Aeroporto Correia,DQY,ADQY,613,82.035385,46.377352,3160,Asia/Tokyo,False
Aeroporto Nascimento do Sul,DQZ,ADQZ,80,62.910772,-84.146357,684,Asia/Shanghai,True
Aeroporto da Luz,DRA,ADRA,105,-70.653402,-120.711622,18,Europe/London,True
Aeroporto Camargo,DRB,ADRB,196,-75.348603,-164.124026,2083,Asia/Seoul,True
Aeroporto da Rosa,DRC,ADRC,933,86.912059,-120.579306,4432,Asia/Kolkata,True
Aeroporto da Luz,DRD,ADRD,986,64.80929,166.292665,1094,America/Los_Angeles,True
Aeroporto Sales das Flores,DRE,ADRE,62,9.753154,139.883077,2164,America/Toronto,True
Aeroporto Sampaio da Serra,DRF,ADRF,562,-36.835778,-46.106762,3785,America/Bogota,True
Aeroporto Pacheco,DRG,ADRG,390,21.219568,113.189032,3708,Pacific/Auckland,True
Aeroporto Campos de Cardoso,DRH,ADRH,168,-84.164349,-157.80448,552,Europe/Lisbon,True
Aeroporto Casa Grande Verde,DRI,ADRI,859,-41.45644,-87.340245,113,Africa/Cairo,True
Aeroporto Porto dos Dourados,DRJ,ADRJ,863,-2.099231,-91.191264,4368,Asia/Kolkata,True
Aeroporto Moreira,DRK,ADRK,363,14.186743,-118.923409,2638,America/Toronto,True
Aeroporto Oliveira,DRL,ADRL,888,17.932029,-15.495371,2651,Africa/Johannesburg,True
Aeroporto Ribeiro de Mendonça,DRM,ADRM,448,-51.598786,91.26781,4012,America/Mexico_City,True
Aeroporto Duarte do Amparo,DRN,ADRN,516,-59.321429,-97.336056,2785,Asia/Tokyo,True
Aeroporto Borges,DRO,ADRO,589,-5.538801,115.486065,4379,Europe/Berlin,True
Aeroporto Vargas da Mata,DRP,ADRP,445,-87.143566,-67.722131,816,America/New_York,True
Aeroporto Fogaça,DRQ,ADRQ,224,18.943954,82.714784,4386,America/Los_Angeles,True
Aeroporto Ribeiro,DRR,ADRR,791,-39.466545,124.91114,456,Europe/Madrid,True
Aeroporto Sales,DRS,ADRS,828,-11.942881,-170.850009,1092,Pacific/Auckland,True
Aeroporto Barbosa,DRT,ADRT,565,23.881208,42.830001,3138,Asia/Kolkata,True
Aeroporto Araújo de Cunha,DRU,ADRU,876,21.13229,-103.867545,2517,Africa/Johannesburg,True
Aeroporto Rios,DRV,ADRV,940,-19.296756,146.431571,2675,America/Chicago,True
Aeroporto Martins,DRW,ADRW,90,-79.750717,0.147136,1061,Asia/Dubai,True
Aeroporto Correia do Amparo,DRX,ADRX,141,-21.655874,121.845722,2340,America/Los_Angeles,True
Aeroporto Fernandes,DRY,ADRY,898,51.309878,127.657936,2828,America/Lima,True
Aeroporto Pastor,DRZ,ADRZ,514,-27.172823,103.024084,1918,Asia/Tokyo,True
Aeroporto Teixeira da Mata,DSA,ADSA,247,-29.454095,108.397144,2000,Australia/Sydney,True
Aeroporto Rezende de Cassiano,DSB,ADSB,783,41.381302,32.655496,311,Asia/Singapore,True
Aeroporto Cardoso,DSC,ADSC,428,75.806655,153.553034,2643,Asia/Singapore,True
Aeroporto Fonseca,DSD,ADSD,498,67.587023,-89.27739,2888,America/Toronto,True
Aeroporto Machado do Galho,DSE,ADSE,159,-30.553558,-118.633184,2711,America/Toronto,True
Aeroporto Vasconcelos,DSF,ADSF,298,-14.524435,105.519381,420,America/Chicago,True
Aeroporto Correia de Minas,DSG,ADSG,825,-31.568255,-118.836923,1292,Australia/Sydney,True
Aeroporto Lima da Serra,DSH,ADSH,650,73.400198,43.619605,3507,Asia/Tokyo,True
Aeroporto Oliveira do Campo,DSI,ADSI,215,51.576869,-36.932941,2087,Africa/Johannesburg,True
Aeroporto Martins,DSJ,ADSJ,974,78.402631,41.961811,1164,America/New_York,True
Aeroporto Souza,DSK,ADSK,681,3.061258,-83.086217,3585,America/Sao_Paulo,True
Aeroporto da Costa,DSL,ADSL,269,46.729464,-56.70408,672,Europe/London,True
Aeroporto Marques,DSM,ADSM,425,11.561738,-64.843622,2622,Europe/Madrid,True
Aeroporto da Mata,DSN,ADSN,557,-28.672429,74.579728,1652,Africa/Johannesburg,True
Aeroporto Melo,DSO,ADSO,892,-3.226615,73.955828,2733,Europe/Paris,True
Aeroporto Fogaça de da Luz,DSP,ADSP,428,-77.341841,-132.897243,3558,America/Toronto,True
Aeroporto Novaes,DSQ,ADSQ,278,-79.280858,-52.499845,183,Asia/Dubai,True
Aeroporto Fogaça,DSR,ADSR,210,-42.576964,-33.257951,564,Pacific/Auckland,True
Aeroporto Cunha Grande,DSS,ADSS,539,-0.715271,-18.423517,4270,Europe/Paris,True
Aeroporto Montenegro das Pedras,DST,ADST,924,-27.120898,37.163631,1544,Africa/Johannesburg,True
Aeroporto Aragão dos Dourados,DSU,ADSU,520,-82.607967,-143.132534,540,Australia/Sydney,True
Aeroporto Freitas do Campo,DSV,ADSV,906,54.971975,-162.622907,2008,Europe/Berlin,True
Aeroporto Rezende,DSW,ADSW,756,54.607592,-96.693431,4133,Asia/Shanghai,True
Aeroporto Siqueira das Pedras,DSX,ADSX,89,5.245374,-71.509738,3437,Africa/Cairo,True
Aeroporto da Rocha,DSY,ADSY,441,-80.240123,-114.935629,130,Africa/Cairo,True
Aeroporto Guerra,DSZ,ADSZ,204,-74.310873,-10.358718,4426,America/New_York,True
Aeroporto Peixoto,DTA,ADTA,701,73.530883,-168.690563,1968,Asia/Kolkata,True
Aeroporto Moura do Amparo,DTB,ADTB,1000,40.176418,-31.249609,3749,Asia/Singapore,True
Aeroporto Caldeira do Norte,DTC,ADTC,874,-15.113197,95.488084,3736,Asia/Dubai,True
Aeroporto Camargo,DTD,ADTD,357,-36.216865,42.292801,476,Europe/Berlin,True
Aeroporto Camargo,DTE,ADTE,986,0.767567,40.817013,2048,Europe/Berlin,True
Aeroporto Andrade,DTF,ADTF,757,39.945025,-141.163676,413,Europe/London,True
Aeroporto da Costa de Minas,DTG,ADTG,210,13.355695,-46.273027,1925,America/New_York,True
Aeroporto da Mota,DTH,ADTH,750,45.19937,-110.829352,2043,Europe/Berlin,True
Aeroporto Pinto,DTI,ADTI,900,-75.195901,-48.519561,572,Europe/Lisbon,True
Aeroporto Gonçalves das Flores,DTJ,ADTJ,533,-33.317823,88.816295,233,Asia/Singapore,False
Aeroporto Câmara,DTK,ADTK,386,-44.928169,-24.420724,3461,America/Sao_Paulo,True
Aeroporto Monteiro do Oeste,DTL,ADTL,289,39.114244,-64.862566,1010,America/Toronto,True
Aeroporto Viana,DTM,ADTM,314,56.693967,-8.095689,1287,America/Los_Angeles,True
Aeroporto Ferreira,DTN,ADTN,927,86.144407,165.306133,2004,America/Toronto,True
Aeroporto Santos da Mata,DTO,ADTO,677,-65.554242,71.014774,3715,Europe/Madrid,True
Aeroporto Brito,DTP,ADTP,598,-39.262754,-22.758384,2680,Australia/Sydney,True
Aeroporto Montenegro,DTQ,ADTQ,354,-59.808818,-167.912198,1875,America/Toronto,True
Aeroporto Sousa de das Neves,DTR,ADTR,981,-24.9796,43.201432,3718,Asia/Singapore,True
Aeroporto Cavalcante,DTS,ADTS,165,-22.636898,-114.934795,2166,Pacific/Auckland,True
Aeroporto Rodrigues de Minas,DTT,ADTT,573,18.465479,-149.532354,2458,America/Bogota,True
Aeroporto Cirino,DTU,ADTU,85,-20.863248,81.082267,550,America/Toronto,True
Aeroporto Marques Grande,DTV,ADTV,598,-40.266268,121.03592,3224,Africa/Johannesburg,True
Aeroporto Rios,DTW,ADTW,306,-12.139383,96.283894,1182,Europe/Madrid,True
Aeroporto Lima de Farias,DTX,ADTX,7,-84.568988,-153.881891,3034,Europe/Paris,True
Aeroporto Cavalcanti,DTY,ADTY,160,86.09278,136.388571,4311,Asia/Dubai,True
Aeroporto Barbosa da Serra,DTZ,ADTZ,375,-30.55793,-2.264219,76,America/Chicago,True
Aeroporto Peixoto,DUA,ADUA,482,47.176641,35.681868,2839,Asia/Seoul,False
Aeroporto Melo Verde,DUB,ADUB,915,33.274021,-44.729809,356,America/Toronto,True
Aeroporto Mendonça,DUC,ADUC,696,45.616367,-27.533142,1173,Asia/Seoul,True
Aeroporto Melo,DUD,ADUD,352,72.665577,87.445344,4124,America/Mexico_City,False
Aeroporto Aparecida,DUE,ADUE,817,34.414613,59.771287,3780,Australia/Sydney,True
Aeroporto Nunes,DUF,ADUF,34,59.158004,-1.696674,2210,America/Mexico_City,True
Aeroporto da Conceição do Galho,DUG,ADUG,44,31.125746,-141.895484,800,Europe/Madrid,True
Aeroporto Sá,DUH,ADUH,13,44.374893,31.465964,1044,Africa/Johannesburg,True
Aeroporto Vasconcelos,DUI,ADUI,395,69.343646,-53.981917,2651,Europe/Paris,True
Aeroporto Brito,DUJ,ADUJ,296,26.567464,78.320775,1648,Europe/London,True
Aeroporto Sousa Alegre,DUK,ADUK,773,-18.069736,67.415727,4113,Asia/Tokyo,True
Aeroporto Mendonça de Sousa,DUL,ADUL,983,-26.089763,-161.197424,3205,Pacific/Auckland,True
Aeroporto Nogueira Paulista,DUM,ADUM,72,-27.445294,87.377616,899,America/Mexico_City,True
Aeroporto da Cunha de Fonseca,DUN,ADUN,856,-15.141622,-30.095965,3451,Asia/Kolkata,True
Aeroporto Albuquerque de Fogaça,DUO,ADUO,597,70.467575,172.927315,1962,Asia/Kolkata,True
Aeroporto Santos Alegre,DUP,ADUP,245,-20.158266,-33.360415,115,Asia/Tokyo,True
Aeroporto Camargo de da Mata,DUQ,ADUQ,380,-33.554958,70.416874,954,America/Chicago,True
Aeroporto Casa Grande,DUR,ADUR,602,-29.840182,174.296007,1534,Europe/London,True
Aeroporto Câmara Grande,DUS,ADUS,381,77.599135,3.873534,3057,Asia/Dubai,True
Aeroporto Monteiro do Sul,DUT,ADUT,69,16.822603,-150.651291,1190,Africa/Cairo,True
Aeroporto Oliveira,DUU,ADUU,926,12.151498,124.439306,2555,America/Buenos_Aires,True
Aeroporto Fonseca do Oeste,DUV,ADUV,717,67.923981,28.704198,2491,Pacific/Auckland,True
Aeroporto Correia,DUW,ADUW,772,58.909907,45.890291,3345,America/Toronto,True
Aeroporto Porto do Campo,DUX,ADUX,586,-13.52566,-99.19193,2846,Europe/Paris,True
Aeroporto Pires da Prata,DUY,ADUY,53,-43.223261,-106.248349,1500,Europe/Paris,True
Aeroporto Moura de Cavalcanti,DUZ,ADUZ,834,11.411781,-151.710789,2051,Europe/London,True
Aeroporto Rocha da Praia,DVA,ADVA,964,-68.309751,-6.236334,3320,America/Lima,True
Aeroporto Gonçalves Verde,DVB,ADVB,785,-88.203336,-4.371294,1669,America/Los_Angeles,True
Aeroporto da Mota da Mata,DVC,ADVC,93,12.72025,0.867431,3483,Europe/Madrid,True
Aeroporto Aparecida,DVD,ADVD,699,27.285407,121.267748,2972,Africa/Johannesburg,True
Aeroporto Pimenta do Campo,DVE,ADVE,832,-20.104821,-28.777971,1228,Europe/Paris,True
Aeroporto Vieira dos Dourados,DVF,ADVF,424,-56.058637,-29.815654,1688,Africa/Cairo,True
Aeroporto da Paz do Campo,DVG,ADVG,503,-8.140714,-39.026561,2370,Europe/Paris,True
Aeroporto Monteiro,DVH,ADVH,534,-34.310157,-156.641696,2440,America/Sao_Paulo,True
Aeroporto Martins,DVI,ADVI,727,-83.639749,127.852194,1305,Australia/Sydney,True
Aeroporto Moreira,DVJ,ADVJ,224,45.431495,-68.926327,4290,Europe/Paris,True
Aeroporto Pinto da Prata,DVK,ADVK,312,65.677208,175.304998,1695,America/Toronto,True
Aeroporto da Rosa,DVL,ADVL,131,33.031923,-97.463421,2797,Asia/Kolkata,True
Aeroporto da Paz de Azevedo,DVM,ADVM,571,2.673364,91.006491,105,Europe/Madrid,True
Aeroporto Albuquerque dos Dourados,DVN,ADVN,554,-89.404942,123.504665,2699,Pacific/Auckland,True
Aeroporto Cunha,DVO,ADVO,423,83.985045,58.073884,2743,Europe/Berlin,True
Aeroporto Pastor do Campo,DVP,ADVP,991,29.632649,-156.933017,843,America/Los_Angeles,True
Aeroporto Mendonça,DVQ,ADVQ,168,0.452987,-151.703254,3968,America/Bogota,False
Aeroporto Abreu das Pedras,DVR,ADVR,962,-52.362384,-39.129491,3153,Asia/Dubai,True
Aeroporto Ribeiro do Sul,DVS,ADVS,667,39.607564,42.00356,3933,Europe/Paris,True
Aeroporto da Cunha,DVT,ADVT,666,-45.672607,-30.907513,2673,America/Lima,True
Aeroporto Ferreira,DVU,ADVU,345,-88.169234,-107.621445,4025,America/Bogota,False
Aeroporto Viana do Galho,DVV,ADVV,178,30.211746,36.438288,252,Europe/Madrid,True
Aeroporto Borges,DVW,ADVW,224,-27.893492,67.858252,881,Africa/Johannesburg,True
Aeroporto Casa Grande do Oeste,DVX,ADVX,728,-44.831969,-56.538034,3671,America/Mexico_City,True
Aeroporto Pacheco de Minas,DVY,ADVY,463,59.484121,29.537085,2804,America/New_York,True
Aeroporto Câmara do Norte,DVZ,ADVZ,849,51.061105,-90.171058,3024,Asia/Dubai,True
Aeroporto Fogaça de da Cruz,DWA,ADWA,569,-78.914226,104.287095,1030,America/Mexico_City,True
Aeroporto Lima das Flores,DWB,ADWB,408,-30.642709,-77.74605,2392,America/Buenos_Aires,True
Aeroporto da Luz,DWC,ADWC,513,-26.002798,107.756057,4139,Europe/Madrid,True
Aeroporto Peixoto da Mata,DWD,ADWD,922,-59.535305,-178.568017,604,Asia/Tokyo,True
Aeroporto Nunes,DWE,ADWE,602,-5.975097,-1.205376,2197,America/Lima,True
Aeroporto Rocha Alegre,DWF,ADWF,410,40.658837,-33.044539,2883,Asia/Singapore,True
Aeroporto Rodrigues,DWG,ADWG,355,-65.220106,144.801384,1364,Europe/London,True
Aeroporto da Cunha,DWH,ADWH,825,45.157292,-140.9325,2685,Africa/Johannesburg,True
Aeroporto Leão,DWI,ADWI,952,11.439625,113.25777,1073,America/Lima,True
Aeroporto da Rosa,DWJ,ADWJ,877,-42.562731,100.330582,1554,Africa/Johannesburg,True
Aeroporto Barros da Mata,DWK,ADWK,834,-43.915464,129.014799,3752,Australia/Sydney,True
Aeroporto Nogueira de Cirino,DWL,ADWL,420,65.419419,-152.34328,1947,America/Buenos_Aires,True
Aeroporto Viana das Pedras,DWM,ADWM,448,-28.21297,-57.622894,278,America/Mexico_City,True
Aeroporto Carvalho,DWN,ADWN,872,-73.727288,-47.698545,2839,America/Toronto,True
Aeroporto Sales de Dias,DWO,ADWO,455,2.802298,-129.007055,1706,America/Lima,True
Aeroporto Martins da Praia,DWP,ADWP,997,43.42451,95.040786,1542,Asia/Dubai,True
Aeroporto Martins das Pedras,DWQ,ADWQ,946,-68.935983,100.871021,712,Europe/London,True
Aeroporto Martins do Sul,DWR,ADWR,32,-15.287692,-141.812726,2680,Africa/Johannesburg,True
Aeroporto Vargas,DWS,ADWS,36,36.985183,-2.619868,340,Asia/Singapore,True
Aeroporto Borges Grande,DWT,ADWT,685,-64.826163,144.857263,1830,Africa/Cairo,True
Aeroporto Viana de Goiás,DWU,ADWU,564,79.167335,-143.928766,546,Europe/Paris,False
Aeroporto Cardoso da Prata,DWV,ADWV,935,14.011242,-26.307572,3905,Asia/Kolkata,True
Aeroporto Aragão das Flores,DWW,ADWW,454,-60.49948,-173.717257,3635,Europe/Madrid,True
Aeroporto Guerra,DWX,ADWX,257,0.591677,175.293734,3074,Asia/Shanghai,True
Aeroporto Martins,DWY,ADWY,1,-7.199886,-143.769435,20,Asia/Shanghai,True
Aeroporto Aragão de Barros,DWZ,ADWZ,878,-31.324203,109.990384,1587,America/Lima,True
Aeroporto da Mata,DXA,ADXA,490,-83.885889,-86.169662,3691,Europe/Berlin,True
Aeroporto Farias,DXB,ADXB,78,-19.355386,81.289136,46,America/Lima,True
Aeroporto da Rocha,DXC,ADXC,350,-41.301711,-26.745452,4363,Australia/Sydney,True
Aeroporto Sales de Farias,DXD,ADXD,247,39.362715,-161.97183,2898,Pacific/Auckland,True
Aeroporto Campos,DXE,ADXE,440,6.08397,-159.072006,1317,Asia/Tokyo,True
Aeroporto Sampaio,DXF,ADXF,97,-65.412283,32.326897,1442,Asia/Kolkata,True
Aeroporto Moreira,DXG,ADXG,430,-66.99962,-82.036082,4057,Asia/Seoul,True
Aeroporto Novais,DXH,ADXH,50,33.555724,22.878225,4224,America/New_York,True
Aeroporto Carvalho de Câmara,DXI,ADXI,870,-73.687765,-74.202772,1000,Asia/Tokyo,True
Aeroporto da Rosa,DXJ,ADXJ,479,48.341969,-175.321404,209,America/Chicago,True
Aeroporto Silveira do Sul,DXK,ADXK,688,-79.992794,140.029284,286,Asia/Singapore,True
Aeroporto Pinto de Sales,DXL,ADXL,519,78.873229,-87.252062,3612,Asia/Seoul,True
Aeroporto Camargo,DXM,ADXM,646,-34.374566,-1.387136,1998,Asia/Dubai,True
Aeroporto Abreu,DXN,ADXN,238,57.650625,49.041834,265,America/Buenos_Aires,True
Aeroporto Pereira,DXO,ADXO,108,-52.079787,26.775751,2604,America/Lima,True
Aeroporto Moreira,DXP,ADXP,70,4.261643,-128.357434,1647,America/Sao_Paulo,True
Aeroporto da Cruz,DXQ,ADXQ,129,77.852634,14.963067,2073,Africa/Cairo,True
Aeroporto Caldeira,DXR,ADXR,180,-25.47686,-155.604968,709,America/Lima,True
Aeroporto Alves de Montenegro,DXS,ADXS,202,46.0253,36.418936,117,America/Lima,True
Aeroporto Gonçalves de Araújo,DXT,ADXT,678,13.934287,-157.300785,1486,Asia/Tokyo,True
Aeroporto da Rosa,DXU,ADXU,637,22.473973,115.356645,297,America/Toronto,True
Aeroporto Mendes da Serra,DXV,ADXV,779,48.887995,-91.115087,4442,America/Mexico_City,True
Aeroporto Nogueira,DXW,ADXW,429,87.706225,-39.891999,3524,America/New_York,True
Aeroporto Pimenta dos Dourados,DXX,ADXX,397,59.650361,122.955612,4289,America/Lima,True
Aeroporto Lopes,DXY,ADXY,918,89.163629,-154.427879,1654,Asia/Seoul,True
Aeroporto Porto,DXZ,ADXZ,318,-86.994878,-103.51712,3853,America/Buenos_Aires,True
Aeroporto Cirino,DYA,ADYA,473,-38.381379,60.883609,1592,America/Sao_Paulo,True
Aeroporto Souza,DYB,ADYB,523,-54.62048,-94.025424,1675,Africa/Cairo,True
Aeroporto Cavalcante,DYC,ADYC,701,57.410075,74.031828,1477,Asia/Dubai,True
Aeroporto Melo,DYD,ADYD,249,1.763892,135.884705,3865,America/Los_Angeles,True
Aeroporto da Rocha de da Rocha,DYE,ADYE,317,10.66328,18.335308,960,Europe/Madrid,True
Aeroporto Pastor,DYF,ADYF,888,-71.020894,112.574883,4172,Asia/Kolkata,True
Aeroporto Freitas de Rios,DYG,ADYG,449,59.257501,-33.84299,3705,Australia/Sydney,True
Aeroporto Gonçalves das Flores,DYH,ADYH,140,87.756895,101.604601,1104,Asia/Seoul,False
Aeroporto Martins,DYI,ADYI,234,-79.366408,-123.809224,3636,Asia/Tokyo,True
Aeroporto Lima Grande,DYJ,ADYJ,277,-83.970638,1.25332,1521,Europe/Madrid,True
Aeroporto da Paz,DYK,ADYK,14,-52.341444,-175.334554,3587,Australia/Sydney,True
Aeroporto Campos de Nunes,DYL,ADYL,114,17.034027,51.626843,2181,Asia/Seoul,True
Aeroporto Albuquerque Verde,DYM,ADYM,679,77.186787,-43.918176,2798,Asia/Seoul,True
Aeroporto Andrade dos Dourados,DYN,ADYN,66,-55.918282,-34.244891,3393,Australia/Sydney,True
Aeroporto Fogaça,DYO,ADYO,715,-24.572098,69.97825,2532,Asia/Tokyo,True
Aeroporto Martins,DYP,ADYP,365,47.793143,-52.040132,2461,Europe/Lisbon,True
Aeroporto da Mota de Albuquerque,DYQ,ADYQ,972,58.247841,11.463711,2647,Europe/London,True
Aeroporto Fogaça,DYR,ADYR,671,61.854072,37.275736,397,America/Mexico_City,True
Aeroporto Ferreira,DYS,ADYS,534,-24.245942,-142.477761,843,America/Los_Angeles,True
Aeroporto Moraes de Minas,DYT,ADYT,444,-4.261817,-90.123894,1902,America/Buenos_Aires,True
Aeroporto Rezende,DYU,ADYU,77,-32.441944,-25.983014,3444,Australia/Sydney,True
Aeroporto Fogaça,DYV,ADYV,665,-23.711522,57.966752,4358,America/Sao_Paulo,True
Aeroporto Marques Grande,DYW,ADYW,558,-53.590749,84.683771,554,America/Lima,True
Aeroporto Viana da Mata,DYX,ADYX,445,-31.750033,-158.208328,3972,Asia/Tokyo,True
Aeroporto Azevedo do Amparo,DYY,ADYY,439,-80.708284,151.826357,2451,America/Toronto,True
Aeroporto Melo da Serra,DYZ,ADYZ,353,-22.171976,67.734219,1692,Asia/Seoul,True
Aeroporto Cardoso Alegre,DZA,ADZA,155,-46.042227,44.520475,2945,Europe/London,True
Aeroporto Pacheco das Flores,DZB,ADZB,329,-8.627344,-57.959358,2595,Asia/Tokyo,True
Aeroporto Aparecida,DZC,ADZC,874,5.483885,162.969565,1093,Asia/Dubai,True
Aeroporto Siqueira,DZD,ADZD,557,-88.639874,50.341035,1361,Europe/Rome,True
Aeroporto da Conceição,DZE,ADZE,757,67.294105,-127.676211,726,Asia/Dubai,True
Aeroporto Rios,DZF,ADZF,538,44.539392,-39.713863,1316,America/Mexico_City,True
Aeroporto Monteiro,DZG,ADZG,524,73.669407,-43.979901,3790,America/Toronto,True
Aeroporto Duarte de Teixeira,DZH,ADZH,428,40.20103,-115.249232,1766,Africa/Cairo,True
Aeroporto Vargas,DZI,ADZI,215,33.215371,-55.964678,2286,Australia/Sydney,True
Aeroporto Caldeira,DZJ,ADZJ,455,45.377871,70.223111,3385,Pacific/Auckland,True
Aeroporto Siqueira,DZK,ADZK,889,-55.942175,-135.773075,1269,Europe/Paris,True
Aeroporto Sá das Pedras,DZL,ADZL,975,-39.506797,97.881555,1439,America/Mexico_City,True
Aeroporto Araújo,DZM,ADZM,523,45.660213,-179.648505,3209,Europe/Paris,True
Aeroporto Camargo do Norte,DZN,ADZN,702,14.357793,132.314915,776,Pacific/Auckland,True
Aeroporto Macedo,DZO,ADZO,350,-23.749743,-156.80729,4416,America/Bogota,True
Aeroporto Pereira do Sul,DZP,ADZP,552,71.557376,139.614115,1958,America/Chicago,True
Aeroporto Duarte,DZQ,ADZQ,4,-80.790127,-96.392733,3295,Europe/Madrid,False
Aeroporto Sampaio,DZR,ADZR,927,74.673944,1.831077,3531,Australia/Sydney,True
Aeroporto Garcia de Carvalho,DZS,ADZS,684,-35.502373,40.454358,2526,Asia/Singapore,True
Aeroporto Costa,DZT,ADZT,774,8.399442,-43.090797,3629,America/Los_Angeles,True
Aeroporto Mendonça dos Dourados,DZU,ADZU,813,0.674197,76.965112,1140,America/Chicago,True
Aeroporto Câmara do Oeste,DZV,ADZV,799,43.04606,-47.993029,4296,Asia/Kolkata,True
Aeroporto Lopes,DZW,ADZW,553,-16.599057,13.048851,3161,Europe/Lisbon,True
Aeroporto Borges,DZX,ADZX,216,-36.349869,-40.823505,4291,America/Buenos_Aires,True
Aeroporto Pires,DZY,ADZY,21,13.791561,126.373786,4459,Asia/Singapore,True
Aeroporto Costela,DZZ,ADZZ,613,52.456376,50.353363,3236,Asia/Singapore,True
Aeroporto Carvalho,EAA,AEAA,681,-51.575684,-104.638614,3249,Europe/Berlin,True
Aeroporto Fonseca,EAB,AEAB,873,9.73965,-40.519834,844,Australia/Sydney,True
Aeroporto Nunes da Prata,EAC,AEAC,404,84.140516,-125.190404,116,Europe/Madrid,True
Aeroporto Fernandes,EAD,AEAD,718,70.299032,-67.825286,402,Pacific/Auckland,True
Aeroporto Rodrigues,EAE,AEAE,291,50.920106,60.296511,2304,America/Lima,True
Aeroporto Correia de Costela,EAF,AEAF,93,-12.040702,179.546329,2081,Africa/Cairo,True
Aeroporto Montenegro de Fogaça,EAG,AEAG,880,89.500575,-167.555006,778,America/New_York,True
Aeroporto Pinto da Prata,EAH,AEAH,707,-72.374162,-31.662492,3074,Asia/Kolkata,True
Aeroporto Azevedo,EAI,AEAI,770,84.796979,8.698144,2972,Asia/Tokyo,True
Aeroporto Lima de Pires,EAJ,AEAJ,298,45.023476,12.031858,2713,Asia/Singapore,True
Aeroporto Barbosa Verde,EAK,AEAK,949,63.63658,-43.789511,1333,America/Lima,True
Aeroporto Cardoso,EAL,AEAL,783,60.756253,48.187746,4189,Europe/Lisbon,True
Aeroporto Brito do Campo,EAM,AEAM,82,-83.450682,83.201161,3396,America/Toronto,False
Aeroporto da Conceição de Aragão,EAN,AEAN,676,52.268714,-114.243798,3190,America/Sao_Paulo,True
Aeroporto Almeida de Goiás,EAO,AEAO,606,-86.834254,-142.594607,2145,America/Bogota,True
Aeroporto da Cunha das Flores,EAP,AEAP,205,2.000225,48.312929,867,America/Toronto,True
Aeroporto Azevedo da Serra,EAQ,AEAQ,841,-65.862431,-67.585114,594,America/Sao_Paulo,True
Aeroporto Barbosa da Prata,EAR,AEAR,642,-1.510834,15.965096,2616,Australia/Sydney,True
Aeroporto Moreira,EAS,AEAS,227,62.706599,-126.89952,623,Asia/Kolkata,True
Aeroporto Guerra do Norte,EAT,AEAT,896,-58.014019,65.986114,1252,Europe/Berlin,True
Aeroporto Pacheco,EAU,AEAU,586,-54.892413,-84.212368,2082,America/Sao_Paulo,True
Aeroporto da Luz de Rezende,EAV,AEAV,820,-77.81914,153.001699,3801,Asia/Seoul,True
Aeroporto Andrade,EAW,AEAW,529,-22.524754,-119.184944,209,Asia/Shanghai,True
Aeroporto Leão Paulista,EAX,AEAX,768,-84.522359,-26.766755,3641,America/Los_Angeles,True
Aeroporto Farias,EAY,AEAY,348,-47.882706,-99.944884,1631,Asia/Seoul,True
Aeroporto Carvalho,EAZ,AEAZ,783,-75.495792,-16.170618,2595,Asia/Shanghai,True
Aeroporto Novaes,EBA,AEBA,830,-78.122213,22.646438,1358,Europe/Lisbon,True
Aeroporto Sá do Norte,EBB,AEBB,593,-58.000837,-177.916844,1473,Pacific/Auckland,True
Aeroporto Monteiro,EBC,AEBC,923,8.797361,-51.646351,1482,America/New_York,True
Aeroporto Nunes,EBD,AEBD,881,89.893415,-52.48255,906,Asia/Singapore,True
Aeroporto Ferreira,EBE,AEBE,561,-89.354623,169.988158,1293,Asia/Kolkata,True
Aeroporto Leão,EBF,AEBF,171,-29.850406,-163.624683,2683,Asia/Seoul,True
Aeroporto Novaes,EBG,AEBG,755,-48.964851,76.483944,2281,America/Toronto,True
Aeroporto Cardoso de da Mata,EBH,AEBH,65,-48.296914,36.282443,1954,America/New_York,True
Aeroporto Caldeira,EBI,AEBI,988,33.839854,-119.244349,375,America/Toronto,True
Aeroporto Monteiro,EBJ,AEBJ,499,-44.891556,-36.924043,1244,Europe/Madrid,True
Aeroporto Rezende,EBK,AEBK,518,82.850906,-73.552388,1900,Australia/Sydney,True
Aeroporto Lopes do Amparo,EBL,AEBL,364,-43.759677,34.604706,2179,Europe/London,True
Aeroporto Viana de Goiás,EBM,AEBM,576,46.352706,85.455838,156,Europe/Berlin,True
Aeroporto Araújo,EBN,AEBN,27,4.092634,50.60365,786,Europe/Lisbon,True
Aeroporto Vasconcelos,EBO,AEBO,672,-45.757441,-133.905003,383,Pacific/Auckland,True
Aeroporto Nascimento,EBP,AEBP,21,-30.114012,-159.398594,2231,Africa/Johannesburg,True
Aeroporto Rodrigues do Sul,EBQ,AEBQ,508,28.942364,-59.551232,227,Asia/Tokyo,True
Aeroporto Aragão de Gomes,EBR,AEBR,129,74.034958,-12.015198,1395,America/Los_Angeles,True
Aeroporto Sampaio Grande,EBS,AEBS,54,-3.005549,-75.981493,3854,America/Lima,True
Aeroporto Sampaio das Pedras,EBT,AEBT,582,-70.700121,-154.179934,1022,Australia/Sydney,True
Aeroporto Camargo,EBU,AEBU,875,38.566175,-169.357434,2098,Asia/Shanghai,True
Aeroporto Campos de Pimenta,EBV,AEBV,696,70.139607,67.610111,4341,Asia/Dubai,True
Aeroporto Fogaça do Oeste,EBW,AEBW,956,-2.382596,-105.081333,2406,Asia/Seoul,True
Aeroporto Lopes do Norte,EBX,AEBX,388,-17.124964,160.426352,3624,Europe/London,True
Aeroporto da Conceição,EBY,AEBY,388,41.330019,96.295379,3849,Europe/Rome,True
Aeroporto Pastor,EBZ,AEBZ,7,10.499202,15.563236,1580,Asia/Kolkata,True
Aeroporto da Conceição,ECA,AECA,216,0.192723,-124.613831,1087,America/Buenos_Aires,True
Aeroporto Souza da Prata,ECB,AECB,600,22.526979,-178.29103,1769,America/Lima,True
Aeroporto Albuquerque,ECC,AECC,374,-68.945993,-173.442763,3243,America/Bogota,True
Aeroporto Araújo,ECD,AECD,337,-3.032786,-21.183514,1084,America/Mexico_City,True
Aeroporto Araújo,ECE,AECE,429,10.914967,160.973384,420,Europe/Berlin,True
Aeroporto Macedo,ECF,AECF,102,-13.076333,-35.862177,4286,America/Chicago,True
Aeroporto da Paz,ECG,AECG,154,-42.90753,53.109129,549,Europe/Madrid,True
Aeroporto Dias,ECH,AECH,500,-20.614736,-83.652509,4220,Europe/Madrid,True
Aeroporto Pereira de Goiás,ECI,AECI,226,-87.943669,164.274645,2931,Europe/Madrid,True
Aeroporto Cardoso das Flores,ECJ,AECJ,139,43.289495,137.689939,3253,America/New_York,True
Aeroporto Ribeiro de Campos,ECK,AECK,551,86.703225,-112.245833,3833,Europe/Madrid,True
Aeroporto Barbosa,ECL,AECL,886,-84.564865,-149.728596,4004,America/Toronto,True
Aeroporto Nogueira do Oeste,ECM,AECM,337,-40.979773,-3.80011,3682,Asia/Singapore,False
Aeroporto Santos de Sousa,ECN,AECN,780,15.923461,41.745091,3416,Asia/Singapore,True
Aeroporto Câmara dos Dourados,ECO,AECO,618,-34.194576,116.237011,3189,Asia/Tokyo,True
Aeroporto Fonseca da Prata,ECP,AECP,969,-8.870442,39.455609,770,Asia/Seoul,True
Aeroporto Rezende de Goiás,ECQ,AECQ,680,-53.897287,67.38028,173,Asia/Tokyo,True
Aeroporto Dias da Prata,ECR,AECR,931,71.463058,14.916518,791,America/New_York,True
Aeroporto Aragão,ECS,AECS,764,-86.367862,111.728879,4070,Asia/Tokyo,True
Aeroporto Jesus do Amparo,ECT,AECT,655,-39.975516,-102.752281,3881,America/Mexico_City,True
Aeroporto Barros do Oeste,ECU,AECU,825,-71.266603,66.49328,4147,Asia/Singapore,True
Aeroporto Moreira,ECV,AECV,822,-77.696199,78.807207,826,Asia/Dubai,True
Aeroporto das Neves,ECW,AECW,474,-57.413132,-32.33515,2524,Asia/Seoul,True
Aeroporto Campos,ECX,AECX,33,-42.535747,129.244155,3601,America/Buenos_Aires,True
Aeroporto Silveira Grande,ECY,AECY,430,-9.134322,148.647632,1191,Asia/Dubai,True
Aeroporto da Costa,ECZ,AECZ,489,34.963013,17.718021,546,America/Buenos_Aires,True
Aeroporto Rezende de Teixeira,EDA,AEDA,862,48.635785,122.423876,1361,Australia/Sydney,True
Aeroporto Camargo de Almeida,EDB,AEDB,639,25.440873,12.250082,3006,Africa/Cairo,True
Aeroporto Andrade de da Mata,EDC,AEDC,592,81.951019,29.699988,3312,America/Sao_Paulo,True
Aeroporto Pastor das Flores,EDD,AEDD,300,-72.014295,70.447848,2742,Asia/Shanghai,True
Aeroporto Barros do Norte,EDE,AEDE,731,-49.156249,74.216616,2278,Europe/Berlin,True
Aeroporto Pimenta das Flores,EDF,AEDF,427,-53.423673,10.660427,3018,America/Lima,True
Aeroporto Almeida de Garcia,EDG,AEDG,506,-86.076259,115.768959,3565,Asia/Seoul,True
Aeroporto Macedo do Norte,EDH,AEDH,262,-44.051577,75.595094,782,Europe/Rome,True
Aeroporto Costela,EDI,AEDI,3,-89.139971,88.684609,2226,America/New_York,True
Aeroporto Cirino das Pedras,EDJ,AEDJ,379,-16.146454,-126.361015,1007,America/New_York,True
Aeroporto Ribeiro,EDK,AEDK,320,84.418437,-165.473919,3983,Europe/Paris,True
Aeroporto Andrade da Prata,EDL,AEDL,537,43.305171,-116.472612,4123,Africa/Johannesburg,True
Aeroporto Alves Alegre,EDM,AEDM,768,52.565269,-124.60723,1688,America/Toronto,True
Aeroporto Sá Verde,EDN,AEDN,603,38.012701,27.260352,1222,Asia/Shanghai,True
Aeroporto Sá,EDO,AEDO,874,25.573775,34.760821,1596,Asia/Kolkata,True
Aeroporto Fernandes,EDP,AEDP,844,67.86732,177.043614,3648,America/Toronto,True
Aeroporto Lima do Norte,EDQ,AEDQ,521,72.240476,-13.880926,1993,Africa/Johannesburg,True
Aeroporto Novaes,EDR,AEDR,69,73.846549,122.222733,2642,Europe/Berlin,True
Aeroporto Silveira da Mata,EDS,AEDS,763,35.254431,-52.341757,451,Asia/Kolkata,True
Aeroporto Lima de Oliveira,EDT,AEDT,508,-7.273687,20.968307,1597,America/Mexico_City,True
Aeroporto Castro das Flores,EDU,AEDU,787,24.332217,-8.832999,1838,America/Mexico_City,False
Aeroporto Souza de da Costa,EDV,AEDV,63,83.342294,-123.190069,3088,America/New_York,False
Aeroporto Albuquerque,EDW,AEDW,124,-53.823933,-144.143059,3250,Australia/Sydney,True
Aeroporto Rodrigues Paulista,EDX,AEDX,152,-3.546573,179.877981,3586,America/Los_Angeles,True
Aeroporto da Cruz,EDY,AEDY,903,-9.381503,177.437535,3839,America/Los_Angeles,True
Aeroporto Fernandes Verde,EDZ,AEDZ,219,43.432058,-62.713708,3362,Asia/Seoul,True
Aeroporto Andrade Paulista,EEA,AEEA,714,-7.466548,25.009144,192,America/Mexico_City,True
Aeroporto da Mata Paulista,EEB,AEEB,525,8.596446,-143.75096,3335,Asia/Singapore,True
Aeroporto Campos,EEC,AEEC,956,65.629645,125.347011,3591,America/New_York,True
Aeroporto Nunes Alegre,EED,AEED,357,-33.838058,162.271803,3246,Africa/Cairo,True
Aeroporto Cavalcanti dos Dourados,EEE,AEEE,238,13.419682,-65.315763,2531,Asia/Kolkata,True
Aeroporto Almeida de Macedo,EEF,AEEF,495,-67.300077,-29.324985,2316,Asia/Dubai,True
Aeroporto Martins,EEG,AEEG,913,2.227112,173.189785,367,Africa/Johannesburg,True
Aeroporto Fogaça,EEH,AEEH,636,-86.140349,69.733692,880,Asia/Tokyo,True
Aeroporto Porto de Novais,EEI,AEEI,720,-26.834196,58.72449,1513,Asia/Dubai,True
Aeroporto Jesus,EEJ,AEEJ,244,-43.674057,72.565785,3860,Europe/Madrid,True
Aeroporto Pacheco,EEK,AEEK,139,-62.148793,97.488614,454,America/Mexico_City,True
Aeroporto da Mota,EEL,AEEL,450,-11.623166,169.250785,2346,Africa/Cairo,False
Aeroporto Azevedo dos Dourados,EEM,AEEM,240,42.459034,-115.646413,1284,Africa/Cairo,True
Aeroporto da Luz,EEN,AEEN,117,34.489096,-31.725504,2273,Europe/Madrid,True
Aeroporto da Luz do Amparo,EEO,AEEO,719,-60.000385,167.874284,3558,America/Chicago,True
Aeroporto da Conceição,EEP,AEEP,682,-87.835219,19.447391,555,Europe/Madrid,True
Aeroporto Casa Grande,EEQ,AEEQ,532,-84.236001,-60.144725,1837,Europe/Paris,True
Aeroporto da Conceição,EER,AEER,388,49.637984,-20.310578,3152,Europe/Lisbon,True
Aeroporto Rezende,EES,AEES,853,-22.987847,-32.84572,2582,America/Los_Angeles,False
Aeroporto Cirino,EET,AEET,12,88.722595,-54.798982,2993,Australia/Sydney,False
Aeroporto Pacheco de Dias,EEU,AEEU,988,82.249187,44.24201,3059,America/New_York,True
Aeroporto Novaes,EEV,AEEV,545,-1.311844,107.223637,2369,America/Chicago,True
Aeroporto Araújo,EEW,AEEW,196,-28.138891,62.506879,4474,America/Lima,True
Aeroporto da Cunha do Sul,EEX,AEEX,178,77.899952,-65.533057,3253,America/Bogota,True
Aeroporto Nogueira do Norte,EEY,AEEY,409,-45.628349,-24.88119,286,Asia/Dubai,True
Aeroporto Ferreira,EEZ,AEEZ,343,29.792173,-157.352901,715,Australia/Sydney,True
Aeroporto Barbosa,EFA,AEFA,975,15.72822,91.904249,2975,America/Chicago,True
Aeroporto Camargo de Moraes,EFB,AEFB,206,-4.568044,7.553455,2740,Europe/Berlin,True
Aeroporto da Costa,EFC,AEFC,177,-8.21836,-108.761214,2057,Asia/Tokyo,True
Aeroporto Duarte,EFD,AEFD,21,30.426825,44.788441,4034,Asia/Kolkata,True
Aeroporto Rodrigues das Pedras,EFE,AEFE,115,-54.475251,-83.216008,730,Asia/Dubai,True
Aeroporto Ramos,EFF,AEFF,386,-76.149877,-126.469082,3535,Asia/Seoul,True
Aeroporto da Paz Grande,EFG,AEFG,155,56.233413,-134.097692,2143,Asia/Seoul,True
Aeroporto Duarte,EFH,AEFH,760,31.771429,-145.87904,19,America/Los_Angeles,True
Aeroporto Farias das Pedras,EFI,AEFI,708,-70.534714,29.829186,3626,America/Chicago,True
Aeroporto Melo da Mata,EFJ,AEFJ,549,-40.955477,98.781793,2056,Europe/Madrid,True
Aeroporto Castro,EFK,AEFK,810,80.712296,19.369196,978,Europe/London,True
Aeroporto Aparecida da Mata,EFL,AEFL,528,-70.206182,91.467388,2045,America/Sao_Paulo,True
Aeroporto Pastor,EFM,AEFM,534,63.301916,-63.493012,4438,America/Lima,True
Aeroporto Caldeira,EFN,AEFN,13,-30.653917,55.578404,4160,America/New_York,True
Aeroporto Dias,EFO,AEFO,275,-87.105797,-102.013061,206,Asia/Tokyo,True
Aeroporto Cunha das Flores,EFP,AEFP,567,60.992792,-139.569863,395,Asia/Tokyo,True
Aeroporto Ribeiro,EFQ,AEFQ,972,37.836677,-57.141255,4245,America/Toronto,True
Aeroporto Garcia,EFR,AEFR,443,55.864572,32.871213,311,Africa/Cairo,True
Aeroporto Barbosa,EFS,AEFS,109,50.020807,179.874014,796,Asia/Kolkata,True
Aeroporto Nunes,EFT,AEFT,583,-35.377076,-172.065463,1123,Africa/Cairo,True
Aeroporto Nascimento do Campo,EFU,AEFU,935,82.081763,-75.379625,3523,Asia/Singapore,True
Aeroporto Pereira,EFV,AEFV,795,-43.509822,2.05925,1220,America/Mexico_City,True
Aeroporto Ribeiro de Moura,EFW,AEFW,745,-27.591051,8.526756,1557,Asia/Dubai,True
Aeroporto Dias de da Mata,EFX,AEFX,53,-7.73331,111.141274,4171,America/Buenos_Aires,True
Aeroporto Oliveira,EFY,AEFY,270,15.261828,68.487237,2629,America/Bogota,True
Aeroporto da Cruz Alegre,EFZ,AEFZ,177,-20.01729,130.312629,1217,America/Sao_Paulo,True
Aeroporto Vargas,EGA,AEGA,81,40.318869,-86.502033,3544,Asia/Shanghai,True
Aeroporto da Conceição dos Dourados,EGB,AEGB,704,-26.288721,77.556213,982,Asia/Seoul,True
Aeroporto Souza do Campo,EGC,AEGC,363,-1.625643,129.823556,4196,Africa/Cairo,True
Aeroporto Macedo,EGD,AEGD,24,-38.626283,26.891808,2829,America/New_York,True
Aeroporto Fonseca de Minas,EGE,AEGE,950,0.235696,63.1484,3244,Europe/Lisbon,True
Aeroporto Novais do Galho,EGF,AEGF,408,-41.279395,-165.792708,3158,Europe/London,True
Aeroporto Fonseca,EGG,AEGG,724,77.772773,135.902798,1556,Europe/London,True
Aeroporto Pereira de da Conceição,EGH,AEGH,868,-49.300223,-10.165068,1210,Europe/Rome,True
Aeroporto Viana de Leão,EGI,AEGI,566,75.142648,-41.202673,770,Europe/Paris,True
Aeroporto Nunes,EGJ,AEGJ,915,-50.837364,131.906551,2982,Asia/Seoul,True
Aeroporto Nascimento,EGK,AEGK,258,-32.29292,-37.130119,4128,America/Toronto,False
Aeroporto Vasconcelos,EGL,AEGL,331,63.943295,-107.972062,2010,Europe/Lisbon,True
Aeroporto Rocha Verde,EGM,AEGM,38,3.254071,-47.162498,2287,Europe/London,True
Aeroporto Pereira,EGN,AEGN,486,2.692472,-52.966704,4470,Pacific/Auckland,True
Aeroporto Vieira da Mata,EGO,AEGO,177,-87.268023,40.288519,3054,Asia/Dubai,True
Aeroporto Dias do Campo,EGP,AEGP,183,-23.317936,149.532167,3397,Europe/London,True
Aeroporto Jesus,EGQ,AEGQ,447,33.901089,-130.011718,3394,America/Buenos_Aires,True
Aeroporto Montenegro Grande,EGR,AEGR,826,-58.676904,-57.435769,2083,America/Los_Angeles,True
Aeroporto Pires de Vargas,EGS,AEGS,628,43.115388,73.338337,2821,Asia/Tokyo,True
Aeroporto Cirino,EGT,AEGT,482,60.304978,115.628753,268,Europe/Paris,True
Aeroporto Albuquerque de Cavalcante,EGU,AEGU,803,77.096266,126.071618,1099,Pacific/Auckland,False
Aeroporto Leão,EGV,AEGV,882,-8.216956,-150.960343,219,Asia/Kolkata,True
Aeroporto Teixeira da Prata,EGW,AEGW,304,-24.68616,149.102639,1093,America/Toronto,True
Aeroporto Souza de Brito,EGX,AEGX,777,12.850535,-83.715723,1828,Asia/Seoul,True
Aeroporto Andrade,EGY,AEGY,219,-40.036868,177.833078,2309,America/Mexico_City,True
Aeroporto Alves da Serra,EGZ,AEGZ,75,-84.482863,-101.893553,1952,America/Toronto,True
Aeroporto Cardoso,EHA,AEHA,847,5.145855,121.672499,3497,Asia/Singapore,True
Aeroporto Lima da Praia,EHB,AEHB,653,-81.011299,-27.161756,3984,America/Toronto,True
Aeroporto Guerra,EHC,AEHC,494,26.261934,-131.132387,423,America/Mexico_City,True
Aeroporto Silva,EHD,AEHD,82,29.13615,-157.853903,12,America/Buenos_Aires,True
Aeroporto Campos Alegre,EHE,AEHE,257,-45.55807,-11.420962,1420,Asia/Dubai,False
Aeroporto Pastor do Campo,EHF,AEHF,87,25.633973,-19.092437,3896,America/Bogota,True
Aeroporto Barbosa,EHG,AEHG,660,-50.096025,131.933446,2314,Europe/London,True
Aeroporto Machado das Pedras,EHH,AEHH,217,16.465113,158.823286,1062,Europe/London,True
Aeroporto Sousa de Lopes,EHI,AEHI,369,69.313062,-2.685802,3694,Asia/Seoul,True
Aeroporto Sá do Amparo,EHJ,AEHJ,468,-44.594259,-19.475537,2777,America/New_York,True
Aeroporto Siqueira,EHK,AEHK,110,28.506477,7.61968,2820,Europe/Paris,True
Aeroporto Silveira,EHL,AEHL,959,76.602808,9.479381,3538,America/New_York,True
Aeroporto Cassiano,EHM,AEHM,388,-55.871211,-97.094549,3245,America/Mexico_City,True
Aeroporto Pastor,EHN,AEHN,501,7.563611,1.979312,2439,Europe/Paris,True
Aeroporto Rocha dos Dourados,EHO,AEHO,17,46.461655,106.495767,2337,Asia/Singapore,True
Aeroporto Duarte dos Dourados,EHP,AEHP,705,22.653781,138.38937,2020,Asia/Shanghai,True
Aeroporto Moraes,EHQ,AEHQ,811,16.930609,-19.053378,3889,America/New_York,True
Aeroporto Vargas do Campo,EHR,AEHR,591,36.281264,80.016029,2002,Africa/Johannesburg,True
Aeroporto da Rosa,EHS,AEHS,539,-28.740056,-132.911182,447,Europe/London,True
Aeroporto Fernandes de Aragão,EHT,AEHT,957,-32.89815,-33.371157,3438,America/Mexico_City,True
Aeroporto da Paz Alegre,EHU,AEHU,661,-4.643854,162.091827,3371,America/Toronto,True
Aeroporto Dias da Serra,EHV,AEHV,661,-8.593938,59.222241,559,Pacific/Auckland,True
Aeroporto Aparecida,EHW,AEHW,584,3.020512,-23.573419,3393,America/Toronto,True
Aeroporto Lopes,EHX,AEHX,895,-49.531474,26.708856,2380,Asia/Seoul,True
Aeroporto Oliveira Alegre,EHY,AEHY,805,15.439553,73.534726,529,America/Los_Angeles,True
Aeroporto Ferreira,EHZ,AEHZ,344,44.698052,-117.750045,2721,Africa/Cairo,True
Aeroporto Cavalcante do Campo,EIA,AEIA,634,-39.458777,-103.044895,3992,America/Lima,True
Aeroporto da Mota do Amparo,EIB,AEIB,411,31.443071,1.865361,3105,Asia/Shanghai,True
Aeroporto Câmara de Cavalcante,EIC,AEIC,983,11.290465,44.021567,4042,Africa/Johannesburg,True
Aeroporto da Luz do Campo,EID,AEID,88,37.440009,19.423894,1259,Europe/London,False
Aeroporto Rios,EIE,AEIE,564,39.257804,-135.602958,247,America/Los_Angeles,True
Aeroporto Casa Grande do Campo,EIF,AEIF,183,0.829753,-33.192018,3409,America/Bogota,True
Aeroporto Novaes,EIG,AEIG,187,-32.447374,-64.147857,2648,America/Lima,True
Aeroporto Alves,EIH,AEIH,260,66.06734,96.198853,350,America/Lima,True
Aeroporto Nogueira,EII,AEII,456,-72.33211,71.023009,114,Africa/Johannesburg,True
Aeroporto Abreu,EIJ,AEIJ,2,38.371078,47.218509,2892,Pacific/Auckland,True
Aeroporto Alves de Freitas,EIK,AEIK,922,-56.989309,-123.614429,1429,Australia/Sydney,True
Aeroporto da Paz,EIL,AEIL,922,25.399872,135.565216,3228,Asia/Kolkata,True
Aeroporto Siqueira dos Dourados,EIM,AEIM,676,-66.868444,-72.93204,4229,Europe/Berlin,True
Aeroporto Marques,EIN,AEIN,973,88.939431,-138.611869,1018,America/Lima,True
Aeroporto Camargo do Campo,EIO,AEIO,761,-30.260269,-115.185099,1778,Europe/Rome,True
Aeroporto Lopes de Monteiro,EIP,AEIP,966,-47.697207,-96.475059,3539,Asia/Singapore,True
Aeroporto Borges Grande,EIQ,AEIQ,459,32.372199,-0.825714,1742,Europe/Rome,True
Aeroporto Siqueira do Campo,EIR,AEIR,806,57.740531,-40.319031,2742,America/Buenos_Aires,True
Aeroporto Barros de Goiás,EIS,AEIS,331,-81.344129,59.621687,74,Europe/Lisbon,True
Aeroporto Duarte,EIT,AEIT,605,-11.231399,-146.825896,8,Australia/Sydney,True
Aeroporto Montenegro,EIU,AEIU,77,23.31867,66.860383,1493,Pacific/Auckland,False
Aeroporto da Mota dos Dourados,EIV,AEIV,808,-15.67157,158.533452,288,Australia/Sydney,True
Aeroporto Santos,EIW,AEIW,404,-19.253426,74.873543,3377,America/Bogota,True
Aeroporto Andrade das Pedras,EIX,AEIX,853,30.331094,-9.155768,738,Asia/Singapore,True
Aeroporto Santos,EIY,AEIY,959,-59.349908,96.496748,3016,Asia/Dubai,True
Aeroporto Correia da Prata,EIZ,AEIZ,673,55.740245,101.748379,413,Europe/Berlin,True
Aeroporto Porto,EJA,AEJA,776,-54.499389,154.884688,3045,America/Mexico_City,True
Aeroporto da Cruz,EJB,AEJB,372,-31.333546,-19.62386,3110,Australia/Sydney,True
Aeroporto Pastor,EJC,AEJC,747,-88.106399,169.050693,766,America/Toronto,True
Aeroporto Câmara do Oeste,EJD,AEJD,512,-58.34564,67.886244,2437,Asia/Singapore,True
Aeroporto Melo Grande,EJE,AEJE,275,80.511715,-30.52841,589,Europe/Paris,True
Aeroporto Cirino de Siqueira,EJF,AEJF,91,-43.144544,71.160935,1676,Africa/Johannesburg,True
Aeroporto da Paz de Cardoso,EJG,AEJG,955,-47.423669,97.536813,3234,Europe/Paris,True
Aeroporto Porto,EJH,AEJH,939,-10.548474,-37.993403,2442,Europe/Rome,True
Aeroporto Moreira,EJI,AEJI,889,47.169634,29.904673,521,Africa/Cairo,True
Aeroporto Abreu,EJJ,AEJJ,345,-19.215233,177.165472,1783,America/Sao_Paulo,True
Aeroporto Azevedo do Amparo,EJK,AEJK,404,-53.846732,-127.766477,967,America/New_York,True
Aeroporto Santos,EJL,AEJL,80,-20.008655,-159.664893,4181,Asia/Singapore,True
Aeroporto Andrade,EJM,AEJM,989,82.818673,76.429186,454,Europe/Lisbon,True
Aeroporto Sales Paulista,EJN,AEJN,514,-70.543046,-106.386587,2981,Asia/Seoul,True
Aeroporto Pires Verde,EJO,AEJO,772,-54.825956,155.587954,3902,America/Toronto,True
Aeroporto Porto,EJP,AEJP,687,23.579689,37.566734,2989,Europe/Paris,True
Aeroporto Mendes do Galho,EJQ,AEJQ,644,69.630927,95.551802,2596,America/Lima,True
Aeroporto da Rosa,EJR,AEJR,402,-10.679984,-11.227242,501,Asia/Tokyo,True
Aeroporto da Rocha,EJS,AEJS,530,16.690382,77.12181,302,Australia/Sydney,True
Aeroporto Mendonça de Vieira,EJT,AEJT,187,34.811114,151.17609,3147,America/Bogota,True
Aeroporto Peixoto da Praia,EJU,AEJU,953,-72.702164,-74.721108,4498,Europe/Paris,True
Aeroporto da Rocha de Brito,EJV,AEJV,964,-3.913535,-162.134646,1042,America/Lima,True
Aeroporto Camargo,EJW,AEJW,795,35.174561,-142.247079,1054,Asia/Dubai,True
Aeroporto Leão dos Dourados,EJX,AEJX,200,-5.226285,-85.744803,161,Europe/Paris,True
Aeroporto da Cruz das Pedras,EJY,AEJY,445,46.412036,123.950301,2352,America/Chicago,True
Aeroporto Cavalcanti,EJZ,AEJZ,494,-74.953444,-131.253263,552,Pacific/Auckland,True
Aeroporto Dias de Ribeiro,EKA,AEKA,718,22.572717,-45.212374,2893,Asia/Kolkata,True
Aeroporto Ferreira,EKB,AEKB,485,-11.568013,175.571447,2986,Asia/Tokyo,True
Aeroporto Santos Grande,EKC,AEKC,161,-62.075064,69.379436,2961,Europe/London,True
Aeroporto Mendonça de Peixoto,EKD,AEKD,331,10.146974,60.545123,3581,Europe/Berlin,False
Aeroporto Rodrigues de Goiás,EKE,AEKE,683,-62.754953,-126.776775,1452,America/Bogota,True
Aeroporto da Rocha,EKF,AEKF,817,-47.603248,162.188754,4449,Asia/Singapore,True
Aeroporto Montenegro do Oeste,EKG,AEKG,510,-71.303375,81.431882,1588,Asia/Shanghai,True
Aeroporto Araújo da Prata,EKH,AEKH,613,26.805295,-71.884528,1283,Asia/Kolkata,True
Aeroporto da Luz Alegre,EKI,AEKI,318,63.088664,-0.418746,3378,Europe/Rome,True
Aeroporto Gonçalves dos Dourados,EKJ,AEKJ,329,-83.910873,66.401408,4259,Europe/Madrid,True
Aeroporto Guerra Paulista,EKK,AEKK,11,76.194233,-135.75464,2895,America/Toronto,True
Aeroporto da Mata,EKL,AEKL,539,8.339563,156.466793,3933,Asia/Tokyo,True
Aeroporto Siqueira de Câmara,EKM,AEKM,318,57.388466,159.106824,209,America/Toronto,True
Aeroporto Porto do Norte,EKN,AEKN,556,-69.999405,-175.688037,4339,America/Sao_Paulo,True
Aeroporto Machado das Pedras,EKO,AEKO,576,72.806372,20.181163,3444,Australia/Sydney,True
Aeroporto Oliveira,EKP,AEKP,824,83.915871,-88.690061,3565,America/Chicago,True
Aeroporto Nascimento,EKQ,AEKQ,458,5.650304,97.901385,4489,Asia/Kolkata,True
Aeroporto Vasconcelos,EKR,AEKR,850,-20.862509,48.239959,3183,Asia/Seoul,True
Aeroporto Pimenta,EKS,AEKS,959,-50.533563,-71.874496,3638,Asia/Singapore,True
Aeroporto Cardoso da Prata,EKT,AEKT,588,-16.483706,-97.606503,3928,America/Lima,True
Aeroporto Silveira,EKU,AEKU,152,-61.880944,131.511272,3525,Europe/Paris,True
Aeroporto Garcia,EKV,AEKV,631,76.476569,-55.825876,1485,Europe/Berlin,True
Aeroporto Vasconcelos,EKW,AEKW,212,8.894732,49.974161,2006,Europe/Lisbon,True
Aeroporto Fogaça da Prata,EKX,AEKX,52,-31.836184,-120.747819,2373,America/Sao_Paulo,True
Aeroporto Rezende,EKY,AEKY,649,-89.297127,-9.634288,3413,America/Sao_Paulo,True
Aeroporto Moreira,EKZ,AEKZ,886,73.64545,22.922135,1342,America/Bogota,True
Aeroporto Fonseca,ELA,AELA,364,80.905558,-4.74768,1935,Asia/Kolkata,True
Aeroporto Castro,ELB,AELB,586,5.873977,86.933876,2597,America/Lima,True
Aeroporto Silva de Goiás,ELC,AELC,571,-73.235909,90.495298,3970,America/Toronto,True
Aeroporto Castro da Praia,ELD,AELD,447,-24.329036,41.039143,4331,Pacific/Auckland,True
Aeroporto Jesus do Oeste,ELE,AELE,462,55.123002,2.147459,2837,Africa/Cairo,True
Aeroporto Albuquerque,ELF,AELF,464,-69.035673,-139.236665,4384,Europe/Rome,True
Aeroporto Almeida,ELG,AELG,271,82.45725,80.198293,3197,America/Chicago,True
Aeroporto Montenegro,ELH,AELH,249,61.965895,-64.752176,2776,Australia/Sydney,True
Aeroporto Vieira do Amparo,ELI,AELI,489,-2.992939,-94.67885,1292,America/Chicago,True
Aeroporto Castro,ELJ,AELJ,520,-40.650305,-16.163226,3024,Asia/Dubai,True
Aeroporto da Rosa do Sul,ELK,AELK,75,51.380972,150.283677,666,America/Buenos_Aires,True
Aeroporto Pires,ELL,AELL,853,3.446962,-60.440355,4036,America/Lima,True
Aeroporto Andrade,ELM,AELM,551,62.701877,-100.460982,1535,America/Bogota,False
Aeroporto Souza do Campo,ELN,AELN,798,-84.875765,-158.495109,100,Asia/Tokyo,True
Aeroporto Rezende das Flores,ELO,AELO,758,-69.604207,-97.158697,2638,America/Buenos_Aires,True
Aeroporto Sousa,ELP,AELP,34,-31.946452,24.219025,1835,Europe/Rome,True
Aeroporto Barros de Minas,ELQ,AELQ,190,-37.719024,-134.753385,3844,America/Los_Angeles,True
Aeroporto Montenegro,ELR,AELR,193,19.812188,-91.09337,453,Asia/Seoul,True
Aeroporto Almeida do Sul,ELS,AELS,417,-29.477749,-107.215795,1595,America/Mexico_City,True
Aeroporto Brito,ELT,AELT,968,-4.985155,155.772882,4437,America/Sao_Paulo,True
Aeroporto Correia da Mata,ELU,AELU,831,-61.842506,-113.074382,983,America/Bogota,True
Aeroporto Lima do Galho,ELV,AELV,1,4.562509,21.650489,2664,Africa/Cairo,True
Aeroporto da Rosa,ELW,AELW,668,64.721535,-127.331943,3900,Europe/Berlin,True
Aeroporto Marques do Oeste,ELX,AELX,962,-13.5138,-162.93524,3840,Asia/Singapore,True
Aeroporto da Luz,ELY,AELY,657,56.331844,80.904619,3582,Asia/Dubai,True
Aeroporto Garcia de da Rocha,ELZ,AELZ,583,-0.086689,24.977798,4084,Pacific/Auckland,True
Aeroporto Borges de Goiás,EMA,AEMA,953,-29.704196,-175.99134,452,Africa/Johannesburg,True
Aeroporto Novais Paulista,EMB,AEMB,285,89.271616,58.23348,3634,America/Mexico_City,True
Aeroporto da Paz de Sampaio,EMC,AEMC,410,-61.725952,39.527046,222,Africa/Johannesburg,True
Aeroporto Garcia,EMD,AEMD,952,-10.540218,-96.723784,1490,America/Mexico_City,True
Aeroporto Monteiro,EME,AEME,415,-25.975368,-18.48993,1297,Asia/Shanghai,True
Aeroporto Freitas da Prata,EMF,AEMF,244,-87.174059,43.614731,642,America/Toronto,True
Aeroporto Machado,EMG,AEMG,512,-68.207941,-14.827387,2617,Europe/Berlin,True
Aeroporto Oliveira,EMH,AEMH,861,48.716384,81.032487,3623,Europe/Paris,True
Aeroporto Gonçalves,EMI,AEMI,653,-33.168337,-147.398147,3771,Africa/Johannesburg,False
Aeroporto Machado,EMJ,AEMJ,519,30.826145,-70.503007,4053,Asia/Tokyo,True
Aeroporto Mendes Verde,EMK,AEMK,784,-53.91332,18.223316,18,Asia/Shanghai,True
Aeroporto Ramos,EML,AEML,402,-29.028301,45.596125,1162,Asia/Kolkata,True
Aeroporto Farias Grande,EMM,AEMM,892,21.458459,-46.455147,3714,America/Toronto,True
Aeroporto Brito,EMN,AEMN,25,-27.143872,107.101526,372,Asia/Kolkata,True
Aeroporto Costela,EMO,AEMO,460,-57.298925,100.613539,4380,America/Los_Angeles,True
Aeroporto Pastor de da Cruz,EMP,AEMP,561,-46.380239,-18.035158,230,Europe/Paris,True
Aeroporto Casa Grande,EMQ,AEMQ,968,3.724816,-59.904324,3684,America/Lima,True
Aeroporto Pimenta do Amparo,EMR,AEMR,571,48.763275,-139.809927,1397,Europe/Lisbon,True
Aeroporto Araújo,EMS,AEMS,485,-71.383508,-93.119819,3490,America/Mexico_City,True
Aeroporto da Cunha de Jesus,EMT,AEMT,37,59.197867,10.505565,4347,Europe/Berlin,False
Aeroporto Sousa Alegre,EMU,AEMU,573,-43.055239,151.678202,1672,Asia/Kolkata,True
Aeroporto Andrade,EMV,AEMV,782,2.860292,-135.495926,3629,Europe/Paris,True
Aeroporto Sales Verde,EMW,AEMW,405,-13.397976,60.015042,376,Asia/Dubai,True
Aeroporto Abreu Paulista,EMX,AEMX,381,89.222808,-54.037428,2914,Asia/Singapore,True
Aeroporto Sá,EMY,AEMY,753,74.522451,104.671263,2380,America/Los_Angeles,True
Aeroporto Nogueira de Monteiro,EMZ,AEMZ,327,79.819535,92.597311,3620,Australia/Sydney,True
Aeroporto Rezende de Goiás,ENA,AENA,134,-26.317513,-175.70221,320,Europe/Paris,True
Aeroporto Martins do Amparo,ENB,AENB,845,54.552694,11.949624,4113,America/Buenos_Aires,True
Aeroporto Caldeira,ENC,AENC,644,7.304318,-64.743559,2665,Pacific/Auckland,True
Aeroporto Sampaio de Minas,END,AEND,217,-28.329795,1.386244,2947,Australia/Sydney,True
Aeroporto Cardoso do Sul,ENE,AENE,48,4.751081,-124.950239,935,America/Sao_Paulo,True
Aeroporto Moreira,ENF,AENF,88,-23.427258,104.115427,2481,America/Lima,True
Aeroporto Cavalcante,ENG,AENG,416,-21.784482,8.2789,973,Asia/Kolkata,True
Aeroporto Macedo,ENH,AENH,842,-69.375501,-56.420501,3004,Africa/Cairo,True
Aeroporto Andrade,ENI,AENI,448,-73.920151,53.24535,136,America/Mexico_City,True
Aeroporto Monteiro da Serra,ENJ,AENJ,680,27.792868,-163.786033,339,Europe/Lisbon,True
Aeroporto Carvalho de Souza,ENK,AENK,309,-83.894976,50.659723,1128,Europe/London,True
Aeroporto Guerra do Sul,ENL,AENL,24,-16.895212,141.060992,304,Africa/Cairo,True
Aeroporto Campos das Pedras,ENM,AENM,622,52.133931,44.57339,2720,Asia/Kolkata,True
Aeroporto Silveira Paulista,ENN,AENN,757,35.282135,142.428203,4146,America/New_York,True
Aeroporto Pimenta da Praia,ENO,AENO,231,51.931896,-38.253069,1782,Asia/Dubai,True
Aeroporto Casa Grande,ENP,AENP,144,66.748984,-70.415509,2664,Asia/Seoul,True
Aeroporto Moreira do Oeste,ENQ,AENQ,762,-72.489832,-166.182666,1809,Europe/Madrid,True
Aeroporto Moreira Paulista,ENR,AENR,802,47.371912,-73.156701,1507,Europe/Rome,True
Aeroporto Martins de Costela,ENS,AENS,652,66.954194,40.526847,3333,Asia/Dubai,True
Aeroporto Souza Grande,ENT,AENT,688,19.344341,97.349103,285,Europe/Rome,True
Aeroporto Moura,ENU,AENU,606,73.292694,75.619837,148,Europe/Rome,True
Aeroporto Albuquerque de Dias,ENV,AENV,894,72.395765,18.04937,4454,America/Toronto,True
Aeroporto Cavalcanti Grande,ENW,AENW,648,-60.170979,-66.176059,2470,America/Sao_Paulo,True
Aeroporto Azevedo de Abreu,ENX,AENX,386,-70.291889,-22.489156,4112,Asia/Singapore,True
Aeroporto Sampaio do Oeste,ENY,AENY,510,58.434269,162.866989,4104,America/Los_Angeles,True
Aeroporto Sales,ENZ,AENZ,993,-16.868634,11.98949,840,Europe/Madrid,True
Aeroporto Nascimento,EOA,AEOA,236,64.427524,16.406499,3110,America/Bogota,True
Aeroporto Farias de Brito,EOB,AEOB,185,8.912861,-48.659617,828,Asia/Dubai,True
Aeroporto Pinto,EOC,AEOC,268,76.946434,-41.380099,1257,Asia/Shanghai,True
Aeroporto Peixoto de Castro,EOD,AEOD,115,-62.138242,-54.294854,3454,America/Los_Angeles,True
Aeroporto Ferreira,EOE,AEOE,413,16.830708,-17.125807,1410,Asia/Seoul,True
Aeroporto Ferreira,EOF,AEOF,806,46.064864,139.096526,2905,Australia/Sydney,True
Aeroporto Correia,EOG,AEOG,655,15.184937,-68.731473,2294,Asia/Shanghai,False
Aeroporto da Paz das Pedras,EOH,AEOH,62,23.556605,53.122487,3697,America/Los_Angeles,True
Aeroporto Freitas das Flores,EOI,AEOI,238,27.365223,-147.761471,2759,Asia/Seoul,True
Aeroporto Novais da Prata,EOJ,AEOJ,956,-13.625658,141.770256,1413,Asia/Dubai,True
Aeroporto Barbosa,EOK,AEOK,847,-75.152518,120.339764,2068,Asia/Singapore,True
Aeroporto Caldeira,EOL,AEOL,428,-30.065679,125.339132,2150,Asia/Seoul,True
Aeroporto da Mota,EOM,AEOM,190,-12.574736,-77.785604,2826,Africa/Johannesburg,True
Aeroporto da Luz,EON,AEON,758,23.917002,35.85423,3392,America/Toronto,True
Aeroporto Cardoso,EOO,AEOO,746,87.484333,-87.497488,938,Europe/Madrid,True
Aeroporto Farias Verde,EOP,AEOP,838,-6.676695,-163.966811,4145,Australia/Sydney,True
Aeroporto Sousa do Amparo,EOQ,AEOQ,139,-86.234762,-111.833742,4485,Europe/Berlin,True
Aeroporto Cavalcante,EOR,AEOR,609,-19.408149,-62.905417,1349,Europe/Lisbon,True
Aeroporto Viana,EOS,AEOS,837,-4.459953,-29.917499,3980,Europe/Lisbon,True
Aeroporto Cunha,EOT,AEOT,124,-34.02127,-85.849362,2213,America/Sao_Paulo,True
Aeroporto Pimenta,EOU,AEOU,446,34.882398,-111.47933,1566,Europe/Lisbon,True
Aeroporto Casa Grande,EOV,AEOV,362,-28.532415,-148.927211,1617,Europe/London,True
Aeroporto Melo,EOW,AEOW,441,39.57704,119.203865,1702,America/Buenos_Aires,True
Aeroporto Duarte,EOX,AEOX,126,65.355965,-50.369304,593,America/Sao_Paulo,True
Aeroporto Aragão,EOY,AEOY,361,-40.829325,-132.291355,2965,Asia/Seoul,True
Aeroporto Moraes,EOZ,AEOZ,493,-28.931677,-47.595229,4433,Pacific/Auckland,True
Aeroporto Lima de Rios,EPA,AEPA,523,72.852787,53.003127,4305,Europe/Paris,True
Aeroporto Duarte de da Rosa,EPB,AEPB,450,-61.856247,-154.144465,3205,Europe/Berlin,True
Aeroporto da Costa,EPC,AEPC,34,34.607947,-113.640908,1735,Australia/Sydney,True
Aeroporto Garcia das Flores,EPD,AEPD,108,41.994568,-90.636963,3331,Australia/Sydney,True
Aeroporto Fogaça de das Neves,EPE,AEPE,254,-46.108302,136.224708,1027,Asia/Singapore,True
Aeroporto Moura de Minas,EPF,AEPF,739,-12.681973,-75.088655,2750,Pacific/Auckland,True
Aeroporto Cavalcante,EPG,AEPG,881,-67.748199,48.441158,2399,Asia/Seoul,True
Aeroporto Silva Grande,EPH,AEPH,993,-9.657164,74.297722,2410,America/Lima,True
Aeroporto Novais dos Dourados,EPI,AEPI,1000,13.532018,-83.344931,1588,America/Chicago,True
Aeroporto Sales de Viana,EPJ,AEPJ,501,-27.615959,138.537253,1286,America/Toronto,True
Aeroporto Rodrigues do Campo,EPK,AEPK,413,-16.403488,-86.171641,37,Africa/Johannesburg,True
Aeroporto Rezende da Praia,EPL,AEPL,415,26.84434,143.123203,4107,Europe/Berlin,True
Aeroporto Alves,EPM,AEPM,33,-55.549866,-37.140306,1690,America/Los_Angeles,True
Aeroporto Martins da Praia,EPN,AEPN,612,-87.333516,-92.402738,337,Europe/Berlin,True
Aeroporto Cunha da Prata,EPO,AEPO,547,-50.110529,-108.105989,2612,Africa/Johannesburg,True
Aeroporto Garcia,EPP,AEPP,746,-72.749542,-174.3393,3260,Asia/Dubai,True
Aeroporto Cavalcanti do Sul,EPQ,AEPQ,838,-87.960335,-90.168895,1107,America/Buenos_Aires,True
Aeroporto Macedo,EPR,AEPR,123,66.834731,-100.050641,4329,America/Mexico_City,True
Aeroporto Moura do Oeste,EPS,AEPS,630,26.001126,-48.468783,1588,America/Chicago,True
Aeroporto Pastor,EPT,AEPT,283,49.480827,60.534158,1974,America/Lima,True
Aeroporto Farias do Campo,EPU,AEPU,931,-73.035496,-5.512596,2130,America/Chicago,True
Aeroporto da Cunha do Galho,EPV,AEPV,594,54.624142,-172.264046,3093,Asia/Seoul,True
Aeroporto Pereira,EPW,AEPW,513,-14.356971,-113.994041,3113,Asia/Shanghai,True
Aeroporto Andrade Paulista,EPX,AEPX,407,-83.182778,-129.186528,1430,Europe/London,True
Aeroporto Gonçalves de Aparecida,EPY,AEPY,975,-0.997764,50.075098,1079,Europe/London,True
Aeroporto da Mota do Norte,EPZ,AEPZ,983,-29.35967,49.798061,1199,Asia/Kolkata,True
Aeroporto Silva,EQA,AEQA,102,79.697655,99.485754,2763,America/New_York,True
Aeroporto Pereira de Pires,EQB,AEQB,129,-78.289237,10.571823,271,America/Chicago,True
Aeroporto Mendonça de Cavalcanti,EQC,AEQC,492,61.98335,140.402984,4066,Africa/Cairo,False
Aeroporto Souza de Ramos,EQD,AEQD,140,37.637423,138.338944,526,America/New_York,True
Aeroporto Andrade,EQE,AEQE,627,-4.029506,-52.625512,3462,Pacific/Auckland,True
Aeroporto Alves Grande,EQF,AEQF,956,-22.649549,173.023136,1756,Asia/Kolkata,True
Aeroporto Cardoso,EQG,AEQG,782,-19.56,154.795957,1343,America/Los_Angeles,True
Aeroporto Leão,EQH,AEQH,454,81.687266,-10.424046,1605,America/New_York,True
Aeroporto Araújo,EQI,AEQI,998,-8.392164,152.470727,1619,America/Lima,False
Aeroporto Porto de Santos,EQJ,AEQJ,634,-88.197877,141.71774,1270,America/Sao_Paulo,True
Aeroporto Dias,EQK,AEQK,350,62.193425,86.015347,3204,Europe/Paris,True
Aeroporto Nogueira,EQL,AEQL,41,-3.172352,47.696911,2330,Australia/Sydney,True
Aeroporto Correia do Sul,EQM,AEQM,846,-31.254067,55.179644,4287,America/Mexico_City,True
Aeroporto Rocha Alegre,EQN,AEQN,543,20.888066,-157.280045,1378,Asia/Singapore,True
Aeroporto Pastor,EQO,AEQO,121,70.156436,158.142615,1250,America/Bogota,True
Aeroporto Moreira do Sul,EQP,AEQP,213,-58.874268,26.96287,1430,Asia/Seoul,True
Aeroporto Leão do Norte,EQQ,AEQQ,39,-69.815953,33.3572,2038,America/Buenos_Aires,True
Aeroporto Correia,EQR,AEQR,867,70.72526,-3.850961,3013,Europe/Lisbon,True
Aeroporto Siqueira,EQS,AEQS,88,1.05479,-35.345378,2550,Asia/Shanghai,True
Aeroporto Barros da Serra,EQT,AEQT,466,8.294074,-159.325009,1422,America/Toronto,True
Aeroporto Aparecida de da Mota,EQU,AEQU,772,-12.869381,-36.07803,4286,Europe/Madrid,True
Aeroporto Sales,EQV,AEQV,359,-25.294354,49.869043,2994,Africa/Cairo,False
Aeroporto Cavalcanti do Sul,EQW,AEQW,852,75.260485,15.895646,4420,Australia/Sydney,True
Aeroporto da Mota da Prata,EQX,AEQX,14,67.410642,-0.071463,3807,America/New_York,True
Aeroporto Campos Alegre,EQY,AEQY,56,41.714234,-138.394962,1186,America/Los_Angeles,True
Aeroporto Nunes de Sampaio,EQZ,AEQZ,80,52.847995,95.718409,4098,America/Sao_Paulo,True
Aeroporto Nunes,ERA,AERA,215,-47.434194,110.226562,3070,Africa/Johannesburg,True
Aeroporto Borges de Camargo,ERB,AERB,431,-42.364428,-138.408548,683,Europe/Lisbon,True
Aeroporto Cirino,ERC,AERC,93,69.598038,63.784124,1710,Asia/Tokyo,True
Aeroporto Cirino,ERD,AERD,870,78.470112,-120.102805,1426,Asia/Dubai,True
Aeroporto Pastor do Sul,ERE,AERE,581,-52.727857,176.289245,2263,Europe/London,True
Aeroporto Viana,ERF,AERF,409,60.818277,-98.382396,958,Asia/Dubai,True
Aeroporto Cunha,ERG,AERG,54,72.745027,163.236674,1558,America/Los_Angeles,False
Aeroporto Marques de Minas,ERH,AERH,487,-74.571281,-18.403896,2417,Asia/Tokyo,True
Aeroporto das Neves,ERI,AERI,757,-44.991237,-59.598328,902,America/Bogota,True
Aeroporto Souza,ERJ,AERJ,587,-24.843856,19.468664,95,America/Sao_Paulo,True
Aeroporto das Neves,ERK,AERK,776,56.497677,-31.295023,3612,Europe/Madrid,True
Aeroporto Garcia,ERL,AERL,162,54.462434,179.188077,2988,America/Bogota,True
Aeroporto Cavalcanti Paulista,ERM,AERM,484,53.95945,-94.092776,1491,Europe/Rome,True
Aeroporto Nunes,ERN,AERN,668,80.141899,-125.973946,1521,Pacific/Auckland,True
Aeroporto Jesus de Goiás,ERO,AERO,386,-3.791317,-144.786694,3251,Asia/Kolkata,True
Aeroporto da Mata,ERP,AERP,434,-86.093621,-73.853001,1373,Europe/Berlin,True
Aeroporto Cavalcanti,ERQ,AERQ,457,-10.745932,-76.48253,2465,America/Lima,False
Aeroporto da Luz dos Dourados,ERR,AERR,483,-74.618983,-58.632836,1238,Europe/London,True
Aeroporto Borges do Amparo,ERS,AERS,885,32.808519,154.788516,4040,America/Mexico_City,True
Aeroporto Pacheco da Praia,ERT,AERT,787,-27.382362,-38.244554,999,Asia/Tokyo,True
Aeroporto Vargas do Galho,ERU,AERU,967,74.283136,44.800754,4293,America/Bogota,True
Aeroporto Pires de Rodrigues,ERV,AERV,119,-17.812043,82.330686,2042,America/Los_Angeles,True
Aeroporto Andrade,ERW,AERW,109,-32.895279,164.556211,766,America/Chicago,True
Aeroporto Cassiano da Prata,ERX,AERX,741,-42.643013,-123.402951,4102,Europe/Lisbon,True
Aeroporto Sampaio,ERY,AERY,909,-35.036353,-30.071245,1776,America/Chicago,True
Aeroporto Ferreira da Mata,ERZ,AERZ,958,-53.299574,-153.232193,3849,America/Mexico_City,True
Aeroporto Fernandes,ESA,AESA,588,70.443942,-179.803363,3357,Asia/Dubai,True
Aeroporto Borges do Galho,ESB,AESB,318,72.845345,-65.70751,438,America/Buenos_Aires,True
Aeroporto da Luz,ESC,AESC,759,56.590289,-110.859764,60,America/Los_Angeles,True
Aeroporto Martins,ESD,AESD,815,-73.662921,-2.54861,731,Asia/Singapore,False
Aeroporto Andrade do Campo,ESE,AESE,107,-52.866643,135.661725,928,America/Los_Angeles,True
Aeroporto Melo,ESF,AESF,463,-51.620908,-100.20362,741,Africa/Johannesburg,True
Aeroporto Martins,ESG,AESG,647,59.08518,-148.374751,1329,America/Sao_Paulo,True
Aeroporto Freitas Verde,ESH,AESH,988,-32.777823,31.367274,2929,Asia/Kolkata,True
Aeroporto Ribeiro Verde,ESI,AESI,32,-78.542757,-157.022994,2598,Europe/Lisbon,True
Aeroporto Duarte,ESJ,AESJ,800,-18.214038,-159.38973,3585,America/Buenos_Aires,True
Aeroporto Pires,ESK,AESK,153,63.324075,-152.956555,3450,Europe/Rome,True
Aeroporto Albuquerque da Serra,ESL,AESL,781,33.929986,-70.935529,571,America/Los_Angeles,True
Aeroporto Melo Alegre,ESM,AESM,485,-32.921345,-75.009068,3242,Asia/Kolkata,True
Aeroporto Ramos do Campo,ESN,AESN,932,45.520951,-127.492073,1874,America/New_York,True
Aeroporto Fogaça,ESO,AESO,917,88.702094,-74.213148,600,America/Chicago,True
Aeroporto Castro dos Dourados,ESP,AESP,524,-42.891927,-160.266905,4247,America/Bogota,True
Aeroporto Sá,ESQ,AESQ,101,23.024436,-58.341598,1219,Europe/Madrid,True
Aeroporto Macedo,ESR,AESR,706,-13.937496,-65.30323,529,Asia/Seoul,True
Aeroporto Pastor de Oliveira,ESS,AESS,435,-43.718302,-112.20304,1913,America/Los_Angeles,True
Aeroporto Siqueira das Flores,EST,AEST,771,65.915087,28.975737,2576,America/Sao_Paulo,True
Aeroporto da Cruz de da Cunha,ESU,AESU,798,-31.755875,115.749889,847,America/Los_Angeles,True
Aeroporto Peixoto Alegre,ESV,AESV,219,-4.355088,179.787781,853,Europe/Madrid,True
Aeroporto Rocha de Guerra,ESW,AESW,298,25.338128,87.418819,1983,Africa/Cairo,True
Aeroporto Aparecida de Goiás,ESX,AESX,701,-87.861279,-1.308115,372,Africa/Cairo,True
Aeroporto Leão,ESY,AESY,439,13.788473,66.420204,2631,Asia/Singapore,True
Aeroporto Vasconcelos Paulista,ESZ,AESZ,55,-69.934341,108.26216,4316,Europe/Madrid,True
Aeroporto Pastor do Sul,ETA,AETA,281,-70.834006,62.524742,2279,Africa/Cairo,True
Aeroporto Moraes,ETB,AETB,314,60.806469,-93.439822,2191,America/Mexico_City,True
Aeroporto da Rosa,ETC,AETC,671,59.360455,128.358748,3840,Europe/Madrid,True
Aeroporto Nunes,ETD,AETD,618,-3.993206,-146.239484,3494,Pacific/Auckland,True
Aeroporto Cardoso,ETE,AETE,160,60.49823,-49.387628,1977,America/Chicago,True
Aeroporto Viana do Norte,ETF,AETF,862,36.4297,106.926707,2619,America/New_York,True
Aeroporto das Neves,ETG,AETG,5,53.129299,-102.863986,151,America/Chicago,True
Aeroporto Ferreira,ETH,AETH,119,3.301125,43.696303,3667,Europe/Rome,True
Aeroporto Gonçalves de Cavalcante,ETI,AETI,756,21.627625,-119.105284,174,Asia/Tokyo,True
Aeroporto Abreu de Ribeiro,ETJ,AETJ,673,78.855118,-168.296651,2868,Australia/Sydney,True
Aeroporto Costa,ETK,AETK,157,0.394231,11.029542,3661,America/Toronto,True
Aeroporto da Rosa,ETL,AETL,408,0.958765,-37.177853,1683,America/Toronto,True
Aeroporto Barros da Serra,ETM,AETM,621,24.319086,-118.111964,630,Asia/Kolkata,True
Aeroporto Costela,ETN,AETN,98,-73.730635,-55.321441,2206,America/New_York,True
Aeroporto Borges de Goiás,ETO,AETO,739,40.261477,143.513824,3123,Europe/Paris,True
Aeroporto Rodrigues,ETP,AETP,526,26.294546,141.285007,212,Pacific/Auckland,True
Aeroporto Abreu do Amparo,ETQ,AETQ,754,44.12299,-160.586865,4114,Europe/Berlin,True
Aeroporto Ferreira,ETR,AETR,126,-62.983251,60.387213,964,Asia/Singapore,True
Aeroporto Melo,ETS,AETS,341,18.481635,136.150908,1216,Asia/Seoul,True
Aeroporto Sampaio do Oeste,ETT,AETT,165,-52.259889,164.00554,1518,Asia/Tokyo,True
Aeroporto Rios de Garcia,ETU,AETU,511,-65.3394,-179.168701,1754,Pacific/Auckland,True
Aeroporto Santos de da Cruz,ETV,AETV,966,46.200327,-25.589237,3478,Europe/Paris,True
Aeroporto Gomes,ETW,AETW,717,-69.097105,167.373003,753,Europe/Berlin,True
Aeroporto Dias,ETX,AETX,179,-0.57509,75.021194,1545,Europe/London,True
Aeroporto Guerra,ETY,AETY,667,-1.4584,71.833563,2083,Europe/Paris,True
Aeroporto da Paz das Pedras,ETZ,AETZ,104,31.722132,-68.573338,1237,America/Sao_Paulo,True
Aeroporto Nascimento de Minas,EUA,AEUA,190,-83.756497,33.810696,3941,Europe/Rome,True
Aeroporto Mendonça Verde,EUB,AEUB,666,1.473291,-156.418001,2355,Europe/London,True
Aeroporto Câmara,EUC,AEUC,881,29.252027,178.694959,1113,Africa/Johannesburg,True
Aeroporto Vargas,EUD,AEUD,813,-30.598672,162.836284,17,Asia/Seoul,True
Aeroporto Freitas,EUE,AEUE,368,34.035693,86.108862,4484,Australia/Sydney,True
Aeroporto Fernandes do Galho,EUF,AEUF,820,84.196798,38.475905,3238,Europe/Lisbon,True
Aeroporto Pimenta,EUG,AEUG,187,-2.058578,-14.280393,2852,Asia/Singapore,True
Aeroporto Barbosa de Goiás,EUH,AEUH,534,39.89884,-144.163806,585,Europe/London,True
Aeroporto Monteiro,EUI,AEUI,88,-46.916411,-142.67925,603,Europe/Madrid,True
Aeroporto Aparecida,EUJ,AEUJ,52,-70.757147,-8.847357,1537,Asia/Shanghai,True
Aeroporto da Rosa,EUK,AEUK,693,-82.016767,132.644082,3317,America/Lima,True
Aeroporto Borges Alegre,EUL,AEUL,538,59.811393,112.50194,848,Europe/Paris,True
Aeroporto Rezende da Serra,EUM,AEUM,843,41.271262,-114.710445,1393,America/New_York,True
Aeroporto Cassiano da Mata,EUN,AEUN,805,-45.131196,90.939254,3887,America/New_York,True
Aeroporto Gomes do Amparo,EUO,AEUO,776,47.543329,27.187577,1697,America/Lima,True
Aeroporto da Luz,EUP,AEUP,108,-45.260673,-175.702514,4315,Asia/Shanghai,True
Aeroporto Cavalcanti da Serra,EUQ,AEUQ,451,82.582137,-106.163334,1388,America/Los_Angeles,True
Aeroporto Rodrigues do Galho,EUR,AEUR,115,-13.634839,160.677001,1522,Europe/London,True
Aeroporto Martins,EUS,AEUS,56,2.85559,42.217541,1713,Asia/Singapore,True
Aeroporto Ferreira,EUT,AEUT,110,22.427103,-153.175306,3679,America/Buenos_Aires,True
Aeroporto Rezende,EUU,AEUU,732,17.742237,21.2803,2018,America/Buenos_Aires,False
Aeroporto Albuquerque da Serra,EUV,AEUV,455,24.830892,174.458421,3585,America/Toronto,True
Aeroporto Cardoso Verde,EUW,AEUW,557,-67.805784,-99.600458,1711,Asia/Singapore,True
Aeroporto Rodrigues dos Dourados,EUX,AEUX,257,13.475322,-37.55213,2508,Asia/Shanghai,True
Aeroporto Mendonça,EUY,AEUY,32,-10.86818,-4.22004,124,America/Sao_Paulo,True
Aeroporto Lima do Norte,EUZ,AEUZ,239,75.279237,-64.112599,4159,Pacific/Auckland,True
Aeroporto Lima Paulista,EVA,AEVA,210,75.099498,18.637093,828,Africa/Johannesburg,True
Aeroporto Pereira,EVB,AEVB,524,-85.061958,19.946177,1467,America/Lima,True
Aeroporto Montenegro de Freitas,EVC,AEVC,238,3.145394,-64.075959,1116,America/Toronto,True
Aeroporto Silva de Farias,EVD,AEVD,288,-1.412146,32.961377,1359,Asia/Tokyo,True
Aeroporto Camargo da Serra,EVE,AEVE,754,-26.260792,-12.781217,3040,Asia/Kolkata,True
Aeroporto Nascimento das Flores,EVF,AEVF,103,-32.197087,125.939715,1923,Europe/Berlin,True
Aeroporto Cassiano,EVG,AEVG,457,48.925033,-42.722782,3408,Africa/Johannesburg,True
Aeroporto Fernandes,EVH,AEVH,63,26.03377,58.500397,3289,Europe/Berlin,True
Aeroporto Costa do Galho,EVI,AEVI,239,-73.690073,26.305467,565,America/Mexico_City,True
Aeroporto Lopes de Aragão,EVJ,AEVJ,96,89.801934,176.115067,2722,Asia/Tokyo,True
Aeroporto da Paz de Aparecida,EVK,AEVK,27,17.094617,-3.57319,934,Europe/Berlin,True
Aeroporto Mendonça,EVL,AEVL,59,-48.534154,-2.557962,632,Asia/Singapore,False
Aeroporto Fonseca de Aragão,EVM,AEVM,971,-51.316315,26.005129,1730,America/Sao_Paulo,True
Aeroporto da Cunha das Pedras,EVN,AEVN,831,6.921398,-130.634504,416,America/Sao_Paulo,True
Aeroporto Rocha da Mata,EVO,AEVO,942,-23.207641,-133.347483,3906,Europe/London,True
Aeroporto Nogueira,EVP,AEVP,401,-57.147866,-82.691524,2445,Europe/London,True
Aeroporto Cavalcanti da Mata,EVQ,AEVQ,573,-41.397054,-7.854559,1207,Asia/Shanghai,True
Aeroporto Leão do Sul,EVR,AEVR,944,-32.171737,96.397585,2690,Europe/London,True
Aeroporto Duarte de da Rosa,EVS,AEVS,621,-85.666054,77.941571,1792,Asia/Dubai,True
Aeroporto Peixoto,EVT,AEVT,963,-10.591684,48.864873,1059,America/Sao_Paulo,True
Aeroporto Fogaça,EVU,AEVU,163,73.174554,89.293669,280,America/Bogota,True
Aeroporto Nascimento,EVV,AEVV,562,56.286722,169.089998,185,Europe/Madrid,True
Aeroporto da Cruz da Serra,EVW,AEVW,999,36.309111,-175.977336,4400,America/Los_Angeles,True
Aeroporto Nascimento,EVX,AEVX,772,54.400971,168.201104,3394,America/Buenos_Aires,True
Aeroporto Cardoso,EVY,AEVY,961,78.136295,-85.300646,2636,Asia/Kolkata,True
Aeroporto Porto,EVZ,AEVZ,721,-9.594311,178.870797,4412,Asia/Seoul,True
Aeroporto Lopes de da Mota,EWA,AEWA,747,-9.492716,-74.007441,1519,America/New_York,True
Aeroporto Marques de Goiás,EWB,AEWB,267,-80.004267,164.789422,2961,America/Chicago,True
Aeroporto Aparecida de Barbosa,EWC,AEWC,944,-23.417312,68.582793,2669,Asia/Kolkata,True
Aeroporto Freitas do Norte,EWD,AEWD,288,-88.268443,103.342993,397,America/Los_Angeles,True
Aeroporto Pereira,EWE,AEWE,662,-0.285389,-66.25474,1988,America/New_York,True
Aeroporto Garcia,EWF,AEWF,25,-77.120224,138.334998,642,Europe/Lisbon,True
Aeroporto Fernandes,EWG,AEWG,358,42.790828,13.983914,3175,Africa/Cairo,True
Aeroporto Lima das Flores,EWH,AEWH,585,-77.011037,-88.256554,2226,Asia/Kolkata,True
Aeroporto Cirino,EWI,AEWI,532,-43.671082,171.458342,111,America/New_York,True
Aeroporto Silveira de Minas,EWJ,AEWJ,39,-85.950256,76.75576,2087,Asia/Shanghai,True
Aeroporto Camargo do Oeste,EWK,AEWK,474,-20.692088,105.096535,2422,America/Toronto,True
Aeroporto da Rosa do Galho,EWL,AEWL,830,-10.67043,-118.657409,3328,America/Sao_Paulo,True
Aeroporto Sales,EWM,AEWM,917,9.287406,37.804157,2310,Asia/Dubai,True
Aeroporto Freitas,EWN,AEWN,324,-10.173036,-158.213226,1576,Pacific/Auckland,False
Aeroporto Cunha de Teixeira,EWO,AEWO,482,18.438865,85.852476,730,Pacific/Auckland,True
Aeroporto da Mota da Serra,EWP,AEWP,684,70.641234,105.343123,3146,Asia/Shanghai,True
Aeroporto Montenegro do Norte,EWQ,AEWQ,674,-22.884186,20.474221,962,Asia/Shanghai,True
Aeroporto Cirino da Mata,EWR,AEWR,617,-85.950781,-93.504751,2770,America/Sao_Paulo,True
Aeroporto Abreu das Pedras,EWS,AEWS,859,77.342303,-154.570253,4073,Europe/Rome,True
Aeroporto Almeida,EWT,AEWT,444,33.077281,-6.830216,3966,Asia/Seoul,True
Aeroporto Ribeiro Grande,EWU,AEWU,678,-20.289743,-112.071257,831,Africa/Cairo,False
Aeroporto da Mata dos Dourados,EWV,AEWV,986,70.688436,99.681642,1280,America/Mexico_City,True
Aeroporto Brito de Goiás,EWW,AEWW,598,-7.458013,-10.148427,1328,Asia/Shanghai,True
Aeroporto Almeida,EWX,AEWX,385,-72.064764,3.56247,2396,Europe/Rome,True
Aeroporto Câmara de Minas,EWY,AEWY,430,-39.085849,93.988804,4137,America/Bogota,True
Aeroporto Siqueira dos Dourados,EWZ,AEWZ,185,-44.76686,-69.008109,4442,Europe/Madrid,True
Aeroporto Porto Alegre,EXA,AEXA,917,49.076083,132.052043,1983,Asia/Singapore,True
Aeroporto Melo da Prata,EXB,AEXB,279,79.510712,65.825603,2285,Asia/Seoul,True
Aeroporto Fernandes,EXC,AEXC,730,17.225413,75.686768,3748,America/Toronto,True
Aeroporto Dias da Praia,EXD,AEXD,589,-73.382962,129.310528,2452,Pacific/Auckland,True
Aeroporto Cassiano de Martins,EXE,AEXE,590,88.641608,-172.794544,40,America/Lima,True
Aeroporto Costela de Nascimento,EXF,AEXF,394,-28.843737,93.866576,4459,Europe/Rome,True
Aeroporto Rocha,EXG,AEXG,241,68.754477,106.400803,1267,Africa/Cairo,True
Aeroporto da Cunha das Flores,EXH,AEXH,574,43.46114,108.198258,4049,America/Buenos_Aires,False
Aeroporto Ribeiro,EXI,AEXI,981,-4.213649,-92.194223,3254,Africa/Johannesburg,True
Aeroporto Pires,EXJ,AEXJ,825,-4.078634,109.010195,3850,Europe/Berlin,True
Aeroporto Novais de Ferreira,EXK,AEXK,47,-32.106772,-81.293051,1212,Asia/Shanghai,True
Aeroporto Costela,EXL,AEXL,103,63.90051,-16.351752,3468,Europe/London,True
Aeroporto da Rosa da Mata,EXM,AEXM,586,-9.653952,-21.045633,3749,Asia/Kolkata,True
Aeroporto Machado dos Dourados,EXN,AEXN,974,-17.949989,-159.34616,668,America/Lima,True
Aeroporto Cassiano,EXO,AEXO,195,70.943027,-121.074538,2073,Europe/London,True
Aeroporto Pinto,EXP,AEXP,674,26.755787,-104.185876,3672,Asia/Kolkata,True
Aeroporto Nunes das Pedras,EXQ,AEXQ,509,62.183092,124.859493,4349,Asia/Shanghai,True
Aeroporto Teixeira do Sul,EXR,AEXR,878,-9.450062,27.058286,214,Africa/Cairo,True
Aeroporto Novais do Amparo,EXS,AEXS,669,-11.50718,103.04439,3405,Australia/Sydney,False
Aeroporto Garcia,EXT,AEXT,311,64.029824,102.63493,3911,Australia/Sydney,True
Aeroporto Garcia,EXU,AEXU,114,-41.095487,-52.042484,3688,Asia/Singapore,True
Aeroporto Brito,EXV,AEXV,57,-65.741544,-48.531713,149,America/Mexico_City,True
Aeroporto Cunha do Oeste,EXW,AEXW,378,83.287999,-87.822916,2311,America/New_York,True
Aeroporto Oliveira,EXX,AEXX,804,21.763854,44.275106,4409,Asia/Tokyo,True
Aeroporto Cavalcanti da Serra,EXY,AEXY,332,-66.20662,-39.800629,1773,Australia/Sydney,True
Aeroporto Novaes das Pedras,EXZ,AEXZ,929,-41.919022,88.673781,2204,Asia/Shanghai,True
Aeroporto Sá do Oeste,EYA,AEYA,345,37.713372,55.618456,3197,Asia/Seoul,True
Aeroporto Peixoto Paulista,EYB,AEYB,216,-46.435356,-58.224965,2224,Europe/Paris,False
Aeroporto Vargas da Praia,EYC,AEYC,927,86.911989,-170.50152,2797,Europe/Berlin,True
Aeroporto Rios,EYD,AEYD,703,-9.122792,-10.648488,3851,Europe/London,True
Aeroporto Montenegro da Prata,EYE,AEYE,724,35.193805,-128.552277,3187,America/Lima,True
Aeroporto Câmara das Flores,EYF,AEYF,520,68.531939,-0.727353,2233,Europe/Paris,True
Aeroporto Sá de Martins,EYG,AEYG,661,86.852525,114.086361,187,Europe/Madrid,True
Aeroporto Machado da Serra,EYH,AEYH,434,55.972163,14.510225,1535,Asia/Seoul,True
Aeroporto Guerra,EYI,AEYI,698,67.525249,-84.886965,1412,Africa/Cairo,True
Aeroporto Abreu da Prata,EYJ,AEYJ,615,83.234817,109.431389,2338,Europe/Berlin,True
Aeroporto Teixeira dos Dourados,EYK,AEYK,48,-79.806076,-6.499441,3261,America/Los_Angeles,True
Aeroporto Rodrigues,EYL,AEYL,230,-3.924184,133.441185,3825,Africa/Johannesburg,True
Aeroporto Gomes,EYM,AEYM,143,-39.92517,-141.778469,2358,America/Lima,True
Aeroporto Leão das Pedras,EYN,AEYN,601,-69.89467,-110.503914,3508,America/Lima,True
Aeroporto Porto,EYO,AEYO,876,60.543846,-10.534969,1422,Asia/Tokyo,True
Aeroporto Pinto,EYP,AEYP,353,-83.506493,-40.249034,605,Asia/Shanghai,True
Aeroporto Carvalho,EYQ,AEYQ,488,5.429231,-7.071023,4174,Europe/London,True
Aeroporto Peixoto,EYR,AEYR,490,30.580325,-172.391478,518,Europe/Berlin,True
Aeroporto Almeida Alegre,EYS,AEYS,871,44.915497,116.93787,150,Europe/London,True
Aeroporto Cavalcante,EYT,AEYT,790,-3.54147,-96.588575,3540,America/Lima,True
Aeroporto Rodrigues de Borges,EYU,AEYU,180,46.420892,-79.665037,2305,America/Los_Angeles,True
Aeroporto Almeida das Flores,EYV,AEYV,93,35.406711,62.186604,2887,America/Bogota,True
Aeroporto Castro,EYW,AEYW,121,26.07505,-117.164049,2461,Asia/Kolkata,True
Aeroporto Freitas de Silveira,EYX,AEYX,41,-45.49009,176.730763,4443,Europe/London,True
Aeroporto Cavalcanti,EYY,AEYY,614,73.022396,-85.259642,2926,America/Lima,True
Aeroporto Silva de Costa,EYZ,AEYZ,85,27.634396,-170.101941,1544,Europe/Madrid,True
Aeroporto Cardoso da Mata,EZA,AEZA,928,44.882386,-158.558373,3010,America/Bogota,True
Aeroporto Alves,EZB,AEZB,443,32.395706,52.669226,2079,Europe/London,True
Aeroporto Oliveira,EZC,AEZC,971,76.892768,117.753107,1702,America/Toronto,True
Aeroporto Marques de da Cruz,EZD,AEZD,902,65.12008,88.506725,2351,Europe/Paris,True
Aeroporto da Costa de Vieira,EZE,AEZE,308,-20.716691,-9.343881,3926,Europe/Madrid,True
Aeroporto Martins,EZF,AEZF,564,23.38511,-63.178696,1995,America/Sao_Paulo,True
Aeroporto Pereira,EZG,AEZG,749,-57.724089,-18.520942,1119,Africa/Johannesburg,True
Aeroporto Castro de Goiás,EZH,AEZH,465,13.581879,113.047629,3285,Europe/Paris,True
Aeroporto Silveira de Azevedo,EZI,AEZI,972,61.458255,-53.099874,1293,Asia/Kolkata,True
Aeroporto Souza,EZJ,AEZJ,621,-63.775822,130.289413,2500,Africa/Johannesburg,True
Aeroporto Rodrigues,EZK,AEZK,524,-45.705374,-12.292985,3232,America/Buenos_Aires,True
Aeroporto Moreira do Amparo,EZL,AEZL,781,37.332075,32.106144,1970,America/Toronto,True
Aeroporto Barbosa das Pedras,EZM,AEZM,682,4.769859,119.561149,649,Europe/Paris,True
Aeroporto Silva da Prata,EZN,AEZN,991,-11.484005,-120.333009,3994,Australia/Sydney,True
Aeroporto Silva,EZO,AEZO,808,6.907387,150.956466,683,America/New_York,True
Aeroporto Macedo,EZP,AEZP,454,-21.708037,133.915159,1354,America/Bogota,True
Aeroporto Silveira de Araújo,EZQ,AEZQ,636,82.29559,-42.876561,1496,America/Toronto,True
Aeroporto Gonçalves do Norte,EZR,AEZR,762,-32.986159,-100.655392,4208,America/New_York,True
Aeroporto Guerra do Galho,EZS,AEZS,293,-86.366211,-152.102516,65,Asia/Singapore,True
Aeroporto Lima de Viana,EZT,AEZT,581,-77.568966,34.251047,2292,Europe/Madrid,True
Aeroporto Caldeira,EZU,AEZU,255,-7.849642,175.816269,1474,Asia/Kolkata,True
Aeroporto da Luz,EZV,AEZV,542,76.169293,-75.201999,3241,Europe/Madrid,True
Aeroporto Silveira,EZW,AEZW,326,-84.606444,29.678332,3031,Europe/Berlin,True
Aeroporto Fonseca,EZX,AEZX,678,-75.697194,137.613354,2648,Pacific/Auckland,True
Aeroporto Ribeiro Alegre,EZY,AEZY,406,-10.274336,-98.910695,750,Europe/Madrid,True
Aeroporto da Cruz,EZZ,AEZZ,712,-81.66213,71.047138,537,Africa/Johannesburg,True
Aeroporto Costela de da Luz,FAA,AFAA,282,12.100907,-146.780815,3694,Asia/Shanghai,True
Aeroporto Farias,FAB,AFAB,29,54.343741,179.613328,55,Europe/Paris,True
Aeroporto Marques,FAC,AFAC,723,77.983077,179.361369,3647,Europe/Berlin,True
Aeroporto Sá de da Cruz,FAD,AFAD,242,60.087229,-6.813308,362,America/Chicago,True
Aeroporto Fernandes da Mata,FAE,AFAE,896,-88.975377,57.79039,2370,America/Lima,True
Aeroporto Farias de Viana,FAF,AFAF,161,-76.18515,107.603646,1294,Europe/Paris,True
Aeroporto Sampaio de da Luz,FAG,AFAG,694,71.361731,-174.401819,0,Asia/Kolkata,True
Aeroporto Peixoto do Norte,FAH,AFAH,537,-21.371758,-82.827438,3492,Asia/Dubai,True
Aeroporto Casa Grande,FAI,AFAI,938,27.05905,127.862127,2218,Europe/Madrid,True
Aeroporto Alves de Goiás,FAJ,AFAJ,740,-82.543328,-80.371069,3858,America/Chicago,True
Aeroporto Nunes da Praia,FAK,AFAK,571,38.019641,-168.862149,266,Europe/Lisbon,True
Aeroporto das Neves da Serra,FAL,AFAL,85,70.953304,88.689597,573,America/Mexico_City,True
Aeroporto Melo dos Dourados,FAM,AFAM,967,-30.963962,168.122248,3329,America/New_York,True
Aeroporto Cassiano Grande,FAN,AFAN,155,-3.254574,36.153125,1560,America/Mexico_City,True
Aeroporto Pereira,FAO,AFAO,816,76.849177,92.374022,3970,America/Bogota,True
Aeroporto Gomes Paulista,FAP,AFAP,51,62.522346,-87.599337,4115,Asia/Tokyo,True
Aeroporto Alves,FAQ,AFAQ,325,-5.00488,-177.037227,2239,Europe/Paris,True
Aeroporto Pacheco,FAR,AFAR,411,65.684553,92.563843,3168,America/Lima,True
Aeroporto Casa Grande Verde,FAS,AFAS,679,44.309178,0.083694,898,Asia/Seoul,True
Aeroporto da Luz,FAT,AFAT,504,-29.248272,-87.173078,867,America/Toronto,True
Aeroporto Silveira do Galho,FAU,AFAU,511,49.8916,-140.626728,948,Europe/Lisbon,True
Aeroporto Mendes da Serra,FAV,AFAV,848,51.972563,-42.234315,3023,America/Buenos_Aires,False
Aeroporto Ramos Grande,FAW,AFAW,78,12.154015,61.619149,2705,Asia/Shanghai,True
Aeroporto Moreira da Praia,FAX,AFAX,44,10.198408,-35.462342,4492,Asia/Dubai,True
Aeroporto Mendonça da Serra,FAY,AFAY,334,69.765382,-85.444849,2373,America/Chicago,True
Aeroporto Cavalcanti de Mendes,FAZ,AFAZ,928,87.038217,88.775744,2134,Asia/Seoul,True
Aeroporto Albuquerque de Minas,FBA,AFBA,415,-1.136667,46.496152,4342,America/Buenos_Aires,True
Aeroporto Câmara da Mata,FBB,AFBB,355,62.648823,-156.672884,1014,Europe/Madrid,True
Aeroporto Câmara,FBC,AFBC,525,28.426699,172.601689,1448,Asia/Kolkata,True
Aeroporto da Mota,FBD,AFBD,899,21.136292,177.822702,352,Europe/Lisbon,True
Aeroporto Rezende,FBE,AFBE,65,-16.0235,22.838365,4136,America/Los_Angeles,True
Aeroporto Fogaça,FBF,AFBF,896,73.17078,-177.991936,3130,Africa/Johannesburg,True
Aeroporto Marques de Nunes,FBG,AFBG,450,27.608621,-164.127131,4381,America/Chicago,True
Aeroporto Souza,FBH,AFBH,226,-13.331563,27.64134,1262,Africa/Johannesburg,True
Aeroporto Sousa,FBI,AFBI,611,44.682859,103.251731,3206,Asia/Kolkata,True
Aeroporto Fonseca,FBJ,AFBJ,700,-81.473126,-89.432871,3760,America/Chicago,True
Aeroporto Guerra,FBK,AFBK,30,53.376077,-24.328947,658,America/Mexico_City,True
Aeroporto Farias,FBL,AFBL,469,-27.384613,166.153474,4398,America/Sao_Paulo,False
Aeroporto da Mata,FBM,AFBM,460,74.266117,19.294916,1466,Pacific/Auckland,True
Aeroporto Araújo,FBN,AFBN,377,-24.733873,-22.751696,4337,Africa/Cairo,True
Aeroporto Nunes de Moreira,FBO,AFBO,495,-3.200643,-163.533328,3505,Australia/Sydney,True
Aeroporto da Cruz,FBP,AFBP,95,18.740198,-122.644088,1448,America/Buenos_Aires,True
Aeroporto Sousa da Serra,FBQ,AFBQ,307,15.515039,-137.764702,1681,America/Sao_Paulo,True
Aeroporto da Conceição,FBR,AFBR,607,53.199105,-140.131837,1297,Asia/Singapore,True
Aeroporto Cavalcanti de Aparecida,FBS,AFBS,764,-24.56213,-5.300368,1819,Europe/Berlin,True
Aeroporto Novaes Paulista,FBT,AFBT,849,-6.503935,170.274705,445,Pacific/Auckland,True
Aeroporto Souza,FBU,AFBU,105,-59.29596,97.329576,2828,America/Lima,True
Aeroporto Siqueira,FBV,AFBV,275,55.464022,67.706558,3203,America/Lima,True
Aeroporto Cardoso,FBW,AFBW,547,88.01334,14.21982,742,Europe/Paris,True
Aeroporto Araújo do Oeste,FBX,AFBX,170,-28.396429,-34.198332,1057,America/New_York,True
Aeroporto da Cruz,FBY,AFBY,425,-72.713422,-174.759307,4421,America/New_York,True
Aeroporto Martins de Brito,FBZ,AFBZ,503,58.284454,-166.145452,572,Asia/Dubai,True
Aeroporto Dias,FCA,AFCA,173,39.18303,84.680774,3262,America/Mexico_City,True
Aeroporto Costa,FCB,AFCB,64,-49.232723,-46.201826,2761,America/Bogota,True
Aeroporto Camargo de Macedo,FCC,AFCC,905,22.094661,-65.505705,3206,Asia/Singapore,True
Aeroporto Melo,FCD,AFCD,772,-76.160018,73.901511,1242,America/Lima,True
Aeroporto Brito,FCE,AFCE,825,84.289272,15.007522,3248,America/Toronto,True
Aeroporto Peixoto,FCF,AFCF,877,87.637508,-132.208666,2947,Europe/Madrid,True
Aeroporto da Rosa de Nunes,FCG,AFCG,385,2.417816,-112.317288,1182,America/New_York,True
Aeroporto Pacheco,FCH,AFCH,183,-31.279148,-80.673199,376,America/Buenos_Aires,True
Aeroporto Camargo dos Dourados,FCI,AFCI,936,-86.46839,41.199981,150,America/Bogota,True
Aeroporto Pastor,FCJ,AFCJ,820,77.660718,114.977007,4079,America/Los_Angeles,True
Aeroporto Abreu de da Cunha,FCK,AFCK,549,74.658164,48.959748,2355,America/Los_Angeles,True
Aeroporto Peixoto Paulista,FCL,AFCL,53,25.149941,-22.673659,2642,America/Buenos_Aires,True
Aeroporto Pires de Cavalcanti,FCM,AFCM,295,88.614285,168.357209,1973,America/Mexico_City,True
Aeroporto Montenegro do Amparo,FCN,AFCN,810,11.441751,163.675985,47,Europe/Rome,True
Aeroporto Ramos da Mata,FCO,AFCO,231,36.28131,-67.255136,3392,America/Sao_Paulo,True
Aeroporto Nascimento de Goiás,FCP,AFCP,624,35.336301,162.622951,4067,America/New_York,True
Aeroporto da Mota da Prata,FCQ,AFCQ,579,65.196528,65.966992,3852,Asia/Shanghai,True
Aeroporto Pires dos Dourados,FCR,AFCR,6,-38.766966,-11.707738,417,Africa/Cairo,True
Aeroporto Sá,FCS,AFCS,323,44.563782,115.716715,472,Europe/Rome,True
Aeroporto Mendonça,FCT,AFCT,130,-2.056793,10.716389,193,Europe/Paris,True
Aeroporto Dias,FCU,AFCU,436,-42.68064,-139.110408,1540,America/Sao_Paulo,True
Aeroporto Monteiro de Castro,FCV,AFCV,787,-81.402286,151.607618,409,America/Los_Angeles,True
Aeroporto Azevedo,FCW,AFCW,559,76.969827,-62.001984,4021,Asia/Tokyo,True
Aeroporto Rocha da Mata,FCX,AFCX,215,72.522586,2.859376,1,America/Buenos_Aires,True
Aeroporto Macedo,FCY,AFCY,497,-34.657764,-42.188787,4182,Europe/Paris,True
Aeroporto Porto da Prata,FCZ,AFCZ,803,-89.519645,-121.033259,2578,Europe/Madrid,True
Aeroporto Correia,FDA,AFDA,380,34.824291,166.340227,2955,America/Chicago,True
Aeroporto Teixeira,FDB,AFDB,379,71.705619,-137.856123,2699,Europe/Paris,True
Aeroporto Cunha,FDC,AFDC,83,-73.463212,-22.422965,4179,Australia/Sydney,True
Aeroporto Montenegro da Mata,FDD,AFDD,794,-27.805235,79.039409,1000,Europe/Berlin,True
Aeroporto Vargas do Galho,FDE,AFDE,638,44.311308,-136.668997,4346,Africa/Cairo,True
Aeroporto Caldeira de Rodrigues,FDF,AFDF,526,-85.587684,89.516712,2371,America/Los_Angeles,True
Aeroporto Pimenta do Oeste,FDG,AFDG,992,38.373286,116.933407,4035,Europe/Rome,True
Aeroporto Duarte,FDH,AFDH,43,85.956306,84.591508,3061,America/Chicago,True
Aeroporto Correia,FDI,AFDI,595,18.667318,121.629103,1771,Asia/Seoul,True
Aeroporto Viana da Serra,FDJ,AFDJ,417,36.028331,-127.656273,3134,America/Buenos_Aires,True
Aeroporto Pimenta,FDK,AFDK,940,15.10482,-18.693551,4185,Asia/Singapore,True
Aeroporto Duarte,FDL,AFDL,208,-82.432393,156.842299,3028,Europe/Paris,True
Aeroporto Rezende de Peixoto,FDM,AFDM,618,-81.281332,172.353661,3006,Asia/Kolkata,True
Aeroporto Vasconcelos Paulista,FDN,AFDN,831,-81.833962,-150.856691,2471,America/Los_Angeles,True
Aeroporto da Luz,FDO,AFDO,211,19.753914,-73.052214,709,Europe/London,True
Aeroporto da Rosa de Freitas,FDP,AFDP,549,87.923683,-154.973331,1817,Asia/Kolkata,True
Aeroporto das Neves,FDQ,AFDQ,295,66.534139,-24.955468,1700,Asia/Kolkata,True
Aeroporto Siqueira da Praia,FDR,AFDR,710,-54.907417,56.803429,2581,America/Mexico_City,True
Aeroporto Machado da Mata,FDS,AFDS,999,52.595567,-45.78026,3446,America/Buenos_Aires,True
Aeroporto Nunes das Flores,FDT,AFDT,377,-84.28903,15.497805,2618,America/Los_Angeles,True
Aeroporto Abreu das Flores,FDU,AFDU,391,36.223263,104.318508,883,America/Buenos_Aires,True
Aeroporto Jesus,FDV,AFDV,564,14.208829,135.866722,1869,Europe/Madrid,True
Aeroporto Ramos Grande,FDW,AFDW,778,-81.65369,-108.548816,2303,Europe/London,True
Aeroporto Vargas de da Mota,FDX,AFDX,216,-46.678301,-100.073337,4244,Pacific/Auckland,True
Aeroporto Santos,FDY,AFDY,246,-71.343944,25.199041,33,Asia/Seoul,True
Aeroporto Costela,FDZ,AFDZ,28,19.90482,76.934546,1257,Australia/Sydney,False
Aeroporto da Rocha da Praia,FEA,AFEA,6,-85.634854,-68.279524,4475,Asia/Kolkata,True
Aeroporto Duarte,FEB,AFEB,440,2.717507,-11.77126,4093,Africa/Cairo,True
Aeroporto Vieira das Flores,FEC,AFEC,44,42.879977,-12.92083,3904,America/Toronto,True
Aeroporto Novais da Prata,FED,AFED,429,81.425464,-107.08659,4124,America/Sao_Paulo,True
Aeroporto Cunha,FEE,AFEE,995,89.201738,-110.328471,474,America/Buenos_Aires,True
Aeroporto da Mota de Caldeira,FEF,AFEF,1000,82.997241,-107.55094,353,America/Lima,True
Aeroporto da Cruz,FEG,AFEG,96,19.567047,177.541371,4440,Europe/Paris,True
Aeroporto Duarte,FEH,AFEH,512,-80.932342,67.472002,2964,America/Los_Angeles,True
Aeroporto Silveira de Pastor,FEI,AFEI,945,-18.688761,-142.447456,4153,Africa/Johannesburg,True
Aeroporto Aparecida de Vasconcelos,FEJ,AFEJ,816,28.105118,144.45077,1541,Asia/Dubai,True
Aeroporto Sales do Amparo,FEK,AFEK,957,87.33525,-117.407894,557,Asia/Kolkata,True
Aeroporto da Mota,FEL,AFEL,588,-20.302702,-175.042215,3268,Pacific/Auckland,True
Aeroporto Araújo do Campo,FEM,AFEM,537,-78.606794,146.476331,3984,America/Lima,False
Aeroporto Porto,FEN,AFEN,745,65.805724,-46.985274,4458,Africa/Johannesburg,True
Aeroporto da Mota da Prata,FEO,AFEO,331,0.644485,-171.634535,4472,Asia/Seoul,True
Aeroporto Macedo da Mata,FEP,AFEP,461,17.420901,-123.558183,2338,America/Los_Angeles,True
Aeroporto Melo,FEQ,AFEQ,625,51.512413,177.625407,3627,America/Sao_Paulo,True
Aeroporto Souza,FER,AFER,43,10.369725,11.222119,2165,America/Buenos_Aires,True
Aeroporto Duarte,FES,AFES,633,8.292308,126.081103,2117,Europe/Rome,True
Aeroporto Cassiano Grande,FET,AFET,467,9.176467,-163.970615,2225,America/Buenos_Aires,True
Aeroporto Oliveira do Oeste,FEU,AFEU,262,-15.0341,106.529725,4417,Asia/Dubai,True
Aeroporto Macedo,FEV,AFEV,469,74.877493,48.384567,3169,America/New_York,True
Aeroporto Duarte,FEW,AFEW,222,-77.356034,178.496969,242,Asia/Kolkata,True
Aeroporto Novais do Galho,FEX,AFEX,766,40.883396,-72.847979,2622,Africa/Cairo,True
Aeroporto Sales do Sul,FEY,AFEY,592,-4.223711,66.15063,1823,Africa/Cairo,False
Aeroporto Vargas,FEZ,AFEZ,511,40.463821,-176.898881,1733,Asia/Singapore,True
Aeroporto Viana,FFA,AFFA,945,85.613204,99.338903,1975,Asia/Singapore,True
Aeroporto Fonseca dos Dourados,FFB,AFFB,429,42.291509,134.817201,4321,Australia/Sydney,False
Aeroporto Cirino,FFC,AFFC,917,-75.54679,103.146987,2621,Australia/Sydney,True
Aeroporto Martins de Goiás,FFD,AFFD,652,-72.282467,47.426433,3601,Europe/Berlin,True
Aeroporto Fonseca de Farias,FFE,AFFE,291,57.338791,170.306022,978,Australia/Sydney,True
Aeroporto Rocha,FFF,AFFF,398,86.793287,-82.763804,2257,America/Toronto,True
Aeroporto da Cunha do Sul,FFG,AFFG,202,60.31206,-1.158999,4461,Europe/Paris,True
Aeroporto Campos,FFH,AFFH,740,55.29603,-53.331503,3912,Asia/Kolkata,True
Aeroporto Lima das Flores,FFI,AFFI,33,5.017853,116.968727,3608,Pacific/Auckland,True
Aeroporto Aragão de Moura,FFJ,AFFJ,938,-17.82476,142.876572,941,Asia/Tokyo,True
Aeroporto Moraes,FFK,AFFK,302,-16.869168,-40.969785,957,America/Bogota,True
Aeroporto Almeida Verde,FFL,AFFL,498,1.979635,-66.01988,3501,Asia/Tokyo,True
Aeroporto Andrade do Galho,FFM,AFFM,324,72.532589,59.035906,2463,Europe/London,True
Aeroporto Vieira da Prata,FFN,AFFN,576,51.884705,-35.315787,1429,America/Bogota,True
Aeroporto da Paz de Oliveira,FFO,AFFO,622,-80.130216,-13.239383,1108,America/Mexico_City,True
Aeroporto Porto de Minas,FFP,AFFP,631,-41.164527,-23.956282,192,America/Los_Angeles,True
Aeroporto Nunes,FFQ,AFFQ,793,-43.238825,-98.040744,1340,Asia/Singapore,True
Aeroporto Novais,FFR,AFFR,951,-47.990969,-33.42434,4403,Pacific/Auckland,True
Aeroporto Nascimento,FFS,AFFS,243,20.906658,109.254528,4394,Africa/Johannesburg,True
Aeroporto Moraes,FFT,AFFT,538,-19.750141,-124.151292,2071,Asia/Kolkata,True
Aeroporto Oliveira,FFU,AFFU,758,-14.17179,22.678735,3528,America/Chicago,True
Aeroporto Pimenta de Rezende,FFV,AFFV,370,-17.740059,-0.99446,424,America/Buenos_Aires,True
Aeroporto Sá,FFW,AFFW,206,-1.689747,153.379942,2501,Asia/Seoul,True
Aeroporto Vargas,FFX,AFFX,421,-63.781465,-96.546793,2995,America/Sao_Paulo,True
Aeroporto da Mota dos Dourados,FFY,AFFY,33,-80.588326,-152.226302,3505,Asia/Kolkata,True
Aeroporto Sousa de Cassiano,FFZ,AFFZ,876,-19.73501,118.064237,3554,America/Chicago,True
Aeroporto Barbosa da Serra,FGA,AFGA,802,-83.473277,146.546824,684,America/Sao_Paulo,False
Aeroporto Marques do Galho,FGB,AFGB,109,-12.655879,-51.977534,2646,Europe/Lisbon,True
Aeroporto Almeida das Flores,FGC,AFGC,319,78.388557,-90.497472,447,America/Los_Angeles,True
Aeroporto Abreu das Flores,FGD,AFGD,532,66.471832,127.516158,1067,Africa/Cairo,True
Aeroporto Albuquerque,FGE,AFGE,503,40.892183,130.390401,1280,America/Sao_Paulo,True
Aeroporto Duarte,FGF,AFGF,323,-57.43837,77.070004,2784,Africa/Johannesburg,True
Aeroporto Cassiano Paulista,FGG,AFGG,585,1.160427,141.450499,1617,America/New_York,True
Aeroporto Pacheco,FGH,AFGH,982,-54.306888,-140.757444,3250,Asia/Shanghai,True
Aeroporto Nascimento dos Dourados,FGI,AFGI,923,-18.024543,139.18662,375,America/Toronto,True
Aeroporto Vargas,FGJ,AFGJ,643,5.798563,60.420635,538,America/Los_Angeles,True
Aeroporto Silva Verde,FGK,AFGK,96,-51.588178,148.628326,7,Africa/Cairo,True
Aeroporto Correia,FGL,AFGL,35,81.085134,-33.427555,1442,Europe/London,True
Aeroporto Costela,FGM,AFGM,431,73.468041,-87.395346,2540,America/Lima,True
Aeroporto Cirino do Campo,FGN,AFGN,782,30.86494,-58.164641,3531,Africa/Johannesburg,True
Aeroporto Nascimento,FGO,AFGO,365,-79.042997,-64.842915,1576,Europe/Lisbon,True
Aeroporto Vasconcelos,FGP,AFGP,503,30.944018,-85.181929,669,Asia/Kolkata,False
Aeroporto Nogueira,FGQ,AFGQ,521,-22.678458,26.284811,2886,Europe/Berlin,True
Aeroporto Azevedo Alegre,FGR,AFGR,925,81.705898,13.49448,4083,Asia/Tokyo,True
Aeroporto da Conceição do Oeste,FGS,AFGS,655,72.047119,-2.32425,2592,America/Lima,True
Aeroporto da Rosa,FGT,AFGT,192,-79.319809,80.509578,2820,Asia/Tokyo,True
Aeroporto Lima,FGU,AFGU,809,83.597086,85.591888,1349,Asia/Seoul,True
Aeroporto da Conceição do Oeste,FGV,AFGV,826,65.201622,-36.228147,2242,America/Toronto,True
Aeroporto Alves Grande,FGW,AFGW,933,28.596302,45.784181,1096,America/Bogota,True
Aeroporto Campos de Garcia,FGX,AFGX,469,36.883357,-73.831565,2353,Europe/Madrid,True
Aeroporto Macedo,FGY,AFGY,735,85.54774,33.531579,2532,Asia/Shanghai,True
Aeroporto Garcia,FGZ,AFGZ,538,-12.854304,150.815895,4086,America/Mexico_City,True
Aeroporto Machado,FHA,AFHA,290,68.06788,-160.634681,3870,Asia/Singapore,True
Aeroporto Guerra de Costa,FHB,AFHB,652,24.562376,-38.396011,2244,America/Bogota,True
Aeroporto Vargas,FHC,AFHC,806,66.213394,85.948788,4177,Europe/Berlin,True
Aeroporto Pastor do Campo,FHD,AFHD,303,-71.500592,106.231514,3359,Asia/Singapore,True
Aeroporto Cavalcanti,FHE,AFHE,812,28.638985,-153.18836,263,America/Bogota,True
Aeroporto Castro,FHF,AFHF,573,-37.516465,174.34519,4160,Europe/Paris,True
Aeroporto Campos,FHG,AFHG,254,-78.114961,48.979715,1074,America/Los_Angeles,True
Aeroporto Sousa de Pereira,FHH,AFHH,130,-13.739217,2.131383,3848,Asia/Seoul,True
Aeroporto Souza Alegre,FHI,AFHI,942,65.993656,-115.223589,4224,America/Lima,True
Aeroporto Correia do Oeste,FHJ,AFHJ,351,25.785736,-10.953917,725,Asia/Shanghai,True
Aeroporto Montenegro,FHK,AFHK,849,5.182478,-86.024775,2166,Africa/Johannesburg,True
Aeroporto Mendes Paulista,FHL,AFHL,914,-21.79707,166.053058,1207,Asia/Seoul,True
Aeroporto Marques,FHM,AFHM,210,75.442508,-80.916152,3828,America/Mexico_City,False
Aeroporto Abreu,FHN,AFHN,791,-86.380688,127.194814,1773,America/Chicago,True
Aeroporto Leão das Flores,FHO,AFHO,246,16.365815,39.72643,2395,Europe/Madrid,True
Aeroporto Fogaça,FHP,AFHP,461,7.177739,102.030584,2207,Asia/Tokyo,True
Aeroporto das Neves de Minas,FHQ,AFHQ,761,-4.934881,178.853451,1011,Europe/London,True
Aeroporto Rezende da Mata,FHR,AFHR,76,24.691499,105.89332,1494,Asia/Dubai,True
Aeroporto Sampaio,FHS,AFHS,156,-72.961004,57.602513,644,Asia/Tokyo,True
Aeroporto Rezende,FHT,AFHT,787,-0.758515,19.305311,1781,Asia/Seoul,True
Aeroporto Melo do Sul,FHU,AFHU,995,-7.968662,-4.466511,3030,America/Sao_Paulo,True
Aeroporto Siqueira Alegre,FHV,AFHV,637,-23.215167,52.313238,163,Africa/Cairo,True
Aeroporto Casa Grande,FHW,AFHW,134,-20.730601,-101.767365,3635,Asia/Dubai,True
Aeroporto Cavalcanti,FHX,AFHX,262,38.483,134.468254,1656,Europe/London,True
Aeroporto Cardoso,FHY,AFHY,464,-62.473932,164.80141,4063,America/Bogota,True
Aeroporto Carvalho,FHZ,AFHZ,262,42.967966,-165.566512,4205,America/Bogota,True
Aeroporto Teixeira de Andrade,FIA,AFIA,761,62.588371,-93.017811,4236,Australia/Sydney,True
Aeroporto Peixoto,FIB,AFIB,337,-60.645209,169.388389,1563,America/Bogota,True
Aeroporto Sousa,FIC,AFIC,446,60.444496,-109.740827,891,Pacific/Auckland,True
Aeroporto Freitas das Pedras,FID,AFID,284,-41.812923,131.891654,4467,Africa/Johannesburg,True
Aeroporto Leão,FIE,AFIE,520,74.606484,-17.145313,1258,Pacific/Auckland,True
Aeroporto Cavalcanti,FIF,AFIF,828,-63.574665,37.690098,824,Asia/Kolkata,True
Aeroporto Sousa,FIG,AFIG,361,-71.161228,37.179839,2569,Europe/Paris,True
Aeroporto Fonseca,FIH,AFIH,291,-9.660031,108.344442,4047,America/Los_Angeles,True
Aeroporto Viana,FII,AFII,340,42.223396,-110.495808,1677,America/Chicago,True
Aeroporto Alves,FIJ,AFIJ,457,13.343758,98.662672,583,Africa/Johannesburg,True
Aeroporto Costela de das Neves,FIK,AFIK,306,57.11085,-61.391562,3136,America/Chicago,True
Aeroporto Pires da Praia,FIL,AFIL,434,44.899221,129.373341,3108,Asia/Shanghai,True
Aeroporto Pinto Alegre,FIM,AFIM,146,-69.739292,-172.658119,167,America/New_York,True
Aeroporto Viana,FIN,AFIN,542,-13.652887,58.648243,2922,Pacific/Auckland,True
Aeroporto Farias,FIO,AFIO,774,66.299651,-12.936546,40,Asia/Shanghai,True
Aeroporto Melo,FIP,AFIP,129,79.613562,-98.17027,437,Africa/Cairo,True
Aeroporto Sousa,FIQ,AFIQ,198,-72.800319,72.063618,2710,Europe/Berlin,True
Aeroporto Jesus,FIR,AFIR,855,71.528658,175.059775,1705,Europe/Paris,True
Aeroporto Nogueira,FIS,AFIS,479,24.065455,146.470885,1374,America/Mexico_City,True
Aeroporto Teixeira do Galho,FIT,AFIT,979,-0.370905,63.18833,3152,Asia/Seoul,True
Aeroporto Castro,FIU,AFIU,405,73.949032,63.476715,3897,Asia/Tokyo,True
Aeroporto Albuquerque,FIV,AFIV,79,44.434887,-54.751219,2131,Asia/Seoul,True
Aeroporto Câmara de Minas,FIW,AFIW,552,-1.440097,129.32813,215,Asia/Singapore,True
Aeroporto Azevedo do Campo,FIX,AFIX,618,-55.29326,-145.070734,2455,Europe/Rome,True
Aeroporto Martins de Leão,FIY,AFIY,275,55.658217,107.744216,3076,Africa/Johannesburg,True
Aeroporto Carvalho de Pereira,FIZ,AFIZ,993,32.135791,169.631122,3148,Europe/Paris,True
Aeroporto das Neves,FJA,AFJA,686,-53.54856,-79.93669,1155,Asia/Seoul,True
Aeroporto Melo de da Cunha,FJB,AFJB,964,29.669993,123.766711,3690,Europe/Madrid,True
Aeroporto Duarte,FJC,AFJC,424,5.029637,-178.00587,3642,America/New_York,True
Aeroporto Pimenta do Campo,FJD,AFJD,113,71.225853,-123.820257,726,Africa/Cairo,True
Aeroporto Monteiro de Souza,FJE,AFJE,810,-84.506781,-111.063146,4352,Asia/Kolkata,True
Aeroporto Cardoso,FJF,AFJF,20,-4.164841,28.458745,2243,Europe/Rome,True
Aeroporto Moraes,FJG,AFJG,383,-15.434854,162.455215,632,America/Bogota,True
Aeroporto Casa Grande,FJH,AFJH,413,41.07565,67.066883,78,America/Chicago,True
Aeroporto Ribeiro,FJI,AFJI,56,38.948442,-95.547395,12,Asia/Seoul,True
Aeroporto Souza,FJJ,AFJJ,190,-19.401954,-46.06582,3715,Asia/Dubai,True
Aeroporto Silva,FJK,AFJK,473,-23.374436,123.896619,3234,Asia/Shanghai,True
Aeroporto da Paz do Campo,FJL,AFJL,904,-55.335532,-129.863611,3904,Australia/Sydney,True
Aeroporto Câmara,FJM,AFJM,86,47.612562,-58.47755,3548,Pacific/Auckland,True
Aeroporto Cirino da Mata,FJN,AFJN,22,52.609145,108.63418,1244,Europe/Madrid,True
Aeroporto Santos dos Dourados,FJO,AFJO,627,51.015817,140.832147,3491,Asia/Seoul,True
Aeroporto Teixeira Grande,FJP,AFJP,121,-34.088632,-5.317158,191,Asia/Kolkata,True
Aeroporto Lima da Praia,FJQ,AFJQ,858,-22.462682,119.914053,1804,Asia/Singapore,True
Aeroporto Pacheco,FJR,AFJR,856,52.293626,-64.088045,2427,Europe/Paris,True
Aeroporto Souza,FJS,AFJS,1,81.16907,75.362975,575,Africa/Cairo,True
Aeroporto Pires do Norte,FJT,AFJT,428,-63.192085,-107.138591,3095,America/Los_Angeles,True
Aeroporto Cirino,FJU,AFJU,58,-3.779482,129.102055,413,Asia/Kolkata,True
Aeroporto Casa Grande,FJV,AFJV,407,18.702118,-100.708646,3765,America/New_York,True
Aeroporto Vieira,FJW,AFJW,61,-41.545037,-136.935041,3844,Asia/Singapore,True
Aeroporto Castro,FJX,AFJX,691,-53.508281,33.992023,2335,Asia/Kolkata,True
Aeroporto Duarte do Sul,FJY,AFJY,582,77.415488,-40.592724,398,America/Buenos_Aires,True
Aeroporto Mendes de Ferreira,FJZ,AFJZ,631,-14.365603,-155.078467,1218,Europe/London,True
Aeroporto Pires,FKA,AFKA,953,2.028925,-173.376401,4014,America/Buenos_Aires,True
Aeroporto Machado do Oeste,FKB,AFKB,730,-5.563579,125.82451,4416,Pacific/Auckland,True
Aeroporto Pinto de da Luz,FKC,AFKC,157,-43.926265,-101.95336,2852,America/Bogota,True
Aeroporto Campos de Souza,FKD,AFKD,544,43.346173,13.640901,3529,Europe/Paris,True
Aeroporto Rezende do Galho,FKE,AFKE,260,75.707411,-112.53742,1919,America/Sao_Paulo,True
Aeroporto Fernandes da Serra,FKF,AFKF,968,-83.564154,76.690639,530,Asia/Tokyo,True
Aeroporto Fernandes do Amparo,FKG,AFKG,834,-30.069044,175.676422,130,America/Los_Angeles,True
Aeroporto Ribeiro de Brito,FKH,AFKH,200,63.364646,108.670291,1770,Asia/Dubai,True
Aeroporto Teixeira do Galho,FKI,AFKI,156,40.828184,-148.374449,2683,Asia/Dubai,True
Aeroporto Azevedo da Praia,FKJ,AFKJ,750,3.938884,-156.191478,145,America/Buenos_Aires,True
Aeroporto Ramos do Sul,FKK,AFKK,548,-57.148053,-74.240561,3323,Europe/Lisbon,True
Aeroporto Brito,FKL,AFKL,658,59.374211,106.493678,975,Africa/Cairo,True
Aeroporto Marques,FKM,AFKM,82,-14.374731,-62.621139,2281,Africa/Johannesburg,True
Aeroporto Campos,FKN,AFKN,680,55.843476,-102.018293,866,Asia/Shanghai,True
Aeroporto Cardoso da Praia,FKO,AFKO,419,24.963444,-11.09393,4412,America/Chicago,True
Aeroporto Machado das Pedras,FKP,AFKP,121,68.757597,118.684264,513,Asia/Shanghai,True
Aeroporto Montenegro,FKQ,AFKQ,745,-76.579042,-93.128798,191,America/Sao_Paulo,True
Aeroporto Gonçalves,FKR,AFKR,451,16.945448,-70.609028,2500,Europe/Lisbon,True
Aeroporto Casa Grande,FKS,AFKS,62,48.597725,65.647408,4475,America/Chicago,True
Aeroporto Vasconcelos,FKT,AFKT,620,46.905285,41.841826,1275,Australia/Sydney,True
Aeroporto Costa,FKU,AFKU,908,-73.237787,131.534368,595,America/Bogota,True
Aeroporto Moura Grande,FKV,AFKV,165,-11.877302,123.0646,445,America/Sao_Paulo,True
Aeroporto Nascimento,FKW,AFKW,865,88.823534,164.597242,409,Africa/Cairo,True
Aeroporto Nogueira de Goiás,FKX,AFKX,945,4.07452,141.314059,2387,Europe/Lisbon,True
Aeroporto Freitas,FKY,AFKY,440,71.366378,-26.409264,3184,America/Los_Angeles,True
Aeroporto Brito,FKZ,AFKZ,778,-6.012688,-125.239552,2279,Europe/Paris,True
Aeroporto Porto,FLA,AFLA,420,69.943696,-11.235706,244,Asia/Tokyo,True
Aeroporto Sá,FLB,AFLB,762,86.158412,19.573641,2294,Africa/Johannesburg,False
Aeroporto Nogueira,FLC,AFLC,639,26.555981,-5.57012,2640,America/Mexico_City,True
Aeroporto Costa Paulista,FLD,AFLD,292,89.723734,-167.946552,481,Europe/Berlin,True
Aeroporto Guerra,FLE,AFLE,67,44.354601,7.173063,3388,America/Chicago,True
Aeroporto Gomes do Galho,FLF,AFLF,604,10.509479,-23.32663,1247,Africa/Johannesburg,True
Aeroporto Melo dos Dourados,FLG,AFLG,312,24.060191,-11.43134,2162,Africa/Cairo,True
Aeroporto Carvalho da Mata,FLH,AFLH,625,-41.313468,167.495565,2836,Pacific/Auckland,True
Aeroporto Barbosa,FLI,AFLI,186,89.172766,-152.898006,310,America/Chicago,False
Aeroporto Santos da Prata,FLJ,AFLJ,882,65.016387,-34.734405,1738,Europe/Rome,True
Aeroporto Costela de Minas,FLK,AFLK,856,-65.899254,-127.827699,3983,America/Mexico_City,True
Aeroporto Sá,FLL,AFLL,57,5.670682,27.811888,1355,Asia/Kolkata,True
Aeroporto Carvalho Grande,FLM,AFLM,241,21.060247,87.673324,3037,Europe/Rome,True
Aeroporto Castro de Teixeira,FLN,AFLN,285,-43.907764,103.622339,748,Europe/Madrid,True
Aeroporto Gonçalves,FLO,AFLO,5,-68.905962,-67.194173,2776,Australia/Sydney,True
Aeroporto Ramos,FLP,AFLP,284,50.161827,61.992132,3036,America/Los_Angeles,True
Aeroporto Gonçalves Verde,FLQ,AFLQ,559,47.305633,-49.499033,3018,Europe/Madrid,True
Aeroporto da Cruz,FLR,AFLR,958,-53.13916,-49.818285,4130,Asia/Seoul,True
Aeroporto Barbosa de Goiás,FLS,AFLS,507,-46.40161,-13.375618,1366,Asia/Tokyo,True
Aeroporto Carvalho das Flores,FLT,AFLT,735,-50.334282,-79.646386,2057,America/Mexico_City,True
Aeroporto Silveira,FLU,AFLU,757,-53.187059,-54.203373,3953,America/Lima,True
Aeroporto Costela,FLV,AFLV,334,79.765252,-120.319021,53,Australia/Sydney,True
Aeroporto Casa Grande de Rocha,FLW,AFLW,229,-22.718548,-175.566329,2121,America/Mexico_City,True
Aeroporto Teixeira Alegre,FLX,AFLX,334,39.677644,-164.052317,2497,Pacific/Auckland,True
Aeroporto Porto,FLY,AFLY,914,-37.330923,-8.691905,4432,Europe/Paris,True
Aeroporto Moreira,FLZ,AFLZ,192,-24.243447,-54.972371,3610,America/Toronto,True
Aeroporto Moura do Campo,FMA,AFMA,194,66.112351,89.695509,190,Asia/Seoul,True
Aeroporto da Conceição de Ribeiro,FMB,AFMB,771,-61.699188,50.326077,4150,Asia/Singapore,True
Aeroporto da Rosa de Campos,FMC,AFMC,390,-86.495501,-158.224531,2884,America/Buenos_Aires,True
Aeroporto Cassiano de Barbosa,FMD,AFMD,693,-65.541072,-128.302047,1661,America/Mexico_City,True
Aeroporto da Mata do Norte,FME,AFME,996,-16.421679,-14.333287,164,America/Chicago,True
Aeroporto da Cunha do Campo,FMF,AFMF,203,63.020572,48.927819,3680,America/Toronto,False
Aeroporto Lima de Pacheco,FMG,AFMG,795,-51.295068,-71.733331,781,Europe/Lisbon,True
Aeroporto Santos,FMH,AFMH,455,-4.176118,-58.511529,3110,America/Mexico_City,True
Aeroporto Teixeira de da Rocha,FMI,AFMI,714,31.616094,-103.844164,3994,America/Chicago,True
Aeroporto Moreira,FMJ,AFMJ,451,87.767956,31.626274,3871,America/Sao_Paulo,True
Aeroporto Borges,FMK,AFMK,883,55.581999,169.593109,2726,Europe/Madrid,True
Aeroporto da Costa do Amparo,FML,AFML,553,78.305469,18.272395,616,Europe/Paris,True
Aeroporto Leão do Norte,FMM,AFMM,671,50.907813,-99.718598,3197,Asia/Tokyo,True
Aeroporto Vargas,FMN,AFMN,766,-24.5219,-109.708862,3987,Asia/Seoul,True
Aeroporto Silveira Paulista,FMO,AFMO,826,-38.133349,-139.041866,2684,Asia/Dubai,True
Aeroporto Porto do Galho,FMP,AFMP,174,-62.425472,14.994806,1683,Europe/Rome,True
Aeroporto Leão Paulista,FMQ,AFMQ,852,-43.849735,-83.222069,1077,America/Lima,True
Aeroporto Barros do Sul,FMR,AFMR,752,-20.404072,-104.508325,465,Asia/Singapore,True
Aeroporto Silva,FMS,AFMS,695,68.829654,-44.610436,3543,America/Lima,True
Aeroporto da Cruz de Pacheco,FMT,AFMT,668,-53.564743,35.576872,2784,America/Chicago,False
Aeroporto Câmara de Pastor,FMU,AFMU,394,28.444189,10.541077,4249,America/Toronto,True
Aeroporto Rios Paulista,FMV,AFMV,145,-77.29142,-127.546876,4229,America/Toronto,True
Aeroporto Vasconcelos,FMW,AFMW,314,34.922979,-5.492288,3057,America/Mexico_City,True
Aeroporto Novais de Pereira,FMX,AFMX,818,-70.954188,-159.396131,3453,Africa/Cairo,True
Aeroporto Pereira do Galho,FMY,AFMY,13,-25.147058,35.45886,3401,Europe/Paris,True
Aeroporto Aparecida do Campo,FMZ,AFMZ,36,33.584499,-42.005022,2458,America/Chicago,True
Aeroporto Oliveira,FNA,AFNA,327,-59.739969,10.331294,13,Africa/Johannesburg,True
Aeroporto Campos,FNB,AFNB,562,70.125002,93.49046,4251,Asia/Dubai,True
Aeroporto Fonseca,FNC,AFNC,538,-77.653851,138.382491,29,Asia/Singapore,True
Aeroporto Gonçalves do Norte,FND,AFND,611,44.019375,149.071281,1673,America/Mexico_City,True
Aeroporto Ramos dos Dourados,FNE,AFNE,251,50.392233,-30.961448,240,Pacific/Auckland,True
Aeroporto Oliveira de Moreira,FNF,AFNF,572,29.222095,-76.966523,2228,Europe/Berlin,True
Aeroporto Guerra,FNG,AFNG,500,-65.820461,-139.345399,1625,Europe/Paris,True
Aeroporto Rios do Sul,FNH,AFNH,810,38.512251,-2.033654,4061,Asia/Kolkata,True
Aeroporto Nunes,FNI,AFNI,573,50.640928,-99.485094,595,America/Mexico_City,True
Aeroporto Alves,FNJ,AFNJ,701,76.002292,-160.264205,2493,Europe/Madrid,True
Aeroporto Brito da Mata,FNK,AFNK,305,35.717131,-163.203428,3841,America/Lima,True
Aeroporto Alves dos Dourados,FNL,AFNL,338,82.53973,-44.711878,2141,Europe/Paris,True
Aeroporto Fogaça da Praia,FNM,AFNM,125,10.105092,165.874844,538,Pacific/Auckland,True
Aeroporto da Cruz Paulista,FNN,AFNN,484,-39.730768,-120.192601,749,America/Mexico_City,True
Aeroporto Viana de Aragão,FNO,AFNO,913,-48.888404,-135.704659,3165,Asia/Shanghai,True
Aeroporto Marques Paulista,FNP,AFNP,452,-34.349496,-177.346761,469,Europe/London,True
Aeroporto Costela,FNQ,AFNQ,110,-66.072398,-3.844339,928,Asia/Singapore,True
Aeroporto Sousa das Flores,FNR,AFNR,18,-34.484393,73.170236,1151,Australia/Sydney,True
Aeroporto Vasconcelos da Serra,FNS,AFNS,539,7.999878,-146.91871,650,America/Buenos_Aires,True
Aeroporto Borges de Farias,FNT,AFNT,832,-59.983683,-30.77819,199,Europe/Rome,True
Aeroporto Pimenta da Prata,FNU,AFNU,353,-66.548116,-16.729999,3246,America/Chicago,True
Aeroporto Dias,FNV,AFNV,581,-71.473968,26.926163,1845,America/Los_Angeles,True
Aeroporto Brito de Minas,FNW,AFNW,20,85.243099,117.213441,3765,America/Bogota,True
Aeroporto Dias do Amparo,FNX,AFNX,186,46.392754,-156.803191,3251,Africa/Cairo,True
Aeroporto Sá,FNY,AFNY,200,7.779352,-173.518259,1763,Africa/Johannesburg,True
Aeroporto Costa Paulista,FNZ,AFNZ,33,-58.207141,126.205813,745,America/Bogota,True
Aeroporto Ferreira de Fernandes,FOA,AFOA,77,65.804117,92.004244,3179,America/Bogota,True
Aeroporto Fonseca de Sá,FOB,AFOB,887,36.813055,113.745935,293,Asia/Singapore,True
Aeroporto Cavalcante,FOC,AFOC,916,-1.633064,-166.922379,2312,Asia/Shanghai,False
Aeroporto Almeida do Campo,FOD,AFOD,731,12.8536,18.506526,3554,America/Toronto,True
Aeroporto Pacheco,FOE,AFOE,210,34.180935,139.470979,2874,Europe/Madrid,True
Aeroporto Montenegro da Prata,FOF,AFOF,212,-24.764433,-139.667403,3295,America/Mexico_City,True
Aeroporto Sá da Prata,FOG,AFOG,136,-31.417452,-155.435415,2558,America/Lima,True
Aeroporto Gonçalves,FOH,AFOH,961,-68.486915,-92.068721,2975,Africa/Johannesburg,True
Aeroporto Costa,FOI,AFOI,747,80.569757,-143.821873,1813,Africa/Johannesburg,True
Aeroporto Borges,FOJ,AFOJ,606,-18.754925,-106.914788,1227,Europe/Lisbon,True
Aeroporto da Luz Grande,FOK,AFOK,490,-34.308103,49.581108,1650,Asia/Tokyo,True
Aeroporto Nascimento da Praia,FOL,AFOL,697,-14.470695,-58.52377,1937,America/Lima,False
Aeroporto Carvalho das Flores,FOM,AFOM,815,-20.899568,57.936755,4239,Asia/Shanghai,True
Aeroporto Sousa,FON,AFON,206,-50.168694,-143.575495,2622,Pacific/Auckland,False
Aeroporto Pimenta Verde,FOO,AFOO,12,-85.020389,18.943429,835,Asia/Dubai,True
Aeroporto Duarte,FOP,AFOP,387,-2.134334,-164.232181,2540,Asia/Kolkata,True
Aeroporto Macedo,FOQ,AFOQ,664,-68.170132,-39.121691,44,America/Sao_Paulo,True
Aeroporto da Cruz,FOR,AFOR,262,48.336858,145.447966,3032,Asia/Shanghai,True
Aeroporto Rios,FOS,AFOS,692,40.733859,162.21497,3182,America/Toronto,True
Aeroporto Alves do Amparo,FOT,AFOT,166,-79.442216,0.721624,174,Europe/London,True
Aeroporto Sales,FOU,AFOU,3,-72.913983,171.913591,861,America/Bogota,True
Aeroporto da Cruz,FOV,AFOV,954,18.719838,-33.851616,129,America/Bogota,True
Aeroporto Macedo,FOW,AFOW,499,47.814658,-168.35625,2814,America/Los_Angeles,True
Aeroporto Casa Grande,FOX,AFOX,761,14.106477,-121.854069,3780,Australia/Sydney,True
Aeroporto da Rocha,FOY,AFOY,822,-86.238286,-35.552997,3206,Africa/Cairo,True
Aeroporto Almeida,FOZ,AFOZ,149,31.25509,146.691683,2324,Europe/Berlin,True
Aeroporto Macedo de Leão,FPA,AFPA,691,-12.369122,-27.008655,4088,Europe/Paris,False
Aeroporto Jesus,FPB,AFPB,910,-89.37082,124.313937,3982,America/Chicago,True
Aeroporto Moreira,FPC,AFPC,849,-49.073674,101.878119,2780,Europe/Madrid,True
Aeroporto Pires Verde,FPD,AFPD,386,45.374498,-148.180557,2387,Europe/London,True
Aeroporto Souza Paulista,FPE,AFPE,728,64.88836,-11.154475,3586,Europe/Lisbon,True
Aeroporto da Luz das Pedras,FPF,AFPF,66,65.453113,-49.201936,3016,Asia/Shanghai,False
Aeroporto Fonseca de Goiás,FPG,AFPG,574,82.969587,-162.093417,151,Asia/Kolkata,True
Aeroporto Nogueira da Praia,FPH,AFPH,359,-35.098176,-109.512226,2581,Asia/Kolkata,True
Aeroporto Sales,FPI,AFPI,261,-65.658387,-18.331749,1138,America/Lima,True
Aeroporto Duarte,FPJ,AFPJ,423,23.253816,-166.312401,203,America/Lima,True
Aeroporto Vieira,FPK,AFPK,164,-43.007244,-159.592854,4272,America/Los_Angeles,True
Aeroporto Brito,FPL,AFPL,441,29.702542,-20.896921,1235,Europe/Berlin,True
Aeroporto Nascimento de Dias,FPM,AFPM,451,-36.791704,-2.885649,3505,America/Sao_Paulo,True
Aeroporto Pereira,FPN,AFPN,372,-59.436052,-63.71995,1656,Africa/Johannesburg,True
Aeroporto Silveira,FPO,AFPO,193,-44.170958,-146.409722,3450,Europe/Paris,True
Aeroporto Silva da Prata,FPP,AFPP,560,-84.930318,27.35915,2450,America/Chicago,True
Aeroporto Martins,FPQ,AFPQ,273,32.214124,-145.362732,2026,Asia/Singapore,True
Aeroporto Oliveira do Norte,FPR,AFPR,360,48.844654,-83.461666,1349,America/Buenos_Aires,True
Aeroporto Pinto de Macedo,FPS,AFPS,193,20.441665,-103.936767,3326,America/Bogota,True
Aeroporto Pastor de Lopes,FPT,AFPT,106,-85.265962,150.176217,4449,Europe/Paris,True
Aeroporto Cavalcante,FPU,AFPU,434,27.310244,171.216316,3555,America/Los_Angeles,True
Aeroporto Novais,FPV,AFPV,63,50.659407,159.313882,2333,Asia/Dubai,True
Aeroporto Novais de Rezende,FPW,AFPW,419,60.609253,179.989793,3080,Europe/Rome,True
Aeroporto Ferreira,FPX,AFPX,837,-25.991525,-118.953686,391,America/Buenos_Aires,True
Aeroporto Santos de Casa Grande,FPY,AFPY,362,-79.565625,64.980078,2504,Europe/Madrid,True
Aeroporto Rodrigues,FPZ,AFPZ,849,83.690847,28.925684,1271,Asia/Shanghai,True
Aeroporto Azevedo Paulista,FQA,AFQA,16,68.513409,28.422532,1397,Pacific/Auckland,True
Aeroporto Siqueira do Sul,FQB,AFQB,9,-64.034212,-56.033525,2743,Asia/Seoul,True
Aeroporto Lopes de Santos,FQC,AFQC,257,-47.084895,63.426317,1254,Asia/Tokyo,True
Aeroporto Gonçalves,FQD,AFQD,145,-87.982801,-113.163184,4436,Asia/Seoul,True
Aeroporto Ribeiro,FQE,AFQE,853,11.595446,13.22013,1000,America/Lima,True
Aeroporto das Neves de Nascimento,FQF,AFQF,542,-83.641792,-54.399857,4342,Europe/Berlin,True
Aeroporto Farias de Goiás,FQG,AFQG,790,89.937059,-164.625887,2775,Europe/Berlin,False
Aeroporto Casa Grande da Prata,FQH,AFQH,444,-1.982478,140.241466,4434,Europe/Madrid,True
Aeroporto Abreu do Norte,FQI,AFQI,233,11.162235,9.825885,152,America/Los_Angeles,True
Aeroporto Pastor do Campo,FQJ,AFQJ,653,-4.543857,105.029172,1165,America/Mexico_City,True
Aeroporto Pimenta,FQK,AFQK,67,14.701587,52.808656,142,Asia/Tokyo,False
Aeroporto Moura,FQL,AFQL,502,68.607128,28.310224,286,America/Bogota,True
Aeroporto Siqueira da Serra,FQM,AFQM,497,-37.217272,148.067451,2511,Asia/Shanghai,True
Aeroporto da Cruz,FQN,AFQN,285,-85.590194,-22.862359,953,Europe/Lisbon,True
Aeroporto Cirino,FQO,AFQO,466,53.726657,-10.503232,2500,Europe/Madrid,True
Aeroporto Rezende,FQP,AFQP,709,76.635263,-65.725894,3052,Asia/Kolkata,True
Aeroporto Siqueira de Campos,FQQ,AFQQ,623,-33.396519,149.290669,1339,America/Lima,True
Aeroporto Borges do Campo,FQR,AFQR,755,-16.391297,-120.93664,3898,Europe/Berlin,True
Aeroporto Oliveira das Flores,FQS,AFQS,271,80.598622,-3.950144,351,Europe/Berlin,True
Aeroporto Garcia do Amparo,FQT,AFQT,650,20.843925,25.551041,330,Asia/Tokyo,True
Aeroporto Fernandes,FQU,AFQU,784,-32.193953,110.07208,894,Europe/Rome,True
Aeroporto Brito,FQV,AFQV,240,-34.525591,-172.419404,3672,Asia/Dubai,True
Aeroporto Fogaça da Serra,FQW,AFQW,877,-48.478225,161.756922,4153,Asia/Singapore,True
Aeroporto da Cunha do Amparo,FQX,AFQX,712,8.515739,50.738583,3534,America/New_York,True
Aeroporto Cirino,FQY,AFQY,830,39.77586,-148.770513,846,Australia/Sydney,True
Aeroporto Guerra do Oeste,FQZ,AFQZ,164,32.52747,-113.009207,1947,Asia/Kolkata,True
Aeroporto Ferreira,FRA,AFRA,453,-44.936527,58.170296,3788,Europe/Madrid,True
Aeroporto Fernandes,FRB,AFRB,69,-50.786136,-152.911721,2152,Europe/Berlin,True
Aeroporto Sá de Brito,FRC,AFRC,193,-27.99752,62.62738,977,Asia/Kolkata,True
Aeroporto Almeida do Norte,FRD,AFRD,147,-15.470218,-156.463366,2350,Asia/Singapore,True
Aeroporto Rodrigues,FRE,AFRE,919,-59.296433,-19.715684,2091,Asia/Singapore,True
Aeroporto Brito da Serra,FRF,AFRF,908,52.405903,-97.57586,2816,Europe/Lisbon,True
Aeroporto Moura,FRG,AFRG,845,83.550775,155.426479,3420,Europe/Lisbon,True
Aeroporto Abreu,FRH,AFRH,960,88.167687,-156.884021,800,Asia/Seoul,True
Aeroporto Gomes da Mata,FRI,AFRI,547,-31.173142,-116.595566,3296,Europe/Madrid,True
Aeroporto Nunes,FRJ,AFRJ,744,-86.609912,16.357484,4281,America/Bogota,True
Aeroporto Azevedo da Serra,FRK,AFRK,562,-55.018029,-135.152848,4481,Africa/Johannesburg,True
Aeroporto Porto,FRL,AFRL,520,42.444032,140.427096,3314,Asia/Shanghai,True
Aeroporto Cirino de Nascimento,FRM,AFRM,11,3.434815,168.472271,2167,America/Chicago,True
Aeroporto Ferreira,FRN,AFRN,636,-83.205505,161.954244,1063,Europe/Lisbon,True
Aeroporto Rodrigues,FRO,AFRO,412,55.157231,-113.550032,4316,Europe/Paris,True
Aeroporto Peixoto,FRP,AFRP,479,-53.059419,69.293361,278,America/Buenos_Aires,True
Aeroporto Oliveira da Serra,FRQ,AFRQ,783,55.50471,120.419553,640,Europe/Rome,True
Aeroporto Santos de Vargas,FRR,AFRR,707,-73.136026,-149.261648,3698,Europe/London,True
Aeroporto Montenegro,FRS,AFRS,604,42.86436,7.235277,56,Europe/Lisbon,True
Aeroporto Macedo,FRT,AFRT,666,-48.742403,99.443234,4297,America/Toronto,True
Aeroporto Pinto,FRU,AFRU,582,-69.849925,-150.873253,2344,Australia/Sydney,True
Aeroporto Nascimento,FRV,AFRV,595,-56.714119,-8.18019,3335,America/Buenos_Aires,True
Aeroporto das Neves,FRW,AFRW,209,68.002111,153.302873,3891,Africa/Cairo,True
Aeroporto Caldeira da Praia,FRX,AFRX,716,-60.954279,-4.542391,845,America/Buenos_Aires,True
Aeroporto Pastor,FRY,AFRY,354,71.653153,57.298407,1518,Asia/Shanghai,True
Aeroporto Brito,FRZ,AFRZ,548,-45.167338,155.708609,723,Europe/Berlin,True
Aeroporto Correia de Pereira,FSA,AFSA,65,-16.543974,54.598873,2001,Pacific/Auckland,True
Aeroporto Pimenta,FSB,AFSB,936,40.675053,93.321418,3727,Asia/Dubai,False
Aeroporto Marques da Prata,FSC,AFSC,524,-1.238951,35.225234,117,Australia/Sydney,True
Aeroporto Viana dos Dourados,FSD,AFSD,936,34.366001,-89.684855,4168,America/Chicago,False
Aeroporto Rios,FSE,AFSE,712,-84.549228,31.557656,3419,Australia/Sydney,True
Aeroporto Fernandes,FSF,AFSF,178,5.595436,60.911996,3639,America/Bogota,True
Aeroporto Fonseca,FSG,AFSG,617,26.661484,-61.583264,1829,Asia/Seoul,True
Aeroporto da Costa,FSH,AFSH,796,10.108348,-124.105444,1505,Asia/Singapore,True
Aeroporto Correia de Vieira,FSI,AFSI,530,-72.646951,-26.748465,2853,Europe/Madrid,True
Aeroporto Aparecida da Praia,FSJ,AFSJ,251,58.95633,-28.17217,4231,America/Toronto,True
Aeroporto Mendes,FSK,AFSK,970,83.969025,-117.23956,3593,Europe/Paris,True
Aeroporto Moreira,FSL,AFSL,834,2.102303,-144.312142,700,Asia/Tokyo,True
Aeroporto Ribeiro,FSM,AFSM,911,30.965112,103.712294,1304,Europe/Madrid,True
Aeroporto Moura Verde,FSN,AFSN,838,35.103573,-0.612897,240,America/Chicago,True
Aeroporto Sá da Prata,FSO,AFSO,287,-20.571122,-166.533481,693,Europe/Rome,True
Aeroporto da Paz,FSP,AFSP,80,62.777078,22.089504,7,Europe/Rome,True
Aeroporto Carvalho dos Dourados,FSQ,AFSQ,108,88.539624,139.309762,1298,America/New_York,True
Aeroporto da Rocha,FSR,AFSR,207,46.310643,-133.862257,4493,Asia/Singapore,True
Aeroporto Guerra das Pedras,FSS,AFSS,338,-17.515006,-102.935946,3675,America/Buenos_Aires,True
Aeroporto Barros do Amparo,FST,AFST,570,-13.368869,-154.719331,1813,Europe/London,True
Aeroporto Mendonça,FSU,AFSU,471,84.395139,-170.879803,3407,Asia/Seoul,True
Aeroporto Duarte,FSV,AFSV,898,27.028821,-60.543059,542,America/Mexico_City,True
Aeroporto Pimenta de Gomes,FSW,AFSW,571,12.421988,29.566626,3495,Asia/Shanghai,True
Aeroporto Monteiro da Mata,FSX,AFSX,299,-76.59846,-31.361507,4495,Europe/Rome,True
Aeroporto Moura,FSY,AFSY,982,69.788133,-34.320208,1996,Africa/Johannesburg,True
Aeroporto Correia,FSZ,AFSZ,760,60.17433,-46.249348,701,Pacific/Auckland,True
Aeroporto das Neves,FTA,AFTA,227,-28.322319,-16.960795,4062,Pacific/Auckland,True
Aeroporto Ramos,FTB,AFTB,142,33.83862,-80.433019,2778,Pacific/Auckland,True
Aeroporto Sousa do Norte,FTC,AFTC,76,6.430152,65.210708,4202,America/Mexico_City,True
Aeroporto Aragão,FTD,AFTD,299,-33.83016,135.423463,1361,Europe/Berlin,True
Aeroporto Gomes do Oeste,FTE,AFTE,908,88.105635,-166.488629,1069,Europe/Rome,True
Aeroporto Nascimento do Norte,FTF,AFTF,5,-57.165278,119.73753,3194,Australia/Sydney,True
Aeroporto Sousa do Galho,FTG,AFTG,160,-68.302386,-7.420021,4235,Europe/Paris,True
Aeroporto Moraes,FTH,AFTH,809,82.72879,19.940858,586,Asia/Dubai,True
Aeroporto Rodrigues do Norte,FTI,AFTI,741,-89.393807,-95.706938,3367,Europe/Berlin,True
Aeroporto Brito,FTJ,AFTJ,604,-37.484533,-99.79435,4160,America/Toronto,True
Aeroporto Cirino de Câmara,FTK,AFTK,312,-51.503244,-88.033922,1284,Asia/Kolkata,True
Aeroporto Barbosa do Oeste,FTL,AFTL,842,8.806143,-176.541432,3074,Asia/Tokyo,True
Aeroporto Costela de Oliveira,FTM,AFTM,124,-87.267654,-31.246665,832,America/Bogota,True
Aeroporto Aparecida,FTN,AFTN,474,75.2295,-178.890797,4063,America/Toronto,True
Aeroporto Costela do Campo,FTO,AFTO,212,22.436189,-105.615057,655,Europe/Madrid,True
Aeroporto Abreu de Goiás,FTP,AFTP,312,-84.189848,63.449048,3007,America/Lima,True
Aeroporto Cavalcanti das Flores,FTQ,AFTQ,368,72.320227,-156.254683,3305,Asia/Shanghai,True
Aeroporto Freitas,FTR,AFTR,374,-32.518228,-71.538976,3096,Europe/Berlin,True
Aeroporto Aparecida Grande,FTS,AFTS,569,-77.176471,-176.128039,4058,Africa/Johannesburg,True
Aeroporto Peixoto,FTT,AFTT,4,51.158936,-38.054049,2763,Asia/Tokyo,True
Aeroporto Pinto,FTU,AFTU,536,39.073429,94.72146,2325,America/Los_Angeles,True
Aeroporto Lima Verde,FTV,AFTV,415,-88.806694,-169.674566,3535,Asia/Dubai,True
Aeroporto Costela Paulista,FTW,AFTW,418,68.148671,109.470299,547,Africa/Johannesburg,True
Aeroporto Sales do Sul,FTX,AFTX,82,-10.709056,-33.885001,1347,Europe/Lisbon,True
Aeroporto Jesus das Flores,FTY,AFTY,384,-22.211241,-13.311869,748,Pacific/Auckland,True
Aeroporto Correia do Amparo,FTZ,AFTZ,219,-48.574229,68.570488,3170,America/Bogota,True
Aeroporto Peixoto do Sul,FUA,AFUA,337,-7.529271,124.904559,2965,Europe/Rome,True
Aeroporto Aparecida dos Dourados,FUB,AFUB,18,-20.789006,-111.406371,1479,Asia/Kolkata,False
Aeroporto Ribeiro,FUC,AFUC,200,-47.615941,8.960715,1289,Africa/Cairo,True
Aeroporto Barbosa,FUD,AFUD,722,15.987749,-23.315527,3278,Asia/Dubai,True
Aeroporto Camargo,FUE,AFUE,560,36.756763,127.779619,944,Pacific/Auckland,True
Aeroporto Vieira,FUF,AFUF,328,3.155106,-166.968964,884,Europe/Lisbon,True
Aeroporto Azevedo de Cirino,FUG,AFUG,198,-14.573504,-99.699469,2505,Pacific/Auckland,True
Aeroporto Cavalcante Paulista,FUH,AFUH,342,-71.046348,108.718565,3197,America/Los_Angeles,True
Aeroporto da Paz da Prata,FUI,AFUI,901,-46.595944,-17.933419,463,Europe/Paris,True
Aeroporto da Paz Verde,FUJ,AFUJ,761,70.892297,-105.016342,180,America/Bogota,True
Aeroporto Caldeira do Campo,FUK,AFUK,299,-37.024878,159.751234,574,Africa/Johannesburg,True
Aeroporto Costa de Minas,FUL,AFUL,811,-54.48645,177.708084,2650,Asia/Tokyo,True
Aeroporto Costa de Cardoso,FUM,AFUM,622,19.949479,-169.000223,335,Australia/Sydney,True
Aeroporto Melo,FUN,AFUN,411,-20.274908,126.700285,3974,Europe/London,True
Aeroporto Caldeira de Camargo,FUO,AFUO,59,-21.313794,-104.493464,3433,Asia/Shanghai,True
Aeroporto Andrade,FUP,AFUP,540,85.537149,-20.858239,603,Africa/Cairo,True
Aeroporto Cirino de Minas,FUQ,AFUQ,112,83.684435,-161.061807,811,Europe/Madrid,True
Aeroporto da Costa,FUR,AFUR,467,-3.0104,-43.327594,3986,America/Bogota,True
Aeroporto Pimenta da Praia,FUS,AFUS,594,28.156998,51.75383,1053,America/Toronto,True
Aeroporto Sousa de Casa Grande,FUT,AFUT,278,66.649773,-42.109033,1786,Asia/Singapore,True
Aeroporto Peixoto de Vargas,FUU,AFUU,432,-5.102512,-61.763085,3699,America/Lima,True
Aeroporto Ribeiro,FUV,AFUV,829,-66.207438,121.494744,2504,Asia/Tokyo,True
Aeroporto Vargas,FUW,AFUW,25,76.064679,13.713528,2275,Europe/Lisbon,True
Aeroporto Silveira,FUX,AFUX,948,42.61777,-130.230996,3660,Asia/Dubai,True
Aeroporto Aparecida Verde,FUY,AFUY,979,-68.205189,63.032774,3169,Australia/Sydney,True
Aeroporto Cassiano,FUZ,AFUZ,560,3.763153,122.824433,3201,America/Bogota,True
Aeroporto da Cunha da Serra,FVA,AFVA,532,47.881829,6.558158,1900,America/Lima,True
Aeroporto Martins do Oeste,FVB,AFVB,978,-36.536753,14.123106,1960,Asia/Tokyo,True
Aeroporto Gonçalves,FVC,AFVC,764,40.470053,44.360484,433,Africa/Johannesburg,True
Aeroporto Cassiano da Mata,FVD,AFVD,299,-43.125833,-79.618528,3752,America/New_York,True
Aeroporto Câmara,FVE,AFVE,371,-35.971748,-56.3077,1233,Australia/Sydney,True
Aeroporto Pires,FVF,AFVF,66,-79.035772,-59.743493,3768,Africa/Cairo,True
Aeroporto Farias,FVG,AFVG,487,-40.092168,-160.267296,2601,America/Chicago,True
Aeroporto Alves de Macedo,FVH,AFVH,252,19.971184,155.368307,3127,America/Sao_Paulo,True
Aeroporto da Cruz,FVI,AFVI,560,-59.698787,21.186444,253,Europe/Madrid,True
Aeroporto Novais da Serra,FVJ,AFVJ,536,80.935325,39.35205,943,Africa/Johannesburg,True
Aeroporto Novaes,FVK,AFVK,574,27.391355,-46.051792,4053,Australia/Sydney,True
Aeroporto Araújo do Campo,FVL,AFVL,913,39.524271,-51.037722,870,Europe/Berlin,True
Aeroporto Jesus,FVM,AFVM,689,22.335259,121.693974,1420,Asia/Tokyo,True
Aeroporto Pinto,FVN,AFVN,972,-8.666978,40.304793,3916,America/Mexico_City,True
Aeroporto Silveira,FVO,AFVO,792,31.770649,-38.011092,2005,America/Chicago,True
Aeroporto Freitas do Norte,FVP,AFVP,491,49.987222,-155.862481,3303,Europe/Paris,True
Aeroporto Caldeira,FVQ,AFVQ,749,-10.864584,95.484637,4321,Asia/Kolkata,True
Aeroporto Abreu,FVR,AFVR,924,-48.162168,-98.473375,3213,Europe/Berlin,True
Aeroporto Abreu Verde,FVS,AFVS,123,-46.477778,157.843144,1166,America/Toronto,True
Aeroporto Gomes,FVT,AFVT,133,-35.451677,114.934932,4224,Asia/Kolkata,True
Aeroporto Câmara,FVU,AFVU,625,-44.484362,-37.257505,2267,America/Lima,True
Aeroporto Nunes,FVV,AFVV,32,49.991776,-99.000755,2432,Europe/Rome,True
Aeroporto Almeida,FVW,AFVW,823,-45.28007,-87.585328,2756,Europe/Lisbon,True
Aeroporto Oliveira de Ramos,FVX,AFVX,112,27.496056,-43.095379,396,America/Buenos_Aires,True
Aeroporto da Paz das Flores,FVY,AFVY,869,-76.27378,-116.411981,4350,America/Bogota,True
Aeroporto Souza de da Costa,FVZ,AFVZ,261,75.219825,-121.132777,74,America/Sao_Paulo,True
Aeroporto Pimenta de da Cunha,FWA,AFWA,604,-60.678074,-173.23944,2016,Asia/Dubai,True
Aeroporto Porto dos Dourados,FWB,AFWB,296,23.937218,-36.220737,3492,America/Bogota,True
Aeroporto Cassiano de Marques,FWC,AFWC,41,-83.097405,-151.332795,1387,Europe/Berlin,True
Aeroporto Câmara Grande,FWD,AFWD,805,73.103642,-132.108169,2461,America/Sao_Paulo,True
Aeroporto Porto da Serra,FWE,AFWE,914,81.522598,154.026731,3736,Asia/Tokyo,True
Aeroporto da Cunha da Serra,FWF,AFWF,274,35.134356,-127.659096,3466,Pacific/Auckland,True
Aeroporto Sousa do Sul,FWG,AFWG,866,-73.224757,111.885777,3935,Asia/Singapore,True
Aeroporto da Rosa Grande,FWH,AFWH,746,81.87288,25.422642,1616,Europe/Madrid,True
Aeroporto Marques,FWI,AFWI,849,-30.829381,157.912904,2545,Europe/London,False
Aeroporto Santos da Prata,FWJ,AFWJ,565,-41.80483,106.748741,3667,Asia/Dubai,True
Aeroporto Guerra,FWK,AFWK,86,-15.449562,117.462456,1435,America/Lima,True
Aeroporto Pires,FWL,AFWL,936,38.68358,-48.960268,3394,Europe/Lisbon,True
Aeroporto Costela das Flores,FWM,AFWM,219,-75.993627,-69.508639,3988,Europe/Madrid,True
Aeroporto Leão dos Dourados,FWN,AFWN,654,-16.570519,117.498334,1736,Europe/Rome,True
Aeroporto Macedo de Gomes,FWO,AFWO,439,-23.498108,141.556067,2965,Europe/Lisbon,True
Aeroporto Fonseca de Fernandes,FWP,AFWP,66,-67.054597,57.272407,504,Europe/Madrid,True
Aeroporto Rios das Flores,FWQ,AFWQ,555,-39.519621,172.376104,3727,Africa/Johannesburg,True
Aeroporto Silveira,FWR,AFWR,267,-35.511324,-161.352119,4202,America/Bogota,True
Aeroporto da Cruz,FWS,AFWS,523,71.673058,-138.771481,2458,Africa/Johannesburg,True
Aeroporto Silva,FWT,AFWT,342,86.774459,-57.72583,2147,Europe/Paris,True
Aeroporto Nunes,FWU,AFWU,733,83.520145,-25.280512,4365,Africa/Johannesburg,True
Aeroporto Siqueira,FWV,AFWV,826,44.630118,-179.160132,4187,America/Chicago,True
Aeroporto Martins da Prata,FWW,AFWW,255,50.790758,179.683632,2324,America/Mexico_City,True
Aeroporto Freitas da Mata,FWX,AFWX,342,62.426386,-91.849057,2107,Asia/Seoul,False
Aeroporto Gonçalves,FWY,AFWY,689,-40.822371,-148.244441,2599,America/Sao_Paulo,True
Aeroporto Melo,FWZ,AFWZ,898,6.421643,168.744961,2133,America/New_York,True
Aeroporto Nogueira,FXA,AFXA,688,78.078692,96.783272,3421,America/Mexico_City,True
Aeroporto da Rosa de Vasconcelos,FXB,AFXB,135,-79.297843,42.05597,3528,America/Los_Angeles,True
Aeroporto Aragão do Oeste,FXC,AFXC,970,50.806444,-54.43985,3721,Europe/Berlin,True
Aeroporto Fernandes,FXD,AFXD,160,-30.924716,104.642504,1900,America/Los_Angeles,True
Aeroporto Ribeiro,FXE,AFXE,280,-21.854767,-97.955875,2050,Europe/Rome,True
Aeroporto Moreira das Pedras,FXF,AFXF,777,-67.011761,-174.087626,2624,Europe/Rome,True
Aeroporto Macedo,FXG,AFXG,63,15.202266,-120.632713,1726,America/Los_Angeles,True
Aeroporto Sales,FXH,AFXH,957,76.47607,164.101564,4067,Europe/Madrid,False
Aeroporto Gomes,FXI,AFXI,873,-28.391422,-111.978252,220,America/New_York,True
Aeroporto da Mata,FXJ,AFXJ,279,24.123374,94.88531,1713,Europe/Paris,True
Aeroporto Ramos,FXK,AFXK,163,68.387694,-128.812275,2710,Africa/Johannesburg,True
Aeroporto Oliveira do Oeste,FXL,AFXL,727,-23.815665,-55.370906,3134,Europe/London,True
Aeroporto Jesus,FXM,AFXM,309,19.259931,-46.271677,2827,America/Toronto,True
Aeroporto Martins de Goiás,FXN,AFXN,560,34.459671,120.348436,1879,America/Bogota,True
Aeroporto Teixeira,FXO,AFXO,595,49.118385,-105.292499,241,America/Lima,True
Aeroporto Dias de Pimenta,FXP,AFXP,82,84.79666,1.650273,2895,Asia/Seoul,True
Aeroporto Rocha,FXQ,AFXQ,451,5.535866,-112.749553,4336,America/Sao_Paulo,True
Aeroporto Viana,FXR,AFXR,580,-28.780978,-115.160393,4175,Europe/Madrid,True
Aeroporto Barros,FXS,AFXS,531,-54.256172,65.562694,583,America/Buenos_Aires,True
Aeroporto Albuquerque,FXT,AFXT,443,56.452171,47.218532,4281,Europe/Lisbon,True
Aeroporto Farias,FXU,AFXU,813,24.306785,83.247061,3693,Asia/Seoul,True
Aeroporto Dias,FXV,AFXV,890,-14.480108,60.953158,3089,Africa/Cairo,True
Aeroporto Costa Grande,FXW,AFXW,918,-52.344205,-123.644572,814,America/Buenos_Aires,True
Aeroporto das Neves,FXX,AFXX,520,-9.494625,7.34654,2688,America/New_York,True
Aeroporto Fonseca,FXY,AFXY,566,66.723244,59.23115,283,Australia/Sydney,True
Aeroporto Pacheco dos Dourados,FXZ,AFXZ,679,73.126728,-163.56755,3279,America/Lima,True
Aeroporto Fernandes de Santos,FYA,AFYA,908,-6.712051,-76.489364,170,Africa/Cairo,True
Aeroporto da Rocha,FYB,AFYB,266,75.526971,-89.497546,4054,Europe/Berlin,True
Aeroporto Brito da Prata,FYC,AFYC,43,-63.171825,46.483422,2092,Asia/Seoul,True
Aeroporto Cassiano,FYD,AFYD,699,-4.020297,48.762327,3963,America/Chicago,True
Aeroporto Leão,FYE,AFYE,669,22.345683,62.156686,989,America/Chicago,True
Aeroporto Nascimento,FYF,AFYF,776,-54.745496,-36.877031,1472,America/Bogota,True
Aeroporto Castro da Prata,FYG,AFYG,665,-77.037401,-37.877376,2069,Europe/London,True
Aeroporto Sampaio de da Mota,FYH,AFYH,85,86.183706,99.585483,3213,Asia/Kolkata,True
Aeroporto Camargo,FYI,AFYI,282,-2.985126,176.764025,4003,America/Mexico_City,True
Aeroporto Macedo,FYJ,AFYJ,355,-57.06889,-57.005481,3003,Europe/London,True
Aeroporto Sá,FYK,AFYK,725,-85.510907,-90.732591,1579,America/Sao_Paulo,True
Aeroporto Carvalho,FYL,AFYL,78,42.571904,-151.180599,4299,Europe/Madrid,True
Aeroporto Melo das Flores,FYM,AFYM,339,-61.499159,24.746503,382,America/New_York,True
Aeroporto Cavalcante de Vargas,FYN,AFYN,505,-36.862893,110.641853,3139,Asia/Dubai,True
Aeroporto Pastor,FYO,AFYO,275,-52.05686,-166.433882,3094,America/Sao_Paulo,True
Aeroporto Macedo Verde,FYP,AFYP,152,10.119497,58.839134,789,Asia/Dubai,True
Aeroporto Machado,FYQ,AFYQ,218,-66.473378,176.85425,3129,America/Toronto,True
Aeroporto Mendonça,FYR,AFYR,288,-4.644773,-166.270769,395,Asia/Dubai,True
Aeroporto Fernandes de Minas,FYS,AFYS,466,82.690398,-94.716929,3712,Pacific/Auckland,True
Aeroporto Azevedo da Serra,FYT,AFYT,634,-60.386339,-87.970785,4451,America/Los_Angeles,False
Aeroporto Pinto,FYU,AFYU,471,-61.030605,38.90748,4126,Africa/Johannesburg,True
Aeroporto Rocha das Flores,FYV,AFYV,636,55.791258,119.414251,380,America/Toronto,True
Aeroporto Camargo,FYW,AFYW,98,-7.901967,84.545917,3200,Europe/Rome,True
Aeroporto Porto,FYX,AFYX,891,32.04122,86.471584,4418,Africa/Cairo,True
Aeroporto da Rocha de Minas,FYY,AFYY,775,-24.36116,33.323789,1845,America/Toronto,True
Aeroporto Pereira do Amparo,FYZ,AFYZ,644,-6.989735,82.162868,2289,Asia/Seoul,True
Aeroporto Pinto,FZA,AFZA,618,85.889693,120.044719,169,America/Lima,True
Aeroporto Cavalcante da Praia,FZB,AFZB,734,21.396316,121.816969,1781,America/Toronto,True
Aeroporto Correia do Galho,FZC,AFZC,495,5.265665,14.376248,3294,Asia/Tokyo,True
Aeroporto Moreira do Sul,FZD,AFZD,790,-82.262993,-178.394791,2587,Europe/Berlin,True
Aeroporto Dias de Cavalcante,FZE,AFZE,899,-51.833973,-85.054228,4461,Europe/Paris,False
Aeroporto Rezende,FZF,AFZF,475,62.758438,-179.227897,1260,Asia/Dubai,True
Aeroporto Sampaio,FZG,AFZG,480,-27.0875,-85.719148,2844,Europe/Berlin,True
Aeroporto da Luz dos Dourados,FZH,AFZH,795,20.891614,109.779643,732,Asia/Kolkata,True
Aeroporto Fernandes do Norte,FZI,AFZI,143,-28.530219,-142.525076,1155,Africa/Cairo,True
Aeroporto Souza dos Dourados,FZJ,AFZJ,198,61.683713,-54.375108,1342,America/Chicago,True
Aeroporto Farias,FZK,AFZK,981,-58.449886,-40.215688,1844,Africa/Johannesburg,True
Aeroporto Cardoso,FZL,AFZL,30,7.934895,146.477658,2115,America/Buenos_Aires,True
Aeroporto Sousa,FZM,AFZM,864,56.464288,176.054432,106,America/Buenos_Aires,True
Aeroporto da Rosa,FZN,AFZN,528,38.426616,136.995415,647,America/Los_Angeles,True
Aeroporto Costa do Amparo,FZO,AFZO,377,0.381161,-71.069384,1897,America/New_York,True
Aeroporto Gomes do Norte,FZP,AFZP,327,32.655308,100.383393,3962,Europe/London,True
Aeroporto Sampaio das Flores,FZQ,AFZQ,137,-9.860015,72.852438,4231,America/Los_Angeles,False
Aeroporto Fonseca do Galho,FZR,AFZR,544,71.997063,167.239495,3718,Asia/Kolkata,True
Aeroporto Jesus Alegre,FZS,AFZS,998,-48.063761,-47.717155,698,Asia/Tokyo,True
Aeroporto Ferreira,FZT,AFZT,429,-2.881046,118.124366,3699,America/Los_Angeles,True
Aeroporto Novaes do Oeste,FZU,AFZU,463,47.66933,156.958192,4375,Asia/Kolkata,True
Aeroporto da Paz de da Mata,FZV,AFZV,444,-40.663346,177.155484,2516,America/Los_Angeles,True
Aeroporto Machado,FZW,AFZW,908,-47.65872,134.951971,2546,Asia/Kolkata,True
Aeroporto Rios,FZX,AFZX,344,-55.542514,-12.019123,1521,Asia/Tokyo,True
Aeroporto Moraes do Campo,FZY,AFZY,471,-10.033579,-43.260841,4024,America/Mexico_City,True
Aeroporto Cardoso,FZZ,AFZZ,772,-50.201926,118.665941,3063,America/Chicago,True
Aeroporto da Cruz,GAA,AGAA,923,-20.565665,-99.160697,1319,Africa/Johannesburg,True
Aeroporto Cavalcanti,GAB,AGAB,673,-3.524183,118.335999,817,Europe/Rome,True
Aeroporto Azevedo Grande,GAC,AGAC,18,68.73213,-52.942335,506,Africa/Johannesburg,True
Aeroporto Vasconcelos,GAD,AGAD,662,55.929235,-53.587093,799,America/Bogota,True
Aeroporto Barbosa,GAE,AGAE,390,41.111109,47.221279,1822,Europe/London,True
Aeroporto Silveira,GAF,AGAF,667,-34.747786,147.919175,1236,Asia/Tokyo,True
Aeroporto Sousa,GAG,AGAG,429,-76.445662,-147.072651,2822,Africa/Johannesburg,True
Aeroporto Pinto de Minas,GAH,AGAH,880,-48.611174,109.566585,4137,Asia/Seoul,True
Aeroporto Pacheco,GAI,AGAI,403,-67.373126,92.434464,141,Asia/Kolkata,True
Aeroporto Pires de Farias,GAJ,AGAJ,753,47.509781,-148.647816,3347,Asia/Dubai,True
Aeroporto Pimenta,GAK,AGAK,849,52.482707,-110.515256,4383,America/New_York,True
Aeroporto Araújo,GAL,AGAL,86,25.002798,-102.432427,1638,Europe/Rome,True
Aeroporto Costa,GAM,AGAM,210,-16.665793,-64.176618,4320,America/New_York,True
Aeroporto Cirino,GAN,AGAN,956,4.014256,-20.546658,2038,Europe/Lisbon,True
Aeroporto Silva,GAO,AGAO,302,72.379561,-86.187961,3476,Asia/Singapore,True
Aeroporto Abreu,GAP,AGAP,97,54.132783,-3.321764,2377,Europe/Madrid,False
Aeroporto Vieira de Goiás,GAQ,AGAQ,417,-38.511081,-71.488332,1646,Europe/London,True
Aeroporto Aragão,GAR,AGAR,242,41.286212,8.097062,198,America/Bogota,True
Aeroporto Gomes,GAS,AGAS,654,-58.995342,125.472776,853,Asia/Kolkata,True
Aeroporto Pires do Galho,GAT,AGAT,574,37.720258,-165.414725,2557,Asia/Shanghai,True
Aeroporto Melo,GAU,AGAU,809,-62.214296,-129.651934,3905,Europe/Berlin,True
Aeroporto Santos,GAV,AGAV,883,76.439075,-58.457172,787,Europe/London,True
Aeroporto Pereira de Santos,GAW,AGAW,974,61.448762,148.152991,3222,Asia/Dubai,True
Aeroporto Melo,GAX,AGAX,8,-43.901032,-142.457092,3623,America/Toronto,True
Aeroporto Siqueira Verde,GAY,AGAY,943,87.716194,-26.882796,1491,Asia/Seoul,True
Aeroporto Macedo,GAZ,AGAZ,411,62.064657,-35.598818,2712,Asia/Seoul,True
Aeroporto Montenegro,GBA,AGBA,607,-57.963788,-8.400887,591,Asia/Singapore,True
Aeroporto Barros,GBB,AGBB,381,33.781326,-128.31022,2433,Asia/Tokyo,True
Aeroporto Costa,GBC,AGBC,466,-84.750266,45.424655,2679,America/Sao_Paulo,True
Aeroporto Casa Grande da Prata,GBD,AGBD,363,55.003801,-21.736417,2724,America/Mexico_City,True
Aeroporto Sampaio,GBE,AGBE,45,-2.754694,-28.977512,4380,Asia/Singapore,True
Aeroporto Sampaio,GBF,AGBF,118,-49.347923,59.93641,974,Europe/Paris,True
Aeroporto Correia,GBG,AGBG,48,-0.827681,98.288989,1609,Asia/Shanghai,True
Aeroporto Duarte,GBH,AGBH,554,-58.237107,150.231567,1044,Europe/Rome,True
Aeroporto Castro,GBI,AGBI,294,58.699655,109.250584,4432,America/Buenos_Aires,True
Aeroporto Porto Verde,GBJ,AGBJ,894,-87.216141,-111.960584,2986,Europe/Madrid,True
Aeroporto Peixoto das Pedras,GBK,AGBK,499,-13.694827,118.700048,2551,Asia/Kolkata,True
Aeroporto Cunha das Pedras,GBL,AGBL,269,-72.232842,52.102698,894,America/New_York,True
Aeroporto Ferreira de Goiás,GBM,AGBM,300,31.244909,-13.508622,1821,America/Lima,True
Aeroporto Rezende,GBN,AGBN,697,69.620235,46.567969,4148,Africa/Cairo,True
Aeroporto da Paz da Serra,GBO,AGBO,825,-33.591158,-89.855678,67,Africa/Johannesburg,True
Aeroporto Araújo,GBP,AGBP,470,-4.531343,-131.233417,3624,Australia/Sydney,True
Aeroporto Monteiro,GBQ,AGBQ,937,-32.095781,52.982891,2769,Europe/Berlin,True
Aeroporto Siqueira do Norte,GBR,AGBR,617,-89.190947,32.631696,3693,Europe/Lisbon,True
Aeroporto Barros dos Dourados,GBS,AGBS,584,73.809661,-89.133156,4310,America/Sao_Paulo,True
Aeroporto Souza,GBT,AGBT,30,52.799766,169.493245,4406,America/Bogota,True
Aeroporto Dias,GBU,AGBU,171,11.911498,-163.899282,3296,Europe/Rome,True
Aeroporto Sampaio de Minas,GBV,AGBV,620,21.18947,-39.937914,2420,America/New_York,True
Aeroporto Siqueira Alegre,GBW,AGBW,579,-45.881077,-28.518517,2637,Europe/London,True
Aeroporto Fogaça de Souza,GBX,AGBX,656,-32.582558,-17.040407,1060,Pacific/Auckland,False
Aeroporto Freitas de Monteiro,GBY,AGBY,173,-47.159503,136.285117,2623,Asia/Kolkata,True
Aeroporto Teixeira do Amparo,GBZ,AGBZ,424,-82.125347,-175.183744,66,Asia/Shanghai,True
Aeroporto Nogueira do Oeste,GCA,AGCA,27,30.442931,-136.755251,4306,Asia/Seoul,True
Aeroporto Pastor,GCB,AGCB,14,-88.753166,-90.925598,3,Asia/Tokyo,True
Aeroporto Aparecida,GCC,AGCC,468,6.854304,16.615673,3254,Pacific/Auckland,True
Aeroporto Jesus dos Dourados,GCD,AGCD,645,-61.154525,80.841435,1266,America/New_York,True
Aeroporto Duarte de Vieira,GCE,AGCE,196,-88.185434,-154.612575,4443,America/Chicago,True
Aeroporto Martins dos Dourados,GCF,AGCF,435,12.798585,-118.780089,1362,Europe/Berlin,True
Aeroporto Cassiano de Casa Grande,GCG,AGCG,605,-5.872136,160.113983,3207,Europe/Paris,True
Aeroporto Leão do Sul,GCH,AGCH,276,-77.563003,126.439379,555,America/Lima,True
Aeroporto Viana,GCI,AGCI,61,-9.838656,121.82067,1039,Asia/Singapore,True
Aeroporto Garcia Grande,GCJ,AGCJ,635,29.367598,119.45545,2525,Europe/London,True
Aeroporto Fonseca do Sul,GCK,AGCK,419,-51.001194,13.657564,1947,Europe/Lisbon,True
Aeroporto Vieira da Serra,GCL,AGCL,721,68.764571,-107.916063,4428,Australia/Sydney,True
Aeroporto Pastor,GCM,AGCM,276,20.837815,-53.586922,724,America/New_York,True
Aeroporto Cunha,GCN,AGCN,790,49.295909,-97.307636,1964,Asia/Shanghai,True
Aeroporto Almeida,GCO,AGCO,538,0.747385,-16.005865,1216,Pacific/Auckland,True
Aeroporto Melo Grande,GCP,AGCP,269,-17.999584,-102.402978,4224,America/Bogota,True
Aeroporto Fernandes do Oeste,GCQ,AGCQ,446,-75.303964,35.953226,2868,Asia/Tokyo,True
Aeroporto Monteiro,GCR,AGCR,569,-2.115046,-105.135719,1225,America/Lima,True
Aeroporto Castro da Mata,GCS,AGCS,279,39.523501,36.522513,467,Africa/Johannesburg,True
Aeroporto da Conceição do Oeste,GCT,AGCT,958,19.749827,-156.785662,3833,America/Lima,True
Aeroporto Pereira de Silveira,GCU,AGCU,675,-61.771266,-164.826657,3802,America/Bogota,True
Aeroporto Lopes de Lopes,GCV,AGCV,521,20.724982,83.014384,785,Europe/Rome,True
Aeroporto Mendonça,GCW,AGCW,270,75.984793,-150.884203,581,America/Buenos_Aires,True
Aeroporto Fogaça,GCX,AGCX,982,-68.22185,45.480376,4205,Europe/Rome,True
Aeroporto Azevedo,GCY,AGCY,529,-35.84672,85.923553,2215,America/Lima,True
Aeroporto Santos do Amparo,GCZ,AGCZ,862,-82.059935,132.75,3447,Europe/Paris,True
Aeroporto Casa Grande de Goiás,GDA,AGDA,799,3.016828,-36.780442,4424,America/Sao_Paulo,True
Aeroporto Cunha de Leão,GDB,AGDB,506,28.221497,175.424506,457,America/Buenos_Aires,True
Aeroporto Albuquerque de das Neves,GDC,AGDC,24,-26.011295,108.779728,658,America/Lima,True
Aeroporto Fernandes,GDD,AGDD,293,65.531428,167.191934,2636,Asia/Singapore,True
Aeroporto Rodrigues das Pedras,GDE,AGDE,151,28.367246,42.086765,2704,Asia/Shanghai,True
Aeroporto Peixoto,GDF,AGDF,927,35.549917,-45.499932,3454,Pacific/Auckland,False
Aeroporto Moura,GDG,AGDG,705,8.503279,-27.234928,108,America/Sao_Paulo,True
Aeroporto Fernandes da Praia,GDH,AGDH,712,27.596124,-139.960954,1729,Asia/Dubai,True
Aeroporto Freitas,GDI,AGDI,280,36.66937,-74.377003,2338,Australia/Sydney,True
Aeroporto Azevedo de Almeida,GDJ,AGDJ,5,-65.624456,148.033276,951,America/Lima,True
Aeroporto Freitas de Leão,GDK,AGDK,403,71.329438,-18.54989,1138,Europe/Lisbon,True
Aeroporto Costela,GDL,AGDL,800,-13.505444,43.737637,2945,Australia/Sydney,True
Aeroporto Sales de Goiás,GDM,AGDM,920,-61.319587,-76.585008,3925,Australia/Sydney,True
Aeroporto Porto do Amparo,GDN,AGDN,396,-46.293113,143.246046,445,Africa/Johannesburg,True
Aeroporto Novais Alegre,GDO,AGDO,342,-10.895553,60.970735,242,America/Bogota,True
Aeroporto Sampaio do Oeste,GDP,AGDP,804,31.377877,-166.696719,3420,Europe/Madrid,True
Aeroporto Duarte,GDQ,AGDQ,472,-34.668983,97.315711,659,Pacific/Auckland,False
Aeroporto Santos,GDR,AGDR,271,70.087845,-131.538719,1261,Europe/Paris,True
Aeroporto da Cruz,GDS,AGDS,324,50.577396,22.921663,2820,Asia/Singapore,True
Aeroporto Nunes de Melo,GDT,AGDT,796,58.703567,177.356097,1533,Pacific/Auckland,True
Aeroporto Dias,GDU,AGDU,388,-28.039993,-18.243231,2926,Asia/Shanghai,True
Aeroporto Gomes,GDV,AGDV,522,-15.548145,-63.441558,3147,America/Buenos_Aires,True
Aeroporto Pinto,GDW,AGDW,743,82.168096,94.393795,2190,Pacific/Auckland,True
Aeroporto Barros do Galho,GDX,AGDX,172,28.411664,-68.44325,4179,Australia/Sydney,True
Aeroporto Martins de Pereira,GDY,AGDY,47,-80.771063,-116.72921,2886,Europe/Rome,True
Aeroporto Azevedo dos Dourados,GDZ,AGDZ,272,-28.697056,-90.242586,2340,Asia/Singapore,True
Aeroporto Vasconcelos do Oeste,GEA,AGEA,358,-65.478318,-84.418096,4167,Europe/Lisbon,True
Aeroporto Silva Grande,GEB,AGEB,7,-38.403971,-137.424527,2550,Asia/Shanghai,False
Aeroporto Vasconcelos do Norte,GEC,AGEC,683,44.13408,-103.677046,1604,Australia/Sydney,False
Aeroporto da Cruz de Câmara,GED,AGED,618,73.712325,53.553573,537,Pacific/Auckland,True
Aeroporto Duarte,GEE,AGEE,404,26.699822,-108.783527,3611,Asia/Shanghai,True
Aeroporto Pinto do Amparo,GEF,AGEF,357,-31.375379,-79.412781,1459,America/Lima,True
Aeroporto Viana,GEG,AGEG,106,29.730859,-91.385656,1243,Europe/Lisbon,True
Aeroporto Dias do Amparo,GEH,AGEH,684,20.618013,124.972465,3784,America/Toronto,True
Aeroporto Pereira da Prata,GEI,AGEI,533,-88.954436,-141.139958,3091,Asia/Singapore,True
Aeroporto Ramos,GEJ,AGEJ,472,-36.987827,114.452439,3104,America/New_York,True
Aeroporto Peixoto,GEK,AGEK,559,22.269642,-179.090831,4257,Asia/Tokyo,True
Aeroporto da Rocha,GEL,AGEL,450,-72.114912,-87.014253,3404,America/Lima,True
Aeroporto Sousa,GEM,AGEM,482,-44.479159,37.604531,2504,Asia/Seoul,True
Aeroporto Moura,GEN,AGEN,714,80.729022,11.956858,1738,America/Mexico_City,True
Aeroporto da Cruz das Flores,GEO,AGEO,84,-19.626779,85.431176,4312,Africa/Johannesburg,True
Aeroporto Sampaio do Sul,GEP,AGEP,471,-21.042122,168.32934,2591,Pacific/Auckland,True
Aeroporto da Luz do Oeste,GEQ,AGEQ,553,-37.275411,-150.733986,3393,Africa/Cairo,True
Aeroporto da Rocha,GER,AGER,744,-77.878078,69.930329,297,Africa/Cairo,True
Aeroporto Alves,GES,AGES,881,-32.168532,58.770603,1099,Asia/Kolkata,False
Aeroporto Barros da Praia,GET,AGET,327,35.444294,-3.566846,508,Europe/London,True
Aeroporto Vasconcelos de Casa Grande,GEU,AGEU,819,5.674405,154.621618,2752,America/Bogota,True
Aeroporto Pires de Garcia,GEV,AGEV,781,84.334725,-20.942971,2629,Asia/Shanghai,True
Aeroporto Peixoto,GEW,AGEW,861,-73.067054,-118.594804,4225,America/Chicago,True
Aeroporto Teixeira de Dias,GEX,AGEX,508,3.31724,-17.632164,1717,America/Los_Angeles,True
Aeroporto da Mota,GEY,AGEY,712,34.161654,-54.520749,2515,America/Los_Angeles,True
Aeroporto da Mota de Costa,GEZ,AGEZ,242,47.686229,176.058798,2685,America/Lima,True
Aeroporto da Paz de Castro,GFA,AGFA,207,-58.240608,-46.879055,4229,America/New_York,True
Aeroporto Duarte,GFB,AGFB,186,-37.984473,-65.068288,4095,America/Chicago,True
Aeroporto Campos,GFC,AGFC,785,-21.022249,-115.509865,3811,Europe/Rome,True
Aeroporto Duarte,GFD,AGFD,341,-71.516866,101.989899,1028,Pacific/Auckland,True
Aeroporto Freitas de Casa Grande,GFE,AGFE,206,-65.916419,72.300261,1260,Europe/Berlin,True
Aeroporto Silveira das Flores,GFF,AGFF,263,24.110728,164.45632,1062,Pacific/Auckland,True
Aeroporto Pires,GFG,AGFG,46,83.212385,-178.963729,3969,Asia/Dubai,True
Aeroporto Ramos Alegre,GFH,AGFH,304,-40.717051,-105.254025,3400,America/Sao_Paulo,True
Aeroporto Cavalcanti Alegre,GFI,AGFI,990,69.583384,-44.869854,1704,Europe/Madrid,True
Aeroporto Ramos,GFJ,AGFJ,408,-40.00822,75.726054,1468,America/Lima,True
Aeroporto Duarte Verde,GFK,AGFK,680,79.669192,-166.417396,1401,Asia/Tokyo,True
Aeroporto Moraes,GFL,AGFL,369,39.796836,135.306974,2203,Africa/Johannesburg,True
Aeroporto Silveira,GFM,AGFM,745,-49.002649,-53.638588,780,Australia/Sydney,True
Aeroporto Monteiro,GFN,AGFN,203,30.338928,152.275876,2997,America/New_York,True
Aeroporto Azevedo,GFO,AGFO,763,52.971165,-67.683526,2979,Europe/Paris,True
Aeroporto Cassiano,GFP,AGFP,649,69.052258,-128.983816,2013,Asia/Tokyo,True
Aeroporto Moreira,GFQ,AGFQ,482,-62.322275,-119.355385,291,Asia/Tokyo,True
Aeroporto Silva,GFR,AGFR,956,-25.165058,112.777128,1942,America/New_York,True
Aeroporto Borges,GFS,AGFS,917,-76.165375,-138.267311,1848,America/Bogota,False
Aeroporto Fogaça Alegre,GFT,AGFT,273,-24.197238,11.097658,1107,Australia/Sydney,True
Aeroporto Jesus,GFU,AGFU,650,-60.276527,-83.535198,4149,Australia/Sydney,False
Aeroporto Sá de Minas,GFV,AGFV,384,-14.61061,106.095105,1847,Europe/Madrid,True
Aeroporto Guerra de Nogueira,GFW,AGFW,973,-25.6122,-93.649925,3036,America/Lima,True
Aeroporto Moura,GFX,AGFX,539,48.624748,20.355821,1719,America/Bogota,True
Aeroporto Ramos das Flores,GFY,AGFY,450,-36.524141,104.474714,346,America/New_York,True
Aeroporto Novaes,GFZ,AGFZ,734,-25.276928,76.118085,1708,Europe/Berlin,True
Aeroporto Costela,GGA,AGGA,4,-7.047105,170.493491,1030,Asia/Dubai,True
Aeroporto Castro de Camargo,GGB,AGGB,1,14.040909,-75.981448,2490,Europe/Rome,True
Aeroporto da Conceição de Goiás,GGC,AGGC,931,-23.351283,-143.067641,2577,America/Sao_Paulo,True
Aeroporto Ramos,GGD,AGGD,696,60.979321,-55.076413,2647,Pacific/Auckland,True
Aeroporto Aragão,GGE,AGGE,627,24.089977,89.136417,3258,Asia/Tokyo,True
Aeroporto Mendes,GGF,AGGF,407,66.153005,-1.138652,1090,Europe/Paris,True
Aeroporto Aparecida,GGG,AGGG,297,-57.297323,-89.259313,148,America/New_York,True
Aeroporto Teixeira,GGH,AGGH,707,-78.466698,-142.186175,304,Asia/Kolkata,True
Aeroporto Cassiano,GGI,AGGI,481,60.863018,-143.737162,2017,Asia/Dubai,True
Aeroporto Montenegro,GGJ,AGGJ,349,16.512336,94.238697,744,Europe/Lisbon,True
Aeroporto Duarte das Flores,GGK,AGGK,151,60.004638,171.328576,1261,America/Buenos_Aires,True
Aeroporto Almeida do Galho,GGL,AGGL,137,56.831015,-102.132763,3368,Africa/Johannesburg,True
Aeroporto Monteiro do Sul,GGM,AGGM,996,46.845803,-82.955157,1078,Africa/Cairo,True
Aeroporto Novaes de Minas,GGN,AGGN,338,-36.369621,-127.568655,1279,Europe/Paris,True
Aeroporto Costa,GGO,AGGO,23,-63.240574,68.884771,456,America/Sao_Paulo,False
Aeroporto Costela,GGP,AGGP,196,-66.705694,9.513514,1403,America/Buenos_Aires,True
Aeroporto Pacheco,GGQ,AGGQ,165,-42.343703,-95.113792,502,Africa/Cairo,True
Aeroporto Abreu de Ferreira,GGR,AGGR,501,12.091405,77.092698,1911,Asia/Tokyo,True
Aeroporto Pacheco,GGS,AGGS,166,18.749895,170.343861,954,Africa/Cairo,True
Aeroporto Moraes da Serra,GGT,AGGT,421,-56.917188,-78.956007,4255,Europe/Rome,True
Aeroporto Cunha Grande,GGU,AGGU,500,53.972224,-77.084386,4402,Asia/Seoul,True
Aeroporto Pires,GGV,AGGV,882,17.294606,-16.449509,2972,Europe/Berlin,True
Aeroporto da Mata da Prata,GGW,AGGW,927,-40.487216,18.657755,2,Africa/Cairo,True
Aeroporto Moraes das Flores,GGX,AGGX,612,-80.324318,-91.445816,1945,Asia/Dubai,True
Aeroporto Costa,GGY,AGGY,497,80.714584,147.562966,2739,Asia/Kolkata,True
Aeroporto Farias do Oeste,GGZ,AGGZ,742,-60.504109,-155.210371,1620,Asia/Kolkata,True
Aeroporto da Luz das Flores,GHA,AGHA,150,-37.533793,112.194755,4466,America/Lima,True
Aeroporto Rezende,GHB,AGHB,462,65.692414,-109.626315,1493,America/Mexico_City,True
Aeroporto Machado do Sul,GHC,AGHC,970,0.441051,-156.949961,3540,Europe/Paris,True
Aeroporto Pereira de Rezende,GHD,AGHD,170,-56.506823,-122.178773,4342,Europe/Madrid,True
Aeroporto Costela da Serra,GHE,AGHE,739,51.54626,-109.134559,2665,Europe/Paris,True
Aeroporto Aparecida,GHF,AGHF,223,-29.186757,177.980903,3152,Europe/London,True
Aeroporto Caldeira do Oeste,GHG,AGHG,29,48.853968,130.247098,2386,America/New_York,True
Aeroporto Teixeira,GHH,AGHH,704,-72.738858,-79.95584,609,Europe/Paris,True
Aeroporto Sales do Oeste,GHI,AGHI,947,-61.127557,32.494664,1268,Europe/Rome,True
Aeroporto Fonseca dos Dourados,GHJ,AGHJ,398,-10.300458,-170.538203,1806,America/Lima,True
Aeroporto Ramos,GHK,AGHK,927,67.406954,51.880809,283,Europe/Rome,True
Aeroporto Nunes,GHL,AGHL,161,34.944805,40.898781,1549,Europe/Berlin,True
Aeroporto Cunha do Galho,GHM,AGHM,471,-39.899765,-53.130736,1611,Asia/Tokyo,True
Aeroporto das Neves,GHN,AGHN,832,40.933361,154.505399,1919,Europe/Berlin,True
Aeroporto Cunha,GHO,AGHO,458,1.523584,159.578512,2991,America/Bogota,True
Aeroporto Farias,GHP,AGHP,928,55.193274,39.387464,2788,Europe/Madrid,True
Aeroporto Monteiro,GHQ,AGHQ,594,25.021389,-83.531801,3950,Asia/Shanghai,True
Aeroporto Silveira Alegre,GHR,AGHR,61,1.578042,176.86784,2829,Australia/Sydney,True
Aeroporto Gonçalves de Pereira,GHS,AGHS,187,43.390385,65.126452,114,America/Sao_Paulo,True
Aeroporto Mendonça,GHT,AGHT,573,-14.153265,139.853307,3569,America/Bogota,True
Aeroporto Novais de Peixoto,GHU,AGHU,516,58.64463,-38.226369,3738,Europe/Lisbon,True
Aeroporto Vieira de Goiás,GHV,AGHV,646,45.581422,-119.452455,802,Europe/Rome,True
Aeroporto Pimenta,GHW,AGHW,758,-23.98807,52.675837,2974,America/New_York,True
Aeroporto Abreu,GHX,AGHX,790,-21.421883,-130.903704,1141,Asia/Singapore,True
Aeroporto Pinto,GHY,AGHY,886,78.330898,-179.756727,1414,Asia/Tokyo,True
Aeroporto Albuquerque,GHZ,AGHZ,694,32.970854,109.025565,2164,Africa/Cairo,True
Aeroporto Abreu da Mata,GIA,AGIA,114,44.279167,-157.644011,3014,Asia/Shanghai,True
Aeroporto Garcia de Siqueira,GIB,AGIB,183,27.60187,172.244404,1170,Asia/Kolkata,True
Aeroporto Brito,GIC,AGIC,457,-14.241438,52.147088,214,Africa/Cairo,True
Aeroporto Freitas,GID,AGID,848,-42.244533,-162.23245,2564,America/Lima,True
Aeroporto Ramos,GIE,AGIE,496,-83.627534,-107.863573,2184,Europe/Paris,True
Aeroporto Lima,GIF,AGIF,863,47.821699,93.502429,1276,America/Sao_Paulo,True
Aeroporto Barbosa Paulista,GIG,AGIG,278,63.062266,83.7012,1148,Asia/Kolkata,True
Aeroporto Rezende do Sul,GIH,AGIH,303,87.938051,-72.586241,480,America/Mexico_City,True
Aeroporto Vargas do Norte,GII,AGII,917,61.401992,178.157073,1701,Australia/Sydney,True
Aeroporto da Rosa,GIJ,AGIJ,153,70.133448,76.053697,1557,America/Los_Angeles,False
Aeroporto da Luz,GIK,AGIK,67,-29.673129,123.59231,3369,America/Buenos_Aires,True
Aeroporto Costela de Campos,GIL,AGIL,933,-84.570716,148.926488,2991,Europe/Madrid,True
Aeroporto Melo,GIM,AGIM,971,-75.954636,175.515948,1339,Asia/Shanghai,True
Aeroporto Albuquerque,GIN,AGIN,881,48.839931,-80.771311,3639,Europe/Lisbon,True
Aeroporto Borges,GIO,AGIO,475,-78.887097,-22.205846,3123,Europe/Lisbon,True
Aeroporto Marques,GIP,AGIP,519,-15.55609,157.128557,1906,America/New_York,True
Aeroporto da Mata do Sul,GIQ,AGIQ,675,42.669337,-14.326946,649,America/Toronto,False
Aeroporto Azevedo de Siqueira,GIR,AGIR,71,41.969253,-140.710833,2411,Europe/Lisbon,True
Aeroporto Cunha,GIS,AGIS,10,-23.05449,38.160436,2435,Europe/London,True
Aeroporto Gonçalves,GIT,AGIT,757,1.668097,-69.339446,161,America/Sao_Paulo,True
Aeroporto Alves do Norte,GIU,AGIU,599,-77.476182,-160.327846,505,Asia/Singapore,True
Aeroporto Lopes de Martins,GIV,AGIV,197,33.788437,83.507536,2403,America/Lima,True
Aeroporto Cavalcanti do Sul,GIW,AGIW,32,-39.018732,36.341798,133,America/Mexico_City,True
Aeroporto Ribeiro,GIX,AGIX,297,-79.812286,-84.635949,1065,America/Chicago,True
Aeroporto Vargas,GIY,AGIY,42,30.824116,-81.181016,1695,America/Chicago,False
Aeroporto Santos da Mata,GIZ,AGIZ,357,-23.315687,-176.640176,722,Asia/Shanghai,True
Aeroporto Costa de da Mata,GJA,AGJA,526,-7.972314,-66.060933,3170,Asia/Kolkata,False
Aeroporto Rios,GJB,AGJB,441,-9.923003,111.548731,948,Europe/Rome,True
Aeroporto Correia de Goiás,GJC,AGJC,535,-48.970046,157.404036,2720,Asia/Dubai,False
Aeroporto Abreu de Rezende,GJD,AGJD,360,-68.320707,78.975687,3750,Australia/Sydney,True
Aeroporto Nunes,GJE,AGJE,160,-78.292773,100.237346,4422,Asia/Dubai,True
Aeroporto Novais do Amparo,GJF,AGJF,988,-29.708293,-137.706553,3558,Europe/Paris,True
Aeroporto Silva,GJG,AGJG,483,62.292483,-87.820345,3029,America/Bogota,True
Aeroporto da Paz,GJH,AGJH,115,-83.562949,-142.18614,3455,Asia/Tokyo,False
Aeroporto Borges da Praia,GJI,AGJI,261,81.679905,134.375637,1530,Asia/Tokyo,True
Aeroporto Melo de Nogueira,GJJ,AGJJ,125,62.884512,-167.02801,1638,Australia/Sydney,True
Aeroporto Freitas,GJK,AGJK,192,-63.787387,-22.063832,2637,America/Toronto,False
Aeroporto Silveira da Prata,GJL,AGJL,664,87.921578,-64.48288,1448,Europe/Lisbon,True
Aeroporto Duarte,GJM,AGJM,562,3.160881,78.915792,282,America/Toronto,True
Aeroporto Jesus da Serra,GJN,AGJN,691,16.736573,-65.663642,1886,Europe/Madrid,True
Aeroporto Freitas dos Dourados,GJO,AGJO,102,30.987521,152.19205,1946,America/Chicago,True
Aeroporto Vargas da Mata,GJP,AGJP,605,86.958224,159.810768,2202,Asia/Seoul,True
Aeroporto Rocha,GJQ,AGJQ,831,17.114688,65.88264,936,Europe/Paris,True
Aeroporto Rocha de Nogueira,GJR,AGJR,883,22.379858,158.937441,906,America/Lima,True
Aeroporto Fonseca das Pedras,GJS,AGJS,718,62.155024,51.439445,4229,Pacific/Auckland,True
Aeroporto Pereira,GJT,AGJT,921,-34.937312,-152.325345,2104,America/Bogota,True
Aeroporto Carvalho Alegre,GJU,AGJU,365,-42.356073,-110.981475,2709,America/New_York,True
Aeroporto Ramos dos Dourados,GJV,AGJV,437,-43.092203,-117.463861,1989,America/Buenos_Aires,True
Aeroporto Sá de Nogueira,GJW,AGJW,444,22.563262,127.523789,3582,Europe/Rome,True
Aeroporto Aparecida,GJX,AGJX,900,-75.058057,-59.661113,1401,America/Lima,True
Aeroporto Montenegro Grande,GJY,AGJY,139,35.790999,-11.402191,2220,Europe/Berlin,False
Aeroporto Nogueira da Serra,GJZ,AGJZ,437,-1.312364,-0.832832,4232,Europe/Madrid,True
Aeroporto Vieira,GKA,AGKA,467,-7.421074,-156.006248,4040,America/Sao_Paulo,True
Aeroporto Sales,GKB,AGKB,913,-65.744566,165.829734,4123,America/Bogota,True
Aeroporto Barros das Pedras,GKC,AGKC,649,-25.468108,77.709018,1793,Europe/Berlin,True
Aeroporto Montenegro,GKD,AGKD,100,88.805746,-16.414125,1461,America/New_York,True
Aeroporto Moreira,GKE,AGKE,688,-45.189481,-24.38189,687,America/Mexico_City,True
Aeroporto Oliveira,GKF,AGKF,168,-87.092725,-19.362001,1237,America/Lima,True
Aeroporto da Cunha,GKG,AGKG,334,42.029692,64.515252,3124,Africa/Cairo,True
Aeroporto Sousa,GKH,AGKH,411,-79.569761,65.5122,3428,America/Lima,True
Aeroporto Rodrigues,GKI,AGKI,114,85.959345,126.308106,163,America/Buenos_Aires,True
Aeroporto Mendonça do Campo,GKJ,AGKJ,690,-46.913655,-170.292279,1478,Africa/Johannesburg,True
Aeroporto Siqueira da Praia,GKK,AGKK,969,89.893764,-39.211104,3960,Europe/Berlin,True
Aeroporto Moreira das Flores,GKL,AGKL,22,49.414674,-29.728775,1693,Europe/Berlin,True
Aeroporto Oliveira,GKM,AGKM,610,26.670804,-55.28297,3204,Asia/Dubai,True
Aeroporto Souza das Pedras,GKN,AGKN,659,89.527088,-25.84494,2788,Asia/Shanghai,False
Aeroporto Câmara,GKO,AGKO,662,-85.228369,-166.709525,398,Africa/Johannesburg,True
Aeroporto Cassiano de Sales,GKP,AGKP,562,-50.73963,-30.207785,1530,Asia/Shanghai,False
Aeroporto Silva,GKQ,AGKQ,727,16.297163,1.802331,292,Asia/Shanghai,True
Aeroporto Vieira,GKR,AGKR,987,-23.261422,-24.811123,2416,Europe/Lisbon,True
Aeroporto Monteiro,GKS,AGKS,600,13.304439,-76.347903,553,Europe/London,True
Aeroporto Barbosa,GKT,AGKT,428,-78.150172,-162.657992,105,America/Mexico_City,True
Aeroporto da Costa das Flores,GKU,AGKU,651,45.286464,30.372272,346,Asia/Singapore,True
Aeroporto Costela da Prata,GKV,AGKV,596,-68.822868,46.925286,897,America/Toronto,True
Aeroporto Correia,GKW,AGKW,318,20.0338,13.176033,3383,Australia/Sydney,True
Aeroporto Almeida,GKX,AGKX,625,-87.417458,-131.78441,767,Asia/Singapore,True
Aeroporto da Rocha,GKY,AGKY,578,60.034279,70.393433,974,Asia/Seoul,True
Aeroporto Costela,GKZ,AGKZ,450,-30.088727,-171.615374,332,Europe/Rome,True
Aeroporto Vasconcelos,GLA,AGLA,506,-28.981675,133.487455,861,Asia/Tokyo,True
Aeroporto Azevedo,GLB,AGLB,363,26.032378,59.335441,1083,Europe/Paris,True
Aeroporto Machado do Campo,GLC,AGLC,54,38.91387,-90.795699,3224,America/New_York,True
Aeroporto Fogaça das Flores,GLD,AGLD,970,14.982645,-103.35291,4060,Europe/Lisbon,True
Aeroporto Sampaio,GLE,AGLE,453,63.058433,137.696182,3866,Asia/Shanghai,True
Aeroporto Fernandes das Flores,GLF,AGLF,791,53.047464,159.299695,2584,Europe/Madrid,True
Aeroporto Costela da Mata,GLG,AGLG,716,86.57625,-2.231168,1654,America/Bogota,True
Aeroporto Pinto Verde,GLH,AGLH,509,-89.812965,-142.324689,464,Asia/Singapore,True
Aeroporto Porto de Pimenta,GLI,AGLI,781,58.762672,-170.722788,4035,America/Buenos_Aires,True
Aeroporto Rocha,GLJ,AGLJ,3,-69.17827,-90.331906,1173,America/Sao_Paulo,True
Aeroporto Andrade de Monteiro,GLK,AGLK,868,-46.920007,146.385007,3317,America/Sao_Paulo,True
Aeroporto Ferreira do Sul,GLL,AGLL,630,-85.574224,-12.946258,4006,America/Mexico_City,True
Aeroporto Sampaio do Amparo,GLM,AGLM,826,53.428868,-139.042529,3281,Asia/Dubai,True
Aeroporto Sá da Prata,GLN,AGLN,19,-0.237118,-37.352726,2559,Europe/Rome,True
Aeroporto Lima,GLO,AGLO,50,-39.474633,102.267621,2366,America/Toronto,True
Aeroporto Rodrigues do Amparo,GLP,AGLP,914,69.64965,78.307886,3556,Africa/Cairo,True
Aeroporto Garcia,GLQ,AGLQ,707,-59.59766,-12.154265,3636,Europe/London,True
Aeroporto Mendonça,GLR,AGLR,20,-28.714095,100.988119,308,Europe/Paris,True
Aeroporto Melo,GLS,AGLS,20,44.21991,-115.171184,2476,Asia/Kolkata,True
Aeroporto Nogueira de Minas,GLT,AGLT,340,15.250502,145.021562,4345,America/Lima,True
Aeroporto da Cruz,GLU,AGLU,554,1.285663,-35.744754,2049,America/Bogota,True
Aeroporto Marques,GLV,AGLV,223,62.965924,60.723154,3684,Europe/Rome,True
Aeroporto Souza Alegre,GLW,AGLW,898,19.168093,-157.179284,349,Europe/Paris,True
Aeroporto Pereira,GLX,AGLX,302,10.162479,-32.176965,2488,Europe/Lisbon,True
Aeroporto Andrade de Duarte,GLY,AGLY,750,38.898139,-99.146248,3614,Europe/Madrid,True
Aeroporto Novaes dos Dourados,GLZ,AGLZ,660,26.271595,43.372969,507,Pacific/Auckland,True
Aeroporto Pimenta,GMA,AGMA,348,-49.909614,85.737386,2506,Asia/Singapore,True
Aeroporto Brito do Sul,GMB,AGMB,222,-71.1562,77.517544,2088,Europe/Paris,True
Aeroporto Pastor,GMC,AGMC,17,-87.654855,-77.21609,1359,Africa/Cairo,True
Aeroporto Montenegro,GMD,AGMD,960,53.310902,-123.454861,1660,Europe/Lisbon,True
Aeroporto Azevedo de Montenegro,GME,AGME,974,28.526881,-65.755904,1307,America/Los_Angeles,True
Aeroporto Martins,GMF,AGMF,437,-1.450931,84.653639,4284,America/Bogota,True
Aeroporto Sampaio Verde,GMG,AGMG,91,-86.448296,160.353578,3499,Asia/Tokyo,True
Aeroporto Nascimento do Norte,GMH,AGMH,637,-9.759725,63.962483,2543,Europe/London,True
Aeroporto Pacheco do Campo,GMI,AGMI,868,-14.122049,18.851171,1790,America/Buenos_Aires,True
Aeroporto Cavalcanti de Machado,GMJ,AGMJ,257,36.440322,149.958406,2462,America/Toronto,True
Aeroporto Castro do Norte,GMK,AGMK,345,-86.802732,-96.277654,3271,Europe/Berlin,True
Aeroporto Peixoto Alegre,GML,AGML,927,-54.272131,-88.645996,3195,America/Bogota,True
Aeroporto Camargo Grande,GMM,AGMM,536,-68.435365,-87.303655,4350,Asia/Dubai,True
Aeroporto Costa,GMN,AGMN,141,18.903733,-34.406356,2709,Europe/Madrid,True
Aeroporto Mendonça de da Cruz,GMO,AGMO,570,37.74149,-99.744015,628,Asia/Shanghai,True
Aeroporto Gomes,GMP,AGMP,207,-86.011286,-174.004395,855,America/Bogota,False
Aeroporto Vargas,GMQ,AGMQ,299,36.983679,70.568355,4230,Asia/Kolkata,True
Aeroporto Aparecida da Mata,GMR,AGMR,78,-25.395583,5.621386,1850,Europe/Madrid,True
Aeroporto Câmara,GMS,AGMS,284,55.686797,-154.641838,4323,Europe/London,True
Aeroporto Rodrigues Verde,GMT,AGMT,662,43.896144,-55.057529,712,Pacific/Auckland,True
Aeroporto da Conceição de Silva,GMU,AGMU,798,-0.688722,7.515427,2492,Africa/Cairo,True
Aeroporto Sampaio de Camargo,GMV,AGMV,928,37.526748,-127.906003,2867,America/Sao_Paulo,True
Aeroporto Cavalcante,GMW,AGMW,937,-34.467873,9.490014,1088,America/New_York,True
Aeroporto Cardoso,GMX,AGMX,610,-26.001714,62.394214,454,Asia/Singapore,True
Aeroporto Macedo,GMY,AGMY,458,-9.637197,-60.140704,4,America/New_York,True
Aeroporto Fonseca de Vieira,GMZ,AGMZ,195,84.924073,-65.273679,3143,America/Mexico_City,True
Aeroporto Almeida do Galho,GNA,AGNA,226,-19.357064,-17.157213,1779,Asia/Dubai,True
Aeroporto Porto da Prata,GNB,AGNB,186,84.97756,-10.1654,692,Asia/Shanghai,True
Aeroporto Leão,GNC,AGNC,96,59.575507,84.45033,1227,America/Bogota,True
Aeroporto Andrade de da Mota,GND,AGND,426,37.580936,50.855284,4164,Asia/Seoul,True
Aeroporto Novais das Pedras,GNE,AGNE,708,-61.872409,71.802664,1983,Asia/Kolkata,True
Aeroporto Azevedo,GNF,AGNF,351,-76.465156,9.89799,3683,Africa/Johannesburg,True
Aeroporto da Luz,GNG,AGNG,508,-4.666958,-158.337649,3168,America/Chicago,True
Aeroporto Melo das Flores,GNH,AGNH,935,-19.617284,-151.190719,2088,Asia/Seoul,True
Aeroporto Carvalho,GNI,AGNI,387,-34.816682,143.33553,493,America/New_York,True
Aeroporto Alves,GNJ,AGNJ,603,-62.084837,-31.565162,4184,Europe/Berlin,True
Aeroporto Borges,GNK,AGNK,694,-30.590882,36.183656,3494,Europe/London,True
Aeroporto Rios,GNL,AGNL,256,22.656815,167.1206,3881,Australia/Sydney,True
Aeroporto Machado,GNM,AGNM,337,-43.072603,-131.736172,2438,Australia/Sydney,True
Aeroporto Novais Paulista,GNN,AGNN,290,-27.980942,138.941327,3700,Europe/Rome,True
Aeroporto Azevedo de Vieira,GNO,AGNO,7,50.319982,11.412879,1338,Asia/Kolkata,True
Aeroporto Pacheco,GNP,AGNP,817,56.348158,97.743372,2800,Europe/Paris,True
Aeroporto Camargo da Prata,GNQ,AGNQ,936,30.172964,-7.67591,3182,Europe/Paris,True
Aeroporto da Conceição,GNR,AGNR,780,-44.671889,62.715462,2117,America/Sao_Paulo,True
Aeroporto Casa Grande,GNS,AGNS,313,15.146312,168.713057,2021,America/Bogota,True
Aeroporto Carvalho das Flores,GNT,AGNT,636,-25.554443,-94.729484,2444,Africa/Cairo,True
Aeroporto Freitas,GNU,AGNU,186,33.45105,128.173672,2146,Asia/Singapore,False
Aeroporto Moraes,GNV,AGNV,264,69.379164,-1.844722,3258,Asia/Shanghai,True
Aeroporto Camargo,GNW,AGNW,726,35.694269,39.720234,91,America/Chicago,True
Aeroporto Pacheco do Galho,GNX,AGNX,747,27.910482,-41.367525,1346,Asia/Singapore,True
Aeroporto da Rosa,GNY,AGNY,879,-46.800593,14.462544,1202,Pacific/Auckland,True
Aeroporto Dias,GNZ,AGNZ,872,67.682605,96.951636,4241,Europe/Madrid,True
Aeroporto Mendes,GOA,AGOA,996,26.748819,-84.055135,201,Europe/London,True
Aeroporto Correia,GOB,AGOB,635,34.050151,-12.186574,1966,America/Buenos_Aires,True
Aeroporto Mendes de Mendes,GOC,AGOC,277,67.112924,-116.373826,2296,America/New_York,True
Aeroporto Brito,GOD,AGOD,919,89.18225,-86.568066,4387,Asia/Seoul,False
Aeroporto Gomes,GOE,AGOE,716,-13.623963,9.056839,383,America/Buenos_Aires,True
Aeroporto Casa Grande,GOF,AGOF,411,-54.114643,142.975001,2088,Africa/Johannesburg,True
Aeroporto Moraes,GOG,AGOG,170,-34.678409,109.877724,848,America/Los_Angeles,True
Aeroporto Teixeira,GOH,AGOH,564,-7.901306,-7.046874,4399,America/Chicago,True
Aeroporto Mendes,GOI,AGOI,417,-67.933097,137.96551,1284,America/Chicago,True
Aeroporto Nunes,GOJ,AGOJ,217,-21.944549,-9.462764,702,Europe/Madrid,True
Aeroporto da Cruz,GOK,AGOK,740,-0.855734,-157.299657,164,America/Mexico_City,True
Aeroporto Pires da Praia,GOL,AGOL,221,73.044712,24.899487,961,Asia/Dubai,True
Aeroporto da Luz,GOM,AGOM,888,49.460363,-136.69633,1389,Europe/Lisbon,True
Aeroporto Araújo das Pedras,GON,AGON,677,-18.51951,80.776966,4282,America/Toronto,True
Aeroporto Duarte,GOO,AGOO,750,-12.315472,136.760964,3221,Europe/Paris,True
Aeroporto Alves do Oeste,GOP,AGOP,78,0.397513,-115.143523,3804,America/Lima,True
Aeroporto Gonçalves dos Dourados,GOQ,AGOQ,646,-57.357371,-87.251992,3316,Africa/Cairo,True
Aeroporto Souza,GOR,AGOR,951,9.368568,-21.614302,3734,America/Los_Angeles,True
Aeroporto Mendes,GOS,AGOS,454,-73.439591,-83.638751,2943,Asia/Singapore,True
Aeroporto Ramos da Serra,GOT,AGOT,342,-7.901235,-46.583097,1413,Europe/Berlin,True
Aeroporto Peixoto,GOU,AGOU,155,17.577981,-160.142115,212,America/Bogota,True
Aeroporto Monteiro de Minas,GOV,AGOV,777,-77.367254,99.833296,1959,Europe/Rome,True
Aeroporto Peixoto do Sul,GOW,AGOW,132,89.212899,-7.800318,785,America/Chicago,True
Aeroporto Azevedo da Prata,GOX,AGOX,323,3.220933,-113.151412,1480,America/Chicago,True
Aeroporto Santos,GOY,AGOY,847,11.842183,-149.671755,754,America/Bogota,True
Aeroporto Vargas,GOZ,AGOZ,462,58.110524,-23.477471,3867,Africa/Cairo,True
Aeroporto Freitas,GPA,AGPA,684,19.029883,117.614779,958,Europe/Berlin,True
Aeroporto Gonçalves Paulista,GPB,AGPB,869,-19.584672,130.897972,2561,Europe/Madrid,True
Aeroporto Rezende de Fernandes,GPC,AGPC,198,-17.955419,-73.44462,2857,Asia/Tokyo,True
Aeroporto Nascimento Alegre,GPD,AGPD,876,-49.877329,-50.13202,1991,America/Mexico_City,True
Aeroporto Melo do Galho,GPE,AGPE,766,40.398896,-117.059734,725,America/New_York,True
Aeroporto Gomes de Sá,GPF,AGPF,346,80.629785,71.31881,3695,Asia/Tokyo,True
Aeroporto Melo,GPG,AGPG,611,-77.578188,28.556564,2934,America/Lima,True
Aeroporto Borges do Amparo,GPH,AGPH,775,-9.179343,-164.779823,780,America/Mexico_City,True
Aeroporto Nascimento do Galho,GPI,AGPI,2,-25.132416,11.829254,1031,Asia/Shanghai,True
Aeroporto da Cunha,GPJ,AGPJ,192,-82.599707,143.629515,1772,Asia/Tokyo,True
Aeroporto da Mata da Mata,GPK,AGPK,398,54.82947,131.123694,3244,Australia/Sydney,True
Aeroporto Dias,GPL,AGPL,528,33.562701,173.978985,1887,Asia/Kolkata,True
Aeroporto da Costa Verde,GPM,AGPM,241,-14.515794,126.619247,2460,Africa/Johannesburg,True
Aeroporto Ferreira,GPN,AGPN,317,71.59626,2.79326,959,America/Sao_Paulo,True
Aeroporto Correia Alegre,GPO,AGPO,954,81.833422,90.572821,3379,Asia/Singapore,True
Aeroporto da Mota Paulista,GPP,AGPP,579,-64.868988,-170.236573,188,Europe/Rome,True
Aeroporto Rios do Oeste,GPQ,AGPQ,595,-36.985106,41.756524,1148,Asia/Seoul,True
Aeroporto Vargas,GPR,AGPR,629,59.311407,-84.111756,2151,Europe/Berlin,True
Aeroporto Correia da Praia,GPS,AGPS,811,23.525115,-161.95165,3959,America/Buenos_Aires,True
Aeroporto Costela dos Dourados,GPT,AGPT,62,13.653249,85.630223,4117,Australia/Sydney,True
Aeroporto Campos,GPU,AGPU,122,-73.008108,155.178645,1765,Pacific/Auckland,True
Aeroporto Porto de Goiás,GPV,AGPV,607,20.733975,-110.890925,335,America/Los_Angeles,True
Aeroporto Peixoto,GPW,AGPW,3,50.581041,162.22702,3010,America/Bogota,True
Aeroporto Cirino do Amparo,GPX,AGPX,306,-1.787185,-26.707831,3560,America/Buenos_Aires,True
Aeroporto da Cruz das Flores,GPY,AGPY,63,40.15956,171.739985,4201,America/New_York,True
Aeroporto Silva de da Mata,GPZ,AGPZ,40,-34.135491,168.091973,252,America/Sao_Paulo,True
Aeroporto Nascimento de Fernandes,GQA,AGQA,335,32.787547,70.914222,3440,Pacific/Auckland,False
Aeroporto da Cunha,GQB,AGQB,824,36.132792,-107.795837,2246,Europe/Berlin,True
Aeroporto da Cunha,GQC,AGQC,427,-89.825007,-51.218521,2146,Europe/Berlin,True
Aeroporto Garcia,GQD,AGQD,754,68.824938,-136.901936,2818,Europe/Rome,True
Aeroporto Abreu de Minas,GQE,AGQE,635,23.644455,56.026517,1065,America/Lima,True
Aeroporto da Cunha,GQF,AGQF,700,-4.684285,84.746448,882,America/Bogota,True
Aeroporto Marques de Novaes,GQG,AGQG,907,21.879775,56.861308,544,Europe/Madrid,True
Aeroporto Moraes Verde,GQH,AGQH,68,-1.781105,-30.132938,1055,America/Sao_Paulo,True
Aeroporto Costa Paulista,GQI,AGQI,847,-23.648804,26.620308,4440,Africa/Cairo,True
Aeroporto Lima,GQJ,AGQJ,408,-85.489432,25.207636,223,America/Chicago,True
Aeroporto Peixoto de Caldeira,GQK,AGQK,533,-87.553412,92.27604,2787,Africa/Johannesburg,True
Aeroporto Lopes de Gomes,GQL,AGQL,760,-15.056434,44.664379,2391,Europe/Berlin,True
Aeroporto Campos Grande,GQM,AGQM,373,23.70005,173.896921,2185,America/Bogota,True
Aeroporto Campos,GQN,AGQN,130,-79.412146,126.090787,3391,America/New_York,True
Aeroporto Teixeira do Norte,GQO,AGQO,381,-54.639471,-107.473999,237,Asia/Shanghai,True
Aeroporto Azevedo,GQP,AGQP,814,48.793957,167.483449,1415,Europe/Lisbon,True
Aeroporto Caldeira da Prata,GQQ,AGQQ,575,8.422137,129.045184,4419,America/Sao_Paulo,True
Aeroporto Cardoso do Campo,GQR,AGQR,308,88.980611,-1.636005,2168,Asia/Kolkata,True
Aeroporto Costela do Norte,GQS,AGQS,905,36.177404,-63.826735,796,Africa/Johannesburg,True
Aeroporto Albuquerque,GQT,AGQT,750,-52.142673,78.29696,258,Asia/Tokyo,True
Aeroporto Fernandes,GQU,AGQU,654,70.673999,92.418858,2369,America/Los_Angeles,True
Aeroporto da Paz das Pedras,GQV,AGQV,656,11.83431,-46.942147,804,Africa/Cairo,False
Aeroporto da Conceição,GQW,AGQW,526,25.9104,28.497736,3247,Asia/Seoul,True
Aeroporto Pinto,GQX,AGQX,452,33.699895,44.809276,2951,Europe/London,True
Aeroporto Novaes da Praia,GQY,AGQY,520,74.496598,-60.383151,4131,Asia/Dubai,True
Aeroporto Cassiano,GQZ,AGQZ,734,-82.288363,70.214259,1549,America/Bogota,True
Aeroporto Novaes,GRA,AGRA,605,-87.478195,178.782427,4217,Africa/Johannesburg,True
Aeroporto Teixeira de Goiás,GRB,AGRB,602,87.676276,-62.437578,4422,Africa/Cairo,True
Aeroporto Gomes,GRC,AGRC,527,52.338166,39.145936,4459,America/New_York,True
Aeroporto Nogueira,GRD,AGRD,25,-51.416342,-10.262694,676,Europe/London,True
Aeroporto Castro,GRE,AGRE,991,9.319932,19.788602,2505,Pacific/Auckland,True
Aeroporto Oliveira,GRF,AGRF,709,-78.921008,-89.276778,3758,America/Buenos_Aires,True
Aeroporto Mendonça do Campo,GRG,AGRG,194,-43.857911,-171.928003,2859,America/Mexico_City,True
Aeroporto da Cruz,GRH,AGRH,947,-40.715968,-65.008767,588,America/Buenos_Aires,True
Aeroporto Câmara de Goiás,GRI,AGRI,728,62.009782,-40.935944,4049,America/New_York,False
Aeroporto Pimenta de Cavalcante,GRJ,AGRJ,992,-40.293035,115.110445,2493,America/Toronto,True
Aeroporto Câmara,GRK,AGRK,742,63.059562,167.577675,1107,Africa/Johannesburg,True
Aeroporto Caldeira do Sul,GRL,AGRL,257,1.140548,-142.728828,2329,Africa/Johannesburg,True
Aeroporto Rios,GRM,AGRM,326,-31.170882,-90.357625,3155,Europe/London,True
Aeroporto Lopes Verde,GRN,AGRN,370,-12.354594,-82.236048,828,Europe/London,True
Aeroporto Machado do Oeste,GRO,AGRO,734,47.367756,100.646899,4440,Asia/Singapore,True
Aeroporto Brito,GRP,AGRP,934,61.262385,40.374982,1058,America/Los_Angeles,True
Aeroporto Jesus,GRQ,AGRQ,603,-43.96528,-1.349077,3533,America/Los_Angeles,True
Aeroporto Macedo de Cassiano,GRR,AGRR,907,63.180849,5.438374,1918,Europe/Paris,True
Aeroporto Pimenta das Flores,GRS,AGRS,721,-83.19888,-33.759697,2808,Asia/Seoul,True
Aeroporto Nogueira,GRT,AGRT,694,-15.961278,-152.497621,1011,Asia/Dubai,True
Aeroporto Costela do Amparo,GRU,AGRU,423,89.322342,22.887714,4229,America/Chicago,True
Aeroporto Vieira do Galho,GRV,AGRV,866,24.680222,-179.335402,526,Europe/Paris,True
Aeroporto Duarte do Sul,GRW,AGRW,225,85.88273,-171.744791,3438,Asia/Singapore,True
Aeroporto Montenegro de Pimenta,GRX,AGRX,391,-29.293258,-47.275646,3196,Africa/Cairo,True
Aeroporto Macedo do Oeste,GRY,AGRY,252,-56.383229,17.40682,1574,Asia/Dubai,True
Aeroporto Casa Grande de Minas,GRZ,AGRZ,102,-37.182381,-69.378468,3220,Europe/Paris,True
Aeroporto Cavalcante das Flores,GSA,AGSA,518,-85.927341,-4.80015,456,Asia/Tokyo,True
Aeroporto Cunha,GSB,AGSB,525,31.307045,129.465932,111,Asia/Tokyo,True
Aeroporto Fogaça das Flores,GSC,AGSC,377,-88.666519,94.78729,2214,Europe/Paris,True
Aeroporto da Cruz da Mata,GSD,AGSD,71,-11.521226,-96.684013,1248,Asia/Tokyo,True
Aeroporto Garcia,GSE,AGSE,504,-57.757034,-170.539501,4111,Australia/Sydney,True
Aeroporto Alves de Rodrigues,GSF,AGSF,294,81.629253,-135.967468,412,Asia/Shanghai,True
Aeroporto Ramos,GSG,AGSG,939,82.345834,-54.062445,3772,America/Lima,True
Aeroporto Machado,GSH,AGSH,858,44.923977,-149.732485,2781,Asia/Tokyo,True
Aeroporto Gomes,GSI,AGSI,320,16.732011,78.54587,3015,Europe/Paris,True
Aeroporto Fonseca das Flores,GSJ,AGSJ,263,-45.572691,-65.724251,1128,America/Los_Angeles,True
Aeroporto Mendonça,GSK,AGSK,132,9.304243,-129.041727,4296,Australia/Sydney,True
Aeroporto Silveira dos Dourados,GSL,AGSL,687,-59.117329,12.506816,1327,America/Sao_Paulo,True
Aeroporto Borges das Pedras,GSM,AGSM,633,-76.307341,154.504261,1411,Asia/Dubai,True
Aeroporto Ferreira de Goiás,GSN,AGSN,109,27.678838,-92.170455,2152,Europe/London,False
Aeroporto Fonseca Paulista,GSO,AGSO,641,-29.591114,-3.369105,911,Europe/Madrid,True
Aeroporto Castro de Cavalcante,GSP,AGSP,372,82.584956,130.809253,1123,America/Toronto,True
Aeroporto Pacheco,GSQ,AGSQ,63,-50.637625,138.13587,2298,America/Chicago,True
Aeroporto Andrade,GSR,AGSR,16,-69.197775,-104.06383,2307,Asia/Kolkata,True
Aeroporto Fonseca do Norte,GSS,AGSS,315,-56.715536,-78.481285,3809,Africa/Cairo,True
Aeroporto Borges,GST,AGST,695,67.4867,-169.996801,3041,Asia/Tokyo,True
Aeroporto Borges,GSU,AGSU,632,-65.143222,-132.070395,3919,Australia/Sydney,False
Aeroporto da Cunha,GSV,AGSV,677,-67.160538,-160.893365,2504,America/Lima,True
Aeroporto Moura,GSW,AGSW,638,78.305709,-9.708297,4244,Asia/Singapore,True
Aeroporto Machado Grande,GSX,AGSX,360,-17.487872,32.994117,2504,America/Chicago,True
Aeroporto Casa Grande das Pedras,GSY,AGSY,357,-87.224843,-18.779782,3559,Europe/Lisbon,True
Aeroporto Cirino de Goiás,GSZ,AGSZ,390,-8.693982,72.208946,3300,Europe/Berlin,True
Aeroporto das Neves da Serra,GTA,AGTA,421,1.085324,160.405565,3628,America/Los_Angeles,True
Aeroporto da Conceição,GTB,AGTB,631,65.444487,-0.32305,390,Africa/Johannesburg,True
Aeroporto Pinto,GTC,AGTC,365,24.299603,-133.870766,779,America/Chicago,True
Aeroporto Oliveira,GTD,AGTD,864,51.887011,-5.909451,67,America/Toronto,True
Aeroporto da Paz,GTE,AGTE,132,82.119944,-47.038163,1830,Europe/Madrid,True
Aeroporto Lima de Cavalcante,GTF,AGTF,932,-65.105155,95.024855,702,Europe/Lisbon,True
Aeroporto Almeida,GTG,AGTG,115,-16.869304,171.684878,609,Asia/Kolkata,True
Aeroporto Pereira,GTH,AGTH,757,65.264807,136.693036,3863,Europe/Lisbon,True
Aeroporto Azevedo,GTI,AGTI,934,67.97688,29.597344,324,Australia/Sydney,True
Aeroporto da Mata,GTJ,AGTJ,619,89.282207,110.552705,2707,America/Chicago,True
Aeroporto Nascimento,GTK,AGTK,121,-23.386929,16.254956,3716,Europe/London,True
Aeroporto Vasconcelos,GTL,AGTL,62,74.430777,-1.901096,2637,Africa/Cairo,True
Aeroporto Novaes de Teixeira,GTM,AGTM,945,2.840475,-176.233306,3295,Europe/Lisbon,True
Aeroporto Silveira da Serra,GTN,AGTN,413,66.613523,80.604806,2476,Asia/Tokyo,True
Aeroporto Nascimento,GTO,AGTO,551,39.836095,-77.181491,3082,America/Toronto,True
Aeroporto da Cruz,GTP,AGTP,212,-9.723602,112.479922,3782,Africa/Cairo,True
Aeroporto Duarte,GTQ,AGTQ,355,65.576656,6.897479,188,Asia/Shanghai,True
Aeroporto Vargas,GTR,AGTR,471,22.873,-155.700394,4077,Pacific/Auckland,True
Aeroporto Moraes do Sul,GTS,AGTS,315,-39.763183,-158.239157,3992,Europe/Rome,True
Aeroporto Gonçalves,GTT,AGTT,617,-44.011995,-80.574553,1892,Asia/Singapore,True
Aeroporto Cavalcante,GTU,AGTU,210,-16.917512,-26.004523,427,Europe/Lisbon,True
Aeroporto Melo,GTV,AGTV,774,-18.496771,179.379945,3756,America/Los_Angeles,True
Aeroporto Cardoso,GTW,AGTW,537,-76.316172,-155.573684,1382,America/Toronto,True
Aeroporto Pereira,GTX,AGTX,452,26.030962,-73.494901,3648,Asia/Singapore,True
Aeroporto Oliveira Paulista,GTY,AGTY,428,-11.132199,6.436888,2389,Asia/Shanghai,True
Aeroporto da Cruz de Marques,GTZ,AGTZ,474,71.276093,68.980426,1985,Africa/Cairo,True
Aeroporto Santos,GUA,AGUA,105,25.305799,118.631046,4259,America/Los_Angeles,True
Aeroporto Silva,GUB,AGUB,508,-31.12343,-77.435935,1749,Asia/Tokyo,True
Aeroporto Castro,GUC,AGUC,786,67.406649,-53.316572,3589,America/Bogota,True
Aeroporto Azevedo,GUD,AGUD,827,-84.618427,-14.298417,499,Australia/Sydney,True
Aeroporto Carvalho do Sul,GUE,AGUE,658,-80.051436,-68.851864,3057,Asia/Tokyo,True
Aeroporto Marques do Galho,GUF,AGUF,28,88.382293,-154.35498,1604,America/Los_Angeles,True
Aeroporto Rocha de Sá,GUG,AGUG,269,-71.220647,-10.527761,2879,America/Lima,True
Aeroporto Novaes da Prata,GUH,AGUH,654,-56.981125,45.488488,2927,Asia/Dubai,True
Aeroporto Moura dos Dourados,GUI,AGUI,131,-43.500095,-47.97772,2801,Africa/Cairo,True
Aeroporto Viana Verde,GUJ,AGUJ,167,-31.227176,121.742665,4080,Australia/Sydney,True
Aeroporto Sá Paulista,GUK,AGUK,545,-26.060829,-64.541864,3305,Europe/Lisbon,True
Aeroporto Cavalcante do Galho,GUL,AGUL,778,68.250278,-82.921913,3586,Europe/Lisbon,True
Aeroporto Cardoso de Andrade,GUM,AGUM,763,-65.655648,-124.585511,1514,Europe/London,True
Aeroporto Barbosa,GUN,AGUN,75,-89.364929,-74.674641,3324,America/New_York,True
Aeroporto da Rosa do Campo,GUO,AGUO,386,-28.718056,77.065425,875,America/Toronto,True
Aeroporto Garcia das Flores,GUP,AGUP,473,-14.512816,44.247212,3697,Europe/Madrid,True
Aeroporto Freitas do Sul,GUQ,AGUQ,383,-83.961094,26.487976,1317,America/Los_Angeles,True
Aeroporto Mendonça do Oeste,GUR,AGUR,351,-19.849804,122.205278,1598,Europe/Paris,True
Aeroporto Cunha,GUS,AGUS,751,-89.807438,82.183811,341,Asia/Dubai,True
Aeroporto Vasconcelos Grande,GUT,AGUT,398,73.872091,-139.134814,2750,America/Buenos_Aires,True
Aeroporto Pastor de Vieira,GUU,AGUU,280,30.499553,-134.421884,3251,Europe/Rome,True
Aeroporto Rezende,GUV,AGUV,271,-77.005783,145.970669,223,America/New_York,True
Aeroporto Gonçalves de Goiás,GUW,AGUW,694,-59.284949,13.596795,3074,Australia/Sydney,True
Aeroporto Almeida,GUX,AGUX,35,-36.454341,161.151666,3374,Europe/London,True
Aeroporto Macedo,GUY,AGUY,191,-72.61357,-49.472229,3819,Asia/Tokyo,True
Aeroporto Mendonça das Flores,GUZ,AGUZ,386,-4.900227,105.366312,3340,America/Sao_Paulo,True
Aeroporto Silva de Martins,GVA,AGVA,441,-26.343798,-150.978576,2216,Africa/Johannesburg,True
Aeroporto Costela dos Dourados,GVB,AGVB,277,71.788253,-115.381722,4057,America/New_York,True
Aeroporto Leão,GVC,AGVC,223,-75.839453,66.533855,3730,Asia/Singapore,True
Aeroporto da Cruz,GVD,AGVD,147,11.04444,-88.632734,2723,Pacific/Auckland,True
Aeroporto Porto,GVE,AGVE,752,-17.961546,155.663672,1346,America/Buenos_Aires,True
Aeroporto da Rocha,GVF,AGVF,34,-75.232541,98.55105,3859,Africa/Johannesburg,True
Aeroporto Aragão da Praia,GVG,AGVG,462,81.97543,146.001181,4226,America/New_York,True
Aeroporto Gomes de Rezende,GVH,AGVH,66,55.178639,-168.089046,2867,Europe/Paris,True
Aeroporto Barbosa da Mata,GVI,AGVI,595,-62.929178,-105.163934,1822,Asia/Shanghai,True
Aeroporto Moraes da Prata,GVJ,AGVJ,169,-63.369741,-12.435398,2747,America/New_York,True
Aeroporto Aparecida de Mendes,GVK,AGVK,815,4.370244,-169.209823,1983,Africa/Cairo,True
Aeroporto Fogaça,GVL,AGVL,286,9.046702,39.405549,4496,Europe/Rome,True
Aeroporto Correia da Mata,GVM,AGVM,286,61.962852,153.456251,1387,Asia/Kolkata,True
Aeroporto Albuquerque,GVN,AGVN,742,43.843311,-63.042331,2547,Europe/London,True
Aeroporto Casa Grande,GVO,AGVO,254,-54.650218,31.671306,3840,America/New_York,True
Aeroporto Araújo do Sul,GVP,AGVP,910,69.093094,61.321852,634,America/Toronto,True
Aeroporto Pires,GVQ,AGVQ,850,43.968268,-167.474424,3879,Africa/Johannesburg,True
Aeroporto Alves dos Dourados,GVR,AGVR,52,-63.213126,39.858267,3500,Africa/Johannesburg,True
Aeroporto Farias dos Dourados,GVS,AGVS,665,87.780336,-85.126444,676,America/Lima,True
Aeroporto Pinto Alegre,GVT,AGVT,776,53.316643,-108.572748,3808,America/New_York,True
Aeroporto Freitas do Norte,GVU,AGVU,677,-15.401429,152.86717,269,Asia/Tokyo,False
Aeroporto Macedo,GVV,AGVV,330,-15.560372,117.704982,1379,Europe/Madrid,True
Aeroporto Lopes de Teixeira,GVW,AGVW,838,-56.368041,91.083318,3252,Africa/Johannesburg,True
Aeroporto Rios,GVX,AGVX,334,86.789192,111.058062,78,Europe/Lisbon,True
Aeroporto Cassiano,GVY,AGVY,919,70.214564,134.036824,696,America/Lima,True
Aeroporto Farias dos Dourados,GVZ,AGVZ,934,-17.172046,90.983481,1927,Europe/Paris,True
Aeroporto Casa Grande Grande,GWA,AGWA,690,-17.233325,37.872749,945,America/Chicago,True
Aeroporto Borges,GWB,AGWB,521,-29.37865,-115.305957,1403,Africa/Johannesburg,True
Aeroporto da Mota das Flores,GWC,AGWC,816,84.156869,-152.215841,2385,Europe/London,True
Aeroporto Aparecida,GWD,AGWD,134,68.460842,38.494013,2852,Europe/Madrid,True
Aeroporto da Rosa,GWE,AGWE,73,9.352619,-61.07435,3919,Asia/Dubai,True
Aeroporto Carvalho,GWF,AGWF,415,-22.613982,-5.557311,1309,Africa/Johannesburg,True
Aeroporto Leão,GWG,AGWG,936,77.236826,122.634838,4263,Europe/Madrid,True
Aeroporto Leão,GWH,AGWH,15,-0.062796,21.465376,1924,Africa/Johannesburg,True
Aeroporto Lima,GWI,AGWI,527,-53.815939,112.911075,1593,Australia/Sydney,True
Aeroporto Costela do Sul,GWJ,AGWJ,402,63.050726,-139.541328,1495,Asia/Dubai,True
Aeroporto Castro,GWK,AGWK,416,-21.142201,6.359874,4440,America/Sao_Paulo,True
Aeroporto da Luz,GWL,AGWL,379,-14.925644,-94.110614,206,America/New_York,True
Aeroporto Viana de Azevedo,GWM,AGWM,147,-2.783162,-48.745549,1652,America/Mexico_City,True
Aeroporto Martins,GWN,AGWN,834,-87.163828,-10.677853,46,America/Bogota,True
Aeroporto Rocha,GWO,AGWO,37,-47.72476,-100.038281,712,Europe/Rome,True
Aeroporto Camargo de Barros,GWP,AGWP,115,-51.134405,-9.982258,3682,Europe/Paris,True
Aeroporto Fernandes de Pimenta,GWQ,AGWQ,583,-49.019491,-116.847307,1178,Africa/Johannesburg,True
Aeroporto Melo Paulista,GWR,AGWR,742,36.609042,43.956592,2684,Europe/Rome,True
Aeroporto Pires Alegre,GWS,AGWS,843,-15.014199,135.358601,2018,America/Toronto,True
Aeroporto Rios,GWT,AGWT,253,79.179929,83.146523,4184,Europe/Berlin,True
Aeroporto Peixoto de Goiás,GWU,AGWU,317,-84.639769,-10.321569,4219,America/Chicago,True
Aeroporto Almeida,GWV,AGWV,632,59.221825,40.218553,858,Africa/Cairo,True
Aeroporto Mendes Paulista,GWW,AGWW,427,75.630316,59.325642,208,America/Lima,True
Aeroporto Moraes da Mata,GWX,AGWX,839,45.209084,35.927601,511,Europe/Rome,False
Aeroporto Silveira de Guerra,GWY,AGWY,213,-48.397576,80.343536,3584,Europe/London,True
Aeroporto Pastor,GWZ,AGWZ,797,-35.616283,118.462597,1521,Australia/Sydney,True
Aeroporto da Cunha do Campo,GXA,AGXA,266,-65.504569,-4.130655,1096,America/Mexico_City,True
Aeroporto Novais,GXB,AGXB,724,-2.812543,-113.267195,1209,America/Los_Angeles,True
Aeroporto Viana,GXC,AGXC,357,-47.139728,-64.769052,789,Asia/Dubai,True
Aeroporto da Cruz,GXD,AGXD,593,-56.232566,134.55186,3625,Europe/Rome,True
Aeroporto Cassiano de Brito,GXE,AGXE,88,36.831875,-37.93252,561,Asia/Kolkata,False
Aeroporto Jesus das Flores,GXF,AGXF,409,-58.771752,165.283964,2662,America/Los_Angeles,True
Aeroporto Nunes Alegre,GXG,AGXG,596,-13.458182,112.804779,38,America/Toronto,True
Aeroporto Barros de Goiás,GXH,AGXH,848,-6.427931,123.780272,3326,Asia/Dubai,True
Aeroporto Pinto,GXI,AGXI,929,82.72887,-156.349002,765,Pacific/Auckland,True
Aeroporto Ribeiro de Azevedo,GXJ,AGXJ,935,71.372037,57.007788,3714,Europe/London,True
Aeroporto Araújo das Pedras,GXK,AGXK,588,-68.637571,75.536094,4401,Europe/Rome,True
Aeroporto Lopes Grande,GXL,AGXL,338,76.756699,129.732716,3365,Europe/Berlin,True
Aeroporto Melo do Sul,GXM,AGXM,712,29.594447,3.091137,518,Asia/Dubai,True
Aeroporto Freitas do Campo,GXN,AGXN,756,66.620661,53.569746,2954,Asia/Shanghai,True
Aeroporto da Costa do Amparo,GXO,AGXO,962,45.402343,-152.918009,3105,Asia/Kolkata,True
Aeroporto Gonçalves de Pastor,GXP,AGXP,416,-78.940429,-113.837773,1616,Asia/Dubai,True
Aeroporto Guerra,GXQ,AGXQ,314,12.978143,26.406492,2846,Africa/Johannesburg,True
Aeroporto da Costa da Mata,GXR,AGXR,297,-47.790627,59.986505,2203,Europe/Berlin,True
Aeroporto Pimenta,GXS,AGXS,258,85.290321,-73.167173,848,Asia/Kolkata,True
Aeroporto Fernandes,GXT,AGXT,203,-68.464638,-11.54951,2224,America/Mexico_City,True
Aeroporto Peixoto,GXU,AGXU,152,-57.40085,-144.444546,1523,Africa/Johannesburg,True
Aeroporto Pastor das Flores,GXV,AGXV,991,26.227529,111.630105,3928,Europe/Berlin,True
Aeroporto Brito,GXW,AGXW,95,30.267532,134.595117,231,Europe/Madrid,True
Aeroporto Barros,GXX,AGXX,209,-71.287741,-62.401281,256,Africa/Johannesburg,True
Aeroporto Cassiano,GXY,AGXY,951,-24.236351,-94.892256,2678,America/Sao_Paulo,True
Aeroporto Monteiro de Minas,GXZ,AGXZ,211,-47.672993,-9.376131,199,Europe/Lisbon,True
Aeroporto Aragão,GYA,AGYA,754,82.075641,-148.472331,1782,Asia/Tokyo,True
Aeroporto Melo,GYB,AGYB,750,-53.683794,61.948087,2414,Europe/Madrid,True
Aeroporto Andrade,GYC,AGYC,451,83.346813,37.960432,528,Asia/Dubai,True
Aeroporto da Rocha,GYD,AGYD,826,-54.792685,-54.634768,3655,Africa/Cairo,True
Aeroporto Rocha da Praia,GYE,AGYE,368,66.893808,131.526411,1729,Europe/Madrid,True
Aeroporto Aparecida,GYF,AGYF,649,1.063631,143.804301,2651,Europe/Lisbon,True
Aeroporto das Neves,GYG,AGYG,821,-16.169936,25.719828,1152,America/Mexico_City,True
Aeroporto Brito do Norte,GYH,AGYH,34,-18.349235,14.185391,2086,Asia/Tokyo,True
Aeroporto Aparecida,GYI,AGYI,705,-82.520118,154.529672,2487,Asia/Shanghai,True
Aeroporto Correia,GYJ,AGYJ,691,10.198121,26.245327,819,Asia/Seoul,True
Aeroporto Gonçalves,GYK,AGYK,660,2.560773,-149.300078,1441,Asia/Shanghai,True
Aeroporto Caldeira de da Mata,GYL,AGYL,612,18.90843,-141.559788,2477,Asia/Tokyo,True
Aeroporto Pimenta do Galho,GYM,AGYM,429,-29.031839,-107.888995,4237,Asia/Kolkata,True
Aeroporto Pimenta,GYN,AGYN,229,-15.430683,69.239464,3162,America/Chicago,True
Aeroporto Carvalho de Minas,GYO,AGYO,440,58.686127,-65.261744,1974,Europe/Madrid,True
Aeroporto Pereira de da Luz,GYP,AGYP,21,-2.862039,60.548797,1940,Asia/Dubai,True
Aeroporto Ramos,GYQ,AGYQ,131,-0.331968,-86.521828,33,Asia/Kolkata,True
Aeroporto Monteiro,GYR,AGYR,937,63.796581,166.773768,639,Europe/Paris,True
Aeroporto Sales,GYS,AGYS,809,5.156635,95.720896,2478,America/Sao_Paulo,True
Aeroporto Andrade das Flores,GYT,AGYT,398,21.922782,-17.621536,3491,Asia/Singapore,True
Aeroporto Rios da Serra,GYU,AGYU,875,-80.527699,-147.933761,3522,Europe/Paris,True
Aeroporto Machado de Fogaça,GYV,AGYV,67,20.854955,171.984734,3088,Asia/Singapore,True
Aeroporto da Rocha das Flores,GYW,AGYW,907,23.905316,-67.132205,3154,America/Mexico_City,True
Aeroporto da Costa da Mata,GYX,AGYX,988,-43.472305,139.914069,958,America/Bogota,True
Aeroporto Costela de Goiás,GYY,AGYY,654,-24.548012,-91.165275,988,Asia/Singapore,True
Aeroporto Cassiano de Santos,GYZ,AGYZ,335,53.866184,-86.221174,842,Asia/Kolkata,True
Aeroporto Andrade,GZA,AGZA,723,-47.885096,124.443812,2227,America/New_York,True
Aeroporto Araújo,GZB,AGZB,894,-6.109678,124.342866,3905,Asia/Tokyo,True
Aeroporto Casa Grande,GZC,AGZC,451,-14.730251,32.024158,470,America/Lima,True
Aeroporto Machado,GZD,AGZD,265,-66.684824,156.149829,506,America/Bogota,True
Aeroporto Cassiano,GZE,AGZE,202,-16.436608,83.24719,1786,Pacific/Auckland,True
Aeroporto da Paz,GZF,AGZF,330,-61.116527,92.064648,1524,Europe/Berlin,True
Aeroporto Sales Alegre,GZG,AGZG,216,-63.257591,43.078897,3502,Australia/Sydney,True
Aeroporto Silva,GZH,AGZH,916,58.135247,-68.875997,2940,America/Buenos_Aires,True
Aeroporto Lopes de Jesus,GZI,AGZI,688,-24.342425,28.4218,3794,Asia/Seoul,True
Aeroporto Ramos,GZJ,AGZJ,254,2.20435,4.253087,3209,America/Mexico_City,True
Aeroporto Santos do Oeste,GZK,AGZK,590,-63.354647,-59.722383,2209,Europe/Madrid,True
Aeroporto Rezende de Andrade,GZL,AGZL,417,-54.693337,-34.111419,4117,Australia/Sydney,True
Aeroporto Castro das Flores,GZM,AGZM,473,56.230282,167.425364,3581,Asia/Shanghai,True
Aeroporto Ferreira,GZN,AGZN,989,24.645805,34.908794,2726,Asia/Shanghai,True
Aeroporto Aragão,GZO,AGZO,621,-41.517958,-47.051271,390,Asia/Kolkata,True
Aeroporto da Cunha,GZP,AGZP,534,20.760392,0.919005,1052,America/Bogota,True
Aeroporto Cirino do Amparo,GZQ,AGZQ,423,-47.615079,108.762371,3782,America/Mexico_City,True
Aeroporto Ribeiro de Gonçalves,GZR,AGZR,342,-31.451228,46.034011,994,Asia/Singapore,True
Aeroporto Machado Grande,GZS,AGZS,718,59.901664,41.848325,1796,America/Chicago,True
Aeroporto Souza das Pedras,GZT,AGZT,580,36.866461,-85.208874,583,Asia/Shanghai,True
Aeroporto Sá Verde,GZU,AGZU,740,67.174472,134.710858,3288,Asia/Singapore,True
Aeroporto Abreu,GZV,AGZV,151,-33.969281,-128.662062,2955,Australia/Sydney,True
Aeroporto da Cunha,GZW,AGZW,317,-85.933777,100.086722,1301,America/Toronto,True
Aeroporto Borges do Amparo,GZX,AGZX,497,24.591394,-12.512824,161,Europe/Berlin,True
Aeroporto Casa Grande do Norte,GZY,AGZY,944,-6.860964,-43.070516,1896,America/New_York,True
Aeroporto da Costa,GZZ,AGZZ,809,83.625566,137.34905,4001,Asia/Tokyo,True
Aeroporto da Mota de Costa,HAA,AHAA,661,-89.916707,-169.862762,2896,Asia/Seoul,True
Aeroporto Leão,HAB,AHAB,932,-72.277625,126.298896,189,Australia/Sydney,True
Aeroporto Vargas,HAC,AHAC,820,83.930193,-79.023526,3343,America/Los_Angeles,True
Aeroporto Pires,HAD,AHAD,43,-41.049705,76.371282,512,Australia/Sydney,False
Aeroporto Silva Alegre,HAE,AHAE,157,11.446127,-129.90303,1175,Asia/Tokyo,True
Aeroporto Fernandes do Sul,HAF,AHAF,717,-52.090525,-169.783214,1469,America/Lima,True
Aeroporto Mendes,HAG,AHAG,46,-78.475484,84.990583,2489,Asia/Singapore,True
Aeroporto Cunha,HAH,AHAH,691,59.214328,-19.523933,449,America/Mexico_City,True
Aeroporto Farias,HAI,AHAI,380,-32.039729,-93.370374,4128,Europe/Berlin,True
Aeroporto Moura das Flores,HAJ,AHAJ,29,-44.558198,165.662404,4051,Asia/Shanghai,True
Aeroporto Lopes,HAK,AHAK,789,-37.267495,-44.372342,4457,Europe/Lisbon,True
Aeroporto Marques,HAL,AHAL,845,-21.208379,-109.591112,2012,Asia/Seoul,True
Aeroporto Nascimento dos Dourados,HAM,AHAM,650,10.458516,140.984712,3394,Asia/Tokyo,True
Aeroporto da Paz,HAN,AHAN,941,-82.432265,76.660026,1637,America/New_York,True
Aeroporto Almeida das Pedras,HAO,AHAO,302,-73.944782,-165.188667,3458,America/New_York,True
Aeroporto Melo,HAP,AHAP,790,52.176019,58.133154,2154,America/Lima,False
Aeroporto Martins Verde,HAQ,AHAQ,375,24.988154,23.748797,2381,America/Los_Angeles,True
Aeroporto Dias,HAR,AHAR,700,-2.874435,138.277752,1592,Europe/Berlin,True
Aeroporto Machado,HAS,AHAS,704,27.25352,156.704368,347,Asia/Seoul,True
Aeroporto da Rosa do Norte,HAT,AHAT,939,74.884417,-140.028977,1244,America/Los_Angeles,True
Aeroporto Rios,HAU,AHAU,545,-61.271544,108.302588,138,Asia/Kolkata,True
Aeroporto Gonçalves Paulista,HAV,AHAV,583,-60.306816,-100.893006,4326,Asia/Dubai,True
Aeroporto Moura,HAW,AHAW,651,29.844761,-139.143137,695,Africa/Johannesburg,True
Aeroporto Aparecida,HAX,AHAX,28,7.924899,161.344343,497,Europe/London,True
Aeroporto Machado,HAY,AHAY,242,75.312842,20.559227,3269,America/Lima,True
Aeroporto Gonçalves,HAZ,AHAZ,932,-88.871497,63.269017,2915,Asia/Singapore,True
Aeroporto Lopes,HBA,AHBA,325,-46.841219,-51.225221,2536,Europe/Rome,True
Aeroporto Barbosa,HBB,AHBB,926,-77.488508,55.974485,1550,Asia/Shanghai,True
Aeroporto Nascimento da Prata,HBC,AHBC,800,-8.755702,-113.465993,3200,Europe/Madrid,True
Aeroporto Almeida do Galho,HBD,AHBD,580,36.253316,-121.485222,136,Africa/Johannesburg,True
Aeroporto Vargas do Norte,HBE,AHBE,515,36.430218,168.42326,1178,America/New_York,True
Aeroporto Pacheco de Cunha,HBF,AHBF,487,24.061588,44.294467,2140,Asia/Tokyo,False
Aeroporto Vasconcelos do Campo,HBG,AHBG,46,18.271147,-171.515034,1566,America/Bogota,True
Aeroporto Gomes,HBH,AHBH,786,-3.733656,7.62931,3082,America/Bogota,True
Aeroporto Cavalcanti da Prata,HBI,AHBI,349,-47.599937,162.276667,734,America/Sao_Paulo,True
Aeroporto Albuquerque,HBJ,AHBJ,736,-3.45062,-100.735605,4257,Europe/Paris,True
Aeroporto Barros Alegre,HBK,AHBK,994,87.548532,115.213243,2420,America/Buenos_Aires,True
Aeroporto Mendes,HBL,AHBL,880,-57.959088,-72.018678,3188,Asia/Dubai,True
Aeroporto Brito,HBM,AHBM,589,36.777164,-95.230764,2967,America/Buenos_Aires,True
Aeroporto Souza,HBN,AHBN,340,43.034174,-170.201247,13,Africa/Johannesburg,True
Aeroporto Cavalcante da Mata,HBO,AHBO,650,35.886784,145.248996,2983,Africa/Johannesburg,True
Aeroporto Leão da Serra,HBP,AHBP,793,-34.528623,125.718522,4024,America/Bogota,True
Aeroporto Costela da Serra,HBQ,AHBQ,458,-41.215458,-48.08237,4500,Asia/Singapore,False
Aeroporto Brito da Mata,HBR,AHBR,194,32.134047,-118.7779,3703,Asia/Singapore,True
Aeroporto Nogueira da Prata,HBS,AHBS,627,-80.162762,-56.017413,2057,America/Toronto,True
Aeroporto Barbosa,HBT,AHBT,612,78.877095,10.662243,609,America/Sao_Paulo,True
Aeroporto Campos,HBU,AHBU,214,-58.329655,68.809182,866,America/Toronto,True
Aeroporto da Costa,HBV,AHBV,656,-2.378694,2.951733,553,America/New_York,True
Aeroporto Vasconcelos,HBW,AHBW,931,45.429167,35.080613,1411,America/Bogota,True
Aeroporto Cavalcanti do Campo,HBX,AHBX,853,-9.35095,177.679313,937,Europe/London,True
Aeroporto Fernandes de Campos,HBY,AHBY,475,-79.949016,-159.919955,3492,Asia/Seoul,True
Aeroporto Moraes de Campos,HBZ,AHBZ,671,44.040915,-105.17466,189,Europe/Paris,True
Aeroporto Rios de Pimenta,HCA,AHCA,106,-5.947236,-25.409957,4362,America/Bogota,True
Aeroporto Viana de Minas,HCB,AHCB,121,73.098224,-3.923358,3423,Europe/Paris,True
Aeroporto Viana de Minas,HCC,AHCC,213,-51.464872,-48.808228,2847,America/Buenos_Aires,True
Aeroporto Cavalcanti das Flores,HCD,AHCD,638,80.453365,166.304124,2870,Asia/Dubai,True
Aeroporto Nogueira,HCE,AHCE,594,81.789553,35.254193,2671,America/Bogota,False
Aeroporto Silveira do Sul,HCF,AHCF,918,42.113654,-70.579616,2432,America/Chicago,True
Aeroporto Azevedo,HCG,AHCG,511,-24.393676,-105.105381,3596,Asia/Kolkata,True
Aeroporto Casa Grande,HCH,AHCH,774,-8.666619,20.03082,1436,Asia/Shanghai,True
Aeroporto Castro do Galho,HCI,AHCI,958,-37.419871,2.898608,4451,Asia/Kolkata,True
Aeroporto Mendes,HCJ,AHCJ,510,-11.345774,30.080516,2648,Africa/Johannesburg,True
Aeroporto Alves Alegre,HCK,AHCK,741,-89.194395,-137.659859,3332,Asia/Shanghai,True
Aeroporto Vieira das Pedras,HCL,AHCL,54,-18.663876,35.667572,3387,Europe/Rome,True
Aeroporto Moraes,HCM,AHCM,69,-72.101623,30.923141,42,Asia/Tokyo,True
Aeroporto Cunha da Serra,HCN,AHCN,895,89.59249,-60.704169,4121,Asia/Singapore,False
Aeroporto Pinto,HCO,AHCO,894,-60.175508,-85.557408,4092,America/Bogota,True
Aeroporto Vasconcelos de Pastor,HCP,AHCP,869,41.306555,-163.040524,2452,America/Mexico_City,True
Aeroporto Souza,HCQ,AHCQ,860,-88.788958,162.713623,3192,Europe/Madrid,True
Aeroporto Ribeiro,HCR,AHCR,801,57.402701,-113.925555,3041,America/New_York,True
Aeroporto Novais de Vargas,HCS,AHCS,105,-14.844653,94.689192,2705,America/Sao_Paulo,True
Aeroporto Gomes de Duarte,HCT,AHCT,645,25.059243,-170.062985,1293,Europe/Paris,True
Aeroporto Costa do Norte,HCU,AHCU,113,-56.800323,99.147931,1836,America/Buenos_Aires,False
Aeroporto Machado,HCV,AHCV,595,57.062893,79.69865,2174,America/Mexico_City,True
Aeroporto Abreu,HCW,AHCW,900,61.54198,143.29035,3096,Europe/Madrid,True
Aeroporto Almeida da Praia,HCX,AHCX,737,-72.733681,133.658987,4190,Asia/Singapore,True
Aeroporto Leão do Sul,HCY,AHCY,874,-5.167522,-147.02022,799,Europe/London,True
Aeroporto Martins de Minas,HCZ,AHCZ,971,-30.814896,-46.906949,1969,America/Toronto,True
Aeroporto Brito,HDA,AHDA,321,-49.751275,47.543423,1859,Asia/Tokyo,True
Aeroporto Pastor,HDB,AHDB,677,-37.207226,39.277927,545,Asia/Kolkata,True
Aeroporto Melo,HDC,AHDC,229,79.917848,152.009394,2783,Europe/London,True
Aeroporto Novaes de Novaes,HDD,AHDD,733,-4.773411,64.637907,648,Europe/London,True
Aeroporto Campos do Norte,HDE,AHDE,586,34.740661,-156.332674,735,Australia/Sydney,True
Aeroporto da Cruz da Mata,HDF,AHDF,773,13.529814,-90.205916,518,America/Los_Angeles,True
Aeroporto da Rocha do Norte,HDG,AHDG,916,19.302673,-94.026049,3470,America/Sao_Paulo,True
Aeroporto Araújo,HDH,AHDH,625,39.238201,154.55494,440,Asia/Tokyo,True
Aeroporto Rios Grande,HDI,AHDI,289,31.060222,90.486883,3190,Africa/Cairo,True
Aeroporto Garcia Grande,HDJ,AHDJ,634,27.793406,143.953266,2205,America/New_York,False
Aeroporto Fernandes das Pedras,HDK,AHDK,722,-24.813333,-3.329342,4258,Europe/Berlin,True
Aeroporto Moura,HDL,AHDL,689,88.572829,-51.259993,2232,Europe/Paris,True
Aeroporto Barbosa do Amparo,HDM,AHDM,734,-36.056218,-173.9896,4169,Europe/Lisbon,True
Aeroporto Sousa da Mata,HDN,AHDN,898,2.461199,16.323617,3334,Asia/Tokyo,True
Aeroporto Almeida do Sul,HDO,AHDO,37,59.968689,16.988322,1425,Asia/Tokyo,True
Aeroporto Duarte da Serra,HDP,AHDP,724,-22.812272,-137.004934,989,America/Bogota,False
Aeroporto Carvalho,HDQ,AHDQ,210,-7.558635,120.568995,3816,America/Sao_Paulo,True
Aeroporto Fonseca,HDR,AHDR,876,-10.293877,102.237127,3105,Africa/Johannesburg,True
Aeroporto Brito,HDS,AHDS,879,32.717338,-146.636608,3471,America/Lima,True
Aeroporto Vargas Alegre,HDT,AHDT,217,46.879064,113.858652,1407,America/Buenos_Aires,True
Aeroporto Campos da Serra,HDU,AHDU,883,10.188547,-43.244165,2565,Asia/Seoul,True
Aeroporto Pacheco,HDV,AHDV,603,59.358797,13.714371,1311,Australia/Sydney,True
Aeroporto da Conceição,HDW,AHDW,64,34.771418,29.889439,1076,Europe/London,True
Aeroporto da Mota,HDX,AHDX,859,28.131337,115.425092,3183,America/Lima,True
Aeroporto Teixeira da Prata,HDY,AHDY,913,-44.671062,-169.695569,170,Pacific/Auckland,True
Aeroporto Silva,HDZ,AHDZ,510,-13.550874,-173.00265,1390,America/Mexico_City,True
Aeroporto Novaes da Mata,HEA,AHEA,834,-76.147641,-130.497818,2120,Asia/Shanghai,True
Aeroporto Guerra,HEB,AHEB,726,49.978599,30.073502,2738,Asia/Seoul,True
Aeroporto das Neves,HEC,AHEC,721,-43.034204,-85.912571,1594,America/Buenos_Aires,True
Aeroporto Borges Alegre,HED,AHED,651,28.880375,-107.842274,3904,Asia/Shanghai,True
Aeroporto Sousa do Norte,HEE,AHEE,525,35.098241,-83.314246,696,Europe/Madrid,True
Aeroporto Azevedo,HEF,AHEF,754,-4.760556,74.424352,4079,America/Sao_Paulo,True
Aeroporto Pastor,HEG,AHEG,529,-74.057906,102.044882,716,America/Los_Angeles,True
Aeroporto Caldeira,HEH,AHEH,240,53.346947,39.637763,1309,Europe/Berlin,True
Aeroporto Aparecida de Melo,HEI,AHEI,273,-47.67685,-80.825303,3622,America/Sao_Paulo,True
Aeroporto Guerra da Prata,HEJ,AHEJ,900,46.520493,-144.617366,4011,Pacific/Auckland,True
Aeroporto da Luz,HEK,AHEK,617,-15.073247,-91.553279,4177,Australia/Sydney,True
Aeroporto Pastor,HEL,AHEL,632,26.258616,123.004632,561,Europe/Berlin,True
Aeroporto Barros,HEM,AHEM,177,-58.918136,-161.815785,4157,Europe/London,True
Aeroporto Cavalcante da Serra,HEN,AHEN,56,-35.057343,6.861325,1959,Asia/Tokyo,True
Aeroporto Pires,HEO,AHEO,503,2.6833,135.632805,803,Asia/Kolkata,True
Aeroporto Melo,HEP,AHEP,601,-26.413636,-139.892669,281,Europe/Lisbon,True
Aeroporto Siqueira,HEQ,AHEQ,685,66.666583,176.986237,139,America/Sao_Paulo,True
Aeroporto Cavalcante,HER,AHER,887,23.759515,4.035757,1344,Europe/London,True
Aeroporto Jesus,HES,AHES,100,-0.258625,74.340771,4416,Asia/Seoul,True
Aeroporto Rodrigues,HET,AHET,970,87.21443,126.665743,783,Europe/Madrid,True
Aeroporto Oliveira do Oeste,HEU,AHEU,693,-40.361334,-87.319926,1836,America/New_York,True
Aeroporto Novaes de da Costa,HEV,AHEV,757,30.162484,26.630356,2720,America/Mexico_City,True
Aeroporto Lopes,HEW,AHEW,94,-0.357266,-99.732768,2846,Pacific/Auckland,True
Aeroporto Pimenta,HEX,AHEX,419,0.150026,93.621098,384,America/Chicago,True
Aeroporto Correia do Galho,HEY,AHEY,343,64.200532,40.751625,3985,America/Bogota,True
Aeroporto Ferreira Grande,HEZ,AHEZ,377,89.872066,-34.543909,666,America/Chicago,True
Aeroporto Pastor das Pedras,HFA,AHFA,463,-88.435518,-160.724666,1344,America/New_York,True
Aeroporto da Mata de Goiás,HFB,AHFB,968,-70.96149,-132.221201,80,Asia/Singapore,True
Aeroporto Santos,HFC,AHFC,673,-22.051488,-77.587824,2767,Africa/Johannesburg,True
Aeroporto da Cunha do Amparo,HFD,AHFD,399,-62.574174,27.014233,952,Asia/Seoul,True
Aeroporto Camargo,HFE,AHFE,910,40.274773,-164.222175,822,America/Los_Angeles,True
Aeroporto Pastor do Oeste,HFF,AHFF,263,76.322836,-44.28854,2672,America/Sao_Paulo,True
Aeroporto Sales Grande,HFG,AHFG,840,11.415582,123.066039,4314,Europe/Lisbon,True
Aeroporto Ramos,HFH,AHFH,600,77.471594,-87.632346,2224,Africa/Johannesburg,True
Aeroporto Rios,HFI,AHFI,598,-39.958982,33.767669,1153,Asia/Shanghai,True
Aeroporto Cardoso,HFJ,AHFJ,863,-63.589082,143.741061,451,Europe/Lisbon,True
Aeroporto da Conceição,HFK,AHFK,806,60.186964,176.986871,882,Asia/Singapore,True
Aeroporto Souza,HFL,AHFL,422,-48.432139,-87.432923,15,Europe/Rome,True
Aeroporto Siqueira,HFM,AHFM,334,-71.839578,-77.939377,2118,Europe/Lisbon,True
Aeroporto Rodrigues,HFN,AHFN,821,-24.641136,-68.593436,558,Europe/Lisbon,True
Aeroporto Carvalho do Oeste,HFO,AHFO,164,-32.926708,73.192143,4191,Asia/Seoul,True
Aeroporto Camargo Verde,HFP,AHFP,683,53.498451,-72.723247,2605,America/Sao_Paulo,True
Aeroporto Rezende,HFQ,AHFQ,626,-48.719253,-171.040504,1951,America/Chicago,True
Aeroporto Silva,HFR,AHFR,572,-37.125725,-152.481315,802,Europe/Madrid,True
Aeroporto Sampaio,HFS,AHFS,720,19.685552,161.434692,2787,Europe/Rome,True
Aeroporto Jesus,HFT,AHFT,631,-51.362007,-5.438261,1085,America/Toronto,True
Aeroporto Fernandes,HFU,AHFU,452,42.806262,179.509326,2059,Europe/London,True
Aeroporto Machado,HFV,AHFV,119,-60.449751,-65.758656,12,America/Mexico_City,True
Aeroporto Casa Grande,HFW,AHFW,540,31.93197,-80.980408,802,Europe/Paris,True
Aeroporto Freitas,HFX,AHFX,141,-57.523022,170.876439,3729,Europe/London,False
Aeroporto Jesus das Flores,HFY,AHFY,305,74.520096,35.711672,2830,Europe/Berlin,True
Aeroporto Macedo do Oeste,HFZ,AHFZ,51,79.733823,-161.295189,3519,Europe/Madrid,True
Aeroporto Costela,HGA,AHGA,611,75.066141,37.487198,4010,Asia/Singapore,True
Aeroporto Fogaça do Oeste,HGB,AHGB,979,-22.891582,-145.090596,5,Pacific/Auckland,True
Aeroporto Mendonça,HGC,AHGC,543,-55.945858,50.457363,2995,Asia/Shanghai,True
Aeroporto da Mota de Lopes,HGD,AHGD,560,70.658058,102.80805,3400,Europe/Madrid,True
Aeroporto da Cunha,HGE,AHGE,90,4.940615,-78.787007,3027,America/Los_Angeles,True
Aeroporto Lopes,HGF,AHGF,571,4.197396,95.479416,4226,America/Mexico_City,True
Aeroporto Castro de Araújo,HGG,AHGG,541,-67.956079,-144.104102,2214,Europe/Paris,True
Aeroporto Souza,HGH,AHGH,509,57.222547,75.880829,1926,Europe/Lisbon,True
Aeroporto Moura de da Rocha,HGI,AHGI,658,-89.62742,-88.125492,1642,Africa/Johannesburg,True
Aeroporto Jesus,HGJ,AHGJ,764,28.063246,173.523772,2780,Europe/Berlin,True
Aeroporto da Paz,HGK,AHGK,201,-56.234356,22.981735,3717,America/Mexico_City,True
Aeroporto da Paz,HGL,AHGL,611,-9.93391,45.160377,2215,America/New_York,True
Aeroporto Cavalcanti das Pedras,HGM,AHGM,893,11.719188,159.639103,1517,Europe/Lisbon,True
Aeroporto Melo,HGN,AHGN,794,-54.724553,45.592749,261,America/Sao_Paulo,True
Aeroporto Pastor,HGO,AHGO,83,32.523958,167.684178,3764,Europe/Madrid,True
Aeroporto Ferreira de da Rosa,HGP,AHGP,198,-50.120977,-74.379534,1862,America/Sao_Paulo,True
Aeroporto Machado,HGQ,AHGQ,672,53.342763,-0.737654,1398,Europe/Lisbon,True
Aeroporto Sales,HGR,AHGR,515,-46.958933,26.221213,232,Australia/Sydney,True
Aeroporto Mendes das Flores,HGS,AHGS,139,-74.959062,145.767932,2996,Australia/Sydney,True
Aeroporto Castro do Amparo,HGT,AHGT,553,79.638149,-24.597265,639,America/New_York,True
Aeroporto Macedo,HGU,AHGU,872,-69.932406,176.134324,1467,Australia/Sydney,True
Aeroporto Almeida,HGV,AHGV,288,-37.641788,44.455126,1445,America/New_York,True
Aeroporto Ramos,HGW,AHGW,585,14.923263,113.273362,2913,Europe/London,True
Aeroporto Gomes de Câmara,HGX,AHGX,554,-52.109333,-147.591309,3797,Australia/Sydney,True
Aeroporto Camargo,HGY,AHGY,366,-70.786596,-33.951615,461,America/Los_Angeles,True
Aeroporto Silveira da Praia,HGZ,AHGZ,50,-80.524629,-80.623753,170,Asia/Seoul,True
Aeroporto Sales do Campo,HHA,AHHA,449,-19.826567,-137.831649,1035,Europe/Madrid,True
Aeroporto Ribeiro do Galho,HHB,AHHB,141,-28.889111,-10.313908,754,America/Sao_Paulo,True
Aeroporto Souza das Flores,HHC,AHHC,20,-51.190802,129.697663,4402,Asia/Shanghai,True
Aeroporto Azevedo,HHD,AHHD,320,-46.952079,100.341965,3889,Africa/Cairo,True
Aeroporto da Costa,HHE,AHHE,277,64.370574,-17.629674,746,America/Toronto,True
Aeroporto da Cunha de Goiás,HHF,AHHF,276,54.347221,-48.203197,610,Asia/Dubai,True
Aeroporto Pires,HHG,AHHG,49,76.65897,-141.424193,637,America/Buenos_Aires,True
Aeroporto Moura de Abreu,HHH,AHHH,417,-55.134982,127.178473,1098,Asia/Tokyo,True
Aeroporto Almeida,HHI,AHHI,96,-64.917658,58.955881,256,America/Toronto,True
Aeroporto Vargas da Prata,HHJ,AHHJ,978,45.830771,-148.88439,1263,Asia/Dubai,True
Aeroporto Nunes Alegre,HHK,AHHK,452,-85.56669,-166.659316,3722,Africa/Johannesburg,True
Aeroporto Mendes,HHL,AHHL,741,77.88283,63.536018,1311,Europe/London,True
Aeroporto Cirino,HHM,AHHM,334,-39.356789,140.361483,3222,Asia/Tokyo,True
Aeroporto Siqueira,HHN,AHHN,774,36.695677,-79.714674,3080,Europe/Madrid,True
Aeroporto Silveira das Pedras,HHO,AHHO,443,18.343877,-73.117894,2899,America/Bogota,True
Aeroporto Sampaio Paulista,HHP,AHHP,55,-52.865539,-58.202294,2908,America/Toronto,True
Aeroporto Pires,HHQ,AHHQ,911,-39.215309,119.883759,1671,Asia/Singapore,True
Aeroporto Rios Verde,HHR,AHHR,262,-11.342041,-17.317648,3145,America/Toronto,True
Aeroporto Brito das Flores,HHS,AHHS,172,-16.318098,71.264989,3193,America/Chicago,True
Aeroporto Pinto de Costa,HHT,AHHT,660,-10.761243,-175.727651,2913,Asia/Seoul,True
Aeroporto Duarte,HHU,AHHU,171,46.103131,-74.071657,1398,America/Mexico_City,False
Aeroporto Fernandes,HHV,AHHV,612,50.711529,-86.139212,1206,Asia/Shanghai,True
Aeroporto Melo de Goiás,HHW,AHHW,461,5.832194,-44.841156,1879,Australia/Sydney,True
Aeroporto Monteiro de Goiás,HHX,AHHX,863,79.682013,55.799576,3261,America/New_York,True
Aeroporto Novais do Sul,HHY,AHHY,194,-37.790888,90.26351,4190,America/Bogota,True
Aeroporto Caldeira,HHZ,AHHZ,969,-50.019362,-140.930232,380,America/Los_Angeles,True
Aeroporto da Conceição,HIA,AHIA,867,-28.219892,139.6745,3035,Europe/Paris,True
Aeroporto Aparecida do Oeste,HIB,AHIB,99,49.003064,50.105439,2604,Europe/Rome,True
Aeroporto Jesus de Nascimento,HIC,AHIC,262,-89.130448,-54.975074,2139,Europe/Berlin,True
Aeroporto Caldeira,HID,AHID,477,19.991811,104.021497,4298,Asia/Kolkata,True
Aeroporto Silva de Carvalho,HIE,AHIE,28,5.620278,4.221106,2772,Pacific/Auckland,True
Aeroporto Sousa,HIF,AHIF,379,70.63437,174.973139,1838,Asia/Kolkata,True
Aeroporto Cunha,HIG,AHIG,270,24.056599,-18.600083,3677,America/Lima,True
Aeroporto Brito do Norte,HIH,AHIH,780,38.036951,-86.421152,2862,America/Toronto,True
Aeroporto Albuquerque Verde,HII,AHII,166,23.768458,53.271613,473,America/Toronto,True
Aeroporto Campos Paulista,HIJ,AHIJ,311,-51.660678,10.870929,3911,Asia/Tokyo,True
Aeroporto Costela de Borges,HIK,AHIK,262,15.334554,-1.891395,4325,Asia/Tokyo,True
Aeroporto da Costa do Campo,HIL,AHIL,710,70.169396,-16.875363,3531,Australia/Sydney,True
Aeroporto da Cunha,HIM,AHIM,782,-32.861423,-159.578308,4190,America/Los_Angeles,True
Aeroporto Aparecida,HIN,AHIN,6,7.800057,-34.540688,3596,Pacific/Auckland,True
Aeroporto Sales de da Mota,HIO,AHIO,947,69.51226,-85.845861,887,America/Los_Angeles,True
Aeroporto Ribeiro,HIP,AHIP,917,18.440859,-99.91899,1300,Europe/Lisbon,True
Aeroporto Mendonça,HIQ,AHIQ,73,26.227097,51.30374,1264,Asia/Singapore,True
Aeroporto Vieira,HIR,AHIR,222,-10.961196,-142.019556,69,America/Toronto,True
Aeroporto Farias do Campo,HIS,AHIS,816,22.084205,105.115434,3159,Europe/Berlin,True
Aeroporto Montenegro,HIT,AHIT,821,47.947231,125.013064,2874,Asia/Singapore,True
Aeroporto Oliveira,HIU,AHIU,209,56.636803,-165.038411,2012,Asia/Dubai,True
Aeroporto Abreu das Pedras,HIV,AHIV,701,23.617446,-156.563487,2553,Asia/Kolkata,True
Aeroporto Fogaça dos Dourados,HIW,AHIW,989,-70.497004,164.805612,1291,America/Mexico_City,True
Aeroporto Alves,HIX,AHIX,994,28.170874,-154.446821,469,Europe/Berlin,True
Aeroporto Pires,HIY,AHIY,336,5.505508,-174.884793,1819,Europe/London,True
Aeroporto Rios,HIZ,AHIZ,791,49.169994,8.751718,2180,America/New_York,True
Aeroporto Correia da Serra,HJA,AHJA,94,-7.90895,119.690874,277,Asia/Seoul,True
Aeroporto da Conceição,HJB,AHJB,724,-2.783081,42.879168,830,Pacific/Auckland,True
Aeroporto Siqueira,HJC,AHJC,854,-7.403274,-159.453341,3811,Australia/Sydney,True
Aeroporto Costa,HJD,AHJD,240,-4.356157,169.595649,864,Asia/Kolkata,True
Aeroporto Costa,HJE,AHJE,814,-64.226017,-55.786939,1387,Australia/Sydney,True
Aeroporto da Rocha,HJF,AHJF,949,-81.484299,-164.471584,3274,Africa/Cairo,True
Aeroporto Araújo de Ribeiro,HJG,AHJG,668,56.680863,-10.566481,422,America/Sao_Paulo,True
Aeroporto Câmara de Pinto,HJH,AHJH,474,-80.091665,4.908247,1083,Asia/Shanghai,True
Aeroporto Andrade,HJI,AHJI,706,50.849269,-42.740186,584,America/Buenos_Aires,False
Aeroporto Silveira,HJJ,AHJJ,97,-89.418074,147.746802,1996,Asia/Singapore,False
Aeroporto Fonseca,HJK,AHJK,512,-78.775186,-172.554571,50,Europe/London,True
Aeroporto Rodrigues das Pedras,HJL,AHJL,136,40.482286,-119.061341,3242,America/Buenos_Aires,True
Aeroporto Sales,HJM,AHJM,895,86.181299,41.057139,2610,America/Los_Angeles,True
Aeroporto Castro,HJN,AHJN,37,-68.058959,167.935126,627,Asia/Seoul,True
Aeroporto Garcia de Abreu,HJO,AHJO,560,73.559633,84.217856,1605,Europe/Rome,True
Aeroporto Freitas,HJP,AHJP,115,-89.065586,-42.469403,3794,Asia/Kolkata,True
Aeroporto Nascimento,HJQ,AHJQ,923,-4.166163,-156.680277,900,Europe/Lisbon,True
Aeroporto Rodrigues,HJR,AHJR,82,-75.318638,109.181042,3486,Europe/Madrid,True
Aeroporto Caldeira de Minas,HJS,AHJS,573,-63.032509,-125.348842,918,America/Lima,True
Aeroporto Cunha,HJT,AHJT,792,-65.678654,169.17866,2698,Pacific/Auckland,True
Aeroporto Cassiano,HJU,AHJU,125,-12.125443,-127.492612,515,Australia/Sydney,False
Aeroporto Caldeira das Pedras,HJV,AHJV,802,-61.931942,-62.366211,2469,America/Bogota,True
Aeroporto Sampaio,HJW,AHJW,335,-83.513951,-123.462398,2256,America/Toronto,True
Aeroporto da Mata,HJX,AHJX,734,-74.946876,6.571932,1162,Asia/Tokyo,True
Aeroporto Machado da Serra,HJY,AHJY,270,24.572489,-161.855552,3822,Asia/Shanghai,True
Aeroporto Machado,HJZ,AHJZ,995,-30.836721,173.835685,1397,Europe/Lisbon,True
Aeroporto Cavalcanti dos Dourados,HKA,AHKA,258,27.15269,-130.205381,1763,Europe/Madrid,True
Aeroporto Dias Paulista,HKB,AHKB,184,-49.113849,57.407184,2624,Europe/Lisbon,True
Aeroporto Siqueira,HKC,AHKC,510,79.744296,123.791117,1591,Europe/London,False
Aeroporto Costa,HKD,AHKD,18,-17.888416,68.473911,1067,America/Sao_Paulo,True
Aeroporto da Rocha das Flores,HKE,AHKE,797,4.321954,-18.139497,3786,Europe/Rome,True
Aeroporto Borges de Pacheco,HKF,AHKF,906,-59.901162,3.700957,4007,America/Buenos_Aires,False
Aeroporto Vieira,HKG,AHKG,934,-54.845604,-157.758822,2451,America/Bogota,True
Aeroporto Aragão,HKH,AHKH,33,35.634372,149.220784,3419,Asia/Dubai,True
