passagem_id,tipo_bagagem_id,peso_kg,codigo_rastreio,status
2260,596,16.55,BAG-00000001,DANIFICADA
2100,984,11.13,BAG-00000002,DESPACHADA
1837,434,12.27,BAG-00000003,EXTRAVIADA
1167,742,9.07,BAG-00000004,EXTRAVIADA
2296,105,18.75,BAG-00000005,DESPACHADA
2398,36,31.66,BAG-00000006,EXTRAVIADA
3701,535,8.37,BAG-00000007,DESPACHADA
2896,522,18.49,BAG-00000008,DESPACHADA
1987,70,11.53,BAG-00000009,EXTRAVIADA
3271,160,28.83,BAG-00000010,ENTREGUE
1126,937,6.44,BAG-00000011,ENTREGUE
1841,67,22.62,BAG-00000012,EM_TRANSITO
1741,253,30.9,BAG-00000013,DESPACHADA
596,418,16.71,BAG-00000014,EM_TRANSITO
3114,276,5.83,BAG-00000015,DANIFICADA
4396,259,2.76,BAG-00000016,EM_TRANSITO
2491,269,10.51,BAG-00000017,EXTRAVIADA
1546,388,11.22,BAG-00000018,EM_TRANSITO
2746,840,8.6,BAG-00000019,DESPACHADA
4148,916,27.74,BAG-00000020,EM_TRANSITO
2004,447,21.91,BAG-00000021,EM_TRANSITO
565,339,6.19,BAG-00000022,ENTREGUE
1858,675,9.48,BAG-00000023,DANIFICADA
803,6,19.38,BAG-00000024,ENTREGUE
3521,253,30.59,BAG-00000025,EXTRAVIADA
17,158,21.61,BAG-00000026,EM_TRANSITO
2174,564,11.66,BAG-00000027,DANIFICADA
2517,832,5.16,BAG-00000028,ENTREGUE
3469,109,17.79,BAG-00000029,EXTRAVIADA
4796,566,23.81,BAG-00000030,EXTRAVIADA
1867,467,10.28,BAG-00000031,DESPACHADA
903,612,28.37,BAG-00000032,DANIFICADA
487,188,10.86,BAG-00000033,EM_TRANSITO
2593,311,20.89,BAG-00000034,EM_TRANSITO
3099,257,19.82,BAG-00000035,DESPACHADA
328,60,5.64,BAG-00000036,ENTREGUE
1988,262,9.06,BAG-00000037,EM_TRANSITO
3287,2,5.38,BAG-00000038,EXTRAVIADA
4495,58,20.99,BAG-00000039,DESPACHADA
2482,501,7.73,BAG-00000040,DESPACHADA
592,443,10.85,BAG-00000041,EXTRAVIADA
3165,910,15.76,BAG-00000042,EXTRAVIADA
3951,229,8.47,BAG-00000043,EXTRAVIADA
1248,419,2.88,BAG-00000044,DANIFICADA
3813,174,27.39,BAG-00000045,DANIFICADA
4316,42,10.26,BAG-00000046,EM_TRANSITO
3963,483,11.73,BAG-00000047,EXTRAVIADA
3786,188,18.3,BAG-00000048,ENTREGUE
4370,787,13.46,BAG-00000049,ENTREGUE
50,654,2.53,BAG-00000050,ENTREGUE
3658,923,6.29,BAG-00000051,EXTRAVIADA
1622,233,25.98,BAG-00000052,DANIFICADA
222,195,6.16,BAG-00000053,ENTREGUE
1047,421,3.53,BAG-00000054,EXTRAVIADA
1305,541,2.39,BAG-00000055,EXTRAVIADA
1920,285,25.46,BAG-00000056,EXTRAVIADA
2558,766,7.36,BAG-00000057,DESPACHADA
1524,882,7.75,BAG-00000058,DANIFICADA
2698,741,5.01,BAG-00000059,DESPACHADA
291,794,15.91,BAG-00000060,DESPACHADA
1168,531,9.37,BAG-00000061,EXTRAVIADA
3103,677,9.25,BAG-00000062,DANIFICADA
835,742,15.27,BAG-00000063,EM_TRANSITO
2125,107,12.89,BAG-00000064,DANIFICADA
137,629,7.07,BAG-00000065,DESPACHADA
3470,513,8.65,BAG-00000066,EXTRAVIADA
2949,309,24.41,BAG-00000067,DESPACHADA
1905,168,8.96,BAG-00000068,DESPACHADA
31,585,18.17,BAG-00000069,DANIFICADA
901,455,4.23,BAG-00000070,DANIFICADA
974,94,16.96,BAG-00000071,EXTRAVIADA
4083,597,3.74,BAG-00000072,ENTREGUE
3079,460,30.9,BAG-00000073,EM_TRANSITO
1721,761,3.13,BAG-00000074,ENTREGUE
4816,324,16.52,BAG-00000075,EXTRAVIADA
4922,322,5.65,BAG-00000076,EM_TRANSITO
415,270,4.03,BAG-00000077,ENTREGUE
3411,628,10.21,BAG-00000078,DANIFICADA
2309,485,13.61,BAG-00000079,ENTREGUE
954,141,4.93,BAG-00000080,DESPACHADA
3325,455,3.87,BAG-00000081,ENTREGUE
4534,639,4.42,BAG-00000082,EXTRAVIADA
318,538,11.27,BAG-00000083,ENTREGUE
4513,745,7.79,BAG-00000084,DANIFICADA
3391,424,5.36,BAG-00000085,EXTRAVIADA
2376,691,6.47,BAG-00000086,EM_TRANSITO
60,502,5.64,BAG-00000087,ENTREGUE
4586,745,6.63,BAG-00000088,ENTREGUE
895,381,6.95,BAG-00000089,ENTREGUE
4057,477,15.96,BAG-00000090,EXTRAVIADA
4246,11,11.1,BAG-00000091,EM_TRANSITO
911,746,20.71,BAG-00000092,EM_TRANSITO
3696,518,9.47,BAG-00000093,EXTRAVIADA
3204,685,4.38,BAG-00000094,DESPACHADA
996,544,15.4,BAG-00000095,ENTREGUE
1149,660,8.74,BAG-00000096,EM_TRANSITO
706,16,6.2,BAG-00000097,DESPACHADA
2319,855,4.46,BAG-00000098,ENTREGUE
1721,53,19.01,BAG-00000099,EXTRAVIADA
4397,259,2.7,BAG-00000100,ENTREGUE
1607,193,9.49,BAG-00000101,DANIFICADA
1047,452,6.39,BAG-00000102,EXTRAVIADA
3219,288,22.33,BAG-00000103,EM_TRANSITO
1650,703,10.04,BAG-00000104,EM_TRANSITO
736,350,2.22,BAG-00000105,DANIFICADA
3560,497,14.04,BAG-00000106,ENTREGUE
3129,406,27.13,BAG-00000107,DANIFICADA
3410,302,6.6,BAG-00000108,ENTREGUE
2990,985,5.99,BAG-00000109,DANIFICADA
4046,919,3.33,BAG-00000110,ENTREGUE
4111,659,7.17,BAG-00000111,DANIFICADA
2238,57,12.19,BAG-00000112,DANIFICADA
4981,86,7.21,BAG-00000113,DANIFICADA
4244,733,22.76,BAG-00000114,EM_TRANSITO
1916,554,10.67,BAG-00000115,EXTRAVIADA
4072,307,5.11,BAG-00000116,DANIFICADA
3641,601,6.63,BAG-00000117,ENTREGUE
1237,997,20.4,BAG-00000118,EXTRAVIADA
4977,351,19.52,BAG-00000119,DESPACHADA
2340,876,14.8,BAG-00000120,DANIFICADA
1366,9,16.78,BAG-00000121,EXTRAVIADA
2644,73,29.04,BAG-00000122,ENTREGUE
4294,832,2.71,BAG-00000123,DESPACHADA
4698,33,26.35,BAG-00000124,EM_TRANSITO
1623,575,4.46,BAG-00000125,ENTREGUE
3441,723,5.73,BAG-00000126,EM_TRANSITO
3814,2,4.19,BAG-00000127,EXTRAVIADA
3837,565,15.8,BAG-00000128,DESPACHADA
877,341,7.15,BAG-00000129,DESPACHADA
2833,253,23.92,BAG-00000130,EM_TRANSITO
2121,198,13.1,BAG-00000131,EM_TRANSITO
4866,39,3.43,BAG-00000132,DESPACHADA
2593,605,3.51,BAG-00000133,EXTRAVIADA
4145,248,31.05,BAG-00000134,EXTRAVIADA
2403,858,13.34,BAG-00000135,DESPACHADA
2237,184,13.14,BAG-00000136,ENTREGUE
3539,198,19.92,BAG-00000137,ENTREGUE
1346,818,7.65,BAG-00000138,EXTRAVIADA
2383,511,4.31,BAG-00000139,ENTREGUE
4622,342,8.2,BAG-00000140,EM_TRANSITO
1394,289,22.85,BAG-00000141,DESPACHADA
1378,530,10.59,BAG-00000142,EM_TRANSITO
3442,513,25.7,BAG-00000143,ENTREGUE
3617,734,26.74,BAG-00000144,DANIFICADA
3191,125,23.19,BAG-00000145,DANIFICADA
508,600,21.15,BAG-00000146,EM_TRANSITO
4422,959,5.32,BAG-00000147,ENTREGUE
3184,713,21.81,BAG-00000148,EXTRAVIADA
4051,638,2.16,BAG-00000149,DANIFICADA
3099,701,4.27,BAG-00000150,ENTREGUE
1056,351,4.5,BAG-00000151,EXTRAVIADA
3662,485,24.77,BAG-00000152,DESPACHADA
445,312,11.12,BAG-00000153,DESPACHADA
4561,849,22.59,BAG-00000154,EXTRAVIADA
3010,964,16.01,BAG-00000155,DESPACHADA
638,907,12.28,BAG-00000156,EM_TRANSITO
4040,255,4.34,BAG-00000157,ENTREGUE
2456,350,18.8,BAG-00000158,EM_TRANSITO
4201,437,6.43,BAG-00000159,DESPACHADA
1315,532,26.78,BAG-00000160,ENTREGUE
2945,90,4.93,BAG-00000161,ENTREGUE
3038,595,2.39,BAG-00000162,ENTREGUE
3342,802,7.55,BAG-00000163,EM_TRANSITO
1970,457,7.88,BAG-00000164,EM_TRANSITO
4776,664,12.09,BAG-00000165,EM_TRANSITO
4227,255,5.94,BAG-00000166,DANIFICADA
4343,265,20.78,BAG-00000167,EM_TRANSITO
2354,340,2.76,BAG-00000168,DESPACHADA
4928,522,15.29,BAG-00000169,ENTREGUE
3057,923,4.05,BAG-00000170,EXTRAVIADA
957,145,17.38,BAG-00000171,DANIFICADA
4842,440,12.15,BAG-00000172,ENTREGUE
290,413,18.66,BAG-00000173,ENTREGUE
4046,829,17.95,BAG-00000174,EM_TRANSITO
3859,482,5.06,BAG-00000175,ENTREGUE
2209,304,5.45,BAG-00000176,DANIFICADA
132,150,14.23,BAG-00000177,DANIFICADA
1911,438,8.8,BAG-00000178,DESPACHADA
993,18,16.56,BAG-00000179,DANIFICADA
1842,932,3.34,BAG-00000180,DANIFICADA
2042,966,23.62,BAG-00000181,EM_TRANSITO
1437,164,7.47,BAG-00000182,EXTRAVIADA
497,75,10.77,BAG-00000183,ENTREGUE
1152,455,13.24,BAG-00000184,ENTREGUE
414,704,6.73,BAG-00000185,ENTREGUE
1296,737,2.39,BAG-00000186,DANIFICADA
3403,85,10.21,BAG-00000187,DESPACHADA
1186,228,27.97,BAG-00000188,EXTRAVIADA
66,987,15.42,BAG-00000189,EXTRAVIADA
816,365,29.46,BAG-00000190,DANIFICADA
1086,726,17.75,BAG-00000191,ENTREGUE
1302,8,3.35,BAG-00000192,EXTRAVIADA
2883,683,12.65,BAG-00000193,EM_TRANSITO
4236,140,23.98,BAG-00000194,EM_TRANSITO
467,900,11.03,BAG-00000195,EM_TRANSITO
531,523,14.79,BAG-00000196,EM_TRANSITO
4995,671,12.34,BAG-00000197,DANIFICADA
4753,478,8.86,BAG-00000198,DANIFICADA
4038,405,3.51,BAG-00000199,EXTRAVIADA
4691,396,14.57,BAG-00000200,EM_TRANSITO
4945,14,26.66,BAG-00000201,EM_TRANSITO
2716,297,14.88,BAG-00000202,DESPACHADA
4178,359,2.79,BAG-00000203,EM_TRANSITO
333,311,16.56,BAG-00000204,ENTREGUE
2348,274,10.89,BAG-00000205,EM_TRANSITO
2361,62,8.51,BAG-00000206,ENTREGUE
3766,7,10.47,BAG-00000207,EM_TRANSITO
2199,755,8.92,BAG-00000208,ENTREGUE
4041,401,5.31,BAG-00000209,DESPACHADA
1291,43,13.55,BAG-00000210,ENTREGUE
4107,346,13.51,BAG-00000211,DANIFICADA
1431,608,14.38,BAG-00000212,EM_TRANSITO
4778,988,12.6,BAG-00000213,ENTREGUE
1162,221,2.62,BAG-00000214,DESPACHADA
378,542,14.36,BAG-00000215,DESPACHADA
3083,329,12.09,BAG-00000216,DANIFICADA
3085,662,8.59,BAG-00000217,DANIFICADA
4290,734,21.68,BAG-00000218,EM_TRANSITO
2959,756,21.23,BAG-00000219,EXTRAVIADA
2115,410,11.55,BAG-00000220,EXTRAVIADA
1657,36,12.25,BAG-00000221,EXTRAVIADA
2735,50,9.2,BAG-00000222,EXTRAVIADA
1386,89,11.75,BAG-00000223,EXTRAVIADA
392,256,26.62,BAG-00000224,DANIFICADA
955,497,16.44,BAG-00000225,EM_TRANSITO
1642,276,10.66,BAG-00000226,DESPACHADA
1672,679,3.06,BAG-00000227,DANIFICADA
4176,618,17.62,BAG-00000228,DESPACHADA
284,534,27.12,BAG-00000229,DESPACHADA
2586,307,22.31,BAG-00000230,ENTREGUE
4132,97,3.36,BAG-00000231,DESPACHADA
527,680,12.97,BAG-00000232,ENTREGUE
865,886,18.65,BAG-00000233,DESPACHADA
2126,86,30.05,BAG-00000234,EM_TRANSITO
1161,936,23.87,BAG-00000235,ENTREGUE
3277,99,2.95,BAG-00000236,EM_TRANSITO
4529,400,14.84,BAG-00000237,ENTREGUE
1453,561,14.21,BAG-00000238,DANIFICADA
4994,208,19.69,BAG-00000239,EXTRAVIADA
1190,916,11.75,BAG-00000240,EM_TRANSITO
1817,199,6.91,BAG-00000241,DANIFICADA
4388,69,15.9,BAG-00000242,EXTRAVIADA
3448,234,11.31,BAG-00000243,DANIFICADA
2617,717,2.11,BAG-00000244,DESPACHADA
1385,69,7.47,BAG-00000245,DANIFICADA
3329,640,6.87,BAG-00000246,ENTREGUE
4775,759,6.18,BAG-00000247,ENTREGUE
2553,342,4.04,BAG-00000248,DANIFICADA
2052,282,5.51,BAG-00000249,EXTRAVIADA
3127,507,21.02,BAG-00000250,EM_TRANSITO
939,984,25.48,BAG-00000251,EM_TRANSITO
903,2,2.01,BAG-00000252,EM_TRANSITO
585,458,5.59,BAG-00000253,DESPACHADA
3910,905,25.06,BAG-00000254,DESPACHADA
4525,758,3.8,BAG-00000255,EXTRAVIADA
1044,220,17.82,BAG-00000256,EXTRAVIADA
4228,142,2.34,BAG-00000257,DANIFICADA
3933,117,14.15,BAG-00000258,ENTREGUE
2799,412,14.1,BAG-00000259,EXTRAVIADA
12,287,14.66,BAG-00000260,DESPACHADA
1792,698,6.3,BAG-00000261,DANIFICADA
811,713,4.04,BAG-00000262,EM_TRANSITO
3099,311,13.7,BAG-00000263,EXTRAVIADA
2232,117,10.82,BAG-00000264,EXTRAVIADA
117,827,18.73,BAG-00000265,EM_TRANSITO
1512,224,6.37,BAG-00000266,EM_TRANSITO
3584,762,7.56,BAG-00000267,DANIFICADA
4022,344,16.04,BAG-00000268,ENTREGUE
2356,32,21.76,BAG-00000269,DANIFICADA
2148,737,11.49,BAG-00000270,ENTREGUE
3598,887,7.77,BAG-00000271,EM_TRANSITO
2822,297,13.43,BAG-00000272,ENTREGUE
3847,366,21.54,BAG-00000273,EXTRAVIADA
2944,559,7.77,BAG-00000274,EXTRAVIADA
1118,566,31.09,BAG-00000275,EXTRAVIADA
3614,847,29.27,BAG-00000276,EXTRAVIADA
4707,923,8.94,BAG-00000277,DESPACHADA
4854,514,24.07,BAG-00000278,EM_TRANSITO
2160,254,2.41,BAG-00000279,EM_TRANSITO
4264,828,27.5,BAG-00000280,ENTREGUE
4677,812,15.53,BAG-00000281,ENTREGUE
2275,3,5.88,BAG-00000282,DESPACHADA
273,922,8.73,BAG-00000283,DESPACHADA
950,841,11.61,BAG-00000284,ENTREGUE
3024,159,2.28,BAG-00000285,EM_TRANSITO
879,884,16.22,BAG-00000286,DESPACHADA
359,932,24.95,BAG-00000287,EXTRAVIADA
1002,107,9.84,BAG-00000288,EXTRAVIADA
4627,240,3.36,BAG-00000289,EXTRAVIADA
4980,235,14.86,BAG-00000290,EXTRAVIADA
4038,800,2.05,BAG-00000291,ENTREGUE
947,1000,20.73,BAG-00000292,EXTRAVIADA
3084,309,8.91,BAG-00000293,DANIFICADA
261,961,4.34,BAG-00000294,EXTRAVIADA
4578,966,13.71,BAG-00000295,EM_TRANSITO
1464,875,8.24,BAG-00000296,EM_TRANSITO
1885,295,7.44,BAG-00000297,DESPACHADA
2774,375,13.41,BAG-00000298,EM_TRANSITO
3697,778,16.22,BAG-00000299,ENTREGUE
2005,298,7.12,BAG-00000300,DESPACHADA
916,374,9.97,BAG-00000301,DESPACHADA
3312,153,16.88,BAG-00000302,DESPACHADA
3086,206,30.22,BAG-00000303,ENTREGUE
926,863,4.99,BAG-00000304,ENTREGUE
549,653,3.29,BAG-00000305,DANIFICADA
3571,336,12.04,BAG-00000306,ENTREGUE
1882,430,10.36,BAG-00000307,EM_TRANSITO
4480,293,8.17,BAG-00000308,EM_TRANSITO
1425,14,27.99,BAG-00000309,DESPACHADA
2497,669,18.42,BAG-00000310,EM_TRANSITO
2625,863,2.51,BAG-00000311,ENTREGUE
2074,652,22.44,BAG-00000312,EXTRAVIADA
1264,125,22.54,BAG-00000313,EXTRAVIADA
2293,498,3.43,BAG-00000314,DESPACHADA
958,304,3.98,BAG-00000315,EXTRAVIADA
1057,424,17.69,BAG-00000316,DESPACHADA
1845,895,2.02,BAG-00000317,DANIFICADA
3564,872,14.33,BAG-00000318,EXTRAVIADA
1059,927,17.8,BAG-00000319,EXTRAVIADA
3697,76,22.72,BAG-00000320,DANIFICADA
1920,946,19.92,BAG-00000321,EM_TRANSITO
750,127,7.73,BAG-00000322,EM_TRANSITO
134,232,17.02,BAG-00000323,DANIFICADA
1742,828,20.38,BAG-00000324,DESPACHADA
2651,461,12.32,BAG-00000325,EM_TRANSITO
3499,767,31.4,BAG-00000326,ENTREGUE
4635,978,2.91,BAG-00000327,EXTRAVIADA
1707,961,2.59,BAG-00000328,DANIFICADA
3131,553,27.34,BAG-00000329,DESPACHADA
560,477,10.37,BAG-00000330,DESPACHADA
4622,976,15.44,BAG-00000331,EM_TRANSITO
178,827,29.5,BAG-00000332,ENTREGUE
386,534,10.03,BAG-00000333,DESPACHADA
844,935,12.9,BAG-00000334,ENTREGUE
1957,94,9.3,BAG-00000335,EM_TRANSITO
2229,968,4.92,BAG-00000336,ENTREGUE
4489,105,5.94,BAG-00000337,DESPACHADA
763,426,14.32,BAG-00000338,DANIFICADA
928,84,2.44,BAG-00000339,ENTREGUE
2366,125,25.38,BAG-00000340,ENTREGUE
807,563,3.28,BAG-00000341,DANIFICADA
846,789,29.5,BAG-00000342,DANIFICADA
130,13,12.63,BAG-00000343,DANIFICADA
4511,260,14.02,BAG-00000344,EM_TRANSITO
880,586,20.84,BAG-00000345,EXTRAVIADA
2463,412,4.8,BAG-00000346,EM_TRANSITO
2527,335,8.33,BAG-00000347,DESPACHADA
990,623,4.29,BAG-00000348,EM_TRANSITO
2075,841,2.3,BAG-00000349,DESPACHADA
1902,29,11.08,BAG-00000350,ENTREGUE
1693,887,17.67,BAG-00000351,EXTRAVIADA
1456,791,8.99,BAG-00000352,DANIFICADA
3641,891,10.62,BAG-00000353,DESPACHADA
1617,789,8.69,BAG-00000354,DANIFICADA
2124,318,12.32,BAG-00000355,DESPACHADA
3570,20,20.8,BAG-00000356,DANIFICADA
945,374,3.24,BAG-00000357,ENTREGUE
4884,624,11.4,BAG-00000358,ENTREGUE
2273,642,4.79,BAG-00000359,ENTREGUE
3067,762,10.96,BAG-00000360,EM_TRANSITO
1157,554,6.07,BAG-00000361,EXTRAVIADA
1723,555,17.79,BAG-00000362,DESPACHADA
1435,811,11.62,BAG-00000363,EM_TRANSITO
4807,738,3.41,BAG-00000364,EM_TRANSITO
1568,85,13.12,BAG-00000365,EM_TRANSITO
3407,394,30.71,BAG-00000366,DANIFICADA
2683,147,12.18,BAG-00000367,DANIFICADA
794,136,24.34,BAG-00000368,EXTRAVIADA
3678,40,18.88,BAG-00000369,DESPACHADA
3360,566,14.33,BAG-00000370,ENTREGUE
4370,716,27.83,BAG-00000371,EM_TRANSITO
1712,672,18.65,BAG-00000372,DANIFICADA
3610,837,8.55,BAG-00000373,EXTRAVIADA
2324,944,6.4,BAG-00000374,EXTRAVIADA
1141,361,8.26,BAG-00000375,DANIFICADA
4249,322,8.8,BAG-00000376,EM_TRANSITO
1797,375,3.03,BAG-00000377,EM_TRANSITO
1304,63,8.01,BAG-00000378,EXTRAVIADA
3150,94,7.32,BAG-00000379,DANIFICADA
3538,204,14.69,BAG-00000380,ENTREGUE
68,706,16.39,BAG-00000381,EM_TRANSITO
1077,239,2.2,BAG-00000382,DANIFICADA
2739,485,5.3,BAG-00000383,DESPACHADA
3101,636,6.5,BAG-00000384,ENTREGUE
1763,728,9.53,BAG-00000385,ENTREGUE
1705,91,6.04,BAG-00000386,DESPACHADA
285,661,2.51,BAG-00000387,EXTRAVIADA
214,264,21.44,BAG-00000388,DESPACHADA
1121,370,20.61,BAG-00000389,EXTRAVIADA
1161,132,19.3,BAG-00000390,DANIFICADA
4463,671,5.29,BAG-00000391,ENTREGUE
2237,35,8.49,BAG-00000392,ENTREGUE
4237,89,17.85,BAG-00000393,EM_TRANSITO
4294,281,5.27,BAG-00000394,EXTRAVIADA
3414,893,11.79,BAG-00000395,DANIFICADA
4221,779,3.3,BAG-00000396,ENTREGUE
3245,22,10.59,BAG-00000397,EM_TRANSITO
573,688,4.58,BAG-00000398,DESPACHADA
1169,638,11.25,BAG-00000399,ENTREGUE
3083,506,10.31,BAG-00000400,EM_TRANSITO
3614,926,12.27,BAG-00000401,DESPACHADA
4842,606,28.73,BAG-00000402,DESPACHADA
1282,181,16.43,BAG-00000403,DANIFICADA
1259,818,18.05,BAG-00000404,EM_TRANSITO
3787,786,21.06,BAG-00000405,EXTRAVIADA
838,913,13.47,BAG-00000406,DESPACHADA
1751,589,2.15,BAG-00000407,EM_TRANSITO
2354,905,12.2,BAG-00000408,EM_TRANSITO
3055,342,9.19,BAG-00000409,EXTRAVIADA
1097,511,11.62,BAG-00000410,EXTRAVIADA
270,1000,26.6,BAG-00000411,EXTRAVIADA
1595,806,2.45,BAG-00000412,DESPACHADA
2504,255,10.33,BAG-00000413,EXTRAVIADA
1024,742,8.92,BAG-00000414,EXTRAVIADA
3039,475,2.95,BAG-00000415,EXTRAVIADA
3029,402,4.82,BAG-00000416,EXTRAVIADA
4089,219,2.92,BAG-00000417,DANIFICADA
2134,718,22.05,BAG-00000418,ENTREGUE
3524,894,22.2,BAG-00000419,ENTREGUE
3328,202,8.47,BAG-00000420,EM_TRANSITO
3747,227,21.12,BAG-00000421,EM_TRANSITO
1473,127,9.85,BAG-00000422,EM_TRANSITO
1939,587,15.41,BAG-00000423,DANIFICADA
3316,108,19.3,BAG-00000424,EM_TRANSITO
4061,989,21.17,BAG-00000425,EM_TRANSITO
1171,939,3.3,BAG-00000426,EM_TRANSITO
3971,826,9.83,BAG-00000427,DESPACHADA
1119,454,2.48,BAG-00000428,ENTREGUE
2450,835,3.33,BAG-00000429,DANIFICADA
1236,445,5.0,BAG-00000430,DANIFICADA
1945,384,17.76,BAG-00000431,EM_TRANSITO
3708,458,8.34,BAG-00000432,EXTRAVIADA
497,871,16.53,BAG-00000433,DESPACHADA
4313,828,22.07,BAG-00000434,EXTRAVIADA
594,102,10.47,BAG-00000435,DANIFICADA
3076,1000,10.37,BAG-00000436,DESPACHADA
1123,774,6.35,BAG-00000437,EM_TRANSITO
1836,111,11.04,BAG-00000438,EM_TRANSITO
2098,942,5.91,BAG-00000439,EM_TRANSITO
1526,493,25.9,BAG-00000440,DANIFICADA
1959,203,2.28,BAG-00000441,EXTRAVIADA
1118,205,19.48,BAG-00000442,DANIFICADA
1079,232,6.29,BAG-00000443,EM_TRANSITO
4511,104,7.69,BAG-00000444,ENTREGUE
3152,903,11.61,BAG-00000445,EXTRAVIADA
1612,112,26.51,BAG-00000446,ENTREGUE
4733,401,8.98,BAG-00000447,DANIFICADA
2984,979,7.58,BAG-00000448,DESPACHADA
2068,762,3.38,BAG-00000449,EXTRAVIADA
191,163,8.61,BAG-00000450,EM_TRANSITO
635,659,6.08,BAG-00000451,EM_TRANSITO
3702,513,10.95,BAG-00000452,DESPACHADA
580,592,14.32,BAG-00000453,DESPACHADA
1455,66,15.22,BAG-00000454,DANIFICADA
1933,119,3.98,BAG-00000455,ENTREGUE
3828,743,10.19,BAG-00000456,EXTRAVIADA
4067,634,14.74,BAG-00000457,DANIFICADA
4817,988,17.49,BAG-00000458,ENTREGUE
1661,131,16.02,BAG-00000459,EXTRAVIADA
4976,10,4.75,BAG-00000460,ENTREGUE
3570,37,5.79,BAG-00000461,ENTREGUE
1173,255,6.36,BAG-00000462,EM_TRANSITO
926,77,15.4,BAG-00000463,DANIFICADA
2809,341,5.07,BAG-00000464,EM_TRANSITO
925,944,11.55,BAG-00000465,ENTREGUE
4744,112,17.33,BAG-00000466,EXTRAVIADA
4035,256,24.05,BAG-00000467,EXTRAVIADA
2367,980,6.74,BAG-00000468,EM_TRANSITO
2614,163,8.92,BAG-00000469,ENTREGUE
4911,584,4.88,BAG-00000470,ENTREGUE
4414,683,14.9,BAG-00000471,DANIFICADA
8,320,9.02,BAG-00000472,ENTREGUE
4191,980,19.3,BAG-00000473,DANIFICADA
2207,993,12.32,BAG-00000474,EXTRAVIADA
218,179,2.2,BAG-00000475,ENTREGUE
2406,3,8.25,BAG-00000476,EXTRAVIADA
2623,919,3.01,BAG-00000477,EM_TRANSITO
122,961,7.35,BAG-00000478,EM_TRANSITO
4410,429,2.46,BAG-00000479,DESPACHADA
1455,699,7.61,BAG-00000480,DESPACHADA
4755,870,2.86,BAG-00000481,EM_TRANSITO
761,549,16.85,BAG-00000482,DANIFICADA
1604,77,12.14,BAG-00000483,DESPACHADA
122,913,24.68,BAG-00000484,ENTREGUE
2353,355,3.71,BAG-00000485,ENTREGUE
3372,731,6.84,BAG-00000486,DANIFICADA
2895,443,8.19,BAG-00000487,DANIFICADA
4547,694,7.54,BAG-00000488,EM_TRANSITO
3825,906,3.47,BAG-00000489,DANIFICADA
4655,507,9.49,BAG-00000490,EM_TRANSITO
2788,814,12.1,BAG-00000491,EXTRAVIADA
1666,702,2.38,BAG-00000492,DESPACHADA
3876,310,8.95,BAG-00000493,EXTRAVIADA
2353,11,13.36,BAG-00000494,DANIFICADA
1288,473,13.75,BAG-00000495,EM_TRANSITO
4878,212,20.48,BAG-00000496,DESPACHADA
249,697,14.43,BAG-00000497,DESPACHADA
279,285,11.04,BAG-00000498,ENTREGUE
4465,5,7.34,BAG-00000499,DESPACHADA
296,866,2.9,BAG-00000500,DANIFICADA
1963,592,24.46,BAG-00000501,EM_TRANSITO
4611,191,22.77,BAG-00000502,DANIFICADA
2838,810,2.37,BAG-00000503,EM_TRANSITO
1501,844,15.12,BAG-00000504,EM_TRANSITO
1712,682,7.86,BAG-00000505,ENTREGUE
1568,736,2.57,BAG-00000506,EXTRAVIADA
919,789,22.96,BAG-00000507,EM_TRANSITO
4013,635,12.26,BAG-00000508,EM_TRANSITO
2199,682,4.52,BAG-00000509,EM_TRANSITO
700,300,26.03,BAG-00000510,ENTREGUE
390,778,14.28,BAG-00000511,EM_TRANSITO
2141,384,7.28,BAG-00000512,EM_TRANSITO
3392,903,7.53,BAG-00000513,EM_TRANSITO
243,790,4.34,BAG-00000514,EXTRAVIADA
4401,347,15.91,BAG-00000515,DESPACHADA
3481,335,16.51,BAG-00000516,DESPACHADA
3023,532,9.28,BAG-00000517,EXTRAVIADA
2203,555,8.53,BAG-00000518,DESPACHADA
2649,224,11.63,BAG-00000519,DANIFICADA
1315,100,30.78,BAG-00000520,EM_TRANSITO
3154,957,16.88,BAG-00000521,DANIFICADA
4934,859,3.51,BAG-00000522,ENTREGUE
3010,368,16.73,BAG-00000523,DANIFICADA
673,354,23.65,BAG-00000524,DESPACHADA
2832,150,3.81,BAG-00000525,ENTREGUE
192,384,8.4,BAG-00000526,EXTRAVIADA
2075,817,2.42,BAG-00000527,EXTRAVIADA
3059,303,11.46,BAG-00000528,EM_TRANSITO
1796,520,15.29,BAG-00000529,ENTREGUE
1317,717,10.32,BAG-00000530,DANIFICADA
3527,1,2.21,BAG-00000531,DESPACHADA
1770,922,9.89,BAG-00000532,DANIFICADA
3944,916,5.54,BAG-00000533,ENTREGUE
4270,778,10.34,BAG-00000534,DESPACHADA
3125,20,5.97,BAG-00000535,ENTREGUE
990,321,9.99,BAG-00000536,DANIFICADA
4681,227,22.86,BAG-00000537,DANIFICADA
4174,493,27.35,BAG-00000538,DESPACHADA
2741,567,15.81,BAG-00000539,EM_TRANSITO
4070,324,15.58,BAG-00000540,ENTREGUE
4310,78,2.23,BAG-00000541,DESPACHADA
4403,927,8.33,BAG-00000542,ENTREGUE
1801,83,7.67,BAG-00000543,DANIFICADA
1424,754,5.9,BAG-00000544,EXTRAVIADA
1691,310,10.07,BAG-00000545,DANIFICADA
1504,894,10.88,BAG-00000546,EXTRAVIADA
3712,729,2.84,BAG-00000547,DESPACHADA
1043,370,19.76,BAG-00000548,EXTRAVIADA
3578,798,21.44,BAG-00000549,DANIFICADA
2553,620,25.11,BAG-00000550,ENTREGUE
4812,177,2.07,BAG-00000551,DANIFICADA
2464,756,25.64,BAG-00000552,EXTRAVIADA
3479,437,17.46,BAG-00000553,ENTREGUE
4039,914,15.83,BAG-00000554,ENTREGUE
4570,682,8.64,BAG-00000555,ENTREGUE
3068,300,14.75,BAG-00000556,EM_TRANSITO
571,981,14.78,BAG-00000557,DANIFICADA
19,489,23.6,BAG-00000558,EM_TRANSITO
3725,325,8.6,BAG-00000559,EXTRAVIADA
4863,73,28.49,BAG-00000560,DESPACHADA
4243,999,2.5,BAG-00000561,EXTRAVIADA
234,715,3.06,BAG-00000562,DESPACHADA
4233,618,4.21,BAG-00000563,EM_TRANSITO
4710,999,4.48,BAG-00000564,DANIFICADA
3562,799,3.14,BAG-00000565,EXTRAVIADA
4588,340,6.26,BAG-00000566,DESPACHADA
3477,400,18.34,BAG-00000567,EM_TRANSITO
2000,412,29.71,BAG-00000568,DANIFICADA
1340,645,30.24,BAG-00000569,ENTREGUE
461,205,26.78,BAG-00000570,DANIFICADA
184,87,4.95,BAG-00000571,ENTREGUE
484,109,6.35,BAG-00000572,DANIFICADA
2895,822,2.25,BAG-00000573,ENTREGUE
2703,413,8.67,BAG-00000574,EXTRAVIADA
1429,754,12.77,BAG-00000575,DANIFICADA
4175,190,3.4,BAG-00000576,ENTREGUE
2458,201,14.74,BAG-00000577,EM_TRANSITO
3412,86,12.26,BAG-00000578,DESPACHADA
4512,563,8.06,BAG-00000579,EM_TRANSITO
203,576,24.33,BAG-00000580,DESPACHADA
1156,63,4.84,BAG-00000581,DANIFICADA
3330,255,8.01,BAG-00000582,DANIFICADA
1729,902,12.58,BAG-00000583,ENTREGUE
3791,410,14.59,BAG-00000584,ENTREGUE
2419,95,9.2,BAG-00000585,DANIFICADA
3142,329,8.07,BAG-00000586,EM_TRANSITO
3048,730,19.28,BAG-00000587,DESPACHADA
2445,320,12.12,BAG-00000588,EXTRAVIADA
2847,566,27.49,BAG-00000589,EXTRAVIADA
3115,906,13.65,BAG-00000590,EM_TRANSITO
599,925,21.0,BAG-00000591,DESPACHADA
2201,713,22.7,BAG-00000592,EXTRAVIADA
459,205,4.13,BAG-00000593,DANIFICADA
1775,409,7.99,BAG-00000594,DANIFICADA
4503,907,18.18,BAG-00000595,EM_TRANSITO
806,438,3.44,BAG-00000596,EM_TRANSITO
2273,437,9.55,BAG-00000597,EXTRAVIADA
4757,444,13.94,BAG-00000598,ENTREGUE
4355,546,11.43,BAG-00000599,DESPACHADA
4309,996,14.1,BAG-00000600,EXTRAVIADA
1649,304,10.58,BAG-00000601,EXTRAVIADA
1989,920,8.05,BAG-00000602,ENTREGUE
4529,186,12.83,BAG-00000603,DESPACHADA
545,55,13.22,BAG-00000604,EXTRAVIADA
1556,511,2.01,BAG-00000605,DESPACHADA
2736,342,3.11,BAG-00000606,EM_TRANSITO
2330,285,12.79,BAG-00000607,DANIFICADA
3065,297,4.14,BAG-00000608,EM_TRANSITO
2504,310,14.91,BAG-00000609,EXTRAVIADA
873,639,13.31,BAG-00000610,DANIFICADA
1448,133,12.28,BAG-00000611,ENTREGUE
504,312,15.14,BAG-00000612,DANIFICADA
2093,142,14.37,BAG-00000613,DANIFICADA
318,643,15.68,BAG-00000614,EXTRAVIADA
364,179,11.38,BAG-00000615,EXTRAVIADA
2908,323,4.8,BAG-00000616,DANIFICADA
1126,688,5.38,BAG-00000617,EM_TRANSITO
442,626,17.21,BAG-00000618,ENTREGUE
2239,837,16.58,BAG-00000619,EXTRAVIADA
1275,496,30.03,BAG-00000620,EM_TRANSITO
4735,975,11.3,BAG-00000621,DESPACHADA
1355,477,2.65,BAG-00000622,ENTREGUE
3690,81,6.11,BAG-00000623,EXTRAVIADA
2826,824,8.14,BAG-00000624,EM_TRANSITO
1044,826,9.43,BAG-00000625,DESPACHADA
741,487,30.45,BAG-00000626,DANIFICADA
3380,480,20.54,BAG-00000627,DANIFICADA
1602,177,7.51,BAG-00000628,EXTRAVIADA
3516,292,3.29,BAG-00000629,EM_TRANSITO
1703,777,12.98,BAG-00000630,DANIFICADA
4732,819,2.8,BAG-00000631,EM_TRANSITO
2752,767,20.84,BAG-00000632,ENTREGUE
1428,556,14.52,BAG-00000633,DESPACHADA
1886,26,11.24,BAG-00000634,EM_TRANSITO
2430,462,14.68,BAG-00000635,ENTREGUE
4395,299,3.24,BAG-00000636,DANIFICADA
2597,342,4.22,BAG-00000637,EM_TRANSITO
52,439,8.13,BAG-00000638,EM_TRANSITO
1390,562,7.56,BAG-00000639,ENTREGUE
2101,961,5.85,BAG-00000640,ENTREGUE
1557,754,6.2,BAG-00000641,DANIFICADA
4480,366,19.38,BAG-00000642,ENTREGUE
3265,600,31.18,BAG-00000643,DESPACHADA
2585,129,18.28,BAG-00000644,ENTREGUE
216,253,11.74,BAG-00000645,DESPACHADA
1326,725,16.81,BAG-00000646,DANIFICADA
4308,980,19.27,BAG-00000647,EXTRAVIADA
2200,290,16.44,BAG-00000648,ENTREGUE
2576,158,10.75,BAG-00000649,DESPACHADA
1983,295,4.4,BAG-00000650,DANIFICADA
4404,895,5.92,BAG-00000651,EXTRAVIADA
3374,823,12.81,BAG-00000652,DANIFICADA
4674,323,5.46,BAG-00000653,DESPACHADA
4827,595,9.25,BAG-00000654,EM_TRANSITO
1999,397,10.11,BAG-00000655,EM_TRANSITO
1387,719,3.7,BAG-00000656,ENTREGUE
2477,71,16.83,BAG-00000657,DANIFICADA
4428,407,23.56,BAG-00000658,ENTREGUE
3968,210,8.08,BAG-00000659,EXTRAVIADA
1965,654,4.9,BAG-00000660,DANIFICADA
1338,114,25.66,BAG-00000661,EXTRAVIADA
3295,946,31.93,BAG-00000662,DESPACHADA
4256,296,26.74,BAG-00000663,EXTRAVIADA
4708,110,7.73,BAG-00000664,EM_TRANSITO
1904,854,24.67,BAG-00000665,DESPACHADA
751,451,3.46,BAG-00000666,ENTREGUE
3852,808,16.57,BAG-00000667,ENTREGUE
437,379,10.84,BAG-00000668,DANIFICADA
717,94,31.79,BAG-00000669,DESPACHADA
1858,933,8.03,BAG-00000670,ENTREGUE
459,754,28.71,BAG-00000671,EM_TRANSITO
56,482,12.94,BAG-00000672,EXTRAVIADA
1575,341,6.04,BAG-00000673,EXTRAVIADA
3494,55,9.41,BAG-00000674,ENTREGUE
3992,953,10.56,BAG-00000675,DESPACHADA
4688,921,10.0,BAG-00000676,DANIFICADA
1727,889,25.43,BAG-00000677,DANIFICADA
4059,555,17.43,BAG-00000678,EXTRAVIADA
412,911,4.54,BAG-00000679,EXTRAVIADA
4038,562,7.97,BAG-00000680,EXTRAVIADA
585,519,8.1,BAG-00000681,EM_TRANSITO
4821,301,10.92,BAG-00000682,DESPACHADA
15,686,8.94,BAG-00000683,EXTRAVIADA
1166,486,22.43,BAG-00000684,DANIFICADA
1489,209,24.09,BAG-00000685,ENTREGUE
3936,550,6.83,BAG-00000686,EM_TRANSITO
2192,417,5.48,BAG-00000687,DESPACHADA
1626,633,14.51,BAG-00000688,EXTRAVIADA
766,152,30.37,BAG-00000689,EXTRAVIADA
4778,740,2.75,BAG-00000690,DANIFICADA
2518,86,8.38,BAG-00000691,EXTRAVIADA
1247,303,9.2,BAG-00000692,ENTREGUE
3661,731,10.26,BAG-00000693,EM_TRANSITO
4805,161,6.09,BAG-00000694,DESPACHADA
3543,738,19.54,BAG-00000695,DANIFICADA
190,526,20.09,BAG-00000696,DESPACHADA
2130,831,10.2,BAG-00000697,ENTREGUE
3964,519,2.47,BAG-00000698,EXTRAVIADA
1226,178,15.99,BAG-00000699,DANIFICADA
1317,719,7.69,BAG-00000700,EXTRAVIADA
1012,105,8.62,BAG-00000701,EXTRAVIADA
3361,911,14.41,BAG-00000702,DANIFICADA
4616,156,3.03,BAG-00000703,DANIFICADA
30,730,11.17,BAG-00000704,EXTRAVIADA
3640,778,17.46,BAG-00000705,DANIFICADA
3773,358,6.52,BAG-00000706,EM_TRANSITO
218,269,18.9,BAG-00000707,EM_TRANSITO
1356,574,20.05,BAG-00000708,ENTREGUE
1309,736,27.01,BAG-00000709,EXTRAVIADA
2706,686,22.93,BAG-00000710,EXTRAVIADA
1422,443,3.29,BAG-00000711,EXTRAVIADA
2114,898,9.35,BAG-00000712,EM_TRANSITO
925,383,17.17,BAG-00000713,DANIFICADA
3058,939,4.05,BAG-00000714,EM_TRANSITO
3478,729,9.33,BAG-00000715,DESPACHADA
1551,565,15.78,BAG-00000716,EXTRAVIADA
4045,483,11.07,BAG-00000717,ENTREGUE
2820,947,16.79,BAG-00000718,ENTREGUE
929,96,15.07,BAG-00000719,ENTREGUE
2139,404,12.92,BAG-00000720,EXTRAVIADA
4178,405,22.19,BAG-00000721,ENTREGUE
4443,1,6.73,BAG-00000722,EXTRAVIADA
1125,439,11.82,BAG-00000723,DANIFICADA
2155,739,4.7,BAG-00000724,DESPACHADA
1558,597,13.49,BAG-00000725,DANIFICADA
1191,803,11.11,BAG-00000726,DANIFICADA
4909,993,15.02,BAG-00000727,DESPACHADA
1252,205,14.49,BAG-00000728,DESPACHADA
2354,850,7.73,BAG-00000729,DESPACHADA
2187,430,2.11,BAG-00000730,DANIFICADA
3586,393,9.66,BAG-00000731,ENTREGUE
2152,824,22.04,BAG-00000732,DESPACHADA
4697,957,4.18,BAG-00000733,ENTREGUE
4800,758,21.7,BAG-00000734,DESPACHADA
3386,761,3.5,BAG-00000735,ENTREGUE
2303,867,14.79,BAG-00000736,EXTRAVIADA
1019,496,8.83,BAG-00000737,EXTRAVIADA
2290,676,27.08,BAG-00000738,EXTRAVIADA
1828,375,6.71,BAG-00000739,EM_TRANSITO
2358,499,3.02,BAG-00000740,DESPACHADA
1993,680,28.84,BAG-00000741,EXTRAVIADA
437,258,9.44,BAG-00000742,ENTREGUE
1558,677,7.33,BAG-00000743,DANIFICADA
2393,421,5.2,BAG-00000744,DANIFICADA
4704,31,19.45,BAG-00000745,DESPACHADA
2382,329,12.04,BAG-00000746,DESPACHADA
4028,526,10.67,BAG-00000747,EXTRAVIADA
2582,899,4.35,BAG-00000748,ENTREGUE
4310,513,8.93,BAG-00000749,ENTREGUE
234,285,23.34,BAG-00000750,DANIFICADA
4538,247,11.82,BAG-00000751,EM_TRANSITO
3284,744,9.82,BAG-00000752,ENTREGUE
44,80,6.68,BAG-00000753,EXTRAVIADA
3723,480,3.24,BAG-00000754,EM_TRANSITO
544,966,12.16,BAG-00000755,DANIFICADA
2107,203,3.36,BAG-00000756,EM_TRANSITO
2515,40,24.89,BAG-00000757,DANIFICADA
4355,308,8.12,BAG-00000758,DESPACHADA
2434,785,4.54,BAG-00000759,ENTREGUE
2542,353,17.96,BAG-00000760,DESPACHADA
1486,113,11.53,BAG-00000761,ENTREGUE
1664,816,2.74,BAG-00000762,DANIFICADA
795,236,5.43,BAG-00000763,ENTREGUE
1630,746,14.11,BAG-00000764,DANIFICADA
3494,736,27.26,BAG-00000765,EXTRAVIADA
1997,491,4.37,BAG-00000766,ENTREGUE
2077,235,3.81,BAG-00000767,DANIFICADA
3860,381,10.06,BAG-00000768,EM_TRANSITO
2386,733,18.83,BAG-00000769,ENTREGUE
1714,302,10.82,BAG-00000770,ENTREGUE
3349,451,25.33,BAG-00000771,DANIFICADA
289,149,14.85,BAG-00000772,EXTRAVIADA
3527,131,11.15,BAG-00000773,DANIFICADA
4468,267,9.42,BAG-00000774,EXTRAVIADA
4345,131,20.6,BAG-00000775,EXTRAVIADA
3478,125,20.23,BAG-00000776,DESPACHADA
4925,132,9.57,BAG-00000777,DESPACHADA
1276,238,14.07,BAG-00000778,DESPACHADA
3425,121,10.67,BAG-00000779,DANIFICADA
3486,683,10.99,BAG-00000780,EM_TRANSITO
3116,203,7.0,BAG-00000781,ENTREGUE
3676,713,24.89,BAG-00000782,DANIFICADA
2597,205,9.6,BAG-00000783,DESPACHADA
3437,617,21.51,BAG-00000784,DESPACHADA
927,815,4.45,BAG-00000785,EM_TRANSITO
1382,342,2.48,BAG-00000786,DANIFICADA
3120,256,15.18,BAG-00000787,EM_TRANSITO
581,285,12.66,BAG-00000788,EXTRAVIADA
1810,910,5.69,BAG-00000789,EM_TRANSITO
3850,670,9.51,BAG-00000790,DANIFICADA
1401,374,17.49,BAG-00000791,ENTREGUE
2161,160,9.09,BAG-00000792,DESPACHADA
686,432,8.21,BAG-00000793,DANIFICADA
771,923,13.21,BAG-00000794,ENTREGUE
1684,17,3.96,BAG-00000795,DANIFICADA
1036,461,11.53,BAG-00000796,EXTRAVIADA
3309,65,14.43,BAG-00000797,EXTRAVIADA
761,416,16.07,BAG-00000798,DANIFICADA
207,359,10.12,BAG-00000799,DANIFICADA
4193,467,4.09,BAG-00000800,ENTREGUE
3702,698,22.25,BAG-00000801,DANIFICADA
273,913,14.67,BAG-00000802,EM_TRANSITO
3109,319,2.95,BAG-00000803,DESPACHADA
2512,647,22.07,BAG-00000804,DESPACHADA
1863,709,23.41,BAG-00000805,EXTRAVIADA
1239,428,16.46,BAG-00000806,EXTRAVIADA
64,550,2.21,BAG-00000807,DANIFICADA
1392,482,6.77,BAG-00000808,EXTRAVIADA
4973,375,13.68,BAG-00000809,DESPACHADA
3880,419,4.98,BAG-00000810,DANIFICADA
4452,754,16.11,BAG-00000811,DESPACHADA
3125,33,12.27,BAG-00000812,EM_TRANSITO
4542,424,5.15,BAG-00000813,ENTREGUE
4435,999,3.09,BAG-00000814,ENTREGUE
502,205,8.03,BAG-00000815,DANIFICADA
392,447,3.92,BAG-00000816,EM_TRANSITO
4067,343,6.68,BAG-00000817,ENTREGUE
1287,119,7.63,BAG-00000818,ENTREGUE
1881,289,5.69,BAG-00000819,DANIFICADA
4079,788,2.07,BAG-00000820,EXTRAVIADA
2111,787,3.02,BAG-00000821,ENTREGUE
464,149,4.18,BAG-00000822,ENTREGUE
686,36,16.75,BAG-00000823,EXTRAVIADA
2785,235,18.18,BAG-00000824,EM_TRANSITO
3408,208,20.55,BAG-00000825,EXTRAVIADA
2158,406,22.07,BAG-00000826,EM_TRANSITO
2298,419,5.45,BAG-00000827,EM_TRANSITO
3005,388,16.69,BAG-00000828,DANIFICADA
4947,650,2.0,BAG-00000829,ENTREGUE
1814,428,12.62,BAG-00000830,DANIFICADA
1749,702,6.52,BAG-00000831,EM_TRANSITO
3343,72,3.77,BAG-00000832,ENTREGUE
4509,498,3.92,BAG-00000833,EM_TRANSITO
2362,217,3.55,BAG-00000834,DESPACHADA
1086,339,5.12,BAG-00000835,ENTREGUE
1721,591,6.77,BAG-00000836,DESPACHADA
2110,569,21.65,BAG-00000837,ENTREGUE
468,468,20.85,BAG-00000838,DANIFICADA
4762,518,4.08,BAG-00000839,DESPACHADA
2060,222,10.83,BAG-00000840,DESPACHADA
4263,47,17.17,BAG-00000841,EM_TRANSITO
3028,189,8.5,BAG-00000842,EM_TRANSITO
4308,176,23.58,BAG-00000843,EXTRAVIADA
2865,21,2.42,BAG-00000844,EXTRAVIADA
1913,323,12.64,BAG-00000845,DANIFICADA
1859,614,22.85,BAG-00000846,ENTREGUE
1138,514,8.34,BAG-00000847,ENTREGUE
855,793,21.73,BAG-00000848,ENTREGUE
1329,962,11.34,BAG-00000849,DANIFICADA
2918,330,10.32,BAG-00000850,EXTRAVIADA
3528,725,11.57,BAG-00000851,EXTRAVIADA
964,61,7.64,BAG-00000852,ENTREGUE
294,704,2.82,BAG-00000853,EM_TRANSITO
2649,150,8.09,BAG-00000854,ENTREGUE
2488,53,10.57,BAG-00000855,DANIFICADA
974,583,10.41,BAG-00000856,DESPACHADA
2674,603,11.45,BAG-00000857,ENTREGUE
117,440,2.76,BAG-00000858,DESPACHADA
1121,138,15.78,BAG-00000859,ENTREGUE
2451,278,17.64,BAG-00000860,EM_TRANSITO
766,99,2.62,BAG-00000861,ENTREGUE
4408,580,14.83,BAG-00000862,EM_TRANSITO
3190,792,2.23,BAG-00000863,ENTREGUE
2949,228,28.88,BAG-00000864,DESPACHADA
3329,386,5.47,BAG-00000865,EM_TRANSITO
4657,337,19.34,BAG-00000866,EXTRAVIADA
324,845,21.72,BAG-00000867,ENTREGUE
3866,216,7.26,BAG-00000868,DANIFICADA
2216,709,8.67,BAG-00000869,DANIFICADA
2586,128,20.49,BAG-00000870,ENTREGUE
3506,588,16.35,BAG-00000871,EM_TRANSITO
778,447,21.25,BAG-00000872,EXTRAVIADA
3442,502,10.3,BAG-00000873,EXTRAVIADA
375,922,4.38,BAG-00000874,EM_TRANSITO
1753,271,4.46,BAG-00000875,EXTRAVIADA
1733,381,9.19,BAG-00000876,ENTREGUE
61,707,6.47,BAG-00000877,DANIFICADA
1054,453,6.14,BAG-00000878,DANIFICADA
1916,133,5.14,BAG-00000879,DANIFICADA
1035,893,22.52,BAG-00000880,EXTRAVIADA
3396,292,14.32,BAG-00000881,ENTREGUE
4670,74,27.3,BAG-00000882,DANIFICADA
1389,564,13.42,BAG-00000883,DESPACHADA
890,306,25.62,BAG-00000884,EM_TRANSITO
4248,815,9.77,BAG-00000885,DESPACHADA
1206,399,4.94,BAG-00000886,ENTREGUE
560,591,16.24,BAG-00000887,EM_TRANSITO
375,140,29.73,BAG-00000888,EM_TRANSITO
4541,923,15.56,BAG-00000889,DESPACHADA
2355,933,24.76,BAG-00000890,ENTREGUE
3597,951,14.44,BAG-00000891,EM_TRANSITO
1640,743,4.79,BAG-00000892,EXTRAVIADA
3064,785,2.62,BAG-00000893,DANIFICADA
4285,97,20.88,BAG-00000894,EM_TRANSITO
985,891,7.59,BAG-00000895,ENTREGUE
372,398,10.1,BAG-00000896,DESPACHADA
3489,106,15.03,BAG-00000897,DESPACHADA
1698,900,12.89,BAG-00000898,DESPACHADA
3927,801,9.51,BAG-00000899,EXTRAVIADA
2973,349,25.92,BAG-00000900,EM_TRANSITO
165,330,10.42,BAG-00000901,ENTREGUE
4161,445,13.06,BAG-00000902,DANIFICADA
403,156,26.81,BAG-00000903,EM_TRANSITO
2518,793,5.62,BAG-00000904,DANIFICADA
3985,740,5.94,BAG-00000905,EXTRAVIADA
1690,442,10.23,BAG-00000906,DANIFICADA
1368,857,15.9,BAG-00000907,ENTREGUE
1559,71,16.66,BAG-00000908,DESPACHADA
1209,610,11.85,BAG-00000909,DANIFICADA
3612,77,7.77,BAG-00000910,DESPACHADA
1838,354,18.09,BAG-00000911,EXTRAVIADA
4780,115,14.71,BAG-00000912,EM_TRANSITO
3431,99,3.22,BAG-00000913,EXTRAVIADA
1101,815,8.31,BAG-00000914,EM_TRANSITO
2616,964,12.21,BAG-00000915,DESPACHADA
2493,3,7.17,BAG-00000916,EXTRAVIADA
3075,744,4.82,BAG-00000917,EM_TRANSITO
687,130,18.05,BAG-00000918,EM_TRANSITO
3083,558,19.21,BAG-00000919,ENTREGUE
355,622,11.37,BAG-00000920,ENTREGUE
850,884,16.53,BAG-00000921,EXTRAVIADA
2323,568,15.57,BAG-00000922,EM_TRANSITO
4834,102,14.02,BAG-00000923,DANIFICADA
3180,732,4.59,BAG-00000924,DANIFICADA
3166,577,17.97,BAG-00000925,EM_TRANSITO
2883,924,19.27,BAG-00000926,EXTRAVIADA
4217,867,10.41,BAG-00000927,EXTRAVIADA
1886,101,11.13,BAG-00000928,ENTREGUE
1512,86,12.68,BAG-00000929,DANIFICADA
4442,871,6.0,BAG-00000930,DESPACHADA
11,852,17.66,BAG-00000931,EM_TRANSITO
4095,54,2.21,BAG-00000932,EXTRAVIADA
4110,885,16.25,BAG-00000933,EM_TRANSITO
4125,954,9.62,BAG-00000934,ENTREGUE
367,289,19.82,BAG-00000935,ENTREGUE
4343,173,20.59,BAG-00000936,DANIFICADA
151,641,10.06,BAG-00000937,ENTREGUE
3785,756,13.94,BAG-00000938,EM_TRANSITO
3486,788,8.68,BAG-00000939,DESPACHADA
2933,730,8.24,BAG-00000940,EM_TRANSITO
2901,979,4.58,BAG-00000941,DESPACHADA
1276,627,10.83,BAG-00000942,DANIFICADA
1224,960,5.93,BAG-00000943,EM_TRANSITO
1068,844,11.38,BAG-00000944,EXTRAVIADA
2851,342,8.29,BAG-00000945,EM_TRANSITO
4441,751,17.34,BAG-00000946,EM_TRANSITO
1145,95,5.14,BAG-00000947,ENTREGUE
2580,311,16.31,BAG-00000948,EM_TRANSITO
2884,409,15.87,BAG-00000949,EXTRAVIADA
4944,99,4.03,BAG-00000950,EXTRAVIADA
3178,329,15.7,BAG-00000951,DANIFICADA
2776,540,5.32,BAG-00000952,EM_TRANSITO
2771,131,14.05,BAG-00000953,EM_TRANSITO
3956,957,16.62,BAG-00000954,ENTREGUE
1362,477,6.54,BAG-00000955,EM_TRANSITO
2904,143,12.48,BAG-00000956,EXTRAVIADA
3766,589,21.02,BAG-00000957,DESPACHADA
4565,403,7.79,BAG-00000958,DANIFICADA
323,653,13.21,BAG-00000959,EM_TRANSITO
3847,136,27.86,BAG-00000960,DESPACHADA
3877,608,27.28,BAG-00000961,EM_TRANSITO
944,256,27.89,BAG-00000962,EXTRAVIADA
967,35,7.5,BAG-00000963,DANIFICADA
2658,660,12.87,BAG-00000964,DESPACHADA
4793,89,30.19,BAG-00000965,ENTREGUE
2498,581,3.84,BAG-00000966,ENTREGUE
4236,313,28.83,BAG-00000967,DANIFICADA
4180,770,10.09,BAG-00000968,DANIFICADA
2122,456,12.83,BAG-00000969,ENTREGUE
3545,883,5.67,BAG-00000970,EM_TRANSITO
2353,302,12.7,BAG-00000971,EM_TRANSITO
3001,861,4.38,BAG-00000972,ENTREGUE
826,692,13.56,BAG-00000973,DESPACHADA
4633,766,4.5,BAG-00000974,EXTRAVIADA
2813,675,11.5,BAG-00000975,DESPACHADA
3533,553,20.16,BAG-00000976,DESPACHADA
2951,731,10.88,BAG-00000977,EXTRAVIADA
356,83,10.47,BAG-00000978,ENTREGUE
3000,1000,5.38,BAG-00000979,EM_TRANSITO
842,978,8.84,BAG-00000980,EM_TRANSITO
1321,998,17.56,BAG-00000981,DANIFICADA
4750,897,9.95,BAG-00000982,EM_TRANSITO
1682,197,5.54,BAG-00000983,EM_TRANSITO
4306,286,7.56,BAG-00000984,EM_TRANSITO
961,118,11.7,BAG-00000985,ENTREGUE
862,526,10.93,BAG-00000986,EXTRAVIADA
899,940,15.08,BAG-00000987,EXTRAVIADA
1219,166,14.53,BAG-00000988,ENTREGUE
996,740,29.35,BAG-00000989,ENTREGUE
2527,318,12.38,BAG-00000990,DESPACHADA
4327,503,4.57,BAG-00000991,ENTREGUE
3115,781,17.06,BAG-00000992,DESPACHADA
347,289,25.86,BAG-00000993,DESPACHADA
1874,787,7.96,BAG-00000994,ENTREGUE
1510,365,8.52,BAG-00000995,ENTREGUE
4538,997,13.3,BAG-00000996,DESPACHADA
2014,631,22.33,BAG-00000997,ENTREGUE
3477,404,20.06,BAG-00000998,DESPACHADA
428,116,13.61,BAG-00000999,DESPACHADA
4248,900,20.36,BAG-00001000,DANIFICADA
2869,449,9.0,BAG-00001001,DESPACHADA
4780,734,7.3,BAG-00001002,DESPACHADA
1978,221,9.41,BAG-00001003,DESPACHADA
3787,96,18.13,BAG-00001004,ENTREGUE
424,945,29.76,BAG-00001005,DESPACHADA
3639,323,5.67,BAG-00001006,EXTRAVIADA
1815,173,3.78,BAG-00001007,ENTREGUE
443,728,14.18,BAG-00001008,EM_TRANSITO
2212,970,11.51,BAG-00001009,DESPACHADA
1487,115,4.25,BAG-00001010,ENTREGUE
1983,273,14.32,BAG-00001011,DESPACHADA
4171,48,26.9,BAG-00001012,EXTRAVIADA
216,273,10.1,BAG-00001013,EM_TRANSITO
417,518,6.72,BAG-00001014,ENTREGUE
4836,70,20.33,BAG-00001015,DESPACHADA
906,630,10.86,BAG-00001016,EXTRAVIADA
740,826,25.86,BAG-00001017,EM_TRANSITO
2019,26,31.01,BAG-00001018,EXTRAVIADA
1687,83,5.6,BAG-00001019,EM_TRANSITO
2076,795,5.75,BAG-00001020,DESPACHADA
990,3,2.83,BAG-00001021,DANIFICADA
164,935,15.62,BAG-00001022,EXTRAVIADA
470,906,15.98,BAG-00001023,EXTRAVIADA
386,871,7.39,BAG-00001024,EM_TRANSITO
1037,344,11.69,BAG-00001025,ENTREGUE
1515,613,5.34,BAG-00001026,ENTREGUE
1920,790,16.14,BAG-00001027,DESPACHADA
4615,41,6.42,BAG-00001028,DANIFICADA
2447,395,2.11,BAG-00001029,DANIFICADA
4478,218,5.71,BAG-00001030,EM_TRANSITO
2728,509,10.9,BAG-00001031,DESPACHADA
4454,429,23.41,BAG-00001032,DANIFICADA
408,760,15.46,BAG-00001033,EXTRAVIADA
2684,939,6.64,BAG-00001034,EM_TRANSITO
4129,575,2.7,BAG-00001035,EXTRAVIADA
3443,101,5.58,BAG-00001036,DESPACHADA
2236,400,8.27,BAG-00001037,DESPACHADA
135,289,17.61,BAG-00001038,ENTREGUE
1931,203,11.02,BAG-00001039,DESPACHADA
2387,513,24.4,BAG-00001040,ENTREGUE
2627,122,10.67,BAG-00001041,ENTREGUE
1092,857,17.84,BAG-00001042,DESPACHADA
2830,746,22.76,BAG-00001043,EM_TRANSITO
3400,112,31.7,BAG-00001044,ENTREGUE
1484,373,17.11,BAG-00001045,EXTRAVIADA
392,83,11.99,BAG-00001046,DESPACHADA
4108,147,27.51,BAG-00001047,ENTREGUE
571,952,16.1,BAG-00001048,EM_TRANSITO
3538,258,9.69,BAG-00001049,EM_TRANSITO
4426,101,12.45,BAG-00001050,EXTRAVIADA
4343,437,17.97,BAG-00001051,EXTRAVIADA
994,445,2.87,BAG-00001052,ENTREGUE
1058,970,12.61,BAG-00001053,EXTRAVIADA
597,969,21.81,BAG-00001054,EXTRAVIADA
996,632,11.83,BAG-00001055,DESPACHADA
1532,628,4.62,BAG-00001056,ENTREGUE
4651,883,13.35,BAG-00001057,EXTRAVIADA
533,475,7.96,BAG-00001058,DESPACHADA
1824,842,8.96,BAG-00001059,ENTREGUE
263,732,18.07,BAG-00001060,ENTREGUE
776,617,23.03,BAG-00001061,DESPACHADA
120,777,7.72,BAG-00001062,DESPACHADA
4192,598,23.55,BAG-00001063,EXTRAVIADA
1423,280,4.87,BAG-00001064,DANIFICADA
1848,371,4.88,BAG-00001065,ENTREGUE
1946,453,8.98,BAG-00001066,EM_TRANSITO
3505,881,6.46,BAG-00001067,ENTREGUE
4250,524,10.06,BAG-00001068,EM_TRANSITO
4782,272,17.12,BAG-00001069,ENTREGUE
3889,702,4.17,BAG-00001070,ENTREGUE
526,217,12.64,BAG-00001071,ENTREGUE
1002,940,11.24,BAG-00001072,DANIFICADA
1289,6,19.14,BAG-00001073,EXTRAVIADA
1480,749,16.03,BAG-00001074,DESPACHADA
1753,714,4.92,BAG-00001075,EM_TRANSITO
3221,223,14.49,BAG-00001076,DANIFICADA
3265,731,12.58,BAG-00001077,DESPACHADA
1545,348,27.87,BAG-00001078,DESPACHADA
4716,204,19.74,BAG-00001079,ENTREGUE
4864,524,13.98,BAG-00001080,EXTRAVIADA
3985,158,23.88,BAG-00001081,DESPACHADA
2270,726,29.23,BAG-00001082,EM_TRANSITO
308,702,9.23,BAG-00001083,DESPACHADA
3816,987,10.23,BAG-00001084,ENTREGUE
3133,414,7.38,BAG-00001085,EM_TRANSITO
3930,553,13.38,BAG-00001086,DESPACHADA
2346,812,19.72,BAG-00001087,DESPACHADA
2640,374,27.55,BAG-00001088,EXTRAVIADA
2881,742,5.39,BAG-00001089,DANIFICADA
4194,584,18.67,BAG-00001090,EXTRAVIADA
1809,342,5.8,BAG-00001091,DANIFICADA
3141,838,21.5,BAG-00001092,DESPACHADA
982,273,19.09,BAG-00001093,ENTREGUE
1258,547,28.81,BAG-00001094,ENTREGUE
3393,514,2.67,BAG-00001095,DESPACHADA
3073,212,21.18,BAG-00001096,EM_TRANSITO
4395,318,19.35,BAG-00001097,EXTRAVIADA
1843,42,5.92,BAG-00001098,DESPACHADA
4686,771,12.42,BAG-00001099,DESPACHADA
1649,920,30.36,BAG-00001100,EM_TRANSITO
3169,690,9.45,BAG-00001101,DANIFICADA
570,162,8.51,BAG-00001102,DESPACHADA
80,636,7.11,BAG-00001103,EXTRAVIADA
4541,620,5.66,BAG-00001104,DESPACHADA
912,185,17.61,BAG-00001105,EM_TRANSITO
3201,348,25.22,BAG-00001106,DANIFICADA
1730,836,19.79,BAG-00001107,EXTRAVIADA
2212,122,3.26,BAG-00001108,DESPACHADA
1042,164,18.15,BAG-00001109,EM_TRANSITO
3280,70,17.86,BAG-00001110,ENTREGUE
1635,920,7.26,BAG-00001111,EXTRAVIADA
3760,715,2.69,BAG-00001112,ENTREGUE
1073,298,5.63,BAG-00001113,EM_TRANSITO
2868,168,17.58,BAG-00001114,EXTRAVIADA
3275,401,4.41,BAG-00001115,EM_TRANSITO
375,201,2.19,BAG-00001116,ENTREGUE
2683,859,2.74,BAG-00001117,DESPACHADA
1331,558,12.65,BAG-00001118,ENTREGUE
1660,777,2.32,BAG-00001119,EXTRAVIADA
2841,640,14.53,BAG-00001120,DANIFICADA
2817,218,12.14,BAG-00001121,EM_TRANSITO
1668,381,8.66,BAG-00001122,DANIFICADA
3083,511,9.14,BAG-00001123,ENTREGUE
4862,212,24.66,BAG-00001124,DANIFICADA
4943,283,4.97,BAG-00001125,DESPACHADA
2321,822,8.12,BAG-00001126,DANIFICADA
2878,448,18.15,BAG-00001127,DANIFICADA
509,64,19.2,BAG-00001128,DESPACHADA
4926,426,5.4,BAG-00001129,ENTREGUE
1436,268,16.23,BAG-00001130,ENTREGUE
1072,605,15.45,BAG-00001131,EXTRAVIADA
4467,760,14.12,BAG-00001132,ENTREGUE
4791,348,18.19,BAG-00001133,DANIFICADA
3722,585,9.56,BAG-00001134,ENTREGUE
3180,943,13.64,BAG-00001135,DANIFICADA
490,601,3.92,BAG-00001136,EM_TRANSITO
2248,435,3.37,BAG-00001137,DANIFICADA
581,308,21.34,BAG-00001138,EM_TRANSITO
4790,644,22.31,BAG-00001139,EM_TRANSITO
3401,246,13.14,BAG-00001140,EM_TRANSITO
1762,263,20.08,BAG-00001141,DESPACHADA
3617,724,18.14,BAG-00001142,EM_TRANSITO
1073,16,8.93,BAG-00001143,DESPACHADA
1835,120,13.41,BAG-00001144,EXTRAVIADA
1166,588,13.94,BAG-00001145,EM_TRANSITO
4089,768,14.2,BAG-00001146,ENTREGUE
418,866,22.65,BAG-00001147,DANIFICADA
3312,104,5.52,BAG-00001148,DANIFICADA
616,517,13.8,BAG-00001149,EM_TRANSITO
4065,447,20.94,BAG-00001150,DESPACHADA
4533,705,17.66,BAG-00001151,DESPACHADA
4675,334,23.89,BAG-00001152,DANIFICADA
1087,727,9.67,BAG-00001153,ENTREGUE
2441,513,5.15,BAG-00001154,DESPACHADA
115,705,24.24,BAG-00001155,ENTREGUE
3405,863,6.2,BAG-00001156,EM_TRANSITO
582,62,12.0,BAG-00001157,DANIFICADA
3511,139,6.07,BAG-00001158,EM_TRANSITO
507,631,5.64,BAG-00001159,DESPACHADA
3636,560,11.76,BAG-00001160,ENTREGUE
67,516,21.34,BAG-00001161,EXTRAVIADA
123,726,16.8,BAG-00001162,EXTRAVIADA
4340,776,2.26,BAG-00001163,DANIFICADA
4404,110,11.9,BAG-00001164,DESPACHADA
4529,307,27.9,BAG-00001165,ENTREGUE
2962,413,21.32,BAG-00001166,DANIFICADA
2799,805,15.56,BAG-00001167,ENTREGUE
3660,252,11.33,BAG-00001168,DANIFICADA
445,10,9.87,BAG-00001169,EXTRAVIADA
2268,469,6.89,BAG-00001170,DANIFICADA
3028,477,3.75,BAG-00001171,DANIFICADA
2802,409,23.78,BAG-00001172,DANIFICADA
3886,151,22.3,BAG-00001173,ENTREGUE
1104,132,23.75,BAG-00001174,DANIFICADA
2727,522,15.27,BAG-00001175,EXTRAVIADA
3740,559,10.48,BAG-00001176,EXTRAVIADA
3831,113,14.89,BAG-00001177,EM_TRANSITO
922,535,2.16,BAG-00001178,DESPACHADA
4828,358,2.03,BAG-00001179,DESPACHADA
1043,801,12.29,BAG-00001180,DANIFICADA
1421,190,14.68,BAG-00001181,DANIFICADA
3244,522,15.34,BAG-00001182,DESPACHADA
4131,735,14.77,BAG-00001183,DANIFICADA
3287,350,15.9,BAG-00001184,DANIFICADA
403,274,16.99,BAG-00001185,ENTREGUE
3422,840,18.51,BAG-00001186,EM_TRANSITO
1312,910,17.26,BAG-00001187,DESPACHADA
757,70,21.49,BAG-00001188,DANIFICADA
1870,798,17.32,BAG-00001189,DESPACHADA
23,26,31.79,BAG-00001190,DANIFICADA
1181,422,8.17,BAG-00001191,EM_TRANSITO
4742,513,5.02,BAG-00001192,EM_TRANSITO
3463,875,10.12,BAG-00001193,ENTREGUE
2003,153,10.78,BAG-00001194,EM_TRANSITO
3460,597,6.27,BAG-00001195,ENTREGUE
1722,946,2.53,BAG-00001196,EM_TRANSITO
4097,553,23.43,BAG-00001197,ENTREGUE
3297,70,8.68,BAG-00001198,ENTREGUE
3437,826,14.4,BAG-00001199,EM_TRANSITO
3418,579,3.24,BAG-00001200,ENTREGUE
784,720,6.24,BAG-00001201,EXTRAVIADA
3434,257,15.84,BAG-00001202,DANIFICADA
3594,64,2.21,BAG-00001203,EXTRAVIADA
4060,198,14.04,BAG-00001204,DANIFICADA
2868,763,9.96,BAG-00001205,DESPACHADA
4166,430,5.26,BAG-00001206,EM_TRANSITO
142,673,8.57,BAG-00001207,EM_TRANSITO
4251,998,13.99,BAG-00001208,DANIFICADA
2511,388,21.9,BAG-00001209,ENTREGUE
914,843,5.07,BAG-00001210,EXTRAVIADA
466,412,27.07,BAG-00001211,EXTRAVIADA
1152,208,19.47,BAG-00001212,EM_TRANSITO
3726,743,10.63,BAG-00001213,DESPACHADA
2582,653,13.85,BAG-00001214,DANIFICADA
559,61,8.89,BAG-00001215,DANIFICADA
4899,725,28.17,BAG-00001216,EXTRAVIADA
4725,616,6.7,BAG-00001217,DANIFICADA
4948,222,12.19,BAG-00001218,DANIFICADA
1984,305,12.89,BAG-00001219,EM_TRANSITO
3678,53,26.54,BAG-00001220,ENTREGUE
2289,110,18.12,BAG-00001221,EM_TRANSITO
3260,126,3.03,BAG-00001222,DANIFICADA
2310,106,21.93,BAG-00001223,DANIFICADA
1886,56,29.35,BAG-00001224,DESPACHADA
1903,143,9.29,BAG-00001225,ENTREGUE
1086,135,2.17,BAG-00001226,EM_TRANSITO
4736,490,13.75,BAG-00001227,DESPACHADA
3455,988,12.1,BAG-00001228,DANIFICADA
2065,318,4.31,BAG-00001229,ENTREGUE
3916,2,4.58,BAG-00001230,EXTRAVIADA
2068,246,10.44,BAG-00001231,EM_TRANSITO
484,674,30.34,BAG-00001232,ENTREGUE
4062,615,7.05,BAG-00001233,DANIFICADA
457,304,10.01,BAG-00001234,EM_TRANSITO
4526,424,19.16,BAG-00001235,DESPACHADA
3216,719,2.57,BAG-00001236,EM_TRANSITO
3445,126,17.46,BAG-00001237,EM_TRANSITO
2095,134,7.22,BAG-00001238,EXTRAVIADA
321,202,6.1,BAG-00001239,ENTREGUE
3611,343,12.23,BAG-00001240,DESPACHADA
1395,658,8.11,BAG-00001241,EM_TRANSITO
662,530,10.41,BAG-00001242,EXTRAVIADA
4003,592,21.81,BAG-00001243,EM_TRANSITO
368,424,2.26,BAG-00001244,EXTRAVIADA
2218,224,13.35,BAG-00001245,ENTREGUE
739,287,20.8,BAG-00001246,EM_TRANSITO
2373,49,8.77,BAG-00001247,EXTRAVIADA
3516,144,11.72,BAG-00001248,EXTRAVIADA
1708,686,10.57,BAG-00001249,DANIFICADA
4115,65,26.23,BAG-00001250,DESPACHADA
4021,626,2.08,BAG-00001251,DANIFICADA
2453,882,3.28,BAG-00001252,DANIFICADA
3176,783,7.93,BAG-00001253,ENTREGUE
2273,189,3.02,BAG-00001254,DANIFICADA
3773,254,3.24,BAG-00001255,EXTRAVIADA
634,967,10.7,BAG-00001256,DESPACHADA
2457,339,7.78,BAG-00001257,DESPACHADA
1960,594,23.01,BAG-00001258,DANIFICADA
526,468,16.35,BAG-00001259,EM_TRANSITO
581,34,30.48,BAG-00001260,DESPACHADA
1550,281,6.35,BAG-00001261,ENTREGUE
634,107,24.91,BAG-00001262,EM_TRANSITO
2,38,9.52,BAG-00001263,EXTRAVIADA
3414,155,6.69,BAG-00001264,EM_TRANSITO
4237,996,31.05,BAG-00001265,EM_TRANSITO
2344,530,9.71,BAG-00001266,EXTRAVIADA
1156,82,6.4,BAG-00001267,EM_TRANSITO
3406,642,3.71,BAG-00001268,ENTREGUE
510,342,4.75,BAG-00001269,ENTREGUE
951,909,25.08,BAG-00001270,EM_TRANSITO
3141,159,3.19,BAG-00001271,DESPACHADA
4284,613,19.08,BAG-00001272,ENTREGUE
2435,899,4.68,BAG-00001273,ENTREGUE
2499,567,23.03,BAG-00001274,EXTRAVIADA
3584,902,5.4,BAG-00001275,DANIFICADA
48,529,10.34,BAG-00001276,EM_TRANSITO
4041,142,9.77,BAG-00001277,EM_TRANSITO
3669,875,9.4,BAG-00001278,ENTREGUE
643,982,7.2,BAG-00001279,DANIFICADA
4716,568,28.54,BAG-00001280,EM_TRANSITO
3157,870,4.11,BAG-00001281,ENTREGUE
211,748,22.5,BAG-00001282,DESPACHADA
3633,903,13.04,BAG-00001283,DESPACHADA
1329,574,29.05,BAG-00001284,ENTREGUE
2661,423,11.8,BAG-00001285,ENTREGUE
418,550,10.4,BAG-00001286,DESPACHADA
3338,383,12.46,BAG-00001287,EM_TRANSITO
1096,89,31.27,BAG-00001288,ENTREGUE
28,492,30.48,BAG-00001289,EXTRAVIADA
3786,977,11.4,BAG-00001290,DESPACHADA
734,50,9.89,BAG-00001291,ENTREGUE
3209,283,11.06,BAG-00001292,ENTREGUE
4797,63,7.53,BAG-00001293,EM_TRANSITO
2460,904,17.6,BAG-00001294,DANIFICADA
3941,54,5.14,BAG-00001295,DANIFICADA
3020,789,9.71,BAG-00001296,EM_TRANSITO
731,133,6.65,BAG-00001297,EXTRAVIADA
762,392,27.26,BAG-00001298,EM_TRANSITO
4983,571,12.02,BAG-00001299,EXTRAVIADA
231,992,14.34,BAG-00001300,ENTREGUE
4106,268,19.88,BAG-00001301,EM_TRANSITO
2081,285,21.47,BAG-00001302,DANIFICADA
2834,443,6.19,BAG-00001303,ENTREGUE
1270,833,26.66,BAG-00001304,DANIFICADA
461,441,7.56,BAG-00001305,DANIFICADA
1876,448,29.3,BAG-00001306,DANIFICADA
167,354,6.71,BAG-00001307,EXTRAVIADA
8,696,15.24,BAG-00001308,EM_TRANSITO
4140,919,3.28,BAG-00001309,EXTRAVIADA
538,655,17.32,BAG-00001310,DANIFICADA
4117,365,19.22,BAG-00001311,DANIFICADA
3812,465,13.12,BAG-00001312,EM_TRANSITO
2582,178,16.31,BAG-00001313,ENTREGUE
1011,787,27.99,BAG-00001314,DESPACHADA
24,340,12.51,BAG-00001315,EM_TRANSITO
3739,368,2.59,BAG-00001316,DANIFICADA
2758,124,3.69,BAG-00001317,EM_TRANSITO
2735,368,24.98,BAG-00001318,EM_TRANSITO
1439,703,5.11,BAG-00001319,ENTREGUE
4961,200,27.09,BAG-00001320,EM_TRANSITO
2896,269,9.37,BAG-00001321,DANIFICADA
4488,291,27.61,BAG-00001322,EXTRAVIADA
458,209,20.29,BAG-00001323,DANIFICADA
4110,973,23.32,BAG-00001324,EM_TRANSITO
3452,490,7.92,BAG-00001325,EM_TRANSITO
1790,125,26.67,BAG-00001326,EXTRAVIADA
3408,401,6.12,BAG-00001327,DESPACHADA
3185,479,2.18,BAG-00001328,ENTREGUE
1584,453,5.77,BAG-00001329,EXTRAVIADA
4063,675,12.04,BAG-00001330,DESPACHADA
2772,814,20.32,BAG-00001331,EM_TRANSITO
1377,641,8.59,BAG-00001332,DESPACHADA
2861,497,5.55,BAG-00001333,ENTREGUE
1957,550,7.45,BAG-00001334,EM_TRANSITO
3211,987,3.89,BAG-00001335,DESPACHADA
2370,190,6.53,BAG-00001336,DESPACHADA
1914,770,14.03,BAG-00001337,EXTRAVIADA
2611,745,11.67,BAG-00001338,EXTRAVIADA
2224,454,31.23,BAG-00001339,DESPACHADA
4461,265,17.06,BAG-00001340,EXTRAVIADA
1608,872,8.77,BAG-00001341,DANIFICADA
766,877,6.56,BAG-00001342,DESPACHADA
4261,38,16.9,BAG-00001343,EM_TRANSITO
4908,719,3.04,BAG-00001344,DANIFICADA
1852,708,10.96,BAG-00001345,DESPACHADA
293,90,16.32,BAG-00001346,EXTRAVIADA
2690,235,10.82,BAG-00001347,EM_TRANSITO
2667,909,4.08,BAG-00001348,DANIFICADA
874,268,28.68,BAG-00001349,DANIFICADA
2953,781,2.58,BAG-00001350,EXTRAVIADA
4987,10,13.51,BAG-00001351,EXTRAVIADA
3389,4,8.11,BAG-00001352,ENTREGUE
4998,58,14.18,BAG-00001353,EM_TRANSITO
4505,159,3.19,BAG-00001354,ENTREGUE
2406,459,3.38,BAG-00001355,DESPACHADA
4282,240,20.52,BAG-00001356,EXTRAVIADA
139,276,27.41,BAG-00001357,EM_TRANSITO
4691,849,13.07,BAG-00001358,DESPACHADA
3460,217,10.9,BAG-00001359,ENTREGUE
3718,409,9.04,BAG-00001360,EXTRAVIADA
2227,456,3.72,BAG-00001361,DESPACHADA
3251,155,2.74,BAG-00001362,EM_TRANSITO
2335,21,6.22,BAG-00001363,ENTREGUE
3469,80,18.73,BAG-00001364,EM_TRANSITO
4177,346,16.3,BAG-00001365,DANIFICADA
3592,763,9.31,BAG-00001366,ENTREGUE
3628,186,5.9,BAG-00001367,DANIFICADA
4400,508,17.15,BAG-00001368,ENTREGUE
1817,193,23.3,BAG-00001369,ENTREGUE
1498,712,25.97,BAG-00001370,ENTREGUE
1559,819,2.59,BAG-00001371,DANIFICADA
2936,299,4.29,BAG-00001372,EM_TRANSITO
2365,669,19.06,BAG-00001373,EM_TRANSITO
4275,251,2.1,BAG-00001374,EXTRAVIADA
4254,936,16.37,BAG-00001375,EM_TRANSITO
4962,761,4.1,BAG-00001376,DESPACHADA
4537,432,21.86,BAG-00001377,EM_TRANSITO
4150,124,16.03,BAG-00001378,ENTREGUE
2563,601,6.66,BAG-00001379,ENTREGUE
4706,730,17.4,BAG-00001380,ENTREGUE
3406,923,8.02,BAG-00001381,EXTRAVIADA
2943,997,24.01,BAG-00001382,ENTREGUE
4713,521,5.7,BAG-00001383,EM_TRANSITO
2162,536,15.05,BAG-00001384,DESPACHADA
4812,31,2.64,BAG-00001385,DESPACHADA
2119,846,21.57,BAG-00001386,EXTRAVIADA
4999,835,3.98,BAG-00001387,EM_TRANSITO
4016,94,20.35,BAG-00001388,EM_TRANSITO
1353,843,5.51,BAG-00001389,ENTREGUE
448,576,10.7,BAG-00001390,EXTRAVIADA
1672,973,7.51,BAG-00001391,DANIFICADA
1126,254,3.46,BAG-00001392,EM_TRANSITO
4470,341,7.23,BAG-00001393,EM_TRANSITO
2412,528,10.29,BAG-00001394,ENTREGUE
2053,610,2.73,BAG-00001395,EXTRAVIADA
827,802,10.15,BAG-00001396,DANIFICADA
4643,919,3.06,BAG-00001397,EM_TRANSITO
2820,23,14.17,BAG-00001398,ENTREGUE
4370,220,29.2,BAG-00001399,EM_TRANSITO
3236,872,3.75,BAG-00001400,EXTRAVIADA
29,747,7.29,BAG-00001401,DESPACHADA
1474,425,9.45,BAG-00001402,DANIFICADA
200,819,2.78,BAG-00001403,DESPACHADA
687,104,3.48,BAG-00001404,DANIFICADA
3239,880,6.44,BAG-00001405,DANIFICADA
383,76,12.53,BAG-00001406,DESPACHADA
803,993,11.5,BAG-00001407,DANIFICADA
4425,436,3.6,BAG-00001408,DESPACHADA
4119,961,4.92,BAG-00001409,EXTRAVIADA
3702,8,21.45,BAG-00001410,DANIFICADA
572,874,26.99,BAG-00001411,DANIFICADA
3349,152,30.16,BAG-00001412,DESPACHADA
3226,519,3.6,BAG-00001413,DANIFICADA
3183,810,4.94,BAG-00001414,DANIFICADA
1552,227,21.14,BAG-00001415,DESPACHADA
504,385,23.24,BAG-00001416,DANIFICADA
3636,981,5.42,BAG-00001417,EM_TRANSITO
821,218,15.99,BAG-00001418,EXTRAVIADA
3364,802,14.31,BAG-00001419,DESPACHADA
137,430,2.16,BAG-00001420,DANIFICADA
1849,997,4.59,BAG-00001421,EM_TRANSITO
2097,679,6.02,BAG-00001422,DESPACHADA
4960,461,13.01,BAG-00001423,DANIFICADA
2853,139,6.23,BAG-00001424,EM_TRANSITO
1224,166,16.13,BAG-00001425,EM_TRANSITO
2750,937,13.25,BAG-00001426,EM_TRANSITO
1378,167,13.76,BAG-00001427,ENTREGUE
4976,682,8.79,BAG-00001428,EM_TRANSITO
4727,230,12.36,BAG-00001429,DESPACHADA
1774,567,12.0,BAG-00001430,EM_TRANSITO
556,486,27.89,BAG-00001431,EM_TRANSITO
1567,61,7.99,BAG-00001432,ENTREGUE
2847,412,6.27,BAG-00001433,ENTREGUE
4023,471,16.32,BAG-00001434,ENTREGUE
635,814,31.04,BAG-00001435,ENTREGUE
2430,731,8.26,BAG-00001436,EXTRAVIADA
1171,446,29.15,BAG-00001437,EM_TRANSITO
2596,692,22.91,BAG-00001438,DESPACHADA
3465,435,2.97,BAG-00001439,ENTREGUE
1943,443,11.92,BAG-00001440,DESPACHADA
346,127,6.68,BAG-00001441,EXTRAVIADA
2422,697,9.73,BAG-00001442,ENTREGUE
1981,989,11.61,BAG-00001443,EXTRAVIADA
1878,19,2.68,BAG-00001444,ENTREGUE
3860,545,23.2,BAG-00001445,DANIFICADA
1317,529,12.24,BAG-00001446,DANIFICADA
1839,776,28.72,BAG-00001447,DESPACHADA
436,844,15.42,BAG-00001448,EXTRAVIADA
1382,410,13.14,BAG-00001449,DANIFICADA
2958,855,7.64,BAG-00001450,ENTREGUE
99,366,15.93,BAG-00001451,EM_TRANSITO
719,728,30.13,BAG-00001452,ENTREGUE
4741,478,19.0,BAG-00001453,ENTREGUE
3560,67,14.16,BAG-00001454,DESPACHADA
807,726,8.17,BAG-00001455,ENTREGUE
122,67,8.88,BAG-00001456,EM_TRANSITO
3765,486,20.51,BAG-00001457,DESPACHADA
3423,492,31.93,BAG-00001458,DESPACHADA
3386,977,6.19,BAG-00001459,EXTRAVIADA
4892,120,10.04,BAG-00001460,ENTREGUE
3338,621,7.03,BAG-00001461,EM_TRANSITO
1809,204,4.47,BAG-00001462,EXTRAVIADA
2902,378,7.24,BAG-00001463,DANIFICADA
848,700,26.56,BAG-00001464,ENTREGUE
1227,160,22.46,BAG-00001465,EM_TRANSITO
399,334,12.22,BAG-00001466,EXTRAVIADA
4731,470,7.4,BAG-00001467,EM_TRANSITO
1877,569,7.49,BAG-00001468,EXTRAVIADA
3813,868,25.51,BAG-00001469,DESPACHADA
3486,107,30.08,BAG-00001470,EM_TRANSITO
4109,633,31.06,BAG-00001471,ENTREGUE
4595,618,20.78,BAG-00001472,EXTRAVIADA
2071,446,8.18,BAG-00001473,EM_TRANSITO
2038,443,12.04,BAG-00001474,DESPACHADA
1382,872,23.03,BAG-00001475,EM_TRANSITO
4696,869,25.84,BAG-00001476,ENTREGUE
3334,673,21.35,BAG-00001477,DANIFICADA
231,515,3.15,BAG-00001478,DESPACHADA
837,167,10.75,BAG-00001479,DESPACHADA
2705,123,9.81,BAG-00001480,DANIFICADA
803,86,31.18,BAG-00001481,EXTRAVIADA
2353,955,9.05,BAG-00001482,EXTRAVIADA
3975,103,3.29,BAG-00001483,DESPACHADA
300,462,3.45,BAG-00001484,EM_TRANSITO
1467,70,3.42,BAG-00001485,DANIFICADA
4390,117,3.1,BAG-00001486,EM_TRANSITO
2640,671,7.63,BAG-00001487,DESPACHADA
2923,919,3.03,BAG-00001488,EM_TRANSITO
1709,690,2.29,BAG-00001489,EM_TRANSITO
1359,3,7.12,BAG-00001490,ENTREGUE
2728,642,14.56,BAG-00001491,EM_TRANSITO
4107,425,25.13,BAG-00001492,EXTRAVIADA
2512,360,8.47,BAG-00001493,ENTREGUE
4636,810,9.81,BAG-00001494,DANIFICADA
1411,646,5.94,BAG-00001495,EXTRAVIADA
4215,932,30.29,BAG-00001496,DESPACHADA
1120,149,17.86,BAG-00001497,DESPACHADA
3262,307,17.77,BAG-00001498,EXTRAVIADA
522,412,28.48,BAG-00001499,EM_TRANSITO
3693,635,8.41,BAG-00001500,DANIFICADA
1145,678,5.66,BAG-00001501,DANIFICADA
4013,654,19.04,BAG-00001502,DANIFICADA
2339,253,13.24,BAG-00001503,EXTRAVIADA
1942,302,4.53,BAG-00001504,ENTREGUE
4846,329,10.67,BAG-00001505,EXTRAVIADA
4230,178,15.55,BAG-00001506,EM_TRANSITO
2367,891,16.72,BAG-00001507,DESPACHADA
2978,933,19.02,BAG-00001508,DANIFICADA
998,635,2.44,BAG-00001509,EXTRAVIADA
337,59,4.82,BAG-00001510,EXTRAVIADA
1342,449,4.0,BAG-00001511,ENTREGUE
4993,26,10.06,BAG-00001512,EM_TRANSITO
3492,123,5.65,BAG-00001513,EM_TRANSITO
1792,365,6.49,BAG-00001514,DESPACHADA
2646,917,5.93,BAG-00001515,ENTREGUE
4265,268,7.72,BAG-00001516,EM_TRANSITO
1474,419,4.97,BAG-00001517,DANIFICADA
643,5,22.23,BAG-00001518,ENTREGUE
2045,732,12.24,BAG-00001519,EM_TRANSITO
1192,698,8.1,BAG-00001520,DANIFICADA
4125,866,3.89,BAG-00001521,ENTREGUE
3162,139,6.18,BAG-00001522,DANIFICADA
442,382,2.48,BAG-00001523,DESPACHADA
1971,110,16.81,BAG-00001524,DESPACHADA
4278,151,26.62,BAG-00001525,DANIFICADA
2997,799,7.75,BAG-00001526,DANIFICADA
4460,486,25.23,BAG-00001527,EM_TRANSITO
4936,319,3.72,BAG-00001528,DESPACHADA
255,546,16.79,BAG-00001529,DANIFICADA
4137,793,3.05,BAG-00001530,EM_TRANSITO
2154,891,20.45,BAG-00001531,ENTREGUE
4569,982,4.08,BAG-00001532,DANIFICADA
1586,419,2.1,BAG-00001533,ENTREGUE
861,604,9.39,BAG-00001534,ENTREGUE
3190,648,29.5,BAG-00001535,EXTRAVIADA
2948,430,3.67,BAG-00001536,EXTRAVIADA
781,494,6.42,BAG-00001537,DANIFICADA
763,617,4.45,BAG-00001538,DESPACHADA
273,910,5.63,BAG-00001539,ENTREGUE
2975,430,8.22,BAG-00001540,ENTREGUE
1180,853,10.64,BAG-00001541,DESPACHADA
3214,486,18.96,BAG-00001542,EM_TRANSITO
3759,541,3.53,BAG-00001543,DESPACHADA
2275,977,18.23,BAG-00001544,DANIFICADA
123,874,30.54,BAG-00001545,ENTREGUE
2345,245,11.24,BAG-00001546,ENTREGUE
336,993,12.57,BAG-00001547,ENTREGUE
765,751,10.1,BAG-00001548,DANIFICADA
244,296,31.53,BAG-00001549,ENTREGUE
3013,50,6.63,BAG-00001550,DANIFICADA
2182,484,14.96,BAG-00001551,EM_TRANSITO
3911,928,2.11,BAG-00001552,EXTRAVIADA
1965,933,29.88,BAG-00001553,DANIFICADA
2364,444,18.81,BAG-00001554,EM_TRANSITO
2131,443,12.58,BAG-00001555,DESPACHADA
4196,527,26.05,BAG-00001556,DANIFICADA
3128,330,10.93,BAG-00001557,DESPACHADA
4548,35,6.27,BAG-00001558,DESPACHADA
2355,70,5.77,BAG-00001559,DANIFICADA
4118,690,13.19,BAG-00001560,ENTREGUE
2447,745,23.88,BAG-00001561,DESPACHADA
4349,168,16.95,BAG-00001562,ENTREGUE
1705,959,12.0,BAG-00001563,EXTRAVIADA
4103,99,3.19,BAG-00001564,DANIFICADA
2478,553,4.19,BAG-00001565,EXTRAVIADA
4801,266,2.76,BAG-00001566,EXTRAVIADA
4454,366,21.9,BAG-00001567,EXTRAVIADA
1061,62,11.5,BAG-00001568,EXTRAVIADA
494,339,3.32,BAG-00001569,DESPACHADA
964,808,20.08,BAG-00001570,DANIFICADA
1054,687,21.61,BAG-00001571,EM_TRANSITO
3183,367,7.33,BAG-00001572,EM_TRANSITO
1987,995,10.15,BAG-00001573,DANIFICADA
1965,671,18.04,BAG-00001574,ENTREGUE
3679,371,9.59,BAG-00001575,EM_TRANSITO
1806,140,16.66,BAG-00001576,ENTREGUE
3001,607,14.54,BAG-00001577,DANIFICADA
871,546,30.65,BAG-00001578,EXTRAVIADA
95,346,23.97,BAG-00001579,EM_TRANSITO
4673,628,11.27,BAG-00001580,EM_TRANSITO
4290,414,24.76,BAG-00001581,DANIFICADA
3571,349,25.1,BAG-00001582,DANIFICADA
3730,31,7.96,BAG-00001583,ENTREGUE
538,103,10.65,BAG-00001584,ENTREGUE
197,79,11.92,BAG-00001585,EXTRAVIADA
2753,39,7.11,BAG-00001586,EM_TRANSITO
1446,370,18.16,BAG-00001587,EXTRAVIADA
1946,327,30.33,BAG-00001588,EXTRAVIADA
213,456,5.78,BAG-00001589,DESPACHADA
2651,74,8.15,BAG-00001590,EXTRAVIADA
1078,214,29.81,BAG-00001591,EXTRAVIADA
3207,471,8.71,BAG-00001592,ENTREGUE
3038,450,7.98,BAG-00001593,DESPACHADA
2223,520,18.44,BAG-00001594,EM_TRANSITO
3512,164,15.81,BAG-00001595,EM_TRANSITO
133,13,30.39,BAG-00001596,DESPACHADA
4470,907,3.89,BAG-00001597,EXTRAVIADA
3256,288,2.59,BAG-00001598,EM_TRANSITO
2741,860,26.98,BAG-00001599,EXTRAVIADA
2070,318,4.76,BAG-00001600,EM_TRANSITO
825,788,7.91,BAG-00001601,EXTRAVIADA
2278,147,26.3,BAG-00001602,EM_TRANSITO
1120,904,2.37,BAG-00001603,EM_TRANSITO
2132,987,14.8,BAG-00001604,EXTRAVIADA
1833,505,19.4,BAG-00001605,ENTREGUE
2910,704,20.1,BAG-00001606,DESPACHADA
30,725,28.34,BAG-00001607,DESPACHADA
53,581,2.7,BAG-00001608,ENTREGUE
4302,522,18.68,BAG-00001609,DESPACHADA
4157,715,9.17,BAG-00001610,EM_TRANSITO
3537,443,2.15,BAG-00001611,DANIFICADA
2292,443,4.59,BAG-00001612,ENTREGUE
3040,900,19.09,BAG-00001613,ENTREGUE
4871,13,18.08,BAG-00001614,DANIFICADA
943,699,11.2,BAG-00001615,DESPACHADA
3092,898,17.94,BAG-00001616,EXTRAVIADA
3613,424,12.5,BAG-00001617,EM_TRANSITO
32,64,9.87,BAG-00001618,EM_TRANSITO
3977,115,17.96,BAG-00001619,EM_TRANSITO
3556,683,11.82,BAG-00001620,EXTRAVIADA
4428,524,16.57,BAG-00001621,EXTRAVIADA
1519,246,24.87,BAG-00001622,ENTREGUE
47,470,11.53,BAG-00001623,DANIFICADA
3488,456,15.85,BAG-00001624,EXTRAVIADA
1352,214,22.96,BAG-00001625,EM_TRANSITO
2347,572,29.44,BAG-00001626,DESPACHADA
217,816,31.8,BAG-00001627,EXTRAVIADA
3942,652,28.31,BAG-00001628,DANIFICADA
1175,818,7.02,BAG-00001629,ENTREGUE
3737,453,22.26,BAG-00001630,DANIFICADA
1082,158,11.49,BAG-00001631,EM_TRANSITO
1723,572,2.97,BAG-00001632,ENTREGUE
3160,805,21.26,BAG-00001633,DESPACHADA
3759,123,5.02,BAG-00001634,ENTREGUE
3596,263,16.32,BAG-00001635,ENTREGUE
2919,365,17.67,BAG-00001636,EM_TRANSITO
1962,895,10.41,BAG-00001637,EXTRAVIADA
2134,997,14.85,BAG-00001638,EM_TRANSITO
2291,468,9.5,BAG-00001639,EM_TRANSITO
2718,199,5.23,BAG-00001640,DANIFICADA
847,407,26.14,BAG-00001641,ENTREGUE
3155,671,14.99,BAG-00001642,EM_TRANSITO
4437,211,8.91,BAG-00001643,ENTREGUE
844,529,27.35,BAG-00001644,EXTRAVIADA
2005,77,12.1,BAG-00001645,DANIFICADA
3393,189,20.22,BAG-00001646,EXTRAVIADA
798,885,7.82,BAG-00001647,DESPACHADA
2529,836,23.04,BAG-00001648,EXTRAVIADA
2532,500,8.34,BAG-00001649,DANIFICADA
1332,71,3.66,BAG-00001650,ENTREGUE
2885,265,3.48,BAG-00001651,EXTRAVIADA
693,181,5.68,BAG-00001652,DESPACHADA
3712,160,27.42,BAG-00001653,DANIFICADA
3111,856,4.84,BAG-00001654,DANIFICADA
4594,647,12.89,BAG-00001655,DANIFICADA
974,762,8.11,BAG-00001656,EM_TRANSITO
4709,472,3.85,BAG-00001657,DANIFICADA
1155,777,11.27,BAG-00001658,DESPACHADA
4009,210,10.37,BAG-00001659,EXTRAVIADA
4024,971,17.01,BAG-00001660,DANIFICADA
3460,73,14.04,BAG-00001661,ENTREGUE
806,632,6.33,BAG-00001662,ENTREGUE
3314,763,9.85,BAG-00001663,DANIFICADA
2060,513,9.9,BAG-00001664,ENTREGUE
2510,555,2.67,BAG-00001665,ENTREGUE
4179,701,11.49,BAG-00001666,DESPACHADA
3155,339,2.94,BAG-00001667,DANIFICADA
671,978,2.87,BAG-00001668,DANIFICADA
2862,411,12.38,BAG-00001669,EXTRAVIADA
4575,25,6.02,BAG-00001670,EXTRAVIADA
3152,751,6.89,BAG-00001671,ENTREGUE
4190,97,16.96,BAG-00001672,DANIFICADA
4387,712,31.27,BAG-00001673,DANIFICADA
4031,373,21.15,BAG-00001674,DANIFICADA
2117,573,22.38,BAG-00001675,EM_TRANSITO
3236,795,6.98,BAG-00001676,DESPACHADA
4634,339,5.67,BAG-00001677,DESPACHADA
364,605,21.44,BAG-00001678,DESPACHADA
4808,941,10.84,BAG-00001679,EXTRAVIADA
3343,254,21.34,BAG-00001680,DESPACHADA
2717,182,13.87,BAG-00001681,EM_TRANSITO
4810,754,8.79,BAG-00001682,EM_TRANSITO
1022,101,11.68,BAG-00001683,ENTREGUE
2187,905,3.12,BAG-00001684,EM_TRANSITO
280,879,10.72,BAG-00001685,EXTRAVIADA
2993,793,9.67,BAG-00001686,DESPACHADA
680,951,18.77,BAG-00001687,DANIFICADA
1139,546,14.08,BAG-00001688,DESPACHADA
128,803,10.26,BAG-00001689,EXTRAVIADA
61,714,29.94,BAG-00001690,EXTRAVIADA
26,832,19.66,BAG-00001691,EM_TRANSITO
4053,261,5.39,BAG-00001692,EM_TRANSITO
4043,88,26.58,BAG-00001693,EXTRAVIADA
562,446,24.15,BAG-00001694,ENTREGUE
1392,467,15.5,BAG-00001695,EXTRAVIADA
3804,73,21.53,BAG-00001696,DANIFICADA
4194,615,2.01,BAG-00001697,ENTREGUE
3511,29,17.13,BAG-00001698,EXTRAVIADA
1365,609,13.28,BAG-00001699,EM_TRANSITO
3821,38,22.95,BAG-00001700,EM_TRANSITO
939,921,4.23,BAG-00001701,EM_TRANSITO
1856,292,9.17,BAG-00001702,DANIFICADA
1060,154,23.28,BAG-00001703,EXTRAVIADA
1121,376,30.9,BAG-00001704,ENTREGUE
3502,849,10.28,BAG-00001705,ENTREGUE
1094,543,4.28,BAG-00001706,ENTREGUE
4300,437,6.14,BAG-00001707,DANIFICADA
3431,209,16.41,BAG-00001708,DANIFICADA
3457,343,10.56,BAG-00001709,DESPACHADA
158,520,15.74,BAG-00001710,EM_TRANSITO
1226,491,4.07,BAG-00001711,EXTRAVIADA
4210,215,16.07,BAG-00001712,EM_TRANSITO
4198,72,28.59,BAG-00001713,EXTRAVIADA
2140,521,3.94,BAG-00001714,ENTREGUE
4111,325,2.62,BAG-00001715,DESPACHADA
2163,145,27.68,BAG-00001716,ENTREGUE
4247,993,24.71,BAG-00001717,EXTRAVIADA
4894,453,22.44,BAG-00001718,DESPACHADA
4106,665,11.38,BAG-00001719,DANIFICADA
3524,748,11.05,BAG-00001720,DESPACHADA
1961,155,12.51,BAG-00001721,EXTRAVIADA
2056,26,24.45,BAG-00001722,EM_TRANSITO
200,328,16.07,BAG-00001723,EM_TRANSITO
3027,713,27.35,BAG-00001724,ENTREGUE
356,637,5.74,BAG-00001725,EM_TRANSITO
1516,279,2.89,BAG-00001726,EM_TRANSITO
2593,889,8.96,BAG-00001727,ENTREGUE
3509,787,31.1,BAG-00001728,ENTREGUE
615,157,2.77,BAG-00001729,EM_TRANSITO
700,754,27.79,BAG-00001730,DESPACHADA
93,295,12.3,BAG-00001731,DANIFICADA
2775,665,10.79,BAG-00001732,DANIFICADA
732,744,15.94,BAG-00001733,ENTREGUE
4869,635,9.26,BAG-00001734,EXTRAVIADA
2617,537,2.2,BAG-00001735,DANIFICADA
77,178,14.19,BAG-00001736,EM_TRANSITO
3540,156,29.15,BAG-00001737,ENTREGUE
845,609,23.06,BAG-00001738,EXTRAVIADA
3465,1,2.74,BAG-00001739,ENTREGUE
682,632,10.07,BAG-00001740,ENTREGUE
1842,254,4.33,BAG-00001741,ENTREGUE
2425,793,2.48,BAG-00001742,EXTRAVIADA
445,925,14.46,BAG-00001743,ENTREGUE
1079,479,2.27,BAG-00001744,ENTREGUE
3207,632,20.84,BAG-00001745,DANIFICADA
811,57,9.72,BAG-00001746,ENTREGUE
2678,868,11.97,BAG-00001747,ENTREGUE
4685,487,20.19,BAG-00001748,DANIFICADA
727,978,2.34,BAG-00001749,EM_TRANSITO
281,484,7.07,BAG-00001750,DANIFICADA
2921,399,2.58,BAG-00001751,EM_TRANSITO
1626,754,7.18,BAG-00001752,EM_TRANSITO
3042,917,13.03,BAG-00001753,ENTREGUE
274,612,9.22,BAG-00001754,DESPACHADA
4022,95,5.91,BAG-00001755,EM_TRANSITO
1275,277,3.83,BAG-00001756,EXTRAVIADA
1924,128,12.26,BAG-00001757,DESPACHADA
78,416,20.36,BAG-00001758,DANIFICADA
1567,826,3.94,BAG-00001759,ENTREGUE
3108,950,13.07,BAG-00001760,ENTREGUE
3838,361,7.6,BAG-00001761,DESPACHADA
2819,465,8.43,BAG-00001762,ENTREGUE
1083,409,6.45,BAG-00001763,DESPACHADA
4387,100,3.83,BAG-00001764,EXTRAVIADA
84,254,28.38,BAG-00001765,EM_TRANSITO
2716,827,27.94,BAG-00001766,EM_TRANSITO
1629,263,3.05,BAG-00001767,EXTRAVIADA
3626,238,2.06,BAG-00001768,ENTREGUE
1763,300,28.38,BAG-00001769,ENTREGUE
2595,820,29.99,BAG-00001770,ENTREGUE
575,402,4.55,BAG-00001771,EM_TRANSITO
4520,282,15.76,BAG-00001772,DESPACHADA
3498,856,2.43,BAG-00001773,DANIFICADA
3772,231,26.29,BAG-00001774,EXTRAVIADA
2559,319,4.77,BAG-00001775,ENTREGUE
2178,92,16.39,BAG-00001776,DESPACHADA
4492,102,14.74,BAG-00001777,EM_TRANSITO
1029,836,28.0,BAG-00001778,EXTRAVIADA
671,758,16.61,BAG-00001779,EM_TRANSITO
3292,194,5.12,BAG-00001780,ENTREGUE
2942,684,20.94,BAG-00001781,EM_TRANSITO
3409,303,6.6,BAG-00001782,EXTRAVIADA
1929,182,7.88,BAG-00001783,DANIFICADA
2835,860,10.15,BAG-00001784,ENTREGUE
1678,256,5.85,BAG-00001785,EM_TRANSITO
2701,395,8.88,BAG-00001786,ENTREGUE
915,270,7.03,BAG-00001787,DESPACHADA
1039,903,15.11,BAG-00001788,DANIFICADA
1387,57,13.68,BAG-00001789,EM_TRANSITO
195,146,16.3,BAG-00001790,DANIFICADA
3376,867,7.12,BAG-00001791,EM_TRANSITO
4195,925,19.43,BAG-00001792,ENTREGUE
4247,489,6.26,BAG-00001793,DANIFICADA
3018,715,5.19,BAG-00001794,DANIFICADA
2227,38,5.76,BAG-00001795,EXTRAVIADA
1396,314,3.48,BAG-00001796,ENTREGUE
1709,124,7.28,BAG-00001797,DESPACHADA
157,72,21.09,BAG-00001798,ENTREGUE
3601,294,13.41,BAG-00001799,DESPACHADA
1127,554,8.25,BAG-00001800,EXTRAVIADA
4004,221,9.7,BAG-00001801,EXTRAVIADA
3983,883,4.77,BAG-00001802,DANIFICADA
4082,879,14.39,BAG-00001803,DANIFICADA
2684,732,26.27,BAG-00001804,DESPACHADA
4032,620,22.44,BAG-00001805,DANIFICADA
2901,177,12.37,BAG-00001806,ENTREGUE
1515,718,5.15,BAG-00001807,EM_TRANSITO
3405,77,13.69,BAG-00001808,DESPACHADA
10,997,4.8,BAG-00001809,ENTREGUE
3645,59,3.39,BAG-00001810,EM_TRANSITO
660,594,28.78,BAG-00001811,EXTRAVIADA
4881,150,15.27,BAG-00001812,EXTRAVIADA
3843,450,8.7,BAG-00001813,DESPACHADA
3982,447,25.15,BAG-00001814,DESPACHADA
1898,124,6.59,BAG-00001815,EM_TRANSITO
2695,556,25.06,BAG-00001816,EXTRAVIADA
693,291,13.77,BAG-00001817,DESPACHADA
3350,964,12.12,BAG-00001818,DANIFICADA
1820,771,15.28,BAG-00001819,ENTREGUE
1259,890,8.93,BAG-00001820,EM_TRANSITO
1598,131,6.78,BAG-00001821,EXTRAVIADA
2512,627,11.13,BAG-00001822,DESPACHADA
2606,715,8.53,BAG-00001823,DESPACHADA
4163,557,12.09,BAG-00001824,ENTREGUE
3141,837,7.16,BAG-00001825,DANIFICADA
196,933,7.62,BAG-00001826,DESPACHADA
1217,578,11.79,BAG-00001827,EXTRAVIADA
1246,583,11.57,BAG-00001828,DANIFICADA
2242,9,16.91,BAG-00001829,EM_TRANSITO
237,170,9.65,BAG-00001830,ENTREGUE
321,443,6.49,BAG-00001831,ENTREGUE
1324,812,5.2,BAG-00001832,EM_TRANSITO
1122,975,6.06,BAG-00001833,DESPACHADA
1331,242,7.67,BAG-00001834,DANIFICADA
1657,328,2.14,BAG-00001835,EM_TRANSITO
1981,967,6.13,BAG-00001836,DANIFICADA
3388,431,12.91,BAG-00001837,EM_TRANSITO
641,902,2.26,BAG-00001838,EM_TRANSITO
2386,650,7.29,BAG-00001839,EXTRAVIADA
2082,385,16.42,BAG-00001840,EM_TRANSITO
820,413,4.92,BAG-00001841,EM_TRANSITO
345,206,31.94,BAG-00001842,EM_TRANSITO
2031,388,20.82,BAG-00001843,DANIFICADA
3890,692,3.19,BAG-00001844,DANIFICADA
4273,393,20.03,BAG-00001845,EXTRAVIADA
4338,775,15.2,BAG-00001846,ENTREGUE
1342,635,10.93,BAG-00001847,DANIFICADA
3333,731,16.6,BAG-00001848,DANIFICADA
3217,310,19.15,BAG-00001849,DANIFICADA
1908,515,8.03,BAG-00001850,EM_TRANSITO
2524,35,3.7,BAG-00001851,DANIFICADA
405,402,6.81,BAG-00001852,EXTRAVIADA
3886,2,7.61,BAG-00001853,DESPACHADA
1214,292,21.71,BAG-00001854,DESPACHADA
673,401,11.93,BAG-00001855,DANIFICADA
353,574,2.71,BAG-00001856,EM_TRANSITO
4992,161,6.3,BAG-00001857,DESPACHADA
2298,376,2.97,BAG-00001858,ENTREGUE
3084,566,17.16,BAG-00001859,ENTREGUE
4295,619,10.45,BAG-00001860,DESPACHADA
1590,129,13.39,BAG-00001861,ENTREGUE
1356,933,6.46,BAG-00001862,ENTREGUE
960,39,6.65,BAG-00001863,EXTRAVIADA
3582,937,17.66,BAG-00001864,EM_TRANSITO
66,243,11.36,BAG-00001865,ENTREGUE
4604,331,11.7,BAG-00001866,EXTRAVIADA
1680,23,9.74,BAG-00001867,DESPACHADA
4067,59,2.68,BAG-00001868,EM_TRANSITO
1520,206,17.31,BAG-00001869,EM_TRANSITO
2757,610,3.6,BAG-00001870,DANIFICADA
554,935,12.61,BAG-00001871,EXTRAVIADA
2389,416,30.36,BAG-00001872,ENTREGUE
356,241,11.17,BAG-00001873,EM_TRANSITO
4850,644,19.8,BAG-00001874,ENTREGUE
2833,376,19.79,BAG-00001875,EM_TRANSITO
82,588,23.55,BAG-00001876,DANIFICADA
1869,176,16.18,BAG-00001877,ENTREGUE
3688,414,25.59,BAG-00001878,DESPACHADA
491,284,17.04,BAG-00001879,DESPACHADA
9,242,12.35,BAG-00001880,EM_TRANSITO
4596,723,6.06,BAG-00001881,EXTRAVIADA
1155,396,22.13,BAG-00001882,DANIFICADA
3656,989,23.34,BAG-00001883,EXTRAVIADA
3811,17,11.32,BAG-00001884,EXTRAVIADA
1183,564,11.72,BAG-00001885,DANIFICADA
4079,670,6.01,BAG-00001886,DANIFICADA
2754,990,19.79,BAG-00001887,DESPACHADA
2057,256,5.7,BAG-00001888,EM_TRANSITO
1050,54,24.49,BAG-00001889,ENTREGUE
3666,472,31.81,BAG-00001890,DANIFICADA
2263,701,5.35,BAG-00001891,DESPACHADA
3435,810,21.69,BAG-00001892,DESPACHADA
1492,730,18.78,BAG-00001893,EM_TRANSITO
992,722,18.47,BAG-00001894,EXTRAVIADA
4153,570,22.18,BAG-00001895,DANIFICADA
63,419,2.94,BAG-00001896,DESPACHADA
1179,851,6.71,BAG-00001897,ENTREGUE
2691,802,6.04,BAG-00001898,EM_TRANSITO
2384,466,18.02,BAG-00001899,EXTRAVIADA
2189,604,15.42,BAG-00001900,DESPACHADA
506,331,14.65,BAG-00001901,DESPACHADA
2698,660,15.7,BAG-00001902,EM_TRANSITO
4237,366,6.2,BAG-00001903,ENTREGUE
4224,724,4.1,BAG-00001904,DANIFICADA
3997,162,2.56,BAG-00001905,ENTREGUE
2119,463,9.16,BAG-00001906,EM_TRANSITO
1212,314,14.02,BAG-00001907,DESPACHADA
1240,880,13.17,BAG-00001908,DESPACHADA
3351,777,12.7,BAG-00001909,EM_TRANSITO
2811,416,22.58,BAG-00001910,DANIFICADA
4079,1,6.61,BAG-00001911,EXTRAVIADA
3505,950,14.98,BAG-00001912,DANIFICADA
4875,44,6.08,BAG-00001913,DANIFICADA
2581,870,3.98,BAG-00001914,DESPACHADA
4288,609,10.38,BAG-00001915,ENTREGUE
1561,200,9.78,BAG-00001916,EXTRAVIADA
4079,832,5.43,BAG-00001917,EXTRAVIADA
1138,836,14.8,BAG-00001918,DESPACHADA
2009,795,3.27,BAG-00001919,ENTREGUE
2522,96,10.81,BAG-00001920,DANIFICADA
4921,126,3.62,BAG-00001921,EXTRAVIADA
33,244,3.34,BAG-00001922,EXTRAVIADA
820,648,14.4,BAG-00001923,DANIFICADA
2622,910,16.18,BAG-00001924,DESPACHADA
4407,197,3.91,BAG-00001925,EXTRAVIADA
507,711,22.93,BAG-00001926,EM_TRANSITO
696,976,31.26,BAG-00001927,EM_TRANSITO
95,413,31.39,BAG-00001928,DESPACHADA
1506,460,20.71,BAG-00001929,EM_TRANSITO
2214,505,3.99,BAG-00001930,DANIFICADA
4260,325,4.8,BAG-00001931,DESPACHADA
323,286,28.28,BAG-00001932,EM_TRANSITO
3749,347,11.45,BAG-00001933,ENTREGUE
2291,949,4.57,BAG-00001934,DESPACHADA
1535,95,12.63,BAG-00001935,EXTRAVIADA
3278,22,12.78,BAG-00001936,DANIFICADA
3851,677,11.48,BAG-00001937,DESPACHADA
3995,505,7.82,BAG-00001938,DESPACHADA
3889,495,14.98,BAG-00001939,DESPACHADA
4430,124,3.36,BAG-00001940,EXTRAVIADA
3927,153,16.85,BAG-00001941,EXTRAVIADA
4904,753,24.63,BAG-00001942,DANIFICADA
2812,506,4.49,BAG-00001943,ENTREGUE
789,431,18.76,BAG-00001944,DANIFICADA
1715,748,16.49,BAG-00001945,EXTRAVIADA
294,552,14.33,BAG-00001946,ENTREGUE
3736,584,15.17,BAG-00001947,EM_TRANSITO
1687,770,11.1,BAG-00001948,EXTRAVIADA
1036,224,16.19,BAG-00001949,EM_TRANSITO
258,754,6.61,BAG-00001950,EM_TRANSITO
1482,303,9.85,BAG-00001951,DANIFICADA
4805,33,28.97,BAG-00001952,EXTRAVIADA
1659,397,9.32,BAG-00001953,DANIFICADA
4044,824,25.76,BAG-00001954,EM_TRANSITO
3521,832,7.26,BAG-00001955,EM_TRANSITO
2947,307,9.69,BAG-00001956,ENTREGUE
1213,426,29.84,BAG-00001957,EM_TRANSITO
4740,519,9.58,BAG-00001958,DESPACHADA
965,544,9.15,BAG-00001959,DANIFICADA
4587,24,11.99,BAG-00001960,DANIFICADA
1778,542,19.84,BAG-00001961,ENTREGUE
2869,826,23.05,BAG-00001962,DESPACHADA
2752,80,24.85,BAG-00001963,EM_TRANSITO
2421,76,29.02,BAG-00001964,DESPACHADA
2155,888,22.7,BAG-00001965,DESPACHADA
2609,472,12.63,BAG-00001966,EXTRAVIADA
2174,430,5.63,BAG-00001967,ENTREGUE
1024,493,6.5,BAG-00001968,DESPACHADA
2928,700,31.25,BAG-00001969,DANIFICADA
772,112,24.42,BAG-00001970,EXTRAVIADA
1161,534,7.62,BAG-00001971,EXTRAVIADA
1676,916,8.22,BAG-00001972,EXTRAVIADA
4065,57,10.36,BAG-00001973,EM_TRANSITO
4435,64,17.8,BAG-00001974,ENTREGUE
3975,604,11.01,BAG-00001975,DESPACHADA
4299,337,4.11,BAG-00001976,DESPACHADA
787,663,9.46,BAG-00001977,DANIFICADA
602,168,30.15,BAG-00001978,EM_TRANSITO
417,227,3.44,BAG-00001979,ENTREGUE
1855,366,2.47,BAG-00001980,ENTREGUE
2961,781,12.13,BAG-00001981,EXTRAVIADA
3988,225,19.15,BAG-00001982,EXTRAVIADA
4711,782,8.54,BAG-00001983,ENTREGUE
416,15,4.89,BAG-00001984,EXTRAVIADA
1091,74,31.27,BAG-00001985,EXTRAVIADA
3205,799,11.1,BAG-00001986,EM_TRANSITO
1804,916,21.07,BAG-00001987,EXTRAVIADA
3044,582,2.96,BAG-00001988,EXTRAVIADA
4261,542,8.58,BAG-00001989,DANIFICADA
2141,970,6.89,BAG-00001990,EM_TRANSITO
458,193,24.26,BAG-00001991,EM_TRANSITO
1962,124,17.02,BAG-00001992,ENTREGUE
4818,325,15.89,BAG-00001993,DANIFICADA
1068,828,7.39,BAG-00001994,EXTRAVIADA
1211,55,11.25,BAG-00001995,EM_TRANSITO
634,513,8.04,BAG-00001996,DESPACHADA
1821,186,19.64,BAG-00001997,DESPACHADA
4562,680,27.1,BAG-00001998,EM_TRANSITO
808,455,6.92,BAG-00001999,DESPACHADA
2246,789,18.74,BAG-00002000,EM_TRANSITO
4909,308,7.98,BAG-00002001,EXTRAVIADA
1730,272,26.83,BAG-00002002,EXTRAVIADA
1103,902,11.43,BAG-00002003,DANIFICADA
2905,375,14.92,BAG-00002004,ENTREGUE
4197,760,16.38,BAG-00002005,EM_TRANSITO
2190,21,14.57,BAG-00002006,EXTRAVIADA
52,449,10.75,BAG-00002007,ENTREGUE
1092,501,3.92,BAG-00002008,DESPACHADA
4681,385,26.44,BAG-00002009,EM_TRANSITO
2963,296,28.59,BAG-00002010,ENTREGUE
3089,96,17.97,BAG-00002011,DANIFICADA
1903,425,27.23,BAG-00002012,DANIFICADA
4635,408,18.62,BAG-00002013,DANIFICADA
4102,47,15.89,BAG-00002014,EM_TRANSITO
254,408,3.49,BAG-00002015,EXTRAVIADA
207,849,22.9,BAG-00002016,EM_TRANSITO
4974,77,2.09,BAG-00002017,DESPACHADA
604,126,7.27,BAG-00002018,DESPACHADA
2103,904,14.32,BAG-00002019,EXTRAVIADA
4792,716,15.13,BAG-00002020,DESPACHADA
2680,717,14.87,BAG-00002021,DESPACHADA
571,729,17.49,BAG-00002022,EM_TRANSITO
819,410,17.99,BAG-00002023,ENTREGUE
3514,946,16.65,BAG-00002024,EXTRAVIADA
4804,274,13.99,BAG-00002025,DESPACHADA
802,889,17.58,BAG-00002026,DESPACHADA
1958,604,16.91,BAG-00002027,EM_TRANSITO
4199,893,4.9,BAG-00002028,EM_TRANSITO
4101,73,16.61,BAG-00002029,ENTREGUE
2812,230,2.19,BAG-00002030,ENTREGUE
76,195,6.64,BAG-00002031,DESPACHADA
1231,83,7.12,BAG-00002032,EXTRAVIADA
4699,46,6.28,BAG-00002033,EXTRAVIADA
2266,492,10.75,BAG-00002034,EM_TRANSITO
4028,157,22.44,BAG-00002035,EM_TRANSITO
93,484,21.45,BAG-00002036,EM_TRANSITO
224,344,15.05,BAG-00002037,DANIFICADA
1181,174,6.53,BAG-00002038,DANIFICADA
2679,394,11.68,BAG-00002039,EXTRAVIADA
2037,485,12.72,BAG-00002040,EM_TRANSITO
2313,567,5.97,BAG-00002041,EM_TRANSITO
4393,715,12.7,BAG-00002042,EXTRAVIADA
3404,912,2.63,BAG-00002043,DANIFICADA
1297,304,5.72,BAG-00002044,DANIFICADA
3448,303,3.03,BAG-00002045,EXTRAVIADA
4043,411,14.9,BAG-00002046,ENTREGUE
4749,394,26.1,BAG-00002047,DANIFICADA
868,922,9.2,BAG-00002048,DANIFICADA
272,856,24.72,BAG-00002049,EXTRAVIADA
2951,476,29.46,BAG-00002050,ENTREGUE
3702,680,22.37,BAG-00002051,ENTREGUE
632,675,5.13,BAG-00002052,EM_TRANSITO
226,72,5.4,BAG-00002053,EM_TRANSITO
3860,74,27.56,BAG-00002054,EM_TRANSITO
3975,960,7.19,BAG-00002055,ENTREGUE
2631,176,21.14,BAG-00002056,EXTRAVIADA
1148,557,10.76,BAG-00002057,EM_TRANSITO
4828,848,17.51,BAG-00002058,EM_TRANSITO
1407,999,4.09,BAG-00002059,DESPACHADA
666,877,2.83,BAG-00002060,DESPACHADA
3164,65,12.12,BAG-00002061,DESPACHADA
4388,4,17.75,BAG-00002062,EXTRAVIADA
3686,751,19.71,BAG-00002063,ENTREGUE
2448,175,14.29,BAG-00002064,DESPACHADA
3230,945,24.4,BAG-00002065,DANIFICADA
2438,359,9.92,BAG-00002066,ENTREGUE
3993,858,25.69,BAG-00002067,EM_TRANSITO
3667,28,2.25,BAG-00002068,ENTREGUE
3509,402,7.66,BAG-00002069,EXTRAVIADA
3024,550,10.78,BAG-00002070,DANIFICADA
4541,412,18.01,BAG-00002071,DANIFICADA
2891,946,11.22,BAG-00002072,ENTREGUE
583,289,2.31,BAG-00002073,ENTREGUE
133,457,6.42,BAG-00002074,EXTRAVIADA
4477,371,10.21,BAG-00002075,ENTREGUE
1079,401,12.63,BAG-00002076,EXTRAVIADA
993,723,5.93,BAG-00002077,DESPACHADA
165,909,28.13,BAG-00002078,EM_TRANSITO
1527,721,3.37,BAG-00002079,DESPACHADA
4407,118,7.71,BAG-00002080,DANIFICADA
983,217,5.09,BAG-00002081,DESPACHADA
2125,951,19.22,BAG-00002082,DANIFICADA
1582,339,6.3,BAG-00002083,EXTRAVIADA
2480,10,14.0,BAG-00002084,DANIFICADA
3537,928,24.53,BAG-00002085,DESPACHADA
96,927,20.72,BAG-00002086,DANIFICADA
2516,806,29.32,BAG-00002087,EXTRAVIADA
1721,927,23.88,BAG-00002088,DESPACHADA
744,549,26.77,BAG-00002089,EM_TRANSITO
3112,362,9.77,BAG-00002090,EM_TRANSITO
4188,24,21.99,BAG-00002091,DANIFICADA
34,374,31.36,BAG-00002092,ENTREGUE
1583,648,9.07,BAG-00002093,EXTRAVIADA
4045,907,8.27,BAG-00002094,EXTRAVIADA
3610,188,18.27,BAG-00002095,DANIFICADA
2771,840,7.81,BAG-00002096,DANIFICADA
3492,886,22.67,BAG-00002097,EM_TRANSITO
2024,526,18.51,BAG-00002098,DANIFICADA
3548,508,7.65,BAG-00002099,DESPACHADA
186,993,29.14,BAG-00002100,DESPACHADA
360,819,2.32,BAG-00002101,DANIFICADA
1175,957,12.84,BAG-00002102,EXTRAVIADA
2298,784,8.55,BAG-00002103,EXTRAVIADA
3888,989,3.34,BAG-00002104,EM_TRANSITO
3960,218,2.98,BAG-00002105,EM_TRANSITO
1225,199,5.87,BAG-00002106,DANIFICADA
587,988,22.57,BAG-00002107,ENTREGUE
2296,998,3.34,BAG-00002108,ENTREGUE
3694,304,12.72,BAG-00002109,EXTRAVIADA
915,391,9.72,BAG-00002110,ENTREGUE
1460,607,4.12,BAG-00002111,EM_TRANSITO
1028,906,2.42,BAG-00002112,EXTRAVIADA
1411,306,28.53,BAG-00002113,EM_TRANSITO
4335,629,14.55,BAG-00002114,DANIFICADA
1866,551,9.74,BAG-00002115,EXTRAVIADA
4673,112,29.77,BAG-00002116,EM_TRANSITO
231,21,6.47,BAG-00002117,EM_TRANSITO
352,637,12.28,BAG-00002118,DANIFICADA
2191,150,11.3,BAG-00002119,EM_TRANSITO
756,655,4.77,BAG-00002120,DESPACHADA
2579,624,14.9,BAG-00002121,DANIFICADA
282,411,2.76,BAG-00002122,ENTREGUE
2438,605,17.94,BAG-00002123,DESPACHADA
2454,272,12.68,BAG-00002124,DESPACHADA
1471,835,3.2,BAG-00002125,DESPACHADA
3351,240,11.12,BAG-00002126,EM_TRANSITO
3,934,6.23,BAG-00002127,EXTRAVIADA
2972,918,19.47,BAG-00002128,DESPACHADA
749,396,2.24,BAG-00002129,DANIFICADA
2750,933,25.93,BAG-00002130,DANIFICADA
557,639,12.55,BAG-00002131,EXTRAVIADA
510,821,5.7,BAG-00002132,DANIFICADA
4610,613,10.75,BAG-00002133,DESPACHADA
4022,774,7.4,BAG-00002134,EXTRAVIADA
4222,209,2.18,BAG-00002135,ENTREGUE
359,902,13.0,BAG-00002136,EM_TRANSITO
3991,737,11.28,BAG-00002137,EM_TRANSITO
2029,542,5.17,BAG-00002138,EM_TRANSITO
3042,516,13.59,BAG-00002139,ENTREGUE
2722,10,4.43,BAG-00002140,EXTRAVIADA
3955,51,10.51,BAG-00002141,ENTREGUE
4860,541,7.53,BAG-00002142,EXTRAVIADA
3485,223,10.8,BAG-00002143,DANIFICADA
4392,198,2.99,BAG-00002144,DESPACHADA
4426,397,11.92,BAG-00002145,ENTREGUE
4084,191,25.78,BAG-00002146,EXTRAVIADA
1331,890,15.53,BAG-00002147,DESPACHADA
4180,504,22.84,BAG-00002148,DESPACHADA
2110,215,12.23,BAG-00002149,EXTRAVIADA
3859,352,19.49,BAG-00002150,DANIFICADA
601,581,6.21,BAG-00002151,ENTREGUE
1977,809,30.81,BAG-00002152,DANIFICADA
100,537,11.62,BAG-00002153,EXTRAVIADA
4816,74,28.44,BAG-00002154,EM_TRANSITO
662,245,10.07,BAG-00002155,ENTREGUE
3204,655,13.08,BAG-00002156,DANIFICADA
4585,635,9.6,BAG-00002157,DANIFICADA
3768,991,13.77,BAG-00002158,DANIFICADA
1590,463,4.84,BAG-00002159,EM_TRANSITO
1313,58,17.93,BAG-00002160,DANIFICADA
723,563,2.8,BAG-00002161,ENTREGUE
3920,688,18.03,BAG-00002162,DESPACHADA
3633,752,22.7,BAG-00002163,DESPACHADA
231,363,11.06,BAG-00002164,ENTREGUE
2293,854,11.12,BAG-00002165,DANIFICADA
3875,754,14.49,BAG-00002166,DANIFICADA
1242,856,8.81,BAG-00002167,EM_TRANSITO
3856,80,28.56,BAG-00002168,EXTRAVIADA
152,263,11.38,BAG-00002169,DANIFICADA
4865,429,12.1,BAG-00002170,DESPACHADA
1165,829,10.18,BAG-00002171,EM_TRANSITO
3263,965,4.62,BAG-00002172,DANIFICADA
3073,494,8.21,BAG-00002173,DANIFICADA
364,246,24.94,BAG-00002174,EXTRAVIADA
3288,284,2.05,BAG-00002175,EXTRAVIADA
3286,98,3.15,BAG-00002176,DESPACHADA
1240,289,18.71,BAG-00002177,ENTREGUE
3361,790,14.67,BAG-00002178,EXTRAVIADA
2454,47,2.08,BAG-00002179,ENTREGUE
612,880,23.96,BAG-00002180,DESPACHADA
2526,362,2.24,BAG-00002181,DESPACHADA
1600,470,14.71,BAG-00002182,DESPACHADA
2742,367,13.89,BAG-00002183,DANIFICADA
143,562,8.44,BAG-00002184,EXTRAVIADA
3574,203,7.55,BAG-00002185,EM_TRANSITO
215,261,5.14,BAG-00002186,ENTREGUE
1709,669,10.7,BAG-00002187,DESPACHADA
1318,855,5.53,BAG-00002188,ENTREGUE
3144,969,20.29,BAG-00002189,DANIFICADA
1972,266,7.15,BAG-00002190,EXTRAVIADA
2758,45,17.45,BAG-00002191,EM_TRANSITO
3143,581,6.62,BAG-00002192,EXTRAVIADA
4071,261,5.22,BAG-00002193,DESPACHADA
1839,692,22.78,BAG-00002194,EM_TRANSITO
582,559,6.18,BAG-00002195,ENTREGUE
160,404,14.04,BAG-00002196,DANIFICADA
2633,587,14.39,BAG-00002197,ENTREGUE
4166,142,8.2,BAG-00002198,DESPACHADA
1434,839,2.73,BAG-00002199,EXTRAVIADA
148,662,12.08,BAG-00002200,ENTREGUE
3939,878,7.37,BAG-00002201,EM_TRANSITO
1554,885,13.68,BAG-00002202,EXTRAVIADA
668,576,5.95,BAG-00002203,EM_TRANSITO
2039,26,28.68,BAG-00002204,EXTRAVIADA
684,209,14.47,BAG-00002205,ENTREGUE
3675,258,6.23,BAG-00002206,DESPACHADA
763,332,26.29,BAG-00002207,DANIFICADA
988,978,13.58,BAG-00002208,ENTREGUE
2887,8,25.05,BAG-00002209,EM_TRANSITO
2737,117,15.01,BAG-00002210,DESPACHADA
692,112,21.84,BAG-00002211,DANIFICADA
3431,440,4.82,BAG-00002212,DESPACHADA
1808,800,27.97,BAG-00002213,ENTREGUE
3867,431,7.34,BAG-00002214,ENTREGUE
1487,767,10.45,BAG-00002215,DANIFICADA
2152,46,30.0,BAG-00002216,EM_TRANSITO
119,831,8.58,BAG-00002217,DESPACHADA
1096,401,10.3,BAG-00002218,EM_TRANSITO
2982,559,10.7,BAG-00002219,DANIFICADA
1880,394,10.11,BAG-00002220,DANIFICADA
2322,923,3.63,BAG-00002221,DANIFICADA
3914,586,18.81,BAG-00002222,EM_TRANSITO
3813,660,30.54,BAG-00002223,ENTREGUE
679,17,13.07,BAG-00002224,ENTREGUE
91,741,4.91,BAG-00002225,EXTRAVIADA
2569,26,22.6,BAG-00002226,DESPACHADA
527,676,12.15,BAG-00002227,DESPACHADA
3263,74,18.65,BAG-00002228,EM_TRANSITO
709,290,3.81,BAG-00002229,EM_TRANSITO
901,704,5.08,BAG-00002230,DESPACHADA
4841,563,6.31,BAG-00002231,EM_TRANSITO
1491,72,27.81,BAG-00002232,ENTREGUE
1972,228,26.48,BAG-00002233,DANIFICADA
4596,881,4.69,BAG-00002234,EM_TRANSITO
1073,57,2.59,BAG-00002235,EXTRAVIADA
3716,675,8.5,BAG-00002236,EXTRAVIADA
2215,71,12.53,BAG-00002237,EXTRAVIADA
1613,602,5.15,BAG-00002238,DESPACHADA
4366,819,2.58,BAG-00002239,EXTRAVIADA
1464,666,27.58,BAG-00002240,ENTREGUE
4036,25,7.21,BAG-00002241,ENTREGUE
4198,585,14.25,BAG-00002242,DESPACHADA
3452,212,11.62,BAG-00002243,DANIFICADA
1726,548,2.19,BAG-00002244,DANIFICADA
2772,679,3.92,BAG-00002245,EM_TRANSITO
3571,640,12.56,BAG-00002246,EM_TRANSITO
4325,757,3.21,BAG-00002247,DANIFICADA
4867,962,4.37,BAG-00002248,DESPACHADA
58,460,3.94,BAG-00002249,DESPACHADA
1502,228,9.67,BAG-00002250,ENTREGUE
2142,867,8.05,BAG-00002251,ENTREGUE
1703,364,10.32,BAG-00002252,ENTREGUE
229,7,6.05,BAG-00002253,DANIFICADA
671,372,2.73,BAG-00002254,DANIFICADA
4093,234,6.87,BAG-00002255,EM_TRANSITO
4496,73,12.44,BAG-00002256,DANIFICADA
2267,787,29.33,BAG-00002257,DESPACHADA
3321,491,14.59,BAG-00002258,ENTREGUE
984,981,12.2,BAG-00002259,EXTRAVIADA
3121,523,11.93,BAG-00002260,DESPACHADA
3186,210,11.14,BAG-00002261,DANIFICADA
3340,980,25.53,BAG-00002262,DESPACHADA
3933,12,23.72,BAG-00002263,ENTREGUE
4523,638,11.09,BAG-00002264,EM_TRANSITO
4358,818,2.22,BAG-00002265,DANIFICADA
2976,954,11.87,BAG-00002266,EM_TRANSITO
998,689,15.1,BAG-00002267,DESPACHADA
1148,590,21.35,BAG-00002268,ENTREGUE
3498,408,9.06,BAG-00002269,EM_TRANSITO
2832,675,8.41,BAG-00002270,EM_TRANSITO
3812,457,17.26,BAG-00002271,DANIFICADA
155,748,26.28,BAG-00002272,EXTRAVIADA
98,162,3.16,BAG-00002273,EM_TRANSITO
1451,644,26.86,BAG-00002274,ENTREGUE
3667,842,4.26,BAG-00002275,DANIFICADA
4269,522,16.65,BAG-00002276,EM_TRANSITO
3588,568,16.74,BAG-00002277,EXTRAVIADA
4094,99,4.64,BAG-00002278,EM_TRANSITO
3370,547,25.63,BAG-00002279,EXTRAVIADA
4679,95,6.11,BAG-00002280,DANIFICADA
3482,146,5.2,BAG-00002281,EXTRAVIADA
3594,683,3.01,BAG-00002282,ENTREGUE
2515,376,27.13,BAG-00002283,ENTREGUE
1083,229,14.69,BAG-00002284,DANIFICADA
2531,688,14.44,BAG-00002285,EM_TRANSITO
1007,666,5.31,BAG-00002286,ENTREGUE
4764,328,19.75,BAG-00002287,ENTREGUE
3126,39,5.27,BAG-00002288,EM_TRANSITO
801,278,7.31,BAG-00002289,DESPACHADA
3722,44,15.74,BAG-00002290,DANIFICADA
3356,706,31.21,BAG-00002291,ENTREGUE
762,370,12.69,BAG-00002292,EXTRAVIADA
1894,638,7.73,BAG-00002293,DANIFICADA
4573,168,21.15,BAG-00002294,DANIFICADA
35,624,15.47,BAG-00002295,DANIFICADA
1743,746,12.98,BAG-00002296,DESPACHADA
4736,387,23.39,BAG-00002297,DESPACHADA
1232,603,7.73,BAG-00002298,DESPACHADA
4101,95,14.27,BAG-00002299,DANIFICADA
3130,661,4.23,BAG-00002300,ENTREGUE
580,344,3.46,BAG-00002301,DANIFICADA
1372,829,20.95,BAG-00002302,EM_TRANSITO
4939,172,17.49,BAG-00002303,DANIFICADA
1099,408,8.99,BAG-00002304,EM_TRANSITO
1268,489,16.03,BAG-00002305,ENTREGUE
2277,775,6.35,BAG-00002306,DANIFICADA
2095,64,12.05,BAG-00002307,DESPACHADA
1010,519,8.51,BAG-00002308,ENTREGUE
1685,326,17.92,BAG-00002309,ENTREGUE
1070,152,6.94,BAG-00002310,DANIFICADA
1375,31,20.53,BAG-00002311,ENTREGUE
4331,1000,6.91,BAG-00002312,DANIFICADA
1543,843,17.63,BAG-00002313,DESPACHADA
3143,863,11.07,BAG-00002314,ENTREGUE
4007,752,13.07,BAG-00002315,EM_TRANSITO
1201,402,2.27,BAG-00002316,EM_TRANSITO
4541,574,24.08,BAG-00002317,EXTRAVIADA
4087,987,20.85,BAG-00002318,ENTREGUE
2389,864,10.15,BAG-00002319,EXTRAVIADA
3692,128,27.02,BAG-00002320,EXTRAVIADA
4116,785,5.85,BAG-00002321,EM_TRANSITO
4432,589,26.08,BAG-00002322,EXTRAVIADA
2538,328,22.11,BAG-00002323,DANIFICADA
440,22,15.25,BAG-00002324,DANIFICADA
3460,142,2.26,BAG-00002325,EXTRAVIADA
3795,926,27.47,BAG-00002326,DESPACHADA
872,437,3.41,BAG-00002327,DESPACHADA
3103,179,10.64,BAG-00002328,ENTREGUE
4299,253,31.52,BAG-00002329,EM_TRANSITO
3443,83,10.29,BAG-00002330,EM_TRANSITO
971,519,3.36,BAG-00002331,ENTREGUE
3032,288,6.1,BAG-00002332,EM_TRANSITO
4007,389,7.79,BAG-00002333,DANIFICADA
1010,273,24.72,BAG-00002334,ENTREGUE
70,414,16.69,BAG-00002335,EXTRAVIADA
3810,720,18.25,BAG-00002336,ENTREGUE
2219,907,28.3,BAG-00002337,DANIFICADA
3940,295,9.69,BAG-00002338,DANIFICADA
1051,586,24.9,BAG-00002339,EM_TRANSITO
3206,704,8.4,BAG-00002340,EM_TRANSITO
1699,382,5.71,BAG-00002341,DESPACHADA
1274,544,9.44,BAG-00002342,ENTREGUE
2096,365,27.37,BAG-00002343,DESPACHADA
1406,224,18.12,BAG-00002344,EXTRAVIADA
4561,146,19.13,BAG-00002345,ENTREGUE
4148,930,9.0,BAG-00002346,EM_TRANSITO
4880,658,14.03,BAG-00002347,DANIFICADA
3285,149,22.19,BAG-00002348,EM_TRANSITO
4632,733,17.18,BAG-00002349,ENTREGUE
4933,892,28.74,BAG-00002350,DESPACHADA
1516,677,14.0,BAG-00002351,EM_TRANSITO
1381,709,15.54,BAG-00002352,EXTRAVIADA
1795,492,19.01,BAG-00002353,DANIFICADA
2202,434,26.74,BAG-00002354,EM_TRANSITO
101,388,29.16,BAG-00002355,EXTRAVIADA
1138,646,17.88,BAG-00002356,DANIFICADA
2026,382,7.05,BAG-00002357,EM_TRANSITO
3441,444,10.19,BAG-00002358,ENTREGUE
1931,526,4.9,BAG-00002359,DANIFICADA
1393,9,7.1,BAG-00002360,DANIFICADA
3951,362,7.81,BAG-00002361,DESPACHADA
359,7,14.67,BAG-00002362,ENTREGUE
4533,640,2.44,BAG-00002363,ENTREGUE
2690,91,18.7,BAG-00002364,EM_TRANSITO
839,434,9.96,BAG-00002365,EM_TRANSITO
1296,868,21.78,BAG-00002366,DANIFICADA
2366,995,3.16,BAG-00002367,DESPACHADA
4250,224,4.1,BAG-00002368,DANIFICADA
3533,140,13.99,BAG-00002369,DESPACHADA
625,549,13.58,BAG-00002370,EXTRAVIADA
3896,612,4.18,BAG-00002371,EM_TRANSITO
369,825,16.2,BAG-00002372,ENTREGUE
62,312,12.16,BAG-00002373,DESPACHADA
3896,874,7.41,BAG-00002374,ENTREGUE
1010,305,9.77,BAG-00002375,ENTREGUE
1674,430,4.69,BAG-00002376,DESPACHADA
2027,952,21.38,BAG-00002377,EXTRAVIADA
3644,837,13.38,BAG-00002378,ENTREGUE
3372,954,2.27,BAG-00002379,DANIFICADA
4470,244,2.56,BAG-00002380,ENTREGUE
3927,237,5.81,BAG-00002381,DANIFICADA
3088,897,5.97,BAG-00002382,DESPACHADA
3820,617,16.36,BAG-00002383,DANIFICADA
2740,861,2.94,BAG-00002384,ENTREGUE
2120,343,10.42,BAG-00002385,EXTRAVIADA
4087,305,14.91,BAG-00002386,DESPACHADA
2450,247,9.62,BAG-00002387,EXTRAVIADA
3789,120,16.43,BAG-00002388,DESPACHADA
1565,966,24.07,BAG-00002389,ENTREGUE
1137,315,3.71,BAG-00002390,ENTREGUE
2116,531,11.4,BAG-00002391,ENTREGUE
4551,917,6.61,BAG-00002392,DANIFICADA
2604,235,15.54,BAG-00002393,DANIFICADA
753,543,10.74,BAG-00002394,ENTREGUE
293,836,10.96,BAG-00002395,DESPACHADA
732,534,28.56,BAG-00002396,EM_TRANSITO
2479,104,6.17,BAG-00002397,DESPACHADA
491,329,9.6,BAG-00002398,EM_TRANSITO
1762,605,10.16,BAG-00002399,DANIFICADA
1914,826,30.64,BAG-00002400,EXTRAVIADA
1573,913,27.86,BAG-00002401,EM_TRANSITO
545,249,8.9,BAG-00002402,DESPACHADA
2927,318,11.2,BAG-00002403,EXTRAVIADA
303,667,23.54,BAG-00002404,ENTREGUE
4794,396,7.83,BAG-00002405,DANIFICADA
578,335,17.53,BAG-00002406,ENTREGUE
2222,380,24.17,BAG-00002407,EM_TRANSITO
2097,696,2.13,BAG-00002408,EXTRAVIADA
1153,954,9.14,BAG-00002409,ENTREGUE
2921,774,20.76,BAG-00002410,ENTREGUE
1962,48,6.06,BAG-00002411,EXTRAVIADA
3058,684,6.45,BAG-00002412,EM_TRANSITO
1755,929,25.19,BAG-00002413,DANIFICADA
1912,918,10.82,BAG-00002414,ENTREGUE
2886,299,3.76,BAG-00002415,EM_TRANSITO
345,751,11.72,BAG-00002416,ENTREGUE
3898,447,9.38,BAG-00002417,DANIFICADA
4774,183,10.42,BAG-00002418,EM_TRANSITO
1654,511,22.07,BAG-00002419,DESPACHADA
2124,166,23.32,BAG-00002420,EXTRAVIADA
2732,398,9.16,BAG-00002421,DESPACHADA
2016,727,28.71,BAG-00002422,ENTREGUE
2647,725,18.14,BAG-00002423,DANIFICADA
1720,42,5.83,BAG-00002424,DESPACHADA
1481,334,22.49,BAG-00002425,EXTRAVIADA
1620,306,23.37,BAG-00002426,DESPACHADA
307,624,2.86,BAG-00002427,ENTREGUE
1516,946,3.27,BAG-00002428,EM_TRANSITO
22,198,19.88,BAG-00002429,DANIFICADA
3081,28,17.2,BAG-00002430,ENTREGUE
2333,544,13.79,BAG-00002431,ENTREGUE
2936,838,21.95,BAG-00002432,ENTREGUE
831,595,6.17,BAG-00002433,EM_TRANSITO
2856,590,2.19,BAG-00002434,EXTRAVIADA
245,322,9.37,BAG-00002435,ENTREGUE
555,467,18.2,BAG-00002436,EM_TRANSITO
691,955,9.9,BAG-00002437,ENTREGUE
3000,83,2.87,BAG-00002438,DANIFICADA
4276,491,19.18,BAG-00002439,DESPACHADA
2957,203,9.27,BAG-00002440,DANIFICADA
981,194,9.32,BAG-00002441,DANIFICADA
3094,701,5.5,BAG-00002442,DANIFICADA
209,210,4.7,BAG-00002443,EM_TRANSITO
1909,294,22.31,BAG-00002444,EM_TRANSITO
3443,567,8.29,BAG-00002445,DANIFICADA
2434,179,3.94,BAG-00002446,DESPACHADA
3555,155,4.28,BAG-00002447,ENTREGUE
1910,548,11.11,BAG-00002448,DANIFICADA
2306,805,19.69,BAG-00002449,EM_TRANSITO
1032,181,3.72,BAG-00002450,DANIFICADA
3836,246,15.33,BAG-00002451,ENTREGUE
3730,898,3.67,BAG-00002452,DANIFICADA
922,50,6.04,BAG-00002453,DESPACHADA
4698,629,15.78,BAG-00002454,ENTREGUE
4137,382,4.87,BAG-00002455,ENTREGUE
1995,299,2.32,BAG-00002456,ENTREGUE
4836,434,9.5,BAG-00002457,EM_TRANSITO
3592,22,17.81,BAG-00002458,DESPACHADA
4445,430,9.26,BAG-00002459,ENTREGUE
392,36,3.59,BAG-00002460,DESPACHADA
2442,231,12.03,BAG-00002461,ENTREGUE
1018,410,17.77,BAG-00002462,EXTRAVIADA
1149,179,4.4,BAG-00002463,EXTRAVIADA
854,534,23.69,BAG-00002464,EXTRAVIADA
2211,370,10.07,BAG-00002465,EM_TRANSITO
168,929,3.42,BAG-00002466,EXTRAVIADA
4860,516,14.45,BAG-00002467,ENTREGUE
828,43,13.23,BAG-00002468,EXTRAVIADA
2292,1000,4.33,BAG-00002469,ENTREGUE
1728,146,16.79,BAG-00002470,DESPACHADA
4669,372,16.41,BAG-00002471,EXTRAVIADA
793,279,7.28,BAG-00002472,EXTRAVIADA
4005,52,25.37,BAG-00002473,DESPACHADA
27,636,18.88,BAG-00002474,EM_TRANSITO
1045,585,18.01,BAG-00002475,DESPACHADA
354,648,20.04,BAG-00002476,DANIFICADA
890,78,19.52,BAG-00002477,DESPACHADA
4874,323,6.81,BAG-00002478,EM_TRANSITO
4128,82,10.63,BAG-00002479,EM_TRANSITO
2406,65,2.37,BAG-00002480,DANIFICADA
3584,876,22.22,BAG-00002481,DESPACHADA
1657,100,21.83,BAG-00002482,EXTRAVIADA
3378,883,8.59,BAG-00002483,ENTREGUE
843,357,4.36,BAG-00002484,ENTREGUE
4177,523,7.88,BAG-00002485,EM_TRANSITO
4767,841,4.67,BAG-00002486,DANIFICADA
4878,351,19.73,BAG-00002487,ENTREGUE
432,847,10.49,BAG-00002488,ENTREGUE
3026,454,31.3,BAG-00002489,EM_TRANSITO
1294,84,6.19,BAG-00002490,EXTRAVIADA
4105,349,2.35,BAG-00002491,EM_TRANSITO
2967,699,4.22,BAG-00002492,DANIFICADA
1496,768,8.46,BAG-00002493,EXTRAVIADA
719,621,3.25,BAG-00002494,ENTREGUE
2333,965,12.05,BAG-00002495,EXTRAVIADA
4854,149,16.3,BAG-00002496,ENTREGUE
2343,106,31.17,BAG-00002497,DANIFICADA
1844,231,4.48,BAG-00002498,DANIFICADA
1280,503,11.15,BAG-00002499,DANIFICADA
781,662,7.98,BAG-00002500,EXTRAVIADA
4779,525,27.59,BAG-00002501,ENTREGUE
1892,725,14.19,BAG-00002502,DANIFICADA
3153,781,14.84,BAG-00002503,DESPACHADA
4344,142,8.42,BAG-00002504,DESPACHADA
946,385,4.52,BAG-00002505,EM_TRANSITO
2015,689,11.51,BAG-00002506,EXTRAVIADA
4370,212,19.34,BAG-00002507,EM_TRANSITO
4392,775,9.3,BAG-00002508,DESPACHADA
2939,408,24.32,BAG-00002509,DANIFICADA
1456,746,12.22,BAG-00002510,DESPACHADA
2126,383,16.69,BAG-00002511,ENTREGUE
1068,747,7.55,BAG-00002512,DANIFICADA
2203,245,2.46,BAG-00002513,EM_TRANSITO
2983,986,2.74,BAG-00002514,EXTRAVIADA
2612,622,9.3,BAG-00002515,DANIFICADA
3077,565,13.34,BAG-00002516,EM_TRANSITO
3413,41,3.97,BAG-00002517,EXTRAVIADA
4029,779,2.83,BAG-00002518,ENTREGUE
1780,767,7.24,BAG-00002519,EXTRAVIADA
4527,93,11.83,BAG-00002520,EXTRAVIADA
1909,468,29.81,BAG-00002521,EM_TRANSITO
308,953,25.36,BAG-00002522,EXTRAVIADA
4005,101,2.61,BAG-00002523,ENTREGUE
642,693,18.16,BAG-00002524,DESPACHADA
342,236,10.67,BAG-00002525,EXTRAVIADA
4436,359,11.71,BAG-00002526,DANIFICADA
4094,553,11.96,BAG-00002527,DANIFICADA
4130,877,4.69,BAG-00002528,DANIFICADA
1673,290,15.37,BAG-00002529,DANIFICADA
4309,66,18.39,BAG-00002530,EM_TRANSITO
3817,995,4.98,BAG-00002531,DESPACHADA
15,938,6.75,BAG-00002532,DESPACHADA
3721,701,6.85,BAG-00002533,DANIFICADA
2416,557,15.48,BAG-00002534,EM_TRANSITO
1803,439,5.65,BAG-00002535,DESPACHADA
4763,974,18.56,BAG-00002536,DESPACHADA
4126,896,7.49,BAG-00002537,DESPACHADA
649,118,4.43,BAG-00002538,DESPACHADA
4095,561,12.27,BAG-00002539,DESPACHADA
4163,471,16.18,BAG-00002540,EXTRAVIADA
2923,174,19.37,BAG-00002541,EXTRAVIADA
61,602,17.02,BAG-00002542,DESPACHADA
316,245,7.89,BAG-00002543,DANIFICADA
248,862,13.92,BAG-00002544,EXTRAVIADA
2456,844,18.55,BAG-00002545,EM_TRANSITO
1770,415,10.02,BAG-00002546,DESPACHADA
733,799,11.94,BAG-00002547,EXTRAVIADA
2767,274,4.79,BAG-00002548,ENTREGUE
3080,40,24.38,BAG-00002549,EM_TRANSITO
4746,434,26.03,BAG-00002550,EXTRAVIADA
3907,69,16.72,BAG-00002551,DANIFICADA
4350,878,21.06,BAG-00002552,EM_TRANSITO
3437,349,11.69,BAG-00002553,DESPACHADA
4350,711,8.18,BAG-00002554,DANIFICADA
3856,104,2.5,BAG-00002555,ENTREGUE
580,757,2.11,BAG-00002556,DANIFICADA
4576,851,17.5,BAG-00002557,DESPACHADA
137,234,23.25,BAG-00002558,DESPACHADA
2220,19,4.6,BAG-00002559,EXTRAVIADA
4008,666,21.29,BAG-00002560,DANIFICADA
1741,903,11.21,BAG-00002561,EXTRAVIADA
4078,963,8.81,BAG-00002562,EM_TRANSITO
3867,178,2.91,BAG-00002563,DANIFICADA
1205,399,3.48,BAG-00002564,EM_TRANSITO
4800,726,31.36,BAG-00002565,DESPACHADA
1530,49,20.29,BAG-00002566,ENTREGUE
551,744,25.23,BAG-00002567,DESPACHADA
2929,602,9.94,BAG-00002568,ENTREGUE
2382,456,19.7,BAG-00002569,DANIFICADA
1509,188,2.16,BAG-00002570,DANIFICADA
3952,409,20.65,BAG-00002571,DESPACHADA
3902,56,26.78,BAG-00002572,DESPACHADA
1094,662,3.42,BAG-00002573,EXTRAVIADA
841,79,2.21,BAG-00002574,ENTREGUE
3333,983,2.7,BAG-00002575,DANIFICADA
929,453,28.55,BAG-00002576,ENTREGUE
824,394,30.25,BAG-00002577,EXTRAVIADA
739,146,9.78,BAG-00002578,EM_TRANSITO
2499,191,22.7,BAG-00002579,DANIFICADA
33,830,10.02,BAG-00002580,EM_TRANSITO
443,514,13.31,BAG-00002581,EM_TRANSITO
2215,92,7.6,BAG-00002582,EM_TRANSITO
2012,349,14.63,BAG-00002583,EXTRAVIADA
449,230,8.76,BAG-00002584,DANIFICADA
3865,429,16.25,BAG-00002585,EXTRAVIADA
1498,195,2.99,BAG-00002586,EXTRAVIADA
1327,994,24.55,BAG-00002587,DANIFICADA
2189,437,13.6,BAG-00002588,EXTRAVIADA
4832,986,20.85,BAG-00002589,DANIFICADA
630,893,15.63,BAG-00002590,EXTRAVIADA
2813,315,12.32,BAG-00002591,EXTRAVIADA
3769,224,2.13,BAG-00002592,DESPACHADA
178,492,8.52,BAG-00002593,DESPACHADA
3917,78,7.44,BAG-00002594,DESPACHADA
665,724,6.91,BAG-00002595,DESPACHADA
3023,787,13.02,BAG-00002596,DESPACHADA
810,338,13.06,BAG-00002597,DANIFICADA
4139,194,15.56,BAG-00002598,ENTREGUE
2660,763,2.51,BAG-00002599,EM_TRANSITO
2816,732,6.22,BAG-00002600,DESPACHADA
4271,451,25.01,BAG-00002601,DESPACHADA
1152,26,24.69,BAG-00002602,EXTRAVIADA
660,50,11.35,BAG-00002603,EXTRAVIADA
4407,871,10.67,BAG-00002604,EXTRAVIADA
3534,663,7.69,BAG-00002605,ENTREGUE
4679,66,22.52,BAG-00002606,DESPACHADA
3565,782,4.7,BAG-00002607,EM_TRANSITO
3271,995,5.87,BAG-00002608,DESPACHADA
2532,173,3.49,BAG-00002609,ENTREGUE
4571,461,2.25,BAG-00002610,DESPACHADA
4804,431,14.99,BAG-00002611,ENTREGUE
1121,344,15.01,BAG-00002612,DESPACHADA
3747,267,21.7,BAG-00002613,DANIFICADA
2755,300,22.24,BAG-00002614,DANIFICADA
3238,714,12.4,BAG-00002615,ENTREGUE
421,151,8.68,BAG-00002616,DANIFICADA
3602,102,8.69,BAG-00002617,DANIFICADA
571,933,27.57,BAG-00002618,ENTREGUE
2394,689,3.62,BAG-00002619,ENTREGUE
2881,805,16.43,BAG-00002620,ENTREGUE
846,956,10.42,BAG-00002621,DESPACHADA
2325,710,8.48,BAG-00002622,ENTREGUE
4654,755,8.01,BAG-00002623,EM_TRANSITO
2472,138,8.04,BAG-00002624,DESPACHADA
4242,313,5.19,BAG-00002625,ENTREGUE
3905,532,18.4,BAG-00002626,EXTRAVIADA
3713,789,27.47,BAG-00002627,DESPACHADA
638,33,18.36,BAG-00002628,DANIFICADA
4701,493,22.82,BAG-00002629,DANIFICADA
4131,518,18.95,BAG-00002630,EM_TRANSITO
612,919,2.13,BAG-00002631,ENTREGUE
1643,913,5.36,BAG-00002632,EM_TRANSITO
2201,392,3.75,BAG-00002633,DANIFICADA
4840,810,7.97,BAG-00002634,DANIFICADA
859,463,10.33,BAG-00002635,EM_TRANSITO
2648,381,6.95,BAG-00002636,EXTRAVIADA
4775,124,14.01,BAG-00002637,EXTRAVIADA
780,522,19.3,BAG-00002638,DESPACHADA
4274,506,15.02,BAG-00002639,DESPACHADA
4526,929,18.7,BAG-00002640,DESPACHADA
205,173,20.69,BAG-00002641,EM_TRANSITO
1586,116,16.87,BAG-00002642,ENTREGUE
3342,388,16.64,BAG-00002643,DESPACHADA
3677,869,24.31,BAG-00002644,DANIFICADA
108,449,16.8,BAG-00002645,EM_TRANSITO
2627,791,12.4,BAG-00002646,DESPACHADA
3161,747,16.96,BAG-00002647,EM_TRANSITO
1452,986,8.04,BAG-00002648,EM_TRANSITO
2873,842,4.39,BAG-00002649,DANIFICADA
3842,54,18.9,BAG-00002650,DANIFICADA
1342,845,3.97,BAG-00002651,EXTRAVIADA
3193,281,2.94,BAG-00002652,EM_TRANSITO
2904,281,2.89,BAG-00002653,EXTRAVIADA
1450,917,9.18,BAG-00002654,EXTRAVIADA
215,417,12.78,BAG-00002655,ENTREGUE
3019,539,7.8,BAG-00002656,ENTREGUE
1536,326,25.72,BAG-00002657,EM_TRANSITO
2831,668,17.45,BAG-00002658,EM_TRANSITO
3482,218,8.24,BAG-00002659,EM_TRANSITO
4868,471,2.91,BAG-00002660,ENTREGUE
3320,422,7.79,BAG-00002661,EXTRAVIADA
2974,437,13.92,BAG-00002662,DANIFICADA
1897,622,7.2,BAG-00002663,DANIFICADA
163,154,21.2,BAG-00002664,EXTRAVIADA
450,474,23.74,BAG-00002665,EM_TRANSITO
1608,968,16.54,BAG-00002666,EXTRAVIADA
753,182,13.12,BAG-00002667,EXTRAVIADA
4137,944,5.49,BAG-00002668,EXTRAVIADA
3848,172,30.24,BAG-00002669,DANIFICADA
3671,341,3.41,BAG-00002670,ENTREGUE
3773,807,21.65,BAG-00002671,ENTREGUE
188,903,11.8,BAG-00002672,DANIFICADA
1191,910,18.08,BAG-00002673,DESPACHADA
2907,684,20.98,BAG-00002674,DANIFICADA
3999,618,2.62,BAG-00002675,DESPACHADA
76,89,7.42,BAG-00002676,DESPACHADA
3917,62,4.29,BAG-00002677,EM_TRANSITO
393,231,14.46,BAG-00002678,DANIFICADA
1622,116,5.39,BAG-00002679,DANIFICADA
2078,347,3.42,BAG-00002680,DESPACHADA
4770,53,27.77,BAG-00002681,EXTRAVIADA
1881,768,15.91,BAG-00002682,DANIFICADA
244,229,22.01,BAG-00002683,DANIFICADA
1423,804,16.5,BAG-00002684,DANIFICADA
3430,7,12.47,BAG-00002685,EM_TRANSITO
322,85,10.62,BAG-00002686,EM_TRANSITO
2686,481,6.68,BAG-00002687,EM_TRANSITO
2243,533,13.06,BAG-00002688,DANIFICADA
3531,293,14.63,BAG-00002689,EXTRAVIADA
3515,753,8.79,BAG-00002690,EXTRAVIADA
91,38,4.09,BAG-00002691,DESPACHADA
796,83,8.62,BAG-00002692,ENTREGUE
123,395,11.58,BAG-00002693,EXTRAVIADA
4921,618,13.42,BAG-00002694,EXTRAVIADA
706,596,19.56,BAG-00002695,ENTREGUE
730,539,9.56,BAG-00002696,DESPACHADA
1664,972,2.18,BAG-00002697,EM_TRANSITO
4854,965,6.72,BAG-00002698,EXTRAVIADA
2429,709,22.43,BAG-00002699,DANIFICADA
753,417,3.61,BAG-00002700,ENTREGUE
4742,490,14.67,BAG-00002701,DANIFICADA
4957,832,24.86,BAG-00002702,EXTRAVIADA
2728,337,24.12,BAG-00002703,DESPACHADA
1068,787,10.09,BAG-00002704,EXTRAVIADA
4729,745,17.17,BAG-00002705,ENTREGUE
1926,177,12.36,BAG-00002706,DANIFICADA
4627,286,31.83,BAG-00002707,DESPACHADA
896,273,6.81,BAG-00002708,DESPACHADA
63,113,20.1,BAG-00002709,DANIFICADA
90,512,26.76,BAG-00002710,EM_TRANSITO
588,537,2.3,BAG-00002711,DANIFICADA
4695,912,14.28,BAG-00002712,DANIFICADA
509,467,27.84,BAG-00002713,EXTRAVIADA
4050,688,14.32,BAG-00002714,EXTRAVIADA
51,756,22.38,BAG-00002715,ENTREGUE
3857,526,7.42,BAG-00002716,DESPACHADA
1972,34,15.96,BAG-00002717,EXTRAVIADA
4582,678,17.5,BAG-00002718,DANIFICADA
156,143,9.26,BAG-00002719,DANIFICADA
505,793,2.31,BAG-00002720,EM_TRANSITO
1099,887,22.47,BAG-00002721,EXTRAVIADA
262,432,27.48,BAG-00002722,DANIFICADA
683,659,5.04,BAG-00002723,DESPACHADA
485,373,22.07,BAG-00002724,ENTREGUE
1794,172,21.48,BAG-00002725,EM_TRANSITO
1217,448,9.58,BAG-00002726,ENTREGUE
4871,41,5.76,BAG-00002727,DESPACHADA
643,972,23.1,BAG-00002728,EXTRAVIADA
514,946,19.03,BAG-00002729,DESPACHADA
307,888,29.67,BAG-00002730,EXTRAVIADA
4112,694,13.44,BAG-00002731,ENTREGUE
4467,468,27.33,BAG-00002732,EXTRAVIADA
2650,325,20.55,BAG-00002733,EM_TRANSITO
52,187,18.7,BAG-00002734,ENTREGUE
2490,923,15.18,BAG-00002735,DESPACHADA
4474,1000,31.42,BAG-00002736,DANIFICADA
3789,732,5.51,BAG-00002737,EM_TRANSITO
1148,67,30.81,BAG-00002738,ENTREGUE
1286,109,3.97,BAG-00002739,EXTRAVIADA
4597,422,12.7,BAG-00002740,DANIFICADA
2193,637,13.1,BAG-00002741,DANIFICADA
4935,134,28.01,BAG-00002742,ENTREGUE
873,827,11.07,BAG-00002743,DANIFICADA
4256,316,15.35,BAG-00002744,DANIFICADA
488,565,16.3,BAG-00002745,DANIFICADA
2488,356,20.59,BAG-00002746,DANIFICADA
1642,552,8.79,BAG-00002747,EXTRAVIADA
3391,779,2.94,BAG-00002748,EM_TRANSITO
4504,212,4.28,BAG-00002749,DESPACHADA
2673,433,7.11,BAG-00002750,DESPACHADA
348,878,24.43,BAG-00002751,DESPACHADA
3066,612,18.63,BAG-00002752,DESPACHADA
114,195,9.72,BAG-00002753,DANIFICADA
2298,120,31.59,BAG-00002754,EM_TRANSITO
2453,384,10.19,BAG-00002755,EM_TRANSITO
555,483,6.66,BAG-00002756,EM_TRANSITO
4017,253,24.67,BAG-00002757,EM_TRANSITO
2354,323,4.27,BAG-00002758,ENTREGUE
2276,666,9.68,BAG-00002759,EXTRAVIADA
2969,648,5.95,BAG-00002760,ENTREGUE
747,779,3.25,BAG-00002761,EXTRAVIADA
3089,207,30.56,BAG-00002762,ENTREGUE
411,693,22.64,BAG-00002763,DANIFICADA
4626,617,9.8,BAG-00002764,EXTRAVIADA
3915,793,8.79,BAG-00002765,DESPACHADA
1221,453,18.52,BAG-00002766,EXTRAVIADA
1745,33,13.38,BAG-00002767,ENTREGUE
4039,369,10.97,BAG-00002768,EXTRAVIADA
3807,765,22.6,BAG-00002769,DANIFICADA
123,293,30.99,BAG-00002770,ENTREGUE
132,117,11.58,BAG-00002771,DESPACHADA
1172,801,8.77,BAG-00002772,EM_TRANSITO
3194,229,10.24,BAG-00002773,ENTREGUE
3561,58,18.97,BAG-00002774,ENTREGUE
2049,706,31.31,BAG-00002775,DANIFICADA
1374,230,12.88,BAG-00002776,DESPACHADA
3931,404,20.49,BAG-00002777,ENTREGUE
2716,974,5.23,BAG-00002778,DANIFICADA
4328,168,12.35,BAG-00002779,DESPACHADA
3319,691,25.76,BAG-00002780,ENTREGUE
482,377,16.91,BAG-00002781,EM_TRANSITO
1748,682,7.09,BAG-00002782,EXTRAVIADA
1101,336,7.67,BAG-00002783,DESPACHADA
4262,542,19.36,BAG-00002784,ENTREGUE
3138,818,4.03,BAG-00002785,ENTREGUE
1909,806,26.89,BAG-00002786,DANIFICADA
3123,875,2.54,BAG-00002787,EM_TRANSITO
4649,337,3.67,BAG-00002788,EXTRAVIADA
2083,225,5.19,BAG-00002789,DANIFICADA
4482,899,4.76,BAG-00002790,EM_TRANSITO
323,241,10.0,BAG-00002791,EXTRAVIADA
4231,476,21.59,BAG-00002792,EXTRAVIADA
2686,524,11.83,BAG-00002793,DANIFICADA
4832,257,9.93,BAG-00002794,EM_TRANSITO
2576,617,12.62,BAG-00002795,DANIFICADA
2479,908,22.88,BAG-00002796,DESPACHADA
4393,701,11.53,BAG-00002797,ENTREGUE
3798,190,19.55,BAG-00002798,DESPACHADA
4405,777,8.22,BAG-00002799,EXTRAVIADA
3527,167,8.97,BAG-00002800,DANIFICADA
1240,272,13.65,BAG-00002801,EXTRAVIADA
3954,319,5.03,BAG-00002802,DESPACHADA
3262,106,18.62,BAG-00002803,DESPACHADA
656,769,14.69,BAG-00002804,DANIFICADA
3634,580,30.71,BAG-00002805,ENTREGUE
4422,178,2.72,BAG-00002806,DANIFICADA
2157,856,7.78,BAG-00002807,DESPACHADA
728,114,4.03,BAG-00002808,DANIFICADA
1804,677,14.18,BAG-00002809,DESPACHADA
691,396,12.54,BAG-00002810,DESPACHADA
2259,214,21.26,BAG-00002811,ENTREGUE
1235,93,8.68,BAG-00002812,DANIFICADA
3963,83,5.03,BAG-00002813,EXTRAVIADA
881,404,7.47,BAG-00002814,EXTRAVIADA
2032,323,2.03,BAG-00002815,EM_TRANSITO
2272,883,4.25,BAG-00002816,EXTRAVIADA
2385,616,22.94,BAG-00002817,ENTREGUE
4963,46,20.2,BAG-00002818,DESPACHADA
2758,183,5.0,BAG-00002819,EXTRAVIADA
2551,484,23.04,BAG-00002820,DESPACHADA
1375,807,18.51,BAG-00002821,DESPACHADA
3006,452,12.56,BAG-00002822,DANIFICADA
4216,254,10.06,BAG-00002823,EM_TRANSITO
2657,25,3.81,BAG-00002824,DANIFICADA
2708,201,14.75,BAG-00002825,ENTREGUE
1270,559,6.8,BAG-00002826,EXTRAVIADA
4541,158,5.15,BAG-00002827,DESPACHADA
4779,623,6.26,BAG-00002828,DESPACHADA
2513,871,22.47,BAG-00002829,DESPACHADA
302,987,18.75,BAG-00002830,DANIFICADA
3789,663,9.79,BAG-00002831,EM_TRANSITO
339,870,6.16,BAG-00002832,ENTREGUE
4631,135,10.74,BAG-00002833,DESPACHADA
1750,995,10.13,BAG-00002834,DESPACHADA
4023,88,17.75,BAG-00002835,DANIFICADA
4937,571,9.57,BAG-00002836,EM_TRANSITO
4070,844,4.61,BAG-00002837,DESPACHADA
4014,401,7.06,BAG-00002838,DESPACHADA
4172,828,23.96,BAG-00002839,ENTREGUE
3679,795,6.55,BAG-00002840,DANIFICADA
3101,799,6.07,BAG-00002841,DESPACHADA
3502,579,3.31,BAG-00002842,EXTRAVIADA
2052,138,4.83,BAG-00002843,EM_TRANSITO
3458,999,3.62,BAG-00002844,EXTRAVIADA
1763,929,4.53,BAG-00002845,ENTREGUE
1760,903,14.8,BAG-00002846,EM_TRANSITO
1038,888,14.47,BAG-00002847,EXTRAVIADA
4931,503,5.72,BAG-00002848,EM_TRANSITO
1031,428,8.46,BAG-00002849,ENTREGUE
3059,91,5.3,BAG-00002850,EM_TRANSITO
3893,235,6.94,BAG-00002851,ENTREGUE
4541,561,5.82,BAG-00002852,EXTRAVIADA
144,628,18.77,BAG-00002853,ENTREGUE
2324,900,15.23,BAG-00002854,DANIFICADA
2013,684,18.08,BAG-00002855,ENTREGUE
4308,132,18.85,BAG-00002856,DANIFICADA
1887,33,26.38,BAG-00002857,DESPACHADA
3295,958,19.97,BAG-00002858,ENTREGUE
3881,553,30.82,BAG-00002859,DANIFICADA
1779,876,20.56,BAG-00002860,DANIFICADA
4119,376,26.43,BAG-00002861,ENTREGUE
3580,518,12.93,BAG-00002862,ENTREGUE
2114,89,15.57,BAG-00002863,DESPACHADA
3592,94,27.11,BAG-00002864,ENTREGUE
4693,478,20.17,BAG-00002865,EM_TRANSITO
4837,63,3.59,BAG-00002866,EXTRAVIADA
3773,978,8.47,BAG-00002867,ENTREGUE
2156,502,5.25,BAG-00002868,DANIFICADA
3495,711,21.0,BAG-00002869,EXTRAVIADA
2600,206,13.99,BAG-00002870,EXTRAVIADA
435,271,11.06,BAG-00002871,EM_TRANSITO
2228,749,16.63,BAG-00002872,DESPACHADA
1909,73,17.07,BAG-00002873,DESPACHADA
2573,443,11.87,BAG-00002874,DESPACHADA
4180,65,22.64,BAG-00002875,EM_TRANSITO
2297,613,12.14,BAG-00002876,EM_TRANSITO
2688,960,20.7,BAG-00002877,DANIFICADA
3427,191,21.75,BAG-00002878,EXTRAVIADA
1885,101,6.17,BAG-00002879,EXTRAVIADA
852,392,8.57,BAG-00002880,DESPACHADA
1868,25,9.74,BAG-00002881,DANIFICADA
3296,113,2.91,BAG-00002882,ENTREGUE
3962,769,22.94,BAG-00002883,DANIFICADA
3004,265,8.15,BAG-00002884,DESPACHADA
2381,348,27.98,BAG-00002885,EM_TRANSITO
4132,887,17.54,BAG-00002886,EXTRAVIADA
4968,753,11.81,BAG-00002887,ENTREGUE
3151,740,15.13,BAG-00002888,EM_TRANSITO
4719,720,8.89,BAG-00002889,EM_TRANSITO
1597,630,12.7,BAG-00002890,EXTRAVIADA
311,341,5.66,BAG-00002891,EM_TRANSITO
2418,884,9.09,BAG-00002892,ENTREGUE
3679,877,4.06,BAG-00002893,DANIFICADA
3559,430,13.47,BAG-00002894,EM_TRANSITO
580,894,17.74,BAG-00002895,EM_TRANSITO
2700,103,10.97,BAG-00002896,DANIFICADA
3406,524,13.39,BAG-00002897,EM_TRANSITO
1589,543,18.25,BAG-00002898,DESPACHADA
4134,409,7.9,BAG-00002899,DESPACHADA
1670,815,11.71,BAG-00002900,ENTREGUE
821,848,5.41,BAG-00002901,EM_TRANSITO
2747,395,8.37,BAG-00002902,DESPACHADA
98,77,7.98,BAG-00002903,DANIFICADA
3870,535,7.68,BAG-00002904,DANIFICADA
3135,543,13.86,BAG-00002905,DANIFICADA
2048,801,5.79,BAG-00002906,EM_TRANSITO
443,52,8.56,BAG-00002907,ENTREGUE
766,866,23.41,BAG-00002908,ENTREGUE
4865,735,5.24,BAG-00002909,ENTREGUE
588,599,7.86,BAG-00002910,ENTREGUE
221,734,16.52,BAG-00002911,EM_TRANSITO
1850,542,3.98,BAG-00002912,DESPACHADA
1809,955,6.04,BAG-00002913,ENTREGUE
754,811,8.66,BAG-00002914,EXTRAVIADA
3741,782,6.89,BAG-00002915,EXTRAVIADA
1099,5,12.91,BAG-00002916,DESPACHADA
4740,969,16.32,BAG-00002917,EXTRAVIADA
2486,727,16.49,BAG-00002918,EM_TRANSITO
3097,945,25.16,BAG-00002919,DESPACHADA
3737,722,18.67,BAG-00002920,EM_TRANSITO
434,305,14.88,BAG-00002921,ENTREGUE
4287,492,5.55,BAG-00002922,EXTRAVIADA
1747,876,3.05,BAG-00002923,EM_TRANSITO
3709,979,6.5,BAG-00002924,EM_TRANSITO
2776,831,9.53,BAG-00002925,EM_TRANSITO
610,379,8.98,BAG-00002926,DANIFICADA
2822,313,14.99,BAG-00002927,DESPACHADA
2479,990,7.41,BAG-00002928,DANIFICADA
3223,675,5.52,BAG-00002929,DANIFICADA
960,355,5.67,BAG-00002930,ENTREGUE
2097,965,24.73,BAG-00002931,EXTRAVIADA
3551,350,13.86,BAG-00002932,ENTREGUE
4317,63,8.52,BAG-00002933,EXTRAVIADA
1605,929,12.28,BAG-00002934,EXTRAVIADA
3677,114,21.3,BAG-00002935,DESPACHADA
1201,1000,15.01,BAG-00002936,DESPACHADA
226,909,30.4,BAG-00002937,DESPACHADA
2149,344,13.86,BAG-00002938,DESPACHADA
3196,862,18.12,BAG-00002939,EM_TRANSITO
2295,760,16.15,BAG-00002940,EM_TRANSITO
4277,783,17.39,BAG-00002941,EXTRAVIADA
3231,503,7.55,BAG-00002942,EXTRAVIADA
1404,640,5.75,BAG-00002943,ENTREGUE
3477,882,4.36,BAG-00002944,EM_TRANSITO
128,998,22.17,BAG-00002945,DESPACHADA
3108,623,12.2,BAG-00002946,DESPACHADA
1414,775,2.77,BAG-00002947,EXTRAVIADA
4272,288,4.92,BAG-00002948,DESPACHADA
4962,998,16.63,BAG-00002949,DESPACHADA
3285,366,8.37,BAG-00002950,EXTRAVIADA
1279,887,16.63,BAG-00002951,EXTRAVIADA
2466,285,17.16,BAG-00002952,DANIFICADA
2950,141,3.75,BAG-00002953,EM_TRANSITO
1166,107,7.68,BAG-00002954,DANIFICADA
2205,818,14.8,BAG-00002955,EXTRAVIADA
2651,540,12.68,BAG-00002956,DESPACHADA
4437,593,16.79,BAG-00002957,DANIFICADA
1701,239,3.16,BAG-00002958,DESPACHADA
2662,679,5.66,BAG-00002959,EXTRAVIADA
2562,277,4.02,BAG-00002960,ENTREGUE
814,490,3.96,BAG-00002961,DANIFICADA
4777,103,5.32,BAG-00002962,EXTRAVIADA
3739,932,26.09,BAG-00002963,DESPACHADA
3980,631,3.73,BAG-00002964,ENTREGUE
4548,570,22.44,BAG-00002965,EM_TRANSITO
3755,374,25.46,BAG-00002966,EM_TRANSITO
4428,430,12.57,BAG-00002967,EXTRAVIADA
4083,757,7.22,BAG-00002968,EM_TRANSITO
444,335,8.47,BAG-00002969,ENTREGUE
4324,32,31.89,BAG-00002970,ENTREGUE
2625,343,7.33,BAG-00002971,DANIFICADA
1399,174,6.97,BAG-00002972,EXTRAVIADA
4164,799,5.12,BAG-00002973,EXTRAVIADA
2359,885,28.34,BAG-00002974,EXTRAVIADA
3636,421,2.0,BAG-00002975,EM_TRANSITO
3954,498,21.39,BAG-00002976,EXTRAVIADA
3535,47,12.52,BAG-00002977,EM_TRANSITO
990,985,6.1,BAG-00002978,EXTRAVIADA
4389,683,11.5,BAG-00002979,EXTRAVIADA
4968,406,3.52,BAG-00002980,ENTREGUE
4339,616,24.15,BAG-00002981,DANIFICADA
1038,289,22.75,BAG-00002982,DANIFICADA
597,736,25.32,BAG-00002983,EXTRAVIADA
1111,621,6.93,BAG-00002984,ENTREGUE
4623,544,18.48,BAG-00002985,EXTRAVIADA
4772,862,8.66,BAG-00002986,EM_TRANSITO
3442,550,9.09,BAG-00002987,EXTRAVIADA
1492,764,9.14,BAG-00002988,EM_TRANSITO
714,622,12.14,BAG-00002989,EM_TRANSITO
2983,607,18.35,BAG-00002990,EM_TRANSITO
2328,561,8.8,BAG-00002991,EM_TRANSITO
3459,792,28.66,BAG-00002992,DESPACHADA
3611,109,3.47,BAG-00002993,DANIFICADA
4963,190,13.88,BAG-00002994,EM_TRANSITO
4447,873,19.38,BAG-00002995,ENTREGUE
3758,657,8.86,BAG-00002996,DANIFICADA
1073,283,6.51,BAG-00002997,DANIFICADA
3317,49,3.37,BAG-00002998,ENTREGUE
1345,965,26.01,BAG-00002999,EM_TRANSITO
407,679,4.19,BAG-00003000,DANIFICADA
3574,509,7.99,BAG-00003001,EM_TRANSITO
3134,304,7.26,BAG-00003002,ENTREGUE
1391,119,8.74,BAG-00003003,ENTREGUE
2942,858,6.02,BAG-00003004,DESPACHADA
2599,278,4.03,BAG-00003005,EM_TRANSITO
2542,302,5.97,BAG-00003006,DESPACHADA
1716,315,12.07,BAG-00003007,DANIFICADA
3307,490,20.2,BAG-00003008,ENTREGUE
2981,458,5.71,BAG-00003009,EXTRAVIADA
3348,522,10.24,BAG-00003010,DANIFICADA
4235,710,18.76,BAG-00003011,DESPACHADA
3666,937,10.27,BAG-00003012,DESPACHADA
778,48,15.94,BAG-00003013,EM_TRANSITO
1440,16,4.11,BAG-00003014,EXTRAVIADA
4792,522,19.16,BAG-00003015,ENTREGUE
4544,385,15.79,BAG-00003016,DANIFICADA
1431,401,11.26,BAG-00003017,EM_TRANSITO
3302,232,23.89,BAG-00003018,DESPACHADA
3024,905,20.15,BAG-00003019,EXTRAVIADA
2647,986,2.74,BAG-00003020,DANIFICADA
4261,213,18.75,BAG-00003021,DESPACHADA
2946,850,8.37,BAG-00003022,EM_TRANSITO
2505,700,11.19,BAG-00003023,ENTREGUE
2966,266,15.91,BAG-00003024,ENTREGUE
1573,626,8.63,BAG-00003025,DESPACHADA
3788,518,17.37,BAG-00003026,DANIFICADA
1273,700,12.05,BAG-00003027,DANIFICADA
3147,876,4.53,BAG-00003028,EM_TRANSITO
95,422,3.08,BAG-00003029,EM_TRANSITO
3901,572,2.97,BAG-00003030,DESPACHADA
1021,261,6.11,BAG-00003031,EXTRAVIADA
422,54,26.3,BAG-00003032,EXTRAVIADA
846,124,2.83,BAG-00003033,DANIFICADA
4527,454,11.26,BAG-00003034,EM_TRANSITO
1598,112,8.3,BAG-00003035,EM_TRANSITO
4023,423,5.49,BAG-00003036,DESPACHADA
186,447,3.06,BAG-00003037,DANIFICADA
3430,384,16.87,BAG-00003038,ENTREGUE
1181,922,10.04,BAG-00003039,EM_TRANSITO
4215,905,30.42,BAG-00003040,EM_TRANSITO
4010,71,12.08,BAG-00003041,EXTRAVIADA
4802,712,22.89,BAG-00003042,ENTREGUE
1430,86,14.98,BAG-00003043,DESPACHADA
3073,169,15.98,BAG-00003044,DANIFICADA
4910,232,7.32,BAG-00003045,EM_TRANSITO
862,588,26.92,BAG-00003046,DANIFICADA
2416,845,19.38,BAG-00003047,EXTRAVIADA
4562,705,21.95,BAG-00003048,EXTRAVIADA
36,296,12.8,BAG-00003049,ENTREGUE
296,627,12.09,BAG-00003050,EXTRAVIADA
4588,868,7.27,BAG-00003051,EM_TRANSITO
4414,144,24.09,BAG-00003052,ENTREGUE
2711,284,14.41,BAG-00003053,DANIFICADA
3600,895,7.92,BAG-00003054,DESPACHADA
4312,792,29.86,BAG-00003055,DANIFICADA
697,890,12.32,BAG-00003056,DANIFICADA
2559,804,6.48,BAG-00003057,DESPACHADA
1422,744,10.06,BAG-00003058,ENTREGUE
448,45,9.36,BAG-00003059,DESPACHADA
2326,372,24.43,BAG-00003060,EXTRAVIADA
2993,666,14.7,BAG-00003061,ENTREGUE
3052,191,19.2,BAG-00003062,DANIFICADA
3317,690,15.86,BAG-00003063,DANIFICADA
1057,108,24.1,BAG-00003064,DANIFICADA
3398,985,12.99,BAG-00003065,EXTRAVIADA
1265,750,12.89,BAG-00003066,DANIFICADA
4136,718,2.62,BAG-00003067,EXTRAVIADA
1239,881,6.71,BAG-00003068,EM_TRANSITO
433,802,10.9,BAG-00003069,ENTREGUE
685,608,27.98,BAG-00003070,DESPACHADA
188,546,10.53,BAG-00003071,DESPACHADA
2578,144,9.43,BAG-00003072,DESPACHADA
1744,418,6.48,BAG-00003073,EM_TRANSITO
1004,925,14.09,BAG-00003074,ENTREGUE
803,738,13.09,BAG-00003075,DANIFICADA
3551,725,22.61,BAG-00003076,DESPACHADA
2504,42,5.57,BAG-00003077,DESPACHADA
857,946,17.89,BAG-00003078,EXTRAVIADA
2997,102,4.16,BAG-00003079,DESPACHADA
4158,421,6.05,BAG-00003080,DANIFICADA
3306,317,13.48,BAG-00003081,ENTREGUE
3075,679,10.56,BAG-00003082,EM_TRANSITO
220,407,21.1,BAG-00003083,ENTREGUE
4235,18,15.83,BAG-00003084,ENTREGUE
1941,937,4.34,BAG-00003085,DESPACHADA
2659,121,15.82,BAG-00003086,EM_TRANSITO
906,395,6.83,BAG-00003087,EXTRAVIADA
2182,339,7.55,BAG-00003088,DANIFICADA
501,406,12.36,BAG-00003089,EXTRAVIADA
3813,540,16.34,BAG-00003090,DANIFICADA
4434,203,4.41,BAG-00003091,DESPACHADA
4283,551,11.61,BAG-00003092,ENTREGUE
2025,487,29.33,BAG-00003093,DANIFICADA
2302,31,11.96,BAG-00003094,DESPACHADA
3866,32,3.49,BAG-00003095,ENTREGUE
4611,275,6.69,BAG-00003096,ENTREGUE
116,993,19.85,BAG-00003097,DESPACHADA
726,602,8.17,BAG-00003098,DANIFICADA
4907,475,9.25,BAG-00003099,DESPACHADA
155,385,6.64,BAG-00003100,EXTRAVIADA
2312,311,2.26,BAG-00003101,ENTREGUE
4395,523,17.93,BAG-00003102,ENTREGUE
4189,139,6.32,BAG-00003103,DANIFICADA
780,412,30.88,BAG-00003104,DANIFICADA
4367,341,4.76,BAG-00003105,DESPACHADA
2711,547,20.1,BAG-00003106,ENTREGUE
4543,246,12.7,BAG-00003107,EM_TRANSITO
3063,275,3.67,BAG-00003108,EM_TRANSITO
4454,613,24.96,BAG-00003109,ENTREGUE
3499,903,8.4,BAG-00003110,DANIFICADA
1546,456,17.45,BAG-00003111,DESPACHADA
4493,758,24.1,BAG-00003112,DESPACHADA
4730,90,6.09,BAG-00003113,EM_TRANSITO
1908,429,25.2,BAG-00003114,DESPACHADA
3799,219,2.92,BAG-00003115,DANIFICADA
3035,216,5.92,BAG-00003116,DESPACHADA
986,335,6.77,BAG-00003117,EM_TRANSITO
2463,259,2.17,BAG-00003118,EM_TRANSITO
3801,139,7.16,BAG-00003119,DANIFICADA
3852,342,2.36,BAG-00003120,ENTREGUE
531,943,7.79,BAG-00003121,EM_TRANSITO
2231,967,7.14,BAG-00003122,ENTREGUE
911,931,6.18,BAG-00003123,EXTRAVIADA
4539,261,7.6,BAG-00003124,DANIFICADA
2211,182,10.58,BAG-00003125,DESPACHADA
3417,581,3.03,BAG-00003126,ENTREGUE
293,59,3.87,BAG-00003127,DESPACHADA
233,267,5.98,BAG-00003128,EXTRAVIADA
547,959,12.2,BAG-00003129,EM_TRANSITO
3797,52,17.9,BAG-00003130,DESPACHADA
2446,967,8.01,BAG-00003131,EXTRAVIADA
2391,371,8.49,BAG-00003132,DANIFICADA
1137,935,7.3,BAG-00003133,EM_TRANSITO
2323,764,19.67,BAG-00003134,DANIFICADA
4421,885,24.19,BAG-00003135,ENTREGUE
4419,175,5.27,BAG-00003136,EXTRAVIADA
3335,443,10.45,BAG-00003137,ENTREGUE
2630,75,4.59,BAG-00003138,DANIFICADA
2114,774,15.56,BAG-00003139,DESPACHADA
605,804,8.36,BAG-00003140,EXTRAVIADA
694,571,13.12,BAG-00003141,EXTRAVIADA
3549,295,12.79,BAG-00003142,EM_TRANSITO
3947,649,6.84,BAG-00003143,EM_TRANSITO
4544,377,14.89,BAG-00003144,EXTRAVIADA
2891,990,7.28,BAG-00003145,DANIFICADA
2074,486,7.88,BAG-00003146,ENTREGUE
4210,405,9.52,BAG-00003147,EM_TRANSITO
3546,836,16.51,BAG-00003148,DESPACHADA
4482,599,9.26,BAG-00003149,DANIFICADA
4766,291,23.02,BAG-00003150,EM_TRANSITO
23,212,6.74,BAG-00003151,DESPACHADA
232,801,9.62,BAG-00003152,DANIFICADA
1633,2,4.16,BAG-00003153,EXTRAVIADA
1315,342,9.85,BAG-00003154,ENTREGUE
82,402,5.0,BAG-00003155,ENTREGUE
1735,771,24.64,BAG-00003156,EXTRAVIADA
3586,280,31.45,BAG-00003157,ENTREGUE
333,783,15.19,BAG-00003158,DESPACHADA
4308,204,16.87,BAG-00003159,EM_TRANSITO
88,494,15.77,BAG-00003160,DESPACHADA
3677,817,10.37,BAG-00003161,DESPACHADA
1827,641,9.96,BAG-00003162,ENTREGUE
2424,2,6.86,BAG-00003163,EXTRAVIADA
2990,740,13.0,BAG-00003164,EM_TRANSITO
701,749,11.27,BAG-00003165,EXTRAVIADA
3152,781,12.18,BAG-00003166,EXTRAVIADA
1077,815,8.21,BAG-00003167,EXTRAVIADA
116,194,29.24,BAG-00003168,ENTREGUE
2709,299,3.47,BAG-00003169,DESPACHADA
82,895,2.52,BAG-00003170,DANIFICADA
3019,827,27.35,BAG-00003171,DESPACHADA
4480,541,4.86,BAG-00003172,EXTRAVIADA
3760,111,15.38,BAG-00003173,DANIFICADA
3775,158,11.82,BAG-00003174,DANIFICADA
3628,836,20.05,BAG-00003175,DESPACHADA
3283,985,9.31,BAG-00003176,EXTRAVIADA
2247,498,5.11,BAG-00003177,DANIFICADA
1107,10,2.04,BAG-00003178,DANIFICADA
2155,302,5.67,BAG-00003179,DANIFICADA
551,244,5.7,BAG-00003180,EXTRAVIADA
1075,456,18.94,BAG-00003181,DESPACHADA
3355,285,9.82,BAG-00003182,DANIFICADA
1333,332,17.34,BAG-00003183,EXTRAVIADA
3014,988,6.35,BAG-00003184,DESPACHADA
2160,425,5.26,BAG-00003185,ENTREGUE
2530,483,2.23,BAG-00003186,ENTREGUE
521,494,6.74,BAG-00003187,DANIFICADA
3920,142,6.37,BAG-00003188,DANIFICADA
3296,478,5.49,BAG-00003189,EM_TRANSITO
321,145,3.07,BAG-00003190,DESPACHADA
4179,242,13.23,BAG-00003191,DANIFICADA
4734,1,7.13,BAG-00003192,DESPACHADA
224,354,15.34,BAG-00003193,EM_TRANSITO
1410,638,4.06,BAG-00003194,EXTRAVIADA
1060,687,3.58,BAG-00003195,DANIFICADA
4243,468,26.33,BAG-00003196,EM_TRANSITO
2362,6,12.9,BAG-00003197,EM_TRANSITO
865,218,3.25,BAG-00003198,EXTRAVIADA
4603,801,12.37,BAG-00003199,EXTRAVIADA
4554,796,15.97,BAG-00003200,EXTRAVIADA
3163,822,6.01,BAG-00003201,DANIFICADA
3875,462,9.92,BAG-00003202,EM_TRANSITO
4773,665,13.74,BAG-00003203,EXTRAVIADA
1081,464,21.32,BAG-00003204,ENTREGUE
1065,454,13.5,BAG-00003205,DANIFICADA
2442,311,23.1,BAG-00003206,EM_TRANSITO
117,279,7.54,BAG-00003207,EXTRAVIADA
3814,370,20.41,BAG-00003208,DANIFICADA
4100,609,5.07,BAG-00003209,EXTRAVIADA
728,360,14.06,BAG-00003210,EM_TRANSITO
3771,10,3.93,BAG-00003211,DANIFICADA
1704,973,25.86,BAG-00003212,ENTREGUE
4222,938,23.39,BAG-00003213,EXTRAVIADA
1158,646,22.57,BAG-00003214,DESPACHADA
4028,382,2.97,BAG-00003215,ENTREGUE
459,399,3.82,BAG-00003216,EXTRAVIADA
241,16,31.69,BAG-00003217,DANIFICADA
4955,988,19.02,BAG-00003218,EM_TRANSITO
2526,907,5.83,BAG-00003219,EXTRAVIADA
2004,123,5.27,BAG-00003220,EXTRAVIADA
1112,64,9.2,BAG-00003221,EXTRAVIADA
4701,535,2.69,BAG-00003222,DANIFICADA
2627,503,10.94,BAG-00003223,DANIFICADA
2445,595,2.35,BAG-00003224,ENTREGUE
3431,920,11.07,BAG-00003225,DESPACHADA
4464,647,30.62,BAG-00003226,EM_TRANSITO
4227,687,4.66,BAG-00003227,EXTRAVIADA
3608,944,17.36,BAG-00003228,EM_TRANSITO
2187,349,27.43,BAG-00003229,DANIFICADA
2920,831,18.19,BAG-00003230,DESPACHADA
3419,225,16.24,BAG-00003231,ENTREGUE
4879,212,19.77,BAG-00003232,DESPACHADA
408,77,6.86,BAG-00003233,EM_TRANSITO
4197,557,12.52,BAG-00003234,DESPACHADA
2313,905,29.35,BAG-00003235,EM_TRANSITO
2064,94,3.75,BAG-00003236,ENTREGUE
2154,678,15.68,BAG-00003237,EM_TRANSITO
962,509,27.44,BAG-00003238,DESPACHADA
4583,464,23.36,BAG-00003239,ENTREGUE
4203,231,12.55,BAG-00003240,EM_TRANSITO
3505,539,4.62,BAG-00003241,DESPACHADA
3145,572,4.77,BAG-00003242,EXTRAVIADA
3388,100,29.87,BAG-00003243,ENTREGUE
3665,188,11.2,BAG-00003244,DESPACHADA
3080,511,12.05,BAG-00003245,DANIFICADA
3025,557,9.36,BAG-00003246,DESPACHADA
1981,423,5.64,BAG-00003247,ENTREGUE
2803,966,14.04,BAG-00003248,DANIFICADA
3275,390,3.69,BAG-00003249,ENTREGUE
3157,951,24.35,BAG-00003250,DESPACHADA
4360,300,18.53,BAG-00003251,EXTRAVIADA
1635,834,19.2,BAG-00003252,ENTREGUE
4451,669,4.16,BAG-00003253,ENTREGUE
1336,46,11.11,BAG-00003254,ENTREGUE
147,699,12.17,BAG-00003255,EXTRAVIADA
784,211,13.68,BAG-00003256,DANIFICADA
1459,759,2.85,BAG-00003257,EM_TRANSITO
2299,254,2.75,BAG-00003258,DANIFICADA
811,414,11.3,BAG-00003259,EM_TRANSITO
1110,510,11.76,BAG-00003260,EXTRAVIADA
3197,279,6.9,BAG-00003261,DANIFICADA
774,763,12.86,BAG-00003262,DANIFICADA
4625,874,10.28,BAG-00003263,EM_TRANSITO
4258,632,20.53,BAG-00003264,DANIFICADA
1021,840,28.84,BAG-00003265,DANIFICADA
3348,728,10.34,BAG-00003266,DANIFICADA
1875,295,10.16,BAG-00003267,EXTRAVIADA
1858,508,22.56,BAG-00003268,EXTRAVIADA
2391,523,3.69,BAG-00003269,EXTRAVIADA
1134,300,28.27,BAG-00003270,DANIFICADA
4190,149,17.34,BAG-00003271,EM_TRANSITO
538,110,13.71,BAG-00003272,DANIFICADA
4008,405,6.79,BAG-00003273,DANIFICADA
3769,438,11.04,BAG-00003274,EM_TRANSITO
3803,421,5.79,BAG-00003275,DESPACHADA
2091,965,18.69,BAG-00003276,EXTRAVIADA
1530,239,3.79,BAG-00003277,DANIFICADA
836,202,6.33,BAG-00003278,EM_TRANSITO
963,991,14.57,BAG-00003279,EM_TRANSITO
5000,689,13.12,BAG-00003280,DANIFICADA
3339,288,11.1,BAG-00003281,ENTREGUE
394,396,22.6,BAG-00003282,EM_TRANSITO
3175,311,22.52,BAG-00003283,ENTREGUE
2648,124,16.0,BAG-00003284,EXTRAVIADA
4175,933,17.67,BAG-00003285,DANIFICADA
4964,71,11.51,BAG-00003286,EXTRAVIADA
1545,521,3.67,BAG-00003287,DESPACHADA
4361,73,23.16,BAG-00003288,ENTREGUE
606,376,22.78,BAG-00003289,DESPACHADA
552,537,12.89,BAG-00003290,DESPACHADA
560,304,13.9,BAG-00003291,EXTRAVIADA
2606,665,15.36,BAG-00003292,DANIFICADA
538,145,23.52,BAG-00003293,EM_TRANSITO
4584,404,13.32,BAG-00003294,ENTREGUE
3046,26,21.15,BAG-00003295,EXTRAVIADA
632,607,19.69,BAG-00003296,ENTREGUE
3823,155,3.5,BAG-00003297,EXTRAVIADA
4189,675,10.39,BAG-00003298,EM_TRANSITO
33,658,5.48,BAG-00003299,EM_TRANSITO
2211,228,18.13,BAG-00003300,DANIFICADA
1085,532,5.6,BAG-00003301,ENTREGUE
2510,291,2.1,BAG-00003302,ENTREGUE
1366,424,4.76,BAG-00003303,EXTRAVIADA
4306,170,2.71,BAG-00003304,DANIFICADA
2960,112,21.82,BAG-00003305,EXTRAVIADA
3781,681,3.85,BAG-00003306,DESPACHADA
2701,623,7.21,BAG-00003307,EXTRAVIADA
122,369,15.26,BAG-00003308,EM_TRANSITO
1730,271,8.06,BAG-00003309,EXTRAVIADA
4422,120,9.87,BAG-00003310,DANIFICADA
2270,411,14.15,BAG-00003311,ENTREGUE
308,193,20.87,BAG-00003312,ENTREGUE
1218,681,4.71,BAG-00003313,EM_TRANSITO
1155,316,23.0,BAG-00003314,ENTREGUE
1526,666,12.12,BAG-00003315,EM_TRANSITO
824,67,13.04,BAG-00003316,DESPACHADA
2454,649,9.99,BAG-00003317,EM_TRANSITO
3992,74,16.18,BAG-00003318,DESPACHADA
736,120,3.55,BAG-00003319,EXTRAVIADA
1523,432,13.65,BAG-00003320,ENTREGUE
4384,237,2.98,BAG-00003321,DANIFICADA
4974,179,2.35,BAG-00003322,EXTRAVIADA
4064,833,18.29,BAG-00003323,DANIFICADA
607,211,19.6,BAG-00003324,EXTRAVIADA
3056,902,8.25,BAG-00003325,DESPACHADA
3196,269,14.17,BAG-00003326,DESPACHADA
1850,99,4.78,BAG-00003327,DESPACHADA
4538,921,3.65,BAG-00003328,EM_TRANSITO
1826,719,5.1,BAG-00003329,EXTRAVIADA
195,287,12.14,BAG-00003330,DESPACHADA
4514,698,7.11,BAG-00003331,DANIFICADA
3764,841,12.13,BAG-00003332,DANIFICADA
4764,675,2.12,BAG-00003333,DESPACHADA
2964,159,2.9,BAG-00003334,EM_TRANSITO
1075,120,3.1,BAG-00003335,DESPACHADA
1712,636,24.64,BAG-00003336,EXTRAVIADA
4390,819,2.0,BAG-00003337,EM_TRANSITO
4219,649,17.33,BAG-00003338,EXTRAVIADA
2139,745,12.97,BAG-00003339,ENTREGUE
2835,989,12.42,BAG-00003340,EXTRAVIADA
4120,321,7.75,BAG-00003341,EM_TRANSITO
2753,599,9.81,BAG-00003342,EM_TRANSITO
3721,478,21.79,BAG-00003343,DANIFICADA
4519,544,10.62,BAG-00003344,EXTRAVIADA
3804,54,28.5,BAG-00003345,DANIFICADA
715,113,12.86,BAG-00003346,ENTREGUE
3368,732,15.51,BAG-00003347,EXTRAVIADA
2612,703,6.33,BAG-00003348,ENTREGUE
3657,630,8.71,BAG-00003349,DESPACHADA
1912,705,2.57,BAG-00003350,DANIFICADA
2943,567,10.64,BAG-00003351,ENTREGUE
1598,234,31.46,BAG-00003352,DANIFICADA
2299,690,3.61,BAG-00003353,EM_TRANSITO
3900,287,7.16,BAG-00003354,EXTRAVIADA
1429,396,22.73,BAG-00003355,EXTRAVIADA
2582,548,5.51,BAG-00003356,EXTRAVIADA
2435,832,27.0,BAG-00003357,DESPACHADA
2403,785,13.65,BAG-00003358,DANIFICADA
43,425,7.26,BAG-00003359,EM_TRANSITO
782,256,14.15,BAG-00003360,DANIFICADA
1964,935,19.06,BAG-00003361,EXTRAVIADA
233,893,29.88,BAG-00003362,DESPACHADA
720,973,24.76,BAG-00003363,ENTREGUE
3882,685,7.48,BAG-00003364,EM_TRANSITO
4574,172,24.57,BAG-00003365,ENTREGUE
1371,774,3.82,BAG-00003366,EXTRAVIADA
1805,513,11.46,BAG-00003367,ENTREGUE
1182,269,19.62,BAG-00003368,EXTRAVIADA
1959,364,15.58,BAG-00003369,EM_TRANSITO
2638,447,16.65,BAG-00003370,ENTREGUE
3905,125,6.63,BAG-00003371,EM_TRANSITO
4630,985,12.84,BAG-00003372,DANIFICADA
4644,874,17.45,BAG-00003373,EM_TRANSITO
3218,576,6.59,BAG-00003374,EXTRAVIADA
742,529,20.99,BAG-00003375,ENTREGUE
1097,940,8.91,BAG-00003376,EXTRAVIADA
3229,846,28.74,BAG-00003377,EM_TRANSITO
103,443,2.27,BAG-00003378,DANIFICADA
3933,228,17.25,BAG-00003379,EM_TRANSITO
3015,2,5.04,BAG-00003380,DESPACHADA
1025,270,5.75,BAG-00003381,DESPACHADA
2264,336,25.94,BAG-00003382,EXTRAVIADA
3150,243,3.05,BAG-00003383,DANIFICADA
3191,228,27.93,BAG-00003384,DESPACHADA
4694,141,2.53,BAG-00003385,DANIFICADA
4639,409,24.0,BAG-00003386,EM_TRANSITO
3428,521,2.87,BAG-00003387,ENTREGUE
50,231,19.37,BAG-00003388,EXTRAVIADA
1506,631,23.43,BAG-00003389,EM_TRANSITO
2964,374,22.74,BAG-00003390,EXTRAVIADA
464,25,18.15,BAG-00003391,EXTRAVIADA
4117,326,25.79,BAG-00003392,DANIFICADA
2755,639,3.27,BAG-00003393,DANIFICADA
2699,50,9.63,BAG-00003394,DANIFICADA
751,337,13.93,BAG-00003395,DANIFICADA
4976,430,3.01,BAG-00003396,ENTREGUE
1890,934,17.26,BAG-00003397,EM_TRANSITO
2160,373,18.17,BAG-00003398,DESPACHADA
1040,12,6.66,BAG-00003399,EM_TRANSITO
1226,539,8.65,BAG-00003400,EM_TRANSITO
3924,421,2.42,BAG-00003401,EM_TRANSITO
792,904,12.19,BAG-00003402,ENTREGUE
2670,178,20.4,BAG-00003403,DANIFICADA
2193,758,25.53,BAG-00003404,EXTRAVIADA
797,679,9.46,BAG-00003405,EM_TRANSITO
44,980,30.37,BAG-00003406,EM_TRANSITO
2293,865,13.95,BAG-00003407,ENTREGUE
325,695,5.29,BAG-00003408,DANIFICADA
1194,79,2.77,BAG-00003409,EXTRAVIADA
2736,448,17.52,BAG-00003410,EXTRAVIADA
1372,364,20.35,BAG-00003411,EM_TRANSITO
3338,296,27.15,BAG-00003412,ENTREGUE
3873,531,27.34,BAG-00003413,EXTRAVIADA
358,142,16.01,BAG-00003414,ENTREGUE
4418,240,19.6,BAG-00003415,ENTREGUE
4942,146,28.89,BAG-00003416,ENTREGUE
1344,227,3.21,BAG-00003417,EM_TRANSITO
2378,966,24.64,BAG-00003418,DANIFICADA
3550,278,3.83,BAG-00003419,ENTREGUE
2970,232,29.98,BAG-00003420,EXTRAVIADA
1325,928,25.57,BAG-00003421,ENTREGUE
484,314,10.51,BAG-00003422,EM_TRANSITO
4056,853,26.02,BAG-00003423,DANIFICADA
2953,658,3.17,BAG-00003424,EXTRAVIADA
942,507,6.56,BAG-00003425,DANIFICADA
1184,240,19.93,BAG-00003426,EM_TRANSITO
4885,611,19.76,BAG-00003427,DESPACHADA
4273,976,17.07,BAG-00003428,ENTREGUE
1358,732,22.8,BAG-00003429,EM_TRANSITO
3793,930,10.07,BAG-00003430,ENTREGUE
479,602,6.51,BAG-00003431,EXTRAVIADA
4865,560,15.81,BAG-00003432,EM_TRANSITO
4901,488,14.25,BAG-00003433,EM_TRANSITO
3502,249,13.51,BAG-00003434,ENTREGUE
2483,30,2.65,BAG-00003435,DESPACHADA
281,523,10.99,BAG-00003436,EM_TRANSITO
803,279,4.2,BAG-00003437,ENTREGUE
694,598,23.7,BAG-00003438,ENTREGUE
3990,125,27.27,BAG-00003439,DANIFICADA
834,500,6.36,BAG-00003440,DESPACHADA
3224,424,11.03,BAG-00003441,DESPACHADA
2352,606,11.21,BAG-00003442,DESPACHADA
3414,814,31.7,BAG-00003443,DESPACHADA
2753,796,21.62,BAG-00003444,ENTREGUE
3401,633,18.97,BAG-00003445,DANIFICADA
866,299,2.22,BAG-00003446,EM_TRANSITO
3573,946,9.63,BAG-00003447,ENTREGUE
2514,109,23.22,BAG-00003448,DESPACHADA
2903,553,11.26,BAG-00003449,DESPACHADA
1613,750,15.83,BAG-00003450,EM_TRANSITO
88,376,21.03,BAG-00003451,EM_TRANSITO
4738,347,13.57,BAG-00003452,DANIFICADA
2256,242,16.62,BAG-00003453,EM_TRANSITO
1670,463,6.4,BAG-00003454,EM_TRANSITO
2047,571,24.11,BAG-00003455,ENTREGUE
4508,892,17.32,BAG-00003456,DANIFICADA
98,70,16.04,BAG-00003457,EXTRAVIADA
268,104,12.18,BAG-00003458,EXTRAVIADA
1550,786,10.67,BAG-00003459,DESPACHADA
916,754,28.73,BAG-00003460,ENTREGUE
1194,861,4.26,BAG-00003461,DESPACHADA
4086,400,31.79,BAG-00003462,ENTREGUE
915,959,5.6,BAG-00003463,DESPACHADA
1089,785,6.53,BAG-00003464,EXTRAVIADA
2844,734,30.44,BAG-00003465,ENTREGUE
3470,58,3.27,BAG-00003466,ENTREGUE
3538,409,12.7,BAG-00003467,EXTRAVIADA
2035,714,16.82,BAG-00003468,EM_TRANSITO
4080,595,12.98,BAG-00003469,DANIFICADA
1419,937,13.64,BAG-00003470,EXTRAVIADA
4612,148,8.24,BAG-00003471,ENTREGUE
1142,979,6.69,BAG-00003472,DESPACHADA
3592,582,4.04,BAG-00003473,EM_TRANSITO
3041,848,9.98,BAG-00003474,DANIFICADA
1010,267,17.13,BAG-00003475,ENTREGUE
4846,797,21.94,BAG-00003476,EXTRAVIADA
2727,638,10.8,BAG-00003477,DESPACHADA
2984,160,10.33,BAG-00003478,EXTRAVIADA
3001,937,12.6,BAG-00003479,DANIFICADA
2692,60,28.75,BAG-00003480,DANIFICADA
1589,802,4.92,BAG-00003481,EM_TRANSITO
761,762,2.04,BAG-00003482,EM_TRANSITO
3615,38,13.04,BAG-00003483,DESPACHADA
319,803,7.71,BAG-00003484,EXTRAVIADA
3566,626,13.79,BAG-00003485,DANIFICADA
2553,86,12.56,BAG-00003486,EXTRAVIADA
931,793,15.72,BAG-00003487,EXTRAVIADA
822,432,19.65,BAG-00003488,DESPACHADA
4324,76,14.64,BAG-00003489,ENTREGUE
4074,270,4.75,BAG-00003490,EXTRAVIADA
1945,236,27.73,BAG-00003491,EXTRAVIADA
3456,114,9.14,BAG-00003492,DANIFICADA
3412,452,3.47,BAG-00003493,EXTRAVIADA
1542,390,7.82,BAG-00003494,EXTRAVIADA
205,939,7.03,BAG-00003495,EXTRAVIADA
1091,561,7.0,BAG-00003496,EM_TRANSITO
3363,673,20.99,BAG-00003497,ENTREGUE
154,95,5.49,BAG-00003498,DESPACHADA
460,555,8.27,BAG-00003499,EM_TRANSITO
1557,448,24.18,BAG-00003500,EM_TRANSITO
2134,819,2.01,BAG-00003501,DANIFICADA
3986,763,8.38,BAG-00003502,DANIFICADA
1680,553,21.03,BAG-00003503,EXTRAVIADA
101,192,12.88,BAG-00003504,EM_TRANSITO
4139,469,21.95,BAG-00003505,DANIFICADA
3847,178,10.13,BAG-00003506,EXTRAVIADA
527,661,4.98,BAG-00003507,DESPACHADA
2885,59,8.39,BAG-00003508,DESPACHADA
456,944,8.26,BAG-00003509,DESPACHADA
2110,389,24.56,BAG-00003510,DESPACHADA
4966,400,11.39,BAG-00003511,EM_TRANSITO
2770,314,16.12,BAG-00003512,DESPACHADA
2197,749,9.31,BAG-00003513,EM_TRANSITO
2343,979,9.96,BAG-00003514,EXTRAVIADA
3633,960,19.14,BAG-00003515,EM_TRANSITO
3145,97,12.3,BAG-00003516,EXTRAVIADA
784,77,2.62,BAG-00003517,DANIFICADA
2073,816,7.49,BAG-00003518,EXTRAVIADA
4635,721,8.08,BAG-00003519,DANIFICADA
4054,5,11.91,BAG-00003520,DESPACHADA
3692,965,21.71,BAG-00003521,DESPACHADA
3277,791,24.1,BAG-00003522,DESPACHADA
2279,99,4.07,BAG-00003523,DESPACHADA
1089,337,17.86,BAG-00003524,EM_TRANSITO
1914,755,2.39,BAG-00003525,EXTRAVIADA
4240,801,11.52,BAG-00003526,EM_TRANSITO
2876,325,7.97,BAG-00003527,EM_TRANSITO
1419,291,7.68,BAG-00003528,DANIFICADA
3622,279,2.58,BAG-00003529,DANIFICADA
3964,483,2.07,BAG-00003530,ENTREGUE
1622,342,5.05,BAG-00003531,EM_TRANSITO
2912,362,9.3,BAG-00003532,EXTRAVIADA
835,406,18.69,BAG-00003533,ENTREGUE
1137,458,4.3,BAG-00003534,ENTREGUE
3808,423,8.25,BAG-00003535,DANIFICADA
4902,348,6.5,BAG-00003536,EM_TRANSITO
2437,573,25.31,BAG-00003537,EXTRAVIADA
1254,876,8.6,BAG-00003538,ENTREGUE
2765,588,25.05,BAG-00003539,EM_TRANSITO
1463,104,13.3,BAG-00003540,ENTREGUE
2622,430,6.7,BAG-00003541,EXTRAVIADA
2565,695,4.94,BAG-00003542,DANIFICADA
4491,376,20.75,BAG-00003543,DANIFICADA
775,207,21.3,BAG-00003544,DESPACHADA
38,614,2.97,BAG-00003545,DESPACHADA
3896,762,3.14,BAG-00003546,DANIFICADA
2604,341,2.37,BAG-00003547,EM_TRANSITO
338,719,5.82,BAG-00003548,DESPACHADA
27,993,18.71,BAG-00003549,ENTREGUE
3760,640,12.34,BAG-00003550,EM_TRANSITO
1117,512,6.88,BAG-00003551,EXTRAVIADA
1842,407,13.73,BAG-00003552,EXTRAVIADA
3157,77,4.95,BAG-00003553,DANIFICADA
950,963,2.08,BAG-00003554,DESPACHADA
178,951,5.56,BAG-00003555,DESPACHADA
2433,801,10.51,BAG-00003556,DANIFICADA
3913,463,8.41,BAG-00003557,ENTREGUE
1498,577,11.02,BAG-00003558,DESPACHADA
1669,326,13.93,BAG-00003559,EM_TRANSITO
2981,642,18.04,BAG-00003560,ENTREGUE
357,150,2.3,BAG-00003561,EM_TRANSITO
3828,986,20.05,BAG-00003562,EXTRAVIADA
2408,981,6.68,BAG-00003563,EM_TRANSITO
3814,216,31.87,BAG-00003564,DESPACHADA
2201,630,19.33,BAG-00003565,DANIFICADA
209,622,5.14,BAG-00003566,ENTREGUE
1070,122,2.24,BAG-00003567,EM_TRANSITO
610,568,8.96,BAG-00003568,DANIFICADA
4733,677,10.33,BAG-00003569,EXTRAVIADA
2839,805,9.47,BAG-00003570,DANIFICADA
1819,19,3.43,BAG-00003571,EXTRAVIADA
1721,361,11.81,BAG-00003572,DANIFICADA
3802,364,12.35,BAG-00003573,DESPACHADA
2519,532,6.48,BAG-00003574,DESPACHADA
2695,976,19.22,BAG-00003575,EM_TRANSITO
4492,976,13.56,BAG-00003576,EM_TRANSITO
3437,345,12.22,BAG-00003577,DANIFICADA
1401,622,3.2,BAG-00003578,EM_TRANSITO
3776,400,25.7,BAG-00003579,EM_TRANSITO
2590,860,19.78,BAG-00003580,ENTREGUE
2951,492,19.15,BAG-00003581,EXTRAVIADA
979,594,25.18,BAG-00003582,EM_TRANSITO
4018,737,4.67,BAG-00003583,EM_TRANSITO
287,592,8.05,BAG-00003584,EM_TRANSITO
1034,217,10.41,BAG-00003585,DESPACHADA
1899,461,11.3,BAG-00003586,DANIFICADA
3627,184,8.06,BAG-00003587,ENTREGUE
2959,438,12.34,BAG-00003588,EM_TRANSITO
1275,460,25.64,BAG-00003589,ENTREGUE
4359,62,11.26,BAG-00003590,EM_TRANSITO
781,577,3.56,BAG-00003591,EXTRAVIADA
4298,970,13.52,BAG-00003592,DESPACHADA
2319,863,5.7,BAG-00003593,EM_TRANSITO
1203,106,18.06,BAG-00003594,EXTRAVIADA
3538,582,9.42,BAG-00003595,DESPACHADA
1060,508,17.32,BAG-00003596,DANIFICADA
1641,187,6.22,BAG-00003597,EM_TRANSITO
4634,312,10.49,BAG-00003598,DESPACHADA
4199,507,6.71,BAG-00003599,EM_TRANSITO
4189,404,18.26,BAG-00003600,EM_TRANSITO
2736,486,21.33,BAG-00003601,ENTREGUE
4161,791,8.42,BAG-00003602,DANIFICADA
311,690,16.84,BAG-00003603,EXTRAVIADA
4735,917,10.34,BAG-00003604,EM_TRANSITO
3089,133,10.11,BAG-00003605,DANIFICADA
4327,205,28.29,BAG-00003606,EM_TRANSITO
2058,405,6.12,BAG-00003607,DESPACHADA
147,467,18.43,BAG-00003608,ENTREGUE
321,481,5.0,BAG-00003609,ENTREGUE
3012,678,7.94,BAG-00003610,DANIFICADA
1846,517,21.7,BAG-00003611,ENTREGUE
4388,505,8.74,BAG-00003612,EM_TRANSITO
1317,616,4.04,BAG-00003613,DESPACHADA
2930,722,15.51,BAG-00003614,EM_TRANSITO
4757,707,10.88,BAG-00003615,EM_TRANSITO
964,375,12.56,BAG-00003616,DANIFICADA
2257,415,4.27,BAG-00003617,EXTRAVIADA
3078,410,13.61,BAG-00003618,EXTRAVIADA
3818,30,19.94,BAG-00003619,ENTREGUE
3047,430,11.38,BAG-00003620,ENTREGUE
2622,150,14.01,BAG-00003621,ENTREGUE
4896,589,13.81,BAG-00003622,EXTRAVIADA
646,39,5.89,BAG-00003623,EM_TRANSITO
339,874,30.57,BAG-00003624,EM_TRANSITO
857,936,27.02,BAG-00003625,DESPACHADA
4803,195,7.78,BAG-00003626,DESPACHADA
4204,125,19.19,BAG-00003627,DANIFICADA
1559,367,6.84,BAG-00003628,DANIFICADA
535,99,4.56,BAG-00003629,DESPACHADA
1382,329,13.04,BAG-00003630,DANIFICADA
360,812,19.57,BAG-00003631,DESPACHADA
2668,842,3.61,BAG-00003632,DESPACHADA
1178,429,20.05,BAG-00003633,DESPACHADA
4005,798,13.4,BAG-00003634,EXTRAVIADA
3465,382,2.59,BAG-00003635,DESPACHADA
2463,177,4.62,BAG-00003636,ENTREGUE
1912,565,18.7,BAG-00003637,ENTREGUE
3265,138,17.43,BAG-00003638,EXTRAVIADA
146,222,7.59,BAG-00003639,DANIFICADA
4114,572,12.26,BAG-00003640,ENTREGUE
4700,706,11.02,BAG-00003641,EXTRAVIADA
3948,297,10.81,BAG-00003642,EM_TRANSITO
3368,142,12.7,BAG-00003643,DESPACHADA
3441,191,2.9,BAG-00003644,EXTRAVIADA
4542,591,10.11,BAG-00003645,EM_TRANSITO
1177,336,13.78,BAG-00003646,ENTREGUE
915,644,17.95,BAG-00003647,ENTREGUE
1298,64,22.6,BAG-00003648,EXTRAVIADA
3804,922,4.32,BAG-00003649,EXTRAVIADA
3693,403,7.34,BAG-00003650,EM_TRANSITO
1279,62,9.41,BAG-00003651,EM_TRANSITO
2387,434,10.04,BAG-00003652,ENTREGUE
1592,135,11.36,BAG-00003653,EM_TRANSITO
1032,898,25.18,BAG-00003654,ENTREGUE
1133,232,11.58,BAG-00003655,DESPACHADA
2908,27,23.92,BAG-00003656,DESPACHADA
3199,930,8.83,BAG-00003657,EM_TRANSITO
4205,519,6.57,BAG-00003658,ENTREGUE
3686,761,3.36,BAG-00003659,ENTREGUE
136,692,27.74,BAG-00003660,EXTRAVIADA
260,530,11.74,BAG-00003661,DANIFICADA
2068,908,25.15,BAG-00003662,DESPACHADA
4436,142,15.96,BAG-00003663,EM_TRANSITO
1535,584,13.56,BAG-00003664,EM_TRANSITO
520,108,8.52,BAG-00003665,EXTRAVIADA
3525,317,14.25,BAG-00003666,DESPACHADA
3226,770,19.3,BAG-00003667,ENTREGUE
3743,337,12.65,BAG-00003668,ENTREGUE
1863,441,7.58,BAG-00003669,DANIFICADA
4794,741,4.33,BAG-00003670,DESPACHADA
2630,499,9.55,BAG-00003671,DANIFICADA
3099,78,6.61,BAG-00003672,EXTRAVIADA
2707,971,18.17,BAG-00003673,DESPACHADA
4852,546,16.07,BAG-00003674,DESPACHADA
874,283,9.84,BAG-00003675,DANIFICADA
423,48,9.28,BAG-00003676,EM_TRANSITO
3741,137,12.1,BAG-00003677,EM_TRANSITO
4320,946,5.86,BAG-00003678,DESPACHADA
3992,228,19.92,BAG-00003679,DANIFICADA
2080,384,17.66,BAG-00003680,EXTRAVIADA
4989,880,14.03,BAG-00003681,EM_TRANSITO
692,364,18.51,BAG-00003682,EXTRAVIADA
2669,527,19.22,BAG-00003683,ENTREGUE
1886,515,2.42,BAG-00003684,EXTRAVIADA
3965,408,14.99,BAG-00003685,EXTRAVIADA
1065,121,3.43,BAG-00003686,DESPACHADA
2435,438,16.59,BAG-00003687,DESPACHADA
4327,119,2.33,BAG-00003688,DANIFICADA
791,596,26.3,BAG-00003689,EM_TRANSITO
1986,56,28.12,BAG-00003690,EM_TRANSITO
3597,593,13.3,BAG-00003691,DANIFICADA
2495,408,21.94,BAG-00003692,EM_TRANSITO
3760,512,9.25,BAG-00003693,DESPACHADA
4748,166,13.48,BAG-00003694,EM_TRANSITO
1058,353,11.95,BAG-00003695,DESPACHADA
77,90,16.59,BAG-00003696,DANIFICADA
3000,748,19.74,BAG-00003697,EM_TRANSITO
2758,559,6.51,BAG-00003698,EXTRAVIADA
621,671,3.97,BAG-00003699,ENTREGUE
240,474,27.01,BAG-00003700,DESPACHADA
79,697,21.84,BAG-00003701,DANIFICADA
4184,17,2.51,BAG-00003702,EM_TRANSITO
2935,669,8.8,BAG-00003703,DANIFICADA
4321,548,9.99,BAG-00003704,DESPACHADA
115,4,15.34,BAG-00003705,DESPACHADA
2144,680,30.1,BAG-00003706,DANIFICADA
4871,61,5.8,BAG-00003707,DESPACHADA
4335,716,20.54,BAG-00003708,DESPACHADA
863,924,4.49,BAG-00003709,DANIFICADA
1754,300,13.17,BAG-00003710,DANIFICADA
61,346,6.48,BAG-00003711,DANIFICADA
2016,430,16.24,BAG-00003712,DESPACHADA
3612,692,21.16,BAG-00003713,ENTREGUE
263,550,2.96,BAG-00003714,EXTRAVIADA
1793,383,7.44,BAG-00003715,ENTREGUE
3461,190,3.54,BAG-00003716,EXTRAVIADA
4787,106,9.11,BAG-00003717,EXTRAVIADA
4702,980,14.65,BAG-00003718,DANIFICADA
3986,946,28.23,BAG-00003719,DANIFICADA
674,649,4.16,BAG-00003720,EXTRAVIADA
3159,958,8.61,BAG-00003721,DESPACHADA
3428,852,3.01,BAG-00003722,DESPACHADA
876,202,7.83,BAG-00003723,DESPACHADA
3806,743,5.75,BAG-00003724,ENTREGUE
4020,498,22.37,BAG-00003725,ENTREGUE
1036,312,11.52,BAG-00003726,DESPACHADA
1326,259,2.83,BAG-00003727,EXTRAVIADA
3330,382,6.2,BAG-00003728,EM_TRANSITO
2986,586,28.31,BAG-00003729,EM_TRANSITO
511,419,4.67,BAG-00003730,EM_TRANSITO
1230,638,17.28,BAG-00003731,EXTRAVIADA
999,297,8.54,BAG-00003732,ENTREGUE
552,365,27.95,BAG-00003733,EM_TRANSITO
1764,443,12.3,BAG-00003734,DESPACHADA
3904,702,2.88,BAG-00003735,DANIFICADA
3521,535,5.53,BAG-00003736,EM_TRANSITO
4237,978,20.59,BAG-00003737,DANIFICADA
342,477,7.7,BAG-00003738,DANIFICADA
444,430,14.47,BAG-00003739,ENTREGUE
664,292,14.58,BAG-00003740,ENTREGUE
4511,700,2.33,BAG-00003741,ENTREGUE
1157,891,21.12,BAG-00003742,DESPACHADA
3117,271,15.53,BAG-00003743,EXTRAVIADA
3993,632,27.02,BAG-00003744,EXTRAVIADA
815,601,4.33,BAG-00003745,DANIFICADA
2171,954,9.7,BAG-00003746,EXTRAVIADA
741,838,15.71,BAG-00003747,DANIFICADA
4761,888,30.51,BAG-00003748,ENTREGUE
2431,541,4.01,BAG-00003749,DANIFICADA
1852,56,23.62,BAG-00003750,EXTRAVIADA
2907,914,9.32,BAG-00003751,DANIFICADA
1591,707,16.68,BAG-00003752,DESPACHADA
4477,247,29.11,BAG-00003753,DESPACHADA
2819,500,19.7,BAG-00003754,DANIFICADA
930,974,14.97,BAG-00003755,DANIFICADA
2627,134,23.13,BAG-00003756,DANIFICADA
4724,433,18.41,BAG-00003757,DESPACHADA
4776,279,6.73,BAG-00003758,DESPACHADA
4131,460,30.69,BAG-00003759,EM_TRANSITO
2950,918,15.96,BAG-00003760,EXTRAVIADA
4510,836,5.34,BAG-00003761,DESPACHADA
4333,20,29.65,BAG-00003762,EM_TRANSITO
317,777,3.02,BAG-00003763,EXTRAVIADA
1504,113,3.94,BAG-00003764,DANIFICADA
275,719,5.93,BAG-00003765,EXTRAVIADA
3223,173,26.65,BAG-00003766,EM_TRANSITO
4421,473,12.87,BAG-00003767,EM_TRANSITO
145,891,16.33,BAG-00003768,DESPACHADA
1605,681,4.21,BAG-00003769,ENTREGUE
1834,313,10.53,BAG-00003770,DANIFICADA
4154,494,17.19,BAG-00003771,EXTRAVIADA
1684,418,4.65,BAG-00003772,EM_TRANSITO
2437,842,6.26,BAG-00003773,DANIFICADA
1525,68,25.99,BAG-00003774,DESPACHADA
3113,864,5.18,BAG-00003775,EM_TRANSITO
69,917,2.38,BAG-00003776,DANIFICADA
4645,915,12.97,BAG-00003777,ENTREGUE
1627,634,16.31,BAG-00003778,ENTREGUE
3450,206,30.52,BAG-00003779,DANIFICADA
1579,871,12.2,BAG-00003780,DANIFICADA
2503,405,21.69,BAG-00003781,DANIFICADA
3099,655,3.9,BAG-00003782,DANIFICADA
4138,127,7.95,BAG-00003783,DANIFICADA
223,669,20.26,BAG-00003784,EXTRAVIADA
2923,884,9.92,BAG-00003785,EXTRAVIADA
2049,615,6.54,BAG-00003786,DESPACHADA
148,953,26.36,BAG-00003787,ENTREGUE
1185,147,17.62,BAG-00003788,DANIFICADA
2785,368,28.39,BAG-00003789,DANIFICADA
1503,495,10.6,BAG-00003790,EXTRAVIADA
2446,166,4.48,BAG-00003791,EXTRAVIADA
4049,410,2.43,BAG-00003792,ENTREGUE
3402,980,30.63,BAG-00003793,DANIFICADA
4683,484,6.56,BAG-00003794,DANIFICADA
826,466,27.12,BAG-00003795,EXTRAVIADA
1103,429,6.6,BAG-00003796,ENTREGUE
2594,638,3.59,BAG-00003797,EM_TRANSITO
3527,870,5.4,BAG-00003798,ENTREGUE
4389,56,27.14,BAG-00003799,DESPACHADA
11,65,5.12,BAG-00003800,EM_TRANSITO
1965,90,15.75,BAG-00003801,DESPACHADA
1399,506,23.54,BAG-00003802,DANIFICADA
3218,752,29.74,BAG-00003803,DESPACHADA
1752,495,5.44,BAG-00003804,EXTRAVIADA
4692,291,11.79,BAG-00003805,DESPACHADA
3583,74,9.39,BAG-00003806,EM_TRANSITO
118,369,7.38,BAG-00003807,EXTRAVIADA
2626,155,7.56,BAG-00003808,ENTREGUE
1120,75,2.65,BAG-00003809,EXTRAVIADA
4778,121,11.77,BAG-00003810,EXTRAVIADA
1842,700,5.9,BAG-00003811,DESPACHADA
4971,732,20.92,BAG-00003812,DESPACHADA
2623,400,29.84,BAG-00003813,ENTREGUE
4494,525,21.22,BAG-00003814,DANIFICADA
1249,251,6.72,BAG-00003815,EM_TRANSITO
1595,255,3.59,BAG-00003816,ENTREGUE
544,779,4.0,BAG-00003817,DANIFICADA
1995,379,4.41,BAG-00003818,ENTREGUE
1412,900,19.56,BAG-00003819,EM_TRANSITO
632,252,20.41,BAG-00003820,EXTRAVIADA
322,230,7.47,BAG-00003821,EM_TRANSITO
1699,232,15.78,BAG-00003822,ENTREGUE
4455,853,11.5,BAG-00003823,EM_TRANSITO
4120,160,25.5,BAG-00003824,EXTRAVIADA
1001,628,4.98,BAG-00003825,EM_TRANSITO
4445,969,8.35,BAG-00003826,ENTREGUE
1603,532,23.57,BAG-00003827,DANIFICADA
214,714,18.36,BAG-00003828,EM_TRANSITO
1678,200,21.27,BAG-00003829,DANIFICADA
4195,69,4.93,BAG-00003830,EXTRAVIADA
3062,275,12.0,BAG-00003831,DANIFICADA
4898,271,6.88,BAG-00003832,DANIFICADA
2424,510,3.79,BAG-00003833,ENTREGUE
4918,811,13.39,BAG-00003834,EM_TRANSITO
424,379,9.72,BAG-00003835,DESPACHADA
2849,278,2.03,BAG-00003836,EXTRAVIADA
1902,811,4.49,BAG-00003837,DESPACHADA
99,244,13.55,BAG-00003838,DESPACHADA
2472,327,19.25,BAG-00003839,ENTREGUE
2075,22,17.11,BAG-00003840,EM_TRANSITO
4378,532,9.56,BAG-00003841,ENTREGUE
766,281,6.8,BAG-00003842,ENTREGUE
1648,941,4.47,BAG-00003843,DANIFICADA
1821,73,28.69,BAG-00003844,EM_TRANSITO
3194,712,27.07,BAG-00003845,EXTRAVIADA
2707,206,5.44,BAG-00003846,DESPACHADA
1748,215,7.59,BAG-00003847,ENTREGUE
3198,498,14.65,BAG-00003848,DESPACHADA
2909,839,2.42,BAG-00003849,DESPACHADA
1839,488,8.44,BAG-00003850,EXTRAVIADA
2576,739,3.45,BAG-00003851,DESPACHADA
4894,251,5.78,BAG-00003852,EXTRAVIADA
3764,674,3.33,BAG-00003853,DESPACHADA
3228,140,8.81,BAG-00003854,EXTRAVIADA
4411,671,14.06,BAG-00003855,EM_TRANSITO
3403,333,8.14,BAG-00003856,EXTRAVIADA
2154,41,6.63,BAG-00003857,DANIFICADA
3806,76,18.01,BAG-00003858,EXTRAVIADA
262,156,5.52,BAG-00003859,DESPACHADA
2820,492,25.68,BAG-00003860,DESPACHADA
3036,760,19.36,BAG-00003861,EXTRAVIADA
4364,213,31.76,BAG-00003862,DANIFICADA
3132,704,11.74,BAG-00003863,DESPACHADA
3569,280,4.99,BAG-00003864,DANIFICADA
2077,454,13.41,BAG-00003865,DANIFICADA
3685,379,8.78,BAG-00003866,DESPACHADA
33,783,13.51,BAG-00003867,ENTREGUE
1685,603,6.04,BAG-00003868,DANIFICADA
1294,277,21.1,BAG-00003869,DESPACHADA
4793,37,9.81,BAG-00003870,EM_TRANSITO
712,583,7.28,BAG-00003871,EM_TRANSITO
1222,130,6.0,BAG-00003872,DESPACHADA
3300,806,29.76,BAG-00003873,EXTRAVIADA
796,292,22.22,BAG-00003874,EM_TRANSITO
3720,90,13.3,BAG-00003875,EXTRAVIADA
3612,616,13.98,BAG-00003876,EM_TRANSITO
4408,202,9.57,BAG-00003877,DESPACHADA
2959,623,2.63,BAG-00003878,DESPACHADA
363,822,6.86,BAG-00003879,ENTREGUE
572,903,8.88,BAG-00003880,DANIFICADA
4251,789,22.11,BAG-00003881,ENTREGUE
2035,876,4.63,BAG-00003882,EXTRAVIADA
697,612,9.31,BAG-00003883,DANIFICADA
1293,613,26.05,BAG-00003884,EM_TRANSITO
2002,919,2.64,BAG-00003885,EXTRAVIADA
1292,709,13.5,BAG-00003886,EM_TRANSITO
308,616,13.27,BAG-00003887,DANIFICADA
139,251,24.17,BAG-00003888,EXTRAVIADA
1862,303,11.94,BAG-00003889,DESPACHADA
2801,617,3.65,BAG-00003890,EXTRAVIADA
60,221,3.84,BAG-00003891,ENTREGUE
2595,496,19.11,BAG-00003892,DESPACHADA
4442,142,17.0,BAG-00003893,EXTRAVIADA
3514,662,14.02,BAG-00003894,DANIFICADA
324,120,30.33,BAG-00003895,DESPACHADA
3197,939,7.31,BAG-00003896,EM_TRANSITO
4663,89,3.61,BAG-00003897,DESPACHADA
1927,309,12.36,BAG-00003898,DANIFICADA
2614,904,4.59,BAG-00003899,DESPACHADA
4434,332,18.11,BAG-00003900,EM_TRANSITO
1568,618,22.66,BAG-00003901,DESPACHADA
1033,396,31.66,BAG-00003902,EXTRAVIADA
930,400,6.03,BAG-00003903,DESPACHADA
663,370,2.09,BAG-00003904,ENTREGUE
516,779,3.73,BAG-00003905,DANIFICADA
4400,827,23.54,BAG-00003906,EXTRAVIADA
1439,760,5.94,BAG-00003907,EM_TRANSITO
3058,519,6.64,BAG-00003908,EM_TRANSITO
959,588,4.31,BAG-00003909,DANIFICADA
4585,673,3.54,BAG-00003910,ENTREGUE
2030,940,21.78,BAG-00003911,EM_TRANSITO
3628,938,25.39,BAG-00003912,DESPACHADA
4848,303,3.15,BAG-00003913,EM_TRANSITO
4150,294,10.51,BAG-00003914,EXTRAVIADA
3521,759,5.14,BAG-00003915,EM_TRANSITO
3972,52,11.74,BAG-00003916,DANIFICADA
1138,203,2.95,BAG-00003917,DANIFICADA
110,874,2.05,BAG-00003918,DANIFICADA
3870,514,25.9,BAG-00003919,ENTREGUE
1632,802,13.29,BAG-00003920,EM_TRANSITO
788,522,7.99,BAG-00003921,EXTRAVIADA
783,539,3.8,BAG-00003922,EXTRAVIADA
2768,327,15.39,BAG-00003923,EXTRAVIADA
1497,602,14.9,BAG-00003924,DESPACHADA
4069,841,11.49,BAG-00003925,DANIFICADA
3620,122,11.81,BAG-00003926,ENTREGUE
2377,843,2.31,BAG-00003927,DANIFICADA
3828,983,7.29,BAG-00003928,DANIFICADA
3150,565,16.74,BAG-00003929,DESPACHADA
523,219,9.62,BAG-00003930,DESPACHADA
2904,530,20.28,BAG-00003931,EM_TRANSITO
1782,819,2.56,BAG-00003932,EM_TRANSITO
3888,85,18.16,BAG-00003933,ENTREGUE
413,19,3.94,BAG-00003934,EM_TRANSITO
620,639,5.41,BAG-00003935,EM_TRANSITO
2202,292,12.17,BAG-00003936,EXTRAVIADA
528,41,6.58,BAG-00003937,EM_TRANSITO
3978,477,4.19,BAG-00003938,EXTRAVIADA
4260,409,14.44,BAG-00003939,EXTRAVIADA
1751,934,13.45,BAG-00003940,EXTRAVIADA
4070,214,27.58,BAG-00003941,ENTREGUE
3736,976,16.28,BAG-00003942,EM_TRANSITO
3212,65,4.27,BAG-00003943,ENTREGUE
3528,422,2.01,BAG-00003944,DESPACHADA
4901,430,10.2,BAG-00003945,ENTREGUE
1897,464,21.38,BAG-00003946,EM_TRANSITO
1471,466,31.41,BAG-00003947,ENTREGUE
3251,693,16.31,BAG-00003948,EM_TRANSITO
97,371,6.1,BAG-00003949,EXTRAVIADA
986,360,14.85,BAG-00003950,EM_TRANSITO
247,572,18.42,BAG-00003951,EXTRAVIADA
4406,575,4.49,BAG-00003952,ENTREGUE
4843,773,15.13,BAG-00003953,DANIFICADA
513,838,16.91,BAG-00003954,EM_TRANSITO
4164,328,3.56,BAG-00003955,EXTRAVIADA
2365,228,3.36,BAG-00003956,DANIFICADA
4505,90,17.91,BAG-00003957,DANIFICADA
2808,102,10.16,BAG-00003958,EXTRAVIADA
2170,96,31.5,BAG-00003959,ENTREGUE
4437,349,26.05,BAG-00003960,EM_TRANSITO
2832,139,4.66,BAG-00003961,ENTREGUE
2218,495,14.76,BAG-00003962,ENTREGUE
1573,674,25.35,BAG-00003963,DESPACHADA
876,106,11.84,BAG-00003964,EXTRAVIADA
491,283,3.59,BAG-00003965,EM_TRANSITO
561,916,17.51,BAG-00003966,ENTREGUE
618,323,7.59,BAG-00003967,DESPACHADA
3108,219,2.9,BAG-00003968,DANIFICADA
4754,320,30.25,BAG-00003969,EXTRAVIADA
4624,458,13.01,BAG-00003970,EM_TRANSITO
1379,42,12.38,BAG-00003971,DANIFICADA
3254,619,12.0,BAG-00003972,DANIFICADA
2922,529,3.6,BAG-00003973,DANIFICADA
1761,318,5.37,BAG-00003974,EM_TRANSITO
635,402,3.73,BAG-00003975,ENTREGUE
1408,184,14.74,BAG-00003976,EM_TRANSITO
957,271,11.13,BAG-00003977,DANIFICADA
2812,740,29.23,BAG-00003978,DANIFICADA
2927,735,11.61,BAG-00003979,EM_TRANSITO
3162,433,4.42,BAG-00003980,DANIFICADA
81,624,11.18,BAG-00003981,ENTREGUE
1992,448,19.64,BAG-00003982,DESPACHADA
3248,694,16.93,BAG-00003983,DANIFICADA
4744,114,15.8,BAG-00003984,EM_TRANSITO
1264,83,8.99,BAG-00003985,DANIFICADA
4629,350,8.58,BAG-00003986,ENTREGUE
2338,515,6.68,BAG-00003987,DANIFICADA
264,961,8.02,BAG-00003988,ENTREGUE
394,55,9.96,BAG-00003989,EXTRAVIADA
3354,418,7.88,BAG-00003990,EM_TRANSITO
3637,936,3.43,BAG-00003991,ENTREGUE
657,550,2.69,BAG-00003992,DESPACHADA
1669,874,21.96,BAG-00003993,DESPACHADA
1715,631,23.59,BAG-00003994,DANIFICADA
1477,549,23.5,BAG-00003995,ENTREGUE
3959,818,5.06,BAG-00003996,EXTRAVIADA
1831,661,5.06,BAG-00003997,ENTREGUE
2416,994,22.23,BAG-00003998,EXTRAVIADA
1888,563,10.37,BAG-00003999,DANIFICADA
2844,887,12.08,BAG-00004000,EXTRAVIADA
1554,365,8.18,BAG-00004001,EXTRAVIADA
4526,18,19.5,BAG-00004002,ENTREGUE
2121,788,27.5,BAG-00004003,DANIFICADA
2864,411,19.74,BAG-00004004,ENTREGUE
1624,201,6.81,BAG-00004005,EXTRAVIADA
392,856,14.14,BAG-00004006,EM_TRANSITO
3595,766,22.42,BAG-00004007,EM_TRANSITO
357,138,5.39,BAG-00004008,DESPACHADA
186,131,15.65,BAG-00004009,EM_TRANSITO
981,625,25.55,BAG-00004010,DESPACHADA
1979,122,7.56,BAG-00004011,EM_TRANSITO
2220,142,9.16,BAG-00004012,DANIFICADA
501,329,2.07,BAG-00004013,EM_TRANSITO
4401,650,5.67,BAG-00004014,DANIFICADA
2708,224,3.84,BAG-00004015,ENTREGUE
937,337,10.08,BAG-00004016,EXTRAVIADA
4894,100,6.2,BAG-00004017,EXTRAVIADA
455,560,21.85,BAG-00004018,DESPACHADA
21,19,4.84,BAG-00004019,ENTREGUE
151,129,24.36,BAG-00004020,EXTRAVIADA
4967,482,12.48,BAG-00004021,ENTREGUE
1074,405,15.33,BAG-00004022,DESPACHADA
1429,157,17.95,BAG-00004023,DANIFICADA
1652,515,3.22,BAG-00004024,ENTREGUE
3796,461,10.21,BAG-00004025,ENTREGUE
2703,751,20.87,BAG-00004026,EM_TRANSITO
503,919,2.61,BAG-00004027,ENTREGUE
2241,142,2.37,BAG-00004028,DESPACHADA
3,208,11.25,BAG-00004029,ENTREGUE
3487,914,25.01,BAG-00004030,EXTRAVIADA
4702,75,5.24,BAG-00004031,DANIFICADA
2351,512,31.72,BAG-00004032,DESPACHADA
2201,807,25.75,BAG-00004033,DANIFICADA
3350,707,9.07,BAG-00004034,DANIFICADA
4135,541,10.3,BAG-00004035,DANIFICADA
2229,624,16.22,BAG-00004036,ENTREGUE
3607,715,9.15,BAG-00004037,EXTRAVIADA
4052,911,7.21,BAG-00004038,DESPACHADA
3633,33,13.91,BAG-00004039,ENTREGUE
4425,281,4.94,BAG-00004040,ENTREGUE
1138,500,3.61,BAG-00004041,DESPACHADA
2259,502,6.92,BAG-00004042,ENTREGUE
4716,369,3.98,BAG-00004043,EM_TRANSITO
4116,374,24.02,BAG-00004044,EXTRAVIADA
3965,300,29.75,BAG-00004045,ENTREGUE
910,458,5.38,BAG-00004046,EXTRAVIADA
4980,253,23.65,BAG-00004047,EM_TRANSITO
1912,168,18.49,BAG-00004048,ENTREGUE
1586,122,6.96,BAG-00004049,EXTRAVIADA
3623,394,6.82,BAG-00004050,ENTREGUE
512,660,17.99,BAG-00004051,DANIFICADA
204,3,8.17,BAG-00004052,DESPACHADA
810,570,9.17,BAG-00004053,EXTRAVIADA
31,776,6.9,BAG-00004054,EM_TRANSITO
3352,819,2.42,BAG-00004055,DANIFICADA
3537,144,15.8,BAG-00004056,DESPACHADA
3474,659,2.72,BAG-00004057,EM_TRANSITO
2902,241,11.72,BAG-00004058,DANIFICADA
51,718,29.13,BAG-00004059,DANIFICADA
2405,114,29.25,BAG-00004060,DESPACHADA
2765,675,5.01,BAG-00004061,EM_TRANSITO
1456,146,10.67,BAG-00004062,ENTREGUE
2540,319,2.98,BAG-00004063,DANIFICADA
2473,90,9.73,BAG-00004064,DANIFICADA
391,895,6.21,BAG-00004065,EM_TRANSITO
108,94,3.62,BAG-00004066,ENTREGUE
3847,72,7.06,BAG-00004067,DESPACHADA
4993,801,10.99,BAG-00004068,ENTREGUE
3471,512,8.97,BAG-00004069,DANIFICADA
67,795,8.68,BAG-00004070,EXTRAVIADA
2086,229,13.95,BAG-00004071,EM_TRANSITO
1234,303,12.08,BAG-00004072,DANIFICADA
4116,34,19.59,BAG-00004073,DESPACHADA
1562,901,6.73,BAG-00004074,EM_TRANSITO
3235,885,3.86,BAG-00004075,ENTREGUE
4291,314,16.51,BAG-00004076,EXTRAVIADA
3371,630,11.47,BAG-00004077,DANIFICADA
2574,292,10.12,BAG-00004078,DESPACHADA
2351,901,5.96,BAG-00004079,EXTRAVIADA
4571,13,19.35,BAG-00004080,ENTREGUE
892,930,11.24,BAG-00004081,EXTRAVIADA
4290,170,13.37,BAG-00004082,DESPACHADA
4974,713,18.17,BAG-00004083,EM_TRANSITO
3833,279,2.12,BAG-00004084,DANIFICADA
2615,145,3.48,BAG-00004085,EXTRAVIADA
2576,984,5.31,BAG-00004086,DESPACHADA
1657,164,18.28,BAG-00004087,DANIFICADA
2602,142,16.66,BAG-00004088,DESPACHADA
3261,289,24.27,BAG-00004089,EM_TRANSITO
1419,928,27.54,BAG-00004090,EM_TRANSITO
3926,38,2.27,BAG-00004091,EM_TRANSITO
1043,163,5.65,BAG-00004092,ENTREGUE
4971,943,9.12,BAG-00004093,EM_TRANSITO
1489,543,19.41,BAG-00004094,DESPACHADA
494,209,8.04,BAG-00004095,DANIFICADA
3795,897,3.93,BAG-00004096,ENTREGUE
2173,892,7.28,BAG-00004097,ENTREGUE
4545,104,14.83,BAG-00004098,EXTRAVIADA
4878,962,16.64,BAG-00004099,EXTRAVIADA
15,459,3.85,BAG-00004100,EM_TRANSITO
46,119,3.54,BAG-00004101,EXTRAVIADA
578,808,26.7,BAG-00004102,ENTREGUE
1990,210,2.72,BAG-00004103,EM_TRANSITO
1190,182,7.95,BAG-00004104,ENTREGUE
1834,842,10.27,BAG-00004105,EM_TRANSITO
3329,575,8.74,BAG-00004106,EM_TRANSITO
142,854,9.94,BAG-00004107,EM_TRANSITO
1598,648,4.96,BAG-00004108,EXTRAVIADA
1623,179,3.13,BAG-00004109,EM_TRANSITO
1563,11,16.58,BAG-00004110,EM_TRANSITO
4993,275,10.97,BAG-00004111,DANIFICADA
4046,267,24.7,BAG-00004112,DANIFICADA
4029,506,15.18,BAG-00004113,ENTREGUE
25,125,5.19,BAG-00004114,ENTREGUE
4998,730,13.56,BAG-00004115,ENTREGUE
2408,775,2.76,BAG-00004116,DESPACHADA
2309,503,4.29,BAG-00004117,DANIFICADA
732,817,16.41,BAG-00004118,DANIFICADA
431,748,7.11,BAG-00004119,ENTREGUE
2857,952,29.65,BAG-00004120,DANIFICADA
2501,586,20.68,BAG-00004121,EM_TRANSITO
3817,949,9.45,BAG-00004122,DESPACHADA
2848,412,15.48,BAG-00004123,DESPACHADA
454,467,3.45,BAG-00004124,ENTREGUE
2988,152,27.4,BAG-00004125,EM_TRANSITO
229,367,5.16,BAG-00004126,ENTREGUE
2601,506,29.27,BAG-00004127,ENTREGUE
2808,481,3.69,BAG-00004128,DANIFICADA
1132,412,7.6,BAG-00004129,EM_TRANSITO
2168,218,9.31,BAG-00004130,ENTREGUE
1107,711,20.16,BAG-00004131,ENTREGUE
3606,884,14.67,BAG-00004132,EM_TRANSITO
747,568,26.85,BAG-00004133,DESPACHADA
3582,619,6.81,BAG-00004134,DESPACHADA
3117,906,2.74,BAG-00004135,DESPACHADA
1038,6,30.38,BAG-00004136,EM_TRANSITO
3965,48,24.24,BAG-00004137,EXTRAVIADA
2861,144,6.24,BAG-00004138,DESPACHADA
1252,725,23.41,BAG-00004139,DESPACHADA
1916,383,16.1,BAG-00004140,ENTREGUE
150,652,3.21,BAG-00004141,EM_TRANSITO
3438,86,7.16,BAG-00004142,ENTREGUE
1742,111,25.35,BAG-00004143,EXTRAVIADA
922,535,6.73,BAG-00004144,DANIFICADA
1179,645,29.62,BAG-00004145,DESPACHADA
352,167,26.56,BAG-00004146,EXTRAVIADA
3957,18,16.28,BAG-00004147,DANIFICADA
1639,991,10.28,BAG-00004148,DANIFICADA
4654,630,8.58,BAG-00004149,ENTREGUE
596,940,3.77,BAG-00004150,DESPACHADA
1075,375,11.43,BAG-00004151,DANIFICADA
1907,182,16.34,BAG-00004152,ENTREGUE
2733,1,2.32,BAG-00004153,EM_TRANSITO
4848,925,15.69,BAG-00004154,DESPACHADA
374,775,11.77,BAG-00004155,DANIFICADA
4242,678,15.9,BAG-00004156,DESPACHADA
3763,127,21.03,BAG-00004157,EXTRAVIADA
919,989,11.77,BAG-00004158,EXTRAVIADA
2556,168,12.56,BAG-00004159,DESPACHADA
987,414,8.9,BAG-00004160,EXTRAVIADA
619,283,5.56,BAG-00004161,ENTREGUE
4124,160,19.37,BAG-00004162,EM_TRANSITO
618,120,19.04,BAG-00004163,EM_TRANSITO
348,104,9.62,BAG-00004164,ENTREGUE
2847,891,18.03,BAG-00004165,DESPACHADA
4048,252,19.46,BAG-00004166,EM_TRANSITO
3884,700,23.22,BAG-00004167,EM_TRANSITO
1791,556,18.2,BAG-00004168,DANIFICADA
4795,708,10.96,BAG-00004169,ENTREGUE
500,883,6.17,BAG-00004170,DESPACHADA
14,292,4.61,BAG-00004171,DESPACHADA
4869,7,20.35,BAG-00004172,EM_TRANSITO
2488,597,7.41,BAG-00004173,EXTRAVIADA
1942,293,7.82,BAG-00004174,EXTRAVIADA
2602,40,20.79,BAG-00004175,DESPACHADA
937,851,21.3,BAG-00004176,EM_TRANSITO
4473,267,8.87,BAG-00004177,EXTRAVIADA
255,795,9.26,BAG-00004178,DESPACHADA
4904,917,10.75,BAG-00004179,ENTREGUE
3201,395,7.57,BAG-00004180,EXTRAVIADA
1585,536,17.41,BAG-00004181,EXTRAVIADA
1729,803,7.28,BAG-00004182,EM_TRANSITO
1829,609,2.36,BAG-00004183,DANIFICADA
3809,728,22.55,BAG-00004184,DESPACHADA
4961,953,18.18,BAG-00004185,EXTRAVIADA
4977,333,24.69,BAG-00004186,EXTRAVIADA
4723,670,16.82,BAG-00004187,DANIFICADA
1246,825,3.76,BAG-00004188,ENTREGUE
1529,316,16.57,BAG-00004189,EM_TRANSITO
4876,295,9.76,BAG-00004190,DANIFICADA
1719,360,9.48,BAG-00004191,DANIFICADA
838,205,11.89,BAG-00004192,ENTREGUE
458,113,29.9,BAG-00004193,EXTRAVIADA
4350,4,3.7,BAG-00004194,EXTRAVIADA
2196,659,5.86,BAG-00004195,EM_TRANSITO
2077,484,7.94,BAG-00004196,EM_TRANSITO
1296,93,2.34,BAG-00004197,EXTRAVIADA
3630,316,17.88,BAG-00004198,ENTREGUE
933,127,11.38,BAG-00004199,EM_TRANSITO
4951,585,20.42,BAG-00004200,EXTRAVIADA
2635,908,23.95,BAG-00004201,DESPACHADA
682,817,13.43,BAG-00004202,EXTRAVIADA
4233,996,8.99,BAG-00004203,DANIFICADA
3631,98,3.74,BAG-00004204,EM_TRANSITO
4674,8,8.42,BAG-00004205,DESPACHADA
2265,497,5.22,BAG-00004206,DANIFICADA
3305,862,13.49,BAG-00004207,EXTRAVIADA
2958,665,15.58,BAG-00004208,EXTRAVIADA
4200,104,5.02,BAG-00004209,DESPACHADA
3693,341,4.47,BAG-00004210,EM_TRANSITO
1558,988,28.28,BAG-00004211,DESPACHADA
4977,162,3.61,BAG-00004212,EM_TRANSITO
4658,383,12.77,BAG-00004213,DESPACHADA
1823,555,13.73,BAG-00004214,ENTREGUE
3072,941,10.31,BAG-00004215,EM_TRANSITO
3864,879,13.74,BAG-00004216,EXTRAVIADA
1026,316,6.58,BAG-00004217,ENTREGUE
4300,541,8.74,BAG-00004218,ENTREGUE
3989,199,7.43,BAG-00004219,ENTREGUE
3711,526,15.35,BAG-00004220,DANIFICADA
764,187,11.19,BAG-00004221,DANIFICADA
4972,547,14.03,BAG-00004222,ENTREGUE
2273,56,27.51,BAG-00004223,EXTRAVIADA
2867,205,9.91,BAG-00004224,EXTRAVIADA
1159,253,6.04,BAG-00004225,DESPACHADA
2820,986,6.26,BAG-00004226,EXTRAVIADA
1645,451,26.65,BAG-00004227,EM_TRANSITO
4393,742,5.98,BAG-00004228,DANIFICADA
3621,824,4.98,BAG-00004229,DESPACHADA
1303,224,5.54,BAG-00004230,EXTRAVIADA
1727,797,13.63,BAG-00004231,EXTRAVIADA
2409,284,9.79,BAG-00004232,EXTRAVIADA
4907,215,14.1,BAG-00004233,ENTREGUE
3466,268,19.69,BAG-00004234,EXTRAVIADA
1981,47,11.05,BAG-00004235,EM_TRANSITO
3939,921,9.7,BAG-00004236,ENTREGUE
941,695,9.95,BAG-00004237,DANIFICADA
296,313,9.89,BAG-00004238,ENTREGUE
2072,692,18.68,BAG-00004239,EXTRAVIADA
4513,875,4.51,BAG-00004240,DANIFICADA
3942,37,12.19,BAG-00004241,DANIFICADA
1115,438,12.43,BAG-00004242,EXTRAVIADA
3600,941,3.12,BAG-00004243,EM_TRANSITO
4078,664,11.72,BAG-00004244,DESPACHADA
20,98,8.88,BAG-00004245,DANIFICADA
4827,794,12.9,BAG-00004246,EM_TRANSITO
1819,538,9.39,BAG-00004247,DANIFICADA
3318,802,4.29,BAG-00004248,ENTREGUE
3177,982,5.87,BAG-00004249,ENTREGUE
1630,637,7.98,BAG-00004250,DANIFICADA
4267,721,4.96,BAG-00004251,DESPACHADA
3890,50,6.27,BAG-00004252,EM_TRANSITO
1202,179,6.39,BAG-00004253,ENTREGUE
4060,271,21.61,BAG-00004254,EM_TRANSITO
2544,478,16.11,BAG-00004255,DANIFICADA
1938,916,24.5,BAG-00004256,DESPACHADA
103,505,19.31,BAG-00004257,EM_TRANSITO
3388,678,2.04,BAG-00004258,DESPACHADA
2666,356,25.67,BAG-00004259,DANIFICADA
2774,348,14.78,BAG-00004260,EM_TRANSITO
1236,193,7.98,BAG-00004261,DANIFICADA
3714,660,2.85,BAG-00004262,DANIFICADA
2158,404,10.5,BAG-00004263,EXTRAVIADA
3390,591,5.25,BAG-00004264,ENTREGUE
3610,75,2.99,BAG-00004265,DANIFICADA
647,158,16.04,BAG-00004266,DANIFICADA
1671,640,31.81,BAG-00004267,ENTREGUE
788,453,10.83,BAG-00004268,EM_TRANSITO
4968,225,15.15,BAG-00004269,ENTREGUE
3900,698,3.42,BAG-00004270,EXTRAVIADA
2503,514,18.6,BAG-00004271,EXTRAVIADA
2208,227,2.56,BAG-00004272,ENTREGUE
4728,671,17.75,BAG-00004273,ENTREGUE
3852,839,5.8,BAG-00004274,ENTREGUE
3131,994,28.61,BAG-00004275,DANIFICADA
3692,640,31.99,BAG-00004276,DESPACHADA
953,82,12.7,BAG-00004277,EXTRAVIADA
2078,857,13.76,BAG-00004278,DESPACHADA
4572,144,5.03,BAG-00004279,EXTRAVIADA
1281,973,4.76,BAG-00004280,DANIFICADA
1597,306,6.09,BAG-00004281,DESPACHADA
3784,676,19.05,BAG-00004282,ENTREGUE
552,232,30.79,BAG-00004283,DESPACHADA
4175,199,6.69,BAG-00004284,DESPACHADA
1121,632,18.52,BAG-00004285,ENTREGUE
2251,98,14.46,BAG-00004286,ENTREGUE
3003,797,13.58,BAG-00004287,ENTREGUE
5,175,11.76,BAG-00004288,EM_TRANSITO
4394,381,6.29,BAG-00004289,ENTREGUE
1939,386,13.02,BAG-00004290,EM_TRANSITO
4419,224,4.84,BAG-00004291,EM_TRANSITO
3353,352,26.86,BAG-00004292,DESPACHADA
3441,452,27.98,BAG-00004293,EM_TRANSITO
288,338,8.4,BAG-00004294,EXTRAVIADA
819,846,17.35,BAG-00004295,EM_TRANSITO
572,423,5.89,BAG-00004296,ENTREGUE
2473,471,2.27,BAG-00004297,EM_TRANSITO
3397,858,25.89,BAG-00004298,DANIFICADA
1882,421,6.32,BAG-00004299,EXTRAVIADA
1618,133,18.15,BAG-00004300,EXTRAVIADA
4303,554,9.47,BAG-00004301,ENTREGUE
3575,764,11.35,BAG-00004302,DANIFICADA
1143,458,4.21,BAG-00004303,EXTRAVIADA
1077,834,10.48,BAG-00004304,EM_TRANSITO
471,318,3.0,BAG-00004305,ENTREGUE
3642,533,6.99,BAG-00004306,EM_TRANSITO
1551,491,2.66,BAG-00004307,DESPACHADA
3357,462,9.0,BAG-00004308,EM_TRANSITO
2962,820,10.15,BAG-00004309,EXTRAVIADA
789,391,17.72,BAG-00004310,DESPACHADA
2942,222,9.61,BAG-00004311,ENTREGUE
432,18,19.26,BAG-00004312,EXTRAVIADA
3225,951,15.38,BAG-00004313,EM_TRANSITO
1993,321,10.66,BAG-00004314,ENTREGUE
864,49,4.44,BAG-00004315,DANIFICADA
4884,326,8.78,BAG-00004316,DANIFICADA
35,574,18.75,BAG-00004317,ENTREGUE
3496,265,6.42,BAG-00004318,EM_TRANSITO
3515,984,10.84,BAG-00004319,EM_TRANSITO
4788,287,10.1,BAG-00004320,EXTRAVIADA
2795,302,11.52,BAG-00004321,DANIFICADA
1398,180,29.64,BAG-00004322,DESPACHADA
2888,504,21.87,BAG-00004323,ENTREGUE
377,394,4.35,BAG-00004324,EM_TRANSITO
4417,908,26.05,BAG-00004325,ENTREGUE
3834,707,18.35,BAG-00004326,EM_TRANSITO
971,463,5.11,BAG-00004327,EM_TRANSITO
332,330,7.94,BAG-00004328,DESPACHADA
4231,135,2.87,BAG-00004329,DESPACHADA
399,282,11.42,BAG-00004330,ENTREGUE
1008,584,19.61,BAG-00004331,EM_TRANSITO
3962,600,20.62,BAG-00004332,ENTREGUE
4913,75,4.89,BAG-00004333,ENTREGUE
4822,803,7.91,BAG-00004334,EXTRAVIADA
4070,856,14.0,BAG-00004335,EXTRAVIADA
3433,291,10.52,BAG-00004336,DANIFICADA
1278,85,12.54,BAG-00004337,ENTREGUE
67,271,3.94,BAG-00004338,EXTRAVIADA
3514,549,16.65,BAG-00004339,EM_TRANSITO
2490,509,16.71,BAG-00004340,EXTRAVIADA
2703,729,26.97,BAG-00004341,DESPACHADA
3674,526,7.31,BAG-00004342,DESPACHADA
4663,907,6.39,BAG-00004343,DANIFICADA
1865,526,11.97,BAG-00004344,DESPACHADA
3757,389,19.39,BAG-00004345,ENTREGUE
308,428,5.4,BAG-00004346,EXTRAVIADA
2901,186,26.2,BAG-00004347,EM_TRANSITO
3296,336,31.04,BAG-00004348,EXTRAVIADA
3602,149,18.01,BAG-00004349,ENTREGUE
3263,7,15.0,BAG-00004350,DANIFICADA
1128,132,11.11,BAG-00004351,EM_TRANSITO
4184,610,8.2,BAG-00004352,DANIFICADA
2042,552,24.04,BAG-00004353,EXTRAVIADA
319,430,8.11,BAG-00004354,EM_TRANSITO
2457,59,5.31,BAG-00004355,ENTREGUE
3842,158,19.89,BAG-00004356,DESPACHADA
1276,843,20.17,BAG-00004357,EXTRAVIADA
4650,571,4.17,BAG-00004358,ENTREGUE
2920,552,20.95,BAG-00004359,EM_TRANSITO
4927,37,9.48,BAG-00004360,DESPACHADA
1741,849,14.87,BAG-00004361,DANIFICADA
3739,475,12.36,BAG-00004362,ENTREGUE
515,180,10.38,BAG-00004363,ENTREGUE
2790,289,5.47,BAG-00004364,DANIFICADA
4058,1000,26.53,BAG-00004365,DESPACHADA
4612,536,20.44,BAG-00004366,EXTRAVIADA
2557,951,18.73,BAG-00004367,EXTRAVIADA
3276,556,16.66,BAG-00004368,EXTRAVIADA
4721,307,28.45,BAG-00004369,ENTREGUE
822,190,11.18,BAG-00004370,EXTRAVIADA
3711,361,8.81,BAG-00004371,EM_TRANSITO
4635,54,11.76,BAG-00004372,EM_TRANSITO
4697,765,4.84,BAG-00004373,EXTRAVIADA
2808,998,19.71,BAG-00004374,EXTRAVIADA
3294,422,10.6,BAG-00004375,EM_TRANSITO
4294,314,9.97,BAG-00004376,DESPACHADA
3249,841,7.1,BAG-00004377,EM_TRANSITO
150,9,18.57,BAG-00004378,EM_TRANSITO
332,72,12.37,BAG-00004379,DESPACHADA
1403,196,12.5,BAG-00004380,DESPACHADA
191,326,30.25,BAG-00004381,DANIFICADA
4207,839,2.09,BAG-00004382,DESPACHADA
1401,801,5.45,BAG-00004383,ENTREGUE
708,677,5.28,BAG-00004384,DESPACHADA
1821,123,7.82,BAG-00004385,ENTREGUE
1586,927,7.23,BAG-00004386,EXTRAVIADA
4793,660,6.67,BAG-00004387,EXTRAVIADA
3165,341,3.09,BAG-00004388,EM_TRANSITO
4368,128,17.77,BAG-00004389,DANIFICADA
1849,914,10.84,BAG-00004390,EM_TRANSITO
586,920,26.21,BAG-00004391,ENTREGUE
2568,307,4.16,BAG-00004392,DESPACHADA
2204,33,23.6,BAG-00004393,EM_TRANSITO
1137,713,22.19,BAG-00004394,DANIFICADA
1056,12,23.63,BAG-00004395,DESPACHADA
748,208,29.37,BAG-00004396,EM_TRANSITO
321,396,22.98,BAG-00004397,ENTREGUE
2384,336,13.09,BAG-00004398,EXTRAVIADA
1583,722,8.59,BAG-00004399,DANIFICADA
3609,365,15.24,BAG-00004400,EM_TRANSITO
2702,731,16.36,BAG-00004401,DANIFICADA
759,960,28.36,BAG-00004402,EXTRAVIADA
405,604,18.81,BAG-00004403,ENTREGUE
1864,537,4.8,BAG-00004404,EXTRAVIADA
55,288,16.02,BAG-00004405,DESPACHADA
4052,640,14.29,BAG-00004406,EM_TRANSITO
623,924,21.93,BAG-00004407,EXTRAVIADA
4030,454,31.43,BAG-00004408,ENTREGUE
1269,64,19.89,BAG-00004409,ENTREGUE
1660,678,18.99,BAG-00004410,EXTRAVIADA
3846,666,9.63,BAG-00004411,DESPACHADA
1422,508,15.69,BAG-00004412,DANIFICADA
1653,174,28.0,BAG-00004413,DANIFICADA
3382,546,25.12,BAG-00004414,DESPACHADA
2120,892,13.88,BAG-00004415,DANIFICADA
2872,304,9.24,BAG-00004416,EXTRAVIADA
2295,823,5.42,BAG-00004417,DESPACHADA
2460,75,10.68,BAG-00004418,DANIFICADA
4509,744,24.13,BAG-00004419,ENTREGUE
749,76,9.77,BAG-00004420,DESPACHADA
4414,290,17.98,BAG-00004421,DESPACHADA
4321,102,6.66,BAG-00004422,ENTREGUE
3358,832,21.55,BAG-00004423,DESPACHADA
4040,861,5.48,BAG-00004424,EM_TRANSITO
1627,958,20.92,BAG-00004425,EM_TRANSITO
3280,668,11.31,BAG-00004426,DESPACHADA
2853,890,5.33,BAG-00004427,DANIFICADA
1936,318,3.78,BAG-00004428,EM_TRANSITO
3088,944,23.14,BAG-00004429,DANIFICADA
1586,44,2.22,BAG-00004430,ENTREGUE
1470,882,8.66,BAG-00004431,DESPACHADA
1714,13,12.91,BAG-00004432,DESPACHADA
3192,262,8.08,BAG-00004433,ENTREGUE
307,556,20.33,BAG-00004434,EM_TRANSITO
27,751,22.45,BAG-00004435,ENTREGUE
958,484,23.6,BAG-00004436,EXTRAVIADA
3523,534,25.99,BAG-00004437,ENTREGUE
2344,717,15.05,BAG-00004438,DESPACHADA
1654,156,12.58,BAG-00004439,EXTRAVIADA
854,508,24.17,BAG-00004440,EXTRAVIADA
3339,644,22.01,BAG-00004441,ENTREGUE
4471,341,3.36,BAG-00004442,EM_TRANSITO
4393,151,2.5,BAG-00004443,ENTREGUE
4783,242,2.57,BAG-00004444,EXTRAVIADA
1262,663,9.03,BAG-00004445,DESPACHADA
4914,98,15.49,BAG-00004446,DANIFICADA
2757,100,19.47,BAG-00004447,DANIFICADA
4954,128,4.59,BAG-00004448,DANIFICADA
4649,595,6.9,BAG-00004449,DESPACHADA
1968,658,12.6,BAG-00004450,ENTREGUE
1292,322,3.14,BAG-00004451,EXTRAVIADA
2728,700,8.83,BAG-00004452,EXTRAVIADA
4788,847,2.7,BAG-00004453,EXTRAVIADA
3400,853,28.91,BAG-00004454,EXTRAVIADA
1879,249,25.92,BAG-00004455,DANIFICADA
3665,691,28.49,BAG-00004456,EM_TRANSITO
4938,574,8.48,BAG-00004457,DESPACHADA
1396,402,7.7,BAG-00004458,DANIFICADA
3487,66,21.9,BAG-00004459,EXTRAVIADA
1361,369,21.49,BAG-00004460,DESPACHADA
3223,143,5.64,BAG-00004461,EM_TRANSITO
1546,24,4.25,BAG-00004462,DESPACHADA
1566,705,20.9,BAG-00004463,DESPACHADA
1561,202,6.36,BAG-00004464,ENTREGUE
1007,403,5.27,BAG-00004465,DESPACHADA
1859,949,8.1,BAG-00004466,ENTREGUE
605,916,29.66,BAG-00004467,DANIFICADA
2613,869,14.85,BAG-00004468,ENTREGUE
3189,925,4.1,BAG-00004469,EM_TRANSITO
2398,876,22.71,BAG-00004470,DANIFICADA
1202,958,19.21,BAG-00004471,DANIFICADA
1778,604,7.78,BAG-00004472,ENTREGUE
611,960,4.28,BAG-00004473,EXTRAVIADA
288,237,16.3,BAG-00004474,EXTRAVIADA
2152,509,14.27,BAG-00004475,DESPACHADA
1290,748,15.31,BAG-00004476,EM_TRANSITO
1605,985,7.33,BAG-00004477,EXTRAVIADA
4533,592,17.32,BAG-00004478,DESPACHADA
4649,645,21.29,BAG-00004479,EM_TRANSITO
2044,715,8.79,BAG-00004480,ENTREGUE
1463,711,29.33,BAG-00004481,EM_TRANSITO
4699,465,5.71,BAG-00004482,EXTRAVIADA
1113,294,15.47,BAG-00004483,ENTREGUE
367,760,8.32,BAG-00004484,DESPACHADA
294,719,5.83,BAG-00004485,EM_TRANSITO
1388,774,7.91,BAG-00004486,EM_TRANSITO
2413,575,4.03,BAG-00004487,EM_TRANSITO
3278,307,31.45,BAG-00004488,DANIFICADA
725,885,13.35,BAG-00004489,DESPACHADA
281,526,6.25,BAG-00004490,DESPACHADA
379,519,6.31,BAG-00004491,ENTREGUE
2942,316,9.63,BAG-00004492,DANIFICADA
1267,367,25.71,BAG-00004493,ENTREGUE
1099,510,11.22,BAG-00004494,DESPACHADA
1360,75,2.14,BAG-00004495,ENTREGUE
3983,550,2.94,BAG-00004496,EXTRAVIADA
2630,362,7.4,BAG-00004497,DANIFICADA
52,190,7.17,BAG-00004498,EXTRAVIADA
3153,145,12.8,BAG-00004499,EXTRAVIADA
2979,20,27.38,BAG-00004500,EM_TRANSITO
2425,943,12.79,BAG-00004501,ENTREGUE
2903,544,9.52,BAG-00004502,DANIFICADA
3058,666,29.78,BAG-00004503,ENTREGUE
3824,596,9.6,BAG-00004504,DESPACHADA
2126,580,22.38,BAG-00004505,EXTRAVIADA
593,433,24.38,BAG-00004506,DESPACHADA
4946,846,23.28,BAG-00004507,ENTREGUE
3524,788,28.6,BAG-00004508,EM_TRANSITO
4300,435,3.49,BAG-00004509,EXTRAVIADA
3664,822,7.82,BAG-00004510,EM_TRANSITO
909,388,29.11,BAG-00004511,DESPACHADA
2883,639,9.83,BAG-00004512,DANIFICADA
4501,787,12.17,BAG-00004513,DANIFICADA
4535,577,8.7,BAG-00004514,DANIFICADA
146,360,18.23,BAG-00004515,DESPACHADA
2671,165,29.61,BAG-00004516,ENTREGUE
2788,192,18.52,BAG-00004517,EXTRAVIADA
2479,255,11.24,BAG-00004518,DANIFICADA
4178,623,9.27,BAG-00004519,EM_TRANSITO
2825,749,2.71,BAG-00004520,DESPACHADA
1566,621,13.45,BAG-00004521,ENTREGUE
2831,597,6.16,BAG-00004522,EXTRAVIADA
2812,518,22.81,BAG-00004523,DESPACHADA
2048,459,2.26,BAG-00004524,EM_TRANSITO
2282,528,13.36,BAG-00004525,EXTRAVIADA
3234,534,24.45,BAG-00004526,EXTRAVIADA
2317,692,20.92,BAG-00004527,DESPACHADA
4635,915,17.05,BAG-00004528,EXTRAVIADA
1518,931,18.19,BAG-00004529,DESPACHADA
4482,908,22.9,BAG-00004530,DESPACHADA
1455,232,14.16,BAG-00004531,DANIFICADA
2227,991,14.46,BAG-00004532,EXTRAVIADA
929,619,9.4,BAG-00004533,DESPACHADA
3356,172,29.29,BAG-00004534,ENTREGUE
1614,382,3.73,BAG-00004535,DESPACHADA
1442,369,20.43,BAG-00004536,DESPACHADA
3364,552,23.52,BAG-00004537,EXTRAVIADA
4928,789,4.68,BAG-00004538,EM_TRANSITO
3056,848,4.29,BAG-00004539,DANIFICADA
2020,715,5.18,BAG-00004540,EXTRAVIADA
2081,47,7.26,BAG-00004541,DESPACHADA
4970,620,27.66,BAG-00004542,EM_TRANSITO
3187,425,22.07,BAG-00004543,DESPACHADA
2746,239,4.49,BAG-00004544,ENTREGUE
2541,659,7.09,BAG-00004545,DANIFICADA
2926,462,9.86,BAG-00004546,DANIFICADA
153,112,10.27,BAG-00004547,EM_TRANSITO
4259,365,4.13,BAG-00004548,ENTREGUE
555,674,10.04,BAG-00004549,EXTRAVIADA
2470,429,12.47,BAG-00004550,EXTRAVIADA
2776,443,8.51,BAG-00004551,DANIFICADA
1375,714,17.88,BAG-00004552,EXTRAVIADA
1689,242,5.42,BAG-00004553,ENTREGUE
4119,880,10.97,BAG-00004554,DESPACHADA
102,181,14.41,BAG-00004555,ENTREGUE
4060,8,10.1,BAG-00004556,DESPACHADA
92,364,16.52,BAG-00004557,DANIFICADA
4746,594,4.92,BAG-00004558,EM_TRANSITO
2539,648,27.38,BAG-00004559,DANIFICADA
1564,956,12.93,BAG-00004560,EM_TRANSITO
3635,329,18.67,BAG-00004561,EM_TRANSITO
2468,759,3.45,BAG-00004562,DESPACHADA
2649,185,12.53,BAG-00004563,DESPACHADA
2513,611,15.62,BAG-00004564,EM_TRANSITO
4295,363,3.82,BAG-00004565,DANIFICADA
2872,45,12.86,BAG-00004566,EM_TRANSITO
3686,334,21.01,BAG-00004567,EM_TRANSITO
1584,545,24.62,BAG-00004568,EM_TRANSITO
3547,862,13.87,BAG-00004569,EXTRAVIADA
2969,683,10.1,BAG-00004570,EXTRAVIADA
4416,258,13.88,BAG-00004571,ENTREGUE
3728,101,2.47,BAG-00004572,ENTREGUE
2726,376,11.32,BAG-00004573,EXTRAVIADA
1143,767,6.37,BAG-00004574,EM_TRANSITO
3263,981,12.8,BAG-00004575,ENTREGUE
3538,141,2.06,BAG-00004576,DESPACHADA
2680,986,10.92,BAG-00004577,EXTRAVIADA
2852,778,12.3,BAG-00004578,ENTREGUE
3211,893,27.47,BAG-00004579,DANIFICADA
2421,550,9.99,BAG-00004580,ENTREGUE
1742,301,3.01,BAG-00004581,EXTRAVIADA
4681,663,11.47,BAG-00004582,DESPACHADA
1150,324,7.82,BAG-00004583,ENTREGUE
3288,315,7.56,BAG-00004584,ENTREGUE
1700,75,10.53,BAG-00004585,EXTRAVIADA
3490,292,7.35,BAG-00004586,ENTREGUE
347,587,15.9,BAG-00004587,DESPACHADA
4681,997,3.18,BAG-00004588,EM_TRANSITO
3471,562,3.98,BAG-00004589,DESPACHADA
637,809,3.65,BAG-00004590,DESPACHADA
2878,565,7.44,BAG-00004591,DANIFICADA
2241,111,8.76,BAG-00004592,EXTRAVIADA
2284,317,10.66,BAG-00004593,ENTREGUE
4606,100,6.14,BAG-00004594,EXTRAVIADA
4925,986,3.0,BAG-00004595,ENTREGUE
4558,899,3.96,BAG-00004596,EM_TRANSITO
1116,268,20.11,BAG-00004597,EM_TRANSITO
3453,186,12.39,BAG-00004598,DANIFICADA
3466,365,7.17,BAG-00004599,ENTREGUE
520,302,3.26,BAG-00004600,DANIFICADA
2540,33,26.36,BAG-00004601,DANIFICADA
2788,500,9.57,BAG-00004602,EXTRAVIADA
541,696,4.72,BAG-00004603,EM_TRANSITO
1112,11,16.53,BAG-00004604,EXTRAVIADA
3707,857,10.51,BAG-00004605,EM_TRANSITO
1369,607,31.26,BAG-00004606,ENTREGUE
155,252,29.41,BAG-00004607,EXTRAVIADA
1515,489,27.21,BAG-00004608,DESPACHADA
293,956,6.4,BAG-00004609,EXTRAVIADA
4331,322,7.33,BAG-00004610,EXTRAVIADA
4726,71,17.63,BAG-00004611,EXTRAVIADA
3974,426,22.4,BAG-00004612,DANIFICADA
2698,163,2.5,BAG-00004613,EM_TRANSITO
457,233,31.51,BAG-00004614,DANIFICADA
844,118,15.95,BAG-00004615,DESPACHADA
1697,682,10.74,BAG-00004616,EM_TRANSITO
4595,707,13.93,BAG-00004617,DANIFICADA
2992,71,4.25,BAG-00004618,EM_TRANSITO
3548,298,20.23,BAG-00004619,DANIFICADA
2505,168,12.89,BAG-00004620,EXTRAVIADA
2542,436,30.15,BAG-00004621,DESPACHADA
3572,110,8.55,BAG-00004622,DESPACHADA
3200,639,3.05,BAG-00004623,DANIFICADA
3521,817,2.31,BAG-00004624,EM_TRANSITO
2133,238,19.02,BAG-00004625,DANIFICADA
1900,84,16.11,BAG-00004626,ENTREGUE
3990,849,4.69,BAG-00004627,EM_TRANSITO
3394,762,13.72,BAG-00004628,ENTREGUE
464,942,14.59,BAG-00004629,DANIFICADA
2561,661,4.71,BAG-00004630,EM_TRANSITO
2188,708,25.56,BAG-00004631,ENTREGUE
3504,303,8.06,BAG-00004632,EM_TRANSITO
2127,888,17.19,BAG-00004633,EM_TRANSITO
2633,844,17.6,BAG-00004634,ENTREGUE
2004,831,6.17,BAG-00004635,DANIFICADA
2581,147,31.54,BAG-00004636,DESPACHADA
2085,163,3.77,BAG-00004637,DANIFICADA
2593,310,8.16,BAG-00004638,EM_TRANSITO
3980,225,16.42,BAG-00004639,EXTRAVIADA
1225,393,7.74,BAG-00004640,EXTRAVIADA
1022,834,19.96,BAG-00004641,EXTRAVIADA
1479,539,11.17,BAG-00004642,DANIFICADA
2969,171,13.18,BAG-00004643,DANIFICADA
3205,189,13.49,BAG-00004644,ENTREGUE
4881,989,11.43,BAG-00004645,DESPACHADA
4320,122,7.03,BAG-00004646,DANIFICADA
4500,699,2.75,BAG-00004647,EXTRAVIADA
712,101,12.46,BAG-00004648,DANIFICADA
117,372,29.44,BAG-00004649,ENTREGUE
3339,553,30.27,BAG-00004650,ENTREGUE
2220,496,13.14,BAG-00004651,EM_TRANSITO
183,614,3.23,BAG-00004652,DANIFICADA
3090,141,5.23,BAG-00004653,ENTREGUE
3163,367,4.73,BAG-00004654,DANIFICADA
4324,402,2.52,BAG-00004655,EXTRAVIADA
4630,696,2.47,BAG-00004656,EXTRAVIADA
3346,578,8.58,BAG-00004657,EXTRAVIADA
3279,760,22.55,BAG-00004658,EM_TRANSITO
3528,826,26.61,BAG-00004659,EXTRAVIADA
3137,897,8.46,BAG-00004660,EXTRAVIADA
816,844,19.39,BAG-00004661,EXTRAVIADA
395,397,11.53,BAG-00004662,DESPACHADA
2374,367,31.28,BAG-00004663,ENTREGUE
488,503,9.6,BAG-00004664,EM_TRANSITO
3996,313,26.27,BAG-00004665,DESPACHADA
145,72,28.18,BAG-00004666,DESPACHADA
3530,251,25.04,BAG-00004667,EM_TRANSITO
2705,607,14.87,BAG-00004668,DANIFICADA
1138,34,22.19,BAG-00004669,DANIFICADA
603,588,28.95,BAG-00004670,DANIFICADA
741,470,8.51,BAG-00004671,ENTREGUE
2358,396,6.41,BAG-00004672,EXTRAVIADA
1414,591,18.86,BAG-00004673,ENTREGUE
639,905,16.99,BAG-00004674,EXTRAVIADA
4436,190,9.73,BAG-00004675,EXTRAVIADA
2991,250,16.3,BAG-00004676,ENTREGUE
1896,880,24.53,BAG-00004677,EM_TRANSITO
2896,614,18.68,BAG-00004678,DESPACHADA
2917,511,9.84,BAG-00004679,EXTRAVIADA
1335,93,4.64,BAG-00004680,DESPACHADA
4245,679,5.84,BAG-00004681,EM_TRANSITO
3971,926,6.32,BAG-00004682,DANIFICADA
1616,873,20.29,BAG-00004683,ENTREGUE
711,131,3.24,BAG-00004684,EXTRAVIADA
3089,705,9.0,BAG-00004685,EM_TRANSITO
4364,641,2.61,BAG-00004686,EXTRAVIADA
4199,440,15.39,BAG-00004687,DESPACHADA
3970,114,14.53,BAG-00004688,EXTRAVIADA
2984,496,2.28,BAG-00004689,EXTRAVIADA
2843,408,15.02,BAG-00004690,ENTREGUE
4631,213,7.89,BAG-00004691,EXTRAVIADA
2207,610,3.06,BAG-00004692,DANIFICADA
359,522,14.73,BAG-00004693,EM_TRANSITO
2400,981,8.43,BAG-00004694,EM_TRANSITO
2229,403,6.32,BAG-00004695,DESPACHADA
1527,630,11.38,BAG-00004696,DANIFICADA
3611,790,9.85,BAG-00004697,DANIFICADA
1705,539,8.32,BAG-00004698,DANIFICADA
188,876,7.8,BAG-00004699,EM_TRANSITO
1768,998,17.44,BAG-00004700,EXTRAVIADA
1750,305,20.43,BAG-00004701,DESPACHADA
4303,546,12.48,BAG-00004702,DESPACHADA
4663,449,4.78,BAG-00004703,ENTREGUE
1251,845,4.79,BAG-00004704,EXTRAVIADA
2912,167,27.22,BAG-00004705,DESPACHADA
3703,639,6.61,BAG-00004706,EM_TRANSITO
2636,951,7.01,BAG-00004707,ENTREGUE
4101,6,23.43,BAG-00004708,DANIFICADA
3233,952,5.03,BAG-00004709,EM_TRANSITO
3143,731,2.54,BAG-00004710,EM_TRANSITO
1319,685,21.71,BAG-00004711,DANIFICADA
1825,255,10.78,BAG-00004712,EM_TRANSITO
4690,95,4.07,BAG-00004713,DANIFICADA
468,924,6.35,BAG-00004714,EXTRAVIADA
4983,751,24.09,BAG-00004715,EXTRAVIADA
1868,554,24.59,BAG-00004716,EXTRAVIADA
938,83,10.38,BAG-00004717,DANIFICADA
3414,944,18.95,BAG-00004718,ENTREGUE
3531,186,31.49,BAG-00004719,DESPACHADA
3505,810,18.86,BAG-00004720,ENTREGUE
2295,416,30.7,BAG-00004721,DESPACHADA
2066,276,29.69,BAG-00004722,EM_TRANSITO
881,515,6.07,BAG-00004723,DANIFICADA
3141,524,12.7,BAG-00004724,DANIFICADA
2847,807,6.84,BAG-00004725,EM_TRANSITO
1314,878,20.13,BAG-00004726,DANIFICADA
2358,16,8.35,BAG-00004727,EM_TRANSITO
935,582,5.27,BAG-00004728,DESPACHADA
3084,713,29.63,BAG-00004729,DESPACHADA
4472,982,3.77,BAG-00004730,EXTRAVIADA
2220,760,18.03,BAG-00004731,DANIFICADA
3459,815,7.32,BAG-00004732,EXTRAVIADA
3613,948,8.48,BAG-00004733,EM_TRANSITO
4935,408,9.78,BAG-00004734,DANIFICADA
1290,373,28.79,BAG-00004735,EM_TRANSITO
2517,890,15.22,BAG-00004736,DESPACHADA
4924,845,14.13,BAG-00004737,EXTRAVIADA
4047,139,5.11,BAG-00004738,DANIFICADA
4112,699,5.77,BAG-00004739,DESPACHADA
1018,256,10.6,BAG-00004740,EM_TRANSITO
80,487,21.63,BAG-00004741,DESPACHADA
601,961,4.51,BAG-00004742,DANIFICADA
691,475,11.22,BAG-00004743,DESPACHADA
4509,195,3.51,BAG-00004744,EM_TRANSITO
1125,239,2.21,BAG-00004745,EM_TRANSITO
2953,718,29.5,BAG-00004746,ENTREGUE
4732,169,29.91,BAG-00004747,EXTRAVIADA
678,597,14.28,BAG-00004748,ENTREGUE
2866,25,3.04,BAG-00004749,EXTRAVIADA
2905,662,8.29,BAG-00004750,DANIFICADA
2061,482,11.42,BAG-00004751,EM_TRANSITO
3687,922,3.77,BAG-00004752,DESPACHADA
2493,342,7.41,BAG-00004753,DESPACHADA
1373,151,6.06,BAG-00004754,ENTREGUE
2941,41,7.25,BAG-00004755,EM_TRANSITO
3446,788,19.33,BAG-00004756,EXTRAVIADA
4257,554,29.97,BAG-00004757,DESPACHADA
3337,179,8.59,BAG-00004758,EXTRAVIADA
475,514,8.45,BAG-00004759,DANIFICADA
2009,85,10.2,BAG-00004760,EXTRAVIADA
478,290,5.72,BAG-00004761,DANIFICADA
1348,97,9.9,BAG-00004762,DESPACHADA
3610,463,11.94,BAG-00004763,ENTREGUE
1121,223,10.11,BAG-00004764,EM_TRANSITO
160,276,23.27,BAG-00004765,ENTREGUE
4226,347,10.13,BAG-00004766,ENTREGUE
872,367,27.78,BAG-00004767,DANIFICADA
1352,110,16.57,BAG-00004768,ENTREGUE
6,305,11.3,BAG-00004769,DESPACHADA
1767,904,7.86,BAG-00004770,EXTRAVIADA
3725,279,4.42,BAG-00004771,DANIFICADA
2326,393,15.42,BAG-00004772,DANIFICADA
2118,692,18.73,BAG-00004773,EM_TRANSITO
4127,631,23.08,BAG-00004774,ENTREGUE
2307,807,8.14,BAG-00004775,EM_TRANSITO
4304,466,18.44,BAG-00004776,EXTRAVIADA
1139,344,12.14,BAG-00004777,ENTREGUE
3693,792,28.48,BAG-00004778,DANIFICADA
598,789,3.93,BAG-00004779,DESPACHADA
568,767,13.48,BAG-00004780,DESPACHADA
1970,901,4.16,BAG-00004781,DANIFICADA
1684,480,21.08,BAG-00004782,EXTRAVIADA
1479,880,5.3,BAG-00004783,EXTRAVIADA
3364,668,16.79,BAG-00004784,ENTREGUE
2756,627,6.94,BAG-00004785,EXTRAVIADA
2193,505,13.75,BAG-00004786,DESPACHADA
2225,750,12.04,BAG-00004787,EM_TRANSITO
4411,192,27.76,BAG-00004788,EM_TRANSITO
1585,295,13.83,BAG-00004789,EM_TRANSITO
2135,136,17.66,BAG-00004790,DANIFICADA
695,4,11.41,BAG-00004791,DANIFICADA
3391,32,3.8,BAG-00004792,DESPACHADA
2513,653,5.82,BAG-00004793,ENTREGUE
1988,347,2.1,BAG-00004794,EXTRAVIADA
2584,526,9.2,BAG-00004795,EM_TRANSITO
4918,139,5.49,BAG-00004796,DESPACHADA
2146,855,2.84,BAG-00004797,EXTRAVIADA
1347,589,8.69,BAG-00004798,ENTREGUE
1601,837,14.76,BAG-00004799,EXTRAVIADA
4913,537,9.39,BAG-00004800,EM_TRANSITO
1561,811,20.65,BAG-00004801,EXTRAVIADA
4183,818,9.66,BAG-00004802,ENTREGUE
3766,410,14.68,BAG-00004803,DESPACHADA
3565,238,2.97,BAG-00004804,ENTREGUE
3771,986,13.76,BAG-00004805,EM_TRANSITO
4153,170,2.62,BAG-00004806,ENTREGUE
1550,298,20.73,BAG-00004807,ENTREGUE
2661,299,4.47,BAG-00004808,DESPACHADA
290,869,26.98,BAG-00004809,EM_TRANSITO
3632,187,26.88,BAG-00004810,EXTRAVIADA
1283,537,6.73,BAG-00004811,EXTRAVIADA
3354,374,29.07,BAG-00004812,DESPACHADA
2120,206,6.37,BAG-00004813,DANIFICADA
2088,50,3.59,BAG-00004814,ENTREGUE
589,421,5.49,BAG-00004815,DESPACHADA
1214,2,7.82,BAG-00004816,ENTREGUE
342,382,4.27,BAG-00004817,EXTRAVIADA
2854,255,3.84,BAG-00004818,DANIFICADA
2790,996,3.51,BAG-00004819,ENTREGUE
3578,650,2.69,BAG-00004820,EM_TRANSITO
822,570,6.58,BAG-00004821,ENTREGUE
2062,912,5.04,BAG-00004822,EM_TRANSITO
4587,872,7.91,BAG-00004823,EXTRAVIADA
1125,324,13.74,BAG-00004824,DESPACHADA
1606,561,13.22,BAG-00004825,DESPACHADA
4717,710,2.86,BAG-00004826,DESPACHADA
2153,235,7.45,BAG-00004827,DESPACHADA
1759,638,6.88,BAG-00004828,ENTREGUE
4471,7,24.47,BAG-00004829,ENTREGUE
1120,479,2.85,BAG-00004830,DESPACHADA
3505,3,3.8,BAG-00004831,ENTREGUE
2561,218,14.41,BAG-00004832,EXTRAVIADA
4015,988,19.6,BAG-00004833,ENTREGUE
1152,116,6.77,BAG-00004834,DESPACHADA
2584,296,22.91,BAG-00004835,EM_TRANSITO
1233,869,19.43,BAG-00004836,EM_TRANSITO
139,278,12.44,BAG-00004837,EXTRAVIADA
2178,272,6.44,BAG-00004838,EM_TRANSITO
3303,418,2.05,BAG-00004839,EM_TRANSITO
489,274,27.97,BAG-00004840,ENTREGUE
3744,518,9.27,BAG-00004841,ENTREGUE
3637,840,23.02,BAG-00004842,DANIFICADA
1391,18,2.89,BAG-00004843,DESPACHADA
3138,623,5.53,BAG-00004844,DANIFICADA
3991,554,31.31,BAG-00004845,DANIFICADA
1385,949,27.22,BAG-00004846,ENTREGUE
4572,908,27.87,BAG-00004847,ENTREGUE
2505,837,21.55,BAG-00004848,ENTREGUE
3076,308,10.3,BAG-00004849,EXTRAVIADA
3863,685,4.23,BAG-00004850,DESPACHADA
4559,974,3.99,BAG-00004851,DESPACHADA
2408,109,3.28,BAG-00004852,ENTREGUE
3810,455,13.19,BAG-00004853,DESPACHADA
3116,655,6.49,BAG-00004854,DESPACHADA
1668,78,8.13,BAG-00004855,EM_TRANSITO
706,611,2.22,BAG-00004856,EXTRAVIADA
1568,555,7.15,BAG-00004857,DESPACHADA
643,717,7.39,BAG-00004858,EM_TRANSITO
701,202,4.95,BAG-00004859,DESPACHADA
3288,600,3.97,BAG-00004860,ENTREGUE
4817,909,21.91,BAG-00004861,EM_TRANSITO
3279,585,4.01,BAG-00004862,EM_TRANSITO
2089,1,6.33,BAG-00004863,ENTREGUE
4643,431,17.6,BAG-00004864,DESPACHADA
2715,930,5.61,BAG-00004865,DANIFICADA
2755,790,11.07,BAG-00004866,DANIFICADA
375,936,16.68,BAG-00004867,EM_TRANSITO
2881,450,18.26,BAG-00004868,EXTRAVIADA
511,967,13.65,BAG-00004869,DANIFICADA
1434,561,12.36,BAG-00004870,DANIFICADA
941,942,16.39,BAG-00004871,EM_TRANSITO
301,549,20.53,BAG-00004872,ENTREGUE
245,375,5.9,BAG-00004873,EXTRAVIADA
4691,654,24.76,BAG-00004874,DANIFICADA
1832,694,28.96,BAG-00004875,ENTREGUE
4783,669,12.52,BAG-00004876,DESPACHADA
3965,310,2.57,BAG-00004877,EXTRAVIADA
1606,679,5.64,BAG-00004878,EM_TRANSITO
4226,205,2.88,BAG-00004879,DESPACHADA
4050,982,3.02,BAG-00004880,EXTRAVIADA
3073,966,14.32,BAG-00004881,EM_TRANSITO
236,761,5.86,BAG-00004882,ENTREGUE
1366,397,12.31,BAG-00004883,ENTREGUE
4591,372,15.37,BAG-00004884,EXTRAVIADA
194,767,28.03,BAG-00004885,EXTRAVIADA
3110,434,13.18,BAG-00004886,DESPACHADA
2854,420,4.95,BAG-00004887,DANIFICADA
4148,49,17.83,BAG-00004888,EM_TRANSITO
572,196,12.32,BAG-00004889,ENTREGUE
2468,555,9.58,BAG-00004890,DESPACHADA
504,850,16.6,BAG-00004891,ENTREGUE
4028,472,24.07,BAG-00004892,EM_TRANSITO
4304,741,3.11,BAG-00004893,ENTREGUE
4585,212,5.35,BAG-00004894,EXTRAVIADA
4420,699,8.83,BAG-00004895,EXTRAVIADA
4410,327,25.21,BAG-00004896,ENTREGUE
4315,516,7.16,BAG-00004897,ENTREGUE
896,973,29.39,BAG-00004898,ENTREGUE
1722,718,20.67,BAG-00004899,DESPACHADA
2239,683,5.15,BAG-00004900,ENTREGUE
2170,723,8.39,BAG-00004901,ENTREGUE
2983,474,11.35,BAG-00004902,EXTRAVIADA
4710,327,18.87,BAG-00004903,EXTRAVIADA
3494,701,3.6,BAG-00004904,DANIFICADA
3779,661,5.48,BAG-00004905,EXTRAVIADA
4857,79,7.79,BAG-00004906,ENTREGUE
3652,660,31.32,BAG-00004907,DANIFICADA
3239,688,10.8,BAG-00004908,ENTREGUE
2722,723,8.7,BAG-00004909,EM_TRANSITO
535,457,10.01,BAG-00004910,ENTREGUE
4342,952,27.24,BAG-00004911,DESPACHADA
3927,760,13.43,BAG-00004912,ENTREGUE
447,602,4.96,BAG-00004913,EM_TRANSITO
2958,716,28.98,BAG-00004914,DESPACHADA
1554,119,7.51,BAG-00004915,ENTREGUE
4890,790,4.61,BAG-00004916,EM_TRANSITO
4631,376,18.3,BAG-00004917,DESPACHADA
4601,416,22.54,BAG-00004918,ENTREGUE
347,113,31.69,BAG-00004919,DANIFICADA
3725,296,2.08,BAG-00004920,EXTRAVIADA
3012,366,16.0,BAG-00004921,EM_TRANSITO
3676,842,7.42,BAG-00004922,ENTREGUE
4285,730,23.22,BAG-00004923,EXTRAVIADA
3686,577,14.59,BAG-00004924,DESPACHADA
3048,871,21.55,BAG-00004925,EM_TRANSITO
727,287,22.49,BAG-00004926,DESPACHADA
468,244,12.37,BAG-00004927,DESPACHADA
2465,635,3.78,BAG-00004928,ENTREGUE
2987,904,13.62,BAG-00004929,DANIFICADA
4932,634,9.42,BAG-00004930,ENTREGUE
583,323,9.92,BAG-00004931,EXTRAVIADA
2191,438,12.68,BAG-00004932,EXTRAVIADA
2282,354,21.14,BAG-00004933,EM_TRANSITO
675,167,23.28,BAG-00004934,ENTREGUE
2044,746,9.05,BAG-00004935,DESPACHADA
4170,544,5.63,BAG-00004936,DESPACHADA
1528,730,16.33,BAG-00004937,EXTRAVIADA
3804,426,17.96,BAG-00004938,ENTREGUE
4385,752,29.08,BAG-00004939,DESPACHADA
4982,212,7.3,BAG-00004940,DESPACHADA
4896,370,16.05,BAG-00004941,EM_TRANSITO
4365,664,15.0,BAG-00004942,EM_TRANSITO
4604,72,8.15,BAG-00004943,DANIFICADA
1106,113,15.23,BAG-00004944,DANIFICADA
2603,10,14.65,BAG-00004945,DESPACHADA
478,643,6.04,BAG-00004946,DESPACHADA
3567,111,23.18,BAG-00004947,EXTRAVIADA
741,19,2.67,BAG-00004948,DESPACHADA
873,274,24.12,BAG-00004949,DANIFICADA
2081,344,8.85,BAG-00004950,DANIFICADA
1144,644,18.42,BAG-00004951,ENTREGUE
888,894,18.4,BAG-00004952,EM_TRANSITO
4513,674,12.03,BAG-00004953,DESPACHADA
3605,638,17.54,BAG-00004954,EXTRAVIADA
4252,778,8.22,BAG-00004955,DESPACHADA
4084,139,3.23,BAG-00004956,EXTRAVIADA
3844,787,23.83,BAG-00004957,EXTRAVIADA
468,654,25.16,BAG-00004958,EXTRAVIADA
3762,484,12.67,BAG-00004959,DANIFICADA
3621,399,4.74,BAG-00004960,DANIFICADA
3041,114,22.77,BAG-00004961,DESPACHADA
3554,896,8.29,BAG-00004962,EXTRAVIADA
521,792,20.44,BAG-00004963,EM_TRANSITO
3621,591,12.47,BAG-00004964,DESPACHADA
3054,617,14.57,BAG-00004965,EXTRAVIADA
4470,364,15.11,BAG-00004966,ENTREGUE
685,597,8.34,BAG-00004967,DESPACHADA
980,987,17.45,BAG-00004968,ENTREGUE
1184,407,16.17,BAG-00004969,DANIFICADA
565,354,13.82,BAG-00004970,EXTRAVIADA
609,85,20.7,BAG-00004971,DESPACHADA
3562,674,31.79,BAG-00004972,EM_TRANSITO
4942,641,4.07,BAG-00004973,EM_TRANSITO
2822,220,2.27,BAG-00004974,ENTREGUE
2730,472,25.54,BAG-00004975,DANIFICADA
3363,121,2.72,BAG-00004976,DESPACHADA
1646,539,7.72,BAG-00004977,EXTRAVIADA
1133,437,23.47,BAG-00004978,ENTREGUE
2639,260,21.52,BAG-00004979,DESPACHADA
1180,272,31.67,BAG-00004980,ENTREGUE
130,332,26.82,BAG-00004981,EXTRAVIADA
569,530,2.78,BAG-00004982,EM_TRANSITO
640,316,23.74,BAG-00004983,EM_TRANSITO
4641,719,3.74,BAG-00004984,DESPACHADA
1199,410,4.8,BAG-00004985,DANIFICADA
1507,536,6.28,BAG-00004986,DANIFICADA
4152,119,2.73,BAG-00004987,ENTREGUE
3375,247,12.73,BAG-00004988,EM_TRANSITO
2936,861,2.17,BAG-00004989,EXTRAVIADA
2861,763,2.84,BAG-00004990,DANIFICADA
765,636,27.76,BAG-00004991,ENTREGUE
4662,877,10.31,BAG-00004992,DESPACHADA
3109,179,6.5,BAG-00004993,DESPACHADA
1777,165,10.12,BAG-00004994,EXTRAVIADA
3697,147,9.12,BAG-00004995,DESPACHADA
66,391,11.77,BAG-00004996,DESPACHADA
3927,876,2.11,BAG-00004997,DANIFICADA
3415,218,8.13,BAG-00004998,EM_TRANSITO
4739,878,16.56,BAG-00004999,DESPACHADA
989,75,7.0,BAG-00005000,EXTRAVIADA
