passagem_id,terminal_id,gate,zona_embarque,hora_embarque,codigo_barras,impresso
1,803,B4,1,2026-04-25 05:39:00+00:00,BRD-0000000001-57,False
2,514,A25,1,2026-03-11 09:42:15+00:00,BRD-0000000002-78,True
3,405,H20,1,2025-06-13 12:05:23+00:00,BRD-0000000003-19,True
4,877,B29,5,2026-02-19 23:58:00+00:00,BRD-0000000004-86,True
5,403,B7,3,2025-08-04 19:45:13+00:00,BRD-0000000005-53,False
6,853,C24,6,2025-10-25 04:17:45+00:00,BRD-0000000006-27,False
7,818,B26,2,2026-03-15 10:27:20+00:00,BRD-0000000007-18,False
8,840,B24,3,2026-03-19 16:24:54+00:00,BRD-0000000008-92,True
9,774,B20,3,2025-12-01 23:36:22+00:00,BRD-0000000009-90,True
10,196,E6,3,2025-06-30 02:08:37+00:00,BRD-0000000010-21,False
11,673,D16,3,2025-12-03 13:00:57+00:00,BRD-0000000011-60,True
12,201,E1,1,2026-03-15 13:54:36+00:00,BRD-0000000012-70,True
13,377,H4,5,2025-11-03 15:02:19+00:00,BRD-0000000013-93,False
14,339,D28,3,2026-03-15 13:01:10+00:00,BRD-0000000014-53,False
15,448,E13,5,2026-03-20 15:37:57+00:00,BRD-0000000015-53,True
16,185,G13,5,2025-06-13 07:01:08+00:00,BRD-0000000016-77,True
17,978,B22,3,2025-07-10 04:26:27+00:00,BRD-0000000017-22,True
18,222,D7,2,2025-09-19 05:53:04+00:00,BRD-0000000018-72,False
19,58,G11,3,2025-10-27 16:19:36+00:00,BRD-0000000019-27,True
20,130,H28,2,2025-07-30 04:51:31+00:00,BRD-0000000020-70,False
21,379,A7,4,2025-06-29 00:28:03+00:00,BRD-0000000021-67,True
22,231,D9,6,2025-09-28 02:57:52+00:00,BRD-0000000022-12,True
23,695,E27,2,2025-09-24 14:31:45+00:00,BRD-0000000023-32,True
24,56,D16,2,2025-10-21 12:15:32+00:00,BRD-0000000024-23,True
25,513,G5,5,2025-10-27 00:24:49+00:00,BRD-0000000025-58,False
26,951,D15,5,2026-02-28 09:39:29+00:00,BRD-0000000026-39,False
27,587,C21,6,2026-01-17 07:04:49+00:00,BRD-0000000027-50,True
28,738,G21,3,2025-11-09 08:18:09+00:00,BRD-0000000028-69,False
29,980,E10,6,2026-01-16 23:48:21+00:00,BRD-0000000029-44,True
30,410,C17,3,2025-06-28 14:28:34+00:00,BRD-0000000030-18,True
31,308,F1,2,2025-10-11 18:20:53+00:00,BRD-0000000031-66,True
32,304,H23,2,2026-03-20 21:32:11+00:00,BRD-0000000032-17,True
33,17,E7,1,2026-02-02 18:02:16+00:00,BRD-0000000033-13,True
34,191,D3,3,2026-01-12 02:25:52+00:00,BRD-0000000034-83,True
35,369,A15,1,2026-03-17 13:21:15+00:00,BRD-0000000035-77,False
36,873,B15,3,2025-07-04 06:35:33+00:00,BRD-0000000036-54,False
37,201,D21,2,2025-09-22 13:18:33+00:00,BRD-0000000037-50,True
38,183,F17,5,2026-02-19 00:01:57+00:00,BRD-0000000038-60,True
39,335,G17,1,2025-06-04 06:13:24+00:00,BRD-0000000039-73,False
40,438,A29,1,2025-09-28 15:50:31+00:00,BRD-0000000040-35,False
41,420,H28,6,2026-01-19 03:45:22+00:00,BRD-0000000041-69,True
42,418,G25,2,2026-04-13 13:54:41+00:00,BRD-0000000042-59,True
43,1000,B17,2,2026-03-17 23:06:48+00:00,BRD-0000000043-68,False
44,135,G7,3,2025-08-14 12:16:41+00:00,BRD-0000000044-94,True
45,309,B5,4,2026-01-07 08:01:28+00:00,BRD-0000000045-19,True
46,883,A28,5,2025-11-05 02:31:13+00:00,BRD-0000000046-11,True
47,645,E8,4,2026-02-06 18:20:33+00:00,BRD-0000000047-37,False
48,838,D12,6,2025-12-01 14:39:07+00:00,BRD-0000000048-62,True
49,253,A5,6,2026-02-23 18:45:24+00:00,BRD-0000000049-41,True
50,342,B24,4,2026-01-10 16:01:19+00:00,BRD-0000000050-63,True
51,925,E2,6,2025-10-11 18:38:40+00:00,BRD-0000000051-29,False
52,656,G16,1,2025-06-19 00:29:04+00:00,BRD-0000000052-86,True
53,657,D6,3,2025-06-26 22:31:20+00:00,BRD-0000000053-89,True
54,572,H13,1,2025-10-28 18:01:34+00:00,BRD-0000000054-43,False
55,109,F9,3,2025-08-05 03:18:20+00:00,BRD-0000000055-95,True
56,893,E4,6,2025-10-19 01:02:55+00:00,BRD-0000000056-69,True
57,666,C11,2,2025-09-17 19:40:03+00:00,BRD-0000000057-13,False
58,916,D30,2,2025-10-14 20:30:59+00:00,BRD-0000000058-90,True
59,460,A10,2,2025-07-25 22:09:25+00:00,BRD-0000000059-20,False
60,879,G1,4,2025-10-18 09:21:59+00:00,BRD-0000000060-54,True
61,997,A23,2,2025-08-31 21:48:03+00:00,BRD-0000000061-81,True
62,1000,F11,4,2025-06-28 13:52:37+00:00,BRD-0000000062-89,True
63,28,B11,6,2025-08-08 03:34:39+00:00,BRD-0000000063-53,True
64,164,G5,2,2025-06-28 22:47:45+00:00,BRD-0000000064-33,True
65,101,C2,5,2025-12-30 16:16:03+00:00,BRD-0000000065-51,True
66,306,F27,2,2025-08-31 10:28:23+00:00,BRD-0000000066-56,True
67,431,C17,1,2026-03-24 11:35:36+00:00,BRD-0000000067-59,False
68,178,B28,5,2025-07-03 14:04:05+00:00,BRD-0000000068-23,True
69,802,F8,5,2026-01-14 05:19:07+00:00,BRD-0000000069-95,True
70,959,E15,3,2026-01-29 20:40:01+00:00,BRD-0000000070-34,True
71,674,F18,2,2026-05-26 16:51:59+00:00,BRD-0000000071-32,True
72,428,A23,3,2026-02-02 22:11:10+00:00,BRD-0000000072-16,False
73,498,D22,5,2025-11-03 10:29:55+00:00,BRD-0000000073-14,True
74,666,A8,3,2025-09-11 00:16:11+00:00,BRD-0000000074-74,True
75,18,E3,1,2025-08-19 13:25:08+00:00,BRD-0000000075-33,True
76,478,H3,4,2025-08-06 23:16:50+00:00,BRD-0000000076-10,True
77,522,F21,3,2025-12-02 17:23:31+00:00,BRD-0000000077-51,True
78,384,F16,2,2026-01-02 02:56:33+00:00,BRD-0000000078-58,True
79,550,C7,5,2026-01-02 13:16:21+00:00,BRD-0000000079-39,False
80,400,D22,4,2026-03-17 22:02:26+00:00,BRD-0000000080-68,True
81,614,B16,6,2026-04-14 17:01:44+00:00,BRD-0000000081-69,True
82,762,H22,1,2026-04-21 14:42:57+00:00,BRD-0000000082-58,False
83,653,D23,6,2026-03-07 19:01:58+00:00,BRD-0000000083-11,True
84,843,H26,5,2025-07-06 06:21:53+00:00,BRD-0000000084-47,True
85,150,H30,2,2025-08-10 06:18:44+00:00,BRD-0000000085-20,True
86,521,B24,2,2025-12-15 09:59:07+00:00,BRD-0000000086-80,True
87,932,H17,5,2025-07-09 19:42:04+00:00,BRD-0000000087-55,False
88,522,B4,5,2025-10-27 21:16:57+00:00,BRD-0000000088-81,True
89,296,C22,5,2026-01-17 05:57:02+00:00,BRD-0000000089-22,True
90,757,C20,4,2026-03-18 04:20:36+00:00,BRD-0000000090-96,False
91,352,G30,4,2026-04-24 10:15:44+00:00,BRD-0000000091-27,False
92,214,B18,4,2026-04-29 20:28:05+00:00,BRD-0000000092-12,False
93,987,H23,2,2026-04-25 13:41:48+00:00,BRD-0000000093-33,True
94,379,E19,1,2025-06-26 23:43:37+00:00,BRD-0000000094-20,True
95,266,H11,2,2025-09-30 09:37:49+00:00,BRD-0000000095-35,True
96,175,D13,1,2025-10-21 02:26:36+00:00,BRD-0000000096-51,True
97,260,H18,2,2025-09-26 05:35:32+00:00,BRD-0000000097-99,True
98,308,C24,3,2026-05-19 01:11:47+00:00,BRD-0000000098-86,True
99,197,E10,4,2025-10-26 19:39:14+00:00,BRD-0000000099-60,True
100,25,D24,5,2026-04-13 16:08:24+00:00,BRD-0000000100-73,True
101,743,D17,6,2026-01-25 04:14:25+00:00,BRD-0000000101-91,False
102,556,E7,6,2026-02-28 18:53:27+00:00,BRD-0000000102-35,False
103,898,E2,5,2025-08-08 02:52:26+00:00,BRD-0000000103-42,True
104,787,G22,5,2026-04-30 21:22:54+00:00,BRD-0000000104-97,True
105,192,H16,1,2025-06-08 05:40:55+00:00,BRD-0000000105-34,True
106,3,D18,2,2025-12-23 14:43:56+00:00,BRD-0000000106-34,True
107,466,F7,5,2025-12-18 11:19:37+00:00,BRD-0000000107-71,False
108,475,C5,4,2025-07-19 15:12:38+00:00,BRD-0000000108-45,True
109,437,G19,5,2026-01-03 23:08:54+00:00,BRD-0000000109-26,True
110,717,H14,3,2026-04-25 08:47:05+00:00,BRD-0000000110-94,True
111,510,A25,2,2025-09-15 22:55:01+00:00,BRD-0000000111-51,False
112,959,H16,2,2025-10-29 03:16:19+00:00,BRD-0000000112-92,True
113,276,B26,6,2026-02-27 10:06:59+00:00,BRD-0000000113-27,False
114,356,F16,4,2026-02-14 14:21:42+00:00,BRD-0000000114-13,True
115,899,D8,4,2025-11-23 10:24:12+00:00,BRD-0000000115-10,False
116,383,D7,5,2026-03-10 04:06:02+00:00,BRD-0000000116-43,True
117,740,H22,3,2025-09-26 15:04:14+00:00,BRD-0000000117-42,True
118,76,A5,5,2025-09-30 18:47:15+00:00,BRD-0000000118-46,True
119,104,C8,6,2026-01-09 02:00:19+00:00,BRD-0000000119-35,False
120,77,F19,2,2026-04-21 13:35:40+00:00,BRD-0000000120-53,False
121,713,E3,5,2026-01-05 22:02:40+00:00,BRD-0000000121-99,True
122,972,F9,2,2026-05-20 07:54:50+00:00,BRD-0000000122-98,True
123,696,D25,5,2026-04-09 00:01:58+00:00,BRD-0000000123-48,True
124,335,B8,1,2026-04-28 21:16:07+00:00,BRD-0000000124-44,True
125,991,A17,1,2025-10-03 16:48:16+00:00,BRD-0000000125-12,True
126,696,A13,1,2026-01-23 20:37:05+00:00,BRD-0000000126-80,True
127,598,E7,2,2025-12-27 08:10:29+00:00,BRD-0000000127-45,True
128,781,E23,4,2025-09-10 01:58:56+00:00,BRD-0000000128-92,True
129,819,C7,5,2025-07-21 10:14:16+00:00,BRD-0000000129-72,True
130,771,C26,4,2025-06-05 07:50:42+00:00,BRD-0000000130-87,True
131,853,F19,3,2025-12-06 05:02:56+00:00,BRD-0000000131-96,False
132,70,C13,4,2025-11-03 02:56:10+00:00,BRD-0000000132-21,True
133,289,D8,2,2026-05-13 09:38:28+00:00,BRD-0000000133-56,False
134,439,C12,2,2026-01-04 00:01:06+00:00,BRD-0000000134-63,True
135,164,D20,3,2025-11-08 16:21:11+00:00,BRD-0000000135-80,True
136,851,H18,6,2026-04-27 00:12:53+00:00,BRD-0000000136-22,True
137,665,D18,2,2025-06-21 06:25:16+00:00,BRD-0000000137-84,True
138,714,G17,3,2025-12-23 07:10:15+00:00,BRD-0000000138-60,True
139,128,H13,3,2026-01-22 13:15:15+00:00,BRD-0000000139-92,True
140,575,B4,3,2026-05-11 03:56:06+00:00,BRD-0000000140-52,True
141,628,D4,5,2025-11-11 19:47:09+00:00,BRD-0000000141-97,False
142,37,C1,3,2025-12-26 11:08:10+00:00,BRD-0000000142-78,True
143,835,H21,4,2025-06-25 17:39:45+00:00,BRD-0000000143-43,True
144,338,E10,3,2026-04-17 04:17:25+00:00,BRD-0000000144-92,True
145,554,C28,6,2025-10-31 06:54:28+00:00,BRD-0000000145-77,False
146,419,D7,2,2026-03-15 20:08:38+00:00,BRD-0000000146-18,False
147,804,A9,6,2025-10-27 07:36:43+00:00,BRD-0000000147-38,False
148,56,F11,6,2026-02-17 13:57:58+00:00,BRD-0000000148-91,False
149,83,C5,4,2025-11-20 05:21:58+00:00,BRD-0000000149-82,True
150,729,C12,4,2025-11-15 00:06:52+00:00,BRD-0000000150-52,True
151,918,E7,1,2026-02-11 21:56:01+00:00,BRD-0000000151-69,False
152,364,E23,3,2025-08-30 12:39:42+00:00,BRD-0000000152-24,True
153,729,H12,2,2026-05-13 10:53:17+00:00,BRD-0000000153-61,True
154,817,H29,5,2025-08-06 11:57:32+00:00,BRD-0000000154-39,True
155,30,F17,3,2025-06-19 06:35:32+00:00,BRD-0000000155-96,True
156,690,H16,3,2025-11-04 00:41:40+00:00,BRD-0000000156-87,False
157,482,H6,6,2025-10-31 21:23:03+00:00,BRD-0000000157-44,False
158,53,A16,6,2025-10-03 14:57:17+00:00,BRD-0000000158-78,True
159,588,B9,4,2026-01-18 17:03:59+00:00,BRD-0000000159-13,True
160,764,H18,5,2025-10-19 06:35:04+00:00,BRD-0000000160-60,True
161,965,A16,2,2026-03-31 16:59:37+00:00,BRD-0000000161-66,True
162,644,A30,1,2025-11-06 14:25:23+00:00,BRD-0000000162-64,True
163,622,A29,3,2026-01-21 06:12:56+00:00,BRD-0000000163-62,False
164,79,G4,5,2026-03-27 15:42:18+00:00,BRD-0000000164-67,True
165,900,F11,4,2026-05-30 04:45:11+00:00,BRD-0000000165-15,True
166,105,A21,6,2025-06-07 19:41:41+00:00,BRD-0000000166-37,True
167,754,G14,1,2025-10-27 15:25:17+00:00,BRD-0000000167-94,True
168,537,B25,5,2025-10-23 15:14:06+00:00,BRD-0000000168-89,True
169,426,E13,1,2026-02-16 01:30:15+00:00,BRD-0000000169-29,True
170,35,B5,1,2025-08-04 21:07:58+00:00,BRD-0000000170-88,True
171,716,A8,2,2025-12-07 00:03:25+00:00,BRD-0000000171-23,False
172,899,C18,5,2026-04-24 14:13:36+00:00,BRD-0000000172-92,False
173,543,E17,4,2025-10-11 15:15:03+00:00,BRD-0000000173-47,True
174,107,D14,3,2025-08-29 16:39:39+00:00,BRD-0000000174-40,True
175,169,E2,6,2025-12-15 10:28:25+00:00,BRD-0000000175-32,True
176,220,A21,3,2025-08-26 02:28:50+00:00,BRD-0000000176-21,True
177,103,F25,6,2025-10-28 07:21:25+00:00,BRD-0000000177-77,True
178,888,G23,3,2026-03-30 15:27:53+00:00,BRD-0000000178-44,True
179,376,E3,4,2025-09-04 22:44:20+00:00,BRD-0000000179-76,False
180,849,C13,4,2025-10-03 23:50:16+00:00,BRD-0000000180-51,False
181,920,E23,5,2025-10-21 21:56:38+00:00,BRD-0000000181-46,False
182,182,D26,1,2026-01-13 03:37:06+00:00,BRD-0000000182-48,True
183,813,A4,6,2026-01-28 21:24:54+00:00,BRD-0000000183-88,True
184,426,G15,6,2026-01-01 13:28:52+00:00,BRD-0000000184-27,True
185,727,B8,1,2025-06-03 16:35:08+00:00,BRD-0000000185-84,True
186,295,B30,3,2025-10-30 07:55:31+00:00,BRD-0000000186-56,True
187,220,B3,2,2026-03-01 07:14:34+00:00,BRD-0000000187-85,True
188,335,B2,1,2025-11-01 16:34:56+00:00,BRD-0000000188-46,True
189,471,A26,1,2026-03-23 10:08:17+00:00,BRD-0000000189-31,True
190,276,D10,4,2026-03-05 07:08:40+00:00,BRD-0000000190-60,False
191,579,E19,5,2026-02-16 22:07:13+00:00,BRD-0000000191-99,True
192,409,F21,3,2026-02-02 06:58:50+00:00,BRD-0000000192-27,True
193,339,G27,6,2026-01-12 09:44:18+00:00,BRD-0000000193-68,True
194,184,G17,4,2026-04-18 13:35:02+00:00,BRD-0000000194-25,False
195,246,H13,4,2025-11-17 04:24:32+00:00,BRD-0000000195-71,True
196,593,B10,3,2026-02-03 00:26:44+00:00,BRD-0000000196-84,True
197,731,F1,5,2026-01-22 11:58:29+00:00,BRD-0000000197-64,False
198,786,H23,1,2025-08-20 02:28:34+00:00,BRD-0000000198-32,True
199,479,C28,1,2025-10-27 10:43:15+00:00,BRD-0000000199-90,False
200,991,A15,6,2026-03-06 09:11:30+00:00,BRD-0000000200-19,True
201,814,G3,4,2025-07-08 18:27:07+00:00,BRD-0000000201-28,True
202,838,B11,6,2026-03-10 03:41:28+00:00,BRD-0000000202-20,True
203,267,D27,4,2026-05-11 22:00:44+00:00,BRD-0000000203-48,True
204,651,F12,6,2025-06-06 22:30:21+00:00,BRD-0000000204-55,True
205,650,H26,1,2025-06-12 19:13:03+00:00,BRD-0000000205-99,True
206,258,B27,5,2026-05-21 05:30:42+00:00,BRD-0000000206-40,True
207,653,F24,4,2025-07-09 06:39:11+00:00,BRD-0000000207-31,True
208,64,C28,2,2025-12-02 08:50:50+00:00,BRD-0000000208-62,True
209,842,D22,6,2025-06-30 02:20:02+00:00,BRD-0000000209-36,False
210,398,C18,3,2025-07-21 22:39:12+00:00,BRD-0000000210-92,False
211,37,B5,6,2025-10-11 13:48:40+00:00,BRD-0000000211-69,False
212,17,F30,3,2025-06-06 19:27:22+00:00,BRD-0000000212-99,True
213,822,A7,5,2025-10-28 02:57:29+00:00,BRD-0000000213-30,False
214,924,H6,6,2025-10-27 23:49:17+00:00,BRD-0000000214-29,True
215,233,F6,5,2026-03-06 11:24:31+00:00,BRD-0000000215-16,True
216,563,E23,1,2026-04-29 13:27:01+00:00,BRD-0000000216-89,True
217,855,D23,3,2025-06-05 07:36:15+00:00,BRD-0000000217-18,True
218,34,C5,6,2025-12-09 03:57:59+00:00,BRD-0000000218-14,False
219,955,C12,2,2025-07-24 00:00:50+00:00,BRD-0000000219-20,True
220,653,F21,3,2025-12-15 07:52:14+00:00,BRD-0000000220-90,False
221,192,A6,4,2026-04-08 23:48:11+00:00,BRD-0000000221-58,True
222,922,A10,4,2025-12-05 14:06:39+00:00,BRD-0000000222-35,False
223,295,G6,1,2025-10-10 23:06:46+00:00,BRD-0000000223-32,True
224,467,D21,2,2026-03-07 14:31:22+00:00,BRD-0000000224-57,True
225,643,A4,6,2026-03-30 20:20:12+00:00,BRD-0000000225-23,True
226,18,D4,4,2025-12-14 01:49:18+00:00,BRD-0000000226-32,True
227,174,F16,1,2025-10-17 20:38:48+00:00,BRD-0000000227-57,True
228,781,A15,2,2025-09-22 23:00:37+00:00,BRD-0000000228-62,True
229,995,B17,1,2026-02-18 12:08:52+00:00,BRD-0000000229-16,False
230,249,H28,2,2026-01-03 10:09:14+00:00,BRD-0000000230-14,True
231,617,H16,6,2025-08-28 05:02:13+00:00,BRD-0000000231-10,True
232,752,B27,4,2026-02-23 08:11:59+00:00,BRD-0000000232-44,True
233,950,E20,5,2026-02-04 23:26:02+00:00,BRD-0000000233-38,True
234,458,B18,5,2026-04-02 20:01:38+00:00,BRD-0000000234-24,True
235,656,F26,4,2025-06-12 08:47:03+00:00,BRD-0000000235-86,True
236,964,C18,4,2025-10-01 23:19:07+00:00,BRD-0000000236-89,False
237,38,D7,6,2025-09-10 10:57:51+00:00,BRD-0000000237-76,False
238,856,C29,6,2026-05-21 07:27:35+00:00,BRD-0000000238-89,True
239,52,H15,3,2025-08-17 19:13:34+00:00,BRD-0000000239-42,True
240,329,D8,4,2026-01-20 04:14:22+00:00,BRD-0000000240-82,True
241,831,F14,4,2025-11-12 06:04:14+00:00,BRD-0000000241-22,True
242,588,A4,2,2026-05-09 20:13:34+00:00,BRD-0000000242-67,False
243,743,F29,3,2025-09-20 17:31:34+00:00,BRD-0000000243-34,True
244,76,E9,3,2026-03-21 16:20:03+00:00,BRD-0000000244-86,True
245,561,D16,4,2026-03-05 13:19:13+00:00,BRD-0000000245-41,True
246,308,B30,4,2025-07-03 22:54:43+00:00,BRD-0000000246-21,True
247,513,C28,3,2026-02-18 09:48:03+00:00,BRD-0000000247-93,True
248,841,E13,6,2025-10-04 03:33:49+00:00,BRD-0000000248-22,True
249,672,E13,6,2025-07-02 09:39:40+00:00,BRD-0000000249-59,True
250,872,F6,3,2026-03-19 21:24:29+00:00,BRD-0000000250-45,False
251,757,F24,1,2026-03-17 12:51:26+00:00,BRD-0000000251-43,True
252,741,D7,3,2025-09-15 23:16:46+00:00,BRD-0000000252-57,False
253,472,G6,6,2025-07-22 13:40:23+00:00,BRD-0000000253-83,True
254,990,A22,1,2025-10-09 06:51:55+00:00,BRD-0000000254-75,True
255,717,H2,5,2026-05-05 16:33:34+00:00,BRD-0000000255-44,True
256,706,A9,5,2025-11-02 02:02:29+00:00,BRD-0000000256-78,False
257,577,C25,4,2025-07-25 01:41:48+00:00,BRD-0000000257-26,True
258,442,F29,5,2025-07-13 23:59:17+00:00,BRD-0000000258-12,False
259,329,B29,2,2026-01-18 01:21:23+00:00,BRD-0000000259-93,False
260,787,B28,1,2025-06-22 05:24:03+00:00,BRD-0000000260-78,True
261,171,C15,3,2026-01-20 19:27:33+00:00,BRD-0000000261-79,True
262,892,E24,6,2025-09-06 16:10:18+00:00,BRD-0000000262-63,True
263,765,A30,1,2025-09-23 05:15:08+00:00,BRD-0000000263-55,False
264,602,G27,3,2025-09-29 16:51:53+00:00,BRD-0000000264-77,True
265,49,F29,4,2025-07-30 23:17:14+00:00,BRD-0000000265-88,True
266,24,B13,3,2026-03-30 23:50:32+00:00,BRD-0000000266-17,True
267,834,A24,1,2026-03-10 10:38:53+00:00,BRD-0000000267-48,True
268,351,C25,5,2025-11-01 03:50:54+00:00,BRD-0000000268-89,True
269,525,E21,4,2026-02-22 12:23:01+00:00,BRD-0000000269-36,True
270,202,E18,6,2025-07-05 09:21:33+00:00,BRD-0000000270-81,False
271,920,A13,6,2025-12-08 22:13:35+00:00,BRD-0000000271-67,True
272,938,G10,5,2026-03-22 01:33:25+00:00,BRD-0000000272-15,True
273,641,G15,3,2025-09-09 10:14:31+00:00,BRD-0000000273-53,True
274,528,D5,6,2026-02-19 20:46:28+00:00,BRD-0000000274-34,True
275,939,C10,3,2026-04-17 23:04:16+00:00,BRD-0000000275-14,True
276,322,A20,5,2026-05-04 17:46:45+00:00,BRD-0000000276-71,True
277,28,D3,2,2026-04-22 15:40:42+00:00,BRD-0000000277-51,True
278,232,D3,4,2025-09-12 05:52:46+00:00,BRD-0000000278-47,True
279,326,D15,2,2025-07-23 20:31:16+00:00,BRD-0000000279-69,False
280,616,C14,5,2026-01-06 18:59:06+00:00,BRD-0000000280-87,True
281,429,G3,2,2025-12-15 12:09:17+00:00,BRD-0000000281-45,False
282,836,A6,4,2025-08-09 12:25:52+00:00,BRD-0000000282-50,True
283,455,A26,1,2025-12-11 05:04:15+00:00,BRD-0000000283-17,True
284,658,G11,3,2025-11-08 02:40:52+00:00,BRD-0000000284-20,True
285,471,E30,4,2026-03-11 05:48:16+00:00,BRD-0000000285-11,True
286,444,C26,3,2026-02-12 21:14:38+00:00,BRD-0000000286-18,False
287,926,H7,4,2025-07-01 07:29:21+00:00,BRD-0000000287-46,True
288,165,C8,5,2025-09-05 13:36:25+00:00,BRD-0000000288-34,True
289,287,B16,4,2025-07-06 13:57:24+00:00,BRD-0000000289-38,False
290,436,D29,4,2026-03-10 09:44:25+00:00,BRD-0000000290-24,True
291,142,A28,1,2025-11-26 15:11:54+00:00,BRD-0000000291-15,True
292,433,A29,5,2026-02-28 10:53:05+00:00,BRD-0000000292-69,True
293,29,G1,4,2025-10-12 17:18:51+00:00,BRD-0000000293-97,True
294,721,H1,6,2025-06-16 21:33:43+00:00,BRD-0000000294-75,False
295,568,D11,6,2026-02-05 15:15:08+00:00,BRD-0000000295-90,True
296,857,E2,2,2026-01-18 21:03:10+00:00,BRD-0000000296-35,True
297,242,C4,3,2026-02-23 19:54:10+00:00,BRD-0000000297-10,True
298,64,H19,5,2026-05-16 16:58:39+00:00,BRD-0000000298-73,True
299,139,F6,2,2026-05-27 06:42:10+00:00,BRD-0000000299-39,True
300,897,G18,1,2026-02-11 19:13:39+00:00,BRD-0000000300-70,True
301,303,A23,3,2026-05-29 20:16:29+00:00,BRD-0000000301-29,True
302,700,H5,1,2025-06-06 00:08:53+00:00,BRD-0000000302-15,True
303,940,B21,6,2026-05-26 16:12:24+00:00,BRD-0000000303-13,True
304,476,C25,4,2026-05-22 02:26:55+00:00,BRD-0000000304-37,True
305,469,B5,6,2025-12-28 08:02:58+00:00,BRD-0000000305-74,False
306,683,H17,3,2026-03-15 01:59:40+00:00,BRD-0000000306-30,False
307,294,G9,3,2026-04-16 19:13:39+00:00,BRD-0000000307-81,True
308,495,D2,4,2025-06-08 00:21:05+00:00,BRD-0000000308-56,False
309,430,D18,3,2025-06-08 10:14:36+00:00,BRD-0000000309-71,False
310,557,C12,1,2026-02-03 19:11:54+00:00,BRD-0000000310-17,True
311,30,B2,3,2025-11-05 04:39:46+00:00,BRD-0000000311-50,False
312,414,B28,1,2025-06-16 14:09:11+00:00,BRD-0000000312-82,True
313,151,G28,1,2025-06-08 17:15:12+00:00,BRD-0000000313-72,False
314,972,C7,2,2025-10-10 17:36:25+00:00,BRD-0000000314-42,True
315,219,A20,6,2025-06-17 07:20:43+00:00,BRD-0000000315-44,False
316,821,G9,5,2025-06-22 04:43:30+00:00,BRD-0000000316-85,True
317,372,C2,6,2026-02-01 11:18:36+00:00,BRD-0000000317-99,False
318,145,G8,5,2025-08-14 09:55:01+00:00,BRD-0000000318-91,True
319,363,C17,5,2026-02-28 10:02:39+00:00,BRD-0000000319-95,True
320,93,D13,5,2025-11-18 03:43:11+00:00,BRD-0000000320-62,False
321,883,G26,6,2026-01-29 04:03:40+00:00,BRD-0000000321-23,False
322,460,H17,1,2025-09-08 13:12:59+00:00,BRD-0000000322-73,True
323,485,C17,6,2025-08-21 20:29:15+00:00,BRD-0000000323-59,True
324,543,H4,4,2025-09-06 18:04:22+00:00,BRD-0000000324-39,True
325,945,E8,5,2025-07-08 00:04:46+00:00,BRD-0000000325-65,True
326,826,C11,4,2025-08-15 23:20:32+00:00,BRD-0000000326-47,True
327,162,H25,1,2025-08-14 07:55:55+00:00,BRD-0000000327-23,False
328,768,F30,1,2025-08-14 10:29:17+00:00,BRD-0000000328-78,False
329,256,A28,3,2026-04-23 14:51:10+00:00,BRD-0000000329-16,True
330,927,B16,1,2026-04-22 09:25:30+00:00,BRD-0000000330-27,True
331,942,G2,3,2025-10-13 02:31:30+00:00,BRD-0000000331-47,False
332,330,A23,6,2026-05-14 21:42:16+00:00,BRD-0000000332-55,True
333,640,A21,5,2025-10-12 13:41:42+00:00,BRD-0000000333-37,True
334,249,H27,4,2025-11-26 09:14:50+00:00,BRD-0000000334-39,True
335,448,E25,1,2025-06-10 12:48:12+00:00,BRD-0000000335-40,True
336,152,F4,2,2026-05-24 00:38:16+00:00,BRD-0000000336-54,False
337,304,C30,4,2026-03-13 12:23:06+00:00,BRD-0000000337-92,True
338,858,A13,2,2025-10-30 10:30:20+00:00,BRD-0000000338-64,True
339,550,B23,5,2026-04-24 19:44:37+00:00,BRD-0000000339-69,True
340,125,A17,4,2025-10-19 10:41:43+00:00,BRD-0000000340-56,True
341,628,A5,2,2026-04-19 10:51:45+00:00,BRD-0000000341-84,False
342,843,E29,4,2025-06-21 10:45:59+00:00,BRD-0000000342-99,False
343,774,F20,2,2026-05-16 09:20:58+00:00,BRD-0000000343-24,False
344,32,B18,2,2026-01-08 00:47:37+00:00,BRD-0000000344-99,False
345,296,H19,6,2026-05-10 06:17:52+00:00,BRD-0000000345-91,False
346,896,B18,3,2026-03-16 16:02:41+00:00,BRD-0000000346-26,True
347,125,B5,4,2025-09-25 16:31:42+00:00,BRD-0000000347-30,False
348,615,G28,3,2026-05-01 17:56:48+00:00,BRD-0000000348-51,True
349,607,E6,2,2026-02-18 02:37:48+00:00,BRD-0000000349-75,True
350,944,B2,6,2025-06-05 21:13:11+00:00,BRD-0000000350-26,True
351,549,C1,2,2026-01-30 10:58:25+00:00,BRD-0000000351-89,True
352,713,A29,6,2026-04-03 06:16:36+00:00,BRD-0000000352-77,True
353,754,F16,6,2025-09-30 14:36:05+00:00,BRD-0000000353-17,False
354,939,C1,6,2026-02-10 06:53:25+00:00,BRD-0000000354-53,False
355,315,A18,3,2025-12-25 05:57:54+00:00,BRD-0000000355-85,False
356,683,C3,4,2026-01-25 23:34:53+00:00,BRD-0000000356-25,True
357,131,A26,1,2025-10-13 20:19:36+00:00,BRD-0000000357-41,True
358,98,G19,2,2025-10-02 01:09:07+00:00,BRD-0000000358-15,False
359,805,H19,5,2025-12-11 04:33:14+00:00,BRD-0000000359-23,True
360,685,B13,5,2026-01-24 01:40:38+00:00,BRD-0000000360-17,False
361,440,D4,5,2025-08-09 10:11:59+00:00,BRD-0000000361-76,True
362,800,H22,4,2026-02-12 14:07:31+00:00,BRD-0000000362-58,True
363,304,D15,6,2026-05-20 10:21:06+00:00,BRD-0000000363-96,True
364,586,G11,6,2026-02-14 20:09:42+00:00,BRD-0000000364-24,False
365,371,G8,3,2025-11-04 04:21:10+00:00,BRD-0000000365-55,True
366,944,H14,3,2025-10-02 14:36:33+00:00,BRD-0000000366-98,True
367,194,F18,4,2025-09-21 18:11:17+00:00,BRD-0000000367-32,False
368,604,H5,6,2026-02-07 04:32:17+00:00,BRD-0000000368-48,False
369,544,D27,6,2025-12-21 02:34:36+00:00,BRD-0000000369-90,False
370,59,F21,5,2026-02-19 16:38:42+00:00,BRD-0000000370-88,True
371,652,G6,4,2025-08-30 11:29:48+00:00,BRD-0000000371-55,True
372,421,A19,5,2026-01-05 13:31:44+00:00,BRD-0000000372-99,True
373,3,G26,5,2026-05-16 18:43:25+00:00,BRD-0000000373-97,True
374,944,D3,1,2026-05-21 18:21:27+00:00,BRD-0000000374-51,True
375,267,E25,1,2025-08-30 20:50:13+00:00,BRD-0000000375-44,False
376,431,D18,1,2025-06-22 18:59:52+00:00,BRD-0000000376-49,False
377,331,D22,3,2025-08-17 20:06:39+00:00,BRD-0000000377-24,False
378,16,H8,5,2025-08-28 12:33:05+00:00,BRD-0000000378-54,True
379,20,E20,2,2025-11-02 03:33:50+00:00,BRD-0000000379-19,False
380,763,G24,5,2025-07-09 11:14:32+00:00,BRD-0000000380-49,True
381,48,E19,3,2026-05-15 03:45:28+00:00,BRD-0000000381-85,True
382,389,B16,6,2026-02-10 13:46:01+00:00,BRD-0000000382-20,False
383,754,B1,4,2026-03-07 07:45:07+00:00,BRD-0000000383-17,False
384,162,H12,1,2026-04-20 12:24:37+00:00,BRD-0000000384-38,True
385,914,C25,5,2026-01-22 01:43:39+00:00,BRD-0000000385-66,True
386,14,B18,5,2025-08-09 20:41:36+00:00,BRD-0000000386-14,True
387,513,A13,1,2025-10-17 06:52:41+00:00,BRD-0000000387-55,True
388,319,A1,4,2025-07-04 03:03:32+00:00,BRD-0000000388-90,True
389,423,E2,5,2026-01-18 21:14:11+00:00,BRD-0000000389-83,True
390,233,D25,3,2025-07-11 11:10:35+00:00,BRD-0000000390-42,True
391,206,A26,5,2025-12-08 17:42:30+00:00,BRD-0000000391-15,True
392,408,F9,6,2025-10-05 13:04:37+00:00,BRD-0000000392-95,True
393,371,A22,2,2026-05-06 06:08:00+00:00,BRD-0000000393-17,True
394,465,G3,4,2025-11-05 08:42:40+00:00,BRD-0000000394-56,True
395,440,F5,3,2025-09-13 11:54:02+00:00,BRD-0000000395-11,False
396,500,H21,1,2026-02-21 08:47:26+00:00,BRD-0000000396-74,True
397,813,A16,4,2025-09-01 22:43:03+00:00,BRD-0000000397-43,True
398,514,G24,3,2026-02-06 23:50:17+00:00,BRD-0000000398-11,False
399,913,B21,4,2025-07-13 08:18:46+00:00,BRD-0000000399-62,True
400,326,C9,3,2026-03-27 00:58:19+00:00,BRD-0000000400-90,True
401,918,E18,3,2025-11-08 07:07:08+00:00,BRD-0000000401-68,True
402,192,E16,5,2025-07-24 01:49:05+00:00,BRD-0000000402-15,True
403,115,D1,6,2026-01-26 23:36:44+00:00,BRD-0000000403-57,False
404,340,F22,6,2025-09-18 16:13:02+00:00,BRD-0000000404-12,True
405,992,H14,4,2026-05-13 23:20:11+00:00,BRD-0000000405-72,True
406,503,E8,4,2025-12-22 18:29:52+00:00,BRD-0000000406-12,True
407,912,H6,1,2025-08-10 22:34:53+00:00,BRD-0000000407-97,False
408,988,E14,2,2025-08-23 04:09:49+00:00,BRD-0000000408-47,False
409,556,A15,1,2026-05-19 22:41:44+00:00,BRD-0000000409-38,False
410,504,G24,6,2025-12-25 06:00:12+00:00,BRD-0000000410-89,True
411,977,D20,5,2026-02-15 06:24:45+00:00,BRD-0000000411-14,False
412,662,G7,1,2025-08-02 07:31:01+00:00,BRD-0000000412-67,True
413,701,B20,1,2025-09-20 14:01:09+00:00,BRD-0000000413-97,True
414,395,B7,2,2026-04-02 15:42:46+00:00,BRD-0000000414-87,True
415,78,H12,3,2026-05-15 08:34:10+00:00,BRD-0000000415-71,True
416,914,C24,4,2025-08-28 11:13:02+00:00,BRD-0000000416-91,False
417,227,E24,1,2025-06-14 00:57:31+00:00,BRD-0000000417-91,True
418,492,H13,3,2026-04-15 08:41:14+00:00,BRD-0000000418-49,False
419,78,A15,5,2026-03-10 16:26:13+00:00,BRD-0000000419-24,True
420,699,A2,4,2025-12-31 09:55:07+00:00,BRD-0000000420-22,True
421,464,A4,4,2025-08-29 02:40:43+00:00,BRD-0000000421-37,True
422,782,F11,6,2025-11-11 08:17:49+00:00,BRD-0000000422-99,True
423,365,E29,2,2026-03-29 09:30:38+00:00,BRD-0000000423-96,True
424,605,D23,4,2026-04-09 10:33:30+00:00,BRD-0000000424-10,True
425,89,F18,2,2026-05-04 21:53:02+00:00,BRD-0000000425-61,True
426,7,E9,2,2025-08-29 03:34:01+00:00,BRD-0000000426-27,True
427,588,G26,4,2026-01-27 15:36:41+00:00,BRD-0000000427-98,True
428,295,B18,4,2025-07-24 06:19:00+00:00,BRD-0000000428-46,True
429,84,D12,6,2025-09-21 14:38:28+00:00,BRD-0000000429-90,False
430,597,E26,4,2025-11-01 00:35:05+00:00,BRD-0000000430-39,False
431,9,G15,6,2026-05-07 19:57:12+00:00,BRD-0000000431-95,False
432,441,E11,6,2025-09-27 20:44:38+00:00,BRD-0000000432-32,False
433,759,E20,2,2026-01-11 03:40:39+00:00,BRD-0000000433-82,False
434,703,A27,2,2025-08-25 16:53:54+00:00,BRD-0000000434-68,True
435,334,C18,1,2026-03-21 02:45:17+00:00,BRD-0000000435-16,True
436,946,F6,3,2026-05-25 02:37:08+00:00,BRD-0000000436-80,False
437,443,C10,5,2025-09-06 05:49:34+00:00,BRD-0000000437-97,False
438,828,B24,6,2026-01-26 07:32:56+00:00,BRD-0000000438-39,True
439,930,C27,2,2026-01-27 14:37:15+00:00,BRD-0000000439-33,True
440,534,G2,4,2026-05-25 17:45:21+00:00,BRD-0000000440-47,True
441,221,C16,3,2025-08-27 10:21:31+00:00,BRD-0000000441-10,False
442,792,G24,5,2025-10-02 02:45:07+00:00,BRD-0000000442-12,True
443,594,E18,6,2026-01-22 06:01:47+00:00,BRD-0000000443-63,False
444,368,H12,2,2026-04-11 20:58:48+00:00,BRD-0000000444-82,False
445,543,A29,1,2025-08-04 12:20:47+00:00,BRD-0000000445-81,True
446,849,C29,2,2026-04-14 18:15:30+00:00,BRD-0000000446-57,False
447,957,G11,5,2025-10-10 12:41:22+00:00,BRD-0000000447-83,True
448,62,D26,3,2026-04-11 15:23:20+00:00,BRD-0000000448-51,False
449,323,G20,4,2026-03-10 01:10:03+00:00,BRD-0000000449-31,True
450,611,B13,1,2025-12-29 01:56:59+00:00,BRD-0000000450-44,True
451,11,D3,4,2025-12-17 02:14:11+00:00,BRD-0000000451-82,False
452,673,D3,3,2025-11-28 10:38:54+00:00,BRD-0000000452-94,False
453,308,B6,5,2026-03-05 02:21:33+00:00,BRD-0000000453-10,False
454,571,B28,5,2026-02-23 20:07:55+00:00,BRD-0000000454-44,False
455,91,F22,3,2026-04-21 13:31:33+00:00,BRD-0000000455-26,True
456,637,F5,4,2026-02-21 10:22:40+00:00,BRD-0000000456-23,False
457,849,G25,4,2025-06-10 14:52:52+00:00,BRD-0000000457-60,True
458,114,C4,3,2025-07-18 21:35:33+00:00,BRD-0000000458-78,False
459,504,A7,1,2025-09-11 05:42:05+00:00,BRD-0000000459-51,True
460,384,H6,3,2025-06-03 23:15:51+00:00,BRD-0000000460-77,False
461,596,C6,5,2026-05-13 04:20:09+00:00,BRD-0000000461-89,False
462,903,A24,5,2025-11-30 08:06:41+00:00,BRD-0000000462-18,True
463,12,C3,2,2025-09-03 18:22:07+00:00,BRD-0000000463-77,False
464,527,D11,5,2026-01-06 12:58:25+00:00,BRD-0000000464-21,True
465,271,G28,3,2026-03-03 03:43:37+00:00,BRD-0000000465-64,False
466,301,G18,1,2025-11-25 13:45:10+00:00,BRD-0000000466-61,True
467,275,F13,1,2026-03-27 21:30:08+00:00,BRD-0000000467-88,False
468,815,C15,5,2025-12-19 07:33:06+00:00,BRD-0000000468-57,False
469,582,H21,4,2026-02-12 03:11:08+00:00,BRD-0000000469-70,True
470,151,C17,5,2026-05-31 16:54:20+00:00,BRD-0000000470-73,True
471,630,G17,1,2025-06-04 13:51:20+00:00,BRD-0000000471-62,True
472,138,C23,4,2026-01-14 07:30:21+00:00,BRD-0000000472-87,True
473,828,C25,1,2026-03-13 22:32:06+00:00,BRD-0000000473-91,False
474,3,F25,3,2026-05-02 02:55:42+00:00,BRD-0000000474-95,True
475,59,G26,4,2025-11-21 09:47:23+00:00,BRD-0000000475-23,True
476,20,H12,1,2026-04-03 23:05:39+00:00,BRD-0000000476-66,True
477,584,G10,1,2025-07-02 02:59:24+00:00,BRD-0000000477-62,False
478,916,B30,3,2025-09-04 19:29:47+00:00,BRD-0000000478-57,True
479,631,C29,2,2026-02-28 03:51:23+00:00,BRD-0000000479-36,False
480,531,C3,6,2026-04-15 00:33:50+00:00,BRD-0000000480-63,True
481,283,B8,6,2025-07-19 19:42:34+00:00,BRD-0000000481-87,True
482,691,H13,5,2025-11-25 15:49:40+00:00,BRD-0000000482-49,False
483,630,C24,6,2026-04-18 13:04:27+00:00,BRD-0000000483-14,True
484,317,B13,6,2025-09-15 22:04:03+00:00,BRD-0000000484-93,True
485,385,A26,6,2025-12-08 20:39:00+00:00,BRD-0000000485-73,True
486,898,H14,5,2026-02-28 07:20:36+00:00,BRD-0000000486-18,False
487,814,C10,3,2026-01-08 19:05:12+00:00,BRD-0000000487-43,True
488,48,H4,4,2025-07-02 05:33:37+00:00,BRD-0000000488-57,True
489,68,E2,6,2025-10-01 01:31:45+00:00,BRD-0000000489-33,True
490,405,H23,1,2025-12-21 13:59:14+00:00,BRD-0000000490-51,True
491,6,D11,6,2025-11-01 03:22:43+00:00,BRD-0000000491-30,True
492,965,C28,2,2026-01-11 04:05:15+00:00,BRD-0000000492-22,True
493,855,H3,3,2026-01-26 04:07:00+00:00,BRD-0000000493-93,True
494,660,A25,5,2025-11-17 09:24:23+00:00,BRD-0000000494-35,True
495,364,E25,2,2025-06-16 16:08:12+00:00,BRD-0000000495-14,False
496,563,G24,6,2025-06-12 02:15:40+00:00,BRD-0000000496-28,True
497,498,B9,2,2025-12-04 16:42:57+00:00,BRD-0000000497-27,False
498,459,E11,6,2025-07-02 09:02:56+00:00,BRD-0000000498-80,False
499,451,G18,1,2026-01-16 18:32:12+00:00,BRD-0000000499-76,True
500,976,H17,3,2025-09-28 15:36:49+00:00,BRD-0000000500-31,False
501,962,F22,6,2025-11-10 23:56:06+00:00,BRD-0000000501-69,False
502,499,F2,3,2025-07-11 16:43:52+00:00,BRD-0000000502-74,True
503,486,H5,5,2025-11-23 02:52:09+00:00,BRD-0000000503-76,True
504,931,G25,2,2026-04-01 13:10:25+00:00,BRD-0000000504-65,True
505,192,D10,1,2025-08-19 18:28:21+00:00,BRD-0000000505-34,True
506,991,F3,2,2025-08-02 14:08:51+00:00,BRD-0000000506-33,True
507,561,F10,2,2026-04-20 06:22:16+00:00,BRD-0000000507-33,True
508,281,H21,2,2026-04-17 14:13:22+00:00,BRD-0000000508-65,True
509,460,G12,5,2025-10-27 21:11:31+00:00,BRD-0000000509-52,True
510,896,H29,1,2026-01-29 15:34:35+00:00,BRD-0000000510-49,True
511,267,D11,4,2026-05-19 16:48:50+00:00,BRD-0000000511-40,False
512,582,C23,2,2026-01-04 02:38:19+00:00,BRD-0000000512-18,True
513,38,D18,6,2025-11-21 22:49:09+00:00,BRD-0000000513-63,False
514,581,H17,1,2026-01-15 09:35:22+00:00,BRD-0000000514-33,True
515,586,E6,6,2026-05-23 08:07:24+00:00,BRD-0000000515-60,False
516,88,C30,1,2026-05-29 00:24:43+00:00,BRD-0000000516-23,True
517,768,A24,1,2026-05-16 15:33:46+00:00,BRD-0000000517-84,False
518,197,G5,4,2025-11-05 23:59:33+00:00,BRD-0000000518-83,False
519,629,C30,2,2025-11-10 11:34:12+00:00,BRD-0000000519-80,True
520,581,A10,2,2026-02-16 03:49:46+00:00,BRD-0000000520-91,True
521,947,D17,2,2026-02-24 17:21:28+00:00,BRD-0000000521-98,False
522,706,D6,5,2026-02-25 09:30:05+00:00,BRD-0000000522-83,True
523,637,A13,5,2026-05-02 17:25:38+00:00,BRD-0000000523-24,True
524,76,D14,5,2025-09-11 20:40:10+00:00,BRD-0000000524-30,True
525,8,D27,3,2026-01-15 00:23:51+00:00,BRD-0000000525-55,True
526,523,B30,3,2025-07-17 01:41:59+00:00,BRD-0000000526-97,True
527,22,F29,2,2026-04-07 09:27:45+00:00,BRD-0000000527-79,True
528,538,F3,5,2026-04-26 14:07:27+00:00,BRD-0000000528-69,True
529,107,G10,5,2026-02-24 17:53:09+00:00,BRD-0000000529-39,False
530,634,A7,3,2025-08-09 06:46:53+00:00,BRD-0000000530-96,True
531,789,B10,5,2025-10-29 15:46:26+00:00,BRD-0000000531-50,False
532,451,G29,1,2026-02-03 03:22:59+00:00,BRD-0000000532-20,True
533,46,C13,2,2025-06-23 10:29:50+00:00,BRD-0000000533-78,True
534,806,F30,3,2026-02-16 21:56:02+00:00,BRD-0000000534-50,False
535,327,F30,1,2025-09-27 08:01:03+00:00,BRD-0000000535-24,True
536,622,F29,1,2025-09-09 18:45:44+00:00,BRD-0000000536-97,False
537,157,E14,1,2025-09-06 07:42:07+00:00,BRD-0000000537-58,False
538,479,C26,4,2025-08-12 15:13:58+00:00,BRD-0000000538-95,False
539,499,D30,2,2026-02-08 19:05:01+00:00,BRD-0000000539-22,False
540,889,H11,5,2025-10-14 22:39:46+00:00,BRD-0000000540-97,True
541,939,G12,2,2025-11-13 15:46:35+00:00,BRD-0000000541-90,True
542,813,A1,3,2026-01-11 12:25:12+00:00,BRD-0000000542-36,True
543,957,B10,3,2026-05-13 03:22:27+00:00,BRD-0000000543-83,True
544,632,H26,3,2026-02-19 09:22:29+00:00,BRD-0000000544-44,True
545,362,F19,6,2025-09-14 07:11:15+00:00,BRD-0000000545-10,True
546,50,B7,5,2025-09-25 05:24:06+00:00,BRD-0000000546-51,False
547,652,B1,5,2026-05-22 18:21:11+00:00,BRD-0000000547-28,True
548,756,F20,2,2025-12-03 05:16:06+00:00,BRD-0000000548-21,False
549,91,A15,1,2025-06-09 16:23:23+00:00,BRD-0000000549-92,True
550,117,D22,3,2026-04-28 00:14:35+00:00,BRD-0000000550-25,True
551,74,E30,6,2026-04-05 00:51:38+00:00,BRD-0000000551-91,True
552,328,G15,4,2025-07-30 04:47:39+00:00,BRD-0000000552-36,True
553,997,H21,1,2025-12-20 10:34:45+00:00,BRD-0000000553-65,False
554,707,C10,4,2025-12-31 16:41:37+00:00,BRD-0000000554-32,True
555,551,F19,3,2025-11-29 20:17:17+00:00,BRD-0000000555-68,True
556,472,A6,6,2026-05-13 19:06:15+00:00,BRD-0000000556-94,True
557,560,A8,4,2025-10-19 06:02:20+00:00,BRD-0000000557-97,True
558,671,H21,5,2026-05-16 20:15:42+00:00,BRD-0000000558-31,True
559,882,D14,4,2026-02-10 15:35:22+00:00,BRD-0000000559-60,True
560,130,D12,3,2025-12-19 08:46:21+00:00,BRD-0000000560-91,True
561,473,D11,5,2026-05-08 17:08:32+00:00,BRD-0000000561-87,True
562,73,G8,4,2025-06-04 14:19:06+00:00,BRD-0000000562-94,True
563,382,B9,5,2025-06-23 02:40:38+00:00,BRD-0000000563-48,False
564,543,H21,3,2025-07-11 21:24:17+00:00,BRD-0000000564-52,True
565,315,F9,4,2025-09-15 01:16:54+00:00,BRD-0000000565-77,True
566,804,D23,5,2025-10-01 05:51:02+00:00,BRD-0000000566-93,True
567,963,E9,4,2026-02-28 07:11:39+00:00,BRD-0000000567-35,True
568,796,G4,3,2026-02-11 15:27:25+00:00,BRD-0000000568-13,True
569,385,F17,3,2025-11-30 23:08:29+00:00,BRD-0000000569-23,False
570,908,C15,2,2025-11-16 19:06:09+00:00,BRD-0000000570-44,True
571,380,A9,6,2025-08-06 05:55:09+00:00,BRD-0000000571-40,True
572,785,F9,1,2026-02-02 14:02:10+00:00,BRD-0000000572-68,True
573,253,E15,2,2025-08-10 08:20:54+00:00,BRD-0000000573-24,False
574,36,C15,5,2025-09-07 09:59:24+00:00,BRD-0000000574-49,True
575,280,E19,2,2025-12-28 02:50:32+00:00,BRD-0000000575-14,True
576,732,F22,1,2025-07-17 02:40:26+00:00,BRD-0000000576-18,True
577,8,A22,2,2026-01-13 14:07:51+00:00,BRD-0000000577-94,True
578,546,B4,6,2025-08-29 13:46:31+00:00,BRD-0000000578-18,False
579,220,C16,3,2025-12-01 14:29:27+00:00,BRD-0000000579-47,True
580,102,B11,6,2026-01-22 20:53:30+00:00,BRD-0000000580-88,True
581,957,E13,3,2025-10-30 18:22:00+00:00,BRD-0000000581-52,False
582,925,H30,1,2025-10-20 06:24:55+00:00,BRD-0000000582-88,False
583,362,F25,1,2025-06-09 18:16:26+00:00,BRD-0000000583-43,True
584,923,H29,4,2026-04-17 20:11:49+00:00,BRD-0000000584-32,True
585,272,H28,2,2025-12-22 01:10:44+00:00,BRD-0000000585-83,True
586,159,B20,6,2026-04-18 18:24:39+00:00,BRD-0000000586-30,True
587,963,H3,2,2025-09-27 12:42:48+00:00,BRD-0000000587-57,True
588,759,H15,5,2026-02-26 12:08:55+00:00,BRD-0000000588-13,False
589,691,C24,1,2025-12-23 14:40:05+00:00,BRD-0000000589-69,True
590,59,F25,5,2025-06-25 23:03:09+00:00,BRD-0000000590-23,False
591,264,E3,1,2026-03-30 09:20:25+00:00,BRD-0000000591-43,False
592,81,C26,2,2025-07-06 22:25:25+00:00,BRD-0000000592-40,True
593,491,G25,6,2026-01-30 05:05:33+00:00,BRD-0000000593-92,True
594,373,B4,5,2025-12-21 02:33:02+00:00,BRD-0000000594-67,True
595,179,B22,4,2025-10-19 01:47:38+00:00,BRD-0000000595-40,False
596,757,H29,2,2025-12-30 08:10:59+00:00,BRD-0000000596-31,True
597,871,B24,4,2026-03-25 01:36:39+00:00,BRD-0000000597-75,True
598,173,G28,1,2026-01-31 00:32:43+00:00,BRD-0000000598-67,True
599,210,D17,3,2025-09-27 17:34:39+00:00,BRD-0000000599-22,True
600,80,D14,4,2025-09-28 23:05:43+00:00,BRD-0000000600-31,False
601,957,A6,6,2026-05-30 22:23:37+00:00,BRD-0000000601-57,True
602,924,D11,1,2026-01-26 09:09:20+00:00,BRD-0000000602-39,True
603,232,B24,2,2025-06-15 15:12:20+00:00,BRD-0000000603-49,True
604,166,C14,1,2026-01-25 16:04:45+00:00,BRD-0000000604-30,False
605,44,F21,4,2026-02-12 01:12:17+00:00,BRD-0000000605-79,True
606,196,H4,3,2025-09-02 04:02:48+00:00,BRD-0000000606-11,True
607,355,G22,5,2026-02-11 01:05:00+00:00,BRD-0000000607-25,True
608,486,A13,3,2025-10-16 02:12:55+00:00,BRD-0000000608-87,True
609,340,H24,3,2026-01-16 11:37:03+00:00,BRD-0000000609-81,False
610,406,B9,4,2025-11-01 21:36:40+00:00,BRD-0000000610-81,True
611,815,A14,1,2025-07-30 20:06:20+00:00,BRD-0000000611-56,True
612,612,G21,5,2025-08-03 12:26:11+00:00,BRD-0000000612-17,False
613,505,G13,5,2026-01-06 00:53:02+00:00,BRD-0000000613-57,True
614,263,F14,2,2025-10-13 16:44:13+00:00,BRD-0000000614-50,True
615,424,B24,5,2025-09-24 00:14:49+00:00,BRD-0000000615-36,True
616,35,E15,2,2025-06-12 22:52:57+00:00,BRD-0000000616-34,False
617,494,C19,6,2025-11-20 00:40:57+00:00,BRD-0000000617-24,True
618,35,E11,2,2025-12-03 12:44:48+00:00,BRD-0000000618-74,True
619,14,D10,2,2025-12-31 14:53:04+00:00,BRD-0000000619-86,True
620,209,G14,4,2026-05-31 20:12:54+00:00,BRD-0000000620-57,True
621,343,E18,6,2025-07-31 04:25:50+00:00,BRD-0000000621-34,True
622,558,H9,6,2026-04-21 00:40:55+00:00,BRD-0000000622-34,True
623,58,G18,5,2025-11-01 23:14:55+00:00,BRD-0000000623-75,True
624,572,F9,1,2026-02-07 22:10:08+00:00,BRD-0000000624-65,True
625,52,E25,2,2026-05-19 11:28:00+00:00,BRD-0000000625-17,True
626,413,H24,4,2025-08-24 23:44:25+00:00,BRD-0000000626-91,False
627,863,H24,1,2026-03-21 09:37:53+00:00,BRD-0000000627-37,True
628,716,D23,6,2026-05-22 00:58:22+00:00,BRD-0000000628-19,True
629,341,D5,4,2025-11-23 08:59:12+00:00,BRD-0000000629-90,True
630,864,C6,1,2025-08-21 07:29:14+00:00,BRD-0000000630-11,True
631,27,B24,3,2026-02-11 14:53:27+00:00,BRD-0000000631-11,True
632,856,C3,2,2026-05-06 12:56:56+00:00,BRD-0000000632-42,True
633,882,G4,4,2026-04-29 16:26:41+00:00,BRD-0000000633-40,True
634,728,C20,1,2025-10-05 18:50:42+00:00,BRD-0000000634-77,True
635,387,F29,5,2026-04-04 10:21:27+00:00,BRD-0000000635-31,True
636,599,F23,6,2025-08-14 20:06:09+00:00,BRD-0000000636-48,True
637,583,C18,2,2025-11-22 01:03:51+00:00,BRD-0000000637-88,True
638,243,A30,5,2025-08-31 04:52:23+00:00,BRD-0000000638-83,True
639,802,G27,2,2026-02-03 21:17:50+00:00,BRD-0000000639-73,True
640,70,D15,4,2025-09-21 18:09:26+00:00,BRD-0000000640-76,False
641,387,D30,6,2025-08-20 08:05:00+00:00,BRD-0000000641-12,True
642,111,G25,4,2025-08-28 02:50:54+00:00,BRD-0000000642-27,True
643,918,F23,5,2026-05-17 12:56:05+00:00,BRD-0000000643-79,False
644,134,C14,5,2025-09-18 09:12:27+00:00,BRD-0000000644-45,True
645,195,D23,3,2025-12-08 12:50:59+00:00,BRD-0000000645-88,False
646,827,G21,2,2026-02-01 16:23:51+00:00,BRD-0000000646-85,False
647,810,C22,3,2026-03-05 09:13:07+00:00,BRD-0000000647-50,True
648,105,H4,4,2025-07-29 03:56:22+00:00,BRD-0000000648-60,True
649,936,E19,6,2025-10-24 22:26:31+00:00,BRD-0000000649-40,True
650,940,D26,6,2025-10-25 11:44:43+00:00,BRD-0000000650-90,True
651,281,E30,2,2025-11-02 19:10:20+00:00,BRD-0000000651-40,False
652,175,C17,4,2026-04-28 15:29:26+00:00,BRD-0000000652-96,True
653,51,F27,6,2026-02-04 22:29:37+00:00,BRD-0000000653-14,True
654,721,D12,3,2025-06-17 09:57:09+00:00,BRD-0000000654-99,True
655,189,B5,2,2026-03-26 08:35:54+00:00,BRD-0000000655-20,True
656,64,F22,6,2026-03-14 15:42:07+00:00,BRD-0000000656-56,True
657,818,F1,4,2025-09-06 04:12:53+00:00,BRD-0000000657-64,True
658,609,B18,3,2026-03-31 18:17:08+00:00,BRD-0000000658-28,True
659,983,C9,2,2025-06-06 10:09:41+00:00,BRD-0000000659-55,False
660,111,F21,6,2025-07-22 15:05:19+00:00,BRD-0000000660-22,False
661,806,D28,6,2025-06-04 06:35:23+00:00,BRD-0000000661-15,True
662,365,H21,3,2025-12-26 17:29:17+00:00,BRD-0000000662-31,True
663,647,B24,2,2025-06-08 12:23:40+00:00,BRD-0000000663-62,False
664,845,D16,1,2025-10-16 11:40:19+00:00,BRD-0000000664-14,False
665,192,G29,4,2025-11-05 07:06:01+00:00,BRD-0000000665-61,False
666,168,H21,2,2025-12-24 12:51:02+00:00,BRD-0000000666-61,False
667,69,A2,1,2025-06-17 10:31:24+00:00,BRD-0000000667-88,True
668,999,E18,2,2025-07-26 03:02:53+00:00,BRD-0000000668-44,True
669,58,F1,2,2025-12-24 10:22:33+00:00,BRD-0000000669-47,False
670,892,D13,2,2025-10-24 11:16:11+00:00,BRD-0000000670-57,False
671,64,H30,1,2025-08-22 02:11:20+00:00,BRD-0000000671-94,True
672,93,D7,6,2025-09-16 07:54:19+00:00,BRD-0000000672-26,True
673,339,H30,5,2025-12-10 21:44:03+00:00,BRD-0000000673-42,True
674,826,F16,1,2025-07-16 01:45:40+00:00,BRD-0000000674-49,True
675,128,B12,5,2025-11-25 01:15:23+00:00,BRD-0000000675-42,True
676,222,G26,4,2025-09-14 20:17:45+00:00,BRD-0000000676-69,False
677,557,C18,4,2025-09-29 21:44:45+00:00,BRD-0000000677-81,False
678,703,C9,6,2025-09-25 09:12:13+00:00,BRD-0000000678-94,True
679,199,A3,5,2025-09-21 19:37:36+00:00,BRD-0000000679-86,True
680,287,G25,5,2026-01-25 17:08:47+00:00,BRD-0000000680-99,True
681,371,A1,6,2025-07-02 23:10:23+00:00,BRD-0000000681-36,False
682,475,D12,5,2026-05-08 23:29:17+00:00,BRD-0000000682-90,True
683,532,F1,4,2025-08-08 01:20:35+00:00,BRD-0000000683-70,False
684,116,A3,5,2026-02-24 01:33:18+00:00,BRD-0000000684-70,True
685,211,A13,3,2026-04-27 11:50:04+00:00,BRD-0000000685-28,True
686,709,E22,4,2025-12-16 02:36:49+00:00,BRD-0000000686-38,True
687,775,F4,5,2025-10-20 22:58:47+00:00,BRD-0000000687-40,True
688,498,B26,4,2025-06-15 15:46:55+00:00,BRD-0000000688-17,True
689,111,A29,5,2025-09-22 02:24:53+00:00,BRD-0000000689-74,False
690,154,A9,3,2026-04-06 09:47:47+00:00,BRD-0000000690-80,False
691,742,G10,1,2025-06-22 04:50:44+00:00,BRD-0000000691-50,True
692,293,F10,4,2026-05-05 23:33:24+00:00,BRD-0000000692-17,True
693,262,E18,1,2026-04-22 20:54:23+00:00,BRD-0000000693-46,True
694,318,F28,1,2025-11-10 03:39:34+00:00,BRD-0000000694-21,True
695,835,B12,5,2026-03-10 22:40:19+00:00,BRD-0000000695-42,True
696,103,D24,3,2025-07-08 01:35:03+00:00,BRD-0000000696-10,True
697,112,E10,5,2025-12-24 17:55:04+00:00,BRD-0000000697-34,True
698,705,C27,4,2025-12-26 08:09:11+00:00,BRD-0000000698-83,False
699,707,E26,6,2025-06-26 20:45:56+00:00,BRD-0000000699-60,True
700,633,A6,3,2025-09-21 01:43:10+00:00,BRD-0000000700-91,False
701,522,G24,3,2025-12-01 11:33:22+00:00,BRD-0000000701-73,True
702,81,G20,2,2025-07-20 11:11:01+00:00,BRD-0000000702-94,False
703,892,C12,1,2025-12-01 10:02:35+00:00,BRD-0000000703-76,True
704,440,F11,5,2026-02-05 14:47:39+00:00,BRD-0000000704-67,False
705,442,F28,1,2025-12-24 11:17:33+00:00,BRD-0000000705-21,True
706,156,D25,5,2026-05-01 14:13:34+00:00,BRD-0000000706-28,False
707,976,H13,2,2025-11-02 01:45:51+00:00,BRD-0000000707-91,False
708,148,C4,3,2025-07-21 07:57:55+00:00,BRD-0000000708-72,True
709,991,F18,4,2025-10-20 16:45:53+00:00,BRD-0000000709-48,True
710,328,E15,1,2025-10-30 16:23:19+00:00,BRD-0000000710-16,True
711,745,D27,3,2026-06-02 03:23:21+00:00,BRD-0000000711-70,True
712,579,C12,1,2025-08-29 15:54:36+00:00,BRD-0000000712-20,True
713,908,F10,1,2026-03-06 17:22:48+00:00,BRD-0000000713-88,True
714,855,E30,6,2026-02-06 11:49:11+00:00,BRD-0000000714-58,True
715,498,H3,4,2026-04-06 01:31:38+00:00,BRD-0000000715-40,True
716,687,C2,1,2025-09-11 18:21:05+00:00,BRD-0000000716-69,True
717,458,E4,3,2025-09-10 03:04:08+00:00,BRD-0000000717-72,True
718,417,C20,2,2025-08-02 01:07:35+00:00,BRD-0000000718-12,True
719,137,A21,6,2026-03-20 22:14:00+00:00,BRD-0000000719-55,True
720,144,E1,3,2025-10-05 04:36:38+00:00,BRD-0000000720-41,True
721,763,H12,1,2026-03-07 19:17:04+00:00,BRD-0000000721-15,True
722,757,A16,3,2025-09-17 07:49:38+00:00,BRD-0000000722-24,False
723,708,A2,2,2025-06-12 23:13:48+00:00,BRD-0000000723-68,True
724,446,F27,6,2026-03-28 09:31:03+00:00,BRD-0000000724-72,True
725,31,D7,6,2026-04-26 13:07:21+00:00,BRD-0000000725-25,False
726,394,F20,1,2026-04-24 23:50:21+00:00,BRD-0000000726-24,True
727,364,B20,1,2025-11-18 16:24:00+00:00,BRD-0000000727-83,True
728,181,B5,4,2025-06-22 13:50:27+00:00,BRD-0000000728-80,True
729,518,C25,3,2025-09-10 15:23:17+00:00,BRD-0000000729-33,True
730,975,D20,5,2025-09-04 05:30:03+00:00,BRD-0000000730-73,False
731,121,A7,1,2026-03-13 01:53:20+00:00,BRD-0000000731-73,True
732,380,C26,5,2026-03-28 13:52:46+00:00,BRD-0000000732-64,False
733,748,F30,5,2025-12-05 01:58:40+00:00,BRD-0000000733-81,True
734,109,A5,4,2025-12-27 19:32:42+00:00,BRD-0000000734-29,True
735,456,H30,4,2025-07-30 05:41:03+00:00,BRD-0000000735-52,False
736,493,E20,3,2026-03-02 05:42:50+00:00,BRD-0000000736-93,True
737,561,G1,2,2026-03-29 09:38:58+00:00,BRD-0000000737-15,True
738,536,A2,6,2025-08-04 03:56:26+00:00,BRD-0000000738-78,True
739,338,B10,3,2026-05-14 23:36:27+00:00,BRD-0000000739-48,True
740,942,F18,1,2026-06-02 17:24:50+00:00,BRD-0000000740-32,True
741,40,F28,6,2026-04-26 16:31:55+00:00,BRD-0000000741-93,False
742,936,A19,5,2025-07-14 14:52:50+00:00,BRD-0000000742-18,False
743,273,B30,4,2026-04-13 12:47:45+00:00,BRD-0000000743-37,True
744,661,H8,6,2025-11-24 05:45:38+00:00,BRD-0000000744-89,True
745,389,B18,6,2026-04-15 17:09:46+00:00,BRD-0000000745-67,True
746,742,D9,5,2026-02-01 18:47:28+00:00,BRD-0000000746-95,True
747,314,H24,2,2025-07-07 18:18:48+00:00,BRD-0000000747-18,True
748,717,F8,2,2025-12-04 09:49:23+00:00,BRD-0000000748-84,True
749,355,F20,1,2026-03-17 14:33:08+00:00,BRD-0000000749-93,True
750,805,E11,5,2025-08-05 01:07:11+00:00,BRD-0000000750-93,True
751,310,B21,6,2026-05-25 04:10:11+00:00,BRD-0000000751-44,True
752,265,C5,2,2025-07-18 16:24:51+00:00,BRD-0000000752-12,True
753,867,D7,1,2026-01-19 08:15:30+00:00,BRD-0000000753-20,True
754,307,G15,6,2025-08-16 02:02:49+00:00,BRD-0000000754-47,True
755,409,A7,1,2025-06-23 02:56:01+00:00,BRD-0000000755-44,True
756,497,C2,2,2026-06-03 12:12:37+00:00,BRD-0000000756-50,True
757,598,G16,5,2025-10-21 05:06:58+00:00,BRD-0000000757-24,True
758,655,H4,6,2026-01-12 21:00:43+00:00,BRD-0000000758-12,True
759,82,F8,6,2026-05-15 07:04:57+00:00,BRD-0000000759-24,False
760,346,E20,2,2025-06-06 20:51:10+00:00,BRD-0000000760-98,True
761,644,C21,6,2025-11-07 14:38:50+00:00,BRD-0000000761-89,True
762,867,B20,4,2026-04-02 04:18:22+00:00,BRD-0000000762-67,True
763,195,F8,5,2025-11-22 18:36:07+00:00,BRD-0000000763-46,True
764,67,C15,1,2025-10-17 20:36:44+00:00,BRD-0000000764-44,True
765,35,B7,2,2026-01-10 07:38:11+00:00,BRD-0000000765-42,True
766,970,E6,3,2026-02-18 14:02:30+00:00,BRD-0000000766-70,True
767,892,B16,6,2026-02-05 04:23:38+00:00,BRD-0000000767-83,False
768,958,D3,4,2026-03-03 17:16:04+00:00,BRD-0000000768-57,True
769,64,H27,1,2025-07-28 02:57:55+00:00,BRD-0000000769-38,False
770,838,D27,1,2025-10-14 17:26:14+00:00,BRD-0000000770-64,True
771,995,H15,3,2026-02-06 12:56:18+00:00,BRD-0000000771-11,False
772,567,E17,3,2026-03-12 11:42:24+00:00,BRD-0000000772-84,True
773,941,H17,1,2026-05-09 09:36:11+00:00,BRD-0000000773-70,True
774,741,H6,6,2026-04-13 07:59:15+00:00,BRD-0000000774-19,True
775,436,F21,5,2025-11-02 18:50:18+00:00,BRD-0000000775-21,True
776,329,E6,5,2026-05-19 13:12:04+00:00,BRD-0000000776-63,True
777,63,A21,5,2025-11-18 16:37:12+00:00,BRD-0000000777-58,True
778,624,B9,4,2025-11-20 20:31:46+00:00,BRD-0000000778-55,True
779,195,C21,5,2025-08-22 12:44:27+00:00,BRD-0000000779-68,False
780,354,D24,1,2025-09-23 08:21:26+00:00,BRD-0000000780-73,False
781,697,G6,5,2026-05-03 03:40:45+00:00,BRD-0000000781-76,True
782,98,H21,1,2026-01-13 21:20:10+00:00,BRD-0000000782-76,False
783,533,E2,2,2026-02-28 11:49:10+00:00,BRD-0000000783-56,False
784,977,B5,2,2025-06-09 03:28:34+00:00,BRD-0000000784-45,False
785,876,A14,4,2026-01-23 03:25:18+00:00,BRD-0000000785-68,False
786,81,E1,2,2026-03-06 08:00:37+00:00,BRD-0000000786-28,True
787,845,D22,5,2026-03-24 08:52:28+00:00,BRD-0000000787-35,True
788,573,G9,2,2026-05-02 16:20:41+00:00,BRD-0000000788-62,True
789,507,E23,6,2025-06-22 11:37:18+00:00,BRD-0000000789-43,False
790,438,D23,5,2025-06-10 15:33:55+00:00,BRD-0000000790-31,True
791,94,A29,6,2025-09-19 03:18:25+00:00,BRD-0000000791-88,True
792,701,E18,3,2026-03-24 11:30:32+00:00,BRD-0000000792-62,True
793,27,F12,5,2025-11-22 04:55:35+00:00,BRD-0000000793-41,True
794,104,A6,4,2025-12-12 13:22:04+00:00,BRD-0000000794-42,False
795,721,F20,6,2026-01-18 03:58:17+00:00,BRD-0000000795-81,False
796,48,H13,4,2025-09-24 02:09:15+00:00,BRD-0000000796-73,True
797,749,C30,2,2026-02-26 21:35:53+00:00,BRD-0000000797-50,True
798,310,H10,1,2026-05-13 01:29:09+00:00,BRD-0000000798-99,True
799,430,D26,2,2026-02-13 18:45:23+00:00,BRD-0000000799-57,True
800,786,F19,1,2025-06-27 16:06:43+00:00,BRD-0000000800-42,True
801,690,D30,2,2025-11-03 13:59:23+00:00,BRD-0000000801-68,True
802,308,E2,4,2026-02-16 00:38:17+00:00,BRD-0000000802-11,False
803,746,D27,3,2026-01-19 06:47:22+00:00,BRD-0000000803-56,False
804,438,G11,3,2026-03-01 16:12:44+00:00,BRD-0000000804-93,True
805,673,H1,1,2025-10-30 07:58:56+00:00,BRD-0000000805-69,True
806,386,C10,4,2026-04-16 17:53:27+00:00,BRD-0000000806-78,True
807,474,A22,6,2026-05-08 11:56:20+00:00,BRD-0000000807-75,False
808,926,G4,4,2025-12-07 12:09:30+00:00,BRD-0000000808-89,False
809,480,E27,6,2025-11-10 10:22:59+00:00,BRD-0000000809-98,True
810,482,A17,2,2025-11-26 12:41:52+00:00,BRD-0000000810-93,False
811,410,H5,2,2025-12-29 04:15:08+00:00,BRD-0000000811-49,True
812,592,A26,3,2025-07-20 03:01:55+00:00,BRD-0000000812-26,False
813,636,D29,3,2026-05-28 16:55:35+00:00,BRD-0000000813-84,True
814,460,G12,3,2025-12-04 11:19:37+00:00,BRD-0000000814-23,True
815,906,E9,4,2025-11-17 14:16:13+00:00,BRD-0000000815-31,True
816,617,A28,5,2025-11-27 14:16:57+00:00,BRD-0000000816-82,True
817,31,C29,4,2025-09-09 16:26:09+00:00,BRD-0000000817-34,True
818,100,F16,6,2026-01-25 04:11:24+00:00,BRD-0000000818-75,True
819,974,C26,2,2026-03-02 14:40:45+00:00,BRD-0000000819-35,True
820,888,B18,6,2026-02-18 17:01:24+00:00,BRD-0000000820-99,False
821,981,H21,3,2026-01-24 17:08:12+00:00,BRD-0000000821-21,True
822,293,D11,4,2026-04-20 15:09:58+00:00,BRD-0000000822-67,True
823,526,C11,6,2025-11-25 18:15:14+00:00,BRD-0000000823-74,False
824,733,F23,5,2026-05-26 08:51:39+00:00,BRD-0000000824-50,True
825,6,A28,3,2025-11-15 05:09:13+00:00,BRD-0000000825-31,True
826,382,B6,3,2026-03-28 17:56:53+00:00,BRD-0000000826-71,False
827,794,D19,4,2026-04-21 02:44:40+00:00,BRD-0000000827-88,True
828,764,B18,5,2025-11-20 18:05:52+00:00,BRD-0000000828-25,True
829,648,F27,4,2026-02-20 16:07:58+00:00,BRD-0000000829-90,True
830,706,G11,1,2026-01-31 04:00:39+00:00,BRD-0000000830-65,True
831,654,A15,1,2025-12-04 04:16:16+00:00,BRD-0000000831-68,True
832,653,H23,5,2025-11-18 00:00:07+00:00,BRD-0000000832-51,True
833,191,E26,2,2026-04-05 09:00:45+00:00,BRD-0000000833-32,True
834,194,D22,4,2025-12-16 16:17:30+00:00,BRD-0000000834-21,True
835,26,E2,2,2025-07-13 23:08:31+00:00,BRD-0000000835-67,True
836,607,A6,4,2026-02-02 07:52:21+00:00,BRD-0000000836-86,True
837,143,G9,3,2025-09-30 18:34:58+00:00,BRD-0000000837-56,True
838,950,A24,2,2026-03-02 20:53:58+00:00,BRD-0000000838-72,True
839,652,D21,4,2025-08-16 12:20:32+00:00,BRD-0000000839-11,False
840,354,E15,2,2025-11-03 05:00:47+00:00,BRD-0000000840-75,True
841,979,B19,3,2026-03-19 08:39:49+00:00,BRD-0000000841-50,True
842,889,G7,3,2025-11-26 01:51:42+00:00,BRD-0000000842-88,True
843,794,A8,1,2025-09-05 07:55:20+00:00,BRD-0000000843-27,False
844,128,C29,3,2025-11-17 19:24:17+00:00,BRD-0000000844-59,True
845,301,A24,6,2025-09-06 15:16:40+00:00,BRD-0000000845-84,True
846,681,H5,2,2025-08-17 15:59:24+00:00,BRD-0000000846-29,False
847,202,F18,3,2025-08-31 02:37:44+00:00,BRD-0000000847-75,True
848,234,A24,2,2025-09-03 10:55:11+00:00,BRD-0000000848-98,True
849,593,A15,4,2026-05-29 05:32:11+00:00,BRD-0000000849-81,True
850,803,C15,6,2025-09-22 14:16:49+00:00,BRD-0000000850-58,True
851,446,A4,6,2025-07-03 07:44:20+00:00,BRD-0000000851-13,False
852,696,G5,4,2025-12-30 04:02:09+00:00,BRD-0000000852-58,True
853,811,C23,6,2026-01-07 21:12:34+00:00,BRD-0000000853-34,False
854,519,A1,2,2025-08-14 02:28:39+00:00,BRD-0000000854-66,False
855,677,C26,3,2025-06-12 14:38:41+00:00,BRD-0000000855-22,False
856,680,C8,6,2026-01-25 02:26:41+00:00,BRD-0000000856-99,True
857,117,H18,6,2025-07-01 19:32:33+00:00,BRD-0000000857-39,True
858,35,A24,5,2025-09-26 01:00:00+00:00,BRD-0000000858-95,True
859,302,E29,1,2026-03-12 20:33:59+00:00,BRD-0000000859-25,False
860,14,A21,5,2025-09-25 15:09:46+00:00,BRD-0000000860-12,True
861,617,G4,2,2026-05-16 17:47:51+00:00,BRD-0000000861-80,False
862,399,E23,6,2026-01-01 09:25:22+00:00,BRD-0000000862-60,True
863,299,B8,2,2026-02-09 00:11:33+00:00,BRD-0000000863-44,False
864,591,D11,6,2026-01-23 08:28:15+00:00,BRD-0000000864-89,True
865,614,H18,1,2025-10-31 10:56:39+00:00,BRD-0000000865-81,True
866,693,E4,1,2025-10-26 09:07:52+00:00,BRD-0000000866-96,True
867,755,A28,6,2026-01-16 02:41:50+00:00,BRD-0000000867-21,True
868,621,F11,3,2025-12-24 11:06:36+00:00,BRD-0000000868-14,True
869,610,H22,1,2026-03-01 18:25:24+00:00,BRD-0000000869-82,False
870,785,D12,5,2025-12-08 20:29:52+00:00,BRD-0000000870-95,True
871,621,C22,4,2025-07-17 13:27:36+00:00,BRD-0000000871-30,False
872,739,B2,6,2025-07-09 17:35:27+00:00,BRD-0000000872-92,True
873,6,A12,1,2025-12-17 18:41:17+00:00,BRD-0000000873-83,True
874,582,B10,2,2026-03-26 09:45:47+00:00,BRD-0000000874-26,True
875,958,E10,5,2025-09-26 20:03:23+00:00,BRD-0000000875-51,True
876,968,D22,4,2025-06-24 12:25:10+00:00,BRD-0000000876-72,False
877,623,A24,2,2025-06-03 16:22:41+00:00,BRD-0000000877-63,False
878,61,B25,6,2025-06-12 03:41:31+00:00,BRD-0000000878-74,True
879,87,D23,2,2025-07-22 06:35:25+00:00,BRD-0000000879-27,True
880,760,G12,3,2025-11-22 05:46:58+00:00,BRD-0000000880-94,True
881,526,E6,4,2026-04-21 12:15:54+00:00,BRD-0000000881-25,True
882,437,F1,1,2025-10-04 00:01:24+00:00,BRD-0000000882-73,True
883,696,C6,5,2025-09-30 19:52:58+00:00,BRD-0000000883-43,True
884,361,B19,2,2025-07-11 20:20:22+00:00,BRD-0000000884-43,True
885,422,B13,5,2026-03-28 19:04:46+00:00,BRD-0000000885-85,True
886,204,G1,1,2026-03-25 05:08:57+00:00,BRD-0000000886-75,True
887,244,G14,1,2026-02-15 13:54:14+00:00,BRD-0000000887-77,False
888,698,D24,4,2026-05-10 16:20:03+00:00,BRD-0000000888-86,False
889,27,F17,6,2025-12-31 00:49:47+00:00,BRD-0000000889-17,True
890,785,D18,6,2025-12-12 12:34:48+00:00,BRD-0000000890-20,True
891,983,E6,4,2025-08-26 18:46:50+00:00,BRD-0000000891-67,True
892,540,A22,1,2025-06-16 13:25:26+00:00,BRD-0000000892-43,False
893,86,D30,2,2025-12-27 22:17:36+00:00,BRD-0000000893-17,False
894,943,A21,4,2025-10-10 16:50:13+00:00,BRD-0000000894-21,False
895,576,D12,2,2025-10-25 00:50:07+00:00,BRD-0000000895-72,True
896,859,D30,6,2026-02-05 03:22:53+00:00,BRD-0000000896-29,True
897,401,C24,6,2026-02-03 17:54:08+00:00,BRD-0000000897-53,True
898,21,D12,2,2026-01-06 08:33:08+00:00,BRD-0000000898-53,True
899,47,A28,2,2025-09-10 22:11:31+00:00,BRD-0000000899-98,True
900,778,B27,4,2026-06-01 04:54:45+00:00,BRD-0000000900-93,False
901,929,B4,6,2026-04-22 00:04:00+00:00,BRD-0000000901-68,True
902,27,E6,4,2026-04-25 02:34:21+00:00,BRD-0000000902-22,True
903,414,F5,6,2026-02-24 00:14:20+00:00,BRD-0000000903-78,True
904,54,A5,6,2025-11-15 15:17:42+00:00,BRD-0000000904-73,True
905,604,D30,2,2026-02-10 00:08:01+00:00,BRD-0000000905-68,True
906,691,C4,6,2025-10-21 08:30:07+00:00,BRD-0000000906-17,False
907,521,H13,4,2025-08-07 13:48:03+00:00,BRD-0000000907-79,True
908,321,G27,2,2025-12-21 06:35:03+00:00,BRD-0000000908-26,True
909,50,C5,2,2025-10-31 01:48:37+00:00,BRD-0000000909-57,True
910,883,B15,2,2025-10-21 22:25:13+00:00,BRD-0000000910-15,True
911,453,F11,5,2025-07-14 01:54:17+00:00,BRD-0000000911-75,True
912,255,D19,1,2025-10-08 22:29:32+00:00,BRD-0000000912-12,True
913,645,E20,5,2026-01-07 16:09:11+00:00,BRD-0000000913-27,False
914,980,B11,5,2025-09-22 15:45:01+00:00,BRD-0000000914-53,True
915,861,A29,6,2026-05-03 23:07:12+00:00,BRD-0000000915-48,True
916,596,E1,6,2025-07-20 10:01:08+00:00,BRD-0000000916-94,True
917,22,E20,3,2026-03-18 12:07:52+00:00,BRD-0000000917-26,True
918,989,B11,5,2026-04-29 00:45:54+00:00,BRD-0000000918-35,False
919,651,C12,4,2026-01-10 17:40:01+00:00,BRD-0000000919-54,False
920,96,G20,2,2025-10-02 20:20:50+00:00,BRD-0000000920-52,True
921,514,G27,4,2025-10-11 04:08:47+00:00,BRD-0000000921-38,False
922,701,D21,1,2025-06-28 17:41:15+00:00,BRD-0000000922-65,False
923,133,A18,1,2026-05-15 19:19:19+00:00,BRD-0000000923-34,True
924,880,B4,4,2026-03-26 11:16:51+00:00,BRD-0000000924-14,False
925,526,D12,1,2026-02-11 01:50:30+00:00,BRD-0000000925-76,False
926,522,B25,3,2025-10-22 21:20:58+00:00,BRD-0000000926-47,False
927,311,F2,3,2026-03-05 19:24:32+00:00,BRD-0000000927-41,True
928,299,D13,2,2025-07-11 17:08:01+00:00,BRD-0000000928-72,False
929,927,G21,1,2025-11-30 11:46:08+00:00,BRD-0000000929-59,False
930,393,D11,4,2025-07-25 01:15:57+00:00,BRD-0000000930-24,True
931,868,B29,6,2025-06-03 08:52:13+00:00,BRD-0000000931-29,True
932,280,D4,6,2025-07-04 13:18:28+00:00,BRD-0000000932-65,True
933,4,C13,4,2026-04-06 05:22:20+00:00,BRD-0000000933-59,True
934,858,A28,6,2025-08-20 21:36:56+00:00,BRD-0000000934-86,True
935,471,D2,6,2025-10-07 06:20:30+00:00,BRD-0000000935-97,True
936,74,A22,3,2026-05-28 22:08:43+00:00,BRD-0000000936-25,True
937,302,A2,6,2025-09-03 02:29:54+00:00,BRD-0000000937-53,False
938,885,B12,6,2025-06-21 21:39:15+00:00,BRD-0000000938-79,False
939,73,E2,6,2026-01-03 05:19:53+00:00,BRD-0000000939-12,True
940,563,B29,2,2025-06-26 18:49:39+00:00,BRD-0000000940-98,True
941,498,G13,2,2026-03-08 22:36:30+00:00,BRD-0000000941-32,True
942,734,B8,4,2025-11-23 21:23:13+00:00,BRD-0000000942-75,True
943,270,A27,4,2025-07-10 07:06:58+00:00,BRD-0000000943-23,True
944,337,E21,6,2025-09-07 15:26:29+00:00,BRD-0000000944-68,True
945,104,A4,2,2025-07-13 05:35:35+00:00,BRD-0000000945-61,True
946,430,F14,3,2025-09-05 13:04:33+00:00,BRD-0000000946-75,True
947,487,C21,6,2025-06-07 14:42:33+00:00,BRD-0000000947-75,True
948,307,B5,6,2026-04-21 21:05:47+00:00,BRD-0000000948-40,False
949,103,C30,6,2026-01-10 15:16:43+00:00,BRD-0000000949-55,True
950,111,A3,1,2025-09-20 10:34:56+00:00,BRD-0000000950-25,True
951,826,A28,4,2025-11-15 22:10:07+00:00,BRD-0000000951-11,False
952,652,A23,2,2026-01-25 10:11:55+00:00,BRD-0000000952-33,True
953,140,H28,3,2025-08-06 15:38:47+00:00,BRD-0000000953-10,True
954,595,A29,4,2025-11-07 17:17:02+00:00,BRD-0000000954-65,True
955,271,F4,6,2026-01-24 07:29:21+00:00,BRD-0000000955-98,True
956,219,E30,3,2026-02-11 20:42:09+00:00,BRD-0000000956-81,False
957,327,A12,5,2025-11-15 23:27:57+00:00,BRD-0000000957-53,False
958,181,F11,2,2026-05-26 11:53:13+00:00,BRD-0000000958-64,False
959,973,D28,3,2025-08-04 04:46:07+00:00,BRD-0000000959-80,False
960,630,B7,3,2025-06-11 04:39:42+00:00,BRD-0000000960-36,True
961,867,G4,2,2025-07-18 23:48:43+00:00,BRD-0000000961-97,True
962,252,G9,5,2026-04-09 17:30:00+00:00,BRD-0000000962-65,False
963,313,G25,5,2026-04-03 12:37:26+00:00,BRD-0000000963-60,False
964,442,H15,2,2025-07-24 18:46:57+00:00,BRD-0000000964-63,True
965,692,D30,2,2025-06-07 11:38:52+00:00,BRD-0000000965-63,False
966,45,A16,6,2025-07-26 04:56:16+00:00,BRD-0000000966-44,True
967,654,C4,2,2025-12-27 06:50:31+00:00,BRD-0000000967-47,True
968,568,A28,4,2026-04-16 05:09:52+00:00,BRD-0000000968-79,False
969,629,A17,6,2025-08-01 17:20:48+00:00,BRD-0000000969-55,True
970,752,D9,3,2025-10-20 00:15:27+00:00,BRD-0000000970-63,True
971,652,H24,3,2025-06-13 15:34:36+00:00,BRD-0000000971-54,True
972,457,A4,1,2025-07-17 11:13:21+00:00,BRD-0000000972-79,True
973,925,D1,6,2025-10-13 02:40:37+00:00,BRD-0000000973-69,True
974,96,A11,4,2026-02-22 11:00:03+00:00,BRD-0000000974-41,True
975,164,B16,6,2026-02-04 16:31:28+00:00,BRD-0000000975-10,True
976,786,A6,6,2025-06-04 05:54:12+00:00,BRD-0000000976-23,False
977,728,C12,4,2025-10-02 17:15:17+00:00,BRD-0000000977-14,False
978,63,E12,4,2025-10-12 11:49:36+00:00,BRD-0000000978-32,True
979,700,H25,2,2026-01-23 19:12:32+00:00,BRD-0000000979-44,True
980,167,D12,6,2026-01-28 03:44:36+00:00,BRD-0000000980-76,True
981,873,A8,5,2026-03-14 04:01:48+00:00,BRD-0000000981-14,False
982,490,D1,1,2025-10-29 06:41:35+00:00,BRD-0000000982-53,True
983,417,C6,1,2026-01-15 21:54:37+00:00,BRD-0000000983-30,False
984,542,B6,4,2025-11-25 07:14:13+00:00,BRD-0000000984-68,True
985,579,E7,2,2025-08-22 11:22:40+00:00,BRD-0000000985-23,True
986,33,D27,6,2026-04-27 18:06:40+00:00,BRD-0000000986-40,True
987,70,H5,5,2025-12-04 05:27:44+00:00,BRD-0000000987-77,False
988,895,F15,6,2026-04-01 11:21:58+00:00,BRD-0000000988-83,True
989,465,A21,6,2025-09-25 18:42:51+00:00,BRD-0000000989-78,False
990,92,G25,3,2026-03-22 16:49:50+00:00,BRD-0000000990-11,True
991,240,F5,4,2025-07-28 16:20:52+00:00,BRD-0000000991-40,True
992,335,E26,1,2025-06-05 05:12:50+00:00,BRD-0000000992-16,True
993,44,H2,1,2025-11-04 23:07:58+00:00,BRD-0000000993-40,True
994,168,C12,1,2025-11-26 14:54:17+00:00,BRD-0000000994-42,True
995,128,G9,2,2026-03-07 13:18:42+00:00,BRD-0000000995-42,True
996,616,E30,2,2026-03-25 03:10:44+00:00,BRD-0000000996-45,True
997,833,G27,5,2025-08-30 19:57:01+00:00,BRD-0000000997-40,True
998,104,H19,2,2026-03-30 17:51:24+00:00,BRD-0000000998-55,True
999,178,G12,3,2025-10-19 21:58:22+00:00,BRD-0000000999-40,False
1000,629,E1,6,2025-07-05 15:42:35+00:00,BRD-0000001000-44,False
1001,478,B17,4,2025-07-28 16:11:46+00:00,BRD-0000001001-71,False
1002,318,C20,3,2026-02-20 12:18:16+00:00,BRD-0000001002-55,False
1003,795,B26,4,2026-05-23 05:26:31+00:00,BRD-0000001003-84,False
1004,973,F28,4,2025-11-28 07:57:15+00:00,BRD-0000001004-95,True
1005,264,E22,6,2025-11-11 19:24:41+00:00,BRD-0000001005-85,True
1006,585,G24,2,2026-02-28 21:03:17+00:00,BRD-0000001006-88,True
1007,166,A5,3,2025-07-06 20:24:04+00:00,BRD-0000001007-43,True
1008,551,C1,1,2025-08-10 23:42:53+00:00,BRD-0000001008-69,True
1009,27,G16,1,2025-12-16 07:56:31+00:00,BRD-0000001009-59,True
1010,935,B3,4,2025-11-11 18:39:29+00:00,BRD-0000001010-37,True
1011,954,C30,6,2025-09-01 13:23:10+00:00,BRD-0000001011-50,True
1012,217,E28,6,2025-10-06 18:45:00+00:00,BRD-0000001012-21,True
1013,899,B11,6,2025-06-28 22:23:42+00:00,BRD-0000001013-69,False
1014,828,D21,4,2025-11-11 15:48:39+00:00,BRD-0000001014-24,True
1015,51,D12,5,2026-02-12 21:49:08+00:00,BRD-0000001015-85,True
1016,436,G2,1,2025-07-16 05:04:36+00:00,BRD-0000001016-52,False
1017,467,C15,4,2026-02-02 16:22:33+00:00,BRD-0000001017-87,True
1018,632,G11,1,2026-03-29 04:34:39+00:00,BRD-0000001018-78,True
1019,47,D7,5,2025-09-25 00:41:02+00:00,BRD-0000001019-55,True
1020,272,G13,4,2026-02-28 02:44:01+00:00,BRD-0000001020-14,True
1021,754,B23,6,2025-06-23 19:25:47+00:00,BRD-0000001021-40,False
1022,532,H1,1,2025-10-19 13:16:09+00:00,BRD-0000001022-34,True
1023,714,B12,6,2025-10-18 06:01:40+00:00,BRD-0000001023-11,False
1024,133,A11,4,2025-11-09 14:25:56+00:00,BRD-0000001024-43,True
1025,14,C18,5,2025-12-20 11:18:13+00:00,BRD-0000001025-96,True
1026,896,A16,3,2025-09-22 17:36:00+00:00,BRD-0000001026-26,False
1027,596,D5,1,2026-03-09 22:57:15+00:00,BRD-0000001027-65,True
1028,433,D28,5,2026-03-07 10:13:09+00:00,BRD-0000001028-66,False
1029,322,H10,6,2026-03-09 08:52:59+00:00,BRD-0000001029-14,True
1030,346,C26,2,2026-05-20 16:45:17+00:00,BRD-0000001030-22,True
1031,894,D15,1,2025-08-08 11:43:37+00:00,BRD-0000001031-40,True
1032,458,D8,2,2026-01-09 03:42:13+00:00,BRD-0000001032-57,True
1033,375,A19,4,2025-10-28 16:27:33+00:00,BRD-0000001033-87,True
1034,374,C14,3,2026-05-21 21:05:18+00:00,BRD-0000001034-80,True
1035,868,E15,3,2025-08-14 00:22:01+00:00,BRD-0000001035-78,False
1036,531,E14,4,2025-12-21 12:11:30+00:00,BRD-0000001036-71,True
1037,999,C11,6,2026-05-19 11:52:11+00:00,BRD-0000001037-99,False
1038,226,D17,5,2026-04-23 01:06:03+00:00,BRD-0000001038-55,True
1039,20,F19,1,2025-09-05 00:51:47+00:00,BRD-0000001039-33,True
1040,614,E8,5,2026-05-13 03:45:15+00:00,BRD-0000001040-85,True
1041,114,A5,6,2025-10-05 13:17:11+00:00,BRD-0000001041-43,True
1042,570,F11,6,2026-05-09 23:14:28+00:00,BRD-0000001042-32,True
1043,199,A7,1,2026-04-11 20:51:11+00:00,BRD-0000001043-88,True
1044,373,B21,1,2025-10-17 05:59:46+00:00,BRD-0000001044-89,True
1045,988,A11,4,2025-10-21 23:49:10+00:00,BRD-0000001045-70,True
1046,181,E27,6,2025-10-24 18:08:52+00:00,BRD-0000001046-16,True
1047,726,G8,3,2025-10-11 00:22:27+00:00,BRD-0000001047-37,True
1048,526,E2,3,2025-09-07 17:53:35+00:00,BRD-0000001048-96,False
1049,527,H22,5,2026-05-13 06:09:10+00:00,BRD-0000001049-35,True
1050,546,G29,2,2025-10-26 06:24:50+00:00,BRD-0000001050-88,True
1051,27,C2,4,2025-10-18 06:56:16+00:00,BRD-0000001051-74,False
1052,859,A7,3,2025-08-19 14:15:14+00:00,BRD-0000001052-78,False
1053,999,A24,4,2026-01-15 01:15:21+00:00,BRD-0000001053-78,True
1054,282,H16,6,2025-11-07 00:04:00+00:00,BRD-0000001054-21,False
1055,825,E12,6,2026-04-13 16:12:53+00:00,BRD-0000001055-81,True
1056,905,A7,4,2026-05-01 13:41:25+00:00,BRD-0000001056-73,True
1057,202,G18,3,2026-01-19 00:48:56+00:00,BRD-0000001057-52,True
1058,438,A19,3,2026-05-19 03:50:32+00:00,BRD-0000001058-43,False
1059,142,B10,1,2026-02-22 01:14:37+00:00,BRD-0000001059-80,True
1060,164,B22,2,2025-11-26 14:38:37+00:00,BRD-0000001060-28,False
1061,571,D27,3,2025-12-13 08:49:45+00:00,BRD-0000001061-94,True
1062,8,F30,3,2025-08-05 01:43:46+00:00,BRD-0000001062-91,True
1063,486,H20,5,2026-04-22 11:43:08+00:00,BRD-0000001063-37,True
1064,534,G7,3,2025-09-08 03:14:55+00:00,BRD-0000001064-81,True
1065,492,F25,5,2025-08-06 19:10:00+00:00,BRD-0000001065-55,False
1066,280,H2,4,2026-04-07 06:10:52+00:00,BRD-0000001066-61,True
1067,455,A8,4,2026-02-28 17:10:06+00:00,BRD-0000001067-48,True
1068,524,D30,5,2025-11-01 03:39:40+00:00,BRD-0000001068-52,True
1069,752,E18,4,2025-09-26 11:26:10+00:00,BRD-0000001069-72,False
1070,953,A22,3,2025-07-04 20:31:06+00:00,BRD-0000001070-11,True
1071,826,G26,1,2025-12-28 22:37:39+00:00,BRD-0000001071-87,True
1072,964,H7,5,2026-02-18 20:12:34+00:00,BRD-0000001072-74,True
1073,371,H13,2,2025-07-03 11:10:52+00:00,BRD-0000001073-58,True
1074,382,H13,4,2025-12-19 08:36:54+00:00,BRD-0000001074-44,False
1075,579,H19,3,2026-03-31 22:40:53+00:00,BRD-0000001075-50,False
1076,680,C26,2,2025-08-15 12:54:25+00:00,BRD-0000001076-84,False
1077,98,D16,5,2026-04-07 03:39:31+00:00,BRD-0000001077-36,True
1078,90,G30,4,2026-05-30 07:21:46+00:00,BRD-0000001078-99,True
1079,480,G6,6,2025-09-15 14:25:47+00:00,BRD-0000001079-54,False
1080,193,B21,6,2026-04-25 03:38:53+00:00,BRD-0000001080-45,False
1081,743,E20,5,2026-02-10 16:06:21+00:00,BRD-0000001081-87,True
1082,369,H26,6,2025-11-20 14:37:29+00:00,BRD-0000001082-69,False
1083,36,A26,6,2026-04-10 20:08:53+00:00,BRD-0000001083-64,True
1084,49,G2,4,2026-02-25 14:04:49+00:00,BRD-0000001084-23,False
1085,739,C11,5,2025-06-18 05:19:38+00:00,BRD-0000001085-61,False
1086,532,F2,2,2025-06-13 16:46:44+00:00,BRD-0000001086-53,False
1087,947,A14,5,2025-07-22 01:19:49+00:00,BRD-0000001087-20,True
1088,79,D15,3,2025-10-07 11:51:44+00:00,BRD-0000001088-48,True
1089,502,C13,5,2025-08-18 02:52:16+00:00,BRD-0000001089-58,False
1090,10,H5,4,2026-01-17 07:07:54+00:00,BRD-0000001090-41,True
1091,410,F13,3,2025-09-10 04:32:18+00:00,BRD-0000001091-63,True
1092,425,C29,2,2026-04-18 19:50:15+00:00,BRD-0000001092-51,False
1093,818,C26,6,2026-02-10 00:09:34+00:00,BRD-0000001093-93,True
1094,511,D30,2,2025-11-17 14:53:57+00:00,BRD-0000001094-42,False
1095,419,D16,5,2026-01-04 14:39:57+00:00,BRD-0000001095-62,True
1096,61,C23,4,2026-02-24 00:24:55+00:00,BRD-0000001096-76,True
1097,543,B11,2,2026-03-12 12:44:55+00:00,BRD-0000001097-76,True
1098,137,A21,2,2026-04-21 18:00:27+00:00,BRD-0000001098-91,True
1099,789,A30,2,2026-05-31 10:40:55+00:00,BRD-0000001099-28,True
1100,367,B10,6,2026-01-27 17:40:03+00:00,BRD-0000001100-81,True
1101,220,F2,4,2026-04-08 03:53:53+00:00,BRD-0000001101-71,True
1102,254,C23,5,2025-10-24 22:53:12+00:00,BRD-0000001102-47,True
1103,312,E29,6,2026-02-12 01:29:56+00:00,BRD-0000001103-95,True
1104,643,F8,1,2026-01-10 20:50:17+00:00,BRD-0000001104-59,False
1105,204,A13,3,2026-04-02 00:20:52+00:00,BRD-0000001105-49,True
1106,58,F18,3,2025-11-14 01:57:37+00:00,BRD-0000001106-42,True
1107,930,G19,6,2026-04-29 15:00:10+00:00,BRD-0000001107-35,True
1108,276,E10,3,2026-03-21 23:22:37+00:00,BRD-0000001108-81,True
1109,906,E24,3,2025-06-22 10:04:22+00:00,BRD-0000001109-87,True
1110,582,D13,6,2026-03-10 22:10:28+00:00,BRD-0000001110-60,True
1111,862,A18,6,2026-02-03 10:53:42+00:00,BRD-0000001111-77,True
1112,824,G27,1,2026-05-22 18:30:22+00:00,BRD-0000001112-93,True
1113,271,D10,4,2026-05-03 21:21:34+00:00,BRD-0000001113-41,False
1114,397,H4,4,2025-12-29 13:07:49+00:00,BRD-0000001114-13,True
1115,779,H27,6,2026-01-29 21:26:11+00:00,BRD-0000001115-13,True
1116,944,B25,2,2026-05-10 14:05:53+00:00,BRD-0000001116-93,False
1117,86,A26,2,2025-10-06 13:27:12+00:00,BRD-0000001117-89,True
1118,299,D18,1,2026-05-22 06:36:42+00:00,BRD-0000001118-52,True
1119,165,G7,4,2025-08-16 01:22:20+00:00,BRD-0000001119-98,False
1120,894,B15,1,2025-12-27 00:23:49+00:00,BRD-0000001120-47,True
1121,201,F25,5,2025-11-21 03:54:34+00:00,BRD-0000001121-82,True
1122,524,G20,3,2026-04-03 13:36:33+00:00,BRD-0000001122-52,True
1123,836,D24,3,2025-11-21 14:42:02+00:00,BRD-0000001123-88,True
1124,847,G3,3,2025-08-08 03:50:47+00:00,BRD-0000001124-47,True
1125,839,G6,6,2025-07-25 21:33:52+00:00,BRD-0000001125-90,False
1126,347,C15,5,2025-10-02 05:30:00+00:00,BRD-0000001126-75,False
1127,879,F20,1,2025-08-10 01:22:34+00:00,BRD-0000001127-32,True
1128,509,H25,3,2025-12-31 07:07:59+00:00,BRD-0000001128-96,False
1129,491,A27,2,2025-12-22 22:19:25+00:00,BRD-0000001129-61,True
1130,299,A16,1,2026-05-22 18:09:16+00:00,BRD-0000001130-53,True
1131,138,E6,6,2026-03-20 07:10:28+00:00,BRD-0000001131-39,False
1132,565,C27,1,2026-02-05 15:11:22+00:00,BRD-0000001132-36,False
1133,356,H8,6,2026-02-28 16:32:11+00:00,BRD-0000001133-58,True
1134,224,F21,5,2025-09-28 05:11:47+00:00,BRD-0000001134-15,True
1135,821,G18,6,2025-06-14 13:15:13+00:00,BRD-0000001135-75,True
1136,732,B26,4,2025-12-05 00:32:46+00:00,BRD-0000001136-45,False
1137,51,A8,1,2025-06-27 01:24:41+00:00,BRD-0000001137-47,False
1138,160,D27,2,2026-05-09 11:01:41+00:00,BRD-0000001138-90,True
1139,366,H6,6,2025-12-15 15:02:43+00:00,BRD-0000001139-43,False
1140,765,B10,1,2025-06-13 10:54:40+00:00,BRD-0000001140-32,True
1141,646,C14,5,2025-07-21 17:31:52+00:00,BRD-0000001141-37,True
1142,177,E9,1,2025-10-28 04:07:13+00:00,BRD-0000001142-99,True
1143,950,D17,4,2025-09-10 04:56:15+00:00,BRD-0000001143-60,True
1144,620,C23,5,2025-12-19 21:19:50+00:00,BRD-0000001144-56,True
1145,483,F7,3,2025-12-06 06:45:34+00:00,BRD-0000001145-76,False
1146,540,G14,3,2026-02-07 17:25:59+00:00,BRD-0000001146-15,True
1147,773,H6,6,2025-10-31 20:12:27+00:00,BRD-0000001147-52,True
1148,56,G29,6,2025-07-11 06:07:51+00:00,BRD-0000001148-78,True
1149,160,G20,4,2025-10-16 04:47:39+00:00,BRD-0000001149-78,True
1150,335,D12,3,2026-03-22 10:14:33+00:00,BRD-0000001150-89,False
1151,389,C17,1,2025-06-20 13:12:32+00:00,BRD-0000001151-55,True
1152,776,C12,2,2025-11-22 12:09:24+00:00,BRD-0000001152-54,True
1153,53,G15,6,2025-08-01 17:50:23+00:00,BRD-0000001153-81,True
1154,362,G11,1,2025-10-26 00:53:19+00:00,BRD-0000001154-74,False
1155,218,C21,1,2025-12-15 22:18:12+00:00,BRD-0000001155-71,True
1156,846,F27,6,2026-05-04 03:42:28+00:00,BRD-0000001156-79,True
1157,978,A25,6,2026-01-27 01:05:40+00:00,BRD-0000001157-74,True
1158,706,F2,2,2026-04-07 22:15:24+00:00,BRD-0000001158-83,True
1159,255,D18,2,2025-12-12 05:19:45+00:00,BRD-0000001159-74,True
1160,654,H11,6,2025-12-06 08:27:34+00:00,BRD-0000001160-49,False
1161,384,B9,6,2025-09-26 08:33:47+00:00,BRD-0000001161-63,True
1162,365,G1,6,2026-03-28 12:47:13+00:00,BRD-0000001162-42,False
1163,550,D14,1,2026-02-21 14:17:04+00:00,BRD-0000001163-65,True
1164,241,C14,5,2026-02-12 16:18:31+00:00,BRD-0000001164-87,True
1165,719,G24,2,2026-02-16 11:18:24+00:00,BRD-0000001165-82,True
1166,659,G22,1,2025-06-04 11:36:17+00:00,BRD-0000001166-82,True
1167,785,C12,6,2025-09-21 22:27:50+00:00,BRD-0000001167-34,False
1168,245,H23,6,2026-03-06 02:27:14+00:00,BRD-0000001168-25,True
1169,823,E9,3,2025-08-25 23:02:37+00:00,BRD-0000001169-93,False
1170,107,H18,5,2026-01-18 04:23:37+00:00,BRD-0000001170-11,False
1171,869,G8,2,2026-03-15 11:16:38+00:00,BRD-0000001171-79,True
1172,633,B2,1,2025-11-14 09:48:27+00:00,BRD-0000001172-85,True
1173,348,C28,6,2026-03-28 14:22:11+00:00,BRD-0000001173-15,False
1174,761,C14,3,2026-01-06 21:05:47+00:00,BRD-0000001174-49,False
1175,816,F6,1,2025-09-18 12:36:45+00:00,BRD-0000001175-80,True
1176,523,A6,1,2026-02-10 23:43:53+00:00,BRD-0000001176-78,False
1177,633,B12,5,2025-11-29 16:27:28+00:00,BRD-0000001177-80,True
1178,186,H13,6,2025-06-24 23:17:26+00:00,BRD-0000001178-59,True
1179,814,B9,1,2025-08-26 17:15:34+00:00,BRD-0000001179-81,True
1180,512,C14,6,2025-07-08 16:59:43+00:00,BRD-0000001180-34,False
1181,86,C13,4,2025-07-08 00:01:29+00:00,BRD-0000001181-24,False
1182,600,E25,2,2025-12-24 23:12:20+00:00,BRD-0000001182-42,True
1183,723,H14,5,2025-07-12 16:28:41+00:00,BRD-0000001183-69,False
1184,748,D18,4,2025-08-31 13:15:59+00:00,BRD-0000001184-32,True
1185,202,H13,5,2025-06-07 03:06:46+00:00,BRD-0000001185-17,True
1186,789,A23,3,2026-01-27 22:56:51+00:00,BRD-0000001186-42,True
1187,649,A4,5,2026-02-16 01:46:00+00:00,BRD-0000001187-16,False
1188,402,D9,4,2026-05-13 01:48:07+00:00,BRD-0000001188-28,True
1189,263,G30,2,2025-07-14 06:53:58+00:00,BRD-0000001189-93,False
1190,753,B19,2,2026-01-03 03:46:11+00:00,BRD-0000001190-73,True
1191,393,E5,5,2025-09-17 21:38:28+00:00,BRD-0000001191-90,False
1192,48,D12,6,2026-03-17 19:54:15+00:00,BRD-0000001192-44,True
1193,341,D11,4,2026-03-17 19:55:24+00:00,BRD-0000001193-45,True
1194,219,B30,2,2025-10-18 02:57:51+00:00,BRD-0000001194-99,True
1195,589,A19,1,2025-06-30 15:56:42+00:00,BRD-0000001195-91,True
1196,106,F20,3,2025-09-17 16:41:12+00:00,BRD-0000001196-34,True
1197,665,E8,5,2026-02-23 09:08:38+00:00,BRD-0000001197-81,True
1198,97,A2,4,2026-04-14 06:02:30+00:00,BRD-0000001198-58,True
1199,419,C13,3,2025-08-25 04:44:10+00:00,BRD-0000001199-81,True
1200,856,D19,1,2025-06-05 18:43:48+00:00,BRD-0000001200-91,True
1201,40,D29,2,2026-02-16 04:35:59+00:00,BRD-0000001201-95,True
1202,677,D3,1,2026-05-16 01:52:33+00:00,BRD-0000001202-79,True
1203,942,H1,4,2026-01-16 09:04:57+00:00,BRD-0000001203-75,True
1204,678,H10,5,2026-05-08 21:29:54+00:00,BRD-0000001204-80,True
1205,603,D2,2,2025-06-29 17:18:38+00:00,BRD-0000001205-51,True
1206,237,H23,3,2025-08-06 19:48:37+00:00,BRD-0000001206-87,True
1207,243,G8,4,2026-02-24 06:36:23+00:00,BRD-0000001207-16,False
1208,846,H20,4,2026-04-24 09:21:43+00:00,BRD-0000001208-60,True
1209,687,F7,6,2025-12-26 02:29:03+00:00,BRD-0000001209-90,False
1210,920,A24,2,2026-05-02 16:30:29+00:00,BRD-0000001210-29,True
1211,381,C8,2,2025-11-06 07:28:56+00:00,BRD-0000001211-27,True
1212,428,H20,6,2026-01-26 13:45:12+00:00,BRD-0000001212-29,False
1213,38,B23,4,2025-08-06 11:18:29+00:00,BRD-0000001213-38,False
1214,886,E18,6,2026-03-27 14:23:37+00:00,BRD-0000001214-38,True
1215,152,E1,2,2025-12-20 18:09:42+00:00,BRD-0000001215-35,True
1216,528,C11,3,2025-12-06 13:46:52+00:00,BRD-0000001216-41,True
1217,406,B1,6,2026-04-18 09:16:13+00:00,BRD-0000001217-33,False
1218,57,B6,5,2025-11-01 20:25:53+00:00,BRD-0000001218-66,False
1219,803,F1,4,2026-05-01 23:41:29+00:00,BRD-0000001219-92,True
1220,321,E9,1,2026-06-03 05:39:28+00:00,BRD-0000001220-71,True
1221,541,H4,3,2026-02-15 04:56:04+00:00,BRD-0000001221-61,True
1222,719,A4,4,2026-03-22 15:40:21+00:00,BRD-0000001222-67,True
1223,418,F19,5,2025-07-19 20:34:48+00:00,BRD-0000001223-40,True
1224,659,D4,4,2025-09-10 08:41:47+00:00,BRD-0000001224-64,True
1225,169,E22,1,2025-10-24 02:36:56+00:00,BRD-0000001225-38,True
1226,745,A20,1,2025-08-31 04:16:31+00:00,BRD-0000001226-89,True
1227,710,D5,3,2025-10-11 17:04:06+00:00,BRD-0000001227-88,False
1228,45,D13,2,2026-01-22 21:01:44+00:00,BRD-0000001228-87,True
1229,802,B30,3,2025-06-22 00:43:44+00:00,BRD-0000001229-51,False
1230,611,C29,1,2025-10-21 06:39:17+00:00,BRD-0000001230-67,False
1231,124,A23,6,2026-05-03 02:36:28+00:00,BRD-0000001231-91,True
1232,690,G6,1,2026-05-17 13:53:11+00:00,BRD-0000001232-14,True
1233,992,D17,4,2026-02-08 00:54:09+00:00,BRD-0000001233-44,False
1234,268,D15,4,2026-02-18 08:59:31+00:00,BRD-0000001234-75,False
1235,476,A8,2,2025-10-11 13:00:18+00:00,BRD-0000001235-91,True
1236,385,A28,3,2026-03-29 12:36:38+00:00,BRD-0000001236-88,False
1237,526,E15,4,2026-02-23 01:13:44+00:00,BRD-0000001237-92,True
1238,457,C28,1,2025-06-24 16:40:07+00:00,BRD-0000001238-77,False
1239,516,F8,6,2025-09-18 09:28:45+00:00,BRD-0000001239-54,False
1240,838,A21,5,2025-07-30 08:50:49+00:00,BRD-0000001240-18,True
1241,52,F1,3,2025-09-19 17:55:21+00:00,BRD-0000001241-33,True
1242,52,E16,2,2026-05-10 14:32:19+00:00,BRD-0000001242-12,True
1243,57,A21,4,2026-03-01 00:05:46+00:00,BRD-0000001243-23,True
1244,539,C4,1,2026-04-26 19:04:25+00:00,BRD-0000001244-68,True
1245,1000,G26,4,2025-11-02 12:52:29+00:00,BRD-0000001245-83,False
1246,693,D23,2,2025-07-04 10:38:10+00:00,BRD-0000001246-41,True
1247,443,B26,3,2025-12-09 22:53:42+00:00,BRD-0000001247-26,True
1248,181,G17,1,2026-01-04 18:45:43+00:00,BRD-0000001248-95,True
1249,603,B19,5,2026-02-23 16:14:39+00:00,BRD-0000001249-25,True
1250,52,H4,4,2025-12-21 05:41:19+00:00,BRD-0000001250-51,True
1251,121,G25,6,2025-08-04 17:14:16+00:00,BRD-0000001251-10,True
1252,746,H20,3,2025-11-07 17:04:47+00:00,BRD-0000001252-75,True
1253,429,G7,3,2026-02-14 23:31:20+00:00,BRD-0000001253-30,True
1254,512,E30,2,2026-02-21 22:24:29+00:00,BRD-0000001254-77,True
1255,4,A5,4,2026-01-26 14:56:43+00:00,BRD-0000001255-87,True
1256,567,B28,1,2025-11-07 15:04:15+00:00,BRD-0000001256-59,True
1257,62,H29,4,2025-06-18 02:49:19+00:00,BRD-0000001257-17,True
1258,910,E7,5,2025-08-10 05:20:01+00:00,BRD-0000001258-52,True
1259,931,D4,5,2025-11-01 08:44:01+00:00,BRD-0000001259-32,True
1260,212,H13,3,2026-01-29 11:38:47+00:00,BRD-0000001260-80,False
1261,529,B2,3,2026-04-20 16:57:17+00:00,BRD-0000001261-16,True
1262,92,E26,6,2025-11-30 09:26:03+00:00,BRD-0000001262-48,True
1263,691,A28,5,2025-11-03 19:49:54+00:00,BRD-0000001263-56,False
1264,467,H7,6,2025-08-29 08:02:23+00:00,BRD-0000001264-17,False
1265,293,D8,5,2025-11-15 23:18:13+00:00,BRD-0000001265-32,True
1266,5,F8,2,2026-03-14 10:09:16+00:00,BRD-0000001266-11,False
1267,285,E10,3,2026-03-14 03:11:08+00:00,BRD-0000001267-18,True
1268,6,E6,1,2025-11-07 18:19:49+00:00,BRD-0000001268-10,True
1269,884,G2,1,2025-11-30 01:11:38+00:00,BRD-0000001269-19,True
1270,106,A22,4,2025-08-02 22:34:05+00:00,BRD-0000001270-71,False
1271,954,A23,6,2026-04-27 14:30:55+00:00,BRD-0000001271-86,True
1272,24,D12,3,2026-04-27 17:02:55+00:00,BRD-0000001272-29,True
1273,529,H25,6,2025-08-20 01:23:23+00:00,BRD-0000001273-59,False
1274,537,C8,1,2025-12-06 06:38:24+00:00,BRD-0000001274-75,True
1275,973,H4,4,2025-09-13 05:37:41+00:00,BRD-0000001275-94,True
1276,746,G30,4,2025-11-28 01:13:33+00:00,BRD-0000001276-41,True
1277,712,D28,5,2026-03-21 10:34:17+00:00,BRD-0000001277-10,True
1278,601,H28,6,2025-12-21 09:36:46+00:00,BRD-0000001278-25,False
1279,20,D9,4,2025-09-18 01:22:56+00:00,BRD-0000001279-61,True
1280,374,F17,2,2026-05-10 16:22:13+00:00,BRD-0000001280-96,True
1281,712,B21,6,2026-02-20 02:09:21+00:00,BRD-0000001281-28,False
1282,207,B21,3,2026-05-11 00:47:22+00:00,BRD-0000001282-23,True
1283,911,G15,3,2025-08-16 20:06:17+00:00,BRD-0000001283-68,True
1284,818,B22,2,2025-07-27 21:07:10+00:00,BRD-0000001284-77,False
1285,998,F2,4,2025-12-03 05:03:21+00:00,BRD-0000001285-10,True
1286,361,G17,5,2025-07-28 10:15:36+00:00,BRD-0000001286-94,False
1287,867,C15,1,2025-11-04 11:39:41+00:00,BRD-0000001287-66,True
1288,748,E18,5,2025-12-13 23:48:17+00:00,BRD-0000001288-76,False
1289,977,D28,2,2025-06-09 02:12:03+00:00,BRD-0000001289-32,True
1290,503,E22,4,2026-04-14 00:11:30+00:00,BRD-0000001290-24,True
1291,153,G15,6,2025-07-17 07:54:50+00:00,BRD-0000001291-75,True
1292,451,C2,3,2025-10-22 14:05:03+00:00,BRD-0000001292-35,True
1293,89,A11,4,2026-01-30 16:30:34+00:00,BRD-0000001293-40,True
1294,872,A16,6,2026-03-08 12:41:11+00:00,BRD-0000001294-20,True
1295,959,C5,5,2025-12-18 19:45:56+00:00,BRD-0000001295-76,True
1296,67,C5,2,2026-03-27 05:59:37+00:00,BRD-0000001296-41,False
1297,163,G10,1,2026-01-08 09:39:48+00:00,BRD-0000001297-38,True
1298,280,A10,6,2026-05-30 23:18:57+00:00,BRD-0000001298-96,False
1299,632,G29,2,2025-06-04 12:41:28+00:00,BRD-0000001299-86,False
1300,707,F2,6,2025-08-06 22:09:35+00:00,BRD-0000001300-61,False
1301,526,E11,4,2025-06-05 15:23:50+00:00,BRD-0000001301-96,True
1302,906,C16,6,2026-03-11 00:27:08+00:00,BRD-0000001302-36,False
1303,785,H10,6,2025-07-18 16:24:51+00:00,BRD-0000001303-94,True
1304,103,D3,4,2025-08-18 07:37:03+00:00,BRD-0000001304-56,True
1305,503,B11,3,2026-02-08 18:50:56+00:00,BRD-0000001305-64,False
1306,180,F24,1,2025-11-10 14:13:24+00:00,BRD-0000001306-96,True
1307,121,E21,5,2026-04-22 23:20:27+00:00,BRD-0000001307-73,False
1308,709,E3,2,2025-10-11 02:45:13+00:00,BRD-0000001308-19,True
1309,403,F6,5,2025-09-26 13:33:27+00:00,BRD-0000001309-43,False
1310,143,H2,4,2026-03-24 07:21:08+00:00,BRD-0000001310-57,True
1311,601,G24,4,2025-12-30 05:53:22+00:00,BRD-0000001311-36,True
1312,273,B30,5,2025-12-24 12:51:44+00:00,BRD-0000001312-82,True
1313,980,E15,2,2025-08-16 15:02:49+00:00,BRD-0000001313-25,True
1314,971,E26,4,2026-02-09 20:53:18+00:00,BRD-0000001314-18,False
1315,900,C9,4,2026-02-20 04:53:01+00:00,BRD-0000001315-31,True
1316,119,D12,1,2025-10-21 00:19:25+00:00,BRD-0000001316-83,True
1317,195,H21,5,2026-01-19 16:12:15+00:00,BRD-0000001317-13,True
1318,376,F21,5,2025-06-29 11:53:51+00:00,BRD-0000001318-92,False
1319,220,C28,5,2026-02-22 16:57:06+00:00,BRD-0000001319-28,True
1320,249,H12,2,2025-10-14 02:14:51+00:00,BRD-0000001320-36,False
1321,259,C15,4,2026-01-13 15:31:32+00:00,BRD-0000001321-21,False
1322,946,C27,2,2026-02-12 14:18:46+00:00,BRD-0000001322-93,False
1323,37,D16,6,2026-02-08 21:10:52+00:00,BRD-0000001323-78,True
1324,165,G8,3,2025-11-08 22:36:18+00:00,BRD-0000001324-68,True
1325,746,E5,6,2025-09-06 08:14:52+00:00,BRD-0000001325-24,False
1326,418,C14,6,2025-06-20 18:27:27+00:00,BRD-0000001326-62,True
1327,998,D30,3,2025-12-24 15:49:19+00:00,BRD-0000001327-71,True
1328,320,E22,5,2026-01-16 12:25:20+00:00,BRD-0000001328-43,True
1329,57,G27,1,2025-10-08 14:29:43+00:00,BRD-0000001329-68,True
1330,692,F15,3,2025-11-20 06:29:50+00:00,BRD-0000001330-23,True
1331,378,B14,6,2026-03-07 20:14:11+00:00,BRD-0000001331-93,True
1332,703,D27,5,2026-01-04 02:18:29+00:00,BRD-0000001332-29,True
1333,625,E17,5,2025-11-30 10:27:12+00:00,BRD-0000001333-94,True
1334,846,C20,3,2025-06-28 21:00:30+00:00,BRD-0000001334-77,True
1335,769,B5,1,2026-05-13 19:15:07+00:00,BRD-0000001335-15,True
1336,535,H25,5,2025-08-24 18:46:10+00:00,BRD-0000001336-21,True
1337,264,C19,5,2026-04-12 13:42:06+00:00,BRD-0000001337-80,False
1338,418,G29,6,2026-03-03 00:33:57+00:00,BRD-0000001338-73,False
1339,263,A2,2,2025-10-23 00:53:16+00:00,BRD-0000001339-74,True
1340,678,D23,4,2026-02-16 15:31:47+00:00,BRD-0000001340-85,True
1341,809,A29,6,2026-02-09 10:14:37+00:00,BRD-0000001341-61,True
1342,130,E22,6,2025-06-16 08:08:44+00:00,BRD-0000001342-89,True
1343,255,C26,1,2025-10-09 03:19:18+00:00,BRD-0000001343-23,True
1344,104,E12,1,2025-10-08 14:22:15+00:00,BRD-0000001344-93,False
1345,78,H22,6,2026-04-25 21:20:27+00:00,BRD-0000001345-76,False
1346,660,G28,6,2025-08-08 15:47:25+00:00,BRD-0000001346-57,True
1347,451,E10,3,2025-06-09 05:49:42+00:00,BRD-0000001347-59,False
1348,209,G24,3,2025-12-07 16:10:03+00:00,BRD-0000001348-73,True
1349,373,A3,6,2025-06-15 16:46:20+00:00,BRD-0000001349-59,False
1350,192,F12,3,2025-08-21 00:08:10+00:00,BRD-0000001350-80,False
1351,436,H26,3,2026-06-02 19:38:26+00:00,BRD-0000001351-54,False
1352,75,A12,5,2025-06-11 00:58:49+00:00,BRD-0000001352-18,True
1353,809,C14,1,2025-06-12 05:51:44+00:00,BRD-0000001353-90,True
1354,355,E16,4,2026-02-15 04:31:02+00:00,BRD-0000001354-32,True
1355,240,E11,4,2026-04-25 04:42:21+00:00,BRD-0000001355-53,True
1356,186,H13,1,2026-04-15 01:51:00+00:00,BRD-0000001356-77,True
1357,34,F29,5,2026-02-02 15:52:20+00:00,BRD-0000001357-12,False
1358,390,G6,4,2025-10-17 02:46:29+00:00,BRD-0000001358-43,True
1359,562,A28,2,2025-09-19 23:45:46+00:00,BRD-0000001359-20,True
1360,893,B3,3,2026-05-23 17:19:40+00:00,BRD-0000001360-90,True
1361,734,H29,4,2026-01-01 22:26:19+00:00,BRD-0000001361-22,False
1362,719,H25,1,2026-03-31 16:05:21+00:00,BRD-0000001362-35,True
1363,50,E23,4,2025-08-24 17:17:17+00:00,BRD-0000001363-34,False
1364,489,A15,5,2026-03-01 22:32:02+00:00,BRD-0000001364-45,True
1365,13,A14,6,2025-06-20 18:35:21+00:00,BRD-0000001365-60,False
1366,863,F6,3,2026-03-10 13:17:53+00:00,BRD-0000001366-66,False
1367,776,D2,3,2025-09-05 06:58:36+00:00,BRD-0000001367-68,True
1368,690,D10,1,2026-04-03 04:42:36+00:00,BRD-0000001368-58,False
1369,268,F18,6,2026-03-01 01:18:04+00:00,BRD-0000001369-28,False
1370,316,C14,1,2025-06-23 09:24:48+00:00,BRD-0000001370-12,True
1371,58,G2,6,2026-05-07 20:06:50+00:00,BRD-0000001371-52,True
1372,490,G2,1,2026-02-26 15:33:28+00:00,BRD-0000001372-66,False
1373,574,D19,6,2025-10-10 06:50:35+00:00,BRD-0000001373-81,True
1374,774,E23,2,2025-07-28 06:49:14+00:00,BRD-0000001374-92,True
1375,85,H16,3,2026-02-11 10:51:16+00:00,BRD-0000001375-90,True
1376,180,D16,6,2025-08-15 08:03:10+00:00,BRD-0000001376-80,True
1377,884,C10,6,2025-08-02 23:21:29+00:00,BRD-0000001377-12,False
1378,36,D2,5,2025-10-30 12:41:42+00:00,BRD-0000001378-34,False
1379,165,F1,6,2025-08-20 10:37:03+00:00,BRD-0000001379-21,False
1380,419,H30,6,2025-10-20 13:19:46+00:00,BRD-0000001380-42,True
1381,399,B11,1,2025-11-04 23:57:28+00:00,BRD-0000001381-24,True
1382,477,D11,6,2025-09-24 17:15:11+00:00,BRD-0000001382-69,True
1383,442,C13,3,2026-04-20 06:57:00+00:00,BRD-0000001383-98,True
1384,336,G25,6,2026-05-06 06:14:03+00:00,BRD-0000001384-46,True
1385,11,G29,3,2025-09-29 05:34:36+00:00,BRD-0000001385-44,True
1386,186,H27,6,2025-09-03 22:00:58+00:00,BRD-0000001386-34,True
1387,269,C25,3,2025-08-16 22:01:03+00:00,BRD-0000001387-32,False
1388,364,C23,2,2026-04-11 09:12:22+00:00,BRD-0000001388-81,True
1389,763,G3,3,2025-11-06 18:24:40+00:00,BRD-0000001389-20,True
1390,262,H10,3,2025-12-10 09:55:46+00:00,BRD-0000001390-88,False
1391,4,H24,5,2025-07-16 18:26:00+00:00,BRD-0000001391-79,True
1392,981,G3,3,2025-06-27 04:58:35+00:00,BRD-0000001392-22,True
1393,504,B21,1,2026-05-09 20:26:44+00:00,BRD-0000001393-80,True
1394,293,A8,3,2025-07-13 16:40:41+00:00,BRD-0000001394-19,True
1395,489,D10,6,2026-01-24 03:48:55+00:00,BRD-0000001395-41,False
1396,221,F8,2,2026-03-26 02:18:49+00:00,BRD-0000001396-80,True
1397,721,G7,3,2026-05-27 09:16:38+00:00,BRD-0000001397-86,True
1398,956,C7,1,2025-10-16 05:04:41+00:00,BRD-0000001398-21,False
1399,288,H29,3,2026-02-24 16:54:22+00:00,BRD-0000001399-86,True
1400,675,D6,3,2025-07-03 16:42:36+00:00,BRD-0000001400-68,True
1401,87,E27,3,2025-09-26 05:17:23+00:00,BRD-0000001401-32,True
1402,80,C9,6,2025-07-02 12:18:21+00:00,BRD-0000001402-40,True
1403,589,B18,4,2026-01-01 11:29:42+00:00,BRD-0000001403-77,True
1404,883,G1,3,2026-05-23 02:07:45+00:00,BRD-0000001404-54,False
1405,573,A11,4,2026-04-08 07:21:38+00:00,BRD-0000001405-24,True
1406,136,A1,2,2025-09-19 23:49:24+00:00,BRD-0000001406-83,False
1407,221,H1,4,2025-12-23 04:57:24+00:00,BRD-0000001407-84,False
1408,344,E26,1,2025-07-08 10:02:29+00:00,BRD-0000001408-92,False
1409,738,B15,6,2026-04-30 02:30:14+00:00,BRD-0000001409-22,False
1410,749,B9,1,2025-08-02 14:04:33+00:00,BRD-0000001410-82,True
1411,133,H29,4,2025-09-17 14:13:07+00:00,BRD-0000001411-42,False
1412,889,B2,3,2025-09-02 19:56:24+00:00,BRD-0000001412-45,True
1413,951,D12,3,2026-04-03 20:04:34+00:00,BRD-0000001413-27,True
1414,523,F15,6,2026-03-25 01:19:30+00:00,BRD-0000001414-79,False
1415,801,D15,2,2025-07-03 22:55:34+00:00,BRD-0000001415-39,True
1416,871,B5,2,2025-07-24 17:30:01+00:00,BRD-0000001416-87,True
1417,325,A30,2,2025-11-25 12:04:46+00:00,BRD-0000001417-31,False
1418,723,D1,2,2025-10-08 00:55:12+00:00,BRD-0000001418-59,True
1419,399,C29,2,2026-03-11 05:12:27+00:00,BRD-0000001419-76,True
1420,521,B4,2,2025-10-23 03:49:59+00:00,BRD-0000001420-55,True
1421,33,D24,2,2026-02-12 16:05:39+00:00,BRD-0000001421-46,False
1422,273,H22,2,2025-11-26 23:04:40+00:00,BRD-0000001422-24,False
1423,992,F3,5,2025-10-24 01:49:16+00:00,BRD-0000001423-40,False
1424,26,A28,6,2025-11-05 07:36:54+00:00,BRD-0000001424-35,False
1425,238,C8,2,2026-03-13 21:06:25+00:00,BRD-0000001425-67,True
1426,772,D2,2,2025-11-20 22:06:00+00:00,BRD-0000001426-35,True
1427,563,C11,4,2026-02-28 01:13:46+00:00,BRD-0000001427-79,False
1428,264,D10,5,2026-03-04 06:56:59+00:00,BRD-0000001428-29,True
1429,15,A23,4,2026-04-14 14:46:30+00:00,BRD-0000001429-68,False
1430,76,B20,6,2026-01-15 19:14:16+00:00,BRD-0000001430-92,True
1431,976,A30,1,2025-09-04 22:18:11+00:00,BRD-0000001431-57,True
1432,203,H5,4,2026-04-26 13:33:39+00:00,BRD-0000001432-22,True
1433,621,H6,3,2025-11-21 18:24:55+00:00,BRD-0000001433-47,True
1434,835,E12,1,2026-05-25 04:52:28+00:00,BRD-0000001434-64,False
1435,77,D5,6,2026-02-26 06:37:01+00:00,BRD-0000001435-67,False
1436,68,B8,2,2025-12-07 21:31:49+00:00,BRD-0000001436-35,True
1437,82,G25,4,2026-05-23 01:26:09+00:00,BRD-0000001437-14,True
1438,847,A21,1,2026-05-18 15:00:17+00:00,BRD-0000001438-38,True
1439,224,F27,3,2026-04-21 23:49:28+00:00,BRD-0000001439-84,False
1440,252,G20,5,2025-06-23 14:54:13+00:00,BRD-0000001440-88,False
1441,861,A16,1,2026-05-04 15:09:30+00:00,BRD-0000001441-71,False
1442,511,F23,1,2025-11-05 06:41:20+00:00,BRD-0000001442-81,True
1443,484,H18,3,2026-02-13 14:36:23+00:00,BRD-0000001443-82,False
1444,467,H28,5,2025-11-03 22:29:15+00:00,BRD-0000001444-78,True
1445,395,G3,5,2025-11-17 11:42:41+00:00,BRD-0000001445-62,False
1446,987,H6,2,2025-07-12 10:15:30+00:00,BRD-0000001446-74,True
1447,738,B17,5,2025-08-09 11:17:30+00:00,BRD-0000001447-15,True
1448,775,B6,4,2026-01-31 01:47:09+00:00,BRD-0000001448-39,True
1449,782,E23,1,2026-01-02 19:11:46+00:00,BRD-0000001449-91,False
1450,464,A20,3,2026-03-09 15:25:10+00:00,BRD-0000001450-89,False
1451,171,A16,6,2025-11-22 17:39:42+00:00,BRD-0000001451-55,True
1452,830,E10,4,2026-01-11 12:10:33+00:00,BRD-0000001452-91,False
1453,323,G14,4,2026-02-15 12:50:00+00:00,BRD-0000001453-20,True
1454,861,E8,6,2026-01-05 09:24:00+00:00,BRD-0000001454-90,True
1455,721,C22,3,2025-11-20 14:31:13+00:00,BRD-0000001455-86,True
1456,449,C22,6,2026-03-10 12:11:12+00:00,BRD-0000001456-52,True
1457,173,E27,5,2026-03-11 02:49:24+00:00,BRD-0000001457-88,False
1458,364,F26,3,2026-01-09 16:16:57+00:00,BRD-0000001458-17,False
1459,711,C19,1,2026-01-21 15:57:46+00:00,BRD-0000001459-95,True
1460,990,B14,1,2025-09-12 21:42:06+00:00,BRD-0000001460-40,True
1461,866,B26,1,2025-08-18 11:29:53+00:00,BRD-0000001461-86,False
1462,184,C29,4,2025-08-27 01:12:32+00:00,BRD-0000001462-22,True
1463,564,A29,4,2025-12-29 08:03:16+00:00,BRD-0000001463-46,False
1464,574,H24,2,2025-10-21 12:02:13+00:00,BRD-0000001464-65,True
1465,112,B23,3,2025-09-10 22:40:28+00:00,BRD-0000001465-68,True
1466,827,B6,6,2025-10-20 02:46:32+00:00,BRD-0000001466-26,True
1467,84,C30,3,2026-01-12 21:57:15+00:00,BRD-0000001467-92,False
1468,898,C30,6,2026-02-27 14:37:04+00:00,BRD-0000001468-27,True
1469,501,F2,4,2026-02-03 16:37:21+00:00,BRD-0000001469-62,False
1470,857,A18,3,2026-04-23 10:13:48+00:00,BRD-0000001470-81,True
1471,526,B9,4,2026-05-14 09:50:32+00:00,BRD-0000001471-84,False
1472,139,F1,6,2026-02-22 20:12:26+00:00,BRD-0000001472-13,True
1473,668,D16,3,2026-01-30 15:50:20+00:00,BRD-0000001473-52,False
1474,363,E9,5,2026-01-27 06:09:08+00:00,BRD-0000001474-89,False
1475,126,B4,3,2026-01-26 20:44:47+00:00,BRD-0000001475-44,False
1476,678,H1,6,2025-10-07 17:33:31+00:00,BRD-0000001476-89,False
1477,636,G15,2,2025-10-08 06:09:35+00:00,BRD-0000001477-67,True
1478,661,G10,6,2026-03-08 13:40:24+00:00,BRD-0000001478-47,True
1479,107,A29,4,2025-11-30 23:31:04+00:00,BRD-0000001479-48,True
1480,594,A25,5,2026-01-20 19:42:43+00:00,BRD-0000001480-44,True
1481,863,E8,3,2025-11-15 10:19:59+00:00,BRD-0000001481-62,False
1482,900,H16,3,2025-10-14 02:51:10+00:00,BRD-0000001482-95,False
1483,227,B28,3,2026-02-06 12:25:13+00:00,BRD-0000001483-25,True
1484,792,D28,2,2026-04-22 09:04:15+00:00,BRD-0000001484-52,True
1485,109,G2,6,2026-03-23 23:03:36+00:00,BRD-0000001485-22,True
1486,912,H18,6,2025-06-30 16:44:15+00:00,BRD-0000001486-54,True
1487,679,D1,5,2025-09-26 00:14:33+00:00,BRD-0000001487-87,True
1488,412,F7,5,2026-01-08 15:26:16+00:00,BRD-0000001488-83,True
1489,781,G3,5,2025-09-24 02:52:45+00:00,BRD-0000001489-23,True
1490,23,G24,3,2026-03-03 20:14:08+00:00,BRD-0000001490-36,True
1491,222,E8,3,2026-06-01 04:54:24+00:00,BRD-0000001491-99,False
1492,955,D16,2,2026-03-08 07:12:31+00:00,BRD-0000001492-34,True
1493,891,F25,3,2026-03-30 00:03:31+00:00,BRD-0000001493-85,False
1494,962,G30,4,2025-11-19 17:27:34+00:00,BRD-0000001494-27,True
1495,45,C22,3,2026-03-25 04:47:08+00:00,BRD-0000001495-13,False
1496,663,E17,4,2025-12-27 02:36:23+00:00,BRD-0000001496-66,False
1497,267,G29,5,2025-06-18 02:08:35+00:00,BRD-0000001497-38,False
1498,614,C29,2,2026-04-21 18:07:49+00:00,BRD-0000001498-63,True
1499,624,A24,2,2025-07-07 23:13:31+00:00,BRD-0000001499-85,True
1500,289,F30,3,2025-06-07 12:25:55+00:00,BRD-0000001500-35,True
1501,962,H27,3,2025-09-13 20:43:00+00:00,BRD-0000001501-10,False
1502,680,E1,2,2025-11-17 15:01:27+00:00,BRD-0000001502-53,False
1503,297,E17,6,2026-05-07 08:14:35+00:00,BRD-0000001503-62,True
1504,621,G1,4,2025-11-24 02:09:15+00:00,BRD-0000001504-12,False
1505,34,C9,3,2025-09-30 03:52:18+00:00,BRD-0000001505-99,True
1506,407,H23,5,2025-10-24 06:03:05+00:00,BRD-0000001506-71,True
1507,911,C3,5,2025-12-01 22:41:44+00:00,BRD-0000001507-66,False
1508,930,A23,4,2025-12-13 11:28:12+00:00,BRD-0000001508-91,False
1509,600,H21,3,2025-07-03 10:42:01+00:00,BRD-0000001509-85,True
1510,364,E4,4,2026-01-23 07:42:20+00:00,BRD-0000001510-19,True
1511,690,A16,6,2026-04-02 20:14:28+00:00,BRD-0000001511-43,False
1512,874,B30,1,2025-07-21 16:49:13+00:00,BRD-0000001512-19,True
1513,389,B3,2,2026-02-11 01:31:40+00:00,BRD-0000001513-28,True
1514,346,E2,2,2026-01-15 16:52:57+00:00,BRD-0000001514-88,True
1515,5,H3,6,2025-08-27 23:51:22+00:00,BRD-0000001515-84,False
1516,712,B12,2,2025-08-24 02:04:02+00:00,BRD-0000001516-89,True
1517,418,C4,6,2025-12-14 22:37:18+00:00,BRD-0000001517-86,False
1518,705,H24,6,2025-08-21 01:08:22+00:00,BRD-0000001518-18,False
1519,320,E2,5,2025-06-28 13:31:40+00:00,BRD-0000001519-77,True
1520,808,B8,2,2026-02-17 01:01:01+00:00,BRD-0000001520-42,False
1521,326,A19,4,2025-12-26 22:11:16+00:00,BRD-0000001521-97,True
1522,550,G17,2,2025-09-03 12:54:03+00:00,BRD-0000001522-76,True
1523,887,E17,6,2025-09-22 13:59:16+00:00,BRD-0000001523-95,True
1524,775,D15,1,2026-04-21 19:53:52+00:00,BRD-0000001524-40,True
1525,204,C16,6,2025-12-23 04:51:35+00:00,BRD-0000001525-89,False
1526,599,C19,3,2025-12-26 21:13:07+00:00,BRD-0000001526-54,False
1527,341,B8,1,2025-09-24 09:11:44+00:00,BRD-0000001527-71,True
1528,608,A15,5,2026-05-28 14:04:47+00:00,BRD-0000001528-88,True
1529,226,F17,3,2026-01-03 16:09:40+00:00,BRD-0000001529-79,True
1530,675,G11,4,2025-10-28 18:33:15+00:00,BRD-0000001530-82,True
1531,974,D3,5,2025-11-01 05:13:49+00:00,BRD-0000001531-84,False
1532,406,D1,5,2025-09-01 08:41:46+00:00,BRD-0000001532-57,False
1533,210,A16,2,2026-04-09 16:27:26+00:00,BRD-0000001533-50,False
1534,165,G17,2,2026-02-06 07:36:25+00:00,BRD-0000001534-15,True
1535,765,B29,1,2026-04-12 22:10:51+00:00,BRD-0000001535-97,True
1536,586,E17,2,2026-02-28 02:08:52+00:00,BRD-0000001536-72,True
1537,717,F28,5,2026-02-07 22:32:23+00:00,BRD-0000001537-53,True
1538,635,A25,2,2026-04-01 11:43:51+00:00,BRD-0000001538-69,False
1539,764,F14,4,2026-04-08 14:27:00+00:00,BRD-0000001539-10,True
1540,719,B23,1,2025-12-23 20:20:02+00:00,BRD-0000001540-48,True
1541,504,F2,1,2026-05-25 12:45:40+00:00,BRD-0000001541-75,True
1542,578,B17,3,2026-01-07 15:53:26+00:00,BRD-0000001542-46,True
1543,565,B21,4,2025-12-21 22:11:37+00:00,BRD-0000001543-50,False
1544,706,F8,2,2025-06-30 17:57:10+00:00,BRD-0000001544-59,False
1545,846,H26,1,2025-10-05 06:30:12+00:00,BRD-0000001545-43,True
1546,751,C3,5,2025-06-05 02:44:29+00:00,BRD-0000001546-82,False
1547,918,C3,1,2025-08-21 14:10:47+00:00,BRD-0000001547-31,False
1548,6,A17,4,2025-11-26 16:37:47+00:00,BRD-0000001548-71,True
1549,286,C7,4,2026-03-26 22:44:27+00:00,BRD-0000001549-37,True
1550,5,G29,4,2025-12-29 23:11:05+00:00,BRD-0000001550-38,True
1551,966,E16,1,2025-10-10 07:34:32+00:00,BRD-0000001551-53,True
1552,146,G21,3,2026-03-15 03:50:50+00:00,BRD-0000001552-82,True
1553,671,E19,4,2026-04-01 18:36:04+00:00,BRD-0000001553-52,True
1554,724,H17,2,2026-01-02 10:44:09+00:00,BRD-0000001554-19,True
1555,339,A21,2,2025-10-06 05:05:58+00:00,BRD-0000001555-10,True
1556,20,B29,2,2025-12-08 12:41:00+00:00,BRD-0000001556-35,True
1557,982,F13,1,2025-09-02 05:57:33+00:00,BRD-0000001557-49,False
1558,248,E8,4,2026-03-22 01:41:42+00:00,BRD-0000001558-53,False
1559,869,H19,6,2025-12-25 20:06:57+00:00,BRD-0000001559-81,True
1560,770,G20,6,2026-05-22 12:21:36+00:00,BRD-0000001560-69,True
1561,75,F26,3,2026-04-17 04:10:37+00:00,BRD-0000001561-82,True
1562,795,H21,4,2025-09-14 21:09:34+00:00,BRD-0000001562-70,True
1563,691,F16,3,2025-10-25 00:09:10+00:00,BRD-0000001563-57,True
1564,387,D11,2,2025-09-25 02:47:38+00:00,BRD-0000001564-89,True
1565,243,E7,3,2025-08-24 07:15:10+00:00,BRD-0000001565-62,True
1566,36,B4,3,2025-07-12 13:04:19+00:00,BRD-0000001566-69,True
1567,447,A14,2,2025-06-23 22:47:14+00:00,BRD-0000001567-79,True
1568,915,C5,2,2025-10-22 19:03:36+00:00,BRD-0000001568-33,True
1569,286,D1,3,2026-04-27 20:46:39+00:00,BRD-0000001569-15,False
1570,492,C1,5,2025-11-14 19:21:00+00:00,BRD-0000001570-36,False
1571,62,H26,1,2025-11-20 04:30:04+00:00,BRD-0000001571-89,True
1572,625,G22,6,2025-11-09 21:14:31+00:00,BRD-0000001572-13,True
1573,217,D17,6,2025-08-04 03:31:23+00:00,BRD-0000001573-87,True
1574,134,G6,4,2025-09-29 16:06:49+00:00,BRD-0000001574-75,True
1575,695,H24,3,2026-03-27 19:34:34+00:00,BRD-0000001575-59,True
1576,634,G26,1,2025-07-30 10:39:06+00:00,BRD-0000001576-22,True
1577,150,D29,3,2025-07-28 01:23:11+00:00,BRD-0000001577-90,True
1578,853,G10,3,2025-11-29 13:37:27+00:00,BRD-0000001578-74,False
1579,525,G18,3,2025-09-14 04:25:40+00:00,BRD-0000001579-53,True
1580,465,B13,6,2025-06-29 13:43:31+00:00,BRD-0000001580-27,True
1581,102,H9,3,2026-04-23 19:17:30+00:00,BRD-0000001581-42,True
1582,438,B6,6,2026-02-03 11:03:42+00:00,BRD-0000001582-36,True
1583,226,C24,5,2025-12-10 05:52:41+00:00,BRD-0000001583-24,True
1584,978,C10,2,2025-11-05 12:41:16+00:00,BRD-0000001584-72,True
1585,822,B11,2,2026-02-26 08:15:02+00:00,BRD-0000001585-72,True
1586,206,B9,4,2025-08-12 14:28:28+00:00,BRD-0000001586-57,True
1587,609,F15,1,2025-06-14 03:13:45+00:00,BRD-0000001587-24,True
1588,471,D20,4,2026-03-26 20:44:08+00:00,BRD-0000001588-26,True
1589,698,A22,6,2025-12-31 01:39:15+00:00,BRD-0000001589-10,True
1590,575,A3,2,2025-06-29 03:42:19+00:00,BRD-0000001590-85,True
1591,735,C5,2,2026-01-08 01:27:22+00:00,BRD-0000001591-90,True
1592,590,D7,4,2026-03-04 21:00:08+00:00,BRD-0000001592-88,False
1593,34,F21,6,2026-05-28 19:46:17+00:00,BRD-0000001593-54,False
1594,663,B9,2,2025-08-05 15:02:01+00:00,BRD-0000001594-26,True
1595,382,B7,6,2025-06-12 05:29:40+00:00,BRD-0000001595-74,True
1596,133,E28,1,2026-02-19 07:54:19+00:00,BRD-0000001596-13,True
1597,488,E23,4,2025-10-04 17:30:17+00:00,BRD-0000001597-58,True
1598,384,E28,4,2025-12-13 10:16:43+00:00,BRD-0000001598-58,True
1599,484,E28,3,2025-12-18 19:29:50+00:00,BRD-0000001599-52,False
1600,531,D11,1,2026-03-26 17:04:26+00:00,BRD-0000001600-36,True
1601,832,H1,1,2025-10-22 02:26:01+00:00,BRD-0000001601-43,True
1602,507,F29,3,2025-09-30 07:10:08+00:00,BRD-0000001602-30,True
1603,649,A7,4,2025-07-28 19:09:37+00:00,BRD-0000001603-37,True
1604,719,B13,4,2025-08-08 15:31:24+00:00,BRD-0000001604-21,False
1605,380,B17,2,2025-07-23 13:45:43+00:00,BRD-0000001605-88,True
1606,369,G29,6,2025-09-22 18:44:21+00:00,BRD-0000001606-10,False
1607,155,H15,4,2026-05-04 17:22:12+00:00,BRD-0000001607-66,True
1608,596,C7,2,2025-08-10 11:50:37+00:00,BRD-0000001608-40,True
1609,510,A21,4,2025-10-19 14:53:35+00:00,BRD-0000001609-32,False
1610,334,C11,4,2025-06-11 20:08:39+00:00,BRD-0000001610-11,True
1611,783,A26,2,2025-07-04 08:01:40+00:00,BRD-0000001611-42,True
1612,480,A2,3,2026-04-11 21:08:34+00:00,BRD-0000001612-21,False
1613,741,A10,2,2026-02-11 05:30:25+00:00,BRD-0000001613-42,True
1614,777,B2,4,2025-08-28 11:14:10+00:00,BRD-0000001614-73,True
1615,173,G17,3,2025-09-29 18:04:16+00:00,BRD-0000001615-62,True
1616,569,A12,1,2026-01-30 06:15:02+00:00,BRD-0000001616-71,True
1617,544,H29,4,2025-12-27 19:19:34+00:00,BRD-0000001617-69,True
1618,398,D21,5,2025-12-05 21:34:33+00:00,BRD-0000001618-81,False
1619,946,C29,2,2025-11-08 09:07:27+00:00,BRD-0000001619-18,True
1620,835,F7,2,2026-06-01 04:09:37+00:00,BRD-0000001620-94,True
1621,503,D22,4,2026-02-26 06:32:28+00:00,BRD-0000001621-14,True
1622,870,D6,3,2026-03-01 17:54:52+00:00,BRD-0000001622-49,True
1623,281,B15,2,2025-08-24 20:16:04+00:00,BRD-0000001623-73,True
1624,413,B11,2,2025-08-03 20:30:28+00:00,BRD-0000001624-18,True
1625,899,B2,6,2025-07-26 19:57:48+00:00,BRD-0000001625-88,True
1626,219,E27,1,2025-12-30 21:01:49+00:00,BRD-0000001626-30,True
1627,637,D9,5,2025-10-28 15:47:42+00:00,BRD-0000001627-70,False
1628,764,F1,2,2026-04-02 14:22:48+00:00,BRD-0000001628-29,True
1629,981,D15,6,2025-10-13 16:38:41+00:00,BRD-0000001629-65,False
1630,232,B16,1,2025-07-22 10:53:56+00:00,BRD-0000001630-26,False
1631,865,E13,6,2025-06-18 21:05:38+00:00,BRD-0000001631-18,False
1632,913,F30,1,2026-04-10 19:17:55+00:00,BRD-0000001632-12,True
1633,844,D19,5,2025-10-01 01:41:31+00:00,BRD-0000001633-42,True
1634,342,D13,1,2026-05-16 11:47:36+00:00,BRD-0000001634-17,True
1635,986,H27,6,2025-07-18 09:09:30+00:00,BRD-0000001635-21,True
1636,767,A1,1,2025-09-05 13:54:11+00:00,BRD-0000001636-49,True
1637,860,G25,2,2026-05-05 02:20:57+00:00,BRD-0000001637-45,True
1638,370,H12,4,2026-03-25 11:29:07+00:00,BRD-0000001638-41,False
1639,880,H5,6,2026-04-01 07:02:38+00:00,BRD-0000001639-15,True
1640,654,G30,3,2026-02-08 04:47:18+00:00,BRD-0000001640-76,True
1641,155,G19,2,2026-05-14 07:58:10+00:00,BRD-0000001641-56,True
1642,829,C19,4,2025-12-30 05:47:44+00:00,BRD-0000001642-15,True
1643,601,F19,2,2025-12-13 23:38:44+00:00,BRD-0000001643-81,True
1644,545,B10,1,2026-05-17 03:21:56+00:00,BRD-0000001644-74,True
1645,984,C11,1,2026-04-21 11:45:23+00:00,BRD-0000001645-98,True
1646,978,B7,4,2025-11-22 16:17:55+00:00,BRD-0000001646-95,True
1647,858,A23,6,2026-01-14 13:46:41+00:00,BRD-0000001647-33,True
1648,559,A8,1,2026-04-03 10:06:28+00:00,BRD-0000001648-96,False
1649,586,D9,5,2025-10-10 13:32:57+00:00,BRD-0000001649-99,True
1650,932,G22,2,2025-06-22 20:04:37+00:00,BRD-0000001650-39,False
1651,53,H7,4,2025-09-08 08:42:13+00:00,BRD-0000001651-17,False
1652,869,B15,2,2026-02-10 05:15:22+00:00,BRD-0000001652-79,True
1653,86,C25,1,2025-06-06 18:08:47+00:00,BRD-0000001653-22,False
1654,367,C24,5,2026-05-13 03:22:25+00:00,BRD-0000001654-65,False
1655,389,C2,6,2026-05-05 10:03:01+00:00,BRD-0000001655-97,False
1656,197,D5,4,2025-10-07 02:34:24+00:00,BRD-0000001656-48,True
1657,254,A3,1,2026-02-10 15:07:19+00:00,BRD-0000001657-13,False
1658,907,H30,5,2026-03-09 08:14:27+00:00,BRD-0000001658-48,True
1659,400,G15,5,2025-07-18 22:47:39+00:00,BRD-0000001659-64,True
1660,106,H13,4,2026-06-02 17:57:27+00:00,BRD-0000001660-39,False
1661,514,F15,6,2025-06-12 15:25:03+00:00,BRD-0000001661-86,False
1662,452,D28,3,2025-10-04 22:06:09+00:00,BRD-0000001662-72,True
1663,548,B24,4,2025-06-18 03:06:46+00:00,BRD-0000001663-84,True
1664,25,A21,4,2026-01-18 15:03:45+00:00,BRD-0000001664-61,True
1665,974,H9,1,2025-10-01 16:10:17+00:00,BRD-0000001665-26,False
1666,853,D6,2,2026-04-07 09:39:57+00:00,BRD-0000001666-97,False
1667,777,H24,1,2026-02-24 23:21:19+00:00,BRD-0000001667-77,False
1668,968,E8,2,2026-01-08 16:23:13+00:00,BRD-0000001668-57,True
1669,702,B10,3,2025-12-07 19:12:48+00:00,BRD-0000001669-61,True
1670,676,H30,2,2025-11-21 04:32:16+00:00,BRD-0000001670-67,True
1671,132,D4,1,2025-08-02 07:33:40+00:00,BRD-0000001671-74,False
1672,741,G3,6,2026-05-01 17:47:43+00:00,BRD-0000001672-96,True
1673,649,E3,1,2025-10-26 18:13:10+00:00,BRD-0000001673-20,True
1674,473,F3,1,2025-09-28 22:27:44+00:00,BRD-0000001674-48,True
1675,5,F28,2,2026-03-08 08:54:19+00:00,BRD-0000001675-60,False
1676,308,A6,6,2025-06-24 15:40:02+00:00,BRD-0000001676-83,True
1677,258,B27,6,2025-07-29 00:37:20+00:00,BRD-0000001677-20,True
1678,734,E25,3,2026-03-10 21:53:34+00:00,BRD-0000001678-81,True
1679,391,B10,1,2026-04-30 18:30:16+00:00,BRD-0000001679-91,False
1680,355,B5,2,2026-05-21 08:49:00+00:00,BRD-0000001680-30,True
1681,809,F10,5,2026-05-27 15:19:21+00:00,BRD-0000001681-21,True
1682,511,A26,1,2026-01-18 06:31:08+00:00,BRD-0000001682-97,False
1683,912,G26,6,2026-05-13 12:41:27+00:00,BRD-0000001683-21,True
1684,71,D8,3,2026-01-26 05:20:29+00:00,BRD-0000001684-99,True
1685,31,D8,1,2025-12-29 14:12:31+00:00,BRD-0000001685-94,True
1686,787,C28,1,2025-08-07 17:42:22+00:00,BRD-0000001686-11,True
1687,70,A12,2,2026-01-28 23:42:58+00:00,BRD-0000001687-41,True
1688,886,C3,1,2025-09-04 20:55:48+00:00,BRD-0000001688-47,False
1689,145,B21,6,2025-12-21 11:16:37+00:00,BRD-0000001689-52,True
1690,653,B12,2,2026-02-23 22:34:17+00:00,BRD-0000001690-38,True
1691,826,A10,5,2025-08-08 14:01:09+00:00,BRD-0000001691-81,False
1692,76,A22,1,2026-04-12 07:42:52+00:00,BRD-0000001692-46,True
1693,207,A5,1,2025-09-06 10:15:24+00:00,BRD-0000001693-50,True
1694,702,A10,3,2025-08-07 23:32:11+00:00,BRD-0000001694-50,True
1695,545,H20,4,2025-06-17 21:19:51+00:00,BRD-0000001695-57,False
1696,26,E1,2,2025-09-22 07:08:43+00:00,BRD-0000001696-84,False
1697,371,D26,2,2025-07-17 05:10:24+00:00,BRD-0000001697-17,True
1698,479,D16,4,2025-09-21 06:05:01+00:00,BRD-0000001698-23,True
1699,508,B17,1,2025-10-14 00:00:29+00:00,BRD-0000001699-97,False
1700,29,G12,1,2026-01-25 19:17:49+00:00,BRD-0000001700-65,True
1701,625,G17,6,2025-07-11 07:36:43+00:00,BRD-0000001701-55,True
1702,450,A26,5,2025-06-11 17:55:44+00:00,BRD-0000001702-19,False
1703,954,E25,1,2025-07-26 19:49:25+00:00,BRD-0000001703-30,False
1704,238,C15,3,2026-04-03 07:42:11+00:00,BRD-0000001704-65,True
1705,61,B5,2,2025-11-24 14:14:23+00:00,BRD-0000001705-58,False
1706,734,F14,6,2025-09-13 15:03:20+00:00,BRD-0000001706-62,True
1707,198,A16,6,2025-12-29 14:07:47+00:00,BRD-0000001707-28,False
1708,902,A15,4,2026-02-03 01:31:12+00:00,BRD-0000001708-49,True
1709,958,C3,5,2026-02-21 07:05:36+00:00,BRD-0000001709-19,True
1710,280,D30,1,2026-01-29 18:21:25+00:00,BRD-0000001710-81,False
1711,830,B14,2,2025-12-07 20:05:42+00:00,BRD-0000001711-74,True
1712,823,D17,5,2025-10-24 09:15:32+00:00,BRD-0000001712-83,True
1713,958,G23,4,2025-07-22 12:35:37+00:00,BRD-0000001713-77,True
1714,53,H2,5,2026-04-15 19:08:08+00:00,BRD-0000001714-74,True
1715,707,B14,1,2025-10-01 08:03:26+00:00,BRD-0000001715-59,True
1716,852,D14,2,2026-05-17 23:08:05+00:00,BRD-0000001716-29,True
1717,34,G19,5,2025-08-23 13:16:31+00:00,BRD-0000001717-16,True
1718,776,H22,4,2025-11-13 08:21:53+00:00,BRD-0000001718-85,True
1719,703,B6,3,2026-05-02 23:29:32+00:00,BRD-0000001719-88,True
1720,630,E30,5,2025-07-10 05:15:12+00:00,BRD-0000001720-86,True
1721,487,A25,2,2025-10-27 18:58:54+00:00,BRD-0000001721-42,False
1722,172,C29,5,2026-01-27 09:30:30+00:00,BRD-0000001722-41,False
1723,439,C20,4,2025-10-29 21:32:08+00:00,BRD-0000001723-34,True
1724,881,B1,6,2025-11-18 22:57:15+00:00,BRD-0000001724-36,True
1725,846,E23,4,2025-07-22 14:50:43+00:00,BRD-0000001725-94,True
1726,154,F10,4,2025-12-27 06:55:27+00:00,BRD-0000001726-26,True
1727,683,H19,3,2026-01-29 15:05:11+00:00,BRD-0000001727-53,False
1728,683,D25,4,2026-05-10 03:17:59+00:00,BRD-0000001728-14,True
1729,674,F12,2,2026-04-30 05:15:51+00:00,BRD-0000001729-81,True
1730,773,A15,5,2025-06-13 09:32:49+00:00,BRD-0000001730-75,True
1731,479,E5,4,2025-11-08 13:14:48+00:00,BRD-0000001731-86,False
1732,92,C29,5,2026-01-19 23:41:17+00:00,BRD-0000001732-31,True
1733,23,E28,4,2025-11-17 19:39:14+00:00,BRD-0000001733-14,True
1734,207,D15,6,2025-12-15 13:28:51+00:00,BRD-0000001734-95,True
1735,571,B23,3,2026-04-29 20:49:01+00:00,BRD-0000001735-98,True
1736,652,A23,3,2025-09-01 03:03:28+00:00,BRD-0000001736-38,True
1737,879,E29,1,2025-07-06 06:19:07+00:00,BRD-0000001737-45,True
1738,949,H27,4,2025-09-06 04:10:34+00:00,BRD-0000001738-35,False
1739,617,A1,3,2026-05-17 20:41:48+00:00,BRD-0000001739-97,True
1740,267,F11,1,2025-06-13 16:48:07+00:00,BRD-0000001740-23,True
1741,749,B27,4,2026-02-14 12:24:02+00:00,BRD-0000001741-31,True
1742,529,F8,3,2026-01-16 10:02:10+00:00,BRD-0000001742-71,True
1743,643,D29,2,2026-01-12 12:36:12+00:00,BRD-0000001743-75,True
1744,410,D24,4,2025-12-23 20:07:16+00:00,BRD-0000001744-71,False
1745,967,E8,6,2025-11-22 03:40:58+00:00,BRD-0000001745-54,True
1746,470,B27,3,2025-12-27 22:44:47+00:00,BRD-0000001746-96,True
1747,614,A24,4,2026-05-18 21:55:08+00:00,BRD-0000001747-90,True
1748,650,G5,5,2025-11-11 10:00:14+00:00,BRD-0000001748-99,False
1749,197,B8,5,2026-04-21 20:06:48+00:00,BRD-0000001749-69,True
1750,499,C22,3,2025-07-26 02:04:03+00:00,BRD-0000001750-88,True
1751,577,F24,4,2026-03-03 02:32:50+00:00,BRD-0000001751-22,False
1752,496,E11,2,2025-11-23 14:53:33+00:00,BRD-0000001752-99,True
1753,51,D10,3,2026-04-25 05:39:29+00:00,BRD-0000001753-87,True
1754,481,G4,6,2026-02-25 15:59:33+00:00,BRD-0000001754-47,True
1755,398,H26,5,2026-01-21 00:01:04+00:00,BRD-0000001755-84,True
1756,475,A19,3,2025-07-23 18:09:29+00:00,BRD-0000001756-88,True
1757,411,G16,5,2026-05-31 02:16:49+00:00,BRD-0000001757-74,True
1758,180,B23,6,2026-05-26 12:25:15+00:00,BRD-0000001758-70,True
1759,844,B21,1,2025-08-03 16:19:02+00:00,BRD-0000001759-65,False
1760,191,E13,1,2026-04-11 08:02:48+00:00,BRD-0000001760-97,False
1761,804,D5,6,2025-06-27 15:23:18+00:00,BRD-0000001761-75,False
1762,891,D15,4,2025-08-16 08:33:31+00:00,BRD-0000001762-88,True
1763,304,C3,3,2025-06-15 09:32:00+00:00,BRD-0000001763-80,False
1764,192,G10,5,2026-05-14 09:01:33+00:00,BRD-0000001764-76,True
1765,71,G18,3,2025-07-01 10:37:56+00:00,BRD-0000001765-89,False
1766,52,A27,3,2026-04-11 03:08:02+00:00,BRD-0000001766-16,True
1767,78,D4,2,2026-04-06 06:13:18+00:00,BRD-0000001767-55,True
1768,825,F1,6,2025-12-03 18:36:50+00:00,BRD-0000001768-60,True
1769,955,H24,2,2025-08-11 06:33:28+00:00,BRD-0000001769-25,True
1770,15,C17,1,2025-08-25 16:52:37+00:00,BRD-0000001770-25,True
1771,17,D15,5,2025-12-03 15:36:03+00:00,BRD-0000001771-64,True
1772,701,B10,5,2026-02-08 16:38:30+00:00,BRD-0000001772-88,True
1773,871,D4,4,2025-09-02 22:08:07+00:00,BRD-0000001773-37,True
1774,208,C7,4,2026-05-14 06:09:27+00:00,BRD-0000001774-53,True
1775,880,G3,6,2026-01-26 17:19:41+00:00,BRD-0000001775-52,True
1776,358,G22,4,2025-09-17 22:17:46+00:00,BRD-0000001776-79,True
1777,540,G30,4,2025-08-31 00:07:02+00:00,BRD-0000001777-38,True
1778,737,D21,1,2026-05-31 23:21:42+00:00,BRD-0000001778-68,True
1779,155,A7,5,2025-09-23 19:53:19+00:00,BRD-0000001779-12,False
1780,467,D23,5,2026-02-02 23:22:52+00:00,BRD-0000001780-72,True
1781,933,H10,1,2025-08-07 02:06:32+00:00,BRD-0000001781-69,True
1782,440,F11,1,2025-07-13 13:14:09+00:00,BRD-0000001782-54,True
1783,541,B12,6,2026-03-13 17:58:44+00:00,BRD-0000001783-77,True
1784,647,B14,3,2025-08-06 11:49:50+00:00,BRD-0000001784-58,False
1785,810,D1,3,2025-06-27 01:40:13+00:00,BRD-0000001785-94,True
1786,118,G22,6,2025-11-15 22:11:07+00:00,BRD-0000001786-99,True
1787,553,F22,3,2026-05-17 23:48:21+00:00,BRD-0000001787-95,True
1788,952,H4,4,2025-08-03 14:04:01+00:00,BRD-0000001788-27,False
1789,946,B29,1,2026-05-14 13:16:07+00:00,BRD-0000001789-45,True
1790,846,B21,2,2026-02-06 18:25:46+00:00,BRD-0000001790-57,True
1791,538,E12,4,2025-10-05 03:12:27+00:00,BRD-0000001791-65,False
1792,78,D29,3,2026-04-29 19:11:52+00:00,BRD-0000001792-97,True
1793,180,E5,5,2026-03-28 16:50:52+00:00,BRD-0000001793-65,True
1794,149,A1,6,2025-10-17 17:06:02+00:00,BRD-0000001794-87,True
1795,655,D2,6,2025-08-10 11:39:03+00:00,BRD-0000001795-56,True
1796,440,G5,4,2025-12-16 22:03:47+00:00,BRD-0000001796-98,True
1797,763,E28,1,2026-03-21 20:57:19+00:00,BRD-0000001797-67,True
1798,62,G13,1,2025-06-11 07:13:06+00:00,BRD-0000001798-67,False
1799,862,E22,4,2025-07-13 20:16:47+00:00,BRD-0000001799-45,True
1800,196,D24,5,2026-04-02 09:44:20+00:00,BRD-0000001800-98,True
1801,253,A8,6,2026-04-10 16:12:55+00:00,BRD-0000001801-45,True
1802,545,C12,1,2026-01-02 14:38:35+00:00,BRD-0000001802-48,True
1803,45,H3,4,2025-08-13 20:16:28+00:00,BRD-0000001803-70,True
1804,903,E7,4,2025-07-22 20:09:09+00:00,BRD-0000001804-48,True
1805,13,D8,5,2025-11-28 01:52:32+00:00,BRD-0000001805-97,True
1806,302,E7,3,2025-07-04 22:25:57+00:00,BRD-0000001806-28,True
1807,543,H2,4,2026-03-02 03:02:17+00:00,BRD-0000001807-14,True
1808,324,G3,2,2025-06-27 08:03:26+00:00,BRD-0000001808-85,True
1809,545,E17,1,2026-01-16 05:37:17+00:00,BRD-0000001809-92,True
1810,576,E24,2,2026-02-28 15:00:30+00:00,BRD-0000001810-94,True
1811,710,E2,6,2025-06-12 09:18:40+00:00,BRD-0000001811-94,False
1812,534,G1,4,2026-03-29 13:01:38+00:00,BRD-0000001812-69,False
1813,432,E6,6,2025-10-04 05:08:25+00:00,BRD-0000001813-72,True
1814,875,G4,6,2026-03-18 09:16:31+00:00,BRD-0000001814-42,False
1815,209,G22,1,2025-10-12 11:12:54+00:00,BRD-0000001815-67,True
1816,15,A23,5,2026-03-03 02:41:01+00:00,BRD-0000001816-33,True
1817,57,E24,5,2025-09-15 00:41:13+00:00,BRD-0000001817-93,False
1818,837,A19,1,2025-09-21 12:23:30+00:00,BRD-0000001818-24,True
1819,611,A2,5,2026-02-17 12:43:45+00:00,BRD-0000001819-58,True
1820,732,A10,6,2026-04-03 15:15:21+00:00,BRD-0000001820-76,False
1821,203,C25,6,2026-01-17 22:20:34+00:00,BRD-0000001821-88,False
1822,969,D24,5,2025-07-20 17:51:58+00:00,BRD-0000001822-71,True
1823,625,G26,1,2025-09-14 16:49:33+00:00,BRD-0000001823-42,True
1824,69,D17,2,2025-07-16 02:32:07+00:00,BRD-0000001824-14,False
1825,361,B7,4,2025-08-15 05:52:20+00:00,BRD-0000001825-16,True
1826,640,H12,1,2026-03-03 00:05:24+00:00,BRD-0000001826-25,True
1827,220,C9,4,2025-12-04 12:46:58+00:00,BRD-0000001827-79,False
1828,910,A19,4,2026-01-07 20:17:34+00:00,BRD-0000001828-35,True
1829,222,A5,3,2025-12-21 12:30:56+00:00,BRD-0000001829-12,False
1830,321,C15,3,2025-08-30 01:16:07+00:00,BRD-0000001830-73,False
1831,390,G30,2,2025-11-28 02:28:52+00:00,BRD-0000001831-41,True
1832,422,E19,2,2025-10-01 00:07:59+00:00,BRD-0000001832-31,False
1833,634,G24,3,2025-07-25 06:00:09+00:00,BRD-0000001833-81,True
1834,80,D2,6,2025-11-27 11:46:11+00:00,BRD-0000001834-76,True
1835,582,A14,2,2026-01-31 11:41:24+00:00,BRD-0000001835-15,True
1836,409,A15,5,2025-07-15 20:57:58+00:00,BRD-0000001836-47,True
1837,624,G1,3,2025-10-09 01:58:33+00:00,BRD-0000001837-18,True
1838,381,F3,1,2025-08-28 06:55:27+00:00,BRD-0000001838-62,True
1839,715,A8,5,2026-03-13 20:06:02+00:00,BRD-0000001839-70,False
1840,224,D18,6,2025-08-28 01:03:01+00:00,BRD-0000001840-28,True
1841,794,E15,4,2026-04-06 10:43:22+00:00,BRD-0000001841-29,True
1842,847,H15,5,2025-10-05 10:00:56+00:00,BRD-0000001842-52,True
1843,676,C5,6,2025-09-06 21:34:41+00:00,BRD-0000001843-61,False
1844,146,E14,5,2026-05-31 20:55:14+00:00,BRD-0000001844-96,True
1845,299,C24,4,2025-06-26 23:42:50+00:00,BRD-0000001845-69,True
1846,724,A13,6,2025-08-25 20:16:36+00:00,BRD-0000001846-16,True
1847,854,F4,4,2025-08-26 01:51:33+00:00,BRD-0000001847-37,True
1848,612,D25,1,2025-09-12 18:04:40+00:00,BRD-0000001848-56,True
1849,352,E2,4,2026-01-26 04:42:57+00:00,BRD-0000001849-28,False
1850,328,F30,3,2026-01-13 21:58:06+00:00,BRD-0000001850-81,True
1851,803,D16,5,2025-11-15 07:22:10+00:00,BRD-0000001851-77,False
1852,632,G24,3,2026-04-02 20:01:05+00:00,BRD-0000001852-77,True
1853,514,B24,4,2025-11-19 12:19:49+00:00,BRD-0000001853-99,True
1854,462,D29,1,2026-05-26 21:11:54+00:00,BRD-0000001854-67,False
1855,124,E7,2,2025-06-09 21:04:02+00:00,BRD-0000001855-22,True
1856,822,D15,1,2026-03-06 01:19:50+00:00,BRD-0000001856-70,False
1857,510,B10,1,2025-12-31 09:15:41+00:00,BRD-0000001857-31,True
1858,868,A27,5,2025-12-09 13:50:21+00:00,BRD-0000001858-83,True
1859,355,D12,5,2025-10-24 20:11:56+00:00,BRD-0000001859-12,True
1860,937,E3,4,2025-11-05 16:03:10+00:00,BRD-0000001860-35,False
1861,792,C11,6,2025-11-01 07:32:27+00:00,BRD-0000001861-77,True
1862,235,G12,5,2026-02-23 03:56:02+00:00,BRD-0000001862-57,False
1863,389,D1,1,2025-08-11 18:19:25+00:00,BRD-0000001863-98,True
1864,871,F4,5,2025-10-11 04:01:02+00:00,BRD-0000001864-98,True
1865,280,G1,5,2025-10-17 18:16:59+00:00,BRD-0000001865-54,False
1866,155,G9,6,2025-11-18 03:13:15+00:00,BRD-0000001866-27,True
1867,34,B24,6,2026-06-01 12:29:44+00:00,BRD-0000001867-12,False
1868,250,C28,5,2025-06-28 20:35:45+00:00,BRD-0000001868-32,False
1869,775,G13,5,2025-12-20 05:55:20+00:00,BRD-0000001869-94,True
1870,714,F10,3,2025-06-08 18:22:38+00:00,BRD-0000001870-53,True
1871,861,D19,1,2025-07-25 22:23:17+00:00,BRD-0000001871-59,True
1872,247,B14,3,2025-07-13 10:43:51+00:00,BRD-0000001872-82,True
1873,937,D5,4,2025-10-06 22:07:38+00:00,BRD-0000001873-75,True
1874,429,C2,6,2026-01-03 14:36:04+00:00,BRD-0000001874-68,False
1875,734,G28,6,2026-04-08 14:27:13+00:00,BRD-0000001875-50,True
1876,273,G22,4,2026-02-19 19:30:41+00:00,BRD-0000001876-17,False
1877,167,C3,1,2026-04-26 20:08:25+00:00,BRD-0000001877-78,False
1878,295,A21,3,2025-09-01 07:28:10+00:00,BRD-0000001878-53,True
1879,479,H23,4,2026-01-25 06:28:44+00:00,BRD-0000001879-28,False
1880,469,B13,6,2025-06-27 02:47:17+00:00,BRD-0000001880-45,True
1881,224,A27,3,2025-09-14 19:02:44+00:00,BRD-0000001881-19,False
1882,472,D28,5,2026-05-28 00:01:03+00:00,BRD-0000001882-44,True
1883,451,G20,5,2025-10-03 21:55:57+00:00,BRD-0000001883-20,False
1884,656,B11,5,2026-05-11 10:48:28+00:00,BRD-0000001884-51,True
1885,633,H13,6,2026-03-25 06:45:08+00:00,BRD-0000001885-46,True
1886,140,C5,6,2026-01-20 15:26:44+00:00,BRD-0000001886-55,True
1887,989,B8,2,2026-03-07 12:04:49+00:00,BRD-0000001887-38,True
1888,962,F6,1,2026-01-23 22:37:47+00:00,BRD-0000001888-66,True
1889,273,C12,4,2025-08-02 07:58:17+00:00,BRD-0000001889-29,False
1890,89,G30,2,2026-03-13 21:15:45+00:00,BRD-0000001890-91,True
1891,634,C7,4,2025-12-05 11:20:26+00:00,BRD-0000001891-58,True
1892,312,C30,1,2025-12-16 05:19:16+00:00,BRD-0000001892-31,True
1893,502,D7,3,2026-01-28 03:13:24+00:00,BRD-0000001893-22,False
1894,673,E20,6,2025-09-07 14:59:51+00:00,BRD-0000001894-28,False
1895,700,D21,3,2026-02-20 23:27:31+00:00,BRD-0000001895-62,True
1896,592,B29,6,2026-02-15 13:16:42+00:00,BRD-0000001896-17,True
1897,756,F12,6,2026-05-08 05:34:13+00:00,BRD-0000001897-64,True
1898,194,A5,6,2026-05-13 06:55:03+00:00,BRD-0000001898-18,False
1899,14,F4,1,2026-02-17 19:19:07+00:00,BRD-0000001899-92,True
1900,516,F6,3,2025-12-30 07:19:25+00:00,BRD-0000001900-33,False
1901,925,A29,2,2025-08-21 22:38:28+00:00,BRD-0000001901-10,True
1902,906,G6,2,2025-07-20 15:07:00+00:00,BRD-0000001902-33,True
1903,317,A5,2,2026-03-24 17:05:32+00:00,BRD-0000001903-81,True
1904,707,H23,2,2025-11-06 09:46:19+00:00,BRD-0000001904-56,True
1905,645,H25,5,2026-04-27 17:25:06+00:00,BRD-0000001905-43,True
1906,663,F22,2,2025-06-06 22:44:28+00:00,BRD-0000001906-68,True
1907,723,G24,4,2025-08-08 16:11:01+00:00,BRD-0000001907-53,True
1908,518,A30,5,2026-05-03 17:58:41+00:00,BRD-0000001908-42,True
1909,993,E15,4,2026-02-12 20:11:45+00:00,BRD-0000001909-27,False
1910,758,C8,2,2025-09-23 00:10:27+00:00,BRD-0000001910-12,True
1911,964,C25,3,2026-03-27 11:26:26+00:00,BRD-0000001911-51,True
1912,641,F30,2,2026-05-26 19:21:40+00:00,BRD-0000001912-31,False
1913,491,G9,1,2026-05-05 09:56:31+00:00,BRD-0000001913-81,True
1914,221,F21,2,2026-04-24 21:20:19+00:00,BRD-0000001914-21,False
1915,835,E11,1,2026-05-01 12:20:24+00:00,BRD-0000001915-27,True
1916,324,C5,5,2026-03-17 08:56:22+00:00,BRD-0000001916-76,True
1917,801,E28,1,2025-09-14 02:47:38+00:00,BRD-0000001917-55,False
1918,933,F28,5,2025-12-26 00:57:11+00:00,BRD-0000001918-64,True
1919,559,C9,4,2025-12-08 20:59:47+00:00,BRD-0000001919-35,True
1920,167,F4,3,2025-09-18 00:29:50+00:00,BRD-0000001920-89,True
1921,596,D25,4,2025-07-07 10:32:14+00:00,BRD-0000001921-50,False
1922,508,C5,1,2026-04-16 20:12:05+00:00,BRD-0000001922-63,True
1923,196,C7,6,2025-07-02 23:54:02+00:00,BRD-0000001923-96,False
1924,806,G24,2,2025-06-28 13:01:51+00:00,BRD-0000001924-96,True
1925,936,A3,4,2025-11-08 19:16:54+00:00,BRD-0000001925-14,False
1926,212,H7,6,2026-03-05 12:43:42+00:00,BRD-0000001926-33,True
1927,574,B10,3,2025-12-10 12:42:47+00:00,BRD-0000001927-75,True
1928,108,E22,1,2026-01-16 21:06:16+00:00,BRD-0000001928-15,True
1929,686,E4,4,2026-03-02 02:04:14+00:00,BRD-0000001929-34,True
1930,422,D15,3,2026-04-11 23:06:59+00:00,BRD-0000001930-45,True
1931,796,E8,6,2025-11-03 16:22:10+00:00,BRD-0000001931-96,False
1932,903,D1,6,2025-10-19 04:44:38+00:00,BRD-0000001932-55,False
1933,562,E11,1,2025-08-07 16:09:19+00:00,BRD-0000001933-44,False
1934,933,C18,3,2026-03-19 09:15:13+00:00,BRD-0000001934-15,True
1935,81,A11,5,2025-09-30 11:58:23+00:00,BRD-0000001935-11,True
1936,61,A4,6,2025-08-20 22:12:57+00:00,BRD-0000001936-67,False
1937,419,G3,4,2026-03-01 22:14:01+00:00,BRD-0000001937-85,True
1938,538,E8,3,2025-08-14 03:55:29+00:00,BRD-0000001938-83,True
1939,735,B18,1,2025-10-27 05:32:53+00:00,BRD-0000001939-37,True
1940,711,A24,6,2025-10-06 09:11:19+00:00,BRD-0000001940-50,True
1941,809,E20,1,2026-04-28 09:34:18+00:00,BRD-0000001941-27,True
1942,847,A27,3,2025-09-14 19:02:49+00:00,BRD-0000001942-25,False
1943,856,B2,3,2026-03-02 10:42:53+00:00,BRD-0000001943-10,True
1944,54,F30,4,2026-03-17 03:13:57+00:00,BRD-0000001944-19,True
1945,541,D2,1,2026-02-24 05:29:04+00:00,BRD-0000001945-30,True
1946,55,A13,2,2025-08-24 03:25:57+00:00,BRD-0000001946-36,True
1947,560,F2,4,2025-09-23 16:06:50+00:00,BRD-0000001947-33,True
1948,564,E12,5,2026-04-10 04:12:19+00:00,BRD-0000001948-51,True
1949,666,B19,2,2025-11-12 08:26:15+00:00,BRD-0000001949-57,False
1950,42,E17,4,2025-11-20 15:49:35+00:00,BRD-0000001950-42,True
1951,986,E23,2,2025-09-30 11:46:37+00:00,BRD-0000001951-75,True
1952,435,E10,1,2025-06-14 15:47:02+00:00,BRD-0000001952-58,True
1953,716,G7,6,2026-05-03 11:35:34+00:00,BRD-0000001953-92,True
1954,637,B29,2,2025-07-05 00:53:55+00:00,BRD-0000001954-93,False
1955,706,C14,4,2025-08-25 02:14:29+00:00,BRD-0000001955-63,True
1956,774,C10,6,2025-09-18 00:37:23+00:00,BRD-0000001956-28,False
1957,677,H7,5,2025-08-09 07:09:28+00:00,BRD-0000001957-85,True
1958,969,D19,2,2026-01-07 13:58:23+00:00,BRD-0000001958-29,False
1959,226,C8,6,2026-04-08 05:17:15+00:00,BRD-0000001959-81,True
1960,665,A27,2,2025-12-13 08:29:23+00:00,BRD-0000001960-25,True
1961,134,E27,4,2026-04-30 16:55:32+00:00,BRD-0000001961-35,True
1962,55,B1,3,2025-08-09 09:22:04+00:00,BRD-0000001962-77,True
1963,81,E25,4,2026-03-09 17:51:25+00:00,BRD-0000001963-91,True
1964,504,A11,5,2025-08-11 15:42:26+00:00,BRD-0000001964-22,True
1965,656,A17,3,2025-07-14 21:55:26+00:00,BRD-0000001965-70,True
1966,124,D2,3,2025-08-14 07:33:59+00:00,BRD-0000001966-26,True
1967,521,E30,3,2026-04-07 19:50:32+00:00,BRD-0000001967-73,True
1968,634,H28,2,2025-08-08 17:51:21+00:00,BRD-0000001968-47,False
1969,216,C5,1,2025-11-13 06:24:26+00:00,BRD-0000001969-91,False
1970,160,B8,3,2025-06-28 19:10:40+00:00,BRD-0000001970-55,False
1971,138,B20,4,2025-07-11 16:12:26+00:00,BRD-0000001971-68,True
1972,829,B28,1,2025-07-24 18:10:37+00:00,BRD-0000001972-79,False
1973,707,A5,4,2025-09-07 13:54:18+00:00,BRD-0000001973-54,True
1974,922,G9,5,2025-12-16 22:59:27+00:00,BRD-0000001974-89,True
1975,853,E17,1,2025-09-16 07:43:26+00:00,BRD-0000001975-47,True
1976,889,B22,2,2026-02-20 20:32:49+00:00,BRD-0000001976-38,True
1977,726,B13,4,2025-11-27 04:38:21+00:00,BRD-0000001977-64,True
1978,534,E15,1,2025-11-12 23:38:04+00:00,BRD-0000001978-93,True
1979,937,F2,6,2026-05-25 22:56:12+00:00,BRD-0000001979-16,False
1980,551,A16,3,2026-01-27 09:06:10+00:00,BRD-0000001980-55,False
1981,132,B30,1,2026-01-20 07:57:44+00:00,BRD-0000001981-12,True
1982,421,A24,6,2026-02-25 05:09:05+00:00,BRD-0000001982-58,True
1983,287,G3,4,2026-01-18 20:24:28+00:00,BRD-0000001983-84,True
1984,508,G18,4,2025-06-14 09:06:36+00:00,BRD-0000001984-64,True
1985,815,E16,2,2025-07-04 05:20:51+00:00,BRD-0000001985-65,True
1986,342,A3,4,2025-08-28 11:42:45+00:00,BRD-0000001986-36,True
1987,12,G7,2,2026-02-17 12:41:53+00:00,BRD-0000001987-16,False
1988,824,H1,4,2025-12-09 06:50:51+00:00,BRD-0000001988-55,True
1989,874,B20,5,2025-09-09 22:39:53+00:00,BRD-0000001989-63,True
1990,650,G16,1,2025-11-25 02:37:30+00:00,BRD-0000001990-44,True
1991,760,F14,6,2026-01-14 21:31:05+00:00,BRD-0000001991-74,True
1992,282,E22,1,2025-09-07 03:10:27+00:00,BRD-0000001992-73,True
1993,939,C10,5,2025-08-09 15:23:39+00:00,BRD-0000001993-16,True
1994,249,B9,6,2025-09-14 05:53:15+00:00,BRD-0000001994-42,False
1995,316,C20,3,2025-08-22 18:15:19+00:00,BRD-0000001995-82,False
1996,169,C20,6,2026-04-27 13:19:16+00:00,BRD-0000001996-13,True
1997,83,H8,1,2025-10-08 14:35:11+00:00,BRD-0000001997-70,False
1998,408,E21,2,2025-08-09 21:32:18+00:00,BRD-0000001998-77,True
1999,928,A23,1,2026-03-02 23:14:09+00:00,BRD-0000001999-60,True
2000,668,B23,1,2026-02-26 22:16:15+00:00,BRD-0000002000-12,True
2001,363,E8,2,2026-03-06 10:51:58+00:00,BRD-0000002001-13,True
2002,128,H30,5,2025-08-31 18:59:47+00:00,BRD-0000002002-68,True
2003,512,C2,1,2026-02-15 01:23:27+00:00,BRD-0000002003-56,True
2004,760,E11,1,2025-09-18 08:45:51+00:00,BRD-0000002004-65,False
2005,385,E28,1,2026-03-17 08:21:05+00:00,BRD-0000002005-64,True
2006,996,G27,5,2025-12-31 08:06:11+00:00,BRD-0000002006-17,False
2007,939,D10,3,2025-11-04 23:13:04+00:00,BRD-0000002007-11,True
2008,292,E30,5,2025-08-14 04:27:02+00:00,BRD-0000002008-24,True
2009,601,B3,6,2026-02-05 01:28:30+00:00,BRD-0000002009-91,True
2010,656,H11,3,2026-01-28 07:46:18+00:00,BRD-0000002010-39,True
2011,599,G2,2,2026-03-29 19:49:04+00:00,BRD-0000002011-80,True
2012,243,G21,1,2026-03-19 07:50:51+00:00,BRD-0000002012-42,False
2013,245,C28,6,2025-12-01 17:04:05+00:00,BRD-0000002013-77,False
2014,747,D6,1,2025-12-09 13:04:02+00:00,BRD-0000002014-31,True
2015,226,E9,3,2025-08-16 14:59:30+00:00,BRD-0000002015-64,True
2016,422,F1,6,2026-05-21 09:05:12+00:00,BRD-0000002016-79,True
2017,10,F30,3,2026-03-10 18:37:58+00:00,BRD-0000002017-52,False
2018,311,H5,5,2025-09-19 00:31:28+00:00,BRD-0000002018-14,True
2019,375,H20,3,2025-11-24 18:05:40+00:00,BRD-0000002019-11,True
2020,504,H29,5,2026-04-05 19:30:53+00:00,BRD-0000002020-13,True
2021,801,G3,5,2025-09-24 15:34:46+00:00,BRD-0000002021-41,True
2022,393,E24,1,2026-01-18 20:04:00+00:00,BRD-0000002022-87,False
2023,282,G17,4,2026-03-21 21:22:28+00:00,BRD-0000002023-28,False
2024,699,F15,3,2025-08-06 12:26:48+00:00,BRD-0000002024-50,False
2025,561,E4,3,2025-12-22 01:46:26+00:00,BRD-0000002025-95,False
2026,674,F6,3,2025-10-22 10:25:19+00:00,BRD-0000002026-63,True
2027,186,D5,6,2025-06-04 06:25:52+00:00,BRD-0000002027-63,True
2028,80,C9,1,2025-11-11 17:32:32+00:00,BRD-0000002028-15,False
2029,47,A22,1,2025-08-22 11:32:51+00:00,BRD-0000002029-12,False
2030,317,H11,4,2025-11-16 20:32:09+00:00,BRD-0000002030-89,True
2031,766,D17,4,2025-06-07 03:16:37+00:00,BRD-0000002031-41,False
2032,676,C21,4,2026-04-18 18:35:09+00:00,BRD-0000002032-54,True
2033,66,F23,3,2025-10-29 14:21:39+00:00,BRD-0000002033-19,False
2034,848,H7,1,2026-04-12 12:23:27+00:00,BRD-0000002034-94,False
2035,725,C9,2,2025-12-24 03:43:49+00:00,BRD-0000002035-30,False
2036,565,D3,1,2026-05-07 21:50:12+00:00,BRD-0000002036-31,True
2037,731,F11,5,2025-09-03 23:34:45+00:00,BRD-0000002037-87,True
2038,678,F9,4,2026-01-06 19:36:36+00:00,BRD-0000002038-84,False
2039,981,G27,1,2025-08-06 21:51:56+00:00,BRD-0000002039-57,True
2040,814,A6,4,2026-04-18 15:04:07+00:00,BRD-0000002040-86,True
2041,609,D22,3,2025-06-24 00:25:17+00:00,BRD-0000002041-72,True
2042,259,E19,4,2025-10-09 17:37:16+00:00,BRD-0000002042-81,True
2043,56,A27,3,2026-05-02 00:49:16+00:00,BRD-0000002043-52,True
2044,679,A25,2,2025-08-25 11:43:05+00:00,BRD-0000002044-70,False
2045,651,H20,5,2025-08-13 00:51:20+00:00,BRD-0000002045-39,True
2046,522,G10,3,2025-07-30 13:11:35+00:00,BRD-0000002046-35,False
2047,177,E3,5,2025-11-19 15:05:51+00:00,BRD-0000002047-92,True
2048,138,A12,2,2025-10-20 00:04:59+00:00,BRD-0000002048-59,True
2049,264,E6,3,2026-05-16 06:32:37+00:00,BRD-0000002049-51,True
2050,603,G21,5,2026-04-02 23:49:13+00:00,BRD-0000002050-54,True
2051,88,B25,3,2026-05-13 15:57:32+00:00,BRD-0000002051-43,True
2052,552,C16,2,2026-02-24 13:40:35+00:00,BRD-0000002052-83,True
2053,778,H10,4,2025-11-25 03:13:53+00:00,BRD-0000002053-17,True
2054,56,H18,1,2025-12-09 08:00:43+00:00,BRD-0000002054-77,False
2055,832,E26,5,2026-06-03 07:20:15+00:00,BRD-0000002055-57,False
2056,182,F14,5,2026-05-19 18:48:16+00:00,BRD-0000002056-44,False
2057,429,C13,5,2025-11-07 04:12:49+00:00,BRD-0000002057-37,True
2058,11,H30,3,2026-05-10 05:09:59+00:00,BRD-0000002058-54,True
2059,475,F17,4,2025-06-06 21:37:25+00:00,BRD-0000002059-94,True
2060,829,D7,6,2025-12-03 16:18:09+00:00,BRD-0000002060-62,True
2061,150,A19,1,2026-01-09 18:09:23+00:00,BRD-0000002061-73,True
2062,895,D4,6,2026-03-10 21:27:00+00:00,BRD-0000002062-65,False
2063,324,E28,1,2026-06-01 07:42:05+00:00,BRD-0000002063-41,False
2064,294,H26,4,2025-11-18 06:58:51+00:00,BRD-0000002064-51,True
2065,185,A23,1,2026-05-15 01:57:51+00:00,BRD-0000002065-64,True
2066,938,A25,3,2025-09-12 01:15:06+00:00,BRD-0000002066-77,True
2067,58,G2,6,2026-03-31 04:29:47+00:00,BRD-0000002067-37,True
2068,191,H12,5,2025-12-26 19:54:44+00:00,BRD-0000002068-13,True
2069,684,C8,1,2025-11-22 02:02:16+00:00,BRD-0000002069-17,False
2070,329,D27,4,2025-08-19 06:10:55+00:00,BRD-0000002070-64,False
2071,597,H24,2,2026-05-02 18:26:49+00:00,BRD-0000002071-13,True
2072,957,F19,1,2026-04-15 05:43:31+00:00,BRD-0000002072-22,False
2073,297,F12,5,2025-08-19 08:30:13+00:00,BRD-0000002073-15,True
2074,643,A24,2,2025-09-28 20:57:47+00:00,BRD-0000002074-31,True
2075,387,H6,2,2026-01-22 23:10:32+00:00,BRD-0000002075-65,False
2076,702,A23,6,2025-08-06 16:01:42+00:00,BRD-0000002076-16,True
2077,587,C13,2,2026-01-22 02:13:01+00:00,BRD-0000002077-27,True
2078,481,H19,4,2025-07-10 17:27:06+00:00,BRD-0000002078-14,False
2079,702,H18,2,2026-03-09 05:50:52+00:00,BRD-0000002079-64,False
2080,674,B19,6,2025-08-28 21:22:20+00:00,BRD-0000002080-28,True
2081,81,C5,2,2026-05-28 05:58:13+00:00,BRD-0000002081-16,True
2082,385,G26,2,2025-12-18 05:06:32+00:00,BRD-0000002082-62,False
2083,913,H3,1,2026-01-27 20:55:15+00:00,BRD-0000002083-71,True
2084,401,H1,4,2026-04-14 03:07:14+00:00,BRD-0000002084-55,True
2085,714,D7,4,2025-09-26 18:18:49+00:00,BRD-0000002085-97,True
2086,664,D20,3,2025-07-03 14:10:23+00:00,BRD-0000002086-27,False
2087,686,H15,6,2026-01-08 04:12:34+00:00,BRD-0000002087-18,True
2088,278,B14,5,2026-01-14 12:53:25+00:00,BRD-0000002088-15,True
2089,46,F11,3,2025-09-15 03:26:36+00:00,BRD-0000002089-99,False
2090,517,F26,6,2025-08-01 20:22:41+00:00,BRD-0000002090-55,True
2091,199,A5,1,2026-01-06 03:44:38+00:00,BRD-0000002091-88,False
2092,75,A4,3,2025-12-24 23:11:51+00:00,BRD-0000002092-13,True
2093,798,D16,5,2025-12-13 00:03:33+00:00,BRD-0000002093-43,True
2094,503,G24,1,2025-06-14 20:39:35+00:00,BRD-0000002094-20,False
2095,539,H27,3,2025-08-03 10:39:19+00:00,BRD-0000002095-47,True
2096,431,H21,2,2026-02-26 20:27:15+00:00,BRD-0000002096-79,False
2097,648,E4,2,2025-11-15 20:20:04+00:00,BRD-0000002097-59,False
2098,201,D16,1,2025-12-14 23:26:56+00:00,BRD-0000002098-85,True
2099,969,C26,3,2025-11-06 03:02:37+00:00,BRD-0000002099-58,False
2100,866,D29,4,2026-04-07 10:58:57+00:00,BRD-0000002100-94,True
2101,561,H10,3,2026-02-11 20:08:40+00:00,BRD-0000002101-83,True
2102,89,G29,1,2026-03-14 02:43:17+00:00,BRD-0000002102-33,False
2103,814,B22,2,2025-10-14 07:44:19+00:00,BRD-0000002103-55,True
2104,345,B22,5,2025-10-21 06:49:11+00:00,BRD-0000002104-76,True
2105,600,C6,3,2025-12-11 00:07:33+00:00,BRD-0000002105-84,False
2106,244,H28,5,2025-06-18 19:44:16+00:00,BRD-0000002106-52,False
2107,554,A16,6,2026-01-28 02:05:18+00:00,BRD-0000002107-30,True
2108,31,G5,6,2026-05-09 00:07:19+00:00,BRD-0000002108-84,True
2109,543,H21,4,2025-07-10 14:23:34+00:00,BRD-0000002109-15,True
2110,854,H29,1,2025-12-07 17:37:23+00:00,BRD-0000002110-98,True
2111,996,A22,3,2025-09-23 20:58:07+00:00,BRD-0000002111-10,True
2112,562,C2,1,2026-03-02 20:00:43+00:00,BRD-0000002112-27,False
2113,20,C14,6,2025-06-28 00:49:50+00:00,BRD-0000002113-98,True
2114,171,E10,2,2026-02-06 20:24:40+00:00,BRD-0000002114-32,True
2115,390,F19,2,2026-01-25 07:06:02+00:00,BRD-0000002115-71,False
2116,991,C22,2,2025-10-28 20:35:11+00:00,BRD-0000002116-29,True
2117,548,H6,4,2025-06-29 00:37:20+00:00,BRD-0000002117-97,False
2118,568,E27,1,2025-09-23 19:32:24+00:00,BRD-0000002118-71,False
2119,29,C3,2,2026-02-06 18:23:10+00:00,BRD-0000002119-74,True
2120,42,G22,2,2025-06-24 14:47:37+00:00,BRD-0000002120-37,True
2121,112,E20,3,2025-09-10 02:22:28+00:00,BRD-0000002121-11,True
2122,973,A9,4,2025-10-21 16:24:27+00:00,BRD-0000002122-66,True
2123,174,B12,5,2025-06-19 06:08:23+00:00,BRD-0000002123-38,True
2124,830,G27,3,2026-05-20 08:31:08+00:00,BRD-0000002124-86,True
2125,793,A18,3,2025-09-07 19:26:37+00:00,BRD-0000002125-45,True
2126,991,A18,1,2025-12-22 00:42:32+00:00,BRD-0000002126-83,True
2127,251,D26,1,2025-11-26 15:05:21+00:00,BRD-0000002127-28,True
2128,699,F30,2,2025-08-03 19:50:43+00:00,BRD-0000002128-45,True
2129,724,E25,5,2025-09-25 23:15:34+00:00,BRD-0000002129-25,False
2130,76,G8,3,2025-11-27 08:04:25+00:00,BRD-0000002130-57,True
2131,228,D11,3,2025-10-17 19:00:18+00:00,BRD-0000002131-93,True
2132,677,H2,5,2025-09-25 18:14:43+00:00,BRD-0000002132-38,False
2133,497,G7,6,2025-12-25 10:15:39+00:00,BRD-0000002133-26,True
2134,205,D7,3,2025-12-20 20:14:30+00:00,BRD-0000002134-49,True
2135,451,E8,1,2026-01-28 15:59:10+00:00,BRD-0000002135-13,False
2136,86,H9,4,2026-04-05 20:41:52+00:00,BRD-0000002136-12,True
2137,446,C1,6,2025-08-09 03:21:20+00:00,BRD-0000002137-26,True
2138,717,D10,1,2026-02-28 11:03:25+00:00,BRD-0000002138-71,False
2139,321,C28,3,2025-06-14 04:56:19+00:00,BRD-0000002139-67,True
2140,121,D20,6,2025-10-30 20:10:17+00:00,BRD-0000002140-77,True
2141,297,E7,6,2025-07-17 02:43:43+00:00,BRD-0000002141-97,True
2142,745,C22,5,2026-05-17 03:17:03+00:00,BRD-0000002142-16,True
2143,437,F10,1,2026-04-06 23:25:57+00:00,BRD-0000002143-88,True
2144,918,H28,2,2025-08-01 09:41:11+00:00,BRD-0000002144-46,True
2145,44,H23,3,2026-04-20 11:06:03+00:00,BRD-0000002145-51,False
2146,135,B1,3,2026-02-27 14:35:20+00:00,BRD-0000002146-83,True
2147,86,A2,6,2025-10-25 15:56:00+00:00,BRD-0000002147-87,True
2148,130,E2,5,2026-04-04 17:30:32+00:00,BRD-0000002148-13,True
2149,971,C15,2,2025-08-28 14:29:42+00:00,BRD-0000002149-89,True
2150,775,A15,4,2025-07-31 05:14:58+00:00,BRD-0000002150-10,True
2151,348,H17,1,2025-09-25 12:51:01+00:00,BRD-0000002151-75,True
2152,80,A18,4,2025-06-24 13:09:31+00:00,BRD-0000002152-60,True
2153,585,A30,3,2025-11-25 15:29:46+00:00,BRD-0000002153-49,False
2154,252,D22,4,2025-10-02 12:11:30+00:00,BRD-0000002154-79,True
2155,911,E22,1,2025-08-22 07:38:35+00:00,BRD-0000002155-97,False
2156,596,F25,4,2025-11-03 01:47:57+00:00,BRD-0000002156-69,True
2157,608,H15,4,2025-07-06 03:43:30+00:00,BRD-0000002157-44,False
2158,291,F6,4,2026-05-25 14:49:45+00:00,BRD-0000002158-38,True
2159,947,B6,6,2025-10-07 18:48:32+00:00,BRD-0000002159-35,True
2160,924,G1,2,2026-05-31 17:49:49+00:00,BRD-0000002160-89,False
2161,309,F22,3,2025-12-16 22:50:24+00:00,BRD-0000002161-16,True
2162,933,H19,2,2025-09-23 17:41:51+00:00,BRD-0000002162-14,False
2163,261,B28,1,2025-10-23 19:54:22+00:00,BRD-0000002163-74,False
2164,637,F21,3,2025-11-15 03:53:09+00:00,BRD-0000002164-15,False
2165,872,D1,2,2025-09-30 21:17:54+00:00,BRD-0000002165-92,True
2166,170,H13,5,2025-11-15 08:04:01+00:00,BRD-0000002166-84,False
2167,20,A10,1,2025-08-25 07:34:55+00:00,BRD-0000002167-72,True
2168,684,C15,2,2026-04-09 06:24:29+00:00,BRD-0000002168-39,True
2169,675,E24,3,2025-12-02 20:27:36+00:00,BRD-0000002169-17,False
2170,595,A26,4,2026-04-28 12:15:45+00:00,BRD-0000002170-46,True
2171,686,G2,3,2025-07-04 22:15:32+00:00,BRD-0000002171-67,True
2172,856,A25,4,2026-03-12 10:39:02+00:00,BRD-0000002172-45,False
2173,922,H3,1,2025-12-09 00:37:40+00:00,BRD-0000002173-97,True
2174,461,C30,6,2025-07-30 07:19:11+00:00,BRD-0000002174-68,True
2175,427,G27,3,2025-10-30 15:23:58+00:00,BRD-0000002175-38,True
2176,849,G5,2,2026-03-08 19:29:07+00:00,BRD-0000002176-60,True
2177,352,B6,4,2025-11-21 03:48:49+00:00,BRD-0000002177-47,True
2178,744,C27,3,2026-03-27 14:30:15+00:00,BRD-0000002178-50,False
2179,468,F5,1,2025-12-27 01:57:14+00:00,BRD-0000002179-33,False
2180,896,C14,1,2025-12-24 06:41:53+00:00,BRD-0000002180-94,False
2181,771,C20,2,2025-12-12 19:03:34+00:00,BRD-0000002181-70,False
2182,434,A13,2,2026-04-28 01:22:44+00:00,BRD-0000002182-60,True
2183,205,G13,4,2025-06-15 23:06:40+00:00,BRD-0000002183-96,True
2184,305,H12,2,2025-11-09 00:16:03+00:00,BRD-0000002184-65,True
2185,150,C26,3,2026-03-28 23:02:10+00:00,BRD-0000002185-52,False
2186,257,A22,5,2026-04-12 15:51:56+00:00,BRD-0000002186-16,True
2187,773,C25,6,2026-04-29 20:13:31+00:00,BRD-0000002187-98,False
2188,100,A27,6,2026-04-01 08:47:02+00:00,BRD-0000002188-35,False
2189,832,H23,6,2025-11-26 22:15:33+00:00,BRD-0000002189-70,True
2190,914,H29,3,2026-04-06 16:02:14+00:00,BRD-0000002190-46,False
2191,332,E20,2,2025-06-25 22:00:45+00:00,BRD-0000002191-43,False
2192,972,A14,3,2026-03-29 18:57:40+00:00,BRD-0000002192-55,True
2193,21,C7,4,2025-12-11 04:37:58+00:00,BRD-0000002193-91,True
2194,195,C16,6,2025-06-04 17:54:23+00:00,BRD-0000002194-85,True
2195,909,F8,4,2025-08-31 08:31:40+00:00,BRD-0000002195-17,False
2196,367,D1,5,2026-04-04 08:01:30+00:00,BRD-0000002196-76,True
2197,621,B11,2,2026-03-19 11:20:15+00:00,BRD-0000002197-90,True
2198,695,A17,5,2026-01-28 10:04:17+00:00,BRD-0000002198-24,True
2199,410,E21,4,2025-09-01 14:26:18+00:00,BRD-0000002199-31,False
2200,86,F29,5,2025-06-23 11:25:55+00:00,BRD-0000002200-19,True
2201,285,A19,3,2025-11-16 19:37:35+00:00,BRD-0000002201-72,False
2202,596,E23,5,2026-03-07 03:37:30+00:00,BRD-0000002202-12,False
2203,38,G13,5,2025-11-16 20:18:00+00:00,BRD-0000002203-28,True
2204,683,E3,3,2025-08-02 22:38:05+00:00,BRD-0000002204-50,True
2205,398,E30,3,2026-03-19 19:43:58+00:00,BRD-0000002205-47,False
2206,423,H4,4,2026-03-04 01:09:03+00:00,BRD-0000002206-95,True
2207,903,D6,3,2025-11-27 14:18:43+00:00,BRD-0000002207-66,False
2208,552,C12,5,2025-09-12 09:29:18+00:00,BRD-0000002208-52,False
2209,488,C14,6,2026-05-16 05:24:10+00:00,BRD-0000002209-95,True
2210,933,A18,1,2026-02-01 21:18:20+00:00,BRD-0000002210-89,False
2211,884,D16,6,2025-12-12 11:02:38+00:00,BRD-0000002211-64,True
2212,667,G1,4,2025-11-11 17:03:47+00:00,BRD-0000002212-69,True
2213,305,F12,4,2025-12-22 15:21:47+00:00,BRD-0000002213-31,True
2214,158,A15,5,2025-10-17 16:05:34+00:00,BRD-0000002214-23,False
2215,853,C30,3,2026-04-06 21:37:19+00:00,BRD-0000002215-28,False
2216,171,D2,1,2025-12-05 20:30:38+00:00,BRD-0000002216-37,True
2217,483,G5,5,2025-09-25 06:52:35+00:00,BRD-0000002217-71,True
2218,869,D10,1,2026-04-06 15:47:05+00:00,BRD-0000002218-67,True
2219,169,G14,6,2025-07-05 19:25:39+00:00,BRD-0000002219-18,False
2220,412,C5,3,2026-02-08 22:08:33+00:00,BRD-0000002220-89,True
2221,438,D4,2,2025-07-18 18:03:51+00:00,BRD-0000002221-50,True
2222,587,H5,2,2026-05-07 23:02:30+00:00,BRD-0000002222-42,True
2223,422,A12,5,2026-03-04 05:01:33+00:00,BRD-0000002223-68,True
2224,347,F7,3,2025-06-12 09:10:20+00:00,BRD-0000002224-76,False
2225,315,G25,6,2026-03-11 08:39:03+00:00,BRD-0000002225-23,True
2226,728,F28,1,2026-03-26 06:51:41+00:00,BRD-0000002226-67,True
2227,237,F26,5,2026-04-27 08:06:50+00:00,BRD-0000002227-34,True
2228,29,H28,4,2025-08-04 08:05:16+00:00,BRD-0000002228-60,False
2229,833,B11,4,2026-03-31 02:20:01+00:00,BRD-0000002229-73,True
2230,758,F4,3,2025-06-14 23:06:20+00:00,BRD-0000002230-58,True
2231,38,G3,5,2026-01-04 21:40:00+00:00,BRD-0000002231-99,True
2232,574,G7,1,2025-10-30 09:48:31+00:00,BRD-0000002232-57,False
2233,694,D11,2,2025-07-06 07:50:53+00:00,BRD-0000002233-57,False
2234,609,H20,6,2025-08-21 11:07:17+00:00,BRD-0000002234-37,False
2235,746,A21,3,2026-04-11 09:41:45+00:00,BRD-0000002235-95,True
2236,726,A27,5,2026-04-17 06:53:10+00:00,BRD-0000002236-52,False
2237,721,D29,6,2025-12-24 15:52:58+00:00,BRD-0000002237-39,False
2238,566,B10,5,2025-09-03 20:26:30+00:00,BRD-0000002238-80,True
2239,177,E26,6,2025-08-23 13:09:57+00:00,BRD-0000002239-90,True
2240,760,E20,5,2025-09-06 13:27:53+00:00,BRD-0000002240-45,True
2241,405,E23,4,2026-01-11 05:32:38+00:00,BRD-0000002241-49,True
2242,131,G28,5,2025-10-07 08:42:33+00:00,BRD-0000002242-55,True
2243,120,F19,4,2025-11-21 13:46:57+00:00,BRD-0000002243-41,True
2244,988,F21,5,2026-02-15 20:23:41+00:00,BRD-0000002244-30,False
2245,40,H3,5,2025-12-23 22:55:05+00:00,BRD-0000002245-14,False
2246,214,B26,4,2026-04-09 05:57:01+00:00,BRD-0000002246-62,False
2247,417,H1,1,2025-08-10 06:30:19+00:00,BRD-0000002247-50,False
2248,750,D13,5,2025-10-26 13:24:41+00:00,BRD-0000002248-74,True
2249,772,D19,5,2025-06-16 10:51:32+00:00,BRD-0000002249-25,True
2250,673,D23,6,2025-08-21 23:35:01+00:00,BRD-0000002250-14,True
2251,188,H9,6,2025-06-26 18:47:51+00:00,BRD-0000002251-47,True
2252,58,F6,1,2025-08-15 22:24:09+00:00,BRD-0000002252-68,True
2253,943,A21,4,2026-02-02 04:44:46+00:00,BRD-0000002253-34,True
2254,698,B12,3,2026-03-14 12:13:21+00:00,BRD-0000002254-74,True
2255,835,G17,4,2025-09-01 11:04:55+00:00,BRD-0000002255-10,False
2256,718,F8,2,2025-11-26 01:56:20+00:00,BRD-0000002256-43,True
2257,682,D22,4,2026-04-30 06:41:27+00:00,BRD-0000002257-73,True
2258,173,A14,6,2025-08-05 03:15:26+00:00,BRD-0000002258-23,False
2259,592,A14,6,2026-05-11 13:13:19+00:00,BRD-0000002259-86,False
2260,975,E23,3,2025-10-24 06:43:42+00:00,BRD-0000002260-29,False
2261,294,E4,6,2025-12-09 22:15:38+00:00,BRD-0000002261-91,True
2262,455,E25,1,2026-01-07 02:24:42+00:00,BRD-0000002262-26,False
2263,200,E19,4,2026-03-12 14:30:40+00:00,BRD-0000002263-56,False
2264,276,A17,1,2026-05-06 07:41:13+00:00,BRD-0000002264-90,True
2265,91,C6,3,2026-05-27 00:26:06+00:00,BRD-0000002265-25,True
2266,260,G26,2,2025-09-25 21:43:57+00:00,BRD-0000002266-13,True
2267,936,B2,3,2025-06-15 04:14:23+00:00,BRD-0000002267-74,True
2268,917,E6,4,2026-01-12 17:32:49+00:00,BRD-0000002268-32,True
2269,685,C5,1,2025-06-09 20:20:08+00:00,BRD-0000002269-66,True
2270,417,D1,3,2025-07-29 03:01:23+00:00,BRD-0000002270-41,False
2271,661,D19,6,2025-11-02 07:03:42+00:00,BRD-0000002271-29,True
2272,95,D4,2,2025-08-29 13:12:11+00:00,BRD-0000002272-71,True
2273,593,H7,2,2026-01-01 22:15:16+00:00,BRD-0000002273-75,True
2274,860,D30,4,2026-02-04 19:00:07+00:00,BRD-0000002274-60,False
2275,918,E11,1,2025-06-09 07:12:27+00:00,BRD-0000002275-11,True
2276,566,C13,5,2025-06-06 00:51:15+00:00,BRD-0000002276-37,True
2277,791,C25,4,2025-07-20 12:29:43+00:00,BRD-0000002277-26,True
2278,335,E21,5,2026-02-19 20:58:35+00:00,BRD-0000002278-56,True
2279,73,C21,2,2026-02-12 06:37:22+00:00,BRD-0000002279-20,True
2280,677,D5,1,2025-07-06 16:44:11+00:00,BRD-0000002280-26,True
2281,739,B29,2,2025-09-03 09:48:33+00:00,BRD-0000002281-57,True
2282,788,H10,5,2025-12-07 16:37:12+00:00,BRD-0000002282-99,True
2283,68,E15,6,2025-06-24 19:53:41+00:00,BRD-0000002283-21,False
2284,824,B6,2,2026-01-06 20:30:53+00:00,BRD-0000002284-19,False
2285,209,D6,5,2025-06-18 23:50:55+00:00,BRD-0000002285-50,True
2286,237,G17,2,2025-12-10 22:21:43+00:00,BRD-0000002286-55,True
2287,620,E20,3,2026-05-20 11:25:15+00:00,BRD-0000002287-42,True
2288,961,E27,6,2026-04-03 20:06:11+00:00,BRD-0000002288-42,True
2289,937,F22,5,2026-01-13 08:56:28+00:00,BRD-0000002289-21,False
2290,941,C26,1,2026-02-03 21:06:30+00:00,BRD-0000002290-40,True
2291,542,B12,6,2026-04-03 14:17:51+00:00,BRD-0000002291-25,False
2292,520,G30,4,2025-12-21 19:18:50+00:00,BRD-0000002292-49,True
2293,580,C16,2,2025-06-30 20:41:51+00:00,BRD-0000002293-15,False
2294,756,D22,3,2026-01-12 07:08:15+00:00,BRD-0000002294-34,True
2295,973,H11,5,2026-02-09 21:50:10+00:00,BRD-0000002295-48,True
2296,864,D7,6,2026-05-24 17:40:09+00:00,BRD-0000002296-87,True
2297,399,H28,6,2026-04-24 15:32:18+00:00,BRD-0000002297-15,False
2298,725,A17,2,2026-05-28 12:53:40+00:00,BRD-0000002298-50,False
2299,560,E24,5,2025-06-11 20:58:12+00:00,BRD-0000002299-47,True
2300,305,E2,1,2026-03-23 09:04:48+00:00,BRD-0000002300-72,True
2301,846,B8,2,2026-02-02 22:43:34+00:00,BRD-0000002301-72,False
2302,504,A21,4,2026-05-23 16:48:17+00:00,BRD-0000002302-67,True
2303,132,H23,2,2025-06-25 00:23:21+00:00,BRD-0000002303-55,True
2304,695,G13,4,2025-07-17 13:15:21+00:00,BRD-0000002304-22,True
2305,391,D7,1,2025-09-25 19:34:18+00:00,BRD-0000002305-56,True
2306,248,B8,1,2025-08-01 01:51:19+00:00,BRD-0000002306-92,True
2307,532,B21,5,2025-09-18 02:15:52+00:00,BRD-0000002307-93,False
2308,825,E19,5,2026-05-06 01:56:36+00:00,BRD-0000002308-28,False
2309,661,A15,3,2026-05-27 21:08:00+00:00,BRD-0000002309-18,True
2310,238,D13,4,2026-04-30 06:34:40+00:00,BRD-0000002310-29,True
2311,798,H22,5,2025-09-07 18:10:28+00:00,BRD-0000002311-46,True
2312,529,A3,4,2025-07-09 08:36:41+00:00,BRD-0000002312-41,True
2313,639,F28,2,2025-11-13 19:59:11+00:00,BRD-0000002313-89,True
2314,598,D7,2,2025-08-28 17:06:49+00:00,BRD-0000002314-19,True
2315,581,D23,3,2025-09-13 21:12:33+00:00,BRD-0000002315-73,True
2316,97,H13,5,2025-06-22 08:53:05+00:00,BRD-0000002316-74,True
2317,14,F20,4,2026-01-06 15:59:50+00:00,BRD-0000002317-28,True
2318,341,A27,2,2026-01-09 16:40:10+00:00,BRD-0000002318-43,True
2319,937,D15,1,2026-05-18 20:30:36+00:00,BRD-0000002319-59,True
2320,822,C4,2,2026-05-13 23:24:24+00:00,BRD-0000002320-43,True
2321,400,E7,1,2026-03-21 10:47:58+00:00,BRD-0000002321-12,True
2322,509,C3,2,2025-07-18 14:34:14+00:00,BRD-0000002322-30,False
2323,375,D15,1,2026-01-30 07:21:23+00:00,BRD-0000002323-87,True
2324,614,A10,5,2026-04-14 14:53:34+00:00,BRD-0000002324-23,False
2325,354,E1,5,2025-12-06 21:18:56+00:00,BRD-0000002325-18,True
2326,840,B28,1,2025-09-13 07:18:44+00:00,BRD-0000002326-21,True
2327,905,G3,4,2025-10-07 02:54:18+00:00,BRD-0000002327-70,True
2328,751,H20,1,2026-01-30 02:45:11+00:00,BRD-0000002328-17,True
2329,932,D21,5,2026-05-07 02:45:16+00:00,BRD-0000002329-48,True
2330,18,G22,3,2026-03-12 09:05:19+00:00,BRD-0000002330-37,True
2331,984,E13,1,2026-05-17 03:29:20+00:00,BRD-0000002331-54,False
2332,301,B30,1,2025-07-19 19:44:52+00:00,BRD-0000002332-22,False
2333,970,C12,3,2025-12-16 12:35:54+00:00,BRD-0000002333-51,True
2334,991,F17,5,2025-10-22 04:27:18+00:00,BRD-0000002334-32,True
2335,312,E23,2,2025-12-02 03:08:08+00:00,BRD-0000002335-73,True
2336,784,G24,3,2026-02-01 22:53:18+00:00,BRD-0000002336-68,False
2337,504,G24,3,2025-09-19 21:22:49+00:00,BRD-0000002337-55,False
2338,595,F17,1,2026-02-05 19:56:28+00:00,BRD-0000002338-27,False
2339,151,H6,3,2025-09-30 07:49:04+00:00,BRD-0000002339-43,False
2340,271,H29,6,2026-05-02 09:00:41+00:00,BRD-0000002340-87,True
2341,847,F29,1,2025-12-24 08:36:54+00:00,BRD-0000002341-51,True
2342,541,B19,2,2025-07-22 05:41:45+00:00,BRD-0000002342-45,False
2343,369,D7,1,2026-05-22 15:29:28+00:00,BRD-0000002343-40,True
2344,632,D24,6,2026-04-13 11:30:14+00:00,BRD-0000002344-49,True
2345,67,B18,1,2025-07-08 05:17:02+00:00,BRD-0000002345-29,False
2346,408,F9,6,2025-09-09 03:11:15+00:00,BRD-0000002346-80,False
2347,201,B14,1,2025-12-07 09:27:30+00:00,BRD-0000002347-23,True
2348,291,F21,4,2025-09-16 00:28:38+00:00,BRD-0000002348-16,False
2349,548,D5,5,2026-03-10 14:55:46+00:00,BRD-0000002349-84,False
2350,627,G24,1,2026-04-03 13:26:03+00:00,BRD-0000002350-79,True
2351,919,G14,1,2026-04-27 07:51:47+00:00,BRD-0000002351-87,True
2352,151,D12,3,2026-04-08 11:30:16+00:00,BRD-0000002352-63,False
2353,369,H10,4,2026-03-09 20:37:57+00:00,BRD-0000002353-58,False
2354,673,F24,4,2025-12-15 12:20:11+00:00,BRD-0000002354-99,True
2355,866,E30,1,2025-09-12 15:42:32+00:00,BRD-0000002355-50,True
2356,174,H12,3,2025-07-04 14:15:25+00:00,BRD-0000002356-27,False
2357,902,G23,6,2025-07-24 00:30:59+00:00,BRD-0000002357-97,False
2358,405,B28,2,2025-08-20 18:29:00+00:00,BRD-0000002358-40,False
2359,419,F15,1,2025-12-20 02:02:21+00:00,BRD-0000002359-60,True
2360,133,E23,6,2025-06-09 22:35:49+00:00,BRD-0000002360-88,True
2361,599,B18,6,2025-09-18 06:08:46+00:00,BRD-0000002361-74,False
2362,341,G27,6,2026-05-12 05:36:06+00:00,BRD-0000002362-50,False
2363,313,H8,3,2025-08-12 23:56:49+00:00,BRD-0000002363-52,True
2364,78,B26,5,2026-03-15 23:06:30+00:00,BRD-0000002364-35,True
2365,956,F21,1,2025-11-24 09:14:54+00:00,BRD-0000002365-94,True
2366,907,E18,4,2025-08-07 07:21:48+00:00,BRD-0000002366-57,False
2367,44,D29,2,2026-05-30 17:40:01+00:00,BRD-0000002367-47,True
2368,48,G19,6,2025-06-22 17:48:32+00:00,BRD-0000002368-83,True
2369,395,A16,3,2025-10-02 21:36:48+00:00,BRD-0000002369-40,True
2370,552,D9,5,2025-06-07 17:54:04+00:00,BRD-0000002370-45,True
2371,262,D27,5,2026-02-19 20:24:54+00:00,BRD-0000002371-50,True
2372,617,G12,5,2026-03-11 18:26:35+00:00,BRD-0000002372-57,True
2373,807,G26,2,2026-01-31 12:45:08+00:00,BRD-0000002373-90,True
2374,492,B25,2,2026-04-12 13:16:22+00:00,BRD-0000002374-35,True
2375,83,D28,2,2025-07-03 03:01:19+00:00,BRD-0000002375-60,True
2376,223,E26,6,2026-02-05 04:16:41+00:00,BRD-0000002376-58,True
2377,402,E18,6,2025-09-18 22:45:47+00:00,BRD-0000002377-12,True
2378,367,H20,1,2026-05-13 01:50:07+00:00,BRD-0000002378-13,True
2379,594,E27,4,2025-07-27 15:06:08+00:00,BRD-0000002379-29,True
2380,614,G13,2,2025-07-25 22:59:29+00:00,BRD-0000002380-14,True
2381,345,H23,3,2025-08-30 02:36:55+00:00,BRD-0000002381-39,False
2382,244,A4,4,2025-11-14 23:37:57+00:00,BRD-0000002382-88,True
2383,151,H1,1,2026-05-24 17:54:27+00:00,BRD-0000002383-71,True
2384,300,B19,6,2026-06-02 19:37:42+00:00,BRD-0000002384-80,True
2385,117,A22,3,2025-07-13 11:11:57+00:00,BRD-0000002385-51,False
2386,577,C21,2,2025-10-27 15:08:25+00:00,BRD-0000002386-62,True
2387,498,G6,6,2026-05-19 18:13:19+00:00,BRD-0000002387-41,True
2388,173,D1,3,2026-04-03 13:27:22+00:00,BRD-0000002388-87,False
2389,908,D2,2,2026-05-04 07:41:47+00:00,BRD-0000002389-79,True
2390,83,H4,3,2025-08-26 19:33:08+00:00,BRD-0000002390-22,True
2391,435,A2,1,2025-11-15 12:08:39+00:00,BRD-0000002391-17,False
2392,603,C6,2,2025-09-20 01:02:11+00:00,BRD-0000002392-34,True
2393,346,G21,5,2026-04-03 17:42:08+00:00,BRD-0000002393-39,True
2394,828,A28,2,2025-09-06 22:46:06+00:00,BRD-0000002394-85,True
2395,620,A7,1,2025-10-07 11:46:53+00:00,BRD-0000002395-55,False
2396,14,E10,3,2025-07-17 23:46:02+00:00,BRD-0000002396-57,False
2397,200,A10,6,2025-10-25 11:53:30+00:00,BRD-0000002397-87,True
2398,723,F22,3,2025-09-06 15:28:25+00:00,BRD-0000002398-14,True
2399,779,G9,6,2025-11-13 22:12:48+00:00,BRD-0000002399-80,True
2400,899,H11,5,2026-02-15 16:34:51+00:00,BRD-0000002400-68,True
2401,144,G26,2,2026-03-11 02:34:05+00:00,BRD-0000002401-54,False
2402,25,E10,2,2026-05-21 16:25:19+00:00,BRD-0000002402-11,False
2403,585,E6,2,2026-01-13 00:34:33+00:00,BRD-0000002403-92,False
2404,746,H4,2,2025-08-09 15:29:00+00:00,BRD-0000002404-52,True
2405,546,D29,6,2025-08-13 08:26:02+00:00,BRD-0000002405-40,True
2406,975,G15,1,2025-07-02 13:20:31+00:00,BRD-0000002406-98,True
2407,189,D4,2,2025-07-12 08:03:03+00:00,BRD-0000002407-94,False
2408,761,H30,6,2026-03-31 03:44:31+00:00,BRD-0000002408-69,True
2409,702,H18,1,2025-10-04 20:42:41+00:00,BRD-0000002409-24,False
2410,274,G22,3,2026-05-15 15:39:38+00:00,BRD-0000002410-41,True
2411,223,E19,3,2026-04-04 16:09:08+00:00,BRD-0000002411-67,True
2412,793,G17,6,2025-08-05 17:44:33+00:00,BRD-0000002412-34,True
2413,269,G18,5,2026-04-29 10:40:47+00:00,BRD-0000002413-51,True
2414,845,A4,5,2026-02-07 22:01:41+00:00,BRD-0000002414-70,False
2415,360,E4,6,2025-06-18 17:10:52+00:00,BRD-0000002415-87,True
2416,784,C28,6,2026-03-02 10:19:26+00:00,BRD-0000002416-78,False
2417,941,F2,2,2025-12-16 15:34:51+00:00,BRD-0000002417-45,True
2418,381,G4,2,2026-02-08 07:08:24+00:00,BRD-0000002418-31,True
2419,81,F10,1,2025-08-11 07:48:54+00:00,BRD-0000002419-11,False
2420,804,D14,3,2025-11-29 04:38:32+00:00,BRD-0000002420-93,True
2421,6,B4,3,2026-06-02 08:15:53+00:00,BRD-0000002421-99,True
2422,858,G29,6,2025-09-26 09:51:23+00:00,BRD-0000002422-43,False
2423,2,C22,4,2026-04-06 18:49:43+00:00,BRD-0000002423-91,True
2424,822,F18,4,2026-05-07 10:57:46+00:00,BRD-0000002424-17,True
2425,103,C13,6,2025-12-20 07:46:44+00:00,BRD-0000002425-29,True
2426,491,D24,2,2025-07-05 08:49:19+00:00,BRD-0000002426-99,False
2427,498,B18,6,2025-06-26 18:50:49+00:00,BRD-0000002427-71,False
2428,403,E27,2,2025-09-19 18:41:10+00:00,BRD-0000002428-87,False
2429,115,G15,1,2025-09-25 19:18:45+00:00,BRD-0000002429-77,False
2430,310,B5,2,2025-08-27 12:31:18+00:00,BRD-0000002430-40,False
2431,158,B3,6,2026-03-13 06:12:13+00:00,BRD-0000002431-71,False
2432,477,E4,5,2026-03-16 23:38:36+00:00,BRD-0000002432-30,True
2433,378,H27,2,2025-06-06 13:39:58+00:00,BRD-0000002433-26,True
2434,314,A28,2,2026-01-24 22:28:09+00:00,BRD-0000002434-95,True
2435,910,G5,4,2025-09-26 08:20:17+00:00,BRD-0000002435-25,True
2436,757,H18,3,2025-12-05 05:47:08+00:00,BRD-0000002436-27,False
2437,421,D14,6,2025-12-20 02:31:14+00:00,BRD-0000002437-57,True
2438,547,F24,6,2025-09-25 03:41:44+00:00,BRD-0000002438-65,True
2439,187,E25,2,2026-02-17 19:10:39+00:00,BRD-0000002439-48,False
2440,524,G29,5,2025-10-25 02:20:46+00:00,BRD-0000002440-22,True
2441,985,E20,1,2025-07-02 14:32:02+00:00,BRD-0000002441-32,True
2442,86,C18,6,2026-04-03 12:29:59+00:00,BRD-0000002442-84,True
2443,563,B17,5,2026-01-19 05:38:02+00:00,BRD-0000002443-15,False
2444,980,H6,5,2025-12-17 04:02:05+00:00,BRD-0000002444-72,False
2445,597,C27,2,2025-09-13 07:47:43+00:00,BRD-0000002445-98,True
2446,833,E15,3,2025-09-19 21:30:54+00:00,BRD-0000002446-94,False
2447,854,G24,6,2025-07-26 06:08:16+00:00,BRD-0000002447-17,True
2448,500,G4,1,2025-10-10 00:16:29+00:00,BRD-0000002448-32,True
2449,621,E13,5,2026-05-16 05:18:11+00:00,BRD-0000002449-17,True
2450,23,D21,5,2025-12-20 12:13:48+00:00,BRD-0000002450-41,True
2451,185,G4,2,2025-09-15 21:57:38+00:00,BRD-0000002451-66,True
2452,562,D2,6,2026-03-17 04:05:14+00:00,BRD-0000002452-21,True
2453,218,H8,1,2025-07-28 04:31:23+00:00,BRD-0000002453-77,True
2454,69,C27,5,2026-05-02 20:22:10+00:00,BRD-0000002454-26,False
2455,493,D4,3,2026-05-14 20:46:29+00:00,BRD-0000002455-68,True
2456,475,H28,4,2025-12-02 10:39:53+00:00,BRD-0000002456-31,False
2457,314,F13,5,2025-10-02 22:17:16+00:00,BRD-0000002457-81,False
2458,699,E4,1,2025-12-18 17:07:02+00:00,BRD-0000002458-84,False
2459,436,F3,4,2025-07-17 14:31:42+00:00,BRD-0000002459-54,True
2460,758,C5,4,2026-02-27 20:22:11+00:00,BRD-0000002460-60,True
2461,228,H14,2,2025-09-13 07:00:36+00:00,BRD-0000002461-95,False
2462,87,F8,4,2026-01-22 16:27:46+00:00,BRD-0000002462-64,True
2463,480,D29,5,2025-07-16 07:58:29+00:00,BRD-0000002463-66,True
2464,100,D7,5,2025-07-15 07:24:05+00:00,BRD-0000002464-69,True
2465,654,H28,6,2025-12-06 09:20:04+00:00,BRD-0000002465-51,True
2466,789,D11,3,2026-03-20 12:56:47+00:00,BRD-0000002466-63,True
2467,100,D17,3,2026-05-14 23:35:58+00:00,BRD-0000002467-16,False
2468,750,E9,6,2025-07-03 15:38:15+00:00,BRD-0000002468-46,True
2469,851,E22,4,2025-10-04 18:33:45+00:00,BRD-0000002469-51,False
2470,233,G4,1,2026-01-14 21:42:55+00:00,BRD-0000002470-91,False
2471,318,E15,5,2026-02-02 07:57:20+00:00,BRD-0000002471-36,False
2472,812,D26,5,2026-01-16 06:24:08+00:00,BRD-0000002472-73,True
2473,588,F17,3,2025-08-30 13:05:11+00:00,BRD-0000002473-96,True
2474,462,H12,5,2025-12-23 20:58:29+00:00,BRD-0000002474-81,True
2475,828,C10,4,2025-12-21 08:58:14+00:00,BRD-0000002475-46,False
2476,564,D3,1,2025-12-15 14:57:50+00:00,BRD-0000002476-62,False
2477,817,C28,4,2025-11-04 21:51:17+00:00,BRD-0000002477-58,True
2478,879,D18,5,2025-09-17 15:27:48+00:00,BRD-0000002478-50,False
2479,775,C5,4,2026-04-25 21:12:04+00:00,BRD-0000002479-33,True
2480,911,F19,4,2026-05-04 23:02:06+00:00,BRD-0000002480-76,False
2481,371,D10,2,2026-04-04 16:19:07+00:00,BRD-0000002481-93,True
2482,498,A4,2,2026-04-14 03:14:49+00:00,BRD-0000002482-51,True
2483,195,C19,4,2025-11-08 17:37:48+00:00,BRD-0000002483-40,False
2484,20,D3,5,2026-05-03 23:44:48+00:00,BRD-0000002484-69,True
2485,874,H12,5,2025-11-05 00:02:27+00:00,BRD-0000002485-26,True
2486,832,B5,4,2025-09-03 05:39:45+00:00,BRD-0000002486-11,False
2487,754,G12,4,2025-11-16 01:59:30+00:00,BRD-0000002487-97,True
2488,740,D9,5,2026-05-09 17:01:33+00:00,BRD-0000002488-34,True
2489,264,E13,2,2026-05-12 13:22:01+00:00,BRD-0000002489-59,True
2490,447,C30,1,2026-02-15 19:50:55+00:00,BRD-0000002490-85,True
2491,295,B21,1,2025-10-29 15:41:37+00:00,BRD-0000002491-37,True
2492,408,D22,5,2025-08-09 16:25:02+00:00,BRD-0000002492-35,True
2493,227,H1,5,2026-04-05 21:55:54+00:00,BRD-0000002493-51,False
2494,899,A24,2,2025-08-22 17:00:32+00:00,BRD-0000002494-58,True
2495,307,E28,2,2026-01-02 02:21:22+00:00,BRD-0000002495-88,True
2496,799,F2,6,2025-10-16 02:17:30+00:00,BRD-0000002496-83,True
2497,41,H2,6,2025-09-02 11:52:02+00:00,BRD-0000002497-41,True
2498,433,A20,3,2026-05-23 11:16:16+00:00,BRD-0000002498-23,True
2499,786,H21,4,2026-02-04 19:22:53+00:00,BRD-0000002499-39,True
2500,874,E22,4,2025-09-27 18:14:36+00:00,BRD-0000002500-98,False
2501,865,D10,6,2025-06-19 21:46:46+00:00,BRD-0000002501-39,True
2502,483,C30,1,2025-08-01 00:39:21+00:00,BRD-0000002502-89,False
2503,977,F18,3,2025-07-04 09:44:41+00:00,BRD-0000002503-30,True
2504,866,C14,6,2026-01-04 06:27:48+00:00,BRD-0000002504-86,False
2505,88,B21,6,2025-12-08 20:01:14+00:00,BRD-0000002505-22,True
2506,255,G1,6,2026-05-08 10:49:01+00:00,BRD-0000002506-98,False
2507,937,F4,1,2026-02-10 20:06:25+00:00,BRD-0000002507-41,True
2508,438,B13,5,2025-09-04 18:29:41+00:00,BRD-0000002508-34,True
2509,148,E5,6,2025-12-07 10:00:32+00:00,BRD-0000002509-81,True
2510,371,E9,4,2025-11-15 05:50:51+00:00,BRD-0000002510-13,True
2511,956,A27,6,2025-08-25 00:08:37+00:00,BRD-0000002511-23,True
2512,464,A7,2,2026-05-30 19:11:28+00:00,BRD-0000002512-23,False
2513,567,C9,2,2025-10-08 19:56:49+00:00,BRD-0000002513-41,False
2514,44,E23,5,2025-06-06 21:45:13+00:00,BRD-0000002514-60,False
2515,833,A7,3,2026-03-20 17:08:59+00:00,BRD-0000002515-18,True
2516,489,C27,5,2025-07-23 14:05:21+00:00,BRD-0000002516-77,True
2517,873,F11,4,2025-09-08 04:42:07+00:00,BRD-0000002517-31,True
2518,853,E24,5,2025-11-23 11:11:53+00:00,BRD-0000002518-82,True
2519,498,C7,6,2025-07-01 16:58:17+00:00,BRD-0000002519-10,False
2520,538,E5,6,2025-12-12 23:03:21+00:00,BRD-0000002520-63,False
2521,792,F29,5,2026-04-03 17:08:41+00:00,BRD-0000002521-80,False
2522,56,D4,2,2026-02-03 15:44:21+00:00,BRD-0000002522-63,True
2523,509,E18,3,2026-04-02 21:02:29+00:00,BRD-0000002523-68,False
2524,98,G18,2,2026-04-28 12:12:22+00:00,BRD-0000002524-24,True
2525,837,E29,4,2026-01-04 03:53:58+00:00,BRD-0000002525-79,True
2526,547,G24,2,2025-08-06 06:36:50+00:00,BRD-0000002526-40,True
2527,8,G6,6,2025-07-07 04:16:42+00:00,BRD-0000002527-60,True
2528,244,F25,5,2025-11-23 05:20:51+00:00,BRD-0000002528-82,True
2529,819,D26,3,2025-09-22 11:01:54+00:00,BRD-0000002529-19,True
2530,924,F1,4,2025-10-16 17:17:19+00:00,BRD-0000002530-46,True
2531,910,G22,5,2025-08-22 23:18:41+00:00,BRD-0000002531-55,True
2532,679,C7,5,2025-08-23 04:46:10+00:00,BRD-0000002532-97,True
2533,497,C28,5,2026-04-11 12:58:20+00:00,BRD-0000002533-52,False
2534,79,E29,5,2025-07-11 13:13:24+00:00,BRD-0000002534-43,False
2535,8,B29,6,2025-09-17 21:49:29+00:00,BRD-0000002535-73,False
2536,283,B23,3,2025-10-19 19:39:41+00:00,BRD-0000002536-78,True
2537,535,H11,2,2025-09-05 12:27:22+00:00,BRD-0000002537-60,False
2538,578,A20,2,2025-08-13 11:33:05+00:00,BRD-0000002538-76,True
2539,217,E17,4,2026-03-14 19:15:38+00:00,BRD-0000002539-74,False
2540,436,C17,3,2026-04-03 21:41:16+00:00,BRD-0000002540-26,False
2541,254,A29,5,2025-07-07 18:24:05+00:00,BRD-0000002541-61,False
2542,490,C25,6,2025-10-20 05:30:13+00:00,BRD-0000002542-13,True
2543,626,G6,3,2025-12-28 23:21:39+00:00,BRD-0000002543-57,False
2544,911,C20,6,2025-06-19 03:09:57+00:00,BRD-0000002544-74,True
2545,624,D14,3,2025-12-29 13:10:55+00:00,BRD-0000002545-62,True
2546,959,G7,1,2025-07-08 16:34:06+00:00,BRD-0000002546-63,True
2547,952,D14,6,2025-09-25 11:15:37+00:00,BRD-0000002547-42,True
2548,689,A3,5,2025-12-31 21:33:30+00:00,BRD-0000002548-87,True
2549,804,B27,1,2026-06-03 05:42:41+00:00,BRD-0000002549-20,True
2550,88,A7,3,2026-05-02 01:05:20+00:00,BRD-0000002550-84,False
2551,986,G29,2,2025-08-22 21:23:50+00:00,BRD-0000002551-86,True
2552,278,D4,4,2025-08-10 05:58:24+00:00,BRD-0000002552-53,False
2553,212,E18,4,2025-06-23 17:52:35+00:00,BRD-0000002553-22,False
2554,270,F23,6,2025-07-30 14:57:53+00:00,BRD-0000002554-92,True
2555,130,D16,5,2026-01-12 19:48:34+00:00,BRD-0000002555-96,True
2556,713,C15,4,2026-06-01 05:03:05+00:00,BRD-0000002556-94,False
2557,70,F1,3,2025-10-29 01:40:22+00:00,BRD-0000002557-85,False
2558,589,H15,3,2026-01-27 21:20:33+00:00,BRD-0000002558-44,True
2559,781,E25,4,2025-12-02 12:02:13+00:00,BRD-0000002559-55,True
2560,659,H26,1,2025-12-15 10:59:21+00:00,BRD-0000002560-67,True
2561,968,D1,6,2025-10-01 18:36:48+00:00,BRD-0000002561-75,True
2562,963,F8,5,2025-08-11 04:48:38+00:00,BRD-0000002562-76,True
2563,201,E23,5,2025-11-10 16:55:45+00:00,BRD-0000002563-88,False
2564,655,B1,1,2025-06-11 10:54:44+00:00,BRD-0000002564-48,True
2565,629,G4,1,2026-01-22 16:33:10+00:00,BRD-0000002565-17,True
2566,977,H16,6,2025-06-17 12:06:48+00:00,BRD-0000002566-80,False
2567,640,A24,5,2025-11-03 02:08:50+00:00,BRD-0000002567-98,True
2568,323,C25,1,2025-08-03 11:07:08+00:00,BRD-0000002568-95,True
2569,364,F13,3,2025-06-05 00:06:54+00:00,BRD-0000002569-71,True
2570,704,F11,2,2025-07-09 17:20:46+00:00,BRD-0000002570-61,True
2571,301,A27,2,2026-04-30 00:34:47+00:00,BRD-0000002571-16,False
2572,417,E21,4,2026-04-10 15:02:19+00:00,BRD-0000002572-51,False
2573,249,E2,1,2025-08-30 12:49:37+00:00,BRD-0000002573-94,False
2574,851,G12,1,2025-08-18 13:25:40+00:00,BRD-0000002574-30,False
2575,968,E21,1,2026-02-26 16:57:34+00:00,BRD-0000002575-51,False
2576,715,A16,3,2025-10-20 08:51:07+00:00,BRD-0000002576-14,True
2577,432,C18,2,2025-11-22 19:10:27+00:00,BRD-0000002577-39,True
2578,767,B12,3,2025-11-23 14:53:46+00:00,BRD-0000002578-19,True
2579,7,D13,6,2025-10-08 08:43:38+00:00,BRD-0000002579-49,True
2580,664,C1,6,2025-06-26 15:13:42+00:00,BRD-0000002580-34,True
2581,570,E22,2,2026-02-25 01:25:06+00:00,BRD-0000002581-54,False
2582,506,G17,4,2026-02-22 14:46:34+00:00,BRD-0000002582-99,True
2583,636,G25,4,2025-07-08 19:20:46+00:00,BRD-0000002583-74,True
2584,257,H21,2,2025-11-04 10:23:42+00:00,BRD-0000002584-19,True
2585,336,H3,6,2025-09-23 08:10:30+00:00,BRD-0000002585-73,False
2586,408,H7,2,2026-05-17 19:42:02+00:00,BRD-0000002586-45,True
2587,436,D4,5,2026-04-27 03:39:52+00:00,BRD-0000002587-42,False
2588,642,B24,4,2026-01-12 21:49:54+00:00,BRD-0000002588-96,True
2589,754,F23,2,2025-09-06 22:28:08+00:00,BRD-0000002589-23,False
2590,219,F25,4,2026-04-10 01:11:44+00:00,BRD-0000002590-80,True
2591,609,F17,5,2025-11-10 02:18:39+00:00,BRD-0000002591-57,True
2592,297,D30,1,2026-01-15 13:49:09+00:00,BRD-0000002592-65,False
2593,165,A28,1,2025-09-04 07:20:26+00:00,BRD-0000002593-17,True
2594,578,C7,3,2026-01-12 15:03:52+00:00,BRD-0000002594-51,True
2595,724,G24,4,2026-03-12 03:38:08+00:00,BRD-0000002595-36,True
2596,348,B16,6,2026-03-13 01:11:43+00:00,BRD-0000002596-37,True
2597,768,A30,4,2025-08-10 19:52:57+00:00,BRD-0000002597-21,False
2598,411,B3,4,2026-04-05 13:14:16+00:00,BRD-0000002598-76,False
2599,421,B23,2,2026-05-07 15:23:59+00:00,BRD-0000002599-47,False
2600,389,A1,6,2025-11-03 22:58:43+00:00,BRD-0000002600-94,True
2601,913,C8,1,2026-01-01 09:52:41+00:00,BRD-0000002601-96,True
2602,577,D7,6,2026-03-29 22:44:23+00:00,BRD-0000002602-53,True
2603,300,G29,5,2025-10-10 14:05:52+00:00,BRD-0000002603-42,False
2604,726,A5,1,2026-02-14 15:26:17+00:00,BRD-0000002604-91,True
2605,342,H8,3,2026-02-12 05:26:23+00:00,BRD-0000002605-50,False
2606,917,C28,4,2025-08-08 04:32:42+00:00,BRD-0000002606-71,False
2607,782,H14,1,2025-08-20 20:58:03+00:00,BRD-0000002607-27,True
2608,846,D18,5,2025-09-29 02:50:27+00:00,BRD-0000002608-26,True
2609,972,H20,4,2025-09-08 07:10:47+00:00,BRD-0000002609-86,True
2610,224,D8,5,2026-02-20 02:41:00+00:00,BRD-0000002610-37,True
2611,3,F22,3,2025-06-25 02:31:07+00:00,BRD-0000002611-52,True
2612,767,B1,2,2025-06-08 15:59:55+00:00,BRD-0000002612-11,True
2613,695,A29,1,2025-12-31 16:44:17+00:00,BRD-0000002613-63,True
2614,664,B27,3,2026-03-31 20:35:55+00:00,BRD-0000002614-90,True
2615,445,G7,5,2025-11-28 21:11:47+00:00,BRD-0000002615-81,True
2616,765,G14,1,2026-05-15 11:50:44+00:00,BRD-0000002616-48,True
2617,204,C9,2,2026-05-22 14:37:43+00:00,BRD-0000002617-46,True
2618,941,A24,1,2026-04-27 17:59:10+00:00,BRD-0000002618-80,False
2619,965,E17,6,2026-03-26 08:45:02+00:00,BRD-0000002619-67,True
2620,817,B6,6,2025-09-06 04:21:17+00:00,BRD-0000002620-63,True
2621,833,H6,5,2025-07-03 01:01:29+00:00,BRD-0000002621-30,True
2622,395,G12,6,2026-02-11 23:22:44+00:00,BRD-0000002622-64,True
2623,340,C24,2,2025-07-24 21:57:38+00:00,BRD-0000002623-67,True
2624,659,E26,1,2025-12-17 17:01:15+00:00,BRD-0000002624-64,True
2625,695,G19,5,2025-06-21 01:09:21+00:00,BRD-0000002625-39,False
2626,168,C21,2,2025-12-02 09:14:11+00:00,BRD-0000002626-82,True
2627,577,H22,2,2025-07-30 09:02:02+00:00,BRD-0000002627-17,True
2628,801,D21,1,2026-04-20 23:09:18+00:00,BRD-0000002628-57,True
2629,463,C24,1,2025-12-06 16:28:17+00:00,BRD-0000002629-54,True
2630,971,D29,4,2025-07-07 03:00:20+00:00,BRD-0000002630-62,False
2631,199,E29,2,2026-03-30 19:07:20+00:00,BRD-0000002631-61,True
2632,812,G19,1,2026-03-26 19:02:52+00:00,BRD-0000002632-24,False
2633,538,G23,3,2026-05-26 22:51:54+00:00,BRD-0000002633-91,True
2634,942,D15,6,2025-11-18 07:23:45+00:00,BRD-0000002634-25,True
2635,266,H14,4,2025-12-30 10:05:43+00:00,BRD-0000002635-55,True
2636,773,A3,6,2026-04-10 02:28:32+00:00,BRD-0000002636-42,True
2637,146,H21,5,2025-09-07 09:32:18+00:00,BRD-0000002637-27,True
2638,304,G23,6,2025-10-19 03:06:19+00:00,BRD-0000002638-69,False
2639,28,F1,2,2025-06-22 09:17:01+00:00,BRD-0000002639-10,True
2640,343,E25,1,2026-05-31 23:47:45+00:00,BRD-0000002640-55,True
2641,814,B7,2,2025-07-31 20:12:59+00:00,BRD-0000002641-54,True
2642,696,D21,5,2026-01-30 19:42:04+00:00,BRD-0000002642-54,True
2643,459,E6,3,2026-04-28 20:33:59+00:00,BRD-0000002643-83,False
2644,471,C13,5,2026-01-15 14:12:35+00:00,BRD-0000002644-85,True
2645,705,E27,1,2025-12-02 00:21:19+00:00,BRD-0000002645-11,True
2646,669,C30,1,2025-06-28 20:12:43+00:00,BRD-0000002646-73,False
2647,862,B23,5,2025-11-17 00:15:56+00:00,BRD-0000002647-31,True
2648,732,D3,6,2025-12-13 15:10:33+00:00,BRD-0000002648-75,True
2649,983,F9,5,2025-07-07 04:09:48+00:00,BRD-0000002649-43,False
2650,646,C10,6,2026-03-26 13:40:31+00:00,BRD-0000002650-77,True
2651,1,E27,5,2025-09-21 06:19:02+00:00,BRD-0000002651-66,False
2652,758,D21,1,2026-03-04 17:24:58+00:00,BRD-0000002652-31,True
2653,775,F5,2,2025-09-10 18:47:04+00:00,BRD-0000002653-92,True
2654,662,A18,1,2026-06-02 20:19:43+00:00,BRD-0000002654-14,True
2655,65,A5,5,2025-10-02 07:15:22+00:00,BRD-0000002655-77,False
2656,814,G27,2,2026-02-11 06:16:36+00:00,BRD-0000002656-86,True
2657,185,C16,5,2026-02-03 01:05:57+00:00,BRD-0000002657-45,True
2658,409,C19,1,2025-10-08 01:05:09+00:00,BRD-0000002658-61,True
2659,851,A27,2,2026-04-08 10:19:33+00:00,BRD-0000002659-81,True
2660,720,B27,3,2026-02-10 15:32:56+00:00,BRD-0000002660-61,False
2661,833,F19,2,2026-03-01 01:28:02+00:00,BRD-0000002661-39,False
2662,810,H21,1,2026-03-14 16:24:10+00:00,BRD-0000002662-67,False
2663,818,E17,3,2025-10-21 04:45:38+00:00,BRD-0000002663-62,True
2664,567,H15,6,2025-06-11 21:08:44+00:00,BRD-0000002664-97,False
2665,414,A30,5,2026-02-24 20:19:45+00:00,BRD-0000002665-64,True
2666,770,D4,3,2025-10-24 12:18:29+00:00,BRD-0000002666-47,True
2667,779,C20,3,2025-11-05 16:33:18+00:00,BRD-0000002667-15,True
2668,729,B10,2,2025-07-20 10:30:00+00:00,BRD-0000002668-98,True
2669,891,F10,4,2026-05-19 15:42:00+00:00,BRD-0000002669-36,True
2670,202,A30,2,2025-12-04 00:44:54+00:00,BRD-0000002670-79,True
2671,603,G9,5,2025-06-09 06:44:05+00:00,BRD-0000002671-28,True
2672,906,B23,6,2025-10-22 09:35:28+00:00,BRD-0000002672-95,True
2673,185,C19,5,2026-02-23 07:48:26+00:00,BRD-0000002673-87,True
2674,9,B2,4,2026-04-12 14:43:18+00:00,BRD-0000002674-50,True
2675,518,C19,5,2026-04-22 14:02:33+00:00,BRD-0000002675-17,False
2676,565,D23,2,2026-02-01 10:58:37+00:00,BRD-0000002676-69,True
2677,316,H24,6,2026-02-19 13:24:11+00:00,BRD-0000002677-35,True
2678,553,G28,1,2026-03-14 06:00:15+00:00,BRD-0000002678-34,True
2679,751,C23,5,2025-11-13 04:56:16+00:00,BRD-0000002679-26,True
2680,594,C16,3,2026-05-02 13:35:54+00:00,BRD-0000002680-25,True
2681,889,H21,6,2025-09-10 11:58:16+00:00,BRD-0000002681-99,False
2682,730,D12,5,2025-06-03 18:21:00+00:00,BRD-0000002682-49,True
2683,780,G10,3,2026-04-20 10:47:24+00:00,BRD-0000002683-28,False
2684,915,B3,1,2026-03-28 20:38:33+00:00,BRD-0000002684-38,False
2685,241,F20,5,2025-11-06 20:14:15+00:00,BRD-0000002685-97,False
2686,352,A11,1,2026-05-08 06:46:37+00:00,BRD-0000002686-20,True
2687,723,E5,1,2025-12-15 21:53:54+00:00,BRD-0000002687-51,True
2688,999,G9,2,2026-02-11 02:53:48+00:00,BRD-0000002688-11,True
2689,608,A3,1,2025-08-06 09:13:11+00:00,BRD-0000002689-53,False
2690,468,A27,1,2025-12-16 05:17:51+00:00,BRD-0000002690-41,True
2691,452,E9,4,2026-03-05 07:42:54+00:00,BRD-0000002691-53,True
2692,60,E7,4,2025-10-27 08:30:01+00:00,BRD-0000002692-71,True
2693,671,C24,5,2025-11-28 01:46:21+00:00,BRD-0000002693-40,True
2694,10,H9,1,2025-06-16 08:18:26+00:00,BRD-0000002694-16,True
2695,415,H20,6,2025-06-24 14:42:19+00:00,BRD-0000002695-46,False
2696,980,E18,1,2026-04-22 08:23:47+00:00,BRD-0000002696-37,True
2697,38,H3,4,2025-10-29 21:32:36+00:00,BRD-0000002697-64,True
2698,482,C5,2,2026-05-10 00:14:41+00:00,BRD-0000002698-47,True
2699,488,F14,4,2025-07-29 22:42:29+00:00,BRD-0000002699-95,True
2700,498,H19,3,2025-11-13 07:18:05+00:00,BRD-0000002700-55,True
2701,442,E26,5,2026-02-27 13:47:27+00:00,BRD-0000002701-40,True
2702,873,B14,1,2025-08-18 12:58:54+00:00,BRD-0000002702-48,True
2703,896,H22,6,2026-05-18 19:57:18+00:00,BRD-0000002703-59,True
2704,121,D12,5,2025-10-22 21:00:17+00:00,BRD-0000002704-84,True
2705,29,E25,1,2025-10-31 11:51:03+00:00,BRD-0000002705-16,False
2706,415,H18,4,2025-06-24 01:22:54+00:00,BRD-0000002706-40,True
2707,801,C19,6,2025-07-10 15:36:15+00:00,BRD-0000002707-42,True
2708,126,F16,3,2026-04-24 05:37:00+00:00,BRD-0000002708-18,False
2709,467,E9,5,2025-09-07 12:13:49+00:00,BRD-0000002709-68,True
2710,938,H28,4,2025-06-09 01:03:44+00:00,BRD-0000002710-11,True
2711,880,D14,2,2026-01-09 14:04:51+00:00,BRD-0000002711-98,True
2712,469,B28,6,2026-03-10 07:27:44+00:00,BRD-0000002712-77,False
2713,512,D7,5,2026-03-05 10:01:34+00:00,BRD-0000002713-29,False
2714,124,D23,1,2025-11-18 21:10:45+00:00,BRD-0000002714-59,True
2715,953,A27,1,2025-09-28 01:30:37+00:00,BRD-0000002715-79,True
2716,668,A19,5,2025-11-06 16:21:14+00:00,BRD-0000002716-64,False
2717,875,B18,2,2025-11-25 09:20:49+00:00,BRD-0000002717-57,False
2718,304,H13,1,2026-01-07 05:57:43+00:00,BRD-0000002718-61,True
2719,833,G14,2,2026-02-22 07:35:06+00:00,BRD-0000002719-80,True
2720,37,E13,5,2025-12-19 10:45:49+00:00,BRD-0000002720-38,False
2721,371,E13,2,2025-12-04 08:57:14+00:00,BRD-0000002721-44,True
2722,255,H2,6,2025-09-25 03:04:19+00:00,BRD-0000002722-45,False
2723,868,H18,1,2025-07-31 04:31:13+00:00,BRD-0000002723-75,True
2724,331,C6,1,2025-07-28 00:47:28+00:00,BRD-0000002724-95,False
2725,49,A11,6,2025-09-22 02:33:31+00:00,BRD-0000002725-58,True
2726,363,A16,1,2025-08-07 20:48:56+00:00,BRD-0000002726-72,False
2727,944,C18,2,2025-09-15 13:27:12+00:00,BRD-0000002727-75,True
2728,340,G16,1,2026-04-07 14:16:04+00:00,BRD-0000002728-43,True
2729,706,F27,2,2025-08-11 23:27:48+00:00,BRD-0000002729-36,True
2730,220,B14,1,2025-10-17 09:16:04+00:00,BRD-0000002730-56,False
2731,733,C7,3,2025-08-28 14:37:27+00:00,BRD-0000002731-90,True
2732,172,F2,4,2025-09-10 05:50:06+00:00,BRD-0000002732-21,True
2733,386,B1,3,2025-12-18 02:34:21+00:00,BRD-0000002733-46,True
2734,727,A21,6,2025-11-02 10:48:59+00:00,BRD-0000002734-50,True
2735,12,C28,5,2025-11-14 09:48:21+00:00,BRD-0000002735-39,True
2736,176,D21,6,2026-04-02 03:51:18+00:00,BRD-0000002736-53,False
2737,128,H2,4,2026-03-12 18:18:39+00:00,BRD-0000002737-69,True
2738,799,F28,5,2026-01-16 08:01:41+00:00,BRD-0000002738-45,True
2739,813,A11,4,2026-02-05 21:44:03+00:00,BRD-0000002739-47,True
2740,322,G20,6,2025-11-24 08:07:42+00:00,BRD-0000002740-14,False
2741,635,C11,3,2026-01-03 04:33:00+00:00,BRD-0000002741-15,True
2742,248,G26,4,2025-07-05 17:16:02+00:00,BRD-0000002742-12,False
2743,157,D13,5,2026-05-23 17:13:30+00:00,BRD-0000002743-15,True
2744,356,E19,2,2025-07-14 10:47:18+00:00,BRD-0000002744-76,False
2745,944,G4,1,2026-01-04 20:01:01+00:00,BRD-0000002745-10,True
2746,36,B17,2,2025-12-08 05:45:03+00:00,BRD-0000002746-93,True
2747,311,G19,4,2025-10-18 02:59:59+00:00,BRD-0000002747-90,False
2748,849,H2,5,2025-06-24 14:00:45+00:00,BRD-0000002748-64,True
2749,844,G7,4,2026-01-01 14:44:53+00:00,BRD-0000002749-49,False
2750,755,G12,3,2025-07-18 06:13:21+00:00,BRD-0000002750-31,True
2751,293,E26,4,2026-02-03 02:53:18+00:00,BRD-0000002751-92,False
2752,320,G11,1,2025-11-05 09:18:14+00:00,BRD-0000002752-31,False
2753,674,G22,1,2025-12-03 14:11:39+00:00,BRD-0000002753-87,True
2754,867,C4,3,2025-11-28 15:04:02+00:00,BRD-0000002754-33,False
2755,545,E14,1,2026-04-09 06:05:27+00:00,BRD-0000002755-74,False
2756,868,A30,1,2026-04-08 22:52:19+00:00,BRD-0000002756-78,True
2757,445,C11,3,2026-01-20 08:01:53+00:00,BRD-0000002757-62,True
2758,478,B6,1,2026-02-13 07:01:29+00:00,BRD-0000002758-57,True
2759,665,E3,1,2026-03-09 09:08:04+00:00,BRD-0000002759-81,True
2760,950,C11,2,2025-10-18 20:41:29+00:00,BRD-0000002760-56,False
2761,961,H27,3,2025-07-09 19:37:17+00:00,BRD-0000002761-44,True
2762,937,A19,1,2026-05-15 22:27:48+00:00,BRD-0000002762-67,True
2763,379,C4,1,2025-08-16 09:11:24+00:00,BRD-0000002763-68,True
2764,293,E11,1,2025-08-17 21:46:05+00:00,BRD-0000002764-37,False
2765,153,F7,4,2025-08-11 01:07:26+00:00,BRD-0000002765-29,True
2766,115,H2,2,2025-09-12 12:04:20+00:00,BRD-0000002766-53,True
2767,38,C5,1,2026-04-03 22:39:51+00:00,BRD-0000002767-61,True
2768,958,H15,4,2025-10-08 00:16:30+00:00,BRD-0000002768-82,True
2769,190,F10,2,2026-06-01 13:19:30+00:00,BRD-0000002769-99,True
2770,63,D3,6,2025-08-24 21:29:56+00:00,BRD-0000002770-97,True
2771,29,F7,3,2026-01-29 12:07:20+00:00,BRD-0000002771-64,False
2772,943,D1,2,2026-05-15 07:41:50+00:00,BRD-0000002772-80,True
2773,544,F10,3,2026-03-21 00:30:45+00:00,BRD-0000002773-36,False
2774,86,G22,6,2025-10-08 01:57:32+00:00,BRD-0000002774-74,False
2775,627,H13,5,2025-08-20 12:18:11+00:00,BRD-0000002775-33,True
2776,878,H10,5,2026-04-27 10:13:19+00:00,BRD-0000002776-72,True
2777,6,A10,6,2025-08-26 12:10:58+00:00,BRD-0000002777-27,False
2778,366,F5,6,2026-03-02 20:13:01+00:00,BRD-0000002778-13,False
2779,991,D21,4,2025-08-05 19:41:43+00:00,BRD-0000002779-66,True
2780,163,E4,1,2025-07-08 07:32:39+00:00,BRD-0000002780-57,True
2781,366,E21,2,2025-08-06 06:12:14+00:00,BRD-0000002781-48,True
2782,751,H14,5,2026-01-28 13:27:54+00:00,BRD-0000002782-56,True
2783,899,H14,3,2026-03-14 04:40:53+00:00,BRD-0000002783-54,True
2784,101,E28,3,2025-07-18 06:11:18+00:00,BRD-0000002784-31,True
2785,913,E11,1,2026-02-06 13:21:35+00:00,BRD-0000002785-66,True
2786,70,E7,4,2026-01-20 22:33:12+00:00,BRD-0000002786-54,True
2787,769,E10,3,2026-05-06 23:13:57+00:00,BRD-0000002787-50,True
2788,547,F28,1,2026-05-14 15:20:54+00:00,BRD-0000002788-83,True
2789,147,C18,6,2026-03-24 16:10:42+00:00,BRD-0000002789-34,True
2790,698,G20,6,2026-01-22 04:11:29+00:00,BRD-0000002790-44,True
2791,665,F25,5,2025-12-30 08:46:20+00:00,BRD-0000002791-69,True
2792,227,A12,1,2026-02-02 06:07:49+00:00,BRD-0000002792-26,True
2793,464,B9,2,2025-07-08 18:40:24+00:00,BRD-0000002793-54,False
2794,279,A21,5,2026-04-05 17:26:10+00:00,BRD-0000002794-91,True
2795,915,A24,4,2025-09-07 08:43:25+00:00,BRD-0000002795-96,True
2796,420,D20,6,2025-12-30 07:53:38+00:00,BRD-0000002796-16,True
2797,349,A9,4,2025-10-13 07:21:41+00:00,BRD-0000002797-90,True
2798,735,H27,4,2025-07-26 01:54:35+00:00,BRD-0000002798-38,True
2799,584,B24,1,2025-10-18 16:49:09+00:00,BRD-0000002799-26,True
2800,5,G26,6,2026-05-14 03:43:24+00:00,BRD-0000002800-89,False
2801,530,B25,2,2025-10-24 17:48:03+00:00,BRD-0000002801-26,True
2802,925,D5,6,2025-06-30 18:39:18+00:00,BRD-0000002802-32,True
2803,965,H25,2,2026-04-12 03:26:48+00:00,BRD-0000002803-75,True
2804,512,F25,3,2025-06-29 15:20:06+00:00,BRD-0000002804-95,True
2805,355,A9,6,2026-04-12 11:40:02+00:00,BRD-0000002805-65,False
2806,220,D23,3,2025-11-15 06:07:28+00:00,BRD-0000002806-20,True
2807,211,D3,3,2026-02-20 08:22:08+00:00,BRD-0000002807-48,False
2808,465,D16,6,2026-02-25 22:01:24+00:00,BRD-0000002808-25,True
2809,787,G15,4,2025-06-19 06:22:05+00:00,BRD-0000002809-41,False
2810,42,G6,4,2025-11-23 17:53:09+00:00,BRD-0000002810-70,False
2811,706,H9,1,2026-03-30 09:17:32+00:00,BRD-0000002811-59,True
2812,509,C11,4,2026-03-07 14:09:47+00:00,BRD-0000002812-20,False
2813,887,C23,1,2025-11-09 23:19:52+00:00,BRD-0000002813-65,True
2814,583,E29,3,2025-09-10 07:55:05+00:00,BRD-0000002814-10,True
2815,817,A21,3,2025-12-06 03:25:44+00:00,BRD-0000002815-64,True
2816,78,B26,4,2025-07-04 11:42:28+00:00,BRD-0000002816-72,False
2817,900,B19,3,2025-11-24 07:56:56+00:00,BRD-0000002817-99,True
2818,334,D24,2,2025-08-15 19:44:41+00:00,BRD-0000002818-93,True
2819,555,D27,3,2025-09-02 15:17:15+00:00,BRD-0000002819-60,True
2820,977,D23,4,2025-07-22 06:58:13+00:00,BRD-0000002820-43,False
2821,327,A17,2,2026-05-24 00:08:17+00:00,BRD-0000002821-99,True
2822,985,A26,1,2025-09-06 23:29:37+00:00,BRD-0000002822-61,False
2823,368,F17,6,2025-11-04 05:38:46+00:00,BRD-0000002823-23,True
2824,134,H25,1,2025-12-15 02:58:34+00:00,BRD-0000002824-17,True
2825,993,G18,2,2025-10-21 03:08:32+00:00,BRD-0000002825-53,True
2826,689,H20,4,2025-07-16 11:05:04+00:00,BRD-0000002826-58,True
2827,527,G29,1,2026-03-10 06:06:06+00:00,BRD-0000002827-88,True
2828,848,F19,5,2025-10-10 20:41:02+00:00,BRD-0000002828-38,True
2829,464,B25,5,2025-07-06 15:38:47+00:00,BRD-0000002829-28,True
2830,638,E10,6,2025-11-10 17:32:17+00:00,BRD-0000002830-60,True
2831,454,E24,2,2025-09-25 13:08:14+00:00,BRD-0000002831-79,False
2832,910,H30,2,2026-05-07 01:30:38+00:00,BRD-0000002832-67,False
2833,109,G9,4,2026-01-20 20:07:37+00:00,BRD-0000002833-11,False
2834,909,G19,5,2026-02-19 01:35:17+00:00,BRD-0000002834-82,False
2835,673,G24,3,2025-07-28 09:44:55+00:00,BRD-0000002835-48,True
2836,767,G2,2,2025-06-04 06:06:05+00:00,BRD-0000002836-58,True
2837,972,A5,5,2025-07-19 19:13:18+00:00,BRD-0000002837-27,False
2838,32,B23,1,2025-06-23 04:10:25+00:00,BRD-0000002838-75,True
2839,515,F9,4,2025-09-18 14:37:42+00:00,BRD-0000002839-94,True
2840,692,F18,4,2026-01-29 22:51:02+00:00,BRD-0000002840-47,True
2841,491,G29,6,2026-02-21 08:43:26+00:00,BRD-0000002841-99,True
2842,501,G14,2,2026-04-18 07:47:09+00:00,BRD-0000002842-28,True
2843,949,B14,6,2026-04-08 19:19:51+00:00,BRD-0000002843-30,True
2844,968,G16,3,2025-07-17 12:23:40+00:00,BRD-0000002844-10,True
2845,715,A28,5,2026-02-20 16:45:17+00:00,BRD-0000002845-82,True
2846,57,B21,3,2025-07-28 18:46:20+00:00,BRD-0000002846-11,True
2847,835,C29,3,2025-06-28 02:02:27+00:00,BRD-0000002847-88,True
2848,571,D21,3,2025-06-25 22:22:22+00:00,BRD-0000002848-64,False
2849,397,B20,2,2025-09-16 03:21:30+00:00,BRD-0000002849-40,True
2850,714,D6,4,2026-05-15 08:45:27+00:00,BRD-0000002850-78,True
2851,412,C24,5,2025-09-17 00:49:52+00:00,BRD-0000002851-22,True
2852,607,E7,1,2025-12-13 19:43:40+00:00,BRD-0000002852-70,True
2853,693,G5,6,2025-10-29 07:23:02+00:00,BRD-0000002853-19,False
2854,482,B4,2,2026-02-25 19:21:37+00:00,BRD-0000002854-93,True
2855,114,B16,2,2025-12-31 16:07:37+00:00,BRD-0000002855-29,True
2856,641,F8,5,2026-05-21 23:14:35+00:00,BRD-0000002856-68,True
2857,785,A20,2,2025-08-19 14:09:21+00:00,BRD-0000002857-95,True
2858,824,F10,6,2025-12-24 14:35:01+00:00,BRD-0000002858-28,True
2859,624,D28,5,2025-10-11 22:19:57+00:00,BRD-0000002859-44,True
2860,549,F23,5,2026-03-07 22:13:00+00:00,BRD-0000002860-18,True
2861,440,F9,1,2026-01-02 01:17:40+00:00,BRD-0000002861-52,True
2862,200,D26,6,2025-06-24 04:12:29+00:00,BRD-0000002862-58,True
2863,941,F11,4,2026-05-18 04:02:25+00:00,BRD-0000002863-20,True
2864,889,A19,6,2025-10-08 15:43:47+00:00,BRD-0000002864-84,False
2865,567,C2,1,2026-01-11 01:10:57+00:00,BRD-0000002865-84,False
2866,690,H18,1,2025-06-24 12:09:30+00:00,BRD-0000002866-62,True
2867,592,F15,1,2026-01-14 12:26:26+00:00,BRD-0000002867-38,True
2868,447,H20,6,2026-04-25 14:49:45+00:00,BRD-0000002868-15,False
2869,647,B18,3,2026-03-04 08:12:46+00:00,BRD-0000002869-51,True
2870,386,C4,2,2025-09-01 07:09:25+00:00,BRD-0000002870-88,True
2871,827,B16,6,2025-08-30 16:03:07+00:00,BRD-0000002871-13,False
2872,898,G22,6,2026-04-10 06:55:25+00:00,BRD-0000002872-91,True
2873,726,E30,5,2026-03-23 23:19:11+00:00,BRD-0000002873-59,False
2874,690,H30,5,2026-04-20 14:18:49+00:00,BRD-0000002874-81,True
2875,19,D5,5,2025-09-29 14:15:34+00:00,BRD-0000002875-46,True
2876,538,E25,4,2025-07-25 07:20:00+00:00,BRD-0000002876-21,False
2877,536,C3,4,2025-12-05 12:49:12+00:00,BRD-0000002877-54,True
2878,982,E17,6,2025-07-01 13:21:03+00:00,BRD-0000002878-14,False
2879,478,C22,1,2025-06-11 14:09:05+00:00,BRD-0000002879-14,False
2880,705,F1,4,2025-10-22 16:44:03+00:00,BRD-0000002880-46,True
2881,303,F8,1,2025-06-21 19:21:36+00:00,BRD-0000002881-51,True
2882,90,E6,1,2026-01-18 13:05:26+00:00,BRD-0000002882-89,False
2883,258,G4,4,2025-06-20 02:15:05+00:00,BRD-0000002883-96,False
2884,544,H4,6,2026-05-08 06:55:23+00:00,BRD-0000002884-49,False
2885,215,H5,4,2025-12-28 00:32:25+00:00,BRD-0000002885-34,False
2886,741,C7,4,2026-01-24 18:17:13+00:00,BRD-0000002886-47,True
2887,858,E30,4,2025-11-20 09:30:53+00:00,BRD-0000002887-17,True
2888,713,F27,4,2025-07-21 04:16:32+00:00,BRD-0000002888-11,True
2889,875,G18,6,2025-11-27 20:49:59+00:00,BRD-0000002889-64,True
2890,602,H11,6,2025-06-29 14:03:47+00:00,BRD-0000002890-51,True
2891,81,B27,2,2025-08-21 04:37:01+00:00,BRD-0000002891-34,True
2892,798,F18,5,2026-02-14 15:33:31+00:00,BRD-0000002892-89,False
2893,156,E10,1,2025-10-09 08:35:27+00:00,BRD-0000002893-31,True
2894,422,C13,3,2025-11-10 22:32:55+00:00,BRD-0000002894-76,True
2895,131,C18,4,2026-03-06 05:50:17+00:00,BRD-0000002895-95,True
2896,547,C28,1,2026-02-16 20:31:36+00:00,BRD-0000002896-73,True
2897,865,B20,3,2025-07-31 13:38:07+00:00,BRD-0000002897-90,True
2898,281,A10,2,2025-12-10 17:02:07+00:00,BRD-0000002898-41,True
2899,979,G17,6,2025-10-10 10:56:40+00:00,BRD-0000002899-56,False
2900,180,A18,1,2025-09-26 05:53:04+00:00,BRD-0000002900-89,False
2901,971,C3,5,2025-08-04 13:28:15+00:00,BRD-0000002901-78,True
2902,184,B18,3,2025-09-08 14:33:46+00:00,BRD-0000002902-28,False
2903,930,B24,6,2026-02-14 10:17:40+00:00,BRD-0000002903-49,True
2904,772,A9,1,2025-08-21 20:49:35+00:00,BRD-0000002904-39,False
2905,240,B25,2,2025-07-01 20:41:30+00:00,BRD-0000002905-64,True
2906,704,H21,1,2026-05-12 14:57:16+00:00,BRD-0000002906-38,False
2907,221,C30,1,2026-03-22 20:39:24+00:00,BRD-0000002907-60,True
2908,143,H18,3,2026-03-29 08:11:17+00:00,BRD-0000002908-81,True
2909,714,F24,3,2025-11-07 03:08:11+00:00,BRD-0000002909-10,True
2910,36,A7,6,2025-09-07 23:02:35+00:00,BRD-0000002910-87,True
2911,539,A24,2,2025-07-29 10:27:11+00:00,BRD-0000002911-39,True
2912,839,B25,1,2025-10-08 16:11:56+00:00,BRD-0000002912-17,True
2913,887,E25,2,2025-09-12 15:17:37+00:00,BRD-0000002913-44,True
2914,994,E11,6,2026-03-15 22:19:04+00:00,BRD-0000002914-41,True
2915,346,D16,6,2026-04-08 15:26:55+00:00,BRD-0000002915-41,True
2916,220,B22,5,2025-06-25 12:15:15+00:00,BRD-0000002916-51,True
2917,231,G10,2,2025-09-21 14:01:45+00:00,BRD-0000002917-93,True
2918,207,D2,2,2025-08-18 22:04:34+00:00,BRD-0000002918-46,True
2919,841,H15,2,2026-02-02 14:47:42+00:00,BRD-0000002919-23,False
2920,393,H29,5,2026-04-25 02:35:41+00:00,BRD-0000002920-53,True
2921,985,A16,5,2025-10-30 15:17:10+00:00,BRD-0000002921-70,False
2922,3,C17,3,2025-10-24 02:02:19+00:00,BRD-0000002922-20,True
2923,438,G16,2,2025-07-11 17:06:03+00:00,BRD-0000002923-31,True
2924,69,A27,5,2025-07-11 02:04:15+00:00,BRD-0000002924-57,True
2925,356,B9,6,2026-02-07 07:17:07+00:00,BRD-0000002925-38,False
2926,739,F7,4,2025-08-06 05:56:43+00:00,BRD-0000002926-45,True
2927,559,D29,4,2025-09-08 09:25:13+00:00,BRD-0000002927-14,False
2928,764,G20,2,2025-12-15 09:07:38+00:00,BRD-0000002928-44,False
2929,400,E27,1,2026-06-01 01:53:55+00:00,BRD-0000002929-88,True
2930,74,F9,5,2025-11-27 20:23:53+00:00,BRD-0000002930-89,True
2931,622,G5,2,2025-06-17 18:54:22+00:00,BRD-0000002931-81,False
2932,544,H29,1,2025-06-30 11:06:38+00:00,BRD-0000002932-15,True
2933,291,E13,5,2025-10-19 13:57:21+00:00,BRD-0000002933-63,False
2934,560,A19,4,2026-03-08 14:37:55+00:00,BRD-0000002934-31,True
2935,121,H2,2,2025-06-13 23:33:30+00:00,BRD-0000002935-29,True
2936,390,G1,2,2025-08-10 12:21:53+00:00,BRD-0000002936-48,False
2937,871,D19,1,2025-09-09 18:18:42+00:00,BRD-0000002937-52,True
2938,281,B8,4,2025-08-27 10:10:38+00:00,BRD-0000002938-94,True
2939,103,B28,1,2025-09-26 04:22:03+00:00,BRD-0000002939-95,True
2940,629,B22,5,2025-06-15 15:34:00+00:00,BRD-0000002940-97,True
2941,568,B15,5,2025-11-10 08:06:42+00:00,BRD-0000002941-41,True
2942,528,G26,1,2025-11-25 18:43:29+00:00,BRD-0000002942-10,True
2943,695,B18,3,2025-11-24 14:09:13+00:00,BRD-0000002943-86,True
2944,415,F4,3,2026-03-31 05:13:16+00:00,BRD-0000002944-86,True
2945,508,C12,3,2026-03-26 10:26:39+00:00,BRD-0000002945-34,False
2946,372,H24,3,2026-01-29 18:22:23+00:00,BRD-0000002946-16,True
2947,551,D16,2,2026-05-01 22:08:12+00:00,BRD-0000002947-82,True
2948,228,E12,3,2026-04-02 18:11:02+00:00,BRD-0000002948-33,False
2949,461,E8,5,2026-02-24 09:30:17+00:00,BRD-0000002949-66,True
2950,556,B7,3,2026-05-03 14:08:42+00:00,BRD-0000002950-87,True
2951,88,E23,2,2025-06-27 22:58:03+00:00,BRD-0000002951-36,True
2952,839,A9,5,2026-01-05 12:54:44+00:00,BRD-0000002952-48,True
2953,262,C20,4,2026-04-22 18:50:03+00:00,BRD-0000002953-78,True
2954,408,H5,3,2025-10-03 19:26:17+00:00,BRD-0000002954-32,True
2955,881,F18,5,2025-09-13 05:54:19+00:00,BRD-0000002955-31,True
2956,836,C20,1,2025-09-06 02:49:50+00:00,BRD-0000002956-92,True
2957,93,E11,6,2025-12-31 07:30:49+00:00,BRD-0000002957-34,True
2958,205,G7,4,2026-02-23 00:19:28+00:00,BRD-0000002958-73,True
2959,80,F18,2,2026-03-03 18:39:21+00:00,BRD-0000002959-59,True
2960,5,H11,5,2025-07-09 09:10:07+00:00,BRD-0000002960-65,True
2961,958,B26,5,2026-02-04 01:45:39+00:00,BRD-0000002961-41,True
2962,522,G18,1,2025-07-01 15:52:20+00:00,BRD-0000002962-52,False
2963,330,C16,2,2026-02-15 22:21:17+00:00,BRD-0000002963-61,True
2964,992,H12,6,2025-10-17 17:48:40+00:00,BRD-0000002964-27,True
2965,579,B8,2,2026-03-24 11:43:23+00:00,BRD-0000002965-75,True
2966,888,F7,3,2025-06-14 03:30:35+00:00,BRD-0000002966-15,True
2967,974,B2,5,2025-12-05 09:45:37+00:00,BRD-0000002967-39,False
2968,122,G23,3,2025-09-23 23:13:51+00:00,BRD-0000002968-44,True
2969,356,F22,5,2026-03-19 19:37:25+00:00,BRD-0000002969-90,True
2970,856,B15,3,2025-08-14 02:04:10+00:00,BRD-0000002970-59,True
2971,670,H5,4,2025-06-19 03:30:01+00:00,BRD-0000002971-81,True
2972,229,H22,3,2026-03-20 00:14:02+00:00,BRD-0000002972-40,False
2973,411,H3,3,2026-01-17 06:02:27+00:00,BRD-0000002973-14,True
2974,829,H23,3,2025-06-30 23:06:15+00:00,BRD-0000002974-47,True
2975,423,C12,6,2025-09-09 05:02:17+00:00,BRD-0000002975-40,True
2976,630,H2,4,2025-07-09 00:11:02+00:00,BRD-0000002976-83,False
2977,296,C6,2,2026-03-17 08:58:06+00:00,BRD-0000002977-44,True
2978,402,C25,1,2026-01-06 04:07:49+00:00,BRD-0000002978-87,True
2979,425,F28,5,2026-01-16 11:45:11+00:00,BRD-0000002979-99,True
2980,743,E10,4,2025-11-13 17:08:51+00:00,BRD-0000002980-97,False
2981,12,A10,4,2025-10-25 23:02:53+00:00,BRD-0000002981-91,True
2982,987,E29,4,2025-07-23 13:17:57+00:00,BRD-0000002982-14,False
2983,895,C18,4,2025-08-17 03:26:51+00:00,BRD-0000002983-39,False
2984,105,A16,4,2026-05-25 04:20:09+00:00,BRD-0000002984-33,True
2985,46,B18,2,2025-11-14 19:13:56+00:00,BRD-0000002985-38,True
2986,860,A7,5,2026-03-06 21:51:20+00:00,BRD-0000002986-14,True
2987,541,G17,1,2026-01-24 19:20:21+00:00,BRD-0000002987-21,True
2988,845,G6,2,2025-10-27 06:24:44+00:00,BRD-0000002988-40,True
2989,828,D24,5,2025-09-03 15:52:09+00:00,BRD-0000002989-50,True
2990,849,D11,3,2025-06-09 21:27:42+00:00,BRD-0000002990-65,True
2991,810,C6,1,2026-02-12 19:53:45+00:00,BRD-0000002991-50,False
2992,265,A12,1,2025-09-25 15:59:30+00:00,BRD-0000002992-83,True
2993,43,A20,3,2025-11-24 23:09:40+00:00,BRD-0000002993-21,True
2994,97,B11,5,2025-11-02 01:42:30+00:00,BRD-0000002994-91,True
2995,447,C23,1,2025-08-28 00:35:33+00:00,BRD-0000002995-25,True
2996,754,G4,5,2026-02-03 16:51:43+00:00,BRD-0000002996-32,False
2997,414,E26,3,2025-09-07 13:50:29+00:00,BRD-0000002997-85,True
2998,40,D1,6,2026-01-31 22:17:54+00:00,BRD-0000002998-46,True
2999,529,D8,6,2025-12-29 06:45:02+00:00,BRD-0000002999-66,False
3000,735,E7,3,2025-10-03 03:56:45+00:00,BRD-0000003000-57,True
3001,881,H6,3,2026-01-01 10:14:18+00:00,BRD-0000003001-42,True
3002,171,H12,2,2025-09-02 15:13:52+00:00,BRD-0000003002-77,False
3003,736,B15,4,2026-03-03 05:04:18+00:00,BRD-0000003003-76,True
3004,627,C13,4,2025-09-10 22:35:32+00:00,BRD-0000003004-28,True
3005,793,D11,2,2025-06-11 11:18:59+00:00,BRD-0000003005-37,False
3006,266,H10,3,2025-12-03 02:53:45+00:00,BRD-0000003006-21,False
3007,275,C24,5,2025-10-09 11:05:50+00:00,BRD-0000003007-57,False
3008,800,A24,6,2025-10-29 07:47:42+00:00,BRD-0000003008-78,False
3009,81,D9,6,2026-03-22 17:09:25+00:00,BRD-0000003009-36,False
3010,991,B19,3,2025-10-31 14:30:34+00:00,BRD-0000003010-65,True
3011,474,F3,5,2025-07-17 17:55:16+00:00,BRD-0000003011-80,True
3012,28,G22,5,2026-04-28 23:51:07+00:00,BRD-0000003012-76,True
3013,513,A9,2,2025-09-02 01:25:22+00:00,BRD-0000003013-46,False
3014,534,H27,2,2026-03-27 06:22:33+00:00,BRD-0000003014-27,True
3015,220,C6,4,2026-02-22 09:50:35+00:00,BRD-0000003015-72,True
3016,522,G14,3,2025-07-11 21:55:59+00:00,BRD-0000003016-84,True
3017,673,E20,1,2026-04-19 20:04:06+00:00,BRD-0000003017-31,True
3018,792,F7,3,2025-08-15 05:42:28+00:00,BRD-0000003018-67,False
3019,81,B8,5,2025-12-03 17:19:05+00:00,BRD-0000003019-36,False
3020,593,F16,2,2025-12-21 23:58:57+00:00,BRD-0000003020-71,False
3021,893,C24,3,2026-05-01 02:05:30+00:00,BRD-0000003021-64,True
3022,925,F6,4,2025-09-29 12:38:28+00:00,BRD-0000003022-88,True
3023,379,C12,4,2025-09-03 06:02:42+00:00,BRD-0000003023-46,True
3024,827,G7,1,2025-08-14 03:02:25+00:00,BRD-0000003024-38,True
3025,63,H23,6,2026-05-05 03:20:13+00:00,BRD-0000003025-14,True
3026,697,D14,3,2025-11-07 13:46:22+00:00,BRD-0000003026-24,True
3027,464,D21,3,2025-06-23 13:51:44+00:00,BRD-0000003027-57,True
3028,132,D19,5,2025-06-24 01:44:27+00:00,BRD-0000003028-26,True
3029,883,C7,2,2025-08-24 22:24:22+00:00,BRD-0000003029-53,False
3030,177,E29,2,2025-09-19 11:54:49+00:00,BRD-0000003030-23,False
3031,987,C23,1,2025-07-27 11:34:39+00:00,BRD-0000003031-53,True
3032,464,B30,4,2026-01-10 04:25:22+00:00,BRD-0000003032-62,False
3033,221,G20,4,2025-08-13 09:45:40+00:00,BRD-0000003033-54,True
3034,750,C2,1,2025-12-29 18:34:56+00:00,BRD-0000003034-29,True
3035,852,A18,5,2025-11-02 03:56:06+00:00,BRD-0000003035-70,True
3036,534,E20,6,2025-07-06 05:13:15+00:00,BRD-0000003036-90,True
3037,253,H23,2,2025-09-12 13:17:52+00:00,BRD-0000003037-74,True
3038,468,G20,2,2026-01-19 12:50:49+00:00,BRD-0000003038-20,True
3039,728,A25,5,2025-08-06 22:57:41+00:00,BRD-0000003039-91,True
3040,371,A16,1,2026-01-14 05:01:16+00:00,BRD-0000003040-28,False
3041,689,E25,1,2025-07-01 04:32:03+00:00,BRD-0000003041-66,False
3042,446,C8,6,2026-02-09 04:46:54+00:00,BRD-0000003042-97,True
3043,620,B19,2,2026-05-28 04:01:52+00:00,BRD-0000003043-76,False
3044,216,B13,1,2026-05-03 23:57:03+00:00,BRD-0000003044-65,True
3045,347,G24,5,2026-03-31 12:07:56+00:00,BRD-0000003045-95,True
3046,297,C3,2,2025-11-21 07:29:44+00:00,BRD-0000003046-77,False
3047,838,H4,4,2025-10-18 06:42:54+00:00,BRD-0000003047-42,False
3048,851,D7,6,2025-08-05 15:10:52+00:00,BRD-0000003048-95,True
3049,239,H17,6,2026-01-31 13:13:36+00:00,BRD-0000003049-29,True
3050,848,H25,5,2025-12-31 05:34:52+00:00,BRD-0000003050-66,False
3051,789,H24,6,2026-01-14 00:43:30+00:00,BRD-0000003051-89,True
3052,555,H9,2,2025-11-18 00:34:18+00:00,BRD-0000003052-75,True
3053,266,E25,3,2026-01-17 10:49:52+00:00,BRD-0000003053-63,True
3054,922,F29,4,2025-11-04 16:23:10+00:00,BRD-0000003054-66,False
3055,79,H10,5,2025-07-05 13:33:23+00:00,BRD-0000003055-35,False
3056,964,B11,1,2026-03-10 08:42:01+00:00,BRD-0000003056-15,True
3057,677,G4,2,2026-02-06 17:20:44+00:00,BRD-0000003057-56,False
3058,202,F24,6,2025-12-15 00:44:42+00:00,BRD-0000003058-79,False
3059,746,E18,6,2026-03-09 14:25:42+00:00,BRD-0000003059-73,True
3060,270,C1,4,2026-05-25 19:29:18+00:00,BRD-0000003060-76,True
3061,24,H19,5,2025-10-23 07:45:39+00:00,BRD-0000003061-95,False
3062,686,E24,1,2026-03-03 18:19:34+00:00,BRD-0000003062-95,False
3063,389,H18,1,2026-05-11 17:06:19+00:00,BRD-0000003063-45,False
3064,484,A3,4,2026-03-02 20:15:44+00:00,BRD-0000003064-41,True
3065,181,G6,5,2025-06-26 19:32:22+00:00,BRD-0000003065-66,True
3066,237,F19,5,2025-08-12 16:16:22+00:00,BRD-0000003066-44,False
3067,54,E29,6,2025-12-26 07:31:45+00:00,BRD-0000003067-23,True
3068,479,D24,2,2026-04-03 17:25:55+00:00,BRD-0000003068-62,True
3069,840,B15,5,2026-01-02 04:45:01+00:00,BRD-0000003069-39,True
3070,310,A2,1,2025-11-22 10:19:55+00:00,BRD-0000003070-91,True
3071,862,D19,1,2025-06-08 12:23:24+00:00,BRD-0000003071-13,True
3072,859,C21,5,2025-08-18 02:23:30+00:00,BRD-0000003072-56,True
3073,521,H27,5,2026-05-09 17:38:45+00:00,BRD-0000003073-10,True
3074,582,H23,1,2025-08-21 05:26:43+00:00,BRD-0000003074-91,False
3075,939,D28,3,2026-04-29 17:06:18+00:00,BRD-0000003075-44,True
3076,373,C2,6,2026-03-27 14:16:47+00:00,BRD-0000003076-80,True
3077,951,B26,2,2025-12-13 19:37:39+00:00,BRD-0000003077-43,True
3078,91,H3,5,2025-08-27 03:07:38+00:00,BRD-0000003078-26,True
3079,943,B24,6,2025-11-14 03:27:50+00:00,BRD-0000003079-46,False
3080,774,F26,1,2025-08-21 00:10:54+00:00,BRD-0000003080-71,True
3081,959,B22,5,2025-11-09 23:06:46+00:00,BRD-0000003081-11,True
3082,565,C26,6,2025-10-05 08:08:44+00:00,BRD-0000003082-90,False
3083,651,H18,5,2025-07-29 20:09:19+00:00,BRD-0000003083-13,True
3084,162,G11,1,2026-03-08 13:29:27+00:00,BRD-0000003084-39,True
3085,175,G23,2,2026-03-12 00:55:34+00:00,BRD-0000003085-75,True
3086,792,C28,5,2025-10-18 15:53:36+00:00,BRD-0000003086-62,True
3087,407,A20,6,2026-05-19 13:55:22+00:00,BRD-0000003087-37,True
3088,114,C3,6,2026-05-31 17:00:28+00:00,BRD-0000003088-54,True
3089,930,H20,5,2026-01-23 01:10:02+00:00,BRD-0000003089-13,False
3090,61,H21,3,2025-09-21 04:37:45+00:00,BRD-0000003090-92,False
3091,513,F30,4,2026-05-24 17:55:55+00:00,BRD-0000003091-64,True
3092,134,H29,6,2025-11-15 13:46:46+00:00,BRD-0000003092-67,False
3093,23,C1,2,2026-01-30 12:40:28+00:00,BRD-0000003093-39,True
3094,408,G20,4,2025-11-18 21:55:46+00:00,BRD-0000003094-59,True
3095,704,C18,4,2025-06-21 06:10:11+00:00,BRD-0000003095-10,False
3096,257,B29,3,2025-09-05 17:49:53+00:00,BRD-0000003096-74,False
3097,524,B13,6,2025-08-20 05:52:41+00:00,BRD-0000003097-42,True
3098,12,A11,4,2026-04-04 03:47:00+00:00,BRD-0000003098-80,True
3099,44,D8,3,2025-07-11 23:03:51+00:00,BRD-0000003099-94,True
3100,818,H13,1,2026-04-12 14:07:13+00:00,BRD-0000003100-26,True
3101,916,D6,4,2025-09-12 11:03:55+00:00,BRD-0000003101-14,True
3102,86,H26,5,2025-06-21 23:07:51+00:00,BRD-0000003102-29,True
3103,149,E22,5,2026-01-23 12:16:10+00:00,BRD-0000003103-60,False
3104,423,A4,1,2026-03-05 18:10:52+00:00,BRD-0000003104-82,True
3105,230,A24,5,2026-06-03 11:05:01+00:00,BRD-0000003105-95,True
3106,167,G13,2,2026-03-19 09:36:04+00:00,BRD-0000003106-11,True
3107,972,A24,4,2026-02-01 19:00:50+00:00,BRD-0000003107-27,False
3108,771,F7,6,2026-02-25 08:20:41+00:00,BRD-0000003108-42,True
3109,599,F29,2,2025-09-16 15:15:07+00:00,BRD-0000003109-47,True
3110,484,G9,5,2026-02-03 20:39:25+00:00,BRD-0000003110-56,True
3111,139,E28,5,2025-09-22 12:05:46+00:00,BRD-0000003111-72,True
3112,857,G28,6,2025-06-18 05:48:59+00:00,BRD-0000003112-45,False
3113,216,H24,5,2025-09-04 16:09:58+00:00,BRD-0000003113-20,True
3114,729,D21,4,2025-10-29 17:02:15+00:00,BRD-0000003114-36,True
3115,114,B4,1,2026-02-08 01:29:50+00:00,BRD-0000003115-54,False
3116,537,H28,5,2026-04-30 23:55:43+00:00,BRD-0000003116-69,True
3117,117,E14,3,2026-02-17 06:05:46+00:00,BRD-0000003117-95,True
3118,333,H8,2,2025-12-20 19:31:35+00:00,BRD-0000003118-44,True
3119,590,D1,3,2025-09-19 01:58:01+00:00,BRD-0000003119-29,False
3120,110,H1,4,2025-07-13 01:19:53+00:00,BRD-0000003120-69,True
3121,257,F21,4,2026-01-09 01:56:08+00:00,BRD-0000003121-15,False
3122,449,E22,6,2025-08-09 11:40:50+00:00,BRD-0000003122-24,True
3123,495,C10,3,2025-09-01 11:00:35+00:00,BRD-0000003123-52,True
3124,843,C16,1,2025-09-26 09:44:31+00:00,BRD-0000003124-27,True
3125,317,G4,5,2025-08-18 22:28:42+00:00,BRD-0000003125-24,True
3126,963,C28,4,2025-12-30 09:58:18+00:00,BRD-0000003126-53,True
3127,670,C1,1,2025-10-16 22:41:50+00:00,BRD-0000003127-68,True
3128,280,F11,4,2025-11-14 08:19:23+00:00,BRD-0000003128-98,False
3129,144,A8,6,2026-02-14 16:01:00+00:00,BRD-0000003129-14,True
3130,426,D9,5,2026-02-05 18:18:24+00:00,BRD-0000003130-99,True
3131,18,C4,3,2025-09-05 06:54:19+00:00,BRD-0000003131-79,True
3132,831,B1,1,2026-04-29 19:15:24+00:00,BRD-0000003132-24,True
3133,495,B13,5,2026-02-19 08:17:00+00:00,BRD-0000003133-82,True
3134,243,C10,2,2026-01-12 08:15:20+00:00,BRD-0000003134-24,True
3135,194,F13,3,2026-04-22 04:18:58+00:00,BRD-0000003135-29,True
3136,290,B30,2,2025-06-16 06:01:51+00:00,BRD-0000003136-91,False
3137,47,E10,3,2026-03-12 01:14:28+00:00,BRD-0000003137-27,False
3138,877,D5,5,2026-04-12 05:21:41+00:00,BRD-0000003138-40,True
3139,762,E7,6,2025-12-01 20:24:58+00:00,BRD-0000003139-31,True
3140,890,B4,2,2025-10-09 14:59:16+00:00,BRD-0000003140-57,True
3141,259,F18,6,2026-04-02 20:19:01+00:00,BRD-0000003141-96,True
3142,219,F16,2,2026-02-03 15:10:37+00:00,BRD-0000003142-92,True
3143,954,A26,3,2025-07-31 04:36:48+00:00,BRD-0000003143-22,True
3144,372,H29,6,2025-10-05 03:02:42+00:00,BRD-0000003144-42,True
3145,710,D8,2,2025-06-06 03:59:02+00:00,BRD-0000003145-72,False
3146,834,C29,2,2026-02-25 06:53:49+00:00,BRD-0000003146-31,True
3147,3,B28,1,2025-08-29 08:45:40+00:00,BRD-0000003147-65,False
3148,189,C6,1,2025-12-08 07:42:06+00:00,BRD-0000003148-74,False
3149,935,B27,3,2025-12-13 13:09:35+00:00,BRD-0000003149-19,True
3150,66,F2,6,2025-12-11 14:21:52+00:00,BRD-0000003150-26,True
3151,290,F24,4,2025-11-09 07:14:55+00:00,BRD-0000003151-87,True
3152,488,A1,5,2026-05-07 22:44:35+00:00,BRD-0000003152-30,False
3153,424,A20,5,2026-04-01 03:00:16+00:00,BRD-0000003153-96,True
3154,607,E26,2,2025-10-10 09:16:42+00:00,BRD-0000003154-77,True
3155,142,G13,3,2025-12-30 08:06:12+00:00,BRD-0000003155-93,False
3156,592,E11,4,2025-10-07 15:03:13+00:00,BRD-0000003156-71,True
3157,13,A23,1,2025-06-06 05:57:20+00:00,BRD-0000003157-34,True
3158,239,H17,2,2026-02-12 03:56:07+00:00,BRD-0000003158-65,False
3159,133,G13,4,2025-08-31 02:10:06+00:00,BRD-0000003159-80,False
3160,239,D9,6,2025-09-06 20:54:12+00:00,BRD-0000003160-80,True
3161,615,A29,5,2025-10-27 05:47:43+00:00,BRD-0000003161-84,True
3162,772,B17,4,2025-11-14 06:20:23+00:00,BRD-0000003162-90,True
3163,656,D14,3,2025-11-05 05:42:48+00:00,BRD-0000003163-97,False
3164,535,A22,1,2025-10-03 18:37:11+00:00,BRD-0000003164-36,True
3165,292,C8,3,2025-08-22 14:39:05+00:00,BRD-0000003165-64,True
3166,692,B8,5,2026-04-03 00:42:57+00:00,BRD-0000003166-98,False
3167,794,A6,1,2025-12-27 04:38:23+00:00,BRD-0000003167-58,True
3168,652,H16,5,2025-09-18 02:57:23+00:00,BRD-0000003168-78,False
3169,663,E3,6,2025-09-17 17:37:19+00:00,BRD-0000003169-13,False
3170,964,G21,3,2025-08-14 20:44:10+00:00,BRD-0000003170-80,False
3171,6,F16,5,2026-02-09 02:53:44+00:00,BRD-0000003171-35,True
3172,391,D9,2,2026-05-13 06:19:30+00:00,BRD-0000003172-64,True
3173,652,H13,3,2025-11-15 01:13:11+00:00,BRD-0000003173-56,False
3174,303,F12,5,2026-02-04 21:24:03+00:00,BRD-0000003174-57,True
3175,507,B25,4,2026-02-03 01:05:23+00:00,BRD-0000003175-45,True
3176,492,G3,4,2026-02-28 10:00:11+00:00,BRD-0000003176-51,False
3177,683,A22,6,2025-07-27 09:31:13+00:00,BRD-0000003177-88,True
3178,785,F20,6,2026-02-18 17:43:33+00:00,BRD-0000003178-78,False
3179,574,D1,1,2025-07-04 07:10:20+00:00,BRD-0000003179-74,False
3180,66,B16,6,2025-10-12 22:54:57+00:00,BRD-0000003180-50,False
3181,205,C9,5,2025-09-18 20:34:05+00:00,BRD-0000003181-82,True
3182,480,E6,2,2025-09-07 09:57:32+00:00,BRD-0000003182-43,True
3183,191,G11,2,2026-05-23 15:27:57+00:00,BRD-0000003183-42,True
3184,551,B15,4,2026-01-05 20:45:51+00:00,BRD-0000003184-25,True
3185,847,C18,2,2025-10-11 09:07:03+00:00,BRD-0000003185-87,True
3186,394,H8,3,2025-08-30 04:36:39+00:00,BRD-0000003186-55,True
3187,241,B17,4,2025-06-24 10:38:06+00:00,BRD-0000003187-76,False
3188,853,H21,1,2025-09-30 23:24:37+00:00,BRD-0000003188-93,True
3189,752,G8,6,2025-07-20 12:45:57+00:00,BRD-0000003189-67,True
3190,349,D23,2,2025-12-16 08:25:59+00:00,BRD-0000003190-26,True
3191,665,B20,4,2026-02-21 05:33:05+00:00,BRD-0000003191-93,True
3192,119,B30,5,2025-12-15 04:57:54+00:00,BRD-0000003192-20,True
3193,16,F23,4,2026-05-06 15:42:45+00:00,BRD-0000003193-19,True
3194,718,H9,6,2025-12-10 05:13:09+00:00,BRD-0000003194-30,True
3195,550,H27,1,2025-07-03 00:56:47+00:00,BRD-0000003195-17,True
3196,793,A12,3,2025-07-20 07:03:15+00:00,BRD-0000003196-40,True
3197,45,B23,6,2026-03-23 16:34:09+00:00,BRD-0000003197-96,True
3198,617,F24,2,2026-02-15 12:01:29+00:00,BRD-0000003198-11,True
3199,660,D16,1,2025-11-23 07:53:25+00:00,BRD-0000003199-41,True
3200,223,C7,4,2026-03-06 12:00:03+00:00,BRD-0000003200-38,True
3201,118,G27,6,2025-06-22 10:36:21+00:00,BRD-0000003201-88,True
3202,204,D22,6,2025-08-09 12:19:16+00:00,BRD-0000003202-96,True
3203,349,D19,3,2025-08-20 08:20:20+00:00,BRD-0000003203-94,True
3204,1,E2,4,2026-03-14 02:25:57+00:00,BRD-0000003204-31,True
3205,226,E19,3,2026-05-07 19:32:18+00:00,BRD-0000003205-47,False
3206,855,E21,1,2026-02-01 06:19:06+00:00,BRD-0000003206-42,True
3207,980,H8,1,2025-08-16 16:10:47+00:00,BRD-0000003207-69,True
3208,644,E5,5,2026-05-03 03:27:27+00:00,BRD-0000003208-53,True
3209,970,H23,1,2026-01-18 06:04:42+00:00,BRD-0000003209-60,True
3210,603,B12,5,2026-02-27 19:03:54+00:00,BRD-0000003210-75,True
3211,144,A10,3,2025-08-09 10:39:04+00:00,BRD-0000003211-92,True
3212,380,E19,2,2025-07-03 09:10:55+00:00,BRD-0000003212-15,False
3213,877,B17,1,2026-01-03 02:41:36+00:00,BRD-0000003213-46,True
3214,4,G30,5,2025-10-16 03:13:56+00:00,BRD-0000003214-15,True
3215,726,F24,5,2025-08-26 01:02:16+00:00,BRD-0000003215-81,True
3216,460,D23,1,2025-12-03 08:56:06+00:00,BRD-0000003216-41,True
3217,638,F1,5,2026-02-28 22:11:55+00:00,BRD-0000003217-60,True
3218,987,A15,3,2026-05-15 20:47:50+00:00,BRD-0000003218-60,False
3219,432,G7,3,2025-06-18 07:43:40+00:00,BRD-0000003219-37,False
3220,735,H5,5,2025-09-07 06:50:53+00:00,BRD-0000003220-68,True
3221,950,H12,5,2025-06-06 12:10:33+00:00,BRD-0000003221-67,True
3222,393,F16,5,2025-12-09 14:16:31+00:00,BRD-0000003222-12,True
3223,671,G22,4,2025-09-27 02:00:22+00:00,BRD-0000003223-38,True
3224,390,H10,6,2026-05-03 00:14:13+00:00,BRD-0000003224-28,False
3225,663,E7,3,2025-08-03 04:22:43+00:00,BRD-0000003225-86,True
3226,16,E3,4,2025-12-01 09:26:28+00:00,BRD-0000003226-57,True
3227,348,A2,3,2026-04-06 22:40:10+00:00,BRD-0000003227-19,True
3228,377,E14,2,2025-08-09 11:10:16+00:00,BRD-0000003228-24,True
3229,136,A24,2,2026-02-24 11:13:22+00:00,BRD-0000003229-76,True
3230,514,C13,5,2026-04-24 14:53:26+00:00,BRD-0000003230-30,True
3231,238,H4,5,2026-02-17 06:02:32+00:00,BRD-0000003231-27,True
3232,283,D1,5,2026-03-27 04:43:14+00:00,BRD-0000003232-47,False
3233,881,F29,5,2025-08-09 20:10:02+00:00,BRD-0000003233-93,True
3234,956,B12,5,2026-01-06 01:54:09+00:00,BRD-0000003234-96,True
3235,328,C28,2,2025-12-17 20:45:39+00:00,BRD-0000003235-13,True
3236,159,A29,1,2025-06-10 20:12:55+00:00,BRD-0000003236-52,True
3237,285,A24,3,2026-01-24 09:51:25+00:00,BRD-0000003237-13,False
3238,256,D10,5,2026-02-02 05:56:24+00:00,BRD-0000003238-82,True
3239,992,D17,4,2025-11-07 10:09:25+00:00,BRD-0000003239-89,False
3240,516,C6,3,2026-04-11 01:06:31+00:00,BRD-0000003240-79,False
3241,565,C18,5,2026-02-03 12:41:00+00:00,BRD-0000003241-10,True
3242,662,G27,6,2025-12-26 08:17:41+00:00,BRD-0000003242-66,True
3243,476,F8,2,2026-03-11 02:33:44+00:00,BRD-0000003243-72,True
3244,537,D25,5,2026-04-19 18:25:48+00:00,BRD-0000003244-77,False
3245,272,F22,3,2025-06-20 16:13:49+00:00,BRD-0000003245-43,True
3246,137,B21,5,2025-12-13 08:30:37+00:00,BRD-0000003246-19,True
3247,997,C26,4,2025-10-18 16:46:23+00:00,BRD-0000003247-70,True
3248,449,E19,6,2026-01-11 14:42:04+00:00,BRD-0000003248-61,False
3249,732,D17,5,2025-08-15 20:21:03+00:00,BRD-0000003249-77,True
3250,622,C21,6,2025-12-22 12:01:09+00:00,BRD-0000003250-71,True
3251,464,E2,1,2026-04-13 07:04:37+00:00,BRD-0000003251-78,True
3252,562,B30,1,2025-09-02 07:03:30+00:00,BRD-0000003252-93,True
3253,911,F1,5,2026-01-28 11:26:46+00:00,BRD-0000003253-46,True
3254,967,B19,2,2025-07-22 04:44:09+00:00,BRD-0000003254-65,True
3255,310,A14,4,2025-11-05 03:25:45+00:00,BRD-0000003255-99,False
3256,281,C14,4,2025-08-23 00:44:16+00:00,BRD-0000003256-77,True
3257,303,G4,1,2025-08-13 12:53:45+00:00,BRD-0000003257-34,False
3258,646,B14,5,2025-10-10 12:33:58+00:00,BRD-0000003258-53,False
3259,104,B9,1,2025-06-08 02:24:34+00:00,BRD-0000003259-68,False
3260,936,F2,3,2026-02-20 01:38:29+00:00,BRD-0000003260-61,False
3261,852,E28,4,2026-06-02 03:40:32+00:00,BRD-0000003261-52,True
3262,646,D10,1,2025-09-07 06:11:17+00:00,BRD-0000003262-27,False
3263,788,G29,6,2026-01-04 15:31:23+00:00,BRD-0000003263-86,False
3264,526,H18,3,2026-05-07 06:31:19+00:00,BRD-0000003264-30,True
3265,334,C22,1,2025-11-03 14:04:54+00:00,BRD-0000003265-11,True
3266,303,E4,6,2026-05-17 11:47:46+00:00,BRD-0000003266-64,True
3267,111,C4,5,2025-12-27 20:54:30+00:00,BRD-0000003267-73,False
3268,999,E25,3,2026-02-10 01:38:37+00:00,BRD-0000003268-56,False
3269,939,D4,6,2025-07-26 12:00:00+00:00,BRD-0000003269-18,True
3270,314,H16,6,2026-06-02 23:00:16+00:00,BRD-0000003270-63,True
3271,534,G17,4,2025-11-23 17:41:57+00:00,BRD-0000003271-45,True
3272,514,B13,4,2025-10-29 13:11:49+00:00,BRD-0000003272-96,True
3273,333,F21,6,2025-06-11 00:50:20+00:00,BRD-0000003273-41,True
3274,797,A21,3,2026-01-24 11:12:48+00:00,BRD-0000003274-58,True
3275,318,H14,5,2025-09-06 03:33:00+00:00,BRD-0000003275-77,True
3276,598,H21,6,2026-03-27 15:43:58+00:00,BRD-0000003276-16,True
3277,452,H29,4,2026-01-28 01:45:39+00:00,BRD-0000003277-51,True
3278,406,E7,4,2025-12-14 23:29:02+00:00,BRD-0000003278-73,True
3279,323,A11,3,2026-05-13 23:13:15+00:00,BRD-0000003279-93,False
3280,426,F1,4,2026-04-28 16:08:27+00:00,BRD-0000003280-21,True
3281,948,A24,1,2026-04-30 03:27:01+00:00,BRD-0000003281-36,True
3282,644,C7,2,2026-04-06 02:38:48+00:00,BRD-0000003282-48,True
3283,187,A4,3,2025-06-07 17:35:15+00:00,BRD-0000003283-66,True
3284,117,G19,2,2025-08-30 04:40:12+00:00,BRD-0000003284-99,True
3285,720,G3,3,2025-09-22 18:14:21+00:00,BRD-0000003285-17,True
3286,477,H8,2,2026-01-15 08:13:37+00:00,BRD-0000003286-75,True
3287,859,E13,6,2025-12-14 15:35:33+00:00,BRD-0000003287-39,True
3288,535,C21,1,2025-10-03 18:44:50+00:00,BRD-0000003288-92,True
3289,262,G21,3,2026-04-08 07:20:49+00:00,BRD-0000003289-25,True
3290,208,B4,2,2025-07-22 14:46:08+00:00,BRD-0000003290-55,True
3291,386,G6,2,2025-06-18 20:38:30+00:00,BRD-0000003291-21,True
3292,221,A8,1,2025-10-26 15:30:39+00:00,BRD-0000003292-72,True
3293,501,B2,3,2025-11-29 11:50:13+00:00,BRD-0000003293-49,True
3294,434,B21,3,2025-08-16 22:23:59+00:00,BRD-0000003294-24,False
3295,500,G24,1,2026-05-21 12:30:16+00:00,BRD-0000003295-82,True
3296,388,A24,4,2025-11-19 12:16:30+00:00,BRD-0000003296-20,False
3297,760,D9,4,2025-09-16 07:37:57+00:00,BRD-0000003297-91,True
3298,985,D18,1,2025-12-07 04:24:53+00:00,BRD-0000003298-60,True
3299,44,E1,1,2025-12-03 11:15:20+00:00,BRD-0000003299-17,True
3300,617,H6,6,2026-04-10 23:42:41+00:00,BRD-0000003300-58,True
3301,317,A11,3,2025-07-06 02:46:11+00:00,BRD-0000003301-84,False
3302,511,G29,4,2025-10-18 03:45:06+00:00,BRD-0000003302-89,False
3303,493,E13,1,2025-06-13 19:55:28+00:00,BRD-0000003303-84,False
3304,724,D24,1,2025-07-27 01:16:30+00:00,BRD-0000003304-60,False
3305,743,F19,1,2026-04-10 01:08:09+00:00,BRD-0000003305-27,True
3306,844,A12,6,2025-11-25 11:08:37+00:00,BRD-0000003306-23,True
3307,788,C8,1,2025-08-28 08:27:53+00:00,BRD-0000003307-38,True
3308,426,C6,4,2025-08-09 01:58:19+00:00,BRD-0000003308-40,True
3309,936,A26,6,2026-04-20 02:17:49+00:00,BRD-0000003309-93,True
3310,97,F6,6,2025-08-01 02:11:09+00:00,BRD-0000003310-19,True
3311,987,A26,3,2025-08-05 03:15:25+00:00,BRD-0000003311-78,True
3312,292,F27,1,2025-09-12 01:09:04+00:00,BRD-0000003312-83,True
3313,678,A6,1,2025-09-02 03:49:39+00:00,BRD-0000003313-78,True
3314,931,G16,5,2025-06-21 14:55:50+00:00,BRD-0000003314-55,True
3315,93,E3,3,2026-03-06 12:45:29+00:00,BRD-0000003315-87,False
3316,236,A28,4,2026-01-31 04:46:24+00:00,BRD-0000003316-44,True
3317,941,F17,4,2026-05-08 19:04:29+00:00,BRD-0000003317-21,True
3318,84,F13,3,2025-09-23 02:11:53+00:00,BRD-0000003318-53,True
3319,264,F19,6,2025-10-19 23:42:28+00:00,BRD-0000003319-54,True
3320,119,A12,1,2026-01-06 22:46:49+00:00,BRD-0000003320-79,False
3321,806,A19,6,2025-07-19 20:45:55+00:00,BRD-0000003321-34,False
3322,415,A21,1,2025-06-09 17:41:01+00:00,BRD-0000003322-45,True
3323,413,E16,2,2026-03-25 12:53:19+00:00,BRD-0000003323-30,True
3324,542,C29,1,2026-05-27 11:10:30+00:00,BRD-0000003324-36,False
3325,457,B11,1,2026-01-01 04:40:02+00:00,BRD-0000003325-65,True
3326,632,A10,3,2026-04-22 10:22:53+00:00,BRD-0000003326-10,True
3327,606,D15,2,2025-10-19 19:32:54+00:00,BRD-0000003327-48,True
3328,374,B26,5,2026-03-23 18:23:57+00:00,BRD-0000003328-81,False
3329,335,B3,1,2026-05-20 22:02:44+00:00,BRD-0000003329-97,False
3330,929,D2,4,2026-05-07 08:50:15+00:00,BRD-0000003330-52,True
3331,248,A21,5,2025-12-23 01:12:32+00:00,BRD-0000003331-92,True
3332,944,H28,5,2025-10-19 03:14:11+00:00,BRD-0000003332-48,False
3333,422,F20,6,2025-12-19 11:53:52+00:00,BRD-0000003333-84,False
3334,260,D29,5,2025-08-13 23:07:16+00:00,BRD-0000003334-54,False
3335,620,E28,4,2026-05-05 23:07:16+00:00,BRD-0000003335-63,True
3336,431,B27,6,2026-05-12 01:15:35+00:00,BRD-0000003336-62,True
3337,545,B15,4,2026-05-13 06:13:43+00:00,BRD-0000003337-94,False
3338,461,H20,3,2025-10-12 06:40:38+00:00,BRD-0000003338-69,False
3339,770,H21,6,2025-09-02 11:53:40+00:00,BRD-0000003339-24,False
3340,335,D15,2,2026-01-08 11:22:01+00:00,BRD-0000003340-75,True
3341,769,E4,2,2025-09-15 02:36:37+00:00,BRD-0000003341-81,False
3342,131,C2,1,2025-12-03 08:29:53+00:00,BRD-0000003342-72,True
3343,611,D5,5,2026-05-31 08:37:46+00:00,BRD-0000003343-87,True
3344,652,A15,4,2025-12-17 09:57:31+00:00,BRD-0000003344-16,False
3345,277,G12,4,2026-05-21 15:17:33+00:00,BRD-0000003345-23,True
3346,257,A20,4,2026-01-05 21:53:57+00:00,BRD-0000003346-74,True
3347,328,D3,4,2025-07-15 06:04:36+00:00,BRD-0000003347-39,True
3348,753,A1,4,2026-05-27 01:25:48+00:00,BRD-0000003348-58,True
3349,485,C30,2,2026-01-05 23:57:14+00:00,BRD-0000003349-24,False
3350,379,A20,3,2025-09-11 03:05:34+00:00,BRD-0000003350-82,True
3351,942,F27,3,2025-11-26 14:37:43+00:00,BRD-0000003351-56,False
3352,439,G6,1,2026-01-04 14:12:22+00:00,BRD-0000003352-61,True
3353,601,B15,4,2026-05-14 15:56:43+00:00,BRD-0000003353-40,True
3354,896,D13,1,2025-09-30 07:08:21+00:00,BRD-0000003354-91,True
3355,568,E26,3,2026-03-19 10:45:11+00:00,BRD-0000003355-94,True
3356,733,C25,1,2026-01-18 19:39:49+00:00,BRD-0000003356-57,True
3357,569,D14,5,2026-01-14 00:25:11+00:00,BRD-0000003357-24,True
3358,188,C4,5,2025-09-05 14:43:13+00:00,BRD-0000003358-37,False
3359,854,F12,5,2026-05-09 12:44:35+00:00,BRD-0000003359-77,False
3360,173,G10,5,2026-03-10 16:25:59+00:00,BRD-0000003360-40,True
3361,968,G16,5,2025-10-29 03:12:27+00:00,BRD-0000003361-44,True
3362,151,B17,5,2026-01-06 05:15:00+00:00,BRD-0000003362-25,True
3363,963,F19,4,2026-03-12 04:55:00+00:00,BRD-0000003363-99,False
3364,383,A30,3,2026-04-29 19:44:50+00:00,BRD-0000003364-21,True
3365,805,G7,2,2025-12-17 15:37:31+00:00,BRD-0000003365-53,True
3366,405,C11,4,2025-08-24 05:04:16+00:00,BRD-0000003366-57,False
3367,270,H1,2,2026-04-10 15:42:18+00:00,BRD-0000003367-93,True
3368,253,C9,5,2026-05-25 02:12:53+00:00,BRD-0000003368-94,False
3369,193,F12,4,2025-11-26 08:26:11+00:00,BRD-0000003369-20,True
3370,317,A17,5,2025-11-17 00:13:39+00:00,BRD-0000003370-76,True
3371,377,A20,3,2025-08-05 21:07:18+00:00,BRD-0000003371-55,True
3372,539,F24,1,2026-04-20 14:14:46+00:00,BRD-0000003372-65,True
3373,623,B19,3,2025-11-16 02:42:55+00:00,BRD-0000003373-12,False
3374,255,B15,2,2026-05-08 23:13:18+00:00,BRD-0000003374-76,True
3375,508,A22,2,2025-10-26 03:36:08+00:00,BRD-0000003375-68,True
3376,843,E18,1,2026-02-10 15:00:16+00:00,BRD-0000003376-58,True
3377,649,E5,3,2025-06-27 09:09:15+00:00,BRD-0000003377-92,True
3378,326,A4,2,2026-03-27 22:38:24+00:00,BRD-0000003378-96,True
3379,793,F16,6,2025-12-14 00:16:19+00:00,BRD-0000003379-29,True
3380,453,C28,3,2025-11-08 12:43:15+00:00,BRD-0000003380-36,True
3381,16,E1,5,2025-09-13 01:59:57+00:00,BRD-0000003381-60,False
3382,602,G9,5,2026-01-27 09:25:10+00:00,BRD-0000003382-84,True
3383,394,E3,1,2025-08-26 04:30:24+00:00,BRD-0000003383-67,False
3384,357,G14,4,2026-01-16 18:19:00+00:00,BRD-0000003384-97,False
3385,141,G6,2,2026-04-23 18:02:59+00:00,BRD-0000003385-12,True
3386,736,C24,4,2025-12-11 14:34:26+00:00,BRD-0000003386-38,True
3387,386,H9,3,2026-04-10 04:48:31+00:00,BRD-0000003387-62,True
3388,121,A22,5,2026-02-28 11:23:52+00:00,BRD-0000003388-67,True
3389,884,G11,4,2025-08-02 11:24:49+00:00,BRD-0000003389-78,False
3390,159,D4,2,2026-03-27 08:32:19+00:00,BRD-0000003390-15,True
3391,274,G19,1,2026-04-18 01:59:35+00:00,BRD-0000003391-60,True
3392,692,H23,3,2025-08-27 04:33:58+00:00,BRD-0000003392-22,True
3393,345,G24,5,2026-04-30 15:09:08+00:00,BRD-0000003393-52,False
3394,544,H16,1,2026-01-18 18:36:08+00:00,BRD-0000003394-18,True
3395,151,C14,6,2025-06-26 23:48:12+00:00,BRD-0000003395-66,False
3396,54,E7,5,2025-08-04 13:07:59+00:00,BRD-0000003396-51,True
3397,266,B26,3,2026-04-22 20:32:53+00:00,BRD-0000003397-55,False
3398,877,B17,2,2026-05-17 08:20:26+00:00,BRD-0000003398-58,True
3399,69,D17,6,2025-12-06 05:25:27+00:00,BRD-0000003399-55,True
3400,885,H30,4,2025-06-06 08:08:44+00:00,BRD-0000003400-45,True
3401,518,G28,5,2026-04-01 04:25:57+00:00,BRD-0000003401-78,False
3402,640,G28,6,2026-01-16 07:11:11+00:00,BRD-0000003402-41,True
3403,884,H4,6,2026-05-25 20:16:50+00:00,BRD-0000003403-40,True
3404,605,D9,4,2026-02-27 12:24:07+00:00,BRD-0000003404-68,True
3405,768,C23,4,2025-09-08 11:05:38+00:00,BRD-0000003405-93,True
3406,711,A25,5,2025-12-23 10:32:44+00:00,BRD-0000003406-32,False
3407,399,G14,4,2026-05-22 08:29:57+00:00,BRD-0000003407-31,True
3408,629,C11,6,2026-05-08 01:38:27+00:00,BRD-0000003408-65,True
3409,268,C16,5,2026-03-06 22:28:15+00:00,BRD-0000003409-90,True
3410,557,A28,1,2026-03-05 08:11:32+00:00,BRD-0000003410-26,True
3411,353,B13,4,2025-10-26 09:13:01+00:00,BRD-0000003411-24,True
3412,116,F18,4,2026-04-22 19:46:21+00:00,BRD-0000003412-52,False
3413,236,E26,5,2026-04-21 09:51:40+00:00,BRD-0000003413-35,True
3414,483,E10,4,2025-09-27 17:16:43+00:00,BRD-0000003414-76,True
3415,721,C28,2,2026-02-26 19:57:04+00:00,BRD-0000003415-34,True
3416,144,A21,2,2026-03-07 02:45:48+00:00,BRD-0000003416-87,False
3417,161,C16,6,2025-10-20 06:00:36+00:00,BRD-0000003417-82,False
3418,463,E25,2,2026-03-13 16:07:39+00:00,BRD-0000003418-83,True
3419,474,A12,1,2025-09-13 04:40:49+00:00,BRD-0000003419-80,False
3420,433,H1,6,2026-05-06 03:19:01+00:00,BRD-0000003420-59,True
3421,823,F7,5,2025-07-15 11:02:34+00:00,BRD-0000003421-66,True
3422,812,E11,1,2025-09-13 16:11:56+00:00,BRD-0000003422-20,True
3423,625,B22,6,2026-01-27 15:41:19+00:00,BRD-0000003423-81,True
3424,225,B4,2,2025-07-15 06:57:44+00:00,BRD-0000003424-57,True
3425,291,G17,4,2025-07-12 19:12:48+00:00,BRD-0000003425-56,False
3426,176,B21,2,2025-11-06 09:27:32+00:00,BRD-0000003426-61,True
3427,861,G16,1,2025-12-16 23:11:18+00:00,BRD-0000003427-17,True
3428,250,F12,3,2026-01-19 21:48:43+00:00,BRD-0000003428-24,True
3429,787,A18,1,2026-03-29 21:19:49+00:00,BRD-0000003429-58,False
3430,743,H15,1,2025-12-09 22:27:42+00:00,BRD-0000003430-68,False
3431,903,F3,3,2025-11-17 14:28:53+00:00,BRD-0000003431-61,False
3432,15,E27,3,2026-05-22 21:34:10+00:00,BRD-0000003432-67,False
3433,636,H6,5,2025-12-24 22:59:56+00:00,BRD-0000003433-79,False
3434,223,G12,5,2026-03-07 02:53:26+00:00,BRD-0000003434-63,False
3435,598,G29,1,2025-08-23 19:54:40+00:00,BRD-0000003435-73,True
3436,709,E25,5,2025-06-20 18:33:49+00:00,BRD-0000003436-86,True
3437,511,G7,6,2025-09-09 00:00:49+00:00,BRD-0000003437-10,False
3438,377,G25,5,2025-06-04 07:23:03+00:00,BRD-0000003438-63,True
3439,678,H6,1,2025-09-13 09:11:39+00:00,BRD-0000003439-11,True
3440,299,C20,1,2026-02-06 12:15:06+00:00,BRD-0000003440-46,False
3441,729,D13,5,2026-01-28 12:29:41+00:00,BRD-0000003441-10,True
3442,596,A13,1,2025-10-18 05:16:31+00:00,BRD-0000003442-56,True
3443,666,C19,5,2026-03-24 20:07:35+00:00,BRD-0000003443-37,True
3444,852,G12,4,2026-03-10 03:46:57+00:00,BRD-0000003444-96,True
3445,340,E29,1,2025-10-15 13:56:58+00:00,BRD-0000003445-65,False
3446,385,G13,6,2026-04-29 14:06:23+00:00,BRD-0000003446-84,False
3447,139,E4,5,2026-01-04 04:44:31+00:00,BRD-0000003447-46,True
3448,423,A14,1,2025-08-21 08:31:55+00:00,BRD-0000003448-34,True
3449,257,E8,6,2026-05-05 20:23:45+00:00,BRD-0000003449-52,False
3450,677,C4,4,2025-07-18 20:50:58+00:00,BRD-0000003450-30,True
3451,774,H6,1,2026-01-08 15:17:32+00:00,BRD-0000003451-74,False
3452,922,E1,6,2026-05-19 05:04:41+00:00,BRD-0000003452-37,True
3453,646,H26,5,2025-07-23 12:20:51+00:00,BRD-0000003453-60,False
3454,174,C30,4,2026-01-10 10:02:13+00:00,BRD-0000003454-13,True
3455,340,G26,2,2025-07-27 16:34:28+00:00,BRD-0000003455-56,True
3456,995,E4,3,2025-11-26 08:03:40+00:00,BRD-0000003456-83,True
3457,104,G14,4,2026-04-10 03:02:02+00:00,BRD-0000003457-32,False
3458,655,E2,5,2025-08-24 19:58:51+00:00,BRD-0000003458-86,False
3459,333,H7,5,2025-06-15 04:34:38+00:00,BRD-0000003459-13,True
3460,136,B30,1,2025-07-29 15:01:31+00:00,BRD-0000003460-82,True
3461,719,D6,4,2026-01-22 00:20:28+00:00,BRD-0000003461-36,True
3462,303,D8,2,2025-09-19 04:08:16+00:00,BRD-0000003462-33,False
3463,690,F18,4,2025-10-14 06:40:54+00:00,BRD-0000003463-84,True
3464,955,D30,4,2025-12-11 15:15:27+00:00,BRD-0000003464-29,True
3465,344,C23,6,2026-01-01 13:19:37+00:00,BRD-0000003465-77,True
3466,286,A14,6,2025-09-24 09:00:54+00:00,BRD-0000003466-79,True
3467,930,C9,5,2026-01-27 20:11:41+00:00,BRD-0000003467-22,False
3468,914,D7,6,2025-09-05 00:21:40+00:00,BRD-0000003468-35,False
3469,220,F14,3,2025-06-19 08:23:25+00:00,BRD-0000003469-67,False
3470,621,C30,6,2026-03-04 13:37:43+00:00,BRD-0000003470-98,True
3471,812,C19,2,2026-01-31 09:12:02+00:00,BRD-0000003471-83,True
3472,268,G13,6,2025-09-18 04:13:49+00:00,BRD-0000003472-58,True
3473,768,H22,6,2026-05-08 14:49:14+00:00,BRD-0000003473-87,True
3474,951,F9,1,2025-08-04 21:03:46+00:00,BRD-0000003474-84,True
3475,993,H4,1,2026-04-27 13:51:46+00:00,BRD-0000003475-74,True
3476,458,H8,3,2025-06-28 00:16:15+00:00,BRD-0000003476-46,True
3477,615,A15,2,2026-03-13 03:13:48+00:00,BRD-0000003477-72,False
3478,853,E21,5,2025-11-01 22:10:40+00:00,BRD-0000003478-31,True
3479,705,F2,4,2025-10-16 10:41:45+00:00,BRD-0000003479-55,False
3480,691,D18,5,2026-01-11 13:31:02+00:00,BRD-0000003480-21,False
3481,458,A12,3,2025-08-18 01:02:54+00:00,BRD-0000003481-51,True
3482,826,H30,2,2025-07-13 11:37:21+00:00,BRD-0000003482-61,False
3483,686,B26,1,2025-10-22 17:53:35+00:00,BRD-0000003483-94,True
3484,690,F1,2,2026-05-18 15:34:22+00:00,BRD-0000003484-32,True
3485,725,H13,3,2026-02-02 12:57:50+00:00,BRD-0000003485-18,True
3486,90,C3,3,2026-03-25 08:01:54+00:00,BRD-0000003486-44,True
3487,946,H26,1,2025-09-06 16:56:28+00:00,BRD-0000003487-50,True
3488,583,B17,6,2026-01-20 16:11:51+00:00,BRD-0000003488-22,False
3489,34,C23,2,2026-01-26 10:13:20+00:00,BRD-0000003489-81,False
3490,745,C17,1,2025-06-10 16:35:10+00:00,BRD-0000003490-84,True
3491,516,H20,4,2025-06-15 16:43:02+00:00,BRD-0000003491-34,True
3492,680,F21,2,2025-06-09 19:09:51+00:00,BRD-0000003492-53,True
3493,210,D21,4,2026-04-25 15:16:29+00:00,BRD-0000003493-20,True
3494,172,H6,4,2026-02-03 16:52:58+00:00,BRD-0000003494-40,True
3495,255,F24,5,2026-02-17 12:10:25+00:00,BRD-0000003495-15,True
3496,185,H10,5,2026-01-02 12:43:31+00:00,BRD-0000003496-22,True
3497,1000,B7,4,2026-05-16 21:51:48+00:00,BRD-0000003497-34,True
3498,880,D30,1,2026-03-11 17:38:20+00:00,BRD-0000003498-39,True
3499,474,B17,1,2025-07-05 21:23:09+00:00,BRD-0000003499-13,True
3500,307,G23,4,2026-05-26 11:29:37+00:00,BRD-0000003500-24,True
3501,404,C7,4,2025-07-14 05:30:20+00:00,BRD-0000003501-86,True
3502,808,H15,4,2026-02-22 13:36:06+00:00,BRD-0000003502-31,True
3503,935,G23,3,2026-01-16 17:07:18+00:00,BRD-0000003503-71,True
3504,999,B12,1,2026-03-17 13:56:13+00:00,BRD-0000003504-50,True
3505,35,A2,1,2025-12-02 11:52:03+00:00,BRD-0000003505-72,False
3506,554,A16,5,2025-11-24 07:38:35+00:00,BRD-0000003506-97,False
3507,87,D16,5,2026-05-06 20:30:15+00:00,BRD-0000003507-70,True
3508,252,B30,6,2025-10-31 12:23:06+00:00,BRD-0000003508-66,False
3509,244,B19,6,2025-10-17 02:22:12+00:00,BRD-0000003509-65,False
3510,307,G4,5,2025-06-21 02:43:18+00:00,BRD-0000003510-46,True
3511,981,F16,3,2025-11-20 20:11:57+00:00,BRD-0000003511-40,False
3512,991,D16,1,2025-07-17 08:08:15+00:00,BRD-0000003512-68,True
3513,103,D1,5,2026-03-05 01:10:19+00:00,BRD-0000003513-99,False
3514,199,G2,6,2026-01-31 05:39:30+00:00,BRD-0000003514-16,True
3515,873,H16,4,2026-03-05 09:11:11+00:00,BRD-0000003515-86,False
3516,111,F14,1,2025-12-01 21:29:01+00:00,BRD-0000003516-57,True
3517,915,D1,3,2025-09-15 16:48:22+00:00,BRD-0000003517-53,True
3518,135,E20,3,2026-05-26 09:39:04+00:00,BRD-0000003518-25,True
3519,299,H30,3,2025-11-17 05:52:41+00:00,BRD-0000003519-91,True
3520,386,A16,4,2026-04-20 02:53:35+00:00,BRD-0000003520-55,True
3521,436,B28,3,2026-02-09 14:25:05+00:00,BRD-0000003521-38,True
3522,930,B29,5,2025-08-04 22:45:52+00:00,BRD-0000003522-30,True
3523,246,E18,5,2026-05-20 22:59:29+00:00,BRD-0000003523-94,True
3524,687,G6,4,2026-04-17 03:00:58+00:00,BRD-0000003524-60,False
3525,826,A9,5,2026-04-20 06:48:49+00:00,BRD-0000003525-58,False
3526,240,C5,5,2026-01-19 12:18:49+00:00,BRD-0000003526-91,False
3527,289,A26,4,2025-09-15 14:44:00+00:00,BRD-0000003527-99,True
3528,158,H10,4,2025-07-24 15:12:21+00:00,BRD-0000003528-79,True
3529,912,F11,6,2026-04-02 11:57:26+00:00,BRD-0000003529-96,True
3530,296,F8,2,2026-01-08 08:08:44+00:00,BRD-0000003530-37,True
3531,850,D18,1,2025-07-23 11:22:42+00:00,BRD-0000003531-73,False
3532,501,E2,5,2025-07-05 19:51:13+00:00,BRD-0000003532-66,True
3533,498,D5,4,2026-03-27 23:36:18+00:00,BRD-0000003533-43,False
3534,323,H13,6,2025-12-04 11:12:37+00:00,BRD-0000003534-85,True
3535,12,G16,2,2025-10-03 12:17:13+00:00,BRD-0000003535-40,True
3536,423,H20,1,2026-04-06 07:23:55+00:00,BRD-0000003536-66,True
3537,251,C26,3,2026-01-20 19:12:08+00:00,BRD-0000003537-88,False
3538,979,D18,3,2025-06-20 03:47:24+00:00,BRD-0000003538-94,False
3539,124,C11,3,2025-08-22 13:26:27+00:00,BRD-0000003539-56,True
3540,844,G12,4,2026-03-02 17:55:21+00:00,BRD-0000003540-50,True
3541,37,H6,4,2026-01-28 13:53:15+00:00,BRD-0000003541-89,True
3542,894,H16,5,2026-05-03 01:33:46+00:00,BRD-0000003542-40,True
3543,524,A1,6,2025-06-19 16:40:16+00:00,BRD-0000003543-86,True
3544,342,A16,6,2025-07-21 07:45:47+00:00,BRD-0000003544-75,True
3545,426,E25,2,2025-08-26 16:25:23+00:00,BRD-0000003545-27,True
3546,732,B20,5,2026-05-22 22:30:29+00:00,BRD-0000003546-55,True
3547,613,B7,1,2025-12-28 22:45:01+00:00,BRD-0000003547-60,True
3548,126,C11,3,2026-04-13 10:22:39+00:00,BRD-0000003548-46,False
3549,596,B9,6,2026-05-13 20:07:13+00:00,BRD-0000003549-63,True
3550,649,F14,6,2026-05-08 08:19:36+00:00,BRD-0000003550-73,False
3551,920,G6,3,2025-09-15 05:26:08+00:00,BRD-0000003551-90,True
3552,633,F26,4,2026-04-08 05:59:10+00:00,BRD-0000003552-57,True
3553,756,H25,1,2026-02-07 04:43:43+00:00,BRD-0000003553-54,True
3554,794,C4,1,2025-06-30 01:40:04+00:00,BRD-0000003554-57,True
3555,892,F8,6,2025-07-30 21:15:01+00:00,BRD-0000003555-61,True
3556,347,C27,1,2025-12-17 11:40:09+00:00,BRD-0000003556-20,True
3557,374,G2,1,2026-03-03 13:08:10+00:00,BRD-0000003557-64,False
3558,203,C27,3,2026-04-14 17:20:04+00:00,BRD-0000003558-82,True
3559,21,C30,1,2025-09-23 01:08:58+00:00,BRD-0000003559-85,False
3560,175,D19,1,2026-03-19 18:03:29+00:00,BRD-0000003560-78,True
3561,145,F3,5,2026-05-24 20:48:01+00:00,BRD-0000003561-99,True
3562,564,E3,5,2026-03-14 21:49:57+00:00,BRD-0000003562-57,True
3563,714,A14,2,2025-10-05 16:59:56+00:00,BRD-0000003563-54,False
3564,982,H9,6,2026-04-22 17:39:35+00:00,BRD-0000003564-42,True
3565,652,B3,5,2026-03-18 12:05:24+00:00,BRD-0000003565-82,True
3566,496,E7,4,2025-08-27 02:53:38+00:00,BRD-0000003566-34,True
3567,406,C7,5,2026-03-04 00:53:58+00:00,BRD-0000003567-39,False
3568,608,H12,2,2026-02-22 22:17:51+00:00,BRD-0000003568-19,True
3569,592,G1,4,2025-11-29 13:38:30+00:00,BRD-0000003569-91,True
3570,250,H29,4,2025-09-06 08:06:54+00:00,BRD-0000003570-38,True
3571,713,F30,4,2026-02-11 15:33:15+00:00,BRD-0000003571-17,False
3572,103,A30,1,2025-07-26 01:20:12+00:00,BRD-0000003572-21,True
3573,250,F12,6,2025-11-10 15:27:06+00:00,BRD-0000003573-61,True
3574,780,G26,3,2025-08-20 22:40:49+00:00,BRD-0000003574-70,True
3575,196,G17,5,2025-12-06 14:49:02+00:00,BRD-0000003575-61,True
3576,612,A14,1,2026-05-08 15:58:06+00:00,BRD-0000003576-74,True
3577,130,F22,3,2025-12-12 01:03:36+00:00,BRD-0000003577-56,False
3578,268,E25,2,2025-08-27 22:45:40+00:00,BRD-0000003578-92,True
3579,607,A19,1,2025-09-18 00:02:25+00:00,BRD-0000003579-20,True
3580,839,A26,2,2025-09-04 11:46:09+00:00,BRD-0000003580-23,True
3581,255,E4,2,2025-06-20 05:58:05+00:00,BRD-0000003581-13,False
3582,119,E2,5,2026-04-01 15:12:00+00:00,BRD-0000003582-92,False
3583,452,B10,1,2026-04-17 19:36:48+00:00,BRD-0000003583-40,True
3584,141,D2,2,2025-08-18 13:48:22+00:00,BRD-0000003584-35,True
3585,551,G29,5,2026-05-15 22:51:07+00:00,BRD-0000003585-27,False
3586,598,A5,6,2025-10-12 02:56:37+00:00,BRD-0000003586-53,True
3587,791,B21,3,2025-09-24 18:04:53+00:00,BRD-0000003587-26,True
3588,291,E30,6,2025-09-18 23:05:42+00:00,BRD-0000003588-32,False
3589,990,H2,6,2026-05-27 12:15:16+00:00,BRD-0000003589-35,True
3590,408,B18,3,2026-03-28 05:23:59+00:00,BRD-0000003590-54,False
3591,922,G3,6,2025-09-10 21:17:08+00:00,BRD-0000003591-54,True
3592,786,E19,6,2025-08-21 02:25:09+00:00,BRD-0000003592-82,True
3593,656,G10,2,2025-12-11 13:43:01+00:00,BRD-0000003593-48,True
3594,939,G28,4,2025-12-12 08:08:03+00:00,BRD-0000003594-30,True
3595,622,E6,1,2026-04-27 18:49:25+00:00,BRD-0000003595-59,True
3596,98,H23,1,2026-04-18 07:59:11+00:00,BRD-0000003596-82,False
3597,170,G30,4,2025-10-14 20:28:46+00:00,BRD-0000003597-50,True
3598,104,G8,3,2026-03-09 00:30:14+00:00,BRD-0000003598-80,True
3599,16,G3,5,2026-04-20 08:50:31+00:00,BRD-0000003599-71,True
3600,329,H3,4,2026-03-05 17:21:10+00:00,BRD-0000003600-98,True
3601,199,B13,3,2026-03-31 19:27:51+00:00,BRD-0000003601-87,True
3602,704,H6,3,2025-10-21 10:23:14+00:00,BRD-0000003602-36,True
3603,632,G12,6,2025-09-20 23:16:26+00:00,BRD-0000003603-80,True
3604,427,D19,5,2026-02-16 08:40:46+00:00,BRD-0000003604-38,False
3605,220,C22,2,2025-08-19 10:31:34+00:00,BRD-0000003605-20,True
3606,196,B22,6,2025-12-11 12:45:01+00:00,BRD-0000003606-59,True
3607,323,D25,5,2025-06-10 00:17:34+00:00,BRD-0000003607-67,True
3608,714,F4,2,2025-11-04 07:24:44+00:00,BRD-0000003608-62,False
3609,445,E15,3,2026-01-11 17:09:55+00:00,BRD-0000003609-45,False
3610,6,B27,5,2026-03-24 15:16:58+00:00,BRD-0000003610-89,False
3611,852,B9,1,2025-10-22 09:15:33+00:00,BRD-0000003611-18,False
3612,895,G23,4,2026-02-04 23:14:11+00:00,BRD-0000003612-41,False
3613,3,H6,6,2026-04-28 23:59:58+00:00,BRD-0000003613-58,True
3614,511,G10,4,2025-10-01 04:44:06+00:00,BRD-0000003614-32,True
3615,274,D6,5,2025-10-17 17:45:25+00:00,BRD-0000003615-25,True
3616,361,F3,2,2026-05-08 23:43:23+00:00,BRD-0000003616-41,True
3617,849,A7,6,2026-01-19 03:21:21+00:00,BRD-0000003617-99,True
3618,464,H6,1,2026-03-07 18:13:37+00:00,BRD-0000003618-47,False
3619,281,G2,5,2025-10-14 16:24:15+00:00,BRD-0000003619-46,True
3620,451,D24,6,2026-01-20 02:25:49+00:00,BRD-0000003620-51,True
3621,616,F24,4,2025-11-19 23:40:52+00:00,BRD-0000003621-54,True
3622,351,A8,5,2026-03-14 16:08:50+00:00,BRD-0000003622-55,True
3623,672,H7,1,2025-06-28 13:24:00+00:00,BRD-0000003623-50,True
3624,314,B5,4,2025-07-19 11:14:41+00:00,BRD-0000003624-58,False
3625,833,H28,1,2025-09-13 23:11:23+00:00,BRD-0000003625-10,True
3626,783,A1,1,2026-04-08 17:10:50+00:00,BRD-0000003626-10,True
3627,561,D16,1,2026-04-10 16:53:39+00:00,BRD-0000003627-84,True
3628,351,D11,4,2026-05-07 14:42:02+00:00,BRD-0000003628-96,True
3629,535,D3,6,2025-09-29 18:51:18+00:00,BRD-0000003629-37,True
3630,106,E1,1,2026-01-31 19:02:04+00:00,BRD-0000003630-54,True
3631,817,C26,4,2026-05-15 09:58:55+00:00,BRD-0000003631-70,False
3632,577,H17,6,2026-02-12 15:13:13+00:00,BRD-0000003632-55,True
3633,497,E24,3,2026-01-21 12:11:10+00:00,BRD-0000003633-36,True
3634,707,E24,2,2025-10-22 10:20:49+00:00,BRD-0000003634-43,False
3635,410,E24,4,2025-06-07 20:09:45+00:00,BRD-0000003635-97,False
3636,79,B16,4,2025-06-05 09:44:28+00:00,BRD-0000003636-88,False
3637,20,G15,2,2025-11-03 07:27:45+00:00,BRD-0000003637-20,True
3638,468,H9,4,2025-06-04 05:46:52+00:00,BRD-0000003638-59,True
3639,367,C21,2,2025-06-23 20:28:49+00:00,BRD-0000003639-12,False
3640,822,B28,1,2026-03-18 23:23:03+00:00,BRD-0000003640-78,True
3641,141,E20,3,2025-06-17 16:30:45+00:00,BRD-0000003641-54,True
3642,192,H22,4,2026-05-14 13:36:42+00:00,BRD-0000003642-57,True
3643,610,G29,3,2025-08-07 09:35:35+00:00,BRD-0000003643-34,True
3644,553,G14,1,2025-07-22 09:28:46+00:00,BRD-0000003644-60,True
3645,808,H19,3,2025-10-25 04:30:43+00:00,BRD-0000003645-42,True
3646,1000,C21,3,2026-01-04 04:06:18+00:00,BRD-0000003646-35,True
3647,698,D30,3,2025-10-14 19:27:09+00:00,BRD-0000003647-90,True
3648,451,G10,1,2025-10-30 15:16:29+00:00,BRD-0000003648-77,True
3649,550,C9,6,2026-05-09 02:50:53+00:00,BRD-0000003649-21,True
3650,331,C27,2,2025-11-14 09:42:20+00:00,BRD-0000003650-17,True
3651,407,A14,1,2025-09-14 15:38:53+00:00,BRD-0000003651-12,True
3652,894,H8,6,2026-05-03 04:40:49+00:00,BRD-0000003652-80,True
3653,3,D10,4,2025-11-10 00:52:43+00:00,BRD-0000003653-10,False
3654,841,H30,6,2025-06-10 18:22:51+00:00,BRD-0000003654-97,False
3655,324,A21,4,2026-05-08 08:05:11+00:00,BRD-0000003655-70,True
3656,422,E19,4,2025-08-16 17:48:01+00:00,BRD-0000003656-74,False
3657,258,B16,6,2025-07-31 00:00:26+00:00,BRD-0000003657-45,False
3658,405,H23,1,2026-01-02 16:54:38+00:00,BRD-0000003658-72,False
3659,118,A20,1,2025-11-27 23:52:41+00:00,BRD-0000003659-80,False
3660,646,H1,5,2025-12-10 21:59:05+00:00,BRD-0000003660-43,False
3661,839,D9,1,2025-06-06 13:42:58+00:00,BRD-0000003661-17,True
3662,406,H21,6,2025-10-05 14:43:18+00:00,BRD-0000003662-62,False
3663,332,A7,4,2026-02-25 11:03:37+00:00,BRD-0000003663-70,True
3664,859,C30,2,2025-11-11 16:14:09+00:00,BRD-0000003664-27,True
3665,260,D16,1,2026-02-06 01:40:54+00:00,BRD-0000003665-26,False
3666,815,F19,3,2026-05-28 10:14:45+00:00,BRD-0000003666-54,True
3667,491,G9,4,2025-09-22 16:05:18+00:00,BRD-0000003667-40,False
3668,285,E5,2,2026-02-18 00:03:40+00:00,BRD-0000003668-46,True
3669,828,C14,2,2025-10-24 19:03:16+00:00,BRD-0000003669-10,True
3670,778,A30,5,2025-07-27 00:14:15+00:00,BRD-0000003670-59,True
3671,189,E3,5,2026-01-30 00:13:20+00:00,BRD-0000003671-16,True
3672,368,E22,6,2026-03-01 03:56:52+00:00,BRD-0000003672-98,False
3673,443,D18,1,2025-10-27 00:08:41+00:00,BRD-0000003673-28,False
3674,529,A3,3,2026-02-17 06:53:13+00:00,BRD-0000003674-78,False
3675,271,H13,6,2025-11-24 04:58:12+00:00,BRD-0000003675-48,False
3676,462,H4,3,2026-03-07 12:34:43+00:00,BRD-0000003676-31,False
3677,765,E10,2,2025-12-26 00:54:16+00:00,BRD-0000003677-54,True
3678,205,B9,4,2026-04-19 19:08:31+00:00,BRD-0000003678-70,True
3679,147,G6,2,2026-04-03 15:51:15+00:00,BRD-0000003679-30,True
3680,821,B9,6,2025-07-31 19:54:19+00:00,BRD-0000003680-36,False
3681,409,F30,5,2025-09-22 20:48:31+00:00,BRD-0000003681-29,False
3682,506,F3,3,2026-01-31 22:06:43+00:00,BRD-0000003682-32,True
3683,569,B12,6,2026-04-09 02:13:38+00:00,BRD-0000003683-42,True
3684,397,A2,1,2026-03-31 22:59:35+00:00,BRD-0000003684-84,True
3685,837,C3,1,2026-04-05 19:04:01+00:00,BRD-0000003685-12,True
3686,893,G1,3,2025-12-29 19:55:57+00:00,BRD-0000003686-81,False
3687,908,D20,5,2025-09-15 16:30:42+00:00,BRD-0000003687-96,True
3688,697,A6,1,2026-02-14 16:12:21+00:00,BRD-0000003688-90,True
3689,608,B24,6,2025-09-05 16:23:07+00:00,BRD-0000003689-79,False
3690,851,A24,2,2025-09-26 07:36:14+00:00,BRD-0000003690-47,True
3691,354,E5,1,2025-12-28 08:46:18+00:00,BRD-0000003691-58,False
3692,368,D12,3,2026-04-26 19:58:42+00:00,BRD-0000003692-60,True
3693,574,A3,1,2025-12-30 04:32:27+00:00,BRD-0000003693-95,False
3694,260,D28,5,2025-07-06 13:29:08+00:00,BRD-0000003694-21,True
3695,504,A20,1,2026-04-26 15:20:35+00:00,BRD-0000003695-90,True
3696,87,F7,1,2025-11-04 05:59:31+00:00,BRD-0000003696-61,True
3697,646,A15,3,2025-10-03 03:15:49+00:00,BRD-0000003697-42,False
3698,183,E29,3,2025-07-22 11:05:21+00:00,BRD-0000003698-61,False
3699,91,B13,4,2026-04-17 04:08:18+00:00,BRD-0000003699-28,False
3700,360,E25,6,2025-12-26 07:54:44+00:00,BRD-0000003700-24,True
3701,183,G22,3,2025-06-24 08:30:42+00:00,BRD-0000003701-78,True
3702,498,C7,6,2025-11-29 05:00:40+00:00,BRD-0000003702-72,False
3703,710,E19,5,2025-11-23 21:28:16+00:00,BRD-0000003703-79,True
3704,94,F4,3,2025-09-06 23:20:26+00:00,BRD-0000003704-43,False
3705,305,A1,1,2026-04-01 09:35:35+00:00,BRD-0000003705-29,False
3706,263,H25,2,2025-09-29 20:20:26+00:00,BRD-0000003706-61,False
3707,380,G12,6,2026-05-21 03:50:29+00:00,BRD-0000003707-14,True
3708,641,H8,5,2025-10-06 04:40:42+00:00,BRD-0000003708-55,True
3709,472,E14,4,2026-03-16 20:09:17+00:00,BRD-0000003709-22,True
3710,194,E3,2,2026-05-27 20:12:22+00:00,BRD-0000003710-51,True
3711,420,D26,1,2025-07-10 17:36:24+00:00,BRD-0000003711-52,True
3712,316,G25,2,2025-09-06 05:08:40+00:00,BRD-0000003712-66,True
3713,646,H10,1,2025-06-14 18:41:02+00:00,BRD-0000003713-86,True
3714,37,C17,5,2025-07-23 02:27:01+00:00,BRD-0000003714-72,False
3715,137,A30,6,2025-10-08 05:09:19+00:00,BRD-0000003715-75,True
3716,608,E11,3,2025-11-08 16:05:21+00:00,BRD-0000003716-83,True
3717,963,E18,6,2025-07-27 10:14:57+00:00,BRD-0000003717-19,True
3718,600,D3,4,2025-11-05 17:22:52+00:00,BRD-0000003718-65,True
3719,967,F15,4,2026-04-17 02:21:29+00:00,BRD-0000003719-94,False
3720,229,E23,1,2025-06-20 01:26:14+00:00,BRD-0000003720-85,True
3721,728,F14,2,2025-12-26 02:00:54+00:00,BRD-0000003721-67,True
3722,262,D20,2,2025-09-01 13:00:03+00:00,BRD-0000003722-51,False
3723,914,F4,1,2026-06-01 22:57:50+00:00,BRD-0000003723-69,False
3724,132,C4,6,2025-10-19 01:32:28+00:00,BRD-0000003724-35,True
3725,552,F8,4,2026-01-31 06:00:11+00:00,BRD-0000003725-61,True
3726,38,C24,3,2025-08-25 18:05:36+00:00,BRD-0000003726-82,True
3727,334,F17,5,2026-02-26 19:50:31+00:00,BRD-0000003727-78,True
3728,1,G27,3,2026-01-29 13:54:22+00:00,BRD-0000003728-73,False
3729,310,A7,3,2026-01-22 04:28:00+00:00,BRD-0000003729-82,True
3730,497,D8,6,2025-09-17 09:28:35+00:00,BRD-0000003730-67,False
3731,77,H29,3,2026-05-10 09:56:13+00:00,BRD-0000003731-42,True
3732,241,A20,4,2026-03-16 22:03:14+00:00,BRD-0000003732-38,False
3733,425,A26,5,2025-09-11 22:15:22+00:00,BRD-0000003733-70,True
3734,775,A30,6,2025-06-18 03:17:31+00:00,BRD-0000003734-63,True
3735,405,C4,4,2026-01-22 08:43:03+00:00,BRD-0000003735-18,True
3736,30,H27,1,2025-12-05 07:26:32+00:00,BRD-0000003736-34,True
3737,438,E18,1,2025-07-28 19:07:23+00:00,BRD-0000003737-92,False
3738,567,F13,4,2025-12-07 16:11:57+00:00,BRD-0000003738-41,False
3739,114,H27,5,2026-01-17 19:41:12+00:00,BRD-0000003739-80,False
3740,507,G5,6,2025-09-10 01:18:53+00:00,BRD-0000003740-94,False
3741,727,E5,3,2025-11-13 18:43:00+00:00,BRD-0000003741-92,True
3742,901,A6,1,2026-06-01 16:21:48+00:00,BRD-0000003742-79,True
3743,188,F6,1,2026-04-03 14:58:25+00:00,BRD-0000003743-88,True
3744,171,B5,6,2026-01-03 11:00:10+00:00,BRD-0000003744-18,True
3745,354,C24,4,2026-02-26 09:00:16+00:00,BRD-0000003745-24,True
3746,394,H29,2,2026-05-25 17:11:36+00:00,BRD-0000003746-48,True
3747,583,A29,6,2025-09-24 18:24:33+00:00,BRD-0000003747-26,True
3748,834,D18,4,2026-01-26 18:06:31+00:00,BRD-0000003748-45,True
3749,129,F9,2,2025-10-14 00:46:28+00:00,BRD-0000003749-27,True
3750,725,B18,2,2025-09-07 00:25:16+00:00,BRD-0000003750-78,True
3751,531,G7,5,2026-02-18 18:15:24+00:00,BRD-0000003751-99,True
3752,219,F12,1,2025-08-15 06:37:05+00:00,BRD-0000003752-24,True
3753,834,E15,5,2025-06-27 08:37:13+00:00,BRD-0000003753-72,True
3754,597,B14,6,2026-05-23 12:33:09+00:00,BRD-0000003754-68,False
3755,82,B23,3,2026-03-31 20:50:12+00:00,BRD-0000003755-91,True
3756,449,A1,1,2025-06-22 02:26:11+00:00,BRD-0000003756-94,False
3757,34,H20,6,2025-10-07 01:15:02+00:00,BRD-0000003757-24,True
3758,285,D26,3,2025-06-11 03:05:30+00:00,BRD-0000003758-39,True
3759,26,F25,3,2025-11-19 15:02:18+00:00,BRD-0000003759-64,False
3760,624,E27,2,2026-01-02 20:51:21+00:00,BRD-0000003760-65,True
3761,300,E15,5,2026-04-21 09:21:02+00:00,BRD-0000003761-29,True
3762,449,D7,6,2025-08-01 23:51:07+00:00,BRD-0000003762-38,True
3763,811,H21,5,2025-11-03 09:25:57+00:00,BRD-0000003763-91,True
3764,730,E24,5,2026-05-06 10:19:13+00:00,BRD-0000003764-46,True
3765,693,E27,6,2025-07-18 10:34:08+00:00,BRD-0000003765-27,True
3766,865,B21,4,2025-11-05 15:36:14+00:00,BRD-0000003766-13,False
3767,458,E20,2,2025-09-02 21:53:09+00:00,BRD-0000003767-70,False
3768,801,D13,5,2025-10-17 02:03:50+00:00,BRD-0000003768-33,True
3769,700,G1,3,2026-01-25 04:56:26+00:00,BRD-0000003769-43,True
3770,893,B28,5,2025-09-06 23:33:11+00:00,BRD-0000003770-32,True
3771,580,E10,5,2025-07-23 09:41:23+00:00,BRD-0000003771-79,True
3772,28,G24,4,2026-04-05 18:24:41+00:00,BRD-0000003772-80,True
3773,826,F23,6,2025-08-13 21:35:06+00:00,BRD-0000003773-43,True
3774,180,E17,4,2025-12-13 06:25:46+00:00,BRD-0000003774-27,True
3775,476,D7,1,2025-12-10 19:04:26+00:00,BRD-0000003775-20,True
3776,110,E13,6,2026-03-11 07:04:24+00:00,BRD-0000003776-22,True
3777,968,E9,4,2025-12-14 08:47:21+00:00,BRD-0000003777-92,True
3778,693,G29,1,2025-11-28 12:27:23+00:00,BRD-0000003778-64,False
3779,446,B17,3,2025-10-06 15:51:07+00:00,BRD-0000003779-70,False
3780,598,A1,2,2025-12-02 03:58:53+00:00,BRD-0000003780-53,True
3781,113,F27,6,2025-11-07 13:19:54+00:00,BRD-0000003781-84,True
3782,635,B15,5,2026-03-15 01:17:57+00:00,BRD-0000003782-93,True
3783,508,E2,6,2025-08-28 07:15:27+00:00,BRD-0000003783-66,True
3784,885,H8,1,2025-10-31 08:44:21+00:00,BRD-0000003784-13,False
3785,826,F25,5,2026-02-02 07:59:57+00:00,BRD-0000003785-12,False
3786,839,H28,1,2025-06-05 20:45:36+00:00,BRD-0000003786-17,True
3787,174,A18,3,2025-06-29 12:40:29+00:00,BRD-0000003787-91,True
3788,563,D16,2,2025-12-22 00:31:11+00:00,BRD-0000003788-82,False
3789,566,H6,1,2025-12-07 17:33:07+00:00,BRD-0000003789-49,True
3790,288,C23,6,2026-04-19 16:41:50+00:00,BRD-0000003790-16,False
3791,296,G17,1,2025-07-26 07:47:45+00:00,BRD-0000003791-12,True
3792,237,B14,3,2026-02-26 14:02:18+00:00,BRD-0000003792-52,False
3793,921,D11,5,2026-04-25 12:06:07+00:00,BRD-0000003793-24,False
3794,432,E8,5,2025-12-24 09:22:05+00:00,BRD-0000003794-14,True
3795,694,A5,2,2025-07-09 09:45:06+00:00,BRD-0000003795-85,True
3796,919,F12,5,2025-08-01 04:24:12+00:00,BRD-0000003796-49,True
3797,44,D15,5,2026-01-17 07:49:04+00:00,BRD-0000003797-11,True
3798,854,F30,1,2026-05-30 14:35:57+00:00,BRD-0000003798-31,True
3799,361,D14,3,2026-04-09 16:04:08+00:00,BRD-0000003799-54,False
3800,513,H27,4,2026-05-23 21:12:11+00:00,BRD-0000003800-80,True
3801,45,G29,6,2026-04-12 02:56:18+00:00,BRD-0000003801-71,False
3802,145,D12,5,2025-11-10 08:35:36+00:00,BRD-0000003802-59,False
3803,242,E1,5,2025-07-13 04:56:23+00:00,BRD-0000003803-88,True
3804,453,A21,1,2025-09-02 09:34:02+00:00,BRD-0000003804-72,True
3805,830,A7,5,2026-05-18 00:43:25+00:00,BRD-0000003805-43,True
3806,729,H8,4,2026-02-28 01:21:25+00:00,BRD-0000003806-75,False
3807,323,C23,3,2025-10-11 04:30:50+00:00,BRD-0000003807-25,False
3808,993,F4,5,2025-12-01 13:37:07+00:00,BRD-0000003808-94,True
3809,682,H3,6,2026-03-28 23:52:49+00:00,BRD-0000003809-65,True
3810,816,E8,6,2026-02-22 11:27:35+00:00,BRD-0000003810-86,True
3811,52,D9,2,2026-01-22 06:58:12+00:00,BRD-0000003811-70,False
3812,912,A25,4,2026-03-05 07:32:39+00:00,BRD-0000003812-43,False
3813,659,E26,1,2026-01-29 05:39:12+00:00,BRD-0000003813-34,True
3814,781,H23,3,2025-10-30 22:03:42+00:00,BRD-0000003814-18,True
3815,691,E19,3,2025-09-19 22:48:39+00:00,BRD-0000003815-64,True
3816,514,B16,1,2025-06-06 17:03:03+00:00,BRD-0000003816-71,False
3817,702,C7,1,2026-05-01 17:50:11+00:00,BRD-0000003817-36,True
3818,745,E18,4,2026-02-11 01:28:11+00:00,BRD-0000003818-97,False
3819,242,H18,2,2026-03-10 18:54:16+00:00,BRD-0000003819-70,True
3820,9,C13,1,2025-06-14 11:18:01+00:00,BRD-0000003820-16,True
3821,770,B6,3,2025-11-05 14:26:42+00:00,BRD-0000003821-50,True
3822,275,B29,1,2025-09-03 02:16:07+00:00,BRD-0000003822-31,False
3823,823,D7,3,2026-04-17 00:27:18+00:00,BRD-0000003823-17,False
3824,60,A16,2,2025-08-29 21:00:27+00:00,BRD-0000003824-70,True
3825,120,F9,6,2025-10-22 21:33:02+00:00,BRD-0000003825-17,False
3826,805,G10,4,2025-10-26 03:57:10+00:00,BRD-0000003826-64,True
3827,745,H6,4,2025-11-26 00:22:01+00:00,BRD-0000003827-17,True
3828,975,C1,4,2026-01-02 05:58:02+00:00,BRD-0000003828-79,False
3829,100,D12,2,2025-10-22 22:11:38+00:00,BRD-0000003829-93,True
3830,72,A22,4,2025-06-06 19:36:42+00:00,BRD-0000003830-66,False
3831,130,D7,3,2026-05-03 14:01:26+00:00,BRD-0000003831-63,True
3832,771,D8,4,2025-08-31 11:56:55+00:00,BRD-0000003832-29,True
3833,813,B28,3,2026-03-29 18:33:43+00:00,BRD-0000003833-84,True
3834,338,F11,1,2026-01-06 21:10:12+00:00,BRD-0000003834-80,False
3835,2,H26,3,2026-01-13 13:19:30+00:00,BRD-0000003835-59,True
3836,638,A5,4,2025-09-28 19:17:33+00:00,BRD-0000003836-18,True
3837,897,D14,1,2025-09-20 22:54:37+00:00,BRD-0000003837-19,False
3838,581,D24,4,2026-03-18 23:03:58+00:00,BRD-0000003838-15,True
3839,698,H11,2,2026-05-31 02:35:21+00:00,BRD-0000003839-35,True
3840,193,B12,6,2026-01-11 08:44:15+00:00,BRD-0000003840-14,True
3841,138,H28,5,2026-03-02 14:41:39+00:00,BRD-0000003841-93,True
3842,585,C16,5,2026-01-11 08:55:31+00:00,BRD-0000003842-98,True
3843,393,A10,1,2025-07-19 03:22:49+00:00,BRD-0000003843-48,True
3844,531,G28,6,2025-08-12 21:40:54+00:00,BRD-0000003844-70,True
3845,652,F4,1,2025-11-17 14:18:00+00:00,BRD-0000003845-32,True
3846,664,F5,5,2025-07-06 22:15:45+00:00,BRD-0000003846-57,True
3847,180,C20,1,2026-05-22 08:51:30+00:00,BRD-0000003847-32,False
3848,917,C29,1,2026-06-02 00:28:57+00:00,BRD-0000003848-30,True
3849,27,G26,6,2025-06-22 11:57:46+00:00,BRD-0000003849-62,True
3850,178,G9,6,2025-07-30 18:50:57+00:00,BRD-0000003850-30,False
3851,156,C15,3,2025-10-25 10:33:28+00:00,BRD-0000003851-58,True
3852,816,A17,1,2026-04-25 08:37:45+00:00,BRD-0000003852-71,True
3853,334,B2,3,2025-09-17 13:22:47+00:00,BRD-0000003853-58,False
3854,487,G7,3,2025-12-29 06:45:07+00:00,BRD-0000003854-85,False
3855,92,B7,1,2026-02-17 12:41:19+00:00,BRD-0000003855-35,True
3856,421,F7,3,2025-12-23 22:43:58+00:00,BRD-0000003856-67,True
3857,743,B30,6,2025-10-23 13:50:35+00:00,BRD-0000003857-49,True
3858,634,G13,5,2025-12-01 04:52:08+00:00,BRD-0000003858-66,True
3859,235,H25,5,2026-04-05 12:54:39+00:00,BRD-0000003859-67,False
3860,875,F9,6,2025-10-06 18:59:12+00:00,BRD-0000003860-68,True
3861,562,H8,3,2025-07-31 19:12:27+00:00,BRD-0000003861-53,True
3862,117,B28,1,2026-03-25 06:28:01+00:00,BRD-0000003862-34,False
3863,161,H22,6,2025-07-27 14:21:19+00:00,BRD-0000003863-21,True
3864,166,B15,3,2025-11-26 06:53:41+00:00,BRD-0000003864-90,True
3865,844,C12,2,2025-07-06 12:25:46+00:00,BRD-0000003865-48,True
3866,766,E26,1,2025-12-28 00:57:41+00:00,BRD-0000003866-22,True
3867,247,C25,6,2025-10-16 15:50:10+00:00,BRD-0000003867-89,True
3868,630,H3,2,2026-04-14 19:10:36+00:00,BRD-0000003868-71,True
3869,689,B28,1,2025-07-17 14:08:02+00:00,BRD-0000003869-23,False
3870,923,E23,1,2026-02-26 07:30:11+00:00,BRD-0000003870-33,False
3871,669,F22,3,2026-02-07 15:51:20+00:00,BRD-0000003871-55,True
3872,82,F30,3,2025-12-24 05:51:47+00:00,BRD-0000003872-15,True
3873,611,E15,4,2025-10-31 23:45:45+00:00,BRD-0000003873-97,True
3874,530,F28,1,2026-03-03 10:03:27+00:00,BRD-0000003874-55,True
3875,130,F5,6,2025-07-10 16:16:44+00:00,BRD-0000003875-86,True
3876,867,B28,1,2026-01-18 16:28:44+00:00,BRD-0000003876-68,True
3877,139,G5,4,2025-10-26 21:14:12+00:00,BRD-0000003877-73,True
3878,642,D15,5,2026-04-29 10:12:38+00:00,BRD-0000003878-67,True
3879,81,A25,1,2026-02-04 18:34:25+00:00,BRD-0000003879-44,False
3880,976,G11,4,2026-03-14 22:53:44+00:00,BRD-0000003880-38,False
3881,830,H3,1,2025-12-10 18:40:20+00:00,BRD-0000003881-52,True
3882,590,H9,2,2025-07-16 03:11:35+00:00,BRD-0000003882-63,True
3883,963,D24,5,2026-04-11 19:22:45+00:00,BRD-0000003883-44,True
3884,257,G24,5,2026-02-25 14:10:38+00:00,BRD-0000003884-77,False
3885,115,B26,3,2025-09-12 20:17:16+00:00,BRD-0000003885-48,False
3886,982,A5,6,2025-07-17 16:43:35+00:00,BRD-0000003886-65,False
3887,650,F26,6,2026-05-19 07:12:35+00:00,BRD-0000003887-29,False
3888,648,A1,3,2025-09-29 18:27:57+00:00,BRD-0000003888-69,True
3889,105,G30,1,2025-12-01 00:42:15+00:00,BRD-0000003889-78,True
3890,113,H28,3,2026-01-14 19:31:07+00:00,BRD-0000003890-63,False
3891,472,G21,5,2026-04-07 01:51:11+00:00,BRD-0000003891-91,True
3892,926,A3,6,2025-09-11 12:17:15+00:00,BRD-0000003892-14,True
3893,318,C13,6,2025-10-04 00:01:14+00:00,BRD-0000003893-72,True
3894,448,B21,3,2025-09-07 07:11:49+00:00,BRD-0000003894-89,True
3895,687,D10,1,2025-09-28 11:41:34+00:00,BRD-0000003895-26,True
3896,99,F3,4,2025-08-31 02:02:08+00:00,BRD-0000003896-76,False
3897,398,A22,2,2025-07-09 23:39:00+00:00,BRD-0000003897-10,True
3898,835,G22,1,2025-07-23 16:42:18+00:00,BRD-0000003898-84,False
3899,954,C5,2,2025-08-18 17:04:06+00:00,BRD-0000003899-67,False
3900,271,E9,6,2025-06-09 14:45:08+00:00,BRD-0000003900-14,True
3901,719,D2,1,2026-03-30 15:12:40+00:00,BRD-0000003901-23,True
3902,310,H5,5,2025-07-26 13:49:51+00:00,BRD-0000003902-96,True
3903,297,A27,5,2025-07-29 07:29:06+00:00,BRD-0000003903-39,True
3904,136,D18,6,2025-07-15 14:41:41+00:00,BRD-0000003904-32,True
3905,884,D20,5,2025-10-24 14:49:18+00:00,BRD-0000003905-88,True
3906,438,F6,4,2026-04-26 05:33:37+00:00,BRD-0000003906-47,True
3907,936,D19,1,2025-07-17 18:56:24+00:00,BRD-0000003907-23,True
3908,373,G26,1,2026-05-12 06:09:48+00:00,BRD-0000003908-89,True
3909,992,D2,1,2025-11-27 20:36:11+00:00,BRD-0000003909-64,True
3910,71,F2,1,2025-10-16 23:48:46+00:00,BRD-0000003910-35,True
3911,769,D10,3,2026-05-23 15:41:12+00:00,BRD-0000003911-37,True
3912,883,F21,3,2026-05-20 00:46:09+00:00,BRD-0000003912-73,True
3913,77,H13,1,2025-07-18 17:52:12+00:00,BRD-0000003913-50,True
3914,511,E27,4,2025-09-05 07:54:02+00:00,BRD-0000003914-97,True
3915,598,C18,4,2025-10-24 20:41:58+00:00,BRD-0000003915-45,False
3916,497,A4,1,2026-01-15 15:35:40+00:00,BRD-0000003916-59,True
3917,24,C23,5,2025-07-26 04:12:18+00:00,BRD-0000003917-34,True
3918,83,E3,5,2026-02-12 13:50:28+00:00,BRD-0000003918-19,True
3919,162,D30,4,2026-05-13 23:46:53+00:00,BRD-0000003919-67,False
3920,248,H14,5,2025-09-29 11:00:45+00:00,BRD-0000003920-92,True
3921,765,A13,6,2025-11-07 12:05:29+00:00,BRD-0000003921-78,True
3922,187,H22,1,2026-04-09 20:20:20+00:00,BRD-0000003922-32,True
3923,32,E3,6,2026-04-24 11:07:59+00:00,BRD-0000003923-14,False
3924,155,C4,5,2025-12-31 02:57:31+00:00,BRD-0000003924-30,True
3925,721,A14,5,2025-07-13 13:58:23+00:00,BRD-0000003925-47,True
3926,827,H4,1,2026-05-22 02:07:51+00:00,BRD-0000003926-58,True
3927,385,E21,4,2025-07-31 21:09:59+00:00,BRD-0000003927-27,False
3928,283,B18,3,2025-06-25 22:06:27+00:00,BRD-0000003928-78,True
3929,188,D23,1,2026-01-14 03:47:44+00:00,BRD-0000003929-84,True
3930,174,F27,4,2025-10-06 23:44:45+00:00,BRD-0000003930-68,True
3931,857,E9,6,2025-07-22 01:00:51+00:00,BRD-0000003931-71,True
3932,849,F21,5,2025-06-12 14:25:58+00:00,BRD-0000003932-46,True
3933,748,H21,3,2025-10-09 06:22:43+00:00,BRD-0000003933-41,True
3934,884,B4,6,2026-01-17 21:38:22+00:00,BRD-0000003934-88,True
3935,9,C2,5,2026-02-24 05:42:20+00:00,BRD-0000003935-71,False
3936,400,E4,3,2026-04-14 06:29:54+00:00,BRD-0000003936-39,True
3937,609,H10,3,2026-03-15 18:09:48+00:00,BRD-0000003937-34,False
3938,215,E13,6,2025-07-08 10:05:03+00:00,BRD-0000003938-98,True
3939,87,G29,4,2026-02-07 03:36:30+00:00,BRD-0000003939-76,True
3940,410,F20,5,2026-03-28 13:19:18+00:00,BRD-0000003940-15,True
3941,527,D14,3,2025-11-24 22:50:22+00:00,BRD-0000003941-61,True
3942,489,A13,1,2025-12-14 20:44:24+00:00,BRD-0000003942-27,True
3943,897,A12,1,2025-09-22 17:55:40+00:00,BRD-0000003943-56,True
3944,815,B3,6,2025-08-11 03:21:15+00:00,BRD-0000003944-17,True
3945,216,A3,3,2026-01-05 12:03:20+00:00,BRD-0000003945-57,False
3946,606,H2,1,2026-05-15 13:56:55+00:00,BRD-0000003946-76,True
3947,788,F15,4,2026-01-27 15:00:50+00:00,BRD-0000003947-31,True
3948,677,C25,5,2026-04-23 22:25:44+00:00,BRD-0000003948-87,False
3949,228,E5,4,2026-03-18 01:01:16+00:00,BRD-0000003949-45,True
3950,688,E24,2,2026-02-12 11:14:38+00:00,BRD-0000003950-79,True
3951,302,G18,5,2025-09-08 12:14:29+00:00,BRD-0000003951-89,True
3952,131,C28,1,2025-12-15 21:19:54+00:00,BRD-0000003952-41,True
3953,564,E16,5,2025-12-10 02:53:58+00:00,BRD-0000003953-25,True
3954,291,G8,5,2026-01-14 04:36:02+00:00,BRD-0000003954-43,True
3955,592,F17,2,2025-11-18 00:18:53+00:00,BRD-0000003955-85,False
3956,726,F16,3,2026-05-20 19:18:37+00:00,BRD-0000003956-42,False
3957,957,A23,4,2026-04-25 09:30:16+00:00,BRD-0000003957-63,True
3958,320,A6,2,2025-10-04 04:26:01+00:00,BRD-0000003958-64,True
3959,649,C2,2,2025-10-06 14:11:10+00:00,BRD-0000003959-83,True
3960,544,G14,5,2025-10-26 21:17:40+00:00,BRD-0000003960-73,True
3961,125,H29,6,2026-01-07 12:58:48+00:00,BRD-0000003961-83,False
3962,19,C17,6,2025-09-26 03:21:10+00:00,BRD-0000003962-68,True
3963,782,F19,3,2026-06-02 16:15:03+00:00,BRD-0000003963-84,True
3964,23,F23,3,2025-12-11 08:14:54+00:00,BRD-0000003964-32,False
3965,839,F24,3,2025-07-18 21:13:46+00:00,BRD-0000003965-93,True
3966,385,E18,4,2025-09-02 23:59:38+00:00,BRD-0000003966-99,False
3967,731,G2,2,2025-09-08 03:57:52+00:00,BRD-0000003967-85,True
3968,925,B4,6,2025-11-01 07:44:16+00:00,BRD-0000003968-37,False
3969,524,B26,2,2025-07-16 06:21:11+00:00,BRD-0000003969-28,True
3970,758,C30,2,2025-08-28 16:31:39+00:00,BRD-0000003970-82,True
3971,790,B3,3,2026-01-31 19:21:56+00:00,BRD-0000003971-64,True
3972,512,G18,2,2026-06-03 04:20:50+00:00,BRD-0000003972-96,True
3973,308,E29,2,2026-02-24 19:39:49+00:00,BRD-0000003973-35,True
3974,187,E27,5,2026-04-08 02:06:22+00:00,BRD-0000003974-49,True
3975,111,G22,2,2026-04-24 11:30:42+00:00,BRD-0000003975-23,True
3976,339,B8,6,2026-02-27 20:32:19+00:00,BRD-0000003976-87,False
3977,151,B24,5,2025-07-08 11:34:47+00:00,BRD-0000003977-83,True
3978,215,E6,1,2025-06-28 21:03:58+00:00,BRD-0000003978-30,False
3979,631,H24,1,2026-05-31 13:44:11+00:00,BRD-0000003979-71,True
3980,750,E16,6,2025-10-21 14:30:24+00:00,BRD-0000003980-49,True
3981,208,H6,3,2025-10-24 19:36:52+00:00,BRD-0000003981-52,True
3982,721,B8,6,2025-12-05 08:05:37+00:00,BRD-0000003982-64,True
3983,26,D20,5,2026-05-28 22:46:36+00:00,BRD-0000003983-54,True
3984,13,A15,5,2025-10-29 01:02:43+00:00,BRD-0000003984-83,False
3985,407,E6,5,2025-08-25 18:12:58+00:00,BRD-0000003985-81,True
3986,44,G6,5,2025-06-06 17:41:49+00:00,BRD-0000003986-19,True
3987,685,G16,3,2025-10-30 09:33:59+00:00,BRD-0000003987-66,True
3988,60,C13,5,2025-10-11 22:10:51+00:00,BRD-0000003988-23,True
3989,151,A19,5,2026-04-10 02:13:57+00:00,BRD-0000003989-30,True
3990,82,E16,4,2025-11-30 17:07:36+00:00,BRD-0000003990-13,True
3991,770,H18,6,2025-06-07 11:06:01+00:00,BRD-0000003991-29,False
3992,750,C17,4,2025-08-23 14:19:59+00:00,BRD-0000003992-43,True
3993,751,C17,3,2025-08-14 10:41:56+00:00,BRD-0000003993-20,True
3994,758,G15,5,2026-02-14 01:45:01+00:00,BRD-0000003994-51,True
3995,301,B10,6,2026-02-19 11:12:06+00:00,BRD-0000003995-30,True
3996,304,A7,1,2025-11-17 02:04:56+00:00,BRD-0000003996-29,True
3997,209,F28,2,2025-07-08 17:45:30+00:00,BRD-0000003997-61,True
3998,404,E13,6,2026-05-23 17:13:47+00:00,BRD-0000003998-71,True
3999,354,F18,4,2026-01-09 03:32:45+00:00,BRD-0000003999-14,False
4000,821,F26,1,2025-12-15 15:56:49+00:00,BRD-0000004000-39,True
4001,610,E29,6,2026-01-20 10:47:31+00:00,BRD-0000004001-58,False
4002,91,B17,3,2025-06-19 14:11:05+00:00,BRD-0000004002-77,True
4003,267,H5,6,2025-11-04 08:24:55+00:00,BRD-0000004003-76,True
4004,889,F4,1,2025-11-23 05:15:12+00:00,BRD-0000004004-82,False
4005,230,E19,3,2025-09-01 18:58:06+00:00,BRD-0000004005-58,True
4006,526,G4,2,2025-12-16 03:28:40+00:00,BRD-0000004006-75,False
4007,784,H6,3,2026-02-02 04:13:38+00:00,BRD-0000004007-10,True
4008,527,H11,6,2026-05-26 02:38:33+00:00,BRD-0000004008-32,True
4009,773,D14,4,2026-04-24 17:05:52+00:00,BRD-0000004009-14,False
4010,141,B11,4,2026-02-26 09:16:21+00:00,BRD-0000004010-79,False
4011,798,G17,2,2026-02-26 14:30:42+00:00,BRD-0000004011-15,True
4012,510,A1,2,2025-10-28 12:31:23+00:00,BRD-0000004012-35,True
4013,290,F3,1,2026-05-17 16:36:13+00:00,BRD-0000004013-88,True
4014,625,H11,3,2025-10-31 03:34:43+00:00,BRD-0000004014-46,True
4015,679,C27,5,2026-01-15 06:12:37+00:00,BRD-0000004015-25,True
4016,526,C1,2,2025-08-28 09:37:42+00:00,BRD-0000004016-66,True
4017,900,G3,6,2025-08-12 05:54:22+00:00,BRD-0000004017-37,True
4018,890,G14,2,2025-11-10 01:04:36+00:00,BRD-0000004018-14,True
4019,356,B26,5,2026-01-21 15:00:02+00:00,BRD-0000004019-80,True
4020,608,A22,5,2026-04-18 14:44:19+00:00,BRD-0000004020-65,False
4021,910,D12,1,2026-02-28 01:35:30+00:00,BRD-0000004021-43,False
4022,377,D27,3,2025-07-23 16:20:42+00:00,BRD-0000004022-66,True
4023,525,G20,4,2026-03-22 01:49:23+00:00,BRD-0000004023-96,True
4024,141,A20,4,2025-12-24 16:59:49+00:00,BRD-0000004024-98,False
4025,415,C30,3,2025-06-14 18:35:31+00:00,BRD-0000004025-59,True
4026,958,G1,3,2025-12-13 16:47:40+00:00,BRD-0000004026-38,False
4027,120,C19,4,2025-07-29 00:41:26+00:00,BRD-0000004027-99,False
4028,418,F20,2,2025-08-08 20:03:41+00:00,BRD-0000004028-86,True
4029,784,C24,4,2025-07-28 13:38:29+00:00,BRD-0000004029-63,False
4030,672,H13,3,2026-01-29 14:43:35+00:00,BRD-0000004030-34,True
4031,690,A28,5,2026-01-07 01:14:45+00:00,BRD-0000004031-18,True
4032,217,E4,1,2026-02-05 12:48:40+00:00,BRD-0000004032-98,True
4033,344,G14,6,2025-07-17 17:54:59+00:00,BRD-0000004033-28,True
4034,306,E26,3,2026-05-09 00:19:45+00:00,BRD-0000004034-83,False
4035,993,H29,1,2025-08-04 11:21:58+00:00,BRD-0000004035-61,False
4036,137,F27,1,2026-03-01 00:32:24+00:00,BRD-0000004036-73,False
4037,756,C4,4,2026-04-07 00:20:03+00:00,BRD-0000004037-97,True
4038,122,F9,3,2025-09-21 07:30:58+00:00,BRD-0000004038-32,False
4039,211,A3,6,2026-03-05 00:17:49+00:00,BRD-0000004039-13,True
4040,243,A20,4,2026-02-27 21:10:12+00:00,BRD-0000004040-30,True
4041,374,F21,2,2026-05-11 18:29:54+00:00,BRD-0000004041-13,True
4042,480,H30,2,2026-02-06 10:55:10+00:00,BRD-0000004042-58,False
4043,91,D3,5,2025-12-21 10:29:30+00:00,BRD-0000004043-19,False
4044,856,C30,2,2026-01-22 18:18:21+00:00,BRD-0000004044-21,True
4045,100,E30,5,2025-09-25 16:20:54+00:00,BRD-0000004045-69,False
4046,118,H28,1,2025-09-28 15:32:00+00:00,BRD-0000004046-54,True
4047,532,E11,5,2025-06-19 17:13:36+00:00,BRD-0000004047-97,False
4048,514,C27,3,2025-10-26 15:19:21+00:00,BRD-0000004048-51,True
4049,481,H7,5,2025-08-30 10:51:35+00:00,BRD-0000004049-93,True
4050,493,D28,3,2026-05-18 08:22:37+00:00,BRD-0000004050-60,True
4051,191,A9,5,2025-10-11 20:28:21+00:00,BRD-0000004051-98,True
4052,462,G6,5,2026-05-30 09:35:52+00:00,BRD-0000004052-49,True
4053,347,E6,1,2025-09-05 20:20:36+00:00,BRD-0000004053-95,False
4054,12,G21,3,2026-02-21 05:03:36+00:00,BRD-0000004054-45,True
4055,27,E22,4,2025-11-14 10:13:41+00:00,BRD-0000004055-48,False
4056,391,B8,6,2025-06-23 03:44:38+00:00,BRD-0000004056-61,True
4057,432,H2,4,2025-09-09 02:49:44+00:00,BRD-0000004057-99,True
4058,167,D1,4,2026-02-12 11:42:17+00:00,BRD-0000004058-91,True
4059,641,E15,6,2026-05-24 08:47:57+00:00,BRD-0000004059-79,True
4060,783,E15,5,2025-12-19 18:45:36+00:00,BRD-0000004060-11,True
4061,363,D18,6,2025-10-10 07:56:58+00:00,BRD-0000004061-29,True
4062,743,D29,1,2026-04-08 07:17:01+00:00,BRD-0000004062-25,True
4063,466,B25,3,2025-10-14 22:20:46+00:00,BRD-0000004063-48,True
4064,403,E13,6,2026-04-27 23:24:26+00:00,BRD-0000004064-75,True
4065,403,C20,5,2025-11-09 04:14:33+00:00,BRD-0000004065-47,True
4066,811,F22,4,2025-12-08 20:06:15+00:00,BRD-0000004066-38,False
4067,816,G2,1,2026-05-16 03:17:31+00:00,BRD-0000004067-15,True
4068,220,F24,3,2025-09-07 00:10:57+00:00,BRD-0000004068-66,False
4069,690,G13,6,2026-01-21 23:53:03+00:00,BRD-0000004069-91,False
4070,686,D25,1,2025-10-21 17:09:17+00:00,BRD-0000004070-82,False
4071,333,C9,1,2025-08-29 19:24:32+00:00,BRD-0000004071-85,True
4072,873,F1,3,2026-01-06 14:24:25+00:00,BRD-0000004072-86,True
4073,891,H5,6,2025-11-26 01:59:16+00:00,BRD-0000004073-93,False
4074,656,F15,1,2025-09-15 04:36:21+00:00,BRD-0000004074-57,True
4075,64,B3,6,2026-03-24 03:59:52+00:00,BRD-0000004075-55,True
4076,453,A7,2,2026-03-25 20:58:41+00:00,BRD-0000004076-90,True
4077,593,A23,2,2026-05-13 12:02:27+00:00,BRD-0000004077-42,True
4078,589,E7,6,2026-02-19 07:29:17+00:00,BRD-0000004078-23,True
4079,320,F23,4,2026-05-26 19:38:03+00:00,BRD-0000004079-96,True
4080,845,D4,5,2025-10-28 21:53:20+00:00,BRD-0000004080-64,True
4081,43,E15,1,2025-09-09 08:02:01+00:00,BRD-0000004081-16,False
4082,384,D23,4,2025-09-13 23:36:00+00:00,BRD-0000004082-82,True
4083,267,E27,3,2025-06-28 03:57:15+00:00,BRD-0000004083-91,True
4084,667,A6,6,2026-03-29 06:25:20+00:00,BRD-0000004084-56,True
4085,193,A13,2,2025-06-29 05:43:07+00:00,BRD-0000004085-96,True
4086,629,H7,4,2025-08-17 16:31:04+00:00,BRD-0000004086-99,True
4087,705,H25,1,2026-03-23 20:27:47+00:00,BRD-0000004087-58,False
4088,499,B4,3,2026-04-05 01:43:31+00:00,BRD-0000004088-81,True
4089,687,E15,1,2025-08-16 01:56:56+00:00,BRD-0000004089-13,True
4090,384,H2,6,2026-01-26 12:24:55+00:00,BRD-0000004090-71,True
4091,83,B22,5,2026-03-17 19:33:44+00:00,BRD-0000004091-15,True
4092,50,F26,4,2025-11-23 03:57:21+00:00,BRD-0000004092-47,True
4093,12,G28,2,2025-08-18 21:33:12+00:00,BRD-0000004093-48,False
4094,739,E9,5,2025-11-19 13:04:40+00:00,BRD-0000004094-68,False
4095,796,A9,5,2026-01-14 19:32:25+00:00,BRD-0000004095-76,True
4096,256,C28,4,2025-07-01 05:29:11+00:00,BRD-0000004096-56,True
4097,970,H27,2,2025-07-13 20:59:40+00:00,BRD-0000004097-40,False
4098,395,D30,6,2026-02-20 03:14:05+00:00,BRD-0000004098-26,True
4099,880,B20,4,2025-11-29 09:10:47+00:00,BRD-0000004099-65,True
4100,934,F15,6,2026-02-01 20:27:07+00:00,BRD-0000004100-65,True
4101,357,E20,3,2025-10-25 14:48:29+00:00,BRD-0000004101-52,True
4102,927,F13,1,2025-10-24 14:10:54+00:00,BRD-0000004102-85,True
4103,276,D20,2,2025-12-01 02:19:27+00:00,BRD-0000004103-81,True
4104,149,C23,3,2026-02-23 04:57:49+00:00,BRD-0000004104-29,True
4105,633,C28,2,2026-03-17 03:17:29+00:00,BRD-0000004105-79,True
4106,535,H28,6,2025-09-13 00:54:18+00:00,BRD-0000004106-73,True
4107,717,G10,2,2025-07-22 20:46:36+00:00,BRD-0000004107-70,False
4108,742,F30,3,2025-06-29 15:37:32+00:00,BRD-0000004108-10,True
4109,596,G9,3,2025-11-26 11:28:39+00:00,BRD-0000004109-60,True
4110,374,B19,1,2025-08-28 19:33:50+00:00,BRD-0000004110-94,True
4111,604,G9,5,2026-02-04 07:30:35+00:00,BRD-0000004111-94,True
4112,14,H4,6,2025-06-16 19:12:40+00:00,BRD-0000004112-67,True
4113,876,H11,1,2026-04-01 22:57:06+00:00,BRD-0000004113-74,True
4114,125,H22,3,2026-01-02 04:00:24+00:00,BRD-0000004114-98,False
4115,433,H3,5,2025-06-04 02:24:08+00:00,BRD-0000004115-22,True
4116,755,G24,5,2025-11-12 21:35:45+00:00,BRD-0000004116-59,True
4117,941,D28,4,2025-12-24 06:07:16+00:00,BRD-0000004117-66,True
4118,27,A24,5,2025-11-10 23:56:10+00:00,BRD-0000004118-58,True
4119,472,G25,1,2025-09-20 19:38:57+00:00,BRD-0000004119-39,True
4120,550,G11,2,2025-06-16 20:24:38+00:00,BRD-0000004120-33,True
4121,799,E14,1,2026-04-08 18:39:27+00:00,BRD-0000004121-81,True
4122,291,D8,2,2025-09-06 16:17:42+00:00,BRD-0000004122-31,False
4123,727,H29,6,2025-10-07 22:07:42+00:00,BRD-0000004123-53,True
4124,256,D2,1,2025-11-12 13:39:01+00:00,BRD-0000004124-29,True
4125,350,G9,5,2026-03-01 21:08:47+00:00,BRD-0000004125-28,False
4126,363,E9,5,2026-02-18 20:28:22+00:00,BRD-0000004126-49,True
4127,667,B25,5,2025-08-22 17:41:37+00:00,BRD-0000004127-52,False
4128,118,A14,4,2025-06-20 13:21:52+00:00,BRD-0000004128-34,True
4129,450,A6,6,2026-02-02 04:47:19+00:00,BRD-0000004129-77,True
4130,332,F8,4,2025-12-06 13:11:23+00:00,BRD-0000004130-30,True
4131,556,B12,3,2025-12-12 08:24:55+00:00,BRD-0000004131-23,True
4132,279,B19,4,2025-08-15 15:19:01+00:00,BRD-0000004132-49,False
4133,832,B25,5,2026-04-15 11:11:33+00:00,BRD-0000004133-86,False
4134,919,B16,5,2026-01-12 23:26:31+00:00,BRD-0000004134-58,True
4135,956,G9,2,2025-07-31 09:54:11+00:00,BRD-0000004135-80,True
4136,449,A21,3,2026-05-22 19:38:45+00:00,BRD-0000004136-14,True
4137,49,B23,5,2026-05-11 19:51:05+00:00,BRD-0000004137-26,True
4138,959,F17,1,2026-04-06 00:22:39+00:00,BRD-0000004138-79,False
4139,844,D8,6,2025-09-30 20:30:03+00:00,BRD-0000004139-90,True
4140,595,A13,5,2026-03-26 01:24:03+00:00,BRD-0000004140-44,True
4141,55,H28,3,2026-05-04 08:17:46+00:00,BRD-0000004141-74,True
4142,80,F8,6,2026-05-01 09:03:31+00:00,BRD-0000004142-53,True
4143,331,F8,5,2025-11-21 15:56:06+00:00,BRD-0000004143-21,True
4144,993,E21,6,2026-05-23 11:36:11+00:00,BRD-0000004144-23,True
4145,243,F14,3,2025-11-07 20:04:36+00:00,BRD-0000004145-26,True
4146,586,H10,4,2025-10-26 11:32:30+00:00,BRD-0000004146-85,False
4147,572,H4,6,2025-08-04 01:24:25+00:00,BRD-0000004147-17,False
4148,699,D12,2,2026-03-08 12:21:14+00:00,BRD-0000004148-81,True
4149,978,E26,5,2026-03-24 16:47:23+00:00,BRD-0000004149-57,False
4150,312,B30,5,2025-10-05 15:02:37+00:00,BRD-0000004150-70,True
4151,673,H21,3,2025-08-15 16:57:32+00:00,BRD-0000004151-40,False
4152,448,C7,1,2026-05-02 19:10:54+00:00,BRD-0000004152-95,True
4153,883,E16,6,2025-12-16 22:12:23+00:00,BRD-0000004153-86,False
4154,128,H5,6,2026-04-29 14:04:45+00:00,BRD-0000004154-58,True
4155,155,F3,4,2025-11-15 14:07:53+00:00,BRD-0000004155-69,True
4156,582,C11,6,2026-05-18 02:38:12+00:00,BRD-0000004156-31,False
4157,369,C26,6,2026-03-14 22:15:57+00:00,BRD-0000004157-75,True
4158,629,C16,2,2026-05-20 12:24:12+00:00,BRD-0000004158-74,False
4159,143,E24,5,2026-03-08 18:12:45+00:00,BRD-0000004159-58,False
4160,148,F20,3,2025-08-18 03:14:41+00:00,BRD-0000004160-96,True
4161,311,H17,5,2026-04-24 18:48:38+00:00,BRD-0000004161-18,True
4162,235,H1,4,2025-06-10 00:58:56+00:00,BRD-0000004162-97,True
4163,357,E26,6,2025-11-10 14:23:13+00:00,BRD-0000004163-74,True
4164,601,E2,1,2025-08-25 06:18:44+00:00,BRD-0000004164-64,True
4165,524,A9,1,2026-04-05 09:11:16+00:00,BRD-0000004165-12,False
4166,59,D24,3,2025-07-05 14:00:23+00:00,BRD-0000004166-34,False
4167,289,F28,3,2025-10-24 09:48:29+00:00,BRD-0000004167-33,True
4168,624,D2,3,2025-08-31 11:49:38+00:00,BRD-0000004168-95,True
4169,982,E3,3,2026-02-04 01:06:15+00:00,BRD-0000004169-19,False
4170,57,E1,5,2026-04-15 09:46:23+00:00,BRD-0000004170-69,True
4171,95,A26,1,2026-01-13 19:03:06+00:00,BRD-0000004171-19,True
4172,412,H2,6,2026-03-24 21:41:54+00:00,BRD-0000004172-84,True
4173,912,E19,1,2025-07-23 11:03:50+00:00,BRD-0000004173-27,True
4174,625,F9,3,2026-02-02 20:22:40+00:00,BRD-0000004174-76,False
4175,945,F4,5,2025-07-19 01:33:17+00:00,BRD-0000004175-81,True
4176,648,H17,5,2025-06-13 00:19:12+00:00,BRD-0000004176-56,True
4177,762,E7,3,2026-04-05 14:13:33+00:00,BRD-0000004177-71,False
4178,675,C13,2,2025-07-14 05:00:31+00:00,BRD-0000004178-73,True
4179,198,F9,5,2026-01-27 00:06:45+00:00,BRD-0000004179-18,True
4180,753,A15,6,2026-01-11 16:34:23+00:00,BRD-0000004180-18,True
4181,901,C23,4,2025-11-29 06:31:35+00:00,BRD-0000004181-81,True
4182,933,F6,2,2025-09-08 03:45:25+00:00,BRD-0000004182-78,True
4183,388,E20,2,2026-04-07 03:09:21+00:00,BRD-0000004183-15,False
4184,79,C20,1,2026-04-04 06:54:17+00:00,BRD-0000004184-82,False
4185,410,E30,6,2026-04-30 19:20:56+00:00,BRD-0000004185-74,True
4186,119,B4,5,2026-03-15 08:01:34+00:00,BRD-0000004186-75,True
4187,430,G7,5,2025-11-30 21:27:03+00:00,BRD-0000004187-31,True
4188,788,F8,6,2026-01-13 17:15:23+00:00,BRD-0000004188-79,False
4189,797,C11,5,2025-07-17 16:08:06+00:00,BRD-0000004189-95,True
4190,737,H6,3,2025-10-26 16:50:51+00:00,BRD-0000004190-30,True
4191,121,H11,3,2026-02-18 04:19:48+00:00,BRD-0000004191-74,True
4192,633,E3,4,2025-11-28 20:28:14+00:00,BRD-0000004192-23,True
4193,523,G13,6,2026-04-02 21:32:54+00:00,BRD-0000004193-59,True
4194,287,B2,1,2025-09-22 23:08:21+00:00,BRD-0000004194-30,False
4195,433,H15,2,2026-04-12 13:05:41+00:00,BRD-0000004195-62,False
4196,960,C1,1,2025-12-26 10:30:09+00:00,BRD-0000004196-89,True
4197,746,C17,2,2026-05-23 05:56:24+00:00,BRD-0000004197-82,True
4198,478,A28,4,2026-02-08 04:27:25+00:00,BRD-0000004198-27,True
4199,278,E26,3,2026-05-02 05:04:26+00:00,BRD-0000004199-97,False
4200,877,F30,1,2025-12-22 22:06:17+00:00,BRD-0000004200-26,False
4201,31,C18,4,2026-02-28 02:18:33+00:00,BRD-0000004201-95,True
4202,18,C10,6,2026-04-14 06:59:14+00:00,BRD-0000004202-98,True
4203,185,F3,2,2026-04-18 22:19:09+00:00,BRD-0000004203-90,True
4204,657,H23,3,2026-05-17 22:51:41+00:00,BRD-0000004204-19,True
4205,60,C28,3,2025-07-28 20:49:27+00:00,BRD-0000004205-34,False
4206,929,E16,6,2025-10-06 04:54:09+00:00,BRD-0000004206-17,True
4207,793,A24,4,2026-02-24 10:25:30+00:00,BRD-0000004207-64,True
4208,935,B13,3,2026-01-29 09:30:18+00:00,BRD-0000004208-15,False
4209,801,G8,4,2026-05-25 04:19:04+00:00,BRD-0000004209-57,False
4210,151,H26,4,2025-09-03 16:05:10+00:00,BRD-0000004210-53,True
4211,67,E12,3,2026-04-19 04:01:58+00:00,BRD-0000004211-49,False
4212,839,A8,3,2026-05-31 21:02:55+00:00,BRD-0000004212-70,True
4213,469,F8,5,2025-11-05 06:44:18+00:00,BRD-0000004213-75,True
4214,972,B29,5,2026-05-26 14:07:31+00:00,BRD-0000004214-81,False
4215,796,C14,6,2026-03-06 08:01:10+00:00,BRD-0000004215-95,False
4216,488,C27,4,2025-08-21 11:46:11+00:00,BRD-0000004216-20,False
4217,274,B30,1,2025-08-09 14:51:29+00:00,BRD-0000004217-60,True
4218,665,F9,5,2026-04-23 23:50:50+00:00,BRD-0000004218-59,False
4219,259,C3,6,2026-01-07 15:28:25+00:00,BRD-0000004219-74,True
4220,89,B19,4,2025-06-08 05:35:01+00:00,BRD-0000004220-73,True
4221,1000,F3,5,2025-10-26 02:32:05+00:00,BRD-0000004221-97,False
4222,552,F26,1,2026-02-18 13:26:54+00:00,BRD-0000004222-74,True
4223,74,H5,4,2025-08-01 05:00:18+00:00,BRD-0000004223-26,True
4224,53,C7,4,2025-10-15 22:08:14+00:00,BRD-0000004224-90,True
4225,548,D24,2,2026-02-06 17:54:22+00:00,BRD-0000004225-46,False
4226,427,F21,5,2025-11-21 19:19:24+00:00,BRD-0000004226-57,True
4227,915,D17,4,2025-07-31 02:24:37+00:00,BRD-0000004227-73,True
4228,149,A9,2,2026-05-27 18:56:14+00:00,BRD-0000004228-63,True
4229,472,F3,1,2025-08-09 01:40:04+00:00,BRD-0000004229-84,False
4230,56,D18,5,2025-08-19 11:33:45+00:00,BRD-0000004230-79,True
4231,106,F20,1,2025-12-17 04:58:23+00:00,BRD-0000004231-96,False
4232,862,E7,3,2025-10-02 20:17:57+00:00,BRD-0000004232-91,True
4233,464,A22,4,2025-07-18 07:02:25+00:00,BRD-0000004233-78,False
4234,708,C8,6,2026-03-30 06:22:35+00:00,BRD-0000004234-86,True
4235,644,B9,1,2025-09-08 10:29:39+00:00,BRD-0000004235-32,True
4236,636,B21,5,2026-04-16 06:09:46+00:00,BRD-0000004236-88,False
4237,401,F16,2,2025-07-30 13:24:03+00:00,BRD-0000004237-47,True
4238,798,B11,6,2025-12-29 06:08:18+00:00,BRD-0000004238-97,True
4239,5,C10,3,2026-03-31 07:12:31+00:00,BRD-0000004239-35,True
4240,706,E28,1,2026-01-25 12:15:58+00:00,BRD-0000004240-32,True
4241,567,E7,6,2026-01-17 19:08:40+00:00,BRD-0000004241-23,False
4242,338,C6,6,2025-10-02 05:29:53+00:00,BRD-0000004242-31,True
4243,692,A14,3,2026-04-20 21:29:56+00:00,BRD-0000004243-90,False
4244,2,E19,6,2026-03-22 12:39:33+00:00,BRD-0000004244-95,True
4245,937,B20,4,2026-03-07 07:16:03+00:00,BRD-0000004245-60,False
4246,17,B29,6,2026-05-17 23:22:05+00:00,BRD-0000004246-14,False
4247,619,A10,5,2025-09-05 02:06:26+00:00,BRD-0000004247-27,True
4248,779,D4,2,2026-04-11 14:27:10+00:00,BRD-0000004248-54,True
4249,547,F27,6,2025-08-28 13:11:26+00:00,BRD-0000004249-59,False
4250,928,D19,6,2025-11-22 18:44:46+00:00,BRD-0000004250-23,False
4251,541,E16,2,2026-01-10 00:08:38+00:00,BRD-0000004251-32,True
4252,311,D9,2,2026-04-07 04:07:30+00:00,BRD-0000004252-72,False
4253,92,F4,3,2025-10-28 11:53:47+00:00,BRD-0000004253-69,False
4254,579,E10,2,2025-07-22 10:23:16+00:00,BRD-0000004254-81,False
4255,959,A10,1,2025-12-15 19:35:05+00:00,BRD-0000004255-97,True
4256,733,F24,1,2025-12-10 02:57:45+00:00,BRD-0000004256-86,True
4257,299,H16,6,2025-11-29 20:31:48+00:00,BRD-0000004257-94,False
4258,540,G28,3,2026-03-02 22:04:21+00:00,BRD-0000004258-25,True
4259,28,H24,1,2025-07-16 14:45:40+00:00,BRD-0000004259-24,True
4260,905,C8,5,2025-08-08 05:01:56+00:00,BRD-0000004260-51,True
4261,98,G9,2,2026-02-13 00:15:30+00:00,BRD-0000004261-54,True
4262,297,C18,3,2026-03-07 21:36:08+00:00,BRD-0000004262-60,True
4263,697,G13,1,2025-12-06 14:21:16+00:00,BRD-0000004263-51,True
4264,58,C5,4,2026-02-12 02:27:51+00:00,BRD-0000004264-75,False
4265,694,D19,6,2025-12-14 09:13:35+00:00,BRD-0000004265-16,True
4266,795,G17,4,2026-04-01 00:17:16+00:00,BRD-0000004266-90,True
4267,522,C18,4,2026-02-24 20:43:03+00:00,BRD-0000004267-21,False
4268,330,G29,4,2026-05-05 09:57:40+00:00,BRD-0000004268-73,True
4269,940,B19,5,2025-07-30 00:05:44+00:00,BRD-0000004269-12,True
4270,696,E1,4,2025-08-19 04:45:11+00:00,BRD-0000004270-62,True
4271,119,D28,2,2025-08-01 17:21:40+00:00,BRD-0000004271-74,False
4272,182,A4,1,2026-03-26 03:30:41+00:00,BRD-0000004272-35,True
4273,635,C26,1,2026-03-12 19:56:42+00:00,BRD-0000004273-18,True
4274,358,A29,1,2025-08-18 17:25:34+00:00,BRD-0000004274-34,False
4275,555,A16,6,2025-08-09 22:12:03+00:00,BRD-0000004275-49,False
4276,918,C1,6,2025-07-13 23:19:58+00:00,BRD-0000004276-55,True
4277,25,A6,2,2025-10-29 14:47:34+00:00,BRD-0000004277-84,False
4278,327,C11,3,2026-03-19 22:51:24+00:00,BRD-0000004278-91,True
4279,890,D30,2,2025-12-08 00:57:26+00:00,BRD-0000004279-18,True
4280,216,B14,5,2025-12-29 20:35:25+00:00,BRD-0000004280-29,True
4281,470,D5,4,2025-12-10 15:11:15+00:00,BRD-0000004281-19,True
4282,349,C6,3,2026-03-22 18:12:51+00:00,BRD-0000004282-75,True
4283,296,C7,3,2026-04-29 21:22:09+00:00,BRD-0000004283-47,True
4284,952,A11,1,2026-03-23 20:13:07+00:00,BRD-0000004284-79,True
4285,111,F21,2,2025-12-01 20:28:37+00:00,BRD-0000004285-82,True
4286,818,C15,6,2025-11-06 18:15:08+00:00,BRD-0000004286-77,True
4287,771,G20,3,2026-01-26 17:23:43+00:00,BRD-0000004287-40,False
4288,603,H5,6,2026-01-14 16:42:25+00:00,BRD-0000004288-51,True
4289,649,E3,4,2026-02-22 23:37:32+00:00,BRD-0000004289-55,False
4290,164,F9,5,2026-03-27 00:01:36+00:00,BRD-0000004290-55,True
4291,839,A6,2,2025-06-23 19:52:30+00:00,BRD-0000004291-99,True
4292,212,B17,6,2025-08-07 01:01:01+00:00,BRD-0000004292-99,True
4293,157,H13,5,2026-04-14 19:05:19+00:00,BRD-0000004293-30,True
4294,8,H20,3,2025-06-28 22:42:32+00:00,BRD-0000004294-79,True
4295,453,F26,6,2026-02-14 16:27:54+00:00,BRD-0000004295-85,True
4296,170,D23,2,2025-06-07 08:45:02+00:00,BRD-0000004296-58,False
4297,970,A29,6,2025-12-09 11:32:47+00:00,BRD-0000004297-23,True
4298,756,B8,4,2025-09-15 16:59:38+00:00,BRD-0000004298-73,True
4299,717,D8,6,2026-05-26 01:11:58+00:00,BRD-0000004299-84,True
4300,757,H14,5,2026-04-01 03:58:17+00:00,BRD-0000004300-51,True
4301,514,F5,2,2025-10-04 19:42:09+00:00,BRD-0000004301-52,False
4302,836,B19,6,2025-09-23 12:13:46+00:00,BRD-0000004302-71,True
4303,668,G19,6,2025-07-10 04:50:05+00:00,BRD-0000004303-78,True
4304,45,H13,5,2025-09-24 02:55:09+00:00,BRD-0000004304-26,False
4305,367,G3,5,2025-09-07 01:09:31+00:00,BRD-0000004305-64,True
4306,33,H18,3,2026-05-15 09:46:02+00:00,BRD-0000004306-20,True
4307,337,G13,2,2026-01-08 09:55:14+00:00,BRD-0000004307-15,True
4308,933,A9,1,2025-10-25 11:51:49+00:00,BRD-0000004308-99,True
4309,917,A11,3,2026-04-29 22:27:57+00:00,BRD-0000004309-45,True
4310,292,A27,5,2026-03-10 10:46:41+00:00,BRD-0000004310-85,True
4311,880,H24,4,2026-04-15 00:08:20+00:00,BRD-0000004311-59,False
4312,800,H11,6,2025-07-21 06:27:04+00:00,BRD-0000004312-58,True
4313,929,F10,2,2026-02-28 16:26:57+00:00,BRD-0000004313-79,False
4314,640,D12,1,2025-11-22 03:10:08+00:00,BRD-0000004314-61,True
4315,246,C20,5,2026-02-27 08:17:48+00:00,BRD-0000004315-36,False
4316,52,B11,2,2026-05-27 10:17:40+00:00,BRD-0000004316-30,False
4317,499,E2,5,2025-09-25 11:05:07+00:00,BRD-0000004317-67,True
4318,170,C12,2,2025-11-17 16:51:52+00:00,BRD-0000004318-99,True
4319,187,F6,2,2025-08-25 19:06:29+00:00,BRD-0000004319-45,True
4320,183,C24,2,2026-02-26 06:39:18+00:00,BRD-0000004320-99,True
4321,954,C9,6,2025-12-06 23:44:34+00:00,BRD-0000004321-14,True
4322,466,H16,2,2025-07-24 18:14:44+00:00,BRD-0000004322-73,False
4323,736,D13,2,2026-01-26 01:37:42+00:00,BRD-0000004323-35,True
4324,295,B25,4,2025-06-12 21:36:08+00:00,BRD-0000004324-65,True
4325,864,D17,3,2026-05-25 15:03:26+00:00,BRD-0000004325-59,True
4326,248,C8,5,2026-01-19 19:51:02+00:00,BRD-0000004326-86,True
4327,102,D8,5,2026-02-15 13:13:56+00:00,BRD-0000004327-38,True
4328,242,B11,2,2026-01-15 00:46:02+00:00,BRD-0000004328-11,True
4329,343,E7,5,2026-04-24 14:02:42+00:00,BRD-0000004329-27,True
4330,87,H29,6,2026-05-11 11:48:45+00:00,BRD-0000004330-25,True
4331,19,E18,2,2025-08-07 01:48:05+00:00,BRD-0000004331-71,True
4332,207,E10,4,2026-02-23 11:05:12+00:00,BRD-0000004332-13,True
4333,941,F3,5,2026-03-09 08:20:31+00:00,BRD-0000004333-50,True
4334,729,E3,1,2025-06-27 08:22:19+00:00,BRD-0000004334-44,False
4335,754,F27,3,2026-02-11 15:07:51+00:00,BRD-0000004335-10,True
4336,964,C1,3,2025-07-05 00:32:22+00:00,BRD-0000004336-68,True
4337,828,G4,6,2025-11-07 11:52:28+00:00,BRD-0000004337-54,True
4338,277,H11,1,2025-10-22 18:28:22+00:00,BRD-0000004338-68,True
4339,758,G30,5,2025-12-16 04:06:35+00:00,BRD-0000004339-47,True
4340,464,E6,1,2026-03-30 10:47:12+00:00,BRD-0000004340-33,True
4341,976,C4,2,2026-05-16 16:37:32+00:00,BRD-0000004341-86,True
4342,219,A21,4,2025-08-11 11:19:42+00:00,BRD-0000004342-13,False
4343,347,E3,6,2026-04-24 06:57:52+00:00,BRD-0000004343-39,True
4344,338,G22,2,2025-10-29 12:19:55+00:00,BRD-0000004344-92,False
4345,245,D29,2,2025-07-03 07:40:39+00:00,BRD-0000004345-19,False
4346,149,E3,1,2026-03-13 08:17:22+00:00,BRD-0000004346-15,False
4347,663,E30,3,2026-03-18 03:56:44+00:00,BRD-0000004347-94,True
4348,550,H14,2,2026-04-03 19:32:32+00:00,BRD-0000004348-44,True
4349,682,G5,4,2025-06-08 21:24:11+00:00,BRD-0000004349-50,True
4350,568,F26,6,2025-10-07 11:09:42+00:00,BRD-0000004350-73,True
4351,674,C18,6,2026-02-25 21:23:47+00:00,BRD-0000004351-57,False
4352,656,G2,1,2026-02-20 06:31:41+00:00,BRD-0000004352-21,True
4353,395,B4,1,2026-05-27 14:12:50+00:00,BRD-0000004353-73,True
4354,465,C11,6,2025-11-06 14:30:53+00:00,BRD-0000004354-27,True
4355,666,D17,3,2025-11-02 03:56:49+00:00,BRD-0000004355-47,False
4356,61,B10,1,2025-08-01 23:33:25+00:00,BRD-0000004356-47,False
4357,491,E23,5,2026-04-03 23:28:16+00:00,BRD-0000004357-60,False
4358,181,C24,6,2026-01-03 11:33:27+00:00,BRD-0000004358-34,False
4359,199,G18,5,2025-09-06 15:07:43+00:00,BRD-0000004359-30,True
4360,871,F7,1,2025-06-13 11:28:48+00:00,BRD-0000004360-73,True
4361,198,C13,6,2025-11-24 12:54:30+00:00,BRD-0000004361-53,True
4362,811,E8,5,2025-08-25 14:25:43+00:00,BRD-0000004362-37,True
4363,897,F18,4,2025-08-31 08:20:38+00:00,BRD-0000004363-92,True
4364,955,C15,2,2025-12-20 18:09:44+00:00,BRD-0000004364-80,True
4365,563,G8,2,2026-03-28 08:37:46+00:00,BRD-0000004365-77,False
4366,135,H3,3,2025-09-12 19:58:33+00:00,BRD-0000004366-15,True
4367,208,G23,5,2025-11-30 16:28:19+00:00,BRD-0000004367-35,True
4368,987,D29,3,2026-03-19 18:30:08+00:00,BRD-0000004368-95,True
4369,702,E12,1,2025-10-25 09:55:27+00:00,BRD-0000004369-57,False
4370,703,D26,1,2025-12-23 17:39:00+00:00,BRD-0000004370-11,True
4371,570,B18,3,2025-09-13 04:53:30+00:00,BRD-0000004371-88,True
4372,955,G14,6,2026-02-02 08:44:09+00:00,BRD-0000004372-24,False
4373,952,B3,5,2026-02-22 00:47:23+00:00,BRD-0000004373-39,True
4374,597,C7,5,2025-06-21 12:50:15+00:00,BRD-0000004374-97,False
4375,303,A26,4,2025-11-13 11:45:50+00:00,BRD-0000004375-91,True
4376,920,H22,2,2025-07-03 19:29:51+00:00,BRD-0000004376-27,True
4377,41,B17,1,2026-04-29 23:36:28+00:00,BRD-0000004377-50,False
4378,296,F24,1,2025-12-27 07:48:50+00:00,BRD-0000004378-81,False
4379,969,D18,3,2025-07-23 06:37:58+00:00,BRD-0000004379-92,False
4380,881,E22,2,2025-10-18 03:31:18+00:00,BRD-0000004380-10,True
4381,32,A18,2,2025-07-27 11:44:06+00:00,BRD-0000004381-87,True
4382,852,C27,4,2026-01-04 01:07:45+00:00,BRD-0000004382-74,True
4383,282,H6,4,2026-05-24 07:26:26+00:00,BRD-0000004383-74,False
4384,413,E19,3,2025-08-03 04:10:39+00:00,BRD-0000004384-22,False
4385,864,D20,5,2026-02-22 06:14:48+00:00,BRD-0000004385-67,True
4386,696,E13,6,2026-02-19 17:25:57+00:00,BRD-0000004386-80,True
4387,900,G13,5,2025-07-22 15:18:31+00:00,BRD-0000004387-13,True
4388,503,H20,5,2026-06-03 05:21:30+00:00,BRD-0000004388-55,False
4389,820,F2,5,2025-10-07 19:48:44+00:00,BRD-0000004389-45,False
4390,689,F11,3,2026-03-31 18:22:01+00:00,BRD-0000004390-63,True
4391,825,D25,5,2025-08-11 17:58:13+00:00,BRD-0000004391-67,False
4392,985,G19,4,2025-12-18 20:24:35+00:00,BRD-0000004392-84,True
4393,834,D22,2,2025-08-01 15:08:29+00:00,BRD-0000004393-79,True
4394,544,G9,4,2026-02-02 13:25:10+00:00,BRD-0000004394-64,True
4395,608,B21,4,2025-07-20 08:43:57+00:00,BRD-0000004395-46,False
4396,262,E26,5,2025-10-08 18:40:25+00:00,BRD-0000004396-93,True
4397,272,A21,5,2025-07-17 06:39:42+00:00,BRD-0000004397-44,True
4398,109,D10,5,2026-04-05 04:44:44+00:00,BRD-0000004398-87,True
4399,569,E5,3,2026-01-06 19:33:20+00:00,BRD-0000004399-34,True
4400,273,B13,6,2026-04-21 06:43:04+00:00,BRD-0000004400-11,True
4401,137,G29,4,2026-04-26 23:12:16+00:00,BRD-0000004401-85,True
4402,635,A14,6,2025-08-16 03:53:44+00:00,BRD-0000004402-84,False
4403,40,C8,3,2026-05-27 08:13:54+00:00,BRD-0000004403-60,True
4404,192,D20,6,2026-03-02 10:51:49+00:00,BRD-0000004404-49,False
4405,451,G4,4,2025-07-13 05:31:23+00:00,BRD-0000004405-38,True
4406,188,F19,4,2026-04-03 23:11:25+00:00,BRD-0000004406-47,False
4407,783,F22,6,2025-06-17 11:26:03+00:00,BRD-0000004407-28,True
4408,375,B14,2,2026-04-17 06:23:22+00:00,BRD-0000004408-76,True
4409,218,D6,6,2025-09-12 13:33:24+00:00,BRD-0000004409-16,True
4410,902,F29,5,2026-05-20 09:01:46+00:00,BRD-0000004410-52,True
4411,585,G11,4,2025-10-01 18:34:39+00:00,BRD-0000004411-50,True
4412,955,D28,4,2026-04-06 14:50:19+00:00,BRD-0000004412-35,True
4413,161,H21,5,2025-08-01 13:39:41+00:00,BRD-0000004413-85,False
4414,802,A14,2,2025-09-04 13:09:16+00:00,BRD-0000004414-10,True
4415,399,E18,3,2026-01-05 19:53:55+00:00,BRD-0000004415-92,False
4416,128,F26,2,2025-10-18 08:47:54+00:00,BRD-0000004416-89,True
4417,776,H10,3,2026-01-22 03:24:21+00:00,BRD-0000004417-89,True
4418,508,G19,3,2025-08-27 21:32:52+00:00,BRD-0000004418-50,False
4419,374,C4,6,2026-05-31 16:48:57+00:00,BRD-0000004419-46,True
4420,602,G3,1,2026-05-18 18:07:54+00:00,BRD-0000004420-63,True
4421,874,B25,3,2025-07-13 23:02:05+00:00,BRD-0000004421-89,True
4422,112,F19,5,2025-09-16 08:36:48+00:00,BRD-0000004422-50,True
4423,951,E30,2,2025-12-20 13:59:26+00:00,BRD-0000004423-97,True
4424,973,D7,3,2025-09-11 23:18:43+00:00,BRD-0000004424-72,True
4425,748,E27,5,2025-06-17 07:32:03+00:00,BRD-0000004425-27,True
4426,811,G14,1,2025-12-07 17:29:12+00:00,BRD-0000004426-97,False
4427,87,G27,4,2025-10-10 18:04:18+00:00,BRD-0000004427-73,False
4428,391,D27,1,2026-04-11 17:34:17+00:00,BRD-0000004428-79,True
4429,600,A1,2,2026-04-10 06:44:08+00:00,BRD-0000004429-13,False
4430,929,G16,6,2026-02-06 16:10:43+00:00,BRD-0000004430-29,True
4431,220,F10,3,2026-01-20 12:22:59+00:00,BRD-0000004431-76,True
4432,561,G2,6,2025-06-15 22:38:56+00:00,BRD-0000004432-76,False
4433,988,F3,6,2026-03-22 22:59:42+00:00,BRD-0000004433-29,True
4434,533,C11,6,2025-08-20 16:13:59+00:00,BRD-0000004434-74,True
4435,60,E8,2,2026-03-20 20:15:34+00:00,BRD-0000004435-71,True
4436,242,G16,1,2026-05-01 03:41:55+00:00,BRD-0000004436-86,True
4437,954,E21,6,2025-09-13 07:29:23+00:00,BRD-0000004437-96,False
4438,383,B21,5,2025-09-21 03:43:28+00:00,BRD-0000004438-92,False
4439,542,E1,4,2026-04-01 21:23:25+00:00,BRD-0000004439-64,True
4440,946,H15,5,2026-04-20 01:35:16+00:00,BRD-0000004440-84,True
4441,47,A1,5,2025-11-18 15:45:12+00:00,BRD-0000004441-55,True
4442,337,C20,6,2025-11-26 01:45:22+00:00,BRD-0000004442-38,False
4443,236,F25,5,2026-05-22 10:05:58+00:00,BRD-0000004443-73,True
4444,673,E10,1,2025-08-07 11:54:51+00:00,BRD-0000004444-31,True
4445,948,F19,2,2025-06-29 20:05:48+00:00,BRD-0000004445-97,True
4446,595,C13,6,2026-02-17 23:41:44+00:00,BRD-0000004446-60,True
4447,569,H28,5,2025-08-11 04:22:48+00:00,BRD-0000004447-86,True
4448,79,F10,1,2026-05-15 01:32:56+00:00,BRD-0000004448-67,False
4449,925,F3,1,2025-09-28 14:31:46+00:00,BRD-0000004449-81,True
4450,614,C13,1,2025-12-28 02:36:37+00:00,BRD-0000004450-30,True
4451,834,A24,6,2026-05-03 16:35:26+00:00,BRD-0000004451-66,True
4452,98,E14,6,2026-02-12 13:00:00+00:00,BRD-0000004452-37,True
4453,768,C9,4,2026-01-13 09:44:41+00:00,BRD-0000004453-61,True
4454,675,F21,1,2025-12-25 15:32:08+00:00,BRD-0000004454-76,False
4455,686,C14,1,2025-11-30 20:22:09+00:00,BRD-0000004455-78,True
4456,249,E26,4,2026-01-11 09:40:43+00:00,BRD-0000004456-44,True
4457,299,C1,4,2025-06-03 19:41:56+00:00,BRD-0000004457-19,False
4458,315,H19,4,2025-07-12 12:17:57+00:00,BRD-0000004458-60,True
4459,330,B21,3,2025-12-13 12:59:36+00:00,BRD-0000004459-27,True
4460,597,D22,5,2026-06-01 09:29:25+00:00,BRD-0000004460-91,False
4461,941,G21,1,2026-04-03 13:39:58+00:00,BRD-0000004461-12,True
4462,177,C9,3,2025-07-13 05:45:03+00:00,BRD-0000004462-75,True
4463,124,A1,6,2025-09-23 21:42:04+00:00,BRD-0000004463-11,True
4464,81,D22,2,2026-05-13 15:52:29+00:00,BRD-0000004464-92,True
4465,156,G4,4,2025-08-17 07:24:20+00:00,BRD-0000004465-90,True
4466,461,H24,2,2025-12-29 16:09:56+00:00,BRD-0000004466-41,True
4467,411,C7,5,2025-10-15 01:45:49+00:00,BRD-0000004467-28,True
4468,660,B21,3,2026-01-22 09:56:29+00:00,BRD-0000004468-65,True
4469,635,E22,2,2025-12-13 16:57:49+00:00,BRD-0000004469-76,True
4470,769,F13,3,2025-07-01 09:36:06+00:00,BRD-0000004470-87,True
4471,792,A2,1,2025-10-18 04:49:28+00:00,BRD-0000004471-81,False
4472,367,E30,2,2025-12-19 02:32:47+00:00,BRD-0000004472-40,False
4473,466,F16,4,2026-02-14 18:37:52+00:00,BRD-0000004473-92,True
4474,257,C26,6,2025-10-29 08:48:22+00:00,BRD-0000004474-99,True
4475,955,E26,5,2026-01-10 23:52:49+00:00,BRD-0000004475-32,True
4476,603,G11,6,2025-12-27 15:15:22+00:00,BRD-0000004476-68,True
4477,342,B7,5,2025-09-29 20:54:52+00:00,BRD-0000004477-56,True
4478,469,E25,5,2026-03-19 11:37:52+00:00,BRD-0000004478-72,True
4479,811,D14,3,2026-02-06 18:48:43+00:00,BRD-0000004479-65,False
4480,971,C2,4,2025-09-23 19:39:47+00:00,BRD-0000004480-12,True
4481,232,F26,4,2026-02-19 09:29:04+00:00,BRD-0000004481-67,False
4482,652,D19,6,2025-12-28 11:11:04+00:00,BRD-0000004482-82,True
4483,820,C21,1,2026-05-31 00:03:13+00:00,BRD-0000004483-41,False
4484,779,D28,6,2025-07-18 08:57:34+00:00,BRD-0000004484-58,True
4485,158,D3,3,2025-07-28 11:11:28+00:00,BRD-0000004485-88,True
4486,122,D21,5,2026-04-29 23:05:32+00:00,BRD-0000004486-87,True
4487,545,D10,2,2025-06-11 16:39:12+00:00,BRD-0000004487-77,False
4488,549,E22,2,2025-09-30 17:26:59+00:00,BRD-0000004488-93,True
4489,146,H24,2,2025-08-20 23:34:04+00:00,BRD-0000004489-79,True
4490,684,C29,4,2025-07-07 09:54:46+00:00,BRD-0000004490-86,False
4491,84,E23,5,2026-01-26 00:01:46+00:00,BRD-0000004491-42,True
4492,464,E15,2,2026-04-11 16:57:08+00:00,BRD-0000004492-97,False
4493,475,C7,6,2026-05-13 19:18:47+00:00,BRD-0000004493-72,True
4494,770,F22,3,2026-03-09 20:37:27+00:00,BRD-0000004494-80,True
4495,650,F17,3,2026-01-04 00:41:44+00:00,BRD-0000004495-43,True
4496,720,G17,5,2025-06-10 05:27:27+00:00,BRD-0000004496-73,False
4497,86,H26,4,2026-04-18 06:51:03+00:00,BRD-0000004497-61,True
4498,405,E12,3,2026-01-15 16:15:35+00:00,BRD-0000004498-22,False
4499,465,F16,6,2026-01-16 08:38:02+00:00,BRD-0000004499-94,False
4500,534,E3,3,2025-09-05 14:48:11+00:00,BRD-0000004500-92,False
4501,699,F2,5,2025-12-03 23:33:41+00:00,BRD-0000004501-50,True
4502,424,F26,2,2025-10-26 03:37:28+00:00,BRD-0000004502-60,False
4503,319,C16,5,2026-05-05 15:06:19+00:00,BRD-0000004503-70,True
4504,364,B20,5,2026-02-15 13:03:48+00:00,BRD-0000004504-61,True
4505,44,D1,1,2025-12-30 20:04:22+00:00,BRD-0000004505-33,True
4506,271,F9,6,2025-12-22 03:08:53+00:00,BRD-0000004506-74,True
4507,282,C19,1,2025-10-10 03:28:41+00:00,BRD-0000004507-15,False
4508,140,C27,6,2025-10-21 05:58:15+00:00,BRD-0000004508-90,True
4509,1,E20,4,2025-07-26 15:00:25+00:00,BRD-0000004509-34,False
4510,120,G30,5,2025-09-02 22:20:30+00:00,BRD-0000004510-48,False
4511,933,C13,5,2026-05-26 06:35:52+00:00,BRD-0000004511-12,True
4512,435,D1,6,2026-05-15 00:31:26+00:00,BRD-0000004512-72,True
4513,104,A23,5,2026-02-14 09:21:27+00:00,BRD-0000004513-48,False
4514,474,H22,2,2026-03-29 15:42:10+00:00,BRD-0000004514-23,True
4515,27,D20,1,2026-05-10 08:40:59+00:00,BRD-0000004515-24,True
4516,310,B12,5,2026-04-27 10:37:51+00:00,BRD-0000004516-26,True
4517,680,H30,5,2026-04-10 21:14:04+00:00,BRD-0000004517-28,True
4518,396,H20,3,2025-12-01 04:25:45+00:00,BRD-0000004518-48,True
4519,605,G13,6,2026-02-11 23:39:50+00:00,BRD-0000004519-97,False
4520,615,E14,2,2025-08-20 22:46:50+00:00,BRD-0000004520-42,True
4521,766,G30,2,2026-04-06 09:12:51+00:00,BRD-0000004521-62,True
4522,483,F15,4,2025-11-02 02:07:55+00:00,BRD-0000004522-18,True
4523,718,F15,4,2026-04-25 06:14:01+00:00,BRD-0000004523-96,False
4524,966,C25,2,2025-07-18 07:20:37+00:00,BRD-0000004524-34,False
4525,673,G13,2,2026-02-05 17:03:31+00:00,BRD-0000004525-83,True
4526,58,B14,3,2026-01-03 03:28:57+00:00,BRD-0000004526-19,True
4527,139,B7,2,2025-06-24 06:45:38+00:00,BRD-0000004527-83,True
4528,975,C7,4,2025-07-28 19:52:23+00:00,BRD-0000004528-82,True
4529,898,E16,2,2026-02-12 12:43:41+00:00,BRD-0000004529-20,True
4530,658,F14,5,2025-09-20 10:12:04+00:00,BRD-0000004530-76,False
4531,47,C23,1,2026-03-15 04:27:51+00:00,BRD-0000004531-59,True
4532,37,D23,5,2025-07-27 14:10:12+00:00,BRD-0000004532-13,True
4533,240,C28,1,2026-01-20 05:19:11+00:00,BRD-0000004533-23,True
4534,361,A23,3,2026-01-24 01:23:42+00:00,BRD-0000004534-14,False
4535,793,B24,2,2026-04-14 22:50:06+00:00,BRD-0000004535-22,True
4536,61,H21,1,2026-03-27 18:53:50+00:00,BRD-0000004536-63,True
4537,407,C4,6,2025-06-03 20:43:33+00:00,BRD-0000004537-98,False
4538,142,C13,2,2025-08-25 17:02:12+00:00,BRD-0000004538-50,True
4539,831,E21,2,2025-12-09 13:13:51+00:00,BRD-0000004539-14,True
4540,604,F5,6,2025-08-13 09:26:55+00:00,BRD-0000004540-50,False
4541,534,E9,4,2025-08-29 21:32:46+00:00,BRD-0000004541-81,False
4542,1,B29,2,2026-04-23 04:51:52+00:00,BRD-0000004542-14,True
4543,773,C30,4,2026-05-24 18:45:54+00:00,BRD-0000004543-37,True
4544,943,H21,3,2025-08-12 03:22:09+00:00,BRD-0000004544-79,True
4545,712,A25,4,2025-07-13 17:37:17+00:00,BRD-0000004545-64,True
4546,323,G8,1,2025-06-19 22:14:40+00:00,BRD-0000004546-37,True
4547,173,G19,1,2025-08-24 18:06:31+00:00,BRD-0000004547-99,False
4548,906,F2,2,2026-02-18 01:04:08+00:00,BRD-0000004548-86,True
4549,294,E5,4,2026-04-07 22:04:39+00:00,BRD-0000004549-32,True
4550,525,B21,4,2025-07-09 15:35:47+00:00,BRD-0000004550-13,True
4551,629,C3,5,2026-03-23 15:53:00+00:00,BRD-0000004551-90,False
4552,591,H26,6,2025-07-20 17:52:20+00:00,BRD-0000004552-50,True
4553,227,E13,1,2026-03-16 19:10:58+00:00,BRD-0000004553-56,True
4554,505,E27,3,2025-08-17 17:42:58+00:00,BRD-0000004554-53,True
4555,923,C29,5,2026-05-25 22:38:40+00:00,BRD-0000004555-46,False
4556,642,F1,2,2026-01-17 12:39:47+00:00,BRD-0000004556-45,True
4557,957,G29,5,2026-05-04 22:21:09+00:00,BRD-0000004557-74,False
4558,881,F24,4,2026-01-19 01:19:36+00:00,BRD-0000004558-27,False
4559,966,F15,4,2025-10-21 11:32:46+00:00,BRD-0000004559-63,False
4560,991,B12,6,2025-10-22 12:46:11+00:00,BRD-0000004560-54,True
4561,765,B19,2,2025-07-27 14:52:27+00:00,BRD-0000004561-20,True
4562,137,G25,1,2026-02-13 01:12:55+00:00,BRD-0000004562-85,True
4563,629,E13,1,2026-03-30 03:47:26+00:00,BRD-0000004563-49,False
4564,732,F27,5,2026-04-26 18:47:08+00:00,BRD-0000004564-30,False
4565,684,C8,1,2025-11-11 02:04:41+00:00,BRD-0000004565-38,False
4566,911,H1,4,2025-10-21 10:40:13+00:00,BRD-0000004566-44,False
4567,969,A16,1,2026-04-02 00:01:55+00:00,BRD-0000004567-31,True
4568,542,H8,6,2025-08-08 18:58:48+00:00,BRD-0000004568-21,True
4569,559,F29,3,2025-10-18 09:54:41+00:00,BRD-0000004569-89,True
4570,415,H19,2,2025-10-07 04:01:29+00:00,BRD-0000004570-94,True
4571,638,G22,5,2025-06-27 12:20:40+00:00,BRD-0000004571-23,True
4572,693,C11,5,2025-12-21 19:15:40+00:00,BRD-0000004572-53,True
4573,826,B30,1,2025-11-22 17:52:31+00:00,BRD-0000004573-44,True
4574,804,B16,6,2026-02-22 02:11:21+00:00,BRD-0000004574-91,False
4575,326,H17,6,2025-07-30 02:13:05+00:00,BRD-0000004575-25,False
4576,858,G20,2,2025-12-11 12:43:36+00:00,BRD-0000004576-36,True
4577,773,D16,6,2025-09-07 04:07:50+00:00,BRD-0000004577-46,True
4578,17,H21,4,2026-01-21 14:31:13+00:00,BRD-0000004578-14,True
4579,81,A11,1,2026-03-19 03:25:13+00:00,BRD-0000004579-91,True
4580,613,B11,1,2026-03-12 00:41:08+00:00,BRD-0000004580-10,True
4581,680,D11,4,2025-09-24 21:33:08+00:00,BRD-0000004581-62,True
4582,125,B20,3,2025-06-30 01:54:46+00:00,BRD-0000004582-89,True
4583,617,B25,4,2025-10-30 02:11:06+00:00,BRD-0000004583-21,True
4584,186,A6,3,2026-05-29 08:32:22+00:00,BRD-0000004584-15,False
4585,839,A1,5,2025-12-17 10:06:58+00:00,BRD-0000004585-71,False
4586,224,G29,4,2026-04-20 00:35:41+00:00,BRD-0000004586-56,False
4587,162,C22,6,2026-03-17 09:34:01+00:00,BRD-0000004587-40,True
4588,369,D27,1,2025-11-25 18:40:30+00:00,BRD-0000004588-53,True
4589,832,F12,1,2025-08-21 09:57:06+00:00,BRD-0000004589-80,False
4590,488,F2,1,2025-06-18 16:06:34+00:00,BRD-0000004590-76,True
4591,797,G6,5,2026-04-13 20:45:02+00:00,BRD-0000004591-26,False
4592,174,F22,3,2025-07-23 05:03:04+00:00,BRD-0000004592-93,False
4593,242,C21,5,2025-07-03 20:30:45+00:00,BRD-0000004593-69,False
4594,26,A29,6,2025-08-06 23:02:50+00:00,BRD-0000004594-13,True
4595,686,H18,1,2026-03-25 03:22:44+00:00,BRD-0000004595-76,True
4596,842,E9,1,2026-05-24 01:18:23+00:00,BRD-0000004596-10,True
4597,780,C8,6,2025-07-24 22:47:07+00:00,BRD-0000004597-13,True
4598,25,G21,4,2026-01-15 03:56:50+00:00,BRD-0000004598-88,True
4599,15,B22,3,2025-07-30 18:35:00+00:00,BRD-0000004599-84,False
4600,410,G15,5,2025-08-10 00:07:18+00:00,BRD-0000004600-96,True
4601,965,G2,6,2026-03-04 00:29:53+00:00,BRD-0000004601-90,True
4602,254,C22,6,2026-02-06 19:27:10+00:00,BRD-0000004602-57,True
4603,333,F25,2,2025-10-20 02:26:38+00:00,BRD-0000004603-56,True
4604,367,C5,6,2026-03-16 23:14:35+00:00,BRD-0000004604-56,True
4605,73,G16,6,2025-12-12 01:51:39+00:00,BRD-0000004605-62,True
4606,585,H7,6,2025-10-18 00:56:33+00:00,BRD-0000004606-27,True
4607,832,E25,4,2026-04-10 06:32:35+00:00,BRD-0000004607-43,False
4608,652,D26,3,2025-10-04 17:58:49+00:00,BRD-0000004608-44,False
4609,633,H27,6,2025-10-24 22:12:41+00:00,BRD-0000004609-96,True
4610,778,C28,2,2026-05-25 03:00:06+00:00,BRD-0000004610-49,True
4611,392,C4,4,2026-02-06 04:34:32+00:00,BRD-0000004611-63,True
4612,336,A8,6,2025-08-02 12:59:45+00:00,BRD-0000004612-61,False
4613,307,A9,4,2025-07-16 04:04:41+00:00,BRD-0000004613-85,True
4614,527,H24,1,2026-03-23 18:41:25+00:00,BRD-0000004614-46,True
4615,890,B7,3,2025-10-24 18:48:13+00:00,BRD-0000004615-88,True
4616,946,B9,6,2026-05-14 06:11:03+00:00,BRD-0000004616-50,True
4617,315,H14,2,2026-01-13 21:24:10+00:00,BRD-0000004617-89,False
4618,158,A7,5,2025-11-26 06:49:02+00:00,BRD-0000004618-80,True
4619,724,A12,1,2025-12-21 12:52:48+00:00,BRD-0000004619-48,False
4620,114,H4,5,2026-04-22 07:13:54+00:00,BRD-0000004620-87,True
4621,906,B27,4,2025-09-03 19:43:04+00:00,BRD-0000004621-96,False
4622,362,A20,4,2026-01-05 16:48:11+00:00,BRD-0000004622-11,True
4623,368,F9,4,2025-10-16 12:01:22+00:00,BRD-0000004623-80,False
4624,39,H26,5,2025-10-03 17:38:38+00:00,BRD-0000004624-28,False
4625,246,B11,4,2025-10-15 07:04:55+00:00,BRD-0000004625-33,True
4626,519,B18,6,2025-06-04 04:24:36+00:00,BRD-0000004626-70,True
4627,62,F19,5,2026-01-04 20:46:54+00:00,BRD-0000004627-55,True
4628,766,B17,1,2025-11-02 08:46:13+00:00,BRD-0000004628-71,True
4629,916,F15,3,2025-08-26 23:18:23+00:00,BRD-0000004629-48,True
4630,524,H10,6,2025-11-20 14:20:53+00:00,BRD-0000004630-51,True
4631,176,D6,3,2026-04-09 04:55:59+00:00,BRD-0000004631-92,True
4632,429,F14,2,2025-11-06 01:19:30+00:00,BRD-0000004632-44,True
4633,486,D21,3,2025-11-22 13:16:18+00:00,BRD-0000004633-15,True
4634,721,F3,5,2026-01-30 02:40:48+00:00,BRD-0000004634-27,True
4635,659,F1,1,2025-11-01 03:16:22+00:00,BRD-0000004635-76,True
4636,800,A22,1,2026-01-29 01:16:41+00:00,BRD-0000004636-16,True
4637,611,B3,3,2026-03-18 05:47:24+00:00,BRD-0000004637-40,True
4638,944,B24,1,2026-04-06 06:12:00+00:00,BRD-0000004638-53,False
4639,778,G4,5,2025-09-22 21:53:04+00:00,BRD-0000004639-81,False
4640,918,C23,6,2025-06-28 13:41:01+00:00,BRD-0000004640-25,False
4641,890,C28,1,2025-07-04 20:07:32+00:00,BRD-0000004641-29,True
4642,732,E10,5,2026-05-02 20:59:02+00:00,BRD-0000004642-94,True
4643,338,F29,3,2025-08-22 18:07:30+00:00,BRD-0000004643-53,False
4644,494,F13,4,2026-01-21 00:56:36+00:00,BRD-0000004644-19,False
4645,456,B16,3,2026-04-04 02:24:01+00:00,BRD-0000004645-18,False
4646,975,H2,5,2025-08-29 09:37:38+00:00,BRD-0000004646-44,False
4647,737,G19,6,2026-04-14 15:55:05+00:00,BRD-0000004647-40,True
4648,568,F25,2,2026-05-04 14:47:56+00:00,BRD-0000004648-14,False
4649,878,B10,6,2026-01-13 03:41:09+00:00,BRD-0000004649-80,True
4650,525,A10,3,2025-08-17 13:50:01+00:00,BRD-0000004650-29,True
4651,168,H28,3,2025-12-20 18:42:38+00:00,BRD-0000004651-23,True
4652,560,G27,3,2025-07-10 02:49:56+00:00,BRD-0000004652-61,True
4653,773,C11,3,2026-02-23 19:30:06+00:00,BRD-0000004653-11,False
4654,672,E11,3,2025-08-21 21:37:18+00:00,BRD-0000004654-24,True
4655,845,C25,6,2025-12-25 19:35:26+00:00,BRD-0000004655-46,True
4656,51,E1,6,2025-06-10 23:02:42+00:00,BRD-0000004656-98,False
4657,462,D20,4,2025-08-14 14:20:18+00:00,BRD-0000004657-32,True
4658,57,H10,6,2026-05-02 13:38:58+00:00,BRD-0000004658-62,False
4659,478,C4,3,2025-08-04 15:37:46+00:00,BRD-0000004659-66,True
4660,825,H29,4,2025-06-06 22:20:10+00:00,BRD-0000004660-99,False
4661,746,H26,2,2025-11-28 19:44:46+00:00,BRD-0000004661-62,True
4662,904,D3,6,2026-04-12 09:19:39+00:00,BRD-0000004662-91,False
4663,467,A23,4,2026-03-04 02:14:04+00:00,BRD-0000004663-43,False
4664,554,G13,2,2025-09-17 09:32:24+00:00,BRD-0000004664-75,True
4665,823,G27,6,2026-04-03 15:08:04+00:00,BRD-0000004665-42,True
4666,889,B10,4,2026-01-12 21:46:52+00:00,BRD-0000004666-20,False
4667,200,H23,2,2026-05-30 13:11:49+00:00,BRD-0000004667-25,True
4668,166,B24,1,2026-05-09 16:36:27+00:00,BRD-0000004668-74,True
4669,272,H27,6,2026-05-23 22:40:05+00:00,BRD-0000004669-63,True
4670,778,C4,2,2026-04-03 14:05:00+00:00,BRD-0000004670-23,False
4671,32,H26,3,2025-08-19 18:40:59+00:00,BRD-0000004671-99,True
4672,41,H26,5,2025-07-31 14:35:18+00:00,BRD-0000004672-70,True
4673,576,A21,5,2026-03-27 16:09:13+00:00,BRD-0000004673-38,True
4674,547,F21,4,2026-03-24 16:01:11+00:00,BRD-0000004674-25,True
4675,525,B7,3,2025-06-20 06:15:02+00:00,BRD-0000004675-33,False
4676,247,C16,5,2025-06-10 04:51:23+00:00,BRD-0000004676-29,True
4677,903,F5,2,2025-10-18 08:33:29+00:00,BRD-0000004677-87,True
4678,198,F24,1,2025-09-04 21:44:28+00:00,BRD-0000004678-42,True
4679,256,G29,1,2026-02-21 14:06:04+00:00,BRD-0000004679-78,True
4680,597,A14,4,2025-10-06 22:45:59+00:00,BRD-0000004680-39,False
4681,912,G8,3,2025-07-06 15:45:40+00:00,BRD-0000004681-71,True
4682,580,A17,3,2025-09-28 08:12:45+00:00,BRD-0000004682-72,True
4683,647,E25,2,2026-01-22 13:54:00+00:00,BRD-0000004683-35,True
4684,152,B18,2,2025-12-30 09:02:08+00:00,BRD-0000004684-60,True
4685,222,F18,1,2025-09-08 18:49:49+00:00,BRD-0000004685-64,True
4686,623,G13,4,2025-08-07 06:01:33+00:00,BRD-0000004686-73,True
4687,811,D10,6,2026-05-20 13:38:41+00:00,BRD-0000004687-43,False
4688,182,F2,1,2025-08-02 12:48:27+00:00,BRD-0000004688-21,True
4689,165,F22,6,2026-05-20 16:38:20+00:00,BRD-0000004689-71,False
4690,93,H28,1,2025-12-28 08:44:16+00:00,BRD-0000004690-91,True
4691,190,A10,5,2026-01-15 22:49:07+00:00,BRD-0000004691-55,True
4692,818,G12,3,2025-07-03 16:58:34+00:00,BRD-0000004692-74,True
4693,593,A30,6,2025-07-18 12:44:05+00:00,BRD-0000004693-19,True
4694,587,A17,6,2026-03-07 07:47:47+00:00,BRD-0000004694-94,True
4695,858,D19,1,2026-01-13 20:26:04+00:00,BRD-0000004695-71,True
4696,360,F17,2,2025-07-20 10:04:04+00:00,BRD-0000004696-31,True
4697,672,E27,5,2025-08-01 00:57:09+00:00,BRD-0000004697-10,False
4698,403,C30,6,2026-03-05 03:51:30+00:00,BRD-0000004698-76,True
4699,515,B24,4,2026-03-06 12:09:34+00:00,BRD-0000004699-62,True
4700,176,A3,4,2026-04-06 00:46:58+00:00,BRD-0000004700-92,True
4701,442,B12,1,2025-07-26 23:15:10+00:00,BRD-0000004701-29,True
4702,806,B23,2,2025-06-14 23:08:42+00:00,BRD-0000004702-95,False
4703,995,F26,6,2025-12-07 10:49:14+00:00,BRD-0000004703-19,True
4704,259,D10,6,2026-03-28 17:31:46+00:00,BRD-0000004704-74,True
4705,326,D18,6,2026-01-12 12:26:15+00:00,BRD-0000004705-64,True
4706,83,H24,1,2025-06-24 23:24:46+00:00,BRD-0000004706-43,True
4707,317,C11,5,2025-12-03 04:07:03+00:00,BRD-0000004707-74,False
4708,291,B14,6,2026-06-03 11:56:06+00:00,BRD-0000004708-54,True
4709,365,A7,1,2026-05-27 09:57:55+00:00,BRD-0000004709-33,True
4710,873,C12,5,2025-12-17 11:46:26+00:00,BRD-0000004710-54,True
4711,8,A29,2,2025-08-22 19:03:40+00:00,BRD-0000004711-85,True
4712,951,B11,3,2025-09-15 15:00:21+00:00,BRD-0000004712-73,False
4713,667,B30,6,2026-04-12 17:00:02+00:00,BRD-0000004713-11,True
4714,698,C10,6,2025-12-06 06:51:43+00:00,BRD-0000004714-70,True
4715,12,B26,6,2025-08-29 15:05:02+00:00,BRD-0000004715-49,True
4716,492,F3,5,2025-11-10 00:19:27+00:00,BRD-0000004716-58,True
4717,636,G29,4,2026-05-05 18:08:56+00:00,BRD-0000004717-34,False
4718,272,C9,5,2026-04-25 08:03:03+00:00,BRD-0000004718-61,True
4719,616,H3,4,2025-09-16 04:35:43+00:00,BRD-0000004719-64,True
4720,146,H27,4,2025-11-09 17:52:07+00:00,BRD-0000004720-97,False
4721,871,C28,5,2025-07-26 17:33:46+00:00,BRD-0000004721-38,True
4722,264,C21,3,2025-10-17 04:19:04+00:00,BRD-0000004722-28,True
4723,146,E12,6,2026-02-18 16:57:21+00:00,BRD-0000004723-57,False
4724,258,A29,5,2025-12-11 14:10:37+00:00,BRD-0000004724-30,False
4725,999,H4,2,2025-11-02 10:52:26+00:00,BRD-0000004725-61,False
4726,533,H26,2,2026-01-18 10:44:48+00:00,BRD-0000004726-65,False
4727,152,G4,1,2026-05-27 20:40:26+00:00,BRD-0000004727-11,True
4728,723,A17,3,2025-09-03 23:32:37+00:00,BRD-0000004728-90,False
4729,637,D8,4,2026-02-23 23:54:38+00:00,BRD-0000004729-83,True
4730,624,E17,4,2025-08-14 19:46:00+00:00,BRD-0000004730-45,True
4731,424,H21,3,2025-07-22 21:14:37+00:00,BRD-0000004731-87,True
4732,272,F6,5,2025-07-31 15:14:47+00:00,BRD-0000004732-15,False
4733,617,D11,6,2026-04-14 08:39:44+00:00,BRD-0000004733-56,True
4734,742,D12,4,2025-12-29 17:16:12+00:00,BRD-0000004734-10,True
4735,192,B17,2,2025-06-08 05:38:17+00:00,BRD-0000004735-95,True
4736,694,D9,2,2025-11-21 00:58:50+00:00,BRD-0000004736-22,True
4737,628,D6,3,2025-09-18 19:02:16+00:00,BRD-0000004737-68,False
4738,957,G12,6,2025-06-24 16:52:36+00:00,BRD-0000004738-72,False
4739,737,F8,1,2026-04-24 06:40:01+00:00,BRD-0000004739-43,True
4740,493,F23,1,2025-08-13 09:22:45+00:00,BRD-0000004740-86,True
4741,222,A2,2,2026-02-11 03:11:23+00:00,BRD-0000004741-19,False
4742,863,G19,5,2025-08-14 20:00:39+00:00,BRD-0000004742-36,True
4743,901,A17,3,2025-09-19 06:28:36+00:00,BRD-0000004743-19,True
4744,349,C8,2,2026-04-30 18:08:24+00:00,BRD-0000004744-13,True
4745,465,B9,4,2026-03-05 01:38:03+00:00,BRD-0000004745-61,False
4746,499,H11,2,2026-04-10 07:52:11+00:00,BRD-0000004746-69,False
4747,287,H17,3,2025-11-10 18:51:20+00:00,BRD-0000004747-25,False
4748,202,E26,1,2025-10-16 17:35:01+00:00,BRD-0000004748-86,True
4749,903,A12,5,2026-03-04 18:03:44+00:00,BRD-0000004749-29,True
4750,464,A1,2,2025-07-30 11:29:39+00:00,BRD-0000004750-56,True
4751,452,C22,5,2025-11-10 02:31:31+00:00,BRD-0000004751-62,True
4752,269,G26,5,2025-12-31 17:40:22+00:00,BRD-0000004752-74,True
4753,319,D8,5,2025-07-19 12:38:41+00:00,BRD-0000004753-29,False
4754,409,A17,4,2025-08-24 00:42:33+00:00,BRD-0000004754-18,True
4755,531,E23,1,2026-04-15 19:46:37+00:00,BRD-0000004755-25,True
4756,280,A24,6,2025-08-14 17:48:07+00:00,BRD-0000004756-16,False
4757,64,D2,6,2025-09-13 13:27:54+00:00,BRD-0000004757-38,False
4758,912,D20,5,2025-10-28 03:15:56+00:00,BRD-0000004758-58,True
4759,919,B27,1,2026-01-09 16:33:06+00:00,BRD-0000004759-18,True
4760,330,C17,6,2025-12-11 02:51:24+00:00,BRD-0000004760-37,False
4761,734,F26,1,2026-02-27 10:39:24+00:00,BRD-0000004761-25,True
4762,782,D21,4,2025-09-28 13:16:17+00:00,BRD-0000004762-72,False
4763,148,A5,5,2025-12-31 01:12:53+00:00,BRD-0000004763-76,True
4764,926,H6,3,2025-10-28 02:51:01+00:00,BRD-0000004764-68,False
4765,788,D15,3,2025-12-14 22:40:23+00:00,BRD-0000004765-27,True
4766,254,G30,5,2026-04-11 13:14:15+00:00,BRD-0000004766-63,False
4767,560,H12,6,2026-03-12 15:08:33+00:00,BRD-0000004767-68,True
4768,893,G6,5,2026-03-01 10:27:16+00:00,BRD-0000004768-54,True
4769,53,G4,3,2025-09-19 11:31:49+00:00,BRD-0000004769-20,False
4770,373,E23,6,2026-04-24 12:17:57+00:00,BRD-0000004770-43,True
4771,886,D15,5,2025-10-14 23:05:23+00:00,BRD-0000004771-76,True
4772,439,H21,6,2025-09-09 07:28:36+00:00,BRD-0000004772-16,True
4773,105,H8,3,2026-01-16 16:56:55+00:00,BRD-0000004773-57,True
4774,969,A11,5,2025-12-17 09:57:12+00:00,BRD-0000004774-87,False
4775,620,D18,5,2026-05-29 11:47:50+00:00,BRD-0000004775-66,True
4776,784,C6,6,2025-09-03 02:48:46+00:00,BRD-0000004776-10,True
4777,327,A16,5,2026-01-02 03:41:39+00:00,BRD-0000004777-46,True
4778,113,B8,2,2025-09-10 13:48:02+00:00,BRD-0000004778-26,False
4779,134,G18,4,2026-01-08 03:02:59+00:00,BRD-0000004779-32,False
4780,660,B16,6,2025-11-20 11:28:40+00:00,BRD-0000004780-33,True
4781,497,F12,5,2026-04-08 02:58:18+00:00,BRD-0000004781-65,True
4782,521,H21,2,2025-06-24 01:50:35+00:00,BRD-0000004782-69,True
4783,731,D2,5,2025-06-08 12:18:15+00:00,BRD-0000004783-42,True
4784,12,A27,3,2025-07-26 15:02:14+00:00,BRD-0000004784-76,True
4785,442,C21,1,2025-10-18 15:41:02+00:00,BRD-0000004785-88,True
4786,158,A10,5,2026-01-15 10:18:01+00:00,BRD-0000004786-31,True
4787,11,A10,4,2025-07-26 19:24:11+00:00,BRD-0000004787-35,True
4788,633,D30,3,2025-11-17 23:55:24+00:00,BRD-0000004788-22,True
4789,330,H30,1,2025-11-20 06:47:14+00:00,BRD-0000004789-69,False
4790,569,C19,5,2025-10-05 21:43:56+00:00,BRD-0000004790-59,True
4791,618,F3,6,2026-03-05 09:32:12+00:00,BRD-0000004791-83,True
4792,451,G11,6,2025-11-26 10:02:14+00:00,BRD-0000004792-30,True
4793,802,B20,2,2025-09-03 03:08:17+00:00,BRD-0000004793-82,True
4794,596,F2,4,2025-07-03 16:40:00+00:00,BRD-0000004794-17,False
4795,220,A24,4,2025-08-18 02:46:10+00:00,BRD-0000004795-26,True
4796,819,A4,2,2026-02-09 18:01:39+00:00,BRD-0000004796-54,True
4797,359,E29,6,2025-08-31 14:17:39+00:00,BRD-0000004797-47,True
4798,617,G27,3,2025-10-11 05:31:03+00:00,BRD-0000004798-54,True
4799,833,E23,5,2025-09-25 09:55:59+00:00,BRD-0000004799-15,True
4800,105,C17,5,2026-03-16 00:56:34+00:00,BRD-0000004800-77,True
4801,796,H19,4,2026-01-31 08:44:59+00:00,BRD-0000004801-42,True
4802,386,C8,6,2026-03-07 00:18:57+00:00,BRD-0000004802-39,True
4803,277,G2,2,2025-07-26 11:24:02+00:00,BRD-0000004803-81,True
4804,124,E14,5,2026-05-29 13:37:17+00:00,BRD-0000004804-54,True
4805,954,C23,2,2025-11-21 00:22:39+00:00,BRD-0000004805-86,False
4806,194,G12,6,2026-05-27 09:41:51+00:00,BRD-0000004806-89,False
4807,382,E19,6,2025-07-06 02:56:54+00:00,BRD-0000004807-55,True
4808,619,E28,2,2026-04-25 09:34:52+00:00,BRD-0000004808-11,True
4809,59,D30,2,2025-10-15 06:37:18+00:00,BRD-0000004809-16,True
4810,967,H29,1,2025-07-24 02:29:19+00:00,BRD-0000004810-65,False
4811,366,G17,1,2025-09-04 15:54:43+00:00,BRD-0000004811-42,True
4812,990,E1,2,2026-05-22 13:26:10+00:00,BRD-0000004812-12,False
4813,29,H27,5,2026-03-19 10:44:56+00:00,BRD-0000004813-14,True
4814,517,D21,6,2026-03-01 05:58:36+00:00,BRD-0000004814-32,True
4815,167,A14,4,2025-08-17 14:13:55+00:00,BRD-0000004815-19,False
4816,424,A3,3,2025-11-14 02:28:04+00:00,BRD-0000004816-92,True
4817,997,B1,3,2026-05-01 23:23:24+00:00,BRD-0000004817-53,True
4818,513,H30,4,2025-07-13 03:20:46+00:00,BRD-0000004818-94,True
4819,290,C9,6,2026-01-20 08:41:06+00:00,BRD-0000004819-73,False
4820,10,E13,4,2025-08-25 12:50:36+00:00,BRD-0000004820-75,True
4821,776,A7,3,2025-11-11 09:01:24+00:00,BRD-0000004821-17,True
4822,119,H12,1,2025-12-31 06:31:13+00:00,BRD-0000004822-68,True
4823,816,H25,2,2026-04-28 07:25:35+00:00,BRD-0000004823-26,False
4824,558,F15,5,2025-06-30 20:49:52+00:00,BRD-0000004824-13,False
4825,617,D21,6,2025-09-24 22:51:56+00:00,BRD-0000004825-44,True
4826,520,E1,2,2026-04-01 22:58:32+00:00,BRD-0000004826-33,True
4827,256,F8,4,2025-10-05 11:52:55+00:00,BRD-0000004827-81,True
4828,915,D12,4,2026-04-16 07:19:38+00:00,BRD-0000004828-53,True
4829,286,E9,1,2025-09-15 21:28:15+00:00,BRD-0000004829-17,True
4830,785,E25,4,2026-02-07 06:30:23+00:00,BRD-0000004830-49,True
4831,825,B29,4,2026-05-09 20:26:59+00:00,BRD-0000004831-57,False
4832,289,H12,4,2026-05-15 09:04:15+00:00,BRD-0000004832-64,True
4833,916,G29,4,2026-01-13 02:29:47+00:00,BRD-0000004833-14,True
4834,549,H23,6,2025-07-13 01:01:56+00:00,BRD-0000004834-72,True
4835,327,C22,2,2025-07-24 08:55:22+00:00,BRD-0000004835-35,False
4836,810,F3,6,2025-08-17 07:58:54+00:00,BRD-0000004836-53,True
4837,476,A17,6,2025-09-18 14:45:00+00:00,BRD-0000004837-92,False
4838,668,D16,1,2025-09-05 16:51:16+00:00,BRD-0000004838-21,False
4839,190,G6,2,2025-09-06 12:41:19+00:00,BRD-0000004839-48,False
4840,800,D13,2,2025-10-16 18:36:20+00:00,BRD-0000004840-36,True
4841,666,D24,3,2026-02-13 10:29:18+00:00,BRD-0000004841-68,True
4842,822,G15,3,2025-11-25 07:19:34+00:00,BRD-0000004842-97,True
4843,863,E12,2,2026-06-02 21:56:49+00:00,BRD-0000004843-91,True
4844,524,A27,3,2026-03-23 00:20:47+00:00,BRD-0000004844-42,True
4845,860,H3,1,2026-01-07 23:43:03+00:00,BRD-0000004845-42,True
4846,459,H7,6,2025-11-05 07:01:50+00:00,BRD-0000004846-74,True
4847,60,D14,3,2025-07-03 16:28:22+00:00,BRD-0000004847-10,True
4848,136,C7,2,2026-02-02 19:31:20+00:00,BRD-0000004848-55,False
4849,207,D10,5,2026-05-03 23:53:43+00:00,BRD-0000004849-24,True
4850,695,G1,2,2025-08-10 11:21:52+00:00,BRD-0000004850-10,True
4851,554,A5,1,2025-08-09 11:11:58+00:00,BRD-0000004851-89,True
4852,797,C15,2,2025-12-03 13:20:36+00:00,BRD-0000004852-37,True
4853,698,A3,4,2026-03-17 19:49:48+00:00,BRD-0000004853-61,True
4854,162,H8,3,2025-10-23 00:06:48+00:00,BRD-0000004854-23,False
4855,82,E13,4,2025-06-29 19:58:03+00:00,BRD-0000004855-28,True
4856,58,G24,4,2025-08-29 15:10:19+00:00,BRD-0000004856-85,True
4857,393,E7,1,2026-03-31 22:48:45+00:00,BRD-0000004857-80,False
4858,526,H10,2,2026-03-13 00:30:14+00:00,BRD-0000004858-55,False
4859,45,C24,3,2025-09-19 03:00:43+00:00,BRD-0000004859-22,False
4860,181,H22,5,2025-10-04 18:45:36+00:00,BRD-0000004860-82,True
4861,41,C17,4,2025-08-23 06:31:11+00:00,BRD-0000004861-31,False
4862,894,E15,3,2026-03-06 11:56:27+00:00,BRD-0000004862-95,True
4863,215,G6,4,2025-09-26 11:34:09+00:00,BRD-0000004863-31,True
4864,946,H10,4,2026-04-14 03:36:01+00:00,BRD-0000004864-87,False
4865,763,F14,1,2026-02-12 15:55:01+00:00,BRD-0000004865-89,True
4866,246,D21,1,2025-06-13 13:59:06+00:00,BRD-0000004866-75,True
4867,225,G26,5,2025-09-26 15:03:20+00:00,BRD-0000004867-54,True
4868,167,H16,6,2026-05-17 16:28:02+00:00,BRD-0000004868-17,True
4869,475,F20,1,2025-12-15 21:26:00+00:00,BRD-0000004869-18,True
4870,856,H11,2,2025-07-31 20:38:59+00:00,BRD-0000004870-68,True
4871,875,F17,5,2025-07-22 20:04:12+00:00,BRD-0000004871-77,True
4872,977,C22,4,2026-04-02 13:24:27+00:00,BRD-0000004872-41,True
4873,941,A20,1,2025-10-27 06:52:49+00:00,BRD-0000004873-81,True
4874,789,H13,6,2025-07-03 00:49:41+00:00,BRD-0000004874-33,True
4875,677,B18,3,2026-02-28 08:40:14+00:00,BRD-0000004875-78,False
4876,953,F22,2,2025-10-25 20:30:00+00:00,BRD-0000004876-65,True
4877,357,F18,2,2025-10-21 18:05:11+00:00,BRD-0000004877-25,True
4878,687,D5,4,2025-06-06 20:21:06+00:00,BRD-0000004878-77,True
4879,371,C28,3,2026-01-10 22:13:15+00:00,BRD-0000004879-63,True
4880,999,H29,5,2026-04-08 14:39:56+00:00,BRD-0000004880-56,True
4881,892,F14,4,2026-03-05 19:19:00+00:00,BRD-0000004881-75,True
4882,444,B25,1,2025-12-13 15:23:53+00:00,BRD-0000004882-29,True
4883,691,C24,2,2025-11-04 02:32:12+00:00,BRD-0000004883-94,False
4884,246,H19,2,2026-02-08 19:14:33+00:00,BRD-0000004884-91,True
4885,768,H21,3,2026-06-03 09:23:21+00:00,BRD-0000004885-34,True
4886,699,B17,2,2025-07-15 04:31:15+00:00,BRD-0000004886-41,True
4887,942,G5,5,2026-05-09 19:44:38+00:00,BRD-0000004887-30,True
4888,675,H19,4,2025-08-09 19:55:50+00:00,BRD-0000004888-84,True
4889,351,C18,3,2026-03-20 22:41:20+00:00,BRD-0000004889-79,True
4890,274,G7,6,2026-03-04 05:23:05+00:00,BRD-0000004890-43,True
4891,268,B28,6,2026-05-28 17:30:56+00:00,BRD-0000004891-55,True
4892,919,B25,3,2025-12-31 01:29:26+00:00,BRD-0000004892-63,True
4893,152,D11,5,2026-05-03 15:39:04+00:00,BRD-0000004893-13,True
4894,527,E11,3,2026-04-07 09:23:52+00:00,BRD-0000004894-54,False
4895,675,D28,5,2025-09-17 21:22:22+00:00,BRD-0000004895-93,True
4896,124,D27,3,2026-05-24 19:33:44+00:00,BRD-0000004896-83,True
4897,898,E25,5,2026-05-12 06:51:15+00:00,BRD-0000004897-53,False
4898,673,H20,4,2025-09-08 04:15:43+00:00,BRD-0000004898-42,True
4899,308,F10,6,2026-05-07 00:12:07+00:00,BRD-0000004899-73,True
4900,103,B6,3,2025-12-09 10:13:22+00:00,BRD-0000004900-99,False
4901,328,A11,4,2025-08-27 11:34:27+00:00,BRD-0000004901-79,True
4902,648,H3,3,2025-07-27 12:17:06+00:00,BRD-0000004902-65,True
4903,990,D27,4,2025-07-16 01:44:13+00:00,BRD-0000004903-41,True
4904,275,C29,1,2026-03-26 20:08:51+00:00,BRD-0000004904-83,True
4905,987,H21,4,2025-10-03 21:11:51+00:00,BRD-0000004905-17,True
4906,56,A3,6,2025-12-05 15:01:13+00:00,BRD-0000004906-77,True
4907,291,G17,4,2026-05-29 06:17:31+00:00,BRD-0000004907-43,False
4908,449,G7,3,2025-06-28 00:28:54+00:00,BRD-0000004908-52,False
4909,481,E26,3,2025-11-09 12:56:28+00:00,BRD-0000004909-86,True
4910,948,A15,6,2025-07-24 03:02:04+00:00,BRD-0000004910-78,False
4911,724,C14,3,2025-07-21 18:58:59+00:00,BRD-0000004911-78,False
4912,468,H22,6,2025-11-16 16:31:06+00:00,BRD-0000004912-49,True
4913,594,G24,6,2026-01-09 04:57:04+00:00,BRD-0000004913-23,False
4914,351,C22,4,2026-01-27 22:51:51+00:00,BRD-0000004914-60,False
4915,220,A3,5,2026-02-26 11:42:58+00:00,BRD-0000004915-68,True
4916,532,C18,1,2025-12-24 10:17:56+00:00,BRD-0000004916-38,True
4917,877,H16,2,2025-09-01 10:31:51+00:00,BRD-0000004917-28,True
4918,247,C13,2,2025-09-03 00:41:57+00:00,BRD-0000004918-34,False
4919,151,F9,5,2026-04-27 14:33:04+00:00,BRD-0000004919-90,True
4920,497,F27,3,2026-05-27 02:49:00+00:00,BRD-0000004920-37,False
4921,22,E24,6,2026-02-21 04:19:48+00:00,BRD-0000004921-29,False
4922,351,C4,3,2025-11-15 04:00:51+00:00,BRD-0000004922-68,True
4923,792,B25,5,2026-04-07 14:13:12+00:00,BRD-0000004923-41,True
4924,221,E25,6,2026-04-30 04:22:04+00:00,BRD-0000004924-87,True
4925,774,A11,2,2025-06-21 12:46:05+00:00,BRD-0000004925-87,False
4926,268,G18,5,2025-12-20 08:47:42+00:00,BRD-0000004926-57,True
4927,658,F3,4,2026-05-31 16:41:21+00:00,BRD-0000004927-16,False
4928,683,E18,3,2026-05-31 16:26:44+00:00,BRD-0000004928-76,True
4929,484,H13,5,2026-05-13 08:36:53+00:00,BRD-0000004929-12,False
4930,281,A18,3,2025-09-12 01:58:42+00:00,BRD-0000004930-90,True
4931,138,E14,2,2026-02-27 08:31:55+00:00,BRD-0000004931-95,True
4932,591,H28,4,2026-03-09 06:26:23+00:00,BRD-0000004932-92,True
4933,2,F6,6,2026-04-09 14:08:19+00:00,BRD-0000004933-40,True
4934,792,F20,3,2026-05-02 05:02:48+00:00,BRD-0000004934-92,False
4935,653,C23,2,2025-08-28 20:19:54+00:00,BRD-0000004935-61,True
4936,537,H20,2,2025-07-14 03:39:33+00:00,BRD-0000004936-43,True
4937,93,A30,3,2025-12-12 23:30:15+00:00,BRD-0000004937-34,False
4938,2,F13,1,2026-03-05 20:42:59+00:00,BRD-0000004938-59,True
4939,488,H12,2,2025-06-25 12:00:08+00:00,BRD-0000004939-81,True
4940,387,B6,3,2025-09-01 16:59:16+00:00,BRD-0000004940-33,True
4941,659,H26,4,2025-09-30 07:50:09+00:00,BRD-0000004941-70,True
4942,821,C22,1,2025-10-30 09:56:48+00:00,BRD-0000004942-31,True
4943,536,G2,6,2025-10-28 05:05:16+00:00,BRD-0000004943-77,True
4944,842,D22,1,2025-10-05 16:55:34+00:00,BRD-0000004944-85,False
4945,310,E2,2,2026-03-03 11:52:37+00:00,BRD-0000004945-16,True
4946,604,E8,5,2025-07-25 12:22:59+00:00,BRD-0000004946-67,True
4947,430,E5,5,2026-05-31 12:26:30+00:00,BRD-0000004947-12,True
4948,395,C25,1,2026-05-27 10:52:22+00:00,BRD-0000004948-11,True
4949,408,C5,4,2025-06-04 02:30:41+00:00,BRD-0000004949-29,False
4950,121,C4,6,2025-08-13 20:46:26+00:00,BRD-0000004950-99,True
4951,61,H6,2,2026-01-15 13:51:27+00:00,BRD-0000004951-40,False
4952,446,A4,5,2025-11-04 21:41:26+00:00,BRD-0000004952-40,True
4953,720,C5,3,2026-03-16 06:29:47+00:00,BRD-0000004953-77,True
4954,382,E5,3,2025-07-09 07:04:02+00:00,BRD-0000004954-77,True
4955,716,B12,6,2025-12-03 08:50:58+00:00,BRD-0000004955-48,True
4956,309,C16,1,2026-01-18 03:29:35+00:00,BRD-0000004956-42,True
4957,537,H8,1,2025-08-08 19:29:30+00:00,BRD-0000004957-57,True
4958,535,F30,2,2026-02-26 00:08:31+00:00,BRD-0000004958-38,True
4959,690,B28,3,2025-12-02 18:48:03+00:00,BRD-0000004959-78,True
4960,345,D25,6,2025-08-18 19:07:58+00:00,BRD-0000004960-53,True
4961,699,E26,2,2026-05-06 20:23:13+00:00,BRD-0000004961-56,True
4962,744,E2,2,2025-12-01 21:22:14+00:00,BRD-0000004962-62,True
4963,71,D30,5,2025-07-12 08:16:56+00:00,BRD-0000004963-26,True
4964,689,D27,5,2026-03-06 15:00:30+00:00,BRD-0000004964-60,False
4965,478,D7,5,2026-02-22 13:30:01+00:00,BRD-0000004965-77,True
4966,844,F9,6,2025-08-01 23:33:55+00:00,BRD-0000004966-89,True
4967,769,D20,6,2026-02-26 18:58:01+00:00,BRD-0000004967-58,True
4968,133,B29,1,2026-04-05 05:55:43+00:00,BRD-0000004968-79,True
4969,654,B12,4,2026-04-03 15:25:55+00:00,BRD-0000004969-34,False
4970,222,A11,4,2025-09-03 00:19:50+00:00,BRD-0000004970-74,True
4971,398,F22,1,2026-05-17 06:13:34+00:00,BRD-0000004971-54,False
4972,367,D8,4,2026-01-25 02:58:39+00:00,BRD-0000004972-80,True
4973,915,E23,1,2026-05-09 13:19:02+00:00,BRD-0000004973-38,True
4974,716,E6,3,2025-07-19 16:49:54+00:00,BRD-0000004974-24,True
4975,991,D3,4,2026-02-27 22:45:03+00:00,BRD-0000004975-15,False
4976,575,G30,4,2025-08-20 12:36:59+00:00,BRD-0000004976-48,True
4977,711,G25,1,2025-06-15 21:38:23+00:00,BRD-0000004977-47,False
4978,27,D18,2,2025-09-21 05:40:21+00:00,BRD-0000004978-19,False
4979,781,F17,5,2025-09-05 21:47:20+00:00,BRD-0000004979-91,True
4980,624,D1,3,2025-07-02 10:07:28+00:00,BRD-0000004980-26,True
4981,388,E17,3,2026-03-07 07:43:09+00:00,BRD-0000004981-58,True
4982,196,E24,2,2025-07-02 01:40:20+00:00,BRD-0000004982-81,True
4983,258,D3,5,2026-04-18 22:11:12+00:00,BRD-0000004983-67,False
4984,783,H14,3,2025-07-22 15:31:30+00:00,BRD-0000004984-14,False
4985,105,H17,6,2025-08-03 13:07:27+00:00,BRD-0000004985-69,True
4986,731,F11,3,2026-02-05 14:48:02+00:00,BRD-0000004986-57,True
4987,299,G16,6,2026-03-27 22:16:12+00:00,BRD-0000004987-36,False
4988,169,G10,1,2026-01-16 07:28:26+00:00,BRD-0000004988-93,True
4989,85,C1,6,2025-07-21 08:09:41+00:00,BRD-0000004989-71,True
4990,128,E6,5,2026-05-21 22:31:36+00:00,BRD-0000004990-39,False
4991,667,H3,6,2026-03-09 12:19:47+00:00,BRD-0000004991-37,True
4992,13,E7,5,2025-12-14 22:03:18+00:00,BRD-0000004992-85,True
4993,310,F12,2,2025-10-02 18:59:17+00:00,BRD-0000004993-51,True
4994,460,A20,6,2025-09-28 04:45:44+00:00,BRD-0000004994-73,True
4995,109,A20,5,2025-11-15 22:43:08+00:00,BRD-0000004995-27,True
4996,434,H10,2,2026-02-04 13:14:58+00:00,BRD-0000004996-55,True
4997,615,A15,2,2025-12-29 14:55:17+00:00,BRD-0000004997-25,True
4998,8,G3,3,2026-05-29 03:07:00+00:00,BRD-0000004998-55,False
4999,627,F29,2,2025-09-07 18:19:48+00:00,BRD-0000004999-26,True
5000,551,H5,4,2025-11-21 15:18:47+00:00,BRD-0000005000-59,True
