funcionario_id,voo_id,funcao,data_atribuicao,confirmado
4287,666,ENGENHEIRO_VOO,2025-09-25,True
1622,4200,COMISSARIO_CHEFE,2025-06-15,True
3151,2097,COMISSARIO,2025-10-03,True
402,998,COMISSARIO_CHEFE,2025-08-27,True
3842,4174,ENGENHEIRO_VOO,2026-01-06,False
1404,4748,COMISSARIO_CHEFE,2026-04-26,False
3625,3208,COPILOTO,2026-01-02,False
4359,4950,COPILOTO,2026-02-11,True
2587,3141,ENGENHEIRO_VOO,2026-05-20,True
4693,3368,COPILOTO,2026-02-26,False
4696,2715,MECANICO_BORDO,2025-11-15,True
3611,4490,ENGENHEIRO_VOO,2026-03-29,False
4613,3044,COMISSARIO,2025-10-08,True
4158,3192,COMANDANTE,2025-10-19,True
4875,1131,MECANICO_BORDO,2025-10-10,True
3149,2868,COPILOTO,2025-07-17,False
2844,2844,COMISSARIO,2026-05-04,True
3285,679,ENGENHEIRO_VOO,2025-06-07,True
1922,3707,MECANICO_BORDO,2025-11-01,True
873,104,COMISSARIO_CHEFE,2025-07-09,False
4682,2492,ENGENHEIRO_VOO,2025-06-30,True
899,2190,COMISSARIO,2025-11-17,False
3157,2743,ENGENHEIRO_VOO,2025-09-02,True
4991,46,MECANICO_BORDO,2026-01-06,True
3701,1026,ENGENHEIRO_VOO,2026-01-10,True
1648,2925,COMISSARIO_CHEFE,2025-09-21,True
3832,2723,COMISSARIO,2026-04-17,False
2790,745,ENGENHEIRO_VOO,2026-02-22,True
2755,1636,MECANICO_BORDO,2025-09-14,True
4479,1472,COMISSARIO_CHEFE,2026-01-12,True
4629,2801,COMANDANTE,2026-04-07,True
2929,727,COPILOTO,2026-04-11,True
4835,1368,COMISSARIO_CHEFE,2026-03-21,True
4499,3529,MECANICO_BORDO,2025-09-29,True
39,431,COMANDANTE,2025-07-17,True
4635,3395,COPILOTO,2025-09-05,True
368,4266,ENGENHEIRO_VOO,2026-02-09,True
1914,3214,COMISSARIO,2025-06-02,True
632,664,MECANICO_BORDO,2026-04-30,True
850,2297,COPILOTO,2025-08-09,False
1478,2945,MECANICO_BORDO,2025-09-21,True
4960,2554,MECANICO_BORDO,2026-04-27,True
434,446,MECANICO_BORDO,2026-01-21,False
381,789,MECANICO_BORDO,2026-05-22,True
4861,4858,COPILOTO,2025-08-20,True
3814,4101,COPILOTO,2025-11-28,True
3317,3635,MECANICO_BORDO,2026-02-26,True
3345,3310,COPILOTO,2025-07-24,True
1037,4678,COPILOTO,2026-05-12,True
776,2578,COMANDANTE,2026-03-28,False
1754,1036,COMISSARIO_CHEFE,2025-11-13,True
3622,2025,COMISSARIO_CHEFE,2025-07-10,True
3523,4908,COMANDANTE,2025-08-13,True
236,3419,ENGENHEIRO_VOO,2026-02-07,True
4673,2470,COMISSARIO,2026-01-04,False
4079,2558,COMISSARIO,2026-03-08,True
4173,1495,COMISSARIO,2026-02-15,True
74,1004,COPILOTO,2025-12-23,True
1989,4266,MECANICO_BORDO,2025-07-26,True
91,1243,COMANDANTE,2025-08-04,True
4330,4467,COMANDANTE,2025-12-06,True
1877,2200,COMISSARIO_CHEFE,2026-04-01,True
4514,1964,MECANICO_BORDO,2025-10-05,True
3240,791,COMISSARIO,2025-08-23,True
3217,2534,COPILOTO,2025-08-04,False
4168,2840,COMISSARIO_CHEFE,2026-03-03,True
101,4327,MECANICO_BORDO,2026-02-15,True
4270,3276,ENGENHEIRO_VOO,2026-04-29,True
4359,4525,ENGENHEIRO_VOO,2025-11-09,True
4344,3932,COMISSARIO_CHEFE,2026-03-03,True
312,4620,MECANICO_BORDO,2025-08-03,True
4614,1359,COPILOTO,2025-11-01,True
2202,2169,ENGENHEIRO_VOO,2026-05-04,False
3676,212,COPILOTO,2025-06-26,True
1192,1128,MECANICO_BORDO,2026-05-17,True
2390,2898,MECANICO_BORDO,2025-08-13,True
1017,348,COMANDANTE,2025-06-14,True
1841,3341,COMISSARIO_CHEFE,2026-04-04,True
3964,1276,MECANICO_BORDO,2025-10-06,True
878,1196,COMANDANTE,2025-11-17,True
4259,3448,COMISSARIO,2026-01-13,True
2218,1412,ENGENHEIRO_VOO,2025-06-20,True
2261,2878,COMISSARIO,2026-03-13,True
1997,3181,ENGENHEIRO_VOO,2026-03-13,True
1692,751,ENGENHEIRO_VOO,2025-11-21,True
4675,2907,MECANICO_BORDO,2025-11-03,False
901,1039,ENGENHEIRO_VOO,2025-09-26,True
2842,165,COMANDANTE,2025-11-29,True
3477,1192,COMISSARIO_CHEFE,2025-10-30,True
561,1370,ENGENHEIRO_VOO,2026-05-31,True
4803,1693,COMISSARIO_CHEFE,2026-05-27,True
1887,2168,MECANICO_BORDO,2026-02-14,True
814,4945,COMISSARIO,2025-11-24,True
3106,2924,ENGENHEIRO_VOO,2025-07-23,True
363,307,MECANICO_BORDO,2026-05-07,False
1789,4670,COMANDANTE,2026-02-02,True
2596,921,COPILOTO,2026-05-29,True
4197,3126,COPILOTO,2025-08-02,False
720,1188,COPILOTO,2025-09-28,True
4060,163,ENGENHEIRO_VOO,2025-10-14,True
3082,917,COPILOTO,2025-09-25,True
1808,882,COMISSARIO_CHEFE,2025-12-21,False
4776,2638,COMISSARIO_CHEFE,2025-10-01,False
650,3536,COMISSARIO,2025-11-03,True
400,3637,COPILOTO,2025-11-14,True
2713,1198,MECANICO_BORDO,2025-08-15,True
1086,4450,ENGENHEIRO_VOO,2025-06-10,True
116,1121,COMISSARIO,2025-12-28,True
1574,2792,COMISSARIO_CHEFE,2025-09-28,True
524,2074,COMISSARIO_CHEFE,2025-12-13,False
155,4541,COPILOTO,2025-08-28,True
4902,2263,COMISSARIO_CHEFE,2025-06-17,True
4794,1420,COMISSARIO_CHEFE,2026-02-18,True
4038,2227,COMANDANTE,2026-02-27,False
3523,1881,COMANDANTE,2025-07-07,False
4465,2841,ENGENHEIRO_VOO,2025-08-17,True
2156,928,COMISSARIO_CHEFE,2025-07-28,True
4358,3335,ENGENHEIRO_VOO,2025-07-02,True
4908,4490,COMISSARIO,2025-09-14,True
2962,4897,COMISSARIO,2025-07-28,True
2775,4789,COMISSARIO_CHEFE,2026-02-16,True
4866,4050,COMISSARIO_CHEFE,2025-08-14,False
458,957,COMISSARIO_CHEFE,2025-09-01,True
3944,756,ENGENHEIRO_VOO,2025-09-12,True
53,298,COMISSARIO_CHEFE,2026-04-09,True
4331,4980,COPILOTO,2025-10-10,True
986,2319,MECANICO_BORDO,2026-02-17,True
4718,4391,ENGENHEIRO_VOO,2026-04-02,True
2727,1952,COMISSARIO_CHEFE,2025-09-04,False
2021,936,COMISSARIO_CHEFE,2026-02-27,True
4065,11,COMISSARIO,2025-12-07,True
294,2128,COMISSARIO,2026-04-06,True
3593,3915,ENGENHEIRO_VOO,2025-10-22,True
671,4738,COMANDANTE,2025-06-07,True
491,3614,COPILOTO,2025-07-30,False
2552,2499,COMISSARIO,2026-03-07,True
4545,4021,ENGENHEIRO_VOO,2025-07-11,True
340,2785,COMISSARIO,2026-04-27,True
177,3250,ENGENHEIRO_VOO,2026-01-29,True
2128,2697,ENGENHEIRO_VOO,2025-06-02,True
4060,2005,MECANICO_BORDO,2025-09-01,True
3842,787,COMANDANTE,2025-07-29,True
1346,480,COPILOTO,2025-09-12,True
4477,4011,COMISSARIO_CHEFE,2026-05-15,True
2458,3630,COMISSARIO_CHEFE,2025-09-07,True
3431,1374,COMISSARIO_CHEFE,2025-07-09,False
2674,4454,ENGENHEIRO_VOO,2026-05-25,False
1779,2469,COPILOTO,2026-04-23,True
150,2787,COPILOTO,2025-09-02,True
2192,2520,COPILOTO,2025-08-30,True
1445,996,ENGENHEIRO_VOO,2025-07-29,False
790,1347,COPILOTO,2026-04-06,False
2301,2633,ENGENHEIRO_VOO,2026-02-02,True
2475,177,ENGENHEIRO_VOO,2025-08-10,True
2522,2771,ENGENHEIRO_VOO,2025-09-11,False
445,3155,MECANICO_BORDO,2026-03-21,False
3071,3614,ENGENHEIRO_VOO,2026-04-09,False
1352,3694,COMISSARIO,2026-02-27,True
735,3780,COMANDANTE,2025-10-07,True
2443,4374,ENGENHEIRO_VOO,2025-12-01,True
1650,3252,MECANICO_BORDO,2025-12-06,True
2951,2630,COMANDANTE,2026-01-03,True
1526,2648,ENGENHEIRO_VOO,2025-08-23,False
831,1788,COMANDANTE,2025-08-23,True
4516,4774,COMISSARIO_CHEFE,2026-05-23,True
2267,1887,COMISSARIO,2025-12-07,True
578,1986,COPILOTO,2026-01-17,True
2723,129,COMANDANTE,2025-09-06,True
3086,1617,COMANDANTE,2025-12-04,True
3918,1346,COMANDANTE,2025-06-03,True
3738,2256,ENGENHEIRO_VOO,2025-12-26,False
1847,1367,ENGENHEIRO_VOO,2025-11-03,True
4301,4186,COMANDANTE,2025-08-17,True
3959,3364,COMISSARIO,2025-12-17,False
2808,1357,COPILOTO,2026-03-16,False
2339,4652,COMISSARIO_CHEFE,2025-07-26,True
1692,1621,COMISSARIO_CHEFE,2026-01-15,True
2937,3477,ENGENHEIRO_VOO,2026-04-22,True
2620,3775,COMISSARIO_CHEFE,2025-12-29,True
506,3221,MECANICO_BORDO,2025-12-30,True
607,878,COMISSARIO,2025-10-15,True
1855,1644,COPILOTO,2026-06-02,False
863,3389,MECANICO_BORDO,2025-07-23,True
4168,1689,COMANDANTE,2026-05-17,False
3206,4351,COMISSARIO_CHEFE,2026-05-22,True
2116,3588,MECANICO_BORDO,2025-09-19,True
1199,2974,COMISSARIO,2026-02-08,True
829,2985,MECANICO_BORDO,2026-01-10,True
66,4830,COPILOTO,2026-05-12,False
1467,2480,COMANDANTE,2025-11-03,True
1444,866,COPILOTO,2026-04-21,True
1664,4228,MECANICO_BORDO,2025-11-25,True
33,971,COMANDANTE,2026-05-26,True
4128,1277,COMISSARIO_CHEFE,2026-03-12,False
1696,3090,MECANICO_BORDO,2025-08-09,True
2917,3986,COMANDANTE,2025-07-06,True
4689,3141,COPILOTO,2025-07-03,True
1685,3983,COMISSARIO_CHEFE,2025-07-08,False
2773,1231,COMISSARIO_CHEFE,2025-08-19,True
2461,4748,COMISSARIO,2025-08-08,True
1693,4815,MECANICO_BORDO,2025-06-02,True
1952,3735,COMANDANTE,2026-01-01,False
2538,132,COMISSARIO,2025-07-12,False
2067,4289,COPILOTO,2025-10-05,True
4217,3310,COMISSARIO_CHEFE,2025-09-08,False
839,3991,COMISSARIO_CHEFE,2025-07-31,True
969,4900,COMANDANTE,2025-11-04,True
1441,2181,COMANDANTE,2026-01-12,True
370,2060,MECANICO_BORDO,2026-03-22,False
794,1670,MECANICO_BORDO,2025-10-17,True
3699,820,COMISSARIO_CHEFE,2025-06-09,True
1457,85,COMANDANTE,2025-06-07,True
3821,180,COMANDANTE,2026-04-22,False
1366,167,COMISSARIO,2025-06-30,True
4184,2856,COMISSARIO_CHEFE,2026-04-08,True
4634,1655,ENGENHEIRO_VOO,2026-01-30,True
1941,4215,COMISSARIO_CHEFE,2026-02-25,False
1094,729,COMANDANTE,2025-11-15,False
246,617,MECANICO_BORDO,2025-12-18,True
1279,1814,ENGENHEIRO_VOO,2025-09-27,True
3985,3859,COMISSARIO_CHEFE,2026-05-03,True
3429,4781,COMISSARIO,2025-11-14,True
4289,4127,COMISSARIO,2025-12-28,True
1447,712,COMISSARIO,2025-12-04,False
1359,1552,COMISSARIO_CHEFE,2025-08-31,True
2943,4579,MECANICO_BORDO,2025-11-20,True
2244,4567,COMISSARIO,2026-03-20,True
2737,336,COMISSARIO_CHEFE,2025-10-09,True
3172,1494,COMANDANTE,2025-11-15,True
49,373,ENGENHEIRO_VOO,2026-04-18,False
1619,3455,COPILOTO,2025-07-06,True
4627,697,ENGENHEIRO_VOO,2025-11-11,True
3177,2804,COMISSARIO_CHEFE,2026-05-07,True
587,1505,MECANICO_BORDO,2026-01-04,True
4282,864,MECANICO_BORDO,2026-03-21,False
2720,191,MECANICO_BORDO,2025-07-19,True
1842,2015,ENGENHEIRO_VOO,2025-09-30,False
2705,3705,ENGENHEIRO_VOO,2026-05-30,True
4020,3873,ENGENHEIRO_VOO,2026-02-28,True
1788,3115,COMANDANTE,2025-08-16,True
619,949,COMISSARIO_CHEFE,2026-03-07,True
927,2674,COPILOTO,2026-02-03,True
2752,4302,MECANICO_BORDO,2025-11-29,True
123,2135,ENGENHEIRO_VOO,2026-02-10,True
2296,3991,COMISSARIO,2025-10-15,True
626,1374,MECANICO_BORDO,2025-09-08,True
640,2028,COPILOTO,2026-03-24,True
2655,856,MECANICO_BORDO,2025-11-29,True
3155,849,COPILOTO,2025-09-16,True
4117,4027,COMISSARIO_CHEFE,2025-06-04,True
4,937,MECANICO_BORDO,2025-07-19,True
1626,984,COMISSARIO_CHEFE,2026-03-04,False
1241,2126,ENGENHEIRO_VOO,2025-09-28,True
4565,2043,COMANDANTE,2025-06-20,True
769,2800,COMANDANTE,2025-10-24,True
4061,3040,ENGENHEIRO_VOO,2026-02-08,True
363,348,MECANICO_BORDO,2026-02-21,True
2857,1349,ENGENHEIRO_VOO,2025-07-24,True
2166,4699,COPILOTO,2026-05-16,True
4287,2217,COPILOTO,2025-10-11,True
3754,2134,COMISSARIO_CHEFE,2025-09-12,True
3425,3440,COMISSARIO_CHEFE,2025-08-27,True
3815,3966,COMANDANTE,2025-08-01,False
2333,259,ENGENHEIRO_VOO,2025-11-01,True
4970,2779,COPILOTO,2025-08-31,True
805,3642,MECANICO_BORDO,2025-10-21,True
4116,178,COMANDANTE,2026-04-27,False
4144,3233,COMISSARIO,2026-05-04,True
2665,2231,COMANDANTE,2025-06-22,True
2550,434,COMISSARIO,2026-05-09,False
1509,2027,COMISSARIO,2026-03-21,True
1114,4929,COPILOTO,2026-01-25,True
795,4118,COMISSARIO,2025-08-08,True
2357,912,COPILOTO,2025-11-16,False
931,1749,MECANICO_BORDO,2025-08-21,True
786,3085,COMISSARIO,2025-11-05,False
1836,4326,COPILOTO,2026-01-17,True
2020,155,COMISSARIO_CHEFE,2025-06-25,False
3773,3407,COMANDANTE,2026-04-23,False
2298,3551,COMISSARIO,2025-09-02,False
4132,2496,MECANICO_BORDO,2026-05-31,True
2827,32,COMISSARIO_CHEFE,2025-10-27,False
3493,4211,COMISSARIO,2025-12-31,True
1533,2644,ENGENHEIRO_VOO,2026-04-30,True
3022,452,COPILOTO,2025-06-20,True
1427,4474,COMISSARIO,2026-04-06,False
316,1132,COMISSARIO_CHEFE,2025-11-25,True
1845,948,ENGENHEIRO_VOO,2025-12-04,False
4009,4620,ENGENHEIRO_VOO,2026-04-24,True
4846,3832,COMISSARIO_CHEFE,2026-03-20,True
4135,2317,COMISSARIO_CHEFE,2026-03-21,False
3608,2672,MECANICO_BORDO,2025-10-29,True
4472,1470,COMANDANTE,2025-09-01,True
413,4171,MECANICO_BORDO,2025-06-12,True
268,1740,COPILOTO,2026-03-25,True
4816,3217,COMISSARIO_CHEFE,2026-02-27,True
1917,4160,COPILOTO,2025-08-28,True
4042,3103,COMISSARIO_CHEFE,2025-08-09,True
116,4039,ENGENHEIRO_VOO,2025-12-10,True
4336,2939,COMISSARIO_CHEFE,2025-07-17,True
3660,2316,COMISSARIO,2025-12-22,False
3576,4636,MECANICO_BORDO,2026-03-02,True
276,2651,COMISSARIO,2025-09-08,True
2591,1155,MECANICO_BORDO,2025-08-23,True
3006,4795,COPILOTO,2025-12-30,False
2955,3982,ENGENHEIRO_VOO,2026-03-10,False
2912,4309,COMANDANTE,2025-09-04,False
828,827,COPILOTO,2025-07-30,True
3643,2440,COMANDANTE,2025-11-25,True
1753,3645,COPILOTO,2025-10-14,True
2164,3056,COMANDANTE,2026-02-26,False
766,3385,COPILOTO,2025-06-05,True
1385,608,COPILOTO,2026-02-22,True
359,617,COMISSARIO,2025-11-20,True
851,4452,COMISSARIO,2026-02-09,True
633,966,MECANICO_BORDO,2025-06-18,True
4955,3044,COMISSARIO,2026-01-01,True
2339,33,MECANICO_BORDO,2026-04-12,True
2856,4771,MECANICO_BORDO,2025-11-08,True
3120,431,ENGENHEIRO_VOO,2025-06-08,True
1739,4420,COPILOTO,2025-09-22,True
3395,1782,COMISSARIO,2025-09-20,False
3437,4310,COMISSARIO,2025-08-04,True
2741,4071,MECANICO_BORDO,2026-01-29,True
3343,3282,MECANICO_BORDO,2025-11-28,True
1223,601,ENGENHEIRO_VOO,2025-11-05,True
1765,356,ENGENHEIRO_VOO,2025-06-04,True
1166,2453,COPILOTO,2025-08-23,False
3034,2958,COMISSARIO,2025-09-08,True
4116,3268,COMISSARIO_CHEFE,2025-11-12,True
4539,515,COMANDANTE,2025-07-11,True
1300,3863,COMISSARIO,2026-02-13,True
1827,1244,COMISSARIO_CHEFE,2025-06-30,True
2041,4523,ENGENHEIRO_VOO,2025-12-13,False
3718,869,COMANDANTE,2026-04-04,False
4047,1526,COPILOTO,2025-09-04,True
1780,892,COMISSARIO,2025-12-29,True
1701,40,MECANICO_BORDO,2025-11-04,True
1984,4906,COMISSARIO_CHEFE,2025-08-20,True
892,1183,COPILOTO,2026-03-07,True
457,1849,COMISSARIO,2026-03-10,False
4106,2065,COPILOTO,2025-10-16,True
3276,1725,MECANICO_BORDO,2026-05-20,True
135,4527,COPILOTO,2025-10-10,False
522,781,COPILOTO,2026-02-09,True
1887,504,COMANDANTE,2025-11-11,True
4441,724,COMISSARIO,2026-05-14,False
3382,4625,MECANICO_BORDO,2025-08-19,True
3775,4329,ENGENHEIRO_VOO,2025-07-09,True
865,4331,ENGENHEIRO_VOO,2025-10-17,True
2748,3097,COMISSARIO_CHEFE,2025-10-02,False
4670,3392,ENGENHEIRO_VOO,2026-04-29,True
1551,56,MECANICO_BORDO,2026-02-02,True
3536,4618,COPILOTO,2026-01-25,False
4747,4206,ENGENHEIRO_VOO,2026-05-15,False
3880,3215,COPILOTO,2026-05-31,True
707,874,COPILOTO,2025-08-15,False
1080,893,ENGENHEIRO_VOO,2025-06-12,True
3394,4725,ENGENHEIRO_VOO,2025-09-26,True
2960,2839,COMANDANTE,2025-07-02,True
3571,4274,MECANICO_BORDO,2026-03-31,True
450,256,COMANDANTE,2025-12-21,True
2790,3587,ENGENHEIRO_VOO,2025-10-29,True
4355,382,MECANICO_BORDO,2025-07-07,True
1398,3653,COMISSARIO,2026-03-30,True
2754,1345,COMISSARIO_CHEFE,2025-06-12,True
259,1888,COPILOTO,2026-04-14,True
954,4702,MECANICO_BORDO,2025-12-06,True
759,3541,MECANICO_BORDO,2026-05-22,True
385,3837,COMANDANTE,2026-02-11,False
4314,2563,COMISSARIO_CHEFE,2026-02-06,False
2595,4458,COMISSARIO_CHEFE,2026-03-29,True
3346,2368,COPILOTO,2026-05-28,True
418,4702,COMISSARIO,2025-10-27,True
1312,1662,COMANDANTE,2025-11-28,True
3984,1918,ENGENHEIRO_VOO,2025-08-10,False
2709,4073,ENGENHEIRO_VOO,2025-12-16,True
1537,1586,COMISSARIO,2025-06-25,True
3810,203,COMISSARIO,2026-01-26,True
3770,3009,COMANDANTE,2026-02-07,True
4387,1869,MECANICO_BORDO,2026-05-03,True
1174,2494,MECANICO_BORDO,2026-05-16,True
3330,2229,ENGENHEIRO_VOO,2025-10-10,False
1994,342,COMISSARIO_CHEFE,2025-06-21,True
1289,4365,COMANDANTE,2026-05-27,True
900,2035,COMISSARIO_CHEFE,2025-09-19,True
4328,3323,ENGENHEIRO_VOO,2026-04-08,True
4268,3953,COMISSARIO_CHEFE,2026-05-31,False
3483,2594,MECANICO_BORDO,2026-04-16,True
4635,1930,MECANICO_BORDO,2026-05-03,False
4995,2711,COMISSARIO,2026-01-03,True
418,2094,COPILOTO,2026-03-21,True
3370,4750,COPILOTO,2025-08-29,True
4913,4851,COMISSARIO,2025-11-24,True
3143,1961,COPILOTO,2025-06-29,False
4432,77,COPILOTO,2025-06-29,True
2842,551,COPILOTO,2026-02-20,True
4683,516,COMISSARIO,2025-07-28,True
3624,2991,COMISSARIO,2026-01-18,True
600,3220,COMISSARIO,2025-06-14,True
575,991,COMISSARIO,2026-03-03,True
1241,1670,COMANDANTE,2026-04-30,True
2877,2193,COMISSARIO,2025-10-25,True
1202,4060,COMANDANTE,2025-09-01,True
2639,2699,COPILOTO,2025-07-20,False
403,3375,COMANDANTE,2025-09-13,True
3918,2162,MECANICO_BORDO,2026-02-05,False
1050,4622,COMISSARIO_CHEFE,2025-11-27,True
1657,28,COPILOTO,2026-05-04,True
3172,1877,COMISSARIO_CHEFE,2026-01-07,True
64,2419,MECANICO_BORDO,2025-06-28,True
3208,4124,ENGENHEIRO_VOO,2025-09-30,True
1527,871,COMISSARIO,2025-08-30,False
1540,3534,COMISSARIO,2026-01-12,True
975,3345,COMANDANTE,2025-09-11,False
2537,1386,COMANDANTE,2025-07-27,True
1658,1053,COPILOTO,2025-10-09,True
1425,903,COMANDANTE,2026-03-14,True
642,3621,COMISSARIO,2025-12-06,True
1328,1949,COMISSARIO,2025-12-11,True
867,4434,COMISSARIO_CHEFE,2026-02-11,True
2883,694,COMISSARIO_CHEFE,2025-10-15,False
3544,3694,ENGENHEIRO_VOO,2026-04-23,True
2630,2459,COMISSARIO,2025-07-05,True
2488,351,MECANICO_BORDO,2025-08-25,True
4221,160,COMISSARIO,2025-12-20,True
2540,852,COMISSARIO,2026-05-08,True
2045,3633,COMANDANTE,2026-02-05,True
329,322,COMISSARIO_CHEFE,2026-03-07,True
2474,3715,COMISSARIO,2025-08-10,True
4329,4207,COPILOTO,2026-04-19,True
3034,733,COMISSARIO_CHEFE,2026-02-18,True
2876,2401,COMISSARIO,2026-05-02,True
3472,746,MECANICO_BORDO,2026-04-05,False
481,3204,COMISSARIO,2025-09-21,False
444,110,COMANDANTE,2025-09-21,True
588,1070,COPILOTO,2025-09-26,True
3610,3080,ENGENHEIRO_VOO,2025-08-03,True
1589,3601,COMANDANTE,2026-01-30,True
1847,607,MECANICO_BORDO,2025-08-31,False
4200,223,MECANICO_BORDO,2025-09-07,True
3054,2977,COMISSARIO_CHEFE,2026-04-10,True
1862,3846,MECANICO_BORDO,2026-04-13,True
1461,2515,ENGENHEIRO_VOO,2025-10-05,True
1603,78,COMISSARIO,2025-09-11,True
4417,677,COMISSARIO,2026-04-07,False
1912,2442,COMISSARIO,2025-11-07,True
4923,691,COPILOTO,2025-08-04,True
310,3695,COMISSARIO,2026-03-27,True
283,4709,COPILOTO,2025-11-10,True
3548,866,MECANICO_BORDO,2026-02-19,True
4985,765,COMISSARIO,2026-03-26,True
4777,3690,MECANICO_BORDO,2026-05-23,True
2711,4339,ENGENHEIRO_VOO,2026-05-18,False
3195,2336,COMISSARIO,2025-11-07,True
2450,1139,COMISSARIO_CHEFE,2025-10-24,True
3580,4705,ENGENHEIRO_VOO,2026-05-27,True
1597,2885,COMISSARIO,2026-04-05,True
1046,840,COPILOTO,2025-12-01,True
364,4692,COMANDANTE,2025-10-02,True
4312,2615,MECANICO_BORDO,2025-09-20,True
4032,1628,COPILOTO,2025-06-06,True
3015,4848,COMISSARIO_CHEFE,2025-07-07,True
2102,2905,COPILOTO,2025-11-29,True
4936,91,COMISSARIO,2026-05-12,True
670,3786,ENGENHEIRO_VOO,2025-08-05,True
659,4804,MECANICO_BORDO,2025-06-19,True
1369,4567,COMANDANTE,2026-01-23,False
768,3076,ENGENHEIRO_VOO,2025-09-30,True
1473,3544,MECANICO_BORDO,2025-09-20,True
4568,2248,MECANICO_BORDO,2025-06-03,False
2668,2232,MECANICO_BORDO,2025-09-01,True
2670,4116,COMISSARIO_CHEFE,2025-06-20,True
1646,615,COMISSARIO,2025-07-30,False
3932,3173,ENGENHEIRO_VOO,2026-04-20,True
3234,1674,COMANDANTE,2025-06-10,True
3238,4270,COPILOTO,2025-10-05,True
816,609,ENGENHEIRO_VOO,2025-10-17,False
217,2384,COPILOTO,2026-01-21,True
1125,2416,COMISSARIO_CHEFE,2025-09-20,True
122,883,MECANICO_BORDO,2026-05-18,True
3525,4676,COPILOTO,2025-07-25,True
2164,1342,MECANICO_BORDO,2026-05-15,True
4783,2780,COMISSARIO_CHEFE,2025-07-14,True
1586,3003,ENGENHEIRO_VOO,2025-09-30,True
115,1842,COMISSARIO_CHEFE,2025-07-13,True
2229,4548,ENGENHEIRO_VOO,2025-06-06,True
2712,1077,COMANDANTE,2025-11-10,True
2633,3489,COMANDANTE,2025-12-01,True
1603,1485,COPILOTO,2026-02-23,True
4178,2463,MECANICO_BORDO,2026-03-12,True
3428,3425,ENGENHEIRO_VOO,2026-01-13,False
2194,3958,COMANDANTE,2025-09-10,True
4050,237,COMISSARIO,2025-08-28,True
2533,4229,COMISSARIO_CHEFE,2025-08-15,True
2330,3885,ENGENHEIRO_VOO,2025-07-24,True
2291,2965,COMISSARIO,2025-06-24,False
3928,4080,COMISSARIO,2025-08-27,True
3962,2461,MECANICO_BORDO,2025-07-19,True
2090,44,COMANDANTE,2026-01-31,False
3288,4028,COMANDANTE,2025-06-05,False
1588,4881,MECANICO_BORDO,2026-04-01,True
3793,4202,COMISSARIO_CHEFE,2025-06-08,True
271,1686,ENGENHEIRO_VOO,2026-03-11,False
4686,211,COMANDANTE,2026-05-14,False
3630,4989,ENGENHEIRO_VOO,2025-11-01,True
3001,524,ENGENHEIRO_VOO,2026-02-06,True
1504,3835,COMISSARIO_CHEFE,2025-10-07,True
86,3484,MECANICO_BORDO,2025-07-31,True
2568,1846,ENGENHEIRO_VOO,2026-04-18,False
209,686,COMISSARIO,2025-08-15,True
3196,3779,COMANDANTE,2025-07-31,True
641,448,MECANICO_BORDO,2025-06-27,True
1668,3871,COMISSARIO_CHEFE,2025-07-09,True
1277,3616,COPILOTO,2025-08-29,True
4370,901,COPILOTO,2025-08-04,True
2435,1789,COMISSARIO_CHEFE,2025-09-05,True
1270,2989,MECANICO_BORDO,2025-06-07,True
1368,1822,COMISSARIO,2025-09-20,True
1196,355,COMANDANTE,2026-03-16,True
2865,389,COPILOTO,2025-08-05,False
4646,1863,MECANICO_BORDO,2025-09-28,True
1790,25,COMISSARIO_CHEFE,2025-09-29,True
2896,4593,COPILOTO,2026-03-08,True
2072,3250,COMANDANTE,2025-06-29,True
2413,1728,COMISSARIO_CHEFE,2025-09-18,False
3384,4312,COMISSARIO_CHEFE,2026-01-10,True
2470,1384,COPILOTO,2025-07-11,True
2093,861,ENGENHEIRO_VOO,2025-11-24,True
736,1124,MECANICO_BORDO,2025-07-15,True
614,70,MECANICO_BORDO,2025-12-11,True
3649,3777,ENGENHEIRO_VOO,2026-01-14,False
3480,1675,COPILOTO,2025-08-13,True
2790,3696,ENGENHEIRO_VOO,2026-02-02,True
2146,1895,COPILOTO,2025-08-19,True
3834,4964,MECANICO_BORDO,2025-09-03,True
2328,497,COPILOTO,2026-02-09,True
604,4544,COMANDANTE,2026-01-19,True
2179,4909,ENGENHEIRO_VOO,2026-03-06,False
4152,4573,COMANDANTE,2025-08-28,False
945,1609,MECANICO_BORDO,2026-01-26,False
553,511,COMANDANTE,2026-01-15,True
2213,3787,ENGENHEIRO_VOO,2025-07-23,True
3342,519,COMISSARIO_CHEFE,2026-03-08,True
1747,2923,COMANDANTE,2026-04-05,True
673,1558,MECANICO_BORDO,2025-10-23,True
2874,2850,COPILOTO,2025-08-19,True
577,4356,MECANICO_BORDO,2025-10-23,True
911,535,COPILOTO,2026-05-28,True
2520,4602,MECANICO_BORDO,2026-03-22,False
4638,4878,ENGENHEIRO_VOO,2026-01-01,True
3924,346,MECANICO_BORDO,2025-07-12,True
46,3511,COPILOTO,2025-11-01,True
1093,1573,COPILOTO,2025-07-09,True
3599,2433,MECANICO_BORDO,2026-04-14,True
495,4041,ENGENHEIRO_VOO,2026-01-16,True
2243,1035,COMISSARIO_CHEFE,2026-03-27,True
1725,1913,COPILOTO,2025-08-06,True
752,3636,MECANICO_BORDO,2026-04-24,True
4415,3229,COMISSARIO,2025-06-08,False
4960,2991,MECANICO_BORDO,2026-04-05,True
2124,1219,COPILOTO,2025-08-15,True
2990,837,MECANICO_BORDO,2025-11-11,True
3755,243,MECANICO_BORDO,2025-10-20,False
1847,3807,COMISSARIO_CHEFE,2026-01-04,False
4493,1077,MECANICO_BORDO,2025-09-16,True
1526,4104,COMISSARIO,2025-07-16,True
1688,2012,COPILOTO,2026-03-16,True
936,3079,COPILOTO,2025-06-23,True
3070,455,COMISSARIO,2026-05-23,False
4983,1740,COMANDANTE,2025-11-27,True
3319,3872,COPILOTO,2025-10-18,True
175,4896,COMISSARIO_CHEFE,2025-07-22,True
3061,1604,ENGENHEIRO_VOO,2025-12-21,True
1803,652,ENGENHEIRO_VOO,2026-01-30,True
3096,1921,MECANICO_BORDO,2025-07-04,True
3835,209,MECANICO_BORDO,2026-03-14,True
929,4454,ENGENHEIRO_VOO,2026-02-14,True
1191,687,ENGENHEIRO_VOO,2026-04-20,True
3304,4896,MECANICO_BORDO,2025-06-27,True
1956,3723,ENGENHEIRO_VOO,2026-02-06,True
4841,4202,COMANDANTE,2025-11-16,True
2297,929,COMANDANTE,2026-03-31,True
2851,4787,MECANICO_BORDO,2026-05-19,True
2850,166,COMISSARIO,2026-03-25,True
3023,1572,COPILOTO,2025-07-29,False
4516,3890,COMISSARIO_CHEFE,2025-11-05,True
1518,163,ENGENHEIRO_VOO,2025-07-16,True
3331,1951,COMANDANTE,2026-04-14,True
3589,4723,ENGENHEIRO_VOO,2025-07-15,True
1083,3191,COMANDANTE,2025-12-06,True
1086,2358,COMISSARIO_CHEFE,2025-07-05,False
3874,3773,ENGENHEIRO_VOO,2026-02-17,False
3062,3765,COMANDANTE,2025-08-26,True
2602,2259,COMISSARIO_CHEFE,2025-07-26,False
2314,1683,COPILOTO,2026-05-05,True
4857,3903,MECANICO_BORDO,2025-08-04,False
2079,1958,COPILOTO,2026-03-03,True
2150,3743,MECANICO_BORDO,2025-08-16,True
360,4057,MECANICO_BORDO,2025-08-19,True
2111,4135,ENGENHEIRO_VOO,2026-03-07,True
3148,202,COMISSARIO,2025-07-03,True
2327,3285,COPILOTO,2025-11-14,True
153,4535,COPILOTO,2025-12-14,True
1574,2035,ENGENHEIRO_VOO,2025-12-30,True
4580,344,COMISSARIO_CHEFE,2025-12-21,True
2377,2068,COMISSARIO_CHEFE,2025-10-22,True
4401,4106,ENGENHEIRO_VOO,2025-07-18,True
3306,3200,COPILOTO,2026-02-19,True
3185,2059,MECANICO_BORDO,2025-07-19,True
3597,1378,COPILOTO,2025-11-04,False
1942,3138,COMISSARIO,2025-08-19,True
2690,1499,COMANDANTE,2025-07-29,True
1641,907,MECANICO_BORDO,2025-11-29,True
1210,1370,COMISSARIO_CHEFE,2025-07-10,True
2518,528,ENGENHEIRO_VOO,2025-10-22,True
2895,3149,MECANICO_BORDO,2025-09-27,False
3612,2524,COPILOTO,2026-02-18,True
1348,70,COMISSARIO,2026-01-29,True
3441,588,COMANDANTE,2025-07-24,True
976,1888,COMISSARIO_CHEFE,2026-04-19,True
4867,2017,COMANDANTE,2025-12-04,True
1284,3385,COPILOTO,2025-11-07,True
1259,1109,ENGENHEIRO_VOO,2026-01-30,True
854,2212,COMISSARIO_CHEFE,2025-10-01,True
2997,3079,MECANICO_BORDO,2025-07-16,True
2559,1144,COMANDANTE,2025-11-01,True
3823,1219,ENGENHEIRO_VOO,2026-03-29,True
4090,1602,COMISSARIO,2025-06-17,True
2619,2170,COMISSARIO,2025-08-23,True
1790,4382,COMISSARIO_CHEFE,2025-10-18,True
3995,4256,COMANDANTE,2025-06-12,True
2847,1612,COPILOTO,2025-06-24,True
334,959,COMANDANTE,2025-12-18,True
2722,4636,COMISSARIO_CHEFE,2026-03-21,True
2388,2199,COPILOTO,2026-03-02,True
1616,1394,COMANDANTE,2026-04-22,True
2250,3943,COMISSARIO,2025-11-04,True
680,765,COMISSARIO,2026-01-12,True
4196,2881,COPILOTO,2025-12-03,True
718,400,COMISSARIO_CHEFE,2025-09-28,True
114,3696,COMISSARIO,2025-09-25,True
2509,820,COPILOTO,2025-11-18,True
2638,2254,ENGENHEIRO_VOO,2025-07-24,True
1431,759,MECANICO_BORDO,2025-10-24,True
3951,1556,MECANICO_BORDO,2025-11-17,True
1221,1769,COMISSARIO,2025-10-06,True
2771,2522,ENGENHEIRO_VOO,2025-08-15,True
1597,2656,ENGENHEIRO_VOO,2025-07-23,True
983,4574,MECANICO_BORDO,2026-03-01,True
675,1138,COPILOTO,2025-06-14,True
1256,4400,ENGENHEIRO_VOO,2025-08-25,True
1350,828,COPILOTO,2025-12-19,True
1582,2815,COMISSARIO_CHEFE,2025-09-18,False
2383,482,COMISSARIO,2025-08-24,False
328,4829,MECANICO_BORDO,2026-02-15,True
3578,4780,ENGENHEIRO_VOO,2025-10-13,True
4035,3843,COMISSARIO_CHEFE,2025-09-13,True
1617,2176,COMANDANTE,2025-06-09,True
263,4277,COMISSARIO_CHEFE,2026-01-07,True
1467,3625,COMISSARIO_CHEFE,2025-11-20,True
687,4144,ENGENHEIRO_VOO,2025-09-15,True
1032,4319,COMANDANTE,2026-04-14,True
353,344,COMANDANTE,2025-09-01,True
3249,654,COMANDANTE,2025-09-20,True
591,4761,COMISSARIO,2025-09-27,True
4931,1343,COMISSARIO_CHEFE,2025-07-06,True
2460,3663,ENGENHEIRO_VOO,2025-11-27,True
1975,2721,COPILOTO,2026-04-20,False
3475,1468,COPILOTO,2025-12-30,True
718,372,COMANDANTE,2025-12-15,True
4651,1681,MECANICO_BORDO,2026-03-19,True
60,3354,COMISSARIO_CHEFE,2026-04-30,True
572,4813,MECANICO_BORDO,2026-02-09,False
2093,215,MECANICO_BORDO,2025-06-07,True
1992,1805,ENGENHEIRO_VOO,2025-06-20,True
650,3605,COMANDANTE,2026-04-24,False
94,3054,MECANICO_BORDO,2025-12-07,True
2116,3606,MECANICO_BORDO,2025-06-29,False
1294,1328,ENGENHEIRO_VOO,2026-05-08,True
2714,800,ENGENHEIRO_VOO,2026-05-24,True
189,56,COMISSARIO_CHEFE,2026-03-09,True
1871,1780,COMISSARIO,2026-01-24,True
4469,1422,COMISSARIO,2026-05-17,True
625,3703,COMISSARIO_CHEFE,2025-08-12,True
4563,3960,COPILOTO,2025-06-29,True
1809,3456,ENGENHEIRO_VOO,2025-06-10,True
3075,2716,COMISSARIO,2026-04-25,True
2063,4312,MECANICO_BORDO,2025-11-24,True
4096,795,COPILOTO,2025-07-11,True
3177,3710,COMISSARIO,2025-09-08,True
782,1730,MECANICO_BORDO,2026-04-22,True
3597,3564,COMANDANTE,2026-01-29,True
4390,573,COMISSARIO,2025-07-01,True
3213,3035,ENGENHEIRO_VOO,2026-03-25,True
3584,4610,ENGENHEIRO_VOO,2026-05-22,False
712,4919,MECANICO_BORDO,2026-03-19,True
4114,1840,ENGENHEIRO_VOO,2026-05-22,True
2599,696,MECANICO_BORDO,2025-12-29,True
1961,4633,COPILOTO,2025-07-30,True
1749,3089,COPILOTO,2026-03-08,True
2245,719,MECANICO_BORDO,2025-08-21,True
3672,1334,ENGENHEIRO_VOO,2026-05-24,True
1134,4567,COMISSARIO,2025-12-26,False
191,257,COMISSARIO_CHEFE,2025-11-09,False
3492,1362,COMISSARIO_CHEFE,2026-02-12,False
1519,2086,COMISSARIO,2025-06-17,True
2858,4059,ENGENHEIRO_VOO,2026-03-10,False
2666,2537,COMISSARIO_CHEFE,2026-05-03,True
1998,4366,ENGENHEIRO_VOO,2025-09-12,False
1967,769,ENGENHEIRO_VOO,2025-08-01,True
2495,1777,COMISSARIO,2026-02-21,True
1450,35,COPILOTO,2025-06-24,True
51,2108,MECANICO_BORDO,2026-05-15,True
1420,2212,COMISSARIO,2025-06-29,True
4035,4094,COMANDANTE,2026-05-24,True
2692,4611,MECANICO_BORDO,2026-03-08,True
4194,4185,COMANDANTE,2026-01-09,True
3926,1904,ENGENHEIRO_VOO,2025-06-22,True
3515,805,ENGENHEIRO_VOO,2026-05-20,True
3724,4067,COMANDANTE,2025-06-10,True
1286,4902,COMISSARIO_CHEFE,2025-11-10,True
3341,1220,COPILOTO,2026-03-30,True
2150,296,COPILOTO,2026-03-28,True
1753,4278,ENGENHEIRO_VOO,2026-01-24,True
2459,1288,COPILOTO,2025-10-05,False
2923,4724,COPILOTO,2026-03-19,True
3019,1319,COMANDANTE,2026-05-23,True
2683,4459,COMISSARIO,2025-09-27,False
1256,327,ENGENHEIRO_VOO,2025-12-10,True
26,1906,COPILOTO,2026-04-02,True
3709,1837,COMISSARIO_CHEFE,2026-04-06,True
2691,4278,COMISSARIO_CHEFE,2026-04-08,True
4559,4822,COMISSARIO,2025-09-01,True
4137,3907,COMISSARIO_CHEFE,2026-01-19,True
4665,4291,MECANICO_BORDO,2025-09-28,True
2142,4900,COMISSARIO_CHEFE,2026-05-17,True
114,3726,COMISSARIO,2025-06-25,True
159,495,COMISSARIO_CHEFE,2025-10-27,True
3643,1179,COMANDANTE,2025-07-06,False
3271,1657,COMANDANTE,2025-11-17,True
712,3593,COPILOTO,2025-09-26,True
2317,1164,COMANDANTE,2025-12-21,False
1784,1818,ENGENHEIRO_VOO,2025-07-15,True
2270,3821,COMANDANTE,2026-04-25,True
3665,642,COPILOTO,2025-12-17,True
2348,3486,COPILOTO,2025-12-17,True
1345,1195,ENGENHEIRO_VOO,2026-01-14,True
935,3894,MECANICO_BORDO,2025-12-13,True
4277,4479,COPILOTO,2026-03-18,True
3891,1317,COMISSARIO,2025-11-26,True
2847,1969,MECANICO_BORDO,2025-09-16,False
2801,402,ENGENHEIRO_VOO,2025-08-28,True
3001,2273,MECANICO_BORDO,2025-07-12,True
2143,2232,COMISSARIO_CHEFE,2025-10-01,True
1609,2722,COMANDANTE,2025-12-02,True
3044,1520,COMISSARIO_CHEFE,2025-11-25,True
869,313,COPILOTO,2026-02-13,True
492,2008,COMISSARIO,2026-02-04,True
3121,2952,MECANICO_BORDO,2025-08-02,True
693,3750,COPILOTO,2025-08-19,True
4366,4365,COMISSARIO_CHEFE,2026-01-02,True
2964,4476,MECANICO_BORDO,2025-10-19,True
2977,2232,COMANDANTE,2025-07-26,False
1945,4414,MECANICO_BORDO,2026-03-21,True
1971,3340,MECANICO_BORDO,2025-07-04,False
107,2444,MECANICO_BORDO,2025-08-18,True
3238,1365,COMISSARIO,2025-08-09,True
316,3650,COPILOTO,2026-01-21,True
3258,3449,COMISSARIO_CHEFE,2025-06-29,False
528,2328,COPILOTO,2025-06-16,True
1448,1519,COMISSARIO_CHEFE,2026-05-01,True
956,1586,MECANICO_BORDO,2025-11-05,True
4126,2460,MECANICO_BORDO,2026-05-27,True
4656,3953,MECANICO_BORDO,2025-11-04,True
2355,3347,ENGENHEIRO_VOO,2026-01-26,False
1099,3210,MECANICO_BORDO,2026-01-18,True
736,2611,COMISSARIO,2025-09-26,True
4248,1800,COPILOTO,2025-12-03,False
409,4643,COMANDANTE,2025-10-09,True
4619,1308,COMANDANTE,2026-01-29,True
679,1655,ENGENHEIRO_VOO,2025-09-04,True
364,1888,MECANICO_BORDO,2026-03-14,True
3097,1009,COMISSARIO_CHEFE,2026-03-23,True
3605,4699,COMISSARIO,2026-04-11,False
1393,475,ENGENHEIRO_VOO,2026-05-23,False
2378,2958,COMISSARIO_CHEFE,2025-11-24,True
268,2306,COMISSARIO,2025-12-01,False
1127,2380,COMISSARIO_CHEFE,2026-02-09,False
4018,2405,COMISSARIO_CHEFE,2025-12-01,False
210,2044,COMISSARIO_CHEFE,2025-10-14,True
2940,1531,MECANICO_BORDO,2025-11-26,False
391,2476,ENGENHEIRO_VOO,2025-08-14,True
3696,3931,COMISSARIO,2025-06-24,True
618,3536,MECANICO_BORDO,2025-10-20,True
3964,1985,COMISSARIO,2026-01-12,True
4539,4778,COPILOTO,2025-10-30,False
4378,4338,ENGENHEIRO_VOO,2026-03-28,False
2302,2113,COMANDANTE,2025-07-26,True
1755,2080,ENGENHEIRO_VOO,2026-05-21,True
262,2202,MECANICO_BORDO,2025-07-01,False
4931,3520,COPILOTO,2026-02-24,True
3536,4527,MECANICO_BORDO,2026-03-21,False
600,657,MECANICO_BORDO,2026-05-01,True
4419,2636,COMISSARIO_CHEFE,2025-06-05,True
2651,679,ENGENHEIRO_VOO,2026-05-09,True
242,3231,COPILOTO,2025-09-08,True
2958,3514,COMISSARIO_CHEFE,2025-12-06,True
4608,4913,COMISSARIO_CHEFE,2026-05-29,True
858,4358,COMISSARIO,2025-12-05,True
703,3068,COPILOTO,2025-07-12,True
4198,586,ENGENHEIRO_VOO,2025-11-15,True
929,1036,COMISSARIO_CHEFE,2026-02-19,True
2937,3729,COMISSARIO_CHEFE,2026-04-25,True
4509,2578,MECANICO_BORDO,2026-04-27,True
3529,1487,ENGENHEIRO_VOO,2025-12-07,True
2243,2346,COMANDANTE,2026-05-14,False
1974,2693,MECANICO_BORDO,2025-08-05,False
3178,3649,ENGENHEIRO_VOO,2025-11-07,True
3917,2804,COMISSARIO_CHEFE,2026-03-09,True
4167,1134,COPILOTO,2025-08-30,True
1439,833,COMISSARIO,2025-09-03,True
2290,3163,MECANICO_BORDO,2026-05-18,True
2230,1373,MECANICO_BORDO,2025-07-25,True
3257,202,COMANDANTE,2026-03-29,True
2655,319,COMISSARIO,2026-05-31,True
4343,1270,MECANICO_BORDO,2026-04-22,False
1894,916,MECANICO_BORDO,2025-09-26,True
367,44,MECANICO_BORDO,2025-12-29,False
1453,4894,ENGENHEIRO_VOO,2025-08-03,True
1021,4096,COPILOTO,2025-12-07,True
1709,771,COMISSARIO_CHEFE,2025-07-22,True
2477,177,MECANICO_BORDO,2025-07-18,True
3795,1466,COPILOTO,2025-06-15,False
4564,1494,COPILOTO,2025-10-09,True
702,2765,COMANDANTE,2025-12-22,False
3495,3600,COMISSARIO,2025-11-01,False
2102,4731,MECANICO_BORDO,2025-12-28,True
1353,1899,COMISSARIO,2025-08-16,False
3293,3565,COMISSARIO_CHEFE,2025-06-21,True
2843,3158,COMANDANTE,2025-12-13,True
1867,3080,COMISSARIO_CHEFE,2025-07-21,True
3410,4772,COMISSARIO_CHEFE,2025-11-02,True
972,2082,COMISSARIO,2026-03-03,True
3737,2782,COMANDANTE,2025-06-15,True
2485,1915,COMISSARIO_CHEFE,2025-07-10,True
4835,612,ENGENHEIRO_VOO,2026-05-19,True
731,2939,ENGENHEIRO_VOO,2025-10-13,True
4728,494,COPILOTO,2025-10-16,True
734,2997,MECANICO_BORDO,2025-10-19,True
3803,683,COMANDANTE,2026-05-21,True
1778,696,COMISSARIO,2025-06-15,True
1769,969,COMANDANTE,2025-07-06,False
2304,328,COMISSARIO,2025-10-21,True
2214,3604,COMISSARIO_CHEFE,2026-02-27,True
1025,4875,COPILOTO,2026-04-12,True
33,4635,COMISSARIO,2025-10-05,True
563,896,COMANDANTE,2026-05-30,True
4073,1084,COMANDANTE,2026-03-25,True
1894,294,MECANICO_BORDO,2025-08-23,True
4778,1131,COPILOTO,2025-12-17,True
632,3293,COPILOTO,2026-05-28,True
4495,3460,ENGENHEIRO_VOO,2025-10-01,False
4630,1634,COPILOTO,2025-08-21,True
4742,327,COMANDANTE,2025-07-15,True
4103,3874,COMANDANTE,2026-05-13,True
2599,3278,ENGENHEIRO_VOO,2026-01-31,True
4156,4880,ENGENHEIRO_VOO,2026-01-27,False
4160,64,COPILOTO,2025-08-15,False
2304,4467,ENGENHEIRO_VOO,2025-09-27,True
3779,3821,MECANICO_BORDO,2025-12-17,True
4095,1893,MECANICO_BORDO,2025-10-26,True
1574,4072,MECANICO_BORDO,2026-02-12,True
2833,4995,COMISSARIO,2026-05-05,True
4683,2277,ENGENHEIRO_VOO,2025-09-29,True
1165,1766,ENGENHEIRO_VOO,2026-05-29,True
3433,733,MECANICO_BORDO,2026-03-07,False
4013,3069,COMANDANTE,2025-12-10,True
2366,312,ENGENHEIRO_VOO,2026-02-16,True
859,2970,COMANDANTE,2025-10-27,False
3967,2762,COMISSARIO_CHEFE,2026-03-10,True
3597,209,COMANDANTE,2026-01-27,True
4240,792,MECANICO_BORDO,2025-11-06,True
1053,3193,COMISSARIO_CHEFE,2026-02-22,True
2164,3994,COPILOTO,2025-09-04,True
521,1716,COMISSARIO_CHEFE,2026-04-22,True
2928,2128,ENGENHEIRO_VOO,2025-09-16,True
176,2270,MECANICO_BORDO,2026-03-02,True
1875,1061,MECANICO_BORDO,2025-07-19,False
1995,3961,ENGENHEIRO_VOO,2025-11-21,True
67,1366,COMISSARIO,2025-08-12,True
2250,4128,COMISSARIO_CHEFE,2025-07-13,False
762,918,ENGENHEIRO_VOO,2026-01-21,True
2051,2377,MECANICO_BORDO,2025-06-30,True
4756,248,ENGENHEIRO_VOO,2025-10-09,False
325,1016,COMISSARIO_CHEFE,2026-03-27,True
4566,1593,COMANDANTE,2025-12-26,True
826,1179,COMISSARIO_CHEFE,2025-11-20,False
2477,656,COMANDANTE,2026-03-01,True
804,659,MECANICO_BORDO,2026-01-23,True
4682,4564,COMANDANTE,2025-08-11,True
1861,1971,MECANICO_BORDO,2026-05-08,False
3975,3001,COMISSARIO_CHEFE,2026-04-05,False
4825,954,COMISSARIO,2025-06-04,True
2192,4383,COMISSARIO_CHEFE,2025-06-07,True
732,4783,COMISSARIO_CHEFE,2026-05-28,False
4047,3538,ENGENHEIRO_VOO,2026-01-03,True
2179,478,COMISSARIO_CHEFE,2026-04-16,False
153,792,COMISSARIO,2025-11-17,False
3467,4320,COMANDANTE,2025-12-13,True
3648,597,COPILOTO,2025-11-23,True
4649,630,COMANDANTE,2025-08-04,True
4180,2400,COMISSARIO_CHEFE,2025-11-02,True
4798,3822,MECANICO_BORDO,2025-09-07,True
2315,747,ENGENHEIRO_VOO,2025-07-19,False
1533,1551,COMISSARIO_CHEFE,2026-01-21,True
1964,1826,COMANDANTE,2026-03-20,True
2116,3239,COMANDANTE,2025-09-11,True
653,1961,COMISSARIO,2025-07-18,True
2393,2811,COMISSARIO,2026-01-12,True
4909,4157,COMISSARIO_CHEFE,2025-11-27,False
2508,2487,COPILOTO,2026-03-04,True
840,4142,COMISSARIO,2025-09-29,True
4674,588,COMANDANTE,2025-08-24,False
1583,885,MECANICO_BORDO,2025-11-18,True
1675,896,COMISSARIO,2026-02-11,True
4539,2967,ENGENHEIRO_VOO,2025-08-08,True
1673,67,COMANDANTE,2026-06-01,False
4989,1531,COMISSARIO,2025-11-24,True
535,759,COMISSARIO_CHEFE,2026-04-02,False
4104,650,COMISSARIO,2025-07-04,True
2181,1185,ENGENHEIRO_VOO,2026-03-20,True
2297,3400,ENGENHEIRO_VOO,2025-07-30,True
4097,1539,COMISSARIO_CHEFE,2025-06-29,True
4850,1961,COPILOTO,2025-09-02,True
980,3863,MECANICO_BORDO,2026-05-28,True
3224,4978,COPILOTO,2025-12-02,True
3565,3586,COMANDANTE,2025-07-11,True
2935,4426,ENGENHEIRO_VOO,2025-09-25,False
1022,1221,COPILOTO,2025-10-24,True
4957,1790,COPILOTO,2026-01-20,True
1028,3039,COMANDANTE,2026-03-08,False
552,3690,COMISSARIO_CHEFE,2025-07-06,True
342,2743,COMISSARIO,2026-04-26,True
869,1454,ENGENHEIRO_VOO,2026-01-26,True
4956,1046,COPILOTO,2025-08-18,False
1535,3471,COPILOTO,2025-07-27,True
3289,675,COMISSARIO_CHEFE,2025-08-12,True
2743,1679,COMISSARIO,2025-11-27,True
1706,238,COMISSARIO,2026-01-13,True
1165,1953,COMISSARIO_CHEFE,2025-12-14,True
4626,3846,COMISSARIO,2025-10-01,True
4738,4084,MECANICO_BORDO,2026-01-15,True
1557,2046,ENGENHEIRO_VOO,2025-09-20,True
3778,2244,MECANICO_BORDO,2025-06-30,True
1440,4856,COMISSARIO_CHEFE,2025-11-06,True
2342,3868,COMISSARIO_CHEFE,2025-11-05,False
4821,4566,COMISSARIO,2026-04-28,True
4888,1815,COMISSARIO_CHEFE,2026-05-22,True
1243,3203,COMISSARIO,2026-02-09,True
2798,3321,COMANDANTE,2025-06-26,True
2558,3839,COPILOTO,2025-08-06,True
1218,107,COMISSARIO,2026-03-26,True
3985,4759,COMISSARIO,2026-05-10,True
1439,4453,COMANDANTE,2025-06-28,False
642,2242,COMISSARIO,2026-03-03,False
1345,4146,ENGENHEIRO_VOO,2025-10-09,False
2055,1877,COMISSARIO_CHEFE,2026-02-15,False
2368,3236,COMISSARIO,2025-11-08,True
4448,4071,COMISSARIO,2026-05-28,True
1346,628,COPILOTO,2026-01-16,True
1116,2347,COMISSARIO_CHEFE,2026-05-17,True
3482,4582,ENGENHEIRO_VOO,2026-03-20,True
3212,4065,MECANICO_BORDO,2025-07-14,True
4840,2486,COMISSARIO,2025-06-18,False
645,579,COPILOTO,2026-01-31,True
1119,2416,COMANDANTE,2026-01-04,True
4881,2336,COPILOTO,2025-10-10,True
2585,345,COMISSARIO,2025-07-11,True
4141,5,COMISSARIO_CHEFE,2026-02-21,True
1764,889,MECANICO_BORDO,2025-07-04,False
3096,3139,COMANDANTE,2026-01-27,False
3710,3823,COMISSARIO_CHEFE,2026-05-04,True
1211,827,COMANDANTE,2025-11-21,True
258,22,COMISSARIO_CHEFE,2026-04-09,True
348,2862,MECANICO_BORDO,2025-11-13,True
3117,2179,ENGENHEIRO_VOO,2026-02-09,True
1790,312,MECANICO_BORDO,2025-11-08,True
2446,1107,MECANICO_BORDO,2026-05-22,True
4408,4961,COPILOTO,2026-02-25,False
2807,4334,COMISSARIO_CHEFE,2025-09-18,True
3059,3461,COPILOTO,2026-06-01,True
3198,3266,COMANDANTE,2026-01-25,True
936,4187,COMISSARIO_CHEFE,2025-11-05,True
2148,247,MECANICO_BORDO,2025-12-04,False
4500,431,COMISSARIO,2025-07-18,True
1031,2999,COPILOTO,2026-05-05,False
2783,4698,COMISSARIO_CHEFE,2026-03-22,True
4692,3270,COMISSARIO,2025-07-04,True
2363,3194,COMISSARIO,2026-01-11,True
640,3021,COMISSARIO_CHEFE,2025-11-11,False
4397,220,COPILOTO,2025-06-30,True
3263,2563,MECANICO_BORDO,2025-09-24,True
2559,4833,ENGENHEIRO_VOO,2025-06-17,True
4187,3867,COMISSARIO_CHEFE,2026-03-05,True
1753,697,COMISSARIO_CHEFE,2025-06-20,False
4741,4207,MECANICO_BORDO,2025-09-28,True
2459,2645,COPILOTO,2025-10-04,False
1569,2093,MECANICO_BORDO,2026-05-09,True
1888,2628,COMANDANTE,2025-10-28,True
3152,3178,ENGENHEIRO_VOO,2025-12-15,True
491,2460,MECANICO_BORDO,2026-04-05,True
3105,4739,COMANDANTE,2025-07-07,True
2910,1485,COMISSARIO_CHEFE,2025-10-10,True
48,3961,COMANDANTE,2025-11-20,True
4704,699,ENGENHEIRO_VOO,2026-02-05,True
2692,3746,COMISSARIO_CHEFE,2025-09-25,False
555,649,COMANDANTE,2026-03-21,True
2614,2295,ENGENHEIRO_VOO,2025-08-30,True
4454,1683,COMISSARIO_CHEFE,2026-02-07,True
1937,4554,COMISSARIO_CHEFE,2025-11-02,True
2789,897,MECANICO_BORDO,2025-11-25,False
233,4180,COPILOTO,2026-03-08,True
2905,452,ENGENHEIRO_VOO,2026-02-12,True
4013,3998,COMISSARIO,2025-07-15,True
2636,4594,COMANDANTE,2025-10-08,True
2907,4883,MECANICO_BORDO,2025-07-24,True
2926,449,COMANDANTE,2025-12-19,True
2915,3946,COPILOTO,2026-03-15,True
2534,3089,COMANDANTE,2025-08-20,True
1013,3918,ENGENHEIRO_VOO,2026-02-06,True
492,3054,COMISSARIO,2025-07-29,True
3257,4597,COMISSARIO_CHEFE,2025-11-14,True
104,2033,COMANDANTE,2025-09-20,True
1642,3600,COMISSARIO_CHEFE,2026-03-07,True
2020,1571,COMANDANTE,2025-08-02,True
3225,3519,COPILOTO,2025-11-16,True
2372,912,COMANDANTE,2026-04-01,True
2041,2852,COMANDANTE,2026-01-26,True
2453,1801,COMISSARIO,2025-07-31,True
645,3114,ENGENHEIRO_VOO,2025-08-11,True
2790,1357,MECANICO_BORDO,2025-10-28,True
1757,2860,COMISSARIO,2026-05-14,True
1051,1964,ENGENHEIRO_VOO,2025-11-11,True
3959,3618,ENGENHEIRO_VOO,2025-09-25,True
3270,2588,COMISSARIO,2025-06-03,True
2581,1401,COMISSARIO_CHEFE,2025-06-14,True
360,2876,COPILOTO,2026-01-19,True
271,2345,COMISSARIO,2025-06-29,True
1691,1793,ENGENHEIRO_VOO,2025-09-11,True
579,4768,COMISSARIO_CHEFE,2026-05-27,True
2465,457,MECANICO_BORDO,2026-05-26,False
3748,4392,COMISSARIO,2025-07-11,True
1689,2948,COMANDANTE,2025-12-04,False
4690,93,COMISSARIO,2025-11-05,True
2760,4235,ENGENHEIRO_VOO,2025-08-08,True
3160,764,MECANICO_BORDO,2025-10-15,True
1073,167,COMISSARIO,2025-11-17,False
3561,4771,COMISSARIO,2026-03-05,True
1084,1926,COPILOTO,2025-08-15,True
861,98,COPILOTO,2025-08-01,True
1139,4677,COMANDANTE,2025-06-03,True
457,3387,ENGENHEIRO_VOO,2025-07-07,True
1393,3213,ENGENHEIRO_VOO,2026-01-16,True
3463,4157,COPILOTO,2025-06-08,True
901,3383,COMANDANTE,2025-06-28,True
533,3755,COMISSARIO,2026-01-12,True
572,1594,COPILOTO,2025-06-19,True
1437,354,COMISSARIO_CHEFE,2026-01-18,False
3303,85,COMANDANTE,2026-02-10,True
2301,2790,COMISSARIO,2025-09-17,True
3925,4385,COMISSARIO,2025-10-07,True
4798,3736,COMISSARIO_CHEFE,2026-05-11,True
4100,2373,COMISSARIO_CHEFE,2026-01-21,True
4207,4917,COMANDANTE,2025-10-27,False
2576,644,COPILOTO,2025-12-09,True
3729,3659,COMISSARIO,2025-10-30,False
4755,4814,COMANDANTE,2025-10-20,True
1395,3385,MECANICO_BORDO,2026-01-14,True
3673,1090,COPILOTO,2025-07-31,True
2912,324,COMANDANTE,2026-01-26,True
206,1692,COMANDANTE,2026-04-05,False
3897,3385,COMISSARIO,2025-11-03,True
940,3411,COMISSARIO,2025-11-06,False
2055,1795,COPILOTO,2025-12-12,True
1727,2208,COMANDANTE,2025-07-13,True
1008,715,COPILOTO,2025-09-14,True
3549,2590,COPILOTO,2026-03-19,True
3605,2321,COMANDANTE,2026-01-20,True
3262,2916,MECANICO_BORDO,2026-03-15,True
968,3357,COMANDANTE,2025-11-01,False
2009,2521,COMISSARIO_CHEFE,2025-08-14,True
2922,3180,MECANICO_BORDO,2026-01-23,True
2691,4768,MECANICO_BORDO,2025-11-20,False
807,3751,COMISSARIO_CHEFE,2025-11-17,True
1038,3374,COMISSARIO,2025-12-18,True
4348,2006,COPILOTO,2025-09-29,True
205,2310,ENGENHEIRO_VOO,2025-10-08,False
2936,940,COMISSARIO,2025-12-07,False
3966,110,MECANICO_BORDO,2025-09-20,True
4428,4245,COMANDANTE,2026-04-02,False
1144,4524,COMANDANTE,2026-01-08,True
3709,2026,COMISSARIO,2025-09-11,False
76,2902,COMISSARIO_CHEFE,2025-07-19,True
3417,4323,COPILOTO,2025-07-23,True
1303,2523,COMISSARIO_CHEFE,2026-02-28,True
1013,2266,ENGENHEIRO_VOO,2025-10-15,False
2468,2847,MECANICO_BORDO,2025-07-15,True
105,213,MECANICO_BORDO,2026-02-16,True
1201,3685,COMISSARIO_CHEFE,2025-11-27,True
567,2244,COMISSARIO_CHEFE,2025-08-26,True
2980,3329,ENGENHEIRO_VOO,2025-06-05,True
1280,3955,COMISSARIO,2026-05-09,True
814,1163,COMISSARIO,2025-12-06,True
1918,1767,COPILOTO,2026-02-16,True
2887,2511,COMISSARIO,2025-07-03,True
2450,2363,MECANICO_BORDO,2025-12-10,True
1112,3106,ENGENHEIRO_VOO,2026-01-05,True
4809,2559,COMANDANTE,2026-02-25,True
4051,4105,COMANDANTE,2026-03-10,True
1148,3782,COMISSARIO_CHEFE,2026-04-21,True
2647,1405,COMISSARIO_CHEFE,2025-10-19,False
732,701,COMISSARIO_CHEFE,2025-08-28,True
2983,723,MECANICO_BORDO,2025-10-16,True
2525,1345,ENGENHEIRO_VOO,2026-02-03,True
4093,4300,COMANDANTE,2025-10-31,True
106,2433,COMANDANTE,2025-09-05,False
1511,21,MECANICO_BORDO,2026-05-09,True
4912,2457,COMANDANTE,2025-08-20,False
4181,3058,COPILOTO,2025-06-06,True
2591,3467,COMISSARIO_CHEFE,2026-01-22,True
4391,1912,COMANDANTE,2025-12-15,True
3188,2504,COMISSARIO,2026-03-03,True
4618,188,MECANICO_BORDO,2026-04-17,True
1668,4746,COMISSARIO,2026-02-07,True
3919,3907,COPILOTO,2025-06-17,True
478,1601,ENGENHEIRO_VOO,2025-06-07,True
2512,2233,COMISSARIO,2025-08-13,True
55,2215,COMISSARIO_CHEFE,2026-03-26,True
3772,4808,ENGENHEIRO_VOO,2026-03-22,True
2913,2159,ENGENHEIRO_VOO,2025-10-29,False
4098,1433,ENGENHEIRO_VOO,2026-03-20,True
1351,602,COMISSARIO,2026-03-23,True
2629,3930,COMISSARIO_CHEFE,2025-10-20,True
4297,2308,COMISSARIO_CHEFE,2026-05-15,True
2462,1145,COMANDANTE,2025-06-15,True
356,4997,MECANICO_BORDO,2025-07-08,True
1261,1427,COMANDANTE,2025-12-31,True
4362,3436,COMANDANTE,2025-06-16,True
4304,3655,COPILOTO,2026-01-28,True
2772,2433,ENGENHEIRO_VOO,2026-04-29,True
4885,1572,ENGENHEIRO_VOO,2026-02-03,False
4104,2280,COMANDANTE,2026-01-07,True
4783,4823,ENGENHEIRO_VOO,2025-06-23,True
4646,2404,ENGENHEIRO_VOO,2025-10-05,True
373,4711,COMANDANTE,2026-02-17,True
869,3605,COMISSARIO_CHEFE,2025-10-02,True
1097,2382,COMISSARIO,2026-01-05,False
3534,108,MECANICO_BORDO,2026-02-20,True
1588,1932,COMANDANTE,2026-06-01,False
1505,761,COPILOTO,2026-01-21,True
1777,4757,COPILOTO,2026-03-31,True
3881,1545,COMISSARIO,2026-05-20,True
1226,2841,COPILOTO,2026-05-26,True
1163,2380,ENGENHEIRO_VOO,2025-10-05,True
2672,26,COPILOTO,2026-01-30,True
4782,3019,COMISSARIO_CHEFE,2026-02-20,False
3151,1851,COMISSARIO,2025-11-11,True
1993,281,COMISSARIO_CHEFE,2025-08-26,True
214,2092,COMANDANTE,2026-04-11,True
3201,3140,COMISSARIO,2026-02-10,True
2751,63,ENGENHEIRO_VOO,2025-10-19,True
2168,4788,COMANDANTE,2026-04-09,False
625,3934,ENGENHEIRO_VOO,2025-10-17,True
658,4408,COMANDANTE,2026-04-09,True
2771,4673,COMISSARIO,2025-08-14,True
2544,60,COPILOTO,2025-12-23,True
948,2605,COMISSARIO_CHEFE,2025-11-24,True
1852,2129,COMISSARIO_CHEFE,2026-02-05,True
100,1328,ENGENHEIRO_VOO,2025-08-10,False
2216,4773,COMISSARIO_CHEFE,2025-07-08,True
4880,2676,COMISSARIO,2025-09-20,True
3130,3615,COMISSARIO_CHEFE,2025-11-25,True
4320,250,COMISSARIO,2025-11-23,False
4177,908,MECANICO_BORDO,2026-05-17,True
3757,2380,COPILOTO,2026-05-31,True
1214,3773,ENGENHEIRO_VOO,2025-06-08,True
2433,2115,COPILOTO,2025-06-13,True
1624,611,COPILOTO,2026-05-16,True
4525,3770,COMANDANTE,2026-03-30,True
4211,3284,MECANICO_BORDO,2026-05-01,True
4528,215,COMISSARIO_CHEFE,2026-03-09,True
3106,3754,COMISSARIO,2026-05-05,False
1270,3106,COMISSARIO_CHEFE,2025-12-16,False
3080,3876,COMISSARIO,2025-07-24,True
2305,1582,COMISSARIO,2025-12-19,True
1941,2037,COMISSARIO,2026-04-26,True
1354,279,MECANICO_BORDO,2026-03-09,True
2294,3532,COMISSARIO,2025-11-07,True
3961,2934,COMANDANTE,2025-08-24,True
2919,1865,ENGENHEIRO_VOO,2026-01-14,True
1733,4977,COMISSARIO_CHEFE,2025-06-06,True
2297,4631,COMANDANTE,2025-06-10,False
4069,4662,COMANDANTE,2025-06-03,True
3648,1938,ENGENHEIRO_VOO,2026-05-16,True
1567,2736,COPILOTO,2025-08-20,True
10,4794,MECANICO_BORDO,2025-11-08,False
2446,2923,MECANICO_BORDO,2026-04-17,False
4453,3325,MECANICO_BORDO,2026-02-16,False
3352,2038,COMISSARIO,2026-04-05,True
2661,2513,MECANICO_BORDO,2025-11-15,True
3877,2087,COMISSARIO,2025-09-08,True
3680,3253,COMISSARIO_CHEFE,2025-11-28,True
3044,2694,COMISSARIO,2025-09-14,True
4648,531,COMISSARIO_CHEFE,2025-11-16,True
2856,2978,MECANICO_BORDO,2025-12-16,True
1445,3598,COPILOTO,2025-08-06,False
4167,837,ENGENHEIRO_VOO,2025-07-01,False
719,4040,COMISSARIO,2025-07-25,True
290,4877,MECANICO_BORDO,2026-05-11,False
1340,2637,COMANDANTE,2025-07-28,True
260,4869,COMANDANTE,2025-12-08,True
2571,263,COMISSARIO_CHEFE,2026-04-22,False
3795,1390,COMANDANTE,2026-02-10,False
2191,3044,COMANDANTE,2026-01-16,True
3234,2118,COMISSARIO,2026-02-27,True
2860,4831,COMISSARIO,2025-11-29,True
2978,2549,ENGENHEIRO_VOO,2025-11-13,True
3445,3103,COPILOTO,2026-04-25,True
2459,3261,MECANICO_BORDO,2025-10-01,True
549,2470,ENGENHEIRO_VOO,2026-03-28,True
954,1467,COMISSARIO_CHEFE,2026-03-02,True
58,1342,ENGENHEIRO_VOO,2025-08-21,True
1417,4283,COPILOTO,2025-06-17,True
3647,3251,COPILOTO,2025-07-16,True
184,1117,COPILOTO,2025-12-07,True
159,2329,COMANDANTE,2025-12-02,False
1480,2499,COMANDANTE,2025-06-18,True
2780,4453,ENGENHEIRO_VOO,2025-06-24,True
2273,1833,COPILOTO,2026-05-30,True
2789,2177,COPILOTO,2026-02-22,True
3075,396,COPILOTO,2026-01-19,False
2755,507,COMISSARIO_CHEFE,2026-03-25,True
1829,3297,MECANICO_BORDO,2026-02-07,True
3614,2026,COMANDANTE,2025-08-31,True
2945,4318,ENGENHEIRO_VOO,2025-09-13,True
1687,400,MECANICO_BORDO,2025-10-20,True
2553,1258,COMISSARIO_CHEFE,2026-03-10,True
3023,242,COMANDANTE,2025-12-02,True
2524,1105,COMISSARIO,2025-09-16,False
4624,775,MECANICO_BORDO,2026-04-17,True
3794,2916,COMANDANTE,2025-11-17,False
405,10,COMANDANTE,2025-10-03,True
1613,4934,COPILOTO,2025-08-06,True
964,3775,MECANICO_BORDO,2026-03-06,True
2946,1886,MECANICO_BORDO,2025-09-04,True
2719,1885,MECANICO_BORDO,2026-04-01,False
3270,4785,COPILOTO,2026-05-31,True
2711,1315,COMANDANTE,2025-08-02,True
2955,827,COPILOTO,2025-06-15,False
2276,288,COMANDANTE,2025-12-28,True
4743,3878,COPILOTO,2026-03-29,True
3432,2901,ENGENHEIRO_VOO,2025-06-15,True
375,1168,COPILOTO,2025-08-10,True
3214,689,MECANICO_BORDO,2026-02-20,False
4469,4793,COMANDANTE,2025-10-15,True
4048,3691,COMISSARIO,2025-11-17,True
4570,3532,MECANICO_BORDO,2025-07-18,False
1715,4521,ENGENHEIRO_VOO,2025-08-28,False
1239,974,COMANDANTE,2025-08-26,False
4150,3035,COMISSARIO,2025-08-17,False
3818,4951,COMISSARIO_CHEFE,2025-09-02,True
4064,643,COMISSARIO_CHEFE,2026-03-19,True
1290,881,ENGENHEIRO_VOO,2025-10-28,True
3147,4942,MECANICO_BORDO,2025-10-23,True
1680,1170,COMISSARIO,2026-04-04,False
1420,3257,MECANICO_BORDO,2025-12-06,True
231,3330,COPILOTO,2025-11-18,True
2318,2538,ENGENHEIRO_VOO,2025-07-02,False
626,1112,ENGENHEIRO_VOO,2025-06-17,False
1514,2804,COMISSARIO_CHEFE,2025-09-16,True
4387,4048,COPILOTO,2026-05-02,True
84,1520,ENGENHEIRO_VOO,2025-06-13,True
1442,4198,ENGENHEIRO_VOO,2026-05-24,True
1768,2297,MECANICO_BORDO,2026-02-14,False
667,181,COMANDANTE,2026-03-19,True
4321,943,COMISSARIO,2025-10-13,True
639,1995,ENGENHEIRO_VOO,2025-12-28,True
3706,3740,COPILOTO,2025-12-04,True
974,4273,COPILOTO,2025-07-12,True
461,113,MECANICO_BORDO,2026-04-11,True
643,3331,MECANICO_BORDO,2025-10-13,True
1491,799,COMISSARIO_CHEFE,2026-02-11,False
328,1442,COMISSARIO_CHEFE,2025-07-19,True
3161,444,COMISSARIO_CHEFE,2026-03-21,True
4961,900,COMISSARIO_CHEFE,2025-08-26,True
3275,2258,COMISSARIO_CHEFE,2026-01-10,True
2566,4370,COPILOTO,2026-03-01,True
2606,834,COMISSARIO_CHEFE,2025-07-24,True
4588,3586,COMANDANTE,2025-08-17,True
4195,562,COMISSARIO_CHEFE,2025-09-26,True
2121,3708,MECANICO_BORDO,2025-07-02,True
1953,269,COMISSARIO,2025-12-18,True
2903,3532,ENGENHEIRO_VOO,2025-11-13,True
217,3869,MECANICO_BORDO,2025-12-29,True
950,2754,COMISSARIO_CHEFE,2025-11-18,True
1367,1521,MECANICO_BORDO,2026-03-18,True
2257,2195,ENGENHEIRO_VOO,2026-05-17,True
4501,2188,ENGENHEIRO_VOO,2025-11-22,True
562,1430,MECANICO_BORDO,2025-09-15,True
3446,4965,MECANICO_BORDO,2026-04-27,True
730,1118,COMISSARIO,2026-05-07,True
1651,4028,COMANDANTE,2026-05-02,True
3555,798,COMISSARIO,2025-08-12,True
1366,2544,ENGENHEIRO_VOO,2025-09-09,True
1073,3369,MECANICO_BORDO,2025-10-06,True
81,299,COMANDANTE,2026-01-13,True
4563,50,COMANDANTE,2026-04-11,True
2807,990,MECANICO_BORDO,2025-06-25,True
3953,2886,COMISSARIO,2025-10-02,True
2846,4839,COPILOTO,2025-11-02,False
4059,78,COMANDANTE,2026-04-05,True
2606,1924,COMANDANTE,2026-01-31,True
118,290,COPILOTO,2025-09-23,True
1063,4959,ENGENHEIRO_VOO,2025-06-26,True
1970,4952,COMISSARIO,2025-11-17,True
1649,2509,MECANICO_BORDO,2026-03-27,False
4498,2750,ENGENHEIRO_VOO,2026-02-12,False
4950,3007,COMISSARIO,2025-10-02,True
991,1281,COMISSARIO,2025-06-23,True
3690,4287,ENGENHEIRO_VOO,2025-10-20,True
3689,4854,ENGENHEIRO_VOO,2026-05-05,True
1844,2887,COMISSARIO_CHEFE,2025-11-19,True
1460,4053,COMANDANTE,2025-06-27,False
1368,4442,ENGENHEIRO_VOO,2026-02-08,True
1560,4298,COMISSARIO_CHEFE,2025-09-25,True
2221,3024,MECANICO_BORDO,2025-08-27,True
3671,4983,COMANDANTE,2026-04-29,True
3461,799,COMANDANTE,2025-12-03,True
1990,1986,MECANICO_BORDO,2025-09-11,False
1815,945,ENGENHEIRO_VOO,2025-12-19,True
3370,347,COMANDANTE,2026-03-20,True
961,444,COMISSARIO,2025-08-14,True
4540,3423,COMANDANTE,2025-08-09,True
692,1491,COPILOTO,2025-08-01,True
2415,3998,MECANICO_BORDO,2026-02-02,True
294,4998,COMANDANTE,2026-04-27,False
2554,663,COPILOTO,2025-10-08,True
4087,3549,COPILOTO,2025-09-16,True
481,4063,COPILOTO,2026-04-07,True
3169,4333,ENGENHEIRO_VOO,2025-10-12,True
2927,3841,COMISSARIO_CHEFE,2025-08-29,True
401,1411,COPILOTO,2025-12-17,True
1995,2507,MECANICO_BORDO,2026-02-08,False
1927,1026,COMANDANTE,2025-06-02,False
3047,4965,COMISSARIO_CHEFE,2025-06-04,True
3758,3100,MECANICO_BORDO,2025-10-27,True
1372,4974,ENGENHEIRO_VOO,2026-01-27,False
4526,2159,COMISSARIO,2025-09-27,True
3682,823,COPILOTO,2025-11-08,False
2937,1614,COMANDANTE,2025-10-27,True
2176,1571,COMANDANTE,2025-11-06,False
4506,38,COMISSARIO_CHEFE,2025-12-07,True
4605,4991,ENGENHEIRO_VOO,2026-02-16,True
2584,3261,COMANDANTE,2025-06-07,True
95,1821,MECANICO_BORDO,2025-09-26,True
1001,1026,MECANICO_BORDO,2025-06-06,True
353,3965,ENGENHEIRO_VOO,2025-10-12,True
2823,4763,COPILOTO,2026-04-05,True
12,3965,COPILOTO,2026-02-26,True
3081,3789,COPILOTO,2025-11-25,True
3532,4342,COMANDANTE,2025-07-05,True
3380,4575,COMISSARIO,2026-03-22,True
1855,2654,COPILOTO,2026-01-04,False
3741,3169,COPILOTO,2025-12-23,True
405,1797,COMANDANTE,2025-11-12,True
2514,2292,COPILOTO,2025-11-06,False
1562,357,ENGENHEIRO_VOO,2025-12-20,True
4751,1285,MECANICO_BORDO,2026-01-20,True
109,781,COPILOTO,2026-05-26,False
3160,4261,ENGENHEIRO_VOO,2026-05-06,False
2039,727,MECANICO_BORDO,2026-05-17,True
1681,4725,COMANDANTE,2025-07-30,True
3647,4565,ENGENHEIRO_VOO,2026-02-02,False
4138,3047,COMISSARIO,2025-11-15,True
2808,1086,COMISSARIO,2025-10-13,True
3027,2164,COMISSARIO,2026-05-30,True
3140,1916,COMISSARIO,2025-12-17,False
1055,2167,COMANDANTE,2026-01-21,True
4804,1165,ENGENHEIRO_VOO,2026-05-16,True
2705,1896,COMISSARIO,2025-10-10,False
2391,2998,COMANDANTE,2025-07-07,True
1839,1167,MECANICO_BORDO,2025-12-09,False
3320,3915,COPILOTO,2026-03-16,True
1215,2850,ENGENHEIRO_VOO,2025-08-05,True
1290,1979,MECANICO_BORDO,2026-04-05,True
4162,4128,COPILOTO,2026-04-25,False
3290,229,COMISSARIO_CHEFE,2026-03-24,True
1217,1182,COPILOTO,2026-05-02,True
308,4834,COMISSARIO_CHEFE,2025-10-05,True
4343,4214,COMISSARIO_CHEFE,2025-07-23,False
4354,585,MECANICO_BORDO,2026-02-21,True
1900,749,COMISSARIO_CHEFE,2025-06-14,True
837,2017,ENGENHEIRO_VOO,2025-08-12,True
577,406,COMISSARIO_CHEFE,2025-08-15,True
2903,2485,COPILOTO,2025-10-29,True
2568,2990,COMISSARIO,2025-11-15,True
1450,1714,MECANICO_BORDO,2025-07-11,True
4968,1231,COMANDANTE,2026-01-17,True
204,1029,COMANDANTE,2025-07-10,False
4884,2621,COPILOTO,2026-02-20,True
3379,537,COMISSARIO,2025-08-09,False
1170,3426,ENGENHEIRO_VOO,2025-07-28,True
2194,2533,COPILOTO,2026-04-27,True
2596,525,COMANDANTE,2025-12-14,True
2109,2485,COMISSARIO,2026-04-13,True
231,4830,COMISSARIO,2026-02-07,True
1193,3979,COMISSARIO,2025-11-18,True
4860,2518,ENGENHEIRO_VOO,2026-05-19,True
1496,2992,MECANICO_BORDO,2025-11-08,True
2517,3525,COMANDANTE,2026-01-19,True
621,2215,ENGENHEIRO_VOO,2026-04-25,True
3954,379,COPILOTO,2025-12-24,False
2545,1037,COMISSARIO,2025-12-27,True
235,2512,MECANICO_BORDO,2025-08-07,False
1704,1577,MECANICO_BORDO,2026-04-07,True
1708,2948,COPILOTO,2025-11-13,True
25,2949,COMANDANTE,2025-09-10,True
3463,4670,COMISSARIO_CHEFE,2025-08-16,True
1154,2781,COMANDANTE,2026-03-14,True
810,815,COMISSARIO_CHEFE,2026-05-30,True
1591,1282,ENGENHEIRO_VOO,2026-04-25,True
2594,806,MECANICO_BORDO,2026-02-18,True
3594,1992,ENGENHEIRO_VOO,2025-06-20,False
561,2724,COMISSARIO,2026-02-05,True
2048,484,ENGENHEIRO_VOO,2025-08-06,True
2515,3124,COMANDANTE,2026-05-10,False
2849,2866,ENGENHEIRO_VOO,2025-08-22,True
1226,4426,MECANICO_BORDO,2025-12-07,True
48,3750,COMISSARIO_CHEFE,2026-05-28,True
746,4305,COMISSARIO_CHEFE,2025-07-21,True
288,535,ENGENHEIRO_VOO,2025-07-08,True
3234,3038,COPILOTO,2025-12-02,True
514,4167,MECANICO_BORDO,2026-05-07,False
3508,3431,COMISSARIO_CHEFE,2026-02-16,True
695,2874,COMISSARIO,2026-03-13,True
2197,578,ENGENHEIRO_VOO,2026-03-31,True
2169,2801,COMISSARIO_CHEFE,2025-07-05,True
2645,3855,COMANDANTE,2025-08-08,True
1283,3098,COMANDANTE,2025-11-24,True
2202,4104,MECANICO_BORDO,2025-09-03,True
2068,3483,COMANDANTE,2025-08-18,True
4609,153,COMISSARIO_CHEFE,2025-10-31,True
2313,2044,COPILOTO,2025-09-10,True
3890,971,COPILOTO,2025-11-29,True
724,2853,COMISSARIO_CHEFE,2026-04-27,True
1669,2803,ENGENHEIRO_VOO,2025-08-02,True
4860,1501,COMISSARIO,2025-07-30,True
1019,1101,MECANICO_BORDO,2025-08-31,True
3730,381,ENGENHEIRO_VOO,2025-10-08,True
4048,1198,ENGENHEIRO_VOO,2025-08-17,False
3800,376,COMISSARIO_CHEFE,2026-05-01,True
1915,4029,COPILOTO,2025-08-27,False
3831,3226,COMISSARIO_CHEFE,2026-03-19,True
2773,3016,COPILOTO,2026-03-13,False
4444,1692,COPILOTO,2026-01-22,False
1884,3129,COMANDANTE,2025-08-02,True
2276,2566,MECANICO_BORDO,2026-02-07,True
195,2831,MECANICO_BORDO,2026-02-20,True
1407,3371,COMISSARIO,2025-12-29,False
242,2977,COPILOTO,2026-04-11,True
1723,1266,COMANDANTE,2026-05-08,True
473,2038,COMISSARIO,2026-04-20,False
2299,4817,COMANDANTE,2026-05-24,True
2651,2291,COMANDANTE,2025-07-22,True
128,3583,COMISSARIO,2025-12-22,False
1307,3248,COPILOTO,2026-02-14,True
3160,3204,COMANDANTE,2025-12-26,True
3702,3056,COMANDANTE,2025-08-20,True
2486,4538,MECANICO_BORDO,2025-09-21,False
343,2422,COPILOTO,2026-01-09,False
3048,1044,COMISSARIO_CHEFE,2025-10-04,True
3745,215,COMISSARIO_CHEFE,2026-03-04,True
2332,840,MECANICO_BORDO,2025-08-15,True
522,1515,COMANDANTE,2025-12-30,True
51,4543,COMANDANTE,2025-12-03,False
1630,2389,COMISSARIO_CHEFE,2025-11-05,True
4579,2764,MECANICO_BORDO,2025-06-23,False
564,1645,COMISSARIO_CHEFE,2026-04-19,True
912,3037,COPILOTO,2025-09-02,True
4260,3800,ENGENHEIRO_VOO,2025-07-26,False
3713,1394,COMANDANTE,2026-05-03,False
3542,4027,COPILOTO,2026-05-04,True
3703,3886,MECANICO_BORDO,2026-01-29,False
1230,2047,COMANDANTE,2026-01-14,False
4312,1270,COMISSARIO,2025-07-13,True
2652,3076,MECANICO_BORDO,2026-05-07,True
2895,1924,COMISSARIO,2025-09-09,True
2086,662,COMISSARIO_CHEFE,2025-12-15,False
275,1999,COMISSARIO,2026-01-19,True
3548,2280,COMISSARIO,2025-06-20,True
1363,2232,ENGENHEIRO_VOO,2025-07-29,True
4776,4059,COPILOTO,2026-03-27,True
1932,878,COMISSARIO,2026-02-25,False
103,604,COMISSARIO,2025-09-18,True
4855,1934,COMISSARIO,2026-05-14,False
4525,4447,MECANICO_BORDO,2025-07-30,True
2865,4030,MECANICO_BORDO,2026-03-16,True
3201,1643,COMANDANTE,2026-02-19,True
3422,288,COPILOTO,2025-08-20,True
379,4125,COMISSARIO_CHEFE,2026-03-16,True
3497,1879,COPILOTO,2026-01-28,True
2751,116,MECANICO_BORDO,2026-04-25,False
3485,3239,COMISSARIO,2025-10-03,True
185,4124,COMANDANTE,2025-08-12,True
3083,3524,ENGENHEIRO_VOO,2025-12-13,True
1041,883,COMISSARIO_CHEFE,2026-01-15,False
1757,654,MECANICO_BORDO,2025-10-27,True
3605,4429,ENGENHEIRO_VOO,2025-10-29,False
3044,409,MECANICO_BORDO,2026-01-10,True
2643,4379,MECANICO_BORDO,2026-01-07,True
4091,3473,COMISSARIO,2026-01-26,True
1000,389,COMISSARIO_CHEFE,2026-05-23,False
1961,1829,COMISSARIO,2025-10-03,True
898,4046,COMISSARIO,2026-03-14,True
3604,4885,COPILOTO,2025-10-23,True
4597,4621,COMANDANTE,2025-12-23,True
3764,3112,COMISSARIO_CHEFE,2026-03-01,False
541,319,ENGENHEIRO_VOO,2025-07-13,True
3615,1154,COMISSARIO_CHEFE,2025-08-20,True
3417,2544,COPILOTO,2025-07-29,True
4154,4654,COPILOTO,2025-09-14,True
1926,1276,COPILOTO,2026-04-14,True
2269,3044,COMISSARIO,2026-05-30,False
4400,3408,COMANDANTE,2025-08-29,True
4440,2840,MECANICO_BORDO,2025-08-29,True
2131,3517,ENGENHEIRO_VOO,2026-03-29,False
1409,4374,COMISSARIO,2026-02-26,True
249,216,COMISSARIO_CHEFE,2025-10-31,True
3286,3131,COMANDANTE,2026-04-30,True
4104,3190,COPILOTO,2025-10-10,True
2127,4758,COPILOTO,2025-12-10,True
4623,2812,MECANICO_BORDO,2025-06-30,True
2605,1311,COMISSARIO,2025-11-03,True
1885,706,ENGENHEIRO_VOO,2026-02-28,True
4161,4175,COMANDANTE,2025-12-05,True
1336,3864,ENGENHEIRO_VOO,2025-08-23,True
945,3897,COMANDANTE,2025-06-16,True
2292,3078,COPILOTO,2026-02-04,False
3524,4424,COMISSARIO_CHEFE,2025-09-02,True
4798,3756,ENGENHEIRO_VOO,2025-08-07,True
574,4114,COMISSARIO_CHEFE,2025-12-07,True
1349,2939,COMANDANTE,2025-08-29,False
4216,773,COMISSARIO_CHEFE,2025-09-05,True
415,2325,MECANICO_BORDO,2025-07-05,True
2510,2126,COMANDANTE,2025-11-28,True
2177,2567,COMISSARIO_CHEFE,2026-06-02,True
3691,1779,COMANDANTE,2025-12-25,True
4088,4513,COMISSARIO,2026-03-03,True
1190,3949,COMISSARIO,2025-09-19,True
3974,1260,COMISSARIO_CHEFE,2026-03-16,False
2168,2855,COMISSARIO,2026-02-12,True
2235,1683,COMISSARIO_CHEFE,2025-07-03,True
4493,4709,ENGENHEIRO_VOO,2026-03-21,False
3641,1094,COMISSARIO,2026-05-03,False
4064,3665,COMANDANTE,2026-03-19,True
2697,4816,ENGENHEIRO_VOO,2025-12-29,True
3506,2304,COMANDANTE,2026-04-03,True
2430,2390,COMANDANTE,2025-08-11,True
3336,3892,COMISSARIO,2025-11-02,False
3890,3759,COMANDANTE,2025-06-09,False
1232,4743,COMISSARIO_CHEFE,2025-09-25,True
4606,4333,COMISSARIO,2026-02-09,True
4611,611,COMANDANTE,2025-12-24,True
2070,4071,COMISSARIO,2025-10-13,True
4705,2956,ENGENHEIRO_VOO,2026-03-23,True
4563,1418,ENGENHEIRO_VOO,2026-01-08,True
1622,4273,ENGENHEIRO_VOO,2026-03-02,False
4968,1440,COMISSARIO,2025-07-12,False
4520,257,COMANDANTE,2026-02-23,True
1635,1558,COMISSARIO,2026-04-09,True
3232,1787,COPILOTO,2026-04-22,True
1353,2049,ENGENHEIRO_VOO,2025-08-27,False
1725,3049,ENGENHEIRO_VOO,2025-07-09,False
3175,1774,COPILOTO,2025-09-06,True
3459,1624,COMANDANTE,2025-06-19,True
4808,891,ENGENHEIRO_VOO,2025-08-23,True
469,4041,COPILOTO,2025-12-19,True
1178,4387,MECANICO_BORDO,2026-05-16,True
2203,3309,COMISSARIO_CHEFE,2025-12-30,True
2824,245,COMISSARIO,2026-05-02,False
4869,1135,COMISSARIO_CHEFE,2026-05-14,True
4727,2139,COMISSARIO,2026-01-20,True
4214,3792,COPILOTO,2026-01-21,False
3582,1109,COMISSARIO,2025-11-08,True
1916,4797,COPILOTO,2025-10-08,True
877,1621,COMISSARIO,2025-10-14,False
4244,4281,COMANDANTE,2026-01-21,True
3983,2270,COMANDANTE,2026-01-16,True
3245,773,MECANICO_BORDO,2025-11-24,False
2146,2193,MECANICO_BORDO,2025-11-09,True
354,338,ENGENHEIRO_VOO,2026-03-21,True
1359,3206,COMISSARIO_CHEFE,2025-11-21,True
4735,310,COPILOTO,2026-05-28,False
2570,288,COMANDANTE,2026-05-12,True
3734,2242,ENGENHEIRO_VOO,2026-01-20,True
2135,3512,ENGENHEIRO_VOO,2025-07-20,False
3360,4363,MECANICO_BORDO,2025-06-17,True
4888,4883,COMANDANTE,2025-10-28,True
560,4214,ENGENHEIRO_VOO,2026-05-24,True
3569,4629,COMISSARIO_CHEFE,2025-08-09,True
2452,3032,MECANICO_BORDO,2026-04-09,False
938,3377,ENGENHEIRO_VOO,2025-06-13,True
1365,4276,COMANDANTE,2025-09-05,True
646,603,COMISSARIO_CHEFE,2026-05-03,True
2307,2285,COMISSARIO_CHEFE,2025-11-10,True
1663,417,COMANDANTE,2025-09-21,True
517,2607,MECANICO_BORDO,2025-11-04,True
3430,2784,COPILOTO,2026-04-23,False
903,2542,COMISSARIO,2025-06-14,True
1695,2994,COMANDANTE,2025-06-16,True
2293,1768,MECANICO_BORDO,2026-05-26,True
3410,1831,ENGENHEIRO_VOO,2026-05-17,True
2390,3885,COMISSARIO_CHEFE,2026-04-05,True
2297,1173,COPILOTO,2026-04-23,True
2430,3110,MECANICO_BORDO,2026-03-29,True
2770,748,COMANDANTE,2026-01-11,True
2975,1029,COMANDANTE,2026-03-07,True
4868,4902,ENGENHEIRO_VOO,2025-12-31,False
4657,2799,COPILOTO,2025-11-28,True
3454,4152,COPILOTO,2025-12-04,True
616,1875,COMISSARIO_CHEFE,2025-11-27,True
311,4793,MECANICO_BORDO,2026-05-13,True
3777,4990,COMISSARIO,2025-09-02,True
4702,1025,COMISSARIO_CHEFE,2026-02-23,True
3444,3964,COMISSARIO,2025-10-18,True
2897,4048,COMISSARIO_CHEFE,2025-11-06,False
2621,2709,COMANDANTE,2026-03-29,True
2857,919,MECANICO_BORDO,2025-09-14,True
600,1624,ENGENHEIRO_VOO,2025-09-10,True
1525,3972,COMISSARIO_CHEFE,2026-01-05,True
2313,1262,COMISSARIO,2025-09-12,False
4423,1,COPILOTO,2026-02-06,True
619,4483,MECANICO_BORDO,2026-01-03,True
2831,4859,COPILOTO,2025-11-23,True
3911,3796,COMANDANTE,2026-02-25,False
4924,2797,COMISSARIO,2026-02-02,True
150,962,COMISSARIO,2025-12-30,True
2670,1796,COPILOTO,2026-01-26,True
4313,4216,COMANDANTE,2026-01-13,True
2185,1195,ENGENHEIRO_VOO,2026-01-24,True
325,3021,COPILOTO,2025-10-23,True
2155,1096,COMISSARIO,2025-12-13,True
995,1847,MECANICO_BORDO,2026-02-16,False
3025,4182,COMANDANTE,2025-12-21,True
2361,256,COMANDANTE,2025-11-10,True
4420,103,MECANICO_BORDO,2025-06-23,True
614,964,COMISSARIO_CHEFE,2025-09-01,True
3580,3489,COMISSARIO,2026-01-10,True
4994,677,COPILOTO,2026-03-02,True
1441,518,COMISSARIO,2026-05-04,True
4177,873,COMISSARIO,2026-02-01,True
1601,1518,COMISSARIO,2025-11-21,True
2712,1839,COPILOTO,2026-01-27,True
4941,1186,COMANDANTE,2025-06-20,True
992,3577,COMISSARIO,2025-11-18,True
3471,426,ENGENHEIRO_VOO,2026-03-07,False
2009,942,COMISSARIO,2026-03-29,True
1350,2150,MECANICO_BORDO,2025-09-14,True
3651,3591,COMISSARIO,2026-05-15,False
2936,1066,ENGENHEIRO_VOO,2026-05-17,True
35,1723,COMISSARIO,2026-02-20,False
2490,3652,COPILOTO,2025-10-23,True
129,4967,ENGENHEIRO_VOO,2026-02-10,True
2034,4220,COPILOTO,2026-03-10,False
379,1570,COMISSARIO_CHEFE,2025-09-10,True
189,1068,COPILOTO,2026-05-14,True
1293,1801,MECANICO_BORDO,2025-11-06,True
1081,3215,COPILOTO,2025-11-03,True
4264,773,COPILOTO,2026-05-13,True
282,3874,COPILOTO,2025-06-05,False
2307,2287,ENGENHEIRO_VOO,2026-04-07,True
4004,462,COMISSARIO,2026-01-12,True
3175,2815,COPILOTO,2025-11-16,True
1412,1987,MECANICO_BORDO,2026-05-30,True
4309,1149,COMANDANTE,2025-09-08,True
337,3141,COMISSARIO_CHEFE,2026-05-30,True
4841,3110,MECANICO_BORDO,2025-12-24,True
2069,2997,ENGENHEIRO_VOO,2026-05-04,True
1478,4371,COMISSARIO,2025-09-08,True
3316,3219,COPILOTO,2026-04-16,True
4809,3544,COMANDANTE,2025-12-04,False
1784,3613,COMISSARIO,2025-09-18,True
1787,10,COMANDANTE,2026-03-21,True
1549,4307,COPILOTO,2025-10-02,True
3447,1522,COMANDANTE,2025-07-18,True
4799,1031,COPILOTO,2025-10-25,True
2729,2561,COMISSARIO_CHEFE,2025-11-07,True
3848,2637,COPILOTO,2025-11-09,False
3495,3741,COMISSARIO,2026-03-11,True
1996,4993,MECANICO_BORDO,2026-05-10,True
3168,2885,COMISSARIO,2026-03-28,True
663,2930,COPILOTO,2026-04-06,True
4428,28,ENGENHEIRO_VOO,2026-05-12,True
4254,4729,COMANDANTE,2025-06-24,True
242,4076,COMISSARIO,2026-03-07,True
2554,431,MECANICO_BORDO,2026-03-04,False
791,2384,ENGENHEIRO_VOO,2025-06-24,False
2596,3234,COPILOTO,2026-01-17,True
4684,2346,COMISSARIO_CHEFE,2025-12-10,True
4202,1764,MECANICO_BORDO,2026-02-28,True
2886,4899,COMISSARIO_CHEFE,2026-04-15,True
2404,571,COMISSARIO,2026-03-03,True
29,75,COMISSARIO,2026-05-31,True
2975,3566,COMANDANTE,2025-12-12,True
2939,1038,COMISSARIO_CHEFE,2025-10-02,True
405,842,COMANDANTE,2026-02-01,True
1122,4063,MECANICO_BORDO,2026-05-21,True
3536,2941,COMISSARIO_CHEFE,2025-08-16,True
4346,4084,COPILOTO,2025-11-27,True
185,4730,ENGENHEIRO_VOO,2026-02-07,True
251,4540,COMANDANTE,2025-09-05,True
4128,2676,ENGENHEIRO_VOO,2025-12-26,True
143,1626,COMISSARIO,2026-01-15,True
3630,3115,COMISSARIO_CHEFE,2025-08-16,True
3285,4472,COMANDANTE,2025-10-17,True
3656,734,COMISSARIO_CHEFE,2026-02-21,True
1684,995,COMISSARIO_CHEFE,2026-04-05,False
2790,709,ENGENHEIRO_VOO,2025-06-24,True
198,2489,COPILOTO,2026-02-27,False
1733,4434,MECANICO_BORDO,2026-02-26,True
2114,1829,MECANICO_BORDO,2026-04-28,True
1796,3605,COPILOTO,2025-10-04,True
3287,1095,COMANDANTE,2026-04-03,True
1432,3214,MECANICO_BORDO,2025-11-26,True
2104,35,COMANDANTE,2026-01-02,True
2299,2111,MECANICO_BORDO,2025-10-25,False
2123,4597,ENGENHEIRO_VOO,2026-02-12,True
3197,718,ENGENHEIRO_VOO,2025-09-12,True
417,1660,COMISSARIO,2025-12-28,True
2750,3646,COMANDANTE,2025-07-20,True
440,3737,MECANICO_BORDO,2025-06-11,True
2562,2752,COMISSARIO,2025-12-06,False
1742,3330,COMISSARIO_CHEFE,2025-08-21,True
79,4,MECANICO_BORDO,2026-03-31,True
4714,3483,COMANDANTE,2025-12-12,True
403,3332,COMISSARIO_CHEFE,2026-02-15,True
1552,4336,COMISSARIO_CHEFE,2025-12-29,True
3003,2839,COMANDANTE,2025-11-07,True
3221,4358,MECANICO_BORDO,2025-08-31,True
4265,3961,COMISSARIO_CHEFE,2026-03-11,True
1760,3156,COMISSARIO,2026-01-02,True
4465,1559,COMISSARIO,2025-10-28,True
3268,4655,COMISSARIO,2026-05-09,True
995,142,COMANDANTE,2026-01-17,True
562,174,COPILOTO,2025-06-28,True
929,4044,COMISSARIO_CHEFE,2025-06-09,True
1602,1119,COPILOTO,2025-06-15,False
1214,441,ENGENHEIRO_VOO,2025-10-12,True
2215,82,COPILOTO,2026-05-07,True
1686,4071,COMISSARIO,2025-11-25,True
1276,1743,ENGENHEIRO_VOO,2026-01-23,True
4176,1992,COMANDANTE,2025-11-18,True
2046,2124,COMANDANTE,2025-09-24,True
2202,4060,COPILOTO,2025-12-30,True
3427,4342,COMISSARIO_CHEFE,2025-08-30,True
2394,225,MECANICO_BORDO,2026-04-28,True
4563,4892,COMISSARIO_CHEFE,2025-09-10,True
3616,4837,COPILOTO,2026-03-17,True
1842,1654,COMISSARIO,2025-09-29,True
3085,483,MECANICO_BORDO,2025-06-29,True
3393,1083,COMISSARIO_CHEFE,2025-07-17,True
1636,62,ENGENHEIRO_VOO,2026-03-20,False
4489,4445,COPILOTO,2025-09-17,True
2464,1735,COPILOTO,2026-05-11,False
1128,3254,COMANDANTE,2026-03-21,False
3702,3915,MECANICO_BORDO,2026-04-07,True
3447,3137,COMISSARIO_CHEFE,2025-08-29,True
3690,2726,MECANICO_BORDO,2025-09-01,True
2650,120,COPILOTO,2025-12-02,True
2072,858,COMISSARIO,2025-11-18,True
1330,1773,COMISSARIO_CHEFE,2025-11-10,False
4970,2780,COMANDANTE,2025-11-13,True
2735,421,COMANDANTE,2026-03-27,False
1731,2420,COMANDANTE,2026-01-07,True
253,2198,COPILOTO,2026-03-05,True
2376,1595,COMANDANTE,2026-03-02,True
1326,1587,COMISSARIO_CHEFE,2026-01-15,True
3745,2523,COPILOTO,2025-07-05,True
4096,2143,COMISSARIO_CHEFE,2025-11-15,True
4333,1865,COMISSARIO,2026-04-04,True
4721,2834,COPILOTO,2025-11-22,True
2469,1447,COMISSARIO,2025-07-24,True
2633,659,MECANICO_BORDO,2026-05-01,True
4543,1642,ENGENHEIRO_VOO,2025-07-26,True
1032,3690,ENGENHEIRO_VOO,2025-09-17,True
1937,4243,ENGENHEIRO_VOO,2025-08-15,True
4229,2203,COPILOTO,2026-01-26,True
1625,4490,COMANDANTE,2025-12-06,True
4534,2901,COMISSARIO,2025-11-08,True
3782,868,COPILOTO,2025-08-03,True
268,2490,COMISSARIO_CHEFE,2026-04-12,True
4563,2045,COPILOTO,2026-02-22,True
890,4351,COMISSARIO_CHEFE,2025-09-02,True
1906,2781,COMISSARIO,2026-01-20,True
680,2144,ENGENHEIRO_VOO,2025-12-03,False
2299,1019,COMISSARIO,2026-01-04,True
3731,3048,ENGENHEIRO_VOO,2025-09-05,True
1169,1873,COPILOTO,2026-05-24,True
4068,4258,COMANDANTE,2025-07-03,True
457,3457,ENGENHEIRO_VOO,2026-05-17,True
2068,338,COMANDANTE,2026-02-09,True
1488,4402,COPILOTO,2025-06-30,True
1236,3870,ENGENHEIRO_VOO,2026-04-19,True
441,1332,MECANICO_BORDO,2025-07-16,True
1906,4700,MECANICO_BORDO,2025-10-05,False
815,1611,ENGENHEIRO_VOO,2025-06-09,True
2457,2504,COMANDANTE,2025-07-23,True
329,2432,COPILOTO,2025-09-04,True
3269,182,COPILOTO,2025-12-21,True
902,4103,COPILOTO,2025-07-03,True
520,2561,COMISSARIO,2025-12-18,True
2390,4642,COPILOTO,2025-09-30,True
4485,407,ENGENHEIRO_VOO,2025-09-22,True
2434,2105,COPILOTO,2026-02-28,True
1335,4003,COMANDANTE,2026-05-14,False
382,998,COPILOTO,2025-10-27,True
4248,928,COPILOTO,2025-11-24,True
1810,421,ENGENHEIRO_VOO,2026-05-03,True
3032,1129,MECANICO_BORDO,2025-10-22,True
262,2954,COMISSARIO_CHEFE,2025-09-02,True
467,2300,COMANDANTE,2025-08-20,True
2721,2892,COMANDANTE,2025-09-07,True
434,1650,COPILOTO,2026-04-06,True
939,1961,COMANDANTE,2025-06-14,True
2753,576,MECANICO_BORDO,2025-09-24,True
4803,1704,COPILOTO,2025-09-17,True
4798,1536,COMANDANTE,2025-06-23,True
602,4588,COMISSARIO,2026-04-01,True
4695,3824,MECANICO_BORDO,2025-07-08,True
2405,2812,COMISSARIO,2026-04-30,False
3216,4035,MECANICO_BORDO,2025-07-19,True
4654,909,COPILOTO,2025-08-06,True
2811,3869,COMISSARIO_CHEFE,2026-02-18,True
1728,4020,COMISSARIO,2026-01-06,False
938,4140,COPILOTO,2025-10-06,False
4970,1170,COMISSARIO_CHEFE,2025-06-19,False
1004,4106,COPILOTO,2025-12-08,True
2002,2640,COMISSARIO_CHEFE,2026-03-24,True
2501,643,COMISSARIO_CHEFE,2026-01-06,False
1360,4965,COMANDANTE,2026-05-30,False
2578,1690,COMANDANTE,2026-02-02,True
1698,4855,COMISSARIO,2025-11-06,True
1605,509,COMISSARIO,2026-01-17,False
194,4278,COMANDANTE,2025-07-07,False
3670,438,COMANDANTE,2025-09-14,True
1571,2188,COMISSARIO_CHEFE,2025-11-22,False
4764,486,COMISSARIO,2025-11-09,True
2900,2696,COMANDANTE,2025-06-11,True
1384,2675,COPILOTO,2026-04-29,True
3452,2503,COPILOTO,2026-02-07,True
1159,3946,COPILOTO,2025-09-21,True
2767,3248,COMISSARIO_CHEFE,2026-04-11,True
2856,4024,COPILOTO,2026-05-20,False
1203,3116,COPILOTO,2026-02-13,True
3268,3661,ENGENHEIRO_VOO,2026-01-07,False
840,3852,COPILOTO,2025-08-11,True
2203,677,MECANICO_BORDO,2026-02-14,True
3216,1531,COMISSARIO,2025-12-30,True
3795,3613,COMANDANTE,2026-02-22,False
446,2848,MECANICO_BORDO,2025-09-22,True
338,4979,COMISSARIO_CHEFE,2025-10-26,True
3861,646,ENGENHEIRO_VOO,2025-06-28,True
1574,2039,COPILOTO,2025-12-07,True
1590,2875,COMISSARIO,2025-12-27,True
3895,969,MECANICO_BORDO,2026-03-04,True
2209,3942,COPILOTO,2026-01-03,True
1716,581,MECANICO_BORDO,2026-03-28,True
725,4325,COMANDANTE,2025-06-12,True
4292,3995,COMANDANTE,2025-10-01,True
2657,144,COMISSARIO_CHEFE,2025-07-13,True
1538,592,COPILOTO,2025-09-02,False
2893,908,ENGENHEIRO_VOO,2026-05-21,True
1599,4915,COMISSARIO_CHEFE,2026-04-12,True
54,4985,COMANDANTE,2025-08-20,False
2689,4984,COPILOTO,2025-12-02,True
500,1830,ENGENHEIRO_VOO,2026-05-10,True
448,3748,MECANICO_BORDO,2026-04-29,True
1209,913,COMANDANTE,2026-03-06,True
1456,1825,ENGENHEIRO_VOO,2026-05-14,True
2092,1369,MECANICO_BORDO,2026-05-22,True
2953,3020,ENGENHEIRO_VOO,2026-01-02,False
185,2961,COPILOTO,2025-06-21,True
85,4214,COMISSARIO_CHEFE,2025-07-15,True
3116,3214,COMANDANTE,2025-09-11,True
3595,3332,MECANICO_BORDO,2025-08-14,True
3280,3510,COPILOTO,2026-03-06,True
2151,4313,MECANICO_BORDO,2025-10-20,False
3558,4957,ENGENHEIRO_VOO,2025-10-08,True
43,4475,MECANICO_BORDO,2025-10-09,False
4580,435,COMISSARIO,2025-06-24,True
3927,4716,ENGENHEIRO_VOO,2026-01-16,True
4881,2562,ENGENHEIRO_VOO,2026-02-14,True
4679,1871,ENGENHEIRO_VOO,2025-10-09,True
4815,2261,COMISSARIO_CHEFE,2025-09-14,True
2876,302,COMISSARIO,2025-09-27,False
2268,340,COMISSARIO_CHEFE,2025-10-11,True
1826,3171,COMISSARIO_CHEFE,2025-09-26,False
3997,1006,ENGENHEIRO_VOO,2026-01-09,False
3586,4507,ENGENHEIRO_VOO,2026-01-16,True
933,1763,COMISSARIO_CHEFE,2025-10-10,True
1861,3495,COMANDANTE,2025-07-29,True
2271,3396,COPILOTO,2026-02-11,True
3416,1876,COPILOTO,2025-10-04,True
4479,2756,COMISSARIO_CHEFE,2026-01-12,False
2980,1537,ENGENHEIRO_VOO,2025-12-25,True
1371,1574,COMANDANTE,2025-10-30,True
1915,716,COMANDANTE,2025-09-22,True
4453,237,ENGENHEIRO_VOO,2026-03-08,True
1247,359,COMISSARIO,2026-01-15,True
2313,2944,ENGENHEIRO_VOO,2026-03-01,True
2427,2853,COMISSARIO_CHEFE,2026-02-20,True
3055,3146,COMISSARIO_CHEFE,2025-07-23,False
3646,2446,ENGENHEIRO_VOO,2025-09-18,True
36,3675,MECANICO_BORDO,2025-09-13,True
1220,4559,COMISSARIO_CHEFE,2026-01-20,False
861,2738,COMISSARIO,2026-01-03,True
1350,3710,ENGENHEIRO_VOO,2025-08-19,False
4871,1947,COMISSARIO_CHEFE,2026-02-22,True
4724,1232,ENGENHEIRO_VOO,2026-01-23,True
1505,1555,COPILOTO,2025-07-22,True
2524,4973,COMISSARIO_CHEFE,2026-02-27,True
3418,193,COMANDANTE,2025-07-22,False
393,2209,COMISSARIO,2026-03-26,False
3712,4114,COMANDANTE,2026-04-24,True
1554,2255,COPILOTO,2026-01-14,True
4883,4829,COMISSARIO_CHEFE,2025-08-25,True
494,994,COMANDANTE,2026-05-21,True
1919,2128,COMISSARIO,2026-05-20,True
1400,3529,COMISSARIO_CHEFE,2025-12-01,True
2017,3548,MECANICO_BORDO,2025-09-12,True
2802,2410,COMISSARIO_CHEFE,2026-05-19,True
3939,4841,MECANICO_BORDO,2025-11-04,True
4767,262,COMISSARIO_CHEFE,2026-05-01,True
583,3237,ENGENHEIRO_VOO,2025-11-08,True
2218,3504,COPILOTO,2025-09-11,True
4715,3982,COMANDANTE,2026-01-01,False
4532,4225,COMISSARIO_CHEFE,2026-03-10,True
3780,4611,COMISSARIO,2026-02-24,False
4032,168,ENGENHEIRO_VOO,2025-11-21,False
3945,3126,COMISSARIO_CHEFE,2025-10-02,True
2807,3301,COMISSARIO_CHEFE,2026-04-12,False
174,4736,COPILOTO,2026-02-26,False
2786,1707,COMISSARIO,2026-03-22,True
1958,29,COMISSARIO,2025-06-16,True
432,1737,COMANDANTE,2025-08-17,True
3590,1994,MECANICO_BORDO,2026-03-05,True
855,682,COMANDANTE,2025-08-12,True
2520,1798,COMANDANTE,2025-10-22,False
1149,2095,MECANICO_BORDO,2026-01-09,False
3616,823,COMANDANTE,2025-09-30,True
2759,2139,COPILOTO,2025-07-15,True
3366,4303,COMISSARIO_CHEFE,2026-04-17,True
3520,2249,COPILOTO,2025-09-10,True
4390,622,COPILOTO,2025-06-18,True
4336,1509,ENGENHEIRO_VOO,2026-04-09,False
3150,2554,COMISSARIO,2025-10-14,False
4423,327,COMISSARIO,2025-12-01,True
3921,1777,ENGENHEIRO_VOO,2025-10-15,True
4905,436,ENGENHEIRO_VOO,2026-01-26,True
3162,708,COMISSARIO,2026-03-29,True
3022,2320,COMANDANTE,2026-06-01,True
4389,4627,COMISSARIO_CHEFE,2026-01-14,False
2333,3921,COMISSARIO,2025-10-15,True
3430,1239,MECANICO_BORDO,2026-03-04,True
599,1461,ENGENHEIRO_VOO,2026-04-21,False
3823,4371,COMANDANTE,2025-10-01,True
2016,237,COMANDANTE,2026-01-18,False
377,632,COMISSARIO_CHEFE,2025-10-31,False
2687,3036,COMISSARIO,2026-05-11,True
2660,3786,COMANDANTE,2025-10-14,False
1903,4228,COMANDANTE,2025-07-13,True
3419,2424,COMISSARIO_CHEFE,2025-08-14,True
4475,3203,COMISSARIO,2025-07-20,False
1547,607,MECANICO_BORDO,2025-08-07,True
1191,2207,COPILOTO,2026-04-15,True
2517,3478,COMANDANTE,2025-12-24,False
2147,2151,COMANDANTE,2025-06-15,True
2464,2139,COMANDANTE,2026-05-22,False
3463,4286,MECANICO_BORDO,2025-07-08,True
458,3070,MECANICO_BORDO,2026-05-29,True
2644,4135,MECANICO_BORDO,2026-03-07,True
2414,941,COMISSARIO,2026-04-21,False
2976,4748,COMISSARIO,2025-10-16,True
4476,2010,MECANICO_BORDO,2026-03-10,True
274,2063,COPILOTO,2025-07-15,True
3514,1826,COMANDANTE,2025-07-09,True
2712,1314,COMISSARIO,2025-10-02,True
3556,2216,COPILOTO,2025-08-22,True
4752,2668,COPILOTO,2025-12-24,True
969,924,ENGENHEIRO_VOO,2025-10-21,True
2438,1759,COMANDANTE,2026-03-27,True
96,3203,COMANDANTE,2025-08-14,False
4746,4473,MECANICO_BORDO,2025-11-02,True
2875,4635,COMISSARIO_CHEFE,2025-06-17,True
4317,977,COMISSARIO_CHEFE,2025-08-18,True
63,932,COMISSARIO,2025-12-29,True
959,4629,COMISSARIO_CHEFE,2025-09-24,False
1061,842,COMISSARIO_CHEFE,2025-11-10,True
4749,2348,MECANICO_BORDO,2026-04-05,True
1947,3481,ENGENHEIRO_VOO,2026-05-27,True
3338,4599,COMISSARIO_CHEFE,2025-12-02,False
551,1173,COMISSARIO,2025-10-23,True
4171,3347,COMISSARIO,2026-02-10,True
1477,97,MECANICO_BORDO,2026-04-29,True
1026,3215,COMISSARIO,2025-11-23,True
2046,2961,COMISSARIO_CHEFE,2025-09-17,True
225,887,COMISSARIO_CHEFE,2026-04-24,True
3465,1320,COMISSARIO,2026-02-03,True
2387,4047,COMISSARIO_CHEFE,2025-07-19,True
2672,2393,COMISSARIO,2026-01-12,True
1630,729,MECANICO_BORDO,2026-04-14,True
4041,1123,MECANICO_BORDO,2025-08-09,True
603,4161,COPILOTO,2025-09-11,True
3546,2382,COPILOTO,2025-10-28,False
456,3436,COPILOTO,2026-05-21,False
4938,1867,COMISSARIO,2025-10-17,False
4587,703,COPILOTO,2026-01-25,True
3067,1423,COMANDANTE,2025-09-11,False
2318,710,COMANDANTE,2025-06-26,True
136,118,COPILOTO,2025-10-06,False
1058,3215,COMISSARIO,2025-07-01,True
445,3985,MECANICO_BORDO,2025-12-14,True
3843,1748,COMANDANTE,2025-07-02,True
461,1070,COMISSARIO_CHEFE,2026-05-21,False
3748,4613,COPILOTO,2025-07-28,True
1623,3742,ENGENHEIRO_VOO,2025-07-27,True
624,1083,MECANICO_BORDO,2026-03-02,False
228,4843,COPILOTO,2026-03-15,False
3909,4796,COPILOTO,2025-08-07,True
1802,2999,COMISSARIO_CHEFE,2025-07-26,True
4633,1015,COMANDANTE,2026-03-02,False
4420,4415,COMANDANTE,2026-01-10,True
1481,2622,MECANICO_BORDO,2025-06-25,True
3103,944,MECANICO_BORDO,2026-01-22,True
1728,362,COMANDANTE,2025-10-12,True
379,162,ENGENHEIRO_VOO,2025-12-11,True
1033,1433,COMANDANTE,2025-10-24,True
1060,1594,ENGENHEIRO_VOO,2025-06-25,True
2281,153,MECANICO_BORDO,2025-08-06,True
4579,4613,ENGENHEIRO_VOO,2025-08-03,True
277,4011,COMISSARIO_CHEFE,2025-11-23,True
3646,2810,ENGENHEIRO_VOO,2026-03-20,True
4112,2038,ENGENHEIRO_VOO,2026-04-10,True
4529,1168,COPILOTO,2025-06-30,True
61,1151,COPILOTO,2026-01-22,True
2207,1406,COMISSARIO,2026-03-30,True
1817,1330,COMISSARIO_CHEFE,2025-12-09,True
4157,2621,COMISSARIO_CHEFE,2026-03-27,True
4688,4754,COMANDANTE,2025-10-07,False
4890,3677,COMANDANTE,2026-04-01,True
4547,2225,COMISSARIO_CHEFE,2025-11-10,True
906,470,ENGENHEIRO_VOO,2026-02-07,True
2310,572,COPILOTO,2026-04-21,True
1235,1083,COMISSARIO,2025-06-07,True
2283,4342,COPILOTO,2026-01-29,True
1039,2777,COMANDANTE,2025-08-22,True
1396,1209,MECANICO_BORDO,2025-08-16,True
3839,2238,COMISSARIO,2025-11-24,False
3484,862,ENGENHEIRO_VOO,2025-11-23,True
2984,3575,MECANICO_BORDO,2025-09-06,False
1843,3343,MECANICO_BORDO,2026-05-31,True
2662,674,COMISSARIO_CHEFE,2025-08-08,True
4368,2217,MECANICO_BORDO,2025-12-14,True
3242,2897,ENGENHEIRO_VOO,2025-11-07,False
4391,898,COMISSARIO_CHEFE,2025-09-28,True
1791,613,ENGENHEIRO_VOO,2025-11-19,True
306,2901,MECANICO_BORDO,2025-12-22,True
3213,2219,COMISSARIO_CHEFE,2026-02-02,False
2802,3593,COPILOTO,2025-10-25,True
2436,381,COMISSARIO,2025-08-08,True
585,377,MECANICO_BORDO,2026-03-27,True
519,4466,COMANDANTE,2026-01-07,True
1501,2736,MECANICO_BORDO,2026-03-14,False
3216,3582,MECANICO_BORDO,2026-02-08,True
2357,4687,COMISSARIO_CHEFE,2025-11-21,True
4296,3688,MECANICO_BORDO,2026-03-21,True
2740,4228,COMANDANTE,2025-06-29,True
69,2317,ENGENHEIRO_VOO,2026-05-24,True
4650,1604,COMANDANTE,2025-08-10,True
1464,3415,MECANICO_BORDO,2025-12-14,True
2835,1350,COMANDANTE,2025-09-10,False
4900,2830,COMISSARIO,2025-06-09,True
12,2568,COMISSARIO_CHEFE,2025-10-07,False
2509,3067,MECANICO_BORDO,2026-03-23,True
4628,2478,COPILOTO,2025-10-24,True
3790,3260,MECANICO_BORDO,2025-10-13,True
590,3130,COMANDANTE,2025-09-12,True
2854,4982,COMANDANTE,2026-05-27,True
1952,4980,COPILOTO,2025-07-31,False
3703,4213,MECANICO_BORDO,2025-09-02,True
849,570,COMANDANTE,2025-07-22,True
4679,3286,ENGENHEIRO_VOO,2026-03-11,True
3931,2902,COPILOTO,2026-03-16,True
2414,1896,COMANDANTE,2025-12-01,False
1343,4297,ENGENHEIRO_VOO,2025-08-01,True
3961,1451,COMANDANTE,2026-05-25,True
3605,3433,MECANICO_BORDO,2026-01-21,True
4232,2807,ENGENHEIRO_VOO,2025-12-01,True
1042,941,COMISSARIO_CHEFE,2025-06-06,False
1614,2943,COMISSARIO,2025-08-12,True
4260,1202,COMANDANTE,2025-12-02,False
4003,2462,COMANDANTE,2025-12-25,True
2746,4668,COMISSARIO,2026-05-20,True
93,3408,COMISSARIO,2025-11-03,True
2785,2997,COMANDANTE,2025-09-15,True
3938,1906,ENGENHEIRO_VOO,2026-01-13,False
1678,1667,COMISSARIO_CHEFE,2025-07-15,True
646,4441,COPILOTO,2025-08-29,True
4423,4445,ENGENHEIRO_VOO,2026-02-13,True
4332,232,COMISSARIO_CHEFE,2025-08-30,False
1171,3102,COMISSARIO_CHEFE,2026-05-27,False
176,3520,COMANDANTE,2025-07-17,True
4352,3986,COPILOTO,2026-03-30,True
1323,3357,COMANDANTE,2026-03-09,True
871,2880,COMISSARIO,2025-11-02,True
4459,1001,COMANDANTE,2026-04-07,True
1395,2399,MECANICO_BORDO,2025-06-29,False
4271,4228,COMISSARIO_CHEFE,2026-03-19,True
1588,4428,COMANDANTE,2026-05-21,True
1359,2263,COMISSARIO_CHEFE,2025-09-22,True
703,1599,ENGENHEIRO_VOO,2025-10-19,False
2660,925,COPILOTO,2026-06-02,False
857,3817,COMISSARIO_CHEFE,2025-08-18,True
2414,1046,COMANDANTE,2026-03-08,True
4311,2591,COMISSARIO,2026-03-15,True
1044,1288,COMISSARIO_CHEFE,2026-05-06,False
4408,4932,COMISSARIO,2025-12-27,False
489,3524,COPILOTO,2026-05-20,True
3191,2615,COPILOTO,2026-02-09,True
1330,3,COMISSARIO_CHEFE,2025-11-19,True
4165,386,COMISSARIO,2025-09-11,True
1149,4134,ENGENHEIRO_VOO,2025-12-08,True
4315,4858,COMANDANTE,2026-05-28,True
715,1740,COPILOTO,2025-07-14,True
2650,1804,ENGENHEIRO_VOO,2025-10-04,True
601,294,COMISSARIO_CHEFE,2025-10-08,True
4281,375,COPILOTO,2025-12-13,True
150,1648,COPILOTO,2026-01-26,True
590,3884,COMISSARIO_CHEFE,2026-05-13,False
1102,170,COPILOTO,2026-01-13,True
4593,3671,COPILOTO,2026-03-20,True
4270,2625,COMISSARIO,2025-08-12,True
4542,2945,COPILOTO,2026-04-24,True
1393,1835,COMISSARIO_CHEFE,2026-05-19,True
1474,2232,MECANICO_BORDO,2025-10-16,True
2942,1599,ENGENHEIRO_VOO,2025-09-16,True
1584,2155,ENGENHEIRO_VOO,2026-05-10,False
4579,4552,COMANDANTE,2025-06-21,True
752,3608,COMANDANTE,2025-08-13,True
4417,2259,ENGENHEIRO_VOO,2025-11-16,False
4341,1924,COPILOTO,2025-09-19,True
2921,1341,COMISSARIO_CHEFE,2026-03-16,True
3843,13,MECANICO_BORDO,2025-07-27,True
3773,4067,ENGENHEIRO_VOO,2025-11-27,True
4939,287,COMISSARIO_CHEFE,2026-04-15,True
3610,3042,COPILOTO,2026-02-21,False
138,835,COPILOTO,2025-07-07,True
1945,1122,COPILOTO,2026-04-22,False
4481,1345,COMISSARIO,2025-12-15,False
1262,55,COMISSARIO_CHEFE,2025-11-13,True
4200,338,COMISSARIO_CHEFE,2025-09-12,True
715,199,COPILOTO,2026-05-13,False
590,3789,COPILOTO,2025-07-14,True
3134,4760,COMANDANTE,2025-09-19,True
2672,264,MECANICO_BORDO,2026-05-18,True
1512,4013,COPILOTO,2025-10-22,False
3678,2997,COMANDANTE,2025-09-06,True
3988,3238,COMISSARIO_CHEFE,2026-03-22,True
2104,4775,ENGENHEIRO_VOO,2025-12-08,True
4701,3181,COMANDANTE,2026-05-17,True
1954,1445,COPILOTO,2025-08-16,True
1551,3686,COPILOTO,2025-08-28,False
3737,3275,COMISSARIO,2025-11-18,True
1667,3876,COMISSARIO_CHEFE,2025-12-23,True
955,363,COPILOTO,2025-10-26,True
2030,2280,COMISSARIO_CHEFE,2025-06-20,True
1895,2850,MECANICO_BORDO,2025-08-02,True
1611,4084,MECANICO_BORDO,2025-06-15,True
2662,1795,COPILOTO,2026-02-24,True
700,3823,ENGENHEIRO_VOO,2025-09-07,False
1741,4578,COMISSARIO_CHEFE,2025-06-02,False
4019,4340,COMANDANTE,2026-03-16,True
3353,3365,COMISSARIO,2026-04-12,True
3839,852,COMISSARIO,2025-07-20,True
2120,4867,MECANICO_BORDO,2025-10-16,True
912,1535,ENGENHEIRO_VOO,2025-06-29,True
2681,4272,COMANDANTE,2025-09-02,True
1108,4870,COPILOTO,2025-09-14,True
1916,615,COMANDANTE,2025-10-13,False
1167,3485,COMISSARIO,2025-11-29,True
4971,348,COPILOTO,2026-02-27,True
4083,3441,ENGENHEIRO_VOO,2026-01-13,True
4161,1216,COPILOTO,2026-04-12,True
3436,1910,COMANDANTE,2025-10-25,True
685,1074,COPILOTO,2026-05-16,True
2810,3773,COMANDANTE,2025-09-18,True
4585,1519,COPILOTO,2025-12-30,False
1118,3230,COPILOTO,2025-12-18,True
2392,4578,MECANICO_BORDO,2025-12-16,True
3627,3380,COMISSARIO,2025-11-30,True
1460,4169,MECANICO_BORDO,2025-07-13,True
3474,1540,COMANDANTE,2026-01-28,True
1446,1405,COMISSARIO_CHEFE,2026-01-23,True
4403,2309,COMANDANTE,2025-07-11,True
1874,1259,COMISSARIO_CHEFE,2026-01-27,False
1257,2907,COMISSARIO,2026-04-10,False
3447,3347,COMANDANTE,2025-09-10,True
400,4311,COMISSARIO,2025-07-14,True
2046,194,COMISSARIO_CHEFE,2025-07-08,True
262,1839,COPILOTO,2025-06-14,True
3401,3483,COMISSARIO_CHEFE,2026-03-18,True
270,3582,COMISSARIO,2025-07-07,True
229,1977,COMISSARIO,2026-03-20,True
182,1609,ENGENHEIRO_VOO,2025-09-13,True
4795,4638,COMANDANTE,2025-10-03,True
1389,479,COMANDANTE,2025-06-07,True
4764,1365,ENGENHEIRO_VOO,2025-11-17,True
290,3013,COMISSARIO_CHEFE,2025-07-04,False
758,413,MECANICO_BORDO,2025-11-04,False
594,4934,COMANDANTE,2026-04-12,False
1537,543,ENGENHEIRO_VOO,2026-04-11,True
2855,2377,MECANICO_BORDO,2026-05-16,True
3233,565,COMISSARIO,2026-03-05,False
4291,4711,COMISSARIO,2026-02-10,True
981,2971,COMANDANTE,2025-07-01,False
2482,4671,COMANDANTE,2025-10-08,True
2496,3140,COPILOTO,2025-06-18,True
1641,2106,ENGENHEIRO_VOO,2025-12-12,True
3924,2369,ENGENHEIRO_VOO,2025-08-12,True
2384,4674,COPILOTO,2026-03-04,True
3477,2250,COPILOTO,2026-01-09,True
44,4562,COPILOTO,2025-07-12,False
3639,636,COMISSARIO_CHEFE,2026-05-14,True
2609,2672,COPILOTO,2026-01-23,True
2404,868,COPILOTO,2025-11-12,True
2834,139,COPILOTO,2025-06-26,True
4714,2982,COPILOTO,2026-02-06,True
4393,4927,COMISSARIO,2025-11-09,False
508,2189,MECANICO_BORDO,2026-05-25,False
2396,3609,COMANDANTE,2025-07-14,True
3005,4209,COMISSARIO_CHEFE,2025-09-14,True
4378,4026,COMISSARIO,2026-05-29,True
1808,1599,COMANDANTE,2025-09-23,True
3016,157,COMISSARIO_CHEFE,2026-01-23,False
3820,4639,COPILOTO,2025-09-23,True
394,4951,ENGENHEIRO_VOO,2026-02-28,False
3810,4397,MECANICO_BORDO,2025-12-18,True
4738,417,COMISSARIO,2025-07-24,True
1139,3962,ENGENHEIRO_VOO,2025-07-28,True
561,3398,COMISSARIO,2025-06-06,False
2961,700,COMISSARIO_CHEFE,2025-07-31,False
2599,947,COMISSARIO_CHEFE,2025-12-01,True
4813,1325,ENGENHEIRO_VOO,2025-11-27,True
3510,3416,COMISSARIO_CHEFE,2025-10-22,True
3570,1248,COPILOTO,2025-09-07,False
4428,4120,COMISSARIO,2025-09-13,True
1931,469,ENGENHEIRO_VOO,2026-03-11,True
4492,3543,COMISSARIO,2025-07-11,False
3992,361,COMANDANTE,2026-04-15,True
4428,1939,COMISSARIO,2025-06-14,True
613,4602,COPILOTO,2026-01-12,True
1401,868,COMISSARIO_CHEFE,2026-01-12,True
2293,2642,MECANICO_BORDO,2025-09-03,False
647,131,MECANICO_BORDO,2026-05-17,True
897,1723,COPILOTO,2025-10-12,True
816,2388,ENGENHEIRO_VOO,2025-12-22,True
430,3633,MECANICO_BORDO,2025-10-20,True
3728,4969,COMISSARIO,2025-07-31,True
4541,515,COMANDANTE,2025-07-23,True
2219,1624,MECANICO_BORDO,2025-11-24,False
1379,958,COMISSARIO_CHEFE,2025-09-18,True
2921,3294,COPILOTO,2026-05-06,True
3665,4964,MECANICO_BORDO,2026-04-29,True
2333,1491,COMISSARIO,2025-07-18,True
1435,4737,MECANICO_BORDO,2026-04-24,True
73,2763,COMISSARIO,2025-11-06,False
3999,3619,MECANICO_BORDO,2025-09-07,True
2355,1683,COMANDANTE,2026-05-01,False
1248,2589,ENGENHEIRO_VOO,2025-12-06,False
1875,2920,MECANICO_BORDO,2025-06-28,True
40,1103,COMISSARIO,2026-01-07,True
147,4404,MECANICO_BORDO,2026-03-13,True
2754,1124,COPILOTO,2026-05-04,True
4909,1838,ENGENHEIRO_VOO,2026-01-19,True
293,1039,COPILOTO,2025-08-09,True
1999,4289,COMANDANTE,2025-07-03,True
2786,2584,COMISSARIO_CHEFE,2025-07-24,True
264,4738,MECANICO_BORDO,2026-03-06,False
1569,4690,COPILOTO,2025-12-19,True
1032,843,COMANDANTE,2025-06-28,True
1005,559,COMISSARIO_CHEFE,2026-02-02,False
3151,1489,COMISSARIO_CHEFE,2026-02-19,True
1511,1295,ENGENHEIRO_VOO,2025-12-24,True
1494,4481,COPILOTO,2026-02-18,True
4679,3582,ENGENHEIRO_VOO,2025-10-09,True
1861,596,MECANICO_BORDO,2025-12-12,True
645,3030,MECANICO_BORDO,2026-05-20,True
3997,1358,COMISSARIO,2026-04-14,True
1433,2476,COPILOTO,2025-07-07,True
3234,4027,MECANICO_BORDO,2025-10-29,True
4332,2067,COMISSARIO_CHEFE,2026-05-26,False
1337,1259,ENGENHEIRO_VOO,2025-08-29,True
3094,1796,COMANDANTE,2026-04-26,True
2073,2522,MECANICO_BORDO,2025-06-30,True
1998,4373,MECANICO_BORDO,2025-06-18,True
3681,2109,COMISSARIO,2025-08-27,True
1206,3873,COPILOTO,2025-06-09,False
1164,2955,ENGENHEIRO_VOO,2025-07-08,True
806,3524,MECANICO_BORDO,2025-06-17,True
1220,2311,COMISSARIO,2026-04-14,True
4388,1020,MECANICO_BORDO,2026-03-22,True
745,3835,COMISSARIO_CHEFE,2025-08-23,True
2192,2491,COMISSARIO,2025-08-16,True
3883,4611,COMISSARIO,2026-02-10,True
4918,2328,COMANDANTE,2026-01-06,False
3778,1524,COPILOTO,2026-04-27,True
4690,1468,COPILOTO,2026-02-11,True
150,746,COMISSARIO_CHEFE,2026-03-28,False
4951,2589,MECANICO_BORDO,2026-01-17,False
504,4287,MECANICO_BORDO,2025-12-08,True
3692,2006,MECANICO_BORDO,2025-06-02,True
613,2013,COMANDANTE,2025-08-26,True
819,2099,COMISSARIO_CHEFE,2026-05-22,True
2274,2160,COMISSARIO,2025-10-07,True
4214,2825,MECANICO_BORDO,2026-03-24,True
2992,1259,COPILOTO,2025-07-12,True
4502,4514,COMISSARIO,2026-05-20,True
3675,2788,ENGENHEIRO_VOO,2025-10-24,True
1003,1496,COPILOTO,2025-10-22,True
1052,4462,COPILOTO,2025-12-07,True
2505,2577,COMANDANTE,2026-01-27,False
3834,696,MECANICO_BORDO,2026-04-06,True
1289,534,MECANICO_BORDO,2025-10-11,False
1107,753,ENGENHEIRO_VOO,2025-08-31,False
3900,2195,COPILOTO,2026-02-24,False
4748,1289,COMANDANTE,2026-04-07,True
2639,4178,COPILOTO,2025-11-05,False
4487,3151,COMANDANTE,2025-09-12,True
2305,1455,COMANDANTE,2026-03-15,True
3167,90,COMISSARIO_CHEFE,2025-07-30,True
3989,4289,MECANICO_BORDO,2026-05-03,True
4002,1407,MECANICO_BORDO,2025-06-28,False
1321,1611,COMISSARIO_CHEFE,2026-03-12,True
2345,4219,COMANDANTE,2025-08-21,False
1512,2278,MECANICO_BORDO,2026-02-20,True
2964,2739,COMISSARIO_CHEFE,2025-12-08,True
1993,4264,ENGENHEIRO_VOO,2026-01-27,True
253,664,COMISSARIO,2025-06-27,True
3416,3310,COMISSARIO_CHEFE,2025-07-14,True
922,3456,MECANICO_BORDO,2026-03-11,False
824,2466,ENGENHEIRO_VOO,2026-04-10,True
4954,1373,MECANICO_BORDO,2025-10-02,False
4287,1644,MECANICO_BORDO,2025-10-31,True
3146,16,COMANDANTE,2026-01-13,True
3831,1064,COMANDANTE,2026-01-22,False
3993,1519,COMISSARIO,2026-05-06,True
3487,1522,COMANDANTE,2025-11-23,False
2682,1705,COMISSARIO_CHEFE,2026-05-27,True
4980,2568,ENGENHEIRO_VOO,2025-07-04,False
3464,4396,COMISSARIO_CHEFE,2025-10-19,True
2281,2835,ENGENHEIRO_VOO,2026-05-31,True
4075,228,COMISSARIO_CHEFE,2025-06-15,True
2070,2507,MECANICO_BORDO,2026-05-07,True
1568,1178,COMISSARIO,2026-01-06,False
863,3512,COMISSARIO,2026-05-29,True
1095,3427,COMISSARIO_CHEFE,2026-03-30,True
1579,357,COMISSARIO,2025-09-10,True
2141,2693,COMANDANTE,2025-06-15,True
450,1859,COMANDANTE,2025-11-22,True
4190,2264,COMISSARIO_CHEFE,2025-11-06,True
3698,1085,COMISSARIO_CHEFE,2025-11-11,True
2174,263,ENGENHEIRO_VOO,2026-04-14,False
1330,2998,COPILOTO,2026-01-28,True
1908,3515,MECANICO_BORDO,2025-11-30,True
4520,4005,COMISSARIO,2026-01-23,True
4204,278,COMISSARIO,2026-03-06,True
4512,306,COPILOTO,2026-04-08,True
1537,2395,MECANICO_BORDO,2025-07-13,False
1822,929,COMANDANTE,2026-05-26,True
2547,702,MECANICO_BORDO,2026-04-19,True
3230,4732,COPILOTO,2025-12-04,True
3195,2856,COMISSARIO,2025-12-25,True
4463,3985,MECANICO_BORDO,2025-08-28,True
794,1376,COPILOTO,2025-11-19,True
4767,1554,COMANDANTE,2025-09-29,True
4593,2343,COMISSARIO,2025-11-02,True
4785,1725,COMANDANTE,2026-02-17,True
3082,1759,COPILOTO,2026-04-05,True
426,3281,COMISSARIO,2025-10-01,True
2400,2526,MECANICO_BORDO,2026-06-02,True
745,4584,COMISSARIO_CHEFE,2025-09-04,True
2280,902,COMANDANTE,2025-12-14,True
3456,3652,COMISSARIO,2026-03-12,True
1413,924,COMANDANTE,2026-03-18,True
273,2008,COMISSARIO_CHEFE,2026-04-14,True
2081,2810,MECANICO_BORDO,2026-02-14,True
4312,535,COMISSARIO,2026-04-11,True
2759,3853,COMISSARIO_CHEFE,2026-04-28,True
641,540,COMISSARIO_CHEFE,2025-06-02,False
2374,548,MECANICO_BORDO,2025-08-24,True
3062,2567,COPILOTO,2026-05-31,True
4990,1101,COMISSARIO,2025-11-11,True
299,4144,MECANICO_BORDO,2026-02-02,True
3936,4975,COMANDANTE,2025-11-29,False
2531,3631,MECANICO_BORDO,2026-02-07,True
1535,373,COMANDANTE,2025-07-27,True
2095,1853,COMISSARIO,2025-08-15,True
4914,2559,COMISSARIO_CHEFE,2025-06-25,True
31,4571,COPILOTO,2025-06-17,True
2667,780,COMISSARIO_CHEFE,2026-05-20,True
3124,2308,COMISSARIO_CHEFE,2025-11-30,False
3681,1787,COPILOTO,2026-01-26,True
4347,2771,COPILOTO,2025-07-14,True
1715,1131,COMISSARIO_CHEFE,2025-10-10,False
3286,3852,COMANDANTE,2026-05-11,False
801,1956,COMANDANTE,2025-09-07,False
434,2946,COMANDANTE,2025-10-26,True
1609,48,COPILOTO,2026-05-25,True
3616,1665,COPILOTO,2026-02-11,True
811,2525,MECANICO_BORDO,2026-04-09,False
4729,1981,COMISSARIO_CHEFE,2025-06-06,True
2477,4968,COMISSARIO_CHEFE,2025-11-08,True
765,203,ENGENHEIRO_VOO,2026-02-10,True
320,3564,MECANICO_BORDO,2025-06-04,True
356,2703,COMANDANTE,2025-07-09,True
1055,1384,COMISSARIO,2025-10-12,True
4502,2088,COMISSARIO,2025-09-21,True
4862,3929,COPILOTO,2026-02-20,True
3048,4976,COMANDANTE,2025-12-17,True
2537,1941,ENGENHEIRO_VOO,2026-04-02,True
2706,1903,COMISSARIO_CHEFE,2025-08-01,True
2850,2782,ENGENHEIRO_VOO,2025-11-23,True
4062,1294,MECANICO_BORDO,2026-04-18,True
355,3847,COMANDANTE,2025-08-01,True
4423,3512,COMISSARIO,2025-08-11,True
344,152,COMANDANTE,2025-06-05,False
3946,990,COMISSARIO_CHEFE,2025-06-08,True
2396,4839,MECANICO_BORDO,2025-11-15,True
4637,1628,MECANICO_BORDO,2026-02-23,True
3254,2851,ENGENHEIRO_VOO,2026-01-29,True
2520,2939,COPILOTO,2025-11-30,True
491,3871,MECANICO_BORDO,2026-02-28,False
2352,345,COMANDANTE,2026-04-22,False
4384,4462,MECANICO_BORDO,2026-05-11,True
1454,4645,ENGENHEIRO_VOO,2025-12-13,True
3331,389,COMANDANTE,2026-03-29,True
694,4612,ENGENHEIRO_VOO,2025-12-07,False
1560,2177,COMANDANTE,2026-04-03,True
1206,965,COPILOTO,2025-12-13,False
266,2559,COPILOTO,2025-09-19,False
2001,2198,COMANDANTE,2025-12-25,True
4870,1215,COMISSARIO_CHEFE,2026-05-03,True
132,3755,COMISSARIO,2026-01-07,True
2461,3164,COMISSARIO,2026-02-03,False
3288,1489,COPILOTO,2026-04-18,True
4617,4546,COMISSARIO,2026-02-25,True
1774,4767,COMISSARIO_CHEFE,2026-01-20,False
2718,4836,COPILOTO,2025-06-22,True
2665,4048,COMISSARIO_CHEFE,2026-03-25,True
2130,3286,COPILOTO,2025-06-24,True
2212,3018,COPILOTO,2026-02-12,True
2902,3866,MECANICO_BORDO,2026-02-16,True
4366,3092,MECANICO_BORDO,2025-12-25,True
3256,1515,ENGENHEIRO_VOO,2026-05-05,True
1159,304,COMISSARIO_CHEFE,2026-03-14,True
667,3735,COPILOTO,2025-11-04,True
429,3652,COPILOTO,2026-05-05,True
1838,2853,COMISSARIO_CHEFE,2025-09-07,True
385,2339,ENGENHEIRO_VOO,2025-11-15,True
2111,2177,ENGENHEIRO_VOO,2025-12-05,False
1774,3859,COMISSARIO,2025-10-18,False
1748,199,COMISSARIO_CHEFE,2025-08-11,True
3151,2591,COMISSARIO,2026-01-01,True
1673,2234,ENGENHEIRO_VOO,2025-06-16,True
710,3861,COPILOTO,2025-11-27,True
2905,3449,COMANDANTE,2025-10-03,False
1256,1924,ENGENHEIRO_VOO,2025-09-20,True
544,1141,COPILOTO,2025-08-11,True
2341,4165,ENGENHEIRO_VOO,2026-05-04,True
3377,170,ENGENHEIRO_VOO,2025-06-13,True
2289,4664,COPILOTO,2026-04-10,False
2878,2413,COMISSARIO_CHEFE,2025-07-11,True
685,3629,COMISSARIO,2026-03-02,True
2174,523,COPILOTO,2025-10-01,True
2523,1542,COPILOTO,2025-08-08,True
1492,1843,COMISSARIO,2026-04-03,True
4187,3129,COMANDANTE,2026-01-13,True
2341,1197,ENGENHEIRO_VOO,2026-03-27,True
1081,3572,MECANICO_BORDO,2025-11-08,True
2129,2945,ENGENHEIRO_VOO,2026-01-09,True
4983,4836,COMISSARIO_CHEFE,2026-01-15,True
461,2906,COMISSARIO,2025-12-24,False
2138,2989,COMISSARIO_CHEFE,2025-12-30,True
1133,4388,ENGENHEIRO_VOO,2025-10-13,False
3491,3677,MECANICO_BORDO,2025-11-28,True
3159,1924,COMISSARIO_CHEFE,2026-02-03,True
3123,2843,ENGENHEIRO_VOO,2026-01-15,True
1072,1046,COMISSARIO,2026-03-01,True
2705,989,COPILOTO,2026-05-03,True
1634,1975,COPILOTO,2025-08-25,True
3145,266,COMISSARIO,2025-12-28,False
1251,2502,ENGENHEIRO_VOO,2026-02-21,True
4102,2255,MECANICO_BORDO,2026-04-10,True
3152,1661,COPILOTO,2025-08-27,True
4642,3620,ENGENHEIRO_VOO,2025-09-14,False
4785,4005,COMANDANTE,2025-07-20,True
3136,4726,MECANICO_BORDO,2025-08-30,False
181,3759,COPILOTO,2026-01-04,True
3636,3299,COMANDANTE,2025-07-17,True
3929,2418,COMISSARIO_CHEFE,2026-05-05,True
2361,2451,COMISSARIO,2026-05-30,True
4100,759,COMISSARIO_CHEFE,2025-08-26,True
217,3387,COMISSARIO,2026-01-27,True
1358,4715,ENGENHEIRO_VOO,2025-07-15,True
967,1345,COMISSARIO,2025-09-21,True
1492,1880,MECANICO_BORDO,2025-06-12,True
3900,4845,MECANICO_BORDO,2025-10-22,True
4572,2065,ENGENHEIRO_VOO,2026-04-16,True
4418,2602,COMISSARIO_CHEFE,2025-09-17,True
4627,540,MECANICO_BORDO,2025-10-17,True
227,2603,COMISSARIO_CHEFE,2025-11-16,True
4806,1913,MECANICO_BORDO,2025-12-31,True
729,1567,ENGENHEIRO_VOO,2025-07-08,True
467,3914,COMANDANTE,2025-08-03,True
2630,4811,COPILOTO,2026-03-08,True
1162,3086,COMISSARIO_CHEFE,2026-04-04,False
2284,4870,COMISSARIO,2025-10-06,True
4533,278,COMISSARIO,2026-01-28,True
3262,2313,COMANDANTE,2026-02-04,True
3851,1398,COMISSARIO_CHEFE,2025-09-12,False
1542,49,ENGENHEIRO_VOO,2025-06-20,True
1623,459,MECANICO_BORDO,2025-07-19,True
1951,226,COPILOTO,2026-03-24,True
3890,991,COMISSARIO_CHEFE,2025-12-29,True
1676,367,COMISSARIO,2026-01-24,False
389,4623,MECANICO_BORDO,2026-02-14,False
3968,4728,ENGENHEIRO_VOO,2026-02-19,True
2244,2694,COMISSARIO,2026-03-02,True
3936,453,ENGENHEIRO_VOO,2026-04-14,False
2274,4472,COMANDANTE,2025-12-14,True
2289,636,COMISSARIO,2025-06-10,True
2253,4052,COMANDANTE,2025-10-25,True
3137,1903,COPILOTO,2025-08-22,True
907,3219,COMISSARIO_CHEFE,2025-12-17,True
3801,3127,MECANICO_BORDO,2026-02-20,True
4156,185,COPILOTO,2026-03-10,True
4798,2955,COPILOTO,2025-12-14,False
4485,2903,COPILOTO,2025-07-27,True
4404,931,COMISSARIO_CHEFE,2026-05-06,True
1255,1238,COMANDANTE,2026-01-16,False
1196,9,MECANICO_BORDO,2025-12-07,True
3487,2250,COMANDANTE,2025-07-24,True
1274,4499,COMISSARIO,2025-08-22,True
427,1001,COPILOTO,2025-11-09,False
2756,1096,COPILOTO,2025-07-03,False
1712,2090,COMANDANTE,2025-07-18,True
794,1628,MECANICO_BORDO,2026-05-24,True
2948,4414,ENGENHEIRO_VOO,2026-01-01,True
1312,2662,COMISSARIO_CHEFE,2025-10-07,True
1513,4367,MECANICO_BORDO,2025-11-25,True
2037,146,COMISSARIO,2026-04-23,False
587,4939,COMISSARIO,2026-02-19,True
3695,3303,COMISSARIO,2025-12-10,False
4741,2738,MECANICO_BORDO,2026-04-04,False
4125,3515,MECANICO_BORDO,2025-12-08,True
1557,1753,COMISSARIO_CHEFE,2026-01-17,True
213,2667,COMISSARIO_CHEFE,2026-05-15,True
2414,1575,ENGENHEIRO_VOO,2025-10-05,True
34,4843,COPILOTO,2025-07-08,True
608,2868,COMISSARIO_CHEFE,2025-08-02,True
2847,4550,COPILOTO,2026-02-14,False
4209,2806,COMANDANTE,2025-09-24,False
3718,2178,COMISSARIO_CHEFE,2025-07-05,False
3045,1376,COMANDANTE,2025-12-06,True
1600,3436,ENGENHEIRO_VOO,2026-05-24,False
4115,4427,COMANDANTE,2026-02-19,False
1375,1669,COMISSARIO_CHEFE,2026-01-27,True
4305,4221,COMISSARIO_CHEFE,2026-02-20,False
2213,747,COMISSARIO_CHEFE,2026-05-07,True
4289,162,ENGENHEIRO_VOO,2026-01-02,True
3754,4045,COPILOTO,2026-04-02,True
2719,1297,COMANDANTE,2025-09-12,True
4103,4131,COMISSARIO,2025-08-25,False
1921,1997,MECANICO_BORDO,2025-08-25,True
3711,4760,COMISSARIO,2026-02-12,True
3422,3224,MECANICO_BORDO,2026-05-03,False
4580,2822,COMISSARIO,2026-01-17,True
2746,2670,COMISSARIO,2026-01-06,True
2523,80,COMISSARIO_CHEFE,2025-08-10,True
2084,3527,MECANICO_BORDO,2025-07-11,True
3454,4345,COPILOTO,2026-02-08,True
627,4335,ENGENHEIRO_VOO,2026-03-28,True
694,2520,COPILOTO,2025-06-16,True
834,3572,COMANDANTE,2025-09-26,True
1193,3278,COMISSARIO_CHEFE,2026-03-03,False
3193,2343,COMISSARIO,2026-04-21,False
3904,1441,MECANICO_BORDO,2026-05-16,True
2523,1189,COPILOTO,2025-07-15,True
2393,1026,ENGENHEIRO_VOO,2026-01-11,True
1516,2854,COMANDANTE,2025-08-05,False
4561,3199,COMISSARIO,2026-04-19,True
2589,4398,COPILOTO,2026-04-19,True
1502,1816,COMISSARIO_CHEFE,2025-08-07,True
1219,32,COMISSARIO_CHEFE,2025-09-19,True
1395,3034,COMISSARIO_CHEFE,2026-03-10,True
3361,3273,COPILOTO,2025-10-20,True
1501,3645,MECANICO_BORDO,2025-06-06,False
966,1478,ENGENHEIRO_VOO,2026-03-05,True
1725,4421,COMISSARIO_CHEFE,2026-02-22,True
4835,959,ENGENHEIRO_VOO,2026-06-02,True
3264,2833,COMANDANTE,2026-03-25,True
1932,4796,COMISSARIO,2026-04-20,False
67,1945,COPILOTO,2026-03-09,True
2430,3401,MECANICO_BORDO,2026-04-27,True
1976,2989,COMISSARIO_CHEFE,2025-10-31,True
4463,4333,COMISSARIO,2025-09-08,True
2141,739,ENGENHEIRO_VOO,2025-09-14,True
57,1379,MECANICO_BORDO,2025-08-12,True
3235,1941,COPILOTO,2025-09-03,True
422,2067,COMANDANTE,2026-04-06,True
1778,2980,ENGENHEIRO_VOO,2026-02-04,True
760,4478,COPILOTO,2025-09-29,True
4705,2126,COMISSARIO_CHEFE,2025-07-19,True
4819,221,ENGENHEIRO_VOO,2025-11-11,True
354,2173,COPILOTO,2026-01-02,True
3187,1365,ENGENHEIRO_VOO,2025-11-24,True
373,2,ENGENHEIRO_VOO,2025-06-14,True
3068,4203,COMANDANTE,2025-08-06,True
1400,2584,MECANICO_BORDO,2025-12-13,True
417,4052,COPILOTO,2025-07-10,True
1454,3397,MECANICO_BORDO,2025-06-30,True
3513,3273,MECANICO_BORDO,2025-11-01,True
935,4409,COMANDANTE,2026-04-14,True
2217,4097,ENGENHEIRO_VOO,2025-12-08,True
4454,4788,ENGENHEIRO_VOO,2025-10-09,True
1861,3763,COMISSARIO_CHEFE,2026-02-01,True
4522,2837,ENGENHEIRO_VOO,2026-02-18,True
3845,4679,COMISSARIO,2026-03-14,True
2718,2951,MECANICO_BORDO,2025-06-15,True
3045,3388,COPILOTO,2026-05-02,True
2835,537,COMISSARIO_CHEFE,2025-07-22,False
3077,354,COMANDANTE,2025-07-29,True
3356,3051,COPILOTO,2025-06-07,True
4581,2694,ENGENHEIRO_VOO,2026-03-24,True
1197,4980,ENGENHEIRO_VOO,2026-01-19,True
4537,1005,ENGENHEIRO_VOO,2026-02-26,True
4015,4552,COMANDANTE,2026-03-13,True
2086,42,COMISSARIO_CHEFE,2026-01-28,True
4683,4100,MECANICO_BORDO,2025-08-09,True
3566,504,MECANICO_BORDO,2025-09-09,True
966,913,MECANICO_BORDO,2025-11-01,True
2936,4990,ENGENHEIRO_VOO,2025-06-22,False
3352,4995,COMANDANTE,2025-11-28,True
4642,1468,COMANDANTE,2026-04-20,True
3854,3995,COMISSARIO_CHEFE,2025-11-10,True
4286,1433,ENGENHEIRO_VOO,2025-08-11,True
1863,2040,ENGENHEIRO_VOO,2026-04-28,True
3882,2552,COMANDANTE,2025-11-14,True
4122,3811,COMISSARIO,2025-08-20,True
1178,1798,COMISSARIO,2026-04-14,True
4715,1649,COMANDANTE,2025-08-01,False
3461,3606,COMISSARIO,2025-11-23,True
4353,3156,MECANICO_BORDO,2025-09-07,True
1957,1251,COMISSARIO_CHEFE,2026-01-08,False
4153,3240,COMANDANTE,2026-05-24,True
1180,1736,ENGENHEIRO_VOO,2025-07-25,True
1505,2798,COMANDANTE,2026-03-15,False
4823,4080,MECANICO_BORDO,2025-10-13,True
2381,3257,ENGENHEIRO_VOO,2025-10-26,True
2630,280,COMANDANTE,2025-07-18,True
955,739,COMANDANTE,2025-08-06,False
3327,3575,COMISSARIO,2025-12-28,True
2378,4234,COMANDANTE,2025-10-05,True
3986,3861,COMISSARIO_CHEFE,2025-09-01,False
4372,1340,COMISSARIO,2026-01-15,True
4391,841,COMISSARIO,2025-09-05,True
4856,3151,MECANICO_BORDO,2025-08-20,False
4752,932,COMISSARIO_CHEFE,2025-07-17,True
602,1042,MECANICO_BORDO,2025-07-11,True
1045,120,COMANDANTE,2025-09-04,False
2966,2507,COMISSARIO,2025-08-08,False
1192,860,ENGENHEIRO_VOO,2025-06-21,False
699,1287,COMISSARIO,2025-06-17,True
2765,2081,COPILOTO,2026-01-06,True
4996,3647,COMISSARIO_CHEFE,2025-07-22,True
4833,974,ENGENHEIRO_VOO,2025-06-18,False
4617,3366,COMISSARIO_CHEFE,2026-05-15,True
1253,537,ENGENHEIRO_VOO,2026-03-13,False
1102,2575,ENGENHEIRO_VOO,2026-03-07,True
331,4946,MECANICO_BORDO,2026-03-24,True
4844,3902,ENGENHEIRO_VOO,2025-10-23,False
388,4576,ENGENHEIRO_VOO,2025-12-31,True
1082,175,COMISSARIO,2025-07-11,True
3185,1978,COMANDANTE,2025-06-13,True
4194,1144,COMISSARIO_CHEFE,2026-02-19,False
3715,1547,COPILOTO,2026-02-16,False
964,742,COPILOTO,2025-11-21,True
1107,1583,COMISSARIO_CHEFE,2025-10-25,True
1963,1073,MECANICO_BORDO,2026-01-19,True
720,2597,COMISSARIO,2025-09-01,True
590,4599,COMISSARIO_CHEFE,2025-12-29,True
2550,1984,COPILOTO,2025-07-05,True
3942,4868,COMANDANTE,2026-02-21,True
3316,500,COMISSARIO,2025-09-06,False
4769,868,MECANICO_BORDO,2025-10-28,True
97,232,COPILOTO,2025-06-24,True
961,1729,COMISSARIO,2026-02-07,True
300,2728,ENGENHEIRO_VOO,2025-07-21,True
2524,50,COMISSARIO_CHEFE,2026-01-21,True
463,842,COMANDANTE,2025-07-11,False
1276,2477,ENGENHEIRO_VOO,2026-04-02,True
1858,1952,COMISSARIO,2026-04-20,False
3952,2387,COMISSARIO,2026-04-03,True
3202,3868,COMISSARIO,2026-04-19,True
2222,548,COMISSARIO_CHEFE,2026-01-27,True
378,4742,COPILOTO,2025-11-13,True
246,162,COPILOTO,2025-07-16,True
1018,2546,COPILOTO,2025-11-13,True
1655,2571,COMISSARIO_CHEFE,2025-07-11,True
4630,4776,ENGENHEIRO_VOO,2025-12-24,True
14,3522,MECANICO_BORDO,2025-10-05,False
3558,853,MECANICO_BORDO,2025-11-30,False
3821,1877,COMISSARIO_CHEFE,2025-10-30,True
1742,2313,COMANDANTE,2025-08-01,True
2055,2665,COPILOTO,2025-09-27,False
970,1186,COMISSARIO_CHEFE,2025-12-11,True
4171,418,ENGENHEIRO_VOO,2026-04-07,True
4688,1525,MECANICO_BORDO,2025-07-30,True
965,2786,COMANDANTE,2026-03-02,True
2938,3193,COPILOTO,2026-02-28,True
2970,2997,COMISSARIO,2025-12-03,True
3372,3099,COMANDANTE,2026-02-26,True
881,4657,COMISSARIO,2025-10-07,True
4980,691,COMISSARIO,2026-02-16,True
4522,3752,COMANDANTE,2025-12-31,True
4672,3381,COMISSARIO,2026-02-25,True
1425,95,COMISSARIO_CHEFE,2025-07-03,True
873,3737,COMISSARIO,2026-05-11,True
101,2159,ENGENHEIRO_VOO,2026-01-23,True
3163,1716,MECANICO_BORDO,2026-04-02,True
3507,2023,COMANDANTE,2025-06-16,True
1433,1472,COMISSARIO,2025-12-20,True
4884,3426,COPILOTO,2026-02-25,True
4559,1389,COMANDANTE,2025-07-05,True
3200,3365,ENGENHEIRO_VOO,2025-10-07,True
2768,2807,ENGENHEIRO_VOO,2026-03-30,False
1511,947,COMANDANTE,2025-09-23,True
4618,1141,COMANDANTE,2025-12-19,False
262,4344,COMISSARIO,2025-10-12,False
506,2619,COMANDANTE,2026-04-03,True
3441,3285,COMANDANTE,2026-04-02,True
4408,4697,COMANDANTE,2025-06-20,True
2706,2941,COMISSARIO,2026-02-07,True
750,3844,MECANICO_BORDO,2025-06-14,True
847,3971,COMISSARIO,2025-08-21,True
2802,1977,COPILOTO,2025-06-30,True
568,4736,MECANICO_BORDO,2025-06-21,True
2478,3689,MECANICO_BORDO,2026-01-03,True
2100,3194,COPILOTO,2025-08-02,False
4875,1933,COMANDANTE,2025-11-19,True
2312,4736,COPILOTO,2026-03-18,True
2302,2927,COMANDANTE,2025-11-22,True
161,1157,COMISSARIO,2025-09-05,True
4319,1208,MECANICO_BORDO,2025-07-15,True
4206,3151,COMISSARIO_CHEFE,2025-10-30,True
1390,4494,COMISSARIO_CHEFE,2025-09-21,True
4039,199,ENGENHEIRO_VOO,2026-05-12,True
3133,3325,COMISSARIO,2025-06-08,True
3771,189,ENGENHEIRO_VOO,2026-01-14,True
1940,989,MECANICO_BORDO,2026-05-03,True
3722,4626,MECANICO_BORDO,2025-12-12,True
2941,30,COMISSARIO,2025-10-07,True
3820,246,COMANDANTE,2025-10-22,True
1603,2681,COPILOTO,2026-04-17,True
1481,462,COPILOTO,2025-10-25,True
3185,328,COMISSARIO_CHEFE,2025-08-23,True
4388,1189,COPILOTO,2025-09-25,True
1362,4656,COMISSARIO,2026-05-10,False
2950,4431,COMISSARIO_CHEFE,2025-06-10,True
4100,1683,ENGENHEIRO_VOO,2025-06-08,True
4916,4174,COMISSARIO,2026-05-28,False
2078,1088,COMISSARIO,2025-06-09,True
4373,2108,COMISSARIO_CHEFE,2025-08-18,False
717,4552,COPILOTO,2025-09-20,True
4848,1144,MECANICO_BORDO,2025-06-08,True
20,4053,MECANICO_BORDO,2026-05-18,False
2506,1747,ENGENHEIRO_VOO,2026-01-19,True
359,1723,COMISSARIO,2025-09-13,True
4119,3265,COMISSARIO,2025-12-16,True
3048,1129,COMISSARIO,2026-06-01,True
1295,1132,COPILOTO,2025-12-15,False
1966,2588,COMANDANTE,2025-09-26,False
2338,37,COMANDANTE,2025-09-29,True
2272,967,COMISSARIO,2026-03-13,True
3239,1327,COMISSARIO_CHEFE,2025-12-26,True
473,4575,COMISSARIO,2026-01-17,False
1137,1259,COPILOTO,2026-02-10,True
256,3055,COPILOTO,2026-03-23,True
2783,2816,COMISSARIO_CHEFE,2025-09-11,True
147,4733,COMISSARIO,2026-02-04,True
2369,2693,COMANDANTE,2025-11-19,False
644,84,MECANICO_BORDO,2025-08-28,True
606,4230,MECANICO_BORDO,2025-07-03,True
80,1083,COPILOTO,2026-01-08,True
3448,3473,ENGENHEIRO_VOO,2025-12-01,True
3385,241,COMISSARIO_CHEFE,2025-12-19,True
673,4927,MECANICO_BORDO,2025-12-16,True
3477,2756,COMANDANTE,2026-04-19,True
4874,3406,MECANICO_BORDO,2025-11-27,True
3931,1642,COMISSARIO_CHEFE,2026-01-03,True
3871,2643,COMANDANTE,2026-04-15,True
280,1428,ENGENHEIRO_VOO,2025-10-05,True
377,1952,COMISSARIO,2025-08-22,True
4512,1165,MECANICO_BORDO,2025-08-18,True
887,426,COMISSARIO_CHEFE,2026-01-07,True
864,2122,COMISSARIO,2025-10-13,True
3434,1964,COPILOTO,2025-11-16,False
43,3644,ENGENHEIRO_VOO,2026-04-08,True
93,1774,MECANICO_BORDO,2025-12-21,True
1366,1224,MECANICO_BORDO,2025-08-12,True
3005,2810,COMISSARIO,2025-08-30,True
2022,4516,COMISSARIO_CHEFE,2025-11-22,True
4896,2699,COMISSARIO,2025-07-01,True
1331,2866,COMISSARIO_CHEFE,2025-06-30,True
4631,3101,COPILOTO,2026-02-16,True
3156,3818,COMISSARIO,2026-04-05,True
3479,2956,COMISSARIO,2026-03-04,True
4969,116,COMISSARIO_CHEFE,2025-12-05,False
3354,4005,COMISSARIO,2025-10-24,True
3649,529,COPILOTO,2026-05-03,True
4022,3007,ENGENHEIRO_VOO,2026-02-24,True
3016,2842,MECANICO_BORDO,2025-12-04,True
4810,4518,COMISSARIO,2025-11-01,True
3067,2418,MECANICO_BORDO,2025-08-26,True
625,645,COPILOTO,2026-02-08,True
2628,1286,COMISSARIO,2026-01-17,True
873,4496,COMANDANTE,2025-10-20,True
2693,2387,COPILOTO,2025-08-22,True
2333,3197,ENGENHEIRO_VOO,2026-02-15,True
103,4127,COMISSARIO,2025-07-30,True
1047,3724,COPILOTO,2026-03-13,True
4613,2634,COMANDANTE,2025-07-05,True
1665,3613,COMISSARIO_CHEFE,2025-07-12,True
687,1288,COMANDANTE,2025-10-01,True
1417,4333,COPILOTO,2026-03-13,True
4968,679,COMISSARIO_CHEFE,2026-02-05,True
388,1773,COPILOTO,2026-03-08,False
2438,301,COMISSARIO,2025-07-08,True
2897,1784,COMANDANTE,2025-08-24,True
3930,549,COMISSARIO,2025-06-15,True
563,2901,ENGENHEIRO_VOO,2026-03-21,False
790,2881,COMANDANTE,2025-07-27,False
4886,4527,COMANDANTE,2026-04-24,True
4817,3642,COMISSARIO_CHEFE,2025-12-04,True
2587,3035,MECANICO_BORDO,2025-09-28,True
4914,723,COPILOTO,2026-03-13,True
27,4984,COPILOTO,2025-11-13,False
4991,1216,ENGENHEIRO_VOO,2026-05-09,True
3841,674,COMANDANTE,2025-10-31,True
932,4521,MECANICO_BORDO,2025-09-27,True
4388,4909,COMISSARIO,2026-01-22,True
3457,1437,MECANICO_BORDO,2026-01-09,True
1627,3503,ENGENHEIRO_VOO,2026-01-03,True
3056,1971,ENGENHEIRO_VOO,2026-01-12,False
764,885,COMANDANTE,2025-10-06,False
1113,2093,COMISSARIO_CHEFE,2026-01-26,True
768,143,COMISSARIO_CHEFE,2026-02-20,True
922,931,COMANDANTE,2025-10-04,True
1643,3228,COMISSARIO_CHEFE,2025-11-11,True
1688,4154,ENGENHEIRO_VOO,2025-07-30,True
3533,217,COPILOTO,2025-12-18,True
3814,894,COMISSARIO_CHEFE,2025-11-26,True
2938,1122,COMISSARIO,2025-10-24,True
2624,808,COMANDANTE,2025-06-26,False
2649,4757,ENGENHEIRO_VOO,2025-09-11,True
3253,683,COMANDANTE,2025-08-31,False
2318,3303,COMISSARIO_CHEFE,2025-09-18,False
1752,2832,ENGENHEIRO_VOO,2025-07-29,True
3946,4676,COMISSARIO_CHEFE,2025-12-18,False
1768,48,COMISSARIO,2026-03-13,True
48,4495,COMISSARIO_CHEFE,2025-11-16,True
1188,1943,COMANDANTE,2026-03-12,False
2790,2567,COMISSARIO,2025-11-11,False
4267,3123,ENGENHEIRO_VOO,2026-04-21,True
2383,2032,MECANICO_BORDO,2025-06-26,True
3219,5,ENGENHEIRO_VOO,2026-01-25,True
2478,3226,COMISSARIO,2025-08-01,True
950,2123,MECANICO_BORDO,2026-03-01,False
1570,4260,COMISSARIO_CHEFE,2026-05-20,True
3222,4508,COMISSARIO_CHEFE,2026-03-21,True
3039,903,COMISSARIO,2026-03-29,True
3512,4428,COMANDANTE,2026-03-17,True
2017,243,COMISSARIO_CHEFE,2025-07-15,True
4724,1203,ENGENHEIRO_VOO,2025-06-06,True
4224,2914,MECANICO_BORDO,2026-04-03,True
2155,1351,COMISSARIO,2025-08-09,True
2419,3418,COPILOTO,2026-04-10,False
3251,3667,COMANDANTE,2026-01-29,False
130,4463,COMISSARIO_CHEFE,2026-03-12,True
3326,2764,MECANICO_BORDO,2026-01-14,False
3043,2078,COMANDANTE,2026-03-23,True
596,3635,COMISSARIO,2025-10-01,False
2433,1246,MECANICO_BORDO,2025-12-10,False
2685,2281,COMISSARIO,2025-07-24,True
573,3470,MECANICO_BORDO,2025-07-29,False
1343,4327,COMISSARIO_CHEFE,2026-01-25,True
573,2080,COMANDANTE,2025-08-15,True
1221,3245,ENGENHEIRO_VOO,2025-10-06,True
3984,2292,COPILOTO,2025-10-08,True
272,2932,COMISSARIO_CHEFE,2025-08-19,True
489,3125,COMISSARIO_CHEFE,2026-05-27,True
4966,1023,COPILOTO,2025-08-19,True
2212,1981,COMISSARIO,2026-03-03,True
3681,4216,MECANICO_BORDO,2025-11-10,True
1934,3602,MECANICO_BORDO,2026-02-18,False
3692,676,COMISSARIO_CHEFE,2025-06-07,True
2556,3522,COMANDANTE,2026-02-10,True
4009,4455,MECANICO_BORDO,2026-02-12,True
4367,4212,ENGENHEIRO_VOO,2025-10-09,True
4825,1515,MECANICO_BORDO,2025-08-26,True
54,2640,MECANICO_BORDO,2025-11-02,True
4151,2513,COMISSARIO_CHEFE,2026-01-31,True
1676,1049,COMANDANTE,2026-05-01,False
3096,1192,COPILOTO,2026-04-06,True
3120,4254,MECANICO_BORDO,2026-05-12,False
434,4471,COMISSARIO,2026-01-22,True
3768,4752,COMISSARIO_CHEFE,2026-05-22,False
3263,4522,COPILOTO,2026-03-03,False
54,3093,COMISSARIO_CHEFE,2025-12-17,True
2485,1114,COMISSARIO,2025-10-15,True
493,921,MECANICO_BORDO,2025-12-12,True
507,2327,MECANICO_BORDO,2026-04-15,False
1443,2234,COMISSARIO,2025-06-18,True
4590,2291,COMANDANTE,2026-05-10,True
3719,4786,COPILOTO,2025-09-19,True
157,3199,MECANICO_BORDO,2025-09-04,True
626,4617,COMISSARIO,2025-06-03,True
2994,3172,COMISSARIO_CHEFE,2026-02-09,True
3989,2685,COMISSARIO,2025-07-24,True
4127,2344,COMISSARIO_CHEFE,2026-05-16,False
166,3939,MECANICO_BORDO,2026-02-05,True
1662,4750,MECANICO_BORDO,2026-03-21,True
3210,1762,COMISSARIO_CHEFE,2025-08-22,True
4580,2111,COMISSARIO,2026-04-02,True
4154,4714,COPILOTO,2026-01-05,False
1643,101,COMISSARIO_CHEFE,2025-10-19,True
3416,32,COMISSARIO,2026-05-28,True
2426,4416,COPILOTO,2025-09-25,True
552,2390,COMANDANTE,2025-10-03,True
1642,554,ENGENHEIRO_VOO,2025-06-27,True
1570,33,COPILOTO,2025-09-28,False
1136,1192,ENGENHEIRO_VOO,2025-12-21,True
920,1390,MECANICO_BORDO,2025-06-27,True
1144,3638,COMISSARIO_CHEFE,2026-01-01,False
3310,3288,COMISSARIO_CHEFE,2026-04-16,True
1969,2249,COPILOTO,2026-04-03,True
1319,1382,ENGENHEIRO_VOO,2025-07-14,True
4928,4655,MECANICO_BORDO,2025-09-22,True
1723,4952,COMANDANTE,2025-11-25,True
3544,4960,ENGENHEIRO_VOO,2026-05-22,True
1191,865,COMANDANTE,2026-03-11,True
1639,4596,ENGENHEIRO_VOO,2026-01-08,False
1820,4292,ENGENHEIRO_VOO,2025-07-23,True
3361,3493,COPILOTO,2026-02-18,True
4301,801,COMISSARIO,2026-06-01,False
3923,132,COMISSARIO,2025-07-22,True
4110,2309,COMISSARIO,2025-07-18,False
953,4130,COMISSARIO,2025-11-13,True
2517,2858,ENGENHEIRO_VOO,2026-04-05,True
4338,4650,COMANDANTE,2025-06-02,True
2951,2294,MECANICO_BORDO,2026-05-29,True
255,3539,COMISSARIO_CHEFE,2026-01-31,True
579,1031,COMISSARIO,2026-04-01,True
539,3609,MECANICO_BORDO,2025-06-14,True
3322,185,COMANDANTE,2026-01-07,True
1119,4307,ENGENHEIRO_VOO,2025-06-19,True
2877,302,COMISSARIO,2026-03-06,True
1518,1661,COPILOTO,2026-03-03,True
4447,4944,COMISSARIO,2025-06-22,True
1048,2144,COMANDANTE,2025-06-23,True
997,183,ENGENHEIRO_VOO,2026-05-24,False
2675,2458,MECANICO_BORDO,2026-03-14,True
551,1300,ENGENHEIRO_VOO,2025-08-23,True
3833,2753,COMANDANTE,2025-11-29,False
4296,418,COMISSARIO_CHEFE,2025-12-12,True
2272,2725,COMISSARIO_CHEFE,2025-09-06,True
2996,430,ENGENHEIRO_VOO,2026-03-03,False
2349,1254,ENGENHEIRO_VOO,2025-06-10,False
1277,3211,COMISSARIO,2026-01-01,True
557,4612,COMISSARIO,2025-11-21,True
2183,2462,COPILOTO,2025-06-27,True
73,4027,COMISSARIO_CHEFE,2025-07-02,True
3143,2040,COMANDANTE,2025-09-15,True
1443,4963,COMISSARIO,2026-05-30,True
3983,461,MECANICO_BORDO,2025-06-28,True
4173,3674,COPILOTO,2026-05-17,False
1266,2910,COMISSARIO_CHEFE,2025-08-11,True
1174,449,ENGENHEIRO_VOO,2025-10-19,True
557,1055,COMANDANTE,2026-02-10,True
1393,4029,COMISSARIO,2025-09-01,True
2816,695,ENGENHEIRO_VOO,2026-04-12,True
271,1378,ENGENHEIRO_VOO,2026-05-09,False
3769,3970,COMANDANTE,2026-03-20,False
4879,3466,MECANICO_BORDO,2025-12-27,True
3852,3958,COMANDANTE,2025-08-22,True
3417,176,COMISSARIO_CHEFE,2026-01-13,True
2069,2299,COMANDANTE,2026-02-18,False
4015,2306,COMANDANTE,2025-12-10,False
601,1550,COPILOTO,2025-09-18,True
4292,3612,MECANICO_BORDO,2025-11-14,True
1589,2058,COMISSARIO,2026-03-12,True
4400,4238,COMISSARIO_CHEFE,2026-01-12,True
2050,2848,COMISSARIO_CHEFE,2025-10-21,True
4330,457,COMANDANTE,2026-01-19,False
949,2129,ENGENHEIRO_VOO,2025-11-17,True
1431,2717,MECANICO_BORDO,2025-07-21,True
4228,445,ENGENHEIRO_VOO,2025-09-05,True
1262,4922,COMISSARIO_CHEFE,2025-12-11,True
1503,32,COMISSARIO_CHEFE,2025-10-05,True
3169,3823,COPILOTO,2025-10-19,False
2051,1371,COMANDANTE,2025-12-24,True
1578,852,COMISSARIO,2026-05-16,True
2367,2148,MECANICO_BORDO,2026-04-15,False
3449,4481,COMISSARIO,2025-07-25,True
901,3261,COMANDANTE,2025-08-04,True
4249,1378,COMISSARIO,2025-06-16,False
544,4331,COMANDANTE,2025-09-17,False
4985,4305,COPILOTO,2025-08-14,True
845,909,COMANDANTE,2025-09-28,True
1192,2212,ENGENHEIRO_VOO,2025-09-02,True
3749,4957,COMISSARIO,2025-10-25,True
2334,1715,COMANDANTE,2025-09-12,True
1586,91,COPILOTO,2026-01-01,True
4467,157,ENGENHEIRO_VOO,2025-08-27,True
553,1475,ENGENHEIRO_VOO,2025-06-09,True
989,3282,COPILOTO,2026-02-12,True
1885,1842,ENGENHEIRO_VOO,2025-07-30,True
4076,862,COMISSARIO_CHEFE,2025-09-24,True
567,1930,COMANDANTE,2025-09-04,True
4959,3492,COMANDANTE,2026-01-24,True
2985,282,COPILOTO,2025-06-17,True
2681,2319,ENGENHEIRO_VOO,2026-01-11,False
908,2151,COPILOTO,2026-02-15,True
3307,134,COMISSARIO_CHEFE,2025-08-25,False
303,108,ENGENHEIRO_VOO,2025-06-08,True
3409,448,COMISSARIO_CHEFE,2025-10-23,True
1442,3873,COMANDANTE,2026-03-23,True
3172,131,MECANICO_BORDO,2026-02-08,True
4656,1066,ENGENHEIRO_VOO,2026-05-26,False
4376,4391,COPILOTO,2025-07-27,True
3675,4716,COPILOTO,2026-04-27,True
2402,375,COMANDANTE,2026-02-28,True
295,1843,COMISSARIO_CHEFE,2025-11-20,True
2029,3373,MECANICO_BORDO,2026-05-21,True
400,1017,MECANICO_BORDO,2025-08-26,True
970,3107,ENGENHEIRO_VOO,2025-09-13,True
3327,325,COMISSARIO,2025-11-22,True
1442,1665,COMISSARIO_CHEFE,2026-01-26,True
525,684,MECANICO_BORDO,2026-04-08,True
4071,2531,COMANDANTE,2025-07-09,False
4904,4557,COMISSARIO_CHEFE,2025-12-13,True
3262,2235,MECANICO_BORDO,2026-01-10,True
4979,4820,COMISSARIO,2025-06-12,False
444,4121,COMISSARIO,2025-08-09,True
4141,1778,ENGENHEIRO_VOO,2025-07-22,True
2416,4980,MECANICO_BORDO,2025-09-23,False
3600,2075,MECANICO_BORDO,2026-03-11,True
403,1330,COMISSARIO_CHEFE,2026-05-21,True
2348,407,MECANICO_BORDO,2026-03-31,True
3260,1923,COPILOTO,2026-04-27,True
1712,2564,COMANDANTE,2026-01-05,True
4782,4767,COMISSARIO_CHEFE,2025-09-23,True
2390,3310,COMISSARIO,2026-01-11,False
1014,4292,COPILOTO,2026-05-29,True
2071,3728,ENGENHEIRO_VOO,2025-08-29,False
1355,2025,COMISSARIO,2025-12-07,True
1965,4011,ENGENHEIRO_VOO,2025-06-13,True
2680,2000,COMISSARIO,2025-11-27,False
1787,3340,COMANDANTE,2026-04-13,False
1064,2039,ENGENHEIRO_VOO,2026-02-24,True
1268,1568,COMISSARIO,2026-04-07,True
1988,2970,COPILOTO,2026-05-31,True
259,4732,COMISSARIO_CHEFE,2025-12-11,True
3566,2559,COMISSARIO_CHEFE,2025-09-17,True
660,2052,COMISSARIO_CHEFE,2025-09-13,True
2624,2515,COPILOTO,2025-07-25,True
3714,547,ENGENHEIRO_VOO,2026-02-15,True
3939,1171,COMISSARIO_CHEFE,2026-06-01,True
460,2805,COMISSARIO_CHEFE,2026-05-18,True
296,4010,COMANDANTE,2026-05-30,True
373,1500,COPILOTO,2025-06-13,True
4927,2981,COMANDANTE,2025-12-31,True
1376,17,ENGENHEIRO_VOO,2025-09-16,True
4285,3624,COMISSARIO_CHEFE,2025-09-15,False
626,4856,COPILOTO,2025-09-22,True
1824,2849,COMANDANTE,2025-09-14,True
4557,4293,COPILOTO,2025-06-14,True
2440,2011,COMISSARIO_CHEFE,2026-02-13,True
4951,3681,MECANICO_BORDO,2025-08-17,False
4775,1093,COMISSARIO,2025-11-25,True
1061,1605,ENGENHEIRO_VOO,2025-07-05,False
752,2750,COPILOTO,2025-06-23,True
2209,4297,COMANDANTE,2026-04-25,False
4209,2145,COMANDANTE,2026-05-24,False
4348,752,COPILOTO,2026-02-28,True
848,4602,COPILOTO,2026-03-21,True
2308,4983,COMISSARIO_CHEFE,2025-08-27,True
2782,4847,COMISSARIO_CHEFE,2026-03-28,True
2275,3625,ENGENHEIRO_VOO,2025-12-12,True
808,677,ENGENHEIRO_VOO,2026-01-09,False
2753,4966,COMISSARIO,2026-05-22,True
1305,3334,COMISSARIO,2026-02-10,True
151,156,COPILOTO,2025-10-11,True
1796,792,ENGENHEIRO_VOO,2026-01-31,False
508,2653,MECANICO_BORDO,2026-05-20,False
2443,2788,COMISSARIO,2025-11-25,True
3755,901,COMISSARIO,2026-04-20,True
4196,2463,MECANICO_BORDO,2025-07-03,False
2456,3236,ENGENHEIRO_VOO,2026-02-13,True
1211,4047,COMANDANTE,2026-03-27,True
2091,4217,COPILOTO,2025-08-05,True
1986,4287,COPILOTO,2025-12-28,True
4802,935,MECANICO_BORDO,2025-07-31,True
4009,2082,COPILOTO,2025-06-27,True
2228,1513,MECANICO_BORDO,2025-12-01,True
4335,2176,ENGENHEIRO_VOO,2026-05-03,True
4798,4474,ENGENHEIRO_VOO,2025-08-20,True
1325,4310,COMISSARIO,2026-03-23,True
3352,1776,ENGENHEIRO_VOO,2025-10-20,True
2271,4874,COMISSARIO_CHEFE,2025-08-14,False
4376,3030,COPILOTO,2026-04-25,True
842,3229,COMISSARIO_CHEFE,2025-09-12,True
290,3331,COMISSARIO_CHEFE,2026-05-03,True
467,4217,COMISSARIO,2026-03-19,True
3106,3287,COMANDANTE,2026-05-11,False
2204,2946,COPILOTO,2025-10-22,True
1406,1574,MECANICO_BORDO,2026-04-18,True
33,4036,COMISSARIO,2026-05-16,True
4470,152,COMANDANTE,2025-12-24,True
3741,4829,MECANICO_BORDO,2026-04-27,True
2952,2724,COPILOTO,2025-07-03,True
65,4425,MECANICO_BORDO,2025-06-28,False
4447,216,COMISSARIO,2026-04-15,True
3909,3639,COPILOTO,2025-10-29,True
2661,3418,COPILOTO,2025-11-10,False
4926,1950,COMISSARIO_CHEFE,2026-03-21,True
2588,2778,COMISSARIO,2026-05-23,True
4782,3584,COMISSARIO,2025-10-09,True
1720,4669,MECANICO_BORDO,2026-04-13,True
2900,4114,ENGENHEIRO_VOO,2026-05-10,True
4251,1775,COMANDANTE,2025-11-25,False
155,1873,COMISSARIO_CHEFE,2026-01-28,False
4610,3082,MECANICO_BORDO,2026-05-30,True
4561,800,MECANICO_BORDO,2025-08-08,True
848,4417,COMISSARIO_CHEFE,2025-12-07,False
1978,2416,COMISSARIO_CHEFE,2025-06-21,True
2126,1079,COMISSARIO_CHEFE,2025-12-25,True
3545,1333,MECANICO_BORDO,2025-07-18,True
1353,4040,MECANICO_BORDO,2025-06-13,False
4624,3912,COMISSARIO_CHEFE,2025-10-27,True
1749,776,MECANICO_BORDO,2025-09-27,True
812,2695,COMISSARIO,2026-06-02,True
4837,3630,COMANDANTE,2025-08-30,True
1330,2730,COMISSARIO,2026-01-08,True
840,1042,COMANDANTE,2025-10-02,True
4722,1005,COPILOTO,2026-01-26,True
3637,1435,COMISSARIO_CHEFE,2026-05-01,True
754,1534,MECANICO_BORDO,2025-10-09,False
3285,1496,COMANDANTE,2025-07-12,False
475,223,COPILOTO,2025-07-23,True
3109,3828,MECANICO_BORDO,2026-03-06,True
898,4335,COMISSARIO_CHEFE,2025-08-30,True
1647,4308,COPILOTO,2025-11-08,True
3421,4946,ENGENHEIRO_VOO,2025-11-16,True
435,3577,COMISSARIO_CHEFE,2026-04-12,True
4385,1712,COPILOTO,2026-02-26,True
2409,2727,COPILOTO,2025-08-05,True
4451,4820,COMANDANTE,2025-08-30,True
1997,4518,COMISSARIO_CHEFE,2025-12-07,True
402,1970,COPILOTO,2025-09-15,True
1770,4057,COMISSARIO_CHEFE,2025-06-23,True
1240,1828,COPILOTO,2025-09-07,False
4886,2152,MECANICO_BORDO,2025-06-14,True
91,287,COMISSARIO,2026-03-16,True
2090,2074,COMISSARIO,2025-11-05,True
847,1052,COMANDANTE,2026-01-09,True
1432,4622,COPILOTO,2026-02-08,True
3299,4262,COMANDANTE,2025-09-28,True
4012,2583,COMISSARIO,2025-10-05,True
4661,1174,ENGENHEIRO_VOO,2025-12-03,True
3941,4519,COMANDANTE,2025-10-12,True
4353,2013,COMISSARIO,2026-02-04,True
2591,3664,COMISSARIO,2025-11-25,False
1311,4009,COMISSARIO,2025-06-30,True
3403,1603,COMISSARIO,2026-05-03,True
279,4787,MECANICO_BORDO,2026-04-28,True
2572,3309,MECANICO_BORDO,2025-10-18,True
3545,1514,COPILOTO,2026-02-08,True
2666,1335,COMISSARIO,2025-12-25,True
4771,3846,COMISSARIO,2026-02-10,True
793,4274,COPILOTO,2025-11-28,True
4891,4746,COMISSARIO_CHEFE,2026-03-29,False
4957,292,MECANICO_BORDO,2025-11-29,True
3092,197,COPILOTO,2025-06-08,True
4518,3395,ENGENHEIRO_VOO,2026-04-06,True
2128,206,COMANDANTE,2026-04-09,False
4048,2701,COMANDANTE,2026-03-25,True
1217,1487,ENGENHEIRO_VOO,2026-02-04,True
2276,3984,COMISSARIO,2026-02-23,True
4273,2800,COPILOTO,2025-06-16,True
3623,2310,COMISSARIO_CHEFE,2026-04-20,True
219,248,COMISSARIO,2025-10-25,False
2419,616,COMISSARIO,2026-01-14,False
3649,3770,COMANDANTE,2025-08-20,False
2151,858,COMANDANTE,2025-10-13,True
3369,1920,COPILOTO,2025-07-10,True
213,4417,COMISSARIO,2025-11-27,False
466,2345,COMISSARIO_CHEFE,2025-09-09,False
3551,3847,COPILOTO,2026-03-15,False
4721,4143,ENGENHEIRO_VOO,2025-07-10,True
1059,4384,COMISSARIO_CHEFE,2025-08-10,True
2534,1726,MECANICO_BORDO,2025-11-06,True
3495,440,ENGENHEIRO_VOO,2025-12-30,True
4467,4589,COPILOTO,2025-09-05,True
584,2359,COPILOTO,2025-06-27,True
4250,3075,COMANDANTE,2025-12-16,True
2974,4601,MECANICO_BORDO,2026-01-31,True
1284,2611,COMANDANTE,2025-08-13,True
1631,453,MECANICO_BORDO,2026-04-13,True
1684,2806,COPILOTO,2025-07-26,True
536,2463,COMANDANTE,2025-09-02,False
3682,4703,COMISSARIO_CHEFE,2026-02-20,False
352,1113,COMISSARIO,2026-01-18,True
3813,2162,COMANDANTE,2026-01-06,True
2340,4479,COMISSARIO,2025-10-11,False
3281,4372,COMISSARIO,2025-07-19,True
215,1296,COMANDANTE,2026-04-05,False
4374,1171,ENGENHEIRO_VOO,2025-08-06,True
2675,55,COMISSARIO_CHEFE,2026-03-05,True
3321,1352,COPILOTO,2025-12-25,True
4502,3902,COMISSARIO,2026-02-25,True
1593,3518,COMANDANTE,2025-08-25,True
2740,880,COMISSARIO,2026-03-29,False
1332,2883,ENGENHEIRO_VOO,2025-10-17,False
2907,1063,MECANICO_BORDO,2026-03-27,True
3162,134,COMISSARIO,2025-08-20,True
4242,1176,MECANICO_BORDO,2025-07-04,False
3245,595,COMANDANTE,2026-01-04,True
3899,3516,MECANICO_BORDO,2025-10-01,False
1162,4830,COMISSARIO_CHEFE,2025-10-12,True
3834,2089,COMANDANTE,2025-12-12,True
521,4492,COMISSARIO,2025-11-18,True
4534,3509,COPILOTO,2025-10-21,True
1532,1425,COMISSARIO,2025-06-30,True
1521,2227,ENGENHEIRO_VOO,2026-03-24,False
214,3395,MECANICO_BORDO,2026-03-14,True
684,253,MECANICO_BORDO,2026-04-29,True
2345,2727,MECANICO_BORDO,2025-10-08,True
3993,4140,COMISSARIO_CHEFE,2025-09-23,True
1178,1155,COMISSARIO,2025-11-22,True
3222,2774,COMISSARIO_CHEFE,2025-08-20,True
150,4339,COMISSARIO_CHEFE,2025-12-14,True
316,4700,COMISSARIO,2026-04-08,True
1705,3245,COMANDANTE,2026-02-11,True
2692,882,COPILOTO,2026-02-13,True
1306,1846,COMISSARIO_CHEFE,2025-07-20,True
193,1649,MECANICO_BORDO,2025-09-10,True
3440,2676,COMISSARIO_CHEFE,2026-03-25,True
3673,985,COPILOTO,2026-05-16,True
88,2729,COPILOTO,2026-01-05,True
3608,3203,ENGENHEIRO_VOO,2025-09-15,True
1817,694,COPILOTO,2025-08-22,False
3178,47,COMISSARIO_CHEFE,2025-10-19,True
69,2614,COMISSARIO,2025-12-23,True
4684,3285,COMANDANTE,2026-02-15,True
4463,1351,COMISSARIO,2025-06-15,True
2707,1262,MECANICO_BORDO,2025-12-11,True
4065,24,COMANDANTE,2025-07-28,False
4614,185,COMISSARIO,2025-08-29,False
1462,4218,COMISSARIO_CHEFE,2026-04-01,True
1612,968,COMISSARIO,2026-03-30,True
4749,1039,ENGENHEIRO_VOO,2026-03-26,True
639,2336,COPILOTO,2025-07-02,False
4246,145,COMISSARIO_CHEFE,2026-02-09,True
3774,4042,COMISSARIO_CHEFE,2025-12-10,True
2320,3889,COMISSARIO_CHEFE,2025-10-14,True
763,436,ENGENHEIRO_VOO,2025-06-06,True
308,1974,ENGENHEIRO_VOO,2025-09-08,False
3865,4723,COMANDANTE,2026-05-31,False
2873,3355,MECANICO_BORDO,2025-06-18,True
145,1671,COPILOTO,2026-04-08,False
1523,825,COPILOTO,2026-02-17,True
1454,920,MECANICO_BORDO,2025-07-14,True
2033,2485,COMISSARIO_CHEFE,2026-05-07,True
3392,3461,COPILOTO,2026-02-17,False
2447,940,COPILOTO,2026-05-02,True
2219,3881,MECANICO_BORDO,2026-02-08,True
2423,418,COMISSARIO,2025-07-28,True
3175,2610,COMANDANTE,2025-12-20,True
979,4190,MECANICO_BORDO,2025-06-21,True
4517,4617,COMISSARIO,2026-01-27,True
889,4006,COPILOTO,2025-09-26,True
3328,3128,COMANDANTE,2025-12-06,True
1784,4535,MECANICO_BORDO,2026-01-15,True
601,3808,MECANICO_BORDO,2026-05-27,True
3653,4148,ENGENHEIRO_VOO,2025-08-27,True
403,917,ENGENHEIRO_VOO,2026-02-20,True
637,2437,COMANDANTE,2026-04-17,True
4846,3460,COMANDANTE,2026-05-26,False
4058,3043,COMISSARIO,2026-02-03,True
4461,4774,COMISSARIO_CHEFE,2025-09-09,True
3906,3293,MECANICO_BORDO,2026-04-28,True
4782,1958,MECANICO_BORDO,2025-07-29,False
4374,526,COMISSARIO,2026-03-31,True
4956,301,ENGENHEIRO_VOO,2025-06-03,True
3792,1548,COMISSARIO_CHEFE,2025-10-15,True
1821,4831,COPILOTO,2025-06-27,False
4462,4062,ENGENHEIRO_VOO,2026-02-08,True
3550,4577,ENGENHEIRO_VOO,2025-12-09,True
3173,270,ENGENHEIRO_VOO,2025-11-24,True
4393,4376,ENGENHEIRO_VOO,2025-12-24,True
4226,4269,MECANICO_BORDO,2026-05-02,True
2456,3351,COMISSARIO,2025-10-02,True
4720,1869,COMISSARIO,2026-05-04,True
4046,2448,ENGENHEIRO_VOO,2025-08-10,True
3230,3074,MECANICO_BORDO,2025-10-29,True
2265,1366,ENGENHEIRO_VOO,2025-08-19,False
2769,4335,MECANICO_BORDO,2025-11-29,True
2995,2357,COMISSARIO_CHEFE,2025-09-03,False
4017,38,COMANDANTE,2025-06-25,True
2937,356,MECANICO_BORDO,2025-07-27,True
2211,4891,COPILOTO,2025-08-27,True
16,349,COMANDANTE,2025-10-09,True
1384,4912,COMISSARIO,2025-10-12,True
4261,4121,MECANICO_BORDO,2026-05-31,True
3369,758,COMANDANTE,2026-05-16,True
495,1994,COMISSARIO_CHEFE,2025-08-15,True
138,3326,ENGENHEIRO_VOO,2025-08-14,True
1038,4008,COMISSARIO_CHEFE,2025-12-10,False
188,3998,COPILOTO,2025-07-24,True
3101,4522,COMISSARIO,2025-08-16,True
276,1909,COMISSARIO,2025-07-03,True
1547,2736,ENGENHEIRO_VOO,2025-10-03,True
3888,4997,COPILOTO,2025-12-13,False
4121,697,COMISSARIO_CHEFE,2026-05-15,True
4240,3521,COPILOTO,2025-06-19,False
305,42,COMISSARIO_CHEFE,2025-08-12,True
1977,1893,ENGENHEIRO_VOO,2026-01-19,True
837,817,MECANICO_BORDO,2025-12-15,True
3748,3726,MECANICO_BORDO,2025-09-09,True
1294,946,COMISSARIO_CHEFE,2025-07-04,True
3491,2542,ENGENHEIRO_VOO,2025-10-05,True
3504,2739,ENGENHEIRO_VOO,2026-03-29,True
3419,2895,ENGENHEIRO_VOO,2025-06-04,True
4915,4026,COPILOTO,2026-01-09,True
420,1365,COMISSARIO_CHEFE,2025-07-10,True
1977,4421,COPILOTO,2026-03-18,True
1214,4963,ENGENHEIRO_VOO,2025-07-24,True
4503,3436,COMISSARIO_CHEFE,2025-11-08,True
3061,3396,COMISSARIO_CHEFE,2025-07-08,True
3757,2741,COMANDANTE,2025-07-18,True
1751,695,COMISSARIO,2026-04-18,False
3642,2102,COMISSARIO,2025-09-06,True
1348,3602,MECANICO_BORDO,2025-08-20,True
2802,1589,COMISSARIO_CHEFE,2025-12-08,True
3964,1165,COMISSARIO_CHEFE,2025-08-31,True
731,293,MECANICO_BORDO,2026-01-13,True
4360,4289,ENGENHEIRO_VOO,2026-01-25,True
393,2024,MECANICO_BORDO,2025-07-27,True
3061,205,ENGENHEIRO_VOO,2025-06-02,False
1123,3924,ENGENHEIRO_VOO,2025-07-12,True
4647,4572,COMISSARIO,2025-11-18,True
1676,4468,COMISSARIO,2025-06-09,True
1567,1770,COPILOTO,2025-07-12,True
3241,130,COPILOTO,2025-09-09,True
1022,4526,COMISSARIO,2026-03-24,False
388,2907,MECANICO_BORDO,2025-06-10,False
4972,752,ENGENHEIRO_VOO,2025-09-25,True
1334,3493,MECANICO_BORDO,2026-05-27,True
1012,4187,COMISSARIO_CHEFE,2025-08-28,True
3721,685,MECANICO_BORDO,2025-06-22,False
1748,4466,MECANICO_BORDO,2025-09-11,False
2180,4166,ENGENHEIRO_VOO,2025-09-08,True
1301,2997,COMISSARIO,2025-10-15,False
3066,3055,COMISSARIO_CHEFE,2026-04-26,True
1437,1363,COPILOTO,2026-02-23,True
1217,3614,COPILOTO,2026-05-21,True
3095,3685,COMISSARIO_CHEFE,2025-11-22,False
3487,30,ENGENHEIRO_VOO,2025-10-26,True
699,2194,COMISSARIO,2026-02-16,True
1474,4697,COPILOTO,2026-05-16,True
181,1374,COPILOTO,2026-05-08,False
334,2415,MECANICO_BORDO,2025-07-24,True
1511,143,COMANDANTE,2025-08-20,True
2247,568,COPILOTO,2026-03-09,False
3547,2302,COPILOTO,2026-02-27,False
4280,3507,ENGENHEIRO_VOO,2025-07-22,False
3156,3894,COPILOTO,2025-08-20,True
1810,1066,COMISSARIO,2026-04-23,True
3586,2723,COPILOTO,2026-05-26,True
450,2809,COMISSARIO_CHEFE,2025-08-02,True
4057,4747,COPILOTO,2025-10-30,True
1894,1332,COMANDANTE,2026-03-01,False
2592,4960,COMISSARIO_CHEFE,2026-03-17,True
3362,295,COMISSARIO,2025-06-13,True
4713,913,COMISSARIO_CHEFE,2026-01-23,True
2745,2404,COPILOTO,2025-06-26,True
266,2902,MECANICO_BORDO,2025-11-21,True
2899,3346,COMISSARIO_CHEFE,2025-09-02,False
12,4071,MECANICO_BORDO,2025-07-16,True
1016,691,COMISSARIO_CHEFE,2026-04-04,False
797,983,ENGENHEIRO_VOO,2025-06-24,False
626,2674,ENGENHEIRO_VOO,2026-03-21,False
4296,3750,COPILOTO,2025-12-23,False
2510,1798,MECANICO_BORDO,2025-06-20,True
712,1202,ENGENHEIRO_VOO,2026-01-16,True
459,581,MECANICO_BORDO,2025-09-20,True
1862,834,COMISSARIO_CHEFE,2025-10-23,False
601,858,COMANDANTE,2025-06-25,False
4576,2637,MECANICO_BORDO,2025-07-22,True
3070,3310,COPILOTO,2025-10-25,True
4939,3153,COMISSARIO,2025-09-13,True
3433,1185,COPILOTO,2026-01-05,True
2381,397,COMISSARIO,2025-08-04,True
648,263,COMISSARIO,2026-04-05,True
904,3831,COMISSARIO,2026-04-20,True
2238,1628,COMANDANTE,2026-05-11,False
4197,3868,COMANDANTE,2026-01-07,False
1669,3358,ENGENHEIRO_VOO,2026-04-30,True
4555,4917,COPILOTO,2026-02-10,True
4622,1160,COMANDANTE,2026-04-08,False
1299,809,COPILOTO,2025-12-01,False
3509,3669,COMANDANTE,2026-02-08,True
3935,1633,COMISSARIO_CHEFE,2025-09-23,True
4717,168,COMANDANTE,2025-11-18,True
3330,2326,COPILOTO,2026-02-01,True
2154,4349,COMANDANTE,2025-07-06,True
2095,739,COMISSARIO,2025-10-25,True
3655,4375,COMISSARIO,2025-10-04,False
3431,1597,COMISSARIO,2026-05-06,True
4622,3956,COMISSARIO_CHEFE,2026-02-06,True
4015,4053,COPILOTO,2026-02-27,True
1497,3777,ENGENHEIRO_VOO,2025-08-31,True
4104,1169,COMANDANTE,2025-11-21,False
2019,624,COMISSARIO_CHEFE,2025-10-01,True
4852,4400,COMISSARIO,2026-05-14,True
3271,2118,COPILOTO,2025-07-18,True
353,3048,COMISSARIO_CHEFE,2025-06-25,True
1741,1363,MECANICO_BORDO,2025-08-30,True
3105,695,ENGENHEIRO_VOO,2025-06-05,True
865,4445,COMISSARIO_CHEFE,2025-07-18,True
4670,2320,COMISSARIO,2026-03-10,True
3077,4866,COMISSARIO_CHEFE,2026-02-08,True
548,4721,COMISSARIO,2026-02-13,True
1399,3070,COMISSARIO_CHEFE,2026-05-02,True
3282,4397,COMISSARIO_CHEFE,2026-03-02,True
3008,1470,ENGENHEIRO_VOO,2025-07-09,True
2175,4559,COMISSARIO_CHEFE,2026-02-14,True
2144,4821,ENGENHEIRO_VOO,2025-08-25,True
1010,3026,ENGENHEIRO_VOO,2025-10-03,False
2521,4134,ENGENHEIRO_VOO,2026-03-16,True
861,3069,MECANICO_BORDO,2026-01-15,True
370,2257,COMISSARIO_CHEFE,2026-01-22,True
433,361,COMISSARIO_CHEFE,2026-03-15,True
2173,1502,COMANDANTE,2026-04-03,True
3578,1846,COMISSARIO,2025-07-30,True
1585,4111,COMISSARIO_CHEFE,2026-04-03,True
3980,298,MECANICO_BORDO,2025-07-26,True
4585,3268,COPILOTO,2025-12-01,True
4758,4483,COMISSARIO_CHEFE,2026-02-02,True
3982,3582,COPILOTO,2025-06-27,True
221,2734,MECANICO_BORDO,2025-10-24,True
2913,494,COPILOTO,2026-01-23,True
1119,4896,MECANICO_BORDO,2025-10-13,True
1936,4745,COPILOTO,2025-12-08,True
2120,4911,COMISSARIO,2026-03-03,True
331,4347,ENGENHEIRO_VOO,2025-11-01,True
3135,955,ENGENHEIRO_VOO,2026-01-23,True
1495,4665,COMISSARIO,2025-11-10,True
4155,3097,ENGENHEIRO_VOO,2026-04-06,True
4294,750,COMANDANTE,2025-08-19,True
1079,59,COPILOTO,2026-03-24,True
2137,284,COMISSARIO_CHEFE,2026-03-15,True
4082,4156,COMISSARIO_CHEFE,2025-10-08,True
1084,1529,ENGENHEIRO_VOO,2025-09-20,True
1540,2731,ENGENHEIRO_VOO,2026-02-12,True
4622,2193,MECANICO_BORDO,2026-05-16,True
455,4682,COMISSARIO,2026-02-17,False
1058,1689,MECANICO_BORDO,2025-06-05,True
1037,393,COPILOTO,2025-08-28,True
1241,1046,COMISSARIO,2025-11-05,True
1294,375,MECANICO_BORDO,2025-08-13,True
1774,1303,COMANDANTE,2025-09-25,False
788,3929,COPILOTO,2025-06-16,True
995,4534,MECANICO_BORDO,2025-12-27,True
1414,3139,COMISSARIO_CHEFE,2026-01-24,False
507,2960,ENGENHEIRO_VOO,2025-11-13,False
3225,4000,COMISSARIO_CHEFE,2026-05-17,True
4971,4021,ENGENHEIRO_VOO,2026-03-03,True
2381,3411,MECANICO_BORDO,2026-03-28,False
1603,4906,COMANDANTE,2025-08-02,True
737,1334,COMANDANTE,2025-08-30,True
197,2902,COMANDANTE,2025-06-10,False
3744,2407,COMISSARIO,2025-08-13,True
4746,714,COPILOTO,2026-04-05,True
3131,1475,COMISSARIO_CHEFE,2025-11-26,True
3955,1931,COPILOTO,2026-03-31,True
4635,3216,COPILOTO,2026-05-07,True
2715,3967,COMISSARIO_CHEFE,2025-07-05,False
4724,912,COPILOTO,2026-05-29,True
4820,1962,ENGENHEIRO_VOO,2026-03-02,True
2069,4118,COMANDANTE,2025-09-16,True
4681,2166,COMISSARIO,2025-09-04,False
2585,906,COPILOTO,2025-07-13,False
1505,4660,MECANICO_BORDO,2025-06-14,False
2501,575,COPILOTO,2025-06-16,True
3993,2553,COMISSARIO_CHEFE,2025-12-16,True
1968,1915,COMISSARIO,2025-07-24,True
1151,3766,COPILOTO,2026-04-05,True
2209,620,COMANDANTE,2026-05-27,True
908,1165,ENGENHEIRO_VOO,2025-07-30,True
2590,1833,COMANDANTE,2025-09-17,True
953,1858,COMISSARIO,2025-10-16,True
4115,1515,COMISSARIO,2025-06-12,True
4245,56,COMISSARIO,2025-08-07,True
4584,811,ENGENHEIRO_VOO,2026-03-06,True
1588,2493,COMANDANTE,2025-10-11,True
1433,1684,ENGENHEIRO_VOO,2026-05-02,True
2181,4681,COMISSARIO,2026-04-23,True
1221,2549,ENGENHEIRO_VOO,2026-04-09,True
3607,2066,COPILOTO,2026-01-23,True
253,1053,ENGENHEIRO_VOO,2025-07-08,True
2140,218,COMISSARIO,2025-08-12,True
330,1130,ENGENHEIRO_VOO,2026-01-13,True
3494,483,COMANDANTE,2025-12-20,True
703,3307,COPILOTO,2025-12-03,True
2741,3292,ENGENHEIRO_VOO,2026-03-05,True
4422,1057,MECANICO_BORDO,2025-08-24,False
1076,4867,COMISSARIO_CHEFE,2025-12-25,True
3744,2670,COMISSARIO_CHEFE,2025-09-16,True
948,893,COMISSARIO_CHEFE,2025-09-24,True
2876,595,ENGENHEIRO_VOO,2025-10-12,True
2355,1653,COPILOTO,2025-07-02,True
885,46,COMANDANTE,2025-09-15,True
3612,4338,COMANDANTE,2026-01-21,True
2726,1028,COMANDANTE,2026-03-22,True
1256,1146,ENGENHEIRO_VOO,2026-05-11,True
4461,4224,MECANICO_BORDO,2025-09-06,True
623,741,COPILOTO,2025-07-12,False
4054,4876,COMISSARIO_CHEFE,2025-12-29,True
4346,700,COMISSARIO,2025-12-15,True
1968,3397,COMANDANTE,2025-10-10,True
1903,2893,COMANDANTE,2025-11-14,True
776,3572,COMANDANTE,2025-07-05,True
648,1544,COMANDANTE,2025-10-29,True
3659,3398,ENGENHEIRO_VOO,2026-03-09,True
1584,2828,COMISSARIO,2026-03-27,True
4075,3946,COPILOTO,2026-05-29,False
4867,293,ENGENHEIRO_VOO,2026-06-02,True
3610,4114,MECANICO_BORDO,2026-01-21,False
1746,1713,MECANICO_BORDO,2026-02-14,True
152,3099,ENGENHEIRO_VOO,2025-12-05,True
4360,1906,ENGENHEIRO_VOO,2026-03-24,False
6,2359,COMANDANTE,2025-07-10,True
267,4332,COMANDANTE,2026-02-21,True
3767,4506,COPILOTO,2026-04-04,True
66,492,COMISSARIO,2026-01-30,True
78,1259,COMISSARIO,2025-08-09,True
1125,1703,ENGENHEIRO_VOO,2025-09-29,True
3197,1966,MECANICO_BORDO,2025-09-11,True
1834,4093,COMISSARIO,2025-09-21,True
9,3821,ENGENHEIRO_VOO,2025-08-31,True
3980,1688,COPILOTO,2025-08-27,True
837,28,MECANICO_BORDO,2026-01-05,True
3758,884,COMISSARIO_CHEFE,2025-07-23,True
3054,1754,COMISSARIO,2025-12-18,True
3538,2940,COPILOTO,2025-10-08,True
2953,2750,ENGENHEIRO_VOO,2025-09-19,True
3561,1916,COPILOTO,2025-10-21,True
2341,4430,COMISSARIO,2025-12-31,True
4303,4224,ENGENHEIRO_VOO,2025-08-07,False
1158,4925,COMISSARIO,2026-02-12,True
2219,3071,COPILOTO,2025-11-04,True
2035,4450,COMANDANTE,2025-08-12,True
4043,1086,COPILOTO,2025-11-28,True
1535,1638,COPILOTO,2025-06-30,True
3765,566,COMISSARIO_CHEFE,2025-10-10,True
1468,1543,COMISSARIO,2025-12-30,True
4628,4371,COMISSARIO_CHEFE,2026-01-05,True
769,3758,COPILOTO,2025-08-01,True
120,457,ENGENHEIRO_VOO,2026-04-07,True
3240,3584,COMANDANTE,2026-02-22,True
1211,2099,COMANDANTE,2026-01-22,True
1286,293,ENGENHEIRO_VOO,2026-02-23,True
4371,4230,ENGENHEIRO_VOO,2025-11-06,True
4716,3438,COMANDANTE,2025-07-16,False
887,4105,MECANICO_BORDO,2026-03-23,False
233,4198,COPILOTO,2026-04-14,True
864,2037,ENGENHEIRO_VOO,2025-07-06,True
2503,3359,COMANDANTE,2025-12-21,True
2854,36,COMANDANTE,2025-10-14,False
1827,2340,COMISSARIO_CHEFE,2025-06-11,True
2966,4496,MECANICO_BORDO,2025-08-13,True
498,4893,COMISSARIO,2025-07-15,True
1118,4722,COMISSARIO,2025-11-29,False
880,3572,MECANICO_BORDO,2026-05-02,False
742,4952,COPILOTO,2025-12-10,True
976,1995,ENGENHEIRO_VOO,2025-06-24,True
2199,642,COMISSARIO_CHEFE,2026-02-28,True
2986,1857,COMISSARIO,2026-04-05,False
3124,583,MECANICO_BORDO,2026-03-25,True
818,4225,COMISSARIO_CHEFE,2025-08-28,True
2685,1962,COMISSARIO_CHEFE,2025-06-22,False
1424,2127,COMISSARIO_CHEFE,2025-10-15,True
4706,2171,ENGENHEIRO_VOO,2025-09-13,True
3305,2791,COMANDANTE,2025-09-07,True
299,1536,COMANDANTE,2026-04-01,True
3955,2452,COMISSARIO,2025-10-16,True
1687,4327,COPILOTO,2026-02-10,True
4540,1682,MECANICO_BORDO,2026-01-07,False
232,4224,COPILOTO,2025-09-21,True
53,3250,COPILOTO,2025-06-08,False
4683,4940,COMANDANTE,2025-11-03,True
3689,3456,MECANICO_BORDO,2025-09-21,True
4742,4307,COMISSARIO,2026-05-25,True
1264,609,COMISSARIO,2025-10-25,False
903,1719,MECANICO_BORDO,2025-07-19,True
2493,3111,ENGENHEIRO_VOO,2025-07-26,False
1105,3686,ENGENHEIRO_VOO,2025-10-06,True
2933,24,COMISSARIO,2026-01-02,True
965,1695,MECANICO_BORDO,2025-07-12,True
4465,1742,ENGENHEIRO_VOO,2026-01-31,True
952,2610,MECANICO_BORDO,2025-09-26,True
2833,3681,COMISSARIO,2025-09-19,True
3753,7,COPILOTO,2025-10-11,True
596,2459,COPILOTO,2025-09-10,True
4812,4768,COPILOTO,2025-07-29,True
3344,3915,MECANICO_BORDO,2025-08-10,True
361,2611,MECANICO_BORDO,2025-06-21,True
78,2706,COMANDANTE,2025-09-05,False
1703,1590,COPILOTO,2025-09-20,True
2003,771,MECANICO_BORDO,2026-05-14,True
4747,3716,COMISSARIO,2025-06-09,False
3834,4588,COMISSARIO_CHEFE,2026-04-21,True
1963,3011,COMISSARIO_CHEFE,2026-04-05,True
35,363,COPILOTO,2026-03-11,True
732,1268,MECANICO_BORDO,2025-09-28,True
4583,3876,COMANDANTE,2025-06-02,True
3993,2914,COMANDANTE,2025-07-19,True
2330,3217,COMISSARIO_CHEFE,2025-06-27,False
3057,4185,COPILOTO,2026-02-01,True
942,4528,COMANDANTE,2025-08-25,False
1168,3152,COPILOTO,2026-03-24,True
3208,1292,COPILOTO,2026-05-15,True
1837,1384,COMANDANTE,2025-09-30,True
864,1233,ENGENHEIRO_VOO,2026-01-22,True
2211,2242,ENGENHEIRO_VOO,2026-01-24,True
1310,4508,MECANICO_BORDO,2025-12-08,True
1368,1906,COMANDANTE,2025-11-01,True
4572,497,ENGENHEIRO_VOO,2025-08-02,True
1976,3066,COPILOTO,2026-05-12,True
4461,2435,MECANICO_BORDO,2025-07-25,True
3693,4313,COMISSARIO,2025-09-09,True
3292,4124,COPILOTO,2025-10-15,True
1664,598,COPILOTO,2026-05-03,True
297,1019,MECANICO_BORDO,2026-03-06,True
2164,787,MECANICO_BORDO,2025-10-28,False
4035,2805,COMANDANTE,2026-01-02,True
4814,4407,COPILOTO,2026-03-19,True
4861,4863,COMISSARIO_CHEFE,2025-12-09,False
193,2002,COPILOTO,2025-12-17,False
2675,4299,COMANDANTE,2026-03-11,True
1432,2876,COMISSARIO_CHEFE,2026-05-02,True
2872,1194,COMISSARIO,2026-02-26,True
4961,3127,COMANDANTE,2026-04-29,False
2775,708,ENGENHEIRO_VOO,2025-07-09,False
651,466,COMISSARIO,2026-02-12,True
3276,3261,COPILOTO,2026-04-26,True
4271,629,COPILOTO,2026-02-24,True
2466,1890,COMANDANTE,2025-06-11,True
2872,2863,COMISSARIO_CHEFE,2025-10-03,True
1365,4935,COPILOTO,2025-09-20,False
2442,3031,COMISSARIO,2025-06-11,True
3673,3103,COMISSARIO_CHEFE,2026-05-15,True
3976,3261,COPILOTO,2025-09-19,True
4458,3112,COMANDANTE,2025-11-19,True
4843,1467,MECANICO_BORDO,2025-12-13,True
1003,2482,COMISSARIO,2026-01-13,True
400,493,COMISSARIO_CHEFE,2025-09-29,False
1733,4163,ENGENHEIRO_VOO,2026-01-31,False
3342,3505,ENGENHEIRO_VOO,2025-08-15,True
1932,530,ENGENHEIRO_VOO,2026-01-15,True
2915,4776,COMISSARIO_CHEFE,2025-08-10,False
4184,3338,ENGENHEIRO_VOO,2025-12-13,True
4827,936,COPILOTO,2025-08-14,True
4112,4832,COMANDANTE,2026-05-02,True
3347,2628,COMISSARIO,2026-05-03,True
2996,2866,COMISSARIO_CHEFE,2026-01-24,True
2185,344,ENGENHEIRO_VOO,2025-07-23,True
893,3441,COMISSARIO,2025-12-14,True
85,310,ENGENHEIRO_VOO,2025-10-07,True
4727,1936,COPILOTO,2026-04-21,True
3183,2894,COMISSARIO,2026-05-04,True
1529,419,COMISSARIO,2026-02-11,True
1959,891,COPILOTO,2026-05-28,True
3789,2468,COMISSARIO,2025-08-27,False
643,4049,ENGENHEIRO_VOO,2025-12-22,False
1193,716,MECANICO_BORDO,2025-12-03,True
152,1856,COMISSARIO_CHEFE,2026-05-08,False
4592,1392,ENGENHEIRO_VOO,2026-05-15,True
2412,386,COMISSARIO,2026-04-13,False
1863,1910,MECANICO_BORDO,2026-05-23,True
1943,3257,COMISSARIO_CHEFE,2025-06-04,True
4308,3197,COMISSARIO_CHEFE,2025-08-25,True
3471,3063,COMISSARIO,2025-12-11,True
3570,3952,COMANDANTE,2025-10-02,True
605,1825,MECANICO_BORDO,2025-06-07,True
4131,1628,COMANDANTE,2026-05-07,False
2237,1695,MECANICO_BORDO,2026-02-16,True
1627,2595,ENGENHEIRO_VOO,2026-05-02,True
4492,1378,ENGENHEIRO_VOO,2025-11-25,True
3876,3952,ENGENHEIRO_VOO,2025-12-05,True
4284,1895,MECANICO_BORDO,2026-02-06,True
4888,4378,COMANDANTE,2025-08-04,True
2536,2440,COMISSARIO,2025-12-08,True
4592,513,MECANICO_BORDO,2026-05-23,True
935,4523,ENGENHEIRO_VOO,2026-01-15,True
1987,2724,ENGENHEIRO_VOO,2026-01-13,True
3118,1165,COMISSARIO,2025-06-06,True
4015,952,ENGENHEIRO_VOO,2026-04-22,True
4821,4912,ENGENHEIRO_VOO,2026-01-05,True
4738,3905,ENGENHEIRO_VOO,2025-12-13,True
4966,479,COMISSARIO_CHEFE,2026-02-13,True
2454,1204,MECANICO_BORDO,2025-07-09,True
731,21,COMISSARIO,2025-06-07,True
60,4834,COMANDANTE,2026-01-10,True
390,4939,COPILOTO,2025-07-13,True
1592,827,COMANDANTE,2025-07-16,True
3328,1387,ENGENHEIRO_VOO,2026-04-09,True
4444,558,COPILOTO,2025-11-19,False
4395,4992,COMISSARIO_CHEFE,2026-04-28,True
4234,4915,MECANICO_BORDO,2025-11-06,True
1949,1088,COMANDANTE,2025-07-21,True
2863,932,COMISSARIO_CHEFE,2026-02-23,False
4680,2188,COMISSARIO_CHEFE,2025-10-29,True
3163,2379,COMISSARIO_CHEFE,2026-02-06,True
4561,3369,COPILOTO,2025-09-03,True
4889,4484,COMISSARIO_CHEFE,2026-03-09,True
4997,1395,MECANICO_BORDO,2025-12-03,False
1534,2038,MECANICO_BORDO,2026-05-23,True
1264,2913,ENGENHEIRO_VOO,2025-12-16,True
3241,1303,COMANDANTE,2026-01-29,True
4262,1208,COPILOTO,2025-08-12,True
3848,3501,ENGENHEIRO_VOO,2026-02-05,True
2886,1807,COPILOTO,2025-06-05,False
1854,2838,COMISSARIO_CHEFE,2025-06-17,True
3534,761,MECANICO_BORDO,2025-07-08,True
2670,4712,COMISSARIO,2026-02-19,True
1225,503,COMANDANTE,2025-06-07,True
240,3921,COPILOTO,2026-04-24,True
3524,1030,COMANDANTE,2026-01-22,True
4459,3418,COMANDANTE,2025-07-07,True
4239,1176,COMANDANTE,2026-01-12,True
4769,2294,COMISSARIO,2025-09-29,True
190,1915,MECANICO_BORDO,2025-06-09,True
3041,2991,COPILOTO,2026-01-13,True
4039,2921,MECANICO_BORDO,2026-03-30,True
2901,1295,COMISSARIO_CHEFE,2025-08-15,True
1105,3854,MECANICO_BORDO,2026-03-26,False
33,3275,COPILOTO,2026-05-09,False
3995,2660,COPILOTO,2026-03-13,True
4356,4337,COPILOTO,2026-03-09,True
1171,4305,COPILOTO,2025-11-09,False
3620,2908,MECANICO_BORDO,2026-03-29,True
1861,4486,COMISSARIO,2026-04-23,True
306,1919,COMISSARIO_CHEFE,2025-12-13,False
768,214,COMISSARIO_CHEFE,2025-10-06,False
3664,2494,COMISSARIO_CHEFE,2025-07-14,True
284,1197,COMANDANTE,2025-09-03,True
4415,2353,MECANICO_BORDO,2025-09-19,False
1606,2481,ENGENHEIRO_VOO,2026-01-22,True
1477,1268,COMISSARIO,2025-12-27,True
4103,1678,COMISSARIO_CHEFE,2025-08-04,False
4399,1453,MECANICO_BORDO,2025-12-11,True
366,288,COPILOTO,2025-08-18,True
1734,2005,COMANDANTE,2025-09-15,True
1555,1551,COMANDANTE,2026-01-18,True
416,3896,COMISSARIO_CHEFE,2025-07-23,False
461,2499,COMANDANTE,2026-02-01,True
473,2775,COMANDANTE,2026-01-10,True
2309,1205,COMISSARIO_CHEFE,2026-02-19,True
2656,3284,ENGENHEIRO_VOO,2025-09-29,True
4124,4360,COPILOTO,2025-09-11,True
3676,2916,ENGENHEIRO_VOO,2025-11-10,False
1595,4138,COMISSARIO_CHEFE,2026-04-08,True
3154,4236,MECANICO_BORDO,2026-02-12,True
2146,2041,COPILOTO,2025-09-12,True
1828,213,ENGENHEIRO_VOO,2026-02-23,True
3419,1434,ENGENHEIRO_VOO,2025-08-21,True
1447,4106,COMISSARIO_CHEFE,2026-03-11,True
4085,1015,MECANICO_BORDO,2026-01-17,True
4819,1062,MECANICO_BORDO,2026-01-18,False
3966,3784,COMANDANTE,2025-09-15,True
3593,1565,COPILOTO,2025-09-19,False
319,248,COPILOTO,2026-05-05,True
4382,3153,ENGENHEIRO_VOO,2026-01-27,True
4747,2150,COMANDANTE,2026-03-08,True
1159,840,COPILOTO,2026-03-07,True
4114,742,COPILOTO,2026-01-22,False
1729,3957,COPILOTO,2026-04-18,True
4874,2269,MECANICO_BORDO,2026-02-14,False
2615,895,MECANICO_BORDO,2025-12-02,True
1698,2146,COMISSARIO,2026-05-22,False
3962,3184,MECANICO_BORDO,2025-12-22,False
2837,3220,COMISSARIO_CHEFE,2025-06-15,True
1613,1324,COMANDANTE,2026-04-14,True
2820,840,COPILOTO,2025-09-20,True
1093,4904,COMISSARIO_CHEFE,2025-12-31,True
1613,1030,MECANICO_BORDO,2026-05-11,True
2205,471,MECANICO_BORDO,2025-06-29,True
201,2782,MECANICO_BORDO,2026-04-28,True
999,1639,COMISSARIO_CHEFE,2025-06-05,False
1176,2488,COMISSARIO_CHEFE,2026-01-21,True
591,342,COPILOTO,2026-05-17,True
4234,4339,ENGENHEIRO_VOO,2025-06-21,True
2167,1312,COPILOTO,2026-05-27,True
4250,88,MECANICO_BORDO,2025-10-14,False
2662,3969,COPILOTO,2026-04-21,True
4734,4654,COMANDANTE,2025-11-13,True
1107,3626,COPILOTO,2025-10-13,True
1447,1326,MECANICO_BORDO,2025-09-25,True
2578,2201,COMISSARIO_CHEFE,2025-10-26,False
2179,4725,MECANICO_BORDO,2025-08-31,True
887,2901,ENGENHEIRO_VOO,2025-11-10,False
1266,1728,MECANICO_BORDO,2025-09-09,True
4523,30,MECANICO_BORDO,2025-07-05,True
535,1032,COPILOTO,2026-05-05,False
1342,706,COMISSARIO,2026-01-22,True
3710,89,COMANDANTE,2026-01-28,True
481,1007,COMANDANTE,2026-03-17,False
2406,1211,COPILOTO,2025-11-07,True
922,1245,ENGENHEIRO_VOO,2025-11-08,True
1334,3855,MECANICO_BORDO,2026-02-04,False
3507,638,COMISSARIO,2026-05-14,True
1713,3542,COMANDANTE,2025-09-25,True
639,3321,ENGENHEIRO_VOO,2026-05-17,True
4953,2072,COMANDANTE,2025-10-24,True
3922,4558,COMISSARIO,2025-10-21,True
3168,4069,COMANDANTE,2026-02-06,True
2404,2610,COMANDANTE,2025-09-17,True
3531,3335,COPILOTO,2026-03-08,False
56,2807,COMISSARIO,2025-08-27,True
1021,2613,COMISSARIO,2025-11-11,True
3096,1525,COMISSARIO,2026-02-03,True
3245,4916,COMISSARIO_CHEFE,2026-04-28,True
2472,4788,ENGENHEIRO_VOO,2026-04-01,True
3459,2491,MECANICO_BORDO,2025-12-07,False
52,1785,COMANDANTE,2025-07-14,True
2309,4049,MECANICO_BORDO,2025-06-21,True
1948,2464,ENGENHEIRO_VOO,2026-05-14,True
4613,669,MECANICO_BORDO,2025-12-11,True
1330,4441,COMISSARIO,2025-12-05,False
624,4723,COMISSARIO,2025-06-05,False
1937,1695,MECANICO_BORDO,2025-07-19,True
2397,2240,COPILOTO,2025-12-04,True
3587,3381,COMANDANTE,2025-11-22,True
3185,782,COMISSARIO,2025-06-24,True
695,4742,COMISSARIO,2025-07-02,False
2946,829,COMISSARIO,2025-12-17,False
2982,191,COMISSARIO_CHEFE,2025-07-10,False
4139,4997,ENGENHEIRO_VOO,2026-03-11,True
327,2193,COMISSARIO_CHEFE,2025-08-12,True
4815,604,COPILOTO,2025-08-28,True
2693,17,COPILOTO,2025-09-13,True
1546,4465,MECANICO_BORDO,2026-02-23,False
678,4066,COMANDANTE,2025-09-27,True
384,2843,COMANDANTE,2026-02-18,True
1711,3221,COPILOTO,2025-11-10,True
2974,322,COMANDANTE,2025-10-28,True
3832,644,COMISSARIO,2025-10-09,False
2721,3141,COMISSARIO,2026-01-06,True
2614,1016,ENGENHEIRO_VOO,2026-01-12,True
191,1732,COMISSARIO_CHEFE,2025-06-27,True
1070,1169,MECANICO_BORDO,2025-08-10,True
3195,4153,COPILOTO,2025-08-19,False
3441,12,COMISSARIO,2026-02-07,True
847,4455,COMISSARIO,2025-12-31,False
4544,4702,COPILOTO,2025-12-03,False
4006,490,COMISSARIO_CHEFE,2025-07-03,False
4942,2281,COPILOTO,2026-01-17,True
2517,1331,COMANDANTE,2025-11-25,True
4731,4151,COMISSARIO_CHEFE,2025-08-13,True
1797,1601,COMANDANTE,2025-11-25,True
4715,113,ENGENHEIRO_VOO,2025-11-03,True
4470,4552,COMISSARIO,2026-04-04,True
1799,3544,COMISSARIO,2026-01-24,True
2888,4720,COMISSARIO_CHEFE,2025-11-29,True
3127,1171,MECANICO_BORDO,2025-11-04,True
3002,675,MECANICO_BORDO,2025-12-02,True
1055,144,COMISSARIO,2026-03-25,True
1453,3088,ENGENHEIRO_VOO,2025-12-21,False
4929,161,COMISSARIO_CHEFE,2026-03-31,True
1357,1197,COMANDANTE,2025-09-19,True
4363,1465,MECANICO_BORDO,2026-05-06,True
2745,2602,MECANICO_BORDO,2025-07-14,False
395,3536,COMISSARIO,2026-02-15,True
2086,3061,COMISSARIO,2025-07-31,True
2492,4727,ENGENHEIRO_VOO,2026-04-07,True
3544,935,COMANDANTE,2025-09-06,True
2525,2074,COMISSARIO_CHEFE,2025-07-15,True
408,1282,ENGENHEIRO_VOO,2025-10-11,True
4473,4658,MECANICO_BORDO,2025-10-25,True
4566,3024,COPILOTO,2025-07-13,False
4512,1406,COMANDANTE,2025-06-28,True
1404,1632,COMISSARIO,2026-01-26,True
1417,2327,MECANICO_BORDO,2026-02-24,True
4490,3603,ENGENHEIRO_VOO,2025-08-28,True
3160,3414,COPILOTO,2025-08-26,False
245,2924,COMISSARIO_CHEFE,2025-09-18,False
3689,1058,COPILOTO,2025-12-26,True
3559,1606,MECANICO_BORDO,2025-09-29,True
3205,1451,COMISSARIO_CHEFE,2025-11-03,True
391,739,COMANDANTE,2025-08-27,False
1800,4559,ENGENHEIRO_VOO,2026-03-27,True
408,1360,COMISSARIO,2025-11-23,True
229,2078,COMANDANTE,2025-06-23,False
4109,3056,MECANICO_BORDO,2026-05-25,True
1662,3310,COMISSARIO_CHEFE,2026-02-18,True
1759,3199,COMISSARIO_CHEFE,2025-06-17,False
4812,2632,MECANICO_BORDO,2025-09-15,True
4280,4082,ENGENHEIRO_VOO,2026-02-25,True
1116,4060,COMISSARIO_CHEFE,2025-09-11,True
1235,3673,COMANDANTE,2026-03-02,False
233,2597,COMISSARIO_CHEFE,2025-11-09,True
1094,2578,COMISSARIO,2025-09-15,True
4448,2877,COMISSARIO_CHEFE,2026-03-25,True
2101,2140,COMANDANTE,2026-04-09,False
454,1734,COMANDANTE,2026-03-22,True
1087,657,COMISSARIO_CHEFE,2026-04-22,True
1101,1453,COMISSARIO,2026-03-10,True
484,1874,ENGENHEIRO_VOO,2025-07-08,True
3159,2773,MECANICO_BORDO,2026-04-11,False
312,4759,COMISSARIO,2026-01-12,True
4875,2019,COMANDANTE,2025-12-25,True
1691,814,COMISSARIO,2026-05-01,True
266,1076,COMISSARIO,2026-02-13,False
2569,3960,COMISSARIO,2026-02-27,True
1457,3221,COPILOTO,2025-06-07,False
4970,4629,COPILOTO,2025-12-24,True
4056,2121,ENGENHEIRO_VOO,2025-06-29,True
1310,2100,COMISSARIO,2026-05-08,True
2986,3656,COMANDANTE,2025-10-20,True
3617,201,COMANDANTE,2025-10-28,True
1141,232,COMANDANTE,2026-05-01,True
2203,2877,COMISSARIO_CHEFE,2025-09-30,False
3494,2407,COMISSARIO_CHEFE,2025-09-01,True
201,1513,ENGENHEIRO_VOO,2026-04-17,True
700,2066,COPILOTO,2026-01-18,False
1869,1659,COPILOTO,2026-03-06,True
2385,1574,ENGENHEIRO_VOO,2025-08-06,True
1151,1650,COMISSARIO,2025-07-09,True
3184,4622,ENGENHEIRO_VOO,2025-07-12,True
1511,254,COMISSARIO_CHEFE,2026-01-16,True
3398,2519,MECANICO_BORDO,2025-08-12,False
1900,1287,COMANDANTE,2025-07-11,True
851,3915,COMISSARIO_CHEFE,2025-08-21,True
3285,4251,COMANDANTE,2025-08-27,True
3705,3044,COMISSARIO,2025-06-25,True
2288,4447,ENGENHEIRO_VOO,2026-01-27,False
2549,36,ENGENHEIRO_VOO,2025-07-14,True
4320,2412,MECANICO_BORDO,2026-05-31,True
2354,1420,COPILOTO,2026-03-27,True
1482,1248,ENGENHEIRO_VOO,2026-01-24,True
4385,1681,ENGENHEIRO_VOO,2026-02-26,True
2730,1095,COPILOTO,2025-06-22,True
3284,3342,MECANICO_BORDO,2025-10-30,True
4853,4715,MECANICO_BORDO,2025-12-08,True
650,1489,COPILOTO,2025-11-21,False
1361,2984,MECANICO_BORDO,2025-09-09,False
334,3223,COMISSARIO,2025-10-26,True
3632,575,COMISSARIO_CHEFE,2025-12-13,True
3227,2974,COMANDANTE,2026-03-06,False
3277,74,COMISSARIO_CHEFE,2026-05-11,True
2187,2052,COMANDANTE,2025-06-21,True
611,2147,MECANICO_BORDO,2025-08-19,True
803,2671,ENGENHEIRO_VOO,2026-04-07,True
4615,3227,MECANICO_BORDO,2026-01-23,False
998,3538,COMISSARIO,2025-06-02,True
3541,3600,MECANICO_BORDO,2025-12-03,True
32,4618,COMISSARIO,2026-02-05,True
4496,3897,MECANICO_BORDO,2026-05-21,False
246,2526,COMISSARIO_CHEFE,2025-10-15,True
3426,3142,MECANICO_BORDO,2025-11-07,True
1219,2003,COMISSARIO_CHEFE,2026-05-21,True
4930,1208,COMISSARIO_CHEFE,2026-04-13,True
862,799,MECANICO_BORDO,2025-07-20,False
619,3877,COMANDANTE,2025-07-07,True
3427,723,COMISSARIO_CHEFE,2025-08-26,False
547,789,COMISSARIO_CHEFE,2025-12-18,True
4904,2341,MECANICO_BORDO,2026-02-13,True
2146,1843,ENGENHEIRO_VOO,2026-05-18,True
4368,831,ENGENHEIRO_VOO,2026-02-28,True
1135,1875,ENGENHEIRO_VOO,2026-01-31,True
3712,2949,ENGENHEIRO_VOO,2026-01-11,True
4532,812,COMISSARIO_CHEFE,2025-06-18,False
1945,3837,MECANICO_BORDO,2026-02-16,False
2508,4765,COMANDANTE,2026-04-02,True
4675,3624,COMISSARIO,2026-02-15,False
1961,1295,MECANICO_BORDO,2025-09-28,True
3592,1877,COMISSARIO,2026-03-14,True
4911,1666,COPILOTO,2026-05-23,True
4505,2820,COMISSARIO,2025-06-24,False
636,1600,COMISSARIO,2025-11-08,True
372,2851,ENGENHEIRO_VOO,2025-07-28,True
1284,4236,COMANDANTE,2025-11-10,True
3373,3328,COMANDANTE,2025-12-08,False
4429,2671,COMANDANTE,2026-05-23,False
1545,1593,MECANICO_BORDO,2025-09-27,False
2490,837,MECANICO_BORDO,2026-03-25,True
2808,3887,COPILOTO,2026-01-16,False
2892,106,COPILOTO,2025-07-02,True
183,4162,COMISSARIO,2025-11-20,True
2164,675,COMISSARIO,2025-09-18,True
1189,224,ENGENHEIRO_VOO,2026-02-26,True
392,3089,COMISSARIO_CHEFE,2026-04-21,True
4861,178,COMISSARIO_CHEFE,2025-10-20,False
386,2401,COMANDANTE,2025-10-04,False
4261,1007,COMISSARIO,2025-09-22,True
2340,1378,COMANDANTE,2025-11-09,True
174,1155,COMISSARIO,2025-12-18,True
3779,2960,COMISSARIO_CHEFE,2025-07-03,True
2599,1268,ENGENHEIRO_VOO,2026-04-02,False
3075,4646,COMISSARIO_CHEFE,2025-10-11,True
1054,3642,ENGENHEIRO_VOO,2026-01-20,True
4278,140,ENGENHEIRO_VOO,2026-04-08,True
391,1821,MECANICO_BORDO,2025-10-05,True
382,2957,MECANICO_BORDO,2025-11-20,False
3555,318,COPILOTO,2026-05-08,True
318,399,MECANICO_BORDO,2025-11-03,True
276,997,COPILOTO,2026-01-28,True
3886,2165,COMANDANTE,2025-11-08,True
3480,3365,COPILOTO,2026-05-13,True
2555,1453,COMANDANTE,2026-04-08,True
526,3780,ENGENHEIRO_VOO,2026-04-10,True
3957,1803,COMISSARIO_CHEFE,2025-08-04,True
1475,4831,ENGENHEIRO_VOO,2025-10-17,False
3338,1891,COMISSARIO_CHEFE,2025-12-17,True
271,3475,COMISSARIO,2025-10-26,True
3412,1144,COMANDANTE,2025-11-12,True
510,2255,COMISSARIO_CHEFE,2026-02-21,True
2916,4481,COMANDANTE,2025-10-26,True
1724,3972,COPILOTO,2025-08-16,True
2162,1813,COMISSARIO,2026-03-14,True
4842,3595,COMANDANTE,2025-06-15,False
350,948,COMANDANTE,2025-09-07,True
4321,2303,COMISSARIO,2026-03-12,False
3692,3768,COMISSARIO_CHEFE,2026-01-13,False
2981,3878,COMANDANTE,2025-11-16,True
4563,115,COMISSARIO_CHEFE,2026-04-05,True
3290,3837,ENGENHEIRO_VOO,2026-02-23,True
3318,4944,COMANDANTE,2026-05-31,True
4384,3876,COMISSARIO,2025-10-29,True
3413,2116,COMISSARIO_CHEFE,2026-03-09,True
2800,247,ENGENHEIRO_VOO,2025-07-09,True
4603,3911,COMANDANTE,2025-12-25,True
1713,846,MECANICO_BORDO,2026-02-02,True
2690,1492,COMISSARIO,2026-05-23,True
717,2694,COMISSARIO_CHEFE,2026-04-12,False
2084,1703,MECANICO_BORDO,2026-05-23,True
2513,398,COMANDANTE,2025-06-24,True
677,658,COPILOTO,2025-08-29,True
3415,2415,COPILOTO,2026-04-08,True
3532,1166,ENGENHEIRO_VOO,2025-07-30,True
1037,946,COMANDANTE,2026-05-26,True
1026,3853,COPILOTO,2025-06-13,True
699,3196,COPILOTO,2026-04-14,True
4934,4723,ENGENHEIRO_VOO,2025-10-17,True
891,3591,COMANDANTE,2025-08-24,True
4171,4218,COPILOTO,2026-03-11,False
1450,4825,COMANDANTE,2025-06-20,True
621,57,COPILOTO,2025-10-29,True
4508,3160,ENGENHEIRO_VOO,2026-05-21,True
1804,4088,ENGENHEIRO_VOO,2025-09-29,True
2602,1523,COMISSARIO,2026-01-07,False
3516,632,COMANDANTE,2025-06-14,True
1425,2504,MECANICO_BORDO,2025-12-13,True
770,83,ENGENHEIRO_VOO,2025-10-13,True
2271,2117,MECANICO_BORDO,2025-12-15,True
1667,4891,COPILOTO,2026-02-28,True
4456,4199,ENGENHEIRO_VOO,2026-03-14,False
1534,1716,COMISSARIO,2025-11-26,True
1107,229,ENGENHEIRO_VOO,2026-01-10,True
1760,2286,COMISSARIO_CHEFE,2025-09-10,True
4807,683,ENGENHEIRO_VOO,2026-05-16,True
25,539,COMANDANTE,2025-07-07,True
2767,2090,COMISSARIO_CHEFE,2026-03-21,True
4341,4803,ENGENHEIRO_VOO,2025-09-25,True
3278,887,COPILOTO,2025-12-16,True
2137,1908,COMISSARIO_CHEFE,2025-06-17,True
438,537,ENGENHEIRO_VOO,2025-06-13,True
2114,2233,COMISSARIO,2025-12-19,True
1665,2328,COMISSARIO,2025-08-24,True
3376,656,COMISSARIO_CHEFE,2025-06-13,True
1105,1698,COMISSARIO,2025-07-28,True
3881,3950,COMANDANTE,2026-03-10,True
4171,4699,COPILOTO,2026-02-04,True
4287,2435,MECANICO_BORDO,2025-09-15,True
4215,1242,COMISSARIO_CHEFE,2026-05-30,True
1747,4495,ENGENHEIRO_VOO,2026-01-02,False
2887,1737,COMISSARIO_CHEFE,2026-02-25,True
3005,4387,ENGENHEIRO_VOO,2026-05-26,True
3919,747,COPILOTO,2025-12-26,False
1324,1480,COPILOTO,2026-03-24,False
1351,3523,COPILOTO,2026-05-06,True
2997,1347,COMISSARIO_CHEFE,2026-05-02,True
3030,3631,COMANDANTE,2025-11-27,True
3329,2732,ENGENHEIRO_VOO,2025-11-12,True
3885,128,COPILOTO,2025-09-24,True
3125,3960,COMISSARIO,2026-04-25,True
1148,2198,COMANDANTE,2025-10-30,False
802,3246,COMISSARIO,2025-07-08,False
63,4898,COMANDANTE,2025-07-04,False
3237,1875,COMANDANTE,2025-08-30,False
2558,1811,MECANICO_BORDO,2025-08-04,True
3354,2033,COMISSARIO_CHEFE,2026-01-09,True
486,3256,COMISSARIO_CHEFE,2025-12-19,True
36,3073,COMISSARIO_CHEFE,2026-01-02,True
2626,1758,COMISSARIO_CHEFE,2025-08-23,True
4864,1962,MECANICO_BORDO,2025-08-20,True
135,546,MECANICO_BORDO,2025-08-26,True
3059,4755,ENGENHEIRO_VOO,2026-05-31,True
4965,1849,COMISSARIO_CHEFE,2026-06-02,True
716,3198,COPILOTO,2025-11-14,True
2268,356,COMISSARIO_CHEFE,2026-05-10,True
4808,1794,ENGENHEIRO_VOO,2025-07-19,True
3573,2261,ENGENHEIRO_VOO,2025-11-07,True
3440,3066,COMISSARIO_CHEFE,2025-11-20,True
1973,3532,COMISSARIO,2026-03-19,True
119,4489,COMISSARIO,2026-01-16,False
830,3288,COMANDANTE,2025-06-24,True
1569,294,MECANICO_BORDO,2025-06-09,True
518,4600,COPILOTO,2026-05-09,True
4164,848,COMANDANTE,2025-12-03,True
529,2020,MECANICO_BORDO,2026-01-31,True
3966,3276,ENGENHEIRO_VOO,2026-03-18,True
3310,2621,COPILOTO,2025-06-26,True
3303,671,ENGENHEIRO_VOO,2026-05-26,True
519,3807,COMISSARIO_CHEFE,2025-07-02,True
382,2420,COMISSARIO,2026-03-15,False
1712,4474,COMANDANTE,2026-05-06,True
3803,1816,COMANDANTE,2025-12-05,False
4124,827,COMISSARIO,2025-11-21,True
3050,3281,ENGENHEIRO_VOO,2026-03-03,True
4229,3070,MECANICO_BORDO,2025-10-11,True
4477,3032,COMANDANTE,2026-04-18,True
194,4584,COMISSARIO_CHEFE,2025-12-17,False
2313,4145,MECANICO_BORDO,2025-06-12,True
104,1691,COMISSARIO,2026-05-03,True
4405,1780,COMISSARIO_CHEFE,2025-08-03,True
3316,1166,ENGENHEIRO_VOO,2026-04-15,True
124,926,COMANDANTE,2026-03-08,False
213,4514,ENGENHEIRO_VOO,2025-07-12,True
2159,109,COMISSARIO,2025-12-26,True
4672,844,COMISSARIO_CHEFE,2026-05-09,False
4498,3194,COMANDANTE,2025-12-23,True
4604,456,COMISSARIO_CHEFE,2026-03-26,True
1227,2421,MECANICO_BORDO,2025-08-19,True
4971,327,COMANDANTE,2025-09-15,True
1571,2527,COMISSARIO_CHEFE,2025-08-09,True
4723,1203,COMISSARIO,2026-02-14,True
2466,30,COMISSARIO,2026-01-09,True
8,2549,COMISSARIO,2025-06-15,True
3816,2174,COPILOTO,2026-04-19,True
1596,1251,MECANICO_BORDO,2025-08-23,True
2971,1095,COMANDANTE,2025-12-25,True
1512,733,MECANICO_BORDO,2025-06-06,True
1968,1189,COPILOTO,2025-11-07,False
4931,2543,COPILOTO,2026-01-13,True
1603,2081,COPILOTO,2026-04-12,True
1045,2731,COMISSARIO,2026-04-23,True
2173,2901,COMANDANTE,2025-10-22,False
1402,3820,COMISSARIO,2026-04-06,True
1761,3704,COMISSARIO_CHEFE,2025-07-07,True
1350,3152,COMANDANTE,2025-08-19,True
4443,3286,MECANICO_BORDO,2025-07-07,True
106,1941,COPILOTO,2026-05-27,True
4609,3121,ENGENHEIRO_VOO,2026-01-24,True
4677,2695,COPILOTO,2026-02-24,True
1519,1950,COPILOTO,2025-07-15,True
3870,1920,COMISSARIO,2026-05-22,False
4508,109,ENGENHEIRO_VOO,2025-07-06,True
3021,1346,COMANDANTE,2025-12-09,True
2881,2103,COMISSARIO,2026-04-04,True
789,2651,COMANDANTE,2025-11-03,True
4960,4546,ENGENHEIRO_VOO,2026-01-21,True
1899,4002,COMANDANTE,2026-05-28,True
520,241,COMISSARIO_CHEFE,2025-08-27,True
4878,351,COMISSARIO_CHEFE,2025-07-13,False
315,716,COMANDANTE,2026-05-06,True
3490,2524,ENGENHEIRO_VOO,2025-07-16,True
950,2639,ENGENHEIRO_VOO,2025-06-15,True
4811,4704,MECANICO_BORDO,2025-08-28,False
3624,1855,COMISSARIO,2025-07-14,True
3666,878,MECANICO_BORDO,2026-05-13,True
582,1632,COPILOTO,2026-02-02,False
4585,199,COMISSARIO,2025-06-07,True
791,201,ENGENHEIRO_VOO,2025-06-09,True
229,2445,ENGENHEIRO_VOO,2025-08-06,True
1818,3481,COMANDANTE,2026-05-10,True
175,2890,COPILOTO,2025-10-31,True
4422,1100,MECANICO_BORDO,2025-12-03,True
4718,2923,ENGENHEIRO_VOO,2026-01-19,True
4499,114,COPILOTO,2026-01-08,False
841,4736,COMISSARIO_CHEFE,2025-08-19,False
171,2573,COMANDANTE,2025-10-02,True
857,1094,COPILOTO,2026-02-26,True
149,2424,COMISSARIO_CHEFE,2025-11-28,True
1295,1358,COMANDANTE,2025-06-14,True
400,2478,COPILOTO,2025-07-15,False
2841,4694,COMANDANTE,2026-02-16,False
1458,1168,COPILOTO,2026-02-18,True
238,4473,ENGENHEIRO_VOO,2025-11-22,True
3623,1026,MECANICO_BORDO,2025-11-17,True
4335,3565,COMISSARIO_CHEFE,2026-02-27,True
1361,4953,COPILOTO,2025-08-21,True
4667,897,COMISSARIO,2025-07-03,True
4461,967,COPILOTO,2026-05-26,True
2402,510,COMANDANTE,2026-02-20,True
1298,725,COPILOTO,2026-01-14,True
355,3832,COMISSARIO,2025-12-03,True
1703,3678,ENGENHEIRO_VOO,2025-11-08,True
4722,4675,COMISSARIO_CHEFE,2025-06-30,False
3349,4745,COMISSARIO_CHEFE,2025-08-17,True
973,4675,COPILOTO,2025-12-22,True
1537,2829,COMISSARIO,2025-11-01,True
1569,4105,MECANICO_BORDO,2026-04-12,True
4819,4846,ENGENHEIRO_VOO,2026-02-14,True
4742,4175,COMISSARIO,2026-01-09,False
3651,2032,COPILOTO,2026-05-07,True
2791,94,ENGENHEIRO_VOO,2025-06-25,False
370,2788,COMISSARIO_CHEFE,2026-04-12,True
4332,2882,COMANDANTE,2026-03-15,True
4857,2581,COPILOTO,2025-10-26,False
4231,2520,COPILOTO,2025-06-09,True
2583,2766,COPILOTO,2025-07-17,True
4284,2077,COPILOTO,2025-12-12,True
2436,2653,ENGENHEIRO_VOO,2026-04-10,True
3126,1140,COMISSARIO,2026-04-14,True
47,4975,COMANDANTE,2026-03-29,True
3141,154,COMISSARIO,2025-09-27,True
4368,4605,MECANICO_BORDO,2025-08-04,False
4446,2925,MECANICO_BORDO,2026-01-22,True
207,1852,ENGENHEIRO_VOO,2025-06-17,True
3508,4851,ENGENHEIRO_VOO,2026-03-10,True
1130,4810,ENGENHEIRO_VOO,2026-04-21,False
1053,196,MECANICO_BORDO,2025-10-30,True
4128,2121,COMANDANTE,2025-07-22,True
14,1543,ENGENHEIRO_VOO,2026-01-14,False
3276,1741,COMISSARIO_CHEFE,2025-12-26,True
3861,4590,MECANICO_BORDO,2025-07-07,False
929,2679,COMANDANTE,2025-09-08,True
849,4103,COMISSARIO_CHEFE,2025-10-05,True
4634,2209,MECANICO_BORDO,2025-07-08,True
3865,11,COPILOTO,2025-06-18,True
4041,4883,COMANDANTE,2025-10-03,True
963,668,ENGENHEIRO_VOO,2026-01-15,True
2048,3761,ENGENHEIRO_VOO,2025-10-26,True
2990,78,COMISSARIO,2026-04-09,True
3023,1505,COMISSARIO_CHEFE,2025-07-21,True
4329,671,COMISSARIO_CHEFE,2025-10-14,True
4210,2384,ENGENHEIRO_VOO,2025-09-13,True
4853,1185,COMISSARIO_CHEFE,2026-02-14,True
1650,3814,COMANDANTE,2025-09-27,True
2325,3650,MECANICO_BORDO,2026-05-18,True
123,2805,COMANDANTE,2026-01-12,False
3100,3069,COMISSARIO_CHEFE,2025-06-13,True
981,2535,ENGENHEIRO_VOO,2026-01-01,False
613,4537,COMISSARIO,2026-02-04,True
3267,3797,COMANDANTE,2025-12-06,True
109,1501,MECANICO_BORDO,2026-01-04,False
3206,1589,COMISSARIO_CHEFE,2025-06-19,False
884,1065,COMISSARIO,2025-06-29,True
4327,433,MECANICO_BORDO,2025-10-03,True
4217,2174,MECANICO_BORDO,2025-12-14,True
3812,2490,COMISSARIO,2025-12-17,True
1019,338,COMISSARIO_CHEFE,2025-09-11,True
352,2363,COMANDANTE,2025-12-31,True
650,4887,COMISSARIO_CHEFE,2025-06-10,False
859,2605,MECANICO_BORDO,2026-05-07,True
2324,4644,COMISSARIO_CHEFE,2025-07-12,False
3580,1042,COMANDANTE,2025-09-08,True
606,4495,MECANICO_BORDO,2025-06-22,True
3373,1983,MECANICO_BORDO,2025-12-15,True
2195,4901,COMISSARIO,2025-06-11,True
2015,2707,ENGENHEIRO_VOO,2026-01-17,True
3220,162,COMISSARIO,2026-01-17,False
3709,2484,COMISSARIO,2026-03-28,True
3393,3873,COMISSARIO_CHEFE,2026-05-18,True
59,4766,ENGENHEIRO_VOO,2025-06-28,True
1725,1864,COPILOTO,2025-07-25,True
2275,2476,COMISSARIO,2026-02-17,True
3914,2926,ENGENHEIRO_VOO,2025-10-08,True
328,3572,COPILOTO,2025-06-06,True
3806,3343,COMISSARIO,2025-08-28,False
2235,4898,ENGENHEIRO_VOO,2025-11-29,True
2368,961,ENGENHEIRO_VOO,2025-10-09,True
4110,2915,COMISSARIO,2025-09-25,True
1573,1964,COMANDANTE,2025-10-09,True
4827,4401,COMISSARIO_CHEFE,2025-06-23,True
2087,4391,COMISSARIO,2025-10-23,True
287,3244,COPILOTO,2025-12-31,True
1654,270,MECANICO_BORDO,2025-06-19,True
3352,83,COMISSARIO,2026-02-16,True
2151,2673,COMISSARIO_CHEFE,2026-01-05,False
2348,4499,MECANICO_BORDO,2025-06-24,True
4073,2755,MECANICO_BORDO,2025-07-13,True
770,2673,ENGENHEIRO_VOO,2025-10-09,True
3481,4633,ENGENHEIRO_VOO,2025-10-23,True
1440,1983,COPILOTO,2026-02-15,False
2989,2395,MECANICO_BORDO,2025-10-01,True
3452,419,COMISSARIO,2025-10-13,True
2914,4499,MECANICO_BORDO,2026-02-03,True
198,4784,COPILOTO,2025-07-05,True
2654,255,COPILOTO,2025-09-07,True
1503,1925,COMANDANTE,2026-01-27,True
4787,2234,COPILOTO,2025-06-20,True
4709,3888,COPILOTO,2026-02-03,True
4354,4902,ENGENHEIRO_VOO,2025-08-17,True
2943,59,COPILOTO,2025-09-09,True
572,2637,COMISSARIO,2025-12-09,True
4731,642,COPILOTO,2026-05-20,True
426,2778,COPILOTO,2026-05-15,True
2346,922,COMISSARIO_CHEFE,2026-01-07,True
3294,4209,COMISSARIO,2026-04-19,True
3549,3190,COMANDANTE,2026-04-15,True
1604,4890,MECANICO_BORDO,2025-09-22,True
1671,4926,COMANDANTE,2025-12-03,False
4474,3487,COMISSARIO_CHEFE,2025-11-26,False
4371,3162,MECANICO_BORDO,2025-10-26,False
4911,701,MECANICO_BORDO,2025-09-17,True
2822,2547,COMISSARIO,2025-11-05,True
2693,820,COPILOTO,2025-08-26,True
582,2280,MECANICO_BORDO,2025-12-11,True
3717,4517,COMANDANTE,2025-12-05,True
1566,733,COPILOTO,2026-05-09,True
1215,1308,MECANICO_BORDO,2026-05-20,True
1501,3520,MECANICO_BORDO,2025-07-29,False
4113,612,COMISSARIO_CHEFE,2025-07-24,True
2011,3699,COMANDANTE,2025-12-10,True
4485,621,COMISSARIO_CHEFE,2026-05-13,False
4819,2806,ENGENHEIRO_VOO,2025-09-19,True
391,4934,MECANICO_BORDO,2025-10-03,True
357,2457,COMISSARIO,2026-03-29,True
4825,614,COMISSARIO_CHEFE,2026-03-29,True
4723,2732,ENGENHEIRO_VOO,2026-04-04,True
1253,4367,COMISSARIO_CHEFE,2025-07-04,False
1234,4778,ENGENHEIRO_VOO,2026-02-10,True
229,1510,COMANDANTE,2026-04-08,True
3629,1043,COMISSARIO,2025-11-30,True
3044,2628,MECANICO_BORDO,2025-11-24,True
3613,266,ENGENHEIRO_VOO,2025-10-31,True
3297,419,ENGENHEIRO_VOO,2025-09-03,True
2333,3931,COPILOTO,2025-06-17,False
208,3652,COPILOTO,2025-09-21,False
2398,2332,COMANDANTE,2026-01-23,True
2592,2883,COMANDANTE,2025-09-02,True
4793,4805,COMANDANTE,2025-06-26,True
3604,184,COMANDANTE,2026-05-17,False
2261,3776,COMISSARIO_CHEFE,2025-10-10,True
994,3941,MECANICO_BORDO,2025-08-16,True
1356,3609,ENGENHEIRO_VOO,2025-07-16,True
655,1710,COMISSARIO,2025-07-05,True
1761,4922,COMANDANTE,2025-09-08,True
4507,1324,COMISSARIO,2025-07-12,False
3779,693,COMANDANTE,2025-07-24,False
2161,1760,ENGENHEIRO_VOO,2026-02-08,True
203,1189,COMANDANTE,2025-09-04,True
88,1973,MECANICO_BORDO,2026-05-17,True
1536,1108,COMANDANTE,2025-09-01,True
126,1486,COMISSARIO_CHEFE,2025-07-14,True
99,2771,COPILOTO,2025-12-01,True
2310,2474,COMANDANTE,2026-02-22,False
2699,1578,MECANICO_BORDO,2025-08-24,True
4806,1026,ENGENHEIRO_VOO,2025-12-26,False
4174,450,COMISSARIO,2026-02-03,True
3277,1052,COMANDANTE,2025-08-25,False
4940,4138,COMANDANTE,2025-11-03,True
1797,337,COMANDANTE,2026-01-31,True
3371,1760,ENGENHEIRO_VOO,2025-09-24,True
1622,1337,COMISSARIO,2026-04-30,True
2456,3626,COMISSARIO_CHEFE,2026-04-23,True
3387,1107,COMISSARIO,2025-07-21,True
3356,1030,COMANDANTE,2026-02-01,False
663,1055,COMANDANTE,2026-05-07,True
2377,2043,COPILOTO,2025-12-16,True
3975,1504,COMANDANTE,2026-04-06,True
490,3056,COMISSARIO_CHEFE,2025-10-07,True
3855,197,COMISSARIO,2026-05-16,True
3287,2193,COPILOTO,2025-10-04,True
3339,24,ENGENHEIRO_VOO,2026-04-02,True
3378,3425,COMISSARIO_CHEFE,2025-07-03,True
3662,1424,MECANICO_BORDO,2025-10-03,True
4924,3197,COPILOTO,2025-08-27,True
4980,2566,COPILOTO,2026-02-11,False
3444,3054,COMANDANTE,2026-03-08,True
3842,2383,COMANDANTE,2025-06-23,True
2130,117,COMISSARIO_CHEFE,2026-03-22,True
1323,79,MECANICO_BORDO,2025-11-13,False
884,4316,MECANICO_BORDO,2025-08-15,True
3086,4169,COMANDANTE,2025-08-16,True
1692,1064,MECANICO_BORDO,2026-04-08,True
2402,3479,COMANDANTE,2026-03-09,True
2026,2831,COPILOTO,2025-12-04,True
3646,1185,COPILOTO,2025-12-11,True
199,1872,COMISSARIO_CHEFE,2025-09-02,True
1448,3250,MECANICO_BORDO,2026-05-02,True
3348,662,COMANDANTE,2025-07-11,True
2960,771,COMISSARIO_CHEFE,2026-01-01,False
3336,3458,COMANDANTE,2025-06-05,True
3843,2272,COMANDANTE,2026-05-09,False
3185,2479,COMISSARIO,2026-01-09,False
4200,3940,MECANICO_BORDO,2025-08-17,False
3983,777,MECANICO_BORDO,2026-02-18,True
345,2865,COMANDANTE,2025-08-19,True
1177,1940,COPILOTO,2026-03-12,False
2959,2373,COPILOTO,2025-07-31,True
1660,4616,ENGENHEIRO_VOO,2025-12-26,True
3043,1560,MECANICO_BORDO,2025-07-03,True
2317,4202,MECANICO_BORDO,2026-05-08,True
2919,2328,COMANDANTE,2026-02-01,True
3414,2020,COMISSARIO,2025-08-27,True
1086,4345,COPILOTO,2025-12-14,True
3579,1056,COMISSARIO,2026-02-21,True
823,1494,COMISSARIO,2026-05-20,False
3729,3661,COMISSARIO_CHEFE,2026-04-18,False
2133,2823,MECANICO_BORDO,2025-09-27,True
2575,1023,MECANICO_BORDO,2025-06-12,True
3487,4554,COMISSARIO_CHEFE,2026-04-24,True
2875,2501,COMANDANTE,2025-08-25,True
1521,2639,ENGENHEIRO_VOO,2026-01-05,False
1484,1020,COMISSARIO_CHEFE,2025-08-23,True
1711,3307,COMANDANTE,2026-05-16,True
1694,3610,ENGENHEIRO_VOO,2026-03-25,True
1605,611,COMISSARIO,2025-11-13,False
2564,1020,COMISSARIO,2025-09-28,True
3547,4666,COPILOTO,2025-08-03,True
846,3405,ENGENHEIRO_VOO,2025-10-17,True
1219,3417,ENGENHEIRO_VOO,2026-02-13,True
1717,2435,COMISSARIO_CHEFE,2025-06-27,True
145,4564,COMISSARIO,2025-07-06,True
1649,46,COPILOTO,2025-11-23,True
4376,3415,COMANDANTE,2026-01-31,True
873,1126,MECANICO_BORDO,2026-04-24,True
2890,1042,COMANDANTE,2026-01-21,True
3556,3924,COMANDANTE,2025-06-06,True
3088,1681,COMANDANTE,2026-05-28,True
3492,2197,COMISSARIO,2026-05-06,False
1655,3024,COPILOTO,2026-03-15,True
1595,776,COMISSARIO,2025-12-22,True
4648,3278,ENGENHEIRO_VOO,2026-04-11,True
2279,4124,ENGENHEIRO_VOO,2026-02-19,False
2389,569,COPILOTO,2026-04-07,True
1482,276,ENGENHEIRO_VOO,2025-11-27,True
2874,3922,ENGENHEIRO_VOO,2025-10-07,False
2410,4516,COMANDANTE,2026-05-26,True
4985,78,ENGENHEIRO_VOO,2025-12-08,True
1841,972,MECANICO_BORDO,2025-11-28,True
4375,4651,COMISSARIO_CHEFE,2026-04-16,True
1732,4544,COMISSARIO_CHEFE,2026-04-24,True
90,688,COPILOTO,2026-05-04,True
4730,1862,COMISSARIO,2025-12-10,True
196,3300,COPILOTO,2026-02-04,True
2452,4397,MECANICO_BORDO,2025-11-29,True
2733,581,COPILOTO,2025-09-26,True
15,4376,COPILOTO,2025-09-29,True
4219,3631,COMANDANTE,2025-10-30,False
3473,4064,COMISSARIO_CHEFE,2025-08-06,True
2311,3756,COMISSARIO,2026-02-09,True
3240,4481,COPILOTO,2025-06-04,True
1164,3651,ENGENHEIRO_VOO,2025-10-29,True
3701,3889,ENGENHEIRO_VOO,2025-06-03,True
3673,3766,ENGENHEIRO_VOO,2026-02-08,True
4970,3816,COMISSARIO_CHEFE,2026-01-16,True
3579,4276,COMISSARIO_CHEFE,2025-06-19,True
120,125,COMISSARIO_CHEFE,2026-05-24,False
1935,1080,MECANICO_BORDO,2025-07-03,True
763,1299,COMANDANTE,2025-06-03,True
2030,3524,COMISSARIO,2026-05-02,True
3141,1093,COMANDANTE,2025-06-24,True
4134,4102,COMANDANTE,2026-04-15,True
4991,2208,COPILOTO,2026-05-26,True
30,1211,ENGENHEIRO_VOO,2026-01-28,True
4600,318,COMISSARIO,2026-01-17,True
4804,940,MECANICO_BORDO,2025-10-17,True
4303,3736,COMISSARIO_CHEFE,2025-12-29,True
4530,4962,ENGENHEIRO_VOO,2026-03-26,True
1805,4481,COMANDANTE,2025-10-24,True
831,4224,MECANICO_BORDO,2025-06-03,True
290,697,COMISSARIO,2026-01-11,True
643,3156,ENGENHEIRO_VOO,2025-07-05,True
2682,2698,COMISSARIO,2026-03-03,True
2624,3972,COMANDANTE,2025-07-14,True
979,4883,MECANICO_BORDO,2025-10-06,True
2462,1160,ENGENHEIRO_VOO,2026-05-05,True
4457,2771,COMANDANTE,2026-02-15,True
1703,3928,COPILOTO,2025-08-19,True
4529,1881,MECANICO_BORDO,2025-07-30,False
496,1056,MECANICO_BORDO,2026-03-02,True
4949,444,COMISSARIO_CHEFE,2025-07-26,True
2167,1699,ENGENHEIRO_VOO,2025-12-05,True
1462,4312,ENGENHEIRO_VOO,2025-10-29,True
4923,995,ENGENHEIRO_VOO,2026-02-08,True
185,1139,COMISSARIO,2026-02-14,True
807,1116,ENGENHEIRO_VOO,2026-02-10,False
2794,2801,ENGENHEIRO_VOO,2025-06-18,True
598,3781,COMISSARIO_CHEFE,2025-08-22,True
492,3376,COMANDANTE,2025-09-28,False
4678,2699,COMISSARIO_CHEFE,2025-12-31,True
438,4223,COPILOTO,2025-09-14,True
3556,4873,MECANICO_BORDO,2025-11-24,True
4649,2488,ENGENHEIRO_VOO,2026-03-19,False
2916,961,COMISSARIO_CHEFE,2025-12-25,True
1483,487,COMISSARIO,2026-03-25,True
2392,821,COPILOTO,2026-03-12,False
670,3339,MECANICO_BORDO,2025-12-15,True
1579,3343,COPILOTO,2025-06-20,True
1124,1262,COMISSARIO_CHEFE,2026-04-27,True
3137,3261,MECANICO_BORDO,2026-04-11,True
1513,1346,COMANDANTE,2025-06-06,True
1079,1796,COMISSARIO_CHEFE,2025-09-11,True
271,3477,COPILOTO,2025-11-27,True
2621,3809,COPILOTO,2025-08-08,True
3850,2839,MECANICO_BORDO,2026-02-17,True
1745,2053,COMISSARIO,2026-03-06,True
2183,3846,COMISSARIO,2025-09-09,True
982,1908,COMISSARIO_CHEFE,2026-05-26,True
553,1917,ENGENHEIRO_VOO,2026-05-04,True
4626,1977,COMISSARIO_CHEFE,2025-10-23,True
2642,4755,COMISSARIO,2025-12-05,True
3950,4061,COPILOTO,2025-06-29,True
946,4526,ENGENHEIRO_VOO,2025-08-09,False
1408,4592,COMANDANTE,2026-02-02,True
3319,2931,COMANDANTE,2025-11-03,False
2766,4785,COPILOTO,2025-12-10,True
1385,433,COMISSARIO_CHEFE,2025-11-30,True
3372,4126,COMANDANTE,2025-08-06,True
4698,2723,MECANICO_BORDO,2025-12-24,True
3588,4346,COMISSARIO_CHEFE,2025-06-04,True
1683,514,COMISSARIO,2025-11-21,True
2542,1867,COMISSARIO_CHEFE,2026-03-13,True
2752,4487,COMISSARIO,2026-05-21,True
3875,4571,COMISSARIO_CHEFE,2026-05-28,True
1393,4095,COMISSARIO,2025-08-07,True
3523,1628,COMANDANTE,2025-06-22,True
4253,1103,COPILOTO,2025-06-21,True
3543,2143,MECANICO_BORDO,2026-04-18,False
2550,778,COPILOTO,2026-01-20,True
3697,1672,COMISSARIO,2025-06-22,True
1931,963,COMANDANTE,2025-06-26,False
2568,3229,COPILOTO,2025-10-14,False
1274,256,COPILOTO,2025-09-19,True
2657,65,ENGENHEIRO_VOO,2025-11-17,True
3400,583,COMISSARIO_CHEFE,2025-10-26,True
4319,3945,COMANDANTE,2026-03-05,True
1541,4445,MECANICO_BORDO,2026-01-01,True
2430,3813,COMISSARIO_CHEFE,2025-06-16,True
4787,1906,COMANDANTE,2025-12-07,True
4786,3715,COMISSARIO_CHEFE,2026-03-22,True
904,2159,COPILOTO,2026-01-21,True
90,3082,ENGENHEIRO_VOO,2025-11-25,False
2617,1899,COPILOTO,2026-05-08,True
1004,4306,COMISSARIO_CHEFE,2025-12-30,True
4064,4757,COMANDANTE,2025-09-11,False
4112,1169,COPILOTO,2025-08-09,True
3587,2414,COMANDANTE,2026-02-01,True
292,720,MECANICO_BORDO,2025-10-20,True
75,3073,COMISSARIO_CHEFE,2025-10-02,False
239,2985,ENGENHEIRO_VOO,2025-08-21,True
1065,867,COPILOTO,2026-04-14,True
2283,3087,COMISSARIO_CHEFE,2026-01-12,True
2495,2264,COMANDANTE,2026-02-25,False
2021,2010,COMANDANTE,2025-11-03,False
1859,871,COMISSARIO,2025-07-06,True
1540,3744,MECANICO_BORDO,2025-07-04,True
1906,4531,COPILOTO,2025-11-05,False
313,3125,COMISSARIO,2026-03-31,True
3358,4445,COMISSARIO,2026-01-01,True
3139,3697,COMISSARIO,2026-04-11,True
2434,1883,COMISSARIO_CHEFE,2025-09-20,False
3965,3393,MECANICO_BORDO,2026-04-24,False
705,4780,COMANDANTE,2026-04-21,True
4294,1830,COMANDANTE,2025-11-20,True
3149,1215,COPILOTO,2026-05-25,True
3430,1988,COMANDANTE,2026-03-02,True
3191,1535,COMISSARIO,2025-12-17,True
875,4789,COMISSARIO_CHEFE,2025-06-18,True
538,417,COPILOTO,2025-09-30,True
4106,4622,COMISSARIO,2025-06-04,True
996,3822,COMISSARIO,2025-10-17,True
904,1418,MECANICO_BORDO,2025-12-03,True
1534,4650,COPILOTO,2025-08-11,True
3297,4395,ENGENHEIRO_VOO,2026-05-10,True
1911,34,MECANICO_BORDO,2025-09-21,True
1066,3296,ENGENHEIRO_VOO,2026-04-01,True
4330,1862,ENGENHEIRO_VOO,2026-03-30,True
3877,3087,COPILOTO,2026-02-04,True
3072,970,MECANICO_BORDO,2025-10-11,True
4122,3797,MECANICO_BORDO,2025-12-22,True
2077,539,COPILOTO,2026-01-15,True
529,2776,ENGENHEIRO_VOO,2025-12-12,True
634,4389,ENGENHEIRO_VOO,2025-09-26,True
2775,3994,COPILOTO,2026-03-18,True
2811,2937,COMISSARIO,2026-04-20,True
214,1011,MECANICO_BORDO,2026-05-13,True
1939,1592,COPILOTO,2025-07-09,False
2393,354,COPILOTO,2026-01-19,True
554,2606,COPILOTO,2025-11-03,False
3156,3133,COPILOTO,2026-02-01,True
508,2167,COMISSARIO,2025-09-13,True
4660,1510,ENGENHEIRO_VOO,2025-10-09,True
2212,1410,MECANICO_BORDO,2025-08-18,True
1974,3049,COMISSARIO_CHEFE,2025-12-02,False
3572,2854,MECANICO_BORDO,2025-10-03,True
1556,2549,COMANDANTE,2025-12-08,True
2755,276,COMANDANTE,2025-08-19,True
4125,4795,COMISSARIO_CHEFE,2026-01-22,True
1258,1556,COMISSARIO_CHEFE,2026-04-14,True
2371,628,COPILOTO,2026-05-25,True
4119,2166,MECANICO_BORDO,2025-09-09,True
3793,886,COMANDANTE,2025-07-25,True
4233,2624,COMANDANTE,2026-05-07,True
68,4417,COMISSARIO_CHEFE,2025-10-26,True
33,3532,COMISSARIO_CHEFE,2025-10-27,True
4215,1364,MECANICO_BORDO,2025-06-28,True
605,510,COMISSARIO_CHEFE,2025-06-17,True
1682,3170,COMANDANTE,2026-01-20,True
3059,1787,MECANICO_BORDO,2026-01-23,True
504,2466,MECANICO_BORDO,2026-05-11,True
3335,4951,COPILOTO,2025-10-20,True
3715,219,COMANDANTE,2025-12-27,False
3883,2679,COMISSARIO_CHEFE,2026-04-05,False
3147,182,COMANDANTE,2025-08-26,False
3432,2857,COMISSARIO_CHEFE,2026-02-21,False
2395,3833,COMANDANTE,2025-09-02,True
273,739,COMANDANTE,2025-06-04,True
1867,1491,COPILOTO,2025-10-22,False
720,1099,ENGENHEIRO_VOO,2026-02-20,False
4599,835,MECANICO_BORDO,2025-09-02,True
2590,1280,MECANICO_BORDO,2026-01-16,True
319,2275,COPILOTO,2025-12-31,True
4884,2492,COMANDANTE,2025-07-06,True
2238,4044,COMISSARIO,2026-02-13,True
1216,3218,COMANDANTE,2026-03-01,True
3567,803,COPILOTO,2026-01-12,True
851,2546,COMISSARIO_CHEFE,2026-05-26,True
4817,2916,COMISSARIO_CHEFE,2025-08-18,False
4621,2155,COPILOTO,2025-11-24,True
61,4760,ENGENHEIRO_VOO,2026-05-10,True
1089,1510,COPILOTO,2025-07-19,True
4366,3319,COMISSARIO,2025-12-05,True
1837,3560,MECANICO_BORDO,2025-10-16,True
4961,4970,MECANICO_BORDO,2026-01-29,True
61,4180,COMISSARIO_CHEFE,2026-03-07,False
4259,4366,ENGENHEIRO_VOO,2026-01-11,False
2078,896,ENGENHEIRO_VOO,2026-03-14,False
1143,1165,COMANDANTE,2025-07-31,True
1892,4337,COMISSARIO_CHEFE,2026-04-30,True
111,457,COMISSARIO,2026-02-20,True
4072,4580,COMANDANTE,2025-12-09,False
142,3244,COMANDANTE,2026-05-25,True
632,4418,COMANDANTE,2025-06-27,True
2910,432,COMANDANTE,2026-03-11,False
3788,786,COMISSARIO,2025-07-01,True
2675,2725,COMANDANTE,2026-05-18,True
1210,438,COMISSARIO_CHEFE,2025-09-27,True
3871,4750,COMISSARIO_CHEFE,2025-11-23,True
4383,110,COMANDANTE,2026-03-30,False
241,4633,MECANICO_BORDO,2026-04-09,True
2626,3267,ENGENHEIRO_VOO,2026-03-27,True
1033,4354,COMISSARIO,2026-01-16,False
523,236,COMISSARIO_CHEFE,2025-08-16,True
3408,4915,COMANDANTE,2025-09-22,True
3386,2123,ENGENHEIRO_VOO,2025-09-28,True
1452,1420,MECANICO_BORDO,2025-08-02,True
179,2454,COPILOTO,2026-03-01,False
4594,3030,ENGENHEIRO_VOO,2025-08-22,True
2525,2380,COMISSARIO,2025-11-01,False
4113,4020,ENGENHEIRO_VOO,2026-03-15,True
4814,4377,ENGENHEIRO_VOO,2025-11-09,True
1729,2250,COPILOTO,2026-04-09,True
807,1971,COMISSARIO,2025-10-19,True
1844,3268,MECANICO_BORDO,2026-03-04,True
105,1327,MECANICO_BORDO,2026-03-15,False
4677,3084,COMISSARIO_CHEFE,2026-04-15,True
1354,3340,COMANDANTE,2026-04-20,True
3721,378,MECANICO_BORDO,2026-02-13,True
4716,4320,COPILOTO,2026-01-14,True
1552,4102,MECANICO_BORDO,2025-09-30,True
623,1686,ENGENHEIRO_VOO,2025-08-03,True
4626,2199,COMANDANTE,2025-08-26,True
1799,1477,COMISSARIO,2026-04-27,True
4626,2434,COPILOTO,2025-07-25,True
2933,4193,ENGENHEIRO_VOO,2025-09-03,True
4856,2182,COMANDANTE,2025-10-28,True
4996,444,COMANDANTE,2025-06-27,True
1937,805,COPILOTO,2026-02-09,True
3229,3985,COPILOTO,2026-02-18,True
2855,4834,ENGENHEIRO_VOO,2025-11-23,True
1082,2442,ENGENHEIRO_VOO,2026-04-16,True
4792,1504,COMISSARIO_CHEFE,2026-03-20,True
4342,1991,MECANICO_BORDO,2025-12-18,True
1807,2339,COMISSARIO,2026-01-28,True
1854,1644,COMANDANTE,2026-04-01,True
2832,866,COMISSARIO_CHEFE,2025-10-26,False
1443,4316,COMISSARIO,2026-04-28,True
2134,3288,ENGENHEIRO_VOO,2026-03-21,True
3809,350,COMANDANTE,2026-02-04,True
4095,3350,MECANICO_BORDO,2025-07-06,True
3381,4185,COPILOTO,2025-09-07,False
3028,1878,COMISSARIO_CHEFE,2025-07-02,True
4058,1601,MECANICO_BORDO,2026-01-18,True
1672,861,COMANDANTE,2026-05-30,False
1636,817,COMISSARIO,2025-09-16,True
4685,4748,COPILOTO,2025-09-20,True
1487,4142,ENGENHEIRO_VOO,2025-11-17,True
4547,2027,ENGENHEIRO_VOO,2026-04-03,True
3595,909,MECANICO_BORDO,2026-05-24,False
4103,1372,MECANICO_BORDO,2025-11-16,True
39,1222,COPILOTO,2025-09-22,True
3511,4959,ENGENHEIRO_VOO,2025-09-29,True
4732,276,MECANICO_BORDO,2025-10-08,True
3723,607,COPILOTO,2025-08-17,True
3020,1400,ENGENHEIRO_VOO,2026-02-05,True
1388,582,ENGENHEIRO_VOO,2025-11-26,True
1191,707,COMISSARIO_CHEFE,2025-06-11,True
3274,4218,ENGENHEIRO_VOO,2026-02-09,True
2069,1674,COPILOTO,2025-12-07,True
2509,3095,MECANICO_BORDO,2025-10-23,False
448,4523,COMANDANTE,2025-08-06,True
2688,2228,MECANICO_BORDO,2025-07-24,True
87,3317,COMISSARIO,2025-07-15,True
277,2445,MECANICO_BORDO,2025-12-26,True
2518,1992,COMISSARIO_CHEFE,2025-10-16,False
3588,3206,COMANDANTE,2025-06-17,False
3051,1641,COMISSARIO_CHEFE,2026-01-11,True
3669,3983,COMISSARIO,2025-08-27,True
3833,487,ENGENHEIRO_VOO,2026-03-22,True
1632,1636,COMANDANTE,2025-08-12,True
1740,575,COMANDANTE,2025-06-09,False
4760,1160,MECANICO_BORDO,2026-04-05,True
4602,745,COMISSARIO,2025-10-27,False
1673,3186,MECANICO_BORDO,2025-10-09,False
2899,2885,COMISSARIO,2025-10-29,True
2068,1691,MECANICO_BORDO,2025-11-25,False
4122,2265,COMANDANTE,2025-06-12,True
1884,2642,COMANDANTE,2026-02-05,True
512,2073,COMANDANTE,2025-08-04,True
4107,1764,COMISSARIO,2025-12-12,True
3406,4205,COPILOTO,2025-09-04,False
492,3207,MECANICO_BORDO,2026-04-10,True
2564,1050,COMISSARIO_CHEFE,2025-12-12,True
4069,3868,COMANDANTE,2026-04-13,True
1129,4303,COMISSARIO_CHEFE,2025-11-03,True
1225,4178,COMISSARIO_CHEFE,2026-05-03,True
1054,2085,ENGENHEIRO_VOO,2025-07-02,False
1918,3782,MECANICO_BORDO,2025-09-11,True
505,1745,COPILOTO,2026-01-22,True
1465,827,COMISSARIO,2026-01-24,True
3477,2888,MECANICO_BORDO,2025-12-21,True
2442,3300,MECANICO_BORDO,2026-02-08,True
1132,4737,COPILOTO,2025-07-07,True
4002,2812,COMISSARIO_CHEFE,2025-08-04,True
3508,2075,COPILOTO,2026-01-07,True
757,2140,COMISSARIO,2025-07-06,True
3449,4529,ENGENHEIRO_VOO,2025-12-06,True
1219,3536,COPILOTO,2026-01-23,False
2538,3070,MECANICO_BORDO,2026-03-29,True
2547,1045,COMISSARIO,2026-01-17,True
2534,2649,COMISSARIO_CHEFE,2026-01-12,True
2953,4894,MECANICO_BORDO,2025-12-31,True
3276,4861,COMANDANTE,2026-01-15,True
3009,4096,COPILOTO,2025-06-19,False
1499,1800,COMISSARIO,2026-04-27,True
2276,565,COPILOTO,2026-02-19,True
3469,4414,COMISSARIO,2025-12-15,True
1522,4707,MECANICO_BORDO,2025-12-17,True
1410,2219,ENGENHEIRO_VOO,2025-09-03,False
4511,2624,COMISSARIO,2026-02-14,True
3761,3730,COPILOTO,2026-02-03,True
911,3416,COMISSARIO,2026-01-25,False
1465,2175,COMISSARIO,2025-06-23,True
497,2273,COPILOTO,2025-11-11,True
3401,3040,COPILOTO,2026-02-24,True
3843,100,COPILOTO,2025-12-07,True
3246,2421,COMISSARIO_CHEFE,2026-03-02,True
1371,4873,MECANICO_BORDO,2026-05-04,False
859,3554,ENGENHEIRO_VOO,2026-02-03,True
1034,1360,COPILOTO,2025-11-17,True
3344,4996,ENGENHEIRO_VOO,2026-03-30,True
1456,970,COMISSARIO_CHEFE,2025-11-21,True
4015,335,COMISSARIO,2025-08-10,True
1727,921,COMANDANTE,2025-12-11,True
4172,4661,MECANICO_BORDO,2025-06-17,True
2504,935,COMISSARIO_CHEFE,2026-05-24,True
1422,1953,ENGENHEIRO_VOO,2025-11-09,True
4866,4945,MECANICO_BORDO,2025-08-05,True
1633,2958,MECANICO_BORDO,2026-05-20,False
3094,1960,COMISSARIO_CHEFE,2025-07-02,False
4194,3178,COMISSARIO,2026-01-15,True
4234,845,MECANICO_BORDO,2026-01-05,True
3564,1205,COMISSARIO,2025-11-22,True
213,3169,COMISSARIO_CHEFE,2026-02-21,True
2219,1452,ENGENHEIRO_VOO,2026-02-11,True
259,4138,COMISSARIO_CHEFE,2025-07-08,True
4927,2250,COMISSARIO,2025-10-31,False
411,1224,COMANDANTE,2026-03-26,True
3260,3100,COPILOTO,2026-04-14,True
1999,4124,COMANDANTE,2025-06-27,True
2591,151,MECANICO_BORDO,2025-06-19,True
1284,4845,MECANICO_BORDO,2025-07-21,True
221,4176,COMANDANTE,2025-06-19,True
3308,1604,COMANDANTE,2025-06-27,True
3244,4896,COMISSARIO,2025-09-14,True
964,296,COPILOTO,2026-03-07,True
3543,2972,COPILOTO,2025-10-04,False
2688,1630,COMISSARIO,2026-01-31,True
4514,1606,ENGENHEIRO_VOO,2026-05-20,True
1596,498,COMISSARIO,2026-04-21,True
4990,2526,COMANDANTE,2026-05-10,True
204,1375,COMANDANTE,2026-02-19,True
3193,4483,COPILOTO,2025-06-06,True
3476,1919,ENGENHEIRO_VOO,2025-10-21,True
4352,732,MECANICO_BORDO,2026-05-15,True
257,3035,ENGENHEIRO_VOO,2025-07-05,True
1393,2248,MECANICO_BORDO,2026-03-21,True
4597,4547,COPILOTO,2026-03-04,True
475,122,COMISSARIO,2025-09-17,True
2304,1491,COMANDANTE,2026-04-26,True
4335,2662,COMISSARIO_CHEFE,2026-01-23,True
2698,4237,MECANICO_BORDO,2026-01-22,False
3772,2221,COMANDANTE,2026-05-29,True
3133,118,COMISSARIO_CHEFE,2025-08-07,True
1979,4494,COMISSARIO_CHEFE,2025-07-22,True
3230,2565,ENGENHEIRO_VOO,2026-02-24,True
4406,2732,COMISSARIO,2025-12-27,False
831,2241,MECANICO_BORDO,2026-01-07,True
1092,635,COMISSARIO,2026-02-19,True
774,787,MECANICO_BORDO,2025-07-22,True
395,4611,COPILOTO,2025-07-02,True
2871,3819,COMANDANTE,2025-09-14,True
4636,2018,COMISSARIO,2025-07-04,True
2213,1142,COMISSARIO_CHEFE,2025-10-22,True
4832,2765,MECANICO_BORDO,2025-10-17,True
2487,1161,COMISSARIO_CHEFE,2025-12-16,False
394,3311,COMISSARIO_CHEFE,2025-09-27,True
428,2987,MECANICO_BORDO,2026-05-31,True
1508,4795,ENGENHEIRO_VOO,2026-02-13,True
3006,2056,COMANDANTE,2025-07-16,True
3820,3248,MECANICO_BORDO,2026-04-03,True
4728,3636,COMANDANTE,2025-10-17,True
993,4664,COPILOTO,2025-08-17,True
4248,2376,COMANDANTE,2025-07-13,True
3003,3728,COPILOTO,2026-02-19,True
3132,4198,COMISSARIO,2025-11-26,True
4523,1740,COMISSARIO,2025-09-16,False
195,1012,COPILOTO,2026-05-31,True
1286,2964,MECANICO_BORDO,2025-12-06,True
4688,1385,COMANDANTE,2026-05-10,True
1392,297,COPILOTO,2025-06-06,True
1449,1726,COMISSARIO_CHEFE,2026-02-16,True
4154,2584,MECANICO_BORDO,2025-10-18,False
1475,763,ENGENHEIRO_VOO,2026-05-02,True
4375,1953,COMISSARIO_CHEFE,2026-01-09,False
3847,2089,COMISSARIO_CHEFE,2026-02-11,True
969,2737,COMISSARIO,2026-05-20,True
3574,4991,COMISSARIO,2026-05-11,True
2280,673,COPILOTO,2025-06-11,True
3654,3592,ENGENHEIRO_VOO,2025-12-18,True
4493,1564,COMISSARIO,2026-03-01,True
1607,11,COMANDANTE,2025-10-14,True
1237,3600,COMISSARIO,2026-05-04,True
2010,78,ENGENHEIRO_VOO,2025-11-09,False
678,2786,COMANDANTE,2026-05-30,False
3599,3443,COPILOTO,2025-09-29,True
652,4051,COPILOTO,2025-07-01,True
4148,4392,COPILOTO,2025-11-20,True
4033,2824,COPILOTO,2025-10-13,True
204,1319,MECANICO_BORDO,2026-05-27,True
4252,4001,COMISSARIO_CHEFE,2025-06-11,True
344,4652,COPILOTO,2025-09-21,True
3739,808,ENGENHEIRO_VOO,2026-04-06,True
3652,260,COPILOTO,2025-11-16,False
897,3520,COMISSARIO_CHEFE,2025-10-22,True
2214,130,MECANICO_BORDO,2026-05-03,True
2689,4539,COPILOTO,2025-12-27,True
30,270,ENGENHEIRO_VOO,2025-09-16,True
3999,4855,COMISSARIO,2025-11-27,True
1886,3756,COPILOTO,2025-10-04,True
3268,1354,COMISSARIO_CHEFE,2025-07-07,True
1969,1459,COMISSARIO_CHEFE,2025-09-28,True
4039,1619,COMISSARIO_CHEFE,2025-07-22,False
882,142,COMISSARIO_CHEFE,2025-07-22,True
593,4358,MECANICO_BORDO,2025-06-06,False
4386,4015,COMISSARIO_CHEFE,2025-07-26,True
3946,4649,COMISSARIO,2025-07-11,True
770,1665,ENGENHEIRO_VOO,2026-05-25,True
3477,4968,MECANICO_BORDO,2026-04-08,False
1258,155,COMISSARIO,2026-05-23,True
1567,177,ENGENHEIRO_VOO,2025-08-09,True
2716,3685,COMANDANTE,2026-02-12,False
3085,1932,COPILOTO,2026-01-10,False
2384,4842,COMANDANTE,2026-01-10,True
2679,1058,COMISSARIO,2026-02-20,True
1579,436,ENGENHEIRO_VOO,2025-06-24,True
4334,3168,COMISSARIO,2026-04-08,True
4993,2994,COMISSARIO,2025-12-05,True
53,4879,COPILOTO,2026-03-02,True
4776,3532,COMISSARIO,2025-10-03,True
614,3986,COMANDANTE,2026-03-27,False
2382,2413,COMISSARIO_CHEFE,2025-11-12,False
1756,978,COPILOTO,2025-07-11,True
3473,3836,MECANICO_BORDO,2025-11-07,True
2408,3491,COMISSARIO_CHEFE,2025-08-07,True
4400,3470,MECANICO_BORDO,2025-11-09,True
85,3845,ENGENHEIRO_VOO,2025-10-19,True
2677,2418,COMISSARIO_CHEFE,2026-03-01,True
3139,2554,ENGENHEIRO_VOO,2025-11-26,True
2871,2592,COPILOTO,2025-12-06,True
2393,4126,COPILOTO,2025-06-29,True
4976,4429,MECANICO_BORDO,2025-08-01,True
3736,2025,COMISSARIO_CHEFE,2026-06-01,True
3472,3089,COMANDANTE,2026-04-25,False
3274,116,COPILOTO,2025-08-05,True
3337,1243,ENGENHEIRO_VOO,2026-01-20,True
2041,172,COMISSARIO,2025-06-19,True
880,3708,MECANICO_BORDO,2026-04-29,True
2029,4332,COMISSARIO,2026-06-01,True
3902,686,MECANICO_BORDO,2026-03-14,True
2887,658,ENGENHEIRO_VOO,2025-12-01,True
1188,2776,ENGENHEIRO_VOO,2026-05-23,True
2978,4650,COPILOTO,2026-02-08,True
21,2668,COMISSARIO_CHEFE,2025-06-13,True
4283,3460,MECANICO_BORDO,2025-06-24,True
2842,1435,COMISSARIO_CHEFE,2025-08-12,True
2886,581,COMISSARIO_CHEFE,2026-04-14,True
172,2048,COMANDANTE,2026-04-15,True
3314,1409,ENGENHEIRO_VOO,2025-12-21,True
4196,772,MECANICO_BORDO,2026-05-11,True
3270,682,ENGENHEIRO_VOO,2025-10-14,False
2162,2343,COPILOTO,2026-04-04,True
25,4755,COMISSARIO_CHEFE,2025-10-10,False
2294,3241,COPILOTO,2026-02-04,True
1192,3279,COMISSARIO,2025-12-14,True
3592,4300,COMISSARIO_CHEFE,2025-07-23,True
3571,2493,MECANICO_BORDO,2026-04-17,True
404,537,MECANICO_BORDO,2025-09-06,True
4097,2104,COMISSARIO,2025-08-06,True
1940,2584,ENGENHEIRO_VOO,2025-08-29,True
1552,3662,ENGENHEIRO_VOO,2025-12-16,True
1427,1283,COMISSARIO_CHEFE,2025-10-11,True
153,2328,ENGENHEIRO_VOO,2026-05-29,True
4004,1726,COMISSARIO,2025-07-20,False
4923,2752,COMANDANTE,2026-05-26,True
2869,1653,ENGENHEIRO_VOO,2025-11-04,True
1909,1523,COMISSARIO,2025-06-23,True
2199,2584,COPILOTO,2026-05-10,True
3527,363,ENGENHEIRO_VOO,2025-07-15,True
46,225,COMISSARIO_CHEFE,2026-01-12,True
1556,1534,COMISSARIO_CHEFE,2026-05-28,False
1168,2883,COMISSARIO_CHEFE,2025-06-03,True
2682,3273,MECANICO_BORDO,2025-09-05,False
2669,1620,COMANDANTE,2026-05-10,True
533,4341,COPILOTO,2025-09-02,True
1127,4010,ENGENHEIRO_VOO,2025-07-24,True
2825,2901,COPILOTO,2026-03-01,True
554,3579,COMISSARIO,2025-12-03,True
966,1688,COMANDANTE,2025-07-07,True
3073,2139,COMISSARIO,2026-05-12,True
3620,914,COMANDANTE,2026-03-16,True
4719,797,COMANDANTE,2025-11-21,True
2764,524,ENGENHEIRO_VOO,2026-04-26,False
4364,4537,COMANDANTE,2025-10-29,True
745,1859,COPILOTO,2026-04-02,True
4766,1766,MECANICO_BORDO,2026-05-08,False
2347,4235,COMISSARIO_CHEFE,2025-11-15,False
750,1186,COMANDANTE,2025-10-27,True
2987,4957,COMANDANTE,2025-09-18,True
1927,298,COPILOTO,2026-04-22,False
1832,4834,MECANICO_BORDO,2025-07-05,True
