nome,pais_id,tipo_servico,telefone,email,cnpj_vat,ativo,data_contrato
Sousa Sampaio - EI,37,CONSULTORIA,+55 61 8769 2082,joseda-costa@moraes.edu.br,13.924.507/0001-83,True,2020-11-10
Novaes,365,LIMPEZA,+55 84 2067 3231,luisabarbosa@silveira.gov.br,81.539.240/0001-60,True,2016-12-24
Vasconcelos S/A,5,CONSULTORIA,+55 (041) 0152 9113,cbrito@araujo.com.br,90.276.385/0001-07,True,2021-05-08
da Luz,148,MANUTENCAO,+55 (031) 1829-9874,xmoreira@cassiano.com.br,48.023.576/0001-09,True,2023-10-25
Alves,696,SEGURANCA,+55 (061) 9004 3655,fonsecapietra@moura.com,69.173.825/0001-04,True,2020-04-17
Freitas,84,MANUTENCAO,+55 (071) 5429 6080,aaragao@da.com.br,98.742.016/0001-74,False,2017-07-07
da Mata S/A,161,TECNOLOGIA,+55 71 6481 8804,luiz-gustavo87@da.edu.br,36.945.071/0001-04,True,2020-07-16
Rocha Azevedo S.A.,595,LIMPEZA,71 9428 9464,asafeda-cruz@sa.com.br,25.610.948/0001-90,True,2024-04-11
Gomes Ltda.,983,CONSULTORIA,51 2554 0263,carolina82@correia.com.br,01.732.658/0001-50,False,2025-02-22
Vargas S.A.,323,COMBUSTIVEL,+55 51 5388 8245,maria-florpimenta@rocha.br,04.962.187/0001-65,False,2019-12-22
Correia,815,LIMPEZA,51 4951 6321,britomaria@silveira.com.br,18.049.572/0001-20,True,2019-10-15
Cunha,613,LOGISTICA,+55 84 6530 6011,uteixeira@brito.br,86.071.593/0001-00,True,2026-05-22
Farias - ME,140,HANDLING,+55 61 8298 0365,sporto@da.com.br,41.609.835/0001-20,True,2022-04-20
Araújo Barbosa Ltda.,586,CONSULTORIA,0500-118-9418,rael36@fernandes.com.br,02.617.548/0001-00,True,2025-01-09
Barbosa da Costa - ME,922,LOGISTICA,+55 84 5561-1404,raquelnascimento@souza.com,50.913.746/0001-64,True,2017-03-17
Camargo e Filhos,808,CONSULTORIA,+55 81 6003 0835,mgoncalves@teixeira.br,27.195.803/0001-03,True,2020-02-20
Fernandes,757,SEGURANCA,11 0688 2691,fpires@teixeira.edu.br,23.495.078/0001-20,True,2021-08-04
Vieira - EI,173,TRANSPORTE,(041) 3543-7882,naparecida@ramos.com.br,10.952.386/0001-95,True,2017-03-24
Nunes,238,LIMPEZA,0800 144 9207,lucas69@vargas.gov.br,96.487.530/0001-85,True,2025-04-20
Casa Grande,307,CATERING,61 5969-3259,da-rochaasafe@nunes.gov.br,32.901.586/0001-51,True,2023-09-25
Nunes,877,TECNOLOGIA,84 0690-8726,marqueslara@ramos.com,34.986.127/0001-43,True,2022-07-29
Moreira Carvalho e Filhos,33,CATERING,84 0405-6129,bfernandes@guerra.edu.br,26.407.351/0001-05,True,2023-05-05
Cunha S/A,791,LOGISTICA,84 7612-3859,isaque43@guerra.edu.br,23.467.908/0001-05,True,2019-03-19
Sá,109,HANDLING,+55 21 0086-9661,camargohellena@barbosa.net,95.076.382/0001-43,False,2021-03-03
da Rocha e Filhos,389,LOGISTICA,0500-150-7628,luisaramos@pires.com,05.382.691/0001-59,True,2023-12-01
Peixoto,301,TRANSPORTE,(011) 6207 2662,catarinaalmeida@souza.com.br,76.014.598/0001-30,False,2016-10-21
Moura,523,LOGISTICA,61 4133-3731,ana-sophiafogaca@costa.com,78.130.942/0001-81,True,2018-02-23
Pereira S.A.,379,CONSULTORIA,+55 (011) 6136 3852,imonteiro@garcia.com,39.705.421/0001-53,True,2020-12-02
Silveira S.A.,691,CATERING,0800 502 6480,lopesyuri@aragao.net,73.460.892/0001-87,True,2018-04-05
Martins Sousa - ME,120,HANDLING,31 2210-2179,gustavopires@da.com,98.573.460/0001-03,True,2023-09-01
Nogueira da Cruz S/A,192,LIMPEZA,31 2856-0539,bsousa@viana.com.br,98.635.071/0001-65,True,2017-06-16
Monteiro,523,TRANSPORTE,+55 41 6820-5068,enzo-gabrielribeiro@cirino.br,52.139.807/0001-03,True,2025-08-03
Caldeira,986,CATERING,+55 71 6921-8219,beatriznunes@marques.com.br,90.413.725/0001-02,False,2016-09-10
Cardoso Andrade Ltda.,587,CONSULTORIA,+55 (051) 9386 9484,ana-ceciliapereira@sousa.gov.br,89.150.247/0001-06,True,2025-09-13
Sá,468,SEGURANCA,+55 (051) 7152 3867,mmendes@alves.org,61.859.342/0001-56,True,2025-06-21
Gomes,941,COMBUSTIVEL,71 2996-8722,pietra93@souza.com,85.039.146/0001-01,True,2017-04-20
Alves,453,COMBUSTIVEL,21 6695 7900,cavalcantealana@vasconcelos.com.br,54.817.392/0001-05,True,2023-02-14
Carvalho Fogaça - EI,597,CATERING,(021) 2328 9463,zoeoliveira@fernandes.com,41.589.230/0001-15,True,2022-04-05
Cavalcante,303,LOGISTICA,0500 269 3358,gustavo38@novais.br,59.083.421/0001-76,True,2025-12-03
Almeida,255,TECNOLOGIA,0800-574-4303,isaque89@camargo.gov.br,72.014.863/0001-29,True,2017-01-22
Fonseca S.A.,353,CONSULTORIA,61 4154 7155,heitorcunha@fonseca.com.br,67.183.520/0001-58,True,2016-09-09
Cassiano,679,CATERING,+55 51 4105 2769,sampaiosabrina@novais.com,92.708.516/0001-03,True,2025-03-02
Guerra,150,HANDLING,+55 (031) 2586-6059,wvieira@nascimento.br,49.213.785/0001-70,True,2021-03-05
Siqueira,437,LOGISTICA,0900 655 9428,ana-juliapimenta@barros.br,50.268.943/0001-78,True,2021-08-21
Porto,707,MANUTENCAO,+55 31 9313-2155,costelaanthony@fernandes.br,08.356.712/0001-50,True,2018-02-15
da Rosa,235,LIMPEZA,(011) 8896 6997,melinasales@lima.com.br,74.615.093/0001-03,True,2025-03-09
Freitas da Paz S.A.,954,TECNOLOGIA,+55 (084) 8328 1231,murilopereira@ramos.org,91.035.742/0001-08,True,2020-07-31
da Luz,677,TRANSPORTE,(084) 2387-5082,hguerra@rios.com,25.739.846/0001-79,True,2020-12-08
Carvalho,77,HANDLING,41 2905 2918,qgarcia@siqueira.com,82.705.316/0001-43,True,2024-03-12
Costa Macedo e Filhos,963,LIMPEZA,+55 11 9920-5222,julianacavalcante@siqueira.com.br,51.487.960/0001-69,True,2019-04-02
Rezende,750,CONSULTORIA,21 3983 5844,fcampos@sousa.com.br,73.268.910/0001-23,True,2026-02-18
da Luz,919,HANDLING,+55 61 9791-2799,labreu@macedo.com,53.764.809/0001-56,True,2024-10-04
Carvalho,946,CONSULTORIA,0800 883 2201,emanuellagoncalves@novaes.com,09.467.352/0001-26,True,2024-12-25
Ferreira,332,TECNOLOGIA,+55 (084) 5852-3860,costaarthur-gabriel@da.net,61.503.924/0001-03,True,2019-12-29
Almeida S.A.,596,SEGURANCA,0500 295 0143,pda-mota@araujo.com,96.701.438/0001-76,True,2018-05-18
Gonçalves Aragão e Filhos,891,TECNOLOGIA,+55 (021) 2132-1767,cauecamargo@camargo.br,61.280.549/0001-71,False,2018-09-24
Ribeiro,479,COMBUSTIVEL,51 7339 3049,lorenagarcia@costela.edu.br,02.756.893/0001-25,True,2021-03-20
Brito Borges Ltda.,86,CATERING,+55 (031) 8682 5095,kaiquepeixoto@garcia.com,03.527.896/0001-50,True,2016-06-09
Silva Rios - EI,194,MANUTENCAO,0300-529-7013,jcampos@correia.br,58.942.370/0001-28,True,2020-01-10
da Luz S/A,229,HANDLING,+55 (021) 0270-6159,maria-luizada-conceicao@da.com,20.756.831/0001-03,True,2016-10-19
da Conceição,118,TECNOLOGIA,+55 81 2481 5542,camaraallana@da.com,05.634.721/0001-77,True,2021-08-30
Freitas - ME,273,CATERING,0900 554 6234,icaldeira@martins.br,01.947.563/0001-54,True,2019-12-11
Sousa - ME,772,COMBUSTIVEL,81 3176-4172,cmoreira@moreira.com.br,57.184.096/0001-02,True,2017-06-14
Barros,546,LOGISTICA,+55 (081) 8067-1307,brendabarros@da.edu.br,47.913.602/0001-01,True,2019-10-06
Almeida - EI,445,TRANSPORTE,(021) 2588-5766,maysa03@novais.br,39.618.257/0001-47,True,2023-11-07
Barros Fogaça - EI,952,COMBUSTIVEL,+55 (084) 8327 0004,bleao@das.gov.br,90.168.532/0001-25,True,2024-09-05
Campos,665,SEGURANCA,+55 61 0049-3881,andre53@dias.com,48.069.231/0001-88,True,2025-06-03
Porto,555,TECNOLOGIA,+55 21 1379-7166,gustavo66@cassiano.br,40.739.218/0001-87,False,2019-05-20
Lopes,113,COMBUSTIVEL,+55 (061) 3899-4991,ealbuquerque@cavalcante.br,20.378.469/0001-76,True,2019-05-03
Borges - ME,150,COMBUSTIVEL,+55 (081) 2041 8135,hcasa-grande@macedo.com.br,89.457.062/0001-30,True,2023-03-17
da Rosa,922,LOGISTICA,61 2217-5883,xmontenegro@albuquerque.edu.br,20.894.731/0001-35,True,2021-11-12
Rios,636,HANDLING,+55 31 2369 1496,teixeiraenzo-gabriel@moraes.com.br,94.285.316/0001-10,True,2023-02-02
Rios,612,COMBUSTIVEL,+55 (071) 4095 3141,wcamargo@aparecida.br,83.297.416/0001-40,True,2022-11-03
Caldeira,743,TRANSPORTE,(051) 9624-0964,igomes@silveira.br,04.782.196/0001-74,True,2016-08-13
Novais Fernandes S/A,595,HANDLING,51 2259 3648,alexandremontenegro@da.edu.br,83.091.265/0001-70,True,2018-12-29
Pereira,211,MANUTENCAO,0500 160 9114,cunhahenry-gabriel@fogaca.gov.br,23.601.589/0001-89,True,2023-05-09
Fernandes S.A.,400,TRANSPORTE,+55 51 0458 8165,cavalcanteeloah@sa.org,72.409.631/0001-70,True,2016-12-15
Sampaio da Rocha Ltda.,123,SEGURANCA,+55 (041) 9661 7718,valentimpeixoto@nogueira.com.br,06.784.195/0001-94,True,2017-10-09
da Mata,224,TECNOLOGIA,81 8135 9266,zoe69@sampaio.com.br,98.724.365/0001-63,True,2017-12-15
Fernandes,24,CATERING,0900 450 1192,danilorodrigues@fonseca.net,60.589.371/0001-82,True,2017-06-21
Peixoto Nascimento - EI,581,LOGISTICA,61 3653 6218,beatriz59@garcia.com,09.461.278/0001-30,False,2017-03-20
Garcia,120,COMBUSTIVEL,41 4896 6760,luiza42@vieira.br,65.793.204/0001-72,False,2024-02-01
Vargas,420,MANUTENCAO,(051) 3389 0623,valentim66@porto.br,40.135.298/0001-61,True,2017-05-01
Sales e Filhos,186,SEGURANCA,(011) 2212-2427,smendes@das.br,25.130.846/0001-77,True,2021-03-13
Borges Ltda.,241,LIMPEZA,21 4886-0080,melopietra@mendes.com.br,78.210.694/0001-89,True,2016-08-25
Machado,792,SEGURANCA,+55 84 6426 1212,costelasarah@da.com.br,75.392.468/0001-78,True,2017-03-27
Novaes,583,HANDLING,(084) 2548 2421,milenaduarte@fonseca.com.br,40.853.296/0001-08,True,2022-09-02
Rezende,527,CONSULTORIA,(061) 5231-1232,xda-paz@rodrigues.gov.br,17.863.942/0001-04,True,2021-05-30
Mendonça Cavalcante S/A,514,COMBUSTIVEL,+55 (071) 8862-1750,azevedohellena@aparecida.com.br,30.641.259/0001-82,True,2020-04-27
da Conceição,499,LOGISTICA,(041) 0018 1677,olivia16@cavalcanti.org,49.526.307/0001-10,True,2019-12-30
Sales,339,HANDLING,+55 (084) 7993 7810,rodrigo91@nascimento.edu.br,48.679.532/0001-23,False,2025-05-24
Teixeira Sales - EI,461,CONSULTORIA,+55 (081) 4579 2714,irodrigues@garcia.net,01.652.879/0001-19,True,2019-11-19
Pastor Machado S.A.,292,MANUTENCAO,41 3391-2187,goncalveslevi@cavalcanti.com,98.316.047/0001-63,True,2016-09-02
da Conceição Cavalcanti S/A,572,CATERING,+55 (031) 1867 6610,moraesmaria-luisa@campos.com,81.492.306/0001-04,True,2017-06-20
Novaes da Rocha Ltda.,920,MANUTENCAO,+55 51 1980 7468,mathiasdias@jesus.com.br,95.106.784/0001-43,True,2023-04-19
Abreu Freitas Ltda.,617,SEGURANCA,(071) 9671 5006,yrios@da.com,10.627.845/0001-65,True,2020-03-29
Abreu,609,MANUTENCAO,(041) 8516-9949,haparecida@freitas.com.br,36.841.259/0001-02,False,2025-07-04
Castro,291,CONSULTORIA,51 9708 3868,melosarah@viana.gov.br,15.024.398/0001-73,True,2024-02-19
Nunes - ME,538,CATERING,41 0932 0126,maria89@garcia.com,80.519.326/0001-69,True,2025-02-07
Campos,72,CATERING,(051) 7741-2746,dombrito@da.com.br,96.237.140/0001-57,True,2024-07-17
Moraes,427,CONSULTORIA,0900 170 4542,novaescecilia@freitas.br,05.674.192/0001-35,True,2018-10-29
Fonseca Monteiro S/A,628,LOGISTICA,0500 001 6356,caue72@carvalho.com,82.579.043/0001-38,True,2024-09-04
Castro Sales Ltda.,549,MANUTENCAO,(041) 3126-1685,mendesdavi-lucca@viana.edu.br,01.842.973/0001-30,True,2018-04-11
Dias S.A.,995,MANUTENCAO,(011) 1053-7092,caioandrade@barbosa.com.br,65.073.294/0001-27,True,2026-03-08
Novais,482,CONSULTORIA,(061) 4329 8769,juliaferreira@peixoto.br,16.945.873/0001-07,True,2019-11-10
Nascimento,173,TRANSPORTE,+55 21 3104 5025,rcamara@azevedo.net,57.481.293/0001-93,True,2025-06-07
Guerra Ltda.,295,CATERING,71 6067-3983,ana-clara88@novaes.br,36.491.705/0001-04,True,2022-02-06
Machado - ME,857,MANUTENCAO,+55 84 0657-9551,isabella23@siqueira.com,85.906.324/0001-46,True,2016-11-20
da Conceição S/A,458,HANDLING,+55 21 1786 1902,ana-carolina76@rodrigues.com,20.654.913/0001-39,False,2020-12-23
Rodrigues S.A.,578,CONSULTORIA,+55 (011) 1227 5950,castrolara@barros.com,53.279.461/0001-01,True,2022-03-14
Macedo Ltda.,672,TRANSPORTE,+55 (061) 7173 2798,fogacaemanuelly@da.com.br,10.832.496/0001-13,True,2016-08-16
Sales Pacheco S/A,529,COMBUSTIVEL,+55 (011) 4520 3608,davi-lucas18@pires.gov.br,13.546.927/0001-73,False,2020-07-24
Rodrigues,459,COMBUSTIVEL,0300 520 5610,jesusmariah@ramos.br,96.074.351/0001-16,False,2020-11-20
Vasconcelos e Filhos,108,TECNOLOGIA,+55 41 7842-3394,evelyn30@goncalves.br,62.580.149/0001-44,True,2022-05-04
Barbosa - ME,379,COMBUSTIVEL,+55 11 6542-6241,qnascimento@pacheco.com,92.361.840/0001-06,False,2017-08-09
Sousa S/A,824,HANDLING,0500 060 5308,qmoraes@albuquerque.com,69.718.405/0001-66,True,2022-02-09
Farias,850,CATERING,0300 887 5921,laviniadas-neves@goncalves.com.br,36.280.194/0001-73,True,2022-06-08
Barbosa da Cunha - ME,337,MANUTENCAO,(061) 0920-7115,raelsilva@cirino.br,21.907.465/0001-09,True,2026-03-01
Silveira,297,CONSULTORIA,+55 (011) 5916 1186,stellafreitas@novaes.edu.br,15.783.904/0001-08,True,2025-11-16
Santos S/A,708,HANDLING,(081) 3789 3186,nicolepacheco@cavalcanti.com.br,84.520.719/0001-43,True,2024-07-12
Abreu Aragão S.A.,201,CONSULTORIA,81 3948-2322,da-cunhafelipe@da.br,43.259.061/0001-80,True,2022-07-17
Sampaio Albuquerque e Filhos,538,HANDLING,+55 81 0203 0423,jose-pedrosilva@monteiro.br,21.395.807/0001-40,True,2024-12-24
Leão Ltda.,749,TRANSPORTE,+55 (071) 6463 0059,lunnamarques@fogaca.br,91.380.562/0001-63,True,2017-12-11
Rodrigues,735,HANDLING,+55 11 7469 0298,isaqueviana@da.com.br,84.193.570/0001-35,True,2026-01-27
Costa S/A,579,MANUTENCAO,84 7080 5685,dgoncalves@gomes.com.br,62.149.387/0001-08,True,2017-06-12
Pacheco,474,LOGISTICA,(011) 4407 6634,raelnunes@ferreira.com,46.231.598/0001-20,True,2018-09-16
Campos,152,TRANSPORTE,+55 31 4243 6258,vitor21@nascimento.br,91.685.723/0001-27,True,2017-11-09
da Luz,527,COMBUSTIVEL,+55 21 3853-2472,danilo58@camara.net,03.195.287/0001-40,False,2016-11-22
Silveira,643,LOGISTICA,+55 81 5769-4757,tpastor@silveira.com.br,53.918.276/0001-10,True,2023-02-08
Siqueira,722,MANUTENCAO,0300-861-6342,cavalcanticaroline@freitas.com,80.564.291/0001-80,True,2019-07-28
Peixoto,83,CONSULTORIA,+55 (011) 5596-6472,da-costaapollo@da.com,35.127.908/0001-45,True,2017-04-25
Rezende,644,MANUTENCAO,71 9332-6145,paulo07@camara.gov.br,73.150.649/0001-62,False,2025-06-13
Cavalcante,643,LOGISTICA,+55 (011) 1158-7184,levi35@sousa.com,68.729.304/0001-28,True,2024-11-16
Ramos Castro e Filhos,757,TRANSPORTE,+55 (041) 8652 3777,lorenaguerra@jesus.net,37.082.645/0001-20,True,2022-06-30
Macedo Nascimento S/A,988,LIMPEZA,+55 (041) 5580 0027,jose-miguelazevedo@cirino.br,73.180.425/0001-01,True,2026-03-06
Vargas S.A.,940,LOGISTICA,61 8172 0313,wpinto@santos.com,86.250.417/0001-28,True,2024-08-30
Ferreira Cardoso e Filhos,87,CONSULTORIA,31 9533 2227,mateusmoreira@abreu.com.br,73.516.984/0001-31,True,2017-11-25
Andrade,170,TECNOLOGIA,(071) 6108-7082,fpereira@teixeira.com.br,23.607.584/0001-63,True,2019-01-27
Brito,101,HANDLING,11 8388 2176,sophie46@costa.br,74.216.580/0001-95,True,2019-03-01
Porto S/A,559,CATERING,0500-442-5892,luiz-henriquesiqueira@guerra.com,62.518.034/0001-20,True,2024-07-25
Azevedo Ramos S/A,515,SEGURANCA,61 0467-4130,urios@novais.gov.br,85.209.613/0001-96,True,2019-05-22
Ribeiro,270,TRANSPORTE,+55 (081) 8463 9756,diasyuri@aparecida.br,54.167.028/0001-47,True,2023-09-14
Barbosa,802,CATERING,+55 11 9556 4091,npastor@machado.edu.br,75.203.614/0001-70,False,2020-09-24
Lopes Castro e Filhos,891,LIMPEZA,+55 (021) 1971 2124,costaryan@pinto.br,78.930.465/0001-39,True,2017-09-06
Lima Mendonça - ME,354,CONSULTORIA,+55 31 1922-7607,sofia89@rezende.edu.br,65.398.120/0001-34,True,2018-05-19
Pires - ME,422,HANDLING,(071) 4308 9523,casa-grandecaleb@campos.br,05.763.248/0001-28,True,2024-03-06
Mendes,189,HANDLING,+55 (011) 0026 8764,yasmin67@da.gov.br,79.403.158/0001-62,True,2023-09-04
da Cunha Ltda.,896,HANDLING,+55 (051) 0635 5373,pastorhelena@nunes.br,92.730.584/0001-79,True,2026-02-07
Câmara,817,TECNOLOGIA,(061) 3059 7025,henry28@martins.net,64.302.857/0001-49,True,2025-12-09
Pimenta,818,HANDLING,61 5466 3454,pedro-miguel44@vieira.gov.br,16.384.925/0001-13,True,2026-04-04
da Paz,401,COMBUSTIVEL,+55 21 9464-0882,pietroaragao@montenegro.br,27.345.690/0001-77,True,2020-08-28
Caldeira Albuquerque - EI,875,CONSULTORIA,(041) 2021-7075,rafaela53@pires.com.br,65.834.170/0001-17,False,2020-07-29
Aparecida Ltda.,866,COMBUSTIVEL,+55 84 9646-1293,alvesjoao-miguel@caldeira.com,13.728.650/0001-08,True,2022-01-17
Pires,676,SEGURANCA,(071) 0861-9931,eloah84@da.br,63.107.429/0001-00,False,2019-11-25
Cirino,900,CONSULTORIA,+55 (071) 6220-3347,luiz-otavio46@rezende.org,37.645.908/0001-62,True,2025-10-24
Santos,343,SEGURANCA,+55 (011) 9469-0217,eda-paz@da.net,04.362.918/0001-31,True,2025-07-19
Aragão,308,SEGURANCA,+55 (031) 2894-6652,vsa@costa.edu.br,23.017.694/0001-75,True,2026-03-06
Cunha S.A.,433,LIMPEZA,+55 (021) 3033 4677,siqueirajoaquim@viana.br,50.763.192/0001-66,True,2022-04-30
da Cruz,946,HANDLING,+55 (081) 2453 0123,mariah23@cunha.com.br,20.947.385/0001-06,True,2016-09-11
Marques e Filhos,113,TRANSPORTE,+55 (031) 2240-5076,zoe71@ramos.gov.br,75.430.916/0001-80,True,2017-04-08
Fonseca,565,CONSULTORIA,71 3872-7258,cirinoleonardo@peixoto.com,95.634.287/0001-18,True,2018-12-05
Mendonça da Cruz e Filhos,795,MANUTENCAO,+55 (071) 7912-1211,campossofia@moraes.com,35.678.402/0001-24,True,2017-09-04
Aragão,1000,CATERING,(084) 4039-2519,daniela29@sousa.com.br,17.986.534/0001-31,True,2020-09-30
Câmara Novais - ME,414,TRANSPORTE,+55 (061) 2054-2216,fernandarocha@rodrigues.com.br,46.315.089/0001-86,True,2021-05-08
da Rosa,498,HANDLING,(031) 0488-7899,apollo47@cavalcante.com.br,56.904.217/0001-80,True,2024-01-16
da Cunha,868,SEGURANCA,0900-266-3295,rda-conceicao@machado.br,29.541.036/0001-64,True,2023-03-19
Nogueira,187,CATERING,+55 21 2920 5922,igor15@cunha.com,25.867.430/0001-36,True,2023-11-01
Martins Rios e Filhos,247,COMBUSTIVEL,+55 (021) 6294-2066,fariasvalentim@ramos.edu.br,51.389.062/0001-78,True,2025-07-29
Aparecida Ltda.,785,HANDLING,0500 832 1122,cavalcantieduardo@souza.org,81.549.362/0001-38,True,2024-11-30
da Rosa,608,TECNOLOGIA,+55 (021) 1918 5488,gomesana-luiza@sa.com,09.614.537/0001-16,False,2025-05-04
da Cruz,944,HANDLING,(051) 8566 4641,isilveira@da.com,92.671.503/0001-07,True,2019-07-14
das Neves e Filhos,68,COMBUSTIVEL,+55 (084) 0429 4831,maria-vitoria89@borges.com.br,97.263.485/0001-48,True,2025-05-19
Rezende S.A.,285,HANDLING,31 3180-0366,valmeida@santos.com,53.247.180/0001-77,True,2018-01-21
Duarte e Filhos,815,TECNOLOGIA,+55 (061) 5243 8380,lorenzo69@ribeiro.com.br,90.836.457/0001-23,True,2024-03-14
da Cruz,240,TRANSPORTE,+55 31 2838-9633,vjesus@montenegro.gov.br,18.693.504/0001-08,True,2023-10-21
Vasconcelos,44,CONSULTORIA,+55 51 0132 8233,gael-henriquerocha@ferreira.com.br,91.725.038/0001-87,True,2024-10-21
Brito,524,CATERING,+55 (061) 6592 0881,thales19@martins.br,17.924.386/0001-20,True,2021-07-03
Ribeiro,583,LIMPEZA,11 2026-6568,kteixeira@oliveira.com.br,12.539.876/0001-90,True,2021-12-19
Pereira da Mata e Filhos,471,COMBUSTIVEL,(021) 0742-9907,maria-laura29@lima.gov.br,41.796.350/0001-93,True,2025-12-26
Novaes - EI,429,TRANSPORTE,(051) 4748-5994,eda-mota@pereira.com,67.328.490/0001-20,True,2023-03-15
Garcia Ltda.,878,CONSULTORIA,0800 804 4509,oliviagoncalves@duarte.com,02.613.957/0001-39,True,2021-05-08
Almeida - EI,367,LIMPEZA,+55 (051) 4845-8130,bryanfarias@das.gov.br,89.346.725/0001-40,True,2018-03-22
Leão,2,COMBUSTIVEL,+55 41 0275-0003,rochacatarina@teixeira.gov.br,61.578.029/0001-40,True,2021-05-26
Novais Ltda.,645,TECNOLOGIA,0300 378 4679,montenegromaria-luiza@rezende.edu.br,72.650.948/0001-01,True,2019-11-21
Freitas,427,HANDLING,+55 71 0344 4429,goncalvesmaria-sophia@rios.br,68.972.150/0001-09,True,2022-11-05
Viana Vasconcelos S.A.,69,MANUTENCAO,+55 61 5599 6725,lvargas@cirino.com,53.896.270/0001-99,True,2020-10-26
das Neves,994,TRANSPORTE,(081) 6484-5593,kduarte@da.net,50.768.124/0001-90,True,2022-05-02
Caldeira Cavalcante e Filhos,344,SEGURANCA,0300-003-6221,silvamaria-julia@vasconcelos.gov.br,79.238.415/0001-58,True,2022-04-25
Silva,845,TECNOLOGIA,(061) 8522 9425,ana-sophiabrito@camargo.edu.br,57.940.386/0001-39,True,2022-02-18
Moura e Filhos,904,CATERING,+55 (071) 5491 4774,maria-julia35@fogaca.org,78.403.625/0001-91,True,2021-07-11
Costa,995,LOGISTICA,+55 71 4930-5378,camaramathias@moura.br,19.385.467/0001-25,True,2017-01-20
Montenegro,208,LIMPEZA,61 2815-2787,antonyda-paz@cirino.br,15.203.789/0001-55,True,2020-01-14
Siqueira,929,CATERING,+55 21 7801-8915,erodrigues@da.br,17.853.962/0001-96,False,2017-07-12
Câmara,333,MANUTENCAO,+55 (084) 6299-9466,carolina09@sales.com,08.531.492/0001-53,False,2020-05-25
Castro,850,TRANSPORTE,+55 41 1896 8442,heloisa48@pinto.com.br,97.531.428/0001-00,True,2022-01-03
Sá,317,CATERING,41 2819-0221,lsouza@siqueira.edu.br,91.274.586/0001-38,True,2024-02-08
Martins S/A,97,LOGISTICA,(071) 9844 5143,wmonteiro@moreira.com,12.350.984/0001-10,True,2025-07-17
Vasconcelos S/A,736,HANDLING,0500 397 8145,almeidalucas-gabriel@macedo.gov.br,05.814.372/0001-75,True,2019-12-14
Vieira Freitas S/A,116,COMBUSTIVEL,(051) 8807 0532,valmeida@campos.net,91.084.635/0001-70,True,2018-09-15
Ferreira,303,LOGISTICA,+55 71 3609 0858,montenegrojoaquim@da.com,24.357.160/0001-50,True,2022-04-04
Costela,871,TRANSPORTE,41 6271 3589,pnunes@fogaca.com,05.863.927/0001-79,True,2021-05-20
Rios,861,LOGISTICA,+55 51 1566 3979,eduardaferreira@brito.org,36.051.489/0001-78,True,2024-09-08
Marques Alves S.A.,348,MANUTENCAO,71 9666-0534,raquelbarros@da.org,16.908.437/0001-68,True,2019-11-26
Nascimento,796,LOGISTICA,(031) 6405 1038,carvalhomariane@albuquerque.br,63.914.028/0001-54,True,2020-10-29
Marques,957,MANUTENCAO,+55 61 8939 5309,zoliveira@leao.br,40.219.573/0001-25,True,2025-01-29
Teixeira,295,CONSULTORIA,+55 81 5513-5872,dcampos@costa.com,68.190.324/0001-73,True,2017-01-06
das Neves Costela - EI,353,LIMPEZA,21 8187-3877,olivia33@guerra.br,04.175.982/0001-03,True,2018-05-03
Correia,892,CONSULTORIA,31 6028-2625,lucas-gabriel04@rezende.com.br,31.056.298/0001-85,True,2018-09-12
da Mata Ltda.,373,LOGISTICA,+55 (084) 0079 4193,vitor-hugofreitas@novaes.com,97.405.183/0001-67,True,2025-09-03
Alves,65,TRANSPORTE,0900 872 6496,luiz-otaviocavalcanti@barros.br,42.870.615/0001-19,True,2023-07-20
Caldeira - EI,666,CONSULTORIA,0900-003-4686,salesgiovanna@aragao.com,86.759.103/0001-55,True,2017-01-06
Peixoto Ltda.,49,MANUTENCAO,+55 41 6621-9536,albuquerquecamila@melo.gov.br,50.873.149/0001-53,True,2025-12-30
Alves - ME,165,COMBUSTIVEL,+55 11 9713-0722,caldeiranicolas@nunes.com,87.153.690/0001-05,True,2018-06-17
da Cunha Ltda.,566,LOGISTICA,+55 84 6171-9281,dabreu@das.net,60.291.748/0001-12,False,2019-07-18
Casa Grande,4,COMBUSTIVEL,+55 31 6025 2394,casa-grandearthur-gabriel@das.com.br,79.234.018/0001-08,True,2019-07-11
Ramos,891,COMBUSTIVEL,11 5132 7617,benicio24@sales.br,98.503.614/0001-90,True,2018-03-24
Dias - EI,844,HANDLING,0800 126 8649,eda-cunha@vieira.edu.br,62.379.048/0001-00,True,2025-05-11
das Neves,270,COMBUSTIVEL,(051) 4083-7819,oliveirabenicio@da.gov.br,92.138.047/0001-34,True,2026-02-19
Gonçalves Pereira e Filhos,971,HANDLING,+55 81 3534 8486,manuela08@campos.edu.br,65.431.809/0001-13,True,2017-07-16
Costa Souza e Filhos,107,LOGISTICA,(084) 2055-0330,almeidaarthur-miguel@da.com.br,46.719.053/0001-68,True,2025-03-14
Campos Ltda.,986,MANUTENCAO,+55 71 6009 1692,joao-lucasrodrigues@costa.br,98.756.401/0001-70,True,2016-07-27
da Rosa,876,COMBUSTIVEL,71 1867-4630,almeidaolivia@rodrigues.net,36.105.798/0001-83,True,2018-01-20
Dias S/A,731,COMBUSTIVEL,0500-854-5829,kaique03@rios.com,15.329.678/0001-90,True,2016-12-05
Duarte,312,SEGURANCA,41 9994 4946,jmacedo@brito.edu.br,24.061.879/0001-40,True,2025-01-16
Carvalho Rezende S.A.,727,HANDLING,31 7940-2620,melissa17@sales.br,27.369.184/0001-18,True,2019-02-19
Ferreira Marques S/A,904,TECNOLOGIA,+55 (021) 4129 1828,heitor81@azevedo.gov.br,25.840.937/0001-04,True,2016-12-16
Martins - EI,755,TRANSPORTE,+55 (051) 3046-6001,ryanmoreira@marques.com,23.945.801/0001-25,True,2017-12-10
Alves Rezende Ltda.,774,TRANSPORTE,61 5076-6534,giovanna04@casa.net,46.079.825/0001-44,True,2016-07-14
Monteiro,207,TRANSPORTE,+55 (084) 4724-3586,mendoncajulia@castro.com.br,27.936.051/0001-86,True,2023-01-04
Sampaio,106,COMBUSTIVEL,71 2241 9768,rmoraes@melo.br,12.059.873/0001-59,True,2023-06-10
Moraes Ltda.,768,LIMPEZA,21 9742-2354,ana-lizaragao@silveira.br,68.201.973/0001-22,False,2023-10-13
Pereira,313,HANDLING,11 2549 2064,felipe11@vasconcelos.net,89.147.350/0001-99,True,2023-09-19
das Neves Câmara Ltda.,492,SEGURANCA,0900 488 2188,larissa80@guerra.org,05.169.874/0001-90,True,2019-02-27
das Neves,992,TECNOLOGIA,+55 (081) 4123-0160,sarah60@monteiro.com.br,86.071.592/0001-58,True,2019-11-06
Peixoto - ME,353,CONSULTORIA,81 9990-1140,costelaana-cecilia@camargo.net,17.943.650/0001-73,True,2018-03-16
Cassiano,177,MANUTENCAO,11 9084 1947,emanuella01@costela.br,35.280.694/0001-42,True,2025-11-29
Moreira,49,LIMPEZA,+55 (011) 7279 0371,bcaldeira@novaes.edu.br,17.296.435/0001-28,True,2024-08-08
Vasconcelos,183,LIMPEZA,+55 71 8375 3076,abreuluiz-otavio@novaes.com,85.934.076/0001-47,True,2020-10-15
Correia,983,TECNOLOGIA,+55 84 3622 1690,qpereira@novaes.br,74.653.091/0001-09,True,2022-06-26
Lopes - EI,395,SEGURANCA,+55 71 3952 1501,jda-rosa@barbosa.com,70.312.854/0001-99,True,2021-03-20
Sampaio Souza e Filhos,223,MANUTENCAO,+55 61 9839 2484,camarabenicio@da.com.br,61.028.754/0001-44,True,2022-09-07
Garcia - ME,873,HANDLING,21 8646 3395,ana-luizanovaes@borges.br,01.436.285/0001-70,True,2025-01-07
Campos,831,CONSULTORIA,(051) 7385 5128,machadomarina@brito.com,35.740.261/0001-22,True,2019-01-19
Porto,463,LIMPEZA,+55 (061) 9723 6024,luara54@vargas.br,72.089.354/0001-65,True,2024-04-03
Araújo Montenegro - ME,68,COMBUSTIVEL,+55 71 5647 8370,gael-henriquemendonca@das.net,80.237.956/0001-40,True,2021-12-08
Rios,982,CONSULTORIA,+55 (061) 6029-2546,ccasa-grande@novais.com,76.821.039/0001-31,True,2022-11-02
Casa Grande Mendes S/A,771,CATERING,+55 (084) 5386-7625,pedro-henriquemoura@silveira.edu.br,70.659.823/0001-09,True,2025-04-27
Pastor,997,CONSULTORIA,+55 31 2055-3405,rodriguessabrina@melo.br,15.732.084/0001-25,True,2021-11-21
Machado,593,MANUTENCAO,+55 (081) 7897 7554,luizabarbosa@da.org,29.713.658/0001-22,True,2019-12-05
Araújo Santos S.A.,432,TECNOLOGIA,+55 (051) 2711-1757,hpereira@caldeira.br,20.417.598/0001-26,True,2021-05-02
Novaes,263,LIMPEZA,71 9830 5216,costelaluiz-henrique@alves.br,98.072.134/0001-12,False,2024-11-05
Araújo - ME,975,COMBUSTIVEL,71 0177-0316,maitevasconcelos@fernandes.com,04.316.789/0001-45,True,2020-09-26
Garcia,96,TECNOLOGIA,0500 317 2947,jda-costa@nogueira.gov.br,06.529.183/0001-13,True,2025-10-10
Caldeira,855,MANUTENCAO,0500-393-2727,valentinaborges@oliveira.net,50.467.389/0001-58,False,2023-09-28
Machado,80,CATERING,61 5272 8453,nda-luz@almeida.br,08.629.341/0001-32,True,2023-06-10
Cavalcante S/A,118,CATERING,71 0192-9022,freitasana-clara@pinto.org,80.316.259/0001-85,True,2019-12-05
Abreu Cavalcante S.A.,785,SEGURANCA,11 1025 5501,barbarada-paz@vieira.com.br,03.647.528/0001-45,True,2019-12-17
Sá Vasconcelos S.A.,50,HANDLING,+55 (071) 2436-2962,nascimentobenjamim@nunes.com.br,83.172.509/0001-49,True,2026-04-13
Macedo Ltda.,946,CATERING,0300-659-9920,casa-granderyan@guerra.net,17.824.650/0001-54,True,2017-07-14
Gomes S.A.,349,TRANSPORTE,0300-419-3759,pastorjoao@goncalves.com.br,31.728.954/0001-49,True,2021-01-30
Dias,548,TRANSPORTE,+55 (021) 8646-1209,ccampos@alves.gov.br,28.491.603/0001-52,True,2019-03-31
Azevedo Ltda.,92,CATERING,+55 31 5505-1432,pachecogustavo-henrique@da.gov.br,08.734.615/0001-53,True,2024-05-07
Freitas Sales e Filhos,863,CONSULTORIA,+55 61 2218-8345,pastorluiz-miguel@da.br,70.635.918/0001-92,True,2020-05-28
Pastor Pastor - EI,484,LIMPEZA,(021) 5159-0257,luana40@porto.edu.br,58.369.417/0001-06,True,2023-11-09
Carvalho,792,LOGISTICA,71 2084 6729,eloadas-neves@vasconcelos.com.br,51.684.790/0001-02,True,2022-05-19
Sá S/A,588,LIMPEZA,61 2562-4728,lcorreia@cirino.gov.br,01.268.579/0001-30,True,2021-04-23
Peixoto Albuquerque S/A,9,LIMPEZA,0500-662-7026,qabreu@aragao.gov.br,56.310.724/0001-96,True,2017-02-01
Silva S.A.,220,LIMPEZA,0800-101-9335,stephanypinto@carvalho.com.br,71.849.302/0001-87,True,2017-03-19
Almeida,542,LOGISTICA,51 2770 5646,rodrigueslarissa@melo.com.br,26.415.790/0001-60,True,2016-09-01
da Conceição,952,CATERING,(061) 2346-1762,henrycostela@viana.com,94.850.326/0001-51,True,2019-10-28
Gomes Ltda.,420,CONSULTORIA,+55 84 4137-2776,maria-liz60@sales.net,49.280.735/0001-05,True,2024-06-21
Fernandes,728,TRANSPORTE,+55 41 8870 1799,luiz-felipeda-rosa@aparecida.edu.br,37.426.098/0001-53,True,2020-02-22
Ferreira,485,TRANSPORTE,(011) 5386-9479,cavalcanteelisa@vargas.edu.br,53.671.809/0001-01,True,2024-05-16
Costa Moreira - ME,219,CONSULTORIA,+55 81 1009-5385,maria-luisa42@goncalves.org,35.067.419/0001-45,True,2025-06-30
da Luz e Filhos,611,LIMPEZA,(011) 0476-1437,yuri37@goncalves.br,18.765.239/0001-18,True,2023-06-19
Cardoso,103,SEGURANCA,51 3681 5418,pietra99@araujo.br,72.104.856/0001-18,True,2024-02-24
Almeida,781,COMBUSTIVEL,(021) 3566 0503,liviada-mata@pastor.edu.br,39.086.517/0001-80,True,2023-04-20
Sampaio,672,SEGURANCA,+55 71 8222 6679,enrico90@moraes.gov.br,86.514.209/0001-99,True,2024-06-05
Oliveira Leão S.A.,243,SEGURANCA,(031) 2898 7605,augusto49@carvalho.br,04.675.932/0001-95,True,2023-12-14
Jesus - ME,596,COMBUSTIVEL,+55 (084) 2016-2907,luiz-gustavovargas@rocha.com.br,82.704.139/0001-80,True,2021-11-29
Vargas da Conceição - ME,416,CATERING,+55 31 7086 4942,spastor@alves.com.br,98.305.124/0001-80,True,2016-09-29
da Paz Ltda.,272,TECNOLOGIA,0300 967 0692,pimentacarolina@correia.com,54.271.863/0001-22,True,2020-08-04
Sampaio S.A.,972,COMBUSTIVEL,+55 11 7816 7806,rramos@rocha.gov.br,80.135.274/0001-27,True,2025-02-10
Farias S/A,149,LIMPEZA,+55 (081) 7017-0926,bryan70@alves.edu.br,08.137.652/0001-84,True,2019-03-28
Novaes,731,SEGURANCA,+55 (051) 4485-0072,leo74@barbosa.edu.br,06.154.398/0001-05,True,2024-06-14
Gonçalves,650,CONSULTORIA,+55 81 0808 2039,marquesdanilo@leao.org,49.328.716/0001-01,True,2020-09-21
Moreira,286,TECNOLOGIA,(084) 0120-4242,pedro69@pacheco.com,37.510.629/0001-91,True,2024-02-05
Santos,684,SEGURANCA,+55 (081) 3967 0243,idias@aparecida.br,53.624.081/0001-67,True,2021-02-25
da Cruz - ME,538,HANDLING,+55 81 8821-5977,rafaelafreitas@silva.br,62.319.705/0001-23,True,2023-04-12
Pereira,405,CONSULTORIA,0900-864-9125,maria-vitoria22@da.gov.br,86.213.490/0001-20,True,2022-12-13
Gonçalves,753,SEGURANCA,+55 11 7996 2356,agathada-cruz@duarte.com.br,76.953.814/0001-02,True,2023-10-19
da Rosa S/A,337,COMBUSTIVEL,+55 51 4820 8493,duartemurilo@teixeira.com,26.078.591/0001-03,True,2017-04-06
Guerra,182,COMBUSTIVEL,+55 (011) 9143-0491,ana-claracampos@costela.com.br,97.518.430/0001-31,True,2016-12-25
Ramos,475,LIMPEZA,(061) 6422 4059,danielmoreira@da.com,97.634.028/0001-12,True,2023-03-27
Nunes Vasconcelos - EI,601,COMBUSTIVEL,+55 (051) 5682 0175,andremachado@jesus.com,86.531.207/0001-08,True,2020-08-20
Mendonça,389,CATERING,+55 61 1253-1379,jade10@monteiro.br,32.198.076/0001-60,True,2017-11-19
Aparecida Casa Grande e Filhos,225,MANUTENCAO,(071) 9991 9387,ottomarques@correia.com.br,24.893.601/0001-39,True,2024-10-23
Alves,88,SEGURANCA,(031) 8623-5107,eduarte@viana.gov.br,08.593.142/0001-11,True,2022-04-28
da Mata Ltda.,548,LIMPEZA,51 3409 1858,ferreiracecilia@siqueira.com.br,15.726.438/0001-29,True,2022-08-22
Pereira Rios S/A,805,SEGURANCA,61 0770 0409,apollosilva@dias.org,18.409.756/0001-54,True,2017-10-21
Rodrigues S.A.,119,LIMPEZA,0900 662 0385,rrodrigues@ribeiro.edu.br,80.237.159/0001-63,True,2022-12-02
Sales,616,HANDLING,(021) 9333-5623,correiamaria-helena@da.com.br,08.963.572/0001-88,True,2025-12-01
Aparecida,376,LIMPEZA,0300-201-9918,pedro-miguel11@rodrigues.br,19.542.673/0001-00,True,2017-03-21
Castro,742,CONSULTORIA,71 3211 9604,rrodrigues@casa.net,97.036.245/0001-00,True,2021-02-26
Mendes,857,MANUTENCAO,+55 (081) 8231 7146,pintocamila@oliveira.com.br,76.813.945/0001-94,True,2026-03-22
Abreu,859,CATERING,21 3026 1840,evelynmendonca@abreu.net,68.902.734/0001-08,True,2017-02-15
Gonçalves,814,TECNOLOGIA,+55 41 6050-2816,antony98@albuquerque.gov.br,01.295.863/0001-04,True,2022-08-17
Almeida Pereira Ltda.,882,MANUTENCAO,(081) 2375 9795,henry-gabrieloliveira@goncalves.gov.br,86.013.259/0001-92,False,2021-11-21
da Mata,636,TECNOLOGIA,0900 205 4894,bella38@campos.com,81.625.793/0001-36,True,2021-03-26
Gonçalves,247,CONSULTORIA,71 2295 2179,uaragao@garcia.com,36.189.725/0001-17,True,2023-08-13
Machado S/A,219,SEGURANCA,(021) 7266 0235,fonsecamirella@alves.com,53.078.164/0001-06,True,2024-11-15
Dias - ME,405,LIMPEZA,+55 (071) 5879 0522,ana-julia13@pastor.br,94.053.287/0001-61,False,2018-01-26
Sales,491,HANDLING,(061) 9057-1918,vlopes@silva.br,93.628.014/0001-35,True,2021-11-25
da Luz,971,MANUTENCAO,84 7680-5702,maria-lizmelo@nogueira.net,01.289.476/0001-57,True,2024-09-25
Cunha Correia S.A.,837,CONSULTORIA,0500-732-3964,bruno28@duarte.com.br,67.948.120/0001-96,True,2023-11-22
da Costa,676,CONSULTORIA,0900-238-5202,luiz-otavioalmeida@da.com,16.398.425/0001-30,True,2018-10-09
da Rosa Monteiro e Filhos,563,LIMPEZA,+55 11 9982 9075,enzo-gabriel54@cardoso.br,07.534.896/0001-38,True,2025-10-17
Campos Alves S/A,701,CONSULTORIA,61 4332 2622,dmachado@cunha.net,16.038.257/0001-72,True,2023-12-15
Costela - EI,523,MANUTENCAO,21 0360 5952,joao-gabriel41@porto.com.br,40.237.861/0001-02,True,2022-08-29
Lima Marques - ME,741,HANDLING,+55 84 5906 2003,zcorreia@porto.com.br,64.950.231/0001-49,False,2021-10-11
Ramos,242,CONSULTORIA,0900 318 3997,eduardo49@andrade.gov.br,95.802.416/0001-30,True,2023-07-06
da Rocha,545,HANDLING,+55 11 2239-4612,castroagatha@ribeiro.br,94.512.087/0001-20,True,2017-08-31
Rodrigues Machado - ME,372,CATERING,+55 (031) 2398-4742,carolinagoncalves@souza.edu.br,71.286.340/0001-79,True,2022-01-11
Azevedo,122,HANDLING,51 8061 3495,ddas-neves@goncalves.com,58.693.427/0001-00,True,2022-12-31
Rocha Nogueira S.A.,89,SEGURANCA,+55 (011) 9723 6108,oliveirajoao-miguel@barros.br,62.073.841/0001-86,True,2024-01-25
da Mota,472,LOGISTICA,(071) 7865 5575,cavalcantithomas@lopes.org,09.834.625/0001-23,True,2023-06-24
da Rocha Rodrigues S/A,789,TRANSPORTE,11 1665 4512,theoda-rosa@azevedo.com.br,87.401.592/0001-31,True,2023-05-03
Almeida,481,TRANSPORTE,31 3570-1703,ccorreia@da.com,38.601.729/0001-96,True,2017-03-30
Alves Pereira Ltda.,692,TECNOLOGIA,+55 (084) 3490 9619,fpeixoto@carvalho.com.br,45.297.013/0001-02,True,2023-01-15
Moura,182,SEGURANCA,+55 (021) 4507 3567,nicole09@monteiro.gov.br,34.028.579/0001-12,True,2023-10-09
Cavalcante e Filhos,518,COMBUSTIVEL,0800-442-0315,brendamoreira@pimenta.com.br,07.362.198/0001-00,True,2018-01-21
Rios,313,SEGURANCA,(051) 7486-7595,ribeiroana-luiza@moraes.com.br,48.210.967/0001-24,True,2021-11-11
Sampaio,420,HANDLING,31 4196-2332,valves@silveira.edu.br,64.239.578/0001-88,True,2019-12-27
Macedo S.A.,867,SEGURANCA,+55 (011) 6629 3151,martinsvalentina@da.br,59.437.801/0001-61,True,2019-01-07
Carvalho Marques e Filhos,464,HANDLING,+55 (011) 3717-9890,luigida-conceicao@rocha.com.br,90.853.246/0001-07,True,2025-08-22
Araújo,36,COMBUSTIVEL,81 4779-5417,umonteiro@costa.gov.br,81.063.952/0001-56,True,2017-07-19
Pacheco,395,MANUTENCAO,+55 (084) 5790 8945,zcavalcante@montenegro.edu.br,76.340.152/0001-03,True,2024-07-26
Barros,268,HANDLING,+55 (021) 3961-2190,felipe88@cassiano.gov.br,89.675.014/0001-19,True,2024-09-23
Guerra - ME,342,CATERING,0300-010-7923,jvasconcelos@gomes.net,34.652.890/0001-38,True,2020-07-18
Aparecida,672,LIMPEZA,84 7578 9683,camilafogaca@albuquerque.com.br,79.350.146/0001-17,True,2021-11-29
Fernandes,930,CONSULTORIA,+55 (061) 5705 2187,pietrada-mota@da.com,45.306.281/0001-43,True,2024-08-22
Rezende e Filhos,819,LOGISTICA,+55 51 2350 3687,duarteisabel@souza.gov.br,79.840.162/0001-98,True,2021-07-25
Fogaça,515,SEGURANCA,(011) 8446-7940,laviniasilveira@da.com.br,01.687.425/0001-83,True,2020-02-20
Montenegro,210,COMBUSTIVEL,+55 (084) 1597-5729,lunada-conceicao@moraes.edu.br,30.248.769/0001-94,True,2021-08-05
da Conceição da Conceição S.A.,55,HANDLING,(031) 1651 8548,luanagomes@martins.org,46.752.318/0001-20,True,2018-07-02
Souza,251,CATERING,0500 584 1749,limadavi-lucas@abreu.br,02.894.637/0001-02,True,2025-10-21
Ramos Ltda.,533,CONSULTORIA,+55 41 3447 6094,mariahmachado@alves.com.br,29.685.140/0001-22,True,2018-12-30
Porto,25,CONSULTORIA,(084) 0996 2183,cgarcia@campos.gov.br,69.830.517/0001-04,True,2023-02-15
da Mota Cavalcanti S/A,670,LIMPEZA,+55 84 2234 9980,costelaluna@novaes.net,67.548.091/0001-75,True,2024-02-11
Duarte S.A.,41,LIMPEZA,(031) 4614 4092,samuelvasconcelos@azevedo.br,46.532.180/0001-53,True,2018-04-16
da Cruz,945,SEGURANCA,(084) 2631-9956,eduarda92@mendonca.br,41.970.582/0001-16,True,2021-12-02
Cavalcanti e Filhos,829,TECNOLOGIA,(071) 5134 4486,lcasa-grande@oliveira.br,39.126.584/0001-81,True,2017-11-04
Rodrigues,938,CONSULTORIA,(081) 4932-5114,hmoura@pastor.com.br,53.179.024/0001-16,True,2026-05-04
da Paz,840,TRANSPORTE,+55 51 7766 1830,milena00@silveira.edu.br,73.129.405/0001-06,True,2017-12-26
da Cunha S.A.,207,LOGISTICA,(021) 7862-1078,novaesmaria-alice@aparecida.gov.br,68.532.174/0001-39,True,2017-04-26
Ramos,169,TRANSPORTE,81 0269-3315,luiz-henrique30@andrade.com,23.014.895/0001-19,True,2022-02-13
Rocha Ltda.,460,SEGURANCA,+55 84 2411 4206,cmendes@dias.org,52.073.916/0001-75,False,2025-04-02
Cardoso Carvalho S.A.,953,CATERING,+55 84 0053-9222,freitasgabriela@rezende.gov.br,90.187.246/0001-07,True,2020-03-22
Correia S.A.,613,TECNOLOGIA,+55 (051) 5286-1323,bruna64@cardoso.net,42.687.931/0001-50,True,2016-07-02
da Luz Pacheco - EI,336,SEGURANCA,(021) 6342-0953,dsa@pires.com.br,34.518.967/0001-81,True,2023-04-22
Farias e Filhos,420,LIMPEZA,+55 (051) 6655-9147,xcastro@porto.gov.br,69.402.358/0001-47,True,2020-08-28
Pacheco,850,CONSULTORIA,31 2474 6653,oliver89@cardoso.com.br,98.571.620/0001-85,True,2023-01-09
Pastor,19,COMBUSTIVEL,+55 (021) 4157-1276,agathacamara@da.net,46.597.312/0001-25,True,2026-04-01
Jesus S/A,223,HANDLING,61 8249 7939,leaogael@camara.gov.br,81.934.760/0001-78,True,2016-11-30
Almeida Monteiro S.A.,194,CATERING,(071) 2607-2014,jmendes@novais.br,43.170.285/0001-11,True,2021-06-26
Gonçalves,347,MANUTENCAO,+55 (061) 5429-2645,mcostela@marques.com.br,94.013.825/0001-94,True,2017-10-11
Cirino e Filhos,204,TRANSPORTE,81 6497 1967,jesusisis@cunha.gov.br,10.938.726/0001-23,True,2016-11-20
Guerra e Filhos,399,TRANSPORTE,+55 51 9949 0133,yagoda-mata@melo.com.br,73.490.256/0001-06,True,2025-09-12
Borges,477,CATERING,+55 (081) 1679 3014,caldeiraisadora@da.gov.br,91.072.863/0001-20,True,2025-06-06
Leão,650,HANDLING,+55 71 6801 9903,joao-pedro13@montenegro.com.br,54.810.629/0001-26,True,2017-09-09
Araújo,306,SEGURANCA,(081) 9179-1386,barrosayla@brito.com.br,17.986.024/0001-64,False,2018-09-21
Martins,645,COMBUSTIVEL,+55 (011) 2881 4112,tpires@carvalho.br,13.684.279/0001-11,True,2021-06-06
Correia,180,LIMPEZA,0500-138-1074,ribeirogabrielly@viana.org,23.907.568/0001-96,True,2020-06-16
Farias S.A.,635,SEGURANCA,(071) 0696 2616,catarina52@cavalcanti.com.br,74.109.285/0001-30,True,2017-07-10
Pacheco,339,TECNOLOGIA,71 9948-8566,natalia99@araujo.com,95.632.714/0001-29,True,2022-08-12
Casa Grande,912,HANDLING,+55 (061) 7172-6625,bfonseca@garcia.com.br,07.958.623/0001-10,True,2021-02-01
Câmara S/A,233,LIMPEZA,41 8624 0871,abreujuliana@nogueira.gov.br,04.137.859/0001-06,True,2024-06-11
Cavalcante,830,LOGISTICA,+55 (071) 8115-2232,luiz-miguelcavalcanti@da.org,75.241.960/0001-42,True,2016-06-10
Borges,901,HANDLING,+55 (051) 8479 1351,da-cruzcecilia@vasconcelos.net,57.219.460/0001-22,True,2023-11-06
Campos,158,TRANSPORTE,21 7809 7830,valentinaalmeida@alves.com,94.512.078/0001-39,True,2025-02-07
Rezende Ltda.,611,SEGURANCA,(011) 7867 4280,enzo-gabrielramos@almeida.com.br,57.091.382/0001-23,True,2018-11-25
Câmara e Filhos,15,HANDLING,0900-743-6990,bianca85@monteiro.com.br,54.082.176/0001-69,True,2023-09-25
Sales Ltda.,836,MANUTENCAO,11 2898 6061,gomesbianca@marques.net,37.429.081/0001-50,True,2021-11-01
Macedo Leão S/A,56,TECNOLOGIA,+55 21 6814-9802,pedro-lucas08@correia.br,62.987.531/0001-77,True,2019-06-27
Albuquerque,574,LOGISTICA,61 4232-4234,vargasbenicio@barros.br,24.159.673/0001-57,True,2018-04-04
Nascimento,593,CONSULTORIA,(081) 5749 0627,kalbuquerque@cavalcante.br,70.361.542/0001-75,True,2022-03-02
Fogaça,975,CONSULTORIA,+55 (061) 3158-2863,da-motaasafe@pereira.com,91.780.325/0001-90,True,2018-10-12
Alves da Rosa S/A,747,LOGISTICA,81 7821 5392,mgarcia@melo.net,25.017.649/0001-46,True,2017-03-09
Nascimento,573,TRANSPORTE,11 0220 6190,oliveirarhavi@cunha.net,79.140.562/0001-90,True,2016-10-14
Santos Pacheco e Filhos,518,CONSULTORIA,(081) 6162 2564,gazevedo@fogaca.gov.br,40.796.158/0001-34,True,2021-04-11
Siqueira,101,CATERING,+55 11 2316-7781,bianca64@siqueira.org,37.065.821/0001-16,True,2019-10-01
Barros e Filhos,695,HANDLING,(041) 7666-5052,wramos@azevedo.com,02.165.834/0001-82,True,2017-05-09
Ribeiro,911,LIMPEZA,+55 11 9022 3116,jpires@alves.br,76.321.540/0001-39,True,2024-09-09
Nogueira Ltda.,292,SEGURANCA,0800 212 6848,kamilly37@barros.com.br,24.306.517/0001-71,True,2022-02-22
Nunes Sá - EI,33,HANDLING,0300 231 3246,milena66@cardoso.com.br,41.759.836/0001-51,True,2022-03-31
Fernandes S.A.,217,TRANSPORTE,51 2011 4065,lizgoncalves@cirino.br,73.501.894/0001-77,True,2021-10-17
Câmara,261,COMBUSTIVEL,+55 51 7565 6976,sarah78@pastor.br,29.467.850/0001-86,True,2016-10-14
Jesus,807,MANUTENCAO,+55 84 5069 2965,vnascimento@casa.com,62.735.918/0001-36,True,2020-05-09
Sampaio,19,TECNOLOGIA,+55 (031) 9793 4421,henryda-rosa@viana.gov.br,50.216.739/0001-03,True,2025-10-11
da Paz Ltda.,509,SEGURANCA,11 9725-1840,nalves@rezende.com,14.785.960/0001-19,True,2023-12-26
Sales Araújo - EI,918,CATERING,+55 81 5167-6706,joanapires@rios.br,30.187.569/0001-79,False,2025-03-25
Montenegro,675,HANDLING,+55 81 2648-3336,krocha@almeida.com.br,82.635.017/0001-80,False,2016-07-26
Porto,666,CONSULTORIA,+55 61 9469-2085,kda-mota@camargo.com,45.197.206/0001-91,True,2016-06-07
Caldeira Ltda.,806,CATERING,(021) 6175 8080,sabrinasiqueira@da.gov.br,10.482.967/0001-00,True,2023-04-27
Moraes,454,CONSULTORIA,(081) 1353 8148,maria-lizdas-neves@dias.br,80.394.651/0001-42,True,2025-03-15
Garcia,233,CONSULTORIA,(011) 7177 8401,cassianomaria-eduarda@guerra.edu.br,83.750.964/0001-84,True,2022-08-23
Lima,486,LOGISTICA,41 6119-9767,raquel33@jesus.com.br,05.924.167/0001-62,True,2020-10-07
Ramos,86,CATERING,71 1956-5728,thales53@pacheco.com.br,82.413.560/0001-32,True,2024-05-19
Farias,521,HANDLING,84 0158-4668,npereira@vasconcelos.com,28.516.374/0001-83,True,2022-12-15
Pastor,961,HANDLING,84 3451-5025,rafaelafreitas@lima.com,30.761.894/0001-01,True,2016-07-21
Teixeira,26,HANDLING,+55 21 8277-7711,joao-lucas52@rezende.edu.br,63.094.751/0001-34,True,2017-10-30
Barbosa Aragão S.A.,175,SEGURANCA,+55 84 2344-7305,qsales@melo.com,96.154.830/0001-42,True,2022-10-26
Santos,458,LOGISTICA,0800-656-6764,pereiragabriela@correia.com,05.217.638/0001-00,True,2022-08-15
Vasconcelos Marques - EI,46,SEGURANCA,+55 (081) 2219-1439,marquesasafe@sales.org,73.609.284/0001-91,True,2026-05-26
Barros Ltda.,315,TECNOLOGIA,+55 (051) 1016 2600,carvalhoisadora@novais.gov.br,34.728.910/0001-07,True,2021-11-02
Montenegro,267,CATERING,21 3571-9214,kmelo@da.net,86.972.140/0001-47,True,2019-12-14
Monteiro e Filhos,881,LOGISTICA,+55 84 6652 8246,vinicius92@rios.com,40.867.152/0001-00,True,2023-01-27
Borges Ltda.,835,CONSULTORIA,41 0519 0854,joao-pedromonteiro@guerra.net,03.827.156/0001-39,True,2019-11-01
Borges S/A,868,COMBUSTIVEL,+55 (081) 0908 9931,hmoreira@das.com,28.395.601/0001-60,True,2025-09-01
Pinto Rodrigues S/A,964,TRANSPORTE,0900-304-3766,da-cruzlara@cavalcante.edu.br,08.176.395/0001-90,True,2026-02-24
Vasconcelos,851,LIMPEZA,(051) 4705-3110,agatha33@pimenta.br,37.410.852/0001-67,True,2021-08-31
Rios Lima - EI,118,MANUTENCAO,+55 31 7650-1676,gsales@mendes.br,28.371.690/0001-04,True,2017-11-29
Vasconcelos,787,CONSULTORIA,+55 (031) 7629-2266,gmacedo@nunes.com.br,37.609.218/0001-58,False,2025-10-12
Martins Ltda.,65,TRANSPORTE,0800 935 9812,carolina97@martins.com,65.732.018/0001-23,True,2022-09-14
Dias S/A,289,CATERING,+55 11 4171 6578,davi-miguelcarvalho@goncalves.br,18.705.623/0001-25,True,2023-09-16
Araújo e Filhos,490,TRANSPORTE,21 0092 4492,fnovais@porto.br,03.961.457/0001-50,True,2018-07-09
Siqueira S.A.,236,CATERING,(081) 0186 0742,guerracatarina@cirino.com.br,36.980.451/0001-80,True,2019-04-12
Albuquerque - ME,709,CONSULTORIA,+55 (081) 0242-6624,pfonseca@vieira.com.br,40.537.821/0001-86,True,2023-01-26
Jesus,794,CONSULTORIA,11 4068-7354,esther34@silveira.com,46.897.325/0001-10,True,2019-10-19
Montenegro,105,HANDLING,+55 (081) 4835-8626,bcunha@da.edu.br,53.209.841/0001-70,True,2025-05-05
Abreu,830,CONSULTORIA,31 9432-6983,ana-clara36@nascimento.com,50.428.697/0001-74,True,2019-05-24
Guerra,978,LOGISTICA,(061) 2007-3429,calebsampaio@machado.net,72.589.603/0001-81,True,2025-12-25
Azevedo - ME,479,TRANSPORTE,+55 84 5851 5020,caroline02@das.br,31.294.780/0001-53,True,2024-10-11
Correia,862,TECNOLOGIA,+55 21 1123 5904,isadorafogaca@marques.edu.br,69.285.704/0001-54,True,2017-04-15
Monteiro,444,HANDLING,+55 21 8385-5451,lorena09@pacheco.br,19.752.648/0001-42,True,2020-02-28
Sampaio,456,SEGURANCA,+55 (051) 6272 8167,thalesmacedo@gomes.com,21.563.974/0001-53,True,2019-04-04
da Cunha,753,TRANSPORTE,+55 41 2608 4818,kgoncalves@pastor.com,63.148.705/0001-70,True,2022-02-18
Lopes e Filhos,452,LOGISTICA,11 0450-5998,joserocha@macedo.net,12.389.405/0001-42,True,2024-12-16
Borges,430,MANUTENCAO,(021) 2025 9364,caleb28@viana.com,34.297.561/0001-16,True,2024-05-10
Pereira Pimenta S/A,104,TRANSPORTE,+55 61 5490 4431,ana-clarada-cruz@pimenta.br,31.056.894/0001-65,True,2018-06-09
Duarte S/A,407,COMBUSTIVEL,81 2917 9265,machadopaulo@moraes.com,91.054.382/0001-91,True,2019-01-24
Brito Pastor - EI,723,COMBUSTIVEL,+55 51 6915 7376,xcamargo@fogaca.gov.br,87.903.245/0001-07,True,2017-10-18
Costa,415,LOGISTICA,+55 (081) 4450 0202,zsouza@novais.gov.br,03.452.916/0001-70,True,2021-10-18
Machado,831,HANDLING,61 0304 0934,srodrigues@rocha.br,41.283.905/0001-01,True,2017-09-14
Novaes Rios S.A.,142,SEGURANCA,(041) 2105-1334,garaujo@castro.com,01.345.687/0001-60,False,2020-06-07
Andrade Vargas - EI,507,COMBUSTIVEL,+55 (081) 1681-6360,stephanynunes@rezende.br,36.095.428/0001-02,True,2024-09-08
Mendes,506,SEGURANCA,+55 (061) 0005-2141,meloantony@camargo.br,34.560.827/0001-71,True,2019-06-27
Marques Abreu - EI,168,HANDLING,31 1191 9445,emanuella69@casa.gov.br,65.830.419/0001-16,True,2023-09-12
Barros,254,SEGURANCA,+55 41 7718-8626,danielaguerra@carvalho.br,67.302.589/0001-53,True,2024-03-22
Costa - EI,209,LIMPEZA,51 7402 2346,da-rosaana-cecilia@garcia.com,76.351.029/0001-80,True,2018-04-19
Marques - ME,11,COMBUSTIVEL,+55 41 4215 2483,peixotoisabella@costela.br,47.062.351/0001-90,True,2025-08-01
Pastor,28,LIMPEZA,31 7036-8830,da-motavitoria@mendonca.gov.br,36.950.214/0001-76,True,2018-11-19
Ribeiro e Filhos,824,LOGISTICA,+55 (041) 7065-9341,da-luzcarlos-eduardo@souza.gov.br,21.843.769/0001-41,True,2019-02-01
Mendes,711,COMBUSTIVEL,+55 71 8301 8179,drezende@farias.gov.br,78.469.325/0001-05,True,2024-01-20
Dias S.A.,586,COMBUSTIVEL,+55 84 1711 4865,hfogaca@novaes.edu.br,10.683.924/0001-93,True,2020-07-22
Jesus S.A.,55,COMBUSTIVEL,+55 41 2975 5726,leaoana-laura@cunha.br,89.104.765/0001-85,True,2025-06-10
Sampaio Aragão S/A,133,CATERING,+55 (084) 0716-7532,gomespedro-miguel@leao.com,78.524.091/0001-51,True,2017-05-17
Melo Rocha S.A.,663,TECNOLOGIA,0300-545-8583,laura39@cassiano.com.br,43.217.506/0001-60,True,2021-01-19
Peixoto e Filhos,479,SEGURANCA,+55 (061) 5814-7621,marcos-viniciusguerra@campos.edu.br,63.429.015/0001-90,True,2025-11-09
Dias,96,HANDLING,+55 31 1563-0930,zpeixoto@vasconcelos.gov.br,06.427.539/0001-08,True,2021-02-20
Novais e Filhos,583,TRANSPORTE,0800-921-7735,leaoisadora@azevedo.net,97.386.052/0001-80,True,2018-09-25
Mendes e Filhos,603,SEGURANCA,+55 21 4024-2224,salessabrina@araujo.net,23.697.045/0001-62,True,2018-02-12
da Rocha,194,LOGISTICA,+55 81 2484-2024,emillyabreu@macedo.br,51.896.432/0001-63,False,2017-07-11
Leão,757,COMBUSTIVEL,+55 84 0994-1475,valentinapinto@correia.com,54.276.089/0001-42,True,2019-06-19
Barbosa,330,LOGISTICA,+55 11 0356 5942,brayanporto@da.com.br,69.841.520/0001-23,True,2020-05-11
Borges,877,TECNOLOGIA,0300 411 8390,ana-lauracardoso@rezende.gov.br,24.036.185/0001-52,True,2023-05-25
Costa da Rosa e Filhos,522,CATERING,41 8933-4375,sousasara@lopes.gov.br,40.672.513/0001-63,True,2020-08-27
Gomes Pinto S.A.,45,CONSULTORIA,81 5507-4350,luan88@pereira.org,70.349.651/0001-77,True,2021-12-23
Duarte Peixoto S/A,530,HANDLING,(071) 6504-7188,anthonyandrade@da.com,89.712.534/0001-54,True,2022-11-02
Lopes,750,MANUTENCAO,(041) 9899-4706,marquesaugusto@pacheco.com,14.706.592/0001-76,True,2020-11-07
Caldeira,296,LIMPEZA,(081) 6756 6505,nogueiramirella@almeida.gov.br,16.752.890/0001-28,True,2021-04-02
Freitas Pimenta e Filhos,183,SEGURANCA,(021) 9850-4505,tjesus@mendonca.com,24.968.301/0001-71,True,2025-07-22
Farias Machado S/A,63,LIMPEZA,(031) 0250 3857,lsouza@da.edu.br,16.345.298/0001-01,True,2023-05-07
Rios - ME,900,COMBUSTIVEL,+55 (081) 5853-0101,lunanovaes@peixoto.br,13.062.457/0001-72,True,2024-10-01
Ferreira,844,SEGURANCA,51 6703 6562,correialavinia@da.org,34.687.910/0001-06,True,2018-03-16
Rocha S.A.,447,CONSULTORIA,+55 (081) 3576-1707,josuemachado@da.com.br,57.831.694/0001-26,True,2020-08-02
Macedo,944,CATERING,61 5089-8977,maya59@rodrigues.org,34.518.269/0001-86,True,2024-03-28
Alves,716,LIMPEZA,+55 41 7676-8740,kaique07@martins.br,14.729.603/0001-33,True,2021-10-24
Vargas,153,LIMPEZA,+55 (084) 3099-0009,bernardo65@fogaca.com.br,82.359.640/0001-57,True,2025-05-10
Rezende,793,MANUTENCAO,(011) 5352-3266,piresapollo@da.com,91.805.723/0001-13,True,2022-07-28
Barbosa,738,LOGISTICA,+55 21 9989 9651,novaesgustavo@montenegro.net,74.630.281/0001-00,True,2024-01-19
Borges,1000,CATERING,31 6870-4796,prios@novaes.com,90.571.236/0001-70,True,2026-05-23
Almeida,421,MANUTENCAO,51 9142 3302,maysalima@almeida.br,47.396.810/0001-72,True,2017-07-23
Araújo,998,SEGURANCA,11 1318 6604,cdas-neves@cunha.com.br,14.756.820/0001-12,True,2020-11-10
da Rosa,284,HANDLING,(031) 2035 9441,souzalucas-gabriel@viana.gov.br,35.148.967/0001-08,True,2024-11-14
da Rosa,451,HANDLING,+55 41 3135 1830,danielamoraes@costa.org,65.127.493/0001-70,True,2019-04-10
Mendonça - EI,48,LOGISTICA,0500-559-9098,dom28@farias.br,81.632.490/0001-40,True,2025-07-28
Brito Pastor S.A.,916,CATERING,(041) 8918 0038,da-luzhelena@da.gov.br,24.905.873/0001-01,True,2024-04-19
Teixeira Aragão - EI,978,LOGISTICA,+55 51 2185 2734,borgesana-carolina@borges.net,31.572.680/0001-41,True,2017-06-27
Câmara,330,TRANSPORTE,+55 (051) 3044 0778,riosguilherme@pimenta.br,58.492.631/0001-55,True,2023-10-09
Souza das Neves Ltda.,610,LOGISTICA,(031) 1829 9126,carolina20@das.gov.br,19.037.642/0001-93,False,2018-01-02
Araújo e Filhos,142,LOGISTICA,51 2242 1682,imontenegro@rodrigues.com.br,75.618.340/0001-80,True,2016-12-08
Pires da Mata - ME,2,LIMPEZA,0500 100 5932,marina22@aragao.com.br,32.806.974/0001-53,True,2022-03-13
Sousa,205,TRANSPORTE,+55 81 4387 1295,da-rochabruna@silva.gov.br,80.254.391/0001-00,True,2017-03-01
Novaes,675,TRANSPORTE,+55 (041) 2240 6547,manuella69@aparecida.com.br,90.468.721/0001-13,True,2023-02-02
Costela,930,SEGURANCA,+55 (051) 1655 6238,gmoura@siqueira.br,56.301.789/0001-75,True,2018-08-06
Pastor Almeida S/A,304,COMBUSTIVEL,+55 41 3860 4794,wbarros@cunha.com,35.168.249/0001-95,True,2020-08-07
Silva Nunes Ltda.,695,SEGURANCA,(041) 1914 7905,ana-lizmacedo@novais.br,16.795.023/0001-70,True,2020-03-06
Ribeiro Siqueira - ME,469,CONSULTORIA,11 0848-8686,gabrielly29@freitas.gov.br,82.941.603/0001-52,False,2025-05-20
Cassiano da Cruz Ltda.,294,TECNOLOGIA,+55 (084) 0688-5684,amendonca@montenegro.com,96.427.135/0001-07,True,2021-03-12
Oliveira,355,MANUTENCAO,(071) 5213-5317,catarina59@montenegro.br,48.720.563/0001-80,True,2022-12-25
Lima Macedo Ltda.,649,CONSULTORIA,+55 71 1997 6453,joana55@vargas.com.br,64.183.590/0001-18,True,2016-07-21
Nunes S.A.,916,CATERING,(084) 8201 6301,maria-laura22@casa.com,84.325.917/0001-56,True,2022-11-28
Novaes,442,CATERING,+55 (071) 9846 0180,antony33@novaes.com,15.378.926/0001-92,True,2023-03-18
Souza,789,LIMPEZA,(084) 1554-4605,leandrogoncalves@pimenta.br,46.231.078/0001-18,True,2019-12-05
Sampaio,530,LIMPEZA,(031) 9911 9285,vmacedo@montenegro.com,21.597.840/0001-53,False,2024-11-16
Fernandes,700,CATERING,(051) 8212 6264,estergoncalves@ramos.edu.br,49.603.871/0001-99,False,2022-04-05
Rios - EI,652,LIMPEZA,0300 198 1775,davi-miguel29@da.com,42.517.036/0001-97,True,2025-08-18
Moreira Teixeira e Filhos,550,CATERING,+55 51 8597 4776,gabrielly59@mendes.br,54.896.120/0001-48,True,2023-10-07
Ribeiro,494,LOGISTICA,11 1569-2209,caue76@da.net,57.806.943/0001-23,True,2022-01-31
Martins,275,TRANSPORTE,(051) 3494-3148,lcarvalho@fonseca.br,85.620.174/0001-00,True,2024-09-19
Brito,322,MANUTENCAO,61 8557 3952,joao-vitornascimento@freitas.br,80.537.421/0001-95,False,2022-07-31
Rezende - ME,151,LIMPEZA,71 0284 1362,paulosousa@macedo.com,40.782.395/0001-46,True,2018-01-19
Siqueira,175,COMBUSTIVEL,11 9734-1855,bryan83@da.br,60.138.795/0001-20,True,2016-09-29
Marques Ltda.,561,COMBUSTIVEL,0800-001-7067,bernardo78@sampaio.gov.br,28.597.036/0001-13,True,2019-01-27
Souza Ltda.,22,MANUTENCAO,0800 389 6763,miguel67@freitas.com.br,86.037.915/0001-97,True,2025-07-03
da Mata Vasconcelos S/A,328,LOGISTICA,+55 11 3513-9014,calebepereira@das.com,74.396.128/0001-52,True,2026-01-29
Macedo,793,LIMPEZA,+55 (084) 4803 0073,luiza58@gomes.com,52.619.384/0001-29,True,2017-07-31
Montenegro Teixeira - EI,154,MANUTENCAO,51 6911 2232,da-luzlucas-gabriel@castro.com.br,61.843.975/0001-76,True,2021-08-17
Teixeira,148,MANUTENCAO,(051) 7446 5325,alana41@moreira.com.br,85.173.962/0001-03,True,2016-09-23
Casa Grande,142,SEGURANCA,+55 (081) 3881 9376,guilherme84@barros.org,62.809.715/0001-47,False,2020-07-20
da Mata,788,TRANSPORTE,+55 (081) 1127 2836,costaalexandre@vasconcelos.br,47.805.961/0001-37,True,2024-08-21
Caldeira,529,MANUTENCAO,71 3762-9507,erezende@porto.com,17.208.435/0001-29,True,2017-04-04
Caldeira,957,COMBUSTIVEL,21 6930-3264,isadora49@martins.org,19.602.874/0001-47,True,2020-09-03
Nunes e Filhos,557,CONSULTORIA,(084) 0342-5197,camposdavi-miguel@novais.gov.br,13.649.785/0001-70,True,2016-08-07
da Mota,278,LOGISTICA,+55 (051) 1531-9362,luigi60@cavalcanti.gov.br,08.726.493/0001-53,True,2020-05-13
Vargas Freitas - EI,171,LIMPEZA,+55 31 8439-1065,zda-costa@barros.br,45.937.120/0001-58,True,2016-11-10
Sousa Barros Ltda.,979,MANUTENCAO,+55 (071) 1283 3195,olivia97@camara.com.br,97.136.052/0001-21,True,2016-11-15
Andrade Ferreira - ME,515,SEGURANCA,21 7094-1246,fariasfrancisco@da.edu.br,38.516.942/0001-08,True,2020-10-27
Sá - EI,879,TRANSPORTE,(051) 6776-0064,ana-luizaduarte@rocha.gov.br,31.768.054/0001-25,True,2019-06-07
Pacheco,598,CONSULTORIA,84 7574 5104,sophie09@sampaio.com.br,73.140.285/0001-30,True,2022-03-21
Castro,47,LOGISTICA,(081) 0799-5947,gcampos@aragao.gov.br,76.432.591/0001-38,True,2022-03-24
Cassiano,785,LOGISTICA,31 9722-6934,vitor-gabriel03@pereira.org,68.573.091/0001-98,True,2019-07-07
Azevedo,151,COMBUSTIVEL,+55 11 8268-7097,cmarques@martins.com,36.291.847/0001-10,True,2019-07-18
Azevedo,233,TECNOLOGIA,+55 21 0735 1289,lcavalcanti@jesus.gov.br,24.316.580/0001-99,True,2018-11-08
Pimenta Pastor S.A.,710,HANDLING,+55 61 4606-0694,andreguerra@rezende.com,35.749.216/0001-39,True,2021-08-13
Carvalho - EI,698,LIMPEZA,(081) 3700 6448,alicia87@da.com,18.029.645/0001-12,True,2018-11-08
Duarte S.A.,267,HANDLING,(031) 6425-5078,hnovaes@nogueira.br,02.915.467/0001-97,True,2018-07-02
Barbosa Mendes S/A,846,SEGURANCA,+55 31 9586 6399,valentinamelo@castro.edu.br,73.129.645/0001-00,True,2019-05-17
Melo e Filhos,135,LIMPEZA,0500 644 1603,luiz-otavionogueira@melo.com,51.084.326/0001-85,True,2017-10-07
Almeida Casa Grande e Filhos,732,CATERING,+55 (031) 0175-4541,hda-mota@pinto.com,10.436.957/0001-39,True,2016-09-21
Fogaça S.A.,529,CONSULTORIA,71 9744 2036,mendessophie@da.com.br,83.904.276/0001-21,True,2020-06-19
Gonçalves Nascimento e Filhos,653,CONSULTORIA,+55 (021) 6014 5792,joao-felipeguerra@barbosa.org,85.149.306/0001-67,True,2022-08-17
Silveira S/A,822,SEGURANCA,0300 679 7209,clarabarbosa@aparecida.com,85.216.930/0001-30,True,2020-12-27
Sá Mendes - EI,170,LIMPEZA,(081) 8291 5855,barbosaliz@pereira.com,42.063.851/0001-23,True,2018-04-20
Cirino,629,TECNOLOGIA,(031) 8739 6262,emanuel88@sales.org,97.815.346/0001-80,True,2019-05-05
da Rosa,224,TECNOLOGIA,+55 (071) 4354-9787,fernandafonseca@camargo.br,64.385.012/0001-64,True,2026-02-20
Teixeira S.A.,881,HANDLING,+55 81 8042-4796,piresbento@nunes.com,91.652.384/0001-82,True,2023-06-25
da Paz Cavalcante - ME,538,MANUTENCAO,41 2254 9203,mviana@aragao.com.br,40.152.738/0001-99,True,2018-04-08
Sá - ME,449,SEGURANCA,+55 (061) 2641-4756,albuquerquedavi-lucca@cardoso.gov.br,39.546.281/0001-18,True,2019-03-15
Oliveira Nascimento e Filhos,149,CATERING,+55 51 5966 7715,asafevieira@cavalcante.com.br,47.382.095/0001-19,True,2019-11-14
Pereira Nunes S/A,910,CATERING,0500 006 4761,ana-julia27@da.com.br,59.480.217/0001-99,True,2020-08-24
Guerra - EI,5,LOGISTICA,11 9206-7549,matteodas-neves@rodrigues.gov.br,04.561.872/0001-80,True,2022-04-26
Moraes Melo - EI,655,TECNOLOGIA,+55 21 5733-8133,mendesravi-lucca@fernandes.net,30.219.785/0001-59,True,2019-01-05
Teixeira,978,TRANSPORTE,(071) 4098-5372,da-costaraul@aparecida.br,16.098.527/0001-30,True,2016-11-25
Santos,391,TECNOLOGIA,+55 31 5558 7094,da-matakevin@ramos.org,56.408.713/0001-43,True,2022-10-02
Cardoso Ltda.,978,LOGISTICA,+55 31 8078-1913,asafe53@pimenta.org,17.925.368/0001-63,True,2024-11-10
Gonçalves - ME,532,TECNOLOGIA,+55 31 2824-6306,souzajuliana@barbosa.com.br,85.612.703/0001-23,True,2024-03-19
Barbosa,978,COMBUSTIVEL,(051) 0420 5986,laura97@barbosa.org,39.604.758/0001-74,True,2017-03-03
da Paz - ME,934,HANDLING,+55 41 0392 7888,nascimentooliver@da.gov.br,16.348.072/0001-64,True,2024-06-19
Borges,240,MANUTENCAO,51 5690 5096,isabelly88@garcia.edu.br,09.715.368/0001-00,True,2025-11-04
Rocha e Filhos,228,LOGISTICA,(021) 7237 3564,martinspietra@siqueira.com.br,08.397.452/0001-60,True,2026-05-09
Caldeira,785,CONSULTORIA,+55 61 5498-3671,hellena74@lopes.edu.br,86.720.491/0001-60,True,2018-02-19
Lima Ltda.,189,MANUTENCAO,11 6059 5634,felipemontenegro@pires.br,32.057.189/0001-45,True,2022-04-22
Farias,953,CONSULTORIA,+55 11 3777-3031,smonteiro@caldeira.gov.br,26.198.435/0001-86,True,2019-01-13
Caldeira S.A.,299,CATERING,+55 71 0254-5500,ana-carolina90@rios.gov.br,83.795.612/0001-45,True,2025-02-04
Carvalho,609,SEGURANCA,(041) 6163 0343,dantealves@pacheco.org,35.247.610/0001-79,True,2024-10-13
Caldeira,470,TRANSPORTE,(031) 9965-4662,msales@brito.edu.br,96.217.834/0001-22,True,2023-04-18
Abreu S.A.,975,CONSULTORIA,+55 81 3023 4056,gmachado@fonseca.br,80.497.165/0001-50,True,2017-08-07
Guerra,962,LOGISTICA,(021) 0812-3927,yuri79@pacheco.br,36.127.948/0001-50,True,2021-11-29
da Rosa,761,CATERING,(031) 2022 4824,ucorreia@da.net,71.420.853/0001-20,True,2025-06-27
Sampaio S.A.,648,TRANSPORTE,41 6914 1939,yabreu@alves.br,18.960.472/0001-51,True,2021-10-13
Ribeiro,554,CATERING,0300-247-6883,davi-lucas03@barros.org,13.940.567/0001-90,True,2016-08-01
Barros,817,CONSULTORIA,+55 31 2517-9044,gandrade@leao.com,94.063.571/0001-19,True,2024-12-24
Moura,164,SEGURANCA,+55 11 1031-4564,maria-julia22@duarte.gov.br,74.035.296/0001-12,True,2020-01-27
da Luz,773,TECNOLOGIA,+55 71 9998-7093,heitorsantos@goncalves.org,12.680.534/0001-95,True,2020-03-25
Lima Teixeira - ME,119,TECNOLOGIA,(084) 3180 5763,rodriguesbrayan@alves.gov.br,65.430.128/0001-30,True,2023-02-27
Gomes Ltda.,920,TECNOLOGIA,+55 (031) 0474 8679,gabriela98@moraes.org,81.705.936/0001-10,True,2016-11-06
Marques - ME,81,TECNOLOGIA,+55 (011) 1773 7594,nathanandrade@moura.com,19.704.365/0001-25,True,2021-02-23
Cavalcante S/A,710,CATERING,+55 81 4415-5967,rafael33@ribeiro.gov.br,65.819.407/0001-90,False,2016-11-13
Siqueira da Conceição Ltda.,457,HANDLING,+55 51 0049 9926,nferreira@silva.com,97.810.362/0001-80,True,2021-07-31
Sales,341,TRANSPORTE,+55 (021) 4872-3858,qfarias@pinto.gov.br,68.750.293/0001-68,True,2021-01-26
Vieira Campos - ME,894,SEGURANCA,0500-670-6055,mendesraul@martins.gov.br,21.837.905/0001-90,True,2026-05-31
Freitas Sá Ltda.,378,COMBUSTIVEL,61 4639 8970,da-rochabeatriz@mendonca.com,39.451.802/0001-53,False,2025-08-15
Gonçalves,429,TECNOLOGIA,0800 255 2905,pintoluiz-felipe@aragao.com,01.856.947/0001-61,True,2023-08-20
Leão S/A,888,SEGURANCA,0800 738 4498,carvalhoerick@abreu.com.br,89.251.473/0001-75,True,2022-10-22
Teixeira e Filhos,620,CONSULTORIA,84 6723-3104,sarah17@pires.net,65.873.014/0001-65,True,2017-08-22
Carvalho Almeida - ME,578,CATERING,+55 11 1864-1761,benjamincassiano@jesus.com.br,63.941.205/0001-91,True,2024-04-14
da Mota,503,COMBUSTIVEL,+55 (021) 3239 1932,joao-lucas82@marques.com,26.374.950/0001-70,True,2019-08-04
Cirino,500,TECNOLOGIA,0800-644-4843,tvargas@montenegro.com,19.468.507/0001-00,True,2020-10-19
Pereira e Filhos,864,LOGISTICA,41 0587-7155,daniel62@moura.br,90.274.815/0001-51,False,2020-12-13
da Costa,19,LIMPEZA,(061) 2162-6603,mateusduarte@barbosa.edu.br,02.587.431/0001-21,True,2020-04-14
Vieira,770,CONSULTORIA,0500 395 7955,nunesjoao-vitor@silveira.br,41.803.759/0001-90,True,2016-08-14
Santos Moura - ME,225,CATERING,+55 (011) 5676-1125,lorenzo33@vieira.edu.br,05.619.472/0001-40,True,2019-03-31
Porto,10,LOGISTICA,84 2873-2107,enzocavalcante@da.com.br,65.472.190/0001-95,True,2024-06-12
Abreu Azevedo - EI,310,COMBUSTIVEL,(041) 0842-8741,trodrigues@mendonca.br,36.501.427/0001-10,True,2022-01-25
Rodrigues e Filhos,492,COMBUSTIVEL,+55 (031) 0510 8194,jose-miguel26@costela.com,36.091.548/0001-31,True,2017-01-25
Souza Rezende - EI,724,HANDLING,+55 31 0342-4375,ianlopes@novais.com,69.307.542/0001-08,True,2024-06-08
Albuquerque,19,MANUTENCAO,+55 51 3045 4410,bbrito@da.gov.br,70.854.263/0001-43,True,2022-01-20
Brito Ltda.,199,CATERING,+55 41 7642 9628,pastorjose-pedro@brito.com,50.968.432/0001-69,True,2026-03-03
Brito,236,LOGISTICA,+55 (071) 1525-5232,calebeduarte@marques.gov.br,43.527.061/0001-14,True,2023-04-21
Fernandes Souza e Filhos,959,CATERING,+55 (081) 9501-1152,antonella86@martins.edu.br,89.230.154/0001-83,True,2021-02-13
da Costa S/A,379,SEGURANCA,+55 61 5880-9718,zazevedo@cardoso.com,93.572.648/0001-13,True,2019-07-01
Duarte e Filhos,847,MANUTENCAO,11 9675 7799,caldeiramarcos-vinicius@pastor.com.br,83.052.691/0001-02,True,2018-11-06
da Cunha,226,COMBUSTIVEL,(061) 1160 8958,zandrade@ferreira.com,21.387.450/0001-59,True,2016-07-20
da Mata Marques - ME,729,CONSULTORIA,+55 11 2898 9930,yda-mota@sousa.com.br,37.290.865/0001-40,True,2020-03-02
Moreira Rocha - ME,712,CATERING,71 8528-5898,pmoraes@nogueira.com.br,37.651.042/0001-00,True,2016-06-27
da Costa,278,LOGISTICA,11 9499-9445,prodrigues@das.org,10.734.968/0001-03,True,2022-12-24
da Paz,642,LOGISTICA,+55 31 4759-1604,carolinapacheco@pimenta.gov.br,90.764.531/0001-43,True,2025-01-11
Machado,632,LOGISTICA,21 3756-8167,pedro-henrique40@sales.net,07.165.348/0001-88,True,2018-01-06
Dias Ribeiro S/A,374,CONSULTORIA,+55 (011) 7883 6922,miguelsilva@da.com,39.647.520/0001-26,True,2025-11-06
Rodrigues,580,TECNOLOGIA,+55 (061) 2312 6532,uda-costa@campos.org,97.284.015/0001-60,True,2018-08-06
da Mata Mendes - ME,711,LIMPEZA,+55 11 4695 0935,emilly57@cassiano.com,61.720.834/0001-66,True,2020-12-07
Nunes,137,TECNOLOGIA,+55 84 7612-1893,portojuan@rocha.com.br,06.593.784/0001-95,True,2019-04-17
Nogueira Rezende S.A.,637,CONSULTORIA,+55 (041) 5644 6853,da-cunhaester@duarte.com.br,59.013.624/0001-96,True,2016-07-13
Monteiro,535,MANUTENCAO,(084) 8943-3276,davida-luz@andrade.com,82.374.615/0001-42,True,2025-12-29
Cirino e Filhos,718,CONSULTORIA,+55 (061) 2097-5506,marquesbreno@ramos.br,01.579.863/0001-28,True,2019-12-11
da Cunha das Neves - EI,406,MANUTENCAO,+55 (051) 7697 2162,novaesmathias@sa.gov.br,12.675.490/0001-05,True,2016-06-17
Câmara,97,CATERING,+55 (041) 7122 6008,joao-vitormoraes@rezende.com.br,42.760.893/0001-13,True,2025-12-09
Mendonça,32,SEGURANCA,71 8728-2063,liamsales@barros.br,98.026.341/0001-30,True,2024-12-24
Carvalho,851,TECNOLOGIA,+55 81 7609-6064,scassiano@fernandes.com,57.384.621/0001-33,True,2024-11-01
Albuquerque,933,MANUTENCAO,(031) 0946-5777,lopeserick@pimenta.gov.br,72.413.908/0001-38,True,2018-09-27
Guerra Rodrigues e Filhos,787,MANUTENCAO,+55 11 6417 0053,pbarbosa@andrade.br,69.081.735/0001-93,True,2021-08-14
Oliveira,873,TRANSPORTE,31 1279 8312,joao-felipe85@freitas.org,16.074.582/0001-90,True,2025-11-19
Novais,936,CONSULTORIA,+55 (031) 8701 7086,xcaldeira@aparecida.gov.br,10.762.854/0001-69,True,2020-03-30
Novaes,559,TRANSPORTE,0800 579 6724,qbarros@duarte.com,09.853.741/0001-90,True,2025-11-12
Alves,479,TRANSPORTE,+55 (051) 0502-5497,raulsantos@andrade.gov.br,27.546.398/0001-12,True,2024-04-03
Porto,972,LOGISTICA,+55 31 9659-7442,kevin69@rios.gov.br,20.483.961/0001-01,True,2020-01-05
da Rocha,868,SEGURANCA,+55 (061) 5133 7937,wvieira@sousa.gov.br,97.640.352/0001-43,True,2021-11-12
Monteiro,281,CONSULTORIA,+55 31 7490 5849,gmoreira@da.gov.br,90.812.437/0001-12,False,2021-03-28
Rocha Ltda.,559,HANDLING,(031) 4450-9998,lcostela@freitas.com.br,35.298.406/0001-87,True,2018-05-27
Sales S/A,109,HANDLING,41 5184-6689,pedro-miguel21@fogaca.com,83.065.912/0001-79,True,2021-02-04
Teixeira S/A,171,TECNOLOGIA,+55 (021) 2642-5972,fariasbianca@nogueira.com.br,28.764.015/0001-45,True,2021-03-19
Rodrigues,180,HANDLING,+55 61 9847-4604,thalesmarques@mendes.edu.br,47.208.361/0001-91,True,2019-07-15
Fernandes,471,MANUTENCAO,61 0452-9267,gpinto@pastor.edu.br,87.926.543/0001-12,False,2020-10-22
Teixeira,105,LOGISTICA,(021) 1340 1929,kamillyabreu@pereira.br,27.580.413/0001-49,True,2022-10-30
Moreira Pereira S/A,539,TECNOLOGIA,+55 61 2484 4793,ysilveira@jesus.com,15.643.972/0001-71,True,2020-07-02
Martins S/A,516,SEGURANCA,84 5948 0531,iandrade@machado.net,30.967.158/0001-04,True,2025-07-21
Porto,230,CATERING,+55 (031) 4475-6311,eduardocostela@mendonca.com.br,28.740.365/0001-71,True,2021-11-04
Ferreira,657,TECNOLOGIA,0900-858-6635,tduarte@barros.edu.br,02.871.956/0001-94,True,2025-04-27
Lopes,947,LIMPEZA,0800 059 4699,luiz-fernando88@sales.br,05.291.687/0001-85,True,2019-04-09
Borges,929,HANDLING,+55 (041) 3203-6686,jose77@carvalho.br,85.231.467/0001-03,True,2022-11-11
Silveira S.A.,704,HANDLING,+55 (021) 0877-8347,souzaanthony-gabriel@cirino.gov.br,83.925.641/0001-84,True,2020-07-19
Lima,173,TECNOLOGIA,+55 (051) 3277-0045,camilamoura@santos.gov.br,73.018.649/0001-03,True,2025-10-15
Machado,748,LIMPEZA,+55 (031) 4240 2555,juliana89@pacheco.br,04.193.567/0001-82,True,2026-05-08
Porto,887,COMBUSTIVEL,(011) 6738 6569,da-rosaagatha@souza.gov.br,67.319.502/0001-50,True,2019-03-12
Nogueira,227,SEGURANCA,0500-558-7700,pcastro@dias.gov.br,94.237.061/0001-10,False,2016-10-29
Costela,396,TRANSPORTE,+55 (081) 1203 3980,da-costamirella@borges.com.br,62.318.709/0001-97,True,2025-09-28
Andrade - EI,240,LOGISTICA,+55 (031) 1533 7435,bmarques@porto.br,28.709.354/0001-29,True,2023-10-05
Martins,474,TECNOLOGIA,0800 457 5959,emilly05@rezende.net,62.130.847/0001-48,True,2017-09-06
Pinto Ferreira S.A.,814,CONSULTORIA,(051) 2520 7882,goncalvesana-sophia@azevedo.gov.br,21.469.357/0001-93,True,2021-06-14
Cassiano,477,TECNOLOGIA,+55 (081) 3027 6947,benjamimmoraes@da.com.br,53.290.174/0001-00,True,2016-07-31
Pacheco Costa - ME,670,CONSULTORIA,+55 31 4094-1218,fonsecalucas@mendes.gov.br,50.823.467/0001-00,True,2018-09-26
Cassiano Duarte Ltda.,282,TRANSPORTE,81 0189 1134,viniciusmontenegro@melo.com,39.651.842/0001-49,False,2023-07-01
Cirino - ME,194,SEGURANCA,+55 41 4211-2029,sampaionicolas@camara.com,49.018.572/0001-97,True,2025-09-09
Pacheco - ME,941,HANDLING,81 4523 1919,moraesleandro@rios.net,56.307.149/0001-72,True,2023-03-15
Aragão,451,SEGURANCA,(031) 1710 3891,montenegromaria-luiza@andrade.br,01.358.697/0001-30,True,2021-01-19
Pastor,770,CATERING,31 6071 4876,danilo77@sa.com.br,25.716.039/0001-30,True,2019-12-22
Gonçalves S/A,812,LOGISTICA,+55 (081) 7811-0570,gabriellyvargas@araujo.com.br,70.824.561/0001-90,True,2023-03-04
Rodrigues,708,LOGISTICA,0500-323-3700,vcaldeira@moreira.com.br,09.768.254/0001-29,True,2023-07-31
da Cruz Cirino S.A.,801,CONSULTORIA,(031) 3065 8744,luigida-cruz@farias.gov.br,07.214.865/0001-08,True,2022-10-11
Souza,97,TRANSPORTE,+55 84 5513-9196,cunhaana-livia@vasconcelos.br,78.345.916/0001-70,True,2025-12-27
Casa Grande da Costa - EI,775,TRANSPORTE,+55 (031) 0436 4758,julia64@sousa.br,41.683.079/0001-80,True,2023-03-25
Caldeira Marques Ltda.,629,LIMPEZA,(084) 2977 6014,olivia40@camargo.com.br,49.123.706/0001-30,True,2021-09-20
Sampaio Garcia S/A,782,TECNOLOGIA,+55 11 6861 1460,fernandabarbosa@moreira.com,60.529.731/0001-50,True,2020-10-23
Sousa Gonçalves - EI,198,TRANSPORTE,+55 51 6843 7714,costaamanda@pires.gov.br,54.968.231/0001-12,True,2016-11-27
da Conceição S/A,334,MANUTENCAO,+55 31 1962 2723,epastor@rodrigues.com,17.384.926/0001-20,True,2017-05-11
Rocha,612,CATERING,(041) 0934-0991,xrodrigues@nogueira.com,36.480.129/0001-91,True,2020-09-14
Correia,557,COMBUSTIVEL,(071) 7006-2795,josue42@da.org,96.842.510/0001-85,True,2024-07-07
Lopes,14,CATERING,+55 81 7528 0016,ramosmaite@da.gov.br,45.217.038/0001-59,False,2020-01-15
Castro Lima Ltda.,871,TECNOLOGIA,31 9710-0170,gnovais@rodrigues.org,57.609.184/0001-09,True,2026-01-19
Novais,997,COMBUSTIVEL,(011) 1423 5528,paulomendes@rocha.com.br,56.748.019/0001-75,True,2018-10-10
Duarte,531,LIMPEZA,41 4771 1588,davi-luccamoura@andrade.gov.br,84.150.369/0001-70,True,2023-07-04
Barbosa Ltda.,209,TECNOLOGIA,71 4461 1983,teixeiramaria-cecilia@da.com,47.356.928/0001-77,True,2019-07-24
Monteiro Silveira e Filhos,73,CONSULTORIA,(081) 4877-0078,piresjuan@da.com,51.209.467/0001-87,True,2019-03-14
Guerra Mendes - EI,696,CATERING,0800 096 6602,ufonseca@novaes.gov.br,57.132.680/0001-14,True,2016-06-09
Correia e Filhos,188,LIMPEZA,(071) 0907-0378,mouraolivia@silva.com.br,63.208.915/0001-07,True,2025-01-01
Peixoto,751,LOGISTICA,+55 (021) 6748-7629,dferreira@da.gov.br,45.623.189/0001-07,True,2023-02-21
Rocha,204,MANUTENCAO,+55 84 1982-8179,melina79@abreu.com.br,03.421.598/0001-80,True,2023-11-11
Gonçalves Pimenta S.A.,154,LIMPEZA,+55 (081) 3264 5257,rodrigoalbuquerque@martins.com.br,06.329.785/0001-27,True,2018-12-11
Martins,896,SEGURANCA,71 7512 5837,araujoelisa@guerra.gov.br,39.286.145/0001-36,True,2018-08-15
Nascimento Fogaça e Filhos,895,HANDLING,71 2837 2372,barbarasa@caldeira.com.br,37.084.526/0001-07,True,2019-12-14
Andrade,711,HANDLING,+55 (084) 7043-3331,sophieda-mota@guerra.gov.br,12.573.409/0001-86,True,2024-04-28
Macedo Brito - EI,291,SEGURANCA,51 5176 9680,xda-rocha@das.org,21.537.486/0001-71,True,2019-02-04
da Rocha,970,LIMPEZA,+55 (041) 5327 3968,nicolas42@porto.net,97.856.412/0001-60,True,2020-01-05
Sales Ltda.,936,TECNOLOGIA,+55 (031) 3219 8596,eloa10@farias.br,68.957.032/0001-13,True,2024-03-16
da Rosa Monteiro - ME,857,LIMPEZA,(071) 1499-8632,felipe03@cirino.org,27.618.095/0001-68,True,2026-01-17
da Costa,817,TECNOLOGIA,(031) 4396-3994,alicia03@duarte.com.br,46.537.210/0001-14,True,2024-05-31
Moraes - ME,747,TECNOLOGIA,+55 11 0021-0273,yrios@rodrigues.br,67.359.142/0001-10,True,2019-11-24
Montenegro,78,TECNOLOGIA,(041) 4939-1660,pachecojosue@pereira.org,89.635.074/0001-08,True,2019-01-16
das Neves,418,TRANSPORTE,(031) 7893 7859,alana17@vieira.com,90.378.624/0001-30,True,2022-08-22
Albuquerque Ltda.,461,CONSULTORIA,(084) 7346 6944,nvieira@nogueira.com,52.098.341/0001-45,True,2017-11-30
Macedo Nogueira Ltda.,764,SEGURANCA,(041) 7198-8837,samuel45@pereira.edu.br,53.081.276/0001-08,True,2020-06-30
Moraes - EI,6,TRANSPORTE,0900 646 9243,ravi54@peixoto.br,21.960.735/0001-37,True,2020-06-02
Azevedo,484,TRANSPORTE,+55 (011) 8803 5469,giovanna60@pastor.com.br,03.782.651/0001-79,True,2023-09-27
Ribeiro e Filhos,545,LIMPEZA,+55 21 6122 1503,usampaio@novaes.com.br,68.154.097/0001-20,True,2018-07-03
Moreira,385,COMBUSTIVEL,0500-333-5286,gabreu@moraes.com.br,09.247.315/0001-02,True,2016-08-12
Alves S/A,135,HANDLING,+55 (061) 4571-8158,gomesfernando@pereira.gov.br,91.375.208/0001-40,True,2022-02-19
Oliveira S/A,620,MANUTENCAO,0900 396 8718,qvieira@barbosa.br,08.952.416/0001-11,True,2019-11-21
Sá Novais e Filhos,558,TECNOLOGIA,21 0719 6129,olivercarvalho@teixeira.org,95.210.478/0001-52,True,2017-04-22
Mendes Rocha S/A,790,TECNOLOGIA,(071) 7588-5627,valentina06@caldeira.com,26.950.184/0001-44,True,2022-09-21
Lima Ltda.,615,COMBUSTIVEL,(084) 1211-8601,camposjoao@rocha.net,30.276.495/0001-47,True,2018-09-22
Lima S.A.,79,LIMPEZA,+55 21 1459-6889,almeidahellena@oliveira.com.br,80.429.615/0001-77,True,2017-07-11
Sá Aragão S.A.,966,LIMPEZA,(011) 0816-4180,thomas60@sales.br,14.068.925/0001-89,True,2026-01-05
da Luz,223,HANDLING,+55 84 9506-0958,jesusjoao@da.br,69.354.827/0001-08,True,2017-02-09
da Luz,988,LOGISTICA,+55 (011) 9414-2904,maria76@dias.com.br,84.736.902/0001-80,True,2022-04-18
Aparecida Brito - ME,445,TECNOLOGIA,(011) 7286 1746,arthur26@pereira.com,16.895.437/0001-70,False,2016-07-20
das Neves Peixoto - EI,178,TRANSPORTE,+55 81 4689 6701,yfreitas@monteiro.com.br,40.287.316/0001-20,True,2017-11-22
Duarte Casa Grande Ltda.,727,HANDLING,+55 (051) 3525-6008,rebeca94@azevedo.br,21.560.987/0001-79,True,2022-07-17
Farias Costa S/A,754,COMBUSTIVEL,+55 (071) 1845-6059,aliciaribeiro@da.com.br,10.974.253/0001-10,True,2020-04-07
Vieira Ltda.,197,HANDLING,+55 11 4087 8343,lmendes@sales.com.br,21.834.750/0001-39,True,2020-02-10
Pinto,817,LOGISTICA,0300 818 1009,tcassiano@jesus.edu.br,96.352.871/0001-43,True,2021-03-21
Cardoso,298,MANUTENCAO,84 3488 8237,ana-vitoriadas-neves@souza.com,25.390.876/0001-12,True,2025-11-23
Novaes Alves Ltda.,188,LOGISTICA,+55 (061) 3455 3882,acastro@macedo.br,76.835.012/0001-06,True,2025-09-15
da Rosa,935,LOGISTICA,(061) 8712 0753,rodriguespedro@novais.br,93.125.780/0001-87,True,2018-01-15
Mendes Ltda.,742,COMBUSTIVEL,+55 21 4430 1061,allana52@das.br,74.816.039/0001-18,True,2018-07-03
da Conceição,364,LIMPEZA,+55 31 3497-2969,falves@sa.com.br,34.926.871/0001-52,False,2025-08-26
Novaes,272,MANUTENCAO,81 1888 1786,santosjose-pedro@fonseca.gov.br,27.413.569/0001-35,True,2018-08-03
da Paz,577,COMBUSTIVEL,0800 033 1222,aurorada-luz@macedo.org,73.125.498/0001-92,True,2025-11-14
das Neves,513,COMBUSTIVEL,(051) 7740-7036,wjesus@guerra.com,07.651.849/0001-74,True,2019-07-01
Campos Pacheco S.A.,494,CONSULTORIA,21 6827-8472,tda-luz@peixoto.com.br,04.578.312/0001-38,True,2017-01-15
Guerra,429,TRANSPORTE,61 0485 3123,vinicius35@pacheco.edu.br,19.463.205/0001-31,True,2020-11-12
Campos Alves - ME,677,TECNOLOGIA,+55 41 7817-0483,oda-cunha@barros.br,59.874.260/0001-39,True,2017-08-31
Monteiro Oliveira S.A.,27,MANUTENCAO,+55 51 3636 5972,dguerra@moreira.br,79.541.230/0001-18,True,2019-12-20
Borges,502,LIMPEZA,(084) 4919-5380,luiz-henrique67@correia.gov.br,07.692.843/0001-45,True,2017-09-11
Câmara - EI,273,CATERING,+55 51 5480 4423,fda-cunha@teixeira.gov.br,90.185.436/0001-95,True,2022-12-17
Marques,222,TECNOLOGIA,0500-049-9157,sofiaribeiro@garcia.gov.br,96.751.340/0001-23,True,2017-01-15
Campos,219,TECNOLOGIA,+55 (061) 2372 6432,fonsecanicole@nunes.gov.br,72.489.306/0001-64,True,2022-08-12
Rodrigues,912,LOGISTICA,(031) 9327-7011,ana-liz91@rocha.br,32.604.981/0001-72,True,2025-01-25
Sá,265,LOGISTICA,+55 (084) 0859 7358,lmendes@cunha.com.br,36.429.015/0001-17,True,2019-11-01
Mendonça Gonçalves - ME,755,COMBUSTIVEL,(011) 5964-5876,qpinto@macedo.com.br,15.867.924/0001-67,True,2020-09-19
Ramos,754,TRANSPORTE,+55 (051) 2405 3772,novaisyago@dias.net,94.501.327/0001-90,True,2025-11-04
Vargas - ME,630,COMBUSTIVEL,51 0538 3385,mpacheco@silveira.net,69.457.028/0001-59,True,2024-06-29
Marques Costela S/A,833,HANDLING,+55 84 1506-3240,gustavo02@fonseca.edu.br,38.754.910/0001-32,False,2021-05-17
Martins,158,CATERING,+55 84 6466-0332,ycosta@da.com,52.094.873/0001-04,True,2017-12-05
Cavalcanti e Filhos,279,CONSULTORIA,(084) 6078-1951,hda-rosa@pastor.br,79.341.506/0001-14,True,2017-11-25
da Cunha,359,MANUTENCAO,+55 11 5754-7893,augusto52@andrade.com,70.694.321/0001-19,True,2024-06-03
Mendes S/A,345,COMBUSTIVEL,71 1292-3613,cardosomarcos-vinicius@martins.org,58.490.173/0001-15,True,2023-06-01
Albuquerque,269,CATERING,(071) 8079 1065,alvesleticia@aparecida.br,07.364.285/0001-99,True,2020-12-28
Albuquerque da Conceição Ltda.,413,LOGISTICA,41 5736-5404,jose-pedro72@pimenta.net,17.365.820/0001-80,True,2017-10-28
Monteiro,700,HANDLING,41 5984-4408,pedro03@pires.gov.br,56.089.213/0001-96,True,2017-05-04
Souza Ltda.,936,CONSULTORIA,+55 (031) 3029-9966,pedro-lucasalmeida@da.br,40.387.961/0001-15,True,2021-02-05
Cirino e Filhos,711,SEGURANCA,(061) 3201-2953,novaisbeatriz@almeida.com,31.250.986/0001-81,False,2021-07-16
Viana e Filhos,901,COMBUSTIVEL,+55 (051) 9305 4847,pietrafogaca@sa.com.br,79.346.128/0001-61,False,2022-01-09
da Costa,473,HANDLING,51 1518 2723,luizada-mota@pastor.edu.br,52.987.346/0001-29,True,2025-05-14
Fernandes Ltda.,562,TECNOLOGIA,0900 030 8196,ana-julia48@gomes.com,50.476.289/0001-98,True,2021-12-14
Moraes - EI,998,CONSULTORIA,+55 84 4464 0350,mjesus@ferreira.com.br,53.962.408/0001-00,True,2025-01-21
Ribeiro Cassiano - ME,169,LIMPEZA,(031) 5477-7745,esterda-paz@cardoso.edu.br,72.459.138/0001-64,True,2024-05-31
Almeida - ME,911,HANDLING,+55 (081) 4559 4849,qmartins@lopes.com,35.689.017/0001-82,True,2022-08-11
Fernandes Alves S.A.,747,HANDLING,(041) 6749-0641,leandromendonca@rocha.br,31.462.089/0001-31,False,2018-03-05
Porto,932,LIMPEZA,+55 (071) 0545 5834,eduarda95@lopes.com.br,21.645.873/0001-21,True,2024-08-24
Leão,255,COMBUSTIVEL,31 0895-0491,montenegrolara@da.com,71.529.360/0001-23,True,2018-01-03
Pacheco,908,LIMPEZA,+55 31 3686-0931,handrade@ramos.gov.br,01.926.485/0001-01,True,2017-10-01
Caldeira Ltda.,173,HANDLING,+55 (084) 2026-4009,renansantos@oliveira.br,90.285.137/0001-22,True,2019-04-21
Novais - EI,293,CONSULTORIA,0800-384-4781,cvargas@guerra.net,42.091.873/0001-05,True,2021-06-02
Souza Vargas - ME,952,HANDLING,(021) 4742-6440,maria-fernanda83@teixeira.com.br,69.374.205/0001-33,True,2025-10-08
Macedo,254,CATERING,(031) 4992 4687,das-nevestheo@pimenta.net,95.302.871/0001-76,True,2021-09-16
Costa Pimenta Ltda.,325,LOGISTICA,+55 (021) 2690 8964,agomes@campos.edu.br,29.815.674/0001-26,True,2025-12-12
Carvalho,258,TRANSPORTE,+55 (061) 0373-3784,gomesdavi-lucas@moraes.org,85.741.029/0001-87,True,2021-12-30
Rodrigues,451,LIMPEZA,(061) 7657 8680,fogacabarbara@sousa.br,76.452.980/0001-25,True,2023-06-19
Cavalcante Martins S/A,385,TECNOLOGIA,31 6146 5344,bryanaraujo@cassiano.com,86.723.094/0001-42,True,2017-04-13
Duarte Barros e Filhos,533,MANUTENCAO,0500 198 5056,guilherme33@novaes.br,08.152.749/0001-66,True,2025-12-28
Lima,983,TECNOLOGIA,81 3279 0423,agathabrito@guerra.com.br,81.706.295/0001-18,True,2017-10-21
Ferreira,83,TRANSPORTE,(051) 4965-9905,maria-juliaalmeida@ferreira.br,19.482.760/0001-00,True,2021-09-23
Pires - ME,5,TRANSPORTE,(081) 5130-6109,joao-lucascaldeira@novaes.gov.br,74.561.309/0001-97,True,2024-01-09
Cassiano Aparecida Ltda.,415,TECNOLOGIA,+55 51 1927 4312,alima@goncalves.com.br,02.317.956/0001-47,True,2022-03-14
Leão S.A.,307,CATERING,+55 61 7555-2672,rocharodrigo@pires.br,02.758.943/0001-03,True,2022-06-24
Novaes,593,CATERING,(084) 0690-5711,enzosampaio@gomes.com.br,93.217.645/0001-61,True,2020-05-09
Pires Ltda.,478,LIMPEZA,+55 81 8495-1657,macedoana-carolina@casa.edu.br,30.271.965/0001-80,True,2025-05-28
Pires,986,COMBUSTIVEL,(071) 1902 0411,ana-laura88@vasconcelos.com,03.827.619/0001-62,True,2023-07-04
Teixeira da Costa S/A,281,LOGISTICA,(051) 7543 7009,isaque64@machado.gov.br,21.705.936/0001-98,False,2018-04-24
Fernandes Santos e Filhos,410,COMBUSTIVEL,0900-283-3971,iramos@garcia.edu.br,17.643.209/0001-76,True,2018-01-09
Sousa,684,HANDLING,+55 41 9301-0559,vasconcelosgabriela@da.com,73.625.809/0001-82,True,2020-10-20
Aparecida,26,LIMPEZA,51 5452 5935,qalmeida@garcia.com.br,50.431.862/0001-47,True,2021-11-13
Casa Grande,935,CONSULTORIA,+55 (061) 7192-6026,camposluiza@sousa.com,93.670.452/0001-61,True,2021-02-25
Novais S/A,341,CATERING,(061) 0032-7628,ferreirasabrina@martins.com.br,79.082.436/0001-27,True,2022-12-24
Brito Caldeira - EI,333,LOGISTICA,(071) 6964 6077,anna-lizpeixoto@gomes.com.br,91.280.753/0001-53,True,2022-09-08
da Costa,308,COMBUSTIVEL,0300 748 9250,monteiroeduarda@lima.com.br,48.653.127/0001-36,True,2018-06-21
Siqueira Camargo - ME,278,CONSULTORIA,11 4874-7793,brenda84@nascimento.br,97.182.603/0001-93,True,2019-10-28
Sampaio - ME,130,LOGISTICA,+55 61 6912-6719,nuneslaura@costela.gov.br,03.174.869/0001-40,True,2021-11-17
Moura,336,TRANSPORTE,+55 81 8753 3552,ksales@carvalho.gov.br,48.723.905/0001-16,False,2019-08-03
Guerra Pastor e Filhos,137,LIMPEZA,0900 345 1739,jose-miguelcarvalho@barros.br,86.501.423/0001-00,True,2023-11-23
Teixeira,240,HANDLING,+55 (081) 5577 7917,nicolas12@cunha.org,53.914.072/0001-00,True,2022-01-15
Fogaça,84,TECNOLOGIA,+55 (051) 9272 0948,siqueiramarcos-vinicius@pastor.com.br,57.931.420/0001-09,True,2019-10-24
Jesus - EI,900,LOGISTICA,41 7088 5506,rafael94@caldeira.com,10.493.756/0001-73,True,2019-09-13
da Mota,194,TRANSPORTE,0800 210 1818,npimenta@cunha.com.br,93.582.176/0001-80,True,2017-09-26
Borges Ltda.,948,LOGISTICA,11 0347-5601,rda-paz@gomes.com.br,59.431.087/0001-02,True,2020-05-04
Santos,359,LOGISTICA,+55 61 6922-3940,wbarros@da.gov.br,43.986.021/0001-30,True,2024-06-14
Silveira e Filhos,987,CATERING,+55 (071) 6039 8107,henrique63@carvalho.com,41.208.573/0001-92,True,2018-03-26
Fernandes,677,SEGURANCA,71 1680 9564,mourabruna@campos.net,39.682.015/0001-12,True,2022-03-19
Farias - ME,687,COMBUSTIVEL,(051) 8179 1578,dantesantos@cavalcanti.com.br,42.809.657/0001-44,True,2021-03-27
Oliveira Pacheco - EI,621,MANUTENCAO,+55 81 8141-4013,isabella99@pacheco.com.br,26.510.789/0001-14,True,2016-12-08
Machado Ltda.,165,TRANSPORTE,+55 (061) 2098 4469,xguerra@nogueira.com,82.714.069/0001-41,True,2022-12-23
Rios,68,CATERING,(061) 9164 4915,kaiquesilveira@novais.com,19.304.286/0001-27,True,2018-02-27
Guerra,844,SEGURANCA,61 2342-8402,theodorogoncalves@goncalves.gov.br,32.018.657/0001-72,True,2020-07-13
Macedo,206,COMBUSTIVEL,+55 (061) 7760 4293,tporto@santos.br,74.085.369/0001-80,True,2017-09-11
Machado e Filhos,257,TECNOLOGIA,(081) 2400 3305,almeidamarina@da.br,42.687.035/0001-90,True,2025-06-19
Pastor Cavalcanti - ME,997,TRANSPORTE,(021) 3985-2381,ninaoliveira@garcia.gov.br,27.640.351/0001-13,True,2019-06-29
Fogaça Marques e Filhos,184,TRANSPORTE,+55 31 1899-5931,silveiraleticia@rocha.net,53.498.027/0001-12,True,2024-05-27
Monteiro - ME,541,LOGISTICA,31 0884 9499,ycosta@marques.br,86.910.754/0001-02,True,2026-04-07
Barbosa,620,TECNOLOGIA,0800-484-5422,brenda51@correia.com.br,51.920.437/0001-84,True,2022-06-13
Souza e Filhos,344,LOGISTICA,+55 41 0967 4513,zda-conceicao@siqueira.gov.br,05.927.314/0001-58,True,2018-11-03
da Costa da Luz S.A.,200,TECNOLOGIA,84 7870 3238,carvalhopietra@macedo.com.br,83.562.970/0001-08,True,2018-06-17
Castro - ME,683,TECNOLOGIA,(051) 9637 3114,rhavicaldeira@nascimento.br,23.068.945/0001-40,True,2016-11-12
da Costa - EI,956,LOGISTICA,+55 41 8036 4851,aparecidajose-pedro@montenegro.org,14.087.356/0001-19,True,2025-03-24
Lima,437,TRANSPORTE,+55 (084) 6878 7321,maria-liz03@almeida.gov.br,47.915.628/0001-80,True,2018-08-16
Aparecida - ME,45,CONSULTORIA,21 1004 6010,henry31@fernandes.com.br,74.205.319/0001-90,True,2018-08-05
Peixoto Fogaça - ME,80,COMBUSTIVEL,(061) 2176-1898,jsilva@mendonca.br,79.560.134/0001-17,True,2017-09-20
Vieira Cunha - EI,981,LOGISTICA,61 1893-9720,natalia73@da.com,94.527.836/0001-92,True,2017-11-09
Silveira,293,SEGURANCA,+55 21 4188-0796,bruno31@mendonca.com.br,58.941.602/0001-23,True,2021-12-14
Ribeiro Gonçalves e Filhos,199,LIMPEZA,+55 84 0544 9339,manuelabarros@da.com,63.598.704/0001-28,True,2017-05-06
Porto,656,TECNOLOGIA,+55 11 5378 4205,cecilia53@da.org,07.638.412/0001-09,True,2018-09-21
Teixeira S/A,784,HANDLING,+55 (051) 7204 0947,camposluiz-felipe@guerra.com,75.948.026/0001-65,True,2016-10-22
Novaes,473,SEGURANCA,(011) 6718-6442,xcardoso@da.com.br,70.496.358/0001-32,True,2018-05-17
Campos - EI,946,TECNOLOGIA,(061) 7033-2570,ana-beatriz30@da.com,46.879.532/0001-41,False,2020-10-12
Sá S.A.,41,LOGISTICA,+55 (081) 4381 7799,vicenteguerra@da.org,81.957.042/0001-17,True,2023-09-01
da Cruz,814,HANDLING,+55 84 3145 6518,cavalcantemaria-fernanda@peixoto.com,70.812.634/0001-24,True,2019-10-14
Fogaça Garcia e Filhos,566,LOGISTICA,(071) 4053-6251,noahcampos@fernandes.com,19.058.734/0001-50,True,2024-09-25
da Cruz e Filhos,320,LOGISTICA,71 9300 5221,vinicius26@rezende.net,53.491.280/0001-44,True,2018-07-10
Caldeira,883,TRANSPORTE,(051) 9994 4261,bella53@teixeira.com.br,58.234.170/0001-10,True,2025-07-02
da Mata - EI,967,MANUTENCAO,0800 402 3235,raul58@sales.gov.br,52.087.369/0001-87,True,2024-11-15
Pacheco e Filhos,875,TECNOLOGIA,(041) 3544-2524,fmonteiro@da.org,46.987.105/0001-87,True,2023-09-08
Aragão,316,COMBUSTIVEL,+55 (071) 6069 8826,zoe62@fonseca.com.br,53.784.126/0001-60,True,2021-05-10
Almeida,73,HANDLING,0800 121 0407,eloahda-cunha@siqueira.net,96.073.814/0001-25,True,2020-09-20
Alves,154,TECNOLOGIA,(031) 9262-5174,josuerodrigues@vasconcelos.com,32.507.186/0001-66,True,2025-01-25
da Mata,936,COMBUSTIVEL,+55 (021) 7895-2361,qpastor@silveira.org,54.978.236/0001-26,True,2025-01-16
Cavalcanti - ME,353,TRANSPORTE,+55 (071) 1742-7183,joao-vitorrodrigues@alves.com,39.675.184/0001-25,True,2018-02-28
Jesus,411,CONSULTORIA,+55 81 0404-6551,castrogabriela@montenegro.com,50.291.468/0001-50,True,2024-07-12
Rocha,84,LOGISTICA,(081) 9528 2767,rvieira@costela.br,43.865.712/0001-86,False,2018-09-07
Moreira,377,LIMPEZA,+55 11 9692-1510,carvalhogabrielly@mendonca.com.br,21.485.937/0001-74,True,2022-12-05
Cunha,828,CONSULTORIA,11 1557-3105,anthonynovais@azevedo.net,05.934.186/0001-70,True,2024-01-23
Caldeira Cardoso - EI,47,LOGISTICA,(071) 3414-8502,xrios@moura.br,80.947.315/0001-80,True,2016-11-19
Barros,408,MANUTENCAO,+55 (031) 1894-5239,julia02@costela.com.br,98.720.361/0001-07,True,2016-12-02
Cavalcante Costa S/A,433,SEGURANCA,81 8806-0941,afernandes@vieira.com,30.894.561/0001-42,True,2022-05-14
Duarte,949,TRANSPORTE,(081) 8509 5914,caio49@cavalcanti.net,69.453.180/0001-63,False,2024-12-14
Fernandes,999,TRANSPORTE,+55 51 8142 0438,ayla04@casa.com,76.451.289/0001-27,True,2021-04-17
Lima e Filhos,578,MANUTENCAO,41 7407 8869,sophia57@pinto.com,10.653.794/0001-46,True,2021-05-07
Montenegro - ME,245,TECNOLOGIA,0900-397-8953,dmelo@castro.gov.br,31.652.789/0001-99,True,2020-08-13
Nogueira,712,LOGISTICA,+55 (021) 4704 0793,eferreira@freitas.br,92.654.103/0001-93,True,2019-02-15
Costela,534,MANUTENCAO,(081) 7125 6721,theoabreu@novaes.br,85.127.960/0001-70,True,2022-03-18
Garcia,231,MANUTENCAO,+55 (031) 0980 5783,mrezende@sampaio.com,34.167.928/0001-87,True,2019-08-20
Pastor Moraes Ltda.,270,CONSULTORIA,(021) 8499-7707,limacaio@monteiro.br,14.397.086/0001-42,True,2017-10-08
das Neves,159,HANDLING,(011) 3687 1638,llopes@fogaca.com.br,74.052.683/0001-67,True,2023-11-09
Campos,524,HANDLING,51 2487 4142,xmontenegro@pires.com,98.713.625/0001-03,True,2026-02-23
Barros Porto S.A.,703,LIMPEZA,+55 84 3399 8215,albuquerquemaria-eduarda@cunha.gov.br,04.872.531/0001-25,True,2024-08-20
Fonseca e Filhos,959,LIMPEZA,+55 81 1766-0456,enzo-gabrielbrito@rodrigues.com.br,45.783.691/0001-85,True,2022-10-03
Silveira,964,TRANSPORTE,(021) 6647-6085,antonymontenegro@ramos.com,96.428.107/0001-04,True,2022-08-10
da Paz - EI,330,MANUTENCAO,0900-887-8298,dcasa-grande@da.com.br,42.803.675/0001-19,True,2017-02-09
Pereira,626,TECNOLOGIA,+55 (041) 9873-8640,garciamaria-luiza@das.net,90.318.265/0001-25,True,2019-09-20
Nogueira e Filhos,788,COMBUSTIVEL,+55 (071) 9330-1118,asafe65@montenegro.edu.br,59.726.184/0001-14,False,2019-01-11
Caldeira,22,CATERING,(081) 1436 9745,hsantos@dias.gov.br,83.750.124/0001-11,True,2023-03-07
Pinto,550,COMBUSTIVEL,(021) 3389-5864,martinssophie@duarte.com,19.682.354/0001-91,False,2024-06-03
Santos,21,MANUTENCAO,+55 (041) 9368-4268,igor79@correia.br,70.168.935/0001-67,True,2017-05-29
Silveira,766,TRANSPORTE,+55 81 0387 2121,dom90@fogaca.com.br,62.495.837/0001-06,True,2019-07-13
Andrade Brito - ME,870,COMBUSTIVEL,(081) 6633 9350,aliciacorreia@gomes.net,81.409.635/0001-49,True,2021-10-01
Azevedo,14,LOGISTICA,+55 84 2024-8435,mendoncaalana@albuquerque.com.br,93.814.075/0001-97,True,2018-10-18
da Mata,845,TRANSPORTE,+55 (011) 4310 9077,riosluiz-fernando@rocha.com.br,32.795.164/0001-49,True,2022-06-14
da Cunha,316,CONSULTORIA,(031) 6172-7573,aurora48@da.com,26.830.914/0001-73,True,2020-02-11
Pereira da Mata S.A.,595,COMBUSTIVEL,(061) 0215-0134,theonunes@lopes.br,98.541.237/0001-84,True,2019-08-20
Santos Nunes S/A,998,LIMPEZA,+55 81 9903 7191,luisaferreira@nunes.br,71.468.095/0001-10,True,2019-08-07
Andrade Santos - ME,712,TECNOLOGIA,(061) 9100 4436,pedro64@da.net,26.197.508/0001-15,True,2017-05-18
Pires,354,CATERING,+55 (021) 2768-3527,piresnatalia@nogueira.br,71.048.529/0001-23,True,2017-02-02
Aparecida - EI,750,CONSULTORIA,+55 (061) 0632 5867,sfarias@freitas.edu.br,61.784.235/0001-06,True,2016-11-21
da Rocha da Mota - ME,957,LIMPEZA,+55 11 3246-5684,fariasana-carolina@sousa.net,51.723.860/0001-94,True,2025-03-05
Caldeira,777,COMBUSTIVEL,11 6965-9596,juliana00@santos.com.br,52.843.769/0001-75,True,2018-10-17
Albuquerque - EI,833,CONSULTORIA,+55 (031) 2251-4557,miguel72@mendonca.com,41.983.260/0001-01,True,2019-07-25
Aparecida,980,MANUTENCAO,71 1372-2982,almeidamurilo@porto.com.br,24.381.590/0001-08,True,2017-11-24
Nunes,468,HANDLING,61 2840 7695,cauenogueira@nascimento.net,47.635.908/0001-35,True,2023-11-16
das Neves da Rosa - ME,914,LIMPEZA,(021) 6694-8360,otto86@rodrigues.com.br,08.524.163/0001-85,True,2023-09-08
Oliveira Mendes S.A.,75,CONSULTORIA,41 6923 2572,oda-cruz@silva.com.br,68.230.795/0001-68,True,2019-09-10
da Cunha Porto Ltda.,405,TRANSPORTE,(021) 6610-5149,iborges@garcia.br,28.675.439/0001-33,True,2019-04-20
da Cunha,385,LIMPEZA,0500-403-9518,tpinto@leao.com.br,13.420.796/0001-83,True,2020-06-03
Nogueira S.A.,621,MANUTENCAO,71 0169-3476,carvalhonicolas@monteiro.gov.br,38.075.146/0001-79,True,2017-09-22
Cunha,26,COMBUSTIVEL,+55 41 8520 0239,fonsecakevin@barbosa.com.br,63.120.475/0001-31,True,2019-04-11
Aparecida,50,TECNOLOGIA,+55 (061) 3189-6720,cirinocecilia@da.gov.br,79.534.082/0001-04,True,2016-07-07
Rezende - EI,46,COMBUSTIVEL,+55 21 7653 2448,theocunha@camargo.br,15.483.267/0001-54,True,2018-05-19
Martins e Filhos,773,SEGURANCA,+55 (081) 8702 7282,da-cunhacaue@pinto.gov.br,80.325.497/0001-57,True,2019-11-27
Camargo Garcia e Filhos,21,LOGISTICA,+55 (021) 0593 2418,joao-lucasrodrigues@cirino.com.br,76.291.054/0001-15,True,2020-03-01
Brito - ME,573,TRANSPORTE,(061) 9542-8326,brocha@souza.br,78.103.542/0001-87,True,2018-09-23
Cavalcanti Ltda.,120,TECNOLOGIA,+55 41 5386 4267,arthur-gabrielcavalcante@aparecida.org,17.598.023/0001-42,True,2016-08-15
Vieira,10,TECNOLOGIA,+55 (081) 1984-1050,yduarte@abreu.edu.br,48.519.236/0001-65,True,2024-01-06
da Conceição - ME,877,MANUTENCAO,21 4679-7008,beniciorezende@goncalves.org,40.591.263/0001-37,True,2016-07-20
Monteiro S.A.,136,MANUTENCAO,(031) 2797-3282,camposagatha@cardoso.com,12.967.805/0001-98,True,2019-09-29
Nascimento,878,HANDLING,+55 (041) 1990 5024,guerraana-vitoria@azevedo.br,47.150.362/0001-22,True,2023-02-07
Nogueira,232,SEGURANCA,11 7968 8631,thomasaraujo@sousa.gov.br,90.452.783/0001-37,True,2025-08-24
Oliveira S/A,387,LIMPEZA,+55 71 1456 7677,lbarbosa@cardoso.org,96.073.814/0001-25,True,2024-01-27
das Neves,502,SEGURANCA,(071) 1770 2238,da-cunhaclara@das.com.br,27.851.964/0001-08,False,2018-12-13
Pinto Ltda.,31,MANUTENCAO,0900 284 8987,eloahsantos@cavalcanti.br,23.856.974/0001-77,True,2016-09-08
Sampaio da Cunha S/A,108,SEGURANCA,0800-398-6639,hadassa48@da.com,73.825.960/0001-64,True,2020-06-30
Novaes e Filhos,287,LOGISTICA,81 6762-2735,ravydas-neves@gomes.com,01.638.529/0001-06,True,2018-05-28
Sales,419,TRANSPORTE,+55 84 1563 4526,isadoracavalcante@cirino.net,35.702.841/0001-25,True,2022-08-06
Sousa e Filhos,592,LOGISTICA,(041) 3442 1117,vinicius94@nunes.br,74.260.895/0001-30,True,2021-07-11
da Costa,975,MANUTENCAO,21 1512-9116,mariane92@ribeiro.br,42.718.369/0001-84,True,2020-01-25
Freitas,465,MANUTENCAO,0300 153 0075,da-luzemilly@moura.com.br,47.251.086/0001-99,True,2025-11-27
da Luz Duarte e Filhos,134,TECNOLOGIA,+55 (081) 1081-2464,maria-liznascimento@cavalcante.org,30.125.987/0001-31,True,2023-07-30
Camargo,33,LIMPEZA,+55 (041) 6963 7491,davi-lucasmoreira@peixoto.com.br,06.593.821/0001-65,True,2017-11-03
Pacheco,297,CONSULTORIA,+55 (021) 1125 0231,aaparecida@teixeira.com,27.946.538/0001-40,True,2020-04-11
Camargo Cavalcanti S/A,797,TRANSPORTE,81 6149-8425,martinsisabela@pinto.gov.br,78.410.596/0001-95,True,2017-11-10
da Mata,369,HANDLING,+55 84 4607 3723,tazevedo@pacheco.br,28.574.691/0001-56,True,2021-12-04
Sampaio,672,CATERING,(021) 3798-2930,ana-sophia77@ribeiro.com.br,98.376.501/0001-71,False,2021-09-21
Aparecida Ltda.,68,CONSULTORIA,0900 394 8150,raul90@fernandes.com,28.564.371/0001-15,True,2016-09-03
Cunha,581,COMBUSTIVEL,11 4760 7512,araujofelipe@cardoso.br,29.685.704/0001-27,True,2016-10-25
da Mota Ferreira - EI,693,CONSULTORIA,(021) 0859 3565,barbaracastro@ramos.net,79.503.821/0001-09,True,2024-03-22
Mendonça da Cunha - EI,357,LIMPEZA,11 2512 2584,ymarques@barros.br,52.863.417/0001-81,True,2021-01-28
Duarte,907,HANDLING,+55 (031) 3967-4999,casa-grandedante@rios.org,07.984.261/0001-32,True,2026-02-14
Cardoso Ltda.,243,CATERING,+55 (011) 6957-5385,santosnathan@garcia.com.br,35.247.901/0001-67,True,2018-08-24
Souza,587,TRANSPORTE,+55 (041) 0408-5206,nicolasda-luz@barbosa.com,87.913.642/0001-60,True,2022-12-04
Pereira,583,TECNOLOGIA,+55 (071) 3804-1917,gomescalebe@costa.net,08.526.974/0001-15,False,2023-07-23
Aragão,811,CONSULTORIA,+55 (061) 0931-3788,siqueiraliam@andrade.net,67.938.540/0001-91,True,2023-07-01
Teixeira,994,SEGURANCA,(051) 6455-4590,theodoromontenegro@pimenta.com.br,43.567.098/0001-76,True,2018-10-18
Pinto,679,CONSULTORIA,+55 (084) 9553-3089,matheussales@correia.net,51.497.263/0001-99,True,2016-11-26
Almeida,267,HANDLING,+55 (011) 6406-2606,tda-paz@dias.com,49.731.065/0001-04,True,2025-12-27
Sousa da Cunha e Filhos,953,COMBUSTIVEL,+55 84 7973 0294,lopesbeatriz@cavalcante.br,20.915.763/0001-70,False,2024-04-12
Castro Ltda.,39,MANUTENCAO,71 2848-8919,elisa16@pinto.gov.br,14.563.289/0001-61,True,2020-09-11
Casa Grande,683,TECNOLOGIA,+55 41 9004-1524,saragarcia@nascimento.br,54.706.831/0001-02,False,2022-04-26
Campos e Filhos,463,COMBUSTIVEL,(031) 6709 3672,caio28@araujo.org,17.850.394/0001-70,True,2023-08-15
Rocha S.A.,764,TRANSPORTE,+55 51 6134 0799,erickgomes@ferreira.br,52.786.140/0001-30,False,2025-12-21
Mendonça,295,LIMPEZA,21 5150-6688,ferreiraelisa@camargo.com.br,59.683.071/0001-89,False,2025-12-09
Aparecida,980,COMBUSTIVEL,0300 363 6460,ester51@camargo.com.br,13.842.790/0001-02,True,2018-08-29
Freitas,7,CATERING,+55 11 8256 9619,enricocasa-grande@nunes.br,48.693.725/0001-39,True,2024-08-12
Sousa,555,TECNOLOGIA,+55 (081) 1963-0527,da-luznicolas@oliveira.com.br,29.564.031/0001-57,True,2018-09-07
Abreu Campos S.A.,363,LIMPEZA,(081) 4690-1763,safernando@da.br,08.572.139/0001-11,True,2023-07-26
Cavalcanti Correia S/A,920,CATERING,81 3567 3577,heloisa94@vargas.org,10.485.692/0001-69,True,2019-02-17
Costela,565,TRANSPORTE,+55 (031) 3248 2746,ayllacardoso@viana.com,18.209.467/0001-01,True,2023-09-21
Montenegro,180,HANDLING,81 2185 3111,milenateixeira@martins.com.br,90.357.641/0001-90,True,2020-04-22
Rezende,340,TRANSPORTE,0800-472-8132,lduarte@fernandes.com,39.740.125/0001-93,True,2020-03-30
Fonseca,530,TRANSPORTE,+55 11 5313-2452,vsales@machado.com.br,15.068.974/0001-84,True,2023-04-09
Novais,188,LIMPEZA,+55 (081) 7126 5249,vitoria91@castro.com.br,98.346.102/0001-68,True,2017-09-03
Campos,976,HANDLING,+55 84 9777-6491,isabellysilveira@jesus.br,65.241.830/0001-56,True,2026-01-27
Ribeiro,291,COMBUSTIVEL,+55 81 9029-4849,mateus45@mendes.com.br,69.157.438/0001-84,True,2022-03-15
Vasconcelos e Filhos,19,HANDLING,+55 (051) 9159 5678,joao-miguelcostela@sa.gov.br,36.074.289/0001-30,True,2024-03-28
Leão - ME,392,TECNOLOGIA,+55 51 8536 0878,macedojoao-gabriel@rios.com,39.107.685/0001-05,True,2024-07-12
Câmara,750,LIMPEZA,(031) 2037-3448,fernandafonseca@mendes.com,71.023.658/0001-67,True,2019-09-19
Mendonça,715,TRANSPORTE,(081) 0546-7393,goncalvestheodoro@pastor.br,46.751.023/0001-39,True,2024-12-20
Nascimento,856,CATERING,+55 71 0253 1292,ileao@da.br,80.942.671/0001-00,True,2016-08-28
Vasconcelos Ltda.,10,TRANSPORTE,51 1597 0001,andrademanuella@moreira.org,67.352.890/0001-71,True,2023-04-04
Oliveira Porto S/A,529,TECNOLOGIA,81 9413-1985,emonteiro@casa.com,54.298.713/0001-02,True,2017-07-28
Borges - EI,247,HANDLING,+55 (061) 3594 0942,davi-lucas25@pinto.gov.br,90.361.572/0001-99,True,2023-07-17
Gomes,987,MANUTENCAO,(021) 0628-9513,arthur-gabriel39@novaes.net,87.425.106/0001-15,True,2018-02-12
Jesus da Costa S.A.,648,CONSULTORIA,0300 397 0266,ninacavalcante@melo.br,48.192.076/0001-92,True,2018-03-19
Melo - EI,676,HANDLING,84 0577 6771,joao-gabrielteixeira@da.com,87.563.201/0001-85,True,2024-12-25
da Costa Rocha S/A,898,HANDLING,+55 (084) 6067-7871,vitorteixeira@ribeiro.com,65.893.017/0001-60,True,2021-03-19
Mendes,56,SEGURANCA,+55 71 5145-3752,livia44@duarte.br,90.164.283/0001-08,True,2018-04-30
Sousa,24,CATERING,(021) 7338-5157,vda-paz@monteiro.com,50.674.812/0001-90,True,2019-12-25
Pacheco S.A.,201,CATERING,+55 71 6502-7586,da-cruzana-clara@garcia.net,39.217.450/0001-76,True,2021-03-01
Machado,458,TRANSPORTE,+55 (071) 5155 7826,stellanogueira@porto.com.br,24.930.657/0001-16,True,2025-05-10
Vargas,897,MANUTENCAO,+55 (031) 8697-4762,maria-isisalves@rodrigues.gov.br,47.865.132/0001-40,True,2018-01-19
Campos Vieira - EI,371,HANDLING,+55 (021) 2941-2328,teixeiraheloisa@ferreira.gov.br,41.526.790/0001-20,True,2025-08-04
Dias Nascimento - EI,162,TECNOLOGIA,+55 41 1400-3563,costaliam@lopes.br,40.937.561/0001-36,True,2023-12-15
Lima - EI,315,MANUTENCAO,0800 621 3250,icavalcanti@nascimento.br,64.327.509/0001-26,True,2025-05-01
Costela Almeida - EI,160,TRANSPORTE,+55 (041) 5872-8946,nrios@costela.com,63.804.279/0001-86,True,2018-03-04
Castro,166,LIMPEZA,61 2803 3649,moraesalice@da.gov.br,19.678.254/0001-91,True,2017-01-02
Brito Araújo e Filhos,436,MANUTENCAO,+55 41 6636 6228,eloa54@da.edu.br,57.618.420/0001-53,True,2018-03-10
Moraes Ltda.,216,TECNOLOGIA,51 6106 6002,sabreu@pastor.com,17.485.296/0001-80,True,2018-03-22
Carvalho,765,LIMPEZA,(041) 4106 6788,antonella73@barbosa.com,24.918.563/0001-21,True,2020-12-11
Albuquerque,238,CATERING,(051) 1107-2985,cavalcanteryan@ferreira.com.br,06.839.245/0001-93,False,2020-03-14
Vasconcelos Campos - ME,918,TRANSPORTE,+55 21 4795 5412,anasa@castro.edu.br,81.567.902/0001-06,True,2026-05-25
Carvalho,495,HANDLING,+55 61 7680 1269,vcavalcante@duarte.br,32.457.018/0001-03,True,2021-06-11
Aragão da Cruz e Filhos,972,CATERING,+55 (041) 5027-4962,raulmontenegro@da.com,37.628.150/0001-54,True,2025-12-25
Sousa,58,CONSULTORIA,51 0330 8641,juliana32@moraes.com.br,05.962.438/0001-74,True,2018-03-21
Pacheco,758,SEGURANCA,+55 (041) 5182 3772,araujocaua@da.org,47.390.586/0001-01,True,2024-08-29
Silva,88,LOGISTICA,+55 (021) 0345 6884,rfarias@sa.net,74.893.560/0001-59,True,2023-12-12
Câmara Gonçalves - ME,170,CATERING,+55 (081) 4741 2081,correialuiza@montenegro.br,28.409.173/0001-87,True,2018-05-29
Almeida,507,COMBUSTIVEL,+55 84 6957 7526,snovais@cunha.com.br,16.378.409/0001-86,True,2021-10-11
da Luz Ramos - EI,834,COMBUSTIVEL,+55 (084) 3537 6429,pedro-lucasalbuquerque@pinto.net,95.286.307/0001-07,True,2025-07-23
Correia,21,SEGURANCA,+55 (061) 9873-4011,mariana47@da.com.br,73.968.025/0001-57,True,2017-02-04
Marques,222,MANUTENCAO,61 1945-6597,nda-conceicao@brito.com.br,03.492.817/0001-12,False,2025-08-18
Aragão - EI,782,CATERING,+55 (031) 4175 6943,melolorenzo@rodrigues.gov.br,87.960.351/0001-22,True,2021-11-13
Cirino,55,CONSULTORIA,+55 31 6341-1048,lunna86@camargo.com,65.781.402/0001-16,True,2018-11-11
Cavalcante - ME,822,MANUTENCAO,84 9885-2499,pintojade@porto.org,15.829.370/0001-03,True,2021-02-24
Marques Leão S.A.,43,CONSULTORIA,+55 71 8559 6707,lopesthomas@novaes.com.br,14.806.527/0001-12,True,2023-12-25
Jesus,714,CATERING,+55 (061) 2310 6407,lcastro@moura.com.br,29.578.130/0001-98,False,2020-12-19
Pastor,542,TECNOLOGIA,(084) 9925-1973,ojesus@da.br,58.764.130/0001-80,True,2017-06-08
Correia,414,LOGISTICA,0900 259 0677,novaisayla@silva.com.br,17.495.028/0001-40,True,2019-02-07
Garcia,540,TRANSPORTE,+55 (081) 0413 1667,jfogaca@vasconcelos.com,71.234.608/0001-29,True,2023-09-25
Sousa Duarte S/A,534,SEGURANCA,81 4272 9904,olivianovaes@mendonca.br,76.281.304/0001-36,True,2022-05-02
da Cruz,360,LIMPEZA,+55 11 6391 5846,maria-sophia25@aragao.com.br,46.791.053/0001-79,True,2016-10-13
Sales,451,TRANSPORTE,+55 51 5502 6134,sampaiomaria-julia@borges.com.br,06.837.521/0001-84,True,2016-06-28
da Conceição,479,HANDLING,+55 (051) 4216-9435,lucas-gabrielmontenegro@barbosa.br,80.549.176/0001-36,True,2024-02-16
Cirino Camargo S.A.,446,SEGURANCA,41 7886 4555,juliacamargo@campos.com,70.592.381/0001-20,True,2019-01-30
Andrade,145,CONSULTORIA,84 6874-4123,zoe96@dias.gov.br,26.397.041/0001-57,True,2019-08-08
Rios,506,HANDLING,(084) 1517 9751,maria-lauramoreira@pastor.br,31.298.745/0001-02,False,2025-06-08
Rios S/A,618,MANUTENCAO,0900-762-1346,goncalvesyuri@barbosa.br,26.518.749/0001-19,True,2020-11-14
Aparecida,369,LIMPEZA,31 1014-8129,nbarbosa@aparecida.com.br,84.372.906/0001-27,True,2023-04-04
Mendonça - EI,845,TECNOLOGIA,+55 51 0080 5889,fariasnicole@nogueira.org,03.825.964/0001-67,True,2025-10-28
Sales e Filhos,287,LIMPEZA,+55 (071) 5635 8699,portoleo@vasconcelos.com,16.842.307/0001-70,True,2017-09-11
da Rocha Lopes - ME,782,LIMPEZA,(011) 4281-2598,isabellavasconcelos@aragao.gov.br,89.475.203/0001-48,True,2023-01-12
Pacheco S.A.,395,CATERING,+55 (011) 3314 6565,hsilva@goncalves.br,78.190.245/0001-16,True,2021-07-30
Montenegro Nunes e Filhos,913,HANDLING,61 4164 5086,aylacorreia@vargas.com,72.459.361/0001-01,True,2018-01-07
Jesus Brito S.A.,522,COMBUSTIVEL,0300 557 4586,montenegroapollo@montenegro.net,93.407.125/0001-11,True,2021-03-03
Rocha Porto - ME,624,LOGISTICA,31 8598-8192,lopeshadassa@garcia.gov.br,32.574.916/0001-41,True,2023-10-30
Carvalho da Costa - ME,706,SEGURANCA,61 3127-5341,catarinafernandes@novais.com.br,02.849.531/0001-89,True,2017-10-16
Leão S.A.,23,MANUTENCAO,0300 450 2694,maria35@da.org,31.058.642/0001-75,True,2018-07-10
Ribeiro,468,TECNOLOGIA,(011) 7906-6747,oramos@sa.com,10.487.926/0001-07,True,2024-05-20
Gonçalves Almeida S/A,226,COMBUSTIVEL,71 7779-5334,joao-felipeduarte@pastor.com,24.973.580/0001-61,True,2024-03-05
da Cunha,52,SEGURANCA,21 7502 1885,franciscobrito@moura.org,60.357.142/0001-32,True,2023-02-28
Nogueira,530,TRANSPORTE,21 4204-7598,emillyribeiro@machado.com.br,70.645.192/0001-79,True,2022-03-17
Cardoso Ramos e Filhos,219,TRANSPORTE,+55 (071) 2546 1679,juliana77@moreira.edu.br,63.950.128/0001-36,True,2021-05-12
Viana,235,COMBUSTIVEL,0800 211 8572,brendapires@borges.org,73.984.615/0001-73,True,2019-10-07
Fogaça,347,HANDLING,(021) 9977 9178,joao-gabrielalmeida@novaes.gov.br,10.875.294/0001-59,True,2023-05-10
