nome,sobrenome,email,cargo_id,aeroporto_base_id,data_contratacao,salario,ativo,numero_identificacao
Laura,Fernandes,laura.fernandes.func0@aeroporto.com.br,816,2783,2021-09-27,34013.2,True,FUNC-000001
Kevin,Lopes,kevin.lopes.func1@aeroporto.com.br,572,2097,2018-04-03,8132.88,True,FUNC-000002
Bianca,Almeida,bianca.almeida.func2@aeroporto.com.br,957,2339,2025-07-31,4314.85,True,FUNC-000003
Ravy,Mendes,ravy.mendes.func3@aeroporto.com.br,796,3936,2014-11-01,24742.5,True,FUNC-000004
Caio,Araújo,caio.araújo.func4@aeroporto.com.br,457,2462,2013-02-06,8526.58,False,FUNC-000005
Júlia,Costa,júlia.costa.func5@aeroporto.com.br,375,1470,2020-10-24,29040.71,True,FUNC-000006
Yasmin,Barbosa,yasmin.barbosa.func6@aeroporto.com.br,779,2039,2019-06-28,31940.77,True,FUNC-000007
Mariana,Cardoso,mariana.cardoso.func7@aeroporto.com.br,543,90,2022-11-04,34172.0,True,FUNC-000008
Kevin,Albuquerque,kevin.albuquerque.func8@aeroporto.com.br,70,155,2025-02-21,16199.89,True,FUNC-000009
Erick,Albuquerque,erick.albuquerque.func9@aeroporto.com.br,225,453,2022-02-19,33110.64,True,FUNC-000010
Marcos Vinicius,Cavalcanti,marcos vinicius.cavalcanti.func10@aeroporto.com.br,848,3398,2020-03-10,15212.06,True,FUNC-000011
Pedro Lucas,Barros,pedro lucas.barros.func11@aeroporto.com.br,606,38,2012-10-27,15989.89,True,FUNC-000012
Davi Lucca,Abreu,davi lucca.abreu.func12@aeroporto.com.br,781,3949,2026-04-03,25275.32,True,FUNC-000013
Marcos Vinicius,Pimenta,marcos vinicius.pimenta.func13@aeroporto.com.br,751,1955,2025-12-16,15549.05,True,FUNC-000014
Maria Eduarda,da Rocha,maria eduarda.da rocha.func14@aeroporto.com.br,161,4055,2019-06-29,24170.29,True,FUNC-000015
Leandro,Silva,leandro.silva.func15@aeroporto.com.br,801,3377,2024-12-16,11483.21,True,FUNC-000016
Esther,Lopes,esther.lopes.func16@aeroporto.com.br,281,4877,2023-05-08,34813.27,True,FUNC-000017
Alícia,Lima,alícia.lima.func17@aeroporto.com.br,659,3612,2022-07-25,4645.12,True,FUNC-000018
Ana Carolina,Mendonça,ana carolina.mendonça.func18@aeroporto.com.br,617,3947,2023-05-04,13483.13,True,FUNC-000019
Diogo,da Cruz,diogo.da cruz.func19@aeroporto.com.br,961,1883,2023-04-18,13534.57,True,FUNC-000020
Bryan,Marques,bryan.marques.func20@aeroporto.com.br,390,979,2024-12-27,4037.7,True,FUNC-000021
João Pedro,Almeida,joão pedro.almeida.func21@aeroporto.com.br,892,24,2018-07-31,19897.32,True,FUNC-000022
Heitor,Abreu,heitor.abreu.func22@aeroporto.com.br,720,2128,2014-07-03,4027.38,True,FUNC-000023
Mirella,Vieira,mirella.vieira.func23@aeroporto.com.br,313,1698,2015-07-13,13890.11,False,FUNC-000024
Yuri,Oliveira,yuri.oliveira.func24@aeroporto.com.br,427,4540,2018-09-19,10426.9,True,FUNC-000025
Alexandre,Vieira,alexandre.vieira.func25@aeroporto.com.br,359,4503,2018-04-18,28128.01,True,FUNC-000026
Henrique,Gomes,henrique.gomes.func26@aeroporto.com.br,657,4951,2024-03-01,22410.46,True,FUNC-000027
Yuri,Sampaio,yuri.sampaio.func27@aeroporto.com.br,48,360,2020-11-02,5394.56,True,FUNC-000028
Paulo,Camargo,paulo.camargo.func28@aeroporto.com.br,621,2732,2014-08-02,20577.83,True,FUNC-000029
Nathan,Andrade,nathan.andrade.func29@aeroporto.com.br,566,4292,2018-03-06,16619.1,True,FUNC-000030
Nicole,Barbosa,nicole.barbosa.func30@aeroporto.com.br,61,4900,2014-05-13,13668.76,True,FUNC-000031
Antonella,Siqueira,antonella.siqueira.func31@aeroporto.com.br,177,2882,2020-01-19,20995.09,True,FUNC-000032
Maria Júlia,Moura,maria júlia.moura.func32@aeroporto.com.br,671,2366,2025-11-21,26541.3,True,FUNC-000033
Henry Gabriel,Ramos,henry gabriel.ramos.func33@aeroporto.com.br,693,2989,2022-02-22,15467.81,True,FUNC-000034
Enzo Gabriel,Rocha,enzo gabriel.rocha.func34@aeroporto.com.br,424,1766,2012-06-16,18125.71,True,FUNC-000035
José Pedro,Fernandes,josé pedro.fernandes.func35@aeroporto.com.br,984,4431,2014-06-06,4053.99,True,FUNC-000036
Mariana,Aparecida,mariana.aparecida.func36@aeroporto.com.br,984,4097,2018-09-05,3624.33,True,FUNC-000037
Gael Henrique,Carvalho,gael henrique.carvalho.func37@aeroporto.com.br,458,3389,2013-10-23,16634.63,True,FUNC-000038
Heloisa,Andrade,heloisa.andrade.func38@aeroporto.com.br,28,3958,2022-12-21,19123.31,True,FUNC-000039
Larissa,Sales,larissa.sales.func39@aeroporto.com.br,931,2000,2013-01-13,10754.32,True,FUNC-000040
Alícia,Siqueira,alícia.siqueira.func40@aeroporto.com.br,766,1720,2014-05-14,34892.71,True,FUNC-000041
Theodoro,Dias,theodoro.dias.func41@aeroporto.com.br,850,4306,2020-10-13,9538.11,True,FUNC-000042
Luana,da Mata,luana.da mata.func42@aeroporto.com.br,109,1392,2012-10-24,13357.15,True,FUNC-000043
Ana Carolina,Fernandes,ana carolina.fernandes.func43@aeroporto.com.br,775,2346,2024-01-25,25004.53,True,FUNC-000044
Nina,Cirino,nina.cirino.func44@aeroporto.com.br,861,2409,2015-04-10,26091.09,True,FUNC-000045
Davi Lucas,Costa,davi lucas.costa.func45@aeroporto.com.br,794,1781,2026-04-22,18368.52,True,FUNC-000046
Stephany,Viana,stephany.viana.func46@aeroporto.com.br,191,493,2016-07-18,6616.83,True,FUNC-000047
Lucas,Novais,lucas.novais.func47@aeroporto.com.br,664,4446,2019-05-08,6815.98,True,FUNC-000048
Miguel,da Conceição,miguel.da conceição.func48@aeroporto.com.br,642,316,2014-10-30,19166.56,True,FUNC-000049
Augusto,Macedo,augusto.macedo.func49@aeroporto.com.br,650,2499,2018-12-31,10211.99,True,FUNC-000050
Nicolas,Martins,nicolas.martins.func50@aeroporto.com.br,249,1438,2025-12-09,25666.68,True,FUNC-000051
Ester,Cunha,ester.cunha.func51@aeroporto.com.br,789,1564,2016-09-09,7079.62,True,FUNC-000052
Melina,da Mata,melina.da mata.func52@aeroporto.com.br,668,761,2019-05-05,21216.76,True,FUNC-000053
Agatha,Garcia,agatha.garcia.func53@aeroporto.com.br,849,188,2016-06-22,23095.17,True,FUNC-000054
Antônio,Cassiano,antônio.cassiano.func54@aeroporto.com.br,372,1529,2014-09-14,25064.63,True,FUNC-000055
Arthur,Fogaça,arthur.fogaça.func55@aeroporto.com.br,633,3252,2025-06-20,34369.91,True,FUNC-000056
Daniela,Ramos,daniela.ramos.func56@aeroporto.com.br,290,3927,2016-08-24,18929.3,True,FUNC-000057
Enrico,Cardoso,enrico.cardoso.func57@aeroporto.com.br,867,2773,2013-05-14,32638.14,True,FUNC-000058
Levi,das Neves,levi.das neves.func58@aeroporto.com.br,409,4548,2013-11-21,13901.44,True,FUNC-000059
Raquel,Cunha,raquel.cunha.func59@aeroporto.com.br,907,763,2017-02-01,18249.87,True,FUNC-000060
Thomas,Gonçalves,thomas.gonçalves.func60@aeroporto.com.br,164,3447,2012-07-25,25502.33,False,FUNC-000061
Dante,Ribeiro,dante.ribeiro.func61@aeroporto.com.br,161,809,2018-06-07,9353.23,True,FUNC-000062
Apollo,Pires,apollo.pires.func62@aeroporto.com.br,85,1404,2013-06-09,30738.02,True,FUNC-000063
Alana,Aragão,alana.aragão.func63@aeroporto.com.br,857,1330,2015-07-15,24874.47,True,FUNC-000064
Ravi,Gomes,ravi.gomes.func64@aeroporto.com.br,870,70,2019-11-08,17439.41,True,FUNC-000065
Letícia,Pastor,letícia.pastor.func65@aeroporto.com.br,418,3580,2023-07-09,25290.22,True,FUNC-000066
Henry Gabriel,Carvalho,henry gabriel.carvalho.func66@aeroporto.com.br,390,833,2015-03-12,32931.31,True,FUNC-000067
Clara,Rocha,clara.rocha.func67@aeroporto.com.br,552,1335,2025-02-15,9527.58,True,FUNC-000068
Maitê,Oliveira,maitê.oliveira.func68@aeroporto.com.br,215,4485,2013-03-18,20626.59,True,FUNC-000069
Benjamin,Albuquerque,benjamin.albuquerque.func69@aeroporto.com.br,483,4611,2022-03-24,17817.62,True,FUNC-000070
Marcos Vinicius,Costa,marcos vinicius.costa.func70@aeroporto.com.br,850,2243,2013-01-28,5220.87,True,FUNC-000071
Isabella,Machado,isabella.machado.func71@aeroporto.com.br,680,3597,2023-07-07,9963.22,True,FUNC-000072
Esther,Santos,esther.santos.func72@aeroporto.com.br,862,4088,2024-05-10,32207.98,False,FUNC-000073
Antony,Gonçalves,antony.gonçalves.func73@aeroporto.com.br,456,2671,2014-06-12,16452.04,True,FUNC-000074
Bernardo,Mendonça,bernardo.mendonça.func74@aeroporto.com.br,694,299,2026-05-24,11728.11,True,FUNC-000075
Antony,Oliveira,antony.oliveira.func75@aeroporto.com.br,559,2389,2023-12-08,14425.97,True,FUNC-000076
Sabrina,Gomes,sabrina.gomes.func76@aeroporto.com.br,72,1292,2019-01-25,22596.19,True,FUNC-000077
Brenda,Barros,brenda.barros.func77@aeroporto.com.br,211,2836,2016-06-19,11168.1,True,FUNC-000078
Nathan,Silva,nathan.silva.func78@aeroporto.com.br,164,719,2012-06-26,23216.74,True,FUNC-000079
Isadora,Freitas,isadora.freitas.func79@aeroporto.com.br,286,4374,2023-04-17,19552.12,True,FUNC-000080
Milena,Fonseca,milena.fonseca.func80@aeroporto.com.br,22,3167,2016-10-22,3388.83,True,FUNC-000081
Marina,Rodrigues,marina.rodrigues.func81@aeroporto.com.br,791,465,2018-12-15,26198.26,True,FUNC-000082
Clara,da Rosa,clara.da rosa.func82@aeroporto.com.br,364,3425,2024-12-10,14079.31,True,FUNC-000083
Yan,Novais,yan.novais.func83@aeroporto.com.br,252,4501,2013-06-28,32002.94,True,FUNC-000084
Fernanda,Aparecida,fernanda.aparecida.func84@aeroporto.com.br,737,2842,2022-10-27,26409.77,True,FUNC-000085
Luna,Borges,luna.borges.func85@aeroporto.com.br,627,3367,2019-10-10,27240.33,True,FUNC-000086
Lucas,Souza,lucas.souza.func86@aeroporto.com.br,547,2432,2012-10-11,17442.43,False,FUNC-000087
Daniela,Jesus,daniela.jesus.func87@aeroporto.com.br,106,2224,2018-05-18,24725.58,True,FUNC-000088
Matheus,Pastor,matheus.pastor.func88@aeroporto.com.br,519,1112,2018-09-12,34675.95,True,FUNC-000089
Luiz Henrique,Marques,luiz henrique.marques.func89@aeroporto.com.br,458,4439,2021-07-16,34493.09,True,FUNC-000090
Eloah,da Mata,eloah.da mata.func90@aeroporto.com.br,788,1375,2022-07-30,27897.09,True,FUNC-000091
Murilo,Araújo,murilo.araújo.func91@aeroporto.com.br,209,2974,2016-05-27,25277.42,True,FUNC-000092
Cauê,Rios,cauê.rios.func92@aeroporto.com.br,445,2802,2018-09-20,20135.98,True,FUNC-000093
Allana,Novais,allana.novais.func93@aeroporto.com.br,592,1748,2024-11-01,28102.68,True,FUNC-000094
Manuela,Barbosa,manuela.barbosa.func94@aeroporto.com.br,450,1727,2011-08-10,32699.86,False,FUNC-000095
João Pedro,Melo,joão pedro.melo.func95@aeroporto.com.br,5,614,2024-01-04,25529.91,True,FUNC-000096
Alexandre,da Mata,alexandre.da mata.func96@aeroporto.com.br,76,1839,2021-11-03,29420.61,True,FUNC-000097
Oliver,Rios,oliver.rios.func97@aeroporto.com.br,556,91,2024-02-24,4168.9,True,FUNC-000098
Giovanna,Rocha,giovanna.rocha.func98@aeroporto.com.br,639,751,2016-01-23,14331.68,True,FUNC-000099
Gustavo,Brito,gustavo.brito.func99@aeroporto.com.br,151,3512,2019-06-08,4335.69,True,FUNC-000100
Maria Laura,Rezende,maria laura.rezende.func100@aeroporto.com.br,406,555,2015-10-24,13494.34,True,FUNC-000101
Amanda,Pimenta,amanda.pimenta.func101@aeroporto.com.br,66,4798,2016-03-10,10401.62,True,FUNC-000102
Brayan,Campos,brayan.campos.func102@aeroporto.com.br,49,2235,2025-04-22,10017.72,True,FUNC-000103
Rodrigo,Garcia,rodrigo.garcia.func103@aeroporto.com.br,470,2259,2012-11-12,15166.81,True,FUNC-000104
Juliana,Aparecida,juliana.aparecida.func104@aeroporto.com.br,995,1760,2019-04-02,5522.5,True,FUNC-000105
Anna Liz,Nunes,anna liz.nunes.func105@aeroporto.com.br,521,757,2021-12-11,8288.85,True,FUNC-000106
Igor,Brito,igor.brito.func106@aeroporto.com.br,950,4439,2024-12-30,15730.76,True,FUNC-000107
Benjamin,Araújo,benjamin.araújo.func107@aeroporto.com.br,288,4803,2023-08-05,19914.39,True,FUNC-000108
Augusto,Azevedo,augusto.azevedo.func108@aeroporto.com.br,312,4520,2024-12-16,22011.18,True,FUNC-000109
João Pedro,Souza,joão pedro.souza.func109@aeroporto.com.br,901,2142,2026-01-04,14006.84,True,FUNC-000110
Stephany,Cunha,stephany.cunha.func110@aeroporto.com.br,788,4692,2022-06-18,21670.14,True,FUNC-000111
Lunna,Andrade,lunna.andrade.func111@aeroporto.com.br,472,1972,2013-12-21,20342.18,True,FUNC-000112
Cecília,Siqueira,cecília.siqueira.func112@aeroporto.com.br,679,1500,2018-05-12,14093.72,True,FUNC-000113
Luiz Fernando,Andrade,luiz fernando.andrade.func113@aeroporto.com.br,20,4432,2013-11-05,16061.96,True,FUNC-000114
Stella,da Conceição,stella.da conceição.func114@aeroporto.com.br,921,4944,2025-03-25,18213.01,True,FUNC-000115
Emanuella,Guerra,emanuella.guerra.func115@aeroporto.com.br,879,2862,2013-08-10,14432.82,True,FUNC-000116
Cauê,da Rosa,cauê.da rosa.func116@aeroporto.com.br,325,3101,2015-02-21,27030.32,True,FUNC-000117
Mirella,Pacheco,mirella.pacheco.func117@aeroporto.com.br,621,2073,2022-04-25,6996.11,True,FUNC-000118
Cecilia,Aragão,cecilia.aragão.func118@aeroporto.com.br,583,194,2012-05-21,21507.09,True,FUNC-000119
Bruna,da Mota,bruna.da mota.func119@aeroporto.com.br,634,3035,2012-08-02,21177.54,True,FUNC-000120
Pedro Lucas,Azevedo,pedro lucas.azevedo.func120@aeroporto.com.br,258,2504,2018-01-13,29151.43,True,FUNC-000121
Anna Liz,Moura,anna liz.moura.func121@aeroporto.com.br,64,2947,2023-08-01,16539.68,True,FUNC-000122
Maria Fernanda,Viana,maria fernanda.viana.func122@aeroporto.com.br,357,572,2013-06-09,22512.65,True,FUNC-000123
Kevin,Aparecida,kevin.aparecida.func123@aeroporto.com.br,115,4028,2017-06-09,5547.75,True,FUNC-000124
Cauê,Camargo,cauê.camargo.func124@aeroporto.com.br,141,1872,2013-08-20,34138.49,True,FUNC-000125
Juan,Ribeiro,juan.ribeiro.func125@aeroporto.com.br,686,166,2014-11-22,3784.67,True,FUNC-000126
João Gabriel,Mendes,joão gabriel.mendes.func126@aeroporto.com.br,128,2990,2012-10-15,25233.58,True,FUNC-000127
Rafael,Cassiano,rafael.cassiano.func127@aeroporto.com.br,675,4452,2011-10-21,28945.3,True,FUNC-000128
Davi,Teixeira,davi.teixeira.func128@aeroporto.com.br,49,1384,2016-09-07,6566.55,True,FUNC-000129
Hadassa,Gomes,hadassa.gomes.func129@aeroporto.com.br,905,4346,2023-02-12,23671.43,True,FUNC-000130
Isaac,Carvalho,isaac.carvalho.func130@aeroporto.com.br,920,1057,2021-12-09,18258.21,True,FUNC-000131
Isadora,da Cruz,isadora.da cruz.func131@aeroporto.com.br,233,2195,2012-09-08,19056.68,True,FUNC-000132
Diego,Fonseca,diego.fonseca.func132@aeroporto.com.br,64,1163,2018-02-14,14924.2,True,FUNC-000133
Maria Laura,Brito,maria laura.brito.func133@aeroporto.com.br,575,601,2023-08-14,32906.96,True,FUNC-000134
Maria Julia,Sampaio,maria julia.sampaio.func134@aeroporto.com.br,607,1284,2012-08-15,33467.15,True,FUNC-000135
Kamilly,Cardoso,kamilly.cardoso.func135@aeroporto.com.br,29,3900,2018-07-11,18506.54,True,FUNC-000136
Melina,Novais,melina.novais.func136@aeroporto.com.br,335,1736,2013-08-20,20507.69,True,FUNC-000137
Emanuel,da Mata,emanuel.da mata.func137@aeroporto.com.br,242,3438,2017-06-13,12538.07,True,FUNC-000138
Helena,Martins,helena.martins.func138@aeroporto.com.br,829,2573,2023-12-05,32895.26,True,FUNC-000139
Alexia,Silva,alexia.silva.func139@aeroporto.com.br,637,3501,2019-02-05,17916.72,True,FUNC-000140
Beatriz,Andrade,beatriz.andrade.func140@aeroporto.com.br,20,4345,2014-04-16,22775.5,True,FUNC-000141
Jade,Campos,jade.campos.func141@aeroporto.com.br,283,3878,2022-08-22,28983.4,True,FUNC-000142
Elisa,Moreira,elisa.moreira.func142@aeroporto.com.br,309,1170,2018-07-07,6632.58,True,FUNC-000143
Henrique,Novaes,henrique.novaes.func143@aeroporto.com.br,774,1795,2022-01-28,27349.99,True,FUNC-000144
Gabriela,Barbosa,gabriela.barbosa.func144@aeroporto.com.br,326,2721,2023-12-17,3418.48,True,FUNC-000145
Rhavi,das Neves,rhavi.das neves.func145@aeroporto.com.br,49,1341,2026-05-02,8644.91,True,FUNC-000146
Manuela,Azevedo,manuela.azevedo.func146@aeroporto.com.br,463,2900,2019-11-19,34690.43,False,FUNC-000147
Isadora,Pires,isadora.pires.func147@aeroporto.com.br,265,4943,2013-01-02,6155.41,True,FUNC-000148
Mathias,Machado,mathias.machado.func148@aeroporto.com.br,297,1214,2021-03-17,16450.07,True,FUNC-000149
Ágatha,Nogueira,ágatha.nogueira.func149@aeroporto.com.br,545,3796,2024-09-13,14126.08,True,FUNC-000150
Kamilly,Vieira,kamilly.vieira.func150@aeroporto.com.br,421,2828,2019-04-29,20913.33,True,FUNC-000151
Ana Beatriz,da Cunha,ana beatriz.da cunha.func151@aeroporto.com.br,745,3303,2024-12-13,12377.64,True,FUNC-000152
Eduarda,Peixoto,eduarda.peixoto.func152@aeroporto.com.br,169,2444,2019-07-25,28301.09,True,FUNC-000153
Pedro Henrique,Macedo,pedro henrique.macedo.func153@aeroporto.com.br,71,3725,2020-11-15,29254.74,True,FUNC-000154
Letícia,Ribeiro,letícia.ribeiro.func154@aeroporto.com.br,225,2759,2014-04-11,27453.23,True,FUNC-000155
Jade,Fogaça,jade.fogaça.func155@aeroporto.com.br,44,2427,2023-03-02,4446.17,True,FUNC-000156
Isaque,Campos,isaque.campos.func156@aeroporto.com.br,244,4802,2019-07-24,29129.43,True,FUNC-000157
Heloisa,Correia,heloisa.correia.func157@aeroporto.com.br,172,1979,2021-01-31,19781.16,True,FUNC-000158
Enzo,Azevedo,enzo.azevedo.func158@aeroporto.com.br,413,3548,2019-09-09,27594.53,True,FUNC-000159
Luiz Felipe,Ramos,luiz felipe.ramos.func159@aeroporto.com.br,162,646,2015-02-16,28727.69,True,FUNC-000160
Valentina,Montenegro,valentina.montenegro.func160@aeroporto.com.br,635,4785,2020-01-26,22994.7,True,FUNC-000161
Ravi Lucca,da Mota,ravi lucca.da mota.func161@aeroporto.com.br,839,2154,2011-09-21,33137.3,True,FUNC-000162
Luiz Otávio,Ribeiro,luiz otávio.ribeiro.func162@aeroporto.com.br,767,4561,2022-01-28,11017.52,True,FUNC-000163
Esther,Montenegro,esther.montenegro.func163@aeroporto.com.br,770,4871,2017-12-27,28509.68,False,FUNC-000164
Luan,Jesus,luan.jesus.func164@aeroporto.com.br,755,3319,2015-01-05,14291.28,True,FUNC-000165
Sophia,Alves,sophia.alves.func165@aeroporto.com.br,932,3443,2020-03-14,5124.07,True,FUNC-000166
Gabrielly,Pereira,gabrielly.pereira.func166@aeroporto.com.br,100,2451,2014-03-19,9391.81,False,FUNC-000167
Maria Alice,da Costa,maria alice.da costa.func167@aeroporto.com.br,163,4122,2013-08-05,26427.2,True,FUNC-000168
Ian,Albuquerque,ian.albuquerque.func168@aeroporto.com.br,47,3147,2022-12-10,22919.52,True,FUNC-000169
Sara,Marques,sara.marques.func169@aeroporto.com.br,423,1357,2015-06-22,24950.18,True,FUNC-000170
Maria Júlia,Machado,maria júlia.machado.func170@aeroporto.com.br,903,882,2024-10-24,6808.11,True,FUNC-000171
Ana Cecília,Cavalcanti,ana cecília.cavalcanti.func171@aeroporto.com.br,550,2533,2022-05-05,9520.93,True,FUNC-000172
Ana Beatriz,das Neves,ana beatriz.das neves.func172@aeroporto.com.br,534,4278,2024-09-20,8090.75,True,FUNC-000173
Samuel,Dias,samuel.dias.func173@aeroporto.com.br,115,2252,2026-05-17,32172.44,True,FUNC-000174
Letícia,da Rosa,letícia.da rosa.func174@aeroporto.com.br,107,1879,2020-03-10,16343.05,True,FUNC-000175
André,Mendes,andré.mendes.func175@aeroporto.com.br,519,3694,2019-12-22,21701.1,True,FUNC-000176
Thomas,Araújo,thomas.araújo.func176@aeroporto.com.br,371,2508,2018-02-13,16352.67,True,FUNC-000177
João,Macedo,joão.macedo.func177@aeroporto.com.br,507,2010,2021-03-11,19684.34,True,FUNC-000178
Pedro Lucas,Aparecida,pedro lucas.aparecida.func178@aeroporto.com.br,712,728,2025-07-13,15657.73,True,FUNC-000179
Bárbara,Martins,bárbara.martins.func179@aeroporto.com.br,506,2510,2021-07-28,7791.55,True,FUNC-000180
Heloisa,das Neves,heloisa.das neves.func180@aeroporto.com.br,379,2696,2015-05-17,34222.24,True,FUNC-000181
Ísis,Novaes,ísis.novaes.func181@aeroporto.com.br,390,794,2019-01-19,7503.11,True,FUNC-000182
Matheus,Costela,matheus.costela.func182@aeroporto.com.br,885,2385,2016-04-06,30715.75,True,FUNC-000183
Fernanda,Castro,fernanda.castro.func183@aeroporto.com.br,364,4127,2014-03-16,2734.11,True,FUNC-000184
Alice,Santos,alice.santos.func184@aeroporto.com.br,561,1268,2018-04-05,6071.57,True,FUNC-000185
Alana,da Mata,alana.da mata.func185@aeroporto.com.br,113,1554,2013-07-22,30555.05,True,FUNC-000186
Stella,Marques,stella.marques.func186@aeroporto.com.br,163,3156,2024-06-29,29478.82,True,FUNC-000187
Lucas,Cavalcante,lucas.cavalcante.func187@aeroporto.com.br,361,845,2025-07-02,13324.81,True,FUNC-000188
Pedro Miguel,Brito,pedro miguel.brito.func188@aeroporto.com.br,929,2373,2023-11-04,9015.58,True,FUNC-000189
Marcos Vinicius,Abreu,marcos vinicius.abreu.func189@aeroporto.com.br,267,4407,2025-11-25,26620.59,False,FUNC-000190
Yuri,Abreu,yuri.abreu.func190@aeroporto.com.br,721,4095,2011-07-10,16816.46,False,FUNC-000191
Bruna,Azevedo,bruna.azevedo.func191@aeroporto.com.br,37,3311,2014-03-10,22420.82,True,FUNC-000192
Valentim,Moura,valentim.moura.func192@aeroporto.com.br,280,1843,2018-06-28,12077.84,True,FUNC-000193
Marcos Vinicius,Farias,marcos vinicius.farias.func193@aeroporto.com.br,90,4027,2024-11-30,21134.73,True,FUNC-000194
Asafe,da Rosa,asafe.da rosa.func194@aeroporto.com.br,583,3366,2021-10-03,19874.33,True,FUNC-000195
Elisa,Costa,elisa.costa.func195@aeroporto.com.br,137,4634,2018-10-30,4560.68,True,FUNC-000196
Allana,Aragão,allana.aragão.func196@aeroporto.com.br,751,4290,2015-06-01,33506.36,True,FUNC-000197
Clarice,Castro,clarice.castro.func197@aeroporto.com.br,862,3621,2018-11-21,31991.91,True,FUNC-000198
Breno,Cunha,breno.cunha.func198@aeroporto.com.br,154,3782,2022-11-14,17670.83,True,FUNC-000199
Lucca,Abreu,lucca.abreu.func199@aeroporto.com.br,400,2379,2014-10-26,33561.27,True,FUNC-000200
Larissa,Pires,larissa.pires.func200@aeroporto.com.br,649,4737,2024-01-07,9409.32,True,FUNC-000201
Eduardo,Câmara,eduardo.câmara.func201@aeroporto.com.br,242,2527,2017-11-25,22597.08,True,FUNC-000202
João Lucas,Guerra,joão lucas.guerra.func202@aeroporto.com.br,433,4143,2015-03-13,34606.33,True,FUNC-000203
Vitória,da Costa,vitória.da costa.func203@aeroporto.com.br,148,1296,2024-06-24,10821.87,True,FUNC-000204
Milena,da Mota,milena.da mota.func204@aeroporto.com.br,981,4587,2023-03-12,24702.53,True,FUNC-000205
Marcelo,da Rocha,marcelo.da rocha.func205@aeroporto.com.br,869,1800,2020-09-06,7120.18,True,FUNC-000206
Enzo,Cassiano,enzo.cassiano.func206@aeroporto.com.br,145,3185,2012-06-10,13463.51,True,FUNC-000207
Alexandre,Novais,alexandre.novais.func207@aeroporto.com.br,541,2511,2021-09-19,3524.85,True,FUNC-000208
Clara,da Mata,clara.da mata.func208@aeroporto.com.br,439,2321,2012-12-01,18345.7,True,FUNC-000209
Pietro,Freitas,pietro.freitas.func209@aeroporto.com.br,434,2810,2026-04-07,21882.1,True,FUNC-000210
João Miguel,Jesus,joão miguel.jesus.func210@aeroporto.com.br,585,1721,2013-07-24,4483.78,True,FUNC-000211
Lorenzo,Moraes,lorenzo.moraes.func211@aeroporto.com.br,908,4948,2021-03-24,19528.96,True,FUNC-000212
Nina,Borges,nina.borges.func212@aeroporto.com.br,345,4591,2011-09-19,26575.47,True,FUNC-000213
Ágatha,Fogaça,ágatha.fogaça.func213@aeroporto.com.br,449,985,2012-02-22,30326.3,True,FUNC-000214
Bernardo,Andrade,bernardo.andrade.func214@aeroporto.com.br,118,896,2023-11-19,34220.31,True,FUNC-000215
Gael Henrique,Siqueira,gael henrique.siqueira.func215@aeroporto.com.br,286,4924,2021-08-19,24980.35,True,FUNC-000216
Mariah,Gonçalves,mariah.gonçalves.func216@aeroporto.com.br,233,3512,2017-02-15,13097.03,True,FUNC-000217
Maria Helena,Peixoto,maria helena.peixoto.func217@aeroporto.com.br,751,289,2016-06-19,19127.75,True,FUNC-000218
Isaac,Aragão,isaac.aragão.func218@aeroporto.com.br,380,2045,2024-10-16,10671.31,True,FUNC-000219
Emanuella,Andrade,emanuella.andrade.func219@aeroporto.com.br,33,853,2014-08-14,15304.41,True,FUNC-000220
Guilherme,Pastor,guilherme.pastor.func220@aeroporto.com.br,47,3827,2019-10-25,34094.59,True,FUNC-000221
Enzo,Vargas,enzo.vargas.func221@aeroporto.com.br,586,1612,2012-10-23,4870.45,True,FUNC-000222
Igor,Souza,igor.souza.func222@aeroporto.com.br,193,3566,2019-03-08,12981.7,True,FUNC-000223
Anthony Gabriel,Nascimento,anthony gabriel.nascimento.func223@aeroporto.com.br,974,2819,2019-09-22,26163.19,True,FUNC-000224
João Miguel,Cassiano,joão miguel.cassiano.func224@aeroporto.com.br,886,4329,2025-11-11,18719.53,True,FUNC-000225
Ravi Lucca,Moraes,ravi lucca.moraes.func225@aeroporto.com.br,685,55,2017-01-27,9462.97,True,FUNC-000226
Brenda,da Rocha,brenda.da rocha.func226@aeroporto.com.br,161,1333,2025-08-21,24460.77,True,FUNC-000227
Maya,Jesus,maya.jesus.func227@aeroporto.com.br,905,4702,2022-07-31,26739.46,True,FUNC-000228
Natália,da Luz,natália.da luz.func228@aeroporto.com.br,155,4425,2019-04-25,31016.46,True,FUNC-000229
Gabrielly,Mendes,gabrielly.mendes.func229@aeroporto.com.br,375,23,2016-09-29,6174.07,True,FUNC-000230
Benício,Sales,benício.sales.func230@aeroporto.com.br,351,350,2022-04-02,31636.37,True,FUNC-000231
Hellena,Costa,hellena.costa.func231@aeroporto.com.br,276,2997,2016-03-07,33910.42,True,FUNC-000232
Thiago,Martins,thiago.martins.func232@aeroporto.com.br,209,3295,2011-07-23,8229.21,True,FUNC-000233
Yago,da Paz,yago.da paz.func233@aeroporto.com.br,860,1369,2016-06-30,20752.55,True,FUNC-000234
Luiz Henrique,Monteiro,luiz henrique.monteiro.func234@aeroporto.com.br,466,2990,2015-11-19,33208.03,True,FUNC-000235
Cauã,Mendes,cauã.mendes.func235@aeroporto.com.br,878,83,2018-04-30,12818.36,True,FUNC-000236
Laura,da Mota,laura.da mota.func236@aeroporto.com.br,654,4023,2016-06-25,7781.34,True,FUNC-000237
Alícia,Camargo,alícia.camargo.func237@aeroporto.com.br,597,344,2012-04-01,27441.69,True,FUNC-000238
Gabriela,Campos,gabriela.campos.func238@aeroporto.com.br,244,1827,2021-03-04,26432.43,True,FUNC-000239
Lucas Gabriel,Aparecida,lucas gabriel.aparecida.func239@aeroporto.com.br,749,4877,2020-02-23,6573.62,True,FUNC-000240
Ana Lívia,Sá,ana lívia.sá.func240@aeroporto.com.br,662,3135,2012-08-01,8096.97,True,FUNC-000241
João Guilherme,Casa Grande,joão guilherme.casa grande.func241@aeroporto.com.br,597,1651,2013-12-08,21442.58,True,FUNC-000242
Brayan,Silva,brayan.silva.func242@aeroporto.com.br,1,545,2015-06-16,13247.44,True,FUNC-000243
Valentina,Monteiro,valentina.monteiro.func243@aeroporto.com.br,652,2163,2023-01-25,5173.15,True,FUNC-000244
Luana,Machado,luana.machado.func244@aeroporto.com.br,348,184,2014-12-13,15709.31,True,FUNC-000245
Sophie,Siqueira,sophie.siqueira.func245@aeroporto.com.br,291,4713,2016-07-25,20732.45,True,FUNC-000246
João Guilherme,Pacheco,joão guilherme.pacheco.func246@aeroporto.com.br,811,818,2023-11-01,12543.45,True,FUNC-000247
Davi Lucca,Moraes,davi lucca.moraes.func247@aeroporto.com.br,122,1536,2016-08-24,21775.02,True,FUNC-000248
Gabrielly,Teixeira,gabrielly.teixeira.func248@aeroporto.com.br,964,1453,2013-01-14,32258.84,True,FUNC-000249
João Miguel,Carvalho,joão miguel.carvalho.func249@aeroporto.com.br,794,4706,2015-07-19,24765.35,True,FUNC-000250
Henrique,Montenegro,henrique.montenegro.func250@aeroporto.com.br,849,4114,2013-09-20,15602.76,True,FUNC-000251
Ana Clara,Souza,ana clara.souza.func251@aeroporto.com.br,264,82,2017-08-16,13262.48,True,FUNC-000252
Gael,Sousa,gael.sousa.func252@aeroporto.com.br,140,4213,2016-04-10,8000.64,True,FUNC-000253
Bernardo,Sousa,bernardo.sousa.func253@aeroporto.com.br,761,364,2025-05-08,34609.09,True,FUNC-000254
Juliana,Vargas,juliana.vargas.func254@aeroporto.com.br,674,4628,2017-09-08,10209.76,True,FUNC-000255
Ravy,da Rocha,ravy.da rocha.func255@aeroporto.com.br,530,4298,2012-02-17,7196.45,True,FUNC-000256
Lucas,Pinto,lucas.pinto.func256@aeroporto.com.br,519,2554,2025-11-22,15683.82,True,FUNC-000257
Luiz Miguel,Gonçalves,luiz miguel.gonçalves.func257@aeroporto.com.br,910,4051,2017-12-26,30574.52,True,FUNC-000258
Maysa,Rocha,maysa.rocha.func258@aeroporto.com.br,155,4948,2015-02-14,27852.25,True,FUNC-000259
Heitor,Lima,heitor.lima.func259@aeroporto.com.br,669,2377,2019-02-12,4314.54,True,FUNC-000260
Sophia,Porto,sophia.porto.func260@aeroporto.com.br,688,561,2017-04-25,16614.05,False,FUNC-000261
Benjamin,das Neves,benjamin.das neves.func261@aeroporto.com.br,408,147,2014-08-17,24552.73,True,FUNC-000262
Maya,Teixeira,maya.teixeira.func262@aeroporto.com.br,549,4831,2015-11-30,24614.14,True,FUNC-000263
Allana,da Costa,allana.da costa.func263@aeroporto.com.br,731,2285,2012-08-02,32499.36,True,FUNC-000264
Maitê,Sales,maitê.sales.func264@aeroporto.com.br,393,4695,2017-08-11,29693.74,True,FUNC-000265
Valentim,Carvalho,valentim.carvalho.func265@aeroporto.com.br,160,1385,2015-03-27,4914.55,True,FUNC-000266
Maria,Cassiano,maria.cassiano.func266@aeroporto.com.br,231,2082,2020-02-25,4574.58,False,FUNC-000267
Antony,Caldeira,antony.caldeira.func267@aeroporto.com.br,933,4900,2023-08-04,18426.94,True,FUNC-000268
Marina,Almeida,marina.almeida.func268@aeroporto.com.br,80,1403,2025-05-12,9599.95,True,FUNC-000269
Camila,Sousa,camila.sousa.func269@aeroporto.com.br,795,3365,2014-05-06,8525.11,True,FUNC-000270
Nina,da Cunha,nina.da cunha.func270@aeroporto.com.br,302,2956,2017-06-09,6713.53,True,FUNC-000271
Ravi Lucca,Ribeiro,ravi lucca.ribeiro.func271@aeroporto.com.br,767,3556,2012-12-30,4713.05,True,FUNC-000272
Igor,Fogaça,igor.fogaça.func272@aeroporto.com.br,337,241,2024-06-19,30145.8,True,FUNC-000273
Sarah,Marques,sarah.marques.func273@aeroporto.com.br,137,4257,2012-02-23,4353.79,True,FUNC-000274
Maria Alice,Peixoto,maria alice.peixoto.func274@aeroporto.com.br,575,4295,2012-10-05,25256.72,True,FUNC-000275
Vinicius,Novaes,vinicius.novaes.func275@aeroporto.com.br,753,1591,2023-05-07,32230.03,True,FUNC-000276
Heitor,Sales,heitor.sales.func276@aeroporto.com.br,677,2408,2022-11-15,24925.33,True,FUNC-000277
Marcos Vinicius,Pereira,marcos vinicius.pereira.func277@aeroporto.com.br,896,1528,2020-03-26,21997.72,True,FUNC-000278
Luan,Pacheco,luan.pacheco.func278@aeroporto.com.br,634,1237,2020-02-28,8946.28,True,FUNC-000279
Dom,Pires,dom.pires.func279@aeroporto.com.br,340,1631,2011-07-13,15014.77,True,FUNC-000280
Olívia,Gonçalves,olívia.gonçalves.func280@aeroporto.com.br,533,3388,2012-02-12,5334.02,False,FUNC-000281
Ana Júlia,da Mata,ana júlia.da mata.func281@aeroporto.com.br,248,1333,2022-02-19,34295.47,True,FUNC-000282
Gael Henrique,Ferreira,gael henrique.ferreira.func282@aeroporto.com.br,420,2422,2021-06-12,19312.16,True,FUNC-000283
Pietro,Moura,pietro.moura.func283@aeroporto.com.br,410,4349,2017-01-03,11506.01,True,FUNC-000284
Cauê,Pastor,cauê.pastor.func284@aeroporto.com.br,75,3511,2020-07-25,11883.7,True,FUNC-000285
Diego,Moreira,diego.moreira.func285@aeroporto.com.br,76,1033,2012-07-26,21190.82,True,FUNC-000286
Alana,Pacheco,alana.pacheco.func286@aeroporto.com.br,118,2,2017-11-01,13985.53,True,FUNC-000287
Kamilly,da Mata,kamilly.da mata.func287@aeroporto.com.br,479,3959,2022-05-20,28411.71,True,FUNC-000288
Emanuella,Cunha,emanuella.cunha.func288@aeroporto.com.br,785,2699,2015-07-07,18451.79,True,FUNC-000289
Maria Alice,Brito,maria alice.brito.func289@aeroporto.com.br,763,2883,2023-11-01,6093.06,True,FUNC-000290
Anna Liz,Pastor,anna liz.pastor.func290@aeroporto.com.br,644,3493,2019-05-31,4604.77,True,FUNC-000291
Vinicius,Vieira,vinicius.vieira.func291@aeroporto.com.br,172,4429,2015-04-30,5795.29,True,FUNC-000292
Raul,Correia,raul.correia.func292@aeroporto.com.br,196,3508,2016-06-28,18662.72,True,FUNC-000293
Oliver,Vieira,oliver.vieira.func293@aeroporto.com.br,194,4909,2016-01-21,4971.76,True,FUNC-000294
Diego,Campos,diego.campos.func294@aeroporto.com.br,823,1414,2024-07-15,12330.52,True,FUNC-000295
Mirella,Cavalcanti,mirella.cavalcanti.func295@aeroporto.com.br,487,973,2022-04-03,26979.13,True,FUNC-000296
Eloá,Ramos,eloá.ramos.func296@aeroporto.com.br,107,5,2013-03-01,4341.9,True,FUNC-000297
Alana,Nascimento,alana.nascimento.func297@aeroporto.com.br,656,3861,2018-03-20,5695.82,True,FUNC-000298
Theodoro,Alves,theodoro.alves.func298@aeroporto.com.br,91,3762,2024-11-25,3278.03,True,FUNC-000299
João Pedro,Cavalcante,joão pedro.cavalcante.func299@aeroporto.com.br,381,1882,2021-05-22,25597.51,True,FUNC-000300
Vinicius,Ramos,vinicius.ramos.func300@aeroporto.com.br,782,178,2019-12-16,6807.31,True,FUNC-000301
Rhavi,Araújo,rhavi.araújo.func301@aeroporto.com.br,545,4808,2023-03-11,18301.07,True,FUNC-000302
Kaique,Ramos,kaique.ramos.func302@aeroporto.com.br,494,3303,2013-11-04,17781.15,True,FUNC-000303
Antony,Sousa,antony.sousa.func303@aeroporto.com.br,730,2720,2016-07-26,16390.93,True,FUNC-000304
Rafaela,Macedo,rafaela.macedo.func304@aeroporto.com.br,330,1908,2014-04-23,23251.77,True,FUNC-000305
Sara,Machado,sara.machado.func305@aeroporto.com.br,134,4012,2016-08-29,11902.93,False,FUNC-000306
Rael,Rezende,rael.rezende.func306@aeroporto.com.br,396,1750,2021-11-22,25569.55,True,FUNC-000307
Alexia,Correia,alexia.correia.func307@aeroporto.com.br,187,2427,2023-02-26,9098.81,True,FUNC-000308
Clara,Novais,clara.novais.func308@aeroporto.com.br,469,958,2018-01-21,5590.48,True,FUNC-000309
João Gabriel,Campos,joão gabriel.campos.func309@aeroporto.com.br,874,1555,2015-06-24,17816.86,True,FUNC-000310
Joaquim,Nascimento,joaquim.nascimento.func310@aeroporto.com.br,902,1990,2022-04-22,21166.46,True,FUNC-000311
Vitor Hugo,Barros,vitor hugo.barros.func311@aeroporto.com.br,921,4108,2023-08-22,8931.06,True,FUNC-000312
Bruno,Silveira,bruno.silveira.func312@aeroporto.com.br,650,2545,2019-07-20,21037.76,True,FUNC-000313
Igor,Porto,igor.porto.func313@aeroporto.com.br,830,3486,2018-12-28,17034.26,True,FUNC-000314
Carlos Eduardo,Nunes,carlos eduardo.nunes.func314@aeroporto.com.br,976,4353,2020-11-12,7731.82,True,FUNC-000315
Sophie,Gonçalves,sophie.gonçalves.func315@aeroporto.com.br,452,1222,2025-08-14,21744.98,True,FUNC-000316
Evelyn,Oliveira,evelyn.oliveira.func316@aeroporto.com.br,122,2450,2020-04-03,14936.74,True,FUNC-000317
Clarice,da Rosa,clarice.da rosa.func317@aeroporto.com.br,417,364,2012-08-13,7930.83,True,FUNC-000318
Marina,Vasconcelos,marina.vasconcelos.func318@aeroporto.com.br,700,2492,2014-12-07,8915.14,True,FUNC-000319
Luiz Henrique,Correia,luiz henrique.correia.func319@aeroporto.com.br,994,3230,2016-06-09,26464.63,True,FUNC-000320
Levi,Farias,levi.farias.func320@aeroporto.com.br,242,4168,2013-07-16,31689.49,True,FUNC-000321
Miguel,Montenegro,miguel.montenegro.func321@aeroporto.com.br,556,517,2024-12-25,17939.95,False,FUNC-000322
Luiza,Campos,luiza.campos.func322@aeroporto.com.br,212,765,2018-11-21,10850.74,True,FUNC-000323
Antonella,Ramos,antonella.ramos.func323@aeroporto.com.br,836,637,2016-10-23,18809.32,True,FUNC-000324
Larissa,Duarte,larissa.duarte.func324@aeroporto.com.br,90,3491,2012-07-09,20098.19,True,FUNC-000325
Maria Clara,Costela,maria clara.costela.func325@aeroporto.com.br,701,3112,2022-05-30,18450.17,True,FUNC-000326
Valentim,Cavalcante,valentim.cavalcante.func326@aeroporto.com.br,235,1028,2018-03-30,30908.26,True,FUNC-000327
Kevin,Sousa,kevin.sousa.func327@aeroporto.com.br,931,3287,2011-12-18,7915.58,True,FUNC-000328
Lavínia,Caldeira,lavínia.caldeira.func328@aeroporto.com.br,711,4307,2021-02-16,21558.99,True,FUNC-000329
Ana Beatriz,Sousa,ana beatriz.sousa.func329@aeroporto.com.br,678,3972,2015-02-28,4593.94,True,FUNC-000330
Vinicius,Moreira,vinicius.moreira.func330@aeroporto.com.br,403,15,2017-10-16,9622.79,True,FUNC-000331
Lucas,Alves,lucas.alves.func331@aeroporto.com.br,707,2377,2024-07-13,21879.23,True,FUNC-000332
Eduarda,Moura,eduarda.moura.func332@aeroporto.com.br,324,4538,2024-05-04,9525.25,True,FUNC-000333
Vinícius,Marques,vinícius.marques.func333@aeroporto.com.br,591,1002,2023-10-30,19432.06,True,FUNC-000334
Alexandre,Nogueira,alexandre.nogueira.func334@aeroporto.com.br,904,1095,2017-04-03,4028.4,True,FUNC-000335
Alícia,Souza,alícia.souza.func335@aeroporto.com.br,576,241,2012-08-28,23527.88,True,FUNC-000336
José Pedro,da Paz,josé pedro.da paz.func336@aeroporto.com.br,257,4352,2023-07-26,19814.04,True,FUNC-000337
Yago,Mendonça,yago.mendonça.func337@aeroporto.com.br,674,2515,2020-04-20,26766.36,True,FUNC-000338
Alícia,Cunha,alícia.cunha.func338@aeroporto.com.br,23,3494,2012-05-03,5348.03,True,FUNC-000339
Arthur Miguel,Rodrigues,arthur miguel.rodrigues.func339@aeroporto.com.br,278,248,2024-12-03,13442.06,True,FUNC-000340
Bárbara,Sales,bárbara.sales.func340@aeroporto.com.br,387,214,2011-09-12,22447.18,True,FUNC-000341
Maria Fernanda,Porto,maria fernanda.porto.func341@aeroporto.com.br,164,1689,2025-01-13,24139.01,True,FUNC-000342
Matheus,Duarte,matheus.duarte.func342@aeroporto.com.br,357,2109,2014-09-08,29833.78,True,FUNC-000343
Beatriz,Correia,beatriz.correia.func343@aeroporto.com.br,424,1796,2014-06-19,32237.58,True,FUNC-000344
Thomas,das Neves,thomas.das neves.func344@aeroporto.com.br,14,3892,2015-09-15,21281.89,True,FUNC-000345
Kevin,Pacheco,kevin.pacheco.func345@aeroporto.com.br,664,2964,2022-12-28,31558.38,True,FUNC-000346
Carolina,Ribeiro,carolina.ribeiro.func346@aeroporto.com.br,320,1346,2019-05-29,26696.65,True,FUNC-000347
Maria Clara,Novaes,maria clara.novaes.func347@aeroporto.com.br,376,1002,2017-12-24,33005.87,True,FUNC-000348
Ian,Carvalho,ian.carvalho.func348@aeroporto.com.br,4,352,2020-12-03,26278.32,True,FUNC-000349
Jade,Abreu,jade.abreu.func349@aeroporto.com.br,47,4883,2012-05-13,23075.3,True,FUNC-000350
Paulo,da Cunha,paulo.da cunha.func350@aeroporto.com.br,951,2103,2013-10-06,5103.53,True,FUNC-000351
Lucas Gabriel,Rezende,lucas gabriel.rezende.func351@aeroporto.com.br,151,4122,2014-04-04,30017.24,True,FUNC-000352
Emilly,Gomes,emilly.gomes.func352@aeroporto.com.br,697,1164,2013-08-18,12325.55,True,FUNC-000353
Yan,Guerra,yan.guerra.func353@aeroporto.com.br,53,2382,2023-07-25,15642.33,False,FUNC-000354
Maya,Melo,maya.melo.func354@aeroporto.com.br,354,4081,2016-11-25,5761.67,True,FUNC-000355
Eduardo,Gonçalves,eduardo.gonçalves.func355@aeroporto.com.br,556,3422,2018-02-08,6073.99,True,FUNC-000356
Joana,da Conceição,joana.da conceição.func356@aeroporto.com.br,969,3402,2011-06-13,25492.48,False,FUNC-000357
Ryan,Barbosa,ryan.barbosa.func357@aeroporto.com.br,239,804,2019-11-07,29171.33,True,FUNC-000358
Kaique,Camargo,kaique.camargo.func358@aeroporto.com.br,138,2392,2025-04-25,28157.63,True,FUNC-000359
Guilherme,Lima,guilherme.lima.func359@aeroporto.com.br,437,4079,2014-03-16,28083.02,True,FUNC-000360
Ana Júlia,Siqueira,ana júlia.siqueira.func360@aeroporto.com.br,520,665,2024-03-04,28279.49,True,FUNC-000361
Agatha,Cavalcante,agatha.cavalcante.func361@aeroporto.com.br,586,2350,2012-07-22,18777.28,True,FUNC-000362
Kamilly,Sousa,kamilly.sousa.func362@aeroporto.com.br,265,2818,2022-11-19,22940.94,True,FUNC-000363
Giovanna,Azevedo,giovanna.azevedo.func363@aeroporto.com.br,818,3727,2022-12-10,25409.05,True,FUNC-000364
Luísa,Lopes,luísa.lopes.func364@aeroporto.com.br,741,2706,2012-02-07,9755.13,True,FUNC-000365
André,Abreu,andré.abreu.func365@aeroporto.com.br,319,621,2022-02-16,24770.19,True,FUNC-000366
Ana Clara,Araújo,ana clara.araújo.func366@aeroporto.com.br,142,2293,2023-05-05,17060.86,True,FUNC-000367
Sophie,Silveira,sophie.silveira.func367@aeroporto.com.br,825,2178,2024-12-07,21232.45,True,FUNC-000368
Marcos Vinicius,Vargas,marcos vinicius.vargas.func368@aeroporto.com.br,981,3606,2021-01-31,6991.29,True,FUNC-000369
Matheus,Lopes,matheus.lopes.func369@aeroporto.com.br,541,577,2022-12-17,5665.03,True,FUNC-000370
Isabela,Rocha,isabela.rocha.func370@aeroporto.com.br,773,827,2018-05-04,5479.01,True,FUNC-000371
Helena,Gonçalves,helena.gonçalves.func371@aeroporto.com.br,873,2241,2024-05-25,4223.45,True,FUNC-000372
João Felipe,Gonçalves,joão felipe.gonçalves.func372@aeroporto.com.br,213,2664,2011-12-15,27872.61,False,FUNC-000373
Natália,Pimenta,natália.pimenta.func373@aeroporto.com.br,517,3889,2017-02-28,20602.46,True,FUNC-000374
Bella,Novaes,bella.novaes.func374@aeroporto.com.br,751,4605,2020-01-09,16730.56,True,FUNC-000375
Miguel,Pires,miguel.pires.func375@aeroporto.com.br,445,4190,2019-06-20,30285.33,True,FUNC-000376
Isaac,Aparecida,isaac.aparecida.func376@aeroporto.com.br,644,2853,2014-12-11,12951.67,True,FUNC-000377
Bianca,Pires,bianca.pires.func377@aeroporto.com.br,22,2574,2017-01-03,32940.67,True,FUNC-000378
Yago,Fogaça,yago.fogaça.func378@aeroporto.com.br,240,1607,2014-12-18,22131.18,False,FUNC-000379
Melina,Monteiro,melina.monteiro.func379@aeroporto.com.br,193,3420,2022-02-16,17307.69,False,FUNC-000380
Maria Luiza,da Costa,maria luiza.da costa.func380@aeroporto.com.br,554,1938,2016-04-13,16577.74,True,FUNC-000381
Isaac,Martins,isaac.martins.func381@aeroporto.com.br,182,2507,2016-09-07,3330.13,True,FUNC-000382
Antônio,da Cunha,antônio.da cunha.func382@aeroporto.com.br,701,4517,2019-11-13,23697.95,True,FUNC-000383
Enzo,Ferreira,enzo.ferreira.func383@aeroporto.com.br,994,1786,2021-07-15,12227.18,True,FUNC-000384
João Guilherme,Nunes,joão guilherme.nunes.func384@aeroporto.com.br,634,842,2013-05-01,15767.43,True,FUNC-000385
João Lucas,Sampaio,joão lucas.sampaio.func385@aeroporto.com.br,693,274,2013-06-18,20465.88,True,FUNC-000386
Thales,Sampaio,thales.sampaio.func386@aeroporto.com.br,939,1306,2017-04-25,23510.48,True,FUNC-000387
Milena,Nascimento,milena.nascimento.func387@aeroporto.com.br,786,3323,2019-10-21,32276.63,True,FUNC-000388
Benjamin,da Cunha,benjamin.da cunha.func388@aeroporto.com.br,944,2160,2014-12-03,13974.36,True,FUNC-000389
João Miguel,Andrade,joão miguel.andrade.func389@aeroporto.com.br,234,1071,2020-08-20,24175.34,True,FUNC-000390
Arthur Miguel,Santos,arthur miguel.santos.func390@aeroporto.com.br,108,2267,2015-12-07,5069.37,True,FUNC-000391
Laura,Moreira,laura.moreira.func391@aeroporto.com.br,252,3551,2026-01-15,8983.01,True,FUNC-000392
Davi,Aragão,davi.aragão.func392@aeroporto.com.br,720,1721,2025-03-13,34490.75,True,FUNC-000393
Melissa,Nascimento,melissa.nascimento.func393@aeroporto.com.br,156,3967,2022-02-05,4176.14,True,FUNC-000394
Luana,Duarte,luana.duarte.func394@aeroporto.com.br,432,1270,2018-10-04,26774.52,True,FUNC-000395
Maria Luiza,Teixeira,maria luiza.teixeira.func395@aeroporto.com.br,741,2011,2024-12-19,24785.97,True,FUNC-000396
Matteo,Costa,matteo.costa.func396@aeroporto.com.br,717,2821,2024-02-08,10173.31,True,FUNC-000397
Vitor Hugo,Rezende,vitor hugo.rezende.func397@aeroporto.com.br,249,4909,2017-09-23,2979.67,True,FUNC-000398
Melissa,Rodrigues,melissa.rodrigues.func398@aeroporto.com.br,830,1292,2015-09-09,21913.17,True,FUNC-000399
Bryan,Souza,bryan.souza.func399@aeroporto.com.br,377,749,2023-05-02,12311.26,True,FUNC-000400
Maria Sophia,Caldeira,maria sophia.caldeira.func400@aeroporto.com.br,124,1850,2024-08-10,22021.98,True,FUNC-000401
Maria Eduarda,Duarte,maria eduarda.duarte.func401@aeroporto.com.br,165,898,2023-05-07,28653.73,True,FUNC-000402
Luigi,da Rocha,luigi.da rocha.func402@aeroporto.com.br,582,2863,2019-01-06,19511.66,True,FUNC-000403
Letícia,Peixoto,letícia.peixoto.func403@aeroporto.com.br,405,1865,2015-05-22,20981.24,False,FUNC-000404
Bella,Almeida,bella.almeida.func404@aeroporto.com.br,808,1809,2013-12-27,23261.31,True,FUNC-000405
Anthony Gabriel,Albuquerque,anthony gabriel.albuquerque.func405@aeroporto.com.br,524,1261,2025-04-13,15822.65,True,FUNC-000406
Ayla,Cirino,ayla.cirino.func406@aeroporto.com.br,860,1448,2021-06-20,11415.71,False,FUNC-000407
Carolina,Gonçalves,carolina.gonçalves.func407@aeroporto.com.br,27,2780,2025-01-17,34720.67,True,FUNC-000408
Yuri,Castro,yuri.castro.func408@aeroporto.com.br,718,2942,2018-01-29,18429.14,True,FUNC-000409
Lorenzo,da Rocha,lorenzo.da rocha.func409@aeroporto.com.br,492,4661,2024-10-29,13049.37,True,FUNC-000410
Camila,Nogueira,camila.nogueira.func410@aeroporto.com.br,476,2760,2018-10-25,4570.45,True,FUNC-000411
Igor,Correia,igor.correia.func411@aeroporto.com.br,704,3810,2016-02-29,4040.82,True,FUNC-000412
Maria Cecília,Garcia,maria cecília.garcia.func412@aeroporto.com.br,522,1387,2012-09-07,22964.75,True,FUNC-000413
Ana Sophia,da Rocha,ana sophia.da rocha.func413@aeroporto.com.br,543,100,2011-07-14,17268.53,True,FUNC-000414
Alexandre,Caldeira,alexandre.caldeira.func414@aeroporto.com.br,376,4547,2014-08-09,11224.22,True,FUNC-000415
Melissa,Vasconcelos,melissa.vasconcelos.func415@aeroporto.com.br,484,3924,2020-02-24,29405.63,True,FUNC-000416
André,Borges,andré.borges.func416@aeroporto.com.br,369,3839,2016-05-12,15686.77,False,FUNC-000417
Rhavi,da Rosa,rhavi.da rosa.func417@aeroporto.com.br,770,919,2013-06-27,19377.19,True,FUNC-000418
Sophie,Rocha,sophie.rocha.func418@aeroporto.com.br,687,4033,2014-05-15,20570.0,True,FUNC-000419
Alexia,Fogaça,alexia.fogaça.func419@aeroporto.com.br,858,3334,2014-08-12,13282.81,True,FUNC-000420
Rafaela,Abreu,rafaela.abreu.func420@aeroporto.com.br,927,2919,2018-04-15,32577.48,True,FUNC-000421
Maria Eduarda,Mendes,maria eduarda.mendes.func421@aeroporto.com.br,254,2857,2026-02-11,4409.57,True,FUNC-000422
Leandro,Castro,leandro.castro.func422@aeroporto.com.br,937,1800,2016-07-02,22465.54,True,FUNC-000423
Nathan,da Conceição,nathan.da conceição.func423@aeroporto.com.br,775,860,2021-03-13,5968.32,True,FUNC-000424
Apollo,Gonçalves,apollo.gonçalves.func424@aeroporto.com.br,459,3789,2021-01-17,15883.9,True,FUNC-000425
Ana Vitória,Siqueira,ana vitória.siqueira.func425@aeroporto.com.br,852,2389,2026-02-25,13621.97,True,FUNC-000426
Ana Laura,Pires,ana laura.pires.func426@aeroporto.com.br,687,1439,2014-02-10,18552.58,True,FUNC-000427
Lucas,Câmara,lucas.câmara.func427@aeroporto.com.br,139,1531,2013-01-07,5175.55,True,FUNC-000428
Asafe,Borges,asafe.borges.func428@aeroporto.com.br,814,1674,2014-05-19,20020.84,True,FUNC-000429
Ana Sophia,Azevedo,ana sophia.azevedo.func429@aeroporto.com.br,503,2766,2013-07-21,24145.54,True,FUNC-000430
Ísis,Câmara,ísis.câmara.func430@aeroporto.com.br,400,1454,2015-03-01,14050.92,True,FUNC-000431
Maria Laura,Almeida,maria laura.almeida.func431@aeroporto.com.br,106,1199,2023-05-23,21380.12,True,FUNC-000432
Lunna,Pimenta,lunna.pimenta.func432@aeroporto.com.br,135,4395,2025-02-27,22583.09,True,FUNC-000433
Dante,Andrade,dante.andrade.func433@aeroporto.com.br,662,814,2014-12-26,12610.97,True,FUNC-000434
Davi,Castro,davi.castro.func434@aeroporto.com.br,182,4953,2014-06-22,7096.12,True,FUNC-000435
Agatha,Pires,agatha.pires.func435@aeroporto.com.br,607,3233,2014-03-27,34627.89,False,FUNC-000436
Maria Eduarda,Nunes,maria eduarda.nunes.func436@aeroporto.com.br,294,1021,2023-06-18,17197.23,True,FUNC-000437
Paulo,Brito,paulo.brito.func437@aeroporto.com.br,298,877,2018-02-18,13326.73,True,FUNC-000438
Isabel,da Costa,isabel.da costa.func438@aeroporto.com.br,943,248,2023-10-09,3119.84,True,FUNC-000439
João Miguel,da Mota,joão miguel.da mota.func439@aeroporto.com.br,399,1289,2012-11-12,16393.49,True,FUNC-000440
Milena,Almeida,milena.almeida.func440@aeroporto.com.br,23,4180,2020-03-01,26998.33,True,FUNC-000441
Felipe,Vargas,felipe.vargas.func441@aeroporto.com.br,817,73,2016-02-05,6153.05,True,FUNC-000442
Maria Sophia,Vasconcelos,maria sophia.vasconcelos.func442@aeroporto.com.br,441,4053,2025-11-09,7938.27,True,FUNC-000443
Ana Luiza,Sousa,ana luiza.sousa.func443@aeroporto.com.br,878,1073,2012-07-04,5491.21,True,FUNC-000444
Eduarda,Carvalho,eduarda.carvalho.func444@aeroporto.com.br,350,2373,2015-05-31,19513.94,True,FUNC-000445
Elisa,Montenegro,elisa.montenegro.func445@aeroporto.com.br,697,2225,2020-09-30,22833.2,True,FUNC-000446
Leonardo,Silveira,leonardo.silveira.func446@aeroporto.com.br,820,4440,2019-12-13,5237.99,True,FUNC-000447
Anthony,Silva,anthony.silva.func447@aeroporto.com.br,940,2896,2023-04-18,22489.05,True,FUNC-000448
Miguel,Barbosa,miguel.barbosa.func448@aeroporto.com.br,856,4601,2013-08-17,11764.66,True,FUNC-000449
Théo,Costela,théo.costela.func449@aeroporto.com.br,22,3037,2020-06-03,14994.86,True,FUNC-000450
Maria Julia,Viana,maria julia.viana.func450@aeroporto.com.br,306,3816,2012-05-09,3699.28,True,FUNC-000451
Emanuel,Machado,emanuel.machado.func451@aeroporto.com.br,713,2983,2018-03-04,20848.4,True,FUNC-000452
Noah,Camargo,noah.camargo.func452@aeroporto.com.br,514,1916,2016-04-09,12980.85,True,FUNC-000453
Bento,Cassiano,bento.cassiano.func453@aeroporto.com.br,328,3815,2019-04-30,19811.77,False,FUNC-000454
Stella,da Cunha,stella.da cunha.func454@aeroporto.com.br,431,1393,2021-10-12,13318.95,True,FUNC-000455
Enrico,Pereira,enrico.pereira.func455@aeroporto.com.br,672,2708,2013-11-30,19318.32,True,FUNC-000456
Mateus,Cunha,mateus.cunha.func456@aeroporto.com.br,89,2102,2019-08-20,9202.97,True,FUNC-000457
Lucca,Vasconcelos,lucca.vasconcelos.func457@aeroporto.com.br,448,3163,2024-11-03,20932.0,True,FUNC-000458
Maitê,da Rosa,maitê.da rosa.func458@aeroporto.com.br,499,2243,2017-06-19,28762.21,True,FUNC-000459
Raul,Ferreira,raul.ferreira.func459@aeroporto.com.br,475,4692,2017-04-22,18435.51,True,FUNC-000460
Arthur Gabriel,Santos,arthur gabriel.santos.func460@aeroporto.com.br,364,846,2025-09-03,22555.71,True,FUNC-000461
Lorena,Casa Grande,lorena.casa grande.func461@aeroporto.com.br,896,3383,2024-03-19,25432.99,True,FUNC-000462
Ana Cecília,Cardoso,ana cecília.cardoso.func462@aeroporto.com.br,476,4552,2025-08-16,16107.08,True,FUNC-000463
Brayan,da Mata,brayan.da mata.func463@aeroporto.com.br,95,2699,2022-02-01,31542.14,True,FUNC-000464
Mariane,Jesus,mariane.jesus.func464@aeroporto.com.br,917,4417,2014-12-11,34296.68,True,FUNC-000465
Ravi Lucca,Albuquerque,ravi lucca.albuquerque.func465@aeroporto.com.br,507,2481,2025-03-31,12851.21,True,FUNC-000466
Felipe,Viana,felipe.viana.func466@aeroporto.com.br,495,2104,2012-09-05,11731.61,True,FUNC-000467
Lucca,Alves,lucca.alves.func467@aeroporto.com.br,361,587,2016-10-22,9127.19,True,FUNC-000468
Josué,da Mota,josué.da mota.func468@aeroporto.com.br,34,778,2015-12-04,28205.33,True,FUNC-000469
Raquel,da Mota,raquel.da mota.func469@aeroporto.com.br,13,917,2013-08-28,4288.0,True,FUNC-000470
Maria Flor,Monteiro,maria flor.monteiro.func470@aeroporto.com.br,117,3418,2020-10-10,9614.24,True,FUNC-000471
Evelyn,Macedo,evelyn.macedo.func471@aeroporto.com.br,75,952,2012-08-20,8909.43,True,FUNC-000472
Bento,Campos,bento.campos.func472@aeroporto.com.br,818,3412,2013-08-03,17374.74,True,FUNC-000473
Manuella,Teixeira,manuella.teixeira.func473@aeroporto.com.br,65,598,2015-02-03,25806.89,True,FUNC-000474
Maria Luiza,Nascimento,maria luiza.nascimento.func474@aeroporto.com.br,677,1088,2024-09-05,32121.55,True,FUNC-000475
Juliana,da Luz,juliana.da luz.func475@aeroporto.com.br,575,3620,2017-01-08,2796.14,True,FUNC-000476
Isaque,Guerra,isaque.guerra.func476@aeroporto.com.br,908,3078,2019-09-05,34006.23,True,FUNC-000477
Ísis,Moreira,ísis.moreira.func477@aeroporto.com.br,409,3363,2017-09-02,7116.62,True,FUNC-000478
Arthur Miguel,Freitas,arthur miguel.freitas.func478@aeroporto.com.br,376,3111,2025-03-11,7479.08,True,FUNC-000479
Igor,Moreira,igor.moreira.func479@aeroporto.com.br,592,3257,2011-06-04,13325.13,True,FUNC-000480
Luísa,Aragão,luísa.aragão.func480@aeroporto.com.br,243,3981,2012-11-17,7092.83,True,FUNC-000481
Pedro Lucas,Porto,pedro lucas.porto.func481@aeroporto.com.br,670,750,2012-10-10,13943.87,True,FUNC-000482
Esther,Alves,esther.alves.func482@aeroporto.com.br,109,3153,2022-10-07,20700.4,True,FUNC-000483
Vitória,Vasconcelos,vitória.vasconcelos.func483@aeroporto.com.br,704,1041,2024-01-30,19873.37,True,FUNC-000484
Bernardo,Lima,bernardo.lima.func484@aeroporto.com.br,805,477,2014-03-05,7725.89,True,FUNC-000485
Manuella,Cavalcante,manuella.cavalcante.func485@aeroporto.com.br,424,1243,2021-03-07,26924.76,True,FUNC-000486
Maria Júlia,da Rosa,maria júlia.da rosa.func486@aeroporto.com.br,704,4314,2012-08-29,7058.13,True,FUNC-000487
Lorenzo,Mendes,lorenzo.mendes.func487@aeroporto.com.br,782,274,2024-07-07,28257.54,True,FUNC-000488
Sabrina,Cassiano,sabrina.cassiano.func488@aeroporto.com.br,381,876,2014-07-31,12456.71,True,FUNC-000489
Lucca,Correia,lucca.correia.func489@aeroporto.com.br,419,1703,2016-04-18,27172.84,True,FUNC-000490
Luiz Miguel,da Conceição,luiz miguel.da conceição.func490@aeroporto.com.br,321,1886,2014-03-30,13164.56,True,FUNC-000491
João Pedro,Sales,joão pedro.sales.func491@aeroporto.com.br,582,2716,2014-11-30,31086.78,True,FUNC-000492
Brayan,Pacheco,brayan.pacheco.func492@aeroporto.com.br,191,2794,2022-03-30,16504.54,True,FUNC-000493
Maria Clara,Pires,maria clara.pires.func493@aeroporto.com.br,302,4003,2012-05-16,24754.65,False,FUNC-000494
Fernando,Santos,fernando.santos.func494@aeroporto.com.br,666,710,2014-07-09,6074.93,True,FUNC-000495
Helena,Novaes,helena.novaes.func495@aeroporto.com.br,214,1680,2024-03-19,16577.32,True,FUNC-000496
João Felipe,Teixeira,joão felipe.teixeira.func496@aeroporto.com.br,104,4529,2013-02-23,23831.63,True,FUNC-000497
Ravy,Costa,ravy.costa.func497@aeroporto.com.br,68,2755,2015-12-21,21602.46,True,FUNC-000498
José Miguel,Correia,josé miguel.correia.func498@aeroporto.com.br,149,4490,2019-02-10,11115.67,True,FUNC-000499
Thiago,Santos,thiago.santos.func499@aeroporto.com.br,584,2624,2015-03-24,34730.8,True,FUNC-000500
Kamilly,Silveira,kamilly.silveira.func500@aeroporto.com.br,341,1715,2025-05-08,3148.79,True,FUNC-000501
Juan,Sá,juan.sá.func501@aeroporto.com.br,564,1719,2013-09-24,15563.75,True,FUNC-000502
Matteo,Pastor,matteo.pastor.func502@aeroporto.com.br,449,3225,2020-05-10,29027.07,True,FUNC-000503
Marcelo,Mendes,marcelo.mendes.func503@aeroporto.com.br,347,4198,2012-05-16,21903.95,True,FUNC-000504
Arthur Miguel,Gomes,arthur miguel.gomes.func504@aeroporto.com.br,360,632,2018-08-28,15770.16,True,FUNC-000505
João Pedro,Pimenta,joão pedro.pimenta.func505@aeroporto.com.br,85,3797,2016-02-09,34877.89,True,FUNC-000506
Marcos Vinicius,Vasconcelos,marcos vinicius.vasconcelos.func506@aeroporto.com.br,631,2273,2021-02-25,22318.31,True,FUNC-000507
Maria Luísa,Porto,maria luísa.porto.func507@aeroporto.com.br,537,1435,2014-04-15,8758.86,True,FUNC-000508
Vinícius,Carvalho,vinícius.carvalho.func508@aeroporto.com.br,464,773,2014-07-13,13883.83,True,FUNC-000509
Luna,Oliveira,luna.oliveira.func509@aeroporto.com.br,356,2903,2014-08-22,10846.94,True,FUNC-000510
Ana Carolina,Siqueira,ana carolina.siqueira.func510@aeroporto.com.br,352,4392,2018-08-30,12324.09,True,FUNC-000511
Levi,Ribeiro,levi.ribeiro.func511@aeroporto.com.br,77,4739,2022-01-05,27273.42,True,FUNC-000512
Bruno,Melo,bruno.melo.func512@aeroporto.com.br,563,857,2017-04-07,5505.26,True,FUNC-000513
Leandro,Cavalcante,leandro.cavalcante.func513@aeroporto.com.br,728,4921,2018-11-29,2900.41,True,FUNC-000514
Maria Luiza,Fernandes,maria luiza.fernandes.func514@aeroporto.com.br,206,2037,2020-06-03,18704.33,True,FUNC-000515
Nicole,Moura,nicole.moura.func515@aeroporto.com.br,941,596,2019-02-05,29381.14,True,FUNC-000516
Joaquim,da Paz,joaquim.da paz.func516@aeroporto.com.br,950,3674,2015-05-24,20118.79,True,FUNC-000517
Isabella,Fernandes,isabella.fernandes.func517@aeroporto.com.br,709,1419,2015-08-31,23441.41,True,FUNC-000518
Miguel,da Luz,miguel.da luz.func518@aeroporto.com.br,497,3942,2019-04-19,22655.2,True,FUNC-000519
Maria Isis,Aragão,maria isis.aragão.func519@aeroporto.com.br,999,1818,2014-11-02,15319.1,True,FUNC-000520
José,Moreira,josé.moreira.func520@aeroporto.com.br,91,904,2020-08-05,24556.27,True,FUNC-000521
Ana Beatriz,Siqueira,ana beatriz.siqueira.func521@aeroporto.com.br,429,949,2012-03-31,15738.27,True,FUNC-000522
Vitor Gabriel,Teixeira,vitor gabriel.teixeira.func522@aeroporto.com.br,441,3083,2016-05-05,17945.7,True,FUNC-000523
Lorena,Fonseca,lorena.fonseca.func523@aeroporto.com.br,366,3860,2018-10-13,5957.03,True,FUNC-000524
Carolina,Nunes,carolina.nunes.func524@aeroporto.com.br,532,3764,2023-04-28,6396.2,True,FUNC-000525
Ana Lívia,Nogueira,ana lívia.nogueira.func525@aeroporto.com.br,47,993,2022-03-26,16850.73,True,FUNC-000526
Rodrigo,Gomes,rodrigo.gomes.func526@aeroporto.com.br,526,1915,2024-01-18,18277.68,True,FUNC-000527
Maria Luiza,Pacheco,maria luiza.pacheco.func527@aeroporto.com.br,335,2466,2013-08-25,12718.91,True,FUNC-000528
Davi,Nogueira,davi.nogueira.func528@aeroporto.com.br,88,4622,2022-01-07,4054.51,True,FUNC-000529
Ana Beatriz,Fogaça,ana beatriz.fogaça.func529@aeroporto.com.br,954,4906,2018-04-09,10493.85,True,FUNC-000530
Heitor,Sales,heitor.sales.func530@aeroporto.com.br,484,2477,2014-01-02,19421.84,True,FUNC-000531
Isaque,Almeida,isaque.almeida.func531@aeroporto.com.br,118,4455,2019-06-29,19071.55,True,FUNC-000532
Bruna,Mendes,bruna.mendes.func532@aeroporto.com.br,971,3141,2025-02-27,9701.55,True,FUNC-000533
Davi Lucas,Pires,davi lucas.pires.func533@aeroporto.com.br,166,637,2020-11-17,9450.1,True,FUNC-000534
Valentina,Cassiano,valentina.cassiano.func534@aeroporto.com.br,626,1662,2018-08-20,31373.52,True,FUNC-000535
Letícia,Rodrigues,letícia.rodrigues.func535@aeroporto.com.br,491,1625,2013-06-21,28976.12,True,FUNC-000536
Maria Laura,Araújo,maria laura.araújo.func536@aeroporto.com.br,356,3454,2012-12-06,10053.57,True,FUNC-000537
Pietro,Vasconcelos,pietro.vasconcelos.func537@aeroporto.com.br,263,3940,2018-07-26,25458.07,True,FUNC-000538
Ravy,Ferreira,ravy.ferreira.func538@aeroporto.com.br,950,2177,2015-03-26,10627.31,True,FUNC-000539
Bento,Abreu,bento.abreu.func539@aeroporto.com.br,211,1997,2015-10-22,16076.66,True,FUNC-000540
Luana,Fogaça,luana.fogaça.func540@aeroporto.com.br,174,3153,2023-02-05,5811.87,True,FUNC-000541
Levi,Castro,levi.castro.func541@aeroporto.com.br,878,4090,2024-07-27,15346.5,True,FUNC-000542
Maitê,Moreira,maitê.moreira.func542@aeroporto.com.br,230,2635,2014-05-08,8426.57,True,FUNC-000543
Augusto,Martins,augusto.martins.func543@aeroporto.com.br,220,668,2016-10-08,22045.85,True,FUNC-000544
Ravi,Fogaça,ravi.fogaça.func544@aeroporto.com.br,177,4845,2025-09-12,17714.1,True,FUNC-000545
Vitor Hugo,Moraes,vitor hugo.moraes.func545@aeroporto.com.br,34,2044,2014-04-14,27407.51,True,FUNC-000546
Melina,Barbosa,melina.barbosa.func546@aeroporto.com.br,882,4210,2024-05-06,20941.89,True,FUNC-000547
Gabrielly,Novais,gabrielly.novais.func547@aeroporto.com.br,244,3896,2025-10-16,8877.12,True,FUNC-000548
José,Azevedo,josé.azevedo.func548@aeroporto.com.br,82,4478,2015-05-04,4109.37,True,FUNC-000549
Raul,Novaes,raul.novaes.func549@aeroporto.com.br,435,1182,2017-06-14,7552.5,True,FUNC-000550
Gabriel,Garcia,gabriel.garcia.func550@aeroporto.com.br,689,4536,2018-10-17,5270.37,True,FUNC-000551
Miguel,Viana,miguel.viana.func551@aeroporto.com.br,706,4830,2013-04-22,33237.73,True,FUNC-000552
Olivia,da Luz,olivia.da luz.func552@aeroporto.com.br,111,4235,2021-04-02,33069.34,True,FUNC-000553
Raul,da Paz,raul.da paz.func553@aeroporto.com.br,777,3182,2013-06-29,15625.12,True,FUNC-000554
Mathias,da Rosa,mathias.da rosa.func554@aeroporto.com.br,308,4679,2017-09-21,23162.92,True,FUNC-000555
Maria Luísa,Aragão,maria luísa.aragão.func555@aeroporto.com.br,278,4976,2020-12-25,20714.58,True,FUNC-000556
Gustavo,Monteiro,gustavo.monteiro.func556@aeroporto.com.br,548,1127,2019-06-21,17400.15,True,FUNC-000557
Ana Vitória,Rodrigues,ana vitória.rodrigues.func557@aeroporto.com.br,227,1099,2023-02-23,9254.0,True,FUNC-000558
Pedro Henrique,da Rocha,pedro henrique.da rocha.func558@aeroporto.com.br,696,4502,2014-12-23,29037.25,True,FUNC-000559
Pedro Lucas,Melo,pedro lucas.melo.func559@aeroporto.com.br,705,3326,2016-03-30,19961.23,True,FUNC-000560
Maria Laura,Vasconcelos,maria laura.vasconcelos.func560@aeroporto.com.br,177,996,2022-01-02,25618.85,True,FUNC-000561
Agatha,Sá,agatha.sá.func561@aeroporto.com.br,853,2302,2025-11-08,15007.05,True,FUNC-000562
Antonella,Fonseca,antonella.fonseca.func562@aeroporto.com.br,22,3188,2024-08-03,26081.52,True,FUNC-000563
Pietro,Alves,pietro.alves.func563@aeroporto.com.br,664,4404,2021-05-08,31307.31,True,FUNC-000564
Ester,Casa Grande,ester.casa grande.func564@aeroporto.com.br,470,1380,2022-02-26,24513.72,True,FUNC-000565
Maria Laura,Leão,maria laura.leão.func565@aeroporto.com.br,473,3871,2013-02-26,11815.06,True,FUNC-000566
Rodrigo,Novaes,rodrigo.novaes.func566@aeroporto.com.br,690,4135,2011-06-15,34718.38,True,FUNC-000567
Davi,Santos,davi.santos.func567@aeroporto.com.br,578,3379,2017-10-09,26914.78,True,FUNC-000568
Julia,da Costa,julia.da costa.func568@aeroporto.com.br,914,1684,2015-10-22,13782.93,True,FUNC-000569
Marcela,da Mota,marcela.da mota.func569@aeroporto.com.br,770,2065,2023-03-01,20408.45,True,FUNC-000570
Renan,Nascimento,renan.nascimento.func570@aeroporto.com.br,997,3057,2026-02-16,7923.17,True,FUNC-000571
Leandro,Novais,leandro.novais.func571@aeroporto.com.br,607,4969,2023-10-06,17210.22,True,FUNC-000572
Melissa,Carvalho,melissa.carvalho.func572@aeroporto.com.br,458,2306,2017-02-01,14502.17,True,FUNC-000573
Maria Julia,Nascimento,maria julia.nascimento.func573@aeroporto.com.br,228,2766,2017-08-23,18485.45,True,FUNC-000574
Ana Júlia,Fogaça,ana júlia.fogaça.func574@aeroporto.com.br,976,3760,2024-12-07,7306.44,True,FUNC-000575
Cecilia,Dias,cecilia.dias.func575@aeroporto.com.br,387,795,2011-09-22,15241.86,True,FUNC-000576
Ana Luiza,Caldeira,ana luiza.caldeira.func576@aeroporto.com.br,391,1480,2024-07-21,8342.85,True,FUNC-000577
Ana Vitória,Novaes,ana vitória.novaes.func577@aeroporto.com.br,349,3439,2024-05-17,29893.83,True,FUNC-000578
Maria Vitória,Ramos,maria vitória.ramos.func578@aeroporto.com.br,363,4974,2021-08-22,21581.95,True,FUNC-000579
Benjamin,Viana,benjamin.viana.func579@aeroporto.com.br,770,288,2016-03-06,23346.24,True,FUNC-000580
Mirella,Aragão,mirella.aragão.func580@aeroporto.com.br,376,1202,2017-11-21,32556.54,True,FUNC-000581
Bruno,Vasconcelos,bruno.vasconcelos.func581@aeroporto.com.br,59,1905,2018-03-23,22974.89,True,FUNC-000582
Maria Helena,Ribeiro,maria helena.ribeiro.func582@aeroporto.com.br,991,632,2021-07-21,5560.98,True,FUNC-000583
Luiz Henrique,da Mota,luiz henrique.da mota.func583@aeroporto.com.br,828,2064,2023-06-22,8956.83,True,FUNC-000584
Vicente,Pereira,vicente.pereira.func584@aeroporto.com.br,496,4935,2023-03-15,23863.45,True,FUNC-000585
Rafael,Pimenta,rafael.pimenta.func585@aeroporto.com.br,546,1179,2013-08-09,25801.19,True,FUNC-000586
Matheus,Borges,matheus.borges.func586@aeroporto.com.br,898,1177,2020-11-11,8341.35,True,FUNC-000587
João Felipe,Abreu,joão felipe.abreu.func587@aeroporto.com.br,580,548,2017-01-09,33954.1,True,FUNC-000588
Cauã,da Rosa,cauã.da rosa.func588@aeroporto.com.br,991,4378,2018-03-13,24781.92,True,FUNC-000589
Zoe,Siqueira,zoe.siqueira.func589@aeroporto.com.br,944,38,2016-06-16,28730.93,True,FUNC-000590
Caio,Viana,caio.viana.func590@aeroporto.com.br,151,258,2020-01-11,18553.07,True,FUNC-000591
Ana Beatriz,Vieira,ana beatriz.vieira.func591@aeroporto.com.br,763,2340,2011-06-15,16625.14,True,FUNC-000592
Valentim,Costa,valentim.costa.func592@aeroporto.com.br,549,1024,2026-02-24,18879.55,True,FUNC-000593
Vinícius,Monteiro,vinícius.monteiro.func593@aeroporto.com.br,953,2104,2025-03-31,6668.0,True,FUNC-000594
Vitor,Mendonça,vitor.mendonça.func594@aeroporto.com.br,408,1764,2022-01-04,16961.65,True,FUNC-000595
Maria Vitória,Nunes,maria vitória.nunes.func595@aeroporto.com.br,603,3778,2019-08-30,26886.86,True,FUNC-000596
Pietra,Cassiano,pietra.cassiano.func596@aeroporto.com.br,242,4414,2018-07-28,20473.21,True,FUNC-000597
Nina,Lima,nina.lima.func597@aeroporto.com.br,364,1377,2014-01-25,20427.62,True,FUNC-000598
Ana Carolina,Duarte,ana carolina.duarte.func598@aeroporto.com.br,6,3342,2026-03-07,13808.48,True,FUNC-000599
Rafaela,Correia,rafaela.correia.func599@aeroporto.com.br,324,929,2012-08-24,20160.13,False,FUNC-000600
Ana Carolina,Andrade,ana carolina.andrade.func600@aeroporto.com.br,129,2372,2021-03-30,16846.97,True,FUNC-000601
Igor,Rodrigues,igor.rodrigues.func601@aeroporto.com.br,225,1354,2022-04-19,31948.63,True,FUNC-000602
Luísa,Camargo,luísa.camargo.func602@aeroporto.com.br,849,3687,2016-01-05,34933.45,True,FUNC-000603
Maria Sophia,Cavalcanti,maria sophia.cavalcanti.func603@aeroporto.com.br,589,1918,2018-11-29,21658.29,True,FUNC-000604
Bernardo,da Costa,bernardo.da costa.func604@aeroporto.com.br,59,3223,2024-07-16,19368.44,True,FUNC-000605
Miguel,Pastor,miguel.pastor.func605@aeroporto.com.br,152,2980,2017-07-17,33066.67,True,FUNC-000606
Vitor,Pires,vitor.pires.func606@aeroporto.com.br,854,3729,2021-06-11,2664.82,True,FUNC-000607
Ryan,Duarte,ryan.duarte.func607@aeroporto.com.br,125,2968,2014-11-08,21246.48,True,FUNC-000608
Raul,Jesus,raul.jesus.func608@aeroporto.com.br,978,3181,2013-10-22,31384.42,True,FUNC-000609
Kaique,Pinto,kaique.pinto.func609@aeroporto.com.br,199,3795,2018-09-26,20039.34,True,FUNC-000610
Mariana,Martins,mariana.martins.func610@aeroporto.com.br,25,3846,2016-12-08,22040.1,True,FUNC-000611
Cauê,Lopes,cauê.lopes.func611@aeroporto.com.br,813,250,2014-10-12,19730.35,True,FUNC-000612
Maria Luiza,Rezende,maria luiza.rezende.func612@aeroporto.com.br,264,565,2023-03-02,13101.31,True,FUNC-000613
Pedro,Sá,pedro.sá.func613@aeroporto.com.br,148,771,2026-05-10,34484.43,True,FUNC-000614
Luiz Fernando,Santos,luiz fernando.santos.func614@aeroporto.com.br,631,1593,2022-06-05,33351.07,True,FUNC-000615
Caroline,Freitas,caroline.freitas.func615@aeroporto.com.br,688,86,2015-11-23,33879.43,True,FUNC-000616
Caleb,da Cunha,caleb.da cunha.func616@aeroporto.com.br,168,2825,2013-04-13,5373.29,True,FUNC-000617
Yasmin,das Neves,yasmin.das neves.func617@aeroporto.com.br,166,1869,2017-07-17,17985.26,True,FUNC-000618
Natália,Souza,natália.souza.func618@aeroporto.com.br,832,3000,2023-10-04,20700.16,True,FUNC-000619
Isabelly,Castro,isabelly.castro.func619@aeroporto.com.br,472,4241,2014-10-26,11329.65,True,FUNC-000620
Eduardo,Costa,eduardo.costa.func620@aeroporto.com.br,494,1303,2021-12-20,5117.19,True,FUNC-000621
Heloisa,Monteiro,heloisa.monteiro.func621@aeroporto.com.br,618,4155,2018-12-15,29825.88,True,FUNC-000622
Ana Liz,da Cruz,ana liz.da cruz.func622@aeroporto.com.br,873,363,2015-10-12,32450.5,True,FUNC-000623
Gustavo Henrique,Rezende,gustavo henrique.rezende.func623@aeroporto.com.br,227,1375,2015-12-22,2819.0,True,FUNC-000624
Fernanda,Macedo,fernanda.macedo.func624@aeroporto.com.br,720,4370,2012-08-20,5051.29,True,FUNC-000625
Maysa,Rezende,maysa.rezende.func625@aeroporto.com.br,617,1819,2011-08-06,23100.51,True,FUNC-000626
Davi Luiz,Lopes,davi luiz.lopes.func626@aeroporto.com.br,50,975,2016-06-29,23877.37,True,FUNC-000627
Ayla,Cavalcante,ayla.cavalcante.func627@aeroporto.com.br,239,2929,2026-03-22,17531.59,True,FUNC-000628
Maria Sophia,Costela,maria sophia.costela.func628@aeroporto.com.br,338,1706,2017-05-12,28658.92,True,FUNC-000629
João Miguel,Pires,joão miguel.pires.func629@aeroporto.com.br,968,3025,2024-04-21,7683.12,False,FUNC-000630
Arthur,Azevedo,arthur.azevedo.func630@aeroporto.com.br,352,2013,2015-03-30,21038.46,True,FUNC-000631
Oliver,da Rocha,oliver.da rocha.func631@aeroporto.com.br,275,2741,2023-07-04,18951.07,True,FUNC-000632
Rafael,Silveira,rafael.silveira.func632@aeroporto.com.br,30,4708,2017-12-19,7684.0,True,FUNC-000633
Ana Cecília,Gomes,ana cecília.gomes.func633@aeroporto.com.br,898,4756,2016-05-01,9351.31,True,FUNC-000634
Catarina,Nunes,catarina.nunes.func634@aeroporto.com.br,626,3626,2016-04-13,14197.44,True,FUNC-000635
Théo,Fonseca,théo.fonseca.func635@aeroporto.com.br,784,539,2012-04-19,6776.87,True,FUNC-000636
Anthony,da Rosa,anthony.da rosa.func636@aeroporto.com.br,906,4100,2011-12-05,15551.5,True,FUNC-000637
Henrique,Machado,henrique.machado.func637@aeroporto.com.br,559,1258,2019-02-10,28330.64,False,FUNC-000638
Kamilly,Marques,kamilly.marques.func638@aeroporto.com.br,174,2961,2025-03-30,11965.62,False,FUNC-000639
Evelyn,Carvalho,evelyn.carvalho.func639@aeroporto.com.br,230,700,2026-05-28,13555.87,True,FUNC-000640
Benício,Abreu,benício.abreu.func640@aeroporto.com.br,966,285,2015-05-24,5315.01,True,FUNC-000641
Ana Liz,Oliveira,ana liz.oliveira.func641@aeroporto.com.br,86,3312,2021-09-03,25916.34,True,FUNC-000642
Vinícius,Rodrigues,vinícius.rodrigues.func642@aeroporto.com.br,674,974,2012-07-15,9187.11,True,FUNC-000643
Henry Gabriel,Dias,henry gabriel.dias.func643@aeroporto.com.br,282,4124,2013-08-04,24219.07,False,FUNC-000644
Lorenzo,Guerra,lorenzo.guerra.func644@aeroporto.com.br,133,4157,2016-05-24,7281.66,True,FUNC-000645
Ana Liz,Aragão,ana liz.aragão.func645@aeroporto.com.br,292,1033,2020-11-22,18289.14,True,FUNC-000646
Theodoro,Brito,theodoro.brito.func646@aeroporto.com.br,82,287,2011-09-24,18756.22,True,FUNC-000647
Valentina,Garcia,valentina.garcia.func647@aeroporto.com.br,553,2068,2025-04-28,24098.11,True,FUNC-000648
Maria Julia,Cassiano,maria julia.cassiano.func648@aeroporto.com.br,934,3140,2016-04-19,20109.07,True,FUNC-000649
Benjamin,Rios,benjamin.rios.func649@aeroporto.com.br,104,154,2015-02-20,30487.36,True,FUNC-000650
Arthur Miguel,Farias,arthur miguel.farias.func650@aeroporto.com.br,407,2824,2023-03-06,14920.72,True,FUNC-000651
Thiago,Lima,thiago.lima.func651@aeroporto.com.br,729,1496,2017-07-26,8778.76,True,FUNC-000652
Ágatha,Ribeiro,ágatha.ribeiro.func652@aeroporto.com.br,952,3028,2019-11-10,31850.65,True,FUNC-000653
Sara,Macedo,sara.macedo.func653@aeroporto.com.br,875,2090,2024-09-17,5304.51,True,FUNC-000654
Ana Beatriz,Ramos,ana beatriz.ramos.func654@aeroporto.com.br,622,672,2025-05-03,9256.64,True,FUNC-000655
Luísa,Lopes,luísa.lopes.func655@aeroporto.com.br,303,3026,2019-12-05,25912.0,True,FUNC-000656
Ana Sophia,Barros,ana sophia.barros.func656@aeroporto.com.br,454,1160,2021-01-10,15517.57,True,FUNC-000657
Rodrigo,Silveira,rodrigo.silveira.func657@aeroporto.com.br,249,1168,2013-12-03,19597.18,True,FUNC-000658
Ísis,Lopes,ísis.lopes.func658@aeroporto.com.br,580,1648,2014-08-27,32334.92,True,FUNC-000659
Marcelo,Marques,marcelo.marques.func659@aeroporto.com.br,599,4121,2015-02-20,14630.29,True,FUNC-000660
Eduardo,Camargo,eduardo.camargo.func660@aeroporto.com.br,93,3734,2022-01-20,17745.7,True,FUNC-000661
Levi,Pereira,levi.pereira.func661@aeroporto.com.br,444,3671,2020-12-01,7098.99,True,FUNC-000662
Liam,Ramos,liam.ramos.func662@aeroporto.com.br,323,3855,2021-03-05,22126.92,True,FUNC-000663
Ísis,Moreira,ísis.moreira.func663@aeroporto.com.br,973,855,2015-05-31,20510.44,True,FUNC-000664
Nicole,Abreu,nicole.abreu.func664@aeroporto.com.br,754,3973,2024-06-07,23689.41,True,FUNC-000665
Yan,Camargo,yan.camargo.func665@aeroporto.com.br,369,75,2018-05-04,18973.32,True,FUNC-000666
Nicolas,Marques,nicolas.marques.func666@aeroporto.com.br,713,4887,2018-06-18,9772.03,True,FUNC-000667
Luísa,Abreu,luísa.abreu.func667@aeroporto.com.br,296,3543,2020-01-05,14875.42,True,FUNC-000668
Lorena,da Conceição,lorena.da conceição.func668@aeroporto.com.br,118,3928,2014-03-19,12455.25,False,FUNC-000669
Eduarda,Gonçalves,eduarda.gonçalves.func669@aeroporto.com.br,390,3087,2024-01-05,16270.39,True,FUNC-000670
Maysa,Farias,maysa.farias.func670@aeroporto.com.br,276,3404,2020-11-13,6611.67,True,FUNC-000671
Vitor,Pacheco,vitor.pacheco.func671@aeroporto.com.br,462,4879,2015-02-21,6180.59,True,FUNC-000672
Josué,Pacheco,josué.pacheco.func672@aeroporto.com.br,742,2151,2019-10-15,8766.74,True,FUNC-000673
Alexia,da Cruz,alexia.da cruz.func673@aeroporto.com.br,77,4071,2017-12-11,26844.33,True,FUNC-000674
Leandro,Monteiro,leandro.monteiro.func674@aeroporto.com.br,643,4505,2024-12-19,32886.92,True,FUNC-000675
Gael Henrique,da Cunha,gael henrique.da cunha.func675@aeroporto.com.br,940,3408,2025-02-03,31522.0,False,FUNC-000676
Isaque,Pires,isaque.pires.func676@aeroporto.com.br,626,1707,2025-12-24,22258.59,True,FUNC-000677
Mariane,Cavalcanti,mariane.cavalcanti.func677@aeroporto.com.br,126,4057,2013-11-27,20081.98,True,FUNC-000678
Kaique,Novaes,kaique.novaes.func678@aeroporto.com.br,438,861,2015-07-15,3683.49,True,FUNC-000679
Arthur Miguel,da Rosa,arthur miguel.da rosa.func679@aeroporto.com.br,608,2933,2020-03-02,12379.61,True,FUNC-000680
Larissa,Marques,larissa.marques.func680@aeroporto.com.br,580,1531,2024-07-19,28889.59,True,FUNC-000681
Sofia,Casa Grande,sofia.casa grande.func681@aeroporto.com.br,536,551,2026-05-20,30667.12,True,FUNC-000682
Sabrina,Montenegro,sabrina.montenegro.func682@aeroporto.com.br,698,448,2017-02-12,11058.66,True,FUNC-000683
Oliver,Mendes,oliver.mendes.func683@aeroporto.com.br,290,461,2022-02-04,32984.49,False,FUNC-000684
Thales,Moura,thales.moura.func684@aeroporto.com.br,471,2550,2022-03-17,31865.94,True,FUNC-000685
Heitor,Vasconcelos,heitor.vasconcelos.func685@aeroporto.com.br,538,1784,2024-11-16,16336.23,True,FUNC-000686
Ana Cecília,Pacheco,ana cecília.pacheco.func686@aeroporto.com.br,529,987,2023-03-26,9627.92,True,FUNC-000687
Isadora,Cavalcanti,isadora.cavalcanti.func687@aeroporto.com.br,294,4268,2015-06-25,34645.72,True,FUNC-000688
Ana Carolina,Porto,ana carolina.porto.func688@aeroporto.com.br,762,22,2011-07-31,11712.13,True,FUNC-000689
Levi,Barbosa,levi.barbosa.func689@aeroporto.com.br,225,3927,2017-11-16,12474.51,True,FUNC-000690
Théo,Santos,théo.santos.func690@aeroporto.com.br,271,1657,2018-07-12,12948.71,True,FUNC-000691
Laís,Ramos,laís.ramos.func691@aeroporto.com.br,421,61,2019-02-02,14562.66,True,FUNC-000692
Guilherme,Pimenta,guilherme.pimenta.func692@aeroporto.com.br,923,711,2015-09-01,14598.33,True,FUNC-000693
Yuri,Ribeiro,yuri.ribeiro.func693@aeroporto.com.br,253,4890,2013-12-20,10641.37,True,FUNC-000694
Sophia,Leão,sophia.leão.func694@aeroporto.com.br,976,1559,2013-07-25,27694.18,True,FUNC-000695
Ana Julia,Nascimento,ana julia.nascimento.func695@aeroporto.com.br,967,2285,2013-09-01,6362.11,True,FUNC-000696
Luiz Miguel,Cirino,luiz miguel.cirino.func696@aeroporto.com.br,596,2631,2021-01-30,33314.21,True,FUNC-000697
Théo,Câmara,théo.câmara.func697@aeroporto.com.br,502,4495,2013-08-30,4355.65,True,FUNC-000698
Luan,Sales,luan.sales.func698@aeroporto.com.br,374,553,2026-01-23,13698.25,True,FUNC-000699
Maria Eduarda,Teixeira,maria eduarda.teixeira.func699@aeroporto.com.br,575,3275,2013-04-09,24096.66,True,FUNC-000700
Eduardo,Dias,eduardo.dias.func700@aeroporto.com.br,456,1895,2013-08-10,30075.99,True,FUNC-000701
Oliver,Silveira,oliver.silveira.func701@aeroporto.com.br,602,4622,2017-04-27,20076.25,True,FUNC-000702
Mariane,Moreira,mariane.moreira.func702@aeroporto.com.br,778,819,2012-08-15,12102.39,True,FUNC-000703
Alice,Novaes,alice.novaes.func703@aeroporto.com.br,104,1399,2013-05-06,8277.92,True,FUNC-000704
Ágatha,Araújo,ágatha.araújo.func704@aeroporto.com.br,415,2790,2014-06-23,33658.01,True,FUNC-000705
Brayan,Freitas,brayan.freitas.func705@aeroporto.com.br,422,3367,2023-04-03,4398.26,True,FUNC-000706
Alexia,Vargas,alexia.vargas.func706@aeroporto.com.br,616,1577,2011-08-19,4472.31,True,FUNC-000707
Bruna,Moraes,bruna.moraes.func707@aeroporto.com.br,401,129,2013-08-21,8665.81,True,FUNC-000708
Maya,Rocha,maya.rocha.func708@aeroporto.com.br,130,532,2021-11-22,28159.25,True,FUNC-000709
Davi Luiz,da Mota,davi luiz.da mota.func709@aeroporto.com.br,392,4351,2011-08-25,23178.14,True,FUNC-000710
Vicente,Camargo,vicente.camargo.func710@aeroporto.com.br,961,756,2023-11-21,19790.5,True,FUNC-000711
Júlia,Sales,júlia.sales.func711@aeroporto.com.br,481,3983,2021-05-25,13998.57,True,FUNC-000712
Danilo,Ferreira,danilo.ferreira.func712@aeroporto.com.br,14,3133,2018-04-18,2716.16,True,FUNC-000713
Rhavi,Montenegro,rhavi.montenegro.func713@aeroporto.com.br,150,145,2011-09-11,20931.56,True,FUNC-000714
Ana Carolina,Alves,ana carolina.alves.func714@aeroporto.com.br,346,1305,2011-09-22,5082.22,True,FUNC-000715
Ana Laura,Fonseca,ana laura.fonseca.func715@aeroporto.com.br,349,3081,2017-08-18,11098.09,True,FUNC-000716
Luiz Miguel,Freitas,luiz miguel.freitas.func716@aeroporto.com.br,849,4800,2013-12-15,29311.45,True,FUNC-000717
Julia,Dias,julia.dias.func717@aeroporto.com.br,542,2562,2016-02-25,13947.68,True,FUNC-000718
Heloisa,Araújo,heloisa.araújo.func718@aeroporto.com.br,554,1344,2018-04-13,8344.76,True,FUNC-000719
Mariana,Pereira,mariana.pereira.func719@aeroporto.com.br,271,907,2014-06-15,10989.87,True,FUNC-000720
Julia,Montenegro,julia.montenegro.func720@aeroporto.com.br,208,4655,2020-09-25,34059.58,True,FUNC-000721
Nicole,da Conceição,nicole.da conceição.func721@aeroporto.com.br,980,3298,2015-08-28,16479.24,True,FUNC-000722
Ana Carolina,Sampaio,ana carolina.sampaio.func722@aeroporto.com.br,701,193,2017-10-12,18963.31,True,FUNC-000723
Sara,Albuquerque,sara.albuquerque.func723@aeroporto.com.br,314,1841,2021-03-02,30205.83,True,FUNC-000724
Luana,Silva,luana.silva.func724@aeroporto.com.br,389,2480,2021-11-28,8661.33,False,FUNC-000725
Juliana,da Costa,juliana.da costa.func725@aeroporto.com.br,199,1069,2011-06-03,16756.92,True,FUNC-000726
Ana Vitória,Souza,ana vitória.souza.func726@aeroporto.com.br,370,204,2018-03-27,20208.84,True,FUNC-000727
Maria Júlia,Fonseca,maria júlia.fonseca.func727@aeroporto.com.br,971,71,2016-11-19,30835.63,True,FUNC-000728
Cauã,Rezende,cauã.rezende.func728@aeroporto.com.br,26,4448,2014-11-03,10568.58,True,FUNC-000729
Luísa,Vieira,luísa.vieira.func729@aeroporto.com.br,786,2380,2018-03-29,26276.07,True,FUNC-000730
Ana Júlia,Sousa,ana júlia.sousa.func730@aeroporto.com.br,828,4882,2019-09-01,26819.84,True,FUNC-000731
Olivia,Pacheco,olivia.pacheco.func731@aeroporto.com.br,138,2733,2013-05-10,29437.64,True,FUNC-000732
Rafael,da Conceição,rafael.da conceição.func732@aeroporto.com.br,259,2173,2021-11-05,27368.31,True,FUNC-000733
Arthur,Abreu,arthur.abreu.func733@aeroporto.com.br,846,2660,2019-07-27,9071.26,True,FUNC-000734
Ana Clara,Lopes,ana clara.lopes.func734@aeroporto.com.br,379,2849,2014-03-06,22425.73,True,FUNC-000735
Pietra,Guerra,pietra.guerra.func735@aeroporto.com.br,550,674,2021-02-18,18775.27,True,FUNC-000736
Gustavo Henrique,Campos,gustavo henrique.campos.func736@aeroporto.com.br,253,2532,2012-05-10,10755.75,True,FUNC-000737
Bianca,Abreu,bianca.abreu.func737@aeroporto.com.br,576,3053,2018-07-02,27734.81,True,FUNC-000738
Stella,Cunha,stella.cunha.func738@aeroporto.com.br,846,216,2017-08-23,17606.94,True,FUNC-000739
Melissa,Sales,melissa.sales.func739@aeroporto.com.br,652,2253,2019-07-12,32130.53,True,FUNC-000740
Maya,Gomes,maya.gomes.func740@aeroporto.com.br,582,605,2018-02-25,15801.77,True,FUNC-000741
Mathias,Caldeira,mathias.caldeira.func741@aeroporto.com.br,661,4154,2018-11-04,12516.98,True,FUNC-000742
Diogo,Ribeiro,diogo.ribeiro.func742@aeroporto.com.br,772,2436,2021-10-10,11533.71,True,FUNC-000743
Luiza,da Cunha,luiza.da cunha.func743@aeroporto.com.br,702,3900,2022-06-04,12599.86,True,FUNC-000744
Cauã,Freitas,cauã.freitas.func744@aeroporto.com.br,897,1230,2025-11-28,14114.43,True,FUNC-000745
Theo,Mendonça,theo.mendonça.func745@aeroporto.com.br,367,4825,2018-08-04,4958.06,True,FUNC-000746
Luísa,Andrade,luísa.andrade.func746@aeroporto.com.br,801,153,2023-03-12,27347.94,False,FUNC-000747
Thomas,Barros,thomas.barros.func747@aeroporto.com.br,852,1726,2016-11-11,23879.84,True,FUNC-000748
Ian,Albuquerque,ian.albuquerque.func748@aeroporto.com.br,181,4709,2018-03-14,22062.08,True,FUNC-000749
Felipe,Cavalcanti,felipe.cavalcanti.func749@aeroporto.com.br,330,2721,2026-01-31,19528.56,True,FUNC-000750
Bruna,Casa Grande,bruna.casa grande.func750@aeroporto.com.br,236,1197,2012-06-21,27505.83,True,FUNC-000751
Isis,Araújo,isis.araújo.func751@aeroporto.com.br,230,3755,2016-09-27,25796.95,True,FUNC-000752
Manuela,Peixoto,manuela.peixoto.func752@aeroporto.com.br,475,2620,2021-08-17,6355.85,True,FUNC-000753
Pietro,da Mata,pietro.da mata.func753@aeroporto.com.br,597,1949,2025-04-28,16520.86,True,FUNC-000754
Josué,Sales,josué.sales.func754@aeroporto.com.br,709,2349,2014-06-06,34739.59,True,FUNC-000755
Davi Lucas,Sampaio,davi lucas.sampaio.func755@aeroporto.com.br,213,2593,2025-06-04,21261.52,True,FUNC-000756
Ana Beatriz,Montenegro,ana beatriz.montenegro.func756@aeroporto.com.br,600,3062,2023-12-16,29138.35,True,FUNC-000757
Valentina,Dias,valentina.dias.func757@aeroporto.com.br,356,652,2012-11-27,3913.3,False,FUNC-000758
Vitor Hugo,Fernandes,vitor hugo.fernandes.func758@aeroporto.com.br,38,1202,2025-05-22,7042.66,True,FUNC-000759
Mariana,Sampaio,mariana.sampaio.func759@aeroporto.com.br,946,4546,2021-02-06,16821.37,True,FUNC-000760
Aylla,Guerra,aylla.guerra.func760@aeroporto.com.br,246,198,2012-03-10,32410.65,True,FUNC-000761
Catarina,Leão,catarina.leão.func761@aeroporto.com.br,549,1752,2024-06-12,17998.82,True,FUNC-000762
Benício,Mendes,benício.mendes.func762@aeroporto.com.br,999,3144,2015-07-13,20317.68,True,FUNC-000763
Maria Flor,Macedo,maria flor.macedo.func763@aeroporto.com.br,247,1533,2012-11-04,30486.96,True,FUNC-000764
Isaque,Montenegro,isaque.montenegro.func764@aeroporto.com.br,287,3913,2020-08-05,34664.92,True,FUNC-000765
Luiz Miguel,Ramos,luiz miguel.ramos.func765@aeroporto.com.br,226,2612,2015-09-16,15552.85,True,FUNC-000766
Luan,Alves,luan.alves.func766@aeroporto.com.br,852,273,2025-11-05,34281.65,True,FUNC-000767
Antonella,Campos,antonella.campos.func767@aeroporto.com.br,739,4527,2014-06-26,8451.24,True,FUNC-000768
Evelyn,Santos,evelyn.santos.func768@aeroporto.com.br,901,935,2015-06-05,15705.81,True,FUNC-000769
Luan,Carvalho,luan.carvalho.func769@aeroporto.com.br,605,1333,2011-07-27,14116.39,True,FUNC-000770
Isadora,Porto,isadora.porto.func770@aeroporto.com.br,455,1885,2013-05-06,12404.13,True,FUNC-000771
Thiago,Rodrigues,thiago.rodrigues.func771@aeroporto.com.br,542,4914,2023-12-22,32837.12,True,FUNC-000772
Heitor,Machado,heitor.machado.func772@aeroporto.com.br,128,4933,2026-03-17,18500.8,True,FUNC-000773
Ravi,Melo,ravi.melo.func773@aeroporto.com.br,658,4087,2024-03-25,31368.5,True,FUNC-000774
Gustavo Henrique,da Paz,gustavo henrique.da paz.func774@aeroporto.com.br,809,1693,2022-07-03,12725.28,True,FUNC-000775
Thomas,Sales,thomas.sales.func775@aeroporto.com.br,584,4372,2014-07-26,17739.85,True,FUNC-000776
Ian,da Paz,ian.da paz.func776@aeroporto.com.br,866,1023,2025-08-06,16778.81,True,FUNC-000777
Augusto,Castro,augusto.castro.func777@aeroporto.com.br,994,71,2012-02-16,15044.68,True,FUNC-000778
Lucca,Azevedo,lucca.azevedo.func778@aeroporto.com.br,894,3606,2023-04-25,22009.92,True,FUNC-000779
Danilo,Siqueira,danilo.siqueira.func779@aeroporto.com.br,158,2063,2013-08-16,28731.02,True,FUNC-000780
Melissa,da Cruz,melissa.da cruz.func780@aeroporto.com.br,173,1208,2023-07-29,25760.27,True,FUNC-000781
Vicente,Moraes,vicente.moraes.func781@aeroporto.com.br,617,1141,2018-07-29,32527.5,True,FUNC-000782
Marcos Vinicius,Rodrigues,marcos vinicius.rodrigues.func782@aeroporto.com.br,687,3090,2026-01-06,5338.41,True,FUNC-000783
Esther,Dias,esther.dias.func783@aeroporto.com.br,769,704,2018-12-07,34986.72,True,FUNC-000784
Marina,Souza,marina.souza.func784@aeroporto.com.br,410,4628,2016-10-06,10897.16,True,FUNC-000785
Vicente,Correia,vicente.correia.func785@aeroporto.com.br,170,4055,2022-01-30,15504.06,True,FUNC-000786
Maria,Cavalcanti,maria.cavalcanti.func786@aeroporto.com.br,626,3455,2021-07-24,14571.21,False,FUNC-000787
Antonella,da Rocha,antonella.da rocha.func787@aeroporto.com.br,309,288,2012-07-05,5968.42,True,FUNC-000788
Lucas,Vieira,lucas.vieira.func788@aeroporto.com.br,360,4296,2016-12-01,33340.65,True,FUNC-000789
Luiz Fernando,Brito,luiz fernando.brito.func789@aeroporto.com.br,647,3699,2024-02-04,29356.07,True,FUNC-000790
Enrico,Sousa,enrico.sousa.func790@aeroporto.com.br,133,1049,2013-06-12,21597.76,True,FUNC-000791
Isabela,Pacheco,isabela.pacheco.func791@aeroporto.com.br,282,160,2025-05-07,16264.59,True,FUNC-000792
Lunna,Silva,lunna.silva.func792@aeroporto.com.br,736,1665,2014-08-26,22988.76,True,FUNC-000793
Isabela,Guerra,isabela.guerra.func793@aeroporto.com.br,156,2118,2017-09-20,32640.16,True,FUNC-000794
Yago,Abreu,yago.abreu.func794@aeroporto.com.br,242,182,2024-01-28,32937.11,True,FUNC-000795
Sabrina,Andrade,sabrina.andrade.func795@aeroporto.com.br,490,3640,2012-02-24,9843.94,True,FUNC-000796
Agatha,Costa,agatha.costa.func796@aeroporto.com.br,395,2852,2020-02-16,3290.97,True,FUNC-000797
Isabela,Vargas,isabela.vargas.func797@aeroporto.com.br,712,2695,2017-01-14,12062.86,True,FUNC-000798
Luiz Otávio,Jesus,luiz otávio.jesus.func798@aeroporto.com.br,235,887,2025-12-10,6685.18,True,FUNC-000799
Rebeca,da Paz,rebeca.da paz.func799@aeroporto.com.br,354,2731,2012-11-11,33555.77,True,FUNC-000800
Lorena,Silveira,lorena.silveira.func800@aeroporto.com.br,926,4707,2011-11-20,17604.73,True,FUNC-000801
Anna Liz,Costa,anna liz.costa.func801@aeroporto.com.br,102,3605,2021-11-30,24197.64,True,FUNC-000802
Bruno,Aparecida,bruno.aparecida.func802@aeroporto.com.br,968,1135,2022-01-04,2967.64,True,FUNC-000803
Alexandre,Fonseca,alexandre.fonseca.func803@aeroporto.com.br,657,2878,2020-12-26,29334.98,True,FUNC-000804
Yuri,Moura,yuri.moura.func804@aeroporto.com.br,639,2428,2024-06-16,21365.8,True,FUNC-000805
Francisco,da Cruz,francisco.da cruz.func805@aeroporto.com.br,518,3352,2018-06-07,8838.9,True,FUNC-000806
Catarina,Leão,catarina.leão.func806@aeroporto.com.br,55,1304,2024-06-28,16478.3,True,FUNC-000807
Anna Liz,Jesus,anna liz.jesus.func807@aeroporto.com.br,571,3265,2017-04-06,17986.27,True,FUNC-000808
Julia,Gonçalves,julia.gonçalves.func808@aeroporto.com.br,714,1196,2018-02-24,32732.78,True,FUNC-000809
Rhavi,Costa,rhavi.costa.func809@aeroporto.com.br,676,4474,2012-03-09,32670.58,True,FUNC-000810
Antony,Castro,antony.castro.func810@aeroporto.com.br,568,3640,2017-01-23,29624.3,True,FUNC-000811
Thomas,Cunha,thomas.cunha.func811@aeroporto.com.br,33,2345,2019-05-22,14571.23,True,FUNC-000812
Oliver,Caldeira,oliver.caldeira.func812@aeroporto.com.br,808,4076,2026-01-20,25350.27,True,FUNC-000813
Heloísa,Machado,heloísa.machado.func813@aeroporto.com.br,807,2396,2018-07-23,27667.69,True,FUNC-000814
Melissa,Martins,melissa.martins.func814@aeroporto.com.br,797,2077,2016-10-03,18040.53,True,FUNC-000815
Josué,Sousa,josué.sousa.func815@aeroporto.com.br,764,2469,2022-12-11,17289.25,True,FUNC-000816
Ana Luiza,Siqueira,ana luiza.siqueira.func816@aeroporto.com.br,969,4890,2018-03-08,23948.53,True,FUNC-000817
Vinicius,Gonçalves,vinicius.gonçalves.func817@aeroporto.com.br,612,1703,2011-10-23,9228.96,True,FUNC-000818
Isabela,Cirino,isabela.cirino.func818@aeroporto.com.br,446,4939,2016-10-13,15809.93,False,FUNC-000819
Diego,Andrade,diego.andrade.func819@aeroporto.com.br,235,4579,2015-12-28,29710.3,True,FUNC-000820
Zoe,Cavalcanti,zoe.cavalcanti.func820@aeroporto.com.br,325,1267,2024-05-04,18646.04,True,FUNC-000821
Mirella,Aragão,mirella.aragão.func821@aeroporto.com.br,10,358,2012-09-05,20105.76,True,FUNC-000822
Maria Alice,Souza,maria alice.souza.func822@aeroporto.com.br,713,2529,2016-04-18,10188.49,True,FUNC-000823
Cecília,da Rosa,cecília.da rosa.func823@aeroporto.com.br,724,2264,2018-10-12,26163.53,True,FUNC-000824
Isadora,Guerra,isadora.guerra.func824@aeroporto.com.br,530,4340,2014-06-14,8528.66,True,FUNC-000825
Laís,da Rocha,laís.da rocha.func825@aeroporto.com.br,900,2843,2020-07-17,6414.65,True,FUNC-000826
Maria Luiza,Costa,maria luiza.costa.func826@aeroporto.com.br,702,634,2022-05-25,2994.65,True,FUNC-000827
Anthony,Caldeira,anthony.caldeira.func827@aeroporto.com.br,672,4681,2014-07-25,25909.12,True,FUNC-000828
Oliver,Teixeira,oliver.teixeira.func828@aeroporto.com.br,696,2701,2012-07-02,33901.07,True,FUNC-000829
Emanuella,Pires,emanuella.pires.func829@aeroporto.com.br,49,3854,2026-03-26,19058.8,True,FUNC-000830
Isabela,Gomes,isabela.gomes.func830@aeroporto.com.br,28,890,2014-03-02,15688.26,True,FUNC-000831
Isabella,Oliveira,isabella.oliveira.func831@aeroporto.com.br,532,2686,2019-07-04,26652.15,True,FUNC-000832
Caroline,Fogaça,caroline.fogaça.func832@aeroporto.com.br,311,4394,2014-12-04,26052.87,False,FUNC-000833
Heloisa,Vargas,heloisa.vargas.func833@aeroporto.com.br,751,3790,2011-10-08,13963.77,True,FUNC-000834
Julia,da Mota,julia.da mota.func834@aeroporto.com.br,544,2543,2021-02-28,23979.51,True,FUNC-000835
Isabel,Ramos,isabel.ramos.func835@aeroporto.com.br,577,1536,2013-10-09,26187.33,True,FUNC-000836
Isaque,Vasconcelos,isaque.vasconcelos.func836@aeroporto.com.br,566,3819,2021-01-13,3087.06,True,FUNC-000837
Maria Sophia,Lopes,maria sophia.lopes.func837@aeroporto.com.br,888,1493,2017-05-02,14600.93,True,FUNC-000838
Mirella,Moura,mirella.moura.func838@aeroporto.com.br,935,2674,2018-03-19,19967.65,False,FUNC-000839
Benjamim,Santos,benjamim.santos.func839@aeroporto.com.br,616,3633,2020-09-27,19429.29,True,FUNC-000840
Henry Gabriel,Silveira,henry gabriel.silveira.func840@aeroporto.com.br,159,1756,2025-11-05,13082.66,True,FUNC-000841
Lucca,Ferreira,lucca.ferreira.func841@aeroporto.com.br,297,376,2013-06-24,22623.81,True,FUNC-000842
Enzo,Cunha,enzo.cunha.func842@aeroporto.com.br,417,2832,2015-04-19,5049.63,True,FUNC-000843
Raquel,Pastor,raquel.pastor.func843@aeroporto.com.br,142,205,2019-12-01,12590.65,True,FUNC-000844
Maria Laura,Cavalcanti,maria laura.cavalcanti.func844@aeroporto.com.br,95,2809,2024-03-27,25792.18,True,FUNC-000845
Maya,Aragão,maya.aragão.func845@aeroporto.com.br,657,241,2021-03-08,8681.08,True,FUNC-000846
Vinícius,Azevedo,vinícius.azevedo.func846@aeroporto.com.br,899,4756,2017-11-19,25053.89,True,FUNC-000847
Ana Liz,Araújo,ana liz.araújo.func847@aeroporto.com.br,412,2100,2018-03-10,13426.2,True,FUNC-000848
Diego,Fonseca,diego.fonseca.func848@aeroporto.com.br,958,3905,2019-08-22,20438.68,True,FUNC-000849
Mateus,Lima,mateus.lima.func849@aeroporto.com.br,507,2896,2015-06-19,12019.36,True,FUNC-000850
Elisa,Jesus,elisa.jesus.func850@aeroporto.com.br,222,187,2012-10-04,30316.64,True,FUNC-000851
Bryan,Lopes,bryan.lopes.func851@aeroporto.com.br,988,1437,2013-11-09,16734.19,True,FUNC-000852
Valentina,Correia,valentina.correia.func852@aeroporto.com.br,223,4746,2024-08-21,17121.18,True,FUNC-000853
Helena,Albuquerque,helena.albuquerque.func853@aeroporto.com.br,629,4774,2011-12-31,19958.07,True,FUNC-000854
Isabel,Dias,isabel.dias.func854@aeroporto.com.br,703,508,2013-04-30,16015.17,True,FUNC-000855
Henrique,Lima,henrique.lima.func855@aeroporto.com.br,295,3685,2020-01-01,21838.89,True,FUNC-000856
Antônio,Silveira,antônio.silveira.func856@aeroporto.com.br,299,92,2015-03-06,33328.52,True,FUNC-000857
Gabriel,da Luz,gabriel.da luz.func857@aeroporto.com.br,493,3790,2012-12-02,9259.75,True,FUNC-000858
Ravy,Ramos,ravy.ramos.func858@aeroporto.com.br,649,2726,2026-03-12,27926.82,True,FUNC-000859
Maria Flor,Freitas,maria flor.freitas.func859@aeroporto.com.br,34,1204,2024-03-27,5395.27,True,FUNC-000860
Juan,Lima,juan.lima.func860@aeroporto.com.br,123,2278,2013-07-05,22112.58,True,FUNC-000861
Leonardo,Lima,leonardo.lima.func861@aeroporto.com.br,416,4420,2015-11-22,27570.87,True,FUNC-000862
Dante,da Luz,dante.da luz.func862@aeroporto.com.br,765,3630,2012-02-15,11075.98,True,FUNC-000863
Luna,Pacheco,luna.pacheco.func863@aeroporto.com.br,171,1222,2020-09-26,6756.64,False,FUNC-000864
Lucas Gabriel,Ribeiro,lucas gabriel.ribeiro.func864@aeroporto.com.br,657,4470,2025-08-20,11051.02,True,FUNC-000865
Benicio,Pires,benicio.pires.func865@aeroporto.com.br,392,4595,2018-08-22,25092.25,True,FUNC-000866
Matheus,da Cruz,matheus.da cruz.func866@aeroporto.com.br,383,3793,2013-01-15,31237.04,True,FUNC-000867
Bella,Ribeiro,bella.ribeiro.func867@aeroporto.com.br,391,3454,2012-06-06,17870.43,True,FUNC-000868
Juliana,Porto,juliana.porto.func868@aeroporto.com.br,67,2635,2026-01-10,14279.74,True,FUNC-000869
Maria Sophia,Pimenta,maria sophia.pimenta.func869@aeroporto.com.br,138,4349,2014-04-26,22269.13,True,FUNC-000870
Lara,da Mata,lara.da mata.func870@aeroporto.com.br,301,3514,2014-04-19,18185.22,True,FUNC-000871
Antônio,Rodrigues,antônio.rodrigues.func871@aeroporto.com.br,362,3338,2019-01-15,17317.61,True,FUNC-000872
Enrico,Cavalcanti,enrico.cavalcanti.func872@aeroporto.com.br,280,4063,2012-09-06,33666.67,True,FUNC-000873
Gael Henrique,Costa,gael henrique.costa.func873@aeroporto.com.br,514,4228,2025-05-07,6869.87,True,FUNC-000874
Rafaela,Martins,rafaela.martins.func874@aeroporto.com.br,955,1533,2013-06-08,6071.51,True,FUNC-000875
Liam,Vieira,liam.vieira.func875@aeroporto.com.br,483,268,2019-01-31,4159.52,True,FUNC-000876
Benjamim,Moreira,benjamim.moreira.func876@aeroporto.com.br,100,527,2015-05-24,20320.56,True,FUNC-000877
Maria Cecília,Silveira,maria cecília.silveira.func877@aeroporto.com.br,187,3886,2013-04-21,8062.52,True,FUNC-000878
Brenda,Costa,brenda.costa.func878@aeroporto.com.br,72,3865,2024-06-06,13364.27,True,FUNC-000879
Ana Julia,Montenegro,ana julia.montenegro.func879@aeroporto.com.br,722,923,2019-02-07,9851.6,True,FUNC-000880
Gabriel,Costa,gabriel.costa.func880@aeroporto.com.br,508,3289,2016-08-29,32709.72,True,FUNC-000881
Brayan,Sales,brayan.sales.func881@aeroporto.com.br,677,3559,2020-06-25,30396.06,True,FUNC-000882
Mathias,Nunes,mathias.nunes.func882@aeroporto.com.br,600,2447,2019-05-13,32061.27,True,FUNC-000883
Daniela,Rezende,daniela.rezende.func883@aeroporto.com.br,489,66,2019-03-10,18098.96,True,FUNC-000884
Enzo Gabriel,Costela,enzo gabriel.costela.func884@aeroporto.com.br,438,1769,2023-08-16,21779.3,True,FUNC-000885
Alícia,Pinto,alícia.pinto.func885@aeroporto.com.br,286,72,2024-04-06,18393.16,True,FUNC-000886
Evelyn,Ferreira,evelyn.ferreira.func886@aeroporto.com.br,582,4859,2013-10-29,29968.85,True,FUNC-000887
Leandro,Sá,leandro.sá.func887@aeroporto.com.br,409,3794,2017-09-30,30531.29,True,FUNC-000888
Maysa,Lopes,maysa.lopes.func888@aeroporto.com.br,319,338,2023-04-25,22715.96,True,FUNC-000889
Beatriz,Abreu,beatriz.abreu.func889@aeroporto.com.br,915,1177,2024-06-10,16018.28,True,FUNC-000890
Bruno,Sousa,bruno.sousa.func890@aeroporto.com.br,79,4432,2019-04-29,16879.6,True,FUNC-000891
Agatha,da Mota,agatha.da mota.func891@aeroporto.com.br,225,4372,2021-10-12,34015.68,True,FUNC-000892
Gael Henrique,da Paz,gael henrique.da paz.func892@aeroporto.com.br,586,3503,2014-02-03,34413.09,True,FUNC-000893
Léo,da Conceição,léo.da conceição.func893@aeroporto.com.br,74,2827,2022-02-03,33362.58,True,FUNC-000894
Alana,Martins,alana.martins.func894@aeroporto.com.br,989,238,2012-11-10,15933.12,True,FUNC-000895
Daniel,Fernandes,daniel.fernandes.func895@aeroporto.com.br,317,1381,2019-04-14,8836.08,True,FUNC-000896
Thiago,Campos,thiago.campos.func896@aeroporto.com.br,121,4563,2024-08-09,4178.15,True,FUNC-000897
Maitê,Pinto,maitê.pinto.func897@aeroporto.com.br,744,949,2025-05-30,34918.69,True,FUNC-000898
Oliver,Ribeiro,oliver.ribeiro.func898@aeroporto.com.br,551,239,2014-06-09,22438.78,True,FUNC-000899
Enzo Gabriel,Ramos,enzo gabriel.ramos.func899@aeroporto.com.br,318,4271,2017-04-22,15654.23,True,FUNC-000900
Allana,da Rosa,allana.da rosa.func900@aeroporto.com.br,939,1983,2012-02-17,26891.64,True,FUNC-000901
Maria Liz,da Luz,maria liz.da luz.func901@aeroporto.com.br,155,1236,2024-09-10,8804.95,True,FUNC-000902
Henry Gabriel,Moraes,henry gabriel.moraes.func902@aeroporto.com.br,463,1375,2013-10-10,32836.72,True,FUNC-000903
Joana,Camargo,joana.camargo.func903@aeroporto.com.br,585,105,2021-10-02,19094.21,True,FUNC-000904
Nicole,Peixoto,nicole.peixoto.func904@aeroporto.com.br,259,3988,2011-07-07,3840.33,True,FUNC-000905
Bárbara,Casa Grande,bárbara.casa grande.func905@aeroporto.com.br,957,2309,2018-05-10,28279.76,True,FUNC-000906
Gael,da Paz,gael.da paz.func906@aeroporto.com.br,392,377,2020-10-02,8428.93,True,FUNC-000907
Pietra,Marques,pietra.marques.func907@aeroporto.com.br,873,2127,2012-09-17,27044.98,True,FUNC-000908
Antônio,Jesus,antônio.jesus.func908@aeroporto.com.br,188,2018,2021-06-02,26333.12,True,FUNC-000909
Carolina,Santos,carolina.santos.func909@aeroporto.com.br,330,3145,2025-07-17,18757.4,True,FUNC-000910
Heloisa,Cirino,heloisa.cirino.func910@aeroporto.com.br,651,1015,2016-12-09,4403.59,True,FUNC-000911
Eduardo,da Rosa,eduardo.da rosa.func911@aeroporto.com.br,212,538,2018-02-19,3722.45,True,FUNC-000912
Cecilia,Teixeira,cecilia.teixeira.func912@aeroporto.com.br,698,4465,2020-06-07,31753.47,True,FUNC-000913
Léo,Rodrigues,léo.rodrigues.func913@aeroporto.com.br,664,3173,2018-02-10,22112.61,True,FUNC-000914
Isabel,da Costa,isabel.da costa.func914@aeroporto.com.br,433,2328,2012-09-12,21508.3,True,FUNC-000915
Luna,Mendes,luna.mendes.func915@aeroporto.com.br,773,1578,2019-05-04,26833.37,True,FUNC-000916
Joaquim,Moreira,joaquim.moreira.func916@aeroporto.com.br,49,1064,2012-11-22,7765.56,True,FUNC-000917
Ravi Lucca,Alves,ravi lucca.alves.func917@aeroporto.com.br,349,3969,2024-02-05,33702.26,True,FUNC-000918
Fernanda,Campos,fernanda.campos.func918@aeroporto.com.br,46,390,2014-02-23,23445.64,True,FUNC-000919
Fernando,Cavalcanti,fernando.cavalcanti.func919@aeroporto.com.br,743,1925,2018-05-27,28770.69,True,FUNC-000920
Mirella,da Costa,mirella.da costa.func920@aeroporto.com.br,996,1039,2026-05-29,15421.7,True,FUNC-000921
Thiago,Castro,thiago.castro.func921@aeroporto.com.br,885,2671,2015-01-30,23262.39,True,FUNC-000922
Henry,Oliveira,henry.oliveira.func922@aeroporto.com.br,142,2525,2024-05-25,19724.2,True,FUNC-000923
Luiza,Lima,luiza.lima.func923@aeroporto.com.br,935,2191,2026-02-12,19010.25,True,FUNC-000924
Bryan,Aparecida,bryan.aparecida.func924@aeroporto.com.br,992,1304,2017-04-14,20674.34,True,FUNC-000925
Nicole,Mendonça,nicole.mendonça.func925@aeroporto.com.br,598,4973,2024-03-26,5399.36,True,FUNC-000926
Ana Julia,Sousa,ana julia.sousa.func926@aeroporto.com.br,905,356,2021-05-17,16667.54,True,FUNC-000927
Ana Liz,Fogaça,ana liz.fogaça.func927@aeroporto.com.br,801,2912,2015-07-19,10910.07,False,FUNC-000928
Gael Henrique,Caldeira,gael henrique.caldeira.func928@aeroporto.com.br,104,930,2011-11-28,17873.23,True,FUNC-000929
Leonardo,Vieira,leonardo.vieira.func929@aeroporto.com.br,559,4878,2021-05-19,22247.83,True,FUNC-000930
Anthony,Costela,anthony.costela.func930@aeroporto.com.br,425,1024,2018-04-05,5321.26,True,FUNC-000931
Isabel,Montenegro,isabel.montenegro.func931@aeroporto.com.br,809,4190,2016-02-10,9095.3,True,FUNC-000932
Anthony Gabriel,Mendes,anthony gabriel.mendes.func932@aeroporto.com.br,892,1778,2016-09-10,33278.86,True,FUNC-000933
Joaquim,Pinto,joaquim.pinto.func933@aeroporto.com.br,674,1862,2024-01-06,6330.28,True,FUNC-000934
Rhavi,Moraes,rhavi.moraes.func934@aeroporto.com.br,440,831,2025-04-13,2574.15,True,FUNC-000935
Lunna,Machado,lunna.machado.func935@aeroporto.com.br,764,1644,2024-09-13,27697.87,True,FUNC-000936
Samuel,Campos,samuel.campos.func936@aeroporto.com.br,251,911,2026-05-28,28778.22,True,FUNC-000937
Sofia,Mendes,sofia.mendes.func937@aeroporto.com.br,161,421,2020-12-29,5065.47,True,FUNC-000938
Yasmin,Macedo,yasmin.macedo.func938@aeroporto.com.br,478,1867,2020-07-26,13916.63,True,FUNC-000939
Davi Miguel,Barbosa,davi miguel.barbosa.func939@aeroporto.com.br,393,1162,2013-03-17,14682.14,True,FUNC-000940
Pedro,Cirino,pedro.cirino.func940@aeroporto.com.br,461,2296,2025-05-26,31012.51,True,FUNC-000941
Luna,Novaes,luna.novaes.func941@aeroporto.com.br,323,843,2025-09-24,18475.81,True,FUNC-000942
Clarice,Pires,clarice.pires.func942@aeroporto.com.br,713,1744,2020-10-18,14164.5,True,FUNC-000943
Marcelo,Barbosa,marcelo.barbosa.func943@aeroporto.com.br,168,2835,2011-12-22,30501.53,True,FUNC-000944
Laís,Castro,laís.castro.func944@aeroporto.com.br,281,158,2018-05-09,20702.02,True,FUNC-000945
Enrico,Cardoso,enrico.cardoso.func945@aeroporto.com.br,222,353,2017-12-17,26657.04,True,FUNC-000946
Juan,da Paz,juan.da paz.func946@aeroporto.com.br,656,2858,2011-10-07,5815.3,True,FUNC-000947
Melissa,Rios,melissa.rios.func947@aeroporto.com.br,627,4411,2022-01-18,24203.57,True,FUNC-000948
Lucca,Rodrigues,lucca.rodrigues.func948@aeroporto.com.br,426,3722,2017-11-15,11147.19,True,FUNC-000949
Bento,Casa Grande,bento.casa grande.func949@aeroporto.com.br,466,4907,2025-06-19,22554.93,True,FUNC-000950
Isadora,Rocha,isadora.rocha.func950@aeroporto.com.br,790,1073,2024-02-21,14636.51,True,FUNC-000951
Luan,da Rocha,luan.da rocha.func951@aeroporto.com.br,299,2966,2021-11-19,22021.72,True,FUNC-000952
Yasmin,Vieira,yasmin.vieira.func952@aeroporto.com.br,886,228,2024-10-12,22801.35,True,FUNC-000953
Maysa,Carvalho,maysa.carvalho.func953@aeroporto.com.br,901,2318,2016-08-14,32953.28,True,FUNC-000954
Anna Liz,Montenegro,anna liz.montenegro.func954@aeroporto.com.br,548,4222,2012-05-13,7691.13,True,FUNC-000955
Lorena,Pereira,lorena.pereira.func955@aeroporto.com.br,75,187,2024-05-22,18512.49,False,FUNC-000956
Eloá,Cunha,eloá.cunha.func956@aeroporto.com.br,555,4282,2011-08-11,10147.57,True,FUNC-000957
João Miguel,Aragão,joão miguel.aragão.func957@aeroporto.com.br,596,2604,2022-04-21,15131.08,True,FUNC-000958
Pedro,Costela,pedro.costela.func958@aeroporto.com.br,713,3078,2012-07-09,11156.68,True,FUNC-000959
Camila,da Rosa,camila.da rosa.func959@aeroporto.com.br,269,2585,2013-06-03,31735.87,True,FUNC-000960
Ravi,Nunes,ravi.nunes.func960@aeroporto.com.br,138,2370,2025-02-24,9157.43,True,FUNC-000961
Murilo,Moraes,murilo.moraes.func961@aeroporto.com.br,763,4386,2017-06-15,5114.8,True,FUNC-000962
Bento,Cunha,bento.cunha.func962@aeroporto.com.br,341,706,2019-03-25,24049.2,True,FUNC-000963
Maya,Sá,maya.sá.func963@aeroporto.com.br,68,240,2011-08-07,11017.48,True,FUNC-000964
Mateus,Duarte,mateus.duarte.func964@aeroporto.com.br,479,3881,2016-07-23,12548.92,True,FUNC-000965
Heitor,Teixeira,heitor.teixeira.func965@aeroporto.com.br,290,11,2017-07-28,29669.89,True,FUNC-000966
Maysa,Duarte,maysa.duarte.func966@aeroporto.com.br,868,840,2013-05-03,24604.69,True,FUNC-000967
Vicente,Silva,vicente.silva.func967@aeroporto.com.br,111,971,2011-08-24,6407.86,True,FUNC-000968
Yago,da Cunha,yago.da cunha.func968@aeroporto.com.br,118,2968,2016-08-02,7333.2,False,FUNC-000969
Brenda,Porto,brenda.porto.func969@aeroporto.com.br,603,933,2014-12-04,26429.15,True,FUNC-000970
Mariane,Gonçalves,mariane.gonçalves.func970@aeroporto.com.br,779,3472,2012-06-14,25599.04,True,FUNC-000971
Davi,Jesus,davi.jesus.func971@aeroporto.com.br,837,3106,2019-06-24,26317.55,True,FUNC-000972
Maria Cecília,Viana,maria cecília.viana.func972@aeroporto.com.br,283,3870,2015-06-30,19197.85,True,FUNC-000973
Paulo,Abreu,paulo.abreu.func973@aeroporto.com.br,615,3865,2018-01-07,6442.88,True,FUNC-000974
Isis,Fonseca,isis.fonseca.func974@aeroporto.com.br,492,3608,2017-04-10,23363.93,True,FUNC-000975
Laura,Cirino,laura.cirino.func975@aeroporto.com.br,489,534,2012-12-29,25504.91,True,FUNC-000976
João Miguel,Garcia,joão miguel.garcia.func976@aeroporto.com.br,461,4219,2013-01-18,34580.02,True,FUNC-000977
Marcos Vinicius,Martins,marcos vinicius.martins.func977@aeroporto.com.br,455,3391,2012-11-03,20247.44,True,FUNC-000978
Isabela,da Rosa,isabela.da rosa.func978@aeroporto.com.br,795,611,2011-09-26,15142.49,True,FUNC-000979
Thales,Cassiano,thales.cassiano.func979@aeroporto.com.br,955,3303,2025-03-19,30126.0,True,FUNC-000980
Vitor Gabriel,Novais,vitor gabriel.novais.func980@aeroporto.com.br,485,3349,2019-02-22,21673.8,True,FUNC-000981
Miguel,Ferreira,miguel.ferreira.func981@aeroporto.com.br,483,3796,2019-04-09,10947.12,True,FUNC-000982
Benjamim,Aparecida,benjamim.aparecida.func982@aeroporto.com.br,766,1203,2025-02-25,26423.23,True,FUNC-000983
Brayan,Viana,brayan.viana.func983@aeroporto.com.br,883,3890,2019-04-29,8271.53,True,FUNC-000984
Davi Miguel,Brito,davi miguel.brito.func984@aeroporto.com.br,760,2591,2026-04-30,18799.96,True,FUNC-000985
Lorena,Sousa,lorena.sousa.func985@aeroporto.com.br,283,3276,2021-04-03,17683.28,True,FUNC-000986
Enzo,Machado,enzo.machado.func986@aeroporto.com.br,608,840,2016-02-29,10379.78,False,FUNC-000987
Guilherme,Novais,guilherme.novais.func987@aeroporto.com.br,647,1293,2018-11-19,7229.38,True,FUNC-000988
Nicole,Lima,nicole.lima.func988@aeroporto.com.br,589,146,2024-08-15,6944.82,True,FUNC-000989
Fernando,Ramos,fernando.ramos.func989@aeroporto.com.br,926,3555,2023-05-23,30769.87,True,FUNC-000990
Alana,Novaes,alana.novaes.func990@aeroporto.com.br,694,306,2018-11-12,4391.77,True,FUNC-000991
Nicolas,Borges,nicolas.borges.func991@aeroporto.com.br,464,4156,2016-03-30,31637.19,True,FUNC-000992
Letícia,Abreu,letícia.abreu.func992@aeroporto.com.br,822,4559,2013-06-04,29753.67,False,FUNC-000993
Carlos Eduardo,da Cunha,carlos eduardo.da cunha.func993@aeroporto.com.br,452,2480,2018-12-22,23976.78,False,FUNC-000994
Emanuella,Mendonça,emanuella.mendonça.func994@aeroporto.com.br,988,2456,2025-06-04,2902.29,True,FUNC-000995
Emanuella,Correia,emanuella.correia.func995@aeroporto.com.br,60,2535,2012-09-10,18442.52,True,FUNC-000996
Ana Lívia,Ramos,ana lívia.ramos.func996@aeroporto.com.br,735,2959,2015-06-09,28515.65,True,FUNC-000997
Antônio,Ribeiro,antônio.ribeiro.func997@aeroporto.com.br,572,4603,2025-05-12,26767.59,True,FUNC-000998
Emanuel,Melo,emanuel.melo.func998@aeroporto.com.br,360,450,2024-05-03,16568.1,False,FUNC-000999
Davi Lucas,Caldeira,davi lucas.caldeira.func999@aeroporto.com.br,947,4919,2012-02-06,16425.06,True,FUNC-001000
Heloísa,Farias,heloísa.farias.func1000@aeroporto.com.br,869,4090,2019-12-26,20118.75,True,FUNC-001001
Marcos Vinicius,Moura,marcos vinicius.moura.func1001@aeroporto.com.br,409,4155,2017-05-21,4480.59,True,FUNC-001002
João Lucas,Machado,joão lucas.machado.func1002@aeroporto.com.br,507,4836,2019-03-17,11514.2,True,FUNC-001003
João Pedro,Nogueira,joão pedro.nogueira.func1003@aeroporto.com.br,104,3640,2014-07-20,31423.48,True,FUNC-001004
Olívia,Nunes,olívia.nunes.func1004@aeroporto.com.br,338,2987,2019-09-23,9410.22,True,FUNC-001005
Carolina,Montenegro,carolina.montenegro.func1005@aeroporto.com.br,257,2996,2022-01-22,18755.82,True,FUNC-001006
Emilly,Farias,emilly.farias.func1006@aeroporto.com.br,290,1882,2013-01-16,9546.77,True,FUNC-001007
João Felipe,Silveira,joão felipe.silveira.func1007@aeroporto.com.br,70,3014,2023-11-05,23383.25,True,FUNC-001008
Luan,Silveira,luan.silveira.func1008@aeroporto.com.br,110,1438,2015-12-14,7092.74,True,FUNC-001009
Alexia,Pereira,alexia.pereira.func1009@aeroporto.com.br,535,3632,2016-02-25,12507.07,True,FUNC-001010
Rebeca,Sales,rebeca.sales.func1010@aeroporto.com.br,449,3086,2020-01-10,8701.69,True,FUNC-001011
Mariane,Araújo,mariane.araújo.func1011@aeroporto.com.br,784,4993,2023-09-28,10968.3,True,FUNC-001012
Paulo,da Mota,paulo.da mota.func1012@aeroporto.com.br,866,2267,2018-04-18,18407.11,True,FUNC-001013
Marcela,da Rocha,marcela.da rocha.func1013@aeroporto.com.br,806,1977,2022-04-22,25659.2,True,FUNC-001014
Vitor Gabriel,Montenegro,vitor gabriel.montenegro.func1014@aeroporto.com.br,473,4724,2016-03-25,16425.09,True,FUNC-001015
Luiza,Peixoto,luiza.peixoto.func1015@aeroporto.com.br,2,910,2011-07-14,7656.47,True,FUNC-001016
Miguel,Rezende,miguel.rezende.func1016@aeroporto.com.br,783,3008,2024-09-11,33413.78,True,FUNC-001017
Gabriela,Rios,gabriela.rios.func1017@aeroporto.com.br,914,2871,2015-07-26,13734.13,True,FUNC-001018
Hellena,Guerra,hellena.guerra.func1018@aeroporto.com.br,726,4816,2014-05-10,30594.34,True,FUNC-001019
Davi,Fonseca,davi.fonseca.func1019@aeroporto.com.br,270,3456,2019-01-30,20252.72,True,FUNC-001020
Arthur Gabriel,da Mata,arthur gabriel.da mata.func1020@aeroporto.com.br,597,4094,2014-04-05,26453.02,True,FUNC-001021
Marcela,Nogueira,marcela.nogueira.func1021@aeroporto.com.br,105,519,2019-02-09,16065.66,True,FUNC-001022
Lívia,Teixeira,lívia.teixeira.func1022@aeroporto.com.br,348,4570,2013-06-02,20402.36,True,FUNC-001023
Davi Lucas,Cirino,davi lucas.cirino.func1023@aeroporto.com.br,421,2843,2019-04-14,22751.83,True,FUNC-001024
Nina,Azevedo,nina.azevedo.func1024@aeroporto.com.br,302,3740,2017-11-19,31983.59,True,FUNC-001025
Igor,Costa,igor.costa.func1025@aeroporto.com.br,75,386,2013-03-02,27667.73,True,FUNC-001026
Helena,Montenegro,helena.montenegro.func1026@aeroporto.com.br,368,2123,2020-07-27,4431.87,True,FUNC-001027
Gustavo Henrique,Cunha,gustavo henrique.cunha.func1027@aeroporto.com.br,688,3800,2021-07-22,11354.91,True,FUNC-001028
Caleb,Camargo,caleb.camargo.func1028@aeroporto.com.br,982,2395,2023-02-01,19910.14,True,FUNC-001029
Luísa,Moraes,luísa.moraes.func1029@aeroporto.com.br,72,4573,2017-10-10,9034.52,True,FUNC-001030
Aylla,Lima,aylla.lima.func1030@aeroporto.com.br,256,2070,2017-12-11,29761.63,True,FUNC-001031
Bianca,Marques,bianca.marques.func1031@aeroporto.com.br,409,1230,2014-01-28,29918.44,True,FUNC-001032
Brayan,Almeida,brayan.almeida.func1032@aeroporto.com.br,189,1278,2019-01-31,15090.37,True,FUNC-001033
Erick,Pires,erick.pires.func1033@aeroporto.com.br,754,4752,2025-07-01,22456.51,True,FUNC-001034
Liam,Sá,liam.sá.func1034@aeroporto.com.br,111,3249,2012-03-16,29468.54,True,FUNC-001035
Milena,Azevedo,milena.azevedo.func1035@aeroporto.com.br,517,4696,2015-04-27,32764.71,True,FUNC-001036
Thales,Rodrigues,thales.rodrigues.func1036@aeroporto.com.br,701,754,2014-05-21,5491.72,True,FUNC-001037
Alice,Camargo,alice.camargo.func1037@aeroporto.com.br,110,198,2025-04-25,23845.51,True,FUNC-001038
Kevin,Dias,kevin.dias.func1038@aeroporto.com.br,898,1619,2016-04-08,8897.41,True,FUNC-001039
Laís,Abreu,laís.abreu.func1039@aeroporto.com.br,419,224,2013-01-16,18891.29,True,FUNC-001040
Noah,da Costa,noah.da costa.func1040@aeroporto.com.br,427,4054,2016-08-29,20116.16,True,FUNC-001041
Stella,Sá,stella.sá.func1041@aeroporto.com.br,9,4636,2017-08-23,3287.73,True,FUNC-001042
Mateus,Gonçalves,mateus.gonçalves.func1042@aeroporto.com.br,39,4526,2020-05-09,5155.53,True,FUNC-001043
Guilherme,Nunes,guilherme.nunes.func1043@aeroporto.com.br,793,2025,2024-05-25,28705.36,True,FUNC-001044
Danilo,Pacheco,danilo.pacheco.func1044@aeroporto.com.br,866,179,2020-07-18,14381.89,True,FUNC-001045
Mariane,Marques,mariane.marques.func1045@aeroporto.com.br,647,4694,2025-05-27,31020.3,True,FUNC-001046
Letícia,Melo,letícia.melo.func1046@aeroporto.com.br,369,391,2016-04-28,22647.86,True,FUNC-001047
Júlia,Machado,júlia.machado.func1047@aeroporto.com.br,175,747,2012-10-30,31366.67,True,FUNC-001048
Vicente,Teixeira,vicente.teixeira.func1048@aeroporto.com.br,754,3464,2019-11-14,8021.84,True,FUNC-001049
Fernando,Casa Grande,fernando.casa grande.func1049@aeroporto.com.br,62,975,2017-08-25,32317.04,True,FUNC-001050
Bryan,Sales,bryan.sales.func1050@aeroporto.com.br,172,780,2021-02-28,31361.17,True,FUNC-001051
Ryan,Melo,ryan.melo.func1051@aeroporto.com.br,739,2906,2012-06-11,13012.31,True,FUNC-001052
Breno,Pereira,breno.pereira.func1052@aeroporto.com.br,977,1615,2013-03-24,6699.62,True,FUNC-001053
Enrico,Camargo,enrico.camargo.func1053@aeroporto.com.br,866,356,2018-05-08,25080.24,True,FUNC-001054
Ana Vitória,Costa,ana vitória.costa.func1054@aeroporto.com.br,784,3712,2024-12-10,5598.8,True,FUNC-001055
Maria Laura,Mendes,maria laura.mendes.func1055@aeroporto.com.br,744,4348,2017-01-06,27539.8,True,FUNC-001056
Alice,Leão,alice.leão.func1056@aeroporto.com.br,220,3852,2014-05-13,3843.19,True,FUNC-001057
Ana Julia,Aparecida,ana julia.aparecida.func1057@aeroporto.com.br,607,221,2018-02-22,22006.64,True,FUNC-001058
Gustavo Henrique,Gomes,gustavo henrique.gomes.func1058@aeroporto.com.br,879,4428,2022-08-28,2563.58,True,FUNC-001059
Noah,Siqueira,noah.siqueira.func1059@aeroporto.com.br,500,849,2014-07-20,30288.88,False,FUNC-001060
Milena,Costela,milena.costela.func1060@aeroporto.com.br,846,2904,2021-03-14,22257.78,True,FUNC-001061
Júlia,Mendonça,júlia.mendonça.func1061@aeroporto.com.br,102,4756,2018-12-27,20377.64,True,FUNC-001062
Emilly,Rodrigues,emilly.rodrigues.func1062@aeroporto.com.br,580,3872,2025-05-17,4398.91,True,FUNC-001063
Maysa,Cirino,maysa.cirino.func1063@aeroporto.com.br,480,1311,2021-10-06,6474.6,True,FUNC-001064
Stephany,Fogaça,stephany.fogaça.func1064@aeroporto.com.br,739,2236,2015-09-30,2761.88,True,FUNC-001065
Arthur Gabriel,Martins,arthur gabriel.martins.func1065@aeroporto.com.br,830,4998,2022-08-27,14123.7,True,FUNC-001066
Henry,da Rosa,henry.da rosa.func1066@aeroporto.com.br,292,3446,2021-03-04,2936.58,True,FUNC-001067
Emanuel,Novais,emanuel.novais.func1067@aeroporto.com.br,289,956,2021-09-27,21443.26,True,FUNC-001068
Guilherme,Lopes,guilherme.lopes.func1068@aeroporto.com.br,247,1795,2014-02-12,32191.12,True,FUNC-001069
Francisco,Fonseca,francisco.fonseca.func1069@aeroporto.com.br,764,2739,2014-01-11,13373.06,True,FUNC-001070
Renan,Moura,renan.moura.func1070@aeroporto.com.br,382,463,2022-11-21,28850.97,True,FUNC-001071
Kaique,Câmara,kaique.câmara.func1071@aeroporto.com.br,451,3703,2024-11-18,6132.06,True,FUNC-001072
Guilherme,das Neves,guilherme.das neves.func1072@aeroporto.com.br,627,3925,2012-07-05,4652.3,True,FUNC-001073
Anthony,da Paz,anthony.da paz.func1073@aeroporto.com.br,518,2228,2022-05-27,22223.83,True,FUNC-001074
Heloisa,Nogueira,heloisa.nogueira.func1074@aeroporto.com.br,970,2227,2019-01-11,34324.17,True,FUNC-001075
Henrique,Ferreira,henrique.ferreira.func1075@aeroporto.com.br,447,1767,2024-06-17,9522.32,True,FUNC-001076
Kamilly,Borges,kamilly.borges.func1076@aeroporto.com.br,830,4440,2013-11-10,18859.79,True,FUNC-001077
Marcelo,Abreu,marcelo.abreu.func1077@aeroporto.com.br,654,1609,2026-03-15,34912.57,True,FUNC-001078
Laís,Lima,laís.lima.func1078@aeroporto.com.br,683,1912,2023-08-18,27403.95,True,FUNC-001079
Manuela,Barbosa,manuela.barbosa.func1079@aeroporto.com.br,262,2173,2016-11-17,25088.01,True,FUNC-001080
Emilly,Rodrigues,emilly.rodrigues.func1080@aeroporto.com.br,382,3096,2017-09-28,9503.38,True,FUNC-001081
Isabella,Fernandes,isabella.fernandes.func1081@aeroporto.com.br,172,3767,2011-08-30,18726.36,True,FUNC-001082
Vicente,Rios,vicente.rios.func1082@aeroporto.com.br,256,4097,2017-12-08,32318.57,True,FUNC-001083
Luísa,Gomes,luísa.gomes.func1083@aeroporto.com.br,164,4353,2017-08-15,27883.67,True,FUNC-001084
Camila,Andrade,camila.andrade.func1084@aeroporto.com.br,108,4226,2017-04-14,11509.8,True,FUNC-001085
Luiza,Aragão,luiza.aragão.func1085@aeroporto.com.br,300,3095,2017-04-05,5103.14,True,FUNC-001086
Maria Eduarda,Carvalho,maria eduarda.carvalho.func1086@aeroporto.com.br,449,2727,2015-02-13,2731.43,False,FUNC-001087
Gabriela,Porto,gabriela.porto.func1087@aeroporto.com.br,647,1650,2016-03-28,29222.93,True,FUNC-001088
Maria Liz,das Neves,maria liz.das neves.func1088@aeroporto.com.br,59,4989,2020-11-10,8695.15,True,FUNC-001089
Ryan,Abreu,ryan.abreu.func1089@aeroporto.com.br,176,1562,2021-11-05,3843.8,True,FUNC-001090
José,Nunes,josé.nunes.func1090@aeroporto.com.br,974,3994,2011-08-08,16240.68,False,FUNC-001091
Maria Luísa,Lima,maria luísa.lima.func1091@aeroporto.com.br,902,1448,2019-08-08,19686.24,False,FUNC-001092
Enrico,Sampaio,enrico.sampaio.func1092@aeroporto.com.br,652,3763,2016-07-06,24751.66,True,FUNC-001093
Luiza,Castro,luiza.castro.func1093@aeroporto.com.br,93,1279,2014-10-25,5255.34,True,FUNC-001094
Ayla,Caldeira,ayla.caldeira.func1094@aeroporto.com.br,481,3558,2013-05-17,11399.99,True,FUNC-001095
Olivia,Castro,olivia.castro.func1095@aeroporto.com.br,180,2532,2022-07-29,7283.91,True,FUNC-001096
Lucas Gabriel,Cavalcante,lucas gabriel.cavalcante.func1096@aeroporto.com.br,252,4657,2016-01-05,3136.67,True,FUNC-001097
Zoe,Novaes,zoe.novaes.func1097@aeroporto.com.br,114,1768,2016-09-12,34020.33,True,FUNC-001098
Caroline,Nascimento,caroline.nascimento.func1098@aeroporto.com.br,139,2300,2013-06-07,15339.73,True,FUNC-001099
Antonella,Rocha,antonella.rocha.func1099@aeroporto.com.br,739,3305,2026-03-08,26197.17,True,FUNC-001100
Luiz Miguel,Macedo,luiz miguel.macedo.func1100@aeroporto.com.br,706,3514,2019-03-31,17967.0,True,FUNC-001101
Henry Gabriel,Barbosa,henry gabriel.barbosa.func1101@aeroporto.com.br,430,124,2026-02-06,9178.23,True,FUNC-001102
Ravy,Barbosa,ravy.barbosa.func1102@aeroporto.com.br,600,3400,2017-04-30,15674.05,True,FUNC-001103
Joaquim,Silveira,joaquim.silveira.func1103@aeroporto.com.br,346,2377,2019-01-22,15436.7,True,FUNC-001104
Luara,Mendes,luara.mendes.func1104@aeroporto.com.br,547,2765,2019-12-09,24899.18,True,FUNC-001105
Ágatha,Cassiano,ágatha.cassiano.func1105@aeroporto.com.br,919,776,2015-06-21,33474.98,True,FUNC-001106
Eduarda,Fonseca,eduarda.fonseca.func1106@aeroporto.com.br,761,1279,2012-09-27,17491.65,True,FUNC-001107
Pedro Lucas,Fogaça,pedro lucas.fogaça.func1107@aeroporto.com.br,390,3043,2014-10-20,16884.33,True,FUNC-001108
Luiz Gustavo,Marques,luiz gustavo.marques.func1108@aeroporto.com.br,636,4972,2017-05-29,28016.84,True,FUNC-001109
João Lucas,Câmara,joão lucas.câmara.func1109@aeroporto.com.br,469,4857,2017-05-22,4037.89,True,FUNC-001110
Emanuel,Rios,emanuel.rios.func1110@aeroporto.com.br,202,2863,2021-12-02,23250.53,True,FUNC-001111
Alice,Aparecida,alice.aparecida.func1111@aeroporto.com.br,516,3255,2015-03-20,11459.04,True,FUNC-001112
Milena,Araújo,milena.araújo.func1112@aeroporto.com.br,785,1522,2021-10-22,8773.35,True,FUNC-001113
Maria Júlia,Novais,maria júlia.novais.func1113@aeroporto.com.br,360,579,2026-05-30,9048.86,True,FUNC-001114
Maria Fernanda,Moraes,maria fernanda.moraes.func1114@aeroporto.com.br,453,4521,2016-10-03,17867.3,True,FUNC-001115
Davi Lucas,Ribeiro,davi lucas.ribeiro.func1115@aeroporto.com.br,74,2481,2016-07-07,6661.9,True,FUNC-001116
Eloá,da Cruz,eloá.da cruz.func1116@aeroporto.com.br,499,1812,2022-11-01,4032.47,True,FUNC-001117
Melissa,Novais,melissa.novais.func1117@aeroporto.com.br,487,2223,2016-09-26,6599.17,True,FUNC-001118
Luiz Henrique,Moraes,luiz henrique.moraes.func1118@aeroporto.com.br,399,4939,2015-02-02,8967.09,True,FUNC-001119
Sarah,Garcia,sarah.garcia.func1119@aeroporto.com.br,946,1652,2025-01-30,15078.77,True,FUNC-001120
Gabrielly,da Cunha,gabrielly.da cunha.func1120@aeroporto.com.br,890,232,2022-05-10,12734.84,True,FUNC-001121
Maria Eduarda,Almeida,maria eduarda.almeida.func1121@aeroporto.com.br,85,237,2022-04-07,5832.42,True,FUNC-001122
Nicole,Jesus,nicole.jesus.func1122@aeroporto.com.br,354,915,2015-07-06,14957.87,True,FUNC-001123
Laura,Martins,laura.martins.func1123@aeroporto.com.br,77,2741,2021-03-22,13679.17,True,FUNC-001124
Thomas,Cunha,thomas.cunha.func1124@aeroporto.com.br,205,2365,2014-08-17,7881.73,True,FUNC-001125
Aurora,Rezende,aurora.rezende.func1125@aeroporto.com.br,589,3452,2021-01-21,11392.33,True,FUNC-001126
Caroline,Siqueira,caroline.siqueira.func1126@aeroporto.com.br,172,965,2017-11-24,16197.67,True,FUNC-001127
Yan,Cassiano,yan.cassiano.func1127@aeroporto.com.br,842,3509,2013-10-24,3201.59,True,FUNC-001128
Rafael,Barbosa,rafael.barbosa.func1128@aeroporto.com.br,462,2134,2016-07-19,5367.49,True,FUNC-001129
Ana,Pacheco,ana.pacheco.func1129@aeroporto.com.br,473,1451,2026-04-01,9800.25,True,FUNC-001130
Bryan,Nascimento,bryan.nascimento.func1130@aeroporto.com.br,670,4836,2012-07-10,13495.57,True,FUNC-001131
Maria Fernanda,Cavalcanti,maria fernanda.cavalcanti.func1131@aeroporto.com.br,558,3618,2013-10-03,13134.84,True,FUNC-001132
Eloá,Moreira,eloá.moreira.func1132@aeroporto.com.br,584,2019,2012-06-02,26452.28,True,FUNC-001133
Mateus,Siqueira,mateus.siqueira.func1133@aeroporto.com.br,829,2364,2021-04-14,33714.68,True,FUNC-001134
Mariane,Cardoso,mariane.cardoso.func1134@aeroporto.com.br,660,270,2019-07-24,18681.05,True,FUNC-001135
Melissa,Camargo,melissa.camargo.func1135@aeroporto.com.br,82,99,2021-10-18,10513.75,True,FUNC-001136
Joana,Cirino,joana.cirino.func1136@aeroporto.com.br,158,1019,2015-01-19,32408.63,True,FUNC-001137
Julia,da Rocha,julia.da rocha.func1137@aeroporto.com.br,227,267,2021-02-17,9993.54,True,FUNC-001138
Bárbara,Gomes,bárbara.gomes.func1138@aeroporto.com.br,1000,4918,2021-08-18,13190.56,True,FUNC-001139
Fernando,Martins,fernando.martins.func1139@aeroporto.com.br,55,1966,2016-10-21,27312.55,True,FUNC-001140
Maria Sophia,Montenegro,maria sophia.montenegro.func1140@aeroporto.com.br,360,4015,2015-10-26,23982.78,True,FUNC-001141
Brayan,Barros,brayan.barros.func1141@aeroporto.com.br,725,2565,2014-11-25,12669.68,True,FUNC-001142
Helena,Lima,helena.lima.func1142@aeroporto.com.br,633,1998,2013-09-10,26814.46,True,FUNC-001143
Kaique,Araújo,kaique.araújo.func1143@aeroporto.com.br,474,2815,2024-09-23,3112.82,True,FUNC-001144
Letícia,Silva,letícia.silva.func1144@aeroporto.com.br,923,2907,2023-09-08,32064.8,True,FUNC-001145
Otávio,Costa,otávio.costa.func1145@aeroporto.com.br,389,3076,2018-04-05,11537.98,True,FUNC-001146
Benjamin,Guerra,benjamin.guerra.func1146@aeroporto.com.br,700,2203,2018-04-25,26584.97,True,FUNC-001147
Brayan,Cirino,brayan.cirino.func1147@aeroporto.com.br,816,2431,2019-06-26,22113.46,True,FUNC-001148
Carolina,Peixoto,carolina.peixoto.func1148@aeroporto.com.br,254,4436,2016-03-14,19326.74,True,FUNC-001149
Catarina,da Luz,catarina.da luz.func1149@aeroporto.com.br,754,4912,2025-02-20,7871.1,True,FUNC-001150
João Miguel,Ferreira,joão miguel.ferreira.func1150@aeroporto.com.br,367,113,2015-05-14,26668.61,True,FUNC-001151
Thales,Porto,thales.porto.func1151@aeroporto.com.br,886,85,2025-05-25,12314.01,True,FUNC-001152
Melina,Pacheco,melina.pacheco.func1152@aeroporto.com.br,706,3826,2025-12-27,5069.78,True,FUNC-001153
Benjamim,Sá,benjamim.sá.func1153@aeroporto.com.br,879,4062,2016-11-08,19029.74,True,FUNC-001154
Thales,Andrade,thales.andrade.func1154@aeroporto.com.br,234,1311,2025-04-20,29776.17,True,FUNC-001155
Ágatha,Ribeiro,ágatha.ribeiro.func1155@aeroporto.com.br,491,797,2022-11-08,14242.23,True,FUNC-001156
Erick,Lopes,erick.lopes.func1156@aeroporto.com.br,79,3422,2021-08-09,25657.42,True,FUNC-001157
Ana Sophia,Mendes,ana sophia.mendes.func1157@aeroporto.com.br,131,1364,2022-02-27,7741.11,True,FUNC-001158
Ágatha,Machado,ágatha.machado.func1158@aeroporto.com.br,334,1542,2013-12-18,28515.8,True,FUNC-001159
Otto,Almeida,otto.almeida.func1159@aeroporto.com.br,892,534,2019-03-21,24401.68,True,FUNC-001160
Alícia,das Neves,alícia.das neves.func1160@aeroporto.com.br,974,342,2017-03-29,17743.43,True,FUNC-001161
Melissa,Costa,melissa.costa.func1161@aeroporto.com.br,722,3137,2012-03-23,9450.21,True,FUNC-001162
Clara,Brito,clara.brito.func1162@aeroporto.com.br,261,1497,2026-04-24,14858.68,True,FUNC-001163
João Gabriel,Cirino,joão gabriel.cirino.func1163@aeroporto.com.br,358,3735,2011-11-29,10181.17,True,FUNC-001164
Isadora,Correia,isadora.correia.func1164@aeroporto.com.br,982,3216,2020-07-01,19136.96,True,FUNC-001165
Luna,Araújo,luna.araújo.func1165@aeroporto.com.br,623,3303,2019-02-10,6926.5,True,FUNC-001166
Stella,Borges,stella.borges.func1166@aeroporto.com.br,191,518,2017-04-26,19433.61,True,FUNC-001167
Marcelo,Barbosa,marcelo.barbosa.func1167@aeroporto.com.br,150,2395,2020-05-12,2563.13,True,FUNC-001168
Isaac,Garcia,isaac.garcia.func1168@aeroporto.com.br,79,3460,2021-07-29,31896.08,True,FUNC-001169
Maria Isis,Mendes,maria isis.mendes.func1169@aeroporto.com.br,902,1972,2017-02-05,29249.32,True,FUNC-001170
João Felipe,Teixeira,joão felipe.teixeira.func1170@aeroporto.com.br,103,4875,2022-07-22,14550.23,True,FUNC-001171
Evelyn,Pires,evelyn.pires.func1171@aeroporto.com.br,561,994,2018-12-30,21110.3,True,FUNC-001172
Alexia,Gonçalves,alexia.gonçalves.func1172@aeroporto.com.br,850,2216,2026-01-12,15225.78,True,FUNC-001173
Vinícius,Barros,vinícius.barros.func1173@aeroporto.com.br,920,1254,2017-07-10,26789.56,True,FUNC-001174
Maria Helena,da Cunha,maria helena.da cunha.func1174@aeroporto.com.br,674,3854,2020-08-08,21366.86,False,FUNC-001175
Apollo,Montenegro,apollo.montenegro.func1175@aeroporto.com.br,236,1001,2017-12-10,10954.43,True,FUNC-001176
Hadassa,Correia,hadassa.correia.func1176@aeroporto.com.br,378,790,2012-10-31,25366.06,True,FUNC-001177
Lorena,Silva,lorena.silva.func1177@aeroporto.com.br,979,3174,2016-04-15,32397.61,True,FUNC-001178
Sarah,Pires,sarah.pires.func1178@aeroporto.com.br,30,1028,2024-03-28,10256.51,True,FUNC-001179
Emanuella,Pimenta,emanuella.pimenta.func1179@aeroporto.com.br,554,1814,2025-10-20,24414.9,True,FUNC-001180
Rafael,Fernandes,rafael.fernandes.func1180@aeroporto.com.br,673,1869,2015-05-08,5989.43,True,FUNC-001181
Joana,Campos,joana.campos.func1181@aeroporto.com.br,869,2011,2025-02-13,13470.7,True,FUNC-001182
Danilo,da Cruz,danilo.da cruz.func1182@aeroporto.com.br,918,2927,2020-06-21,6918.93,True,FUNC-001183
Luísa,da Rosa,luísa.da rosa.func1183@aeroporto.com.br,885,4446,2020-10-15,24026.77,True,FUNC-001184
Manuella,Brito,manuella.brito.func1184@aeroporto.com.br,473,3895,2018-01-22,28678.02,False,FUNC-001185
Théo,da Rosa,théo.da rosa.func1185@aeroporto.com.br,785,2614,2017-04-29,20372.29,False,FUNC-001186
Isabelly,Rocha,isabelly.rocha.func1186@aeroporto.com.br,377,4953,2021-11-12,24761.07,True,FUNC-001187
Benjamin,Casa Grande,benjamin.casa grande.func1187@aeroporto.com.br,835,1930,2026-01-23,14430.04,True,FUNC-001188
Daniel,Aparecida,daniel.aparecida.func1188@aeroporto.com.br,534,1140,2024-11-23,25403.3,True,FUNC-001189
Bella,Costela,bella.costela.func1189@aeroporto.com.br,661,887,2015-07-31,16630.22,True,FUNC-001190
Igor,Lima,igor.lima.func1190@aeroporto.com.br,605,4124,2016-03-28,24869.79,True,FUNC-001191
Antônio,Sales,antônio.sales.func1191@aeroporto.com.br,768,2206,2012-04-19,3754.49,True,FUNC-001192
Maria Helena,Oliveira,maria helena.oliveira.func1192@aeroporto.com.br,361,3790,2023-06-19,8400.64,True,FUNC-001193
Helena,Freitas,helena.freitas.func1193@aeroporto.com.br,818,2354,2020-02-29,32150.43,True,FUNC-001194
Davi Lucca,da Rocha,davi lucca.da rocha.func1194@aeroporto.com.br,456,2990,2021-01-05,28573.0,True,FUNC-001195
Manuela,Gonçalves,manuela.gonçalves.func1195@aeroporto.com.br,734,4150,2017-08-12,30908.72,False,FUNC-001196
Emanuel,Nunes,emanuel.nunes.func1196@aeroporto.com.br,328,1380,2011-06-06,3649.92,True,FUNC-001197
Guilherme,Mendes,guilherme.mendes.func1197@aeroporto.com.br,874,2087,2016-02-01,26481.52,True,FUNC-001198
Pedro Lucas,Moreira,pedro lucas.moreira.func1198@aeroporto.com.br,832,4767,2014-08-13,28073.61,True,FUNC-001199
Maria Eduarda,Pacheco,maria eduarda.pacheco.func1199@aeroporto.com.br,782,4083,2019-01-14,12795.01,True,FUNC-001200
Milena,Ferreira,milena.ferreira.func1200@aeroporto.com.br,14,907,2019-06-21,4915.21,False,FUNC-001201
Benjamin,Montenegro,benjamin.montenegro.func1201@aeroporto.com.br,931,4118,2015-10-30,14396.71,True,FUNC-001202
Maria Luísa,Araújo,maria luísa.araújo.func1202@aeroporto.com.br,71,4687,2018-11-11,26384.11,True,FUNC-001203
Maitê,Machado,maitê.machado.func1203@aeroporto.com.br,652,2589,2023-08-14,22045.92,False,FUNC-001204
Danilo,Alves,danilo.alves.func1204@aeroporto.com.br,920,1168,2016-06-17,26340.53,True,FUNC-001205
João Vitor,Fogaça,joão vitor.fogaça.func1205@aeroporto.com.br,389,586,2022-11-06,11463.54,True,FUNC-001206
Leonardo,Martins,leonardo.martins.func1206@aeroporto.com.br,922,3862,2023-12-08,28666.21,True,FUNC-001207
Giovanna,Pinto,giovanna.pinto.func1207@aeroporto.com.br,102,1490,2017-10-11,14541.4,True,FUNC-001208
Ayla,da Conceição,ayla.da conceição.func1208@aeroporto.com.br,377,1204,2023-11-29,30273.99,True,FUNC-001209
Ana,Rezende,ana.rezende.func1209@aeroporto.com.br,219,642,2023-05-24,18557.36,True,FUNC-001210
Josué,Aragão,josué.aragão.func1210@aeroporto.com.br,407,4037,2019-05-15,12534.67,True,FUNC-001211
Alexia,das Neves,alexia.das neves.func1211@aeroporto.com.br,272,4251,2015-03-29,32369.8,True,FUNC-001212
Cauê,Correia,cauê.correia.func1212@aeroporto.com.br,472,4134,2025-04-03,5237.07,True,FUNC-001213
Luiz Felipe,Almeida,luiz felipe.almeida.func1213@aeroporto.com.br,752,1123,2020-10-15,16038.74,True,FUNC-001214
Ian,Siqueira,ian.siqueira.func1214@aeroporto.com.br,320,2070,2015-11-09,22289.71,False,FUNC-001215
Bento,Barros,bento.barros.func1215@aeroporto.com.br,810,4511,2020-03-12,22418.77,False,FUNC-001216
Alana,Camargo,alana.camargo.func1216@aeroporto.com.br,640,2343,2020-11-14,10944.34,True,FUNC-001217
Isadora,Santos,isadora.santos.func1217@aeroporto.com.br,911,2982,2016-07-22,25077.87,True,FUNC-001218
Marcelo,Casa Grande,marcelo.casa grande.func1218@aeroporto.com.br,927,665,2014-10-23,12399.38,True,FUNC-001219
Emilly,Pastor,emilly.pastor.func1219@aeroporto.com.br,647,3828,2018-09-08,20064.03,True,FUNC-001220
Benjamim,Ferreira,benjamim.ferreira.func1220@aeroporto.com.br,676,2446,2014-12-04,30047.1,True,FUNC-001221
Larissa,Vargas,larissa.vargas.func1221@aeroporto.com.br,591,9,2023-02-25,7514.71,True,FUNC-001222
Liam,da Rosa,liam.da rosa.func1222@aeroporto.com.br,950,2826,2025-02-26,7930.07,True,FUNC-001223
Olivia,Pinto,olivia.pinto.func1223@aeroporto.com.br,794,2986,2019-10-12,23105.2,True,FUNC-001224
Ayla,da Paz,ayla.da paz.func1224@aeroporto.com.br,737,1258,2025-01-10,7030.75,True,FUNC-001225
Olívia,Cavalcante,olívia.cavalcante.func1225@aeroporto.com.br,889,3955,2021-12-01,28512.78,True,FUNC-001226
Amanda,Moreira,amanda.moreira.func1226@aeroporto.com.br,779,4211,2025-07-03,23969.39,True,FUNC-001227
Lunna,Camargo,lunna.camargo.func1227@aeroporto.com.br,138,3068,2014-01-08,18530.95,False,FUNC-001228
Kamilly,Vasconcelos,kamilly.vasconcelos.func1228@aeroporto.com.br,161,3168,2015-07-09,30725.28,True,FUNC-001229
Alexia,Castro,alexia.castro.func1229@aeroporto.com.br,673,853,2024-06-08,17242.05,True,FUNC-001230
Larissa,Marques,larissa.marques.func1230@aeroporto.com.br,420,1700,2013-12-09,19328.84,True,FUNC-001231
Vitor,Cunha,vitor.cunha.func1231@aeroporto.com.br,347,1543,2019-07-17,22046.5,True,FUNC-001232
Francisco,Ribeiro,francisco.ribeiro.func1232@aeroporto.com.br,48,3239,2016-05-15,17597.42,True,FUNC-001233
Bento,Moraes,bento.moraes.func1233@aeroporto.com.br,931,4692,2014-08-08,6838.69,True,FUNC-001234
Joana,Guerra,joana.guerra.func1234@aeroporto.com.br,771,4423,2015-07-20,6278.74,True,FUNC-001235
Francisco,Novaes,francisco.novaes.func1235@aeroporto.com.br,545,2505,2025-11-16,25804.59,True,FUNC-001236
Lorenzo,Pacheco,lorenzo.pacheco.func1236@aeroporto.com.br,150,1961,2011-06-30,20790.93,True,FUNC-001237
Gustavo Henrique,Duarte,gustavo henrique.duarte.func1237@aeroporto.com.br,178,1394,2024-08-24,8616.97,True,FUNC-001238
Theodoro,da Rocha,theodoro.da rocha.func1238@aeroporto.com.br,220,465,2025-05-27,22687.4,True,FUNC-001239
Bento,Azevedo,bento.azevedo.func1239@aeroporto.com.br,981,2957,2023-12-14,21920.16,True,FUNC-001240
Ana Clara,Albuquerque,ana clara.albuquerque.func1240@aeroporto.com.br,32,3218,2013-03-02,28616.46,True,FUNC-001241
Bianca,Carvalho,bianca.carvalho.func1241@aeroporto.com.br,44,3298,2023-02-23,26822.32,True,FUNC-001242
Beatriz,Sales,beatriz.sales.func1242@aeroporto.com.br,210,4691,2012-06-01,5540.63,True,FUNC-001243
Paulo,Aparecida,paulo.aparecida.func1243@aeroporto.com.br,585,4220,2025-09-02,24178.36,True,FUNC-001244
Carlos Eduardo,Silveira,carlos eduardo.silveira.func1244@aeroporto.com.br,973,1452,2018-03-13,12357.95,True,FUNC-001245
Vinícius,Gomes,vinícius.gomes.func1245@aeroporto.com.br,533,1189,2025-07-03,9736.53,True,FUNC-001246
Thiago,Sampaio,thiago.sampaio.func1246@aeroporto.com.br,535,1692,2013-02-11,4736.55,True,FUNC-001247
Maysa,da Cruz,maysa.da cruz.func1247@aeroporto.com.br,184,4782,2024-11-29,29063.6,True,FUNC-001248
Gabriel,Rios,gabriel.rios.func1248@aeroporto.com.br,702,1155,2014-10-29,2900.5,True,FUNC-001249
Caroline,Nogueira,caroline.nogueira.func1249@aeroporto.com.br,989,263,2011-12-17,19258.27,True,FUNC-001250
Allana,Santos,allana.santos.func1250@aeroporto.com.br,212,2452,2023-03-01,12436.92,True,FUNC-001251
Caroline,Vargas,caroline.vargas.func1251@aeroporto.com.br,545,3575,2023-04-25,19991.18,True,FUNC-001252
Hellena,Melo,hellena.melo.func1252@aeroporto.com.br,567,1847,2022-03-28,33849.33,True,FUNC-001253
Luan,Silveira,luan.silveira.func1253@aeroporto.com.br,945,1405,2017-11-21,21123.38,True,FUNC-001254
Sarah,Barros,sarah.barros.func1254@aeroporto.com.br,716,4032,2012-07-19,6416.4,True,FUNC-001255
Gael Henrique,Alves,gael henrique.alves.func1255@aeroporto.com.br,932,2140,2016-05-05,30776.0,True,FUNC-001256
Diego,da Cunha,diego.da cunha.func1256@aeroporto.com.br,807,2537,2017-03-25,27840.3,True,FUNC-001257
Eduardo,Machado,eduardo.machado.func1257@aeroporto.com.br,794,2427,2016-08-11,11411.35,True,FUNC-001258
Dante,Jesus,dante.jesus.func1258@aeroporto.com.br,219,2162,2015-11-19,24806.37,True,FUNC-001259
Luara,Costa,luara.costa.func1259@aeroporto.com.br,950,1761,2017-06-01,19813.18,True,FUNC-001260
Enzo Gabriel,Barros,enzo gabriel.barros.func1260@aeroporto.com.br,896,3966,2016-04-14,4496.11,False,FUNC-001261
Antônio,Brito,antônio.brito.func1261@aeroporto.com.br,425,4677,2021-08-14,3178.24,True,FUNC-001262
Cauã,Moreira,cauã.moreira.func1262@aeroporto.com.br,174,3105,2025-07-29,4340.54,False,FUNC-001263
Ana Júlia,Novais,ana júlia.novais.func1263@aeroporto.com.br,481,1358,2017-06-13,13212.21,True,FUNC-001264
Paulo,Pinto,paulo.pinto.func1264@aeroporto.com.br,514,2241,2015-07-23,10890.86,True,FUNC-001265
Davi Lucas,Cunha,davi lucas.cunha.func1265@aeroporto.com.br,256,617,2022-05-24,34816.86,True,FUNC-001266
Ana Vitória,Freitas,ana vitória.freitas.func1266@aeroporto.com.br,432,4566,2018-11-24,31084.6,True,FUNC-001267
Emanuel,Rodrigues,emanuel.rodrigues.func1267@aeroporto.com.br,512,442,2019-05-12,16460.81,True,FUNC-001268
Ana Júlia,da Costa,ana júlia.da costa.func1268@aeroporto.com.br,179,255,2018-06-03,3304.81,True,FUNC-001269
Camila,Duarte,camila.duarte.func1269@aeroporto.com.br,916,2903,2015-03-07,7162.1,True,FUNC-001270
João Guilherme,da Cruz,joão guilherme.da cruz.func1270@aeroporto.com.br,640,821,2013-12-17,27412.04,True,FUNC-001271
Lívia,da Conceição,lívia.da conceição.func1271@aeroporto.com.br,795,409,2014-09-25,20553.87,True,FUNC-001272
Maria Cecília,Peixoto,maria cecília.peixoto.func1272@aeroporto.com.br,779,4936,2013-06-22,27581.53,True,FUNC-001273
Sofia,Albuquerque,sofia.albuquerque.func1273@aeroporto.com.br,144,262,2014-07-07,34420.54,True,FUNC-001274
Caroline,Aparecida,caroline.aparecida.func1274@aeroporto.com.br,167,3762,2022-02-15,5135.41,True,FUNC-001275
João,Siqueira,joão.siqueira.func1275@aeroporto.com.br,262,1256,2022-10-04,6906.4,True,FUNC-001276
Leandro,Lima,leandro.lima.func1276@aeroporto.com.br,752,1994,2018-02-24,14488.79,True,FUNC-001277
Emanuella,Casa Grande,emanuella.casa grande.func1277@aeroporto.com.br,638,1390,2020-08-08,17051.19,True,FUNC-001278
Luigi,Guerra,luigi.guerra.func1278@aeroporto.com.br,395,291,2016-04-11,4158.4,True,FUNC-001279
Zoe,Caldeira,zoe.caldeira.func1279@aeroporto.com.br,196,466,2015-08-28,26562.17,True,FUNC-001280
Isaac,Cassiano,isaac.cassiano.func1280@aeroporto.com.br,851,3272,2025-08-10,10106.68,True,FUNC-001281
Juan,da Cunha,juan.da cunha.func1281@aeroporto.com.br,194,4330,2015-02-14,27445.98,True,FUNC-001282
Arthur,Sá,arthur.sá.func1282@aeroporto.com.br,778,2613,2022-02-22,23934.67,True,FUNC-001283
Vinicius,Oliveira,vinicius.oliveira.func1283@aeroporto.com.br,138,4735,2023-05-02,29982.16,True,FUNC-001284
Giovanna,Montenegro,giovanna.montenegro.func1284@aeroporto.com.br,720,2727,2016-09-27,21456.92,True,FUNC-001285
Luana,Rocha,luana.rocha.func1285@aeroporto.com.br,446,3742,2016-06-23,19899.74,False,FUNC-001286
Alexia,Rios,alexia.rios.func1286@aeroporto.com.br,148,2572,2023-07-02,30904.1,True,FUNC-001287
Enzo Gabriel,Santos,enzo gabriel.santos.func1287@aeroporto.com.br,520,3636,2014-08-12,25157.02,True,FUNC-001288
José Pedro,Cavalcanti,josé pedro.cavalcanti.func1288@aeroporto.com.br,163,1155,2023-10-09,28574.06,True,FUNC-001289
Danilo,Mendes,danilo.mendes.func1289@aeroporto.com.br,506,301,2012-08-18,10591.29,True,FUNC-001290
Bruno,Nogueira,bruno.nogueira.func1290@aeroporto.com.br,91,3899,2024-06-22,30321.54,True,FUNC-001291
Thiago,Casa Grande,thiago.casa grande.func1291@aeroporto.com.br,684,3368,2017-05-31,16850.91,True,FUNC-001292
Gabrielly,Fogaça,gabrielly.fogaça.func1292@aeroporto.com.br,974,3762,2020-12-11,13894.67,True,FUNC-001293
Leonardo,Nogueira,leonardo.nogueira.func1293@aeroporto.com.br,476,11,2016-03-21,12635.59,True,FUNC-001294
Milena,Moreira,milena.moreira.func1294@aeroporto.com.br,930,1384,2023-05-30,5574.33,True,FUNC-001295
Igor,Fogaça,igor.fogaça.func1295@aeroporto.com.br,196,1142,2021-09-23,31930.78,True,FUNC-001296
Davi,Lopes,davi.lopes.func1296@aeroporto.com.br,456,1995,2023-08-28,24327.82,True,FUNC-001297
Davi Lucas,Pacheco,davi lucas.pacheco.func1297@aeroporto.com.br,744,3325,2013-08-18,31574.62,True,FUNC-001298
Leonardo,Sá,leonardo.sá.func1298@aeroporto.com.br,651,4873,2014-05-11,3785.81,True,FUNC-001299
Diogo,da Luz,diogo.da luz.func1299@aeroporto.com.br,385,1553,2014-03-22,30194.17,True,FUNC-001300
Isabella,das Neves,isabella.das neves.func1300@aeroporto.com.br,61,3466,2020-03-29,18808.15,True,FUNC-001301
Yuri,Sales,yuri.sales.func1301@aeroporto.com.br,764,2546,2019-04-08,29490.3,True,FUNC-001302
Larissa,da Luz,larissa.da luz.func1302@aeroporto.com.br,674,2295,2012-07-21,26425.31,True,FUNC-001303
Maria Flor,da Costa,maria flor.da costa.func1303@aeroporto.com.br,359,1171,2012-10-11,32167.5,True,FUNC-001304
Vitor Hugo,Brito,vitor hugo.brito.func1304@aeroporto.com.br,762,1584,2025-07-24,16820.94,True,FUNC-001305
Dante,Montenegro,dante.montenegro.func1305@aeroporto.com.br,913,2506,2022-01-20,34603.63,True,FUNC-001306
Sara,Ramos,sara.ramos.func1306@aeroporto.com.br,233,873,2019-09-01,20699.1,True,FUNC-001307
Stephany,Câmara,stephany.câmara.func1307@aeroporto.com.br,145,2863,2016-08-20,28620.38,True,FUNC-001308
Jade,Brito,jade.brito.func1308@aeroporto.com.br,901,3072,2020-11-01,28576.11,True,FUNC-001309
Nicole,das Neves,nicole.das neves.func1309@aeroporto.com.br,357,1876,2017-05-20,12336.47,True,FUNC-001310
Luiz Otávio,da Cunha,luiz otávio.da cunha.func1310@aeroporto.com.br,269,364,2015-07-22,21439.99,True,FUNC-001311
Alícia,Rodrigues,alícia.rodrigues.func1311@aeroporto.com.br,12,962,2022-12-05,27697.89,True,FUNC-001312
Ana Vitória,Vieira,ana vitória.vieira.func1312@aeroporto.com.br,721,4010,2013-11-13,33178.91,True,FUNC-001313
Ana Cecília,da Conceição,ana cecília.da conceição.func1313@aeroporto.com.br,595,1767,2025-07-19,3682.29,True,FUNC-001314
Isadora,Moraes,isadora.moraes.func1314@aeroporto.com.br,869,375,2011-07-03,17016.08,True,FUNC-001315
Enrico,Mendonça,enrico.mendonça.func1315@aeroporto.com.br,303,2507,2012-05-10,27732.24,True,FUNC-001316
Noah,Nogueira,noah.nogueira.func1316@aeroporto.com.br,941,3214,2019-04-14,5684.64,True,FUNC-001317
Maria Isis,Sá,maria isis.sá.func1317@aeroporto.com.br,23,2097,2011-07-27,12891.22,True,FUNC-001318
Breno,da Mata,breno.da mata.func1318@aeroporto.com.br,379,1455,2023-02-17,10865.38,True,FUNC-001319
Antony,Nogueira,antony.nogueira.func1319@aeroporto.com.br,396,443,2017-01-31,7142.28,False,FUNC-001320
Mathias,Cirino,mathias.cirino.func1320@aeroporto.com.br,870,1692,2013-05-13,2744.65,True,FUNC-001321
Maria Laura,Fogaça,maria laura.fogaça.func1321@aeroporto.com.br,172,715,2019-04-16,32566.18,True,FUNC-001322
Elisa,Azevedo,elisa.azevedo.func1322@aeroporto.com.br,257,3887,2016-04-19,2644.74,True,FUNC-001323
Isis,Pimenta,isis.pimenta.func1323@aeroporto.com.br,490,2279,2017-09-15,32889.18,True,FUNC-001324
Yuri,Garcia,yuri.garcia.func1324@aeroporto.com.br,311,4656,2011-08-26,6183.03,True,FUNC-001325
Maya,Guerra,maya.guerra.func1325@aeroporto.com.br,484,2095,2022-07-06,26068.1,True,FUNC-001326
Sophia,Casa Grande,sophia.casa grande.func1326@aeroporto.com.br,476,2179,2014-10-04,29192.7,True,FUNC-001327
Gustavo Henrique,Porto,gustavo henrique.porto.func1327@aeroporto.com.br,716,3696,2016-05-17,6107.04,True,FUNC-001328
Emanuelly,Machado,emanuelly.machado.func1328@aeroporto.com.br,184,397,2018-10-29,19579.78,True,FUNC-001329
Isaac,Camargo,isaac.camargo.func1329@aeroporto.com.br,560,2129,2012-04-29,6364.44,True,FUNC-001330
Kevin,Cirino,kevin.cirino.func1330@aeroporto.com.br,369,3907,2017-06-16,4962.94,True,FUNC-001331
Enzo Gabriel,da Rocha,enzo gabriel.da rocha.func1331@aeroporto.com.br,819,1812,2016-06-20,12472.13,True,FUNC-001332
Jade,da Mota,jade.da mota.func1332@aeroporto.com.br,71,372,2020-08-18,27991.74,True,FUNC-001333
Ana Cecília,Borges,ana cecília.borges.func1333@aeroporto.com.br,544,4447,2015-04-02,34998.6,True,FUNC-001334
Lucas Gabriel,Lima,lucas gabriel.lima.func1334@aeroporto.com.br,522,4516,2021-09-08,28002.64,True,FUNC-001335
Marcela,Ramos,marcela.ramos.func1335@aeroporto.com.br,576,145,2012-06-25,29312.87,True,FUNC-001336
Maria Sophia,Ribeiro,maria sophia.ribeiro.func1336@aeroporto.com.br,914,2836,2022-10-13,28815.2,True,FUNC-001337
Ravy,Cavalcanti,ravy.cavalcanti.func1337@aeroporto.com.br,500,3340,2020-07-31,20365.11,True,FUNC-001338
Emilly,Moraes,emilly.moraes.func1338@aeroporto.com.br,27,4662,2018-04-28,9624.88,False,FUNC-001339
Yago,Cirino,yago.cirino.func1339@aeroporto.com.br,695,1486,2019-09-16,16565.86,False,FUNC-001340
Davi Luiz,Rezende,davi luiz.rezende.func1340@aeroporto.com.br,114,4140,2016-12-29,9369.18,True,FUNC-001341
Manuela,Andrade,manuela.andrade.func1341@aeroporto.com.br,311,485,2013-04-20,22490.59,True,FUNC-001342
Gabrielly,Rezende,gabrielly.rezende.func1342@aeroporto.com.br,166,2907,2015-07-11,4757.32,True,FUNC-001343
Ana Beatriz,Câmara,ana beatriz.câmara.func1343@aeroporto.com.br,727,238,2025-05-23,6873.55,True,FUNC-001344
Isabel,Guerra,isabel.guerra.func1344@aeroporto.com.br,689,3006,2016-10-26,11667.73,True,FUNC-001345
Gustavo,Barros,gustavo.barros.func1345@aeroporto.com.br,117,117,2013-07-29,17382.84,True,FUNC-001346
José,Melo,josé.melo.func1346@aeroporto.com.br,270,908,2016-08-13,6758.02,True,FUNC-001347
Manuela,Costela,manuela.costela.func1347@aeroporto.com.br,27,4691,2012-08-04,30035.48,True,FUNC-001348
Sarah,Mendes,sarah.mendes.func1348@aeroporto.com.br,103,283,2016-04-25,22242.25,True,FUNC-001349
Benicio,Guerra,benicio.guerra.func1349@aeroporto.com.br,949,1475,2013-10-09,2567.14,True,FUNC-001350
Gustavo,Ferreira,gustavo.ferreira.func1350@aeroporto.com.br,161,3905,2013-09-06,9363.72,True,FUNC-001351
Maysa,da Cruz,maysa.da cruz.func1351@aeroporto.com.br,246,2067,2024-03-09,27657.57,True,FUNC-001352
Vitória,Borges,vitória.borges.func1352@aeroporto.com.br,784,1227,2020-08-18,20949.78,False,FUNC-001353
Eloá,Fernandes,eloá.fernandes.func1353@aeroporto.com.br,195,4790,2018-04-11,12088.69,True,FUNC-001354
Bruna,Teixeira,bruna.teixeira.func1354@aeroporto.com.br,675,697,2016-09-08,7628.35,True,FUNC-001355
Ester,Machado,ester.machado.func1355@aeroporto.com.br,869,3459,2023-09-18,10724.09,True,FUNC-001356
Gael Henrique,Vargas,gael henrique.vargas.func1356@aeroporto.com.br,133,355,2019-11-22,23673.08,True,FUNC-001357
Eloah,Cavalcante,eloah.cavalcante.func1357@aeroporto.com.br,340,4382,2018-03-15,14456.16,True,FUNC-001358
Francisco,da Mata,francisco.da mata.func1358@aeroporto.com.br,66,2601,2026-02-16,11822.35,True,FUNC-001359
Levi,Cirino,levi.cirino.func1359@aeroporto.com.br,260,2356,2012-02-08,15766.65,True,FUNC-001360
Lunna,Peixoto,lunna.peixoto.func1360@aeroporto.com.br,931,4449,2019-12-17,28406.91,True,FUNC-001361
Luiz Felipe,Mendonça,luiz felipe.mendonça.func1361@aeroporto.com.br,37,842,2025-06-02,2774.68,True,FUNC-001362
Pedro Miguel,Andrade,pedro miguel.andrade.func1362@aeroporto.com.br,230,436,2019-04-08,34536.65,True,FUNC-001363
Kevin,Casa Grande,kevin.casa grande.func1363@aeroporto.com.br,555,4906,2023-08-08,24208.13,True,FUNC-001364
Breno,Marques,breno.marques.func1364@aeroporto.com.br,242,3352,2011-09-30,9117.57,True,FUNC-001365
Eduarda,Costa,eduarda.costa.func1365@aeroporto.com.br,29,1780,2015-09-19,27019.85,True,FUNC-001366
Luiz Fernando,Abreu,luiz fernando.abreu.func1366@aeroporto.com.br,801,738,2024-10-09,16468.96,True,FUNC-001367
Leonardo,Lima,leonardo.lima.func1367@aeroporto.com.br,347,4725,2024-12-21,10484.9,True,FUNC-001368
Rafael,da Paz,rafael.da paz.func1368@aeroporto.com.br,403,1277,2022-03-03,21128.31,True,FUNC-001369
Gabriela,Aparecida,gabriela.aparecida.func1369@aeroporto.com.br,627,4503,2019-09-28,18557.46,True,FUNC-001370
Augusto,Rodrigues,augusto.rodrigues.func1370@aeroporto.com.br,652,4356,2020-03-29,3157.6,True,FUNC-001371
Bella,Brito,bella.brito.func1371@aeroporto.com.br,897,370,2021-06-07,19024.91,True,FUNC-001372
Ana Cecília,Porto,ana cecília.porto.func1372@aeroporto.com.br,668,1441,2012-10-14,14585.24,True,FUNC-001373
Lucas Gabriel,Borges,lucas gabriel.borges.func1373@aeroporto.com.br,434,4325,2024-05-20,12034.01,True,FUNC-001374
Breno,Vasconcelos,breno.vasconcelos.func1374@aeroporto.com.br,615,769,2025-08-20,26650.4,True,FUNC-001375
Rael,Campos,rael.campos.func1375@aeroporto.com.br,914,4232,2016-10-08,25418.17,True,FUNC-001376
Aurora,Costela,aurora.costela.func1376@aeroporto.com.br,698,3721,2020-10-30,28658.75,True,FUNC-001377
Mateus,Camargo,mateus.camargo.func1377@aeroporto.com.br,800,4772,2017-11-02,19562.14,True,FUNC-001378
Isaac,Fogaça,isaac.fogaça.func1378@aeroporto.com.br,467,3014,2015-07-09,14775.59,True,FUNC-001379
Bruno,Moreira,bruno.moreira.func1379@aeroporto.com.br,927,2781,2014-11-09,16670.39,True,FUNC-001380
Calebe,Castro,calebe.castro.func1380@aeroporto.com.br,314,1135,2025-03-05,5110.86,True,FUNC-001381
Lorenzo,Costela,lorenzo.costela.func1381@aeroporto.com.br,395,3908,2018-11-28,18624.24,True,FUNC-001382
Maria Luiza,Pereira,maria luiza.pereira.func1382@aeroporto.com.br,678,3593,2018-05-22,5837.66,True,FUNC-001383
Ana Laura,da Mata,ana laura.da mata.func1383@aeroporto.com.br,75,216,2024-10-22,12677.32,True,FUNC-001384
Nathan,Pinto,nathan.pinto.func1384@aeroporto.com.br,20,4113,2022-12-30,23341.34,True,FUNC-001385
Francisco,Cavalcanti,francisco.cavalcanti.func1385@aeroporto.com.br,376,4492,2011-07-10,7837.65,True,FUNC-001386
José,da Conceição,josé.da conceição.func1386@aeroporto.com.br,47,2579,2022-11-09,14418.58,True,FUNC-001387
Manuella,Viana,manuella.viana.func1387@aeroporto.com.br,516,662,2026-05-09,19293.18,True,FUNC-001388
Henry Gabriel,Mendonça,henry gabriel.mendonça.func1388@aeroporto.com.br,133,3062,2025-08-07,11651.59,True,FUNC-001389
Calebe,Câmara,calebe.câmara.func1389@aeroporto.com.br,361,4667,2017-08-14,18107.11,True,FUNC-001390
Alexia,Moraes,alexia.moraes.func1390@aeroporto.com.br,489,3018,2011-07-14,15079.02,True,FUNC-001391
Maria Sophia,Barbosa,maria sophia.barbosa.func1391@aeroporto.com.br,174,1071,2021-04-18,15090.01,True,FUNC-001392
Ravy,Campos,ravy.campos.func1392@aeroporto.com.br,319,1265,2021-12-22,3350.66,True,FUNC-001393
Isabella,da Cunha,isabella.da cunha.func1393@aeroporto.com.br,181,731,2012-06-05,9935.97,True,FUNC-001394
Maria Luiza,Gomes,maria luiza.gomes.func1394@aeroporto.com.br,488,3722,2011-11-29,22375.56,True,FUNC-001395
Dom,Dias,dom.dias.func1395@aeroporto.com.br,51,1078,2022-12-17,10036.21,True,FUNC-001396
Bruno,Almeida,bruno.almeida.func1396@aeroporto.com.br,640,2682,2016-08-17,8870.58,True,FUNC-001397
Pedro Lucas,Moura,pedro lucas.moura.func1397@aeroporto.com.br,222,1317,2017-08-06,7158.49,False,FUNC-001398
Luiz Miguel,Moreira,luiz miguel.moreira.func1398@aeroporto.com.br,479,3355,2018-07-23,9671.66,True,FUNC-001399
Erick,da Luz,erick.da luz.func1399@aeroporto.com.br,382,3728,2013-04-24,7350.48,True,FUNC-001400
Oliver,Carvalho,oliver.carvalho.func1400@aeroporto.com.br,398,934,2023-02-19,34037.07,True,FUNC-001401
Maria Sophia,Alves,maria sophia.alves.func1401@aeroporto.com.br,599,3312,2016-08-04,18555.83,True,FUNC-001402
Samuel,Teixeira,samuel.teixeira.func1402@aeroporto.com.br,133,2820,2024-07-15,21006.21,True,FUNC-001403
Gustavo Henrique,Macedo,gustavo henrique.macedo.func1403@aeroporto.com.br,291,4933,2021-05-12,20423.39,False,FUNC-001404
Marcos Vinicius,Andrade,marcos vinicius.andrade.func1404@aeroporto.com.br,512,3888,2014-08-15,13888.24,True,FUNC-001405
José Pedro,Costela,josé pedro.costela.func1405@aeroporto.com.br,727,2983,2024-04-10,16634.75,True,FUNC-001406
Gustavo,Campos,gustavo.campos.func1406@aeroporto.com.br,127,3649,2012-03-27,4799.69,True,FUNC-001407
Noah,Moraes,noah.moraes.func1407@aeroporto.com.br,269,987,2025-08-30,20050.65,False,FUNC-001408
Maria Julia,Nascimento,maria julia.nascimento.func1408@aeroporto.com.br,31,2785,2020-11-21,19758.42,True,FUNC-001409
Felipe,Viana,felipe.viana.func1409@aeroporto.com.br,616,987,2014-06-30,11473.98,True,FUNC-001410
Eloá,Gomes,eloá.gomes.func1410@aeroporto.com.br,671,4174,2016-10-08,33920.55,True,FUNC-001411
Heloisa,Costa,heloisa.costa.func1411@aeroporto.com.br,922,807,2017-08-18,18074.08,True,FUNC-001412
Mariah,Cassiano,mariah.cassiano.func1412@aeroporto.com.br,380,4295,2021-04-13,5389.07,True,FUNC-001413
Otávio,Rodrigues,otávio.rodrigues.func1413@aeroporto.com.br,407,1820,2012-08-17,16459.24,True,FUNC-001414
Luiz Otávio,Ribeiro,luiz otávio.ribeiro.func1414@aeroporto.com.br,887,170,2014-08-27,17411.03,True,FUNC-001415
Lavínia,Montenegro,lavínia.montenegro.func1415@aeroporto.com.br,581,1625,2021-06-23,24152.81,True,FUNC-001416
Luiz Otávio,Pinto,luiz otávio.pinto.func1416@aeroporto.com.br,792,3766,2019-08-21,26257.16,True,FUNC-001417
Bruna,Lopes,bruna.lopes.func1417@aeroporto.com.br,760,3854,2021-05-10,5791.04,True,FUNC-001418
Pietra,Nogueira,pietra.nogueira.func1418@aeroporto.com.br,806,1729,2018-03-14,20973.29,True,FUNC-001419
Alice,Mendonça,alice.mendonça.func1419@aeroporto.com.br,948,3781,2024-03-02,10047.28,True,FUNC-001420
Diogo,Porto,diogo.porto.func1420@aeroporto.com.br,74,2206,2016-03-20,12923.19,True,FUNC-001421
Thomas,Pereira,thomas.pereira.func1421@aeroporto.com.br,914,148,2018-11-11,16454.08,False,FUNC-001422
Alana,Sá,alana.sá.func1422@aeroporto.com.br,478,3534,2018-01-24,11119.94,True,FUNC-001423
Lucas,da Cruz,lucas.da cruz.func1423@aeroporto.com.br,658,4998,2025-06-16,3308.86,True,FUNC-001424
Maria Cecília,Vargas,maria cecília.vargas.func1424@aeroporto.com.br,484,4641,2025-09-20,29042.32,True,FUNC-001425
Isabella,Vargas,isabella.vargas.func1425@aeroporto.com.br,320,2484,2011-10-31,22001.83,True,FUNC-001426
Fernando,Monteiro,fernando.monteiro.func1426@aeroporto.com.br,470,210,2021-11-12,12554.99,True,FUNC-001427
Ana Laura,da Cruz,ana laura.da cruz.func1427@aeroporto.com.br,725,2260,2015-11-23,20656.84,True,FUNC-001428
Rael,Vargas,rael.vargas.func1428@aeroporto.com.br,126,1927,2015-01-02,13102.13,True,FUNC-001429
Maya,Nascimento,maya.nascimento.func1429@aeroporto.com.br,703,4757,2023-08-07,34533.54,True,FUNC-001430
Arthur,da Mata,arthur.da mata.func1430@aeroporto.com.br,726,2910,2020-07-09,20831.34,True,FUNC-001431
Alexandre,Machado,alexandre.machado.func1431@aeroporto.com.br,196,3052,2023-02-02,8928.19,True,FUNC-001432
João Pedro,Peixoto,joão pedro.peixoto.func1432@aeroporto.com.br,890,3440,2024-06-25,27138.66,True,FUNC-001433
Otto,Caldeira,otto.caldeira.func1433@aeroporto.com.br,654,2813,2023-11-03,13154.47,True,FUNC-001434
Juan,Cassiano,juan.cassiano.func1434@aeroporto.com.br,871,1466,2019-12-14,8553.74,True,FUNC-001435
Hadassa,Novais,hadassa.novais.func1435@aeroporto.com.br,409,1627,2015-01-14,23359.06,True,FUNC-001436
Ana Vitória,Borges,ana vitória.borges.func1436@aeroporto.com.br,136,4393,2024-12-10,17758.23,True,FUNC-001437
João Miguel,Abreu,joão miguel.abreu.func1437@aeroporto.com.br,893,1011,2022-05-23,32630.77,True,FUNC-001438
Thomas,Sousa,thomas.sousa.func1438@aeroporto.com.br,332,4930,2024-11-04,30630.63,True,FUNC-001439
Liam,Freitas,liam.freitas.func1439@aeroporto.com.br,667,4721,2018-08-05,5858.42,True,FUNC-001440
Ryan,da Rosa,ryan.da rosa.func1440@aeroporto.com.br,517,1989,2016-07-22,7590.5,True,FUNC-001441
Matheus,Vasconcelos,matheus.vasconcelos.func1441@aeroporto.com.br,802,1198,2012-07-05,9906.15,True,FUNC-001442
Léo,Campos,léo.campos.func1442@aeroporto.com.br,81,3366,2023-05-23,23168.28,True,FUNC-001443
Lavínia,Santos,lavínia.santos.func1443@aeroporto.com.br,868,844,2021-05-15,4278.81,True,FUNC-001444
Benjamim,Pastor,benjamim.pastor.func1444@aeroporto.com.br,293,3138,2012-06-10,11908.15,True,FUNC-001445
Maria Eduarda,Pacheco,maria eduarda.pacheco.func1445@aeroporto.com.br,629,1138,2014-10-06,2837.62,True,FUNC-001446
Heloisa,Nunes,heloisa.nunes.func1446@aeroporto.com.br,125,551,2026-05-04,34603.87,True,FUNC-001447
Bento,Gonçalves,bento.gonçalves.func1447@aeroporto.com.br,774,4513,2023-03-17,15679.75,True,FUNC-001448
Yasmin,Ribeiro,yasmin.ribeiro.func1448@aeroporto.com.br,184,2576,2014-01-11,17334.51,True,FUNC-001449
Ágatha,Marques,ágatha.marques.func1449@aeroporto.com.br,499,3927,2025-08-03,13291.73,False,FUNC-001450
Asafe,Almeida,asafe.almeida.func1450@aeroporto.com.br,108,4217,2026-03-23,5009.26,False,FUNC-001451
Maria Luísa,Gonçalves,maria luísa.gonçalves.func1451@aeroporto.com.br,383,2799,2014-05-14,23554.28,False,FUNC-001452
Brenda,Oliveira,brenda.oliveira.func1452@aeroporto.com.br,308,1865,2021-10-26,7819.33,True,FUNC-001453
Joana,Cavalcanti,joana.cavalcanti.func1453@aeroporto.com.br,593,3812,2013-04-04,27947.09,True,FUNC-001454
Alana,Peixoto,alana.peixoto.func1454@aeroporto.com.br,360,3013,2014-06-28,13071.87,True,FUNC-001455
Helena,Barros,helena.barros.func1455@aeroporto.com.br,690,504,2026-01-22,18211.31,True,FUNC-001456
Alice,Castro,alice.castro.func1456@aeroporto.com.br,87,3413,2017-06-29,4971.55,False,FUNC-001457
Davi Lucas,Pereira,davi lucas.pereira.func1457@aeroporto.com.br,803,4367,2016-05-02,28834.77,True,FUNC-001458
Nina,Jesus,nina.jesus.func1458@aeroporto.com.br,762,2265,2023-02-17,33672.42,True,FUNC-001459
Marina,Fernandes,marina.fernandes.func1459@aeroporto.com.br,446,247,2026-05-25,22270.5,True,FUNC-001460
Giovanna,Silveira,giovanna.silveira.func1460@aeroporto.com.br,356,3240,2022-12-18,18278.96,True,FUNC-001461
Valentina,Cunha,valentina.cunha.func1461@aeroporto.com.br,821,4768,2018-03-06,26819.01,True,FUNC-001462
Noah,Costa,noah.costa.func1462@aeroporto.com.br,224,190,2015-08-31,32071.14,True,FUNC-001463
Enzo Gabriel,Peixoto,enzo gabriel.peixoto.func1463@aeroporto.com.br,613,2777,2023-04-23,31272.81,False,FUNC-001464
Theo,Costa,theo.costa.func1464@aeroporto.com.br,694,2757,2015-07-02,12117.63,True,FUNC-001465
Vitória,Cavalcanti,vitória.cavalcanti.func1465@aeroporto.com.br,715,703,2024-10-08,4879.13,True,FUNC-001466
Ana Clara,Garcia,ana clara.garcia.func1466@aeroporto.com.br,196,1263,2017-12-21,11723.89,False,FUNC-001467
Benjamin,Pereira,benjamin.pereira.func1467@aeroporto.com.br,726,1075,2023-09-08,27165.61,True,FUNC-001468
Matheus,Mendonça,matheus.mendonça.func1468@aeroporto.com.br,11,3098,2015-07-24,9786.45,True,FUNC-001469
João Felipe,Novaes,joão felipe.novaes.func1469@aeroporto.com.br,537,4956,2014-03-11,4179.57,True,FUNC-001470
Dante,Ribeiro,dante.ribeiro.func1470@aeroporto.com.br,66,4978,2013-05-13,3821.01,True,FUNC-001471
Anna Liz,Ferreira,anna liz.ferreira.func1471@aeroporto.com.br,95,819,2023-03-01,20949.16,True,FUNC-001472
Carlos Eduardo,Lopes,carlos eduardo.lopes.func1472@aeroporto.com.br,952,2282,2019-11-27,29354.31,True,FUNC-001473
Daniela,Rezende,daniela.rezende.func1473@aeroporto.com.br,82,1548,2014-04-06,34651.36,True,FUNC-001474
Arthur Miguel,Campos,arthur miguel.campos.func1474@aeroporto.com.br,432,3836,2023-08-22,6964.14,True,FUNC-001475
Sara,Leão,sara.leão.func1475@aeroporto.com.br,670,3908,2012-01-30,17781.14,True,FUNC-001476
Rhavi,Rezende,rhavi.rezende.func1476@aeroporto.com.br,187,3,2013-11-12,26962.01,True,FUNC-001477
Ian,das Neves,ian.das neves.func1477@aeroporto.com.br,733,4593,2016-08-27,28279.96,True,FUNC-001478
Isadora,Dias,isadora.dias.func1478@aeroporto.com.br,298,4425,2015-10-13,9577.87,True,FUNC-001479
Alexia,Pereira,alexia.pereira.func1479@aeroporto.com.br,117,822,2021-08-21,33188.37,True,FUNC-001480
Sofia,Santos,sofia.santos.func1480@aeroporto.com.br,643,997,2026-02-21,17118.02,True,FUNC-001481
Isabel,Pastor,isabel.pastor.func1481@aeroporto.com.br,526,3832,2011-12-28,33050.84,True,FUNC-001482
Heloísa,Fernandes,heloísa.fernandes.func1482@aeroporto.com.br,124,4230,2014-03-30,33194.52,True,FUNC-001483
Lucas Gabriel,Melo,lucas gabriel.melo.func1483@aeroporto.com.br,478,4511,2014-02-28,10373.67,True,FUNC-001484
Danilo,da Rosa,danilo.da rosa.func1484@aeroporto.com.br,523,3894,2015-08-11,25897.84,True,FUNC-001485
Sabrina,Rios,sabrina.rios.func1485@aeroporto.com.br,219,3689,2012-09-19,17626.47,True,FUNC-001486
Ana,Borges,ana.borges.func1486@aeroporto.com.br,33,1590,2013-12-28,15381.71,True,FUNC-001487
Davi Lucca,da Mota,davi lucca.da mota.func1487@aeroporto.com.br,495,4612,2017-08-10,6811.38,True,FUNC-001488
Bruna,Leão,bruna.leão.func1488@aeroporto.com.br,874,2528,2018-07-06,17004.23,True,FUNC-001489
Amanda,da Mota,amanda.da mota.func1489@aeroporto.com.br,244,1058,2025-09-05,18247.64,True,FUNC-001490
Eloá,Melo,eloá.melo.func1490@aeroporto.com.br,185,4296,2022-10-28,23046.25,True,FUNC-001491
Maria Cecília,Cassiano,maria cecília.cassiano.func1491@aeroporto.com.br,791,85,2012-04-01,21787.41,True,FUNC-001492
André,Novais,andré.novais.func1492@aeroporto.com.br,935,3815,2011-10-15,33430.75,True,FUNC-001493
Evelyn,Almeida,evelyn.almeida.func1493@aeroporto.com.br,941,4994,2022-09-22,25159.17,False,FUNC-001494
Olívia,Aparecida,olívia.aparecida.func1494@aeroporto.com.br,520,349,2015-11-07,20939.25,True,FUNC-001495
Eduarda,Nascimento,eduarda.nascimento.func1495@aeroporto.com.br,61,3779,2022-01-17,27667.27,True,FUNC-001496
Elisa,da Mota,elisa.da mota.func1496@aeroporto.com.br,941,566,2014-01-08,31135.37,True,FUNC-001497
Melissa,Farias,melissa.farias.func1497@aeroporto.com.br,93,2927,2014-07-09,26863.93,True,FUNC-001498
Paulo,Borges,paulo.borges.func1498@aeroporto.com.br,857,2081,2016-12-14,14128.63,True,FUNC-001499
Stephany,Pastor,stephany.pastor.func1499@aeroporto.com.br,321,2270,2021-10-04,15735.52,True,FUNC-001500
Raquel,Correia,raquel.correia.func1500@aeroporto.com.br,345,1228,2022-11-17,5511.24,True,FUNC-001501
João,Casa Grande,joão.casa grande.func1501@aeroporto.com.br,813,845,2016-07-12,21667.85,True,FUNC-001502
Luan,Novaes,luan.novaes.func1502@aeroporto.com.br,290,1759,2015-10-24,28103.81,True,FUNC-001503
Lunna,Costela,lunna.costela.func1503@aeroporto.com.br,20,1436,2020-07-20,3320.77,True,FUNC-001504
Heloisa,Leão,heloisa.leão.func1504@aeroporto.com.br,788,3386,2018-03-06,18169.9,True,FUNC-001505
Davi Lucas,Leão,davi lucas.leão.func1505@aeroporto.com.br,633,788,2024-06-26,27596.27,True,FUNC-001506
Bento,Barbosa,bento.barbosa.func1506@aeroporto.com.br,109,3340,2025-12-30,4111.81,True,FUNC-001507
Benício,Martins,benício.martins.func1507@aeroporto.com.br,805,1108,2021-12-21,15108.33,True,FUNC-001508
Ana Lívia,Rocha,ana lívia.rocha.func1508@aeroporto.com.br,812,2780,2023-10-05,10322.87,True,FUNC-001509
Catarina,Albuquerque,catarina.albuquerque.func1509@aeroporto.com.br,692,2657,2021-11-20,9566.33,True,FUNC-001510
Zoe,Fogaça,zoe.fogaça.func1510@aeroporto.com.br,956,1390,2015-10-29,33589.3,False,FUNC-001511
Felipe,Fonseca,felipe.fonseca.func1511@aeroporto.com.br,564,3550,2019-06-11,29331.62,True,FUNC-001512
Elisa,Guerra,elisa.guerra.func1512@aeroporto.com.br,479,665,2024-12-25,26015.45,True,FUNC-001513
Davi Lucas,Nunes,davi lucas.nunes.func1513@aeroporto.com.br,993,3391,2026-01-19,18150.72,True,FUNC-001514
Ayla,Melo,ayla.melo.func1514@aeroporto.com.br,374,1024,2014-07-25,21707.23,True,FUNC-001515
Heitor,Teixeira,heitor.teixeira.func1515@aeroporto.com.br,126,4699,2023-04-02,29136.8,True,FUNC-001516
Maria Luísa,Moreira,maria luísa.moreira.func1516@aeroporto.com.br,712,2418,2024-05-02,23238.09,True,FUNC-001517
Vitor,Abreu,vitor.abreu.func1517@aeroporto.com.br,126,968,2024-08-05,23105.2,True,FUNC-001518
Leonardo,Santos,leonardo.santos.func1518@aeroporto.com.br,903,4033,2017-10-22,18681.25,True,FUNC-001519
Isabelly,Ribeiro,isabelly.ribeiro.func1519@aeroporto.com.br,960,2070,2024-08-27,15367.04,True,FUNC-001520
Mariana,Rodrigues,mariana.rodrigues.func1520@aeroporto.com.br,572,3745,2018-04-19,27259.39,True,FUNC-001521
Ana Sophia,da Mota,ana sophia.da mota.func1521@aeroporto.com.br,829,375,2015-04-05,17393.48,True,FUNC-001522
Sabrina,Montenegro,sabrina.montenegro.func1522@aeroporto.com.br,494,4274,2016-12-28,8139.72,True,FUNC-001523
Mateus,Montenegro,mateus.montenegro.func1523@aeroporto.com.br,746,4078,2012-01-27,13308.99,True,FUNC-001524
Ayla,Costa,ayla.costa.func1524@aeroporto.com.br,650,1559,2025-10-22,26223.28,True,FUNC-001525
Nathan,da Luz,nathan.da luz.func1525@aeroporto.com.br,352,4361,2015-01-17,18915.42,True,FUNC-001526
Leandro,Garcia,leandro.garcia.func1526@aeroporto.com.br,254,741,2017-02-28,8385.99,True,FUNC-001527
Mirella,Novaes,mirella.novaes.func1527@aeroporto.com.br,457,222,2014-08-07,25783.41,True,FUNC-001528
Maria Júlia,Jesus,maria júlia.jesus.func1528@aeroporto.com.br,756,1494,2020-01-12,33055.07,True,FUNC-001529
Sophie,Campos,sophie.campos.func1529@aeroporto.com.br,852,4306,2025-04-30,19858.33,True,FUNC-001530
Clara,Albuquerque,clara.albuquerque.func1530@aeroporto.com.br,687,2423,2024-08-14,17559.52,True,FUNC-001531
Sophia,Montenegro,sophia.montenegro.func1531@aeroporto.com.br,519,2372,2017-06-18,27812.53,True,FUNC-001532
Carlos Eduardo,Aragão,carlos eduardo.aragão.func1532@aeroporto.com.br,112,1466,2014-04-02,27885.14,True,FUNC-001533
Cauê,Mendonça,cauê.mendonça.func1533@aeroporto.com.br,493,2028,2019-01-08,20592.67,True,FUNC-001534
Lara,Fogaça,lara.fogaça.func1534@aeroporto.com.br,970,3574,2020-08-13,33572.63,True,FUNC-001535
João Lucas,Nascimento,joão lucas.nascimento.func1535@aeroporto.com.br,536,4205,2012-04-25,2684.34,True,FUNC-001536
Maria Clara,Souza,maria clara.souza.func1536@aeroporto.com.br,419,734,2013-11-23,19380.42,True,FUNC-001537
Melina,da Costa,melina.da costa.func1537@aeroporto.com.br,472,4629,2017-10-01,3706.33,False,FUNC-001538
Yasmin,Lopes,yasmin.lopes.func1538@aeroporto.com.br,454,2446,2018-12-10,19351.8,True,FUNC-001539
Ana Cecília,Casa Grande,ana cecília.casa grande.func1539@aeroporto.com.br,667,258,2020-03-17,4990.55,True,FUNC-001540
Brayan,Silveira,brayan.silveira.func1540@aeroporto.com.br,329,879,2017-03-12,34939.47,True,FUNC-001541
Rebeca,Moura,rebeca.moura.func1541@aeroporto.com.br,393,4494,2018-10-25,10540.07,True,FUNC-001542
Heitor,Farias,heitor.farias.func1542@aeroporto.com.br,881,3112,2011-12-19,32937.27,True,FUNC-001543
Matheus,Abreu,matheus.abreu.func1543@aeroporto.com.br,892,21,2021-01-31,10432.85,True,FUNC-001544
Erick,Pires,erick.pires.func1544@aeroporto.com.br,78,435,2015-06-06,5475.02,True,FUNC-001545
Maria Isis,Barros,maria isis.barros.func1545@aeroporto.com.br,995,730,2023-11-28,12957.37,False,FUNC-001546
Lucas Gabriel,Nascimento,lucas gabriel.nascimento.func1546@aeroporto.com.br,232,4189,2015-06-25,18886.08,True,FUNC-001547
Marina,Pereira,marina.pereira.func1547@aeroporto.com.br,164,3361,2012-01-26,13220.23,True,FUNC-001548
Caio,Almeida,caio.almeida.func1548@aeroporto.com.br,945,3294,2013-12-22,31586.71,True,FUNC-001549
Mariana,Correia,mariana.correia.func1549@aeroporto.com.br,12,2142,2023-09-27,27150.27,True,FUNC-001550
Liz,Câmara,liz.câmara.func1550@aeroporto.com.br,59,2324,2024-10-08,19234.07,True,FUNC-001551
Maria Clara,Porto,maria clara.porto.func1551@aeroporto.com.br,451,2379,2021-07-08,15242.77,True,FUNC-001552
Pedro Miguel,Fernandes,pedro miguel.fernandes.func1552@aeroporto.com.br,800,64,2023-02-12,23605.17,True,FUNC-001553
Zoe,Teixeira,zoe.teixeira.func1553@aeroporto.com.br,68,1420,2021-04-10,10407.11,True,FUNC-001554
Alice,da Cunha,alice.da cunha.func1554@aeroporto.com.br,481,3892,2022-12-21,6909.16,True,FUNC-001555
Fernando,da Luz,fernando.da luz.func1555@aeroporto.com.br,334,3718,2015-07-03,28074.32,True,FUNC-001556
Maria Eduarda,Cassiano,maria eduarda.cassiano.func1556@aeroporto.com.br,355,2801,2017-02-21,29352.49,True,FUNC-001557
Natália,da Cunha,natália.da cunha.func1557@aeroporto.com.br,5,2674,2021-04-24,11258.27,True,FUNC-001558
Yuri,Vasconcelos,yuri.vasconcelos.func1558@aeroporto.com.br,471,2529,2023-03-27,15503.75,True,FUNC-001559
Henrique,Pastor,henrique.pastor.func1559@aeroporto.com.br,695,359,2013-10-19,16313.14,True,FUNC-001560
João Felipe,Moraes,joão felipe.moraes.func1560@aeroporto.com.br,794,3389,2021-01-19,10684.47,True,FUNC-001561
João Miguel,Vargas,joão miguel.vargas.func1561@aeroporto.com.br,1,2342,2020-09-13,11081.22,True,FUNC-001562
Brenda,Sousa,brenda.sousa.func1562@aeroporto.com.br,830,2041,2025-12-07,8626.57,True,FUNC-001563
Benício,Cavalcanti,benício.cavalcanti.func1563@aeroporto.com.br,599,1214,2019-08-02,4925.86,True,FUNC-001564
Yan,Siqueira,yan.siqueira.func1564@aeroporto.com.br,141,3351,2023-02-24,3825.56,True,FUNC-001565
Vinicius,Aragão,vinicius.aragão.func1565@aeroporto.com.br,817,2446,2018-06-10,12513.04,True,FUNC-001566
Benício,Gonçalves,benício.gonçalves.func1566@aeroporto.com.br,143,1517,2019-01-19,2856.58,True,FUNC-001567
Rebeca,da Costa,rebeca.da costa.func1567@aeroporto.com.br,552,2325,2019-04-20,9965.57,True,FUNC-001568
Caio,da Conceição,caio.da conceição.func1568@aeroporto.com.br,947,4847,2021-12-09,13482.19,True,FUNC-001569
Miguel,Vieira,miguel.vieira.func1569@aeroporto.com.br,740,639,2021-10-04,23447.92,True,FUNC-001570
Helena,Silva,helena.silva.func1570@aeroporto.com.br,999,266,2020-11-16,11035.26,False,FUNC-001571
Marina,Silveira,marina.silveira.func1571@aeroporto.com.br,480,1927,2018-06-28,13136.53,True,FUNC-001572
Maria Cecília,Brito,maria cecília.brito.func1572@aeroporto.com.br,272,2824,2014-05-21,11107.61,True,FUNC-001573
João Vitor,Correia,joão vitor.correia.func1573@aeroporto.com.br,320,3319,2019-03-13,5561.91,True,FUNC-001574
Rael,Oliveira,rael.oliveira.func1574@aeroporto.com.br,333,3762,2013-10-12,3967.85,True,FUNC-001575
Levi,Andrade,levi.andrade.func1575@aeroporto.com.br,488,1080,2014-12-23,20948.33,True,FUNC-001576
Daniel,Martins,daniel.martins.func1576@aeroporto.com.br,175,4818,2017-10-06,3476.77,True,FUNC-001577
Augusto,Silveira,augusto.silveira.func1577@aeroporto.com.br,563,4393,2022-05-05,5956.24,True,FUNC-001578
Eloá,Silveira,eloá.silveira.func1578@aeroporto.com.br,788,4446,2019-07-11,23699.84,True,FUNC-001579
Daniel,Carvalho,daniel.carvalho.func1579@aeroporto.com.br,703,1834,2018-08-13,27449.99,True,FUNC-001580
Letícia,Aparecida,letícia.aparecida.func1580@aeroporto.com.br,854,4705,2019-06-13,19909.59,False,FUNC-001581
Brayan,Cavalcanti,brayan.cavalcanti.func1581@aeroporto.com.br,237,1399,2021-11-20,28017.76,True,FUNC-001582
Rebeca,Aparecida,rebeca.aparecida.func1582@aeroporto.com.br,303,1355,2019-04-05,18901.46,True,FUNC-001583
Enzo Gabriel,Castro,enzo gabriel.castro.func1583@aeroporto.com.br,307,2172,2023-12-06,10813.52,True,FUNC-001584
Emanuel,Guerra,emanuel.guerra.func1584@aeroporto.com.br,821,2420,2011-11-06,31139.9,True,FUNC-001585
Ana Liz,Vieira,ana liz.vieira.func1585@aeroporto.com.br,677,3524,2023-07-31,23827.08,True,FUNC-001586
Breno,Campos,breno.campos.func1586@aeroporto.com.br,304,1494,2024-11-26,13280.02,True,FUNC-001587
Luan,Vargas,luan.vargas.func1587@aeroporto.com.br,628,1977,2018-07-15,12343.99,True,FUNC-001588
Bárbara,Aragão,bárbara.aragão.func1588@aeroporto.com.br,456,2864,2012-01-14,5507.38,True,FUNC-001589
Raul,Pinto,raul.pinto.func1589@aeroporto.com.br,76,3617,2021-01-01,28230.35,True,FUNC-001590
Davi Lucca,Fonseca,davi lucca.fonseca.func1590@aeroporto.com.br,182,2355,2017-11-18,13298.29,True,FUNC-001591
Zoe,Costa,zoe.costa.func1591@aeroporto.com.br,48,1964,2026-01-22,4493.06,True,FUNC-001592
Ana Luiza,Costela,ana luiza.costela.func1592@aeroporto.com.br,640,2871,2016-02-29,8010.58,True,FUNC-001593
Manuella,Brito,manuella.brito.func1593@aeroporto.com.br,553,2800,2025-03-17,34995.77,True,FUNC-001594
Isaac,Costela,isaac.costela.func1594@aeroporto.com.br,151,2463,2016-10-12,17400.06,True,FUNC-001595
Henrique,Correia,henrique.correia.func1595@aeroporto.com.br,507,3089,2021-06-15,10443.52,True,FUNC-001596
Clarice,Santos,clarice.santos.func1596@aeroporto.com.br,964,4300,2021-09-29,29070.66,False,FUNC-001597
Juan,Monteiro,juan.monteiro.func1597@aeroporto.com.br,566,4789,2024-02-25,2849.36,True,FUNC-001598
Vicente,Gomes,vicente.gomes.func1598@aeroporto.com.br,554,1607,2020-09-27,28874.69,True,FUNC-001599
Gael,Lima,gael.lima.func1599@aeroporto.com.br,258,3869,2014-01-01,8364.8,True,FUNC-001600
Anthony,Cassiano,anthony.cassiano.func1600@aeroporto.com.br,431,4712,2018-10-24,14354.07,True,FUNC-001601
Rafaela,Montenegro,rafaela.montenegro.func1601@aeroporto.com.br,205,3265,2026-05-27,20126.3,True,FUNC-001602
Pedro,Macedo,pedro.macedo.func1602@aeroporto.com.br,191,1357,2025-09-22,19654.34,True,FUNC-001603
Francisco,Ferreira,francisco.ferreira.func1603@aeroporto.com.br,479,4282,2019-08-12,8729.56,True,FUNC-001604
Francisco,da Mata,francisco.da mata.func1604@aeroporto.com.br,393,4744,2011-10-13,18113.11,True,FUNC-001605
Jade,Pereira,jade.pereira.func1605@aeroporto.com.br,416,3821,2014-04-20,14097.89,True,FUNC-001606
Ana Cecília,Monteiro,ana cecília.monteiro.func1606@aeroporto.com.br,66,1743,2013-06-19,33438.92,True,FUNC-001607
Henry,Casa Grande,henry.casa grande.func1607@aeroporto.com.br,563,2877,2015-08-18,22629.27,True,FUNC-001608
Camila,Brito,camila.brito.func1608@aeroporto.com.br,428,2916,2019-04-26,21893.67,True,FUNC-001609
Raul,Fernandes,raul.fernandes.func1609@aeroporto.com.br,365,2597,2021-03-05,34372.17,True,FUNC-001610
Bella,Mendonça,bella.mendonça.func1610@aeroporto.com.br,607,2898,2025-01-09,9464.69,True,FUNC-001611
Leonardo,das Neves,leonardo.das neves.func1611@aeroporto.com.br,301,4930,2024-04-27,28543.59,False,FUNC-001612
Alícia,Sá,alícia.sá.func1612@aeroporto.com.br,983,3873,2021-09-04,32342.93,True,FUNC-001613
Matheus,Vieira,matheus.vieira.func1613@aeroporto.com.br,738,2310,2019-03-09,2564.21,True,FUNC-001614
Hellena,Ramos,hellena.ramos.func1614@aeroporto.com.br,997,4763,2014-08-28,28148.18,True,FUNC-001615
Davi Luiz,Silveira,davi luiz.silveira.func1615@aeroporto.com.br,114,2313,2014-11-11,32753.32,True,FUNC-001616
Eduardo,Araújo,eduardo.araújo.func1616@aeroporto.com.br,826,1431,2020-08-22,22806.77,False,FUNC-001617
Ester,Porto,ester.porto.func1617@aeroporto.com.br,552,1382,2017-05-17,23398.98,True,FUNC-001618
Lorena,Aparecida,lorena.aparecida.func1618@aeroporto.com.br,894,3333,2016-09-18,27910.78,True,FUNC-001619
Enzo Gabriel,Monteiro,enzo gabriel.monteiro.func1619@aeroporto.com.br,532,3322,2018-02-24,27589.11,True,FUNC-001620
Cecilia,da Rocha,cecilia.da rocha.func1620@aeroporto.com.br,959,3499,2022-08-26,7624.47,True,FUNC-001621
Ana Julia,Azevedo,ana julia.azevedo.func1621@aeroporto.com.br,237,885,2019-01-24,9984.21,True,FUNC-001622
Maria Julia,Macedo,maria julia.macedo.func1622@aeroporto.com.br,766,3335,2017-09-14,21833.76,True,FUNC-001623
Stephany,Carvalho,stephany.carvalho.func1623@aeroporto.com.br,362,3259,2015-05-12,24803.45,True,FUNC-001624
Guilherme,Lima,guilherme.lima.func1624@aeroporto.com.br,360,3127,2017-01-29,21312.39,True,FUNC-001625
Sophie,Leão,sophie.leão.func1625@aeroporto.com.br,340,1129,2016-01-04,15803.1,True,FUNC-001626
Maria Clara,Aparecida,maria clara.aparecida.func1626@aeroporto.com.br,580,337,2025-05-03,4758.91,True,FUNC-001627
Luiz Henrique,Lima,luiz henrique.lima.func1627@aeroporto.com.br,650,3997,2011-11-21,30784.13,True,FUNC-001628
Enzo Gabriel,Vasconcelos,enzo gabriel.vasconcelos.func1628@aeroporto.com.br,285,684,2018-10-02,6036.04,True,FUNC-001629
Ágatha,Aparecida,ágatha.aparecida.func1629@aeroporto.com.br,834,4016,2015-09-14,13323.41,True,FUNC-001630
Maria Laura,da Mata,maria laura.da mata.func1630@aeroporto.com.br,236,1951,2014-10-21,19239.64,True,FUNC-001631
Juliana,Pacheco,juliana.pacheco.func1631@aeroporto.com.br,603,1859,2022-05-06,29169.18,True,FUNC-001632
Alícia,Sales,alícia.sales.func1632@aeroporto.com.br,356,3320,2017-11-30,22500.01,True,FUNC-001633
Dante,Fonseca,dante.fonseca.func1633@aeroporto.com.br,750,425,2016-04-22,17279.32,False,FUNC-001634
Isabelly,da Conceição,isabelly.da conceição.func1634@aeroporto.com.br,155,3355,2017-02-24,10709.92,True,FUNC-001635
Yan,Viana,yan.viana.func1635@aeroporto.com.br,190,4878,2012-11-15,7930.16,True,FUNC-001636
Aylla,da Cruz,aylla.da cruz.func1636@aeroporto.com.br,141,1128,2012-03-11,5165.07,True,FUNC-001637
Ana Sophia,Correia,ana sophia.correia.func1637@aeroporto.com.br,633,2428,2022-08-04,9183.7,True,FUNC-001638
Sarah,Lopes,sarah.lopes.func1638@aeroporto.com.br,873,3117,2015-07-16,7040.64,True,FUNC-001639
Maria Luiza,Martins,maria luiza.martins.func1639@aeroporto.com.br,420,2212,2014-03-25,31403.99,True,FUNC-001640
Evelyn,Cunha,evelyn.cunha.func1640@aeroporto.com.br,828,1147,2024-02-08,17417.78,True,FUNC-001641
Lorenzo,Silva,lorenzo.silva.func1641@aeroporto.com.br,457,1895,2025-05-13,12974.0,True,FUNC-001642
Davi Lucca,Rios,davi lucca.rios.func1642@aeroporto.com.br,697,3443,2016-08-07,34843.44,True,FUNC-001643
Luara,Pimenta,luara.pimenta.func1643@aeroporto.com.br,567,1478,2018-08-28,9315.04,True,FUNC-001644
Sara,Ferreira,sara.ferreira.func1644@aeroporto.com.br,196,274,2012-09-26,32511.34,True,FUNC-001645
João Miguel,Guerra,joão miguel.guerra.func1645@aeroporto.com.br,464,3728,2024-07-31,17238.44,True,FUNC-001646
Maria Vitória,Câmara,maria vitória.câmara.func1646@aeroporto.com.br,521,4912,2021-06-09,8402.76,True,FUNC-001647
Arthur Gabriel,Siqueira,arthur gabriel.siqueira.func1647@aeroporto.com.br,555,808,2020-05-14,7484.24,True,FUNC-001648
Lorena,Pastor,lorena.pastor.func1648@aeroporto.com.br,323,3176,2025-10-28,7022.49,True,FUNC-001649
Théo,Rios,théo.rios.func1649@aeroporto.com.br,84,3079,2015-05-01,14615.0,True,FUNC-001650
Sarah,Correia,sarah.correia.func1650@aeroporto.com.br,612,3013,2019-09-16,4302.65,True,FUNC-001651
Theodoro,Aparecida,theodoro.aparecida.func1651@aeroporto.com.br,417,3988,2023-07-23,20845.41,True,FUNC-001652
Levi,Fonseca,levi.fonseca.func1652@aeroporto.com.br,668,4810,2023-02-15,21001.16,True,FUNC-001653
Beatriz,Cavalcanti,beatriz.cavalcanti.func1653@aeroporto.com.br,581,591,2025-05-11,27888.85,True,FUNC-001654
Sophia,da Mata,sophia.da mata.func1654@aeroporto.com.br,269,3301,2023-05-31,22053.67,True,FUNC-001655
Benício,Ribeiro,benício.ribeiro.func1655@aeroporto.com.br,875,776,2026-05-27,5354.91,True,FUNC-001656
Danilo,Câmara,danilo.câmara.func1656@aeroporto.com.br,822,3677,2022-03-02,10180.5,True,FUNC-001657
Eloah,Cunha,eloah.cunha.func1657@aeroporto.com.br,133,3757,2013-10-30,18244.26,True,FUNC-001658
Vitor,da Paz,vitor.da paz.func1658@aeroporto.com.br,864,3718,2016-11-12,16616.79,True,FUNC-001659
Luna,Jesus,luna.jesus.func1659@aeroporto.com.br,582,3363,2019-12-09,7439.5,True,FUNC-001660
Sophia,Souza,sophia.souza.func1660@aeroporto.com.br,232,2795,2025-06-19,22089.51,True,FUNC-001661
Thales,Costela,thales.costela.func1661@aeroporto.com.br,871,1182,2016-11-17,26546.95,True,FUNC-001662
Francisco,Gonçalves,francisco.gonçalves.func1662@aeroporto.com.br,389,861,2018-03-03,15049.07,True,FUNC-001663
Breno,Monteiro,breno.monteiro.func1663@aeroporto.com.br,840,3247,2019-07-29,16018.87,True,FUNC-001664
Marcos Vinicius,Moreira,marcos vinicius.moreira.func1664@aeroporto.com.br,133,1829,2018-09-13,22315.13,True,FUNC-001665
Isabel,Marques,isabel.marques.func1665@aeroporto.com.br,363,3795,2014-09-04,15699.28,True,FUNC-001666
Maria Fernanda,Moraes,maria fernanda.moraes.func1666@aeroporto.com.br,171,1499,2020-06-29,22218.85,False,FUNC-001667
Julia,Silva,julia.silva.func1667@aeroporto.com.br,932,3155,2023-05-30,16908.72,True,FUNC-001668
Yasmin,Santos,yasmin.santos.func1668@aeroporto.com.br,806,2022,2017-12-26,30488.78,True,FUNC-001669
Marcela,Caldeira,marcela.caldeira.func1669@aeroporto.com.br,202,2951,2021-09-05,26904.71,True,FUNC-001670
Maria Alice,Caldeira,maria alice.caldeira.func1670@aeroporto.com.br,306,285,2023-09-15,12834.94,True,FUNC-001671
Matheus,Cirino,matheus.cirino.func1671@aeroporto.com.br,566,3504,2011-08-15,27634.67,True,FUNC-001672
João Vitor,da Conceição,joão vitor.da conceição.func1672@aeroporto.com.br,122,116,2024-07-23,33371.31,True,FUNC-001673
Léo,Silva,léo.silva.func1673@aeroporto.com.br,444,1947,2018-06-04,20772.84,True,FUNC-001674
Mariana,Melo,mariana.melo.func1674@aeroporto.com.br,843,2207,2014-05-17,21292.16,True,FUNC-001675
Lorenzo,Mendes,lorenzo.mendes.func1675@aeroporto.com.br,316,952,2022-12-17,10471.58,False,FUNC-001676
Isadora,Monteiro,isadora.monteiro.func1676@aeroporto.com.br,182,2359,2013-12-10,30075.26,True,FUNC-001677
Pietro,Castro,pietro.castro.func1677@aeroporto.com.br,473,1114,2015-01-25,31361.06,True,FUNC-001678
Lucas Gabriel,Oliveira,lucas gabriel.oliveira.func1678@aeroporto.com.br,435,802,2025-11-10,8550.7,True,FUNC-001679
Anthony Gabriel,Martins,anthony gabriel.martins.func1679@aeroporto.com.br,682,4318,2017-02-26,7027.38,True,FUNC-001680
Luana,Moura,luana.moura.func1680@aeroporto.com.br,332,1738,2013-05-29,7849.22,True,FUNC-001681
Diego,Nunes,diego.nunes.func1681@aeroporto.com.br,424,1322,2017-06-13,15292.1,True,FUNC-001682
Ayla,Melo,ayla.melo.func1682@aeroporto.com.br,981,1536,2019-01-01,3522.59,True,FUNC-001683
Alexia,da Luz,alexia.da luz.func1683@aeroporto.com.br,594,387,2018-12-11,26308.03,True,FUNC-001684
Helena,Sampaio,helena.sampaio.func1684@aeroporto.com.br,307,3799,2021-09-11,15122.36,True,FUNC-001685
Júlia,Brito,júlia.brito.func1685@aeroporto.com.br,982,3693,2024-01-22,6820.63,True,FUNC-001686
Breno,Caldeira,breno.caldeira.func1686@aeroporto.com.br,162,2504,2018-07-03,13737.83,True,FUNC-001687
Luiz Fernando,Barbosa,luiz fernando.barbosa.func1687@aeroporto.com.br,407,3486,2011-11-02,8736.17,True,FUNC-001688
Stephany,da Costa,stephany.da costa.func1688@aeroporto.com.br,513,1839,2023-09-25,3769.33,True,FUNC-001689
Dante,Peixoto,dante.peixoto.func1689@aeroporto.com.br,202,1202,2013-11-09,5040.49,True,FUNC-001690
Amanda,Fogaça,amanda.fogaça.func1690@aeroporto.com.br,194,1939,2012-03-19,11096.32,True,FUNC-001691
Anthony,das Neves,anthony.das neves.func1691@aeroporto.com.br,803,1991,2022-01-02,25145.34,True,FUNC-001692
Isadora,Nascimento,isadora.nascimento.func1692@aeroporto.com.br,375,112,2019-09-05,7360.31,True,FUNC-001693
Cauã,Moreira,cauã.moreira.func1693@aeroporto.com.br,870,7,2021-03-07,10122.5,True,FUNC-001694
Raul,Lopes,raul.lopes.func1694@aeroporto.com.br,257,791,2023-02-20,32379.51,True,FUNC-001695
Gael Henrique,Gonçalves,gael henrique.gonçalves.func1695@aeroporto.com.br,152,1471,2025-02-11,11005.87,True,FUNC-001696
José,Castro,josé.castro.func1696@aeroporto.com.br,713,2682,2014-03-21,17805.12,True,FUNC-001697
Manuela,Porto,manuela.porto.func1697@aeroporto.com.br,218,1734,2012-05-01,32245.7,True,FUNC-001698
Caleb,Sousa,caleb.sousa.func1698@aeroporto.com.br,490,30,2014-06-10,19837.68,True,FUNC-001699
Isis,Borges,isis.borges.func1699@aeroporto.com.br,760,1155,2018-10-13,21529.98,True,FUNC-001700
Luiza,Oliveira,luiza.oliveira.func1700@aeroporto.com.br,986,2869,2017-05-22,33052.09,True,FUNC-001701
Paulo,Teixeira,paulo.teixeira.func1701@aeroporto.com.br,289,4695,2016-06-21,31305.84,True,FUNC-001702
Pedro Miguel,Cirino,pedro miguel.cirino.func1702@aeroporto.com.br,946,1449,2022-01-02,5368.66,True,FUNC-001703
Camila,Araújo,camila.araújo.func1703@aeroporto.com.br,971,1431,2023-08-15,2551.08,True,FUNC-001704
Heloisa,Ribeiro,heloisa.ribeiro.func1704@aeroporto.com.br,332,2070,2015-10-31,7478.54,True,FUNC-001705
Heloísa,Alves,heloísa.alves.func1705@aeroporto.com.br,363,161,2011-11-30,2997.44,True,FUNC-001706
Fernando,Freitas,fernando.freitas.func1706@aeroporto.com.br,639,3523,2025-02-07,19203.47,True,FUNC-001707
Daniela,Campos,daniela.campos.func1707@aeroporto.com.br,554,3913,2018-03-13,10082.84,True,FUNC-001708
Luiza,Abreu,luiza.abreu.func1708@aeroporto.com.br,440,726,2019-06-27,16114.6,True,FUNC-001709
Luiz Henrique,Nascimento,luiz henrique.nascimento.func1709@aeroporto.com.br,771,993,2021-01-30,12544.43,True,FUNC-001710
Stella,Ramos,stella.ramos.func1710@aeroporto.com.br,734,3806,2018-01-05,23754.06,True,FUNC-001711
Aylla,Moraes,aylla.moraes.func1711@aeroporto.com.br,475,2252,2025-05-18,2674.32,True,FUNC-001712
Rafael,Aragão,rafael.aragão.func1712@aeroporto.com.br,313,400,2021-06-12,14594.48,True,FUNC-001713
Olívia,Câmara,olívia.câmara.func1713@aeroporto.com.br,919,2772,2018-11-02,11049.51,True,FUNC-001714
Laura,Rezende,laura.rezende.func1714@aeroporto.com.br,239,2993,2016-08-03,30073.99,True,FUNC-001715
Francisco,Leão,francisco.leão.func1715@aeroporto.com.br,771,1421,2017-10-15,16512.23,True,FUNC-001716
Arthur Gabriel,Melo,arthur gabriel.melo.func1716@aeroporto.com.br,61,1959,2023-08-22,32924.33,True,FUNC-001717
Heloisa,Fonseca,heloisa.fonseca.func1717@aeroporto.com.br,49,3732,2018-02-01,17995.48,True,FUNC-001718
Maria Luísa,da Costa,maria luísa.da costa.func1718@aeroporto.com.br,394,1933,2020-07-25,3379.53,True,FUNC-001719
Clara,Marques,clara.marques.func1719@aeroporto.com.br,182,4045,2017-09-06,6317.4,True,FUNC-001720
Davi Lucca,Machado,davi lucca.machado.func1720@aeroporto.com.br,218,4453,2012-12-09,26041.33,True,FUNC-001721
Alice,Fogaça,alice.fogaça.func1721@aeroporto.com.br,467,2834,2014-04-28,25015.86,True,FUNC-001722
Lucas Gabriel,das Neves,lucas gabriel.das neves.func1722@aeroporto.com.br,666,340,2012-08-10,20361.45,True,FUNC-001723
Vitor Gabriel,Souza,vitor gabriel.souza.func1723@aeroporto.com.br,297,2341,2022-10-06,33984.94,True,FUNC-001724
Igor,Ramos,igor.ramos.func1724@aeroporto.com.br,413,44,2023-09-11,33862.69,True,FUNC-001725
Daniel,Oliveira,daniel.oliveira.func1725@aeroporto.com.br,104,596,2024-10-12,18745.25,True,FUNC-001726
Augusto,Pires,augusto.pires.func1726@aeroporto.com.br,411,1680,2016-12-02,25818.89,True,FUNC-001727
Otávio,Oliveira,otávio.oliveira.func1727@aeroporto.com.br,345,3428,2025-07-05,31532.47,True,FUNC-001728
Augusto,da Paz,augusto.da paz.func1728@aeroporto.com.br,983,2901,2012-02-19,12787.89,True,FUNC-001729
Daniel,da Mata,daniel.da mata.func1729@aeroporto.com.br,917,1563,2023-11-05,3364.72,True,FUNC-001730
Amanda,da Luz,amanda.da luz.func1730@aeroporto.com.br,534,3147,2013-03-19,5439.42,False,FUNC-001731
Ian,Viana,ian.viana.func1731@aeroporto.com.br,494,3109,2019-04-11,17521.92,True,FUNC-001732
Lavínia,Nunes,lavínia.nunes.func1732@aeroporto.com.br,628,2750,2015-05-03,4092.08,True,FUNC-001733
Caroline,Araújo,caroline.araújo.func1733@aeroporto.com.br,960,4551,2020-11-06,27019.37,True,FUNC-001734
Pedro Henrique,Santos,pedro henrique.santos.func1734@aeroporto.com.br,72,1198,2019-06-04,21785.63,True,FUNC-001735
Benício,Aragão,benício.aragão.func1735@aeroporto.com.br,385,1937,2024-10-10,6520.79,True,FUNC-001736
Heloísa,Dias,heloísa.dias.func1736@aeroporto.com.br,889,4639,2020-02-22,4695.3,True,FUNC-001737
Lavínia,Sales,lavínia.sales.func1737@aeroporto.com.br,269,1176,2020-01-24,13333.37,True,FUNC-001738
Luiz Miguel,Costela,luiz miguel.costela.func1738@aeroporto.com.br,509,2866,2023-11-27,29712.08,True,FUNC-001739
Rael,Mendonça,rael.mendonça.func1739@aeroporto.com.br,899,1459,2021-09-08,29442.96,True,FUNC-001740
João Miguel,Almeida,joão miguel.almeida.func1740@aeroporto.com.br,295,2348,2018-04-26,12280.68,True,FUNC-001741
Murilo,Nascimento,murilo.nascimento.func1741@aeroporto.com.br,240,2054,2011-11-11,28630.37,True,FUNC-001742
Maria Liz,Gonçalves,maria liz.gonçalves.func1742@aeroporto.com.br,817,3341,2021-05-16,7814.23,True,FUNC-001743
Julia,Pinto,julia.pinto.func1743@aeroporto.com.br,693,3339,2019-11-19,33845.25,True,FUNC-001744
Leonardo,Peixoto,leonardo.peixoto.func1744@aeroporto.com.br,810,3842,2011-12-16,12788.6,False,FUNC-001745
Danilo,Garcia,danilo.garcia.func1745@aeroporto.com.br,476,1358,2016-01-07,3924.82,True,FUNC-001746
Rhavi,Rocha,rhavi.rocha.func1746@aeroporto.com.br,5,1928,2022-04-15,4060.83,True,FUNC-001747
Ana Lívia,Cassiano,ana lívia.cassiano.func1747@aeroporto.com.br,331,2905,2020-04-03,22072.33,True,FUNC-001748
Kaique,da Cruz,kaique.da cruz.func1748@aeroporto.com.br,917,901,2021-07-05,12623.43,False,FUNC-001749
Letícia,da Conceição,letícia.da conceição.func1749@aeroporto.com.br,482,4754,2021-05-23,10869.61,True,FUNC-001750
Josué,Guerra,josué.guerra.func1750@aeroporto.com.br,139,473,2026-03-06,34153.11,True,FUNC-001751
Renan,Vargas,renan.vargas.func1751@aeroporto.com.br,10,132,2020-08-15,26135.93,True,FUNC-001752
Nicole,Souza,nicole.souza.func1752@aeroporto.com.br,336,1266,2020-01-01,29362.16,True,FUNC-001753
Olívia,Macedo,olívia.macedo.func1753@aeroporto.com.br,99,1878,2011-09-29,7784.84,True,FUNC-001754
Antonella,Cardoso,antonella.cardoso.func1754@aeroporto.com.br,292,1363,2019-07-21,12446.31,True,FUNC-001755
Isabella,Montenegro,isabella.montenegro.func1755@aeroporto.com.br,286,4695,2014-10-22,5832.95,True,FUNC-001756
Marcela,Pires,marcela.pires.func1756@aeroporto.com.br,596,1523,2015-08-05,23024.2,True,FUNC-001757
Bianca,da Luz,bianca.da luz.func1757@aeroporto.com.br,610,1854,2025-06-22,22488.17,True,FUNC-001758
Pietra,Ramos,pietra.ramos.func1758@aeroporto.com.br,812,3037,2025-02-13,9033.82,True,FUNC-001759
Heloisa,Guerra,heloisa.guerra.func1759@aeroporto.com.br,563,862,2025-11-25,15281.89,True,FUNC-001760
Gabriel,da Paz,gabriel.da paz.func1760@aeroporto.com.br,603,1372,2024-09-23,29863.2,True,FUNC-001761
João Felipe,Dias,joão felipe.dias.func1761@aeroporto.com.br,430,2955,2024-12-09,20625.9,True,FUNC-001762
Bella,das Neves,bella.das neves.func1762@aeroporto.com.br,759,462,2013-11-04,32229.84,True,FUNC-001763
Aylla,Rezende,aylla.rezende.func1763@aeroporto.com.br,535,681,2024-10-28,26355.51,True,FUNC-001764
Aurora,Ferreira,aurora.ferreira.func1764@aeroporto.com.br,658,3528,2022-12-08,27782.12,True,FUNC-001765
Leandro,Vieira,leandro.vieira.func1765@aeroporto.com.br,414,930,2023-03-05,28962.06,True,FUNC-001766
Raquel,Fernandes,raquel.fernandes.func1766@aeroporto.com.br,688,1804,2022-11-25,7051.3,True,FUNC-001767
Renan,Costa,renan.costa.func1767@aeroporto.com.br,199,1653,2025-11-26,25817.67,True,FUNC-001768
Maysa,Guerra,maysa.guerra.func1768@aeroporto.com.br,557,4276,2016-11-27,14428.97,True,FUNC-001769
Maria Luiza,Freitas,maria luiza.freitas.func1769@aeroporto.com.br,412,1652,2020-11-15,7288.88,True,FUNC-001770
João Miguel,da Cunha,joão miguel.da cunha.func1770@aeroporto.com.br,311,1108,2011-11-26,29427.89,True,FUNC-001771
Rafael,da Luz,rafael.da luz.func1771@aeroporto.com.br,321,935,2013-01-26,15233.98,False,FUNC-001772
Daniela,Moraes,daniela.moraes.func1772@aeroporto.com.br,366,225,2023-03-16,4352.79,True,FUNC-001773
Caroline,Novais,caroline.novais.func1773@aeroporto.com.br,855,3286,2014-12-27,21265.7,True,FUNC-001774
Mateus,Gomes,mateus.gomes.func1774@aeroporto.com.br,446,1115,2018-04-03,14555.35,True,FUNC-001775
Carlos Eduardo,Farias,carlos eduardo.farias.func1775@aeroporto.com.br,137,260,2017-09-12,9594.64,True,FUNC-001776
Matheus,Macedo,matheus.macedo.func1776@aeroporto.com.br,978,1766,2023-10-15,24123.67,True,FUNC-001777
Olivia,Castro,olivia.castro.func1777@aeroporto.com.br,20,4630,2025-03-11,16831.99,True,FUNC-001778
Gustavo,Duarte,gustavo.duarte.func1778@aeroporto.com.br,292,2488,2021-02-10,5394.58,True,FUNC-001779
Eduarda,Almeida,eduarda.almeida.func1779@aeroporto.com.br,559,4148,2026-01-07,26802.96,True,FUNC-001780
Maria Flor,Souza,maria flor.souza.func1780@aeroporto.com.br,50,3975,2013-02-17,4776.89,True,FUNC-001781
Laís,Cardoso,laís.cardoso.func1781@aeroporto.com.br,740,4992,2019-03-04,31738.18,True,FUNC-001782
Milena,Vasconcelos,milena.vasconcelos.func1782@aeroporto.com.br,23,3698,2025-09-08,5825.67,True,FUNC-001783
Esther,da Rocha,esther.da rocha.func1783@aeroporto.com.br,79,4449,2019-09-14,7362.2,True,FUNC-001784
Vitor Hugo,Casa Grande,vitor hugo.casa grande.func1784@aeroporto.com.br,547,3393,2021-02-21,23882.17,True,FUNC-001785
Bryan,Freitas,bryan.freitas.func1785@aeroporto.com.br,886,2154,2019-07-13,7544.75,True,FUNC-001786
Sabrina,Pacheco,sabrina.pacheco.func1786@aeroporto.com.br,72,4679,2017-06-30,4232.46,False,FUNC-001787
Pietra,Rezende,pietra.rezende.func1787@aeroporto.com.br,989,4992,2023-11-08,13010.95,True,FUNC-001788
Vinícius,Cassiano,vinícius.cassiano.func1788@aeroporto.com.br,507,1927,2024-04-26,21889.7,True,FUNC-001789
Bella,Cavalcanti,bella.cavalcanti.func1789@aeroporto.com.br,61,3115,2016-04-01,5353.24,True,FUNC-001790
Júlia,Marques,júlia.marques.func1790@aeroporto.com.br,966,917,2014-03-02,29904.19,True,FUNC-001791
Fernanda,Pacheco,fernanda.pacheco.func1791@aeroporto.com.br,514,3750,2017-12-09,11390.48,True,FUNC-001792
Felipe,Peixoto,felipe.peixoto.func1792@aeroporto.com.br,483,3724,2022-02-23,23958.33,True,FUNC-001793
Guilherme,Cavalcanti,guilherme.cavalcanti.func1793@aeroporto.com.br,566,2940,2014-09-18,34410.98,True,FUNC-001794
Zoe,Albuquerque,zoe.albuquerque.func1794@aeroporto.com.br,204,1442,2017-01-31,22045.08,False,FUNC-001795
Caleb,Moreira,caleb.moreira.func1795@aeroporto.com.br,414,3276,2024-08-21,22463.47,True,FUNC-001796
Theo,Câmara,theo.câmara.func1796@aeroporto.com.br,487,2735,2016-10-07,22695.57,True,FUNC-001797
Arthur Gabriel,das Neves,arthur gabriel.das neves.func1797@aeroporto.com.br,828,3705,2014-04-01,17804.89,True,FUNC-001798
Cecília,Moura,cecília.moura.func1798@aeroporto.com.br,468,1561,2024-06-06,4374.92,True,FUNC-001799
Eduarda,Sampaio,eduarda.sampaio.func1799@aeroporto.com.br,790,1156,2024-03-31,32103.37,True,FUNC-001800
Oliver,Pires,oliver.pires.func1800@aeroporto.com.br,772,82,2022-09-01,31061.06,True,FUNC-001801
Isabela,Montenegro,isabela.montenegro.func1801@aeroporto.com.br,491,861,2014-09-09,16439.09,True,FUNC-001802
Carolina,Campos,carolina.campos.func1802@aeroporto.com.br,868,3985,2012-07-31,31532.15,True,FUNC-001803
Danilo,Siqueira,danilo.siqueira.func1803@aeroporto.com.br,741,1888,2014-11-16,10361.96,True,FUNC-001804
Daniela,Nunes,daniela.nunes.func1804@aeroporto.com.br,794,2459,2014-09-30,20121.07,True,FUNC-001805
Maitê,Santos,maitê.santos.func1805@aeroporto.com.br,123,286,2017-08-01,13352.0,True,FUNC-001806
Isadora,da Costa,isadora.da costa.func1806@aeroporto.com.br,554,1586,2020-02-23,4090.84,True,FUNC-001807
Cecilia,Gomes,cecilia.gomes.func1807@aeroporto.com.br,725,295,2020-08-07,5713.4,True,FUNC-001808
Clara,da Costa,clara.da costa.func1808@aeroporto.com.br,359,2953,2022-12-22,32090.86,True,FUNC-001809
Erick,Sousa,erick.sousa.func1809@aeroporto.com.br,715,2641,2021-09-09,32798.57,True,FUNC-001810
Renan,Ferreira,renan.ferreira.func1810@aeroporto.com.br,523,2567,2017-06-15,9252.33,True,FUNC-001811
Letícia,Rezende,letícia.rezende.func1811@aeroporto.com.br,631,1571,2016-07-21,12353.52,True,FUNC-001812
Lucca,Pinto,lucca.pinto.func1812@aeroporto.com.br,889,2517,2013-09-17,32757.5,True,FUNC-001813
Maria Júlia,Viana,maria júlia.viana.func1813@aeroporto.com.br,388,3322,2022-08-10,24734.82,True,FUNC-001814
Maria,Nascimento,maria.nascimento.func1814@aeroporto.com.br,282,1006,2014-06-18,16899.54,True,FUNC-001815
Miguel,Guerra,miguel.guerra.func1815@aeroporto.com.br,76,2741,2020-11-08,27502.9,True,FUNC-001816
Davi Miguel,da Costa,davi miguel.da costa.func1816@aeroporto.com.br,622,1485,2025-02-03,33318.91,True,FUNC-001817
Emanuel,da Mata,emanuel.da mata.func1817@aeroporto.com.br,6,115,2015-07-21,32675.53,True,FUNC-001818
Ana Lívia,Cardoso,ana lívia.cardoso.func1818@aeroporto.com.br,514,3688,2011-06-20,7816.34,True,FUNC-001819
Theodoro,Cavalcante,theodoro.cavalcante.func1819@aeroporto.com.br,616,2134,2024-12-29,6413.19,True,FUNC-001820
Ana Lívia,Pimenta,ana lívia.pimenta.func1820@aeroporto.com.br,315,1762,2024-04-20,16678.56,True,FUNC-001821
Rael,Siqueira,rael.siqueira.func1821@aeroporto.com.br,464,687,2021-10-06,26910.53,True,FUNC-001822
Maria,Vieira,maria.vieira.func1822@aeroporto.com.br,952,3874,2018-09-24,5824.13,True,FUNC-001823
Sara,da Luz,sara.da luz.func1823@aeroporto.com.br,736,724,2022-10-27,29952.42,True,FUNC-001824
Pietra,da Cunha,pietra.da cunha.func1824@aeroporto.com.br,190,3757,2021-10-21,21345.38,True,FUNC-001825
Benjamim,Aparecida,benjamim.aparecida.func1825@aeroporto.com.br,292,608,2026-05-18,15680.28,True,FUNC-001826
Arthur,Garcia,arthur.garcia.func1826@aeroporto.com.br,667,517,2022-11-12,8018.89,True,FUNC-001827
Bryan,Pires,bryan.pires.func1827@aeroporto.com.br,725,2723,2025-10-28,24156.75,True,FUNC-001828
Mathias,Casa Grande,mathias.casa grande.func1828@aeroporto.com.br,923,887,2023-11-13,3915.23,True,FUNC-001829
Léo,Pimenta,léo.pimenta.func1829@aeroporto.com.br,104,683,2026-03-31,22582.59,True,FUNC-001830
Gabriela,Pacheco,gabriela.pacheco.func1830@aeroporto.com.br,822,3467,2020-12-04,23607.2,True,FUNC-001831
Otto,Vasconcelos,otto.vasconcelos.func1831@aeroporto.com.br,288,3295,2026-03-23,18053.77,True,FUNC-001832
Ian,Sales,ian.sales.func1832@aeroporto.com.br,85,4706,2025-07-06,16064.04,True,FUNC-001833
Ana Liz,Duarte,ana liz.duarte.func1833@aeroporto.com.br,730,401,2017-11-23,12390.34,True,FUNC-001834
Liz,Cassiano,liz.cassiano.func1834@aeroporto.com.br,519,744,2016-11-23,13419.11,True,FUNC-001835
Léo,Moura,léo.moura.func1835@aeroporto.com.br,772,1885,2014-05-14,23445.06,True,FUNC-001836
Elisa,Caldeira,elisa.caldeira.func1836@aeroporto.com.br,737,916,2022-03-06,13284.82,True,FUNC-001837
Giovanna,da Rosa,giovanna.da rosa.func1837@aeroporto.com.br,211,1217,2024-02-12,16342.33,True,FUNC-001838
Giovanna,Silveira,giovanna.silveira.func1838@aeroporto.com.br,443,1255,2025-12-09,8440.68,True,FUNC-001839
Bianca,Câmara,bianca.câmara.func1839@aeroporto.com.br,306,33,2022-06-12,3556.64,True,FUNC-001840
Alexandre,Borges,alexandre.borges.func1840@aeroporto.com.br,948,842,2021-11-13,18057.38,True,FUNC-001841
Marcos Vinicius,Nascimento,marcos vinicius.nascimento.func1841@aeroporto.com.br,444,1581,2016-06-28,7550.72,True,FUNC-001842
Théo,Alves,théo.alves.func1842@aeroporto.com.br,18,559,2016-08-13,21327.74,True,FUNC-001843
Maitê,Santos,maitê.santos.func1843@aeroporto.com.br,284,2696,2023-09-25,31257.4,True,FUNC-001844
Marcela,Santos,marcela.santos.func1844@aeroporto.com.br,398,2966,2017-06-21,21451.52,True,FUNC-001845
Felipe,Fonseca,felipe.fonseca.func1845@aeroporto.com.br,407,3314,2014-04-18,18658.81,True,FUNC-001846
Ana Sophia,Jesus,ana sophia.jesus.func1846@aeroporto.com.br,767,4912,2017-12-13,26440.33,True,FUNC-001847
Luiz Miguel,Novaes,luiz miguel.novaes.func1847@aeroporto.com.br,452,3562,2020-03-17,19163.59,True,FUNC-001848
Ana Vitória,Cassiano,ana vitória.cassiano.func1848@aeroporto.com.br,497,2330,2017-07-12,27991.33,True,FUNC-001849
Pedro Lucas,Vargas,pedro lucas.vargas.func1849@aeroporto.com.br,126,1086,2012-03-16,25235.14,True,FUNC-001850
Luiz Gustavo,Borges,luiz gustavo.borges.func1850@aeroporto.com.br,471,1800,2018-05-10,2811.47,True,FUNC-001851
Maria Luísa,Correia,maria luísa.correia.func1851@aeroporto.com.br,83,4042,2020-06-24,20693.37,True,FUNC-001852
André,da Rosa,andré.da rosa.func1852@aeroporto.com.br,367,1844,2019-01-25,13912.86,True,FUNC-001853
Juliana,Machado,juliana.machado.func1853@aeroporto.com.br,251,1679,2025-09-21,2874.26,True,FUNC-001854
Maria Júlia,Nogueira,maria júlia.nogueira.func1854@aeroporto.com.br,844,323,2022-06-18,2953.34,True,FUNC-001855
Samuel,Pereira,samuel.pereira.func1855@aeroporto.com.br,395,2956,2012-05-07,31542.66,True,FUNC-001856
Enzo Gabriel,Montenegro,enzo gabriel.montenegro.func1856@aeroporto.com.br,39,4633,2014-12-21,4325.34,True,FUNC-001857
Sarah,da Paz,sarah.da paz.func1857@aeroporto.com.br,573,4915,2024-01-27,27824.02,True,FUNC-001858
Alana,Araújo,alana.araújo.func1858@aeroporto.com.br,639,3421,2015-04-14,33437.87,True,FUNC-001859
Daniel,Brito,daniel.brito.func1859@aeroporto.com.br,367,2894,2012-04-13,28544.27,True,FUNC-001860
Murilo,Pires,murilo.pires.func1860@aeroporto.com.br,655,1476,2016-06-20,5595.79,True,FUNC-001861
Cauã,Cirino,cauã.cirino.func1861@aeroporto.com.br,922,137,2014-06-22,3496.49,True,FUNC-001862
Bella,Farias,bella.farias.func1862@aeroporto.com.br,739,4159,2021-08-10,6867.55,True,FUNC-001863
Daniel,Souza,daniel.souza.func1863@aeroporto.com.br,419,1758,2018-04-30,21454.56,False,FUNC-001864
Davi Luiz,Moura,davi luiz.moura.func1864@aeroporto.com.br,920,1677,2020-11-20,15826.56,True,FUNC-001865
Maria Júlia,Carvalho,maria júlia.carvalho.func1865@aeroporto.com.br,440,2079,2013-07-24,17533.82,True,FUNC-001866
Paulo,Porto,paulo.porto.func1866@aeroporto.com.br,174,629,2022-03-08,6994.66,True,FUNC-001867
Daniela,Rezende,daniela.rezende.func1867@aeroporto.com.br,856,4829,2015-05-26,25116.48,True,FUNC-001868
Calebe,Câmara,calebe.câmara.func1868@aeroporto.com.br,321,1700,2015-03-06,3769.76,True,FUNC-001869
Juliana,Mendes,juliana.mendes.func1869@aeroporto.com.br,43,467,2021-04-12,32818.66,True,FUNC-001870
Ágatha,da Cruz,ágatha.da cruz.func1870@aeroporto.com.br,661,1915,2014-05-04,11160.46,True,FUNC-001871
Nicole,Rocha,nicole.rocha.func1871@aeroporto.com.br,282,3556,2021-01-29,12828.09,True,FUNC-001872
Gael Henrique,Gomes,gael henrique.gomes.func1872@aeroporto.com.br,800,1299,2018-07-12,3644.12,True,FUNC-001873
Enrico,Cardoso,enrico.cardoso.func1873@aeroporto.com.br,182,2850,2017-12-16,16618.81,True,FUNC-001874
Rebeca,Caldeira,rebeca.caldeira.func1874@aeroporto.com.br,203,1947,2013-04-13,26772.75,True,FUNC-001875
Sophia,Cirino,sophia.cirino.func1875@aeroporto.com.br,494,3566,2022-07-15,5031.1,True,FUNC-001876
Ana Liz,Oliveira,ana liz.oliveira.func1876@aeroporto.com.br,32,2813,2023-04-08,20034.66,True,FUNC-001877
Matheus,Silveira,matheus.silveira.func1877@aeroporto.com.br,352,997,2014-01-02,26996.15,True,FUNC-001878
Ísis,Souza,ísis.souza.func1878@aeroporto.com.br,140,1624,2026-05-15,12277.78,True,FUNC-001879
Otávio,Castro,otávio.castro.func1879@aeroporto.com.br,555,3567,2017-01-10,26708.59,True,FUNC-001880
Aurora,Marques,aurora.marques.func1880@aeroporto.com.br,869,1513,2022-07-04,10824.05,True,FUNC-001881
Ana,da Rocha,ana.da rocha.func1881@aeroporto.com.br,62,2579,2016-08-24,15382.77,True,FUNC-001882
Bruna,Pires,bruna.pires.func1882@aeroporto.com.br,65,3545,2018-07-16,27457.27,True,FUNC-001883
Renan,Freitas,renan.freitas.func1883@aeroporto.com.br,370,3595,2020-07-11,4644.54,True,FUNC-001884
Rael,Freitas,rael.freitas.func1884@aeroporto.com.br,875,3891,2015-09-06,10967.68,True,FUNC-001885
Eduardo,Araújo,eduardo.araújo.func1885@aeroporto.com.br,181,1275,2023-07-03,23022.63,True,FUNC-001886
Miguel,Cavalcante,miguel.cavalcante.func1886@aeroporto.com.br,816,2794,2023-11-28,9877.38,True,FUNC-001887
Luiza,Martins,luiza.martins.func1887@aeroporto.com.br,6,3117,2020-10-30,22578.26,True,FUNC-001888
Ísis,Marques,ísis.marques.func1888@aeroporto.com.br,416,3982,2025-11-27,24254.18,True,FUNC-001889
Lavínia,Santos,lavínia.santos.func1889@aeroporto.com.br,349,3719,2018-07-29,5294.45,True,FUNC-001890
Isaac,Campos,isaac.campos.func1890@aeroporto.com.br,433,3324,2015-06-14,19340.75,True,FUNC-001891
André,Brito,andré.brito.func1891@aeroporto.com.br,923,1234,2025-03-03,23008.2,True,FUNC-001892
Theodoro,da Paz,theodoro.da paz.func1892@aeroporto.com.br,524,4931,2016-07-07,31697.59,True,FUNC-001893
Amanda,Camargo,amanda.camargo.func1893@aeroporto.com.br,760,1359,2026-04-22,28200.91,True,FUNC-001894
Calebe,das Neves,calebe.das neves.func1894@aeroporto.com.br,331,1095,2020-12-23,24670.51,True,FUNC-001895
Lara,Moura,lara.moura.func1895@aeroporto.com.br,395,3509,2021-12-18,5810.66,True,FUNC-001896
Asafe,Lima,asafe.lima.func1896@aeroporto.com.br,181,1183,2015-03-13,30044.2,True,FUNC-001897
Maria Cecília,Gonçalves,maria cecília.gonçalves.func1897@aeroporto.com.br,447,3355,2018-02-24,21911.98,True,FUNC-001898
Davi Miguel,Siqueira,davi miguel.siqueira.func1898@aeroporto.com.br,177,3464,2015-12-04,10942.15,True,FUNC-001899
Thomas,Sampaio,thomas.sampaio.func1899@aeroporto.com.br,864,400,2026-01-27,23260.42,True,FUNC-001900
Sofia,Pastor,sofia.pastor.func1900@aeroporto.com.br,497,1051,2012-05-03,5537.64,True,FUNC-001901
Heloisa,Dias,heloisa.dias.func1901@aeroporto.com.br,686,710,2021-04-16,8116.28,True,FUNC-001902
Raul,Marques,raul.marques.func1902@aeroporto.com.br,399,2123,2022-01-02,17606.36,True,FUNC-001903
Rael,Abreu,rael.abreu.func1903@aeroporto.com.br,239,2715,2012-06-29,8932.54,True,FUNC-001904
Otávio,Rodrigues,otávio.rodrigues.func1904@aeroporto.com.br,751,4946,2022-12-20,7664.82,True,FUNC-001905
Guilherme,Araújo,guilherme.araújo.func1905@aeroporto.com.br,827,1059,2017-02-05,19524.46,True,FUNC-001906
Maria Clara,Caldeira,maria clara.caldeira.func1906@aeroporto.com.br,295,4673,2018-10-01,12941.29,True,FUNC-001907
Ana Júlia,Câmara,ana júlia.câmara.func1907@aeroporto.com.br,487,3311,2021-01-07,34042.16,True,FUNC-001908
Erick,Santos,erick.santos.func1908@aeroporto.com.br,144,4769,2020-05-14,6004.75,True,FUNC-001909
Beatriz,Vargas,beatriz.vargas.func1909@aeroporto.com.br,611,396,2024-03-30,7285.6,True,FUNC-001910
Heloisa,Novais,heloisa.novais.func1910@aeroporto.com.br,286,1243,2018-10-28,26595.55,True,FUNC-001911
Maria Julia,da Rosa,maria julia.da rosa.func1911@aeroporto.com.br,759,2614,2022-07-02,8502.39,True,FUNC-001912
Zoe,Rezende,zoe.rezende.func1912@aeroporto.com.br,395,4701,2016-03-21,20830.74,True,FUNC-001913
Manuela,Farias,manuela.farias.func1913@aeroporto.com.br,753,3035,2020-04-02,19578.11,True,FUNC-001914
Heloísa,Siqueira,heloísa.siqueira.func1914@aeroporto.com.br,209,1215,2013-11-22,11272.02,True,FUNC-001915
Francisco,Moura,francisco.moura.func1915@aeroporto.com.br,234,3199,2019-10-12,30284.36,True,FUNC-001916
Bianca,da Paz,bianca.da paz.func1916@aeroporto.com.br,408,3926,2023-01-31,9405.76,True,FUNC-001917
Asafe,Porto,asafe.porto.func1917@aeroporto.com.br,175,3982,2018-09-24,9938.37,True,FUNC-001918
Anna Liz,Mendonça,anna liz.mendonça.func1918@aeroporto.com.br,964,4359,2011-07-15,25510.21,True,FUNC-001919
Kevin,Cassiano,kevin.cassiano.func1919@aeroporto.com.br,83,4438,2016-05-31,28065.27,True,FUNC-001920
Bruna,Novais,bruna.novais.func1920@aeroporto.com.br,306,4341,2017-04-18,13660.91,True,FUNC-001921
Leandro,Marques,leandro.marques.func1921@aeroporto.com.br,107,1824,2019-11-07,5606.39,False,FUNC-001922
Josué,da Costa,josué.da costa.func1922@aeroporto.com.br,530,4453,2011-08-25,30487.99,True,FUNC-001923
Clara,Pimenta,clara.pimenta.func1923@aeroporto.com.br,615,3359,2024-03-13,13224.71,True,FUNC-001924
Maria Isis,Lima,maria isis.lima.func1924@aeroporto.com.br,464,3383,2013-04-09,26973.5,True,FUNC-001925
Vitória,Rezende,vitória.rezende.func1925@aeroporto.com.br,910,4897,2024-02-20,6530.5,True,FUNC-001926
Breno,Camargo,breno.camargo.func1926@aeroporto.com.br,982,1452,2017-08-26,28599.23,True,FUNC-001927
Evelyn,Campos,evelyn.campos.func1927@aeroporto.com.br,425,2345,2014-12-24,15484.33,True,FUNC-001928
Mateus,da Rocha,mateus.da rocha.func1928@aeroporto.com.br,38,4705,2013-02-01,25797.37,True,FUNC-001929
Lucca,Costa,lucca.costa.func1929@aeroporto.com.br,471,1948,2023-09-12,24835.98,True,FUNC-001930
Davi Lucas,Fogaça,davi lucas.fogaça.func1930@aeroporto.com.br,794,2212,2012-04-11,33309.71,True,FUNC-001931
Oliver,da Cruz,oliver.da cruz.func1931@aeroporto.com.br,659,4545,2019-06-25,17071.14,True,FUNC-001932
Maria Vitória,Mendes,maria vitória.mendes.func1932@aeroporto.com.br,629,4753,2022-09-20,22309.07,True,FUNC-001933
Thomas,Siqueira,thomas.siqueira.func1933@aeroporto.com.br,534,3415,2024-12-04,4327.71,True,FUNC-001934
Maria Isis,da Rosa,maria isis.da rosa.func1934@aeroporto.com.br,888,3640,2025-02-05,34325.78,False,FUNC-001935
Luara,Melo,luara.melo.func1935@aeroporto.com.br,734,2203,2015-06-15,34134.07,True,FUNC-001936
Rafaela,Pereira,rafaela.pereira.func1936@aeroporto.com.br,379,2129,2018-06-19,31476.32,True,FUNC-001937
Asafe,Albuquerque,asafe.albuquerque.func1937@aeroporto.com.br,11,4728,2012-03-26,16531.91,True,FUNC-001938
Mathias,Vasconcelos,mathias.vasconcelos.func1938@aeroporto.com.br,542,2069,2013-07-23,29179.11,True,FUNC-001939
Benício,Garcia,benício.garcia.func1939@aeroporto.com.br,773,2591,2018-02-26,34238.56,True,FUNC-001940
Raul,Barbosa,raul.barbosa.func1940@aeroporto.com.br,425,466,2025-03-05,25787.4,True,FUNC-001941
Maria Laura,Rodrigues,maria laura.rodrigues.func1941@aeroporto.com.br,506,4093,2019-05-11,12761.94,True,FUNC-001942
Ian,Rodrigues,ian.rodrigues.func1942@aeroporto.com.br,472,2021,2013-09-03,19829.51,True,FUNC-001943
Leandro,Viana,leandro.viana.func1943@aeroporto.com.br,699,477,2020-10-26,25173.72,True,FUNC-001944
Carlos Eduardo,da Rosa,carlos eduardo.da rosa.func1944@aeroporto.com.br,806,3740,2023-07-03,20434.49,True,FUNC-001945
Alice,Cardoso,alice.cardoso.func1945@aeroporto.com.br,552,1015,2016-03-06,3323.18,True,FUNC-001946
Isaac,Garcia,isaac.garcia.func1946@aeroporto.com.br,509,4438,2018-08-05,15777.09,True,FUNC-001947
Caio,Sá,caio.sá.func1947@aeroporto.com.br,566,3123,2025-02-18,31054.99,True,FUNC-001948
Mariah,Cavalcante,mariah.cavalcante.func1948@aeroporto.com.br,37,2805,2021-07-27,30890.1,True,FUNC-001949
Olívia,Viana,olívia.viana.func1949@aeroporto.com.br,979,2414,2021-06-11,20225.67,True,FUNC-001950
Clarice,Fernandes,clarice.fernandes.func1950@aeroporto.com.br,761,2529,2014-09-11,4813.19,True,FUNC-001951
Allana,Farias,allana.farias.func1951@aeroporto.com.br,906,1859,2019-09-25,10121.42,True,FUNC-001952
Cecilia,Gonçalves,cecilia.gonçalves.func1952@aeroporto.com.br,435,4633,2020-06-06,25675.24,True,FUNC-001953
Rael,da Rocha,rael.da rocha.func1953@aeroporto.com.br,439,3650,2025-06-10,6851.71,True,FUNC-001954
Sarah,Cirino,sarah.cirino.func1954@aeroporto.com.br,196,3949,2022-06-10,15815.63,True,FUNC-001955
João Pedro,Machado,joão pedro.machado.func1955@aeroporto.com.br,244,4904,2019-07-17,17976.96,True,FUNC-001956
Sara,Peixoto,sara.peixoto.func1956@aeroporto.com.br,83,604,2014-10-30,29414.09,True,FUNC-001957
Valentim,Moura,valentim.moura.func1957@aeroporto.com.br,19,1097,2015-09-11,10371.33,True,FUNC-001958
Raul,Costa,raul.costa.func1958@aeroporto.com.br,527,2539,2015-02-10,11905.46,True,FUNC-001959
Mathias,Guerra,mathias.guerra.func1959@aeroporto.com.br,390,3693,2013-11-22,30540.75,True,FUNC-001960
Vitor,Vargas,vitor.vargas.func1960@aeroporto.com.br,258,273,2020-01-26,12075.97,True,FUNC-001961
Cauã,Vieira,cauã.vieira.func1961@aeroporto.com.br,98,993,2011-07-02,7965.53,True,FUNC-001962
Asafe,Brito,asafe.brito.func1962@aeroporto.com.br,47,4005,2021-07-18,27257.8,True,FUNC-001963
Benjamin,Oliveira,benjamin.oliveira.func1963@aeroporto.com.br,416,4839,2014-11-30,5443.53,True,FUNC-001964
Maria Júlia,Rezende,maria júlia.rezende.func1964@aeroporto.com.br,25,2347,2018-05-06,28711.21,True,FUNC-001965
Enzo,Pires,enzo.pires.func1965@aeroporto.com.br,187,4451,2022-09-06,24753.05,True,FUNC-001966
Ana Luiza,Martins,ana luiza.martins.func1966@aeroporto.com.br,497,4397,2014-09-02,25583.81,True,FUNC-001967
Oliver,Cirino,oliver.cirino.func1967@aeroporto.com.br,320,872,2026-02-26,34332.31,True,FUNC-001968
José,Araújo,josé.araújo.func1968@aeroporto.com.br,209,3874,2022-10-21,31125.75,True,FUNC-001969
Isabelly,Souza,isabelly.souza.func1969@aeroporto.com.br,915,4527,2022-10-30,4145.42,True,FUNC-001970
Murilo,Porto,murilo.porto.func1970@aeroporto.com.br,733,2961,2015-03-27,13247.14,True,FUNC-001971
Evelyn,Ribeiro,evelyn.ribeiro.func1971@aeroporto.com.br,679,2726,2015-04-09,11236.15,True,FUNC-001972
Alana,Caldeira,alana.caldeira.func1972@aeroporto.com.br,584,4813,2011-07-16,13397.53,True,FUNC-001973
Ravy,Vieira,ravy.vieira.func1973@aeroporto.com.br,329,4744,2025-08-21,19822.44,True,FUNC-001974
Valentim,Silveira,valentim.silveira.func1974@aeroporto.com.br,600,1086,2026-04-19,11543.51,True,FUNC-001975
Eduarda,Ferreira,eduarda.ferreira.func1975@aeroporto.com.br,207,4977,2023-03-15,6753.49,True,FUNC-001976
Catarina,Araújo,catarina.araújo.func1976@aeroporto.com.br,785,4773,2013-03-28,9607.09,True,FUNC-001977
Vinicius,Fernandes,vinicius.fernandes.func1977@aeroporto.com.br,481,2159,2014-11-24,31915.8,True,FUNC-001978
Daniel,Rocha,daniel.rocha.func1978@aeroporto.com.br,267,4508,2024-12-27,26038.55,True,FUNC-001979
Maria Vitória,Ribeiro,maria vitória.ribeiro.func1979@aeroporto.com.br,324,314,2024-03-10,8912.28,True,FUNC-001980
Pedro Henrique,Sá,pedro henrique.sá.func1980@aeroporto.com.br,584,2544,2012-04-18,6158.16,True,FUNC-001981
Bento,Cavalcanti,bento.cavalcanti.func1981@aeroporto.com.br,822,2845,2013-09-14,17761.27,True,FUNC-001982
André,Aragão,andré.aragão.func1982@aeroporto.com.br,963,4779,2022-11-05,13837.35,True,FUNC-001983
Lunna,Macedo,lunna.macedo.func1983@aeroporto.com.br,609,3201,2015-07-18,31211.41,True,FUNC-001984
Maria Luiza,Ribeiro,maria luiza.ribeiro.func1984@aeroporto.com.br,128,1410,2022-08-21,29105.12,False,FUNC-001985
Luana,Duarte,luana.duarte.func1985@aeroporto.com.br,97,2870,2017-10-08,26046.58,True,FUNC-001986
Emilly,Andrade,emilly.andrade.func1986@aeroporto.com.br,216,4346,2024-05-04,14326.93,True,FUNC-001987
Alícia,das Neves,alícia.das neves.func1987@aeroporto.com.br,43,1627,2023-11-10,20140.35,True,FUNC-001988
Isabel,Teixeira,isabel.teixeira.func1988@aeroporto.com.br,949,3877,2014-07-26,14467.07,True,FUNC-001989
Luiz Felipe,Albuquerque,luiz felipe.albuquerque.func1989@aeroporto.com.br,283,997,2024-05-11,21302.29,True,FUNC-001990
Matheus,Guerra,matheus.guerra.func1990@aeroporto.com.br,391,2899,2021-08-31,22383.78,True,FUNC-001991
Bruna,Melo,bruna.melo.func1991@aeroporto.com.br,79,4132,2023-08-12,5025.04,True,FUNC-001992
Cecilia,da Cruz,cecilia.da cruz.func1992@aeroporto.com.br,722,1408,2025-08-19,7043.82,True,FUNC-001993
Pietra,Aparecida,pietra.aparecida.func1993@aeroporto.com.br,619,2802,2022-04-29,18602.61,True,FUNC-001994
Luiz Henrique,Pereira,luiz henrique.pereira.func1994@aeroporto.com.br,166,3689,2021-05-12,26904.77,True,FUNC-001995
Gustavo Henrique,Silveira,gustavo henrique.silveira.func1995@aeroporto.com.br,795,4024,2024-10-28,27508.26,True,FUNC-001996
Marcelo,Porto,marcelo.porto.func1996@aeroporto.com.br,660,107,2011-10-14,22707.26,True,FUNC-001997
José Pedro,Moreira,josé pedro.moreira.func1997@aeroporto.com.br,459,2029,2026-01-11,32958.47,True,FUNC-001998
Cauã,Castro,cauã.castro.func1998@aeroporto.com.br,314,3603,2012-08-18,19502.3,True,FUNC-001999
Raul,Cavalcanti,raul.cavalcanti.func1999@aeroporto.com.br,178,4627,2023-01-24,26430.75,True,FUNC-002000
Isis,da Mota,isis.da mota.func2000@aeroporto.com.br,74,1472,2023-05-24,18884.61,False,FUNC-002001
Anthony Gabriel,Barros,anthony gabriel.barros.func2001@aeroporto.com.br,776,3058,2023-10-06,13645.36,True,FUNC-002002
Heitor,Gonçalves,heitor.gonçalves.func2002@aeroporto.com.br,244,1058,2018-07-08,26156.42,True,FUNC-002003
João Lucas,Moraes,joão lucas.moraes.func2003@aeroporto.com.br,944,4933,2021-12-07,17813.51,True,FUNC-002004
Kevin,Macedo,kevin.macedo.func2004@aeroporto.com.br,546,3268,2021-02-26,11294.38,True,FUNC-002005
Rodrigo,Santos,rodrigo.santos.func2005@aeroporto.com.br,676,1882,2012-06-25,32571.03,True,FUNC-002006
Valentina,Borges,valentina.borges.func2006@aeroporto.com.br,406,587,2024-12-21,26838.07,True,FUNC-002007
Elisa,Duarte,elisa.duarte.func2007@aeroporto.com.br,964,1640,2017-06-07,25869.51,True,FUNC-002008
Benício,Martins,benício.martins.func2008@aeroporto.com.br,930,3598,2020-11-09,10984.01,True,FUNC-002009
Laís,Brito,laís.brito.func2009@aeroporto.com.br,113,2621,2024-10-28,13264.99,True,FUNC-002010
Theo,Rocha,theo.rocha.func2010@aeroporto.com.br,595,1515,2012-03-29,29793.86,True,FUNC-002011
Sofia,Duarte,sofia.duarte.func2011@aeroporto.com.br,903,420,2020-02-27,8556.16,True,FUNC-002012
Eloah,Almeida,eloah.almeida.func2012@aeroporto.com.br,147,3767,2022-11-07,29038.43,True,FUNC-002013
Cauê,Camargo,cauê.camargo.func2013@aeroporto.com.br,518,3471,2023-02-03,11069.83,True,FUNC-002014
Maitê,Lima,maitê.lima.func2014@aeroporto.com.br,923,3002,2023-09-13,10581.01,True,FUNC-002015
Luigi,Andrade,luigi.andrade.func2015@aeroporto.com.br,200,1849,2023-03-30,16709.32,True,FUNC-002016
Caio,Martins,caio.martins.func2016@aeroporto.com.br,162,284,2014-02-07,24881.9,True,FUNC-002017
Maria Clara,Nogueira,maria clara.nogueira.func2017@aeroporto.com.br,760,1026,2011-06-15,13898.61,True,FUNC-002018
Apollo,Ramos,apollo.ramos.func2018@aeroporto.com.br,991,2822,2020-01-22,17618.72,True,FUNC-002019
Eloá,Casa Grande,eloá.casa grande.func2019@aeroporto.com.br,385,2281,2017-03-26,20164.44,True,FUNC-002020
Alícia,Jesus,alícia.jesus.func2020@aeroporto.com.br,109,4976,2014-10-13,5813.18,True,FUNC-002021
Brayan,Siqueira,brayan.siqueira.func2021@aeroporto.com.br,113,781,2020-06-05,3510.86,True,FUNC-002022
Liz,das Neves,liz.das neves.func2022@aeroporto.com.br,770,2179,2018-11-01,12863.51,True,FUNC-002023
Gabriela,Cirino,gabriela.cirino.func2023@aeroporto.com.br,411,618,2025-12-03,13270.45,True,FUNC-002024
Alícia,Correia,alícia.correia.func2024@aeroporto.com.br,975,4666,2024-06-06,5880.09,True,FUNC-002025
Yuri,Camargo,yuri.camargo.func2025@aeroporto.com.br,64,3396,2015-06-21,32440.29,True,FUNC-002026
Vinícius,Pinto,vinícius.pinto.func2026@aeroporto.com.br,299,4972,2021-01-01,11981.05,True,FUNC-002027
João Vitor,Farias,joão vitor.farias.func2027@aeroporto.com.br,150,106,2017-07-02,7490.23,True,FUNC-002028
Ana,Pastor,ana.pastor.func2028@aeroporto.com.br,375,2065,2017-06-15,11175.43,True,FUNC-002029
Ester,Cavalcanti,ester.cavalcanti.func2029@aeroporto.com.br,33,4737,2020-12-24,21260.82,True,FUNC-002030
Leonardo,Borges,leonardo.borges.func2030@aeroporto.com.br,350,4292,2018-09-24,14262.67,True,FUNC-002031
Mariana,Carvalho,mariana.carvalho.func2031@aeroporto.com.br,287,988,2013-08-19,29839.76,True,FUNC-002032
Samuel,da Rosa,samuel.da rosa.func2032@aeroporto.com.br,495,565,2011-12-12,33339.82,True,FUNC-002033
Luiz Henrique,Vieira,luiz henrique.vieira.func2033@aeroporto.com.br,889,4889,2025-02-28,8230.11,True,FUNC-002034
Ágatha,Marques,ágatha.marques.func2034@aeroporto.com.br,528,555,2021-06-10,23054.74,True,FUNC-002035
Eloah,Marques,eloah.marques.func2035@aeroporto.com.br,980,2726,2014-08-28,18733.81,True,FUNC-002036
Laís,da Costa,laís.da costa.func2036@aeroporto.com.br,395,1863,2024-12-28,30028.92,False,FUNC-002037
Maria Alice,Dias,maria alice.dias.func2037@aeroporto.com.br,20,774,2021-09-16,3831.01,True,FUNC-002038
Aylla,Câmara,aylla.câmara.func2038@aeroporto.com.br,199,4614,2013-09-10,34141.02,True,FUNC-002039
Vitor Hugo,Sá,vitor hugo.sá.func2039@aeroporto.com.br,606,4000,2024-01-11,2544.67,True,FUNC-002040
Giovanna,Gomes,giovanna.gomes.func2040@aeroporto.com.br,780,864,2020-10-20,34354.91,True,FUNC-002041
Isadora,Monteiro,isadora.monteiro.func2041@aeroporto.com.br,497,2780,2017-11-24,10056.26,True,FUNC-002042
Diogo,Cunha,diogo.cunha.func2042@aeroporto.com.br,270,1233,2018-05-04,30559.89,True,FUNC-002043
Enzo,Marques,enzo.marques.func2043@aeroporto.com.br,696,3990,2015-04-11,22542.79,True,FUNC-002044
Joana,Vargas,joana.vargas.func2044@aeroporto.com.br,825,2585,2025-05-24,15145.91,True,FUNC-002045
Julia,Fernandes,julia.fernandes.func2045@aeroporto.com.br,594,4957,2015-10-03,30846.61,True,FUNC-002046
Daniel,Pires,daniel.pires.func2046@aeroporto.com.br,369,283,2014-10-31,30894.6,True,FUNC-002047
Aurora,Lopes,aurora.lopes.func2047@aeroporto.com.br,265,276,2024-05-24,16996.48,True,FUNC-002048
Olívia,Marques,olívia.marques.func2048@aeroporto.com.br,633,3823,2024-03-10,22235.05,True,FUNC-002049
Ana Clara,Silva,ana clara.silva.func2049@aeroporto.com.br,945,3918,2013-09-12,19764.71,True,FUNC-002050
Eduardo,Carvalho,eduardo.carvalho.func2050@aeroporto.com.br,406,2556,2021-04-24,33108.66,True,FUNC-002051
Murilo,Almeida,murilo.almeida.func2051@aeroporto.com.br,765,18,2016-05-19,9523.5,True,FUNC-002052
Miguel,Borges,miguel.borges.func2052@aeroporto.com.br,647,3807,2012-10-20,23421.71,True,FUNC-002053
Ravi,Andrade,ravi.andrade.func2053@aeroporto.com.br,41,3832,2026-05-13,22424.37,True,FUNC-002054
Francisco,Casa Grande,francisco.casa grande.func2054@aeroporto.com.br,258,3081,2024-07-20,32378.56,True,FUNC-002055
Diego,Vieira,diego.vieira.func2055@aeroporto.com.br,421,50,2017-06-20,5625.8,True,FUNC-002056
Emanuella,Aparecida,emanuella.aparecida.func2056@aeroporto.com.br,695,4197,2012-01-09,27983.58,True,FUNC-002057
Igor,Melo,igor.melo.func2057@aeroporto.com.br,846,1285,2022-03-04,8429.72,False,FUNC-002058
Luan,Carvalho,luan.carvalho.func2058@aeroporto.com.br,702,3838,2016-12-14,25240.99,True,FUNC-002059
Liz,Jesus,liz.jesus.func2059@aeroporto.com.br,792,3972,2022-07-05,28099.41,True,FUNC-002060
Vitor Hugo,Barbosa,vitor hugo.barbosa.func2060@aeroporto.com.br,886,4625,2020-05-17,23116.68,True,FUNC-002061
Maria Liz,Viana,maria liz.viana.func2061@aeroporto.com.br,614,439,2015-12-08,27298.27,True,FUNC-002062
Kevin,Pereira,kevin.pereira.func2062@aeroporto.com.br,545,3289,2016-01-31,30772.66,True,FUNC-002063
Ísis,Viana,ísis.viana.func2063@aeroporto.com.br,366,1482,2025-03-14,20345.68,True,FUNC-002064
Ágatha,Andrade,ágatha.andrade.func2064@aeroporto.com.br,291,1478,2017-11-16,30649.01,True,FUNC-002065
Alana,Porto,alana.porto.func2065@aeroporto.com.br,105,2554,2024-05-30,8107.49,True,FUNC-002066
Caleb,Gonçalves,caleb.gonçalves.func2066@aeroporto.com.br,421,4665,2020-04-02,21531.89,True,FUNC-002067
Beatriz,Nogueira,beatriz.nogueira.func2067@aeroporto.com.br,473,4802,2011-07-30,34320.46,True,FUNC-002068
Hadassa,Sales,hadassa.sales.func2068@aeroporto.com.br,224,4421,2021-07-23,24646.08,True,FUNC-002069
Vitor,da Costa,vitor.da costa.func2069@aeroporto.com.br,128,1884,2016-07-08,20644.77,True,FUNC-002070
Eloá,Pereira,eloá.pereira.func2070@aeroporto.com.br,226,928,2025-12-15,11817.56,True,FUNC-002071
Maria Sophia,Peixoto,maria sophia.peixoto.func2071@aeroporto.com.br,841,2271,2017-06-14,13978.79,True,FUNC-002072
Pietra,Vargas,pietra.vargas.func2072@aeroporto.com.br,164,2674,2014-04-04,22624.33,True,FUNC-002073
Rodrigo,Cassiano,rodrigo.cassiano.func2073@aeroporto.com.br,126,4449,2025-06-11,22252.62,True,FUNC-002074
Ana Cecília,Melo,ana cecília.melo.func2074@aeroporto.com.br,834,4134,2012-08-04,3193.79,True,FUNC-002075
Francisco,da Mata,francisco.da mata.func2075@aeroporto.com.br,525,4132,2018-11-06,7150.59,True,FUNC-002076
José,Pires,josé.pires.func2076@aeroporto.com.br,139,1715,2025-06-10,15934.38,True,FUNC-002077
Maitê,Melo,maitê.melo.func2077@aeroporto.com.br,562,2689,2013-11-16,17272.35,True,FUNC-002078
Alexandre,Nogueira,alexandre.nogueira.func2078@aeroporto.com.br,809,3995,2022-11-19,21725.93,True,FUNC-002079
Carlos Eduardo,Marques,carlos eduardo.marques.func2079@aeroporto.com.br,162,2420,2022-06-11,33569.92,True,FUNC-002080
Ana Cecília,Nogueira,ana cecília.nogueira.func2080@aeroporto.com.br,692,4515,2024-12-27,28004.76,True,FUNC-002081
Matteo,Dias,matteo.dias.func2081@aeroporto.com.br,222,4845,2017-09-15,20744.11,True,FUNC-002082
Matheus,Nogueira,matheus.nogueira.func2082@aeroporto.com.br,791,315,2012-10-02,12281.62,True,FUNC-002083
Arthur,Gonçalves,arthur.gonçalves.func2083@aeroporto.com.br,115,4711,2018-10-04,7916.61,True,FUNC-002084
Isabela,Borges,isabela.borges.func2084@aeroporto.com.br,288,2967,2014-06-09,2898.21,True,FUNC-002085
Gustavo Henrique,Garcia,gustavo henrique.garcia.func2085@aeroporto.com.br,783,3206,2016-02-11,10777.64,True,FUNC-002086
Joaquim,Câmara,joaquim.câmara.func2086@aeroporto.com.br,814,2530,2014-07-19,6486.43,True,FUNC-002087
Benjamim,Nunes,benjamim.nunes.func2087@aeroporto.com.br,981,257,2023-04-09,7995.37,True,FUNC-002088
Isabella,Costela,isabella.costela.func2088@aeroporto.com.br,402,3995,2026-02-23,13364.83,True,FUNC-002089
Antonella,Nogueira,antonella.nogueira.func2089@aeroporto.com.br,992,295,2025-04-29,30505.3,True,FUNC-002090
Maria Alice,Vargas,maria alice.vargas.func2090@aeroporto.com.br,780,4878,2021-03-13,25012.83,True,FUNC-002091
Leandro,Barbosa,leandro.barbosa.func2091@aeroporto.com.br,264,3220,2013-11-05,4192.16,True,FUNC-002092
Bella,Pimenta,bella.pimenta.func2092@aeroporto.com.br,186,3498,2012-11-27,9170.89,True,FUNC-002093
Laís,Albuquerque,laís.albuquerque.func2093@aeroporto.com.br,258,4646,2025-08-23,32297.82,True,FUNC-002094
Ravi Lucca,Nunes,ravi lucca.nunes.func2094@aeroporto.com.br,386,991,2021-07-19,7974.29,True,FUNC-002095
Ágatha,Peixoto,ágatha.peixoto.func2095@aeroporto.com.br,600,2007,2022-09-28,9171.63,True,FUNC-002096
Yasmin,Peixoto,yasmin.peixoto.func2096@aeroporto.com.br,178,408,2025-12-01,3813.37,True,FUNC-002097
Benjamim,Fonseca,benjamim.fonseca.func2097@aeroporto.com.br,915,3027,2022-05-11,20287.49,False,FUNC-002098
Lucas,Brito,lucas.brito.func2098@aeroporto.com.br,685,3637,2017-03-02,14695.49,True,FUNC-002099
João Felipe,Freitas,joão felipe.freitas.func2099@aeroporto.com.br,89,2033,2023-09-20,14902.48,True,FUNC-002100
Maria Laura,da Rocha,maria laura.da rocha.func2100@aeroporto.com.br,617,833,2013-04-30,27969.52,True,FUNC-002101
Luiz Otávio,Cassiano,luiz otávio.cassiano.func2101@aeroporto.com.br,992,3466,2024-10-04,6193.4,True,FUNC-002102
Enrico,Dias,enrico.dias.func2102@aeroporto.com.br,332,3835,2014-10-04,15069.33,True,FUNC-002103
Vitor,Pires,vitor.pires.func2103@aeroporto.com.br,815,1241,2018-10-19,25382.53,True,FUNC-002104
Enzo Gabriel,Pimenta,enzo gabriel.pimenta.func2104@aeroporto.com.br,338,4491,2012-11-26,24945.86,True,FUNC-002105
Stella,Machado,stella.machado.func2105@aeroporto.com.br,621,314,2020-05-18,34981.73,True,FUNC-002106
Maria Cecília,Farias,maria cecília.farias.func2106@aeroporto.com.br,89,2693,2020-12-02,27701.8,True,FUNC-002107
João,Machado,joão.machado.func2107@aeroporto.com.br,805,388,2014-09-21,23471.64,False,FUNC-002108
Bruna,Rodrigues,bruna.rodrigues.func2108@aeroporto.com.br,213,609,2018-06-05,4147.13,True,FUNC-002109
Luiz Henrique,Costela,luiz henrique.costela.func2109@aeroporto.com.br,763,3659,2014-05-15,10465.4,True,FUNC-002110
Hellena,Camargo,hellena.camargo.func2110@aeroporto.com.br,908,132,2011-12-19,21456.65,True,FUNC-002111
Antônio,Cirino,antônio.cirino.func2111@aeroporto.com.br,377,3077,2019-05-24,9433.61,True,FUNC-002112
Benício,Costa,benício.costa.func2112@aeroporto.com.br,18,154,2013-06-26,8958.18,False,FUNC-002113
Ana Laura,Sá,ana laura.sá.func2113@aeroporto.com.br,612,2177,2016-07-12,19060.03,True,FUNC-002114
Levi,Ferreira,levi.ferreira.func2114@aeroporto.com.br,316,4373,2024-05-27,21738.17,True,FUNC-002115
Henry,Araújo,henry.araújo.func2115@aeroporto.com.br,654,3603,2023-12-30,9840.74,True,FUNC-002116
Henry,Rocha,henry.rocha.func2116@aeroporto.com.br,529,4175,2026-03-07,29367.22,True,FUNC-002117
Erick,Aparecida,erick.aparecida.func2117@aeroporto.com.br,331,1715,2025-04-05,8963.16,True,FUNC-002118
Antony,Vargas,antony.vargas.func2118@aeroporto.com.br,818,4282,2011-06-21,8496.78,True,FUNC-002119
Emanuella,Costela,emanuella.costela.func2119@aeroporto.com.br,77,3929,2022-01-23,14617.72,True,FUNC-002120
Lunna,Aragão,lunna.aragão.func2120@aeroporto.com.br,489,3218,2025-01-30,9622.72,True,FUNC-002121
Nicole,Rios,nicole.rios.func2121@aeroporto.com.br,216,1237,2017-11-29,26333.69,True,FUNC-002122
Isaque,Vargas,isaque.vargas.func2122@aeroporto.com.br,750,767,2019-07-28,9475.12,True,FUNC-002123
José Miguel,Silva,josé miguel.silva.func2123@aeroporto.com.br,861,3924,2021-09-02,12393.61,True,FUNC-002124
Luiz Henrique,Vasconcelos,luiz henrique.vasconcelos.func2124@aeroporto.com.br,401,2480,2020-09-08,22160.79,True,FUNC-002125
Pietra,Cunha,pietra.cunha.func2125@aeroporto.com.br,335,2619,2013-10-06,16105.84,True,FUNC-002126
João,Rezende,joão.rezende.func2126@aeroporto.com.br,382,525,2021-04-10,11030.16,True,FUNC-002127
Sofia,da Cruz,sofia.da cruz.func2127@aeroporto.com.br,528,3544,2024-04-27,26220.75,True,FUNC-002128
Mariana,da Rocha,mariana.da rocha.func2128@aeroporto.com.br,626,1267,2018-07-27,25299.22,True,FUNC-002129
Eduardo,Cavalcanti,eduardo.cavalcanti.func2129@aeroporto.com.br,762,928,2014-04-22,2838.98,True,FUNC-002130
Benicio,Martins,benicio.martins.func2130@aeroporto.com.br,636,4779,2012-04-29,27183.71,True,FUNC-002131
Marcela,Costela,marcela.costela.func2131@aeroporto.com.br,152,1574,2012-08-28,13110.9,True,FUNC-002132
Mariana,Azevedo,mariana.azevedo.func2132@aeroporto.com.br,208,3403,2019-07-21,24410.27,True,FUNC-002133
Ayla,Santos,ayla.santos.func2133@aeroporto.com.br,343,1795,2019-05-08,15386.26,True,FUNC-002134
Isabella,Cirino,isabella.cirino.func2134@aeroporto.com.br,910,4945,2020-03-05,32143.68,True,FUNC-002135
Pedro,Macedo,pedro.macedo.func2135@aeroporto.com.br,358,4091,2021-09-11,29091.62,True,FUNC-002136
Gabriela,Monteiro,gabriela.monteiro.func2136@aeroporto.com.br,904,2307,2017-07-21,10418.85,True,FUNC-002137
Giovanna,Guerra,giovanna.guerra.func2137@aeroporto.com.br,919,1718,2015-03-03,27950.02,True,FUNC-002138
Maria,Gonçalves,maria.gonçalves.func2138@aeroporto.com.br,306,2613,2015-06-06,4648.2,True,FUNC-002139
Manuella,Costa,manuella.costa.func2139@aeroporto.com.br,564,896,2024-09-14,11887.61,True,FUNC-002140
Mathias,Farias,mathias.farias.func2140@aeroporto.com.br,583,1094,2015-09-27,24393.9,True,FUNC-002141
Maria Flor,Casa Grande,maria flor.casa grande.func2141@aeroporto.com.br,434,9,2024-05-25,32767.6,True,FUNC-002142
Agatha,Alves,agatha.alves.func2142@aeroporto.com.br,580,376,2012-07-18,25716.15,True,FUNC-002143
Sara,Peixoto,sara.peixoto.func2143@aeroporto.com.br,942,1743,2012-07-20,17637.57,True,FUNC-002144
Eloah,Pinto,eloah.pinto.func2144@aeroporto.com.br,24,4505,2023-07-02,16925.81,True,FUNC-002145
Gael Henrique,Albuquerque,gael henrique.albuquerque.func2145@aeroporto.com.br,956,551,2020-11-23,31706.76,True,FUNC-002146
Bárbara,Leão,bárbara.leão.func2146@aeroporto.com.br,243,4396,2024-02-12,9338.67,True,FUNC-002147
Sophie,Vasconcelos,sophie.vasconcelos.func2147@aeroporto.com.br,288,3492,2020-03-11,26190.54,True,FUNC-002148
Giovanna,Camargo,giovanna.camargo.func2148@aeroporto.com.br,444,1037,2017-01-10,10502.79,True,FUNC-002149
Ester,Freitas,ester.freitas.func2149@aeroporto.com.br,369,4337,2024-12-20,31673.06,True,FUNC-002150
Matheus,Dias,matheus.dias.func2150@aeroporto.com.br,40,2260,2012-09-14,8636.57,True,FUNC-002151
Renan,Duarte,renan.duarte.func2151@aeroporto.com.br,272,4508,2022-12-03,9738.08,True,FUNC-002152
Luan,Araújo,luan.araújo.func2152@aeroporto.com.br,301,1987,2019-04-01,22294.88,True,FUNC-002153
Isabela,Leão,isabela.leão.func2153@aeroporto.com.br,223,129,2019-09-15,14483.58,True,FUNC-002154
Raquel,Sales,raquel.sales.func2154@aeroporto.com.br,147,3613,2020-04-17,32045.72,True,FUNC-002155
Joana,Moraes,joana.moraes.func2155@aeroporto.com.br,630,795,2015-10-13,18780.73,False,FUNC-002156
João Felipe,Monteiro,joão felipe.monteiro.func2156@aeroporto.com.br,180,1058,2017-01-04,11983.47,True,FUNC-002157
Ana,Rocha,ana.rocha.func2157@aeroporto.com.br,870,4591,2022-02-27,11967.56,True,FUNC-002158
Hellena,Vasconcelos,hellena.vasconcelos.func2158@aeroporto.com.br,499,251,2018-02-05,17403.32,True,FUNC-002159
José Miguel,Costa,josé miguel.costa.func2159@aeroporto.com.br,960,4066,2016-08-02,11511.86,True,FUNC-002160
Vitor,Peixoto,vitor.peixoto.func2160@aeroporto.com.br,962,248,2018-02-18,20245.21,True,FUNC-002161
Luiz Otávio,Carvalho,luiz otávio.carvalho.func2161@aeroporto.com.br,276,264,2019-04-01,23954.68,True,FUNC-002162
Yasmin,Melo,yasmin.melo.func2162@aeroporto.com.br,88,461,2018-01-04,29940.98,True,FUNC-002163
Enzo,Vargas,enzo.vargas.func2163@aeroporto.com.br,228,4075,2020-04-11,21017.43,True,FUNC-002164
Maria Luísa,Abreu,maria luísa.abreu.func2164@aeroporto.com.br,644,3725,2017-05-22,29476.32,True,FUNC-002165
Maria Liz,Alves,maria liz.alves.func2165@aeroporto.com.br,170,4421,2020-05-06,7483.34,True,FUNC-002166
Isaque,Araújo,isaque.araújo.func2166@aeroporto.com.br,211,2962,2021-04-11,8613.35,True,FUNC-002167
Dom,Costela,dom.costela.func2167@aeroporto.com.br,766,3002,2016-07-28,29360.43,True,FUNC-002168
Miguel,da Rosa,miguel.da rosa.func2168@aeroporto.com.br,82,558,2013-11-08,29037.2,True,FUNC-002169
Larissa,Leão,larissa.leão.func2169@aeroporto.com.br,939,2722,2016-09-07,28900.27,True,FUNC-002170
Otávio,Brito,otávio.brito.func2170@aeroporto.com.br,634,1417,2014-01-11,18259.98,True,FUNC-002171
Igor,Montenegro,igor.montenegro.func2171@aeroporto.com.br,32,3109,2022-04-20,12343.2,True,FUNC-002172
Yasmin,Duarte,yasmin.duarte.func2172@aeroporto.com.br,324,2739,2013-04-30,5870.7,True,FUNC-002173
Sara,Cassiano,sara.cassiano.func2173@aeroporto.com.br,421,3543,2012-11-24,28839.19,True,FUNC-002174
Isis,da Luz,isis.da luz.func2174@aeroporto.com.br,498,2219,2024-06-16,4310.88,False,FUNC-002175
Juan,Aragão,juan.aragão.func2175@aeroporto.com.br,412,4676,2025-06-25,23555.13,True,FUNC-002176
Antônio,Aragão,antônio.aragão.func2176@aeroporto.com.br,349,3726,2021-09-16,4869.76,True,FUNC-002177
Alexandre,Pastor,alexandre.pastor.func2177@aeroporto.com.br,663,4357,2020-08-02,23694.63,True,FUNC-002178
Maitê,Rocha,maitê.rocha.func2178@aeroporto.com.br,478,148,2022-11-18,28350.53,True,FUNC-002179
Stephany,Garcia,stephany.garcia.func2179@aeroporto.com.br,703,311,2024-12-17,29460.24,True,FUNC-002180
Lunna,Castro,lunna.castro.func2180@aeroporto.com.br,209,2821,2020-07-24,5742.95,True,FUNC-002181
Anthony,Pimenta,anthony.pimenta.func2181@aeroporto.com.br,103,1469,2021-07-10,15667.77,True,FUNC-002182
Emilly,Machado,emilly.machado.func2182@aeroporto.com.br,69,4168,2020-05-27,22864.08,True,FUNC-002183
Ian,Vasconcelos,ian.vasconcelos.func2183@aeroporto.com.br,145,1959,2023-12-10,24533.67,True,FUNC-002184
Asafe,Brito,asafe.brito.func2184@aeroporto.com.br,126,1387,2026-04-15,25639.5,True,FUNC-002185
Alexandre,da Costa,alexandre.da costa.func2185@aeroporto.com.br,792,2909,2017-09-14,27466.51,True,FUNC-002186
Theo,Araújo,theo.araújo.func2186@aeroporto.com.br,322,2796,2015-11-17,18711.99,True,FUNC-002187
Sara,da Luz,sara.da luz.func2187@aeroporto.com.br,74,2719,2019-08-03,11971.0,True,FUNC-002188
Julia,Pastor,julia.pastor.func2188@aeroporto.com.br,818,1029,2019-11-24,10874.34,True,FUNC-002189
Mateus,Peixoto,mateus.peixoto.func2189@aeroporto.com.br,278,1728,2019-08-15,14153.36,True,FUNC-002190
Josué,Guerra,josué.guerra.func2190@aeroporto.com.br,509,1183,2016-05-20,34223.75,True,FUNC-002191
Maria Vitória,Pinto,maria vitória.pinto.func2191@aeroporto.com.br,784,641,2024-12-03,23637.49,True,FUNC-002192
Antony,Pinto,antony.pinto.func2192@aeroporto.com.br,260,347,2019-10-20,28487.75,True,FUNC-002193
Alice,Casa Grande,alice.casa grande.func2193@aeroporto.com.br,689,1186,2023-05-19,19323.57,True,FUNC-002194
João Miguel,da Cruz,joão miguel.da cruz.func2194@aeroporto.com.br,495,4795,2026-05-04,32569.98,True,FUNC-002195
Eloah,Andrade,eloah.andrade.func2195@aeroporto.com.br,843,2108,2014-03-28,30120.78,True,FUNC-002196
Isaque,Correia,isaque.correia.func2196@aeroporto.com.br,359,539,2022-02-08,23529.26,True,FUNC-002197
Rael,Rezende,rael.rezende.func2197@aeroporto.com.br,882,2575,2023-01-13,30684.73,True,FUNC-002198
Davi,Cirino,davi.cirino.func2198@aeroporto.com.br,475,1972,2024-12-29,4480.21,True,FUNC-002199
Pedro Henrique,Pacheco,pedro henrique.pacheco.func2199@aeroporto.com.br,350,1570,2014-02-24,8663.15,True,FUNC-002200
Davi Miguel,da Rosa,davi miguel.da rosa.func2200@aeroporto.com.br,84,2600,2021-01-28,18745.56,True,FUNC-002201
Liz,Martins,liz.martins.func2201@aeroporto.com.br,190,4887,2015-06-03,18982.51,True,FUNC-002202
Paulo,Borges,paulo.borges.func2202@aeroporto.com.br,792,46,2012-02-15,21040.78,True,FUNC-002203
Isis,Almeida,isis.almeida.func2203@aeroporto.com.br,420,780,2011-08-22,6385.71,True,FUNC-002204
Isabella,Cassiano,isabella.cassiano.func2204@aeroporto.com.br,501,1912,2012-12-06,21348.67,True,FUNC-002205
Eloá,Pacheco,eloá.pacheco.func2205@aeroporto.com.br,108,3579,2022-07-18,3134.75,True,FUNC-002206
Vitor Hugo,Sá,vitor hugo.sá.func2206@aeroporto.com.br,23,2435,2020-08-09,32561.84,True,FUNC-002207
Bernardo,Duarte,bernardo.duarte.func2207@aeroporto.com.br,261,2867,2020-03-24,29957.4,True,FUNC-002208
Luara,Vieira,luara.vieira.func2208@aeroporto.com.br,386,1104,2023-07-16,9132.14,True,FUNC-002209
Heitor,Rezende,heitor.rezende.func2209@aeroporto.com.br,210,1297,2021-11-25,15110.28,True,FUNC-002210
Aurora,Garcia,aurora.garcia.func2210@aeroporto.com.br,620,526,2015-07-07,16897.18,True,FUNC-002211
Murilo,Porto,murilo.porto.func2211@aeroporto.com.br,807,471,2025-05-20,34459.94,True,FUNC-002212
Milena,Rezende,milena.rezende.func2212@aeroporto.com.br,604,2326,2018-05-27,34963.39,True,FUNC-002213
Carolina,Caldeira,carolina.caldeira.func2213@aeroporto.com.br,384,2179,2018-01-25,34901.75,True,FUNC-002214
Bernardo,da Cunha,bernardo.da cunha.func2214@aeroporto.com.br,851,4623,2025-07-21,30358.65,True,FUNC-002215
Sophia,Pires,sophia.pires.func2215@aeroporto.com.br,663,2387,2018-04-15,16703.81,True,FUNC-002216
Ian,Castro,ian.castro.func2216@aeroporto.com.br,328,1904,2021-11-03,16894.2,True,FUNC-002217
Cauã,Lima,cauã.lima.func2217@aeroporto.com.br,61,1889,2017-01-09,2766.47,True,FUNC-002218
Stephany,Cavalcanti,stephany.cavalcanti.func2218@aeroporto.com.br,677,791,2020-08-17,24007.63,True,FUNC-002219
Luiz Miguel,Camargo,luiz miguel.camargo.func2219@aeroporto.com.br,600,4945,2013-02-05,26447.09,True,FUNC-002220
Pedro Miguel,Fogaça,pedro miguel.fogaça.func2220@aeroporto.com.br,145,3840,2022-01-09,23071.84,True,FUNC-002221
Joaquim,Pires,joaquim.pires.func2221@aeroporto.com.br,353,3998,2018-03-13,25455.83,True,FUNC-002222
Gustavo Henrique,Correia,gustavo henrique.correia.func2222@aeroporto.com.br,815,1650,2018-04-24,27256.32,True,FUNC-002223
Cecilia,Mendonça,cecilia.mendonça.func2223@aeroporto.com.br,675,64,2011-09-06,9803.75,True,FUNC-002224
Ayla,Teixeira,ayla.teixeira.func2224@aeroporto.com.br,40,4389,2021-05-06,22289.13,True,FUNC-002225
Amanda,Sampaio,amanda.sampaio.func2225@aeroporto.com.br,791,1297,2020-09-30,9954.58,True,FUNC-002226
Luigi,Sales,luigi.sales.func2226@aeroporto.com.br,469,716,2024-09-19,34974.99,True,FUNC-002227
Lucas Gabriel,Pimenta,lucas gabriel.pimenta.func2227@aeroporto.com.br,250,878,2020-04-28,3570.62,True,FUNC-002228
Théo,Marques,théo.marques.func2228@aeroporto.com.br,811,1237,2020-10-13,11479.39,False,FUNC-002229
Mathias,Fernandes,mathias.fernandes.func2229@aeroporto.com.br,733,2779,2011-07-30,30532.52,True,FUNC-002230
Gustavo Henrique,Jesus,gustavo henrique.jesus.func2230@aeroporto.com.br,96,1504,2021-05-22,21343.62,True,FUNC-002231
Rael,Pereira,rael.pereira.func2231@aeroporto.com.br,973,1772,2022-11-19,19753.83,True,FUNC-002232
Rodrigo,Costa,rodrigo.costa.func2232@aeroporto.com.br,82,2225,2025-01-31,22044.95,True,FUNC-002233
Lorena,Brito,lorena.brito.func2233@aeroporto.com.br,108,4437,2016-11-23,18948.94,True,FUNC-002234
Caleb,Marques,caleb.marques.func2234@aeroporto.com.br,437,716,2014-06-29,15019.48,True,FUNC-002235
Luiza,Lima,luiza.lima.func2235@aeroporto.com.br,965,4925,2022-05-27,34825.69,True,FUNC-002236
Maria Luiza,Azevedo,maria luiza.azevedo.func2236@aeroporto.com.br,101,1446,2018-06-05,12508.63,True,FUNC-002237
João Gabriel,Rios,joão gabriel.rios.func2237@aeroporto.com.br,229,4579,2025-09-13,6835.88,True,FUNC-002238
Ana Vitória,Gomes,ana vitória.gomes.func2238@aeroporto.com.br,289,2981,2014-01-10,20285.98,True,FUNC-002239
Gabriela,Lopes,gabriela.lopes.func2239@aeroporto.com.br,190,3797,2024-02-20,4921.31,True,FUNC-002240
Eduarda,Mendes,eduarda.mendes.func2240@aeroporto.com.br,159,4957,2020-07-05,24780.29,True,FUNC-002241
Gustavo,Gomes,gustavo.gomes.func2241@aeroporto.com.br,836,739,2017-09-10,19424.89,False,FUNC-002242
Maria Clara,Viana,maria clara.viana.func2242@aeroporto.com.br,114,3816,2016-03-18,30498.1,True,FUNC-002243
Evelyn,Moraes,evelyn.moraes.func2243@aeroporto.com.br,812,1854,2011-10-17,4225.06,True,FUNC-002244
João Vitor,Montenegro,joão vitor.montenegro.func2244@aeroporto.com.br,258,2874,2022-04-27,23720.55,True,FUNC-002245
José Pedro,da Mota,josé pedro.da mota.func2245@aeroporto.com.br,409,2356,2012-03-15,32433.19,True,FUNC-002246
João Guilherme,Rodrigues,joão guilherme.rodrigues.func2246@aeroporto.com.br,334,4531,2023-11-17,5913.47,True,FUNC-002247
Guilherme,Andrade,guilherme.andrade.func2247@aeroporto.com.br,348,2124,2012-10-27,7288.24,False,FUNC-002248
Luiz Fernando,Correia,luiz fernando.correia.func2248@aeroporto.com.br,254,2334,2023-10-04,31537.38,True,FUNC-002249
Maria Flor,Aragão,maria flor.aragão.func2249@aeroporto.com.br,744,2493,2013-12-23,2528.77,True,FUNC-002250
Laura,Gonçalves,laura.gonçalves.func2250@aeroporto.com.br,224,2538,2021-02-26,22111.01,True,FUNC-002251
Gustavo Henrique,Peixoto,gustavo henrique.peixoto.func2251@aeroporto.com.br,162,1131,2026-04-29,10858.19,True,FUNC-002252
Igor,Fonseca,igor.fonseca.func2252@aeroporto.com.br,392,4521,2019-09-13,26820.13,True,FUNC-002253
Lucca,Gomes,lucca.gomes.func2253@aeroporto.com.br,882,801,2017-03-17,23851.18,True,FUNC-002254
Liam,Ribeiro,liam.ribeiro.func2254@aeroporto.com.br,327,2327,2022-04-19,33807.27,True,FUNC-002255
Gael,Sales,gael.sales.func2255@aeroporto.com.br,289,3600,2014-12-12,18787.87,True,FUNC-002256
Luara,Ferreira,luara.ferreira.func2256@aeroporto.com.br,198,4789,2023-01-15,8338.57,True,FUNC-002257
Liam,Sousa,liam.sousa.func2257@aeroporto.com.br,886,4991,2015-11-26,6796.81,True,FUNC-002258
Oliver,Nunes,oliver.nunes.func2258@aeroporto.com.br,887,1827,2016-06-25,19571.42,True,FUNC-002259
Nicolas,Viana,nicolas.viana.func2259@aeroporto.com.br,833,60,2017-01-28,9573.14,True,FUNC-002260
Letícia,Ramos,letícia.ramos.func2260@aeroporto.com.br,897,3713,2020-08-21,18137.81,True,FUNC-002261
Thiago,Santos,thiago.santos.func2261@aeroporto.com.br,939,4797,2011-10-04,21329.35,True,FUNC-002262
Breno,Guerra,breno.guerra.func2262@aeroporto.com.br,514,798,2024-06-04,2958.07,True,FUNC-002263
Catarina,Santos,catarina.santos.func2263@aeroporto.com.br,822,3600,2020-08-03,30141.26,True,FUNC-002264
Gabrielly,Barbosa,gabrielly.barbosa.func2264@aeroporto.com.br,395,1970,2017-02-21,25956.13,True,FUNC-002265
Natália,da Cunha,natália.da cunha.func2265@aeroporto.com.br,636,1504,2024-06-23,23290.46,False,FUNC-002266
Raul,Fernandes,raul.fernandes.func2266@aeroporto.com.br,692,121,2020-12-10,29832.98,True,FUNC-002267
Isaac,das Neves,isaac.das neves.func2267@aeroporto.com.br,593,2527,2021-12-10,3088.6,True,FUNC-002268
Davi Lucas,Rodrigues,davi lucas.rodrigues.func2268@aeroporto.com.br,785,3385,2019-12-29,27674.16,True,FUNC-002269
Sofia,Porto,sofia.porto.func2269@aeroporto.com.br,113,1966,2013-11-09,11632.94,True,FUNC-002270
Ana Beatriz,Costela,ana beatriz.costela.func2270@aeroporto.com.br,507,1645,2018-11-03,11354.41,True,FUNC-002271
Maria Vitória,Fogaça,maria vitória.fogaça.func2271@aeroporto.com.br,587,2530,2023-03-01,10971.58,True,FUNC-002272
Bernardo,Aparecida,bernardo.aparecida.func2272@aeroporto.com.br,675,2168,2026-01-18,24780.31,True,FUNC-002273
Heloisa,Jesus,heloisa.jesus.func2273@aeroporto.com.br,609,2231,2014-02-03,11690.01,True,FUNC-002274
Lucas Gabriel,Mendonça,lucas gabriel.mendonça.func2274@aeroporto.com.br,735,4942,2019-11-07,29361.4,True,FUNC-002275
Enzo Gabriel,Sales,enzo gabriel.sales.func2275@aeroporto.com.br,538,278,2014-01-21,28967.72,True,FUNC-002276
Heitor,Albuquerque,heitor.albuquerque.func2276@aeroporto.com.br,72,84,2014-03-27,22074.58,False,FUNC-002277
Calebe,Ramos,calebe.ramos.func2277@aeroporto.com.br,356,3473,2019-09-26,13687.17,True,FUNC-002278
Ana Júlia,da Cruz,ana júlia.da cruz.func2278@aeroporto.com.br,426,2109,2023-05-25,5265.27,True,FUNC-002279
José,Viana,josé.viana.func2279@aeroporto.com.br,762,3345,2012-12-11,15823.93,True,FUNC-002280
Daniel,Fernandes,daniel.fernandes.func2280@aeroporto.com.br,922,3050,2018-10-15,14331.88,True,FUNC-002281
Benício,Campos,benício.campos.func2281@aeroporto.com.br,230,3434,2024-08-30,33486.79,True,FUNC-002282
Luísa,Caldeira,luísa.caldeira.func2282@aeroporto.com.br,498,903,2018-03-17,4113.72,True,FUNC-002283
Vitor,Freitas,vitor.freitas.func2283@aeroporto.com.br,9,1011,2016-01-19,18020.22,True,FUNC-002284
Amanda,Campos,amanda.campos.func2284@aeroporto.com.br,523,809,2013-01-08,26155.23,True,FUNC-002285
Luiz Henrique,Teixeira,luiz henrique.teixeira.func2285@aeroporto.com.br,703,2471,2017-02-21,24378.73,True,FUNC-002286
Diego,Machado,diego.machado.func2286@aeroporto.com.br,575,4732,2015-01-27,4662.1,True,FUNC-002287
Pietra,Ramos,pietra.ramos.func2287@aeroporto.com.br,560,3889,2016-02-23,34378.52,True,FUNC-002288
Enzo Gabriel,Ramos,enzo gabriel.ramos.func2288@aeroporto.com.br,192,3718,2019-10-08,15412.46,True,FUNC-002289
Evelyn,Alves,evelyn.alves.func2289@aeroporto.com.br,410,3866,2022-08-12,27276.15,True,FUNC-002290
Marcelo,Casa Grande,marcelo.casa grande.func2290@aeroporto.com.br,893,904,2019-08-19,24093.75,True,FUNC-002291
Yasmin,Câmara,yasmin.câmara.func2291@aeroporto.com.br,116,2769,2022-09-25,14692.29,True,FUNC-002292
Gustavo Henrique,Campos,gustavo henrique.campos.func2292@aeroporto.com.br,983,1847,2018-01-14,9619.14,True,FUNC-002293
Carolina,Casa Grande,carolina.casa grande.func2293@aeroporto.com.br,314,3269,2015-08-23,9708.15,True,FUNC-002294
Emanuella,Siqueira,emanuella.siqueira.func2294@aeroporto.com.br,944,335,2023-06-18,11332.48,True,FUNC-002295
Mathias,Nunes,mathias.nunes.func2295@aeroporto.com.br,424,2224,2014-04-29,27310.59,True,FUNC-002296
Luigi,Araújo,luigi.araújo.func2296@aeroporto.com.br,743,781,2021-04-19,28723.92,True,FUNC-002297
Daniel,Câmara,daniel.câmara.func2297@aeroporto.com.br,971,122,2014-03-03,19689.68,True,FUNC-002298
Yuri,Araújo,yuri.araújo.func2298@aeroporto.com.br,371,3139,2023-12-21,30408.03,True,FUNC-002299
Benjamin,Machado,benjamin.machado.func2299@aeroporto.com.br,608,1381,2014-03-23,5671.4,True,FUNC-002300
Henrique,Carvalho,henrique.carvalho.func2300@aeroporto.com.br,105,1696,2013-02-26,9710.82,True,FUNC-002301
Rafaela,Machado,rafaela.machado.func2301@aeroporto.com.br,959,4995,2020-10-07,25023.57,True,FUNC-002302
Aurora,da Rocha,aurora.da rocha.func2302@aeroporto.com.br,967,3630,2022-05-27,10829.71,True,FUNC-002303
Luiz Fernando,Mendes,luiz fernando.mendes.func2303@aeroporto.com.br,967,420,2011-06-09,9098.77,True,FUNC-002304
Luiz Fernando,Almeida,luiz fernando.almeida.func2304@aeroporto.com.br,487,2868,2021-06-10,15774.13,True,FUNC-002305
Ana Clara,Duarte,ana clara.duarte.func2305@aeroporto.com.br,94,1798,2017-03-27,19236.82,True,FUNC-002306
Maria,da Cunha,maria.da cunha.func2306@aeroporto.com.br,643,4720,2023-04-14,3844.43,True,FUNC-002307
Laís,Costa,laís.costa.func2307@aeroporto.com.br,314,482,2026-04-22,15816.25,True,FUNC-002308
Asafe,Teixeira,asafe.teixeira.func2308@aeroporto.com.br,500,2478,2016-05-15,27313.48,True,FUNC-002309
Rodrigo,Silveira,rodrigo.silveira.func2309@aeroporto.com.br,286,2972,2015-04-09,12959.76,True,FUNC-002310
Henry Gabriel,Rocha,henry gabriel.rocha.func2310@aeroporto.com.br,82,2772,2018-08-29,21955.81,True,FUNC-002311
João Vitor,Alves,joão vitor.alves.func2311@aeroporto.com.br,452,3252,2019-03-13,22654.61,True,FUNC-002312
Lunna,Moreira,lunna.moreira.func2312@aeroporto.com.br,824,1332,2017-09-08,13969.28,True,FUNC-002313
Lucas,Machado,lucas.machado.func2313@aeroporto.com.br,697,3099,2017-01-26,8788.07,False,FUNC-002314
Theo,Carvalho,theo.carvalho.func2314@aeroporto.com.br,748,4756,2024-01-22,16553.65,True,FUNC-002315
Breno,Gonçalves,breno.gonçalves.func2315@aeroporto.com.br,395,795,2022-05-08,19776.06,True,FUNC-002316
Gael Henrique,Correia,gael henrique.correia.func2316@aeroporto.com.br,937,479,2016-07-04,9902.52,True,FUNC-002317
Isaque,Sá,isaque.sá.func2317@aeroporto.com.br,30,2909,2021-09-22,9474.57,False,FUNC-002318
Lucas,Santos,lucas.santos.func2318@aeroporto.com.br,932,2513,2019-03-16,20866.76,True,FUNC-002319
Henrique,Correia,henrique.correia.func2319@aeroporto.com.br,518,3748,2015-03-02,21135.43,True,FUNC-002320
Maria,Ribeiro,maria.ribeiro.func2320@aeroporto.com.br,771,2443,2015-11-01,19006.5,False,FUNC-002321
Camila,Andrade,camila.andrade.func2321@aeroporto.com.br,221,251,2014-03-08,7231.75,True,FUNC-002322
Isaac,da Rocha,isaac.da rocha.func2322@aeroporto.com.br,957,4526,2017-07-18,24999.09,True,FUNC-002323
Renan,Caldeira,renan.caldeira.func2323@aeroporto.com.br,779,3760,2012-12-15,16165.03,True,FUNC-002324
Emilly,Nunes,emilly.nunes.func2324@aeroporto.com.br,96,695,2019-06-24,9989.63,True,FUNC-002325
Ana Cecília,Pimenta,ana cecília.pimenta.func2325@aeroporto.com.br,530,4527,2019-06-06,9376.02,True,FUNC-002326
Luara,Vieira,luara.vieira.func2326@aeroporto.com.br,964,3495,2023-02-17,31191.0,True,FUNC-002327
Kamilly,da Paz,kamilly.da paz.func2327@aeroporto.com.br,766,4822,2014-10-21,4411.59,True,FUNC-002328
Gustavo Henrique,Cunha,gustavo henrique.cunha.func2328@aeroporto.com.br,971,522,2014-07-27,32482.92,True,FUNC-002329
Isadora,Barbosa,isadora.barbosa.func2329@aeroporto.com.br,491,3632,2016-04-24,25484.18,True,FUNC-002330
Emanuelly,Fernandes,emanuelly.fernandes.func2330@aeroporto.com.br,28,1310,2012-05-13,29041.33,True,FUNC-002331
Luigi,Dias,luigi.dias.func2331@aeroporto.com.br,549,4311,2016-02-15,27423.88,True,FUNC-002332
André,Moura,andré.moura.func2332@aeroporto.com.br,680,4664,2015-05-11,3597.31,True,FUNC-002333
Ana Julia,Ferreira,ana julia.ferreira.func2333@aeroporto.com.br,13,3337,2012-09-13,21361.25,True,FUNC-002334
Juan,Nunes,juan.nunes.func2334@aeroporto.com.br,815,745,2013-01-09,9036.29,True,FUNC-002335
Aurora,Nogueira,aurora.nogueira.func2335@aeroporto.com.br,706,916,2022-04-17,32163.66,True,FUNC-002336
Maria Julia,Aparecida,maria julia.aparecida.func2336@aeroporto.com.br,409,4922,2021-09-27,32638.55,True,FUNC-002337
Carolina,Cavalcanti,carolina.cavalcanti.func2337@aeroporto.com.br,118,275,2018-10-02,9862.49,True,FUNC-002338
Otto,Garcia,otto.garcia.func2338@aeroporto.com.br,15,155,2024-08-28,7986.33,True,FUNC-002339
Léo,Macedo,léo.macedo.func2339@aeroporto.com.br,611,4652,2016-01-23,9030.59,True,FUNC-002340
Luiz Gustavo,Carvalho,luiz gustavo.carvalho.func2340@aeroporto.com.br,33,908,2016-11-26,24233.72,True,FUNC-002341
Ana Vitória,Cunha,ana vitória.cunha.func2341@aeroporto.com.br,713,1709,2021-03-23,5128.54,True,FUNC-002342
Lara,da Costa,lara.da costa.func2342@aeroporto.com.br,486,3375,2017-03-24,4844.17,True,FUNC-002343
Benjamim,Cassiano,benjamim.cassiano.func2343@aeroporto.com.br,831,4674,2021-04-18,30941.85,True,FUNC-002344
Sofia,Cunha,sofia.cunha.func2344@aeroporto.com.br,757,3100,2022-12-31,3148.05,True,FUNC-002345
Camila,Farias,camila.farias.func2345@aeroporto.com.br,836,2486,2019-08-01,7792.02,False,FUNC-002346
André,Pires,andré.pires.func2346@aeroporto.com.br,743,3181,2020-05-23,6721.18,True,FUNC-002347
Maitê,da Luz,maitê.da luz.func2347@aeroporto.com.br,261,2643,2019-02-13,5515.64,True,FUNC-002348
Juliana,Duarte,juliana.duarte.func2348@aeroporto.com.br,388,1050,2013-10-08,13756.91,True,FUNC-002349
Sabrina,Guerra,sabrina.guerra.func2349@aeroporto.com.br,926,4741,2020-11-08,3458.67,True,FUNC-002350
Otto,Rodrigues,otto.rodrigues.func2350@aeroporto.com.br,571,365,2020-09-13,4814.35,True,FUNC-002351
Valentim,Costa,valentim.costa.func2351@aeroporto.com.br,269,4482,2014-02-10,3234.49,True,FUNC-002352
Yan,Mendes,yan.mendes.func2352@aeroporto.com.br,55,4150,2025-02-28,3313.22,True,FUNC-002353
Lavínia,Borges,lavínia.borges.func2353@aeroporto.com.br,923,559,2012-07-25,6947.77,True,FUNC-002354
Ana Lívia,Câmara,ana lívia.câmara.func2354@aeroporto.com.br,13,1851,2015-11-25,17634.1,True,FUNC-002355
Pedro Miguel,Moraes,pedro miguel.moraes.func2355@aeroporto.com.br,57,3033,2015-02-26,20299.28,True,FUNC-002356
Renan,Freitas,renan.freitas.func2356@aeroporto.com.br,59,877,2011-11-13,13304.34,True,FUNC-002357
Joana,Moura,joana.moura.func2357@aeroporto.com.br,352,709,2021-02-01,10654.97,False,FUNC-002358
Maria Luiza,Rocha,maria luiza.rocha.func2358@aeroporto.com.br,203,2091,2022-07-30,18434.16,True,FUNC-002359
Alana,da Rocha,alana.da rocha.func2359@aeroporto.com.br,847,2376,2022-11-18,17945.79,True,FUNC-002360
Thiago,Lima,thiago.lima.func2360@aeroporto.com.br,414,1811,2025-07-30,18580.55,True,FUNC-002361
Maria Cecília,Campos,maria cecília.campos.func2361@aeroporto.com.br,152,1118,2019-01-19,18534.95,True,FUNC-002362
Yuri,Pereira,yuri.pereira.func2362@aeroporto.com.br,793,688,2011-07-20,23680.76,True,FUNC-002363
Aylla,Dias,aylla.dias.func2363@aeroporto.com.br,401,1970,2014-02-10,33888.8,True,FUNC-002364
Yasmin,Abreu,yasmin.abreu.func2364@aeroporto.com.br,621,1946,2019-01-25,4583.93,True,FUNC-002365
Fernando,Mendonça,fernando.mendonça.func2365@aeroporto.com.br,200,937,2021-12-23,5262.61,True,FUNC-002366
Lavínia,Santos,lavínia.santos.func2366@aeroporto.com.br,663,2000,2017-07-31,31718.54,True,FUNC-002367
Nicolas,Cirino,nicolas.cirino.func2367@aeroporto.com.br,700,1751,2012-07-07,19853.96,True,FUNC-002368
Luna,Porto,luna.porto.func2368@aeroporto.com.br,642,2410,2011-06-23,30323.13,True,FUNC-002369
Ian,Caldeira,ian.caldeira.func2369@aeroporto.com.br,644,4162,2019-10-29,34685.31,True,FUNC-002370
Maria Júlia,Ramos,maria júlia.ramos.func2370@aeroporto.com.br,919,2633,2020-09-17,28015.34,True,FUNC-002371
Joana,Souza,joana.souza.func2371@aeroporto.com.br,671,458,2025-11-15,27061.01,True,FUNC-002372
Alícia,Pereira,alícia.pereira.func2372@aeroporto.com.br,818,3903,2025-08-08,18630.44,True,FUNC-002373
Isabel,das Neves,isabel.das neves.func2373@aeroporto.com.br,563,75,2023-11-06,31085.48,True,FUNC-002374
Gabrielly,Sousa,gabrielly.sousa.func2374@aeroporto.com.br,689,1650,2016-12-15,33462.4,True,FUNC-002375
Rebeca,Ribeiro,rebeca.ribeiro.func2375@aeroporto.com.br,84,1831,2020-02-24,18888.94,True,FUNC-002376
Ana Julia,Pereira,ana julia.pereira.func2376@aeroporto.com.br,311,225,2013-10-30,29808.68,True,FUNC-002377
Dom,Rocha,dom.rocha.func2377@aeroporto.com.br,919,3480,2016-09-22,12454.41,True,FUNC-002378
Maya,Freitas,maya.freitas.func2378@aeroporto.com.br,67,737,2020-08-01,17091.69,True,FUNC-002379
Aurora,Macedo,aurora.macedo.func2379@aeroporto.com.br,617,95,2012-06-01,32669.04,True,FUNC-002380
Theodoro,Alves,theodoro.alves.func2380@aeroporto.com.br,827,3764,2021-03-19,33612.05,True,FUNC-002381
Liam,Gonçalves,liam.gonçalves.func2381@aeroporto.com.br,946,4008,2016-02-08,17494.84,True,FUNC-002382
Otto,Gonçalves,otto.gonçalves.func2382@aeroporto.com.br,506,3805,2021-11-30,12225.36,True,FUNC-002383
Brayan,Cardoso,brayan.cardoso.func2383@aeroporto.com.br,666,56,2023-08-09,15002.82,True,FUNC-002384
Esther,Vieira,esther.vieira.func2384@aeroporto.com.br,47,659,2020-03-13,2619.07,True,FUNC-002385
Ana Sophia,Vasconcelos,ana sophia.vasconcelos.func2385@aeroporto.com.br,946,4837,2017-01-04,34167.24,True,FUNC-002386
Luiz Miguel,Ferreira,luiz miguel.ferreira.func2386@aeroporto.com.br,380,42,2012-06-25,21162.88,True,FUNC-002387
Juliana,Campos,juliana.campos.func2387@aeroporto.com.br,334,1650,2013-11-13,7414.1,True,FUNC-002388
Aurora,da Paz,aurora.da paz.func2388@aeroporto.com.br,395,345,2011-11-24,9280.43,True,FUNC-002389
Felipe,Machado,felipe.machado.func2389@aeroporto.com.br,463,4351,2021-10-01,27341.74,True,FUNC-002390
Ester,Fonseca,ester.fonseca.func2390@aeroporto.com.br,868,97,2021-01-25,11013.29,True,FUNC-002391
Raquel,Porto,raquel.porto.func2391@aeroporto.com.br,732,2105,2024-01-04,32541.07,True,FUNC-002392
Rhavi,da Cunha,rhavi.da cunha.func2392@aeroporto.com.br,73,1435,2014-09-14,23035.76,True,FUNC-002393
Maria Luiza,Aparecida,maria luiza.aparecida.func2393@aeroporto.com.br,174,4328,2014-04-28,2728.89,True,FUNC-002394
Alícia,Azevedo,alícia.azevedo.func2394@aeroporto.com.br,950,1400,2012-03-06,4190.33,True,FUNC-002395
Clara,Cavalcante,clara.cavalcante.func2395@aeroporto.com.br,56,525,2020-01-14,13788.59,True,FUNC-002396
Renan,Fonseca,renan.fonseca.func2396@aeroporto.com.br,388,4513,2021-11-06,3686.64,True,FUNC-002397
Júlia,Silveira,júlia.silveira.func2397@aeroporto.com.br,465,4453,2015-07-18,11012.85,True,FUNC-002398
Nathan,Araújo,nathan.araújo.func2398@aeroporto.com.br,324,1702,2012-03-26,28953.49,True,FUNC-002399
Raul,Macedo,raul.macedo.func2399@aeroporto.com.br,90,688,2015-11-21,15594.74,True,FUNC-002400
Isaac,Monteiro,isaac.monteiro.func2400@aeroporto.com.br,291,3610,2014-05-27,32421.36,True,FUNC-002401
Maria Luiza,Barbosa,maria luiza.barbosa.func2401@aeroporto.com.br,318,59,2015-09-07,14014.29,True,FUNC-002402
Maria Luísa,Marques,maria luísa.marques.func2402@aeroporto.com.br,293,2776,2020-10-11,19503.6,True,FUNC-002403
Benjamin,Pinto,benjamin.pinto.func2403@aeroporto.com.br,763,784,2018-01-28,21896.02,True,FUNC-002404
Apollo,Cirino,apollo.cirino.func2404@aeroporto.com.br,341,1629,2023-04-17,17828.33,True,FUNC-002405
Carlos Eduardo,Barbosa,carlos eduardo.barbosa.func2405@aeroporto.com.br,618,2096,2017-06-24,6937.91,True,FUNC-002406
Henrique,Vasconcelos,henrique.vasconcelos.func2406@aeroporto.com.br,70,326,2014-07-31,33920.53,True,FUNC-002407
Pietra,Melo,pietra.melo.func2407@aeroporto.com.br,371,4399,2012-04-22,28194.77,True,FUNC-002408
Ana Beatriz,Machado,ana beatriz.machado.func2408@aeroporto.com.br,6,3004,2021-03-30,24563.33,True,FUNC-002409
Mateus,Cardoso,mateus.cardoso.func2409@aeroporto.com.br,91,4739,2011-10-11,32501.02,True,FUNC-002410
Arthur Gabriel,Cardoso,arthur gabriel.cardoso.func2410@aeroporto.com.br,127,3926,2023-11-27,13943.85,True,FUNC-002411
Alana,Cassiano,alana.cassiano.func2411@aeroporto.com.br,755,1265,2018-09-05,30307.9,True,FUNC-002412
Noah,Gonçalves,noah.gonçalves.func2412@aeroporto.com.br,68,616,2015-08-05,31857.82,True,FUNC-002413
Luiz Miguel,Gonçalves,luiz miguel.gonçalves.func2413@aeroporto.com.br,821,4825,2012-08-20,8787.82,True,FUNC-002414
Pietra,da Mota,pietra.da mota.func2414@aeroporto.com.br,718,1725,2019-04-01,15251.34,True,FUNC-002415
Luiza,Souza,luiza.souza.func2415@aeroporto.com.br,369,4784,2024-09-16,12609.1,True,FUNC-002416
Antônio,Garcia,antônio.garcia.func2416@aeroporto.com.br,140,1980,2021-07-20,14963.58,True,FUNC-002417
Rhavi,Monteiro,rhavi.monteiro.func2417@aeroporto.com.br,460,4216,2013-02-28,22587.25,True,FUNC-002418
Lucca,Caldeira,lucca.caldeira.func2418@aeroporto.com.br,772,728,2020-09-24,10655.47,True,FUNC-002419
Pedro Lucas,Dias,pedro lucas.dias.func2419@aeroporto.com.br,281,2326,2024-10-14,16601.56,True,FUNC-002420
Nicolas,Nogueira,nicolas.nogueira.func2420@aeroporto.com.br,296,2518,2016-02-28,13290.8,True,FUNC-002421
Ian,Cavalcanti,ian.cavalcanti.func2421@aeroporto.com.br,656,3743,2018-11-24,3322.55,True,FUNC-002422
Pedro Lucas,Campos,pedro lucas.campos.func2422@aeroporto.com.br,172,1110,2011-11-14,6109.31,True,FUNC-002423
Kamilly,Souza,kamilly.souza.func2423@aeroporto.com.br,589,1820,2014-09-19,27060.25,False,FUNC-002424
Gabriel,Vargas,gabriel.vargas.func2424@aeroporto.com.br,389,2729,2017-01-13,14975.42,False,FUNC-002425
Josué,Moreira,josué.moreira.func2425@aeroporto.com.br,167,4072,2024-08-24,10382.46,True,FUNC-002426
Anthony Gabriel,Santos,anthony gabriel.santos.func2426@aeroporto.com.br,832,3268,2024-07-09,30600.17,True,FUNC-002427
Agatha,Pastor,agatha.pastor.func2427@aeroporto.com.br,624,4278,2022-12-05,23548.84,True,FUNC-002428
Lorena,Cunha,lorena.cunha.func2428@aeroporto.com.br,92,3957,2019-06-19,22171.12,True,FUNC-002429
Maria Luísa,Aparecida,maria luísa.aparecida.func2429@aeroporto.com.br,594,4486,2022-10-04,21549.24,True,FUNC-002430
Lucca,Monteiro,lucca.monteiro.func2430@aeroporto.com.br,518,4187,2012-03-22,10363.75,True,FUNC-002431
Benjamin,Pires,benjamin.pires.func2431@aeroporto.com.br,57,3437,2014-05-23,24877.6,True,FUNC-002432
Isaac,Vasconcelos,isaac.vasconcelos.func2432@aeroporto.com.br,651,3563,2025-05-24,27732.32,True,FUNC-002433
Anthony,Alves,anthony.alves.func2433@aeroporto.com.br,43,3378,2022-08-28,33457.32,True,FUNC-002434
Carolina,Novaes,carolina.novaes.func2434@aeroporto.com.br,599,4583,2011-12-07,16996.98,True,FUNC-002435
Sofia,Siqueira,sofia.siqueira.func2435@aeroporto.com.br,399,533,2014-04-27,3935.45,False,FUNC-002436
Heloisa,Souza,heloisa.souza.func2436@aeroporto.com.br,275,2621,2014-03-14,22878.11,True,FUNC-002437
Liz,Jesus,liz.jesus.func2437@aeroporto.com.br,693,104,2024-03-20,14326.09,True,FUNC-002438
Ana Sophia,Leão,ana sophia.leão.func2438@aeroporto.com.br,727,2258,2025-10-06,30006.75,True,FUNC-002439
Brayan,da Paz,brayan.da paz.func2439@aeroporto.com.br,176,1063,2013-11-19,24920.05,True,FUNC-002440
Yasmin,Fogaça,yasmin.fogaça.func2440@aeroporto.com.br,693,1074,2011-08-19,5040.5,True,FUNC-002441
Nathan,Nascimento,nathan.nascimento.func2441@aeroporto.com.br,362,4157,2020-08-23,12298.99,True,FUNC-002442
Emilly,Viana,emilly.viana.func2442@aeroporto.com.br,805,2905,2015-03-30,8935.96,True,FUNC-002443
Luara,Melo,luara.melo.func2443@aeroporto.com.br,280,3961,2024-12-11,31128.66,True,FUNC-002444
Diego,Marques,diego.marques.func2444@aeroporto.com.br,882,4668,2018-01-17,23829.24,True,FUNC-002445
Antonella,Costela,antonella.costela.func2445@aeroporto.com.br,526,2844,2025-06-23,30627.75,True,FUNC-002446
Yago,Melo,yago.melo.func2446@aeroporto.com.br,78,3608,2015-04-19,13700.22,False,FUNC-002447
Pietra,da Cruz,pietra.da cruz.func2447@aeroporto.com.br,814,3533,2017-08-14,14420.85,True,FUNC-002448
Luiz Gustavo,Rezende,luiz gustavo.rezende.func2448@aeroporto.com.br,472,2628,2013-03-21,5469.05,True,FUNC-002449
Ana Carolina,Porto,ana carolina.porto.func2449@aeroporto.com.br,134,85,2012-07-22,7048.7,True,FUNC-002450
Sara,Ramos,sara.ramos.func2450@aeroporto.com.br,937,1443,2011-12-14,23866.47,True,FUNC-002451
Valentim,Sales,valentim.sales.func2451@aeroporto.com.br,59,3931,2024-11-23,25391.89,True,FUNC-002452
Maria Eduarda,Caldeira,maria eduarda.caldeira.func2452@aeroporto.com.br,103,3333,2020-03-02,8077.32,True,FUNC-002453
Valentina,da Conceição,valentina.da conceição.func2453@aeroporto.com.br,469,3946,2011-11-01,4817.92,True,FUNC-002454
Ravi Lucca,Santos,ravi lucca.santos.func2454@aeroporto.com.br,171,4915,2023-02-20,33362.05,True,FUNC-002455
Gustavo,Andrade,gustavo.andrade.func2455@aeroporto.com.br,752,3844,2013-03-20,32244.24,False,FUNC-002456
Emanuel,Vasconcelos,emanuel.vasconcelos.func2456@aeroporto.com.br,190,4266,2024-07-05,31205.83,True,FUNC-002457
Lucas Gabriel,Martins,lucas gabriel.martins.func2457@aeroporto.com.br,653,4116,2015-11-09,6844.73,True,FUNC-002458
Maya,Andrade,maya.andrade.func2458@aeroporto.com.br,234,4172,2022-08-30,13520.45,True,FUNC-002459
Ana Sophia,da Rocha,ana sophia.da rocha.func2459@aeroporto.com.br,410,454,2012-05-21,31172.69,True,FUNC-002460
Sara,Duarte,sara.duarte.func2460@aeroporto.com.br,5,2019,2022-03-06,31120.87,True,FUNC-002461
Isabel,Marques,isabel.marques.func2461@aeroporto.com.br,487,746,2012-02-02,31321.02,True,FUNC-002462
Gabrielly,Sousa,gabrielly.sousa.func2462@aeroporto.com.br,866,3155,2014-07-30,27975.07,True,FUNC-002463
Enzo Gabriel,Freitas,enzo gabriel.freitas.func2463@aeroporto.com.br,286,710,2015-09-26,33472.26,True,FUNC-002464
Theodoro,Gonçalves,theodoro.gonçalves.func2464@aeroporto.com.br,143,1680,2025-09-09,3529.27,True,FUNC-002465
Ana Beatriz,Vargas,ana beatriz.vargas.func2465@aeroporto.com.br,535,998,2019-07-17,33548.05,True,FUNC-002466
Maria Flor,Guerra,maria flor.guerra.func2466@aeroporto.com.br,762,2131,2013-03-21,14122.06,True,FUNC-002467
Zoe,Dias,zoe.dias.func2467@aeroporto.com.br,525,4429,2019-07-27,3845.71,True,FUNC-002468
Ana,da Costa,ana.da costa.func2468@aeroporto.com.br,698,3937,2020-01-02,9976.14,True,FUNC-002469
Luiza,Jesus,luiza.jesus.func2469@aeroporto.com.br,186,3445,2013-08-06,30072.16,True,FUNC-002470
Elisa,Aragão,elisa.aragão.func2470@aeroporto.com.br,414,1581,2014-05-02,21174.41,True,FUNC-002471
Melissa,da Mota,melissa.da mota.func2471@aeroporto.com.br,383,481,2024-05-22,10967.18,True,FUNC-002472
Ayla,Borges,ayla.borges.func2472@aeroporto.com.br,227,3170,2020-09-15,17869.28,True,FUNC-002473
Enzo,Montenegro,enzo.montenegro.func2473@aeroporto.com.br,217,4978,2017-03-23,19973.43,True,FUNC-002474
Rhavi,Moraes,rhavi.moraes.func2474@aeroporto.com.br,993,1082,2012-07-24,16687.27,True,FUNC-002475
Luiz Henrique,da Luz,luiz henrique.da luz.func2475@aeroporto.com.br,384,3471,2015-07-29,4740.57,True,FUNC-002476
Murilo,Borges,murilo.borges.func2476@aeroporto.com.br,631,1227,2025-05-14,9698.33,True,FUNC-002477
Gustavo Henrique,da Mata,gustavo henrique.da mata.func2477@aeroporto.com.br,762,543,2013-03-26,5357.75,True,FUNC-002478
André,Aparecida,andré.aparecida.func2478@aeroporto.com.br,419,1347,2021-08-22,20909.94,True,FUNC-002479
Catarina,Martins,catarina.martins.func2479@aeroporto.com.br,171,4346,2020-06-09,24280.69,True,FUNC-002480
Liam,Silveira,liam.silveira.func2480@aeroporto.com.br,157,2731,2021-04-18,4097.38,True,FUNC-002481
Vitor,Souza,vitor.souza.func2481@aeroporto.com.br,429,1910,2022-12-03,22113.83,True,FUNC-002482
Felipe,Sales,felipe.sales.func2482@aeroporto.com.br,660,775,2025-09-24,22414.44,True,FUNC-002483
Maria Isis,Guerra,maria isis.guerra.func2483@aeroporto.com.br,118,269,2016-10-31,10287.58,True,FUNC-002484
Ravy,Aragão,ravy.aragão.func2484@aeroporto.com.br,587,1331,2022-08-07,20014.32,False,FUNC-002485
Vicente,Moura,vicente.moura.func2485@aeroporto.com.br,621,4176,2014-03-16,11557.67,True,FUNC-002486
Maria,Sales,maria.sales.func2486@aeroporto.com.br,479,653,2013-09-30,3270.05,True,FUNC-002487
Felipe,Fernandes,felipe.fernandes.func2487@aeroporto.com.br,875,2379,2017-05-09,30399.89,True,FUNC-002488
Caleb,Teixeira,caleb.teixeira.func2488@aeroporto.com.br,342,577,2014-08-26,21312.01,True,FUNC-002489
Luana,Sampaio,luana.sampaio.func2489@aeroporto.com.br,490,1890,2019-12-23,32959.97,True,FUNC-002490
Benjamim,Campos,benjamim.campos.func2490@aeroporto.com.br,427,4728,2012-08-11,17411.15,True,FUNC-002491
Julia,Novais,julia.novais.func2491@aeroporto.com.br,269,3410,2013-12-01,30024.21,True,FUNC-002492
Dom,Nogueira,dom.nogueira.func2492@aeroporto.com.br,755,4675,2019-02-22,20416.43,True,FUNC-002493
Thomas,Andrade,thomas.andrade.func2493@aeroporto.com.br,474,295,2026-04-10,30536.11,True,FUNC-002494
Heloisa,Sousa,heloisa.sousa.func2494@aeroporto.com.br,91,4126,2026-04-12,26115.97,True,FUNC-002495
Théo,Nunes,théo.nunes.func2495@aeroporto.com.br,792,2392,2014-01-17,34638.77,True,FUNC-002496
Lucca,Aparecida,lucca.aparecida.func2496@aeroporto.com.br,36,3162,2019-02-05,17221.89,True,FUNC-002497
Theo,Viana,theo.viana.func2497@aeroporto.com.br,212,1946,2017-10-09,28108.56,True,FUNC-002498
Ester,Gonçalves,ester.gonçalves.func2498@aeroporto.com.br,249,187,2013-08-03,5487.21,True,FUNC-002499
Breno,Cardoso,breno.cardoso.func2499@aeroporto.com.br,633,3499,2023-02-03,14217.24,True,FUNC-002500
José,Pacheco,josé.pacheco.func2500@aeroporto.com.br,875,3438,2015-09-15,26759.15,True,FUNC-002501
Alexia,Freitas,alexia.freitas.func2501@aeroporto.com.br,677,3106,2013-01-18,19719.34,True,FUNC-002502
Mathias,Pires,mathias.pires.func2502@aeroporto.com.br,36,814,2012-08-17,31184.55,True,FUNC-002503
Vitória,Pacheco,vitória.pacheco.func2503@aeroporto.com.br,428,552,2016-02-02,24515.49,True,FUNC-002504
Sara,Sá,sara.sá.func2504@aeroporto.com.br,900,4199,2016-09-04,6173.91,True,FUNC-002505
Maria Luísa,Pires,maria luísa.pires.func2505@aeroporto.com.br,124,2044,2023-04-24,30171.54,True,FUNC-002506
Bryan,Santos,bryan.santos.func2506@aeroporto.com.br,180,1450,2019-06-04,13400.91,True,FUNC-002507
Davi Lucca,Santos,davi lucca.santos.func2507@aeroporto.com.br,497,2924,2019-11-04,27033.09,True,FUNC-002508
Rodrigo,Almeida,rodrigo.almeida.func2508@aeroporto.com.br,283,1466,2022-10-03,6861.07,True,FUNC-002509
Luiz Otávio,Barros,luiz otávio.barros.func2509@aeroporto.com.br,873,26,2017-06-25,13480.07,True,FUNC-002510
Isis,Silveira,isis.silveira.func2510@aeroporto.com.br,260,2199,2011-12-06,34038.97,True,FUNC-002511
Gustavo Henrique,Costela,gustavo henrique.costela.func2511@aeroporto.com.br,700,447,2024-01-20,22656.97,True,FUNC-002512
Thomas,Souza,thomas.souza.func2512@aeroporto.com.br,809,4896,2019-06-16,32797.57,True,FUNC-002513
Jade,Fernandes,jade.fernandes.func2513@aeroporto.com.br,566,316,2021-10-15,30746.5,True,FUNC-002514
Nicole,da Mota,nicole.da mota.func2514@aeroporto.com.br,322,2263,2017-05-18,32063.67,True,FUNC-002515
Maria Clara,Guerra,maria clara.guerra.func2515@aeroporto.com.br,470,3961,2014-02-24,32085.79,True,FUNC-002516
Davi Luiz,Sampaio,davi luiz.sampaio.func2516@aeroporto.com.br,636,1,2022-01-26,27953.15,True,FUNC-002517
Caio,Rezende,caio.rezende.func2517@aeroporto.com.br,626,3270,2016-10-10,3533.53,True,FUNC-002518
Liam,Alves,liam.alves.func2518@aeroporto.com.br,323,4768,2018-10-14,28856.01,True,FUNC-002519
Stella,Campos,stella.campos.func2519@aeroporto.com.br,790,1286,2025-12-24,18597.53,True,FUNC-002520
Apollo,Viana,apollo.viana.func2520@aeroporto.com.br,365,4563,2023-07-10,20592.83,True,FUNC-002521
Larissa,Pastor,larissa.pastor.func2521@aeroporto.com.br,792,1992,2025-05-13,9939.3,True,FUNC-002522
Laura,Caldeira,laura.caldeira.func2522@aeroporto.com.br,705,3404,2014-09-25,12836.9,True,FUNC-002523
Ísis,Macedo,ísis.macedo.func2523@aeroporto.com.br,589,2384,2024-07-17,32744.45,True,FUNC-002524
Ryan,Rocha,ryan.rocha.func2524@aeroporto.com.br,286,3979,2023-09-14,13752.46,True,FUNC-002525
Allana,Câmara,allana.câmara.func2525@aeroporto.com.br,811,2116,2016-12-03,5656.23,True,FUNC-002526
Maria Luiza,Barbosa,maria luiza.barbosa.func2526@aeroporto.com.br,191,3098,2023-04-05,29107.94,True,FUNC-002527
Francisco,Vieira,francisco.vieira.func2527@aeroporto.com.br,844,4904,2026-04-11,29653.65,True,FUNC-002528
Asafe,Silva,asafe.silva.func2528@aeroporto.com.br,811,2575,2013-07-18,7499.08,True,FUNC-002529
Raul,das Neves,raul.das neves.func2529@aeroporto.com.br,60,2614,2018-11-15,15664.97,True,FUNC-002530
Maria Cecília,Sales,maria cecília.sales.func2530@aeroporto.com.br,993,815,2012-04-07,31738.62,True,FUNC-002531
Alana,Melo,alana.melo.func2531@aeroporto.com.br,148,3987,2023-09-12,32484.32,True,FUNC-002532
João Gabriel,Rios,joão gabriel.rios.func2532@aeroporto.com.br,531,1419,2021-02-24,31227.41,True,FUNC-002533
Carlos Eduardo,Castro,carlos eduardo.castro.func2533@aeroporto.com.br,866,3278,2014-09-15,30028.53,False,FUNC-002534
Rafaela,Nogueira,rafaela.nogueira.func2534@aeroporto.com.br,958,3385,2025-07-19,30187.16,True,FUNC-002535
Gael,Rezende,gael.rezende.func2535@aeroporto.com.br,353,4476,2015-02-07,27382.64,True,FUNC-002536
Pedro,Machado,pedro.machado.func2536@aeroporto.com.br,997,4324,2013-09-10,13190.01,True,FUNC-002537
Yasmin,Camargo,yasmin.camargo.func2537@aeroporto.com.br,828,3602,2020-11-27,7918.6,False,FUNC-002538
Mariane,Gonçalves,mariane.gonçalves.func2538@aeroporto.com.br,62,127,2015-08-31,2700.46,True,FUNC-002539
Lucas Gabriel,Cassiano,lucas gabriel.cassiano.func2539@aeroporto.com.br,782,2347,2022-07-11,5358.22,True,FUNC-002540
Guilherme,Aragão,guilherme.aragão.func2540@aeroporto.com.br,206,2834,2020-05-06,9474.11,True,FUNC-002541
Erick,Siqueira,erick.siqueira.func2541@aeroporto.com.br,362,3627,2016-02-28,14284.98,True,FUNC-002542
Vinicius,Aparecida,vinicius.aparecida.func2542@aeroporto.com.br,298,1150,2025-07-26,25758.07,True,FUNC-002543
Paulo,Almeida,paulo.almeida.func2543@aeroporto.com.br,248,4452,2018-06-10,31578.01,True,FUNC-002544
Yago,Nogueira,yago.nogueira.func2544@aeroporto.com.br,613,110,2014-05-15,19066.87,True,FUNC-002545
Maria Sophia,Teixeira,maria sophia.teixeira.func2545@aeroporto.com.br,389,103,2013-08-15,21522.28,True,FUNC-002546
Enrico,da Cunha,enrico.da cunha.func2546@aeroporto.com.br,241,3397,2025-06-22,26807.92,True,FUNC-002547
Natália,da Paz,natália.da paz.func2547@aeroporto.com.br,914,4179,2018-01-07,24572.48,True,FUNC-002548
Rodrigo,da Rocha,rodrigo.da rocha.func2548@aeroporto.com.br,328,4040,2018-03-09,30431.24,True,FUNC-002549
Luiz Fernando,Machado,luiz fernando.machado.func2549@aeroporto.com.br,594,2497,2024-10-03,5140.01,True,FUNC-002550
Maria Laura,Borges,maria laura.borges.func2550@aeroporto.com.br,561,3377,2015-10-03,30431.66,True,FUNC-002551
Levi,Ferreira,levi.ferreira.func2551@aeroporto.com.br,814,2903,2016-07-22,6005.56,True,FUNC-002552
Helena,Rodrigues,helena.rodrigues.func2552@aeroporto.com.br,649,3986,2025-10-28,4976.36,True,FUNC-002553
Ryan,da Conceição,ryan.da conceição.func2553@aeroporto.com.br,81,1411,2012-04-16,27720.53,True,FUNC-002554
Maya,Cardoso,maya.cardoso.func2554@aeroporto.com.br,511,561,2019-06-09,14880.99,True,FUNC-002555
Otávio,Azevedo,otávio.azevedo.func2555@aeroporto.com.br,846,2812,2013-09-15,14217.19,True,FUNC-002556
Caroline,Lopes,caroline.lopes.func2556@aeroporto.com.br,545,796,2021-02-03,31729.59,True,FUNC-002557
Heloisa,Gomes,heloisa.gomes.func2557@aeroporto.com.br,296,2318,2013-01-13,10448.67,True,FUNC-002558
Allana,Gonçalves,allana.gonçalves.func2558@aeroporto.com.br,892,180,2021-09-23,25262.6,True,FUNC-002559
Eduarda,Gonçalves,eduarda.gonçalves.func2559@aeroporto.com.br,542,3988,2013-04-20,17176.34,True,FUNC-002560
Théo,Cavalcante,théo.cavalcante.func2560@aeroporto.com.br,412,1030,2022-12-25,21426.51,True,FUNC-002561
Heloísa,Leão,heloísa.leão.func2561@aeroporto.com.br,224,2410,2022-05-22,17102.64,True,FUNC-002562
Davi,Dias,davi.dias.func2562@aeroporto.com.br,342,239,2015-04-28,19733.73,True,FUNC-002563
Marcos Vinicius,Souza,marcos vinicius.souza.func2563@aeroporto.com.br,260,2827,2021-01-31,4823.29,False,FUNC-002564
Luigi,Silveira,luigi.silveira.func2564@aeroporto.com.br,37,4906,2011-07-25,18432.58,True,FUNC-002565
Oliver,Câmara,oliver.câmara.func2565@aeroporto.com.br,333,1448,2023-09-03,2971.27,False,FUNC-002566
Anthony,Almeida,anthony.almeida.func2566@aeroporto.com.br,199,1620,2021-08-07,10406.83,True,FUNC-002567
Sophia,Peixoto,sophia.peixoto.func2567@aeroporto.com.br,554,3843,2024-10-15,30336.91,True,FUNC-002568
Stella,Pimenta,stella.pimenta.func2568@aeroporto.com.br,955,344,2014-12-01,33777.21,True,FUNC-002569
Jade,Vieira,jade.vieira.func2569@aeroporto.com.br,772,442,2013-05-08,5222.11,True,FUNC-002570
Bianca,Mendonça,bianca.mendonça.func2570@aeroporto.com.br,982,951,2016-09-14,22561.22,True,FUNC-002571
Amanda,Câmara,amanda.câmara.func2571@aeroporto.com.br,837,505,2024-01-10,11612.19,True,FUNC-002572
Vinicius,Cardoso,vinicius.cardoso.func2572@aeroporto.com.br,18,2833,2020-10-21,24871.36,True,FUNC-002573
Sarah,Brito,sarah.brito.func2573@aeroporto.com.br,557,3789,2026-03-04,22984.67,True,FUNC-002574
Josué,Moraes,josué.moraes.func2574@aeroporto.com.br,879,747,2016-08-31,20198.85,True,FUNC-002575
Isabelly,Sales,isabelly.sales.func2575@aeroporto.com.br,636,2905,2023-01-15,12065.28,True,FUNC-002576
Luiz Miguel,Pacheco,luiz miguel.pacheco.func2576@aeroporto.com.br,540,2173,2020-01-02,18331.61,True,FUNC-002577
Luiz Fernando,Albuquerque,luiz fernando.albuquerque.func2577@aeroporto.com.br,939,2029,2013-04-24,18642.08,True,FUNC-002578
Carlos Eduardo,Mendonça,carlos eduardo.mendonça.func2578@aeroporto.com.br,30,4240,2013-07-24,30691.22,True,FUNC-002579
Luiz Henrique,Ribeiro,luiz henrique.ribeiro.func2579@aeroporto.com.br,687,572,2020-07-16,4367.32,True,FUNC-002580
Maria Flor,Camargo,maria flor.camargo.func2580@aeroporto.com.br,678,4318,2024-03-02,9133.72,True,FUNC-002581
Emanuel,Jesus,emanuel.jesus.func2581@aeroporto.com.br,756,3834,2016-04-14,28440.64,True,FUNC-002582
Sofia,Moreira,sofia.moreira.func2582@aeroporto.com.br,671,3779,2022-07-25,32458.35,True,FUNC-002583
Mariah,Novaes,mariah.novaes.func2583@aeroporto.com.br,764,1880,2022-12-22,9745.75,True,FUNC-002584
Sophia,da Conceição,sophia.da conceição.func2584@aeroporto.com.br,177,4259,2015-04-07,31396.14,True,FUNC-002585
Mariah,da Conceição,mariah.da conceição.func2585@aeroporto.com.br,100,4381,2024-07-13,28817.54,True,FUNC-002586
Luiz Otávio,Alves,luiz otávio.alves.func2586@aeroporto.com.br,639,3794,2025-03-02,33913.41,True,FUNC-002587
Luiz Miguel,Fogaça,luiz miguel.fogaça.func2587@aeroporto.com.br,855,2303,2014-12-29,25778.89,True,FUNC-002588
Bianca,da Conceição,bianca.da conceição.func2588@aeroporto.com.br,858,923,2021-11-17,23882.39,True,FUNC-002589
Kamilly,Dias,kamilly.dias.func2589@aeroporto.com.br,840,184,2024-03-07,20703.06,True,FUNC-002590
Alexia,Abreu,alexia.abreu.func2590@aeroporto.com.br,474,76,2014-05-17,21248.69,True,FUNC-002591
Maria Helena,Nascimento,maria helena.nascimento.func2591@aeroporto.com.br,791,1220,2018-06-04,29233.47,True,FUNC-002592
Bella,Rodrigues,bella.rodrigues.func2592@aeroporto.com.br,431,937,2024-06-10,24179.87,True,FUNC-002593
Lara,Aparecida,lara.aparecida.func2593@aeroporto.com.br,507,3362,2019-10-28,29335.03,True,FUNC-002594
Yuri,Barbosa,yuri.barbosa.func2594@aeroporto.com.br,548,1757,2018-07-14,26045.42,True,FUNC-002595
Stella,Moreira,stella.moreira.func2595@aeroporto.com.br,200,174,2012-11-11,27514.12,True,FUNC-002596
Dom,da Conceição,dom.da conceição.func2596@aeroporto.com.br,303,1968,2025-02-20,9660.75,True,FUNC-002597
Allana,Jesus,allana.jesus.func2597@aeroporto.com.br,323,1102,2021-01-01,12394.52,True,FUNC-002598
Rafaela,da Mota,rafaela.da mota.func2598@aeroporto.com.br,939,1375,2012-12-06,34909.99,True,FUNC-002599
Bárbara,Freitas,bárbara.freitas.func2599@aeroporto.com.br,482,4594,2014-10-04,15144.53,True,FUNC-002600
Sarah,Oliveira,sarah.oliveira.func2600@aeroporto.com.br,156,526,2015-04-25,4604.21,True,FUNC-002601
Gael Henrique,Rocha,gael henrique.rocha.func2601@aeroporto.com.br,964,2744,2025-02-12,4780.29,True,FUNC-002602
Mariana,Fernandes,mariana.fernandes.func2602@aeroporto.com.br,241,1937,2022-04-05,23552.73,True,FUNC-002603
Daniel,Pires,daniel.pires.func2603@aeroporto.com.br,224,4658,2011-08-22,20297.22,True,FUNC-002604
Bruna,Jesus,bruna.jesus.func2604@aeroporto.com.br,785,1634,2022-03-03,24725.08,True,FUNC-002605
Emanuel,da Luz,emanuel.da luz.func2605@aeroporto.com.br,834,2179,2020-12-05,33297.4,True,FUNC-002606
Sophia,Almeida,sophia.almeida.func2606@aeroporto.com.br,494,2445,2022-09-14,32778.58,True,FUNC-002607
Dom,Pastor,dom.pastor.func2607@aeroporto.com.br,790,2427,2015-01-10,27898.73,True,FUNC-002608
Yan,Costa,yan.costa.func2608@aeroporto.com.br,297,2809,2016-05-04,34549.48,True,FUNC-002609
Rhavi,Moura,rhavi.moura.func2609@aeroporto.com.br,650,3369,2024-01-23,5613.75,True,FUNC-002610
Maria Liz,Barros,maria liz.barros.func2610@aeroporto.com.br,973,4,2015-05-23,10444.74,True,FUNC-002611
Thiago,da Rosa,thiago.da rosa.func2611@aeroporto.com.br,742,1935,2015-07-14,4423.82,True,FUNC-002612
Igor,Fernandes,igor.fernandes.func2612@aeroporto.com.br,933,1237,2022-09-04,5849.13,True,FUNC-002613
Otávio,Ramos,otávio.ramos.func2613@aeroporto.com.br,630,4337,2025-08-15,22212.79,True,FUNC-002614
Julia,Monteiro,julia.monteiro.func2614@aeroporto.com.br,8,3122,2017-06-01,17978.46,True,FUNC-002615
Ravi Lucca,Fogaça,ravi lucca.fogaça.func2615@aeroporto.com.br,829,2613,2021-12-19,25315.57,True,FUNC-002616
Vinicius,Lopes,vinicius.lopes.func2616@aeroporto.com.br,466,3508,2016-08-11,20081.92,True,FUNC-002617
Antonella,Mendes,antonella.mendes.func2617@aeroporto.com.br,787,2194,2017-06-23,12112.04,True,FUNC-002618
Luiz Otávio,Santos,luiz otávio.santos.func2618@aeroporto.com.br,399,3860,2018-09-19,10691.77,True,FUNC-002619
Liam,Vasconcelos,liam.vasconcelos.func2619@aeroporto.com.br,47,1279,2013-06-18,32822.03,True,FUNC-002620
Mathias,Cunha,mathias.cunha.func2620@aeroporto.com.br,827,4900,2024-05-29,30314.37,True,FUNC-002621
Maria Luísa,Sá,maria luísa.sá.func2621@aeroporto.com.br,345,3204,2022-01-16,5512.86,True,FUNC-002622
Isis,Abreu,isis.abreu.func2622@aeroporto.com.br,776,4216,2013-11-12,15114.19,True,FUNC-002623
Antônio,das Neves,antônio.das neves.func2623@aeroporto.com.br,262,4694,2013-05-22,26929.43,True,FUNC-002624
Ayla,Fernandes,ayla.fernandes.func2624@aeroporto.com.br,429,4027,2022-05-06,18227.74,True,FUNC-002625
Sabrina,da Cruz,sabrina.da cruz.func2625@aeroporto.com.br,201,4689,2024-04-22,8904.62,True,FUNC-002626
Cauã,Camargo,cauã.camargo.func2626@aeroporto.com.br,219,2496,2022-10-28,30964.8,True,FUNC-002627
Gael,Sampaio,gael.sampaio.func2627@aeroporto.com.br,505,935,2024-10-09,22978.55,True,FUNC-002628
Júlia,da Rocha,júlia.da rocha.func2628@aeroporto.com.br,853,1262,2025-02-01,11558.11,True,FUNC-002629
Luiza,Câmara,luiza.câmara.func2629@aeroporto.com.br,480,2082,2013-07-18,3724.95,True,FUNC-002630
Léo,Azevedo,léo.azevedo.func2630@aeroporto.com.br,17,3009,2024-01-17,15778.2,True,FUNC-002631
Kaique,Nascimento,kaique.nascimento.func2631@aeroporto.com.br,537,2353,2015-08-26,14795.03,True,FUNC-002632
Pietro,Silveira,pietro.silveira.func2632@aeroporto.com.br,452,86,2012-10-16,28007.08,True,FUNC-002633
Alexandre,Santos,alexandre.santos.func2633@aeroporto.com.br,55,3786,2021-11-03,20298.03,True,FUNC-002634
Carlos Eduardo,Ramos,carlos eduardo.ramos.func2634@aeroporto.com.br,811,359,2018-02-21,19718.3,True,FUNC-002635
Juan,Pastor,juan.pastor.func2635@aeroporto.com.br,164,1270,2016-10-06,9849.38,True,FUNC-002636
Igor,Carvalho,igor.carvalho.func2636@aeroporto.com.br,437,1498,2022-04-11,23084.99,True,FUNC-002637
Vitor Hugo,Rodrigues,vitor hugo.rodrigues.func2637@aeroporto.com.br,985,459,2022-06-18,24704.48,True,FUNC-002638
Apollo,Pastor,apollo.pastor.func2638@aeroporto.com.br,268,3271,2014-06-12,7904.4,True,FUNC-002639
Davi Luiz,Moreira,davi luiz.moreira.func2639@aeroporto.com.br,916,4232,2021-09-19,14421.62,False,FUNC-002640
Bryan,Araújo,bryan.araújo.func2640@aeroporto.com.br,360,334,2022-10-05,22120.75,True,FUNC-002641
Benjamin,Pacheco,benjamin.pacheco.func2641@aeroporto.com.br,32,3161,2012-07-22,28997.21,True,FUNC-002642
Samuel,Vargas,samuel.vargas.func2642@aeroporto.com.br,934,263,2013-08-15,11445.81,True,FUNC-002643
Esther,Correia,esther.correia.func2643@aeroporto.com.br,200,2834,2012-09-03,18229.3,True,FUNC-002644
Gustavo,Cassiano,gustavo.cassiano.func2644@aeroporto.com.br,316,3771,2025-12-24,21118.79,True,FUNC-002645
Carlos Eduardo,Sales,carlos eduardo.sales.func2645@aeroporto.com.br,296,3274,2015-10-09,32633.73,True,FUNC-002646
Maria Fernanda,Sales,maria fernanda.sales.func2646@aeroporto.com.br,13,39,2014-04-20,28244.93,True,FUNC-002647
Maria Fernanda,Silveira,maria fernanda.silveira.func2647@aeroporto.com.br,565,2660,2011-08-22,33967.28,True,FUNC-002648
Apollo,da Costa,apollo.da costa.func2648@aeroporto.com.br,102,1791,2023-03-14,30888.38,True,FUNC-002649
Gustavo,Viana,gustavo.viana.func2649@aeroporto.com.br,413,1128,2024-04-23,15798.56,False,FUNC-002650
Natália,Fogaça,natália.fogaça.func2650@aeroporto.com.br,205,1540,2012-08-31,9493.67,True,FUNC-002651
Matheus,Cavalcante,matheus.cavalcante.func2651@aeroporto.com.br,413,1001,2017-08-09,28764.28,True,FUNC-002652
Benjamim,Fonseca,benjamim.fonseca.func2652@aeroporto.com.br,498,3650,2015-07-14,19012.16,True,FUNC-002653
Bento,Câmara,bento.câmara.func2653@aeroporto.com.br,430,697,2015-10-22,23035.68,True,FUNC-002654
Isis,Fernandes,isis.fernandes.func2654@aeroporto.com.br,798,4061,2020-02-20,7053.5,True,FUNC-002655
Aurora,Fonseca,aurora.fonseca.func2655@aeroporto.com.br,654,2137,2017-07-31,34766.09,True,FUNC-002656
Benicio,Teixeira,benicio.teixeira.func2656@aeroporto.com.br,599,2774,2025-09-02,33365.89,True,FUNC-002657
Luiz Henrique,da Paz,luiz henrique.da paz.func2657@aeroporto.com.br,188,1977,2015-05-21,19497.39,True,FUNC-002658
Luara,Andrade,luara.andrade.func2658@aeroporto.com.br,439,2779,2016-08-28,15663.21,True,FUNC-002659
Gustavo,Caldeira,gustavo.caldeira.func2659@aeroporto.com.br,333,2330,2025-05-17,10142.18,True,FUNC-002660
Bernardo,da Cruz,bernardo.da cruz.func2660@aeroporto.com.br,324,1613,2018-12-11,14931.15,True,FUNC-002661
Thiago,Aparecida,thiago.aparecida.func2661@aeroporto.com.br,764,2103,2020-12-25,14387.34,True,FUNC-002662
Liz,Vasconcelos,liz.vasconcelos.func2662@aeroporto.com.br,899,4796,2024-10-27,25579.75,True,FUNC-002663
Carlos Eduardo,Vargas,carlos eduardo.vargas.func2663@aeroporto.com.br,134,2399,2026-01-26,18816.58,False,FUNC-002664
Calebe,da Rocha,calebe.da rocha.func2664@aeroporto.com.br,901,3950,2022-03-27,13476.18,True,FUNC-002665
Aylla,Campos,aylla.campos.func2665@aeroporto.com.br,322,2833,2013-10-09,9424.42,True,FUNC-002666
Hellena,Santos,hellena.santos.func2666@aeroporto.com.br,150,728,2018-08-08,8765.01,True,FUNC-002667
Vitor Gabriel,Peixoto,vitor gabriel.peixoto.func2667@aeroporto.com.br,614,653,2019-08-05,10953.89,True,FUNC-002668
Yago,da Rosa,yago.da rosa.func2668@aeroporto.com.br,218,3683,2022-12-06,8113.7,True,FUNC-002669
Pedro Miguel,Mendes,pedro miguel.mendes.func2669@aeroporto.com.br,717,2227,2023-10-03,15252.0,True,FUNC-002670
Hadassa,Camargo,hadassa.camargo.func2670@aeroporto.com.br,441,2791,2012-01-07,19004.47,True,FUNC-002671
Kaique,Fonseca,kaique.fonseca.func2671@aeroporto.com.br,645,1992,2024-08-23,11610.83,True,FUNC-002672
Agatha,da Paz,agatha.da paz.func2672@aeroporto.com.br,251,1206,2017-10-02,19581.78,True,FUNC-002673
Levi,Nascimento,levi.nascimento.func2673@aeroporto.com.br,539,1535,2025-03-01,20224.24,True,FUNC-002674
Luísa,Pastor,luísa.pastor.func2674@aeroporto.com.br,517,1875,2022-11-29,9891.99,True,FUNC-002675
Henrique,da Mata,henrique.da mata.func2675@aeroporto.com.br,323,1253,2020-04-23,31311.85,False,FUNC-002676
Pietra,Barbosa,pietra.barbosa.func2676@aeroporto.com.br,259,3969,2022-09-04,31578.7,True,FUNC-002677
Oliver,da Rosa,oliver.da rosa.func2677@aeroporto.com.br,954,202,2024-10-05,5383.47,True,FUNC-002678
Gabriel,Freitas,gabriel.freitas.func2678@aeroporto.com.br,407,1788,2019-09-14,17193.97,True,FUNC-002679
Guilherme,Pimenta,guilherme.pimenta.func2679@aeroporto.com.br,853,3840,2026-03-31,26214.53,True,FUNC-002680
João Lucas,Pastor,joão lucas.pastor.func2680@aeroporto.com.br,893,745,2012-10-13,30239.35,True,FUNC-002681
Luiz Fernando,Lima,luiz fernando.lima.func2681@aeroporto.com.br,113,1987,2020-11-18,16787.65,True,FUNC-002682
Vitor Gabriel,Mendonça,vitor gabriel.mendonça.func2682@aeroporto.com.br,636,3290,2023-05-01,15482.24,True,FUNC-002683
Henry,Gomes,henry.gomes.func2683@aeroporto.com.br,297,1857,2022-02-25,7091.93,True,FUNC-002684
Mariane,Caldeira,mariane.caldeira.func2684@aeroporto.com.br,966,2285,2012-09-02,12408.59,True,FUNC-002685
Breno,Aparecida,breno.aparecida.func2685@aeroporto.com.br,382,4751,2019-02-05,15400.32,True,FUNC-002686
Daniela,Barbosa,daniela.barbosa.func2686@aeroporto.com.br,457,3496,2021-03-21,6117.73,True,FUNC-002687
Luiz Henrique,Vargas,luiz henrique.vargas.func2687@aeroporto.com.br,447,759,2026-02-16,33719.37,True,FUNC-002688
Gustavo Henrique,Nascimento,gustavo henrique.nascimento.func2688@aeroporto.com.br,814,949,2012-06-01,23924.98,True,FUNC-002689
Vitor Gabriel,da Costa,vitor gabriel.da costa.func2689@aeroporto.com.br,174,841,2021-04-16,30729.7,True,FUNC-002690
Luiza,Pacheco,luiza.pacheco.func2690@aeroporto.com.br,260,3063,2014-02-03,32204.2,True,FUNC-002691
Mariana,Campos,mariana.campos.func2691@aeroporto.com.br,117,120,2019-01-02,14818.43,True,FUNC-002692
Luiza,Pacheco,luiza.pacheco.func2692@aeroporto.com.br,367,467,2014-10-09,27634.39,True,FUNC-002693
Théo,Cunha,théo.cunha.func2693@aeroporto.com.br,143,865,2013-04-30,17530.91,True,FUNC-002694
Maria Liz,Freitas,maria liz.freitas.func2694@aeroporto.com.br,19,3623,2013-11-04,3864.91,True,FUNC-002695
Rael,Andrade,rael.andrade.func2695@aeroporto.com.br,605,815,2014-11-03,14981.16,True,FUNC-002696
Ester,Rios,ester.rios.func2696@aeroporto.com.br,656,2265,2014-01-11,31751.85,True,FUNC-002697
Lara,Sampaio,lara.sampaio.func2697@aeroporto.com.br,257,3452,2011-07-23,5441.66,True,FUNC-002698
Marcelo,Viana,marcelo.viana.func2698@aeroporto.com.br,566,1243,2016-01-28,19754.92,True,FUNC-002699
Milena,Lopes,milena.lopes.func2699@aeroporto.com.br,966,62,2021-09-21,19484.08,True,FUNC-002700
Giovanna,Jesus,giovanna.jesus.func2700@aeroporto.com.br,30,1134,2015-06-23,16500.11,True,FUNC-002701
Cecilia,Monteiro,cecilia.monteiro.func2701@aeroporto.com.br,387,3378,2014-09-30,22452.39,True,FUNC-002702
Ana Lívia,Vasconcelos,ana lívia.vasconcelos.func2702@aeroporto.com.br,354,212,2023-11-20,26769.16,True,FUNC-002703
Larissa,Casa Grande,larissa.casa grande.func2703@aeroporto.com.br,695,4377,2015-05-25,27426.25,False,FUNC-002704
Léo,Viana,léo.viana.func2704@aeroporto.com.br,893,74,2022-11-17,8454.11,True,FUNC-002705
Erick,Gonçalves,erick.gonçalves.func2705@aeroporto.com.br,244,610,2020-05-29,28156.45,True,FUNC-002706
Lucca,da Paz,lucca.da paz.func2706@aeroporto.com.br,134,346,2024-07-17,12151.28,True,FUNC-002707
Gael Henrique,Pacheco,gael henrique.pacheco.func2707@aeroporto.com.br,100,1638,2018-12-02,26965.36,True,FUNC-002708
Bella,da Cruz,bella.da cruz.func2708@aeroporto.com.br,287,1880,2015-01-14,22024.41,True,FUNC-002709
João Guilherme,Novais,joão guilherme.novais.func2709@aeroporto.com.br,245,3332,2024-09-26,12319.18,True,FUNC-002710
Agatha,Andrade,agatha.andrade.func2710@aeroporto.com.br,998,4720,2021-05-19,7123.64,False,FUNC-002711
Pedro Miguel,Pereira,pedro miguel.pereira.func2711@aeroporto.com.br,769,3274,2023-10-10,4127.99,True,FUNC-002712
Théo,Casa Grande,théo.casa grande.func2712@aeroporto.com.br,139,2857,2024-10-28,15006.55,True,FUNC-002713
Ryan,Fonseca,ryan.fonseca.func2713@aeroporto.com.br,24,2240,2025-05-20,32133.83,True,FUNC-002714
Bento,Costela,bento.costela.func2714@aeroporto.com.br,433,4825,2015-04-30,16787.81,True,FUNC-002715
Marcos Vinicius,Lima,marcos vinicius.lima.func2715@aeroporto.com.br,208,1809,2016-12-16,26912.94,True,FUNC-002716
Joana,da Mota,joana.da mota.func2716@aeroporto.com.br,954,2090,2012-12-12,13493.48,False,FUNC-002717
Valentina,Campos,valentina.campos.func2717@aeroporto.com.br,899,1719,2017-12-15,18052.05,True,FUNC-002718
Leandro,Costela,leandro.costela.func2718@aeroporto.com.br,811,4786,2011-07-04,28984.43,True,FUNC-002719
Lucas,Machado,lucas.machado.func2719@aeroporto.com.br,813,4387,2012-02-12,6631.15,True,FUNC-002720
Melina,Moraes,melina.moraes.func2720@aeroporto.com.br,15,805,2022-03-25,22159.8,True,FUNC-002721
Hellena,Nascimento,hellena.nascimento.func2721@aeroporto.com.br,570,3836,2021-07-25,29381.1,True,FUNC-002722
Enrico,Aparecida,enrico.aparecida.func2722@aeroporto.com.br,974,1852,2024-08-24,20576.65,True,FUNC-002723
Antônio,Novais,antônio.novais.func2723@aeroporto.com.br,841,1272,2024-10-30,6967.86,True,FUNC-002724
Maria Fernanda,Castro,maria fernanda.castro.func2724@aeroporto.com.br,822,4532,2021-09-06,7708.34,False,FUNC-002725
Luiz Miguel,da Cunha,luiz miguel.da cunha.func2725@aeroporto.com.br,663,3848,2024-09-25,18172.73,True,FUNC-002726
João Felipe,Pacheco,joão felipe.pacheco.func2726@aeroporto.com.br,54,1006,2021-03-15,9854.79,True,FUNC-002727
Calebe,Garcia,calebe.garcia.func2727@aeroporto.com.br,533,2105,2014-11-03,26716.89,True,FUNC-002728
Larissa,Mendonça,larissa.mendonça.func2728@aeroporto.com.br,684,4211,2019-02-12,28110.35,True,FUNC-002729
Pietro,Peixoto,pietro.peixoto.func2729@aeroporto.com.br,118,488,2026-01-31,15375.7,True,FUNC-002730
Luiz Gustavo,Viana,luiz gustavo.viana.func2730@aeroporto.com.br,175,3750,2022-06-19,14951.84,True,FUNC-002731
Pietro,Rezende,pietro.rezende.func2731@aeroporto.com.br,91,4725,2025-06-10,33491.81,True,FUNC-002732
Luiz Otávio,Porto,luiz otávio.porto.func2732@aeroporto.com.br,92,884,2017-02-06,21017.2,True,FUNC-002733
Isaac,Campos,isaac.campos.func2733@aeroporto.com.br,61,4423,2014-04-08,16897.4,True,FUNC-002734
Kamilly,Vasconcelos,kamilly.vasconcelos.func2734@aeroporto.com.br,229,3609,2019-12-30,31166.49,True,FUNC-002735
Paulo,da Costa,paulo.da costa.func2735@aeroporto.com.br,16,4690,2024-09-27,18049.97,True,FUNC-002736
Francisco,Macedo,francisco.macedo.func2736@aeroporto.com.br,41,3029,2025-01-16,6344.6,True,FUNC-002737
Alexia,da Conceição,alexia.da conceição.func2737@aeroporto.com.br,391,72,2012-03-02,30141.84,True,FUNC-002738
Erick,Mendonça,erick.mendonça.func2738@aeroporto.com.br,427,549,2012-08-28,30348.02,True,FUNC-002739
Davi Miguel,Aparecida,davi miguel.aparecida.func2739@aeroporto.com.br,332,4637,2018-05-06,31566.13,True,FUNC-002740
Aurora,Azevedo,aurora.azevedo.func2740@aeroporto.com.br,513,1467,2024-01-12,5662.88,True,FUNC-002741
Maria Isis,Siqueira,maria isis.siqueira.func2741@aeroporto.com.br,152,3917,2025-08-26,12578.4,True,FUNC-002742
Ana Julia,Fernandes,ana julia.fernandes.func2742@aeroporto.com.br,725,3722,2025-08-24,6443.14,True,FUNC-002743
Bruno,Pimenta,bruno.pimenta.func2743@aeroporto.com.br,897,1887,2024-09-29,31096.98,True,FUNC-002744
Maria Isis,da Rosa,maria isis.da rosa.func2744@aeroporto.com.br,839,318,2026-03-17,30604.46,True,FUNC-002745
Enzo Gabriel,Lima,enzo gabriel.lima.func2745@aeroporto.com.br,908,2196,2016-03-29,13723.58,True,FUNC-002746
Luiz Fernando,Machado,luiz fernando.machado.func2746@aeroporto.com.br,422,3290,2015-04-12,34750.87,True,FUNC-002747
Benicio,Fernandes,benicio.fernandes.func2747@aeroporto.com.br,817,2026,2017-04-10,22331.81,True,FUNC-002748
Otto,Camargo,otto.camargo.func2748@aeroporto.com.br,913,4997,2021-11-08,18150.28,False,FUNC-002749
Allana,Cardoso,allana.cardoso.func2749@aeroporto.com.br,71,1074,2018-05-30,18088.86,True,FUNC-002750
Daniel,Porto,daniel.porto.func2750@aeroporto.com.br,53,3413,2013-11-28,33775.21,True,FUNC-002751
Gustavo Henrique,Novaes,gustavo henrique.novaes.func2751@aeroporto.com.br,354,804,2013-01-08,27168.34,True,FUNC-002752
Luiz Henrique,Pastor,luiz henrique.pastor.func2752@aeroporto.com.br,127,1207,2021-05-25,32402.7,True,FUNC-002753
Emanuella,Rezende,emanuella.rezende.func2753@aeroporto.com.br,16,728,2019-05-02,3622.91,True,FUNC-002754
Olívia,Fogaça,olívia.fogaça.func2754@aeroporto.com.br,108,2440,2020-10-10,33177.01,True,FUNC-002755
Anthony,Andrade,anthony.andrade.func2755@aeroporto.com.br,455,3107,2023-01-15,19032.86,True,FUNC-002756
Dom,Leão,dom.leão.func2756@aeroporto.com.br,371,1947,2019-02-13,20542.68,True,FUNC-002757
Arthur Gabriel,Macedo,arthur gabriel.macedo.func2757@aeroporto.com.br,595,2905,2014-11-26,24702.24,True,FUNC-002758
Camila,Guerra,camila.guerra.func2758@aeroporto.com.br,978,3663,2022-03-14,7582.55,False,FUNC-002759
João Vitor,Câmara,joão vitor.câmara.func2759@aeroporto.com.br,105,4825,2024-04-14,16420.33,False,FUNC-002760
Vitória,Brito,vitória.brito.func2760@aeroporto.com.br,999,3561,2024-09-04,14599.31,True,FUNC-002761
Lucas Gabriel,Melo,lucas gabriel.melo.func2761@aeroporto.com.br,615,4388,2024-04-10,30502.1,True,FUNC-002762
Maya,Nogueira,maya.nogueira.func2762@aeroporto.com.br,98,1268,2015-12-10,24250.64,True,FUNC-002763
Carlos Eduardo,Camargo,carlos eduardo.camargo.func2763@aeroporto.com.br,514,2148,2018-03-13,22454.28,True,FUNC-002764
Milena,Sampaio,milena.sampaio.func2764@aeroporto.com.br,343,2161,2021-11-24,8838.12,True,FUNC-002765
Maria Sophia,Casa Grande,maria sophia.casa grande.func2765@aeroporto.com.br,3,3180,2023-02-03,19225.42,True,FUNC-002766
Maitê,das Neves,maitê.das neves.func2766@aeroporto.com.br,423,2420,2020-07-26,25507.7,True,FUNC-002767
Eduarda,Garcia,eduarda.garcia.func2767@aeroporto.com.br,497,4038,2012-10-13,9245.08,True,FUNC-002768
Pedro Lucas,Gomes,pedro lucas.gomes.func2768@aeroporto.com.br,448,2002,2017-12-15,4003.71,True,FUNC-002769
Lorenzo,Jesus,lorenzo.jesus.func2769@aeroporto.com.br,951,3649,2014-06-01,12379.56,True,FUNC-002770
Luísa,Correia,luísa.correia.func2770@aeroporto.com.br,153,1203,2016-06-08,26682.72,False,FUNC-002771
Alexia,Nogueira,alexia.nogueira.func2771@aeroporto.com.br,767,2277,2019-05-12,13933.98,True,FUNC-002772
Heloísa,Viana,heloísa.viana.func2772@aeroporto.com.br,855,2171,2013-08-27,13460.36,True,FUNC-002773
Erick,Nunes,erick.nunes.func2773@aeroporto.com.br,72,1060,2022-12-04,26572.47,True,FUNC-002774
Rebeca,Cardoso,rebeca.cardoso.func2774@aeroporto.com.br,210,3244,2024-07-27,25105.91,True,FUNC-002775
Dom,Barros,dom.barros.func2775@aeroporto.com.br,857,2060,2022-12-03,23711.73,True,FUNC-002776
Kevin,Brito,kevin.brito.func2776@aeroporto.com.br,698,4969,2019-10-24,34720.46,True,FUNC-002777
Mirella,Fernandes,mirella.fernandes.func2777@aeroporto.com.br,462,4524,2021-06-11,13978.03,False,FUNC-002778
Antônio,Rios,antônio.rios.func2778@aeroporto.com.br,142,81,2023-05-02,21249.72,True,FUNC-002779
Gael Henrique,Carvalho,gael henrique.carvalho.func2779@aeroporto.com.br,999,2489,2025-10-15,10844.74,True,FUNC-002780
Jade,Ribeiro,jade.ribeiro.func2780@aeroporto.com.br,10,666,2011-08-10,5816.33,True,FUNC-002781
Juan,Dias,juan.dias.func2781@aeroporto.com.br,920,3463,2015-02-17,27300.82,True,FUNC-002782
Levi,Vieira,levi.vieira.func2782@aeroporto.com.br,836,3995,2015-12-30,28233.56,True,FUNC-002783
Amanda,Almeida,amanda.almeida.func2783@aeroporto.com.br,25,1378,2017-05-18,2836.5,True,FUNC-002784
Isaque,da Cunha,isaque.da cunha.func2784@aeroporto.com.br,763,2785,2019-11-24,22662.02,True,FUNC-002785
Benjamin,Pastor,benjamin.pastor.func2785@aeroporto.com.br,806,4660,2024-06-10,19315.61,True,FUNC-002786
Kaique,Souza,kaique.souza.func2786@aeroporto.com.br,910,1497,2018-03-07,30469.57,True,FUNC-002787
Evelyn,Araújo,evelyn.araújo.func2787@aeroporto.com.br,127,3264,2017-11-05,12940.47,True,FUNC-002788
Yuri,Vargas,yuri.vargas.func2788@aeroporto.com.br,753,4911,2020-08-17,3719.57,True,FUNC-002789
Kaique,Costa,kaique.costa.func2789@aeroporto.com.br,765,4931,2022-11-20,32180.03,True,FUNC-002790
Marina,Pereira,marina.pereira.func2790@aeroporto.com.br,954,3544,2017-10-23,26240.02,True,FUNC-002791
Gabriel,Sales,gabriel.sales.func2791@aeroporto.com.br,260,1267,2015-03-07,15071.75,True,FUNC-002792
Esther,Mendonça,esther.mendonça.func2792@aeroporto.com.br,489,417,2020-03-20,14682.14,True,FUNC-002793
Luiz Miguel,Jesus,luiz miguel.jesus.func2793@aeroporto.com.br,400,3234,2023-12-18,11634.08,False,FUNC-002794
Enzo Gabriel,Sales,enzo gabriel.sales.func2794@aeroporto.com.br,161,821,2025-08-23,32355.93,True,FUNC-002795
Mathias,Castro,mathias.castro.func2795@aeroporto.com.br,889,4592,2021-04-01,15480.16,True,FUNC-002796
Allana,Barros,allana.barros.func2796@aeroporto.com.br,217,3417,2012-09-06,11701.64,True,FUNC-002797
Fernando,Silva,fernando.silva.func2797@aeroporto.com.br,397,1269,2024-07-07,32313.18,True,FUNC-002798
Juliana,Moura,juliana.moura.func2798@aeroporto.com.br,265,1119,2018-08-11,7727.14,True,FUNC-002799
Hadassa,Porto,hadassa.porto.func2799@aeroporto.com.br,933,199,2024-11-20,33554.43,True,FUNC-002800
Sabrina,Silveira,sabrina.silveira.func2800@aeroporto.com.br,311,2073,2021-09-19,5532.9,True,FUNC-002801
Benjamim,Nunes,benjamim.nunes.func2801@aeroporto.com.br,909,3823,2016-09-01,32618.52,True,FUNC-002802
Cecília,Vieira,cecília.vieira.func2802@aeroporto.com.br,532,2389,2025-05-19,21418.11,True,FUNC-002803
Eduardo,Lopes,eduardo.lopes.func2803@aeroporto.com.br,223,2964,2020-02-04,23376.13,True,FUNC-002804
Cauã,da Rosa,cauã.da rosa.func2804@aeroporto.com.br,418,814,2011-10-20,3556.76,True,FUNC-002805
Catarina,Aparecida,catarina.aparecida.func2805@aeroporto.com.br,386,4903,2023-05-27,5728.48,True,FUNC-002806
Lucas Gabriel,Santos,lucas gabriel.santos.func2806@aeroporto.com.br,822,1052,2014-02-20,19145.6,True,FUNC-002807
Mariana,Machado,mariana.machado.func2807@aeroporto.com.br,742,3644,2014-04-15,13682.42,True,FUNC-002808
Sophie,Gonçalves,sophie.gonçalves.func2808@aeroporto.com.br,857,3522,2018-10-30,30434.8,True,FUNC-002809
Theo,Vasconcelos,theo.vasconcelos.func2809@aeroporto.com.br,41,3379,2016-04-12,8265.89,True,FUNC-002810
Clarice,Porto,clarice.porto.func2810@aeroporto.com.br,331,4759,2015-05-02,7046.02,True,FUNC-002811
Benício,Albuquerque,benício.albuquerque.func2811@aeroporto.com.br,982,4006,2025-05-20,14608.17,True,FUNC-002812
Yan,Monteiro,yan.monteiro.func2812@aeroporto.com.br,11,1105,2012-03-13,21671.0,True,FUNC-002813
Pedro Lucas,Vieira,pedro lucas.vieira.func2813@aeroporto.com.br,2,3222,2013-07-06,22109.74,True,FUNC-002814
Alexia,Sales,alexia.sales.func2814@aeroporto.com.br,419,2389,2013-03-25,21268.1,True,FUNC-002815
Gabrielly,da Rosa,gabrielly.da rosa.func2815@aeroporto.com.br,870,1682,2023-09-27,5170.85,True,FUNC-002816
Yago,da Luz,yago.da luz.func2816@aeroporto.com.br,432,4470,2014-09-27,33502.32,True,FUNC-002817
Rafael,Duarte,rafael.duarte.func2817@aeroporto.com.br,33,4365,2020-10-06,7220.66,True,FUNC-002818
Ana Cecília,Cirino,ana cecília.cirino.func2818@aeroporto.com.br,198,971,2016-07-15,13005.69,True,FUNC-002819
Lorena,Macedo,lorena.macedo.func2819@aeroporto.com.br,789,4665,2024-01-05,11426.39,True,FUNC-002820
Danilo,Viana,danilo.viana.func2820@aeroporto.com.br,885,1132,2020-10-11,28818.56,True,FUNC-002821
Yan,Santos,yan.santos.func2821@aeroporto.com.br,955,981,2016-10-01,3784.84,True,FUNC-002822
Apollo,da Mota,apollo.da mota.func2822@aeroporto.com.br,906,3354,2015-06-12,10574.41,True,FUNC-002823
Mariah,Costa,mariah.costa.func2823@aeroporto.com.br,610,1405,2019-08-21,4071.89,True,FUNC-002824
Davi Miguel,Ribeiro,davi miguel.ribeiro.func2824@aeroporto.com.br,666,3895,2013-07-27,18080.54,True,FUNC-002825
Beatriz,Gonçalves,beatriz.gonçalves.func2825@aeroporto.com.br,63,1201,2025-12-29,9354.77,True,FUNC-002826
Zoe,Barros,zoe.barros.func2826@aeroporto.com.br,252,735,2013-02-04,13691.91,True,FUNC-002827
Antônio,Santos,antônio.santos.func2827@aeroporto.com.br,635,2251,2015-09-14,13770.5,True,FUNC-002828
Maria Isis,Porto,maria isis.porto.func2828@aeroporto.com.br,958,1870,2016-05-06,11345.52,True,FUNC-002829
Stephany,Fernandes,stephany.fernandes.func2829@aeroporto.com.br,896,432,2026-02-16,25539.92,True,FUNC-002830
Renan,Vargas,renan.vargas.func2830@aeroporto.com.br,10,3986,2013-03-25,17803.04,True,FUNC-002831
Nina,Cardoso,nina.cardoso.func2831@aeroporto.com.br,212,568,2016-07-20,9912.65,True,FUNC-002832
Kamilly,Vieira,kamilly.vieira.func2832@aeroporto.com.br,206,3876,2023-04-25,16577.16,True,FUNC-002833
Maria Julia,Araújo,maria julia.araújo.func2833@aeroporto.com.br,129,2724,2013-02-24,29339.13,True,FUNC-002834
Maria Cecília,Montenegro,maria cecília.montenegro.func2834@aeroporto.com.br,769,1823,2020-12-17,28927.28,True,FUNC-002835
Gael Henrique,da Conceição,gael henrique.da conceição.func2835@aeroporto.com.br,670,2709,2025-02-05,26240.89,True,FUNC-002836
Elisa,Pires,elisa.pires.func2836@aeroporto.com.br,840,3242,2015-11-29,16389.67,True,FUNC-002837
Pedro Henrique,Carvalho,pedro henrique.carvalho.func2837@aeroporto.com.br,7,1671,2012-10-09,31082.93,True,FUNC-002838
Sophie,Vargas,sophie.vargas.func2838@aeroporto.com.br,333,655,2012-09-01,2877.38,False,FUNC-002839
João,Leão,joão.leão.func2839@aeroporto.com.br,3,4025,2016-05-13,15903.46,True,FUNC-002840
Henry Gabriel,Ferreira,henry gabriel.ferreira.func2840@aeroporto.com.br,813,344,2012-02-26,3035.43,True,FUNC-002841
Maria Alice,Pimenta,maria alice.pimenta.func2841@aeroporto.com.br,145,4088,2017-01-02,8140.41,True,FUNC-002842
Julia,Mendonça,julia.mendonça.func2842@aeroporto.com.br,130,208,2026-01-14,34967.44,False,FUNC-002843
Eloah,Porto,eloah.porto.func2843@aeroporto.com.br,634,2773,2022-03-24,23237.71,True,FUNC-002844
Maria Fernanda,Lima,maria fernanda.lima.func2844@aeroporto.com.br,474,2082,2021-02-02,5335.02,True,FUNC-002845
Davi Miguel,Sales,davi miguel.sales.func2845@aeroporto.com.br,346,2166,2014-06-20,10134.83,True,FUNC-002846
Caleb,Caldeira,caleb.caldeira.func2846@aeroporto.com.br,283,1451,2015-03-31,30025.28,True,FUNC-002847
Bella,Moraes,bella.moraes.func2847@aeroporto.com.br,604,4774,2015-02-02,18759.84,True,FUNC-002848
Amanda,Castro,amanda.castro.func2848@aeroporto.com.br,916,4600,2013-11-09,32411.2,True,FUNC-002849
Nicole,Casa Grande,nicole.casa grande.func2849@aeroporto.com.br,255,3626,2017-12-03,16287.58,True,FUNC-002850
Julia,Brito,julia.brito.func2850@aeroporto.com.br,819,2849,2021-07-06,34823.96,True,FUNC-002851
Aurora,Pires,aurora.pires.func2851@aeroporto.com.br,585,1480,2014-04-26,12142.54,True,FUNC-002852
Brenda,da Cunha,brenda.da cunha.func2852@aeroporto.com.br,42,876,2017-10-16,3216.86,True,FUNC-002853
Sabrina,Macedo,sabrina.macedo.func2853@aeroporto.com.br,171,16,2013-10-22,7115.67,True,FUNC-002854
Natália,Brito,natália.brito.func2854@aeroporto.com.br,381,1975,2014-09-11,15890.42,True,FUNC-002855
Lorena,Cardoso,lorena.cardoso.func2855@aeroporto.com.br,268,2058,2013-12-04,9334.83,True,FUNC-002856
Lunna,Lima,lunna.lima.func2856@aeroporto.com.br,586,1312,2019-05-12,30787.16,True,FUNC-002857
Luigi,Machado,luigi.machado.func2857@aeroporto.com.br,368,1929,2023-07-23,22728.24,True,FUNC-002858
Caleb,Rios,caleb.rios.func2858@aeroporto.com.br,986,2424,2017-02-28,7090.59,True,FUNC-002859
Théo,Barbosa,théo.barbosa.func2859@aeroporto.com.br,888,2254,2015-01-05,5850.72,True,FUNC-002860
Marcos Vinicius,Camargo,marcos vinicius.camargo.func2860@aeroporto.com.br,265,1571,2018-11-23,20885.88,True,FUNC-002861
Alexia,Souza,alexia.souza.func2861@aeroporto.com.br,779,3581,2018-09-21,24603.42,True,FUNC-002862
Leandro,da Cruz,leandro.da cruz.func2862@aeroporto.com.br,765,2439,2025-03-24,8967.87,True,FUNC-002863
Sarah,da Costa,sarah.da costa.func2863@aeroporto.com.br,249,524,2023-01-20,29225.36,True,FUNC-002864
Joana,Pires,joana.pires.func2864@aeroporto.com.br,873,1773,2014-11-26,11758.1,True,FUNC-002865
Julia,Oliveira,julia.oliveira.func2865@aeroporto.com.br,831,4182,2025-12-15,9499.13,True,FUNC-002866
André,Fernandes,andré.fernandes.func2866@aeroporto.com.br,332,1611,2011-06-11,27151.71,True,FUNC-002867
Maria Vitória,Câmara,maria vitória.câmara.func2867@aeroporto.com.br,196,277,2012-07-22,5505.94,True,FUNC-002868
Ana Luiza,da Mata,ana luiza.da mata.func2868@aeroporto.com.br,478,4758,2023-12-28,11302.91,True,FUNC-002869
Gabriel,Casa Grande,gabriel.casa grande.func2869@aeroporto.com.br,587,95,2011-11-04,13042.27,True,FUNC-002870
Ana,Macedo,ana.macedo.func2870@aeroporto.com.br,767,3350,2016-06-29,21882.83,True,FUNC-002871
Isis,da Cruz,isis.da cruz.func2871@aeroporto.com.br,994,3765,2021-07-16,4664.96,True,FUNC-002872
Bella,Cirino,bella.cirino.func2872@aeroporto.com.br,811,20,2015-10-11,17818.35,True,FUNC-002873
Isis,Pires,isis.pires.func2873@aeroporto.com.br,256,4474,2022-06-20,12442.04,True,FUNC-002874
Helena,Correia,helena.correia.func2874@aeroporto.com.br,200,3324,2023-09-28,6055.48,True,FUNC-002875
João Pedro,Barros,joão pedro.barros.func2875@aeroporto.com.br,838,1725,2024-06-13,16461.2,True,FUNC-002876
Heloisa,Almeida,heloisa.almeida.func2876@aeroporto.com.br,587,1709,2014-12-20,20731.61,True,FUNC-002877
Milena,Abreu,milena.abreu.func2877@aeroporto.com.br,846,3222,2020-03-23,26367.77,True,FUNC-002878
Alexandre,Machado,alexandre.machado.func2878@aeroporto.com.br,800,384,2015-02-09,5577.94,True,FUNC-002879
Isabel,Ramos,isabel.ramos.func2879@aeroporto.com.br,356,1103,2022-09-16,13392.07,True,FUNC-002880
Aurora,Brito,aurora.brito.func2880@aeroporto.com.br,559,3866,2012-11-07,16650.07,True,FUNC-002881
Otto,Costa,otto.costa.func2881@aeroporto.com.br,930,4212,2014-02-19,19212.02,True,FUNC-002882
Maria Clara,da Mata,maria clara.da mata.func2882@aeroporto.com.br,154,616,2015-12-04,8977.99,True,FUNC-002883
Maria Isis,Porto,maria isis.porto.func2883@aeroporto.com.br,53,2996,2017-09-27,31508.04,True,FUNC-002884
Bruno,Campos,bruno.campos.func2884@aeroporto.com.br,361,1809,2016-08-10,15057.41,True,FUNC-002885
Sabrina,Cirino,sabrina.cirino.func2885@aeroporto.com.br,367,3991,2024-03-25,17061.56,True,FUNC-002886
Fernando,Souza,fernando.souza.func2886@aeroporto.com.br,240,479,2019-12-08,14563.75,True,FUNC-002887
Sophie,Aparecida,sophie.aparecida.func2887@aeroporto.com.br,61,2723,2023-04-06,28919.34,True,FUNC-002888
Lunna,Pimenta,lunna.pimenta.func2888@aeroporto.com.br,60,345,2012-01-06,4993.31,True,FUNC-002889
Davi Luiz,da Mata,davi luiz.da mata.func2889@aeroporto.com.br,944,1399,2025-10-31,12849.91,True,FUNC-002890
Ryan,Monteiro,ryan.monteiro.func2890@aeroporto.com.br,550,813,2015-08-23,10145.21,True,FUNC-002891
Eloá,Machado,eloá.machado.func2891@aeroporto.com.br,200,1853,2016-01-02,5779.77,True,FUNC-002892
Apollo,Albuquerque,apollo.albuquerque.func2892@aeroporto.com.br,771,3426,2022-03-30,9670.66,True,FUNC-002893
Guilherme,Carvalho,guilherme.carvalho.func2893@aeroporto.com.br,642,3767,2014-01-27,26824.16,True,FUNC-002894
Liz,Câmara,liz.câmara.func2894@aeroporto.com.br,298,3233,2015-05-17,19085.96,True,FUNC-002895
Calebe,Alves,calebe.alves.func2895@aeroporto.com.br,710,4483,2024-03-30,5488.53,False,FUNC-002896
Eduardo,Pereira,eduardo.pereira.func2896@aeroporto.com.br,868,2938,2024-07-30,11888.36,True,FUNC-002897
Lucas,Pastor,lucas.pastor.func2897@aeroporto.com.br,744,4492,2024-01-06,9510.77,True,FUNC-002898
Sarah,Aparecida,sarah.aparecida.func2898@aeroporto.com.br,729,623,2022-01-07,17485.06,True,FUNC-002899
João Pedro,Novaes,joão pedro.novaes.func2899@aeroporto.com.br,618,1366,2020-02-24,24880.15,True,FUNC-002900
José Pedro,Andrade,josé pedro.andrade.func2900@aeroporto.com.br,444,3038,2012-02-02,4645.98,True,FUNC-002901
Elisa,Farias,elisa.farias.func2901@aeroporto.com.br,578,1452,2011-10-31,12063.31,True,FUNC-002902
Yasmin,Fogaça,yasmin.fogaça.func2902@aeroporto.com.br,962,792,2018-02-19,5293.52,True,FUNC-002903
Fernando,Montenegro,fernando.montenegro.func2903@aeroporto.com.br,816,1805,2018-11-14,19465.4,True,FUNC-002904
Emilly,Teixeira,emilly.teixeira.func2904@aeroporto.com.br,554,3457,2021-10-31,23223.42,True,FUNC-002905
Vinícius,Garcia,vinícius.garcia.func2905@aeroporto.com.br,497,2115,2014-08-03,34931.68,True,FUNC-002906
Lara,Barbosa,lara.barbosa.func2906@aeroporto.com.br,592,527,2015-01-30,11111.79,True,FUNC-002907
Lucas Gabriel,Cassiano,lucas gabriel.cassiano.func2907@aeroporto.com.br,326,1510,2013-03-13,12976.35,True,FUNC-002908
Luara,Vieira,luara.vieira.func2908@aeroporto.com.br,64,2036,2020-05-22,31542.3,True,FUNC-002909
Luiz Miguel,Nascimento,luiz miguel.nascimento.func2909@aeroporto.com.br,874,2096,2011-08-28,25623.28,True,FUNC-002910
Enrico,Garcia,enrico.garcia.func2910@aeroporto.com.br,254,2881,2014-06-11,29517.87,True,FUNC-002911
Gabriel,Melo,gabriel.melo.func2911@aeroporto.com.br,833,4346,2015-07-04,23726.12,True,FUNC-002912
Arthur Gabriel,Abreu,arthur gabriel.abreu.func2912@aeroporto.com.br,44,960,2014-02-18,17399.15,True,FUNC-002913
Maria,Azevedo,maria.azevedo.func2913@aeroporto.com.br,115,3816,2025-04-18,22057.33,True,FUNC-002914
Ravy,da Paz,ravy.da paz.func2914@aeroporto.com.br,641,2400,2024-03-21,10936.6,True,FUNC-002915
Luiza,Cardoso,luiza.cardoso.func2915@aeroporto.com.br,589,625,2023-11-18,12012.41,True,FUNC-002916
Bruna,da Cruz,bruna.da cruz.func2916@aeroporto.com.br,788,4900,2020-08-02,19185.6,True,FUNC-002917
Yuri,da Paz,yuri.da paz.func2917@aeroporto.com.br,209,3026,2015-03-02,23620.97,True,FUNC-002918
Luana,Lopes,luana.lopes.func2918@aeroporto.com.br,377,1316,2017-01-20,6755.4,True,FUNC-002919
Juan,Souza,juan.souza.func2919@aeroporto.com.br,951,3591,2012-05-20,12503.51,True,FUNC-002920
Thomas,Caldeira,thomas.caldeira.func2920@aeroporto.com.br,903,1377,2011-07-05,11740.65,True,FUNC-002921
Luiz Gustavo,Guerra,luiz gustavo.guerra.func2921@aeroporto.com.br,956,2000,2026-05-25,32311.8,True,FUNC-002922
Rafaela,Almeida,rafaela.almeida.func2922@aeroporto.com.br,419,4827,2015-03-18,4157.8,True,FUNC-002923
Thales,Andrade,thales.andrade.func2923@aeroporto.com.br,826,41,2022-03-21,34782.31,True,FUNC-002924
Maria Alice,Sá,maria alice.sá.func2924@aeroporto.com.br,796,2781,2017-12-01,3929.58,True,FUNC-002925
Daniela,Aparecida,daniela.aparecida.func2925@aeroporto.com.br,827,1559,2011-09-21,24307.18,True,FUNC-002926
Maria Flor,Cavalcante,maria flor.cavalcante.func2926@aeroporto.com.br,892,3314,2023-08-11,32425.37,True,FUNC-002927
Rhavi,Costela,rhavi.costela.func2927@aeroporto.com.br,166,4326,2025-08-13,12089.93,True,FUNC-002928
Esther,Caldeira,esther.caldeira.func2928@aeroporto.com.br,366,2055,2019-07-04,6687.36,True,FUNC-002929
Stella,Santos,stella.santos.func2929@aeroporto.com.br,92,4575,2022-06-12,19823.72,True,FUNC-002930
Arthur Miguel,Sousa,arthur miguel.sousa.func2930@aeroporto.com.br,634,4867,2012-07-09,7981.53,True,FUNC-002931
Vicente,Costela,vicente.costela.func2931@aeroporto.com.br,992,3716,2012-09-23,7591.64,True,FUNC-002932
Luiz Fernando,Vieira,luiz fernando.vieira.func2932@aeroporto.com.br,916,2408,2023-02-15,4023.96,True,FUNC-002933
Kevin,Carvalho,kevin.carvalho.func2933@aeroporto.com.br,959,4232,2025-05-20,26163.78,True,FUNC-002934
Stella,Montenegro,stella.montenegro.func2934@aeroporto.com.br,595,2573,2013-04-19,15001.95,True,FUNC-002935
José Pedro,Vasconcelos,josé pedro.vasconcelos.func2935@aeroporto.com.br,658,914,2018-03-03,30818.46,True,FUNC-002936
Alice,Santos,alice.santos.func2936@aeroporto.com.br,87,4165,2013-07-26,34199.88,True,FUNC-002937
Clara,Moura,clara.moura.func2937@aeroporto.com.br,927,2676,2013-12-15,16242.42,True,FUNC-002938
Liz,Cassiano,liz.cassiano.func2938@aeroporto.com.br,32,23,2016-03-09,14514.38,True,FUNC-002939
Yuri,Ribeiro,yuri.ribeiro.func2939@aeroporto.com.br,943,1789,2024-09-12,10263.23,True,FUNC-002940
Sara,Gonçalves,sara.gonçalves.func2940@aeroporto.com.br,265,1958,2014-08-31,19301.61,True,FUNC-002941
Nina,Santos,nina.santos.func2941@aeroporto.com.br,685,3263,2023-07-22,9853.05,True,FUNC-002942
Luna,Melo,luna.melo.func2942@aeroporto.com.br,800,4378,2023-07-13,6109.89,True,FUNC-002943
Gael,Dias,gael.dias.func2943@aeroporto.com.br,867,720,2017-10-29,30582.49,True,FUNC-002944
Bella,Campos,bella.campos.func2944@aeroporto.com.br,439,2327,2012-06-23,14115.4,False,FUNC-002945
Caleb,Campos,caleb.campos.func2945@aeroporto.com.br,848,3599,2020-04-28,19833.29,True,FUNC-002946
André,Vargas,andré.vargas.func2946@aeroporto.com.br,623,3729,2023-10-17,18478.8,True,FUNC-002947
Ravi,Dias,ravi.dias.func2947@aeroporto.com.br,806,2214,2018-09-23,18369.49,True,FUNC-002948
Maria Isis,Sales,maria isis.sales.func2948@aeroporto.com.br,313,1412,2023-09-23,6655.75,True,FUNC-002949
Kaique,Borges,kaique.borges.func2949@aeroporto.com.br,285,2122,2017-01-19,31713.83,True,FUNC-002950
Luiz Otávio,da Mota,luiz otávio.da mota.func2950@aeroporto.com.br,634,4571,2011-10-21,7641.33,True,FUNC-002951
Rael,Santos,rael.santos.func2951@aeroporto.com.br,210,148,2020-07-09,18895.48,True,FUNC-002952
Ravy,Fogaça,ravy.fogaça.func2952@aeroporto.com.br,254,3265,2013-09-07,29870.31,True,FUNC-002953
Maysa,Dias,maysa.dias.func2953@aeroporto.com.br,307,3417,2018-04-21,28635.54,True,FUNC-002954
Enrico,Machado,enrico.machado.func2954@aeroporto.com.br,987,2763,2012-10-23,18176.85,True,FUNC-002955
Nathan,Oliveira,nathan.oliveira.func2955@aeroporto.com.br,692,2957,2025-07-27,24406.49,True,FUNC-002956
Maria Clara,Rodrigues,maria clara.rodrigues.func2956@aeroporto.com.br,57,4647,2021-11-17,23464.4,True,FUNC-002957
Gabriela,Mendonça,gabriela.mendonça.func2957@aeroporto.com.br,503,483,2013-08-29,27568.0,True,FUNC-002958
Maria Fernanda,Machado,maria fernanda.machado.func2958@aeroporto.com.br,272,809,2011-08-30,25937.33,True,FUNC-002959
Vitor Gabriel,Barros,vitor gabriel.barros.func2959@aeroporto.com.br,898,629,2014-07-14,16401.21,True,FUNC-002960
Aurora,Guerra,aurora.guerra.func2960@aeroporto.com.br,747,812,2014-01-22,30817.34,True,FUNC-002961
Vinícius,Moraes,vinícius.moraes.func2961@aeroporto.com.br,319,4988,2024-06-21,30486.81,True,FUNC-002962
Manuella,Viana,manuella.viana.func2962@aeroporto.com.br,613,386,2020-04-10,18231.07,True,FUNC-002963
Diego,Peixoto,diego.peixoto.func2963@aeroporto.com.br,23,1046,2021-09-22,11192.99,True,FUNC-002964
Nathan,Fogaça,nathan.fogaça.func2964@aeroporto.com.br,281,2664,2024-09-07,21995.31,True,FUNC-002965
Maria Júlia,Cavalcante,maria júlia.cavalcante.func2965@aeroporto.com.br,597,2426,2025-02-02,16910.8,True,FUNC-002966
Daniela,Jesus,daniela.jesus.func2966@aeroporto.com.br,331,185,2022-08-26,25630.44,True,FUNC-002967
Ryan,Mendonça,ryan.mendonça.func2967@aeroporto.com.br,109,2880,2025-03-02,20427.51,True,FUNC-002968
Antony,Aparecida,antony.aparecida.func2968@aeroporto.com.br,540,2868,2020-01-20,25684.41,True,FUNC-002969
Kevin,Dias,kevin.dias.func2969@aeroporto.com.br,250,1769,2013-06-06,31060.44,True,FUNC-002970
Liam,Correia,liam.correia.func2970@aeroporto.com.br,962,4753,2020-06-20,32884.95,True,FUNC-002971
Davi Lucas,Souza,davi lucas.souza.func2971@aeroporto.com.br,961,2177,2021-06-29,16630.0,True,FUNC-002972
Heloísa,Cirino,heloísa.cirino.func2972@aeroporto.com.br,509,3225,2024-12-02,20814.43,True,FUNC-002973
Laís,Siqueira,laís.siqueira.func2973@aeroporto.com.br,986,1160,2014-11-13,10645.58,True,FUNC-002974
Rafael,Lima,rafael.lima.func2974@aeroporto.com.br,895,2354,2017-05-24,7954.78,True,FUNC-002975
Otávio,Rocha,otávio.rocha.func2975@aeroporto.com.br,154,290,2020-04-09,7780.16,True,FUNC-002976
Yuri,Mendonça,yuri.mendonça.func2976@aeroporto.com.br,221,1778,2019-04-10,19833.26,False,FUNC-002977
Maitê,da Costa,maitê.da costa.func2977@aeroporto.com.br,868,4900,2015-07-12,8061.75,True,FUNC-002978
Helena,Castro,helena.castro.func2978@aeroporto.com.br,744,1301,2014-12-12,13624.68,True,FUNC-002979
Alice,Cavalcanti,alice.cavalcanti.func2979@aeroporto.com.br,658,3392,2022-01-23,15197.88,True,FUNC-002980
Clara,Ribeiro,clara.ribeiro.func2980@aeroporto.com.br,594,4799,2024-07-15,33412.29,True,FUNC-002981
Kaique,Nascimento,kaique.nascimento.func2981@aeroporto.com.br,223,907,2021-07-28,29703.98,True,FUNC-002982
Liz,Lima,liz.lima.func2982@aeroporto.com.br,418,1302,2023-12-30,26176.74,True,FUNC-002983
Alexandre,Guerra,alexandre.guerra.func2983@aeroporto.com.br,834,4247,2015-10-23,25995.15,True,FUNC-002984
Manuella,Siqueira,manuella.siqueira.func2984@aeroporto.com.br,718,42,2017-03-02,11269.41,True,FUNC-002985
Pedro Henrique,Cassiano,pedro henrique.cassiano.func2985@aeroporto.com.br,758,4016,2017-04-22,17310.78,True,FUNC-002986
Eduarda,Vargas,eduarda.vargas.func2986@aeroporto.com.br,887,173,2019-04-03,24839.35,True,FUNC-002987
Nicolas,Novais,nicolas.novais.func2987@aeroporto.com.br,551,4106,2013-08-27,12054.93,True,FUNC-002988
Alícia,Almeida,alícia.almeida.func2988@aeroporto.com.br,120,697,2025-05-26,28942.2,True,FUNC-002989
Manuella,Pastor,manuella.pastor.func2989@aeroporto.com.br,612,1450,2023-04-12,28601.6,True,FUNC-002990
Matheus,Garcia,matheus.garcia.func2990@aeroporto.com.br,973,4228,2017-01-27,22773.95,True,FUNC-002991
Marcelo,Teixeira,marcelo.teixeira.func2991@aeroporto.com.br,787,4050,2025-10-21,26304.42,True,FUNC-002992
Natália,Peixoto,natália.peixoto.func2992@aeroporto.com.br,160,3949,2021-04-10,25248.04,True,FUNC-002993
Mirella,Nogueira,mirella.nogueira.func2993@aeroporto.com.br,18,4507,2023-05-08,34654.83,True,FUNC-002994
Eloá,Porto,eloá.porto.func2994@aeroporto.com.br,5,415,2016-12-21,13742.15,True,FUNC-002995
Bruno,Fonseca,bruno.fonseca.func2995@aeroporto.com.br,1,3898,2024-05-31,14372.7,True,FUNC-002996
Lorenzo,Rodrigues,lorenzo.rodrigues.func2996@aeroporto.com.br,755,1520,2012-02-12,18150.15,True,FUNC-002997
Isabela,Silva,isabela.silva.func2997@aeroporto.com.br,669,776,2014-11-16,6187.46,True,FUNC-002998
Thales,Mendonça,thales.mendonça.func2998@aeroporto.com.br,602,1403,2012-06-10,7031.3,True,FUNC-002999
Hellena,Ramos,hellena.ramos.func2999@aeroporto.com.br,511,2395,2025-04-26,7246.53,True,FUNC-003000
Maria Alice,Pinto,maria alice.pinto.func3000@aeroporto.com.br,334,3976,2025-05-22,18028.45,True,FUNC-003001
Igor,Alves,igor.alves.func3001@aeroporto.com.br,187,3911,2016-02-05,16032.34,True,FUNC-003002
João Gabriel,Novais,joão gabriel.novais.func3002@aeroporto.com.br,829,377,2024-11-06,17050.97,True,FUNC-003003
Aylla,Dias,aylla.dias.func3003@aeroporto.com.br,917,340,2025-03-09,27910.26,True,FUNC-003004
Maria Vitória,Pimenta,maria vitória.pimenta.func3004@aeroporto.com.br,76,4052,2020-11-10,10642.22,True,FUNC-003005
Maria Luiza,Costa,maria luiza.costa.func3005@aeroporto.com.br,394,1860,2023-08-23,19908.86,True,FUNC-003006
Kaique,Vieira,kaique.vieira.func3006@aeroporto.com.br,665,2756,2013-06-16,6864.92,True,FUNC-003007
Isadora,Cassiano,isadora.cassiano.func3007@aeroporto.com.br,321,1410,2024-06-08,32881.08,True,FUNC-003008
Luiz Henrique,Cunha,luiz henrique.cunha.func3008@aeroporto.com.br,283,819,2011-12-02,27342.45,True,FUNC-003009
Stella,Nascimento,stella.nascimento.func3009@aeroporto.com.br,69,3808,2022-10-05,16740.97,True,FUNC-003010
Bernardo,Santos,bernardo.santos.func3010@aeroporto.com.br,39,2561,2015-05-06,21681.61,True,FUNC-003011
Emanuelly,Freitas,emanuelly.freitas.func3011@aeroporto.com.br,835,3430,2021-11-28,6477.49,True,FUNC-003012
Maitê,Borges,maitê.borges.func3012@aeroporto.com.br,393,1465,2015-11-28,29031.0,True,FUNC-003013
Luigi,Campos,luigi.campos.func3013@aeroporto.com.br,424,816,2021-11-12,34139.0,True,FUNC-003014
Lucca,da Conceição,lucca.da conceição.func3014@aeroporto.com.br,327,959,2023-11-25,26752.0,True,FUNC-003015
Letícia,da Luz,letícia.da luz.func3015@aeroporto.com.br,483,1057,2017-12-31,30443.1,True,FUNC-003016
Isabella,Guerra,isabella.guerra.func3016@aeroporto.com.br,426,2908,2012-05-28,32342.58,True,FUNC-003017
Alexia,Sales,alexia.sales.func3017@aeroporto.com.br,436,1659,2017-09-08,12694.56,True,FUNC-003018
Theodoro,Farias,theodoro.farias.func3018@aeroporto.com.br,231,1208,2015-08-18,9433.0,True,FUNC-003019
Kevin,Nogueira,kevin.nogueira.func3019@aeroporto.com.br,157,1610,2015-12-25,13815.41,True,FUNC-003020
Rael,Fonseca,rael.fonseca.func3020@aeroporto.com.br,657,557,2019-01-08,11238.7,True,FUNC-003021
Nina,Viana,nina.viana.func3021@aeroporto.com.br,604,816,2023-05-06,24827.6,True,FUNC-003022
Sarah,da Luz,sarah.da luz.func3022@aeroporto.com.br,534,2924,2019-02-24,9583.29,False,FUNC-003023
Henry Gabriel,Freitas,henry gabriel.freitas.func3023@aeroporto.com.br,325,3754,2023-03-09,22652.87,True,FUNC-003024
Agatha,Camargo,agatha.camargo.func3024@aeroporto.com.br,737,629,2017-07-17,28399.09,True,FUNC-003025
Maysa,Abreu,maysa.abreu.func3025@aeroporto.com.br,133,4578,2022-06-19,9674.7,True,FUNC-003026
Clarice,da Cunha,clarice.da cunha.func3026@aeroporto.com.br,113,62,2024-08-22,21365.44,True,FUNC-003027
Enzo Gabriel,Câmara,enzo gabriel.câmara.func3027@aeroporto.com.br,887,3500,2016-08-11,27731.25,True,FUNC-003028
Clara,da Conceição,clara.da conceição.func3028@aeroporto.com.br,834,2506,2012-01-31,19642.39,True,FUNC-003029
Ana Cecília,Silveira,ana cecília.silveira.func3029@aeroporto.com.br,18,997,2017-07-01,31917.91,True,FUNC-003030
Rafael,da Costa,rafael.da costa.func3030@aeroporto.com.br,373,3433,2026-03-09,13628.04,True,FUNC-003031
Ana Vitória,Lopes,ana vitória.lopes.func3031@aeroporto.com.br,366,1759,2018-07-29,32083.26,True,FUNC-003032
Emilly,Marques,emilly.marques.func3032@aeroporto.com.br,159,3037,2024-08-05,30682.95,True,FUNC-003033
Juan,Lima,juan.lima.func3033@aeroporto.com.br,735,7,2024-12-05,26663.96,True,FUNC-003034
Marcelo,Fogaça,marcelo.fogaça.func3034@aeroporto.com.br,759,2522,2024-05-19,32956.98,True,FUNC-003035
Júlia,Cavalcante,júlia.cavalcante.func3035@aeroporto.com.br,672,4476,2018-03-06,25191.93,True,FUNC-003036
Elisa,Nascimento,elisa.nascimento.func3036@aeroporto.com.br,301,3092,2017-01-29,14689.74,True,FUNC-003037
Hellena,Casa Grande,hellena.casa grande.func3037@aeroporto.com.br,77,1089,2022-08-26,22940.36,True,FUNC-003038
Bella,Gonçalves,bella.gonçalves.func3038@aeroporto.com.br,680,1734,2022-08-19,32956.5,True,FUNC-003039
Caio,Moraes,caio.moraes.func3039@aeroporto.com.br,240,993,2012-12-15,11380.43,True,FUNC-003040
Anthony,Novais,anthony.novais.func3040@aeroporto.com.br,800,4068,2016-11-25,17742.61,True,FUNC-003041
Luísa,Vieira,luísa.vieira.func3041@aeroporto.com.br,690,2429,2020-11-04,21655.12,False,FUNC-003042
Milena,Aragão,milena.aragão.func3042@aeroporto.com.br,349,2022,2011-08-01,12383.51,True,FUNC-003043
Ana Laura,Fogaça,ana laura.fogaça.func3043@aeroporto.com.br,185,4687,2021-06-04,33387.73,True,FUNC-003044
Milena,Sousa,milena.sousa.func3044@aeroporto.com.br,809,1091,2020-02-13,16525.33,True,FUNC-003045
Miguel,da Mota,miguel.da mota.func3045@aeroporto.com.br,603,1660,2012-10-13,11810.38,True,FUNC-003046
Isabela,Azevedo,isabela.azevedo.func3046@aeroporto.com.br,563,676,2019-01-09,11615.33,True,FUNC-003047
Juliana,da Paz,juliana.da paz.func3047@aeroporto.com.br,922,2791,2015-12-18,22335.04,True,FUNC-003048
Renan,Cardoso,renan.cardoso.func3048@aeroporto.com.br,22,1260,2021-09-22,8432.58,True,FUNC-003049
Anthony,Melo,anthony.melo.func3049@aeroporto.com.br,234,4840,2018-05-07,15679.52,True,FUNC-003050
Ayla,Novais,ayla.novais.func3050@aeroporto.com.br,873,997,2013-09-03,20261.0,True,FUNC-003051
Theodoro,Santos,theodoro.santos.func3051@aeroporto.com.br,529,1477,2016-04-15,29133.78,True,FUNC-003052
Sophia,Pastor,sophia.pastor.func3052@aeroporto.com.br,642,2240,2020-01-31,11426.2,True,FUNC-003053
Maria Vitória,Martins,maria vitória.martins.func3053@aeroporto.com.br,733,2297,2024-11-01,32904.5,True,FUNC-003054
Vitor Gabriel,Nunes,vitor gabriel.nunes.func3054@aeroporto.com.br,184,2352,2020-12-22,23219.68,True,FUNC-003055
Carolina,da Cunha,carolina.da cunha.func3055@aeroporto.com.br,532,2129,2024-02-25,32356.54,True,FUNC-003056
Stephany,Fogaça,stephany.fogaça.func3056@aeroporto.com.br,1000,3533,2012-05-23,31997.24,True,FUNC-003057
Isabelly,Martins,isabelly.martins.func3057@aeroporto.com.br,331,3366,2022-10-24,7785.55,True,FUNC-003058
Olivia,Vieira,olivia.vieira.func3058@aeroporto.com.br,666,635,2012-07-27,8361.31,True,FUNC-003059
Théo,da Rocha,théo.da rocha.func3059@aeroporto.com.br,848,1993,2018-10-26,15884.54,True,FUNC-003060
Vitor,Rocha,vitor.rocha.func3060@aeroporto.com.br,67,689,2021-05-09,33172.71,True,FUNC-003061
Ana Beatriz,Ramos,ana beatriz.ramos.func3061@aeroporto.com.br,964,3366,2017-05-28,12093.13,True,FUNC-003062
Kevin,da Luz,kevin.da luz.func3062@aeroporto.com.br,309,2242,2020-09-24,17747.74,True,FUNC-003063
Catarina,Peixoto,catarina.peixoto.func3063@aeroporto.com.br,972,4541,2024-03-07,23032.76,True,FUNC-003064
Joaquim,Aparecida,joaquim.aparecida.func3064@aeroporto.com.br,729,4665,2018-10-27,31541.14,True,FUNC-003065
Enzo,Ferreira,enzo.ferreira.func3065@aeroporto.com.br,642,1204,2022-09-07,34864.41,True,FUNC-003066
Rafael,da Mota,rafael.da mota.func3066@aeroporto.com.br,478,1834,2015-03-04,30440.73,True,FUNC-003067
Ravi,Guerra,ravi.guerra.func3067@aeroporto.com.br,973,3593,2017-12-25,21367.77,True,FUNC-003068
Maria Laura,Caldeira,maria laura.caldeira.func3068@aeroporto.com.br,964,1854,2022-10-31,32596.68,True,FUNC-003069
Luiz Fernando,Novaes,luiz fernando.novaes.func3069@aeroporto.com.br,224,3707,2023-11-23,16661.45,True,FUNC-003070
Sofia,Barros,sofia.barros.func3070@aeroporto.com.br,570,1032,2012-03-24,7447.28,True,FUNC-003071
Luna,Oliveira,luna.oliveira.func3071@aeroporto.com.br,172,2921,2012-08-30,9959.85,True,FUNC-003072
Arthur Miguel,Vieira,arthur miguel.vieira.func3072@aeroporto.com.br,406,2544,2020-04-22,29232.1,True,FUNC-003073
Thiago,Moraes,thiago.moraes.func3073@aeroporto.com.br,996,227,2026-05-01,23466.68,True,FUNC-003074
João Gabriel,da Rosa,joão gabriel.da rosa.func3074@aeroporto.com.br,80,654,2013-04-02,10621.04,True,FUNC-003075
Maysa,Nunes,maysa.nunes.func3075@aeroporto.com.br,255,2666,2016-03-20,29755.21,False,FUNC-003076
Fernanda,Rodrigues,fernanda.rodrigues.func3076@aeroporto.com.br,179,744,2024-03-08,9486.05,True,FUNC-003077
Evelyn,Cirino,evelyn.cirino.func3077@aeroporto.com.br,309,4311,2025-07-15,24213.0,True,FUNC-003078
Luiz Miguel,Ferreira,luiz miguel.ferreira.func3078@aeroporto.com.br,353,4975,2017-12-11,26224.32,True,FUNC-003079
Isabella,Cavalcante,isabella.cavalcante.func3079@aeroporto.com.br,468,1879,2021-10-17,24034.96,True,FUNC-003080
Emanuella,Cavalcanti,emanuella.cavalcanti.func3080@aeroporto.com.br,968,4076,2022-12-03,28643.56,True,FUNC-003081
Oliver,Sá,oliver.sá.func3081@aeroporto.com.br,655,3366,2011-06-22,33264.71,True,FUNC-003082
Emanuella,Câmara,emanuella.câmara.func3082@aeroporto.com.br,310,1452,2011-07-15,3582.48,True,FUNC-003083
Catarina,Barros,catarina.barros.func3083@aeroporto.com.br,63,1136,2025-01-29,23361.05,True,FUNC-003084
Ravi Lucca,Cavalcanti,ravi lucca.cavalcanti.func3084@aeroporto.com.br,494,749,2019-10-30,3118.97,True,FUNC-003085
Antônio,Montenegro,antônio.montenegro.func3085@aeroporto.com.br,211,751,2019-10-05,15119.3,True,FUNC-003086
Léo,Duarte,léo.duarte.func3086@aeroporto.com.br,636,1585,2022-12-07,24092.8,True,FUNC-003087
Ana Julia,Guerra,ana julia.guerra.func3087@aeroporto.com.br,82,1418,2018-03-04,5297.63,True,FUNC-003088
Leonardo,Cavalcante,leonardo.cavalcante.func3088@aeroporto.com.br,69,1767,2015-05-21,23716.82,True,FUNC-003089
Bruno,Nogueira,bruno.nogueira.func3089@aeroporto.com.br,677,2931,2020-03-03,8896.69,True,FUNC-003090
Hellena,Viana,hellena.viana.func3090@aeroporto.com.br,520,4253,2013-05-20,19459.82,True,FUNC-003091
Bruna,Moreira,bruna.moreira.func3091@aeroporto.com.br,512,2342,2024-09-27,18542.61,True,FUNC-003092
Lorenzo,Farias,lorenzo.farias.func3092@aeroporto.com.br,5,2845,2012-03-21,2539.31,True,FUNC-003093
Maria Laura,Borges,maria laura.borges.func3093@aeroporto.com.br,823,3240,2014-08-18,25164.44,True,FUNC-003094
Marcos Vinicius,Costa,marcos vinicius.costa.func3094@aeroporto.com.br,226,4076,2021-07-14,13223.17,True,FUNC-003095
Camila,Peixoto,camila.peixoto.func3095@aeroporto.com.br,1,4833,2023-01-23,4141.73,True,FUNC-003096
Maria Eduarda,Dias,maria eduarda.dias.func3096@aeroporto.com.br,79,1978,2013-08-07,23607.02,True,FUNC-003097
Pedro,Fonseca,pedro.fonseca.func3097@aeroporto.com.br,995,4632,2024-04-25,23162.49,True,FUNC-003098
Maria,Pacheco,maria.pacheco.func3098@aeroporto.com.br,492,2708,2017-12-14,28552.89,True,FUNC-003099
Emilly,Pacheco,emilly.pacheco.func3099@aeroporto.com.br,887,2913,2014-12-22,8768.24,True,FUNC-003100
Enrico,das Neves,enrico.das neves.func3100@aeroporto.com.br,39,3118,2021-08-31,17514.65,True,FUNC-003101
Erick,Souza,erick.souza.func3101@aeroporto.com.br,618,2986,2019-04-05,21700.17,True,FUNC-003102
Cauê,Martins,cauê.martins.func3102@aeroporto.com.br,413,4167,2019-06-28,26466.45,True,FUNC-003103
Elisa,Ramos,elisa.ramos.func3103@aeroporto.com.br,658,1935,2019-05-19,11863.37,True,FUNC-003104
Alana,Andrade,alana.andrade.func3104@aeroporto.com.br,196,848,2021-12-07,19757.6,True,FUNC-003105
Pedro Lucas,Gomes,pedro lucas.gomes.func3105@aeroporto.com.br,725,1582,2026-05-25,3244.46,True,FUNC-003106
André,Cirino,andré.cirino.func3106@aeroporto.com.br,152,2628,2016-08-03,16503.42,True,FUNC-003107
João Miguel,Andrade,joão miguel.andrade.func3107@aeroporto.com.br,880,3160,2012-09-07,25482.01,True,FUNC-003108
Erick,Pastor,erick.pastor.func3108@aeroporto.com.br,688,2284,2018-11-12,10865.31,True,FUNC-003109
Benício,Carvalho,benício.carvalho.func3109@aeroporto.com.br,994,3505,2016-11-03,3987.31,True,FUNC-003110
Heloisa,Casa Grande,heloisa.casa grande.func3110@aeroporto.com.br,43,1580,2015-02-13,6237.94,True,FUNC-003111
Gabrielly,das Neves,gabrielly.das neves.func3111@aeroporto.com.br,238,4625,2012-03-12,27405.31,True,FUNC-003112
Julia,Sousa,julia.sousa.func3112@aeroporto.com.br,111,4112,2025-05-31,22795.76,True,FUNC-003113
Noah,Moraes,noah.moraes.func3113@aeroporto.com.br,89,4327,2018-06-01,12371.46,True,FUNC-003114
Noah,Lima,noah.lima.func3114@aeroporto.com.br,173,4084,2011-08-04,21643.28,True,FUNC-003115
Esther,Mendes,esther.mendes.func3115@aeroporto.com.br,504,4440,2016-07-04,8666.7,False,FUNC-003116
Maria Júlia,Aparecida,maria júlia.aparecida.func3116@aeroporto.com.br,411,2915,2024-06-19,28954.76,True,FUNC-003117
Lunna,Jesus,lunna.jesus.func3117@aeroporto.com.br,198,1802,2019-06-20,14453.36,True,FUNC-003118
Carlos Eduardo,da Cruz,carlos eduardo.da cruz.func3118@aeroporto.com.br,150,1294,2012-11-17,11964.1,True,FUNC-003119
Bruno,Aparecida,bruno.aparecida.func3119@aeroporto.com.br,881,1693,2023-05-16,22723.81,True,FUNC-003120
Bella,Campos,bella.campos.func3120@aeroporto.com.br,593,1364,2013-05-02,33418.17,True,FUNC-003121
Enzo,Rios,enzo.rios.func3121@aeroporto.com.br,585,986,2014-05-05,6490.38,True,FUNC-003122
Mariana,Silveira,mariana.silveira.func3122@aeroporto.com.br,414,128,2019-03-09,22576.75,True,FUNC-003123
Luara,Vargas,luara.vargas.func3123@aeroporto.com.br,355,1704,2013-03-25,2899.96,True,FUNC-003124
Nathan,Moraes,nathan.moraes.func3124@aeroporto.com.br,412,2867,2018-04-28,11067.46,True,FUNC-003125
Maria,Casa Grande,maria.casa grande.func3125@aeroporto.com.br,464,2610,2021-04-27,10089.97,True,FUNC-003126
Pietro,Porto,pietro.porto.func3126@aeroporto.com.br,345,4058,2020-11-30,18525.8,True,FUNC-003127
Murilo,Rodrigues,murilo.rodrigues.func3127@aeroporto.com.br,381,272,2022-10-06,30097.48,True,FUNC-003128
Elisa,Novaes,elisa.novaes.func3128@aeroporto.com.br,705,239,2018-09-25,17471.55,True,FUNC-003129
Caroline,Fonseca,caroline.fonseca.func3129@aeroporto.com.br,901,199,2020-07-30,3312.81,True,FUNC-003130
Davi Lucca,Vieira,davi lucca.vieira.func3130@aeroporto.com.br,799,946,2025-05-21,23216.83,True,FUNC-003131
José Pedro,Montenegro,josé pedro.montenegro.func3131@aeroporto.com.br,394,3117,2015-12-09,33513.72,True,FUNC-003132
Stella,Rios,stella.rios.func3132@aeroporto.com.br,775,4764,2016-12-27,7515.54,True,FUNC-003133
Bruna,Andrade,bruna.andrade.func3133@aeroporto.com.br,775,4317,2016-12-18,8106.33,True,FUNC-003134
Luana,da Cruz,luana.da cruz.func3134@aeroporto.com.br,424,1990,2017-10-05,14993.94,True,FUNC-003135
Rael,Abreu,rael.abreu.func3135@aeroporto.com.br,509,628,2023-02-16,18975.81,True,FUNC-003136
Juliana,Macedo,juliana.macedo.func3136@aeroporto.com.br,585,2151,2020-04-25,14954.95,True,FUNC-003137
Lunna,Câmara,lunna.câmara.func3137@aeroporto.com.br,900,4843,2020-12-14,3165.82,True,FUNC-003138
Ana Beatriz,Barbosa,ana beatriz.barbosa.func3138@aeroporto.com.br,997,1734,2012-09-23,16294.31,True,FUNC-003139
Benicio,Porto,benicio.porto.func3139@aeroporto.com.br,570,1115,2018-11-22,4352.03,True,FUNC-003140
Murilo,Ribeiro,murilo.ribeiro.func3140@aeroporto.com.br,864,2646,2016-08-16,31886.08,True,FUNC-003141
Juan,Pastor,juan.pastor.func3141@aeroporto.com.br,542,3805,2016-01-30,19520.14,True,FUNC-003142
Gabriela,Vargas,gabriela.vargas.func3142@aeroporto.com.br,784,1636,2016-04-27,15539.13,True,FUNC-003143
Eduardo,Sousa,eduardo.sousa.func3143@aeroporto.com.br,466,1228,2013-01-01,12594.86,True,FUNC-003144
Mariana,Camargo,mariana.camargo.func3144@aeroporto.com.br,862,1546,2025-10-28,12287.91,True,FUNC-003145
Ravi,Nunes,ravi.nunes.func3145@aeroporto.com.br,352,1646,2014-09-02,29164.62,True,FUNC-003146
Yasmin,Gonçalves,yasmin.gonçalves.func3146@aeroporto.com.br,484,3862,2015-01-29,13200.5,True,FUNC-003147
Daniel,Vargas,daniel.vargas.func3147@aeroporto.com.br,928,1218,2019-12-24,8100.59,True,FUNC-003148
Eloá,Montenegro,eloá.montenegro.func3148@aeroporto.com.br,214,3899,2013-09-25,14424.99,True,FUNC-003149
Clara,Oliveira,clara.oliveira.func3149@aeroporto.com.br,968,3641,2013-11-11,33806.27,True,FUNC-003150
Rebeca,Casa Grande,rebeca.casa grande.func3150@aeroporto.com.br,778,2581,2024-11-14,19570.12,True,FUNC-003151
Rebeca,Campos,rebeca.campos.func3151@aeroporto.com.br,444,2305,2014-03-15,27777.5,True,FUNC-003152
João Miguel,Moreira,joão miguel.moreira.func3152@aeroporto.com.br,762,1904,2012-07-07,7854.99,True,FUNC-003153
Liz,Sousa,liz.sousa.func3153@aeroporto.com.br,985,1105,2013-05-27,26134.47,True,FUNC-003154
Sophia,Cavalcante,sophia.cavalcante.func3154@aeroporto.com.br,719,2631,2022-09-12,23308.82,True,FUNC-003155
Otávio,Costela,otávio.costela.func3155@aeroporto.com.br,459,3216,2024-09-09,27208.32,True,FUNC-003156
Lucas,Nunes,lucas.nunes.func3156@aeroporto.com.br,14,933,2015-10-21,34471.42,True,FUNC-003157
Ian,Oliveira,ian.oliveira.func3157@aeroporto.com.br,642,601,2016-02-23,22479.62,True,FUNC-003158
Helena,Abreu,helena.abreu.func3158@aeroporto.com.br,583,4104,2023-05-07,9109.83,True,FUNC-003159
Anthony,Mendes,anthony.mendes.func3159@aeroporto.com.br,810,1054,2020-11-03,30095.66,True,FUNC-003160
Bianca,Caldeira,bianca.caldeira.func3160@aeroporto.com.br,445,2791,2020-04-28,31592.88,True,FUNC-003161
Heitor,Duarte,heitor.duarte.func3161@aeroporto.com.br,426,4127,2023-08-21,25947.59,True,FUNC-003162
Maria,Silveira,maria.silveira.func3162@aeroporto.com.br,523,4579,2019-09-04,26745.69,True,FUNC-003163
Eloah,Andrade,eloah.andrade.func3163@aeroporto.com.br,698,1807,2016-01-12,30093.88,True,FUNC-003164
Erick,Caldeira,erick.caldeira.func3164@aeroporto.com.br,768,3240,2021-12-09,22819.29,True,FUNC-003165
Arthur,Duarte,arthur.duarte.func3165@aeroporto.com.br,177,659,2011-07-14,24549.29,True,FUNC-003166
Maysa,Moreira,maysa.moreira.func3166@aeroporto.com.br,683,2746,2015-02-20,22521.75,True,FUNC-003167
Igor,Cavalcante,igor.cavalcante.func3167@aeroporto.com.br,520,562,2018-02-19,12765.13,True,FUNC-003168
Lucca,Carvalho,lucca.carvalho.func3168@aeroporto.com.br,228,4164,2023-09-18,26152.26,True,FUNC-003169
Miguel,Oliveira,miguel.oliveira.func3169@aeroporto.com.br,381,2587,2018-08-21,9804.96,True,FUNC-003170
Julia,Nogueira,julia.nogueira.func3170@aeroporto.com.br,419,662,2019-08-12,23079.17,True,FUNC-003171
José Pedro,Pacheco,josé pedro.pacheco.func3171@aeroporto.com.br,34,435,2014-12-27,13498.99,True,FUNC-003172
Julia,da Cruz,julia.da cruz.func3172@aeroporto.com.br,13,1436,2024-03-27,13454.54,True,FUNC-003173
Josué,Siqueira,josué.siqueira.func3173@aeroporto.com.br,314,2918,2026-05-10,17510.28,True,FUNC-003174
Maria Luiza,Moraes,maria luiza.moraes.func3174@aeroporto.com.br,674,2337,2018-11-10,23060.67,True,FUNC-003175
Zoe,Araújo,zoe.araújo.func3175@aeroporto.com.br,906,3163,2020-10-06,33010.05,True,FUNC-003176
Natália,Sampaio,natália.sampaio.func3176@aeroporto.com.br,449,1239,2020-04-28,33938.4,True,FUNC-003177
José Miguel,Rezende,josé miguel.rezende.func3177@aeroporto.com.br,509,598,2015-01-16,16823.02,True,FUNC-003178
Daniel,Silveira,daniel.silveira.func3178@aeroporto.com.br,264,2868,2012-03-31,32150.04,True,FUNC-003179
Daniela,Casa Grande,daniela.casa grande.func3179@aeroporto.com.br,279,4931,2014-01-31,9263.96,True,FUNC-003180
Ravy,Moraes,ravy.moraes.func3180@aeroporto.com.br,712,2484,2021-02-26,11826.3,True,FUNC-003181
Liam,da Rocha,liam.da rocha.func3181@aeroporto.com.br,468,3911,2012-08-29,6976.78,True,FUNC-003182
Lorenzo,Porto,lorenzo.porto.func3182@aeroporto.com.br,350,2233,2017-10-01,10832.41,True,FUNC-003183
Larissa,Correia,larissa.correia.func3183@aeroporto.com.br,983,2197,2019-03-29,26948.49,True,FUNC-003184
Thiago,Mendes,thiago.mendes.func3184@aeroporto.com.br,599,207,2018-04-27,29999.97,True,FUNC-003185
João Miguel,Lopes,joão miguel.lopes.func3185@aeroporto.com.br,561,3988,2018-07-15,20922.33,True,FUNC-003186
Davi Luiz,Moraes,davi luiz.moraes.func3186@aeroporto.com.br,425,3911,2016-07-08,33598.83,True,FUNC-003187
Caio,Souza,caio.souza.func3187@aeroporto.com.br,444,4662,2022-04-25,20296.43,True,FUNC-003188
Melina,Sampaio,melina.sampaio.func3188@aeroporto.com.br,137,4704,2012-03-24,19120.49,True,FUNC-003189
Stephany,Siqueira,stephany.siqueira.func3189@aeroporto.com.br,506,606,2019-10-23,10605.43,True,FUNC-003190
Mathias,Marques,mathias.marques.func3190@aeroporto.com.br,34,1799,2012-07-26,31980.52,True,FUNC-003191
Gael,Garcia,gael.garcia.func3191@aeroporto.com.br,194,2859,2012-08-29,22387.18,True,FUNC-003192
Mariana,da Cunha,mariana.da cunha.func3192@aeroporto.com.br,560,1166,2013-06-12,23834.8,True,FUNC-003193
Ryan,Fonseca,ryan.fonseca.func3193@aeroporto.com.br,938,4215,2023-03-10,10771.63,True,FUNC-003194
Leonardo,Machado,leonardo.machado.func3194@aeroporto.com.br,380,3802,2011-07-05,6026.19,True,FUNC-003195
Arthur Miguel,Moura,arthur miguel.moura.func3195@aeroporto.com.br,627,3086,2026-03-29,31175.13,False,FUNC-003196
Maria Laura,Moraes,maria laura.moraes.func3196@aeroporto.com.br,163,4965,2011-07-24,22181.68,True,FUNC-003197
Paulo,Cirino,paulo.cirino.func3197@aeroporto.com.br,558,1981,2016-03-26,10822.09,True,FUNC-003198
Anthony Gabriel,Rodrigues,anthony gabriel.rodrigues.func3198@aeroporto.com.br,599,3178,2024-08-14,12038.25,True,FUNC-003199
Maria Sophia,Vieira,maria sophia.vieira.func3199@aeroporto.com.br,853,4438,2013-04-11,14611.67,True,FUNC-003200
Larissa,Cirino,larissa.cirino.func3200@aeroporto.com.br,194,4624,2020-06-07,9823.79,True,FUNC-003201
Rhavi,da Mota,rhavi.da mota.func3201@aeroporto.com.br,871,1524,2019-11-07,17469.14,True,FUNC-003202
Camila,das Neves,camila.das neves.func3202@aeroporto.com.br,392,87,2020-07-04,6940.16,True,FUNC-003203
Asafe,Abreu,asafe.abreu.func3203@aeroporto.com.br,507,1539,2025-11-16,4068.39,True,FUNC-003204
Juan,Pimenta,juan.pimenta.func3204@aeroporto.com.br,719,1579,2012-12-27,21995.38,True,FUNC-003205
Vitor Hugo,Lopes,vitor hugo.lopes.func3205@aeroporto.com.br,620,1019,2019-11-16,16261.82,True,FUNC-003206
Lucas,Jesus,lucas.jesus.func3206@aeroporto.com.br,764,407,2011-09-04,14076.59,True,FUNC-003207
Valentina,Novais,valentina.novais.func3207@aeroporto.com.br,197,1956,2018-08-01,18286.04,True,FUNC-003208
Daniel,Barbosa,daniel.barbosa.func3208@aeroporto.com.br,499,2188,2025-08-17,9856.46,True,FUNC-003209
Heloisa,Alves,heloisa.alves.func3209@aeroporto.com.br,47,2050,2019-07-27,9753.58,True,FUNC-003210
João Felipe,Cirino,joão felipe.cirino.func3210@aeroporto.com.br,852,4980,2014-12-18,26729.19,True,FUNC-003211
Olivia,Vargas,olivia.vargas.func3211@aeroporto.com.br,62,66,2025-09-27,27260.29,False,FUNC-003212
Maitê,Andrade,maitê.andrade.func3212@aeroporto.com.br,969,4390,2020-09-08,23178.51,True,FUNC-003213
Camila,Casa Grande,camila.casa grande.func3213@aeroporto.com.br,746,2828,2023-10-01,34204.76,True,FUNC-003214
Bruno,Pires,bruno.pires.func3214@aeroporto.com.br,473,238,2022-12-11,8158.02,True,FUNC-003215
Olivia,Caldeira,olivia.caldeira.func3215@aeroporto.com.br,355,1739,2024-03-01,33277.77,True,FUNC-003216
Igor,Porto,igor.porto.func3216@aeroporto.com.br,472,3818,2024-08-12,12683.58,True,FUNC-003217
Ana Liz,Pinto,ana liz.pinto.func3217@aeroporto.com.br,884,1692,2012-04-12,31815.79,True,FUNC-003218
Caleb,Borges,caleb.borges.func3218@aeroporto.com.br,675,4043,2023-09-21,34382.04,True,FUNC-003219
Ísis,Machado,ísis.machado.func3219@aeroporto.com.br,802,2183,2024-08-07,20257.03,True,FUNC-003220
Felipe,Araújo,felipe.araújo.func3220@aeroporto.com.br,50,3601,2025-02-10,9689.08,True,FUNC-003221
Ian,Cirino,ian.cirino.func3221@aeroporto.com.br,119,2095,2022-03-09,2544.37,True,FUNC-003222
Larissa,Siqueira,larissa.siqueira.func3222@aeroporto.com.br,153,2069,2022-06-23,29117.58,True,FUNC-003223
Luna,Gonçalves,luna.gonçalves.func3223@aeroporto.com.br,644,4354,2012-08-28,28803.73,True,FUNC-003224
Yasmin,Camargo,yasmin.camargo.func3224@aeroporto.com.br,92,3376,2020-11-16,20856.77,True,FUNC-003225
Lucas,Moura,lucas.moura.func3225@aeroporto.com.br,774,2816,2023-03-26,10011.01,True,FUNC-003226
Mateus,Rios,mateus.rios.func3226@aeroporto.com.br,710,4544,2012-11-18,12617.29,True,FUNC-003227
Arthur,Sales,arthur.sales.func3227@aeroporto.com.br,493,2554,2014-12-03,31333.2,True,FUNC-003228
Gael Henrique,Oliveira,gael henrique.oliveira.func3228@aeroporto.com.br,739,4597,2014-12-02,22989.42,True,FUNC-003229
Diogo,Albuquerque,diogo.albuquerque.func3229@aeroporto.com.br,489,3926,2026-01-13,11159.4,True,FUNC-003230
Rodrigo,Duarte,rodrigo.duarte.func3230@aeroporto.com.br,572,2259,2019-08-16,8341.29,True,FUNC-003231
Ana Lívia,Camargo,ana lívia.camargo.func3231@aeroporto.com.br,469,3859,2014-07-15,31995.22,True,FUNC-003232
Paulo,Azevedo,paulo.azevedo.func3232@aeroporto.com.br,291,4326,2017-01-02,16948.72,True,FUNC-003233
Maysa,Machado,maysa.machado.func3233@aeroporto.com.br,210,1310,2011-06-09,3405.57,True,FUNC-003234
Mariah,Câmara,mariah.câmara.func3234@aeroporto.com.br,53,88,2015-05-28,16864.96,True,FUNC-003235
André,Barbosa,andré.barbosa.func3235@aeroporto.com.br,560,735,2026-05-23,34278.77,True,FUNC-003236
Luiz Otávio,Novaes,luiz otávio.novaes.func3236@aeroporto.com.br,127,4391,2019-10-02,22826.27,True,FUNC-003237
João Lucas,Pimenta,joão lucas.pimenta.func3237@aeroporto.com.br,33,3954,2012-08-14,16892.25,True,FUNC-003238
Thales,Camargo,thales.camargo.func3238@aeroporto.com.br,54,1120,2023-10-26,24710.84,False,FUNC-003239
Bruno,Câmara,bruno.câmara.func3239@aeroporto.com.br,432,1298,2026-05-31,18509.95,True,FUNC-003240
Francisco,Gomes,francisco.gomes.func3240@aeroporto.com.br,478,417,2014-09-20,14996.21,True,FUNC-003241
Benicio,Pires,benicio.pires.func3241@aeroporto.com.br,22,2736,2021-08-14,34555.71,True,FUNC-003242
Yasmin,da Paz,yasmin.da paz.func3242@aeroporto.com.br,316,2115,2024-01-02,14098.48,True,FUNC-003243
Cauê,Montenegro,cauê.montenegro.func3243@aeroporto.com.br,197,738,2018-08-12,9222.82,True,FUNC-003244
Noah,Aparecida,noah.aparecida.func3244@aeroporto.com.br,144,4245,2023-12-03,22315.52,True,FUNC-003245
Samuel,Guerra,samuel.guerra.func3245@aeroporto.com.br,162,4407,2024-07-06,26756.08,True,FUNC-003246
Alexia,Rios,alexia.rios.func3246@aeroporto.com.br,422,3058,2016-10-12,26346.15,True,FUNC-003247
Carolina,Lima,carolina.lima.func3247@aeroporto.com.br,320,4093,2021-06-24,11538.66,True,FUNC-003248
Mathias,da Mota,mathias.da mota.func3248@aeroporto.com.br,720,3759,2015-11-11,25656.41,True,FUNC-003249
Breno,Macedo,breno.macedo.func3249@aeroporto.com.br,678,4536,2019-12-28,6960.93,True,FUNC-003250
Stephany,Duarte,stephany.duarte.func3250@aeroporto.com.br,503,3876,2020-07-15,16198.87,True,FUNC-003251
Larissa,Rios,larissa.rios.func3251@aeroporto.com.br,677,3965,2013-04-04,23313.0,True,FUNC-003252
Sophie,Peixoto,sophie.peixoto.func3252@aeroporto.com.br,91,2961,2015-08-31,18995.42,True,FUNC-003253
Isaque,Nunes,isaque.nunes.func3253@aeroporto.com.br,665,823,2014-01-25,33983.29,True,FUNC-003254
Murilo,Barros,murilo.barros.func3254@aeroporto.com.br,489,3976,2021-04-15,4581.42,True,FUNC-003255
Nicole,Cardoso,nicole.cardoso.func3255@aeroporto.com.br,602,2985,2018-09-11,17251.79,True,FUNC-003256
Otto,Aparecida,otto.aparecida.func3256@aeroporto.com.br,295,3118,2014-08-19,30736.31,True,FUNC-003257
Camila,Peixoto,camila.peixoto.func3257@aeroporto.com.br,112,588,2021-02-04,31099.38,True,FUNC-003258
Valentim,Rodrigues,valentim.rodrigues.func3258@aeroporto.com.br,565,3675,2011-07-05,24509.65,True,FUNC-003259
Henrique,Cassiano,henrique.cassiano.func3259@aeroporto.com.br,822,3250,2015-04-22,30575.4,True,FUNC-003260
Luara,Brito,luara.brito.func3260@aeroporto.com.br,761,1066,2025-03-04,2644.22,True,FUNC-003261
Laís,Gonçalves,laís.gonçalves.func3261@aeroporto.com.br,334,157,2012-01-22,4586.82,True,FUNC-003262
Nicolas,Câmara,nicolas.câmara.func3262@aeroporto.com.br,715,3351,2015-09-01,24438.44,True,FUNC-003263
Manuella,Rocha,manuella.rocha.func3263@aeroporto.com.br,623,987,2021-04-04,13314.06,True,FUNC-003264
Arthur,Vargas,arthur.vargas.func3264@aeroporto.com.br,726,2857,2023-04-25,27813.88,True,FUNC-003265
Ana Sophia,Rocha,ana sophia.rocha.func3265@aeroporto.com.br,523,3949,2020-05-23,26869.91,True,FUNC-003266
Melissa,Jesus,melissa.jesus.func3266@aeroporto.com.br,747,4032,2012-12-26,18683.06,True,FUNC-003267
Camila,Leão,camila.leão.func3267@aeroporto.com.br,841,2618,2023-05-20,12149.96,True,FUNC-003268
Brenda,Costa,brenda.costa.func3268@aeroporto.com.br,970,887,2022-06-23,17331.47,True,FUNC-003269
Guilherme,Carvalho,guilherme.carvalho.func3269@aeroporto.com.br,453,2690,2014-11-25,31868.48,True,FUNC-003270
Ana Carolina,Barbosa,ana carolina.barbosa.func3270@aeroporto.com.br,682,2537,2017-01-18,30593.89,True,FUNC-003271
Maria Vitória,Mendes,maria vitória.mendes.func3271@aeroporto.com.br,532,1240,2017-03-12,34481.42,True,FUNC-003272
Anthony Gabriel,Camargo,anthony gabriel.camargo.func3272@aeroporto.com.br,416,2972,2015-10-12,10994.38,True,FUNC-003273
Vitor Gabriel,Campos,vitor gabriel.campos.func3273@aeroporto.com.br,716,817,2025-09-21,27346.92,True,FUNC-003274
Juliana,Nunes,juliana.nunes.func3274@aeroporto.com.br,923,3737,2025-10-15,33254.11,True,FUNC-003275
Pedro Miguel,Andrade,pedro miguel.andrade.func3275@aeroporto.com.br,359,808,2025-08-13,30265.15,True,FUNC-003276
Manuella,Teixeira,manuella.teixeira.func3276@aeroporto.com.br,494,4684,2019-10-24,26732.51,True,FUNC-003277
Emanuel,Cavalcante,emanuel.cavalcante.func3277@aeroporto.com.br,533,2746,2014-10-18,26603.06,True,FUNC-003278
Luiz Felipe,Campos,luiz felipe.campos.func3278@aeroporto.com.br,988,1207,2014-04-08,25003.65,True,FUNC-003279
Luna,Fonseca,luna.fonseca.func3279@aeroporto.com.br,441,1706,2022-02-23,13733.07,True,FUNC-003280
Breno,Oliveira,breno.oliveira.func3280@aeroporto.com.br,549,1273,2024-05-01,11703.6,False,FUNC-003281
João Lucas,da Mata,joão lucas.da mata.func3281@aeroporto.com.br,940,1430,2025-10-09,28157.69,True,FUNC-003282
Ana Beatriz,Montenegro,ana beatriz.montenegro.func3282@aeroporto.com.br,734,3231,2019-11-29,23365.33,True,FUNC-003283
Nicolas,Mendes,nicolas.mendes.func3283@aeroporto.com.br,850,3670,2014-07-26,28644.9,True,FUNC-003284
Juan,Marques,juan.marques.func3284@aeroporto.com.br,536,3158,2019-06-23,28099.82,True,FUNC-003285
Bryan,Ramos,bryan.ramos.func3285@aeroporto.com.br,73,2773,2012-12-25,14534.51,True,FUNC-003286
Aylla,Fonseca,aylla.fonseca.func3286@aeroporto.com.br,96,2816,2021-12-06,9132.43,True,FUNC-003287
Brayan,Aragão,brayan.aragão.func3287@aeroporto.com.br,790,2283,2023-01-04,17314.46,True,FUNC-003288
Aurora,Costa,aurora.costa.func3288@aeroporto.com.br,248,1633,2024-05-05,24341.88,True,FUNC-003289
Mariane,Lima,mariane.lima.func3289@aeroporto.com.br,14,2656,2022-06-11,7260.58,True,FUNC-003290
Gael Henrique,da Conceição,gael henrique.da conceição.func3290@aeroporto.com.br,153,1955,2011-12-18,12341.75,True,FUNC-003291
Gustavo Henrique,Lopes,gustavo henrique.lopes.func3291@aeroporto.com.br,244,2728,2018-11-18,3319.36,True,FUNC-003292
Mariana,Rios,mariana.rios.func3292@aeroporto.com.br,421,4545,2025-04-22,27325.75,True,FUNC-003293
José Miguel,Silva,josé miguel.silva.func3293@aeroporto.com.br,419,1579,2023-04-27,30729.74,True,FUNC-003294
Benicio,Santos,benicio.santos.func3294@aeroporto.com.br,565,1053,2019-12-25,27817.08,True,FUNC-003295
Anthony,Pinto,anthony.pinto.func3295@aeroporto.com.br,13,3245,2018-01-06,17666.51,True,FUNC-003296
Vitor Hugo,Oliveira,vitor hugo.oliveira.func3296@aeroporto.com.br,684,452,2014-03-15,3108.42,True,FUNC-003297
Maria Luísa,Brito,maria luísa.brito.func3297@aeroporto.com.br,393,961,2017-11-23,5095.0,True,FUNC-003298
Maria Fernanda,Cassiano,maria fernanda.cassiano.func3298@aeroporto.com.br,702,228,2023-05-24,26375.1,True,FUNC-003299
Larissa,Oliveira,larissa.oliveira.func3299@aeroporto.com.br,569,1786,2013-06-17,17734.63,True,FUNC-003300
Pietro,Teixeira,pietro.teixeira.func3300@aeroporto.com.br,968,4724,2017-12-28,12664.83,True,FUNC-003301
Calebe,Nunes,calebe.nunes.func3301@aeroporto.com.br,181,773,2016-11-13,30680.99,True,FUNC-003302
Otto,Pimenta,otto.pimenta.func3302@aeroporto.com.br,759,661,2014-12-23,11512.01,True,FUNC-003303
Vitor Gabriel,Pereira,vitor gabriel.pereira.func3303@aeroporto.com.br,378,4338,2014-07-19,8358.35,True,FUNC-003304
Paulo,Abreu,paulo.abreu.func3304@aeroporto.com.br,613,4876,2018-02-16,11412.97,True,FUNC-003305
Maria Julia,Peixoto,maria julia.peixoto.func3305@aeroporto.com.br,227,534,2016-05-07,10077.01,True,FUNC-003306
Lara,Machado,lara.machado.func3306@aeroporto.com.br,566,1149,2015-01-16,23131.22,True,FUNC-003307
Murilo,Azevedo,murilo.azevedo.func3307@aeroporto.com.br,611,1069,2018-01-23,11346.71,True,FUNC-003308
Maria Luísa,Barbosa,maria luísa.barbosa.func3308@aeroporto.com.br,907,4168,2022-04-13,13264.16,True,FUNC-003309
Stephany,Teixeira,stephany.teixeira.func3309@aeroporto.com.br,979,2080,2020-09-21,10252.15,True,FUNC-003310
Ana Laura,Gonçalves,ana laura.gonçalves.func3310@aeroporto.com.br,269,4736,2018-07-09,4713.66,True,FUNC-003311
Ian,da Conceição,ian.da conceição.func3311@aeroporto.com.br,727,2386,2015-07-12,11544.04,True,FUNC-003312
João Gabriel,Viana,joão gabriel.viana.func3312@aeroporto.com.br,779,3107,2018-07-14,8906.47,True,FUNC-003313
Kaique,Moreira,kaique.moreira.func3313@aeroporto.com.br,516,3297,2021-08-03,21621.49,True,FUNC-003314
Joaquim,Silva,joaquim.silva.func3314@aeroporto.com.br,959,3338,2022-12-09,18722.65,True,FUNC-003315
Rafaela,Costa,rafaela.costa.func3315@aeroporto.com.br,278,3020,2023-11-27,8263.94,True,FUNC-003316
Maria Liz,Nogueira,maria liz.nogueira.func3316@aeroporto.com.br,574,2580,2023-10-19,16876.46,True,FUNC-003317
Bárbara,Cirino,bárbara.cirino.func3317@aeroporto.com.br,950,1281,2017-11-19,12645.9,True,FUNC-003318
Alana,Pimenta,alana.pimenta.func3318@aeroporto.com.br,506,559,2013-09-09,23448.89,True,FUNC-003319
Emilly,Rios,emilly.rios.func3319@aeroporto.com.br,690,811,2015-09-15,14525.01,False,FUNC-003320
Emilly,Sousa,emilly.sousa.func3320@aeroporto.com.br,658,3975,2014-06-30,14961.93,True,FUNC-003321
Eduarda,Carvalho,eduarda.carvalho.func3321@aeroporto.com.br,811,2107,2015-09-29,14704.42,True,FUNC-003322
Diogo,Garcia,diogo.garcia.func3322@aeroporto.com.br,459,3867,2012-09-19,7364.8,True,FUNC-003323
Hellena,Vasconcelos,hellena.vasconcelos.func3323@aeroporto.com.br,140,4910,2025-07-14,8198.92,True,FUNC-003324
Hellena,Teixeira,hellena.teixeira.func3324@aeroporto.com.br,271,4278,2015-07-21,31112.11,True,FUNC-003325
Milena,Mendonça,milena.mendonça.func3325@aeroporto.com.br,219,55,2014-07-19,34552.1,True,FUNC-003326
Ravy,Nunes,ravy.nunes.func3326@aeroporto.com.br,743,4132,2017-07-12,13700.61,False,FUNC-003327
Enzo Gabriel,Mendes,enzo gabriel.mendes.func3327@aeroporto.com.br,981,3618,2023-02-23,7453.52,False,FUNC-003328
Vitor Gabriel,Dias,vitor gabriel.dias.func3328@aeroporto.com.br,50,583,2022-01-27,5193.72,True,FUNC-003329
Davi Miguel,Vieira,davi miguel.vieira.func3329@aeroporto.com.br,981,901,2020-06-16,8883.06,True,FUNC-003330
Vitor,Moura,vitor.moura.func3330@aeroporto.com.br,300,1564,2026-04-23,33829.27,True,FUNC-003331
Eduardo,da Costa,eduardo.da costa.func3331@aeroporto.com.br,747,2095,2013-11-29,19150.1,True,FUNC-003332
Luana,Martins,luana.martins.func3332@aeroporto.com.br,2,1510,2022-06-02,26244.21,True,FUNC-003333
Nathan,Costela,nathan.costela.func3333@aeroporto.com.br,540,3682,2015-09-09,19263.34,False,FUNC-003334
Allana,Campos,allana.campos.func3334@aeroporto.com.br,269,4385,2018-07-30,23042.72,True,FUNC-003335
Vitória,Costela,vitória.costela.func3335@aeroporto.com.br,633,3482,2018-12-17,24143.78,True,FUNC-003336
João Vitor,Gonçalves,joão vitor.gonçalves.func3336@aeroporto.com.br,254,1657,2017-07-25,19806.08,True,FUNC-003337
Alícia,Pereira,alícia.pereira.func3337@aeroporto.com.br,623,977,2017-08-07,23625.14,True,FUNC-003338
Liam,Mendonça,liam.mendonça.func3338@aeroporto.com.br,32,1753,2024-12-09,5484.21,True,FUNC-003339
Maria Vitória,Camargo,maria vitória.camargo.func3339@aeroporto.com.br,791,1081,2023-01-13,13558.7,True,FUNC-003340
Nathan,Cavalcanti,nathan.cavalcanti.func3340@aeroporto.com.br,894,2134,2011-12-08,7327.34,True,FUNC-003341
Nathan,Azevedo,nathan.azevedo.func3341@aeroporto.com.br,567,1901,2015-03-24,6147.94,True,FUNC-003342
Ravi Lucca,Camargo,ravi lucca.camargo.func3342@aeroporto.com.br,611,1447,2011-06-04,11552.93,False,FUNC-003343
Samuel,Costela,samuel.costela.func3343@aeroporto.com.br,853,745,2019-02-11,13039.9,True,FUNC-003344
Thales,Silveira,thales.silveira.func3344@aeroporto.com.br,718,3704,2024-01-12,8574.3,True,FUNC-003345
Ravi,Vargas,ravi.vargas.func3345@aeroporto.com.br,663,2464,2017-12-18,27239.73,True,FUNC-003346
Felipe,Pastor,felipe.pastor.func3346@aeroporto.com.br,535,4960,2012-09-26,12597.79,False,FUNC-003347
Pedro Henrique,das Neves,pedro henrique.das neves.func3347@aeroporto.com.br,617,3945,2023-01-02,18531.67,True,FUNC-003348
Ravi Lucca,Campos,ravi lucca.campos.func3348@aeroporto.com.br,609,3878,2018-09-27,5174.95,False,FUNC-003349
Igor,Silva,igor.silva.func3349@aeroporto.com.br,737,3245,2019-07-31,23813.16,True,FUNC-003350
Pedro Henrique,Correia,pedro henrique.correia.func3350@aeroporto.com.br,477,4646,2021-05-21,27083.06,True,FUNC-003351
Sophie,Nascimento,sophie.nascimento.func3351@aeroporto.com.br,122,1418,2015-06-22,32461.3,True,FUNC-003352
Lucas Gabriel,Ferreira,lucas gabriel.ferreira.func3352@aeroporto.com.br,483,2817,2016-11-18,30146.42,True,FUNC-003353
Cauê,Brito,cauê.brito.func3353@aeroporto.com.br,970,4436,2012-09-14,7480.3,True,FUNC-003354
Emilly,Cassiano,emilly.cassiano.func3354@aeroporto.com.br,637,3868,2020-09-09,28610.35,True,FUNC-003355
Maria,Mendonça,maria.mendonça.func3355@aeroporto.com.br,442,408,2018-01-18,19547.14,True,FUNC-003356
Ravy,Montenegro,ravy.montenegro.func3356@aeroporto.com.br,552,3576,2013-09-28,29885.22,True,FUNC-003357
Bianca,Costa,bianca.costa.func3357@aeroporto.com.br,685,2559,2025-04-17,18907.39,True,FUNC-003358
Bernardo,Melo,bernardo.melo.func3358@aeroporto.com.br,624,4959,2024-08-02,19406.75,True,FUNC-003359
Maria Flor,Rodrigues,maria flor.rodrigues.func3359@aeroporto.com.br,528,776,2023-07-01,13224.29,True,FUNC-003360
Laís,Abreu,laís.abreu.func3360@aeroporto.com.br,722,1449,2013-01-31,14940.93,True,FUNC-003361
Rafael,Cavalcante,rafael.cavalcante.func3361@aeroporto.com.br,299,1789,2018-06-29,22041.71,True,FUNC-003362
Stella,da Mata,stella.da mata.func3362@aeroporto.com.br,322,4828,2015-05-21,12172.48,True,FUNC-003363
Heitor,Barros,heitor.barros.func3363@aeroporto.com.br,732,281,2022-01-26,19541.2,True,FUNC-003364
Yan,Peixoto,yan.peixoto.func3364@aeroporto.com.br,487,4026,2011-08-28,17172.11,True,FUNC-003365
Laura,Viana,laura.viana.func3365@aeroporto.com.br,968,3634,2012-02-26,21280.01,True,FUNC-003366
Vitor Gabriel,Garcia,vitor gabriel.garcia.func3366@aeroporto.com.br,892,1866,2019-05-10,24172.4,True,FUNC-003367
Samuel,Cavalcanti,samuel.cavalcanti.func3367@aeroporto.com.br,400,4163,2014-09-25,9795.29,True,FUNC-003368
Juliana,Melo,juliana.melo.func3368@aeroporto.com.br,928,4850,2011-10-05,8657.74,True,FUNC-003369
Ester,da Cruz,ester.da cruz.func3369@aeroporto.com.br,177,4692,2018-07-05,23201.17,True,FUNC-003370
Henrique,Sales,henrique.sales.func3370@aeroporto.com.br,63,4655,2011-09-28,5149.75,True,FUNC-003371
Bruna,Camargo,bruna.camargo.func3371@aeroporto.com.br,680,3847,2022-05-12,23580.98,True,FUNC-003372
Emilly,Borges,emilly.borges.func3372@aeroporto.com.br,221,1700,2023-10-19,27010.53,True,FUNC-003373
Miguel,da Luz,miguel.da luz.func3373@aeroporto.com.br,517,4738,2021-11-26,24802.66,True,FUNC-003374
Davi,Marques,davi.marques.func3374@aeroporto.com.br,754,1890,2023-08-17,2742.02,True,FUNC-003375
João Vitor,Moura,joão vitor.moura.func3375@aeroporto.com.br,505,3427,2014-04-22,29863.51,True,FUNC-003376
Clarice,Farias,clarice.farias.func3376@aeroporto.com.br,65,1521,2022-12-12,18648.0,True,FUNC-003377
Enrico,das Neves,enrico.das neves.func3377@aeroporto.com.br,650,550,2017-12-30,25035.45,True,FUNC-003378
Caio,Siqueira,caio.siqueira.func3378@aeroporto.com.br,723,2858,2025-05-27,21607.51,True,FUNC-003379
Joana,Borges,joana.borges.func3379@aeroporto.com.br,892,4203,2017-02-07,31318.75,True,FUNC-003380
Renan,Correia,renan.correia.func3380@aeroporto.com.br,648,1322,2023-09-21,32031.48,True,FUNC-003381
Isabel,Camargo,isabel.camargo.func3381@aeroporto.com.br,626,68,2014-09-11,8213.26,True,FUNC-003382
Raul,Brito,raul.brito.func3382@aeroporto.com.br,787,3080,2019-03-01,6039.78,True,FUNC-003383
Luiz Miguel,Farias,luiz miguel.farias.func3383@aeroporto.com.br,45,2034,2014-11-05,4871.22,True,FUNC-003384
Nicolas,Pimenta,nicolas.pimenta.func3384@aeroporto.com.br,27,4444,2019-11-19,15748.16,True,FUNC-003385
Ian,Nunes,ian.nunes.func3385@aeroporto.com.br,614,430,2025-06-10,17976.54,True,FUNC-003386
Davi,Cassiano,davi.cassiano.func3386@aeroporto.com.br,470,849,2023-04-13,21415.72,True,FUNC-003387
João Lucas,Rezende,joão lucas.rezende.func3387@aeroporto.com.br,322,4428,2015-02-04,19957.88,True,FUNC-003388
Nathan,Correia,nathan.correia.func3388@aeroporto.com.br,896,3497,2025-12-22,23811.15,True,FUNC-003389
Agatha,Nogueira,agatha.nogueira.func3389@aeroporto.com.br,902,2099,2015-11-25,14246.96,False,FUNC-003390
Luiza,Almeida,luiza.almeida.func3390@aeroporto.com.br,321,2661,2012-06-20,12678.36,False,FUNC-003391
Lavínia,Aparecida,lavínia.aparecida.func3391@aeroporto.com.br,988,3714,2025-12-05,16530.58,True,FUNC-003392
Otto,Abreu,otto.abreu.func3392@aeroporto.com.br,706,2381,2024-10-11,23070.66,True,FUNC-003393
Antony,Nascimento,antony.nascimento.func3393@aeroporto.com.br,689,4829,2018-01-02,21351.79,True,FUNC-003394
Pietro,Moraes,pietro.moraes.func3394@aeroporto.com.br,650,1800,2018-07-08,34493.63,True,FUNC-003395
Vicente,Pastor,vicente.pastor.func3395@aeroporto.com.br,504,1374,2022-03-09,34722.89,True,FUNC-003396
Lucca,Monteiro,lucca.monteiro.func3396@aeroporto.com.br,544,4126,2021-11-27,29363.67,True,FUNC-003397
João Pedro,da Luz,joão pedro.da luz.func3397@aeroporto.com.br,302,2025,2013-08-29,24105.92,False,FUNC-003398
Sara,Rodrigues,sara.rodrigues.func3398@aeroporto.com.br,832,4071,2021-10-05,5079.09,True,FUNC-003399
Ísis,Caldeira,ísis.caldeira.func3399@aeroporto.com.br,269,53,2019-12-04,13335.15,True,FUNC-003400
Ester,Vargas,ester.vargas.func3400@aeroporto.com.br,418,2168,2023-01-27,30154.15,True,FUNC-003401
Heloisa,Aragão,heloisa.aragão.func3401@aeroporto.com.br,494,3773,2021-09-12,29554.42,True,FUNC-003402
Gustavo Henrique,Rodrigues,gustavo henrique.rodrigues.func3402@aeroporto.com.br,424,751,2020-08-29,12698.94,True,FUNC-003403
Vitor Gabriel,da Luz,vitor gabriel.da luz.func3403@aeroporto.com.br,923,1762,2014-06-23,14332.59,True,FUNC-003404
Benjamim,Gonçalves,benjamim.gonçalves.func3404@aeroporto.com.br,846,3220,2021-02-06,18404.41,True,FUNC-003405
João Guilherme,Porto,joão guilherme.porto.func3405@aeroporto.com.br,175,2926,2023-10-24,13174.72,True,FUNC-003406
Eloá,Gomes,eloá.gomes.func3406@aeroporto.com.br,789,4294,2017-08-19,31329.28,True,FUNC-003407
José Miguel,Pereira,josé miguel.pereira.func3407@aeroporto.com.br,334,1532,2013-03-09,24434.86,True,FUNC-003408
Nathan,Abreu,nathan.abreu.func3408@aeroporto.com.br,533,4087,2017-09-29,19176.1,True,FUNC-003409
Gabriela,Mendes,gabriela.mendes.func3409@aeroporto.com.br,483,1549,2023-01-20,7330.75,True,FUNC-003410
Brenda,Caldeira,brenda.caldeira.func3410@aeroporto.com.br,208,2920,2015-10-24,10033.2,True,FUNC-003411
Maria Cecília,Cavalcanti,maria cecília.cavalcanti.func3411@aeroporto.com.br,87,1955,2024-05-06,18164.61,True,FUNC-003412
Laís,Rodrigues,laís.rodrigues.func3412@aeroporto.com.br,94,2631,2019-11-23,6468.59,True,FUNC-003413
Zoe,Silva,zoe.silva.func3413@aeroporto.com.br,315,3292,2021-02-05,9802.94,True,FUNC-003414
Daniel,da Mota,daniel.da mota.func3414@aeroporto.com.br,98,2068,2015-10-16,25583.81,True,FUNC-003415
Lucca,Cassiano,lucca.cassiano.func3415@aeroporto.com.br,64,2314,2011-09-06,33010.86,True,FUNC-003416
Luna,Vargas,luna.vargas.func3416@aeroporto.com.br,578,1550,2018-03-10,5167.38,True,FUNC-003417
Theodoro,Moraes,theodoro.moraes.func3417@aeroporto.com.br,64,22,2024-12-17,6018.95,True,FUNC-003418
Gabriel,Pacheco,gabriel.pacheco.func3418@aeroporto.com.br,86,2962,2023-05-10,22230.79,True,FUNC-003419
Augusto,Correia,augusto.correia.func3419@aeroporto.com.br,25,3479,2015-01-26,16173.45,True,FUNC-003420
Davi Lucca,Martins,davi lucca.martins.func3420@aeroporto.com.br,718,4379,2023-04-12,4870.54,True,FUNC-003421
Henrique,Moreira,henrique.moreira.func3421@aeroporto.com.br,65,3657,2023-10-19,31587.57,True,FUNC-003422
Bryan,Correia,bryan.correia.func3422@aeroporto.com.br,183,4830,2026-03-30,6817.4,True,FUNC-003423
Eloá,Souza,eloá.souza.func3423@aeroporto.com.br,952,2893,2025-01-09,21333.03,True,FUNC-003424
Heitor,Lima,heitor.lima.func3424@aeroporto.com.br,129,2345,2015-11-13,33344.28,True,FUNC-003425
Eloá,da Cunha,eloá.da cunha.func3425@aeroporto.com.br,236,4135,2018-02-18,22266.81,True,FUNC-003426
Beatriz,Viana,beatriz.viana.func3426@aeroporto.com.br,191,359,2015-02-23,16878.93,True,FUNC-003427
Rael,Pimenta,rael.pimenta.func3427@aeroporto.com.br,67,1082,2022-11-10,16099.7,True,FUNC-003428
Diego,Gonçalves,diego.gonçalves.func3428@aeroporto.com.br,848,1641,2011-11-19,34573.32,True,FUNC-003429
Otávio,Martins,otávio.martins.func3429@aeroporto.com.br,333,831,2022-06-11,20692.58,True,FUNC-003430
Noah,Sales,noah.sales.func3430@aeroporto.com.br,746,3803,2013-04-10,27631.41,True,FUNC-003431
Arthur,Cavalcanti,arthur.cavalcanti.func3431@aeroporto.com.br,860,962,2017-09-27,26627.17,True,FUNC-003432
Josué,Barros,josué.barros.func3432@aeroporto.com.br,488,1495,2023-03-09,21632.24,True,FUNC-003433
Manuela,Vasconcelos,manuela.vasconcelos.func3433@aeroporto.com.br,381,4605,2014-12-02,5005.09,True,FUNC-003434
Anna Liz,Costa,anna liz.costa.func3434@aeroporto.com.br,437,2454,2019-06-06,5002.72,True,FUNC-003435
Marina,Mendes,marina.mendes.func3435@aeroporto.com.br,378,4682,2025-01-08,2826.31,True,FUNC-003436
Enrico,Cirino,enrico.cirino.func3436@aeroporto.com.br,697,1851,2016-09-04,29770.99,True,FUNC-003437
José Pedro,Andrade,josé pedro.andrade.func3437@aeroporto.com.br,700,1755,2023-07-09,7728.29,True,FUNC-003438
Olívia,Duarte,olívia.duarte.func3438@aeroporto.com.br,484,4330,2016-11-05,30485.04,True,FUNC-003439
Carolina,das Neves,carolina.das neves.func3439@aeroporto.com.br,115,2389,2017-06-01,8314.8,True,FUNC-003440
Eloá,Albuquerque,eloá.albuquerque.func3440@aeroporto.com.br,97,3952,2016-06-03,18035.41,True,FUNC-003441
Enzo Gabriel,Novais,enzo gabriel.novais.func3441@aeroporto.com.br,711,4363,2012-12-03,22978.4,True,FUNC-003442
Caio,Ribeiro,caio.ribeiro.func3442@aeroporto.com.br,760,2712,2022-10-29,11341.9,True,FUNC-003443
Mariane,Freitas,mariane.freitas.func3443@aeroporto.com.br,7,4014,2016-02-18,5862.59,True,FUNC-003444
Theo,Nascimento,theo.nascimento.func3444@aeroporto.com.br,69,90,2022-06-06,34986.65,False,FUNC-003445
Maria Flor,Sales,maria flor.sales.func3445@aeroporto.com.br,944,3631,2011-08-19,23326.98,True,FUNC-003446
Mirella,Ribeiro,mirella.ribeiro.func3446@aeroporto.com.br,661,918,2014-10-08,2717.58,True,FUNC-003447
Maya,Novaes,maya.novaes.func3447@aeroporto.com.br,941,88,2015-02-14,21029.44,True,FUNC-003448
Leonardo,Borges,leonardo.borges.func3448@aeroporto.com.br,135,120,2021-03-25,15798.5,True,FUNC-003449
Valentina,Almeida,valentina.almeida.func3449@aeroporto.com.br,971,3110,2011-10-12,31647.43,True,FUNC-003450
Rael,Macedo,rael.macedo.func3450@aeroporto.com.br,154,3615,2015-03-26,17496.08,True,FUNC-003451
Nicole,Rios,nicole.rios.func3451@aeroporto.com.br,397,1112,2026-03-07,3362.01,True,FUNC-003452
Daniel,da Costa,daniel.da costa.func3452@aeroporto.com.br,821,509,2015-08-01,10460.36,True,FUNC-003453
Ravi Lucca,Melo,ravi lucca.melo.func3453@aeroporto.com.br,674,441,2013-07-11,8499.66,True,FUNC-003454
Murilo,Cirino,murilo.cirino.func3454@aeroporto.com.br,656,3177,2019-09-24,11561.35,True,FUNC-003455
Bruno,Costela,bruno.costela.func3455@aeroporto.com.br,73,4290,2023-04-09,18553.64,True,FUNC-003456
Ravi,Cavalcante,ravi.cavalcante.func3456@aeroporto.com.br,947,2995,2014-04-28,27410.51,True,FUNC-003457
Camila,Rodrigues,camila.rodrigues.func3457@aeroporto.com.br,728,4602,2015-01-09,9384.23,True,FUNC-003458
Caleb,da Rosa,caleb.da rosa.func3458@aeroporto.com.br,260,2155,2021-09-26,26210.19,True,FUNC-003459
Davi Miguel,Andrade,davi miguel.andrade.func3459@aeroporto.com.br,821,3433,2011-10-15,14849.88,True,FUNC-003460
Sophia,Pereira,sophia.pereira.func3460@aeroporto.com.br,884,3173,2025-05-29,31914.73,True,FUNC-003461
Henry Gabriel,da Paz,henry gabriel.da paz.func3461@aeroporto.com.br,83,1428,2022-09-20,6367.29,True,FUNC-003462
Emanuella,Moraes,emanuella.moraes.func3462@aeroporto.com.br,670,2396,2023-02-16,17345.04,True,FUNC-003463
Levi,Costa,levi.costa.func3463@aeroporto.com.br,673,463,2011-10-30,11643.05,True,FUNC-003464
Ísis,Gomes,ísis.gomes.func3464@aeroporto.com.br,308,3719,2025-08-10,4176.62,True,FUNC-003465
Asafe,Gomes,asafe.gomes.func3465@aeroporto.com.br,130,3505,2016-07-02,11657.45,True,FUNC-003466
Kaique,Machado,kaique.machado.func3466@aeroporto.com.br,742,4265,2019-07-25,18628.56,True,FUNC-003467
João Vitor,Freitas,joão vitor.freitas.func3467@aeroporto.com.br,435,4637,2021-03-25,29685.93,True,FUNC-003468
Agatha,Mendonça,agatha.mendonça.func3468@aeroporto.com.br,491,3349,2014-07-09,29780.02,True,FUNC-003469
Dom,da Rocha,dom.da rocha.func3469@aeroporto.com.br,140,3436,2013-02-24,28495.41,True,FUNC-003470
Luiz Miguel,Sá,luiz miguel.sá.func3470@aeroporto.com.br,85,2522,2019-10-17,34298.65,True,FUNC-003471
Benicio,Cavalcante,benicio.cavalcante.func3471@aeroporto.com.br,266,3544,2025-03-20,17001.66,True,FUNC-003472
João Miguel,Nunes,joão miguel.nunes.func3472@aeroporto.com.br,971,2040,2022-12-25,13766.14,True,FUNC-003473
Catarina,Ribeiro,catarina.ribeiro.func3473@aeroporto.com.br,538,4847,2022-08-30,34481.24,False,FUNC-003474
Maria Fernanda,Ramos,maria fernanda.ramos.func3474@aeroporto.com.br,155,3052,2025-08-08,25483.71,True,FUNC-003475
João Felipe,Nogueira,joão felipe.nogueira.func3475@aeroporto.com.br,817,494,2017-10-29,11615.81,True,FUNC-003476
Brenda,Farias,brenda.farias.func3476@aeroporto.com.br,500,4536,2021-11-02,25103.46,True,FUNC-003477
Benjamim,Cavalcante,benjamim.cavalcante.func3477@aeroporto.com.br,190,46,2019-02-05,16757.66,False,FUNC-003478
Isabella,Machado,isabella.machado.func3478@aeroporto.com.br,636,3744,2025-10-08,19442.08,True,FUNC-003479
Ian,Sousa,ian.sousa.func3479@aeroporto.com.br,148,3184,2022-06-15,18074.85,True,FUNC-003480
Julia,Montenegro,julia.montenegro.func3480@aeroporto.com.br,909,2989,2016-12-14,27571.97,True,FUNC-003481
Raquel,Araújo,raquel.araújo.func3481@aeroporto.com.br,255,961,2020-12-13,18902.85,True,FUNC-003482
Alícia,Sales,alícia.sales.func3482@aeroporto.com.br,925,1101,2025-03-09,30678.81,True,FUNC-003483
Rebeca,Pereira,rebeca.pereira.func3483@aeroporto.com.br,769,4347,2013-04-16,23860.29,True,FUNC-003484
Maria Isis,Casa Grande,maria isis.casa grande.func3484@aeroporto.com.br,338,1195,2020-02-05,16396.18,True,FUNC-003485
Isabella,da Mata,isabella.da mata.func3485@aeroporto.com.br,258,1659,2025-12-05,26872.45,True,FUNC-003486
Emilly,Ferreira,emilly.ferreira.func3486@aeroporto.com.br,482,1375,2012-10-15,34492.53,True,FUNC-003487
Nicole,Moreira,nicole.moreira.func3487@aeroporto.com.br,326,3058,2012-07-07,7911.43,True,FUNC-003488
Alice,Rocha,alice.rocha.func3488@aeroporto.com.br,414,187,2014-11-30,31628.18,True,FUNC-003489
Davi Lucas,Costa,davi lucas.costa.func3489@aeroporto.com.br,488,1110,2015-06-28,13106.6,True,FUNC-003490
Levi,Vargas,levi.vargas.func3490@aeroporto.com.br,865,3801,2020-09-30,9896.57,True,FUNC-003491
Leonardo,Pinto,leonardo.pinto.func3491@aeroporto.com.br,32,381,2012-11-29,32538.05,True,FUNC-003492
Eduardo,Pires,eduardo.pires.func3492@aeroporto.com.br,359,577,2019-05-28,30532.93,True,FUNC-003493
Diego,Araújo,diego.araújo.func3493@aeroporto.com.br,103,1789,2019-01-19,30123.69,True,FUNC-003494
Mathias,Araújo,mathias.araújo.func3494@aeroporto.com.br,556,1049,2024-04-14,2914.76,True,FUNC-003495
Ana Sophia,Fernandes,ana sophia.fernandes.func3495@aeroporto.com.br,197,4369,2022-08-21,23163.56,True,FUNC-003496
Evelyn,da Rosa,evelyn.da rosa.func3496@aeroporto.com.br,285,3161,2026-04-29,31359.71,True,FUNC-003497
Henrique,Porto,henrique.porto.func3497@aeroporto.com.br,185,3519,2026-04-28,21798.06,True,FUNC-003498
Samuel,Pacheco,samuel.pacheco.func3498@aeroporto.com.br,448,2684,2020-12-23,18094.13,True,FUNC-003499
Enzo Gabriel,Mendonça,enzo gabriel.mendonça.func3499@aeroporto.com.br,399,2243,2013-02-20,21299.75,True,FUNC-003500
Vitor Hugo,Lima,vitor hugo.lima.func3500@aeroporto.com.br,44,610,2016-01-05,32451.41,True,FUNC-003501
Lucas Gabriel,Borges,lucas gabriel.borges.func3501@aeroporto.com.br,815,2036,2023-08-19,26115.8,True,FUNC-003502
Matheus,Pereira,matheus.pereira.func3502@aeroporto.com.br,492,1668,2019-03-08,18165.26,True,FUNC-003503
Ana Julia,Carvalho,ana julia.carvalho.func3503@aeroporto.com.br,470,4993,2026-01-16,18580.86,True,FUNC-003504
Theodoro,Ferreira,theodoro.ferreira.func3504@aeroporto.com.br,469,1667,2020-01-14,25821.46,True,FUNC-003505
Stella,Rocha,stella.rocha.func3505@aeroporto.com.br,618,2385,2020-04-22,4402.5,True,FUNC-003506
João Pedro,Cardoso,joão pedro.cardoso.func3506@aeroporto.com.br,967,3988,2025-12-02,28521.37,False,FUNC-003507
Lunna,Souza,lunna.souza.func3507@aeroporto.com.br,906,160,2022-12-19,20077.84,True,FUNC-003508
Daniel,Sousa,daniel.sousa.func3508@aeroporto.com.br,771,4020,2022-09-22,14454.52,True,FUNC-003509
Marina,Câmara,marina.câmara.func3509@aeroporto.com.br,298,2996,2015-10-25,10586.57,True,FUNC-003510
Miguel,Câmara,miguel.câmara.func3510@aeroporto.com.br,162,3660,2014-05-31,18390.09,True,FUNC-003511
Mariane,Rocha,mariane.rocha.func3511@aeroporto.com.br,897,2951,2025-09-27,20232.39,True,FUNC-003512
Leonardo,Cardoso,leonardo.cardoso.func3512@aeroporto.com.br,248,3586,2013-07-25,33321.52,True,FUNC-003513
Bernardo,da Cruz,bernardo.da cruz.func3513@aeroporto.com.br,94,4714,2021-11-09,11263.78,True,FUNC-003514
Cauã,Ribeiro,cauã.ribeiro.func3514@aeroporto.com.br,859,3861,2020-06-11,32180.28,True,FUNC-003515
Maria Eduarda,Garcia,maria eduarda.garcia.func3515@aeroporto.com.br,792,2420,2022-08-02,14716.61,True,FUNC-003516
Manuela,Castro,manuela.castro.func3516@aeroporto.com.br,963,345,2016-12-26,17308.52,True,FUNC-003517
Alexia,Rocha,alexia.rocha.func3517@aeroporto.com.br,867,562,2024-01-31,14496.56,True,FUNC-003518
Ana Luiza,Pacheco,ana luiza.pacheco.func3518@aeroporto.com.br,823,838,2013-03-18,34370.13,True,FUNC-003519
Lunna,Pastor,lunna.pastor.func3519@aeroporto.com.br,847,4813,2014-03-24,32577.32,True,FUNC-003520
João Gabriel,Nascimento,joão gabriel.nascimento.func3520@aeroporto.com.br,129,2065,2012-06-11,28108.37,True,FUNC-003521
Otávio,Freitas,otávio.freitas.func3521@aeroporto.com.br,506,3794,2024-02-09,33790.39,True,FUNC-003522
Heitor,da Mota,heitor.da mota.func3522@aeroporto.com.br,112,3837,2017-06-23,8656.72,True,FUNC-003523
Ísis,Gonçalves,ísis.gonçalves.func3523@aeroporto.com.br,73,1513,2013-07-21,9610.44,True,FUNC-003524
Alexia,Marques,alexia.marques.func3524@aeroporto.com.br,593,847,2025-11-01,28693.94,False,FUNC-003525
Aylla,Souza,aylla.souza.func3525@aeroporto.com.br,61,2234,2019-03-29,15473.78,True,FUNC-003526
Valentim,Alves,valentim.alves.func3526@aeroporto.com.br,643,4792,2021-11-26,4070.94,True,FUNC-003527
Luara,Vieira,luara.vieira.func3527@aeroporto.com.br,644,490,2013-05-02,34125.18,True,FUNC-003528
Lara,Montenegro,lara.montenegro.func3528@aeroporto.com.br,910,3558,2017-12-04,15284.7,True,FUNC-003529
Marcelo,Santos,marcelo.santos.func3529@aeroporto.com.br,734,4019,2018-11-12,11390.16,True,FUNC-003530
Maria Cecília,Freitas,maria cecília.freitas.func3530@aeroporto.com.br,77,2849,2022-01-26,23308.24,True,FUNC-003531
Laís,da Paz,laís.da paz.func3531@aeroporto.com.br,593,4831,2015-06-21,13286.06,True,FUNC-003532
Agatha,Gomes,agatha.gomes.func3532@aeroporto.com.br,795,3266,2020-12-07,4149.11,True,FUNC-003533
José Miguel,Alves,josé miguel.alves.func3533@aeroporto.com.br,173,779,2018-12-06,5942.45,True,FUNC-003534
Levi,Fonseca,levi.fonseca.func3534@aeroporto.com.br,127,1800,2012-11-26,12927.21,True,FUNC-003535
Antônio,da Luz,antônio.da luz.func3535@aeroporto.com.br,800,1181,2015-01-06,23794.24,True,FUNC-003536
Theodoro,Viana,theodoro.viana.func3536@aeroporto.com.br,840,3357,2025-10-20,25936.47,False,FUNC-003537
Lorena,Nascimento,lorena.nascimento.func3537@aeroporto.com.br,702,810,2015-10-28,27201.05,True,FUNC-003538
Elisa,Jesus,elisa.jesus.func3538@aeroporto.com.br,148,2841,2024-12-18,22438.65,True,FUNC-003539
Isabela,Almeida,isabela.almeida.func3539@aeroporto.com.br,911,4919,2025-01-24,12422.88,True,FUNC-003540
Alexandre,Teixeira,alexandre.teixeira.func3540@aeroporto.com.br,829,2647,2016-06-29,14906.01,True,FUNC-003541
João Gabriel,Machado,joão gabriel.machado.func3541@aeroporto.com.br,347,2389,2015-10-24,3918.12,True,FUNC-003542
Julia,Borges,julia.borges.func3542@aeroporto.com.br,288,3426,2015-07-03,10607.0,True,FUNC-003543
Rael,Sá,rael.sá.func3543@aeroporto.com.br,321,3384,2019-04-14,12854.9,True,FUNC-003544
Benjamim,Moraes,benjamim.moraes.func3544@aeroporto.com.br,307,3523,2020-12-18,19111.86,True,FUNC-003545
Bento,da Luz,bento.da luz.func3545@aeroporto.com.br,562,3208,2024-12-10,13207.0,True,FUNC-003546
Benício,da Mata,benício.da mata.func3546@aeroporto.com.br,353,2027,2024-09-09,9061.03,True,FUNC-003547
Emanuella,Aragão,emanuella.aragão.func3547@aeroporto.com.br,306,778,2018-04-26,8400.57,True,FUNC-003548
Maria Luísa,da Conceição,maria luísa.da conceição.func3548@aeroporto.com.br,633,971,2018-06-16,5734.48,True,FUNC-003549
Matteo,Cavalcante,matteo.cavalcante.func3549@aeroporto.com.br,805,1730,2025-12-13,16815.6,False,FUNC-003550
Ana Laura,Silva,ana laura.silva.func3550@aeroporto.com.br,689,3319,2026-03-18,30759.5,True,FUNC-003551
Léo,Albuquerque,léo.albuquerque.func3551@aeroporto.com.br,178,2736,2014-12-22,21024.46,True,FUNC-003552
Luiza,Gomes,luiza.gomes.func3552@aeroporto.com.br,864,386,2019-01-09,34371.29,True,FUNC-003553
Henry Gabriel,da Luz,henry gabriel.da luz.func3553@aeroporto.com.br,5,4355,2020-04-06,13025.84,True,FUNC-003554
Juan,Andrade,juan.andrade.func3554@aeroporto.com.br,802,4494,2012-08-01,31880.33,True,FUNC-003555
Letícia,Ramos,letícia.ramos.func3555@aeroporto.com.br,943,2540,2017-01-10,5427.32,True,FUNC-003556
Maria Luiza,Lima,maria luiza.lima.func3556@aeroporto.com.br,725,2633,2014-06-20,6644.76,True,FUNC-003557
Milena,Sampaio,milena.sampaio.func3557@aeroporto.com.br,74,4544,2016-10-07,8491.92,True,FUNC-003558
Mariana,Souza,mariana.souza.func3558@aeroporto.com.br,199,4347,2019-11-06,34101.74,True,FUNC-003559
Maitê,Santos,maitê.santos.func3559@aeroporto.com.br,653,2292,2014-10-19,14095.72,True,FUNC-003560
Diego,Ribeiro,diego.ribeiro.func3560@aeroporto.com.br,97,678,2015-03-03,16390.53,True,FUNC-003561
Alice,Campos,alice.campos.func3561@aeroporto.com.br,549,799,2018-06-07,30545.28,True,FUNC-003562
Allana,Cirino,allana.cirino.func3562@aeroporto.com.br,964,1433,2019-10-24,15107.89,True,FUNC-003563
Joaquim,Jesus,joaquim.jesus.func3563@aeroporto.com.br,701,534,2024-06-25,24701.2,True,FUNC-003564
Cecília,Ramos,cecília.ramos.func3564@aeroporto.com.br,469,4244,2019-07-24,13539.89,True,FUNC-003565
Diego,Pimenta,diego.pimenta.func3565@aeroporto.com.br,658,947,2014-09-22,7594.6,True,FUNC-003566
Lorenzo,Nascimento,lorenzo.nascimento.func3566@aeroporto.com.br,98,751,2022-10-10,28182.91,True,FUNC-003567
Theodoro,da Rocha,theodoro.da rocha.func3567@aeroporto.com.br,867,2317,2014-10-30,29476.39,True,FUNC-003568
Zoe,Carvalho,zoe.carvalho.func3568@aeroporto.com.br,149,1227,2019-02-04,28909.85,True,FUNC-003569
Valentina,Fonseca,valentina.fonseca.func3569@aeroporto.com.br,77,4318,2022-11-01,22026.04,True,FUNC-003570
Gabriela,Moraes,gabriela.moraes.func3570@aeroporto.com.br,491,2607,2015-05-16,28713.35,True,FUNC-003571
Diego,Melo,diego.melo.func3571@aeroporto.com.br,415,2528,2016-02-14,6812.58,True,FUNC-003572
Zoe,Castro,zoe.castro.func3572@aeroporto.com.br,143,4636,2019-11-05,21207.49,True,FUNC-003573
Gabriela,Sales,gabriela.sales.func3573@aeroporto.com.br,422,3654,2026-03-25,13699.37,True,FUNC-003574
Isaque,Vasconcelos,isaque.vasconcelos.func3574@aeroporto.com.br,618,3646,2012-05-20,9025.49,True,FUNC-003575
Diego,da Rocha,diego.da rocha.func3575@aeroporto.com.br,217,3739,2021-12-26,21617.82,True,FUNC-003576
Yasmin,Viana,yasmin.viana.func3576@aeroporto.com.br,117,1421,2024-04-23,33959.11,True,FUNC-003577
João,Abreu,joão.abreu.func3577@aeroporto.com.br,287,849,2013-12-04,3715.94,True,FUNC-003578
Luiz Miguel,Fernandes,luiz miguel.fernandes.func3578@aeroporto.com.br,411,3795,2022-02-05,23684.85,True,FUNC-003579
André,Macedo,andré.macedo.func3579@aeroporto.com.br,990,3004,2020-05-28,16081.75,True,FUNC-003580
Bella,Jesus,bella.jesus.func3580@aeroporto.com.br,862,1748,2017-06-28,13789.8,True,FUNC-003581
Gustavo Henrique,Vieira,gustavo henrique.vieira.func3581@aeroporto.com.br,236,1102,2024-12-19,10054.68,True,FUNC-003582
Sophia,Freitas,sophia.freitas.func3582@aeroporto.com.br,176,405,2012-09-25,29169.31,True,FUNC-003583
Lara,Garcia,lara.garcia.func3583@aeroporto.com.br,666,1233,2025-05-14,11704.6,True,FUNC-003584
Matteo,Viana,matteo.viana.func3584@aeroporto.com.br,268,4671,2015-09-19,27146.09,True,FUNC-003585
Leandro,Fonseca,leandro.fonseca.func3585@aeroporto.com.br,924,2164,2016-12-26,27879.66,True,FUNC-003586
Valentim,Correia,valentim.correia.func3586@aeroporto.com.br,653,967,2021-04-30,28890.1,True,FUNC-003587
Alexia,Barbosa,alexia.barbosa.func3587@aeroporto.com.br,878,738,2019-09-22,31503.18,True,FUNC-003588
Anthony Gabriel,Fernandes,anthony gabriel.fernandes.func3588@aeroporto.com.br,924,4287,2014-06-28,6147.72,True,FUNC-003589
Sarah,Monteiro,sarah.monteiro.func3589@aeroporto.com.br,606,4589,2014-12-18,19065.35,True,FUNC-003590
Arthur Gabriel,Barros,arthur gabriel.barros.func3590@aeroporto.com.br,766,3524,2025-02-15,33486.21,True,FUNC-003591
Vitor Hugo,Silveira,vitor hugo.silveira.func3591@aeroporto.com.br,694,4847,2017-12-14,6000.32,True,FUNC-003592
Luan,Azevedo,luan.azevedo.func3592@aeroporto.com.br,743,2450,2013-11-07,10134.83,True,FUNC-003593
Alexia,Porto,alexia.porto.func3593@aeroporto.com.br,665,3698,2022-07-08,30797.82,True,FUNC-003594
Noah,Ribeiro,noah.ribeiro.func3594@aeroporto.com.br,803,3128,2024-02-02,17886.08,True,FUNC-003595
Kaique,Almeida,kaique.almeida.func3595@aeroporto.com.br,720,415,2021-06-05,25186.66,True,FUNC-003596
Thales,Azevedo,thales.azevedo.func3596@aeroporto.com.br,160,736,2023-05-18,4636.98,True,FUNC-003597
Maria Flor,Cunha,maria flor.cunha.func3597@aeroporto.com.br,967,4716,2020-08-08,9003.01,True,FUNC-003598
Ísis,Alves,ísis.alves.func3598@aeroporto.com.br,628,2304,2013-09-18,23563.55,True,FUNC-003599
José Miguel,Casa Grande,josé miguel.casa grande.func3599@aeroporto.com.br,206,4314,2024-11-04,33327.69,True,FUNC-003600
Maysa,Moraes,maysa.moraes.func3600@aeroporto.com.br,421,3860,2018-03-17,5943.89,True,FUNC-003601
José,Cassiano,josé.cassiano.func3601@aeroporto.com.br,954,2730,2021-09-12,12463.53,True,FUNC-003602
Lorenzo,da Conceição,lorenzo.da conceição.func3602@aeroporto.com.br,667,4919,2022-10-10,14772.8,True,FUNC-003603
Brayan,Aparecida,brayan.aparecida.func3603@aeroporto.com.br,61,4604,2015-08-26,19680.16,True,FUNC-003604
Gabriel,Pereira,gabriel.pereira.func3604@aeroporto.com.br,106,540,2012-10-21,29511.82,True,FUNC-003605
Antony,Castro,antony.castro.func3605@aeroporto.com.br,458,1976,2018-08-27,17671.65,True,FUNC-003606
Emanuella,da Paz,emanuella.da paz.func3606@aeroporto.com.br,408,2210,2013-07-19,21545.45,True,FUNC-003607
Davi Lucca,da Rosa,davi lucca.da rosa.func3607@aeroporto.com.br,257,2709,2017-11-25,34420.81,True,FUNC-003608
Maya,Vargas,maya.vargas.func3608@aeroporto.com.br,416,4585,2018-09-16,22785.03,True,FUNC-003609
Gustavo Henrique,Gomes,gustavo henrique.gomes.func3609@aeroporto.com.br,176,4321,2022-07-31,16173.26,True,FUNC-003610
Théo,Mendes,théo.mendes.func3610@aeroporto.com.br,888,4837,2013-12-09,14651.95,True,FUNC-003611
Camila,da Cruz,camila.da cruz.func3611@aeroporto.com.br,790,1086,2021-12-30,22808.88,True,FUNC-003612
Ravy,Novais,ravy.novais.func3612@aeroporto.com.br,11,2813,2022-05-12,21774.94,True,FUNC-003613
Théo,Cavalcanti,théo.cavalcanti.func3613@aeroporto.com.br,137,585,2017-10-23,23975.31,True,FUNC-003614
Allana,Araújo,allana.araújo.func3614@aeroporto.com.br,845,1067,2012-01-27,26163.91,True,FUNC-003615
Milena,Moreira,milena.moreira.func3615@aeroporto.com.br,157,4249,2024-08-21,5471.44,True,FUNC-003616
Maria Luiza,Rodrigues,maria luiza.rodrigues.func3616@aeroporto.com.br,868,698,2025-07-30,32708.34,True,FUNC-003617
Enrico,Machado,enrico.machado.func3617@aeroporto.com.br,300,693,2016-07-12,7998.22,True,FUNC-003618
Léo,Abreu,léo.abreu.func3618@aeroporto.com.br,526,2372,2019-05-27,17530.23,False,FUNC-003619
Emanuelly,Cavalcanti,emanuelly.cavalcanti.func3619@aeroporto.com.br,149,129,2025-04-24,11682.75,True,FUNC-003620
Beatriz,Garcia,beatriz.garcia.func3620@aeroporto.com.br,363,716,2023-08-29,25955.52,True,FUNC-003621
Theo,Gonçalves,theo.gonçalves.func3621@aeroporto.com.br,276,3109,2014-10-21,29656.69,True,FUNC-003622
Sofia,Rios,sofia.rios.func3622@aeroporto.com.br,656,4803,2011-08-09,30693.68,True,FUNC-003623
Matheus,Azevedo,matheus.azevedo.func3623@aeroporto.com.br,318,2697,2011-09-28,7632.59,True,FUNC-003624
Laura,Cirino,laura.cirino.func3624@aeroporto.com.br,834,4589,2025-06-17,33898.93,True,FUNC-003625
Fernando,Câmara,fernando.câmara.func3625@aeroporto.com.br,231,4278,2023-04-09,9670.09,True,FUNC-003626
Daniel,Nunes,daniel.nunes.func3626@aeroporto.com.br,167,2772,2021-10-03,10117.26,True,FUNC-003627
Kamilly,Gonçalves,kamilly.gonçalves.func3627@aeroporto.com.br,855,2188,2014-03-16,4706.62,True,FUNC-003628
Lucas,Pastor,lucas.pastor.func3628@aeroporto.com.br,92,93,2011-07-01,14262.77,True,FUNC-003629
Kamilly,da Conceição,kamilly.da conceição.func3629@aeroporto.com.br,591,22,2022-10-25,11237.8,True,FUNC-003630
Ana Clara,Teixeira,ana clara.teixeira.func3630@aeroporto.com.br,678,4745,2019-08-15,34935.29,True,FUNC-003631
Anthony,Campos,anthony.campos.func3631@aeroporto.com.br,580,4404,2022-09-17,8035.13,True,FUNC-003632
Rhavi,Guerra,rhavi.guerra.func3632@aeroporto.com.br,391,4375,2015-05-26,34718.42,True,FUNC-003633
Clara,Castro,clara.castro.func3633@aeroporto.com.br,360,4020,2019-11-03,18751.4,True,FUNC-003634
Maria Laura,Viana,maria laura.viana.func3634@aeroporto.com.br,274,1414,2018-06-06,27399.87,True,FUNC-003635
Yuri,Cirino,yuri.cirino.func3635@aeroporto.com.br,771,4804,2025-01-03,26264.53,False,FUNC-003636
Luara,da Mota,luara.da mota.func3636@aeroporto.com.br,703,2110,2024-08-14,30564.62,True,FUNC-003637
Miguel,Nunes,miguel.nunes.func3637@aeroporto.com.br,100,1639,2012-05-30,17944.69,True,FUNC-003638
Lunna,Azevedo,lunna.azevedo.func3638@aeroporto.com.br,711,1262,2015-03-30,20891.41,False,FUNC-003639
José Pedro,Pereira,josé pedro.pereira.func3639@aeroporto.com.br,665,3936,2023-08-27,7062.87,True,FUNC-003640
Maria Luísa,Fernandes,maria luísa.fernandes.func3640@aeroporto.com.br,521,4061,2023-07-08,3520.84,True,FUNC-003641
Rhavi,Siqueira,rhavi.siqueira.func3641@aeroporto.com.br,125,1617,2024-02-06,22272.33,True,FUNC-003642
Raul,Fernandes,raul.fernandes.func3642@aeroporto.com.br,804,983,2019-08-31,15483.62,True,FUNC-003643
Otto,Rocha,otto.rocha.func3643@aeroporto.com.br,919,2116,2017-11-21,10465.66,True,FUNC-003644
Isaque,Aragão,isaque.aragão.func3644@aeroporto.com.br,722,702,2017-10-13,20591.59,False,FUNC-003645
André,Nascimento,andré.nascimento.func3645@aeroporto.com.br,921,2427,2025-02-16,27400.43,True,FUNC-003646
Ana Clara,Sampaio,ana clara.sampaio.func3646@aeroporto.com.br,530,4085,2015-11-02,29617.03,True,FUNC-003647
Calebe,Garcia,calebe.garcia.func3647@aeroporto.com.br,539,3582,2020-04-08,24597.41,True,FUNC-003648
Ana Liz,das Neves,ana liz.das neves.func3648@aeroporto.com.br,35,4145,2014-12-11,24204.37,True,FUNC-003649
Clara,Borges,clara.borges.func3649@aeroporto.com.br,763,673,2012-01-25,24041.36,True,FUNC-003650
Lara,Rodrigues,lara.rodrigues.func3650@aeroporto.com.br,135,1527,2020-11-05,15402.63,True,FUNC-003651
Ryan,Rios,ryan.rios.func3651@aeroporto.com.br,530,219,2020-08-01,19397.16,True,FUNC-003652
Clara,Novaes,clara.novaes.func3652@aeroporto.com.br,933,2152,2024-10-31,19994.27,False,FUNC-003653
Emilly,Brito,emilly.brito.func3653@aeroporto.com.br,348,3108,2014-02-06,3248.11,True,FUNC-003654
Augusto,Leão,augusto.leão.func3654@aeroporto.com.br,268,1464,2017-06-02,10053.83,True,FUNC-003655
Caleb,Aparecida,caleb.aparecida.func3655@aeroporto.com.br,739,4916,2012-12-07,24528.92,True,FUNC-003656
Bruna,Porto,bruna.porto.func3656@aeroporto.com.br,796,1969,2021-09-22,8851.45,True,FUNC-003657
Brenda,Novais,brenda.novais.func3657@aeroporto.com.br,324,4249,2021-09-17,30953.56,True,FUNC-003658
Lucas,Pires,lucas.pires.func3658@aeroporto.com.br,678,3420,2020-10-25,11808.77,True,FUNC-003659
Sabrina,Lopes,sabrina.lopes.func3659@aeroporto.com.br,291,615,2018-10-30,34218.52,True,FUNC-003660
Dante,Peixoto,dante.peixoto.func3660@aeroporto.com.br,333,4484,2017-04-07,22007.86,True,FUNC-003661
Fernanda,Cavalcanti,fernanda.cavalcanti.func3661@aeroporto.com.br,501,3078,2017-05-27,15566.71,True,FUNC-003662
Pietra,Cunha,pietra.cunha.func3662@aeroporto.com.br,118,1887,2022-07-23,15818.2,True,FUNC-003663
Alícia,Sousa,alícia.sousa.func3663@aeroporto.com.br,143,3414,2021-02-15,25264.07,True,FUNC-003664
Emanuella,Guerra,emanuella.guerra.func3664@aeroporto.com.br,971,4662,2018-07-14,9618.62,True,FUNC-003665
Júlia,Cunha,júlia.cunha.func3665@aeroporto.com.br,501,1069,2019-08-07,27745.99,True,FUNC-003666
Luiz Felipe,da Paz,luiz felipe.da paz.func3666@aeroporto.com.br,41,3127,2015-05-11,13163.0,True,FUNC-003667
Valentina,Aragão,valentina.aragão.func3667@aeroporto.com.br,909,2865,2023-09-18,22479.4,True,FUNC-003668
Aurora,Ribeiro,aurora.ribeiro.func3668@aeroporto.com.br,504,1081,2022-09-28,17040.54,True,FUNC-003669
Melissa,Andrade,melissa.andrade.func3669@aeroporto.com.br,88,4863,2022-05-18,8223.84,True,FUNC-003670
Matheus,Machado,matheus.machado.func3670@aeroporto.com.br,606,4953,2018-06-16,14100.08,True,FUNC-003671
Luara,Freitas,luara.freitas.func3671@aeroporto.com.br,889,261,2022-04-11,21778.25,True,FUNC-003672
Benjamim,Mendes,benjamim.mendes.func3672@aeroporto.com.br,964,1921,2020-02-14,17601.96,True,FUNC-003673
Ravi Lucca,Rocha,ravi lucca.rocha.func3673@aeroporto.com.br,759,2776,2016-08-08,11186.52,True,FUNC-003674
Ryan,da Cunha,ryan.da cunha.func3674@aeroporto.com.br,21,4933,2020-11-21,7579.29,True,FUNC-003675
Miguel,Moreira,miguel.moreira.func3675@aeroporto.com.br,35,3100,2024-02-18,10425.82,True,FUNC-003676
Otto,da Mota,otto.da mota.func3676@aeroporto.com.br,309,814,2024-02-17,29539.0,True,FUNC-003677
Sara,Cunha,sara.cunha.func3677@aeroporto.com.br,890,2486,2011-06-07,34542.82,True,FUNC-003678
Pietro,Macedo,pietro.macedo.func3678@aeroporto.com.br,905,1363,2013-03-21,30901.72,True,FUNC-003679
Lucca,Farias,lucca.farias.func3679@aeroporto.com.br,36,2470,2024-10-28,9950.59,True,FUNC-003680
Allana,Sales,allana.sales.func3680@aeroporto.com.br,236,4631,2017-06-20,7718.67,True,FUNC-003681
Ana Beatriz,Silveira,ana beatriz.silveira.func3681@aeroporto.com.br,717,3512,2015-07-01,23432.63,True,FUNC-003682
Diogo,Vasconcelos,diogo.vasconcelos.func3682@aeroporto.com.br,177,1293,2023-05-18,19296.95,True,FUNC-003683
Pedro Henrique,Mendonça,pedro henrique.mendonça.func3683@aeroporto.com.br,553,2643,2024-07-08,19879.1,True,FUNC-003684
Agatha,Cirino,agatha.cirino.func3684@aeroporto.com.br,619,2448,2024-12-10,30300.81,True,FUNC-003685
Dante,Cardoso,dante.cardoso.func3685@aeroporto.com.br,91,1598,2022-10-06,12756.73,True,FUNC-003686
Vitória,Cardoso,vitória.cardoso.func3686@aeroporto.com.br,430,2252,2020-02-18,23610.02,True,FUNC-003687
Enrico,Pires,enrico.pires.func3687@aeroporto.com.br,475,2503,2023-09-23,34797.86,True,FUNC-003688
Breno,Moraes,breno.moraes.func3688@aeroporto.com.br,557,619,2023-01-26,27415.8,True,FUNC-003689
Ana Laura,da Costa,ana laura.da costa.func3689@aeroporto.com.br,396,4537,2026-01-26,15517.3,True,FUNC-003690
Stephany,da Cruz,stephany.da cruz.func3690@aeroporto.com.br,678,1685,2014-05-28,12489.11,True,FUNC-003691
Fernando,Vargas,fernando.vargas.func3691@aeroporto.com.br,671,1012,2023-05-21,26228.19,True,FUNC-003692
Mateus,Casa Grande,mateus.casa grande.func3692@aeroporto.com.br,247,4931,2012-10-11,22448.0,True,FUNC-003693
Samuel,Rezende,samuel.rezende.func3693@aeroporto.com.br,130,1762,2012-12-30,31486.53,True,FUNC-003694
Davi Miguel,Almeida,davi miguel.almeida.func3694@aeroporto.com.br,444,4446,2022-03-14,33724.8,False,FUNC-003695
Maria Helena,Fonseca,maria helena.fonseca.func3695@aeroporto.com.br,761,3915,2014-08-05,5126.34,True,FUNC-003696
Maria Luísa,Novais,maria luísa.novais.func3696@aeroporto.com.br,726,4075,2021-12-02,20876.36,False,FUNC-003697
Isabella,Casa Grande,isabella.casa grande.func3697@aeroporto.com.br,194,2135,2020-06-02,18886.09,True,FUNC-003698
Valentina,da Paz,valentina.da paz.func3698@aeroporto.com.br,203,4470,2019-07-29,19495.23,True,FUNC-003699
Mirella,Rodrigues,mirella.rodrigues.func3699@aeroporto.com.br,984,4036,2013-07-01,30405.27,True,FUNC-003700
Camila,Moura,camila.moura.func3700@aeroporto.com.br,61,3528,2021-06-20,4645.48,True,FUNC-003701
Isabelly,Novais,isabelly.novais.func3701@aeroporto.com.br,884,4945,2017-05-21,25935.91,True,FUNC-003702
Theodoro,Cassiano,theodoro.cassiano.func3702@aeroporto.com.br,184,557,2013-01-01,18469.05,True,FUNC-003703
Maria Vitória,Sampaio,maria vitória.sampaio.func3703@aeroporto.com.br,696,3543,2022-01-19,22329.05,True,FUNC-003704
Liam,Leão,liam.leão.func3704@aeroporto.com.br,936,2268,2023-06-17,26322.34,True,FUNC-003705
Brayan,Moraes,brayan.moraes.func3705@aeroporto.com.br,496,4966,2014-02-02,8644.56,True,FUNC-003706
Gael Henrique,Costela,gael henrique.costela.func3706@aeroporto.com.br,25,3197,2022-02-12,10073.11,True,FUNC-003707
Antonella,Pereira,antonella.pereira.func3707@aeroporto.com.br,749,3378,2012-10-29,4002.26,True,FUNC-003708
Luigi,Nunes,luigi.nunes.func3708@aeroporto.com.br,977,399,2025-02-02,34737.82,True,FUNC-003709
Luan,Sales,luan.sales.func3709@aeroporto.com.br,359,1766,2024-06-19,16406.39,True,FUNC-003710
Raul,Campos,raul.campos.func3710@aeroporto.com.br,1000,4892,2025-11-10,3319.45,True,FUNC-003711
Antony,Marques,antony.marques.func3711@aeroporto.com.br,24,3889,2025-12-25,22608.94,True,FUNC-003712
Mirella,da Paz,mirella.da paz.func3712@aeroporto.com.br,312,1288,2018-05-13,13110.46,True,FUNC-003713
Luiza,Sampaio,luiza.sampaio.func3713@aeroporto.com.br,818,4146,2021-09-10,26843.18,True,FUNC-003714
Carolina,Garcia,carolina.garcia.func3714@aeroporto.com.br,117,2388,2023-06-19,22007.96,True,FUNC-003715
Gustavo,Macedo,gustavo.macedo.func3715@aeroporto.com.br,737,3936,2023-07-09,21700.06,True,FUNC-003716
Felipe,Nascimento,felipe.nascimento.func3716@aeroporto.com.br,625,3119,2014-03-11,5032.33,True,FUNC-003717
Pedro,Cavalcante,pedro.cavalcante.func3717@aeroporto.com.br,245,4069,2019-11-06,5196.68,True,FUNC-003718
Otto,Novaes,otto.novaes.func3718@aeroporto.com.br,837,977,2020-11-27,32854.24,True,FUNC-003719
José Pedro,Rezende,josé pedro.rezende.func3719@aeroporto.com.br,332,3091,2019-06-09,32134.74,True,FUNC-003720
Maria Julia,Sousa,maria julia.sousa.func3720@aeroporto.com.br,177,3827,2025-02-13,13762.97,True,FUNC-003721
Yan,Barros,yan.barros.func3721@aeroporto.com.br,608,4400,2015-08-07,18156.15,True,FUNC-003722
Luna,da Conceição,luna.da conceição.func3722@aeroporto.com.br,524,2582,2025-06-21,19699.13,True,FUNC-003723
Eduardo,Pires,eduardo.pires.func3723@aeroporto.com.br,902,1074,2025-09-21,16873.93,True,FUNC-003724
Melina,Monteiro,melina.monteiro.func3724@aeroporto.com.br,425,2576,2011-07-19,24344.7,True,FUNC-003725
Fernanda,Macedo,fernanda.macedo.func3725@aeroporto.com.br,320,669,2016-12-19,7542.94,True,FUNC-003726
Liz,Caldeira,liz.caldeira.func3726@aeroporto.com.br,416,2879,2016-08-09,8896.05,True,FUNC-003727
Brayan,da Paz,brayan.da paz.func3727@aeroporto.com.br,50,2742,2022-11-26,18486.19,True,FUNC-003728
Nina,Dias,nina.dias.func3728@aeroporto.com.br,794,835,2020-09-13,10452.95,True,FUNC-003729
Ana,Fonseca,ana.fonseca.func3729@aeroporto.com.br,37,1715,2022-09-11,3922.89,True,FUNC-003730
João Felipe,Camargo,joão felipe.camargo.func3730@aeroporto.com.br,225,1631,2012-08-10,34767.66,True,FUNC-003731
Levi,Pinto,levi.pinto.func3731@aeroporto.com.br,995,4734,2025-06-28,6560.33,True,FUNC-003732
Ana Lívia,da Mota,ana lívia.da mota.func3732@aeroporto.com.br,995,758,2014-11-29,29592.89,False,FUNC-003733
Cecilia,da Mata,cecilia.da mata.func3733@aeroporto.com.br,606,2543,2011-11-10,2870.56,True,FUNC-003734
Dante,Lopes,dante.lopes.func3734@aeroporto.com.br,661,2281,2014-02-21,20219.66,True,FUNC-003735
Erick,Porto,erick.porto.func3735@aeroporto.com.br,691,29,2023-03-27,4227.92,True,FUNC-003736
Maysa,da Mota,maysa.da mota.func3736@aeroporto.com.br,192,2838,2024-05-04,26700.08,True,FUNC-003737
Sophie,Moura,sophie.moura.func3737@aeroporto.com.br,24,3847,2012-12-17,9435.86,True,FUNC-003738
Asafe,Pimenta,asafe.pimenta.func3738@aeroporto.com.br,822,538,2017-12-29,28566.12,True,FUNC-003739
Benjamin,Mendonça,benjamin.mendonça.func3739@aeroporto.com.br,29,3369,2018-03-03,28930.97,True,FUNC-003740
Danilo,Siqueira,danilo.siqueira.func3740@aeroporto.com.br,911,2804,2016-05-07,16074.06,True,FUNC-003741
Daniela,Leão,daniela.leão.func3741@aeroporto.com.br,941,4055,2017-06-24,34198.19,True,FUNC-003742
Davi,Camargo,davi.camargo.func3742@aeroporto.com.br,140,1433,2018-01-01,32505.75,True,FUNC-003743
Samuel,Novaes,samuel.novaes.func3743@aeroporto.com.br,921,799,2024-01-12,25127.27,True,FUNC-003744
Cecilia,Sousa,cecilia.sousa.func3744@aeroporto.com.br,318,4112,2019-06-13,12505.65,True,FUNC-003745
Theo,Azevedo,theo.azevedo.func3745@aeroporto.com.br,917,1575,2021-10-26,25038.0,False,FUNC-003746
Juliana,Teixeira,juliana.teixeira.func3746@aeroporto.com.br,839,1891,2024-10-06,10471.57,True,FUNC-003747
Sophie,Teixeira,sophie.teixeira.func3747@aeroporto.com.br,801,4663,2016-06-19,23946.78,True,FUNC-003748
Maria Clara,Sales,maria clara.sales.func3748@aeroporto.com.br,511,4571,2011-09-11,24694.21,True,FUNC-003749
Gustavo,da Mata,gustavo.da mata.func3749@aeroporto.com.br,636,806,2023-01-20,6523.22,True,FUNC-003750
Elisa,Andrade,elisa.andrade.func3750@aeroporto.com.br,987,4970,2020-01-11,7322.05,True,FUNC-003751
João Gabriel,Rios,joão gabriel.rios.func3751@aeroporto.com.br,868,4830,2015-02-16,30984.84,True,FUNC-003752
Maitê,Silva,maitê.silva.func3752@aeroporto.com.br,890,785,2020-08-20,18414.6,True,FUNC-003753
Rhavi,Montenegro,rhavi.montenegro.func3753@aeroporto.com.br,453,4642,2017-08-04,13104.66,True,FUNC-003754
Lucas Gabriel,Viana,lucas gabriel.viana.func3754@aeroporto.com.br,358,4994,2026-03-02,8133.84,True,FUNC-003755
Gabriela,Costela,gabriela.costela.func3755@aeroporto.com.br,481,1787,2023-03-27,30685.11,False,FUNC-003756
Eloá,Sampaio,eloá.sampaio.func3756@aeroporto.com.br,626,2619,2014-10-13,13072.84,False,FUNC-003757
Lorenzo,Ferreira,lorenzo.ferreira.func3757@aeroporto.com.br,946,2354,2018-10-22,22357.97,True,FUNC-003758
Caroline,Nogueira,caroline.nogueira.func3758@aeroporto.com.br,514,13,2024-09-01,21875.89,True,FUNC-003759
Paulo,Viana,paulo.viana.func3759@aeroporto.com.br,452,1652,2024-08-18,16323.71,True,FUNC-003760
Isaac,Macedo,isaac.macedo.func3760@aeroporto.com.br,102,3917,2015-01-02,5461.36,True,FUNC-003761
Benício,Pastor,benício.pastor.func3761@aeroporto.com.br,78,2746,2011-06-27,30907.35,True,FUNC-003762
Dom,Santos,dom.santos.func3762@aeroporto.com.br,434,3221,2022-01-14,12467.25,True,FUNC-003763
Diogo,Câmara,diogo.câmara.func3763@aeroporto.com.br,89,1625,2025-07-06,9202.29,True,FUNC-003764
Ana Julia,Lopes,ana julia.lopes.func3764@aeroporto.com.br,634,3766,2020-08-27,8438.5,True,FUNC-003765
Antônio,Aragão,antônio.aragão.func3765@aeroporto.com.br,292,1764,2022-12-25,14061.52,True,FUNC-003766
Raul,Jesus,raul.jesus.func3766@aeroporto.com.br,870,701,2022-01-10,10084.61,True,FUNC-003767
Fernando,Fonseca,fernando.fonseca.func3767@aeroporto.com.br,924,4653,2017-03-17,3286.51,True,FUNC-003768
Yan,Casa Grande,yan.casa grande.func3768@aeroporto.com.br,282,2540,2024-09-06,2502.9,True,FUNC-003769
Liz,Araújo,liz.araújo.func3769@aeroporto.com.br,243,3731,2014-02-06,9855.93,True,FUNC-003770
Luara,Mendonça,luara.mendonça.func3770@aeroporto.com.br,661,4208,2018-02-24,10431.91,True,FUNC-003771
Davi Luiz,Fernandes,davi luiz.fernandes.func3771@aeroporto.com.br,455,433,2012-11-21,11785.79,True,FUNC-003772
Davi Lucas,Pacheco,davi lucas.pacheco.func3772@aeroporto.com.br,966,774,2015-07-22,3395.95,True,FUNC-003773
Thales,Borges,thales.borges.func3773@aeroporto.com.br,277,1703,2022-09-24,20654.52,False,FUNC-003774
Calebe,da Mata,calebe.da mata.func3774@aeroporto.com.br,597,143,2015-05-10,25458.15,True,FUNC-003775
Theodoro,Marques,theodoro.marques.func3775@aeroporto.com.br,837,3378,2016-02-10,2522.61,True,FUNC-003776
Heloisa,Duarte,heloisa.duarte.func3776@aeroporto.com.br,361,4034,2021-12-19,24679.24,True,FUNC-003777
Felipe,Cunha,felipe.cunha.func3777@aeroporto.com.br,823,2084,2012-12-31,6048.3,True,FUNC-003778
Larissa,Correia,larissa.correia.func3778@aeroporto.com.br,832,3092,2020-01-25,5687.34,True,FUNC-003779
Francisco,Cavalcanti,francisco.cavalcanti.func3779@aeroporto.com.br,910,239,2025-12-06,7156.33,False,FUNC-003780
Ágatha,Ribeiro,ágatha.ribeiro.func3780@aeroporto.com.br,991,2181,2020-08-20,3774.64,True,FUNC-003781
Joana,Barbosa,joana.barbosa.func3781@aeroporto.com.br,125,2645,2024-09-03,19234.08,True,FUNC-003782
Alana,Pastor,alana.pastor.func3782@aeroporto.com.br,285,3386,2020-07-14,17779.09,True,FUNC-003783
Alexandre,Pacheco,alexandre.pacheco.func3783@aeroporto.com.br,327,507,2014-01-23,15828.56,True,FUNC-003784
Ana Júlia,Novaes,ana júlia.novaes.func3784@aeroporto.com.br,556,4834,2021-08-19,13767.46,True,FUNC-003785
Pietra,Fernandes,pietra.fernandes.func3785@aeroporto.com.br,163,2738,2026-05-22,6818.02,True,FUNC-003786
Vicente,Fogaça,vicente.fogaça.func3786@aeroporto.com.br,614,4059,2019-10-22,7608.06,True,FUNC-003787
Ana Liz,Vargas,ana liz.vargas.func3787@aeroporto.com.br,20,3224,2021-02-28,23948.75,True,FUNC-003788
Vitor,Marques,vitor.marques.func3788@aeroporto.com.br,239,3575,2024-02-10,8157.28,True,FUNC-003789
Rodrigo,Novaes,rodrigo.novaes.func3789@aeroporto.com.br,485,1652,2024-11-21,11426.27,True,FUNC-003790
Milena,Araújo,milena.araújo.func3790@aeroporto.com.br,269,982,2022-09-08,31562.11,True,FUNC-003791
Luiz Otávio,Fogaça,luiz otávio.fogaça.func3791@aeroporto.com.br,602,1609,2016-08-07,11109.32,True,FUNC-003792
Vicente,da Mata,vicente.da mata.func3792@aeroporto.com.br,730,1849,2011-09-27,34907.4,True,FUNC-003793
Valentina,Leão,valentina.leão.func3793@aeroporto.com.br,371,759,2021-12-27,20865.9,True,FUNC-003794
Fernando,Pereira,fernando.pereira.func3794@aeroporto.com.br,494,1916,2019-08-24,31461.31,True,FUNC-003795
Luna,Silva,luna.silva.func3795@aeroporto.com.br,708,357,2025-08-19,10202.64,True,FUNC-003796
Cecília,Fonseca,cecília.fonseca.func3796@aeroporto.com.br,970,674,2024-12-31,12972.47,True,FUNC-003797
Anna Liz,Garcia,anna liz.garcia.func3797@aeroporto.com.br,820,2725,2024-04-05,12396.87,True,FUNC-003798
Maria Luísa,Teixeira,maria luísa.teixeira.func3798@aeroporto.com.br,523,3650,2019-06-30,16755.81,True,FUNC-003799
Thiago,Carvalho,thiago.carvalho.func3799@aeroporto.com.br,288,2412,2011-12-12,22614.3,True,FUNC-003800
Vitor Gabriel,Nunes,vitor gabriel.nunes.func3800@aeroporto.com.br,583,4399,2011-10-27,29588.61,True,FUNC-003801
Antônio,Pinto,antônio.pinto.func3801@aeroporto.com.br,661,1132,2017-09-20,8411.78,True,FUNC-003802
Amanda,Ramos,amanda.ramos.func3802@aeroporto.com.br,992,3059,2016-05-13,14254.92,True,FUNC-003803
Theodoro,das Neves,theodoro.das neves.func3803@aeroporto.com.br,578,416,2025-05-15,20171.17,True,FUNC-003804
Davi,Fonseca,davi.fonseca.func3804@aeroporto.com.br,810,3122,2018-10-08,14990.94,True,FUNC-003805
Esther,Fonseca,esther.fonseca.func3805@aeroporto.com.br,32,1015,2022-12-28,7744.87,True,FUNC-003806
Cecília,Vargas,cecília.vargas.func3806@aeroporto.com.br,981,3579,2012-08-09,2832.92,True,FUNC-003807
Marina,Camargo,marina.camargo.func3807@aeroporto.com.br,653,2189,2025-07-07,14538.8,True,FUNC-003808
Mariane,Brito,mariane.brito.func3808@aeroporto.com.br,328,2775,2020-07-29,30203.12,True,FUNC-003809
João Guilherme,da Conceição,joão guilherme.da conceição.func3809@aeroporto.com.br,551,3149,2023-12-19,17240.46,True,FUNC-003810
Josué,Correia,josué.correia.func3810@aeroporto.com.br,521,3803,2022-10-24,21726.2,True,FUNC-003811
Asafe,Aparecida,asafe.aparecida.func3811@aeroporto.com.br,585,1580,2019-10-15,11216.51,True,FUNC-003812
Sophia,Campos,sophia.campos.func3812@aeroporto.com.br,183,367,2023-12-21,22467.98,True,FUNC-003813
Emanuella,Sampaio,emanuella.sampaio.func3813@aeroporto.com.br,147,2152,2013-10-17,22755.61,True,FUNC-003814
Mariah,Macedo,mariah.macedo.func3814@aeroporto.com.br,713,1551,2022-08-16,11872.1,True,FUNC-003815
Yasmin,Mendonça,yasmin.mendonça.func3815@aeroporto.com.br,791,328,2024-09-06,8116.67,True,FUNC-003816
Calebe,Cavalcante,calebe.cavalcante.func3816@aeroporto.com.br,12,4734,2013-07-19,16360.07,True,FUNC-003817
Gabrielly,Ramos,gabrielly.ramos.func3817@aeroporto.com.br,429,1932,2023-10-11,15472.76,True,FUNC-003818
Sofia,Rezende,sofia.rezende.func3818@aeroporto.com.br,449,3607,2017-06-09,21143.1,True,FUNC-003819
Agatha,Araújo,agatha.araújo.func3819@aeroporto.com.br,297,4460,2013-08-12,21376.34,False,FUNC-003820
Maria Vitória,Melo,maria vitória.melo.func3820@aeroporto.com.br,20,75,2013-08-22,29337.55,False,FUNC-003821
Rafael,da Mata,rafael.da mata.func3821@aeroporto.com.br,957,2489,2020-02-01,21888.69,True,FUNC-003822
Davi,Sampaio,davi.sampaio.func3822@aeroporto.com.br,116,1265,2013-10-31,23228.93,False,FUNC-003823
Giovanna,Rios,giovanna.rios.func3823@aeroporto.com.br,884,4575,2014-01-23,23775.45,True,FUNC-003824
Heitor,Novais,heitor.novais.func3824@aeroporto.com.br,908,3838,2012-08-31,19497.05,True,FUNC-003825
Levi,da Rosa,levi.da rosa.func3825@aeroporto.com.br,404,4849,2011-11-20,17483.24,True,FUNC-003826
Maria Laura,Monteiro,maria laura.monteiro.func3826@aeroporto.com.br,684,1111,2020-08-07,7981.76,False,FUNC-003827
Lavínia,Duarte,lavínia.duarte.func3827@aeroporto.com.br,511,2767,2022-11-14,7476.89,True,FUNC-003828
Otávio,Novaes,otávio.novaes.func3828@aeroporto.com.br,963,4154,2024-10-19,6885.63,True,FUNC-003829
Heloisa,Ramos,heloisa.ramos.func3829@aeroporto.com.br,533,366,2015-06-04,16352.86,True,FUNC-003830
Larissa,das Neves,larissa.das neves.func3830@aeroporto.com.br,703,1314,2016-09-29,3203.77,True,FUNC-003831
Sophie,Rios,sophie.rios.func3831@aeroporto.com.br,256,3556,2025-03-06,32374.52,True,FUNC-003832
Ana Sophia,da Mata,ana sophia.da mata.func3832@aeroporto.com.br,284,4996,2021-12-30,32415.81,True,FUNC-003833
Letícia,Melo,letícia.melo.func3833@aeroporto.com.br,295,307,2013-04-26,16578.92,True,FUNC-003834
Isis,Almeida,isis.almeida.func3834@aeroporto.com.br,915,4226,2020-06-10,31250.53,True,FUNC-003835
Asafe,Guerra,asafe.guerra.func3835@aeroporto.com.br,10,197,2024-12-19,24749.84,True,FUNC-003836
Yuri,Melo,yuri.melo.func3836@aeroporto.com.br,861,3110,2025-04-13,19312.01,True,FUNC-003837
Kaique,da Rosa,kaique.da rosa.func3837@aeroporto.com.br,185,297,2022-08-27,9840.62,True,FUNC-003838
João Pedro,Cardoso,joão pedro.cardoso.func3838@aeroporto.com.br,98,2297,2023-03-13,29473.15,True,FUNC-003839
Enrico,Sá,enrico.sá.func3839@aeroporto.com.br,645,2736,2015-02-23,30912.39,True,FUNC-003840
Josué,Sampaio,josué.sampaio.func3840@aeroporto.com.br,576,1111,2016-10-30,6635.76,True,FUNC-003841
Brenda,Alves,brenda.alves.func3841@aeroporto.com.br,435,4095,2025-08-11,28259.83,True,FUNC-003842
Calebe,Castro,calebe.castro.func3842@aeroporto.com.br,200,1234,2014-08-20,27977.15,True,FUNC-003843
Alexandre,Machado,alexandre.machado.func3843@aeroporto.com.br,193,1400,2024-06-27,12664.14,True,FUNC-003844
Daniela,Abreu,daniela.abreu.func3844@aeroporto.com.br,935,3997,2025-01-10,4905.83,False,FUNC-003845
Valentim,Sales,valentim.sales.func3845@aeroporto.com.br,604,4326,2021-09-06,10825.21,True,FUNC-003846
Henry Gabriel,Jesus,henry gabriel.jesus.func3846@aeroporto.com.br,666,4908,2020-09-21,31517.2,True,FUNC-003847
Amanda,Casa Grande,amanda.casa grande.func3847@aeroporto.com.br,602,4026,2018-09-21,32554.0,True,FUNC-003848
Cauã,da Cunha,cauã.da cunha.func3848@aeroporto.com.br,551,1200,2011-06-07,29584.81,True,FUNC-003849
Sophia,Ribeiro,sophia.ribeiro.func3849@aeroporto.com.br,814,354,2021-11-25,7911.93,True,FUNC-003850
Maria Fernanda,Fogaça,maria fernanda.fogaça.func3850@aeroporto.com.br,861,3275,2015-05-31,6620.71,True,FUNC-003851
Renan,Jesus,renan.jesus.func3851@aeroporto.com.br,454,3252,2017-04-16,34413.14,True,FUNC-003852
Isis,da Rosa,isis.da rosa.func3852@aeroporto.com.br,692,3084,2023-03-19,29570.82,True,FUNC-003853
Ryan,Castro,ryan.castro.func3853@aeroporto.com.br,537,679,2014-03-20,33029.86,True,FUNC-003854
Ana Cecília,Vieira,ana cecília.vieira.func3854@aeroporto.com.br,854,1264,2021-01-14,32750.59,True,FUNC-003855
Cauã,Azevedo,cauã.azevedo.func3855@aeroporto.com.br,267,952,2019-02-26,15571.52,True,FUNC-003856
Otto,Garcia,otto.garcia.func3856@aeroporto.com.br,392,2021,2015-02-24,26325.71,True,FUNC-003857
Bárbara,Vargas,bárbara.vargas.func3857@aeroporto.com.br,739,4016,2024-07-25,26496.76,True,FUNC-003858
Ana Clara,Martins,ana clara.martins.func3858@aeroporto.com.br,415,1394,2012-02-24,10917.27,True,FUNC-003859
Ana Carolina,Araújo,ana carolina.araújo.func3859@aeroporto.com.br,313,2068,2020-04-24,8743.18,True,FUNC-003860
Cauê,Jesus,cauê.jesus.func3860@aeroporto.com.br,839,1573,2015-06-18,20526.77,True,FUNC-003861
João Guilherme,Ribeiro,joão guilherme.ribeiro.func3861@aeroporto.com.br,228,3275,2020-01-23,29426.41,True,FUNC-003862
Lucas Gabriel,da Costa,lucas gabriel.da costa.func3862@aeroporto.com.br,316,1969,2020-06-19,27799.5,False,FUNC-003863
Marcelo,Guerra,marcelo.guerra.func3863@aeroporto.com.br,504,2560,2018-10-14,22885.24,True,FUNC-003864
Agatha,Guerra,agatha.guerra.func3864@aeroporto.com.br,577,1462,2014-02-04,8717.89,True,FUNC-003865
Emanuel,Cirino,emanuel.cirino.func3865@aeroporto.com.br,447,2062,2021-12-14,26448.57,True,FUNC-003866
Ana Liz,da Luz,ana liz.da luz.func3866@aeroporto.com.br,606,310,2016-12-16,22231.07,True,FUNC-003867
Cauê,Melo,cauê.melo.func3867@aeroporto.com.br,254,38,2024-02-26,13711.7,False,FUNC-003868
Vinicius,Ribeiro,vinicius.ribeiro.func3868@aeroporto.com.br,687,329,2025-04-20,34443.99,True,FUNC-003869
André,Carvalho,andré.carvalho.func3869@aeroporto.com.br,101,1446,2023-12-14,19894.96,True,FUNC-003870
Jade,Fonseca,jade.fonseca.func3870@aeroporto.com.br,625,2733,2021-09-29,34814.92,True,FUNC-003871
Enrico,Mendes,enrico.mendes.func3871@aeroporto.com.br,852,3760,2018-07-27,19441.97,True,FUNC-003872
Enrico,Teixeira,enrico.teixeira.func3872@aeroporto.com.br,521,3392,2013-08-03,11652.24,True,FUNC-003873
Gael,da Rosa,gael.da rosa.func3873@aeroporto.com.br,917,4468,2015-01-10,4993.05,True,FUNC-003874
Davi,Abreu,davi.abreu.func3874@aeroporto.com.br,140,1376,2024-10-11,33489.12,True,FUNC-003875
Liam,Montenegro,liam.montenegro.func3875@aeroporto.com.br,766,3097,2023-12-11,19319.67,True,FUNC-003876
Otávio,Siqueira,otávio.siqueira.func3876@aeroporto.com.br,130,1655,2012-03-11,27932.43,True,FUNC-003877
Hadassa,Pires,hadassa.pires.func3877@aeroporto.com.br,118,1082,2017-12-30,19499.93,True,FUNC-003878
Rafaela,Jesus,rafaela.jesus.func3878@aeroporto.com.br,840,4121,2023-03-31,11077.63,True,FUNC-003879
Lucas,Sales,lucas.sales.func3879@aeroporto.com.br,391,4644,2015-05-29,34514.61,True,FUNC-003880
Natália,Caldeira,natália.caldeira.func3880@aeroporto.com.br,289,1176,2013-09-03,27847.47,True,FUNC-003881
Maitê,Martins,maitê.martins.func3881@aeroporto.com.br,187,1028,2017-04-08,24124.02,True,FUNC-003882
Stella,das Neves,stella.das neves.func3882@aeroporto.com.br,479,611,2015-02-04,30298.11,False,FUNC-003883
Benjamim,Pires,benjamim.pires.func3883@aeroporto.com.br,809,3658,2020-04-10,5163.35,True,FUNC-003884
Rebeca,Cavalcanti,rebeca.cavalcanti.func3884@aeroporto.com.br,479,972,2024-12-10,26968.47,True,FUNC-003885
Yago,Camargo,yago.camargo.func3885@aeroporto.com.br,838,2971,2016-02-05,7373.04,True,FUNC-003886
Gustavo Henrique,da Conceição,gustavo henrique.da conceição.func3886@aeroporto.com.br,619,2313,2018-08-31,4901.59,True,FUNC-003887
Natália,Machado,natália.machado.func3887@aeroporto.com.br,70,4206,2021-06-21,10696.57,True,FUNC-003888
Benjamin,Ribeiro,benjamin.ribeiro.func3888@aeroporto.com.br,146,884,2015-10-20,19048.86,False,FUNC-003889
Eloá,Silva,eloá.silva.func3889@aeroporto.com.br,367,1639,2016-08-16,4134.71,True,FUNC-003890
Letícia,da Rocha,letícia.da rocha.func3890@aeroporto.com.br,377,3932,2025-04-17,13571.26,True,FUNC-003891
Mateus,Monteiro,mateus.monteiro.func3891@aeroporto.com.br,994,3573,2024-01-28,13636.87,True,FUNC-003892
Samuel,Moura,samuel.moura.func3892@aeroporto.com.br,842,4651,2023-05-05,23899.38,True,FUNC-003893
Felipe,Guerra,felipe.guerra.func3893@aeroporto.com.br,423,1248,2019-09-30,6124.16,False,FUNC-003894
Alexia,Monteiro,alexia.monteiro.func3894@aeroporto.com.br,944,717,2022-01-23,6546.12,True,FUNC-003895
Ana Laura,Castro,ana laura.castro.func3895@aeroporto.com.br,301,3855,2019-11-13,32855.8,True,FUNC-003896
Giovanna,Nogueira,giovanna.nogueira.func3896@aeroporto.com.br,448,1901,2017-09-14,26019.04,True,FUNC-003897
Bella,Barros,bella.barros.func3897@aeroporto.com.br,4,1453,2016-06-20,11792.6,True,FUNC-003898
Gabrielly,Silva,gabrielly.silva.func3898@aeroporto.com.br,779,1079,2013-01-24,20049.46,True,FUNC-003899
Leandro,Rios,leandro.rios.func3899@aeroporto.com.br,640,481,2023-12-06,30685.57,True,FUNC-003900
Ana,da Rocha,ana.da rocha.func3900@aeroporto.com.br,949,2068,2025-03-02,11563.97,False,FUNC-003901
Isabela,Fogaça,isabela.fogaça.func3901@aeroporto.com.br,589,722,2019-12-28,14192.75,True,FUNC-003902
Anthony Gabriel,Montenegro,anthony gabriel.montenegro.func3902@aeroporto.com.br,807,496,2025-01-02,19168.54,True,FUNC-003903
Lorena,Novaes,lorena.novaes.func3903@aeroporto.com.br,497,3029,2014-01-19,14169.28,True,FUNC-003904
Henry,Gonçalves,henry.gonçalves.func3904@aeroporto.com.br,271,2071,2022-01-24,28299.89,True,FUNC-003905
Henry,Correia,henry.correia.func3905@aeroporto.com.br,42,2191,2026-02-07,30672.16,True,FUNC-003906
Brenda,Castro,brenda.castro.func3906@aeroporto.com.br,887,2488,2024-12-12,32289.1,True,FUNC-003907
Helena,das Neves,helena.das neves.func3907@aeroporto.com.br,968,4309,2013-12-12,12098.38,True,FUNC-003908
Clarice,Pimenta,clarice.pimenta.func3908@aeroporto.com.br,172,4201,2013-03-04,26710.19,True,FUNC-003909
Brenda,Santos,brenda.santos.func3909@aeroporto.com.br,848,2313,2022-09-05,29413.57,True,FUNC-003910
Amanda,Costa,amanda.costa.func3910@aeroporto.com.br,265,4706,2014-10-01,17037.27,True,FUNC-003911
Maria Laura,da Luz,maria laura.da luz.func3911@aeroporto.com.br,143,3955,2025-11-30,16917.19,True,FUNC-003912
Stephany,Sousa,stephany.sousa.func3912@aeroporto.com.br,900,2958,2023-05-15,29921.17,True,FUNC-003913
Benjamin,Nascimento,benjamin.nascimento.func3913@aeroporto.com.br,148,3016,2023-05-24,27388.18,True,FUNC-003914
Melina,Macedo,melina.macedo.func3914@aeroporto.com.br,360,2921,2025-12-06,17663.82,True,FUNC-003915
Anthony Gabriel,Sales,anthony gabriel.sales.func3915@aeroporto.com.br,162,2683,2012-01-10,14119.86,False,FUNC-003916
Isis,Pimenta,isis.pimenta.func3916@aeroporto.com.br,592,3819,2012-08-29,13533.57,True,FUNC-003917
Melissa,da Mata,melissa.da mata.func3917@aeroporto.com.br,753,1357,2024-07-10,12089.43,True,FUNC-003918
Rael,da Rocha,rael.da rocha.func3918@aeroporto.com.br,641,4642,2025-05-01,33417.3,True,FUNC-003919
Camila,Borges,camila.borges.func3919@aeroporto.com.br,146,17,2019-10-13,23201.41,True,FUNC-003920
Luiz Gustavo,Nunes,luiz gustavo.nunes.func3920@aeroporto.com.br,167,2668,2018-05-29,17660.98,True,FUNC-003921
Sophie,Mendonça,sophie.mendonça.func3921@aeroporto.com.br,647,2029,2018-12-22,13322.68,True,FUNC-003922
João Felipe,Nunes,joão felipe.nunes.func3922@aeroporto.com.br,259,656,2012-06-30,9229.91,True,FUNC-003923
Ágatha,Siqueira,ágatha.siqueira.func3923@aeroporto.com.br,90,3007,2020-04-29,21538.36,True,FUNC-003924
Ana Beatriz,da Luz,ana beatriz.da luz.func3924@aeroporto.com.br,412,3082,2014-09-17,16045.13,True,FUNC-003925
Luísa,Gomes,luísa.gomes.func3925@aeroporto.com.br,634,550,2017-11-14,20929.2,True,FUNC-003926
Kaique,Martins,kaique.martins.func3926@aeroporto.com.br,947,3260,2019-05-12,8909.48,True,FUNC-003927
João Vitor,Moraes,joão vitor.moraes.func3927@aeroporto.com.br,230,1094,2018-01-23,19108.1,True,FUNC-003928
Amanda,Silveira,amanda.silveira.func3928@aeroporto.com.br,408,1263,2011-10-14,13985.58,True,FUNC-003929
Otávio,Casa Grande,otávio.casa grande.func3929@aeroporto.com.br,678,41,2014-03-05,27955.56,True,FUNC-003930
Ravy,das Neves,ravy.das neves.func3930@aeroporto.com.br,131,2537,2021-12-09,29672.27,True,FUNC-003931
João Miguel,Lima,joão miguel.lima.func3931@aeroporto.com.br,721,4734,2025-03-12,27545.56,True,FUNC-003932
Mirella,Caldeira,mirella.caldeira.func3932@aeroporto.com.br,888,3737,2024-10-27,6570.26,True,FUNC-003933
Pedro Henrique,Casa Grande,pedro henrique.casa grande.func3933@aeroporto.com.br,27,560,2014-02-09,31915.41,True,FUNC-003934
Théo,Borges,théo.borges.func3934@aeroporto.com.br,511,1231,2013-04-09,23463.47,True,FUNC-003935
Nicole,Rodrigues,nicole.rodrigues.func3935@aeroporto.com.br,998,1447,2025-11-08,26108.8,True,FUNC-003936
Pedro Lucas,Casa Grande,pedro lucas.casa grande.func3936@aeroporto.com.br,228,123,2016-05-16,12615.62,True,FUNC-003937
Carolina,Casa Grande,carolina.casa grande.func3937@aeroporto.com.br,729,4507,2022-03-30,27193.33,True,FUNC-003938
Heloisa,Fernandes,heloisa.fernandes.func3938@aeroporto.com.br,98,3014,2017-12-05,4462.99,True,FUNC-003939
Luan,Moura,luan.moura.func3939@aeroporto.com.br,672,4854,2016-08-19,17964.45,True,FUNC-003940
Benício,Moura,benício.moura.func3940@aeroporto.com.br,252,2194,2020-11-19,15062.71,True,FUNC-003941
Maria Alice,Lima,maria alice.lima.func3941@aeroporto.com.br,557,2752,2022-11-04,18196.8,True,FUNC-003942
Alice,Mendonça,alice.mendonça.func3942@aeroporto.com.br,291,4283,2016-06-30,32423.86,True,FUNC-003943
Ana Carolina,Lima,ana carolina.lima.func3943@aeroporto.com.br,639,4579,2017-04-02,12704.65,True,FUNC-003944
Daniela,Oliveira,daniela.oliveira.func3944@aeroporto.com.br,613,2296,2024-02-11,7981.81,True,FUNC-003945
Otto,Araújo,otto.araújo.func3945@aeroporto.com.br,850,227,2012-03-31,5452.3,True,FUNC-003946
Luiza,Vieira,luiza.vieira.func3946@aeroporto.com.br,369,4804,2021-09-10,21217.56,True,FUNC-003947
Sabrina,Siqueira,sabrina.siqueira.func3947@aeroporto.com.br,875,316,2025-06-05,33792.78,True,FUNC-003948
Bárbara,Novais,bárbara.novais.func3948@aeroporto.com.br,226,4405,2024-01-09,5396.76,True,FUNC-003949
Luna,Campos,luna.campos.func3949@aeroporto.com.br,897,3030,2025-12-26,28044.08,True,FUNC-003950
Paulo,Moreira,paulo.moreira.func3950@aeroporto.com.br,635,4049,2013-05-18,18048.89,True,FUNC-003951
Henrique,Brito,henrique.brito.func3951@aeroporto.com.br,706,2341,2020-06-05,14015.48,False,FUNC-003952
Ana,da Mota,ana.da mota.func3952@aeroporto.com.br,468,2397,2021-08-23,32633.48,True,FUNC-003953
Luigi,Costa,luigi.costa.func3953@aeroporto.com.br,791,2205,2015-04-11,16868.12,True,FUNC-003954
Liz,Duarte,liz.duarte.func3954@aeroporto.com.br,197,2332,2016-11-01,28933.66,True,FUNC-003955
Brayan,Moraes,brayan.moraes.func3955@aeroporto.com.br,735,2525,2013-04-17,17379.84,True,FUNC-003956
Ester,da Cruz,ester.da cruz.func3956@aeroporto.com.br,578,1780,2015-09-12,24340.81,True,FUNC-003957
Isaac,Costela,isaac.costela.func3957@aeroporto.com.br,942,3400,2011-12-14,6441.99,True,FUNC-003958
Gustavo Henrique,Gonçalves,gustavo henrique.gonçalves.func3958@aeroporto.com.br,903,4000,2018-12-13,13198.83,True,FUNC-003959
Luigi,Farias,luigi.farias.func3959@aeroporto.com.br,712,2064,2012-03-12,21553.29,True,FUNC-003960
Maria Helena,Câmara,maria helena.câmara.func3960@aeroporto.com.br,227,4690,2022-03-13,3092.41,True,FUNC-003961
Matteo,Barbosa,matteo.barbosa.func3961@aeroporto.com.br,274,1812,2023-06-27,10048.26,True,FUNC-003962
Rebeca,Vieira,rebeca.vieira.func3962@aeroporto.com.br,476,2754,2014-08-14,9020.25,True,FUNC-003963
Luara,Duarte,luara.duarte.func3963@aeroporto.com.br,170,1306,2013-01-15,15848.51,True,FUNC-003964
Catarina,Siqueira,catarina.siqueira.func3964@aeroporto.com.br,952,1510,2018-08-10,11655.67,True,FUNC-003965
João Vitor,Costela,joão vitor.costela.func3965@aeroporto.com.br,308,3674,2026-02-15,3010.29,True,FUNC-003966
Sarah,Monteiro,sarah.monteiro.func3966@aeroporto.com.br,450,2049,2012-04-07,29553.96,True,FUNC-003967
Maria Luísa,Rios,maria luísa.rios.func3967@aeroporto.com.br,935,3563,2024-09-18,22345.09,True,FUNC-003968
Anthony Gabriel,Cunha,anthony gabriel.cunha.func3968@aeroporto.com.br,443,4514,2014-11-21,28563.3,True,FUNC-003969
Luara,Nunes,luara.nunes.func3969@aeroporto.com.br,99,4055,2014-02-01,17492.21,True,FUNC-003970
Luan,Rocha,luan.rocha.func3970@aeroporto.com.br,963,3988,2024-06-23,33171.78,True,FUNC-003971
Vitor,Sales,vitor.sales.func3971@aeroporto.com.br,891,1016,2021-03-08,13244.68,True,FUNC-003972
Ana Lívia,Machado,ana lívia.machado.func3972@aeroporto.com.br,456,2003,2023-03-04,30116.39,True,FUNC-003973
Kevin,Nogueira,kevin.nogueira.func3973@aeroporto.com.br,154,3533,2026-05-07,33758.85,True,FUNC-003974
Giovanna,Fonseca,giovanna.fonseca.func3974@aeroporto.com.br,210,213,2024-04-07,24933.08,True,FUNC-003975
André,Camargo,andré.camargo.func3975@aeroporto.com.br,746,3156,2022-06-26,26722.69,True,FUNC-003976
Rafaela,Nogueira,rafaela.nogueira.func3976@aeroporto.com.br,389,2149,2017-03-31,2788.25,True,FUNC-003977
Bryan,Freitas,bryan.freitas.func3977@aeroporto.com.br,313,1057,2015-08-21,30050.67,True,FUNC-003978
Ester,da Mata,ester.da mata.func3978@aeroporto.com.br,770,2136,2017-08-22,15657.41,True,FUNC-003979
Luigi,Fonseca,luigi.fonseca.func3979@aeroporto.com.br,101,4476,2017-08-11,33948.15,True,FUNC-003980
Nicolas,Guerra,nicolas.guerra.func3980@aeroporto.com.br,149,1140,2014-06-02,26212.08,True,FUNC-003981
Lucas Gabriel,Novais,lucas gabriel.novais.func3981@aeroporto.com.br,435,578,2011-11-28,14055.33,True,FUNC-003982
Otávio,Marques,otávio.marques.func3982@aeroporto.com.br,433,4819,2017-08-17,15642.65,True,FUNC-003983
Enzo,da Luz,enzo.da luz.func3983@aeroporto.com.br,935,4854,2013-01-23,33338.87,True,FUNC-003984
Antônio,Dias,antônio.dias.func3984@aeroporto.com.br,966,1250,2023-10-08,13668.0,True,FUNC-003985
Sofia,Porto,sofia.porto.func3985@aeroporto.com.br,645,235,2022-04-10,33535.07,True,FUNC-003986
Mariane,Castro,mariane.castro.func3986@aeroporto.com.br,686,2417,2017-08-21,27653.88,True,FUNC-003987
Vitor,Cavalcanti,vitor.cavalcanti.func3987@aeroporto.com.br,204,1183,2021-04-28,10494.62,True,FUNC-003988
Bryan,Vargas,bryan.vargas.func3988@aeroporto.com.br,325,1530,2019-05-13,30113.58,True,FUNC-003989
Vitor,da Costa,vitor.da costa.func3989@aeroporto.com.br,720,2022,2015-03-19,4829.29,True,FUNC-003990
Pietra,Siqueira,pietra.siqueira.func3990@aeroporto.com.br,201,865,2022-02-10,22667.2,True,FUNC-003991
José,Vieira,josé.vieira.func3991@aeroporto.com.br,794,826,2018-02-11,25706.12,True,FUNC-003992
Anna Liz,Ramos,anna liz.ramos.func3992@aeroporto.com.br,317,1529,2017-12-05,32608.03,True,FUNC-003993
Luiz Felipe,Correia,luiz felipe.correia.func3993@aeroporto.com.br,514,614,2013-06-15,24556.89,True,FUNC-003994
Nathan,Pacheco,nathan.pacheco.func3994@aeroporto.com.br,817,4860,2021-12-01,18082.41,True,FUNC-003995
Leandro,Souza,leandro.souza.func3995@aeroporto.com.br,44,2998,2011-06-04,25210.02,False,FUNC-003996
Davi Luiz,Farias,davi luiz.farias.func3996@aeroporto.com.br,946,1899,2023-11-03,32539.02,True,FUNC-003997
Cauê,Porto,cauê.porto.func3997@aeroporto.com.br,273,849,2023-04-15,26957.81,True,FUNC-003998
Vinícius,Barros,vinícius.barros.func3998@aeroporto.com.br,336,3580,2013-09-25,22228.79,True,FUNC-003999
Fernando,Fernandes,fernando.fernandes.func3999@aeroporto.com.br,26,3271,2011-10-19,13035.46,True,FUNC-004000
Joana,Vieira,joana.vieira.func4000@aeroporto.com.br,279,4646,2020-09-06,18484.07,True,FUNC-004001
Alice,Souza,alice.souza.func4001@aeroporto.com.br,212,2505,2021-03-16,6370.89,True,FUNC-004002
Levi,Sales,levi.sales.func4002@aeroporto.com.br,386,3547,2024-11-20,25428.81,True,FUNC-004003
Guilherme,das Neves,guilherme.das neves.func4003@aeroporto.com.br,36,631,2021-04-25,17836.96,False,FUNC-004004
Esther,Campos,esther.campos.func4004@aeroporto.com.br,876,3336,2025-06-08,25075.16,True,FUNC-004005
Marcelo,Pastor,marcelo.pastor.func4005@aeroporto.com.br,803,3623,2015-12-06,6617.5,True,FUNC-004006
Luiz Gustavo,Cassiano,luiz gustavo.cassiano.func4006@aeroporto.com.br,42,1372,2018-05-05,29491.78,True,FUNC-004007
Lara,Vasconcelos,lara.vasconcelos.func4007@aeroporto.com.br,423,1686,2021-03-10,4053.92,True,FUNC-004008
Henry,Pacheco,henry.pacheco.func4008@aeroporto.com.br,264,3337,2025-07-07,20008.2,True,FUNC-004009
Milena,Guerra,milena.guerra.func4009@aeroporto.com.br,532,469,2014-04-12,23430.76,True,FUNC-004010
Júlia,da Cunha,júlia.da cunha.func4010@aeroporto.com.br,998,2542,2011-08-03,5013.32,True,FUNC-004011
Bianca,Rezende,bianca.rezende.func4011@aeroporto.com.br,707,3168,2022-11-21,17186.78,True,FUNC-004012
João Gabriel,Moraes,joão gabriel.moraes.func4012@aeroporto.com.br,971,1410,2014-04-19,3871.04,True,FUNC-004013
Julia,Farias,julia.farias.func4013@aeroporto.com.br,606,1597,2016-09-28,30517.85,False,FUNC-004014
Caio,Ribeiro,caio.ribeiro.func4014@aeroporto.com.br,34,3917,2021-01-10,15060.56,True,FUNC-004015
Renan,Vieira,renan.vieira.func4015@aeroporto.com.br,904,3076,2016-02-19,32089.8,True,FUNC-004016
Pietra,Moura,pietra.moura.func4016@aeroporto.com.br,960,3900,2013-11-16,29561.82,True,FUNC-004017
Maria Luiza,Camargo,maria luiza.camargo.func4017@aeroporto.com.br,441,1708,2020-01-15,28578.04,True,FUNC-004018
Ana Lívia,Guerra,ana lívia.guerra.func4018@aeroporto.com.br,513,1556,2022-02-12,20636.86,True,FUNC-004019
Maya,Araújo,maya.araújo.func4019@aeroporto.com.br,917,196,2019-10-31,4737.31,True,FUNC-004020
João Vitor,Machado,joão vitor.machado.func4020@aeroporto.com.br,861,2813,2013-12-29,10902.84,True,FUNC-004021
Maria Vitória,das Neves,maria vitória.das neves.func4021@aeroporto.com.br,654,4369,2022-07-09,27092.35,True,FUNC-004022
Amanda,Araújo,amanda.araújo.func4022@aeroporto.com.br,978,831,2025-11-25,27904.97,True,FUNC-004023
Dom,Cavalcanti,dom.cavalcanti.func4023@aeroporto.com.br,563,481,2022-11-01,34477.84,True,FUNC-004024
Davi Miguel,Lopes,davi miguel.lopes.func4024@aeroporto.com.br,313,1222,2012-06-28,19618.13,True,FUNC-004025
Antony,Gonçalves,antony.gonçalves.func4025@aeroporto.com.br,940,2454,2011-09-22,16563.36,True,FUNC-004026
Luana,Fernandes,luana.fernandes.func4026@aeroporto.com.br,786,3130,2017-04-05,33236.76,True,FUNC-004027
Stella,Pastor,stella.pastor.func4027@aeroporto.com.br,23,4955,2022-12-30,10908.28,True,FUNC-004028
Sabrina,Moraes,sabrina.moraes.func4028@aeroporto.com.br,191,1212,2023-11-02,12010.52,True,FUNC-004029
Agatha,Abreu,agatha.abreu.func4029@aeroporto.com.br,547,4247,2024-01-31,34775.26,True,FUNC-004030
Hadassa,Oliveira,hadassa.oliveira.func4030@aeroporto.com.br,336,1441,2025-08-27,15397.74,True,FUNC-004031
Yan,Cassiano,yan.cassiano.func4031@aeroporto.com.br,211,2547,2023-09-14,33152.2,True,FUNC-004032
Lucca,Barbosa,lucca.barbosa.func4032@aeroporto.com.br,939,479,2020-07-01,29558.53,True,FUNC-004033
Emanuel,Câmara,emanuel.câmara.func4033@aeroporto.com.br,514,3226,2015-09-28,3587.22,True,FUNC-004034
Davi Lucas,Albuquerque,davi lucas.albuquerque.func4034@aeroporto.com.br,499,2435,2016-12-06,33229.44,True,FUNC-004035
Mariana,Alves,mariana.alves.func4035@aeroporto.com.br,576,3633,2020-06-12,4189.84,True,FUNC-004036
Sarah,Barbosa,sarah.barbosa.func4036@aeroporto.com.br,540,4748,2014-05-02,28050.23,True,FUNC-004037
Pedro Henrique,Porto,pedro henrique.porto.func4037@aeroporto.com.br,578,218,2024-08-15,16840.02,True,FUNC-004038
Juliana,Cirino,juliana.cirino.func4038@aeroporto.com.br,591,786,2024-08-21,33154.88,False,FUNC-004039
Ana Beatriz,Fonseca,ana beatriz.fonseca.func4039@aeroporto.com.br,268,2031,2013-08-16,15162.92,True,FUNC-004040
Manuella,Souza,manuella.souza.func4040@aeroporto.com.br,329,81,2024-05-01,17124.22,True,FUNC-004041
Luara,Azevedo,luara.azevedo.func4041@aeroporto.com.br,163,4273,2011-09-18,31327.54,True,FUNC-004042
Isabela,Rezende,isabela.rezende.func4042@aeroporto.com.br,459,2420,2017-01-03,30334.77,True,FUNC-004043
Bento,Rocha,bento.rocha.func4043@aeroporto.com.br,128,1061,2020-03-23,17512.05,True,FUNC-004044
Marina,Carvalho,marina.carvalho.func4044@aeroporto.com.br,800,4153,2020-04-04,6232.33,True,FUNC-004045
Danilo,Vieira,danilo.vieira.func4045@aeroporto.com.br,933,395,2011-06-15,26248.84,True,FUNC-004046
Sabrina,Sampaio,sabrina.sampaio.func4046@aeroporto.com.br,34,3922,2015-01-01,9495.59,True,FUNC-004047
Mathias,da Rocha,mathias.da rocha.func4047@aeroporto.com.br,814,771,2023-06-13,11186.84,True,FUNC-004048
Ana Beatriz,Sales,ana beatriz.sales.func4048@aeroporto.com.br,769,1349,2019-07-21,10892.33,True,FUNC-004049
Marcelo,Peixoto,marcelo.peixoto.func4049@aeroporto.com.br,598,383,2023-03-19,4965.7,True,FUNC-004050
Kevin,Costa,kevin.costa.func4050@aeroporto.com.br,640,1542,2014-10-31,9390.17,True,FUNC-004051
Bianca,Costa,bianca.costa.func4051@aeroporto.com.br,683,1622,2017-12-20,12325.79,True,FUNC-004052
Vinicius,da Costa,vinicius.da costa.func4052@aeroporto.com.br,986,3930,2020-04-08,10719.28,True,FUNC-004053
Júlia,Borges,júlia.borges.func4053@aeroporto.com.br,199,1063,2025-05-02,19415.2,True,FUNC-004054
Breno,Santos,breno.santos.func4054@aeroporto.com.br,165,4450,2015-07-15,24513.85,True,FUNC-004055
Luan,Cirino,luan.cirino.func4055@aeroporto.com.br,137,442,2016-12-13,29719.31,True,FUNC-004056
Julia,Sá,julia.sá.func4056@aeroporto.com.br,366,1025,2016-06-12,22804.83,True,FUNC-004057
Pietra,Santos,pietra.santos.func4057@aeroporto.com.br,139,216,2014-11-25,34662.97,True,FUNC-004058
Isabelly,Moura,isabelly.moura.func4058@aeroporto.com.br,839,1121,2016-02-18,30692.2,True,FUNC-004059
Pedro,Mendes,pedro.mendes.func4059@aeroporto.com.br,245,2126,2012-08-29,20550.77,True,FUNC-004060
Liz,da Paz,liz.da paz.func4060@aeroporto.com.br,309,93,2012-01-18,12062.19,True,FUNC-004061
Heloísa,Rezende,heloísa.rezende.func4061@aeroporto.com.br,963,2174,2012-09-04,26445.21,True,FUNC-004062
José,Oliveira,josé.oliveira.func4062@aeroporto.com.br,742,215,2015-09-23,24395.64,True,FUNC-004063
Cecília,Camargo,cecília.camargo.func4063@aeroporto.com.br,763,3832,2011-06-04,4737.28,True,FUNC-004064
Clarice,Fernandes,clarice.fernandes.func4064@aeroporto.com.br,752,210,2013-02-09,5582.13,True,FUNC-004065
Maria Helena,Siqueira,maria helena.siqueira.func4065@aeroporto.com.br,386,1200,2019-08-22,4647.75,True,FUNC-004066
Bella,Mendonça,bella.mendonça.func4066@aeroporto.com.br,385,4809,2017-02-01,15805.16,True,FUNC-004067
João Miguel,Souza,joão miguel.souza.func4067@aeroporto.com.br,344,4699,2017-05-28,26534.44,True,FUNC-004068
Henry,Farias,henry.farias.func4068@aeroporto.com.br,3,2475,2018-10-26,21730.94,True,FUNC-004069
Esther,Pires,esther.pires.func4069@aeroporto.com.br,967,4599,2018-09-03,15450.26,True,FUNC-004070
Davi Lucca,Moura,davi lucca.moura.func4070@aeroporto.com.br,584,2752,2013-12-26,33335.5,True,FUNC-004071
Leonardo,Cavalcante,leonardo.cavalcante.func4071@aeroporto.com.br,166,2905,2022-11-12,11409.49,True,FUNC-004072
Valentina,Brito,valentina.brito.func4072@aeroporto.com.br,990,1890,2011-07-23,4610.82,True,FUNC-004073
Maria Vitória,Câmara,maria vitória.câmara.func4073@aeroporto.com.br,235,638,2014-09-03,21317.96,True,FUNC-004074
Liz,Monteiro,liz.monteiro.func4074@aeroporto.com.br,404,2103,2014-08-13,8960.84,True,FUNC-004075
Rafael,Correia,rafael.correia.func4075@aeroporto.com.br,563,695,2021-08-12,8182.89,True,FUNC-004076
Dom,Carvalho,dom.carvalho.func4076@aeroporto.com.br,601,499,2014-06-05,12462.39,True,FUNC-004077
Luiz Felipe,da Rosa,luiz felipe.da rosa.func4077@aeroporto.com.br,384,4975,2017-12-03,25131.11,True,FUNC-004078
Levi,Melo,levi.melo.func4078@aeroporto.com.br,536,4180,2013-06-09,6372.85,True,FUNC-004079
Yasmin,Campos,yasmin.campos.func4079@aeroporto.com.br,390,3651,2025-05-18,25916.38,True,FUNC-004080
Gustavo Henrique,Abreu,gustavo henrique.abreu.func4080@aeroporto.com.br,850,4569,2012-05-20,31871.31,True,FUNC-004081
Maria Julia,Brito,maria julia.brito.func4081@aeroporto.com.br,619,4367,2023-02-13,10762.03,False,FUNC-004082
Maya,Pastor,maya.pastor.func4082@aeroporto.com.br,403,4528,2012-12-05,15749.55,False,FUNC-004083
Maria Clara,Alves,maria clara.alves.func4083@aeroporto.com.br,615,3406,2019-08-17,19748.23,True,FUNC-004084
Esther,Souza,esther.souza.func4084@aeroporto.com.br,396,3079,2022-04-17,24193.4,True,FUNC-004085
Raul,Santos,raul.santos.func4085@aeroporto.com.br,233,1354,2018-09-20,3832.25,True,FUNC-004086
Luísa,Teixeira,luísa.teixeira.func4086@aeroporto.com.br,605,2910,2011-10-15,34695.06,True,FUNC-004087
João,Silveira,joão.silveira.func4087@aeroporto.com.br,784,95,2020-05-12,14742.08,True,FUNC-004088
Sophia,Pastor,sophia.pastor.func4088@aeroporto.com.br,493,2749,2019-09-10,9808.99,True,FUNC-004089
Maria Fernanda,Mendes,maria fernanda.mendes.func4089@aeroporto.com.br,792,1975,2021-09-12,12762.99,True,FUNC-004090
Maria Luísa,Porto,maria luísa.porto.func4090@aeroporto.com.br,981,4477,2018-04-12,2528.14,True,FUNC-004091
Maria Isis,Fonseca,maria isis.fonseca.func4091@aeroporto.com.br,773,4705,2024-07-29,29213.16,True,FUNC-004092
Carlos Eduardo,Silva,carlos eduardo.silva.func4092@aeroporto.com.br,615,1641,2017-01-24,14725.69,True,FUNC-004093
Letícia,Monteiro,letícia.monteiro.func4093@aeroporto.com.br,904,76,2016-11-24,3290.48,True,FUNC-004094
Ravi Lucca,Porto,ravi lucca.porto.func4094@aeroporto.com.br,71,1025,2021-10-01,13397.5,True,FUNC-004095
Ester,Cardoso,ester.cardoso.func4095@aeroporto.com.br,729,42,2019-10-01,18300.59,True,FUNC-004096
Amanda,Fernandes,amanda.fernandes.func4096@aeroporto.com.br,489,2734,2011-06-21,25701.67,True,FUNC-004097
Mathias,Gomes,mathias.gomes.func4097@aeroporto.com.br,981,2355,2015-01-20,24270.74,True,FUNC-004098
Carolina,Costa,carolina.costa.func4098@aeroporto.com.br,651,191,2014-07-11,12593.81,True,FUNC-004099
Ana Carolina,Costa,ana carolina.costa.func4099@aeroporto.com.br,609,3416,2020-12-11,33676.08,True,FUNC-004100
Vicente,Dias,vicente.dias.func4100@aeroporto.com.br,726,646,2019-03-18,24262.56,True,FUNC-004101
Igor,Brito,igor.brito.func4101@aeroporto.com.br,764,2207,2025-07-03,6618.55,True,FUNC-004102
Hadassa,Correia,hadassa.correia.func4102@aeroporto.com.br,988,1091,2019-06-09,5901.35,False,FUNC-004103
Daniel,Ramos,daniel.ramos.func4103@aeroporto.com.br,611,2011,2025-08-31,11861.33,True,FUNC-004104
Ryan,Oliveira,ryan.oliveira.func4104@aeroporto.com.br,739,3182,2017-05-04,24606.31,True,FUNC-004105
Theodoro,Montenegro,theodoro.montenegro.func4105@aeroporto.com.br,259,2129,2014-10-14,6726.11,True,FUNC-004106
Luiz Gustavo,Porto,luiz gustavo.porto.func4106@aeroporto.com.br,504,3328,2016-09-14,26006.01,True,FUNC-004107
Kevin,Costela,kevin.costela.func4107@aeroporto.com.br,249,701,2025-03-15,25936.05,True,FUNC-004108
Laís,Machado,laís.machado.func4108@aeroporto.com.br,36,4842,2021-03-03,24716.21,True,FUNC-004109
Antony,Nascimento,antony.nascimento.func4109@aeroporto.com.br,951,56,2014-02-27,32402.34,True,FUNC-004110
Guilherme,Barbosa,guilherme.barbosa.func4110@aeroporto.com.br,838,99,2014-07-01,2924.45,True,FUNC-004111
Lunna,Cassiano,lunna.cassiano.func4111@aeroporto.com.br,15,2730,2021-06-29,3667.51,True,FUNC-004112
Nicolas,Oliveira,nicolas.oliveira.func4112@aeroporto.com.br,713,3540,2015-09-14,22568.85,True,FUNC-004113
Isaac,da Rosa,isaac.da rosa.func4113@aeroporto.com.br,92,1553,2017-12-05,8523.28,True,FUNC-004114
Juan,Machado,juan.machado.func4114@aeroporto.com.br,348,2768,2018-05-03,17231.1,True,FUNC-004115
Caio,Cavalcante,caio.cavalcante.func4115@aeroporto.com.br,394,2913,2020-10-26,29287.36,True,FUNC-004116
Alexandre,Rodrigues,alexandre.rodrigues.func4116@aeroporto.com.br,899,2412,2016-08-04,30316.28,False,FUNC-004117
Miguel,Souza,miguel.souza.func4117@aeroporto.com.br,802,2516,2011-10-04,23582.93,True,FUNC-004118
Isabel,Sousa,isabel.sousa.func4118@aeroporto.com.br,319,4026,2018-04-11,22142.11,True,FUNC-004119
Ravy,Moraes,ravy.moraes.func4119@aeroporto.com.br,677,3245,2012-07-14,12647.12,True,FUNC-004120
Marina,Marques,marina.marques.func4120@aeroporto.com.br,690,1859,2020-08-27,20593.42,True,FUNC-004121
Davi Lucas,Melo,davi lucas.melo.func4121@aeroporto.com.br,52,1593,2011-10-09,9710.98,True,FUNC-004122
Noah,Rodrigues,noah.rodrigues.func4122@aeroporto.com.br,666,4909,2026-04-19,8149.35,True,FUNC-004123
Francisco,da Cunha,francisco.da cunha.func4123@aeroporto.com.br,606,804,2017-07-31,18264.82,True,FUNC-004124
Eduardo,Montenegro,eduardo.montenegro.func4124@aeroporto.com.br,270,1911,2022-04-21,33683.98,True,FUNC-004125
Erick,Lima,erick.lima.func4125@aeroporto.com.br,417,1070,2020-08-18,22385.97,True,FUNC-004126
Laura,Mendes,laura.mendes.func4126@aeroporto.com.br,181,1705,2023-01-20,31839.17,True,FUNC-004127
Gabrielly,Mendonça,gabrielly.mendonça.func4127@aeroporto.com.br,289,1817,2012-11-28,3394.18,True,FUNC-004128
Raul,Cardoso,raul.cardoso.func4128@aeroporto.com.br,991,4453,2026-04-16,9760.24,True,FUNC-004129
Daniela,Guerra,daniela.guerra.func4129@aeroporto.com.br,885,1831,2014-04-03,22441.75,True,FUNC-004130
João Vitor,Sales,joão vitor.sales.func4130@aeroporto.com.br,893,2458,2020-05-12,21061.18,True,FUNC-004131
João Felipe,da Costa,joão felipe.da costa.func4131@aeroporto.com.br,251,4999,2022-09-03,22438.3,True,FUNC-004132
Maria Vitória,Azevedo,maria vitória.azevedo.func4132@aeroporto.com.br,615,1312,2022-07-07,28894.72,True,FUNC-004133
Bruno,Gonçalves,bruno.gonçalves.func4133@aeroporto.com.br,551,4150,2011-06-14,17403.35,True,FUNC-004134
Pedro Lucas,Pereira,pedro lucas.pereira.func4134@aeroporto.com.br,694,154,2022-05-14,6311.42,False,FUNC-004135
Amanda,Peixoto,amanda.peixoto.func4135@aeroporto.com.br,475,1950,2014-03-11,20675.17,True,FUNC-004136
Ana Vitória,Novaes,ana vitória.novaes.func4136@aeroporto.com.br,525,26,2015-02-05,21325.59,True,FUNC-004137
Joaquim,Moreira,joaquim.moreira.func4137@aeroporto.com.br,452,607,2011-12-09,10320.99,True,FUNC-004138
Maria Vitória,da Conceição,maria vitória.da conceição.func4138@aeroporto.com.br,123,3698,2013-09-10,29211.39,True,FUNC-004139
Calebe,Peixoto,calebe.peixoto.func4139@aeroporto.com.br,579,610,2021-09-07,12517.83,True,FUNC-004140
Bento,Ramos,bento.ramos.func4140@aeroporto.com.br,625,3524,2022-08-04,3614.48,True,FUNC-004141
Maria Fernanda,Barros,maria fernanda.barros.func4141@aeroporto.com.br,600,2475,2015-09-03,15943.35,True,FUNC-004142
Sofia,Nascimento,sofia.nascimento.func4142@aeroporto.com.br,205,1271,2022-08-13,29355.38,True,FUNC-004143
Ana Liz,Souza,ana liz.souza.func4143@aeroporto.com.br,924,4530,2023-02-04,16860.0,True,FUNC-004144
Júlia,Lima,júlia.lima.func4144@aeroporto.com.br,978,3284,2011-10-16,15900.24,True,FUNC-004145
Letícia,Borges,letícia.borges.func4145@aeroporto.com.br,705,2121,2025-02-23,21384.49,True,FUNC-004146
Lorenzo,da Mata,lorenzo.da mata.func4146@aeroporto.com.br,703,1412,2023-06-06,14910.68,True,FUNC-004147
Bento,Fernandes,bento.fernandes.func4147@aeroporto.com.br,306,2077,2018-04-30,10447.23,True,FUNC-004148
Milena,Martins,milena.martins.func4148@aeroporto.com.br,353,3445,2017-11-01,21091.67,True,FUNC-004149
Benjamim,Pimenta,benjamim.pimenta.func4149@aeroporto.com.br,301,3858,2015-10-03,3029.57,True,FUNC-004150
Maria Isis,das Neves,maria isis.das neves.func4150@aeroporto.com.br,528,4458,2014-02-19,17520.65,True,FUNC-004151
Noah,Rios,noah.rios.func4151@aeroporto.com.br,666,4198,2011-07-07,30899.27,True,FUNC-004152
Gabrielly,Ferreira,gabrielly.ferreira.func4152@aeroporto.com.br,274,2529,2015-10-19,33872.38,True,FUNC-004153
Júlia,Câmara,júlia.câmara.func4153@aeroporto.com.br,969,3511,2024-02-20,7846.78,True,FUNC-004154
Fernanda,Albuquerque,fernanda.albuquerque.func4154@aeroporto.com.br,548,923,2023-01-26,21265.0,True,FUNC-004155
Maria Laura,Oliveira,maria laura.oliveira.func4155@aeroporto.com.br,394,2931,2017-03-26,3036.14,True,FUNC-004156
Leonardo,Vasconcelos,leonardo.vasconcelos.func4156@aeroporto.com.br,307,4288,2022-06-09,4391.76,True,FUNC-004157
Eloá,Fogaça,eloá.fogaça.func4157@aeroporto.com.br,530,2906,2014-07-09,20072.67,True,FUNC-004158
Dom,das Neves,dom.das neves.func4158@aeroporto.com.br,311,5000,2026-01-04,34147.14,True,FUNC-004159
Lucas,Souza,lucas.souza.func4159@aeroporto.com.br,240,2843,2019-03-07,21507.29,True,FUNC-004160
Nicole,Fonseca,nicole.fonseca.func4160@aeroporto.com.br,572,2792,2013-07-01,11927.56,True,FUNC-004161
Leonardo,Dias,leonardo.dias.func4161@aeroporto.com.br,558,1220,2021-10-13,29419.23,True,FUNC-004162
André,Aparecida,andré.aparecida.func4162@aeroporto.com.br,218,3650,2023-11-13,33459.87,True,FUNC-004163
Maria Luiza,Camargo,maria luiza.camargo.func4163@aeroporto.com.br,871,2625,2012-03-10,34124.0,True,FUNC-004164
Melina,Castro,melina.castro.func4164@aeroporto.com.br,235,2329,2020-02-06,9025.92,True,FUNC-004165
Théo,Barros,théo.barros.func4165@aeroporto.com.br,497,1178,2019-10-29,14515.5,True,FUNC-004166
Raul,Gomes,raul.gomes.func4166@aeroporto.com.br,651,297,2013-12-01,27271.03,True,FUNC-004167
Milena,Aragão,milena.aragão.func4167@aeroporto.com.br,795,65,2017-03-11,6623.48,True,FUNC-004168
Paulo,Rodrigues,paulo.rodrigues.func4168@aeroporto.com.br,357,3269,2023-03-29,19586.84,True,FUNC-004169
João Miguel,da Rosa,joão miguel.da rosa.func4169@aeroporto.com.br,539,3019,2014-09-10,9172.73,True,FUNC-004170
Nicole,Aparecida,nicole.aparecida.func4170@aeroporto.com.br,113,3686,2012-04-17,11160.62,True,FUNC-004171
Amanda,Guerra,amanda.guerra.func4171@aeroporto.com.br,624,625,2022-01-20,30921.4,True,FUNC-004172
Antony,Mendes,antony.mendes.func4172@aeroporto.com.br,701,4130,2017-04-18,14182.64,True,FUNC-004173
Melina,Brito,melina.brito.func4173@aeroporto.com.br,50,3371,2021-07-06,25981.14,True,FUNC-004174
Heloísa,Santos,heloísa.santos.func4174@aeroporto.com.br,62,2315,2020-08-21,17657.57,True,FUNC-004175
Lara,Camargo,lara.camargo.func4175@aeroporto.com.br,539,3201,2019-01-11,6514.96,True,FUNC-004176
Kamilly,Santos,kamilly.santos.func4176@aeroporto.com.br,231,2119,2019-01-21,10765.82,True,FUNC-004177
Brayan,da Mota,brayan.da mota.func4177@aeroporto.com.br,732,2236,2015-05-19,3304.47,True,FUNC-004178
Gael Henrique,Cunha,gael henrique.cunha.func4178@aeroporto.com.br,444,406,2013-09-13,10808.77,True,FUNC-004179
Ana,Vieira,ana.vieira.func4179@aeroporto.com.br,488,4377,2023-04-22,7260.17,True,FUNC-004180
Letícia,Monteiro,letícia.monteiro.func4180@aeroporto.com.br,912,871,2024-10-23,34766.35,True,FUNC-004181
Isis,Duarte,isis.duarte.func4181@aeroporto.com.br,642,726,2020-01-19,17902.59,True,FUNC-004182
Enrico,Vieira,enrico.vieira.func4182@aeroporto.com.br,120,4852,2025-02-04,8670.13,True,FUNC-004183
Maria Flor,Pacheco,maria flor.pacheco.func4183@aeroporto.com.br,590,75,2021-02-19,15659.91,True,FUNC-004184
Allana,Montenegro,allana.montenegro.func4184@aeroporto.com.br,990,4661,2021-04-04,24277.35,True,FUNC-004185
Anna Liz,da Luz,anna liz.da luz.func4185@aeroporto.com.br,352,3216,2017-04-09,31806.06,True,FUNC-004186
Allana,Moreira,allana.moreira.func4186@aeroporto.com.br,212,2363,2024-12-29,30433.9,True,FUNC-004187
Maria,Santos,maria.santos.func4187@aeroporto.com.br,617,404,2021-11-02,33563.14,True,FUNC-004188
Kevin,Silveira,kevin.silveira.func4188@aeroporto.com.br,454,4055,2017-01-13,21648.0,True,FUNC-004189
Pietro,Borges,pietro.borges.func4189@aeroporto.com.br,674,513,2016-09-14,15322.88,True,FUNC-004190
Dom,Rodrigues,dom.rodrigues.func4190@aeroporto.com.br,716,3143,2025-09-08,29060.81,True,FUNC-004191
Davi Lucas,Carvalho,davi lucas.carvalho.func4191@aeroporto.com.br,423,3717,2024-11-20,19975.28,True,FUNC-004192
Alana,Machado,alana.machado.func4192@aeroporto.com.br,441,3739,2020-12-18,10728.74,True,FUNC-004193
Manuela,da Mata,manuela.da mata.func4193@aeroporto.com.br,621,3700,2021-03-23,32376.72,True,FUNC-004194
Eloah,Moura,eloah.moura.func4194@aeroporto.com.br,975,3595,2018-01-12,24452.01,True,FUNC-004195
Lunna,Carvalho,lunna.carvalho.func4195@aeroporto.com.br,807,4142,2022-01-23,5898.4,True,FUNC-004196
Nicolas,Mendes,nicolas.mendes.func4196@aeroporto.com.br,196,3225,2020-05-25,33356.78,True,FUNC-004197
Diego,Brito,diego.brito.func4197@aeroporto.com.br,980,3533,2016-04-20,10473.65,True,FUNC-004198
Davi Lucca,Rodrigues,davi lucca.rodrigues.func4198@aeroporto.com.br,949,2347,2024-04-04,5007.84,True,FUNC-004199
Guilherme,Borges,guilherme.borges.func4199@aeroporto.com.br,190,196,2017-04-12,22228.47,True,FUNC-004200
Isaque,Moraes,isaque.moraes.func4200@aeroporto.com.br,302,4473,2025-11-29,23475.89,True,FUNC-004201
Yan,Aragão,yan.aragão.func4201@aeroporto.com.br,598,4306,2017-11-16,25213.16,True,FUNC-004202
Oliver,Duarte,oliver.duarte.func4202@aeroporto.com.br,521,2436,2024-09-13,4271.0,False,FUNC-004203
Benício,Pires,benício.pires.func4203@aeroporto.com.br,454,2588,2020-01-03,12498.14,True,FUNC-004204
Maria Laura,Novais,maria laura.novais.func4204@aeroporto.com.br,679,4445,2023-10-23,34727.65,True,FUNC-004205
Laura,Siqueira,laura.siqueira.func4205@aeroporto.com.br,548,2729,2020-12-24,14523.85,True,FUNC-004206
Luna,Moreira,luna.moreira.func4206@aeroporto.com.br,263,3487,2023-08-31,34422.15,True,FUNC-004207
Luara,Moraes,luara.moraes.func4207@aeroporto.com.br,172,4239,2025-12-18,15029.36,True,FUNC-004208
Cecília,Câmara,cecília.câmara.func4208@aeroporto.com.br,576,2348,2022-02-11,30501.69,True,FUNC-004209
Cecília,Duarte,cecília.duarte.func4209@aeroporto.com.br,584,2563,2017-02-23,13363.81,True,FUNC-004210
Mariah,Almeida,mariah.almeida.func4210@aeroporto.com.br,781,2986,2022-06-24,25551.34,True,FUNC-004211
Ana Sophia,Peixoto,ana sophia.peixoto.func4211@aeroporto.com.br,137,1,2024-05-19,5110.94,True,FUNC-004212
Ravi Lucca,Costa,ravi lucca.costa.func4212@aeroporto.com.br,949,1936,2021-09-11,4052.14,True,FUNC-004213
Matteo,Albuquerque,matteo.albuquerque.func4213@aeroporto.com.br,458,780,2021-06-08,10557.9,True,FUNC-004214
Marcos Vinicius,Leão,marcos vinicius.leão.func4214@aeroporto.com.br,851,4668,2019-03-04,11628.86,True,FUNC-004215
Lara,Alves,lara.alves.func4215@aeroporto.com.br,415,4957,2019-01-03,23714.78,True,FUNC-004216
Valentina,Sá,valentina.sá.func4216@aeroporto.com.br,21,963,2015-06-11,28473.65,True,FUNC-004217
Luana,Novaes,luana.novaes.func4217@aeroporto.com.br,140,4365,2024-03-18,29016.44,True,FUNC-004218
Luiz Gustavo,Pimenta,luiz gustavo.pimenta.func4218@aeroporto.com.br,117,2780,2025-03-16,24601.49,False,FUNC-004219
Ana Laura,Alves,ana laura.alves.func4219@aeroporto.com.br,346,4946,2014-09-07,22484.06,True,FUNC-004220
Isis,Rodrigues,isis.rodrigues.func4220@aeroporto.com.br,598,3691,2023-05-26,34791.42,True,FUNC-004221
Pedro Henrique,da Rosa,pedro henrique.da rosa.func4221@aeroporto.com.br,797,2414,2018-04-27,26964.99,False,FUNC-004222
Gustavo,Jesus,gustavo.jesus.func4222@aeroporto.com.br,465,1867,2013-10-12,27638.05,True,FUNC-004223
Maitê,Câmara,maitê.câmara.func4223@aeroporto.com.br,692,3755,2022-12-04,16011.26,True,FUNC-004224
Bernardo,Novaes,bernardo.novaes.func4224@aeroporto.com.br,517,3406,2014-11-09,10048.63,True,FUNC-004225
Felipe,Castro,felipe.castro.func4225@aeroporto.com.br,672,905,2022-06-02,22946.53,True,FUNC-004226
Arthur Gabriel,Vasconcelos,arthur gabriel.vasconcelos.func4226@aeroporto.com.br,54,2916,2026-02-28,13956.16,True,FUNC-004227
Jade,Mendonça,jade.mendonça.func4227@aeroporto.com.br,738,1396,2012-07-04,20893.9,True,FUNC-004228
Vinicius,Fogaça,vinicius.fogaça.func4228@aeroporto.com.br,531,1977,2013-08-25,31271.01,True,FUNC-004229
Lívia,da Conceição,lívia.da conceição.func4229@aeroporto.com.br,359,2967,2013-08-22,14500.53,True,FUNC-004230
Lara,Caldeira,lara.caldeira.func4230@aeroporto.com.br,383,2889,2021-10-29,8963.75,True,FUNC-004231
Yuri,Barros,yuri.barros.func4231@aeroporto.com.br,876,4845,2012-10-03,31773.43,True,FUNC-004232
João Pedro,da Cruz,joão pedro.da cruz.func4232@aeroporto.com.br,166,2042,2018-10-17,7892.97,True,FUNC-004233
Murilo,da Cunha,murilo.da cunha.func4233@aeroporto.com.br,304,665,2020-03-08,19955.67,True,FUNC-004234
Otto,da Paz,otto.da paz.func4234@aeroporto.com.br,796,1544,2016-12-12,28258.02,True,FUNC-004235
Kevin,Mendes,kevin.mendes.func4235@aeroporto.com.br,666,3592,2012-04-18,28566.57,False,FUNC-004236
Laura,Cassiano,laura.cassiano.func4236@aeroporto.com.br,991,219,2024-02-16,6575.51,True,FUNC-004237
Vinicius,Rodrigues,vinicius.rodrigues.func4237@aeroporto.com.br,602,2085,2023-09-24,29234.97,True,FUNC-004238
Samuel,Rodrigues,samuel.rodrigues.func4238@aeroporto.com.br,701,3030,2015-08-08,23731.5,True,FUNC-004239
Isadora,Sampaio,isadora.sampaio.func4239@aeroporto.com.br,871,403,2017-04-11,34804.84,True,FUNC-004240
Ravy,Cunha,ravy.cunha.func4240@aeroporto.com.br,883,4413,2015-07-18,34243.01,True,FUNC-004241
Arthur,Rocha,arthur.rocha.func4241@aeroporto.com.br,331,1555,2023-11-19,19794.47,True,FUNC-004242
Levi,Peixoto,levi.peixoto.func4242@aeroporto.com.br,174,1109,2024-08-09,12615.36,True,FUNC-004243
Isadora,Freitas,isadora.freitas.func4243@aeroporto.com.br,535,2466,2022-11-30,3437.06,True,FUNC-004244
Fernando,da Rosa,fernando.da rosa.func4244@aeroporto.com.br,515,214,2018-10-02,6548.31,True,FUNC-004245
Léo,Campos,léo.campos.func4245@aeroporto.com.br,1000,3922,2015-04-05,23368.64,True,FUNC-004246
Raul,Gomes,raul.gomes.func4246@aeroporto.com.br,771,363,2025-04-29,16906.5,True,FUNC-004247
Lorenzo,Camargo,lorenzo.camargo.func4247@aeroporto.com.br,883,4048,2025-02-09,18065.2,True,FUNC-004248
Kamilly,Teixeira,kamilly.teixeira.func4248@aeroporto.com.br,671,24,2021-01-28,11753.98,True,FUNC-004249
Cecília,Moreira,cecília.moreira.func4249@aeroporto.com.br,752,3461,2017-09-13,27458.52,True,FUNC-004250
Antonella,Rezende,antonella.rezende.func4250@aeroporto.com.br,473,456,2018-02-18,9560.02,True,FUNC-004251
Rafael,Nunes,rafael.nunes.func4251@aeroporto.com.br,104,1882,2024-06-01,34024.42,True,FUNC-004252
Arthur,Viana,arthur.viana.func4252@aeroporto.com.br,907,864,2023-12-27,20392.03,True,FUNC-004253
Pedro Miguel,Porto,pedro miguel.porto.func4253@aeroporto.com.br,758,2885,2014-12-05,4785.4,True,FUNC-004254
Alícia,Moraes,alícia.moraes.func4254@aeroporto.com.br,219,52,2014-01-13,24077.06,True,FUNC-004255
Julia,da Cunha,julia.da cunha.func4255@aeroporto.com.br,70,1360,2017-02-03,24753.53,True,FUNC-004256
Luiz Gustavo,da Mota,luiz gustavo.da mota.func4256@aeroporto.com.br,412,1353,2026-05-06,27374.92,True,FUNC-004257
Arthur,Alves,arthur.alves.func4257@aeroporto.com.br,400,981,2017-03-10,10785.44,True,FUNC-004258
Maria Luísa,Cunha,maria luísa.cunha.func4258@aeroporto.com.br,616,394,2023-05-02,33234.93,True,FUNC-004259
Elisa,Mendonça,elisa.mendonça.func4259@aeroporto.com.br,659,2747,2015-01-21,27536.07,True,FUNC-004260
Maria Luiza,Nunes,maria luiza.nunes.func4260@aeroporto.com.br,283,1203,2016-12-09,11570.77,True,FUNC-004261
José Miguel,Martins,josé miguel.martins.func4261@aeroporto.com.br,402,656,2011-11-21,18366.59,True,FUNC-004262
Maria Fernanda,Pinto,maria fernanda.pinto.func4262@aeroporto.com.br,530,1316,2017-02-24,15668.4,True,FUNC-004263
Davi Lucas,Duarte,davi lucas.duarte.func4263@aeroporto.com.br,415,312,2014-03-31,8179.48,True,FUNC-004264
Maria Flor,Aragão,maria flor.aragão.func4264@aeroporto.com.br,475,3238,2023-01-20,9778.93,True,FUNC-004265
Nicole,Cavalcante,nicole.cavalcante.func4265@aeroporto.com.br,416,3791,2022-02-17,7570.1,True,FUNC-004266
Rodrigo,Moura,rodrigo.moura.func4266@aeroporto.com.br,205,3922,2011-08-17,11025.79,True,FUNC-004267
Maria,Mendes,maria.mendes.func4267@aeroporto.com.br,531,2251,2014-09-25,31063.95,True,FUNC-004268
Emanuelly,Novais,emanuelly.novais.func4268@aeroporto.com.br,144,3858,2015-12-27,7108.75,True,FUNC-004269
Kamilly,Porto,kamilly.porto.func4269@aeroporto.com.br,830,928,2019-06-15,33546.28,True,FUNC-004270
Maria Luiza,Sales,maria luiza.sales.func4270@aeroporto.com.br,524,4621,2026-05-14,32761.86,True,FUNC-004271
Eloah,Martins,eloah.martins.func4271@aeroporto.com.br,741,957,2018-04-28,8856.92,True,FUNC-004272
Brayan,Sá,brayan.sá.func4272@aeroporto.com.br,343,2431,2013-04-30,27099.31,True,FUNC-004273
Rafaela,Novais,rafaela.novais.func4273@aeroporto.com.br,664,2946,2018-05-07,21774.34,True,FUNC-004274
Marina,Novais,marina.novais.func4274@aeroporto.com.br,592,3346,2014-06-02,10449.13,True,FUNC-004275
Joana,Farias,joana.farias.func4275@aeroporto.com.br,336,3585,2012-08-25,25721.59,True,FUNC-004276
Evelyn,Abreu,evelyn.abreu.func4276@aeroporto.com.br,909,1739,2022-07-03,28711.46,True,FUNC-004277
Eduarda,Moraes,eduarda.moraes.func4277@aeroporto.com.br,663,274,2021-07-12,13193.56,True,FUNC-004278
Thales,Ferreira,thales.ferreira.func4278@aeroporto.com.br,16,3952,2012-06-02,3533.01,True,FUNC-004279
Pedro Lucas,Pimenta,pedro lucas.pimenta.func4279@aeroporto.com.br,24,2864,2019-05-03,11591.14,True,FUNC-004280
Gustavo Henrique,Caldeira,gustavo henrique.caldeira.func4280@aeroporto.com.br,218,368,2024-10-29,25948.45,True,FUNC-004281
Alana,Machado,alana.machado.func4281@aeroporto.com.br,53,2720,2019-04-15,7096.76,True,FUNC-004282
Juliana,Porto,juliana.porto.func4282@aeroporto.com.br,394,1648,2018-09-20,14148.99,True,FUNC-004283
Pietra,da Rocha,pietra.da rocha.func4283@aeroporto.com.br,981,2487,2017-03-29,34648.59,True,FUNC-004284
Valentim,Rios,valentim.rios.func4284@aeroporto.com.br,413,4010,2022-04-26,6133.03,True,FUNC-004285
Luiz Fernando,Monteiro,luiz fernando.monteiro.func4285@aeroporto.com.br,620,2845,2019-05-21,24789.45,True,FUNC-004286
João Gabriel,Santos,joão gabriel.santos.func4286@aeroporto.com.br,560,2292,2014-08-06,19475.63,True,FUNC-004287
Enzo,da Cunha,enzo.da cunha.func4287@aeroporto.com.br,159,2241,2016-01-03,10155.16,True,FUNC-004288
Ana Lívia,Vieira,ana lívia.vieira.func4288@aeroporto.com.br,136,3695,2023-01-17,13101.5,True,FUNC-004289
Nicolas,Nogueira,nicolas.nogueira.func4289@aeroporto.com.br,466,3011,2019-06-15,15468.02,True,FUNC-004290
Ana Laura,Mendonça,ana laura.mendonça.func4290@aeroporto.com.br,723,4777,2017-02-28,10330.77,True,FUNC-004291
Felipe,Gomes,felipe.gomes.func4291@aeroporto.com.br,977,3956,2025-10-24,32099.78,True,FUNC-004292
Luiz Gustavo,Fogaça,luiz gustavo.fogaça.func4292@aeroporto.com.br,885,3268,2016-08-12,23860.89,True,FUNC-004293
Maria Eduarda,Porto,maria eduarda.porto.func4293@aeroporto.com.br,177,4503,2013-03-05,25872.17,True,FUNC-004294
João Vitor,Pacheco,joão vitor.pacheco.func4294@aeroporto.com.br,570,3592,2024-05-09,25944.58,True,FUNC-004295
Oliver,Cardoso,oliver.cardoso.func4295@aeroporto.com.br,268,1606,2020-07-18,9587.74,True,FUNC-004296
Yasmin,Ramos,yasmin.ramos.func4296@aeroporto.com.br,982,2927,2013-02-09,21208.6,True,FUNC-004297
Ana Lívia,Pastor,ana lívia.pastor.func4297@aeroporto.com.br,910,2666,2017-04-12,13119.77,True,FUNC-004298
Luiz Gustavo,Pereira,luiz gustavo.pereira.func4298@aeroporto.com.br,436,2801,2013-10-28,23267.48,True,FUNC-004299
Yuri,Mendes,yuri.mendes.func4299@aeroporto.com.br,303,4626,2013-02-22,11936.74,True,FUNC-004300
Isabela,Abreu,isabela.abreu.func4300@aeroporto.com.br,791,3573,2023-09-21,27174.05,False,FUNC-004301
Allana,Campos,allana.campos.func4301@aeroporto.com.br,92,88,2019-02-11,11078.41,True,FUNC-004302
Laura,Moreira,laura.moreira.func4302@aeroporto.com.br,314,3015,2024-01-30,17696.42,True,FUNC-004303
Amanda,Caldeira,amanda.caldeira.func4303@aeroporto.com.br,801,1020,2017-01-31,23647.92,True,FUNC-004304
Davi Lucca,Machado,davi lucca.machado.func4304@aeroporto.com.br,514,1660,2012-02-11,33607.76,True,FUNC-004305
Bento,Almeida,bento.almeida.func4305@aeroporto.com.br,244,2347,2018-07-09,29486.23,True,FUNC-004306
Heloisa,Sales,heloisa.sales.func4306@aeroporto.com.br,948,4521,2014-02-04,34363.11,True,FUNC-004307
Letícia,Moraes,letícia.moraes.func4307@aeroporto.com.br,819,4293,2017-04-01,32306.64,True,FUNC-004308
Cecilia,Almeida,cecilia.almeida.func4308@aeroporto.com.br,73,2614,2020-02-05,2647.24,True,FUNC-004309
Ana Liz,das Neves,ana liz.das neves.func4309@aeroporto.com.br,553,2721,2012-06-29,26333.93,True,FUNC-004310
Antony,Camargo,antony.camargo.func4310@aeroporto.com.br,497,1918,2023-11-02,26912.22,True,FUNC-004311
Lorena,Monteiro,lorena.monteiro.func4311@aeroporto.com.br,273,3031,2014-04-07,12020.13,True,FUNC-004312
Levi,Viana,levi.viana.func4312@aeroporto.com.br,373,3469,2026-04-26,33920.28,True,FUNC-004313
João,Borges,joão.borges.func4313@aeroporto.com.br,312,1205,2018-09-06,7077.81,True,FUNC-004314
Luana,Fernandes,luana.fernandes.func4314@aeroporto.com.br,70,4006,2016-05-06,15485.71,True,FUNC-004315
Sabrina,Martins,sabrina.martins.func4315@aeroporto.com.br,782,4445,2020-02-27,4659.04,True,FUNC-004316
Jade,Rodrigues,jade.rodrigues.func4316@aeroporto.com.br,948,1335,2016-01-15,34967.59,True,FUNC-004317
Isis,Fernandes,isis.fernandes.func4317@aeroporto.com.br,510,4187,2025-01-13,27300.58,True,FUNC-004318
Vitória,Barros,vitória.barros.func4318@aeroporto.com.br,175,1060,2022-05-30,11824.68,True,FUNC-004319
Clarice,Pimenta,clarice.pimenta.func4319@aeroporto.com.br,23,654,2017-12-30,28653.73,True,FUNC-004320
Isabella,Novais,isabella.novais.func4320@aeroporto.com.br,313,4376,2016-04-08,18027.25,True,FUNC-004321
Levi,Marques,levi.marques.func4321@aeroporto.com.br,707,1741,2011-10-10,7646.6,True,FUNC-004322
Ester,Gomes,ester.gomes.func4322@aeroporto.com.br,800,2792,2014-04-26,6608.87,True,FUNC-004323
Levi,Dias,levi.dias.func4323@aeroporto.com.br,916,950,2016-06-28,10385.17,True,FUNC-004324
Maria Flor,Andrade,maria flor.andrade.func4324@aeroporto.com.br,659,4428,2019-02-05,18703.95,True,FUNC-004325
Emanuella,Nunes,emanuella.nunes.func4325@aeroporto.com.br,594,2726,2023-03-01,4130.33,True,FUNC-004326
Melissa,da Conceição,melissa.da conceição.func4326@aeroporto.com.br,907,2653,2016-11-26,23611.64,True,FUNC-004327
José Pedro,Dias,josé pedro.dias.func4327@aeroporto.com.br,961,196,2019-05-05,12840.62,True,FUNC-004328
Sophia,Pastor,sophia.pastor.func4328@aeroporto.com.br,813,4627,2011-08-05,18186.38,True,FUNC-004329
Isis,Leão,isis.leão.func4329@aeroporto.com.br,384,2481,2022-11-02,25765.77,True,FUNC-004330
Luigi,Farias,luigi.farias.func4330@aeroporto.com.br,874,4829,2025-05-03,31302.17,True,FUNC-004331
Bianca,Moreira,bianca.moreira.func4331@aeroporto.com.br,173,1973,2013-11-23,19330.3,True,FUNC-004332
Erick,Teixeira,erick.teixeira.func4332@aeroporto.com.br,826,2006,2015-10-14,7991.9,True,FUNC-004333
Noah,Aparecida,noah.aparecida.func4333@aeroporto.com.br,116,2319,2020-01-07,33859.38,True,FUNC-004334
Luiza,Gomes,luiza.gomes.func4334@aeroporto.com.br,23,1128,2021-01-25,27937.38,True,FUNC-004335
Pietro,da Rosa,pietro.da rosa.func4335@aeroporto.com.br,552,3955,2013-01-04,14469.54,True,FUNC-004336
Mariah,da Mota,mariah.da mota.func4336@aeroporto.com.br,920,1713,2025-03-02,16140.12,True,FUNC-004337
João Pedro,Martins,joão pedro.martins.func4337@aeroporto.com.br,387,3134,2021-02-28,16609.41,True,FUNC-004338
Mariane,Pacheco,mariane.pacheco.func4338@aeroporto.com.br,899,212,2023-02-14,15738.71,True,FUNC-004339
Lucca,Fogaça,lucca.fogaça.func4339@aeroporto.com.br,872,1894,2026-04-03,5253.94,True,FUNC-004340
Gustavo,Pimenta,gustavo.pimenta.func4340@aeroporto.com.br,676,4790,2020-10-25,21175.99,True,FUNC-004341
Júlia,Santos,júlia.santos.func4341@aeroporto.com.br,548,3398,2014-07-10,29486.98,True,FUNC-004342
Maria Fernanda,Novais,maria fernanda.novais.func4342@aeroporto.com.br,860,4887,2018-07-17,6717.87,True,FUNC-004343
Luiz Gustavo,Pastor,luiz gustavo.pastor.func4343@aeroporto.com.br,823,513,2012-12-26,8692.83,True,FUNC-004344
Bella,Nogueira,bella.nogueira.func4344@aeroporto.com.br,823,3870,2024-08-25,8267.43,True,FUNC-004345
Davi Miguel,da Rocha,davi miguel.da rocha.func4345@aeroporto.com.br,242,2249,2019-11-04,9918.67,True,FUNC-004346
Ana Júlia,Dias,ana júlia.dias.func4346@aeroporto.com.br,171,848,2025-04-12,26215.83,True,FUNC-004347
Maria Clara,da Cruz,maria clara.da cruz.func4347@aeroporto.com.br,920,1292,2019-08-23,31387.87,True,FUNC-004348
Théo,da Paz,théo.da paz.func4348@aeroporto.com.br,787,2877,2014-02-20,8201.51,True,FUNC-004349
Manuella,Fogaça,manuella.fogaça.func4349@aeroporto.com.br,107,4499,2012-08-20,8482.63,True,FUNC-004350
Nicolas,Caldeira,nicolas.caldeira.func4350@aeroporto.com.br,717,506,2024-10-07,21486.39,True,FUNC-004351
Benício,Brito,benício.brito.func4351@aeroporto.com.br,789,2592,2024-11-15,26603.91,True,FUNC-004352
Apollo,Souza,apollo.souza.func4352@aeroporto.com.br,291,4822,2013-04-28,6465.8,True,FUNC-004353
Daniel,Albuquerque,daniel.albuquerque.func4353@aeroporto.com.br,719,3886,2019-06-18,20784.38,True,FUNC-004354
Ian,Leão,ian.leão.func4354@aeroporto.com.br,316,1095,2015-02-22,17323.58,True,FUNC-004355
Emanuel,da Conceição,emanuel.da conceição.func4355@aeroporto.com.br,337,1813,2012-08-25,26223.23,True,FUNC-004356
Igor,Costa,igor.costa.func4356@aeroporto.com.br,252,499,2017-05-05,9486.86,True,FUNC-004357
Lara,Marques,lara.marques.func4357@aeroporto.com.br,593,3480,2019-03-23,27896.64,True,FUNC-004358
Maria Julia,Azevedo,maria julia.azevedo.func4358@aeroporto.com.br,727,4452,2012-08-29,18335.01,True,FUNC-004359
Raul,Câmara,raul.câmara.func4359@aeroporto.com.br,699,1465,2022-08-30,13363.36,True,FUNC-004360
João,Araújo,joão.araújo.func4360@aeroporto.com.br,958,538,2015-10-30,19227.94,True,FUNC-004361
Kevin,Novais,kevin.novais.func4361@aeroporto.com.br,332,4520,2018-12-08,28379.35,True,FUNC-004362
Antony,da Conceição,antony.da conceição.func4362@aeroporto.com.br,984,4977,2021-02-25,4488.47,True,FUNC-004363
Helena,Rezende,helena.rezende.func4363@aeroporto.com.br,903,4879,2025-07-26,25693.15,True,FUNC-004364
Fernanda,da Cruz,fernanda.da cruz.func4364@aeroporto.com.br,489,4132,2015-05-24,22482.24,True,FUNC-004365
Kevin,Guerra,kevin.guerra.func4365@aeroporto.com.br,679,4429,2018-05-27,9160.36,True,FUNC-004366
João Miguel,Almeida,joão miguel.almeida.func4366@aeroporto.com.br,866,76,2017-09-23,8049.94,True,FUNC-004367
João Vitor,Fonseca,joão vitor.fonseca.func4367@aeroporto.com.br,295,2168,2017-11-17,19712.73,True,FUNC-004368
Leandro,Cardoso,leandro.cardoso.func4368@aeroporto.com.br,838,626,2023-12-11,4607.87,True,FUNC-004369
Isabella,Farias,isabella.farias.func4369@aeroporto.com.br,600,3235,2012-10-12,14035.37,True,FUNC-004370
Camila,da Costa,camila.da costa.func4370@aeroporto.com.br,984,1658,2026-01-12,25226.45,True,FUNC-004371
Maria Vitória,Casa Grande,maria vitória.casa grande.func4371@aeroporto.com.br,868,2182,2020-02-16,25269.97,True,FUNC-004372
Dante,Leão,dante.leão.func4372@aeroporto.com.br,297,3418,2022-07-15,16751.93,False,FUNC-004373
Fernando,Fogaça,fernando.fogaça.func4373@aeroporto.com.br,84,1746,2021-02-17,11426.77,True,FUNC-004374
Heitor,Gomes,heitor.gomes.func4374@aeroporto.com.br,509,1415,2020-12-11,34623.69,True,FUNC-004375
Lavínia,Leão,lavínia.leão.func4375@aeroporto.com.br,190,1401,2013-05-12,16133.29,True,FUNC-004376
José Miguel,Nascimento,josé miguel.nascimento.func4376@aeroporto.com.br,254,4148,2017-05-23,11284.16,True,FUNC-004377
Esther,Viana,esther.viana.func4377@aeroporto.com.br,429,4873,2023-01-12,24832.14,False,FUNC-004378
Danilo,Castro,danilo.castro.func4378@aeroporto.com.br,228,3986,2021-01-11,10750.46,True,FUNC-004379
Amanda,Andrade,amanda.andrade.func4379@aeroporto.com.br,178,2171,2018-06-18,9228.76,True,FUNC-004380
Kevin,Sá,kevin.sá.func4380@aeroporto.com.br,719,1887,2022-02-19,23982.18,True,FUNC-004381
Milena,Pereira,milena.pereira.func4381@aeroporto.com.br,557,3262,2023-02-07,8511.14,True,FUNC-004382
Sara,Carvalho,sara.carvalho.func4382@aeroporto.com.br,790,3826,2024-08-22,18332.32,True,FUNC-004383
Vinícius,Teixeira,vinícius.teixeira.func4383@aeroporto.com.br,740,2272,2011-12-27,17094.58,True,FUNC-004384
Vitor Gabriel,Cassiano,vitor gabriel.cassiano.func4384@aeroporto.com.br,769,1354,2017-09-27,19380.85,True,FUNC-004385
Heitor,das Neves,heitor.das neves.func4385@aeroporto.com.br,426,1691,2021-09-25,16433.61,True,FUNC-004386
Mariah,da Luz,mariah.da luz.func4386@aeroporto.com.br,826,4299,2018-05-17,30831.95,True,FUNC-004387
Oliver,Teixeira,oliver.teixeira.func4387@aeroporto.com.br,842,436,2015-12-12,13243.42,True,FUNC-004388
Maria,Dias,maria.dias.func4388@aeroporto.com.br,151,3571,2015-05-02,14102.8,True,FUNC-004389
Bella,da Cruz,bella.da cruz.func4389@aeroporto.com.br,702,3687,2019-03-13,18314.69,True,FUNC-004390
Alexia,Nunes,alexia.nunes.func4390@aeroporto.com.br,984,75,2017-01-21,17841.49,True,FUNC-004391
José,Freitas,josé.freitas.func4391@aeroporto.com.br,740,3543,2014-08-04,31432.14,True,FUNC-004392
Carolina,Lopes,carolina.lopes.func4392@aeroporto.com.br,989,3623,2011-08-21,34802.18,True,FUNC-004393
Nina,Moraes,nina.moraes.func4393@aeroporto.com.br,833,1625,2016-06-02,12334.54,True,FUNC-004394
Mariana,Rodrigues,mariana.rodrigues.func4394@aeroporto.com.br,99,1826,2022-08-18,32534.01,True,FUNC-004395
André,Mendonça,andré.mendonça.func4395@aeroporto.com.br,305,638,2022-06-20,20811.98,True,FUNC-004396
Erick,Camargo,erick.camargo.func4396@aeroporto.com.br,572,4317,2019-04-22,18621.7,True,FUNC-004397
Isabel,Costela,isabel.costela.func4397@aeroporto.com.br,437,4106,2024-11-20,15535.77,True,FUNC-004398
Nicolas,Lopes,nicolas.lopes.func4398@aeroporto.com.br,351,2952,2024-02-16,18454.57,True,FUNC-004399
Gabriela,Brito,gabriela.brito.func4399@aeroporto.com.br,99,3953,2020-10-28,11916.13,True,FUNC-004400
Davi Lucca,Freitas,davi lucca.freitas.func4400@aeroporto.com.br,623,3112,2012-07-18,4648.29,True,FUNC-004401
Bárbara,Pastor,bárbara.pastor.func4401@aeroporto.com.br,261,2961,2016-06-06,3830.68,True,FUNC-004402
Maria Liz,Casa Grande,maria liz.casa grande.func4402@aeroporto.com.br,465,1297,2020-09-28,12091.49,True,FUNC-004403
Vinícius,Borges,vinícius.borges.func4403@aeroporto.com.br,541,4230,2014-06-28,22526.75,True,FUNC-004404
Antonella,Moreira,antonella.moreira.func4404@aeroporto.com.br,29,3154,2017-08-01,6161.96,True,FUNC-004405
Brenda,Teixeira,brenda.teixeira.func4405@aeroporto.com.br,847,3045,2022-12-10,28055.26,True,FUNC-004406
Otto,Almeida,otto.almeida.func4406@aeroporto.com.br,56,3698,2011-10-21,12638.69,True,FUNC-004407
Diego,Nunes,diego.nunes.func4407@aeroporto.com.br,940,2667,2020-10-13,32826.42,True,FUNC-004408
Otto,Guerra,otto.guerra.func4408@aeroporto.com.br,435,2522,2014-08-21,16306.45,True,FUNC-004409
Luna,Gonçalves,luna.gonçalves.func4409@aeroporto.com.br,868,666,2025-04-21,26106.59,True,FUNC-004410
Benjamin,Andrade,benjamin.andrade.func4410@aeroporto.com.br,735,3603,2017-03-04,27375.3,True,FUNC-004411
Olivia,Peixoto,olivia.peixoto.func4411@aeroporto.com.br,867,266,2016-06-27,15777.14,True,FUNC-004412
Emilly,Ferreira,emilly.ferreira.func4412@aeroporto.com.br,797,3725,2024-05-28,28217.5,True,FUNC-004413
Eduardo,Jesus,eduardo.jesus.func4413@aeroporto.com.br,4,1878,2011-12-12,28022.19,True,FUNC-004414
Davi Miguel,Barros,davi miguel.barros.func4414@aeroporto.com.br,54,3512,2019-04-21,25663.67,True,FUNC-004415
Agatha,Pimenta,agatha.pimenta.func4415@aeroporto.com.br,722,3739,2024-01-24,10955.57,True,FUNC-004416
Otto,Moura,otto.moura.func4416@aeroporto.com.br,426,4267,2014-05-25,13907.57,True,FUNC-004417
Matheus,Castro,matheus.castro.func4417@aeroporto.com.br,811,685,2023-05-20,23468.75,True,FUNC-004418
Marcela,Brito,marcela.brito.func4418@aeroporto.com.br,24,1308,2017-05-18,27667.61,True,FUNC-004419
Cecilia,Fogaça,cecilia.fogaça.func4419@aeroporto.com.br,87,1669,2015-10-15,28613.81,True,FUNC-004420
Maria Sophia,Camargo,maria sophia.camargo.func4420@aeroporto.com.br,215,2009,2019-09-01,21067.69,True,FUNC-004421
Caroline,Nascimento,caroline.nascimento.func4421@aeroporto.com.br,537,1433,2016-07-24,14651.38,True,FUNC-004422
Lunna,Aragão,lunna.aragão.func4422@aeroporto.com.br,195,1901,2012-09-10,17205.62,True,FUNC-004423
Mariana,Moura,mariana.moura.func4423@aeroporto.com.br,377,3999,2025-02-09,20722.03,True,FUNC-004424
Ísis,Caldeira,ísis.caldeira.func4424@aeroporto.com.br,303,250,2012-12-28,21193.23,True,FUNC-004425
Benício,Pacheco,benício.pacheco.func4425@aeroporto.com.br,991,1840,2011-11-12,20289.11,False,FUNC-004426
Apollo,Teixeira,apollo.teixeira.func4426@aeroporto.com.br,125,704,2022-09-26,10203.52,True,FUNC-004427
Ana Laura,Costa,ana laura.costa.func4427@aeroporto.com.br,42,4020,2015-08-26,31883.54,True,FUNC-004428
Melina,Araújo,melina.araújo.func4428@aeroporto.com.br,803,4250,2017-12-01,4801.97,True,FUNC-004429
Diogo,Pimenta,diogo.pimenta.func4429@aeroporto.com.br,858,180,2026-04-14,27021.65,True,FUNC-004430
Manuela,Nogueira,manuela.nogueira.func4430@aeroporto.com.br,117,2415,2019-01-01,7414.19,True,FUNC-004431
Léo,Novais,léo.novais.func4431@aeroporto.com.br,873,2034,2023-03-09,5512.99,True,FUNC-004432
Luiz Felipe,Ramos,luiz felipe.ramos.func4432@aeroporto.com.br,51,4584,2013-01-28,20939.11,True,FUNC-004433
Maria Alice,da Paz,maria alice.da paz.func4433@aeroporto.com.br,120,3935,2019-09-02,11031.67,True,FUNC-004434
Maria Luísa,Pinto,maria luísa.pinto.func4434@aeroporto.com.br,744,981,2025-10-31,18916.48,True,FUNC-004435
Renan,Santos,renan.santos.func4435@aeroporto.com.br,287,2510,2015-03-12,30368.81,True,FUNC-004436
Isabel,Macedo,isabel.macedo.func4436@aeroporto.com.br,829,736,2025-03-11,10682.54,True,FUNC-004437
Lorena,Borges,lorena.borges.func4437@aeroporto.com.br,739,4117,2013-04-18,10977.26,True,FUNC-004438
Melina,Pastor,melina.pastor.func4438@aeroporto.com.br,527,139,2023-04-04,11446.03,True,FUNC-004439
Larissa,Camargo,larissa.camargo.func4439@aeroporto.com.br,459,1371,2018-05-08,34653.95,False,FUNC-004440
Luísa,Lopes,luísa.lopes.func4440@aeroporto.com.br,321,93,2017-10-27,24383.26,True,FUNC-004441
Maria Laura,Sales,maria laura.sales.func4441@aeroporto.com.br,79,2270,2013-03-18,31264.32,True,FUNC-004442
Eduarda,Vieira,eduarda.vieira.func4442@aeroporto.com.br,435,847,2019-06-08,14741.1,True,FUNC-004443
Heitor,Moreira,heitor.moreira.func4443@aeroporto.com.br,223,3484,2019-03-27,11595.58,True,FUNC-004444
Isaque,Novais,isaque.novais.func4444@aeroporto.com.br,118,3041,2024-11-09,10474.33,True,FUNC-004445
João Miguel,Aparecida,joão miguel.aparecida.func4445@aeroporto.com.br,929,4719,2013-06-24,8131.19,True,FUNC-004446
Luísa,Nascimento,luísa.nascimento.func4446@aeroporto.com.br,794,2606,2025-10-03,31479.9,True,FUNC-004447
Olivia,da Conceição,olivia.da conceição.func4447@aeroporto.com.br,659,325,2019-09-05,25268.6,True,FUNC-004448
Bárbara,Novaes,bárbara.novaes.func4448@aeroporto.com.br,182,3773,2019-10-03,32960.44,True,FUNC-004449
Beatriz,da Rosa,beatriz.da rosa.func4449@aeroporto.com.br,528,676,2016-10-07,33282.52,True,FUNC-004450
Fernanda,Barros,fernanda.barros.func4450@aeroporto.com.br,225,68,2022-12-02,22214.61,True,FUNC-004451
Calebe,Castro,calebe.castro.func4451@aeroporto.com.br,301,3033,2014-04-16,4947.85,True,FUNC-004452
Maya,Peixoto,maya.peixoto.func4452@aeroporto.com.br,269,2290,2015-08-09,6927.01,True,FUNC-004453
Ana Cecília,Santos,ana cecília.santos.func4453@aeroporto.com.br,276,1157,2018-08-26,30408.41,True,FUNC-004454
Maria Julia,da Rosa,maria julia.da rosa.func4454@aeroporto.com.br,321,4185,2020-04-11,6203.1,True,FUNC-004455
Sofia,Duarte,sofia.duarte.func4455@aeroporto.com.br,114,885,2013-05-16,18068.25,True,FUNC-004456
Yasmin,Moraes,yasmin.moraes.func4456@aeroporto.com.br,326,4758,2017-05-21,22917.17,True,FUNC-004457
Erick,Correia,erick.correia.func4457@aeroporto.com.br,531,4119,2017-12-10,15433.99,True,FUNC-004458
Pedro Miguel,Leão,pedro miguel.leão.func4458@aeroporto.com.br,885,3341,2014-03-01,30503.87,True,FUNC-004459
Eduardo,Cunha,eduardo.cunha.func4459@aeroporto.com.br,898,3129,2019-10-12,8134.44,True,FUNC-004460
Isabel,Pimenta,isabel.pimenta.func4460@aeroporto.com.br,356,1923,2014-11-14,32134.07,True,FUNC-004461
Guilherme,Brito,guilherme.brito.func4461@aeroporto.com.br,988,1238,2019-10-08,5098.52,True,FUNC-004462
Maria Luiza,Viana,maria luiza.viana.func4462@aeroporto.com.br,666,1971,2014-10-17,18154.29,True,FUNC-004463
Ana Vitória,Fernandes,ana vitória.fernandes.func4463@aeroporto.com.br,337,75,2017-04-26,26798.73,True,FUNC-004464
Laura,da Conceição,laura.da conceição.func4464@aeroporto.com.br,75,4063,2017-11-22,27970.31,True,FUNC-004465
Oliver,da Cunha,oliver.da cunha.func4465@aeroporto.com.br,567,1349,2019-08-08,5330.51,True,FUNC-004466
Vitor,da Cunha,vitor.da cunha.func4466@aeroporto.com.br,213,1706,2012-04-07,28625.24,True,FUNC-004467
Mathias,Costela,mathias.costela.func4467@aeroporto.com.br,249,1501,2015-07-26,33129.37,True,FUNC-004468
Lara,Marques,lara.marques.func4468@aeroporto.com.br,367,4401,2012-02-08,3820.31,True,FUNC-004469
Lucca,Gomes,lucca.gomes.func4469@aeroporto.com.br,558,1699,2013-02-25,8181.71,True,FUNC-004470
Nathan,Monteiro,nathan.monteiro.func4470@aeroporto.com.br,590,3116,2018-02-22,22461.74,True,FUNC-004471
Davi Luiz,Araújo,davi luiz.araújo.func4471@aeroporto.com.br,182,3383,2026-04-12,3177.84,False,FUNC-004472
Pietro,Duarte,pietro.duarte.func4472@aeroporto.com.br,162,35,2014-07-10,5543.45,True,FUNC-004473
Marcos Vinicius,Pires,marcos vinicius.pires.func4473@aeroporto.com.br,201,2933,2015-01-27,33357.19,True,FUNC-004474
Enrico,Peixoto,enrico.peixoto.func4474@aeroporto.com.br,62,748,2011-08-07,15394.03,True,FUNC-004475
Marina,Sampaio,marina.sampaio.func4475@aeroporto.com.br,590,2017,2014-05-09,28500.49,True,FUNC-004476
Maria Helena,Abreu,maria helena.abreu.func4476@aeroporto.com.br,589,1445,2013-05-30,28124.05,True,FUNC-004477
Benício,da Cruz,benício.da cruz.func4477@aeroporto.com.br,790,2727,2024-06-16,34925.24,True,FUNC-004478
Ravy,Moraes,ravy.moraes.func4478@aeroporto.com.br,208,2485,2021-01-26,10612.78,True,FUNC-004479
Ana Júlia,Novaes,ana júlia.novaes.func4479@aeroporto.com.br,558,3766,2011-10-21,31466.59,True,FUNC-004480
Renan,Melo,renan.melo.func4480@aeroporto.com.br,251,627,2014-10-04,34306.61,True,FUNC-004481
Isadora,Azevedo,isadora.azevedo.func4481@aeroporto.com.br,47,3840,2011-07-07,7271.85,True,FUNC-004482
Emanuel,Nogueira,emanuel.nogueira.func4482@aeroporto.com.br,90,3543,2012-04-05,33084.9,True,FUNC-004483
Igor,Pereira,igor.pereira.func4483@aeroporto.com.br,254,2907,2023-04-05,4092.69,True,FUNC-004484
Laís,Casa Grande,laís.casa grande.func4484@aeroporto.com.br,869,4773,2014-01-24,17702.2,True,FUNC-004485
Julia,Albuquerque,julia.albuquerque.func4485@aeroporto.com.br,90,2319,2022-11-09,25460.7,True,FUNC-004486
Enzo Gabriel,Sampaio,enzo gabriel.sampaio.func4486@aeroporto.com.br,667,2673,2021-04-17,28364.95,True,FUNC-004487
Camila,Sales,camila.sales.func4487@aeroporto.com.br,369,180,2023-05-22,24801.38,True,FUNC-004488
Emanuelly,Caldeira,emanuelly.caldeira.func4488@aeroporto.com.br,125,3875,2020-03-19,2995.9,True,FUNC-004489
Luiza,Vieira,luiza.vieira.func4489@aeroporto.com.br,853,3436,2019-01-30,30384.8,True,FUNC-004490
Hellena,Guerra,hellena.guerra.func4490@aeroporto.com.br,847,3301,2019-09-17,30863.13,True,FUNC-004491
Ana Clara,Oliveira,ana clara.oliveira.func4491@aeroporto.com.br,517,3080,2022-03-27,34181.97,False,FUNC-004492
Brenda,Camargo,brenda.camargo.func4492@aeroporto.com.br,852,3134,2015-01-28,31007.72,True,FUNC-004493
Vitor Hugo,Souza,vitor hugo.souza.func4493@aeroporto.com.br,710,1608,2021-10-01,31745.93,True,FUNC-004494
Caroline,Vieira,caroline.vieira.func4494@aeroporto.com.br,99,2029,2022-01-11,2976.12,True,FUNC-004495
Sophie,Carvalho,sophie.carvalho.func4495@aeroporto.com.br,445,2462,2019-03-21,33899.47,True,FUNC-004496
Pedro Miguel,Carvalho,pedro miguel.carvalho.func4496@aeroporto.com.br,696,4200,2014-12-15,17899.55,True,FUNC-004497
Maria Cecília,Machado,maria cecília.machado.func4497@aeroporto.com.br,293,1382,2018-07-31,11220.45,True,FUNC-004498
Ísis,Câmara,ísis.câmara.func4498@aeroporto.com.br,972,1820,2026-05-30,10775.46,True,FUNC-004499
Lucas,Sales,lucas.sales.func4499@aeroporto.com.br,799,4788,2018-04-29,23216.27,True,FUNC-004500
Stephany,Novaes,stephany.novaes.func4500@aeroporto.com.br,935,867,2024-03-26,20532.36,True,FUNC-004501
Isadora,Cavalcanti,isadora.cavalcanti.func4501@aeroporto.com.br,560,948,2013-06-27,22983.18,True,FUNC-004502
Alana,Gomes,alana.gomes.func4502@aeroporto.com.br,818,4873,2013-06-03,23834.46,True,FUNC-004503
Davi Lucas,Almeida,davi lucas.almeida.func4503@aeroporto.com.br,914,1562,2018-01-14,8822.58,True,FUNC-004504
Carolina,Albuquerque,carolina.albuquerque.func4504@aeroporto.com.br,804,2672,2022-06-09,32894.4,True,FUNC-004505
Stephany,Cavalcanti,stephany.cavalcanti.func4505@aeroporto.com.br,767,2674,2017-05-14,9040.63,True,FUNC-004506
Maria Cecília,Cavalcante,maria cecília.cavalcante.func4506@aeroporto.com.br,990,1339,2022-12-10,5425.59,True,FUNC-004507
Isabela,Pimenta,isabela.pimenta.func4507@aeroporto.com.br,119,4885,2018-08-09,30753.14,True,FUNC-004508
Maria Eduarda,Melo,maria eduarda.melo.func4508@aeroporto.com.br,554,748,2016-04-17,28138.69,True,FUNC-004509
Bianca,Leão,bianca.leão.func4509@aeroporto.com.br,140,2898,2016-11-18,33895.31,True,FUNC-004510
Mirella,Viana,mirella.viana.func4510@aeroporto.com.br,825,555,2025-09-27,28704.37,True,FUNC-004511
Júlia,Sá,júlia.sá.func4511@aeroporto.com.br,42,3658,2011-06-20,27608.18,True,FUNC-004512
Theo,Viana,theo.viana.func4512@aeroporto.com.br,490,657,2023-12-24,17059.2,True,FUNC-004513
Noah,Ferreira,noah.ferreira.func4513@aeroporto.com.br,936,2018,2018-10-25,15377.47,True,FUNC-004514
Nathan,Sá,nathan.sá.func4514@aeroporto.com.br,114,2732,2015-09-15,5286.47,True,FUNC-004515
Pedro Henrique,Macedo,pedro henrique.macedo.func4515@aeroporto.com.br,611,1162,2024-06-02,2575.27,True,FUNC-004516
Evelyn,Cavalcante,evelyn.cavalcante.func4516@aeroporto.com.br,635,932,2015-05-05,24454.18,True,FUNC-004517
Matheus,Lima,matheus.lima.func4517@aeroporto.com.br,277,2230,2021-06-28,18690.29,True,FUNC-004518
Marcela,Sousa,marcela.sousa.func4518@aeroporto.com.br,930,1630,2013-01-02,19592.88,True,FUNC-004519
Maitê,da Paz,maitê.da paz.func4519@aeroporto.com.br,55,2686,2017-09-13,21052.48,True,FUNC-004520
Anthony,da Conceição,anthony.da conceição.func4520@aeroporto.com.br,723,1898,2015-03-15,9890.55,True,FUNC-004521
Bárbara,Mendonça,bárbara.mendonça.func4521@aeroporto.com.br,312,1096,2023-03-21,17996.72,False,FUNC-004522
Enzo,Monteiro,enzo.monteiro.func4522@aeroporto.com.br,49,4835,2019-03-24,3900.8,True,FUNC-004523
Juan,Jesus,juan.jesus.func4523@aeroporto.com.br,449,1009,2017-11-02,17355.18,True,FUNC-004524
Gael,Gonçalves,gael.gonçalves.func4524@aeroporto.com.br,338,3388,2026-02-09,25587.7,True,FUNC-004525
Alexia,Garcia,alexia.garcia.func4525@aeroporto.com.br,341,2424,2014-06-29,7705.74,True,FUNC-004526
Luiz Miguel,Araújo,luiz miguel.araújo.func4526@aeroporto.com.br,76,3307,2017-03-20,10584.41,True,FUNC-004527
Larissa,Teixeira,larissa.teixeira.func4527@aeroporto.com.br,753,468,2013-04-26,11724.57,True,FUNC-004528
Daniela,Pereira,daniela.pereira.func4528@aeroporto.com.br,394,3011,2021-05-29,5709.96,True,FUNC-004529
Milena,Rios,milena.rios.func4529@aeroporto.com.br,256,4114,2024-03-13,32854.55,False,FUNC-004530
Bernardo,Ramos,bernardo.ramos.func4530@aeroporto.com.br,365,225,2025-05-15,8204.0,True,FUNC-004531
Pedro Miguel,Monteiro,pedro miguel.monteiro.func4531@aeroporto.com.br,33,3375,2017-08-30,17180.46,True,FUNC-004532
Juan,Câmara,juan.câmara.func4532@aeroporto.com.br,634,519,2023-12-27,20591.27,True,FUNC-004533
Danilo,Silva,danilo.silva.func4533@aeroporto.com.br,250,4450,2015-05-17,24647.94,True,FUNC-004534
Oliver,Sá,oliver.sá.func4534@aeroporto.com.br,75,2877,2012-09-23,27114.55,True,FUNC-004535
Gabriel,Alves,gabriel.alves.func4535@aeroporto.com.br,764,1514,2013-11-23,3821.47,True,FUNC-004536
Hadassa,Sampaio,hadassa.sampaio.func4536@aeroporto.com.br,259,753,2015-09-15,26519.15,True,FUNC-004537
Miguel,Caldeira,miguel.caldeira.func4537@aeroporto.com.br,382,1059,2019-08-26,8758.7,True,FUNC-004538
Emilly,Rodrigues,emilly.rodrigues.func4538@aeroporto.com.br,621,3078,2020-06-26,10224.65,True,FUNC-004539
João Pedro,Silva,joão pedro.silva.func4539@aeroporto.com.br,461,3201,2024-05-13,9669.28,True,FUNC-004540
Cecília,Casa Grande,cecília.casa grande.func4540@aeroporto.com.br,551,2570,2014-06-23,20247.21,True,FUNC-004541
Lorenzo,Vargas,lorenzo.vargas.func4541@aeroporto.com.br,22,3856,2021-09-15,13220.67,True,FUNC-004542
Davi Luiz,Sousa,davi luiz.sousa.func4542@aeroporto.com.br,118,1914,2026-04-20,33069.24,True,FUNC-004543
Ian,Rios,ian.rios.func4543@aeroporto.com.br,846,1538,2024-08-17,17845.03,True,FUNC-004544
Sophie,Rodrigues,sophie.rodrigues.func4544@aeroporto.com.br,243,1514,2015-12-29,30600.08,True,FUNC-004545
Cauã,Abreu,cauã.abreu.func4545@aeroporto.com.br,218,2282,2025-02-24,34324.19,True,FUNC-004546
João Felipe,Fonseca,joão felipe.fonseca.func4546@aeroporto.com.br,553,3203,2013-12-05,5250.11,True,FUNC-004547
Benício,Monteiro,benício.monteiro.func4547@aeroporto.com.br,593,588,2015-12-18,23491.9,True,FUNC-004548
Matheus,Souza,matheus.souza.func4548@aeroporto.com.br,451,2889,2016-04-11,7795.39,True,FUNC-004549
Luara,da Mata,luara.da mata.func4549@aeroporto.com.br,593,3537,2025-05-17,21588.24,True,FUNC-004550
Stella,Rezende,stella.rezende.func4550@aeroporto.com.br,655,4107,2013-07-18,34058.93,True,FUNC-004551
Mirella,Guerra,mirella.guerra.func4551@aeroporto.com.br,721,495,2023-10-22,8384.99,True,FUNC-004552
Sara,da Cunha,sara.da cunha.func4552@aeroporto.com.br,454,109,2013-08-07,8838.7,True,FUNC-004553
Elisa,Gonçalves,elisa.gonçalves.func4553@aeroporto.com.br,784,4081,2015-01-30,9594.43,True,FUNC-004554
Lívia,Santos,lívia.santos.func4554@aeroporto.com.br,327,1192,2021-04-26,25781.76,True,FUNC-004555
Maria Eduarda,Sá,maria eduarda.sá.func4555@aeroporto.com.br,924,4930,2024-05-28,11691.79,True,FUNC-004556
Ravy,Nascimento,ravy.nascimento.func4556@aeroporto.com.br,983,3556,2020-10-29,3998.15,True,FUNC-004557
Asafe,Fogaça,asafe.fogaça.func4557@aeroporto.com.br,102,2133,2014-04-11,4057.29,True,FUNC-004558
Caroline,Abreu,caroline.abreu.func4558@aeroporto.com.br,963,2221,2021-11-22,23045.14,False,FUNC-004559
Joana,Ferreira,joana.ferreira.func4559@aeroporto.com.br,392,4229,2018-02-22,11515.14,True,FUNC-004560
Valentina,Garcia,valentina.garcia.func4560@aeroporto.com.br,238,2427,2016-10-17,8908.74,True,FUNC-004561
Ian,Nogueira,ian.nogueira.func4561@aeroporto.com.br,676,1982,2022-01-08,30153.48,True,FUNC-004562
Arthur Miguel,Cardoso,arthur miguel.cardoso.func4562@aeroporto.com.br,35,3829,2024-08-28,13234.24,True,FUNC-004563
Amanda,Macedo,amanda.macedo.func4563@aeroporto.com.br,327,60,2014-04-19,24838.23,True,FUNC-004564
Pedro Lucas,Cavalcante,pedro lucas.cavalcante.func4564@aeroporto.com.br,505,3353,2015-02-22,30835.11,True,FUNC-004565
Rafaela,Nascimento,rafaela.nascimento.func4565@aeroporto.com.br,333,62,2025-07-05,23740.0,True,FUNC-004566
Manuella,Machado,manuella.machado.func4566@aeroporto.com.br,433,3268,2018-08-10,12744.79,True,FUNC-004567
Ravi Lucca,Pastor,ravi lucca.pastor.func4567@aeroporto.com.br,994,2253,2026-05-03,11402.36,True,FUNC-004568
Pietra,Araújo,pietra.araújo.func4568@aeroporto.com.br,435,1140,2018-02-10,24290.19,True,FUNC-004569
Rafaela,Carvalho,rafaela.carvalho.func4569@aeroporto.com.br,284,2027,2012-07-19,32148.7,True,FUNC-004570
Paulo,Casa Grande,paulo.casa grande.func4570@aeroporto.com.br,56,2524,2017-08-10,6448.01,True,FUNC-004571
Bella,Barbosa,bella.barbosa.func4571@aeroporto.com.br,890,4005,2026-03-02,4984.15,True,FUNC-004572
Maria Alice,Abreu,maria alice.abreu.func4572@aeroporto.com.br,457,403,2021-02-09,8120.16,True,FUNC-004573
Joaquim,Fonseca,joaquim.fonseca.func4573@aeroporto.com.br,641,1568,2021-03-26,30433.13,True,FUNC-004574
Pedro Henrique,Azevedo,pedro henrique.azevedo.func4574@aeroporto.com.br,80,4509,2018-01-09,13779.04,True,FUNC-004575
Amanda,Pereira,amanda.pereira.func4575@aeroporto.com.br,914,316,2022-04-15,10527.94,True,FUNC-004576
Mathias,Silveira,mathias.silveira.func4576@aeroporto.com.br,880,1284,2019-04-20,17650.2,True,FUNC-004577
Valentina,Araújo,valentina.araújo.func4577@aeroporto.com.br,858,1424,2020-06-13,20636.57,True,FUNC-004578
Elisa,Alves,elisa.alves.func4578@aeroporto.com.br,620,3314,2019-05-29,28583.87,True,FUNC-004579
Cauã,Vieira,cauã.vieira.func4579@aeroporto.com.br,845,366,2022-07-09,18651.17,True,FUNC-004580
Bento,Moura,bento.moura.func4580@aeroporto.com.br,194,4265,2022-03-07,28772.05,True,FUNC-004581
Théo,Souza,théo.souza.func4581@aeroporto.com.br,409,1702,2012-08-04,8456.9,True,FUNC-004582
Beatriz,Monteiro,beatriz.monteiro.func4582@aeroporto.com.br,691,2023,2014-07-21,20516.69,True,FUNC-004583
João Pedro,Brito,joão pedro.brito.func4583@aeroporto.com.br,548,1122,2021-12-14,33011.83,True,FUNC-004584
Laura,Pimenta,laura.pimenta.func4584@aeroporto.com.br,620,2000,2014-09-22,27379.59,True,FUNC-004585
Gael Henrique,Rios,gael henrique.rios.func4585@aeroporto.com.br,869,93,2011-08-07,9850.86,True,FUNC-004586
Lucca,Campos,lucca.campos.func4586@aeroporto.com.br,513,2583,2011-10-31,28354.57,False,FUNC-004587
Luan,Ferreira,luan.ferreira.func4587@aeroporto.com.br,473,1574,2012-12-03,31971.0,True,FUNC-004588
Rebeca,Dias,rebeca.dias.func4588@aeroporto.com.br,493,3863,2020-03-26,28579.0,True,FUNC-004589
Lorenzo,Viana,lorenzo.viana.func4589@aeroporto.com.br,142,3694,2024-02-05,9696.73,True,FUNC-004590
Rafael,Melo,rafael.melo.func4590@aeroporto.com.br,166,2124,2021-09-01,10098.98,True,FUNC-004591
Guilherme,Novaes,guilherme.novaes.func4591@aeroporto.com.br,896,2357,2025-03-28,14101.49,True,FUNC-004592
Emanuelly,Novais,emanuelly.novais.func4592@aeroporto.com.br,779,4469,2015-11-12,34960.8,True,FUNC-004593
Lorena,Marques,lorena.marques.func4593@aeroporto.com.br,927,4276,2020-03-23,14030.11,True,FUNC-004594
Yago,Cirino,yago.cirino.func4594@aeroporto.com.br,904,2762,2024-07-05,10127.11,True,FUNC-004595
Maria Luísa,Castro,maria luísa.castro.func4595@aeroporto.com.br,483,4157,2012-10-15,31980.72,True,FUNC-004596
Manuella,Porto,manuella.porto.func4596@aeroporto.com.br,944,4570,2021-09-04,10849.58,True,FUNC-004597
Natália,Cassiano,natália.cassiano.func4597@aeroporto.com.br,314,4841,2017-03-26,21300.88,True,FUNC-004598
Caio,Martins,caio.martins.func4598@aeroporto.com.br,390,4575,2017-01-20,26086.6,True,FUNC-004599
Pedro Miguel,Cavalcante,pedro miguel.cavalcante.func4599@aeroporto.com.br,821,3713,2011-08-02,16446.48,True,FUNC-004600
Sophie,Barros,sophie.barros.func4600@aeroporto.com.br,438,3055,2016-09-30,33906.56,True,FUNC-004601
Pedro Miguel,Porto,pedro miguel.porto.func4601@aeroporto.com.br,511,3337,2019-06-07,11013.14,True,FUNC-004602
Oliver,da Mata,oliver.da mata.func4602@aeroporto.com.br,856,4035,2012-03-30,28513.09,True,FUNC-004603
Isaac,Ribeiro,isaac.ribeiro.func4603@aeroporto.com.br,841,1790,2025-10-30,34405.31,True,FUNC-004604
Miguel,Silveira,miguel.silveira.func4604@aeroporto.com.br,63,1312,2015-05-21,29572.19,True,FUNC-004605
Elisa,Martins,elisa.martins.func4605@aeroporto.com.br,796,4788,2016-03-22,32332.86,True,FUNC-004606
Júlia,Farias,júlia.farias.func4606@aeroporto.com.br,931,3060,2014-12-17,29569.48,True,FUNC-004607
Larissa,Freitas,larissa.freitas.func4607@aeroporto.com.br,730,2930,2014-02-17,26209.37,True,FUNC-004608
Calebe,Silva,calebe.silva.func4608@aeroporto.com.br,270,885,2017-04-02,5801.01,True,FUNC-004609
Samuel,Oliveira,samuel.oliveira.func4609@aeroporto.com.br,790,3999,2012-01-21,16496.18,True,FUNC-004610
Evelyn,Aparecida,evelyn.aparecida.func4610@aeroporto.com.br,215,368,2015-12-22,10671.48,True,FUNC-004611
Bruna,Montenegro,bruna.montenegro.func4611@aeroporto.com.br,631,2887,2011-08-19,27143.85,True,FUNC-004612
Alexia,Marques,alexia.marques.func4612@aeroporto.com.br,567,1667,2011-11-26,30659.56,True,FUNC-004613
Liam,Nogueira,liam.nogueira.func4613@aeroporto.com.br,133,4664,2020-08-21,7047.09,True,FUNC-004614
Otto,Aragão,otto.aragão.func4614@aeroporto.com.br,218,250,2016-10-27,33520.56,True,FUNC-004615
Luísa,Fonseca,luísa.fonseca.func4615@aeroporto.com.br,351,4035,2016-10-16,20257.98,True,FUNC-004616
Eduarda,Teixeira,eduarda.teixeira.func4616@aeroporto.com.br,247,338,2022-02-06,25447.5,True,FUNC-004617
Davi Lucca,Cardoso,davi lucca.cardoso.func4617@aeroporto.com.br,895,1319,2012-09-17,29967.3,True,FUNC-004618
Luigi,Montenegro,luigi.montenegro.func4618@aeroporto.com.br,357,4688,2018-04-02,8834.02,True,FUNC-004619
Zoe,Cassiano,zoe.cassiano.func4619@aeroporto.com.br,644,2012,2024-12-09,21858.0,False,FUNC-004620
Bruno,Cavalcante,bruno.cavalcante.func4620@aeroporto.com.br,17,4497,2017-07-26,31585.21,True,FUNC-004621
Ana,Castro,ana.castro.func4621@aeroporto.com.br,108,4796,2012-03-17,26536.48,True,FUNC-004622
Arthur Miguel,Câmara,arthur miguel.câmara.func4622@aeroporto.com.br,396,2864,2012-11-14,3986.13,True,FUNC-004623
Carolina,Almeida,carolina.almeida.func4623@aeroporto.com.br,638,3830,2019-11-06,11232.14,True,FUNC-004624
Milena,Andrade,milena.andrade.func4624@aeroporto.com.br,663,1321,2012-11-22,31923.88,True,FUNC-004625
Caroline,Gonçalves,caroline.gonçalves.func4625@aeroporto.com.br,275,1082,2012-11-04,27868.53,True,FUNC-004626
Isis,Silveira,isis.silveira.func4626@aeroporto.com.br,785,3884,2024-05-30,12722.71,True,FUNC-004627
Thiago,Ribeiro,thiago.ribeiro.func4627@aeroporto.com.br,212,345,2023-04-12,6514.25,True,FUNC-004628
Isaac,Costela,isaac.costela.func4628@aeroporto.com.br,829,2192,2012-10-05,28349.82,True,FUNC-004629
Yasmin,da Mota,yasmin.da mota.func4629@aeroporto.com.br,520,2357,2019-12-25,26718.22,True,FUNC-004630
Brayan,Costa,brayan.costa.func4630@aeroporto.com.br,853,1789,2013-08-17,25403.11,True,FUNC-004631
Natália,Casa Grande,natália.casa grande.func4631@aeroporto.com.br,668,1112,2013-07-13,15913.77,True,FUNC-004632
Alice,Cardoso,alice.cardoso.func4632@aeroporto.com.br,983,4044,2019-09-07,9662.89,True,FUNC-004633
Maria Vitória,Nogueira,maria vitória.nogueira.func4633@aeroporto.com.br,798,1608,2012-10-07,31504.97,True,FUNC-004634
Bernardo,Montenegro,bernardo.montenegro.func4634@aeroporto.com.br,945,2100,2016-03-25,34750.5,True,FUNC-004635
Laís,Nogueira,laís.nogueira.func4635@aeroporto.com.br,866,2816,2015-09-17,25820.16,True,FUNC-004636
João Vitor,Farias,joão vitor.farias.func4636@aeroporto.com.br,370,2313,2013-04-05,24091.28,True,FUNC-004637
Hadassa,Nogueira,hadassa.nogueira.func4637@aeroporto.com.br,406,4691,2015-01-22,27126.96,True,FUNC-004638
Guilherme,Almeida,guilherme.almeida.func4638@aeroporto.com.br,316,2877,2026-01-25,30922.22,True,FUNC-004639
Ágatha,da Rocha,ágatha.da rocha.func4639@aeroporto.com.br,609,3579,2018-03-03,26293.13,True,FUNC-004640
Catarina,Garcia,catarina.garcia.func4640@aeroporto.com.br,816,2499,2022-12-22,22788.43,True,FUNC-004641
Vinícius,Pires,vinícius.pires.func4641@aeroporto.com.br,671,4897,2023-07-12,14305.96,False,FUNC-004642
Luiz Otávio,Correia,luiz otávio.correia.func4642@aeroporto.com.br,3,433,2014-06-03,26653.1,True,FUNC-004643
Ana Luiza,Siqueira,ana luiza.siqueira.func4643@aeroporto.com.br,130,3034,2026-03-19,20476.88,True,FUNC-004644
Ester,da Cunha,ester.da cunha.func4644@aeroporto.com.br,433,2179,2016-12-03,30437.39,False,FUNC-004645
Thomas,Borges,thomas.borges.func4645@aeroporto.com.br,197,1216,2023-06-06,20354.16,True,FUNC-004646
Enrico,Costela,enrico.costela.func4646@aeroporto.com.br,328,3403,2025-01-08,23230.03,True,FUNC-004647
Camila,Viana,camila.viana.func4647@aeroporto.com.br,379,1132,2016-06-10,22639.15,True,FUNC-004648
Ester,Silveira,ester.silveira.func4648@aeroporto.com.br,459,4339,2016-08-19,29316.23,True,FUNC-004649
Léo,Cirino,léo.cirino.func4649@aeroporto.com.br,640,4419,2018-12-17,33154.13,True,FUNC-004650
João Miguel,Guerra,joão miguel.guerra.func4650@aeroporto.com.br,304,4388,2013-05-05,29904.94,True,FUNC-004651
Ágatha,da Cruz,ágatha.da cruz.func4651@aeroporto.com.br,406,2569,2013-11-04,6609.54,True,FUNC-004652
Sara,das Neves,sara.das neves.func4652@aeroporto.com.br,472,3661,2023-10-03,10501.76,True,FUNC-004653
Murilo,Fogaça,murilo.fogaça.func4653@aeroporto.com.br,330,789,2021-01-20,10438.31,True,FUNC-004654
Milena,Freitas,milena.freitas.func4654@aeroporto.com.br,418,1141,2013-04-27,15502.08,True,FUNC-004655
Dante,Teixeira,dante.teixeira.func4655@aeroporto.com.br,543,1903,2012-12-16,32928.01,True,FUNC-004656
Maria Alice,Melo,maria alice.melo.func4656@aeroporto.com.br,708,4912,2012-07-17,11373.95,True,FUNC-004657
Josué,da Mota,josué.da mota.func4657@aeroporto.com.br,39,4916,2018-10-13,17977.97,True,FUNC-004658
Manuela,Casa Grande,manuela.casa grande.func4658@aeroporto.com.br,261,3448,2026-01-12,32904.99,True,FUNC-004659
Isabela,Dias,isabela.dias.func4659@aeroporto.com.br,940,2393,2023-10-23,22366.78,True,FUNC-004660
Maria Isis,Pereira,maria isis.pereira.func4660@aeroporto.com.br,193,507,2014-08-24,32138.54,False,FUNC-004661
Melina,Cavalcanti,melina.cavalcanti.func4661@aeroporto.com.br,21,3571,2023-07-10,20367.92,True,FUNC-004662
Gustavo Henrique,Novaes,gustavo henrique.novaes.func4662@aeroporto.com.br,889,952,2023-12-16,15495.88,True,FUNC-004663
Maria Liz,Sousa,maria liz.sousa.func4663@aeroporto.com.br,253,1056,2019-09-02,28142.09,True,FUNC-004664
Theo,Ferreira,theo.ferreira.func4664@aeroporto.com.br,966,4093,2021-11-28,17409.66,True,FUNC-004665
Eloah,Rodrigues,eloah.rodrigues.func4665@aeroporto.com.br,751,1813,2011-07-29,15053.52,False,FUNC-004666
Natália,da Mota,natália.da mota.func4666@aeroporto.com.br,532,3953,2023-06-19,29307.7,True,FUNC-004667
Pietro,Garcia,pietro.garcia.func4667@aeroporto.com.br,538,761,2016-04-27,7423.07,True,FUNC-004668
Luana,Garcia,luana.garcia.func4668@aeroporto.com.br,819,3376,2021-10-24,5834.93,True,FUNC-004669
Jade,Andrade,jade.andrade.func4669@aeroporto.com.br,343,3823,2013-05-13,27491.68,True,FUNC-004670
Maria Luiza,das Neves,maria luiza.das neves.func4670@aeroporto.com.br,633,3155,2011-07-04,11587.82,True,FUNC-004671
Gabrielly,Garcia,gabrielly.garcia.func4671@aeroporto.com.br,740,235,2018-08-17,15491.84,True,FUNC-004672
Luiz Otávio,Cassiano,luiz otávio.cassiano.func4672@aeroporto.com.br,374,3055,2015-08-31,17200.13,True,FUNC-004673
Vitor Gabriel,Leão,vitor gabriel.leão.func4673@aeroporto.com.br,882,1881,2013-07-28,27556.82,True,FUNC-004674
Manuella,Peixoto,manuella.peixoto.func4674@aeroporto.com.br,289,4684,2013-05-06,25283.84,True,FUNC-004675
Bianca,Campos,bianca.campos.func4675@aeroporto.com.br,187,3528,2023-07-04,33448.34,True,FUNC-004676
Vinicius,Correia,vinicius.correia.func4676@aeroporto.com.br,51,1212,2011-11-13,14557.75,True,FUNC-004677
Dom,Monteiro,dom.monteiro.func4677@aeroporto.com.br,684,4295,2024-02-29,14401.84,True,FUNC-004678
Manuela,Pires,manuela.pires.func4678@aeroporto.com.br,155,1145,2020-10-09,17222.89,True,FUNC-004679
Ísis,Silva,ísis.silva.func4679@aeroporto.com.br,832,934,2024-01-26,24924.03,True,FUNC-004680
Kamilly,Santos,kamilly.santos.func4680@aeroporto.com.br,720,788,2011-06-27,21691.61,True,FUNC-004681
Anthony Gabriel,Pimenta,anthony gabriel.pimenta.func4681@aeroporto.com.br,650,4017,2014-12-18,34229.62,True,FUNC-004682
Enrico,Pires,enrico.pires.func4682@aeroporto.com.br,974,2141,2018-09-05,6210.77,True,FUNC-004683
Joaquim,Monteiro,joaquim.monteiro.func4683@aeroporto.com.br,595,2113,2020-08-15,12763.62,True,FUNC-004684
Letícia,Caldeira,letícia.caldeira.func4684@aeroporto.com.br,973,773,2012-01-15,34257.75,True,FUNC-004685
Lara,Silva,lara.silva.func4685@aeroporto.com.br,792,1123,2015-09-06,34061.01,True,FUNC-004686
Elisa,da Rosa,elisa.da rosa.func4686@aeroporto.com.br,986,938,2016-01-10,31195.73,True,FUNC-004687
Enzo,Lima,enzo.lima.func4687@aeroporto.com.br,935,958,2021-01-18,10364.24,True,FUNC-004688
Marcelo,Costa,marcelo.costa.func4688@aeroporto.com.br,671,2492,2022-08-09,15651.0,True,FUNC-004689
Rebeca,Azevedo,rebeca.azevedo.func4689@aeroporto.com.br,107,1235,2026-03-01,34103.23,True,FUNC-004690
João Felipe,Peixoto,joão felipe.peixoto.func4690@aeroporto.com.br,999,1028,2023-01-05,3273.8,True,FUNC-004691
Cauê,da Luz,cauê.da luz.func4691@aeroporto.com.br,831,740,2013-10-23,23320.44,True,FUNC-004692
Gael Henrique,da Paz,gael henrique.da paz.func4692@aeroporto.com.br,965,2350,2023-07-28,8256.26,True,FUNC-004693
Daniel,Moura,daniel.moura.func4693@aeroporto.com.br,856,2050,2011-10-10,18863.25,True,FUNC-004694
Guilherme,Marques,guilherme.marques.func4694@aeroporto.com.br,927,2591,2016-09-18,34866.39,True,FUNC-004695
Olívia,Costela,olívia.costela.func4695@aeroporto.com.br,303,4029,2020-05-10,6310.15,True,FUNC-004696
Pedro Henrique,Lima,pedro henrique.lima.func4696@aeroporto.com.br,114,1822,2012-12-08,22789.58,True,FUNC-004697
Leonardo,Sales,leonardo.sales.func4697@aeroporto.com.br,858,741,2020-03-14,4635.89,True,FUNC-004698
Isaque,Câmara,isaque.câmara.func4698@aeroporto.com.br,488,3116,2013-10-19,9479.67,True,FUNC-004699
Maria Clara,Ramos,maria clara.ramos.func4699@aeroporto.com.br,820,3805,2016-04-19,2843.75,True,FUNC-004700
Raquel,Araújo,raquel.araújo.func4700@aeroporto.com.br,689,3518,2019-11-05,5461.2,True,FUNC-004701
Pedro Henrique,Souza,pedro henrique.souza.func4701@aeroporto.com.br,610,343,2023-01-13,15387.13,True,FUNC-004702
André,da Paz,andré.da paz.func4702@aeroporto.com.br,643,3105,2026-02-08,31650.55,True,FUNC-004703
Kamilly,Santos,kamilly.santos.func4703@aeroporto.com.br,227,1475,2015-02-23,15863.65,True,FUNC-004704
Maria Luiza,das Neves,maria luiza.das neves.func4704@aeroporto.com.br,712,1062,2019-03-22,26912.66,False,FUNC-004705
Cecilia,Correia,cecilia.correia.func4705@aeroporto.com.br,147,1403,2015-12-02,7120.54,True,FUNC-004706
Nathan,Duarte,nathan.duarte.func4706@aeroporto.com.br,118,1311,2019-11-26,33562.61,True,FUNC-004707
Juliana,Abreu,juliana.abreu.func4707@aeroporto.com.br,725,4242,2017-09-25,22032.73,True,FUNC-004708
Vicente,Araújo,vicente.araújo.func4708@aeroporto.com.br,44,3065,2024-09-12,9872.45,True,FUNC-004709
Erick,Freitas,erick.freitas.func4709@aeroporto.com.br,250,3461,2011-10-14,4157.06,True,FUNC-004710
Nicolas,Fonseca,nicolas.fonseca.func4710@aeroporto.com.br,526,2721,2015-08-11,28354.35,True,FUNC-004711
Theodoro,Sales,theodoro.sales.func4711@aeroporto.com.br,497,2018,2024-02-12,21968.49,True,FUNC-004712
Mateus,Vasconcelos,mateus.vasconcelos.func4712@aeroporto.com.br,464,2191,2014-09-18,27087.61,True,FUNC-004713
Raquel,Vargas,raquel.vargas.func4713@aeroporto.com.br,943,3113,2022-10-31,10699.44,True,FUNC-004714
Agatha,Campos,agatha.campos.func4714@aeroporto.com.br,789,546,2024-03-09,8804.27,True,FUNC-004715
Ana Julia,Pacheco,ana julia.pacheco.func4715@aeroporto.com.br,195,3646,2016-11-18,8905.52,True,FUNC-004716
Júlia,Cunha,júlia.cunha.func4716@aeroporto.com.br,107,3777,2024-03-28,22877.06,True,FUNC-004717
Mariana,Novaes,mariana.novaes.func4717@aeroporto.com.br,699,2145,2012-05-22,6643.31,True,FUNC-004718
Maria Clara,da Paz,maria clara.da paz.func4718@aeroporto.com.br,228,284,2025-02-07,27823.18,False,FUNC-004719
Emanuella,Azevedo,emanuella.azevedo.func4719@aeroporto.com.br,538,3389,2017-04-13,11660.48,True,FUNC-004720
Isabelly,Rios,isabelly.rios.func4720@aeroporto.com.br,334,3422,2017-01-14,25222.66,True,FUNC-004721
Lívia,da Conceição,lívia.da conceição.func4721@aeroporto.com.br,643,3928,2025-11-08,18567.16,True,FUNC-004722
Enrico,Martins,enrico.martins.func4722@aeroporto.com.br,590,1225,2024-10-11,32079.59,True,FUNC-004723
Valentina,Siqueira,valentina.siqueira.func4723@aeroporto.com.br,780,3614,2017-08-03,32135.23,True,FUNC-004724
Guilherme,da Rocha,guilherme.da rocha.func4724@aeroporto.com.br,734,2622,2018-11-16,8638.44,True,FUNC-004725
Lavínia,Casa Grande,lavínia.casa grande.func4725@aeroporto.com.br,436,1599,2013-02-17,29733.5,True,FUNC-004726
Luigi,Cavalcanti,luigi.cavalcanti.func4726@aeroporto.com.br,807,680,2020-11-25,14471.45,True,FUNC-004727
Hellena,Guerra,hellena.guerra.func4727@aeroporto.com.br,834,4735,2017-03-19,27149.33,True,FUNC-004728
Dom,Lopes,dom.lopes.func4728@aeroporto.com.br,26,862,2013-01-15,22387.71,True,FUNC-004729
Juliana,Jesus,juliana.jesus.func4729@aeroporto.com.br,812,3809,2012-05-30,21275.9,True,FUNC-004730
Felipe,Porto,felipe.porto.func4730@aeroporto.com.br,471,2355,2021-08-23,28709.35,True,FUNC-004731
Matheus,Araújo,matheus.araújo.func4731@aeroporto.com.br,878,4273,2023-04-09,25073.29,True,FUNC-004732
Hellena,da Costa,hellena.da costa.func4732@aeroporto.com.br,147,2634,2018-01-25,24766.85,True,FUNC-004733
Arthur Gabriel,Correia,arthur gabriel.correia.func4733@aeroporto.com.br,844,3268,2012-04-04,32395.08,True,FUNC-004734
Yuri,Moura,yuri.moura.func4734@aeroporto.com.br,856,4605,2013-07-28,2908.2,True,FUNC-004735
Davi Lucca,Vieira,davi lucca.vieira.func4735@aeroporto.com.br,355,3617,2011-07-22,7332.44,True,FUNC-004736
João Guilherme,Câmara,joão guilherme.câmara.func4736@aeroporto.com.br,520,2563,2017-12-01,6260.68,True,FUNC-004737
Sofia,Porto,sofia.porto.func4737@aeroporto.com.br,836,1207,2021-06-26,19981.86,True,FUNC-004738
Francisco,Nascimento,francisco.nascimento.func4738@aeroporto.com.br,319,1978,2021-03-08,28630.4,True,FUNC-004739
Lucas Gabriel,Pires,lucas gabriel.pires.func4739@aeroporto.com.br,812,3104,2019-05-28,6607.09,True,FUNC-004740
Maria Vitória,Fogaça,maria vitória.fogaça.func4740@aeroporto.com.br,719,913,2025-06-11,8011.06,True,FUNC-004741
Luna,Pastor,luna.pastor.func4741@aeroporto.com.br,670,4093,2011-08-26,27744.16,True,FUNC-004742
Giovanna,Abreu,giovanna.abreu.func4742@aeroporto.com.br,150,1621,2024-09-21,7468.25,True,FUNC-004743
Matheus,Silveira,matheus.silveira.func4743@aeroporto.com.br,179,857,2013-11-23,33440.24,True,FUNC-004744
Arthur Miguel,Nunes,arthur miguel.nunes.func4744@aeroporto.com.br,553,4014,2021-09-22,26969.82,True,FUNC-004745
Felipe,Fernandes,felipe.fernandes.func4745@aeroporto.com.br,413,4754,2025-03-09,24645.51,True,FUNC-004746
Liam,Barros,liam.barros.func4746@aeroporto.com.br,832,540,2017-01-24,23951.06,True,FUNC-004747
Carolina,Garcia,carolina.garcia.func4747@aeroporto.com.br,941,2605,2015-12-02,11885.66,True,FUNC-004748
Gabrielly,Andrade,gabrielly.andrade.func4748@aeroporto.com.br,253,4621,2025-07-05,14562.3,True,FUNC-004749
João Miguel,da Costa,joão miguel.da costa.func4749@aeroporto.com.br,127,3624,2020-06-03,25010.48,True,FUNC-004750
Ana Sophia,Fogaça,ana sophia.fogaça.func4750@aeroporto.com.br,221,3937,2014-09-09,6801.86,False,FUNC-004751
Luiz Miguel,Nogueira,luiz miguel.nogueira.func4751@aeroporto.com.br,608,4761,2023-02-06,29716.88,True,FUNC-004752
Luan,Cirino,luan.cirino.func4752@aeroporto.com.br,736,507,2019-12-24,23695.35,True,FUNC-004753
Giovanna,da Cunha,giovanna.da cunha.func4753@aeroporto.com.br,517,1458,2015-11-29,29692.19,True,FUNC-004754
Henry,da Luz,henry.da luz.func4754@aeroporto.com.br,759,117,2013-02-09,13053.53,True,FUNC-004755
Nathan,Nunes,nathan.nunes.func4755@aeroporto.com.br,412,3203,2023-12-26,7489.86,True,FUNC-004756
Vinícius,Guerra,vinícius.guerra.func4756@aeroporto.com.br,252,214,2018-09-26,17076.49,True,FUNC-004757
Bruna,Vieira,bruna.vieira.func4757@aeroporto.com.br,786,2141,2023-01-21,17591.03,True,FUNC-004758
Benicio,Montenegro,benicio.montenegro.func4758@aeroporto.com.br,269,384,2016-04-08,16151.97,True,FUNC-004759
Henrique,Nogueira,henrique.nogueira.func4759@aeroporto.com.br,132,2886,2016-08-19,7030.21,True,FUNC-004760
Rael,Gomes,rael.gomes.func4760@aeroporto.com.br,696,1040,2023-06-01,33033.99,True,FUNC-004761
Caleb,Garcia,caleb.garcia.func4761@aeroporto.com.br,183,4188,2024-04-17,7460.51,True,FUNC-004762
Ana Julia,Correia,ana julia.correia.func4762@aeroporto.com.br,336,927,2020-10-08,28094.44,True,FUNC-004763
Bernardo,Peixoto,bernardo.peixoto.func4763@aeroporto.com.br,195,842,2014-09-16,27991.39,True,FUNC-004764
José Pedro,Macedo,josé pedro.macedo.func4764@aeroporto.com.br,267,2541,2016-09-25,28213.32,True,FUNC-004765
Oliver,Fonseca,oliver.fonseca.func4765@aeroporto.com.br,991,4567,2011-11-04,13965.82,True,FUNC-004766
Yasmin,Costela,yasmin.costela.func4766@aeroporto.com.br,922,857,2016-05-23,11287.26,True,FUNC-004767
Asafe,Albuquerque,asafe.albuquerque.func4767@aeroporto.com.br,495,2730,2026-04-02,28641.27,True,FUNC-004768
Rafael,Sá,rafael.sá.func4768@aeroporto.com.br,34,1653,2011-11-03,33651.57,True,FUNC-004769
Vitória,da Cruz,vitória.da cruz.func4769@aeroporto.com.br,290,3551,2011-08-02,34007.86,True,FUNC-004770
Davi,Vargas,davi.vargas.func4770@aeroporto.com.br,70,1452,2016-05-12,31430.69,True,FUNC-004771
Carlos Eduardo,Pereira,carlos eduardo.pereira.func4771@aeroporto.com.br,671,4727,2020-08-19,19679.89,True,FUNC-004772
Caroline,Lima,caroline.lima.func4772@aeroporto.com.br,104,4076,2013-09-13,32881.03,True,FUNC-004773
Brenda,Moura,brenda.moura.func4773@aeroporto.com.br,908,1582,2022-01-02,20016.82,True,FUNC-004774
Thiago,da Luz,thiago.da luz.func4774@aeroporto.com.br,74,2887,2024-06-08,34709.32,True,FUNC-004775
Ana Clara,Sampaio,ana clara.sampaio.func4775@aeroporto.com.br,585,4373,2017-02-24,12418.05,True,FUNC-004776
Aylla,Costa,aylla.costa.func4776@aeroporto.com.br,689,4390,2012-12-29,32764.44,True,FUNC-004777
Caleb,Freitas,caleb.freitas.func4777@aeroporto.com.br,22,2519,2017-05-02,9079.91,True,FUNC-004778
Stella,Barros,stella.barros.func4778@aeroporto.com.br,909,4529,2019-12-09,3075.13,True,FUNC-004779
Mirella,Fogaça,mirella.fogaça.func4779@aeroporto.com.br,249,3874,2015-08-12,14617.26,True,FUNC-004780
Ana Luiza,da Cunha,ana luiza.da cunha.func4780@aeroporto.com.br,533,2717,2025-04-23,14207.02,True,FUNC-004781
Ana,Novais,ana.novais.func4781@aeroporto.com.br,912,3815,2024-04-10,23725.11,True,FUNC-004782
Esther,Vasconcelos,esther.vasconcelos.func4782@aeroporto.com.br,810,3201,2026-03-09,29773.33,True,FUNC-004783
Benicio,Alves,benicio.alves.func4783@aeroporto.com.br,564,442,2019-04-30,7142.27,True,FUNC-004784
José,Melo,josé.melo.func4784@aeroporto.com.br,752,1145,2022-03-27,21820.07,True,FUNC-004785
Yan,Oliveira,yan.oliveira.func4785@aeroporto.com.br,2,1759,2017-05-19,18332.89,True,FUNC-004786
Diogo,Jesus,diogo.jesus.func4786@aeroporto.com.br,938,1473,2021-04-11,5879.15,True,FUNC-004787
Luiza,Albuquerque,luiza.albuquerque.func4787@aeroporto.com.br,814,766,2022-05-26,27045.37,True,FUNC-004788
Natália,das Neves,natália.das neves.func4788@aeroporto.com.br,199,4814,2013-02-17,30582.7,True,FUNC-004789
Diogo,Caldeira,diogo.caldeira.func4789@aeroporto.com.br,144,3391,2024-03-27,14223.4,True,FUNC-004790
Ana Cecília,da Mota,ana cecília.da mota.func4790@aeroporto.com.br,332,510,2022-07-25,19358.14,True,FUNC-004791
Cauê,Rodrigues,cauê.rodrigues.func4791@aeroporto.com.br,505,2022,2019-07-08,21935.84,True,FUNC-004792
Ana Lívia,Alves,ana lívia.alves.func4792@aeroporto.com.br,71,3138,2017-01-23,32626.66,True,FUNC-004793
Luiz Felipe,Cassiano,luiz felipe.cassiano.func4793@aeroporto.com.br,463,1668,2017-07-01,3781.75,True,FUNC-004794
Lunna,Cardoso,lunna.cardoso.func4794@aeroporto.com.br,171,1089,2017-07-06,21396.86,True,FUNC-004795
Dom,Sousa,dom.sousa.func4795@aeroporto.com.br,656,2927,2015-06-29,26485.24,True,FUNC-004796
Arthur Miguel,Teixeira,arthur miguel.teixeira.func4796@aeroporto.com.br,326,3029,2011-08-06,32272.61,True,FUNC-004797
Arthur Gabriel,Sousa,arthur gabriel.sousa.func4797@aeroporto.com.br,774,3026,2025-07-27,31363.17,True,FUNC-004798
Otto,Ribeiro,otto.ribeiro.func4798@aeroporto.com.br,531,1951,2023-08-10,20604.84,True,FUNC-004799
Maria Flor,Farias,maria flor.farias.func4799@aeroporto.com.br,3,4546,2014-06-03,15221.0,True,FUNC-004800
Amanda,Vargas,amanda.vargas.func4800@aeroporto.com.br,411,3633,2016-11-24,22647.72,True,FUNC-004801
Brenda,Moura,brenda.moura.func4801@aeroporto.com.br,810,2354,2013-12-10,4610.14,True,FUNC-004802
Manuella,Duarte,manuella.duarte.func4802@aeroporto.com.br,611,1837,2015-05-01,28886.56,True,FUNC-004803
João Vitor,Vargas,joão vitor.vargas.func4803@aeroporto.com.br,199,4228,2018-09-07,5576.53,True,FUNC-004804
Levi,Câmara,levi.câmara.func4804@aeroporto.com.br,21,1524,2024-01-01,30384.98,False,FUNC-004805
Maria Cecília,Silva,maria cecília.silva.func4805@aeroporto.com.br,826,2237,2024-11-05,27963.3,True,FUNC-004806
Davi Lucca,Cirino,davi lucca.cirino.func4806@aeroporto.com.br,935,1634,2019-04-21,7374.9,True,FUNC-004807
Antonella,Campos,antonella.campos.func4807@aeroporto.com.br,19,2890,2021-09-01,10328.81,True,FUNC-004808
Renan,Lopes,renan.lopes.func4808@aeroporto.com.br,309,4920,2021-10-29,20075.65,True,FUNC-004809
Elisa,Montenegro,elisa.montenegro.func4809@aeroporto.com.br,159,4388,2023-03-14,21462.67,True,FUNC-004810
Allana,Brito,allana.brito.func4810@aeroporto.com.br,592,993,2018-08-15,7411.04,True,FUNC-004811
Oliver,Dias,oliver.dias.func4811@aeroporto.com.br,142,245,2021-03-29,18157.12,True,FUNC-004812
Júlia,Mendes,júlia.mendes.func4812@aeroporto.com.br,58,3857,2025-07-12,33056.92,True,FUNC-004813
Evelyn,Guerra,evelyn.guerra.func4813@aeroporto.com.br,275,3922,2012-09-08,9803.49,True,FUNC-004814
Cecilia,Barros,cecilia.barros.func4814@aeroporto.com.br,277,3363,2012-02-28,6966.85,True,FUNC-004815
Apollo,Azevedo,apollo.azevedo.func4815@aeroporto.com.br,505,3209,2012-01-18,21671.63,True,FUNC-004816
Juan,Carvalho,juan.carvalho.func4816@aeroporto.com.br,192,1045,2024-07-13,7377.2,True,FUNC-004817
Théo,Novais,théo.novais.func4817@aeroporto.com.br,451,2267,2018-12-01,4286.54,True,FUNC-004818
Rhavi,Alves,rhavi.alves.func4818@aeroporto.com.br,192,2277,2019-08-13,30233.27,True,FUNC-004819
Yuri,Nascimento,yuri.nascimento.func4819@aeroporto.com.br,357,1205,2015-01-21,15868.7,True,FUNC-004820
Maria Liz,Rios,maria liz.rios.func4820@aeroporto.com.br,835,1527,2024-08-30,11053.12,True,FUNC-004821
Maria,Gomes,maria.gomes.func4821@aeroporto.com.br,710,2473,2020-09-29,20132.06,True,FUNC-004822
Ian,Andrade,ian.andrade.func4822@aeroporto.com.br,824,2281,2015-07-05,29710.79,True,FUNC-004823
Marcelo,da Mota,marcelo.da mota.func4823@aeroporto.com.br,520,1936,2019-07-18,20308.08,True,FUNC-004824
Fernando,Machado,fernando.machado.func4824@aeroporto.com.br,815,438,2015-02-28,2931.64,True,FUNC-004825
Antonella,Guerra,antonella.guerra.func4825@aeroporto.com.br,141,3537,2016-12-09,16720.41,True,FUNC-004826
Stella,Leão,stella.leão.func4826@aeroporto.com.br,242,640,2025-07-26,8840.02,True,FUNC-004827
Bernardo,Moreira,bernardo.moreira.func4827@aeroporto.com.br,301,1121,2025-10-03,32644.38,True,FUNC-004828
Luiz Otávio,Casa Grande,luiz otávio.casa grande.func4828@aeroporto.com.br,860,2825,2015-01-16,6746.92,True,FUNC-004829
Bruna,Camargo,bruna.camargo.func4829@aeroporto.com.br,715,1588,2018-05-01,16203.24,True,FUNC-004830
Marina,Aragão,marina.aragão.func4830@aeroporto.com.br,220,3397,2021-06-16,20150.56,True,FUNC-004831
Luan,Fogaça,luan.fogaça.func4831@aeroporto.com.br,300,2619,2022-05-30,29023.98,True,FUNC-004832
Luna,Macedo,luna.macedo.func4832@aeroporto.com.br,898,4720,2024-11-04,5821.3,True,FUNC-004833
Raul,das Neves,raul.das neves.func4833@aeroporto.com.br,249,2008,2019-11-25,13832.65,True,FUNC-004834
Antonella,Moura,antonella.moura.func4834@aeroporto.com.br,772,4612,2021-08-16,15465.99,True,FUNC-004835
Fernando,Gonçalves,fernando.gonçalves.func4835@aeroporto.com.br,180,1416,2013-07-17,17831.17,True,FUNC-004836
Marina,Castro,marina.castro.func4836@aeroporto.com.br,70,1842,2014-10-11,27739.01,True,FUNC-004837
Melina,Barros,melina.barros.func4837@aeroporto.com.br,214,2429,2020-01-27,28843.61,False,FUNC-004838
Pedro Miguel,Vieira,pedro miguel.vieira.func4838@aeroporto.com.br,919,4125,2014-12-07,7396.04,True,FUNC-004839
Ana Vitória,Cirino,ana vitória.cirino.func4839@aeroporto.com.br,79,3049,2020-05-13,14249.26,False,FUNC-004840
Asafe,Nunes,asafe.nunes.func4840@aeroporto.com.br,816,4078,2020-07-01,15366.63,True,FUNC-004841
Maria Isis,Leão,maria isis.leão.func4841@aeroporto.com.br,898,1424,2021-06-11,26818.05,True,FUNC-004842
Josué,Macedo,josué.macedo.func4842@aeroporto.com.br,882,2248,2015-11-11,32246.67,True,FUNC-004843
Manuela,Viana,manuela.viana.func4843@aeroporto.com.br,499,1796,2011-07-26,7032.13,True,FUNC-004844
Helena,Freitas,helena.freitas.func4844@aeroporto.com.br,489,521,2014-05-28,15821.33,True,FUNC-004845
Lunna,Peixoto,lunna.peixoto.func4845@aeroporto.com.br,580,4305,2025-05-01,10038.67,True,FUNC-004846
Luara,Caldeira,luara.caldeira.func4846@aeroporto.com.br,693,3477,2014-01-14,28294.85,False,FUNC-004847
Theodoro,Porto,theodoro.porto.func4847@aeroporto.com.br,956,2125,2024-03-12,25011.3,True,FUNC-004848
Lucca,Casa Grande,lucca.casa grande.func4848@aeroporto.com.br,229,861,2023-08-06,18619.77,True,FUNC-004849
Antony,Costa,antony.costa.func4849@aeroporto.com.br,314,3145,2023-07-18,14789.73,True,FUNC-004850
João Lucas,Borges,joão lucas.borges.func4850@aeroporto.com.br,955,16,2012-05-16,8484.37,True,FUNC-004851
Guilherme,Rios,guilherme.rios.func4851@aeroporto.com.br,95,3861,2017-11-01,21646.33,True,FUNC-004852
Erick,das Neves,erick.das neves.func4852@aeroporto.com.br,202,3830,2019-12-13,5762.9,True,FUNC-004853
Enzo Gabriel,Campos,enzo gabriel.campos.func4853@aeroporto.com.br,708,1934,2019-06-16,31614.37,True,FUNC-004854
Isabelly,Nunes,isabelly.nunes.func4854@aeroporto.com.br,711,1649,2015-10-25,3549.98,True,FUNC-004855
Ana Vitória,Rios,ana vitória.rios.func4855@aeroporto.com.br,731,606,2014-03-28,34025.56,True,FUNC-004856
Maya,Guerra,maya.guerra.func4856@aeroporto.com.br,652,4788,2022-09-09,6515.64,True,FUNC-004857
Nathan,Albuquerque,nathan.albuquerque.func4857@aeroporto.com.br,321,2465,2021-10-24,16357.54,True,FUNC-004858
Laura,Freitas,laura.freitas.func4858@aeroporto.com.br,255,3614,2012-02-05,29796.48,True,FUNC-004859
Brayan,da Rosa,brayan.da rosa.func4859@aeroporto.com.br,124,2671,2024-07-05,26468.27,True,FUNC-004860
Bernardo,Caldeira,bernardo.caldeira.func4860@aeroporto.com.br,452,3780,2012-11-13,4613.23,True,FUNC-004861
Luara,da Rocha,luara.da rocha.func4861@aeroporto.com.br,938,670,2017-05-25,15218.8,True,FUNC-004862
Sabrina,Brito,sabrina.brito.func4862@aeroporto.com.br,672,3995,2025-01-11,25672.91,True,FUNC-004863
Manuella,Pires,manuella.pires.func4863@aeroporto.com.br,696,4390,2023-10-26,30821.75,True,FUNC-004864
Marcela,Vasconcelos,marcela.vasconcelos.func4864@aeroporto.com.br,729,3947,2020-04-04,2674.42,True,FUNC-004865
José Pedro,Cardoso,josé pedro.cardoso.func4865@aeroporto.com.br,944,669,2021-06-01,23056.42,True,FUNC-004866
Yago,Santos,yago.santos.func4866@aeroporto.com.br,909,4529,2013-07-01,22896.44,True,FUNC-004867
Yan,Almeida,yan.almeida.func4867@aeroporto.com.br,245,1856,2018-08-16,15296.08,True,FUNC-004868
Enzo Gabriel,Viana,enzo gabriel.viana.func4868@aeroporto.com.br,897,2998,2014-01-08,23691.51,False,FUNC-004869
Nicolas,Pires,nicolas.pires.func4869@aeroporto.com.br,364,523,2012-10-29,23950.14,True,FUNC-004870
Vitor Hugo,Santos,vitor hugo.santos.func4870@aeroporto.com.br,936,432,2014-01-01,29836.79,True,FUNC-004871
Valentim,Borges,valentim.borges.func4871@aeroporto.com.br,395,1202,2025-12-06,12770.18,True,FUNC-004872
Ravy,Almeida,ravy.almeida.func4872@aeroporto.com.br,183,4147,2015-06-26,9204.77,True,FUNC-004873
Pietra,Pacheco,pietra.pacheco.func4873@aeroporto.com.br,874,463,2019-07-19,7176.54,True,FUNC-004874
Lívia,Câmara,lívia.câmara.func4874@aeroporto.com.br,436,4835,2024-09-23,32360.9,True,FUNC-004875
Henrique,Castro,henrique.castro.func4875@aeroporto.com.br,982,4487,2017-12-23,13001.72,True,FUNC-004876
Cecília,Alves,cecília.alves.func4876@aeroporto.com.br,421,3827,2012-05-15,7390.18,True,FUNC-004877
Marcela,Sales,marcela.sales.func4877@aeroporto.com.br,953,4197,2017-01-05,21485.14,True,FUNC-004878
Ana Beatriz,Aparecida,ana beatriz.aparecida.func4878@aeroporto.com.br,941,3763,2018-07-11,26507.99,True,FUNC-004879
Raul,Caldeira,raul.caldeira.func4879@aeroporto.com.br,129,4892,2013-08-11,7256.72,True,FUNC-004880
Leandro,Duarte,leandro.duarte.func4880@aeroporto.com.br,72,563,2017-04-15,10006.39,True,FUNC-004881
Brenda,Brito,brenda.brito.func4881@aeroporto.com.br,872,4311,2013-07-05,25363.64,True,FUNC-004882
Maria Fernanda,Cavalcante,maria fernanda.cavalcante.func4882@aeroporto.com.br,172,3294,2018-06-21,10009.76,True,FUNC-004883
Paulo,Brito,paulo.brito.func4883@aeroporto.com.br,918,631,2018-11-26,12316.28,True,FUNC-004884
Luiz Felipe,Sampaio,luiz felipe.sampaio.func4884@aeroporto.com.br,110,2045,2018-12-13,11344.04,True,FUNC-004885
João Guilherme,Albuquerque,joão guilherme.albuquerque.func4885@aeroporto.com.br,616,2270,2018-01-08,27621.94,True,FUNC-004886
Emanuelly,Ramos,emanuelly.ramos.func4886@aeroporto.com.br,665,590,2017-05-24,29852.59,True,FUNC-004887
Isaque,Siqueira,isaque.siqueira.func4887@aeroporto.com.br,858,4521,2022-01-13,27593.97,True,FUNC-004888
Ana Carolina,Pacheco,ana carolina.pacheco.func4888@aeroporto.com.br,681,4649,2025-05-26,28579.48,True,FUNC-004889
Maya,Costela,maya.costela.func4889@aeroporto.com.br,706,4255,2020-01-08,4948.82,False,FUNC-004890
Julia,Correia,julia.correia.func4890@aeroporto.com.br,1,1586,2018-08-23,9523.74,True,FUNC-004891
João Pedro,Santos,joão pedro.santos.func4891@aeroporto.com.br,698,1189,2012-04-30,3781.92,False,FUNC-004892
Liam,Lopes,liam.lopes.func4892@aeroporto.com.br,543,3895,2013-01-08,28294.61,True,FUNC-004893
Murilo,Novais,murilo.novais.func4893@aeroporto.com.br,225,1858,2026-03-03,6288.8,True,FUNC-004894
Isabelly,Melo,isabelly.melo.func4894@aeroporto.com.br,525,1092,2022-07-28,21225.58,True,FUNC-004895
João Vitor,Duarte,joão vitor.duarte.func4895@aeroporto.com.br,590,4155,2014-07-03,24197.06,True,FUNC-004896
Zoe,Correia,zoe.correia.func4896@aeroporto.com.br,289,3308,2013-04-25,23901.44,True,FUNC-004897
Lívia,Teixeira,lívia.teixeira.func4897@aeroporto.com.br,333,2403,2023-03-26,19493.66,True,FUNC-004898
Benício,Silva,benício.silva.func4898@aeroporto.com.br,499,3034,2016-04-15,21253.87,True,FUNC-004899
Esther,Araújo,esther.araújo.func4899@aeroporto.com.br,534,2642,2023-07-06,26815.63,True,FUNC-004900
Matteo,Viana,matteo.viana.func4900@aeroporto.com.br,945,826,2025-04-18,16293.94,True,FUNC-004901
Maysa,Sampaio,maysa.sampaio.func4901@aeroporto.com.br,941,3120,2024-10-25,6200.8,True,FUNC-004902
Ana,Vasconcelos,ana.vasconcelos.func4902@aeroporto.com.br,928,868,2012-05-05,5410.1,True,FUNC-004903
Rafael,Vasconcelos,rafael.vasconcelos.func4903@aeroporto.com.br,742,1355,2015-09-25,13870.49,False,FUNC-004904
Maria Liz,Garcia,maria liz.garcia.func4904@aeroporto.com.br,337,3070,2015-02-21,20301.53,True,FUNC-004905
Mathias,Souza,mathias.souza.func4905@aeroporto.com.br,523,4002,2016-07-18,20263.02,True,FUNC-004906
Maria,Ferreira,maria.ferreira.func4906@aeroporto.com.br,844,1314,2023-05-24,19572.74,False,FUNC-004907
Ana Cecília,Santos,ana cecília.santos.func4907@aeroporto.com.br,931,3077,2021-07-28,14429.21,True,FUNC-004908
Oliver,Costela,oliver.costela.func4908@aeroporto.com.br,367,1254,2015-03-10,6228.05,True,FUNC-004909
Davi Luiz,Lopes,davi luiz.lopes.func4909@aeroporto.com.br,931,3859,2021-09-04,9338.0,True,FUNC-004910
Julia,Fonseca,julia.fonseca.func4910@aeroporto.com.br,125,2014,2011-11-07,6438.16,True,FUNC-004911
Raul,Novais,raul.novais.func4911@aeroporto.com.br,168,448,2025-08-30,16569.15,True,FUNC-004912
Luiz Fernando,Ribeiro,luiz fernando.ribeiro.func4912@aeroporto.com.br,766,201,2011-09-21,6144.91,True,FUNC-004913
Anna Liz,Cassiano,anna liz.cassiano.func4913@aeroporto.com.br,936,4015,2019-11-15,27068.61,True,FUNC-004914
Danilo,Albuquerque,danilo.albuquerque.func4914@aeroporto.com.br,601,3042,2022-10-15,29922.48,False,FUNC-004915
Caio,Nogueira,caio.nogueira.func4915@aeroporto.com.br,981,138,2018-03-09,27044.85,True,FUNC-004916
Maria Fernanda,Guerra,maria fernanda.guerra.func4916@aeroporto.com.br,311,3310,2023-04-05,33155.53,True,FUNC-004917
Ana Luiza,da Costa,ana luiza.da costa.func4917@aeroporto.com.br,345,4560,2018-06-17,22143.56,False,FUNC-004918
Yuri,Siqueira,yuri.siqueira.func4918@aeroporto.com.br,476,1191,2023-12-12,12292.14,True,FUNC-004919
Pietra,Teixeira,pietra.teixeira.func4919@aeroporto.com.br,256,4285,2024-07-25,26181.87,True,FUNC-004920
Sofia,Cirino,sofia.cirino.func4920@aeroporto.com.br,441,2046,2016-10-01,10051.73,True,FUNC-004921
Cecilia,Campos,cecilia.campos.func4921@aeroporto.com.br,274,1732,2026-03-06,32737.88,True,FUNC-004922
Heitor,Rodrigues,heitor.rodrigues.func4922@aeroporto.com.br,313,1609,2012-09-25,20750.8,True,FUNC-004923
Arthur,Guerra,arthur.guerra.func4923@aeroporto.com.br,568,2167,2020-07-18,29963.99,True,FUNC-004924
Josué,Camargo,josué.camargo.func4924@aeroporto.com.br,155,1726,2012-02-16,14252.12,True,FUNC-004925
Bella,Oliveira,bella.oliveira.func4925@aeroporto.com.br,428,1325,2025-06-09,13545.13,True,FUNC-004926
Thales,Aragão,thales.aragão.func4926@aeroporto.com.br,217,2247,2025-06-09,27219.07,False,FUNC-004927
Maria Isis,Moraes,maria isis.moraes.func4927@aeroporto.com.br,6,3188,2024-11-14,18762.06,True,FUNC-004928
Ravi,Sampaio,ravi.sampaio.func4928@aeroporto.com.br,660,308,2011-11-17,13075.58,True,FUNC-004929
Henrique,Guerra,henrique.guerra.func4929@aeroporto.com.br,351,4136,2014-05-24,34279.97,False,FUNC-004930
Nina,Moreira,nina.moreira.func4930@aeroporto.com.br,756,450,2016-12-30,15694.88,True,FUNC-004931
Maria Alice,Mendes,maria alice.mendes.func4931@aeroporto.com.br,742,2678,2016-02-07,26147.14,True,FUNC-004932
Ana Júlia,Nascimento,ana júlia.nascimento.func4932@aeroporto.com.br,192,2274,2023-10-01,29583.54,True,FUNC-004933
Paulo,Almeida,paulo.almeida.func4933@aeroporto.com.br,925,254,2025-10-11,28191.82,True,FUNC-004934
Maria Eduarda,Fogaça,maria eduarda.fogaça.func4934@aeroporto.com.br,582,4008,2023-02-14,31285.17,True,FUNC-004935
Elisa,Moura,elisa.moura.func4935@aeroporto.com.br,975,836,2024-10-08,7600.73,True,FUNC-004936
Ana Luiza,Ribeiro,ana luiza.ribeiro.func4936@aeroporto.com.br,293,1298,2019-12-19,29399.76,True,FUNC-004937
Carolina,Nunes,carolina.nunes.func4937@aeroporto.com.br,602,3463,2014-08-10,8496.03,True,FUNC-004938
Pedro Henrique,Campos,pedro henrique.campos.func4938@aeroporto.com.br,414,1155,2015-06-28,15196.69,True,FUNC-004939
Maria Flor,Almeida,maria flor.almeida.func4939@aeroporto.com.br,512,3944,2015-10-30,29593.06,True,FUNC-004940
Luiz Otávio,Freitas,luiz otávio.freitas.func4940@aeroporto.com.br,569,2299,2013-07-18,10501.82,True,FUNC-004941
Beatriz,Nascimento,beatriz.nascimento.func4941@aeroporto.com.br,772,4947,2019-09-24,6304.87,True,FUNC-004942
Brayan,Silva,brayan.silva.func4942@aeroporto.com.br,436,837,2021-08-21,22926.14,True,FUNC-004943
Lívia,Moreira,lívia.moreira.func4943@aeroporto.com.br,16,4500,2018-12-08,33987.19,True,FUNC-004944
João,Rocha,joão.rocha.func4944@aeroporto.com.br,534,237,2014-01-19,27519.31,True,FUNC-004945
Paulo,Duarte,paulo.duarte.func4945@aeroporto.com.br,470,4841,2020-01-13,9493.38,True,FUNC-004946
Joaquim,da Rocha,joaquim.da rocha.func4946@aeroporto.com.br,604,534,2023-01-19,24522.42,True,FUNC-004947
Caleb,Pinto,caleb.pinto.func4947@aeroporto.com.br,719,1600,2014-03-03,29212.77,False,FUNC-004948
Joana,Ferreira,joana.ferreira.func4948@aeroporto.com.br,390,30,2012-10-02,9625.71,True,FUNC-004949
Dom,Santos,dom.santos.func4949@aeroporto.com.br,230,3387,2021-11-11,25264.34,True,FUNC-004950
João Guilherme,Alves,joão guilherme.alves.func4950@aeroporto.com.br,697,3294,2016-09-13,7499.47,True,FUNC-004951
Eloah,Cunha,eloah.cunha.func4951@aeroporto.com.br,887,4110,2012-12-24,24567.38,False,FUNC-004952
Caroline,Silva,caroline.silva.func4952@aeroporto.com.br,801,4853,2019-04-25,30114.46,True,FUNC-004953
Bento,Correia,bento.correia.func4953@aeroporto.com.br,358,3722,2024-06-13,21128.23,True,FUNC-004954
Ravi Lucca,Pacheco,ravi lucca.pacheco.func4954@aeroporto.com.br,517,4682,2023-03-24,24424.97,True,FUNC-004955
Arthur Gabriel,Aragão,arthur gabriel.aragão.func4955@aeroporto.com.br,2,2088,2015-12-25,14057.35,True,FUNC-004956
Isadora,Silveira,isadora.silveira.func4956@aeroporto.com.br,895,1532,2015-10-12,34119.34,True,FUNC-004957
Bárbara,Lopes,bárbara.lopes.func4957@aeroporto.com.br,793,2478,2025-12-30,27027.63,True,FUNC-004958
Maria Liz,Novaes,maria liz.novaes.func4958@aeroporto.com.br,514,4843,2026-03-14,34188.27,True,FUNC-004959
Maya,Fogaça,maya.fogaça.func4959@aeroporto.com.br,187,2403,2016-05-27,19186.59,True,FUNC-004960
Isabela,da Rosa,isabela.da rosa.func4960@aeroporto.com.br,642,593,2011-08-13,31975.87,True,FUNC-004961
Pedro,Ribeiro,pedro.ribeiro.func4961@aeroporto.com.br,825,4578,2011-10-22,33675.1,True,FUNC-004962
Samuel,Martins,samuel.martins.func4962@aeroporto.com.br,16,1415,2025-08-03,23835.74,True,FUNC-004963
Luiz Fernando,Macedo,luiz fernando.macedo.func4963@aeroporto.com.br,753,877,2018-06-11,12702.49,False,FUNC-004964
Gabrielly,Cunha,gabrielly.cunha.func4964@aeroporto.com.br,502,3309,2021-04-10,30117.25,True,FUNC-004965
Manuella,Fernandes,manuella.fernandes.func4965@aeroporto.com.br,106,1602,2021-11-09,24452.89,True,FUNC-004966
Stephany,das Neves,stephany.das neves.func4966@aeroporto.com.br,509,4828,2015-07-29,29420.36,True,FUNC-004967
Luiz Miguel,Rodrigues,luiz miguel.rodrigues.func4967@aeroporto.com.br,218,4468,2022-05-11,9504.07,True,FUNC-004968
Davi,Leão,davi.leão.func4968@aeroporto.com.br,159,4769,2020-11-04,18295.74,True,FUNC-004969
Alícia,Machado,alícia.machado.func4969@aeroporto.com.br,12,1230,2021-07-17,8221.34,True,FUNC-004970
Bruno,Moura,bruno.moura.func4970@aeroporto.com.br,28,3029,2023-01-20,19654.63,True,FUNC-004971
Ana,Albuquerque,ana.albuquerque.func4971@aeroporto.com.br,121,2671,2016-10-17,8511.02,True,FUNC-004972
Stella,Rezende,stella.rezende.func4972@aeroporto.com.br,827,2652,2019-08-10,33729.29,True,FUNC-004973
Maria Eduarda,Costela,maria eduarda.costela.func4973@aeroporto.com.br,720,3132,2019-03-07,25884.13,True,FUNC-004974
Ana Lívia,Rios,ana lívia.rios.func4974@aeroporto.com.br,96,1063,2022-03-11,2764.58,True,FUNC-004975
Brenda,Viana,brenda.viana.func4975@aeroporto.com.br,242,1736,2022-01-07,24489.98,True,FUNC-004976
Igor,Cavalcanti,igor.cavalcanti.func4976@aeroporto.com.br,970,4243,2011-12-22,15269.14,True,FUNC-004977
Juan,Borges,juan.borges.func4977@aeroporto.com.br,980,2709,2011-06-27,31968.54,True,FUNC-004978
Isaque,da Mota,isaque.da mota.func4978@aeroporto.com.br,958,631,2021-09-07,29018.22,True,FUNC-004979
Diego,Guerra,diego.guerra.func4979@aeroporto.com.br,600,967,2023-07-28,17375.92,True,FUNC-004980
Valentina,Vargas,valentina.vargas.func4980@aeroporto.com.br,12,3845,2019-12-04,11785.56,False,FUNC-004981
Aurora,Pires,aurora.pires.func4981@aeroporto.com.br,38,2801,2024-02-13,4933.53,True,FUNC-004982
Luísa,da Luz,luísa.da luz.func4982@aeroporto.com.br,82,4914,2023-11-21,3559.89,True,FUNC-004983
Lucas Gabriel,Cassiano,lucas gabriel.cassiano.func4983@aeroporto.com.br,991,1139,2013-08-24,20475.98,True,FUNC-004984
Bryan,Abreu,bryan.abreu.func4984@aeroporto.com.br,27,2217,2026-05-10,27164.46,True,FUNC-004985
Zoe,da Luz,zoe.da luz.func4985@aeroporto.com.br,169,514,2015-10-24,17373.99,True,FUNC-004986
Gael,Garcia,gael.garcia.func4986@aeroporto.com.br,747,2766,2020-12-16,6252.4,True,FUNC-004987
Letícia,da Mata,letícia.da mata.func4987@aeroporto.com.br,38,3301,2017-10-12,4245.46,True,FUNC-004988
Maria Fernanda,da Luz,maria fernanda.da luz.func4988@aeroporto.com.br,240,115,2022-07-26,32434.52,True,FUNC-004989
Giovanna,Leão,giovanna.leão.func4989@aeroporto.com.br,762,1657,2019-06-19,27364.39,True,FUNC-004990
Lorenzo,Nunes,lorenzo.nunes.func4990@aeroporto.com.br,642,2642,2012-07-12,32705.44,True,FUNC-004991
Aurora,Fonseca,aurora.fonseca.func4991@aeroporto.com.br,682,1094,2016-03-08,27235.09,True,FUNC-004992
Nina,Mendes,nina.mendes.func4992@aeroporto.com.br,302,659,2013-09-13,25785.96,True,FUNC-004993
Sofia,Pereira,sofia.pereira.func4993@aeroporto.com.br,735,2957,2014-06-04,32656.9,True,FUNC-004994
Ana Beatriz,Rios,ana beatriz.rios.func4994@aeroporto.com.br,519,3112,2018-09-19,14421.31,True,FUNC-004995
Maria Sophia,Câmara,maria sophia.câmara.func4995@aeroporto.com.br,223,3411,2023-10-08,13811.17,True,FUNC-004996
Manuella,Fogaça,manuella.fogaça.func4996@aeroporto.com.br,970,3598,2024-03-01,15137.4,True,FUNC-004997
Joana,Marques,joana.marques.func4997@aeroporto.com.br,422,204,2021-07-30,32682.64,True,FUNC-004998
Yago,Monteiro,yago.monteiro.func4998@aeroporto.com.br,970,292,2023-04-12,31966.67,True,FUNC-004999
Bianca,Alves,bianca.alves.func4999@aeroporto.com.br,398,4278,2019-12-12,27854.41,True,FUNC-005000
