nome,sobrenome,email,telefone,data_nascimento,numero_passaporte,nacionalidade_id,programa_fidelidade,milhas_acumuladas
Alícia,da Costa,alícia.dacosta0@uol.com.br,+55 (041) 0460 3560,2005-05-21,XY913336,664,FLYING_BLUE,76241
Sophie,Pereira,sophie.pereira1@live.com,+55 (051) 6493 7590,2000-10-27,YY498395,62,,343803
Alice,da Paz,alice.dapaz2@live.com,0800-058-3047,2000-07-19,HX417837,410,,103034
Arthur,Cardoso,arthur.cardoso3@live.com,51 9027 6451,1984-12-25,ZZ229905,464,EXECUTIVE_CLUB,321873
Marcos Vinicius,Abreu,marcosvinicius.abreu4@gmail.com,+55 (071) 1985 7547,1962-03-29,AF359836,414,FLYING_BLUE,127090
Otto,Nogueira,otto.nogueira5@icloud.com,+55 (011) 8427 4062,1993-02-22,US968980,939,MILEAGE_PLUS,420439
Nina,Cavalcante,nina.cavalcante6@icloud.com,+55 (011) 7255 3205,1962-07-28,HN707372,594,MILEAGE_PLUS,318795
João Lucas,Nascimento,joãolucas.nascimento7@terra.com.br,(051) 5013 5247,1945-05-21,DX562546,565,FLYING_BLUE,389131
Enrico,Borges,enrico.borges8@live.com,31 7505-1391,1978-01-16,BA206724,909,FLYING_BLUE,383322
Sofia,Porto,sofia.porto9@bol.com.br,31 0514-1200,1946-05-25,IK312267,551,,278396
Marina,da Luz,marina.daluz10@gmail.com,+55 84 5156-9933,2006-12-10,HE259055,939,LATAM_PASS,325813
Leandro,Melo,leandro.melo11@outlook.com.br,0900-268-9947,1988-01-25,PJ100176,158,EXECUTIVE_CLUB,76480
Rael,Moraes,rael.moraes12@live.com,0800-309-2523,1997-05-27,HC522552,965,SKYWARDS,130040
Calebe,Garcia,calebe.garcia13@gmail.com,81 3607 1241,1965-05-24,AH468647,974,,300303
Nicolas,Mendes,nicolas.mendes14@uol.com.br,(031) 9125 8193,1981-11-30,BC677033,74,EXECUTIVE_CLUB,38507
Lorena,Gomes,lorena.gomes15@bol.com.br,+55 (071) 6436-5314,1999-08-07,AF230423,646,SMILES,183214
Ana Vitória,Sales,anavitória.sales16@bol.com.br,84 8150 8951,1965-10-16,BF435969,913,MILES_AND_GO,290896
Ana Beatriz,Garcia,anabeatriz.garcia17@uol.com.br,+55 51 8798 9763,1994-03-01,CF816790,712,SMILES,442481
Rhavi,Rocha,rhavi.rocha18@gmail.com,+55 (081) 0423-3388,1949-03-07,JJ537028,641,ASIA_MILES,229400
Rhavi,Caldeira,rhavi.caldeira19@outlook.com.br,+55 (011) 5092-7040,1940-09-12,ZT471733,856,,172055
Benicio,Vasconcelos,benicio.vasconcelos20@bol.com.br,71 6668-4707,1957-02-07,TH826207,407,,345560
Leandro,Gomes,leandro.gomes21@gmail.com,+55 (031) 7578-9663,1990-08-28,MK372653,907,AADVANTAGE,169243
Júlia,Montenegro,júlia.montenegro22@gmail.com,+55 (084) 7380-8823,1964-09-16,YF915972,70,EXECUTIVE_CLUB,358456
Mateus,Aparecida,mateus.aparecida23@live.com,+55 31 9982 4770,1942-06-07,YA673459,731,AADVANTAGE,465767
Maria Flor,Fonseca,mariaflor.fonseca24@hotmail.com,61 2109 8636,1976-01-21,SK409777,841,SKYWARDS,273636
Maria Clara,Moura,mariaclara.moura25@yahoo.com.br,+55 (084) 6896 0066,1974-10-26,NH412440,556,FLYING_BLUE,33054
Mirella,Rodrigues,mirella.rodrigues26@icloud.com,+55 (031) 7904-2528,1944-09-23,QH289763,608,AADVANTAGE,421015
Vitor,Garcia,vitor.garcia27@terra.com.br,+55 (031) 6817 9224,1974-09-09,BM791913,27,EXECUTIVE_CLUB,368530
Guilherme,Rios,guilherme.rios28@live.com,0500-703-1080,2008-01-09,DB744706,599,EXECUTIVE_CLUB,163167
Sofia,Cunha,sofia.cunha29@bol.com.br,+55 (011) 9854 4878,1978-06-12,KF829615,489,MILEAGE_PLUS,45964
Caio,da Mata,caio.damata30@icloud.com,+55 (071) 4658-6726,1957-03-17,TX837616,915,EXECUTIVE_CLUB,371084
Dante,Cirino,dante.cirino31@hotmail.com,+55 (084) 8066 6405,1955-02-27,RA282092,269,TUDO_AZUL,480461
Maria Laura,Porto,marialaura.porto32@bol.com.br,+55 (041) 8780 3782,1955-07-27,PI324217,281,LATAM_PASS,388564
Bruna,Santos,bruna.santos33@uol.com.br,+55 51 2688 7041,1970-04-13,QI232405,913,SKYWARDS,114332
Brenda,Viana,brenda.viana34@terra.com.br,71 1373-1421,1973-07-14,KX120130,813,SKYWARDS,268418
Maria Liz,Rios,marializ.rios35@terra.com.br,+55 84 4799 4433,1966-10-21,DY952635,821,,412455
Henry,Monteiro,henry.monteiro36@icloud.com,(041) 3059-7662,1951-03-31,JR467262,238,ASIA_MILES,358428
Benício,Moura,benício.moura37@bol.com.br,+55 (021) 7846 4015,1996-07-22,MQ307467,85,EXECUTIVE_CLUB,191674
Luísa,Machado,luísa.machado38@bol.com.br,51 2199 7856,1968-01-26,SF393225,633,,126122
Caroline,Pires,caroline.pires39@yahoo.com.br,(081) 4245 8667,1961-12-06,IO333516,936,FLYING_BLUE,68801
Luiz Fernando,Pimenta,luizfernando.pimenta40@yahoo.com.br,0500-072-2679,1979-05-20,KY571075,455,MILES_AND_GO,9281
Vitor Hugo,Aparecida,vitorhugo.aparecida41@outlook.com.br,+55 (041) 1541 3827,1985-10-03,NH677665,383,AADVANTAGE,333793
Ravi Lucca,Novais,ravilucca.novais42@outlook.com.br,61 8339-2389,1986-01-28,WM171423,688,ASIA_MILES,451781
Sabrina,Gomes,sabrina.gomes43@yahoo.com.br,11 4686 2966,1950-12-23,BR159858,397,MILES_AND_GO,331395
Erick,Araújo,erick.araújo44@uol.com.br,71 5748 0843,1964-12-11,JF845816,351,EXECUTIVE_CLUB,248414
Mariane,Rezende,mariane.rezende45@hotmail.com,(041) 9262 7350,1988-06-19,TP560212,167,MILEAGE_PLUS,94136
Isabelly,Andrade,isabelly.andrade46@gmail.com,+55 11 2664 6096,1990-01-29,KU902915,502,MILEAGE_PLUS,81415
Dom,da Paz,dom.dapaz47@gmail.com,+55 21 0091 6659,1978-12-23,ES624016,514,TUDO_AZUL,490128
Ayla,das Neves,ayla.dasneves48@terra.com.br,(041) 3001 7846,2004-07-29,IQ735499,834,LATAM_PASS,288443
José Pedro,Rezende,josépedro.rezende49@live.com,(031) 2052 2589,1989-11-27,EJ438827,966,AADVANTAGE,119103
Natália,Marques,natália.marques50@uol.com.br,11 3216-6569,1944-04-07,WY565526,176,SKYWARDS,405247
Heitor,Aparecida,heitor.aparecida51@live.com,61 6117-1340,1944-06-11,EB158217,624,TUDO_AZUL,358828
Juan,Fogaça,juan.fogaça52@gmail.com,+55 (031) 6422 7643,2005-02-06,WT728145,932,MILEAGE_PLUS,331542
Ana Luiza,Oliveira,analuiza.oliveira53@bol.com.br,81 5265 0534,1992-04-30,UV736595,354,TUDO_AZUL,282156
Melina,Mendonça,melina.mendonça54@bol.com.br,+55 21 6028 5953,1945-10-31,AP139207,495,,347721
Ísis,Nascimento,ísis.nascimento55@live.com,11 9875 9204,1963-10-15,OC645970,537,LATAM_PASS,178621
Davi Miguel,Rocha,davimiguel.rocha56@terra.com.br,(061) 2823 0164,2000-05-31,QK669711,726,,372312
Ravi,Almeida,ravi.almeida57@uol.com.br,+55 84 9774 4433,1983-02-06,FE582181,602,,108008
João Vitor,Pastor,joãovitor.pastor58@bol.com.br,(051) 8674-0477,1963-11-26,LM250090,991,AADVANTAGE,187694
José Pedro,da Luz,josépedro.daluz59@outlook.com.br,+55 84 9728-3419,1989-05-17,SC541749,340,SKYWARDS,100394
Antônio,Jesus,antônio.jesus60@live.com,+55 11 0099 7844,1983-02-22,IT866777,914,MILEAGE_PLUS,242447
Luiz Felipe,Pimenta,luizfelipe.pimenta61@icloud.com,0800 931 6421,1951-08-27,BT969807,678,FLYING_BLUE,120177
José Miguel,Montenegro,josémiguel.montenegro62@yahoo.com.br,11 8597 0248,1969-04-02,QT315408,648,ASIA_MILES,49922
Diego,Abreu,diego.abreu63@terra.com.br,21 7999 1584,1984-03-12,VC900659,963,TUDO_AZUL,422256
Raul,da Luz,raul.daluz64@terra.com.br,41 5123 4344,2001-02-19,QC208870,20,LATAM_PASS,293762
Daniel,Silva,daniel.silva65@live.com,+55 (041) 8063 1395,1987-07-01,ZB951452,89,MILES_AND_GO,444532
Ana,da Costa,ana.dacosta66@terra.com.br,(041) 8459-0731,2003-11-28,VQ772696,664,SMILES,189817
Leonardo,Moreira,leonardo.moreira67@yahoo.com.br,+55 41 1264 2181,1945-05-30,UE116371,426,MILES_AND_GO,178251
Antonella,da Cunha,antonella.dacunha68@bol.com.br,11 8893-7707,1992-09-10,PE791997,945,SKYWARDS,129759
Danilo,Freitas,danilo.freitas69@gmail.com,+55 (041) 9506 2632,1970-08-19,JI132969,260,,281527
Lívia,Guerra,lívia.guerra70@yahoo.com.br,+55 61 3265-7207,2003-10-27,SA286983,915,LATAM_PASS,236017
Sabrina,Aragão,sabrina.aragão71@bol.com.br,(084) 0789-3798,1990-09-09,ZO284824,62,FLYING_BLUE,148034
Melina,Monteiro,melina.monteiro72@terra.com.br,+55 (071) 9996-3691,1951-07-09,JP236811,877,,387110
Rafaela,da Rosa,rafaela.darosa73@terra.com.br,+55 81 1983-8579,1959-04-12,EP556168,672,SKYWARDS,129932
Leandro,Moura,leandro.moura74@yahoo.com.br,+55 (011) 9016-5159,1967-08-17,SC216828,484,TUDO_AZUL,87193
Ana Sophia,Cavalcante,anasophia.cavalcante75@live.com,(011) 7871 5533,2003-08-10,RH903931,768,FLYING_BLUE,170974
Nicolas,Barbosa,nicolas.barbosa76@live.com,+55 31 1347-5619,1979-06-29,DS660270,716,,367837
Lavínia,Souza,lavínia.souza77@hotmail.com,(061) 6502-1000,1998-11-25,EU938397,925,,492239
Luigi,Monteiro,luigi.monteiro78@icloud.com,(041) 9958 7005,1969-04-14,UQ898837,462,SMILES,404915
Isaque,Porto,isaque.porto79@yahoo.com.br,(061) 3806 3190,2004-07-17,IQ443787,613,AADVANTAGE,318389
Bianca,Cunha,bianca.cunha80@live.com,51 9328 7927,1997-03-22,GQ691509,510,EXECUTIVE_CLUB,249889
Allana,Rocha,allana.rocha81@outlook.com.br,+55 (061) 2689-7531,1993-02-20,EZ937786,385,LATAM_PASS,318972
Eduardo,Souza,eduardo.souza82@terra.com.br,+55 71 3872-0757,1951-07-20,ZN708342,948,FLYING_BLUE,388762
Matheus,Siqueira,matheus.siqueira83@hotmail.com,(031) 4941 9964,1961-07-20,CX518837,542,FLYING_BLUE,368439
Ana Vitória,Rocha,anavitória.rocha84@outlook.com.br,+55 71 3840-9277,1952-05-20,PL377835,974,,438970
Dom,Fogaça,dom.fogaça85@live.com,+55 31 6850-7051,1998-07-08,XD189917,529,SKYWARDS,392095
Vitória,Cassiano,vitória.cassiano86@terra.com.br,+55 71 0318 6720,1946-06-15,ZP515607,172,ASIA_MILES,232069
Maria Liz,Fogaça,marializ.fogaça87@hotmail.com,+55 84 5661-9667,1959-01-22,UI700858,858,SKYWARDS,327600
Fernanda,Vieira,fernanda.vieira88@gmail.com,+55 31 5043 4010,2006-05-03,OX740139,96,MILEAGE_PLUS,377776
Léo,Gonçalves,léo.gonçalves89@terra.com.br,(051) 6475-6657,1963-09-15,DP938166,82,,419663
Matheus,Silveira,matheus.silveira90@yahoo.com.br,(081) 7410-5068,1980-06-06,AF833871,947,FLYING_BLUE,225313
Aylla,Pimenta,aylla.pimenta91@gmail.com,+55 (021) 3309-4621,1994-05-03,ZU357597,926,,7827
Ana Lívia,Sampaio,analívia.sampaio92@live.com,+55 (031) 6165 3730,1983-09-25,SZ152740,115,,408622
Aurora,Costela,aurora.costela93@bol.com.br,71 9078-1629,1951-08-23,UY476202,500,MILES_AND_GO,382961
Nathan,Araújo,nathan.araújo94@outlook.com.br,11 0710 6616,1948-01-02,AJ476007,152,MILES_AND_GO,476021
Cauê,Câmara,cauê.câmara95@outlook.com.br,(051) 0590-4117,1998-01-31,CS204858,206,SKYWARDS,347325
Maria Isis,Macedo,mariaisis.macedo96@outlook.com.br,+55 (081) 1994-6709,1986-05-03,GX610616,322,FLYING_BLUE,152021
Hellena,Rocha,hellena.rocha97@gmail.com,(061) 4961-2298,1977-10-25,NP970270,385,MILEAGE_PLUS,167186
Pedro Lucas,Almeida,pedrolucas.almeida98@icloud.com,(084) 8847-7988,1985-12-25,ZJ252938,63,ASIA_MILES,280384
Mirella,Cassiano,mirella.cassiano99@bol.com.br,+55 11 7596-8686,1993-05-05,MM510732,825,SKYWARDS,180417
Luiz Gustavo,Machado,luizgustavo.machado100@bol.com.br,21 2300-9715,2003-01-25,BO137965,507,MILES_AND_GO,59420
Théo,Mendonça,théo.mendonça101@terra.com.br,11 0133 6721,1980-08-06,QC421516,275,,85395
Davi Lucca,Duarte,davilucca.duarte102@outlook.com.br,41 1408-2824,1970-10-11,CA266658,689,SMILES,308647
Jade,das Neves,jade.dasneves103@hotmail.com,+55 41 7165-0942,1984-01-08,XB761194,93,MILEAGE_PLUS,248128
Pedro,Ribeiro,pedro.ribeiro104@hotmail.com,0300 637 8131,1965-11-07,JJ319871,390,,46941
Davi Lucas,Fonseca,davilucas.fonseca105@hotmail.com,+55 11 3690 0479,1975-04-23,TH440902,204,EXECUTIVE_CLUB,169030
Calebe,da Rosa,calebe.darosa106@outlook.com.br,(041) 4940 5815,1990-05-07,QY233510,303,SMILES,225885
Gael Henrique,Pereira,gaelhenrique.pereira107@uol.com.br,+55 61 2789-1192,1982-05-10,QK681943,997,EXECUTIVE_CLUB,303153
Luara,Vieira,luara.vieira108@icloud.com,+55 (071) 0986 0681,1981-01-05,UG825743,861,EXECUTIVE_CLUB,383358
Ana,das Neves,ana.dasneves109@hotmail.com,(011) 6117-7294,1969-08-10,CV312123,343,,73307
Luan,Abreu,luan.abreu110@outlook.com.br,(071) 0805-8582,2000-11-20,ZY365823,411,TUDO_AZUL,361873
Alana,Rocha,alana.rocha111@gmail.com,0900-779-5724,1957-10-08,IO142795,191,LATAM_PASS,354499
Anthony Gabriel,Andrade,anthonygabriel.andrade112@uol.com.br,+55 (081) 1518-6175,1944-06-01,PZ570399,60,TUDO_AZUL,173699
Luara,Cavalcanti,luara.cavalcanti113@yahoo.com.br,(041) 9476 4194,1987-02-14,GR925395,717,MILES_AND_GO,356306
Cecilia,Montenegro,cecilia.montenegro114@uol.com.br,21 1990 1026,1952-09-30,NX708880,510,,236589
Ravi,Cunha,ravi.cunha115@bol.com.br,0900-227-7708,2003-11-11,SD989005,995,SMILES,313461
Beatriz,Oliveira,beatriz.oliveira116@bol.com.br,+55 (041) 6823-9554,1998-04-15,TF793776,990,TUDO_AZUL,446133
Miguel,Sales,miguel.sales117@bol.com.br,61 2138-0115,1957-11-05,AR731251,404,ASIA_MILES,191053
Camila,Mendes,camila.mendes118@outlook.com.br,+55 84 1513-9855,1981-05-22,QZ862557,166,,190636
Theo,Castro,theo.castro119@uol.com.br,21 0839 7317,1972-06-10,CP838130,289,ASIA_MILES,54892
Antonella,Cavalcante,antonella.cavalcante120@terra.com.br,+55 21 2434-2139,1950-08-09,IL483426,585,,492412
Cecília,Sousa,cecília.sousa121@live.com,0500 656 2807,1994-04-16,FL300527,756,SKYWARDS,218458
Miguel,Câmara,miguel.câmara122@terra.com.br,+55 (021) 6455 8048,1941-09-18,AK667531,743,,51875
Luigi,Pimenta,luigi.pimenta123@bol.com.br,(071) 8286-2558,1943-04-04,DS429541,142,MILES_AND_GO,379481
Lunna,Souza,lunna.souza124@yahoo.com.br,+55 (071) 7062-5873,1979-08-27,ND349309,503,,230149
Gabrielly,Almeida,gabrielly.almeida125@icloud.com,31 5822 6231,1944-07-15,KH412674,188,SKYWARDS,184412
Julia,Marques,julia.marques126@terra.com.br,+55 (031) 1153 2703,1998-03-17,TY186681,152,AADVANTAGE,415927
Ana Clara,Vargas,anaclara.vargas127@hotmail.com,(011) 7756 8863,1996-11-11,HW497968,547,AADVANTAGE,286898
Mariah,Borges,mariah.borges128@uol.com.br,(031) 9987-0805,2007-08-09,NV380771,829,MILES_AND_GO,100916
Theo,Montenegro,theo.montenegro129@yahoo.com.br,0800 812 2396,1977-02-21,DD380709,835,AADVANTAGE,414999
Bianca,Machado,bianca.machado130@terra.com.br,+55 (071) 7644-5125,1997-12-04,YT328880,591,,74480
Hadassa,Cassiano,hadassa.cassiano131@yahoo.com.br,+55 (021) 8346 4429,1950-11-05,WV160967,786,,454298
Helena,Campos,helena.campos132@uol.com.br,+55 (081) 7186 0699,1975-08-29,PP164928,541,,103240
Nathan,Pereira,nathan.pereira133@bol.com.br,+55 11 0683 8292,1963-07-20,TL981419,672,SKYWARDS,3143
Diego,Garcia,diego.garcia134@yahoo.com.br,0800 860 4278,2006-09-22,NH438319,100,MILEAGE_PLUS,15198
Evelyn,Sampaio,evelyn.sampaio135@live.com,+55 51 0363 0569,1994-07-09,TQ426011,765,LATAM_PASS,333769
Brenda,Rezende,brenda.rezende136@outlook.com.br,+55 (051) 5096-9412,2002-07-18,IL823971,260,EXECUTIVE_CLUB,99278
Paulo,Dias,paulo.dias137@yahoo.com.br,51 8990 8886,1977-08-26,BX306790,553,MILEAGE_PLUS,32365
Bento,Moura,bento.moura138@hotmail.com,+55 (011) 7149 2360,1946-08-31,XN440277,720,AADVANTAGE,45915
Samuel,Vasconcelos,samuel.vasconcelos139@outlook.com.br,+55 (041) 8588 4443,1975-03-21,ER222880,135,LATAM_PASS,276702
Mariah,Carvalho,mariah.carvalho140@hotmail.com,+55 (081) 2677-6383,1997-08-11,IB610200,398,MILEAGE_PLUS,259409
Diogo,Silva,diogo.silva141@hotmail.com,21 0438-4309,1986-12-18,HW697395,33,SKYWARDS,299825
Maria Isis,Nunes,mariaisis.nunes142@live.com,41 8421 8180,1962-11-03,AO673868,914,TUDO_AZUL,160062
Davi Lucca,Moura,davilucca.moura143@live.com,(061) 2913-1126,1959-06-05,HG521108,991,LATAM_PASS,478510
Eduarda,Pinto,eduarda.pinto144@live.com,51 0302 3121,1961-06-17,MA871744,436,,481397
Mariana,Moura,mariana.moura145@hotmail.com,+55 (031) 4232 7588,1970-11-22,GB283171,371,EXECUTIVE_CLUB,426507
Francisco,Barros,francisco.barros146@icloud.com,0800-206-3041,1962-01-09,HM884016,736,MILEAGE_PLUS,414449
Giovanna,Ferreira,giovanna.ferreira147@yahoo.com.br,(051) 2618-9109,1999-04-26,RE805329,292,SMILES,202347
Catarina,Câmara,catarina.câmara148@hotmail.com,+55 (061) 0179 2513,2003-12-29,YG874559,531,,121371
Isabella,Porto,isabella.porto149@yahoo.com.br,+55 (071) 8013-7020,1951-01-16,JX555345,988,MILEAGE_PLUS,34740
Fernando,Peixoto,fernando.peixoto150@bol.com.br,+55 11 4696 1360,1940-10-02,DP400556,946,ASIA_MILES,439137
Maria Flor,Monteiro,mariaflor.monteiro151@yahoo.com.br,(084) 2045-0980,2001-04-16,LH650828,930,FLYING_BLUE,211741
Luara,Sousa,luara.sousa152@uol.com.br,(084) 3335 0162,1987-05-15,OS648415,980,ASIA_MILES,236431
Laura,Cardoso,laura.cardoso153@terra.com.br,+55 (084) 0494 6173,2006-09-17,UN417561,291,MILES_AND_GO,120972
Brayan,Fonseca,brayan.fonseca154@hotmail.com,(081) 1332 0967,1995-07-21,CW274157,321,SKYWARDS,256277
Nathan,Araújo,nathan.araújo155@yahoo.com.br,+55 (011) 7413 5966,1960-05-21,VL499066,19,EXECUTIVE_CLUB,12155
Bárbara,da Costa,bárbara.dacosta156@uol.com.br,+55 (071) 3638 5743,1978-10-06,AO747480,230,,246402
Pedro Miguel,Pereira,pedromiguel.pereira157@hotmail.com,(051) 8000 8416,1980-06-08,MF289705,291,LATAM_PASS,161103
João Miguel,Rodrigues,joãomiguel.rodrigues158@outlook.com.br,21 0146 8314,1973-08-21,UC748013,552,,55133
Heloísa,Fonseca,heloísa.fonseca159@gmail.com,+55 (031) 3945 5846,2006-02-04,XB913100,925,TUDO_AZUL,164851
Alícia,Ramos,alícia.ramos160@yahoo.com.br,+55 41 8190 2320,1944-05-30,AP920318,549,,168061
Gabriel,Garcia,gabriel.garcia161@terra.com.br,0300-889-0609,1947-07-30,GO325277,730,,331944
Henry Gabriel,Mendonça,henrygabriel.mendonça162@terra.com.br,(051) 5192-6775,1942-08-15,HK105025,979,,469187
Asafe,da Mota,asafe.damota163@outlook.com.br,61 2284 3965,1946-10-29,FY113311,443,FLYING_BLUE,378998
Laís,Nascimento,laís.nascimento164@icloud.com,11 2020-4871,1997-01-05,XV260675,854,MILES_AND_GO,351332
Bento,da Conceição,bento.daconceição165@outlook.com.br,(081) 3476 4144,1993-09-14,RZ238108,940,FLYING_BLUE,277294
João Pedro,Silveira,joãopedro.silveira166@live.com,0800 745 3145,1948-03-31,DI536173,612,MILEAGE_PLUS,405745
Emilly,Fogaça,emilly.fogaça167@gmail.com,84 0029-0695,2005-07-23,PM592184,82,SKYWARDS,297661
Ana Laura,Melo,analaura.melo168@uol.com.br,(051) 6427 2943,2006-09-10,QH678341,407,SKYWARDS,288954
Júlia,Pires,júlia.pires169@hotmail.com,0800-098-2450,1943-01-04,RZ595675,534,,431629
Rebeca,Camargo,rebeca.camargo170@bol.com.br,(021) 4702-3607,1988-09-20,UQ813401,660,FLYING_BLUE,370289
Ana Carolina,Camargo,anacarolina.camargo171@live.com,(011) 0225-2553,1944-06-14,YY305543,519,LATAM_PASS,442605
Enrico,Correia,enrico.correia172@bol.com.br,+55 31 7622 8095,1990-12-25,ES379605,385,AADVANTAGE,470703
Ana Clara,Azevedo,anaclara.azevedo173@live.com,+55 81 0163-7905,1965-08-06,PN792706,36,,427049
Ísis,da Mata,ísis.damata174@icloud.com,81 1739-3396,1951-08-19,EI719424,98,TUDO_AZUL,469568
Gustavo,Alves,gustavo.alves175@icloud.com,0800 656 1206,1951-07-23,JN693402,988,SMILES,85766
Alice,Gomes,alice.gomes176@bol.com.br,81 7647 8562,1989-06-22,LT793618,391,,280387
Bianca,Aragão,bianca.aragão177@icloud.com,11 0143 9992,1958-03-20,CN546349,310,SMILES,42324
Eduarda,Martins,eduarda.martins178@gmail.com,0800 928 6102,2000-05-07,PI674309,601,SMILES,481705
Raquel,Ferreira,raquel.ferreira179@terra.com.br,+55 51 4382 5520,1992-06-16,SW143085,119,,114775
Thales,Cirino,thales.cirino180@icloud.com,81 5918 1980,1992-03-22,AV293358,959,EXECUTIVE_CLUB,253845
Cecília,Cirino,cecília.cirino181@icloud.com,+55 (084) 9053-0673,1998-09-09,WQ337119,944,MILES_AND_GO,84378
Arthur,Siqueira,arthur.siqueira182@icloud.com,+55 (071) 3884 0167,1955-09-24,UB938188,437,,345123
Maria Fernanda,Vieira,mariafernanda.vieira183@outlook.com.br,+55 (011) 1910-5071,1980-09-26,OW190884,315,MILEAGE_PLUS,457178
Maria Cecília,Andrade,mariacecília.andrade184@terra.com.br,(084) 4454-0691,2006-12-29,YW603201,642,SMILES,100728
Ana Luiza,da Cruz,analuiza.dacruz185@icloud.com,(021) 7384-3155,1971-05-11,YC239250,524,MILEAGE_PLUS,402373
Júlia,Monteiro,júlia.monteiro186@outlook.com.br,(051) 9792 9626,1981-10-24,TZ188791,704,MILES_AND_GO,391407
Rafael,Cavalcante,rafael.cavalcante187@live.com,+55 (041) 4370-3919,1955-04-15,ED393404,951,FLYING_BLUE,384531
Bruno,Duarte,bruno.duarte188@outlook.com.br,(061) 1413 4307,1968-01-06,KF462524,186,,268547
Isabella,Moreira,isabella.moreira189@uol.com.br,0500 876 8160,1950-08-26,JH851064,551,MILEAGE_PLUS,102350
Daniela,Silveira,daniela.silveira190@hotmail.com,+55 51 7024 2363,1980-02-04,FE275202,982,LATAM_PASS,252657
Luísa,da Cunha,luísa.dacunha191@uol.com.br,+55 51 8013 1843,1971-11-23,BV466222,984,SMILES,231795
Alícia,Barbosa,alícia.barbosa192@uol.com.br,(081) 1682-6111,1963-11-11,KO866155,567,SMILES,139947
Allana,Martins,allana.martins193@outlook.com.br,+55 (041) 0734-7873,2003-05-20,PS774551,901,ASIA_MILES,142146
Catarina,das Neves,catarina.dasneves194@hotmail.com,(061) 5647 3116,1959-07-07,CF913963,387,SKYWARDS,66984
Olivia,Nascimento,olivia.nascimento195@terra.com.br,+55 (051) 6637-0088,1980-09-26,RQ560147,581,FLYING_BLUE,27059
Vitor Gabriel,Câmara,vitorgabriel.câmara196@icloud.com,+55 (061) 1485 7816,1953-08-24,LX347356,147,MILEAGE_PLUS,406427
Evelyn,Lopes,evelyn.lopes197@gmail.com,51 0418 9024,1975-09-29,QY503482,425,FLYING_BLUE,313072
Alice,Guerra,alice.guerra198@yahoo.com.br,51 2617 3460,1978-03-29,BD534532,529,,202497
Zoe,Marques,zoe.marques199@uol.com.br,(021) 3149-3181,1992-06-01,WD670125,103,,140120
Mateus,Machado,mateus.machado200@yahoo.com.br,+55 (021) 9380-4503,1992-05-08,OM983487,142,TUDO_AZUL,88089
André,Vasconcelos,andré.vasconcelos201@icloud.com,+55 31 4911-6476,1993-12-25,CI900915,908,FLYING_BLUE,352897
Thomas,Pacheco,thomas.pacheco202@yahoo.com.br,(081) 3868-1337,1989-10-12,CD872930,917,ASIA_MILES,187675
João,Sampaio,joão.sampaio203@yahoo.com.br,(084) 8181-5539,1983-09-05,EN926613,407,AADVANTAGE,98338
Léo,Fonseca,léo.fonseca204@icloud.com,+55 51 0213 6716,1976-10-27,GA511448,838,FLYING_BLUE,453141
Cauã,Rezende,cauã.rezende205@uol.com.br,21 4178-7602,1957-01-18,OY329566,635,,169321
Nina,Monteiro,nina.monteiro206@bol.com.br,+55 (021) 7264 8810,1981-02-07,JI599149,763,AADVANTAGE,186127
Camila,Sales,camila.sales207@gmail.com,0900 167 8128,1957-04-23,NQ804149,141,AADVANTAGE,446464
Nina,Rios,nina.rios208@uol.com.br,0800-398-5930,1970-08-26,IF591177,687,FLYING_BLUE,455178
Leonardo,Vieira,leonardo.vieira209@yahoo.com.br,(041) 8146-9539,1993-12-26,DR898608,343,,164243
Anna Liz,da Cruz,annaliz.dacruz210@outlook.com.br,41 2320-7248,1980-07-29,CN658951,688,FLYING_BLUE,255185
Kamilly,Brito,kamilly.brito211@hotmail.com,(021) 2306-7801,1963-08-09,BA166719,827,EXECUTIVE_CLUB,143254
Alana,Gomes,alana.gomes212@live.com,+55 21 4128 0447,1942-12-19,RI475011,441,SKYWARDS,492253
Gustavo Henrique,Castro,gustavohenrique.castro213@gmail.com,84 3624-8748,2007-08-08,UQ826615,37,MILES_AND_GO,193672
Bella,Guerra,bella.guerra214@yahoo.com.br,(041) 8861-7327,1954-12-27,MO873949,435,LATAM_PASS,38763
Maria Clara,Jesus,mariaclara.jesus215@gmail.com,84 3951 3689,1988-04-17,LN398397,900,SMILES,166133
Carlos Eduardo,Lima,carloseduardo.lima216@terra.com.br,(071) 4169-8436,1992-12-30,RP322016,319,TUDO_AZUL,85080
Jade,Santos,jade.santos217@uol.com.br,+55 51 7561 8453,1986-05-21,WF476785,958,MILES_AND_GO,280626
Caroline,Mendes,caroline.mendes218@live.com,11 8592-9458,1973-03-13,MD802422,543,LATAM_PASS,233409
Ravi Lucca,Jesus,ravilucca.jesus219@hotmail.com,31 3744-8923,1976-11-16,YH227611,258,MILES_AND_GO,27049
Gabriela,Andrade,gabriela.andrade220@bol.com.br,+55 81 4502-5670,1949-04-21,TY136670,746,TUDO_AZUL,26305
Leonardo,Campos,leonardo.campos221@live.com,41 2959-8816,1995-09-05,MQ179979,567,MILES_AND_GO,224321
Henrique,Silveira,henrique.silveira222@gmail.com,+55 31 7632-9403,2005-12-02,TD235869,257,EXECUTIVE_CLUB,327104
Nicole,Silveira,nicole.silveira223@gmail.com,+55 11 7412-6980,1961-02-09,VO931751,102,,128415
Olivia,Siqueira,olivia.siqueira224@outlook.com.br,(051) 1086 1997,1962-02-12,YP325220,575,EXECUTIVE_CLUB,390814
André,Monteiro,andré.monteiro225@icloud.com,0900-313-2940,1954-07-04,PW261127,257,,24051
Lucas Gabriel,Rocha,lucasgabriel.rocha226@live.com,21 9425 0165,1994-06-23,YW924153,33,,72276
Manuela,Fonseca,manuela.fonseca227@terra.com.br,(071) 4863-2810,1962-02-25,JH262308,264,SMILES,459036
Maya,Rios,maya.rios228@gmail.com,(081) 6055 7384,1993-10-14,KB822398,799,SKYWARDS,301720
Igor,Aragão,igor.aragão229@outlook.com.br,+55 (041) 6616 1531,1940-11-14,CD361512,810,EXECUTIVE_CLUB,24895
Lunna,Garcia,lunna.garcia230@outlook.com.br,+55 (041) 4456-9791,1941-11-03,XR175233,658,EXECUTIVE_CLUB,41574
Nina,Barros,nina.barros231@bol.com.br,+55 31 6975-7554,1954-11-29,HP699594,1000,FLYING_BLUE,357478
Isabel,Viana,isabel.viana232@gmail.com,84 3426-0533,1966-08-02,UE394415,986,,417316
Sabrina,Nogueira,sabrina.nogueira233@yahoo.com.br,(041) 9969 6608,1995-09-27,CO366977,188,TUDO_AZUL,348204
Igor,Moraes,igor.moraes234@live.com,(051) 8804 1403,1991-12-28,NK365068,574,EXECUTIVE_CLUB,180087
Larissa,Câmara,larissa.câmara235@bol.com.br,(031) 4512-6193,1976-03-30,DB211954,2,TUDO_AZUL,33234
Manuella,Pimenta,manuella.pimenta236@gmail.com,+55 (041) 2930-9443,1999-05-08,YU887260,117,,115601
Davi Miguel,Rodrigues,davimiguel.rodrigues237@yahoo.com.br,+55 (081) 4557-9990,1946-03-10,VG382002,979,SMILES,236126
Bruno,Melo,bruno.melo238@yahoo.com.br,71 6872 3063,1963-09-27,QC377239,965,TUDO_AZUL,225262
Larissa,Ferreira,larissa.ferreira239@live.com,51 3715 1041,1999-03-08,VY516306,254,TUDO_AZUL,484238
Ravy,Guerra,ravy.guerra240@live.com,(081) 6795-9322,1971-05-31,PK694248,193,SKYWARDS,268960
Vitor Hugo,Peixoto,vitorhugo.peixoto241@outlook.com.br,+55 11 7196-7557,1973-01-17,PK482425,698,MILES_AND_GO,170767
Isaac,Cardoso,isaac.cardoso242@gmail.com,0500-454-0289,1997-05-30,VK748157,916,FLYING_BLUE,282829
Agatha,da Rosa,agatha.darosa243@uol.com.br,51 2697 6941,1978-07-08,YO762519,710,,305028
Ravy,Rocha,ravy.rocha244@outlook.com.br,(084) 4886-8996,1966-10-01,SN354965,163,MILES_AND_GO,273500
Antony,Moreira,antony.moreira245@live.com,(011) 3914-1835,1975-09-08,NN415295,177,ASIA_MILES,239388
Breno,Souza,breno.souza246@bol.com.br,+55 (071) 4447 4270,1981-12-04,VI760586,160,TUDO_AZUL,147142
Marcela,Carvalho,marcela.carvalho247@terra.com.br,+55 81 5278-6109,1960-11-05,JC856509,455,AADVANTAGE,108575
Bruna,da Cunha,bruna.dacunha248@live.com,+55 (031) 8740-7519,1996-09-17,XX726679,713,,222496
Samuel,Pimenta,samuel.pimenta249@hotmail.com,+55 61 6037-8280,2003-10-25,PO479614,225,MILEAGE_PLUS,499499
Rafael,Dias,rafael.dias250@outlook.com.br,0300-910-8587,1976-01-10,ED888145,8,TUDO_AZUL,478974
Maria Luiza,Marques,marialuiza.marques251@gmail.com,(071) 5013-9939,2001-01-11,PH883347,344,EXECUTIVE_CLUB,385815
Luiz Felipe,Duarte,luizfelipe.duarte252@outlook.com.br,(041) 9746-3177,2006-04-27,CB562247,825,,310488
Davi Luiz,Moreira,daviluiz.moreira253@outlook.com.br,81 6786 1633,1952-10-04,BE407622,497,AADVANTAGE,214444
Heloísa,Costela,heloísa.costela254@icloud.com,+55 41 0326-2498,1948-07-18,PU922243,6,,245959
Laura,da Rosa,laura.darosa255@gmail.com,+55 61 6654-9770,1981-12-07,VP138081,190,,35756
Ana Sophia,Câmara,anasophia.câmara256@outlook.com.br,+55 81 3495-4121,1960-08-17,IP953155,266,,189179
Maria Flor,Garcia,mariaflor.garcia257@yahoo.com.br,71 0128-9348,1943-09-18,KB184074,665,SKYWARDS,388827
Luan,Nascimento,luan.nascimento258@gmail.com,+55 (041) 9205 3650,2002-10-31,RU918490,144,MILES_AND_GO,419860
Alícia,Porto,alícia.porto259@terra.com.br,51 6969 0019,1967-08-07,IV567986,783,ASIA_MILES,295701
Lucca,Cunha,lucca.cunha260@uol.com.br,(051) 2404 1575,1946-07-05,HD659504,276,AADVANTAGE,349125
Olívia,Sales,olívia.sales261@bol.com.br,+55 (011) 7686-1277,1987-09-24,WO440000,290,MILES_AND_GO,45691
Miguel,da Costa,miguel.dacosta262@uol.com.br,(071) 6942 0184,1956-09-07,OB550262,508,,291377
Théo,Vieira,théo.vieira263@terra.com.br,61 6162 9506,1970-11-21,GM608687,871,MILEAGE_PLUS,461999
Alexia,Azevedo,alexia.azevedo264@gmail.com,+55 11 8417 3265,1954-12-21,AV510795,586,MILEAGE_PLUS,272604
João Lucas,Cunha,joãolucas.cunha265@bol.com.br,(011) 5546-1203,1983-08-08,XX577199,589,ASIA_MILES,377504
Vitória,da Mota,vitória.damota266@outlook.com.br,+55 (051) 6440-1989,1971-05-20,YZ232086,799,EXECUTIVE_CLUB,200241
Luiz Felipe,Santos,luizfelipe.santos267@icloud.com,0500-143-5354,2001-07-17,HW153610,548,TUDO_AZUL,168766
Luiz Miguel,Fernandes,luizmiguel.fernandes268@outlook.com.br,61 6078-1384,1948-12-14,YH778125,636,,441997
Maria,Vieira,maria.vieira269@terra.com.br,+55 11 3407 4918,1998-01-17,BA468119,273,MILES_AND_GO,33241
Anna Liz,Almeida,annaliz.almeida270@terra.com.br,61 2405-5465,1987-12-22,MU566510,708,SMILES,141258
Eduardo,Cardoso,eduardo.cardoso271@gmail.com,0800-061-1959,1967-09-29,BI690026,147,TUDO_AZUL,454709
Maria,Cunha,maria.cunha272@live.com,(071) 3031 5846,1951-01-02,FI150126,881,,417214
Ana Luiza,da Conceição,analuiza.daconceição273@bol.com.br,+55 81 8054 0092,1958-11-23,NN848430,431,SMILES,408155
Otto,Caldeira,otto.caldeira274@terra.com.br,+55 (071) 7873 0539,2003-12-26,ZM364995,46,MILEAGE_PLUS,138353
Benjamim,Andrade,benjamim.andrade275@uol.com.br,+55 81 3292-6205,1992-01-27,MF588496,540,EXECUTIVE_CLUB,442851
Emanuella,Vargas,emanuella.vargas276@terra.com.br,(084) 6284 9756,1988-07-10,YW545851,417,MILES_AND_GO,270509
Catarina,Siqueira,catarina.siqueira277@live.com,+55 21 3939-9431,1977-08-07,AA313954,201,LATAM_PASS,101176
Bento,Pacheco,bento.pacheco278@terra.com.br,71 8857-8782,1945-10-29,YY594352,377,EXECUTIVE_CLUB,361037
Sofia,Albuquerque,sofia.albuquerque279@terra.com.br,+55 (061) 8397-8301,1973-03-29,OQ149947,473,FLYING_BLUE,203066
Luana,Fonseca,luana.fonseca280@icloud.com,71 0745 6256,1960-04-26,OO797039,361,EXECUTIVE_CLUB,126267
Maria Helena,Abreu,mariahelena.abreu281@uol.com.br,+55 (031) 7188-7587,2002-06-30,DG806086,700,,48459
Bella,Aragão,bella.aragão282@icloud.com,+55 (051) 2075 2046,1999-09-02,ES612549,523,AADVANTAGE,499768
Calebe,Martins,calebe.martins283@bol.com.br,0800 064 8477,1954-08-02,KE705701,438,SKYWARDS,275325
Mateus,Pimenta,mateus.pimenta284@yahoo.com.br,+55 (021) 4440-7319,1943-03-29,VT780684,223,ASIA_MILES,288127
Maria Sophia,Barros,mariasophia.barros285@icloud.com,0900-011-2036,1984-11-02,QZ820938,714,,457465
Mariana,Cirino,mariana.cirino286@hotmail.com,61 9426 1666,1990-06-08,ND841169,117,MILES_AND_GO,308815
Yan,Mendes,yan.mendes287@hotmail.com,+55 (041) 7935 2756,2007-11-10,LK384967,236,SKYWARDS,29915
Emanuelly,Carvalho,emanuelly.carvalho288@gmail.com,+55 51 1300 1618,1977-06-02,KI790201,690,LATAM_PASS,210819
Pedro Miguel,Cavalcanti,pedromiguel.cavalcanti289@hotmail.com,+55 (031) 9007-4166,1962-11-30,VF440136,968,AADVANTAGE,372224
Vitor Gabriel,Costela,vitorgabriel.costela290@gmail.com,41 0428 3167,1977-11-02,RB926224,834,EXECUTIVE_CLUB,452083
João Lucas,Cunha,joãolucas.cunha291@yahoo.com.br,(031) 6447 1060,1998-05-09,CY619526,864,,264775
Isabel,Araújo,isabel.araújo292@outlook.com.br,+55 41 7788-9214,1971-05-01,MT608992,489,,78249
Joaquim,Nogueira,joaquim.nogueira293@hotmail.com,+55 (081) 7290 8479,1943-02-06,YR659361,995,FLYING_BLUE,401984
Sophia,Silveira,sophia.silveira294@gmail.com,+55 51 1705 6476,1989-11-08,HN129011,373,LATAM_PASS,404516
Bianca,Nogueira,bianca.nogueira295@terra.com.br,21 7903 3675,1971-05-09,CA807508,206,AADVANTAGE,111070
Alana,Vargas,alana.vargas296@live.com,0500-109-9993,2003-10-27,LR346827,969,ASIA_MILES,322320
Maria Sophia,Moura,mariasophia.moura297@bol.com.br,71 5230 8045,1977-03-01,KE438963,514,SMILES,27437
Paulo,Correia,paulo.correia298@bol.com.br,+55 11 0498-2070,2000-02-06,AS553987,199,LATAM_PASS,275899
André,Alves,andré.alves299@yahoo.com.br,(061) 5547-5396,1967-02-21,BY887005,33,ASIA_MILES,278682
Amanda,Vieira,amanda.vieira300@hotmail.com,(011) 3825-1172,2004-12-18,XU523815,249,MILES_AND_GO,382255
Nathan,Aragão,nathan.aragão301@uol.com.br,(084) 8217 2633,1997-10-07,CM508897,817,AADVANTAGE,324814
Benjamin,Nogueira,benjamin.nogueira302@gmail.com,+55 71 8088-6112,1993-09-08,HO328714,819,AADVANTAGE,26434
Emilly,Montenegro,emilly.montenegro303@gmail.com,(031) 3065 7721,1961-01-04,CB319688,532,SMILES,5856
Guilherme,Carvalho,guilherme.carvalho304@live.com,71 8109 8176,1947-09-14,MD824459,612,AADVANTAGE,262547
Liz,da Conceição,liz.daconceição305@terra.com.br,+55 21 5267 3711,1949-03-06,YV597362,205,SMILES,65393
Apollo,Machado,apollo.machado306@gmail.com,61 8686 4641,2004-02-12,TF965541,307,,145559
Amanda,Melo,amanda.melo307@uol.com.br,0500-468-9537,1964-03-26,DR747743,161,MILES_AND_GO,146387
Ana,Cirino,ana.cirino308@terra.com.br,(051) 7768 9977,1952-02-25,RF259407,178,SKYWARDS,242032
Pedro Miguel,Rodrigues,pedromiguel.rodrigues309@terra.com.br,51 6032 3701,1946-06-10,CL786099,334,,62641
Vinícius,Rocha,vinícius.rocha310@gmail.com,0800-507-1519,2000-06-06,KC453793,908,,83315
Gabrielly,Siqueira,gabrielly.siqueira311@uol.com.br,+55 21 0477-2596,1950-01-02,QL397852,572,,304005
Dom,Sampaio,dom.sampaio312@hotmail.com,0500-533-8416,1965-01-05,LT648027,451,,48984
José,Sá,josé.sá313@gmail.com,+55 (061) 8815-6603,1969-12-25,CT529405,649,ASIA_MILES,424319
Benjamim,Oliveira,benjamim.oliveira314@icloud.com,(084) 1834 3493,1944-05-14,ZA232242,121,MILES_AND_GO,273851
Joana,da Cruz,joana.dacruz315@terra.com.br,51 0877 9347,1970-01-11,NR515551,825,LATAM_PASS,332530
João Vitor,da Rocha,joãovitor.darocha316@bol.com.br,(011) 7621-8743,1946-10-28,UD859870,972,,284750
Asafe,Pinto,asafe.pinto317@outlook.com.br,11 4293-2683,1959-11-20,HS421058,741,ASIA_MILES,261999
Ana Julia,Moreira,anajulia.moreira318@live.com,0500-295-1628,1942-01-25,YK252493,759,FLYING_BLUE,354498
Bruno,Novais,bruno.novais319@bol.com.br,+55 71 8262-7733,1964-02-18,DE709216,692,SMILES,147146
Gustavo,Cirino,gustavo.cirino320@terra.com.br,+55 41 2876 6340,1975-11-21,FJ117682,536,TUDO_AZUL,261010
Théo,Caldeira,théo.caldeira321@live.com,+55 61 4765-2246,2006-10-02,JM210378,626,EXECUTIVE_CLUB,64012
Isadora,Moreira,isadora.moreira322@terra.com.br,+55 61 6921 7517,2004-05-23,NJ411886,240,MILES_AND_GO,334851
Gustavo Henrique,da Cruz,gustavohenrique.dacruz323@terra.com.br,+55 (011) 8454-7050,1987-03-21,PG125400,622,SMILES,17495
Augusto,Fogaça,augusto.fogaça324@live.com,(071) 8076 6487,1958-02-06,SB519178,179,ASIA_MILES,314300
Rafaela,da Rosa,rafaela.darosa325@hotmail.com,71 3127-6078,1955-10-16,XZ187092,882,,118636
Ravy,Costa,ravy.costa326@terra.com.br,(011) 8224 5248,1981-09-14,TB371934,103,SMILES,338250
Stella,Campos,stella.campos327@outlook.com.br,+55 (021) 3534 1765,1999-10-21,IB509500,238,MILES_AND_GO,59298
Ana Lívia,Jesus,analívia.jesus328@hotmail.com,+55 71 1191-0147,1995-05-14,IO952022,404,FLYING_BLUE,106217
Pedro Miguel,Nunes,pedromiguel.nunes329@hotmail.com,+55 (041) 9835-8448,1983-04-01,AB855851,628,LATAM_PASS,212854
Antony,Rocha,antony.rocha330@hotmail.com,(051) 7127-7156,1949-08-02,JM178194,883,ASIA_MILES,376996
Melissa,Fernandes,melissa.fernandes331@uol.com.br,0500-091-7447,1996-09-26,YC428622,576,,186425
Thiago,Albuquerque,thiago.albuquerque332@icloud.com,+55 (071) 0892-2906,1940-07-22,GB644465,638,MILEAGE_PLUS,457455
Vicente,Brito,vicente.brito333@outlook.com.br,84 4029-3764,1962-08-04,OI510192,250,LATAM_PASS,421412
Aurora,Cardoso,aurora.cardoso334@outlook.com.br,(051) 8728 0238,1983-12-21,XS405742,352,,81526
Helena,Dias,helena.dias335@outlook.com.br,81 0080 5980,1952-07-24,UW308991,744,MILEAGE_PLUS,67250
Isaque,Moura,isaque.moura336@icloud.com,+55 (021) 0300 5378,1975-03-24,DT109260,196,MILEAGE_PLUS,39139
Leandro,Nogueira,leandro.nogueira337@outlook.com.br,51 7220 3071,1999-04-21,WM451205,276,MILES_AND_GO,266476
Davi,Nogueira,davi.nogueira338@hotmail.com,(011) 9223-9766,2001-08-22,JI226138,982,,67647
Lucas Gabriel,Camargo,lucasgabriel.camargo339@terra.com.br,+55 (084) 5198 0702,1958-09-25,NH270304,661,,339294
Maria,Siqueira,maria.siqueira340@yahoo.com.br,+55 (041) 9428-6358,1982-08-03,NF341908,490,,402494
Renan,das Neves,renan.dasneves341@yahoo.com.br,51 3898 7495,1988-04-17,XN314896,276,AADVANTAGE,295408
Clara,Pereira,clara.pereira342@hotmail.com,0800-233-5588,1944-01-11,MF979568,953,MILEAGE_PLUS,107227
Cecília,Marques,cecília.marques343@yahoo.com.br,31 3463-8916,2001-02-19,LU843332,996,,108596
Enrico,Ribeiro,enrico.ribeiro344@gmail.com,(061) 8753 0296,1964-03-31,KZ231330,720,,430223
Erick,da Mata,erick.damata345@gmail.com,0800-416-7952,2007-02-27,FO837152,470,SKYWARDS,457572
Bryan,Cirino,bryan.cirino346@live.com,31 9145-4811,1980-12-18,QB608212,436,MILEAGE_PLUS,216454
Isaque,Melo,isaque.melo347@yahoo.com.br,+55 84 5848-7494,1975-05-09,YZ148858,950,,462570
Bryan,Aparecida,bryan.aparecida348@yahoo.com.br,+55 (061) 8865-8072,1969-01-23,SY527024,327,SKYWARDS,186098
Asafe,Araújo,asafe.araújo349@icloud.com,+55 (031) 5701 9743,1983-10-26,WX879863,942,,300520
Aurora,Machado,aurora.machado350@terra.com.br,+55 (011) 9255-5680,1987-01-28,FU756328,326,SKYWARDS,148968
Ágatha,da Mata,ágatha.damata351@outlook.com.br,0300-001-5812,1996-01-31,SK874007,905,LATAM_PASS,237500
Otávio,Garcia,otávio.garcia352@yahoo.com.br,+55 (061) 4947-0025,1959-01-05,NJ274470,963,SKYWARDS,393970
Igor,Oliveira,igor.oliveira353@gmail.com,(041) 2446-0957,1967-03-05,SH291579,492,MILES_AND_GO,290044
Maria Vitória,Castro,mariavitória.castro354@bol.com.br,(081) 7476-3083,1976-09-01,IR671494,826,FLYING_BLUE,219778
Brenda,Macedo,brenda.macedo355@yahoo.com.br,61 9091-0063,1985-12-21,CA159315,674,AADVANTAGE,326608
Vitor,Ramos,vitor.ramos356@live.com,+55 21 8042 0223,1961-05-04,IR973786,146,FLYING_BLUE,487859
Arthur,Dias,arthur.dias357@live.com,(084) 7336 8287,2000-01-03,BY538438,612,SMILES,460589
Gabriela,Ferreira,gabriela.ferreira358@live.com,11 5258 6856,1964-11-29,RO784560,115,MILES_AND_GO,47031
Valentina,Fonseca,valentina.fonseca359@gmail.com,(011) 6487-8264,1989-09-26,XT583920,160,EXECUTIVE_CLUB,180926
Nina,Melo,nina.melo360@hotmail.com,+55 (061) 0025 5464,1955-09-04,QB259508,842,,463
Carolina,da Cruz,carolina.dacruz361@uol.com.br,(031) 9852-9484,1959-11-12,QF149498,940,,363104
Alícia,Marques,alícia.marques362@gmail.com,+55 71 4505 6337,1959-12-05,VV522132,300,MILEAGE_PLUS,485945
Bruno,Lima,bruno.lima363@terra.com.br,+55 51 1819 6138,1984-07-27,AY236004,540,EXECUTIVE_CLUB,356719
Lunna,Fonseca,lunna.fonseca364@terra.com.br,0300 422 9813,1962-08-02,UG528917,530,AADVANTAGE,254067
Thales,Ramos,thales.ramos365@yahoo.com.br,+55 11 9977 1180,1960-01-28,RN139659,743,LATAM_PASS,181650
Henrique,Silva,henrique.silva366@outlook.com.br,(051) 4360-4890,1970-06-19,YQ108429,263,MILES_AND_GO,325564
Raquel,Farias,raquel.farias367@yahoo.com.br,+55 41 4369 4749,1970-04-05,GY739676,797,EXECUTIVE_CLUB,481775
Noah,Porto,noah.porto368@bol.com.br,(081) 6889-3861,1993-03-13,RV187407,669,EXECUTIVE_CLUB,225531
Heloísa,Pires,heloísa.pires369@hotmail.com,51 7764 5808,1988-02-05,SN592558,342,SMILES,156195
Ana,Correia,ana.correia370@hotmail.com,0900-652-1790,1994-02-21,JN382956,648,,109773
Benjamin,Duarte,benjamin.duarte371@uol.com.br,+55 (084) 2605 5740,1985-07-22,WB617653,510,TUDO_AZUL,495704
João Lucas,Pires,joãolucas.pires372@icloud.com,(031) 5958 7695,1991-08-18,BO794499,525,SMILES,479886
Evelyn,Nunes,evelyn.nunes373@hotmail.com,+55 (041) 6813-0783,1983-12-31,YF671585,975,TUDO_AZUL,365134
Manuella,Costela,manuella.costela374@hotmail.com,41 3594-1234,1993-08-03,OX335591,581,EXECUTIVE_CLUB,24049
Beatriz,Pacheco,beatriz.pacheco375@yahoo.com.br,+55 (051) 5802-4557,1954-02-26,SY741825,926,,280546
Eduardo,Caldeira,eduardo.caldeira376@outlook.com.br,+55 (051) 7435-1492,2008-01-19,XQ902372,686,ASIA_MILES,174335
Olívia,Jesus,olívia.jesus377@uol.com.br,11 0231-7402,1949-07-11,HP580242,317,FLYING_BLUE,373663
Sabrina,Souza,sabrina.souza378@hotmail.com,41 0763 4433,1943-06-13,MT317227,27,SKYWARDS,466735
Alana,Rodrigues,alana.rodrigues379@outlook.com.br,+55 (061) 6335-6416,1940-07-24,YW455945,839,LATAM_PASS,19305
Luiz Henrique,Pastor,luizhenrique.pastor380@icloud.com,11 0252-1514,1985-08-09,WL662014,904,,113705
Rafael,Ferreira,rafael.ferreira381@hotmail.com,+55 81 3685 0448,1972-09-25,PR997028,318,ASIA_MILES,497484
Emanuella,Cavalcante,emanuella.cavalcante382@outlook.com.br,+55 (011) 3547-2240,1943-11-29,QN142710,63,AADVANTAGE,458563
Antonella,Silveira,antonella.silveira383@terra.com.br,+55 41 0611-3900,1995-01-18,JE477260,73,EXECUTIVE_CLUB,268928
Vitor,Fonseca,vitor.fonseca384@icloud.com,0500-275-2340,2002-07-14,NU643928,627,SMILES,422586
Natália,Mendonça,natália.mendonça385@gmail.com,31 6833 5556,1991-08-06,VL467638,18,FLYING_BLUE,246799
Rhavi,Moraes,rhavi.moraes386@terra.com.br,84 1828-4399,1980-07-29,QR375116,233,ASIA_MILES,300020
Luna,da Rosa,luna.darosa387@icloud.com,51 9800 5573,1994-03-12,LU899314,677,SMILES,385862
Nathan,Moura,nathan.moura388@gmail.com,0900-266-0940,1971-10-13,YT206472,546,LATAM_PASS,151715
Ana Júlia,da Cunha,anajúlia.dacunha389@live.com,31 0175 0566,2000-08-10,TX848696,791,EXECUTIVE_CLUB,468160
Cecilia,Viana,cecilia.viana390@terra.com.br,0300-906-5869,1975-07-10,VG445534,994,SMILES,439790
Maysa,Vieira,maysa.vieira391@yahoo.com.br,+55 (081) 2420-4300,1951-07-27,YF544931,788,AADVANTAGE,80962
Isabelly,da Costa,isabelly.dacosta392@hotmail.com,+55 51 0697 1363,1979-06-29,QP700046,932,SMILES,459555
Carolina,Pastor,carolina.pastor393@hotmail.com,+55 31 4202 8612,1992-04-04,KT570208,228,SMILES,389637
João Pedro,Cunha,joãopedro.cunha394@yahoo.com.br,81 1402 4542,1978-02-08,VW569385,768,FLYING_BLUE,255690
João Vitor,da Luz,joãovitor.daluz395@yahoo.com.br,(011) 3023 2000,1952-01-17,RD150661,545,,288567
Gael,Correia,gael.correia396@yahoo.com.br,51 9282 4350,1970-11-17,DH142214,381,FLYING_BLUE,178526
Mariana,Nunes,mariana.nunes397@hotmail.com,+55 31 5329-5617,1989-01-07,ID120851,10,MILES_AND_GO,51335
Juliana,Cirino,juliana.cirino398@bol.com.br,41 4676-4089,2001-04-11,NS735018,400,TUDO_AZUL,40338
Maria,Marques,maria.marques399@terra.com.br,41 1408 3070,1955-02-02,XZ861161,210,ASIA_MILES,92263
Cauê,Gonçalves,cauê.gonçalves400@uol.com.br,+55 41 6027-3156,2001-05-27,GR225738,412,AADVANTAGE,44337
Maria Isis,Silveira,mariaisis.silveira401@yahoo.com.br,+55 (084) 7362 9245,1969-02-04,IE761978,258,MILES_AND_GO,77275
Zoe,Oliveira,zoe.oliveira402@live.com,(041) 7382-4382,1988-07-30,TI267189,653,ASIA_MILES,80081
Davi Lucas,da Mota,davilucas.damota403@outlook.com.br,0300-222-2833,1951-09-24,QW913360,315,SMILES,223157
Rebeca,Silveira,rebeca.silveira404@hotmail.com,21 5223-5906,1953-10-25,JK315962,240,EXECUTIVE_CLUB,160271
João Vitor,Mendonça,joãovitor.mendonça405@gmail.com,0800 401 4412,1992-11-30,LF413352,461,,318448
Ana Lívia,Fernandes,analívia.fernandes406@yahoo.com.br,0900 245 6708,1953-01-17,YT771023,779,SKYWARDS,56037
Pedro Lucas,Oliveira,pedrolucas.oliveira407@uol.com.br,(084) 0462 9337,2002-01-04,TO312031,342,FLYING_BLUE,56509
Agatha,Camargo,agatha.camargo408@terra.com.br,+55 (081) 5833-8789,2003-03-29,RR986303,933,TUDO_AZUL,476898
Emanuella,Viana,emanuella.viana409@hotmail.com,0800-053-0945,1990-03-11,QL315576,241,TUDO_AZUL,105964
Maria Luísa,Fonseca,marialuísa.fonseca410@terra.com.br,31 2572-3230,1944-06-13,YZ933116,105,ASIA_MILES,182339
Anthony,Mendes,anthony.mendes411@gmail.com,84 1869 4846,1978-07-01,DF203116,712,AADVANTAGE,141308
Maria Alice,da Paz,mariaalice.dapaz412@live.com,(084) 2914 8356,1989-05-10,ZZ766296,544,FLYING_BLUE,283867
Eloá,Aparecida,eloá.aparecida413@icloud.com,41 9227 0252,1983-11-03,VT609873,44,EXECUTIVE_CLUB,233128
Emilly,Porto,emilly.porto414@bol.com.br,+55 51 1055 6241,2001-02-21,JY973351,395,FLYING_BLUE,138029
João Pedro,Lima,joãopedro.lima415@outlook.com.br,84 8094 0596,1970-10-01,BT109842,694,MILEAGE_PLUS,57012
Ana Julia,Mendes,anajulia.mendes416@gmail.com,+55 (081) 6424-5320,1957-04-27,IG432191,864,,199063
Lorena,Dias,lorena.dias417@bol.com.br,+55 21 2614-3403,1998-04-15,VU359657,861,LATAM_PASS,493661
Maria Liz,Barbosa,marializ.barbosa418@terra.com.br,+55 81 3109-1568,1950-08-02,AR260619,242,TUDO_AZUL,335242
Thales,Rezende,thales.rezende419@gmail.com,21 3122 5264,1982-07-20,CD227614,903,AADVANTAGE,8047
Lívia,da Paz,lívia.dapaz420@live.com,(061) 0676-4428,1977-10-13,QF906837,925,SKYWARDS,356900
Júlia,Pires,júlia.pires421@uol.com.br,(061) 0781-0101,1942-12-09,UQ539990,662,LATAM_PASS,333218
João Gabriel,da Rocha,joãogabriel.darocha422@bol.com.br,+55 (021) 5694 2118,1976-01-22,DJ182252,420,MILES_AND_GO,188226
Maria Luísa,das Neves,marialuísa.dasneves423@gmail.com,+55 84 4910-0723,1942-02-27,KZ962479,993,,414869
Diego,Siqueira,diego.siqueira424@bol.com.br,0300 204 9930,2002-11-09,LP628245,538,SKYWARDS,491670
Kamilly,da Rocha,kamilly.darocha425@gmail.com,+55 71 1210-7043,2000-11-10,CJ464025,834,,402729
Dom,Alves,dom.alves426@terra.com.br,+55 (021) 3158 8785,1965-08-19,XO400257,491,MILES_AND_GO,180338
Breno,Gomes,breno.gomes427@outlook.com.br,(021) 7514-1483,1941-06-21,LR579210,542,,336399
Catarina,Barbosa,catarina.barbosa428@terra.com.br,+55 (031) 9514 2770,1967-11-09,KP504581,491,,40901
Leonardo,Azevedo,leonardo.azevedo429@terra.com.br,+55 31 8611-5111,1993-05-24,MZ940456,828,MILES_AND_GO,159036
Luara,Cavalcanti,luara.cavalcanti430@live.com,+55 41 4359 3410,1997-12-30,IP581598,577,EXECUTIVE_CLUB,234410
Isabel,Caldeira,isabel.caldeira431@outlook.com.br,(061) 0472 5531,2005-12-26,HG186477,788,,43306
Brayan,Monteiro,brayan.monteiro432@uol.com.br,+55 11 2207 2508,1974-05-25,SO462002,993,FLYING_BLUE,460485
Ana Laura,Duarte,analaura.duarte433@yahoo.com.br,+55 (031) 8860 9692,1960-11-17,LH165360,970,,373987
Anna Liz,Vargas,annaliz.vargas434@uol.com.br,+55 41 6010-9993,1995-09-19,JK309839,478,SMILES,438640
Dom,Pastor,dom.pastor435@hotmail.com,+55 81 0099-8129,2004-08-27,PI988909,904,,260848
Marcela,Santos,marcela.santos436@hotmail.com,0900 228 8741,2008-01-22,DG179568,260,MILES_AND_GO,488547
Bruna,Santos,bruna.santos437@bol.com.br,+55 (021) 5434-5026,1982-10-16,SN695520,155,MILEAGE_PLUS,44394
Letícia,da Luz,letícia.daluz438@yahoo.com.br,+55 51 8696 6481,1973-01-11,SV233956,539,,88779
Enzo,Andrade,enzo.andrade439@terra.com.br,+55 (041) 9272-4306,1945-03-10,VV588257,650,ASIA_MILES,462486
Marina,Melo,marina.melo440@live.com,41 3677-8107,1982-06-11,XH139511,453,,194422
André,Moraes,andré.moraes441@yahoo.com.br,+55 (071) 8935 1331,1957-07-13,BI562748,342,FLYING_BLUE,379411
Daniela,Marques,daniela.marques442@yahoo.com.br,84 2366-1620,1944-02-24,BY692774,655,FLYING_BLUE,159867
Enzo,Machado,enzo.machado443@yahoo.com.br,(061) 1266 0869,1980-07-18,VZ981513,126,SKYWARDS,446641
Lavínia,Vasconcelos,lavínia.vasconcelos444@hotmail.com,+55 31 0840 3909,2006-12-11,DP422917,916,AADVANTAGE,16210
Luiz Miguel,Ribeiro,luizmiguel.ribeiro445@live.com,(081) 3608-6333,1967-01-13,DV965757,662,,383716
Cecilia,Aparecida,cecilia.aparecida446@outlook.com.br,71 7605 5080,1967-01-12,VD820533,342,ASIA_MILES,187138
Brayan,Fernandes,brayan.fernandes447@gmail.com,0500-083-0692,1986-08-12,YT994535,254,LATAM_PASS,451600
Eloah,Aragão,eloah.aragão448@icloud.com,+55 (051) 5564 4199,1996-11-12,RL606262,925,,363678
Alícia,Vasconcelos,alícia.vasconcelos449@hotmail.com,+55 81 4361 6050,1997-11-14,CT860706,455,AADVANTAGE,427779
Luiz Miguel,Peixoto,luizmiguel.peixoto450@gmail.com,71 1918 1498,1970-05-18,CM379691,259,,452405
Otto,Jesus,otto.jesus451@live.com,+55 71 9032-1774,1975-12-08,OR442163,894,EXECUTIVE_CLUB,300066
Francisco,Campos,francisco.campos452@live.com,(031) 5500-4375,1970-01-20,JX366447,955,MILES_AND_GO,321108
Miguel,Sousa,miguel.sousa453@hotmail.com,(041) 5229-5083,1963-01-15,OY980195,388,TUDO_AZUL,451858
Isabel,Andrade,isabel.andrade454@uol.com.br,0800 036 7486,2004-11-07,CX903254,734,SMILES,269654
Luísa,Fonseca,luísa.fonseca455@outlook.com.br,31 3515 3474,1972-07-16,SW925271,753,FLYING_BLUE,467607
Nathan,Peixoto,nathan.peixoto456@yahoo.com.br,+55 (011) 8120 7800,1974-03-16,IR905537,364,,372423
Oliver,Monteiro,oliver.monteiro457@icloud.com,+55 (011) 1032 0823,1946-06-24,JF146380,513,,440507
Théo,Brito,théo.brito458@outlook.com.br,0300-909-7578,1941-01-28,JX954029,747,EXECUTIVE_CLUB,358337
Sophie,Vieira,sophie.vieira459@terra.com.br,71 6190 7644,1948-02-29,DH940331,587,,484148
Vitor,Peixoto,vitor.peixoto460@gmail.com,+55 21 9461-6222,1959-07-10,UY869822,342,LATAM_PASS,473019
Maria Flor,Sales,mariaflor.sales461@live.com,(021) 1054-0260,1949-06-02,TA394905,503,FLYING_BLUE,64495
Luiz Miguel,Moreira,luizmiguel.moreira462@bol.com.br,81 5592 1895,1998-05-12,QN832747,487,MILES_AND_GO,2305
Hadassa,Nogueira,hadassa.nogueira463@icloud.com,71 4993 3974,1995-06-05,QL880883,643,MILEAGE_PLUS,92018
Clarice,Correia,clarice.correia464@hotmail.com,+55 (061) 2384 8761,1976-08-21,MF336466,631,,94346
Ana Júlia,da Rosa,anajúlia.darosa465@bol.com.br,+55 21 7360-9085,1955-08-28,IC472851,91,MILES_AND_GO,424122
Luna,Fernandes,luna.fernandes466@uol.com.br,(061) 9476-3183,1993-05-11,JV143207,86,FLYING_BLUE,143724
Thomas,Cirino,thomas.cirino467@gmail.com,+55 (031) 4927-8523,1941-04-22,TV808308,474,LATAM_PASS,107159
Ana Carolina,Guerra,anacarolina.guerra468@hotmail.com,+55 (084) 2167 6089,1962-01-06,UW554137,266,LATAM_PASS,67234
Julia,Aparecida,julia.aparecida469@hotmail.com,41 6589 7824,1941-10-06,KX951532,908,,393831
José Pedro,Sousa,josépedro.sousa470@terra.com.br,84 5829 3854,1998-02-04,ID644907,604,AADVANTAGE,9472
Bryan,Pires,bryan.pires471@bol.com.br,(021) 5039 8638,1989-07-18,QD812593,732,MILEAGE_PLUS,141719
Miguel,Souza,miguel.souza472@bol.com.br,51 9081 4498,1966-01-28,RP825516,818,FLYING_BLUE,105797
Heloísa,Aparecida,heloísa.aparecida473@yahoo.com.br,71 5328 3153,1981-08-04,TP768143,575,,199650
Augusto,Mendes,augusto.mendes474@gmail.com,0300-190-4878,1972-02-25,KD572401,589,MILES_AND_GO,492170
Laís,Almeida,laís.almeida475@hotmail.com,+55 (081) 8334 5129,1964-11-04,RU471590,951,,365502
Sarah,Cassiano,sarah.cassiano476@bol.com.br,+55 81 1833-7881,1964-01-15,EL250986,697,FLYING_BLUE,427825
Ana Júlia,Rezende,anajúlia.rezende477@live.com,(041) 2507 4382,1991-08-25,JV575031,11,SKYWARDS,398629
Caleb,Costa,caleb.costa478@terra.com.br,+55 (081) 0786 7755,1996-08-20,MK573437,93,,239738
Alexandre,Andrade,alexandre.andrade479@terra.com.br,(051) 7603 6733,1953-05-11,HU562553,973,FLYING_BLUE,332690
Heloisa,Azevedo,heloisa.azevedo480@bol.com.br,+55 61 7415-1632,1952-09-20,VC477769,822,FLYING_BLUE,398950
Ana Vitória,Lopes,anavitória.lopes481@outlook.com.br,+55 (084) 4824 3648,1988-08-26,RU563923,183,ASIA_MILES,354166
Caroline,Barbosa,caroline.barbosa482@live.com,+55 (031) 7577-3061,1976-04-25,HA510049,5,,282579
Vicente,Gonçalves,vicente.gonçalves483@gmail.com,11 4196-4000,1945-11-13,ZS846830,569,,42880
Leonardo,Duarte,leonardo.duarte484@outlook.com.br,31 3596-2783,1986-06-19,TF118323,612,MILES_AND_GO,265032
Maria Júlia,Mendes,mariajúlia.mendes485@live.com,(071) 4023 4714,1966-06-12,FS542538,213,AADVANTAGE,163939
Catarina,Camargo,catarina.camargo486@uol.com.br,+55 81 0282-6565,1971-02-28,YW342972,175,,443796
Luiz Miguel,Nunes,luizmiguel.nunes487@uol.com.br,41 7562 7545,2002-07-22,KQ607991,929,EXECUTIVE_CLUB,475689
Valentim,Albuquerque,valentim.albuquerque488@uol.com.br,(041) 9893 9759,1993-06-09,QP115582,924,,72123
Elisa,Farias,elisa.farias489@uol.com.br,(031) 2209 4705,1967-08-05,EC247564,911,,493595
Théo,da Luz,théo.daluz490@live.com,61 5839 0187,1999-04-29,IZ368285,822,MILEAGE_PLUS,444827
Helena,Vargas,helena.vargas491@yahoo.com.br,(041) 0438-8528,1997-03-25,ZY921607,942,SKYWARDS,53957
Manuella,Azevedo,manuella.azevedo492@terra.com.br,41 3443-0299,1992-10-09,XN910677,114,,199414
Maria Flor,Silva,mariaflor.silva493@uol.com.br,(051) 4424 0294,1977-10-15,MT787675,678,SKYWARDS,177198
Stella,Teixeira,stella.teixeira494@gmail.com,(011) 8869-8908,1960-12-09,SJ630724,214,,380671
Marcela,Guerra,marcela.guerra495@uol.com.br,+55 61 2724-7711,2000-11-15,AP387953,91,MILES_AND_GO,306068
Clara,Machado,clara.machado496@icloud.com,+55 (071) 7815-6162,1971-06-17,SD823900,303,,185481
Davi Lucca,Sousa,davilucca.sousa497@live.com,41 7138 7314,1954-10-28,IW898495,133,TUDO_AZUL,267314
Asafe,Sampaio,asafe.sampaio498@uol.com.br,+55 11 9166 6162,2002-01-22,SP378388,216,,134796
Ana Lívia,Souza,analívia.souza499@outlook.com.br,71 8967-6218,1982-06-06,PM261775,606,MILEAGE_PLUS,50963
João Guilherme,Cirino,joãoguilherme.cirino500@bol.com.br,0300 224 7686,1972-01-10,CY798726,451,LATAM_PASS,425997
Lunna,Aparecida,lunna.aparecida501@live.com,61 7148 9579,1947-05-25,XH743422,401,SMILES,478368
João Miguel,Farias,joãomiguel.farias502@live.com,31 2352 9800,1976-12-12,RG642350,606,TUDO_AZUL,35853
Marcos Vinicius,da Rocha,marcosvinicius.darocha503@hotmail.com,(031) 3454-2471,1955-07-30,NN864779,159,,411029
Davi Lucca,Ferreira,davilucca.ferreira504@terra.com.br,+55 (061) 2181-9517,1975-08-31,XE850497,843,,481654
Francisco,Viana,francisco.viana505@gmail.com,+55 (041) 6776 9313,1971-02-09,IC499457,381,MILEAGE_PLUS,475553
Gael,Vieira,gael.vieira506@outlook.com.br,(031) 5383 3642,2001-10-13,PG632533,960,,358314
Cecília,Duarte,cecília.duarte507@gmail.com,+55 21 5332-1012,1998-08-15,NR848891,13,AADVANTAGE,228631
Bárbara,da Rosa,bárbara.darosa508@outlook.com.br,(061) 9149 9959,1971-02-14,CA499544,169,LATAM_PASS,241410
Manuela,Melo,manuela.melo509@gmail.com,+55 41 7056 8258,1956-03-29,VK539172,191,MILEAGE_PLUS,314612
Matteo,Cirino,matteo.cirino510@gmail.com,+55 81 3545-6367,1944-12-23,EG334143,796,EXECUTIVE_CLUB,114924
Nina,Moraes,nina.moraes511@uol.com.br,21 6364-4498,1970-02-26,XY358366,68,TUDO_AZUL,160481
Igor,Alves,igor.alves512@outlook.com.br,+55 (071) 2673-9206,2003-10-07,NX606678,385,FLYING_BLUE,496854
Augusto,da Mota,augusto.damota513@yahoo.com.br,0800 429 9211,1999-06-17,PX916222,199,FLYING_BLUE,301795
Luiz Fernando,da Mata,luizfernando.damata514@live.com,+55 11 5069-7820,1958-04-18,RR720529,21,,1356
Oliver,Montenegro,oliver.montenegro515@live.com,+55 71 1203 8299,1949-07-26,VQ419368,727,,109913
Mirella,Correia,mirella.correia516@gmail.com,31 0595 4761,1947-07-23,QI688724,383,LATAM_PASS,193241
Luara,Novais,luara.novais517@gmail.com,51 8030 4005,1989-08-17,WT495983,609,,289026
Vitor Hugo,Leão,vitorhugo.leão518@icloud.com,+55 21 3143 3605,1941-07-29,DG990673,135,TUDO_AZUL,350241
Marina,da Luz,marina.daluz519@uol.com.br,+55 51 1154 9599,1953-01-23,CF398938,583,AADVANTAGE,143611
José Pedro,Oliveira,josépedro.oliveira520@hotmail.com,(071) 9196-9091,1992-01-16,GV273766,598,ASIA_MILES,12921
Ravy,Garcia,ravy.garcia521@bol.com.br,(084) 6592-0594,1944-11-23,GE450224,219,MILEAGE_PLUS,56548
Vitória,Porto,vitória.porto522@uol.com.br,61 0901 6801,1993-12-02,JI333259,862,EXECUTIVE_CLUB,350876
Enzo,Fernandes,enzo.fernandes523@uol.com.br,84 0964 3945,2007-10-17,AL174269,927,AADVANTAGE,499865
Matteo,Rezende,matteo.rezende524@bol.com.br,0500-732-0096,2001-04-25,QS446547,789,,385681
Bernardo,Camargo,bernardo.camargo525@terra.com.br,(071) 3053 2562,1953-10-15,FO604832,529,,412979
Ana Liz,Rocha,analiz.rocha526@icloud.com,84 8049-7046,1977-08-18,HY406345,64,SKYWARDS,447608
Yuri,Novaes,yuri.novaes527@terra.com.br,11 1693 2405,1962-05-19,WN539087,361,SMILES,150124
Manuella,Sá,manuella.sá528@bol.com.br,+55 21 9353 9103,1947-03-18,NU873392,978,MILES_AND_GO,269543
Olivia,Ramos,olivia.ramos529@hotmail.com,61 6770 9521,1987-08-15,FW655873,183,MILES_AND_GO,88369
Natália,Farias,natália.farias530@icloud.com,41 8043 9429,1998-04-19,NN662428,40,EXECUTIVE_CLUB,198648
Arthur,Andrade,arthur.andrade531@icloud.com,51 9258 5783,1986-06-26,MG825774,85,AADVANTAGE,83154
Yasmin,Aparecida,yasmin.aparecida532@uol.com.br,+55 (041) 3773 1205,1972-12-19,UP202805,843,FLYING_BLUE,231702
Julia,Nunes,julia.nunes533@bol.com.br,11 3074 8781,1975-10-06,NO402042,444,MILEAGE_PLUS,88534
Marcos Vinicius,da Cunha,marcosvinicius.dacunha534@gmail.com,0900 514 0501,1989-08-10,ZW891921,945,SMILES,459238
Guilherme,da Cruz,guilherme.dacruz535@outlook.com.br,11 0004-8541,1945-07-10,GK530415,707,MILEAGE_PLUS,32329
João Gabriel,Rodrigues,joãogabriel.rodrigues536@uol.com.br,+55 61 8109-4525,1985-09-14,SI386311,900,MILEAGE_PLUS,320974
Beatriz,da Cruz,beatriz.dacruz537@outlook.com.br,(061) 5614 4129,1950-05-13,PR710015,379,,182409
Vitória,Machado,vitória.machado538@gmail.com,+55 (081) 9321 5294,1944-09-07,BB367880,960,FLYING_BLUE,326356
Henrique,Monteiro,henrique.monteiro539@outlook.com.br,+55 61 1483 2409,1947-11-17,NE528583,137,AADVANTAGE,235237
Jade,Souza,jade.souza540@terra.com.br,+55 84 6121 6694,2003-07-30,QT610163,417,LATAM_PASS,335466
Pietra,Borges,pietra.borges541@gmail.com,+55 11 1233 0167,1940-07-18,MU683291,150,ASIA_MILES,212733
Giovanna,Fernandes,giovanna.fernandes542@terra.com.br,51 7323 8368,1982-12-30,RT794029,764,EXECUTIVE_CLUB,417156
Ana Liz,Brito,analiz.brito543@bol.com.br,(041) 4622 8074,1956-10-23,CS247665,558,LATAM_PASS,1672
Daniel,Dias,daniel.dias544@uol.com.br,0500 059 5094,1975-04-17,QO212451,500,,208065
Lorenzo,Moura,lorenzo.moura545@hotmail.com,71 3625-7721,1970-02-02,VR261336,908,LATAM_PASS,183072
Benjamim,Sampaio,benjamim.sampaio546@icloud.com,+55 (061) 7410-5915,1973-10-18,MK636441,561,MILEAGE_PLUS,288513
Maria Clara,Oliveira,mariaclara.oliveira547@icloud.com,+55 21 5551 8495,1991-04-21,AF279769,939,MILEAGE_PLUS,119682
Emilly,Cavalcante,emilly.cavalcante548@outlook.com.br,+55 51 5221 7328,1957-11-03,IP211065,945,SKYWARDS,345171
Ana Laura,Casa Grande,analaura.casagrande549@bol.com.br,51 7298 0202,1993-04-15,DX185047,675,MILES_AND_GO,207105
Dom,Ramos,dom.ramos550@live.com,+55 (051) 6513-4204,2007-09-21,HC808018,505,FLYING_BLUE,226811
Bruna,Mendonça,bruna.mendonça551@icloud.com,+55 61 3145 6253,1991-09-12,FM105158,99,EXECUTIVE_CLUB,120750
Davi,Cunha,davi.cunha552@gmail.com,+55 84 4130 0113,2000-07-22,LZ599014,988,,294039
Davi Lucca,da Paz,davilucca.dapaz553@outlook.com.br,(041) 2143 7780,1960-12-30,ID909864,875,FLYING_BLUE,8429
Esther,Farias,esther.farias554@yahoo.com.br,+55 84 7702 6049,1990-09-16,XR604895,64,LATAM_PASS,136156
Maria Flor,Guerra,mariaflor.guerra555@live.com,0800 872 5696,1982-02-08,LA529319,889,AADVANTAGE,292546
Ana Laura,Barbosa,analaura.barbosa556@hotmail.com,(084) 0764 9967,1954-10-29,AJ513997,850,ASIA_MILES,167385
Lucas Gabriel,Sampaio,lucasgabriel.sampaio557@live.com,71 3396 8007,1988-07-02,PK485357,326,TUDO_AZUL,198888
Henry Gabriel,Caldeira,henrygabriel.caldeira558@bol.com.br,(051) 0522 0112,1974-05-21,WN557359,406,SKYWARDS,365036
Maria Sophia,Albuquerque,mariasophia.albuquerque559@bol.com.br,+55 81 5933 2381,1950-02-10,CK476793,469,SMILES,412403
Ana Júlia,da Conceição,anajúlia.daconceição560@uol.com.br,81 1669 7446,1948-01-09,YT751301,72,ASIA_MILES,27059
Mariah,Aparecida,mariah.aparecida561@live.com,+55 61 9895 1115,1948-03-18,OT688043,772,SKYWARDS,181793
Marina,Nogueira,marina.nogueira562@live.com,+55 41 9037-1558,1949-02-26,UC584544,273,,109720
Isadora,Albuquerque,isadora.albuquerque563@yahoo.com.br,(031) 2362 4588,1967-10-20,QR839111,78,,275519
Allana,Silva,allana.silva564@outlook.com.br,0800 371 4787,1990-10-30,WA364950,725,SMILES,411946
Cecilia,Alves,cecilia.alves565@icloud.com,+55 (031) 5711 7844,1986-01-07,AS446248,410,,107637
Agatha,Aragão,agatha.aragão566@gmail.com,(084) 4894-2443,1951-01-18,VZ757423,577,SKYWARDS,422720
Luísa,Pereira,luísa.pereira567@uol.com.br,51 6044 8671,1968-01-19,IW447750,228,TUDO_AZUL,342302
Isaque,Nascimento,isaque.nascimento568@icloud.com,81 1827 7347,1945-08-05,FZ190842,992,FLYING_BLUE,438961
Maria Fernanda,da Paz,mariafernanda.dapaz569@outlook.com.br,41 4527-3318,1970-03-28,VQ371236,872,LATAM_PASS,178676
Raquel,Caldeira,raquel.caldeira570@terra.com.br,11 5413-5455,1968-09-08,CU522335,422,LATAM_PASS,395560
Luna,Peixoto,luna.peixoto571@live.com,+55 (041) 7907 7045,1983-10-03,ZP977380,372,ASIA_MILES,225386
Bárbara,Costela,bárbara.costela572@gmail.com,+55 (031) 1731 4127,2007-11-10,GC792227,211,MILEAGE_PLUS,386655
Luiz Felipe,Ferreira,luizfelipe.ferreira573@yahoo.com.br,+55 (061) 9856-7240,1947-10-20,IG828808,673,ASIA_MILES,469178
Emanuelly,Fonseca,emanuelly.fonseca574@terra.com.br,+55 (031) 5177-4856,1994-01-19,MX294062,992,LATAM_PASS,334741
Aurora,Cassiano,aurora.cassiano575@outlook.com.br,+55 (021) 4374-2822,1961-05-20,TP498008,270,SMILES,101941
Benicio,Cirino,benicio.cirino576@yahoo.com.br,+55 84 1064-9607,1943-11-29,TZ341676,150,FLYING_BLUE,362997
Lorenzo,Garcia,lorenzo.garcia577@terra.com.br,+55 (081) 1487 6096,1951-01-23,EO830244,651,AADVANTAGE,411148
Marcela,da Conceição,marcela.daconceição578@live.com,31 0093 2195,1952-01-03,CJ855282,739,TUDO_AZUL,49857
Heloisa,Silveira,heloisa.silveira579@uol.com.br,+55 (051) 0506-5069,1994-02-16,IK400765,451,EXECUTIVE_CLUB,33550
Hellena,Pires,hellena.pires580@hotmail.com,(071) 8844 5236,1986-03-22,NQ721102,753,MILEAGE_PLUS,357455
Theodoro,Pacheco,theodoro.pacheco581@bol.com.br,+55 51 0020 8967,1945-05-02,LL254410,41,EXECUTIVE_CLUB,206493
Isis,Souza,isis.souza582@gmail.com,+55 (081) 6232 1517,1960-08-30,FB570562,390,MILEAGE_PLUS,301406
Ana Vitória,Campos,anavitória.campos583@outlook.com.br,0900 296 0586,1972-08-04,ZI240886,957,LATAM_PASS,233747
Daniela,da Conceição,daniela.daconceição584@hotmail.com,+55 81 3422-0704,2005-01-08,AA803125,54,LATAM_PASS,414513
Pedro Henrique,Barros,pedrohenrique.barros585@gmail.com,(051) 7222-8749,2003-10-30,RZ655806,879,ASIA_MILES,476286
Brenda,Montenegro,brenda.montenegro586@uol.com.br,71 7428 6017,1990-05-12,IO837296,788,,181208
Heloísa,Sales,heloísa.sales587@live.com,51 7388 0111,1985-11-09,OR515906,167,LATAM_PASS,265338
Noah,Andrade,noah.andrade588@terra.com.br,0800 238 3522,1952-02-19,UA654888,112,,214379
Otto,Martins,otto.martins589@live.com,+55 (061) 4480 6324,1963-04-01,HY511914,39,TUDO_AZUL,3514
Agatha,Novaes,agatha.novaes590@outlook.com.br,+55 61 6041-2616,1977-10-09,SX529122,129,EXECUTIVE_CLUB,221515
Emanuelly,Duarte,emanuelly.duarte591@bol.com.br,(061) 9339-9702,1949-04-03,RV842022,439,SMILES,489017
Isaque,da Rosa,isaque.darosa592@outlook.com.br,51 9047 6102,1945-09-08,II103917,739,,450248
Letícia,Ribeiro,letícia.ribeiro593@terra.com.br,(021) 1904 3770,1958-05-10,TV728782,965,ASIA_MILES,477084
Lucas Gabriel,Pinto,lucasgabriel.pinto594@outlook.com.br,+55 (051) 5035 6237,1971-08-13,PL977923,783,FLYING_BLUE,461248
Marcelo,Sá,marcelo.sá595@bol.com.br,+55 81 5604-8511,1967-06-09,BN222479,922,EXECUTIVE_CLUB,196593
Benício,Guerra,benício.guerra596@terra.com.br,61 3226 7911,1991-08-24,DM635176,514,,426350
Eduardo,Mendonça,eduardo.mendonça597@icloud.com,+55 61 2592 7291,1963-05-04,NF149511,316,MILES_AND_GO,334877
Jade,Peixoto,jade.peixoto598@bol.com.br,+55 84 2292 5384,2004-09-01,OQ640626,810,LATAM_PASS,418948
Diego,Novaes,diego.novaes599@live.com,(081) 6176-5722,1962-11-25,VZ431969,544,LATAM_PASS,154805
Valentim,Fonseca,valentim.fonseca600@icloud.com,41 3660-7983,2001-07-16,CA665058,712,EXECUTIVE_CLUB,97785
Ravy,Ribeiro,ravy.ribeiro601@bol.com.br,31 3378-3615,1943-08-31,MY436677,146,,189779
Luiz Otávio,Gomes,luizotávio.gomes602@outlook.com.br,71 6808 0795,1975-12-22,OL789385,931,,221914
Lara,Farias,lara.farias603@uol.com.br,+55 (041) 0227 5093,1943-11-18,TB565481,564,,89517
Julia,Ribeiro,julia.ribeiro604@gmail.com,(071) 0928-0337,1959-07-16,GS883236,272,SKYWARDS,376654
Erick,da Luz,erick.daluz605@yahoo.com.br,+55 61 3747 2793,1986-11-05,QV149770,650,,134279
Luiz Fernando,Pires,luizfernando.pires606@yahoo.com.br,81 8949 5427,1987-01-19,QP322055,280,SMILES,165152
Lara,Sousa,lara.sousa607@yahoo.com.br,+55 51 3698 3240,1981-12-25,OC587836,631,,274514
Maria Julia,Cavalcanti,mariajulia.cavalcanti608@icloud.com,0800-598-1618,1946-03-28,KO458490,750,MILES_AND_GO,447634
Benjamim,Pastor,benjamim.pastor609@icloud.com,+55 (041) 9880 4093,1996-02-22,SI521888,205,SKYWARDS,102607
Ravi,Gonçalves,ravi.gonçalves610@yahoo.com.br,+55 (011) 4452-2759,1970-03-14,CL288129,11,EXECUTIVE_CLUB,337483
Valentim,Carvalho,valentim.carvalho611@outlook.com.br,+55 31 2722-2155,1973-08-31,FL634051,52,,492589
Renan,Casa Grande,renan.casagrande612@terra.com.br,+55 41 6993 2974,1943-11-02,ES681253,144,AADVANTAGE,45954
Eloá,Brito,eloá.brito613@hotmail.com,61 5160 8624,1988-05-15,YN882774,891,TUDO_AZUL,280556
Aylla,Caldeira,aylla.caldeira614@uol.com.br,0800 660 5752,1953-12-25,CM577371,749,,439639
Jade,Gonçalves,jade.gonçalves615@bol.com.br,(081) 1181-3207,2002-02-15,FX803076,456,ASIA_MILES,494832
Leonardo,Correia,leonardo.correia616@hotmail.com,+55 31 8465 5063,1980-02-03,MZ518276,798,SKYWARDS,36934
Luana,Pacheco,luana.pacheco617@icloud.com,+55 (084) 6765 5999,1963-07-29,AB175660,138,EXECUTIVE_CLUB,122294
Dom,Peixoto,dom.peixoto618@outlook.com.br,81 9760 2236,2008-05-07,WI384740,956,ASIA_MILES,492658
Yan,das Neves,yan.dasneves619@terra.com.br,+55 51 4370 4342,1987-02-14,FB792792,499,,122406
Ana Carolina,Pereira,anacarolina.pereira620@hotmail.com,84 2631 7774,1998-05-15,CA633778,223,,254278
Yago,Casa Grande,yago.casagrande621@yahoo.com.br,+55 41 2421 9738,1950-04-19,AX659007,628,SMILES,177536
Francisco,Rios,francisco.rios622@gmail.com,+55 31 4731-7510,2002-10-22,GP617250,639,ASIA_MILES,368799
Luiz Gustavo,Pastor,luizgustavo.pastor623@terra.com.br,+55 41 8508-3327,1977-03-13,RK168090,625,MILEAGE_PLUS,188140
Guilherme,Alves,guilherme.alves624@bol.com.br,+55 (084) 5135-6343,1961-10-17,ER408754,318,AADVANTAGE,151181
Davi Lucca,Sampaio,davilucca.sampaio625@live.com,+55 11 9163 3547,2005-12-15,BM387366,715,ASIA_MILES,256173
Enzo Gabriel,Sampaio,enzogabriel.sampaio626@terra.com.br,+55 71 3382-5417,1999-09-26,ON667388,624,FLYING_BLUE,308997
Juliana,Nogueira,juliana.nogueira627@yahoo.com.br,+55 (011) 0682-9945,1987-05-01,SB322793,152,,115233
Bryan,Cavalcanti,bryan.cavalcanti628@icloud.com,(031) 5718 6919,2003-10-15,WQ413237,573,LATAM_PASS,303174
Olívia,Barros,olívia.barros629@outlook.com.br,+55 (051) 5499-3145,1991-01-08,KA119906,10,LATAM_PASS,403984
Theo,Siqueira,theo.siqueira630@outlook.com.br,+55 41 3386 1367,1963-06-21,LW776163,583,,364058
Amanda,Gomes,amanda.gomes631@hotmail.com,+55 41 6054 3370,1969-10-03,MT945902,213,,185218
Maria Sophia,Sá,mariasophia.sá632@uol.com.br,(071) 1274-7069,1966-06-15,IC715291,519,ASIA_MILES,110063
Evelyn,da Costa,evelyn.dacosta633@hotmail.com,+55 51 7894 0697,1952-04-07,FB728744,571,ASIA_MILES,311824
João Lucas,Peixoto,joãolucas.peixoto634@outlook.com.br,+55 (011) 0418-6293,1970-10-16,HN897582,332,ASIA_MILES,171699
Davi Lucca,Pimenta,davilucca.pimenta635@hotmail.com,41 7875 8647,1984-04-21,KF345485,385,MILEAGE_PLUS,90167
Valentim,Albuquerque,valentim.albuquerque636@hotmail.com,+55 (011) 5531-7550,1981-10-06,NW372008,971,MILES_AND_GO,235123
Vicente,Gonçalves,vicente.gonçalves637@hotmail.com,+55 61 4384 0397,1969-12-26,WO988107,871,LATAM_PASS,166111
José,Garcia,josé.garcia638@live.com,(011) 5769 0941,1963-04-22,OW891666,549,ASIA_MILES,298942
Valentim,Cardoso,valentim.cardoso639@terra.com.br,+55 (081) 9563 6038,2003-12-18,HP830172,48,MILES_AND_GO,443780
Bianca,Ramos,bianca.ramos640@terra.com.br,21 8231-3299,1951-05-05,QP247084,891,MILEAGE_PLUS,70170
Letícia,Mendonça,letícia.mendonça641@icloud.com,(041) 3585 9919,1955-02-18,XD588700,517,EXECUTIVE_CLUB,487579
Maria Fernanda,Vasconcelos,mariafernanda.vasconcelos642@live.com,+55 51 8586 9225,1968-04-10,FT316624,690,,39198
Vitor Hugo,da Conceição,vitorhugo.daconceição643@live.com,81 3662 8711,1987-07-14,ZI423546,573,FLYING_BLUE,457409
Maria Eduarda,Camargo,mariaeduarda.camargo644@outlook.com.br,+55 11 5955-3945,1965-08-30,XW879481,621,SKYWARDS,245272
Calebe,Lima,calebe.lima645@icloud.com,(081) 8294 8630,1982-04-18,MT791054,944,MILES_AND_GO,442517
Maria Eduarda,Santos,mariaeduarda.santos646@yahoo.com.br,(071) 5417 9394,1975-11-04,EK874972,482,TUDO_AZUL,198500
Pedro Lucas,Barros,pedrolucas.barros647@bol.com.br,0300 142 1544,2001-06-20,BJ398220,797,ASIA_MILES,434739
Benício,Pacheco,benício.pacheco648@outlook.com.br,51 2428 5740,1971-11-26,AT241958,361,,78438
Ana Luiza,Almeida,analuiza.almeida649@terra.com.br,(084) 7035-4766,1951-03-27,YU232824,541,SMILES,120162
Ravi,Aragão,ravi.aragão650@live.com,(031) 9975-1090,1994-02-19,SX932353,36,ASIA_MILES,294202
Isabela,Santos,isabela.santos651@terra.com.br,+55 41 9407 2346,1992-08-01,RY101350,160,AADVANTAGE,338400
Gustavo,Fonseca,gustavo.fonseca652@gmail.com,+55 71 1708 2922,1958-12-05,HL250872,256,SKYWARDS,487153
Cauã,Pastor,cauã.pastor653@yahoo.com.br,(051) 1390 0295,1996-06-02,RJ564046,955,,351352
Caio,Azevedo,caio.azevedo654@hotmail.com,(031) 4729-9055,1961-02-05,DE373398,310,ASIA_MILES,253387
Aurora,Cardoso,aurora.cardoso655@uol.com.br,21 3904-9757,1973-03-11,PR621234,644,,479048
Ana,Dias,ana.dias656@outlook.com.br,71 4426-3333,2003-08-04,FN637872,367,MILEAGE_PLUS,165804
Yasmin,das Neves,yasmin.dasneves657@outlook.com.br,+55 (084) 9034 8308,1963-09-27,LX961902,15,AADVANTAGE,360966
João Guilherme,da Rocha,joãoguilherme.darocha658@hotmail.com,+55 (061) 1606 4490,1954-08-10,EQ393296,243,SMILES,157107
Nathan,Fonseca,nathan.fonseca659@uol.com.br,(021) 1773 3430,1999-12-04,JH784190,841,SKYWARDS,78683
Maria,Camargo,maria.camargo660@icloud.com,+55 (021) 1821-6063,1989-05-25,IN378106,771,AADVANTAGE,83324
Lucas,Câmara,lucas.câmara661@hotmail.com,41 7811 0802,1976-05-10,FB338864,628,SKYWARDS,293952
Ravy,Nogueira,ravy.nogueira662@icloud.com,71 9702 5795,1956-10-26,BL360939,803,,129373
Rhavi,Viana,rhavi.viana663@terra.com.br,(041) 4119 3547,1969-03-18,DU927726,549,AADVANTAGE,154312
Léo,Moreira,léo.moreira664@outlook.com.br,0900 962 4023,1957-05-14,HZ614381,549,TUDO_AZUL,437624
Milena,Sampaio,milena.sampaio665@bol.com.br,0900-203-1759,2006-04-13,UN770611,176,AADVANTAGE,412985
Dom,da Luz,dom.daluz666@terra.com.br,0500-090-3957,1941-02-07,US414947,804,AADVANTAGE,279081
João Guilherme,Moreira,joãoguilherme.moreira667@outlook.com.br,+55 41 9539-1067,1982-04-27,VG664525,796,,338482
Rael,Câmara,rael.câmara668@uol.com.br,41 2765-3480,2003-01-02,KF193102,303,ASIA_MILES,183385
Luiz Henrique,Sales,luizhenrique.sales669@bol.com.br,51 6899 2385,1979-08-26,OW805101,773,ASIA_MILES,175068
Ágatha,Ferreira,ágatha.ferreira670@terra.com.br,+55 (061) 0101-5444,1990-09-18,PM617330,409,SMILES,496953
Ísis,das Neves,ísis.dasneves671@live.com,+55 (011) 0740-5187,1980-11-19,FY913253,291,SKYWARDS,26430
Arthur,Correia,arthur.correia672@yahoo.com.br,+55 51 7759 9025,1951-12-29,CD898117,296,MILES_AND_GO,93924
Theodoro,Souza,theodoro.souza673@icloud.com,0500 103 2041,1956-10-29,YB433002,752,SKYWARDS,275766
Cauã,da Conceição,cauã.daconceição674@live.com,31 1029-7295,1949-05-09,QA334601,915,FLYING_BLUE,86053
Manuela,Duarte,manuela.duarte675@terra.com.br,+55 61 2637 0079,2000-08-14,DP938898,569,EXECUTIVE_CLUB,443353
Letícia,Vargas,letícia.vargas676@uol.com.br,+55 (031) 2251 7666,1954-07-26,OR426197,305,LATAM_PASS,391830
Sophia,Pinto,sophia.pinto677@yahoo.com.br,+55 (041) 7462-1334,1948-06-15,LX150072,375,MILEAGE_PLUS,292423
Emanuella,Oliveira,emanuella.oliveira678@terra.com.br,+55 (051) 9565-6219,1978-08-24,XY244890,571,MILEAGE_PLUS,493467
Luigi,Peixoto,luigi.peixoto679@terra.com.br,0300-099-4414,1997-12-03,XB598571,258,EXECUTIVE_CLUB,174024
Melina,Fonseca,melina.fonseca680@uol.com.br,(031) 6378-2564,1992-03-16,ZF694320,523,MILEAGE_PLUS,241463
Nicole,Fogaça,nicole.fogaça681@icloud.com,(041) 7669 5577,1969-07-29,YL449861,293,TUDO_AZUL,83345
Anthony,Duarte,anthony.duarte682@hotmail.com,81 5067 9964,1978-07-31,WR352285,871,ASIA_MILES,89436
Bárbara,Azevedo,bárbara.azevedo683@hotmail.com,0800 059 2568,1965-11-16,JP885204,190,,331347
Maria Alice,Abreu,mariaalice.abreu684@bol.com.br,+55 (041) 6469-7950,1999-10-20,VA822918,546,LATAM_PASS,245105
Zoe,Aragão,zoe.aragão685@bol.com.br,61 6063 8285,1987-04-14,FP990021,376,,183199
Benício,Silva,benício.silva686@bol.com.br,84 2750 2092,1947-05-18,YE493143,519,ASIA_MILES,116795
Luiz Miguel,Farias,luizmiguel.farias687@yahoo.com.br,+55 (061) 3802-9446,1947-11-25,SJ280910,352,ASIA_MILES,202420
João Felipe,Monteiro,joãofelipe.monteiro688@outlook.com.br,(061) 1487 4971,1956-12-27,FY340439,971,FLYING_BLUE,153672
Ana Vitória,Rios,anavitória.rios689@hotmail.com,0300-545-8938,1949-05-16,DW188900,691,LATAM_PASS,435686
Ana Sophia,Câmara,anasophia.câmara690@uol.com.br,21 4999-9169,1962-12-24,FD359344,581,AADVANTAGE,448082
Cecilia,Câmara,cecilia.câmara691@terra.com.br,0300-522-8751,2003-03-07,DD519933,486,MILES_AND_GO,231742
José Pedro,Abreu,josépedro.abreu692@gmail.com,81 1749-7311,1944-11-23,IV960197,619,FLYING_BLUE,225970
Emanuel,da Paz,emanuel.dapaz693@outlook.com.br,+55 (084) 6098-9105,1956-09-02,FU780188,176,SMILES,91818
André,da Paz,andré.dapaz694@terra.com.br,51 1974 0059,1981-08-08,DK381815,798,SKYWARDS,67668
Mariane,Fonseca,mariane.fonseca695@icloud.com,+55 71 4594-2104,1954-07-28,HR741090,623,MILES_AND_GO,336578
Luan,Almeida,luan.almeida696@icloud.com,(021) 1828 6549,2001-12-29,IV565885,340,EXECUTIVE_CLUB,142141
Brayan,Martins,brayan.martins697@icloud.com,+55 (051) 5505-4151,1970-07-25,GO393019,4,TUDO_AZUL,336183
Calebe,Oliveira,calebe.oliveira698@uol.com.br,31 7707 9606,1971-08-03,PU916226,558,SMILES,199073
Francisco,Rios,francisco.rios699@outlook.com.br,+55 84 1351-2848,1980-05-12,UE879464,745,SMILES,314866
Nicolas,Garcia,nicolas.garcia700@terra.com.br,21 9582 7706,2006-12-28,ZE272200,452,AADVANTAGE,52829
João,Carvalho,joão.carvalho701@outlook.com.br,+55 61 5694 9060,1981-03-09,LR753512,346,,494127
Sabrina,Ramos,sabrina.ramos702@yahoo.com.br,(011) 1002-3512,1974-04-07,UL256917,883,MILES_AND_GO,28157
Benjamim,Pinto,benjamim.pinto703@bol.com.br,0900 691 5734,1965-04-16,IL808435,672,,57257
Vicente,Correia,vicente.correia704@icloud.com,(011) 3375-9849,1963-12-22,WI269189,307,MILEAGE_PLUS,299926
Enzo Gabriel,da Cruz,enzogabriel.dacruz705@icloud.com,(071) 8701-8811,1990-06-21,NG602927,99,SMILES,303939
Isaque,Silveira,isaque.silveira706@uol.com.br,(071) 9523-3143,1956-04-27,ST520052,279,,47115
Lucas Gabriel,da Mota,lucasgabriel.damota707@hotmail.com,(031) 0712-7879,1983-04-05,FI715108,965,AADVANTAGE,203728
Lara,da Costa,lara.dacosta708@uol.com.br,31 7908-1322,1991-03-01,ZR662723,703,,38752
Carlos Eduardo,Montenegro,carloseduardo.montenegro709@yahoo.com.br,+55 (071) 4484 3519,1952-09-28,TC228953,110,,73655
Mariane,Moraes,mariane.moraes710@icloud.com,84 4957 1042,1947-02-05,SC719729,461,,139701
Carolina,Pinto,carolina.pinto711@gmail.com,+55 (061) 8422-4170,1941-06-07,EN746362,277,LATAM_PASS,461481
Josué,Nogueira,josué.nogueira712@uol.com.br,+55 41 3774 3403,1998-05-22,CY192965,463,,71457
Dante,Fernandes,dante.fernandes713@live.com,+55 (041) 5173-3358,1979-06-25,GZ366229,671,MILEAGE_PLUS,205004
Ian,da Conceição,ian.daconceição714@outlook.com.br,+55 (031) 2015-2979,1974-07-03,AH646051,7,ASIA_MILES,15073
Larissa,Novaes,larissa.novaes715@terra.com.br,71 2116 7006,1960-01-02,DH989764,103,FLYING_BLUE,55472
Lucas,Aparecida,lucas.aparecida716@icloud.com,+55 51 2407 6645,1949-09-26,QP194258,544,SMILES,121122
Paulo,Gomes,paulo.gomes717@yahoo.com.br,0500 213 5011,1996-10-10,NZ318805,825,LATAM_PASS,117817
Rhavi,da Mata,rhavi.damata718@bol.com.br,0500-689-5092,2003-04-20,WI571035,622,TUDO_AZUL,55732
Enzo,Moura,enzo.moura719@bol.com.br,0800 945 4949,1975-01-15,YS145108,227,,76157
Luna,Casa Grande,luna.casagrande720@terra.com.br,(061) 2047-4421,1960-06-23,XQ812137,505,,331405
Manuela,Fonseca,manuela.fonseca721@outlook.com.br,0300 490 4651,1956-02-19,DP989871,83,EXECUTIVE_CLUB,163929
Alice,da Rosa,alice.darosa722@bol.com.br,84 5748 1452,1961-03-09,MB498403,959,,247004
Anna Liz,Carvalho,annaliz.carvalho723@icloud.com,31 8646-5089,1991-11-18,DI658213,895,,452680
Raul,Alves,raul.alves724@bol.com.br,+55 21 7842 1391,1956-08-19,TX649742,69,AADVANTAGE,475590
Pietro,Vasconcelos,pietro.vasconcelos725@outlook.com.br,0500-975-4839,1988-04-02,WH292591,33,,53460
Paulo,Mendonça,paulo.mendonça726@live.com,+55 81 7154 2241,1973-05-03,AW591532,696,MILES_AND_GO,406424
Lucas,Dias,lucas.dias727@gmail.com,+55 (084) 8341-2472,1989-03-08,VL473847,527,MILES_AND_GO,457774
Luiz Miguel,da Conceição,luizmiguel.daconceição728@live.com,+55 (011) 0741-9753,2002-08-08,YC952464,25,MILEAGE_PLUS,78722
Maria Liz,Aragão,marializ.aragão729@gmail.com,(011) 3239-9887,1998-08-31,CF637830,837,EXECUTIVE_CLUB,312269
Maria Alice,Costela,mariaalice.costela730@uol.com.br,31 2108 5837,2005-06-24,VD532796,774,ASIA_MILES,156906
Emanuelly,Fogaça,emanuelly.fogaça731@icloud.com,+55 (051) 6321-8945,2001-02-27,BI698488,997,MILEAGE_PLUS,125979
Guilherme,Siqueira,guilherme.siqueira732@gmail.com,41 5899-8181,1978-04-23,XN448926,812,,12144
Guilherme,Pereira,guilherme.pereira733@bol.com.br,84 1783-4206,1952-10-05,RW984528,975,EXECUTIVE_CLUB,431608
Thomas,Correia,thomas.correia734@uol.com.br,0900 553 4334,1985-03-14,FT106854,212,LATAM_PASS,60537
Maria,Silva,maria.silva735@hotmail.com,0300-720-4093,1992-09-22,RN109560,911,,316563
Léo,da Rocha,léo.darocha736@yahoo.com.br,+55 (081) 0091-7316,1959-04-10,BS783157,116,MILEAGE_PLUS,204459
Matheus,Câmara,matheus.câmara737@yahoo.com.br,+55 31 0872-4478,1960-05-21,MN458269,916,,336239
Rhavi,Oliveira,rhavi.oliveira738@gmail.com,(084) 1212-5798,2003-03-21,BR483969,415,TUDO_AZUL,132150
Luana,Peixoto,luana.peixoto739@hotmail.com,+55 (011) 4198-2724,1943-10-25,KK452990,202,EXECUTIVE_CLUB,466053
Amanda,Rezende,amanda.rezende740@terra.com.br,+55 (051) 7699 1528,1952-06-06,ZC815057,53,ASIA_MILES,19000
Otto,Barros,otto.barros741@hotmail.com,0300 778 9516,2003-12-24,IE696122,996,EXECUTIVE_CLUB,190128
Jade,Fogaça,jade.fogaça742@gmail.com,+55 51 8005 4402,2003-10-16,MK675687,369,LATAM_PASS,468258
Maria Flor,Macedo,mariaflor.macedo743@outlook.com.br,+55 61 2316 2575,1944-06-10,HP745733,497,,84229
Francisco,Alves,francisco.alves744@gmail.com,+55 11 6685-7439,1941-09-26,PK978008,260,,186024
Maria Laura,Ramos,marialaura.ramos745@uol.com.br,+55 81 7184-5816,1977-10-04,QC396212,236,SMILES,483049
Rafael,Aragão,rafael.aragão746@yahoo.com.br,+55 (051) 9182-3637,1947-09-18,EG903889,966,,454539
João Felipe,Farias,joãofelipe.farias747@hotmail.com,+55 84 9803 1026,1946-10-10,JL738135,858,ASIA_MILES,298183
Leandro,da Conceição,leandro.daconceição748@live.com,21 0674 8252,1942-02-05,EP385786,789,,210498
Leandro,Oliveira,leandro.oliveira749@yahoo.com.br,(011) 6547 6316,1962-08-09,VX543145,176,,54650
Francisco,da Rosa,francisco.darosa750@terra.com.br,0300-036-5354,1964-07-03,NZ829119,488,EXECUTIVE_CLUB,166229
Liam,Costela,liam.costela751@live.com,+55 61 6676-2267,1951-04-04,LK895140,458,MILEAGE_PLUS,3026
Heloisa,Barbosa,heloisa.barbosa752@live.com,(031) 9045-5224,1961-02-12,KQ596372,567,ASIA_MILES,60470
Luigi,Sales,luigi.sales753@gmail.com,0300-642-5497,1964-12-02,OM323710,888,ASIA_MILES,4380
Sophia,Aragão,sophia.aragão754@outlook.com.br,+55 31 7196-0348,1958-12-01,ET509550,282,SMILES,481688
Maria Vitória,Câmara,mariavitória.câmara755@hotmail.com,(011) 0156-5399,1947-10-22,QE199253,522,SKYWARDS,300292
Ester,Cirino,ester.cirino756@hotmail.com,(051) 4240 1504,1946-12-11,LU930134,548,,415878
Paulo,Porto,paulo.porto757@live.com,+55 (081) 8680 8835,1982-01-02,UB523075,277,,498125
Sara,Silva,sara.silva758@terra.com.br,11 8364 5487,2001-02-24,ZK726040,844,,431855
Evelyn,Teixeira,evelyn.teixeira759@live.com,0300 742 5429,1979-07-07,SN343031,96,EXECUTIVE_CLUB,275028
Danilo,Siqueira,danilo.siqueira760@bol.com.br,51 8275 6849,1954-12-01,PU220178,642,EXECUTIVE_CLUB,477655
Maya,Rocha,maya.rocha761@icloud.com,+55 (081) 7867 2530,1962-09-23,PT654809,524,,93393
Nina,Caldeira,nina.caldeira762@terra.com.br,+55 (011) 8678 9451,1976-06-25,GL218407,603,MILEAGE_PLUS,377696
Henrique,Pereira,henrique.pereira763@uol.com.br,+55 (031) 4671-9992,1986-08-25,AZ696913,380,EXECUTIVE_CLUB,203629
Maria Fernanda,Fernandes,mariafernanda.fernandes764@yahoo.com.br,(031) 1002-9596,1955-02-22,BK807252,18,AADVANTAGE,185824
Mateus,Dias,mateus.dias765@hotmail.com,84 7570-5320,1994-12-21,QD413801,679,FLYING_BLUE,303142
Samuel,Garcia,samuel.garcia766@hotmail.com,+55 (031) 1446 4197,1955-06-24,UV209067,160,TUDO_AZUL,193677
Levi,Santos,levi.santos767@bol.com.br,+55 (081) 3675 8069,1945-04-02,DK600301,349,MILES_AND_GO,268289
Pedro Miguel,Cassiano,pedromiguel.cassiano768@icloud.com,0900 401 1713,2001-02-25,BS221305,369,EXECUTIVE_CLUB,362329
Bernardo,Sá,bernardo.sá769@uol.com.br,(084) 0971-8467,2005-01-15,QI696232,64,,69413
Danilo,Novaes,danilo.novaes770@live.com,+55 31 7316-9275,1972-10-26,QS200253,766,SMILES,134662
Lucca,Mendonça,lucca.mendonça771@bol.com.br,+55 (071) 1006 9774,1968-07-30,DX904055,112,,447315
Cauã,Abreu,cauã.abreu772@live.com,+55 (084) 8325 6618,1944-03-02,BT587525,624,,415096
Antony,Garcia,antony.garcia773@hotmail.com,51 5370 0700,1940-08-22,VF716127,203,,206214
Guilherme,Abreu,guilherme.abreu774@yahoo.com.br,+55 84 2126 8390,1991-06-24,FK686974,307,,16817
Antonella,Brito,antonella.brito775@gmail.com,+55 11 8169 3491,1948-09-18,WJ118429,768,,304199
Anthony,Viana,anthony.viana776@outlook.com.br,(061) 6987-1014,2002-09-30,GH994495,451,MILES_AND_GO,446826
Ana Laura,Barros,analaura.barros777@hotmail.com,(011) 3282-2519,1994-04-13,FM135198,570,,5406
Giovanna,da Cunha,giovanna.dacunha778@yahoo.com.br,0900 586 1672,2002-06-28,QF661656,453,TUDO_AZUL,403590
Henrique,Azevedo,henrique.azevedo779@live.com,+55 (021) 5449-6550,1941-10-07,GR683433,378,MILEAGE_PLUS,405362
Levi,Santos,levi.santos780@bol.com.br,+55 (031) 1825-4805,2003-04-08,VW446003,414,MILEAGE_PLUS,192951
Maria Flor,Ferreira,mariaflor.ferreira781@terra.com.br,+55 (041) 4242-6335,1940-07-22,JV656167,435,,72446
Luiz Henrique,da Conceição,luizhenrique.daconceição782@hotmail.com,(061) 5487-7132,1985-04-19,BE827233,673,MILEAGE_PLUS,113957
André,Cassiano,andré.cassiano783@gmail.com,+55 31 3920 3186,1967-09-07,YY498330,771,ASIA_MILES,176244
Manuella,Lima,manuella.lima784@live.com,(041) 8228 7807,1959-06-25,QB112631,13,,454675
Mathias,Pimenta,mathias.pimenta785@gmail.com,(031) 9630 9666,1943-05-30,IR793326,614,LATAM_PASS,213240
Manuela,Sá,manuela.sá786@outlook.com.br,0300 602 9649,1952-04-21,RL678331,687,,162117
Davi Miguel,Porto,davimiguel.porto787@gmail.com,11 1649-5458,1957-11-29,CN463971,999,,475353
Vinícius,Siqueira,vinícius.siqueira788@bol.com.br,81 5771 3715,2002-04-19,DC554567,951,,102841
Miguel,da Cunha,miguel.dacunha789@yahoo.com.br,21 9328-7322,1972-02-08,TX750752,207,LATAM_PASS,295496
Maria Helena,Vargas,mariahelena.vargas790@outlook.com.br,(061) 4842 7494,1969-06-05,OH880407,232,SMILES,458236
Liz,Sales,liz.sales791@bol.com.br,+55 84 0300-2143,1963-09-30,VW794883,519,MILEAGE_PLUS,267091
Hadassa,Leão,hadassa.leão792@terra.com.br,0300 453 8823,1991-12-03,TH753848,495,FLYING_BLUE,231763
João Gabriel,da Cruz,joãogabriel.dacruz793@bol.com.br,(071) 3356 6822,1994-02-22,WB414477,839,TUDO_AZUL,183441
Sabrina,Peixoto,sabrina.peixoto794@outlook.com.br,21 7549 2039,1995-12-12,WU227621,582,ASIA_MILES,179420
Ágatha,Abreu,ágatha.abreu795@hotmail.com,+55 31 7619-1577,1954-02-26,FS155516,244,SMILES,218739
Antony,Brito,antony.brito796@bol.com.br,+55 31 1158 1623,2000-01-29,TL541531,628,SKYWARDS,365827
Davi Miguel,Fogaça,davimiguel.fogaça797@uol.com.br,+55 81 2811-5876,1981-11-25,LT617356,313,,490427
Bárbara,Andrade,bárbara.andrade798@hotmail.com,+55 (081) 9750-5792,1966-01-12,DJ439371,109,EXECUTIVE_CLUB,257665
Isaque,Freitas,isaque.freitas799@hotmail.com,0500-810-0944,1943-01-15,GM481711,110,AADVANTAGE,452846
Pedro Miguel,Albuquerque,pedromiguel.albuquerque800@gmail.com,(051) 7320-6569,1949-11-21,QL939175,291,MILES_AND_GO,152974
Amanda,Casa Grande,amanda.casagrande801@live.com,81 3808 2632,1984-03-11,KS286331,14,TUDO_AZUL,472960
Isabel,Macedo,isabel.macedo802@outlook.com.br,+55 21 1143-1075,1990-07-19,WD357539,301,EXECUTIVE_CLUB,79735
Raul,Peixoto,raul.peixoto803@icloud.com,(071) 1414-2642,1999-04-04,BF393908,432,MILES_AND_GO,103576
Pedro Miguel,Alves,pedromiguel.alves804@outlook.com.br,+55 61 6143-8381,1986-01-12,QH289544,526,SMILES,96147
Júlia,Monteiro,júlia.monteiro805@bol.com.br,+55 84 8954 0584,1988-08-24,RU590013,699,MILES_AND_GO,169591
Maria Júlia,da Luz,mariajúlia.daluz806@uol.com.br,0800 475 2897,1978-05-15,HU730062,263,LATAM_PASS,55379
Lorenzo,Rezende,lorenzo.rezende807@bol.com.br,0500-798-9822,1963-02-17,OH899386,451,LATAM_PASS,241830
Alícia,Fernandes,alícia.fernandes808@terra.com.br,(021) 0421 0014,1987-07-05,RJ478708,534,FLYING_BLUE,448707
Isabelly,Campos,isabelly.campos809@hotmail.com,(071) 7854-5390,1992-03-18,KR502007,666,TUDO_AZUL,444368
Cecilia,Macedo,cecilia.macedo810@icloud.com,51 2692 3395,1966-04-19,RK597499,991,SKYWARDS,102204
Rodrigo,Siqueira,rodrigo.siqueira811@gmail.com,+55 81 5539 5256,1942-08-20,GD923891,114,MILEAGE_PLUS,146653
Noah,Marques,noah.marques812@live.com,+55 11 1252-4587,1985-11-22,OR721337,409,LATAM_PASS,29750
Benício,Campos,benício.campos813@uol.com.br,+55 61 1751 7335,1946-11-19,KG856371,437,SMILES,435609
Matteo,Jesus,matteo.jesus814@yahoo.com.br,(021) 9215 1569,2001-02-04,XP397770,725,MILES_AND_GO,477234
Ana Luiza,das Neves,analuiza.dasneves815@uol.com.br,11 8717-1359,1978-01-24,HS668594,599,,296426
Pedro,Ferreira,pedro.ferreira816@icloud.com,0800 105 4825,1986-10-02,RX139314,633,SMILES,244904
Luana,Castro,luana.castro817@live.com,0800-643-3161,1954-11-29,LB413761,794,MILES_AND_GO,381583
Leandro,Abreu,leandro.abreu818@yahoo.com.br,81 6878-4277,2003-12-08,HD483814,762,ASIA_MILES,497848
Bianca,Caldeira,bianca.caldeira819@terra.com.br,61 7209 7506,1955-07-18,ST677469,935,,262398
Fernanda,Pimenta,fernanda.pimenta820@hotmail.com,+55 81 8568 5944,1986-12-21,ZP106340,273,MILEAGE_PLUS,66883
Emanuel,Leão,emanuel.leão821@bol.com.br,0500 331 1156,1996-05-01,RC445729,618,MILES_AND_GO,111682
Vitória,Dias,vitória.dias822@bol.com.br,+55 (041) 2621 8060,2006-01-16,YM629009,516,,388370
Samuel,Sá,samuel.sá823@outlook.com.br,+55 (041) 3518-5229,1957-06-03,WH147722,118,,56785
Felipe,Lima,felipe.lima824@terra.com.br,+55 31 3073 9871,1967-07-28,XX530289,761,SMILES,493233
Amanda,Moraes,amanda.moraes825@bol.com.br,(061) 4430 0745,1986-10-21,NI187468,394,MILEAGE_PLUS,267469
Manuella,Sousa,manuella.sousa826@live.com,(021) 1465 1831,1972-04-30,ZC795444,738,MILES_AND_GO,180133
Isadora,da Cruz,isadora.dacruz827@uol.com.br,+55 (051) 5336-3057,1991-12-27,XX612387,691,MILEAGE_PLUS,490355
Clarice,Martins,clarice.martins828@icloud.com,41 6070 2507,1995-10-15,HZ175056,983,LATAM_PASS,297775
Giovanna,Lima,giovanna.lima829@outlook.com.br,51 9508 5261,1943-06-16,YO924644,604,TUDO_AZUL,377153
Calebe,Leão,calebe.leão830@icloud.com,81 5532 6474,1982-05-11,DQ359276,995,LATAM_PASS,365183
Heitor,Rezende,heitor.rezende831@bol.com.br,+55 (061) 4043-9684,1944-10-13,NB632668,550,FLYING_BLUE,157474
Olívia,Costela,olívia.costela832@terra.com.br,51 0001 8208,1980-02-06,LZ353125,354,LATAM_PASS,274149
Mariah,Caldeira,mariah.caldeira833@outlook.com.br,+55 11 8819-3927,1983-06-10,XO679796,980,MILEAGE_PLUS,112327
Enrico,Nunes,enrico.nunes834@hotmail.com,0900 938 1987,1974-11-07,QK661463,293,,238735
José Miguel,Brito,josémiguel.brito835@outlook.com.br,+55 (011) 1817 5760,1963-01-17,OW245580,784,,210856
Gustavo,Moraes,gustavo.moraes836@gmail.com,41 6752-2624,2006-02-07,OS461532,872,SMILES,113828
Erick,Farias,erick.farias837@yahoo.com.br,41 9328-1665,1987-02-10,KL637779,574,ASIA_MILES,21962
Enrico,Mendonça,enrico.mendonça838@live.com,+55 11 3197 4931,1954-02-03,UK329011,200,TUDO_AZUL,167133
Rhavi,Duarte,rhavi.duarte839@yahoo.com.br,(084) 6255-9376,1988-12-14,KP464344,624,FLYING_BLUE,348300
Ester,Azevedo,ester.azevedo840@hotmail.com,41 2566-5163,1999-01-14,JY672892,877,,433099
Henry,Marques,henry.marques841@yahoo.com.br,+55 41 5483 6281,1972-04-28,RP955598,402,ASIA_MILES,232636
Mathias,da Paz,mathias.dapaz842@hotmail.com,(071) 0334 6074,1956-05-12,BJ292457,184,,20943
Kamilly,Porto,kamilly.porto843@icloud.com,(061) 7446 5448,1970-06-06,FJ394192,803,AADVANTAGE,347618
João Miguel,Camargo,joãomiguel.camargo844@icloud.com,(084) 3982-1255,1998-01-30,QT156859,176,,115667
Nina,Nogueira,nina.nogueira845@live.com,(071) 4050-3151,2005-08-22,WP911039,35,,472167
Oliver,das Neves,oliver.dasneves846@outlook.com.br,+55 (071) 8656 9963,1965-10-31,EI131797,149,SKYWARDS,339740
Zoe,Mendonça,zoe.mendonça847@bol.com.br,(081) 7134-1253,1960-05-15,DQ606411,588,EXECUTIVE_CLUB,253689
Rafaela,Sampaio,rafaela.sampaio848@uol.com.br,+55 31 0657 2997,1958-05-12,QK717807,952,TUDO_AZUL,473788
Laura,Garcia,laura.garcia849@terra.com.br,+55 (031) 0670-3933,1969-02-15,QW864797,932,,204550
Fernanda,Macedo,fernanda.macedo850@live.com,+55 61 4108-4397,1971-04-29,RN617408,790,,60273
Joaquim,Souza,joaquim.souza851@hotmail.com,+55 (061) 0034-0935,1975-10-17,IS182022,906,MILEAGE_PLUS,307041
Nina,Cirino,nina.cirino852@live.com,+55 61 7320 3106,1990-07-04,MR832030,871,SMILES,46486
Isabella,Gonçalves,isabella.gonçalves853@bol.com.br,(021) 5184-7887,2001-09-28,LU779164,589,EXECUTIVE_CLUB,292848
Maria Helena,Moura,mariahelena.moura854@icloud.com,(031) 5879 5797,1975-04-06,KD103248,991,LATAM_PASS,333031
Enzo Gabriel,Brito,enzogabriel.brito855@bol.com.br,0300-179-4619,1999-11-19,DR886614,278,,78126
Cauê,Garcia,cauê.garcia856@yahoo.com.br,+55 21 9510-8327,1994-11-09,LU293639,435,SKYWARDS,10207
Pietra,Gonçalves,pietra.gonçalves857@outlook.com.br,(011) 8998-4200,1975-10-28,KC608922,630,AADVANTAGE,271637
Raul,Cirino,raul.cirino858@outlook.com.br,(071) 0305 2411,2004-05-04,SE172744,625,LATAM_PASS,330885
Yago,Sá,yago.sá859@yahoo.com.br,(031) 6513-3529,1943-02-05,PL706946,367,TUDO_AZUL,481618
Alexia,Peixoto,alexia.peixoto860@terra.com.br,(021) 0396-1084,1972-11-02,DJ510720,155,SMILES,318687
Lucas,Sá,lucas.sá861@live.com,(031) 5386 8761,1944-01-29,PK762510,780,ASIA_MILES,53532
João Pedro,Sales,joãopedro.sales862@live.com,(084) 6213-5456,1968-05-26,ZO978032,488,MILEAGE_PLUS,437858
Davi Luiz,da Mota,daviluiz.damota863@uol.com.br,+55 71 5383 4899,2007-08-06,NJ822427,39,SMILES,232959
Eloá,da Cruz,eloá.dacruz864@hotmail.com,+55 (071) 0859 0400,1952-07-20,EA319308,983,TUDO_AZUL,369312
Luiz Fernando,da Mota,luizfernando.damota865@hotmail.com,(041) 0364-2373,2006-11-28,YE459038,804,,430349
Pedro Henrique,Barbosa,pedrohenrique.barbosa866@uol.com.br,+55 (021) 4147-1897,1960-10-06,RW488237,822,FLYING_BLUE,469525
Isabel,Castro,isabel.castro867@hotmail.com,(081) 7942-9210,1992-02-12,EW657774,161,EXECUTIVE_CLUB,167770
Gustavo Henrique,Monteiro,gustavohenrique.monteiro868@yahoo.com.br,+55 81 8215-1750,1974-02-26,UT609441,106,TUDO_AZUL,60368
Mariane,Rodrigues,mariane.rodrigues869@outlook.com.br,+55 21 3240 4961,1956-06-23,KP656871,362,AADVANTAGE,26648
Larissa,Sampaio,larissa.sampaio870@terra.com.br,0800-662-7145,1946-09-08,UJ653283,404,EXECUTIVE_CLUB,27604
Maria Sophia,Aragão,mariasophia.aragão871@outlook.com.br,61 6862-3785,1961-12-14,JY746270,559,FLYING_BLUE,428163
Manuela,Martins,manuela.martins872@hotmail.com,(061) 1219-9939,1986-06-06,YW456907,25,ASIA_MILES,414564
Erick,Monteiro,erick.monteiro873@outlook.com.br,(081) 0700-2279,1989-07-04,JE830231,111,MILEAGE_PLUS,362992
Laís,Vasconcelos,laís.vasconcelos874@yahoo.com.br,+55 84 4527-8430,1990-07-18,SF174893,467,FLYING_BLUE,488955
Antônio,Câmara,antônio.câmara875@icloud.com,21 0646-5949,1974-03-29,MO961443,618,FLYING_BLUE,257255
Erick,Ribeiro,erick.ribeiro876@icloud.com,71 4987-4932,1968-08-20,CP444906,617,,475285
Anthony Gabriel,Costela,anthonygabriel.costela877@yahoo.com.br,41 8687 0375,1951-10-11,HB983505,693,SMILES,200352
Esther,Sousa,esther.sousa878@live.com,31 4576 5309,1976-07-29,DU577934,510,EXECUTIVE_CLUB,338768
João Pedro,da Luz,joãopedro.daluz879@outlook.com.br,+55 (084) 0813-2225,1960-01-05,TI420599,262,AADVANTAGE,459368
Maria Clara,Freitas,mariaclara.freitas880@gmail.com,+55 11 2266 4350,1958-01-09,CV973774,660,FLYING_BLUE,405537
Alana,Dias,alana.dias881@terra.com.br,(031) 3149-2662,2006-04-10,BH164124,208,MILEAGE_PLUS,381361
João Vitor,Ribeiro,joãovitor.ribeiro882@bol.com.br,(031) 6038-2807,1973-11-08,WQ609399,229,MILES_AND_GO,426794
Davi Miguel,Araújo,davimiguel.araújo883@gmail.com,+55 61 5886-4179,1950-04-03,TC212016,341,EXECUTIVE_CLUB,409193
Rhavi,Peixoto,rhavi.peixoto884@outlook.com.br,(081) 9339-3383,1982-02-09,IG844372,45,LATAM_PASS,121006
Matteo,Moura,matteo.moura885@live.com,(011) 8838-6898,1996-02-24,CH393293,567,FLYING_BLUE,461161
Kaique,Ferreira,kaique.ferreira886@icloud.com,(041) 3868-1652,1948-10-10,JF236962,992,FLYING_BLUE,142845
João Miguel,da Cruz,joãomiguel.dacruz887@terra.com.br,(084) 9937-8735,1942-12-13,YS737617,845,MILES_AND_GO,171528
João Felipe,Camargo,joãofelipe.camargo888@icloud.com,41 8496 0334,1942-02-16,EJ837560,120,SKYWARDS,119379
Luiz Gustavo,Peixoto,luizgustavo.peixoto889@terra.com.br,71 6722-6628,1944-05-02,SQ383706,20,LATAM_PASS,12856
Felipe,Araújo,felipe.araújo890@live.com,(031) 7786-7397,1967-12-04,JV686668,534,SMILES,237058
Dom,Nascimento,dom.nascimento891@hotmail.com,0500-059-7468,2007-05-02,JI655864,513,SMILES,58632
Rafael,Cunha,rafael.cunha892@gmail.com,+55 11 7406-2426,1965-01-09,TF582582,433,MILES_AND_GO,235707
Isaac,Araújo,isaac.araújo893@uol.com.br,+55 (021) 4877-3651,1956-11-11,WU627245,401,TUDO_AZUL,466597
Sarah,Nascimento,sarah.nascimento894@bol.com.br,0500-198-6613,1993-06-30,RY846298,161,,166298
João Miguel,Pacheco,joãomiguel.pacheco895@bol.com.br,71 3572 4763,1941-11-17,AU740536,643,ASIA_MILES,461889
Ísis,Ferreira,ísis.ferreira896@live.com,+55 (011) 6850-0728,1992-07-06,ZJ243673,278,,356959
Ana Clara,da Conceição,anaclara.daconceição897@icloud.com,11 8009 9986,1984-07-16,CJ472591,187,ASIA_MILES,463776
Luara,Rodrigues,luara.rodrigues898@yahoo.com.br,+55 81 5051-4904,1993-10-12,SS813569,846,,305973
Milena,Sá,milena.sá899@live.com,+55 21 5975-4345,1991-04-19,CI296975,990,SMILES,408460
Ravy,Garcia,ravy.garcia900@bol.com.br,0300 610 7799,1982-07-08,BI785897,32,MILEAGE_PLUS,98451
Lívia,Marques,lívia.marques901@yahoo.com.br,+55 (031) 2646-1533,1950-08-05,QW672544,427,,342686
Bernardo,Albuquerque,bernardo.albuquerque902@yahoo.com.br,+55 (021) 2750 7697,1974-03-24,SW852817,977,EXECUTIVE_CLUB,161613
Luiza,Sales,luiza.sales903@uol.com.br,61 0514-5386,1998-09-12,OK703241,351,LATAM_PASS,268496
Antônio,Camargo,antônio.camargo904@outlook.com.br,+55 11 2075 0006,1975-07-08,MK940313,960,MILEAGE_PLUS,57579
Enrico,Ferreira,enrico.ferreira905@terra.com.br,(084) 9392 2445,1976-06-20,IA973211,776,MILES_AND_GO,404596
Eduarda,Lopes,eduarda.lopes906@terra.com.br,+55 11 2214-8944,1952-11-08,KI781241,270,SMILES,425003
Enzo,Correia,enzo.correia907@terra.com.br,+55 21 7699 3303,1985-01-21,MA121585,345,MILES_AND_GO,96303
Emanuel,Dias,emanuel.dias908@outlook.com.br,(061) 9070 5695,1980-02-24,LR900591,953,ASIA_MILES,461222
Davi Lucca,Albuquerque,davilucca.albuquerque909@outlook.com.br,+55 (084) 6112-8740,1996-05-16,PJ662504,815,MILEAGE_PLUS,326929
Milena,Ramos,milena.ramos910@hotmail.com,(051) 3069-9382,1944-10-06,PC269881,75,SMILES,219053
Davi Miguel,da Mota,davimiguel.damota911@terra.com.br,71 7899-9962,1949-06-05,TX654614,854,MILES_AND_GO,193336
Mirella,Oliveira,mirella.oliveira912@uol.com.br,+55 (061) 8405-2185,1940-12-05,OO356521,603,FLYING_BLUE,470513
Calebe,Duarte,calebe.duarte913@outlook.com.br,+55 (071) 8319 1260,1999-03-29,RG759026,266,LATAM_PASS,97293
Vinicius,Sampaio,vinicius.sampaio914@icloud.com,51 9654 9818,1964-07-02,UO154665,533,,127157
Yago,da Mata,yago.damata915@gmail.com,+55 41 8654-7192,1980-11-09,JL600170,870,MILES_AND_GO,3759
Melina,Ramos,melina.ramos916@gmail.com,31 4874 8705,1987-03-12,OD209565,60,TUDO_AZUL,171831
Isabelly,Garcia,isabelly.garcia917@yahoo.com.br,+55 (041) 0560 9446,1955-09-26,XW251990,689,ASIA_MILES,204672
Henrique,Fonseca,henrique.fonseca918@gmail.com,+55 41 2350 6656,1998-11-18,KO803328,225,EXECUTIVE_CLUB,234692
Luana,Araújo,luana.araújo919@terra.com.br,(084) 9085 5765,1942-05-27,HV304819,971,SKYWARDS,37941
Maria Vitória,Nascimento,mariavitória.nascimento920@uol.com.br,(071) 9391-9474,1996-08-20,ZO881899,792,,81565
Rael,Martins,rael.martins921@yahoo.com.br,0300 903 5219,2000-01-21,XW109517,362,SMILES,133548
Hellena,Almeida,hellena.almeida922@hotmail.com,+55 84 7647 1424,1942-04-02,XM481954,454,EXECUTIVE_CLUB,143256
Rafael,Cavalcante,rafael.cavalcante923@hotmail.com,+55 11 9026 6237,1947-04-11,MM959136,765,MILEAGE_PLUS,75477
Manuella,Correia,manuella.correia924@icloud.com,+55 21 3098-3145,1947-11-04,YO208001,210,LATAM_PASS,71083
Luan,da Cruz,luan.dacruz925@live.com,+55 (021) 3463 3287,1976-10-04,WJ149700,111,MILES_AND_GO,427341
Vinícius,Porto,vinícius.porto926@yahoo.com.br,21 6568 6680,1995-01-27,XF515873,353,MILES_AND_GO,233607
Brenda,Novaes,brenda.novaes927@gmail.com,+55 (071) 5895 3815,1942-07-22,HH692655,879,FLYING_BLUE,280107
Maria Isis,Freitas,mariaisis.freitas928@gmail.com,+55 31 5438 5781,2002-07-17,LB360128,967,FLYING_BLUE,467254
Carlos Eduardo,Mendes,carloseduardo.mendes929@live.com,+55 84 9148-8151,1982-09-05,LF353066,250,AADVANTAGE,194793
Ana Carolina,da Mata,anacarolina.damata930@outlook.com.br,+55 31 9954 1710,1968-01-27,ZY973888,672,SKYWARDS,327667
André,Jesus,andré.jesus931@terra.com.br,+55 (011) 6668-8545,1968-08-30,TV293479,43,EXECUTIVE_CLUB,199240
Brenda,da Costa,brenda.dacosta932@outlook.com.br,11 7665-9959,1955-05-19,OW443698,36,LATAM_PASS,318135
Caleb,Cavalcante,caleb.cavalcante933@uol.com.br,(011) 2381 6226,1959-03-04,HG769253,789,SKYWARDS,159403
Liz,da Mata,liz.damata934@icloud.com,(041) 9186 1462,1998-01-04,GV551130,380,,294931
Ágatha,Moreira,ágatha.moreira935@uol.com.br,+55 11 5805-3315,1967-11-27,DY440977,226,TUDO_AZUL,260568
Enzo,Pires,enzo.pires936@uol.com.br,+55 (081) 5611-7027,1945-09-04,NZ313426,648,ASIA_MILES,168162
Natália,da Rocha,natália.darocha937@live.com,(031) 4793 7223,1953-03-11,NV641128,360,LATAM_PASS,142852
Henry,Mendes,henry.mendes938@outlook.com.br,0800-682-2588,1945-08-08,UE324148,495,,27904
Carolina,Rios,carolina.rios939@icloud.com,+55 81 3135-7408,2007-09-25,IX627425,348,AADVANTAGE,52911
Manuela,das Neves,manuela.dasneves940@live.com,+55 (041) 7397 2961,1959-01-22,GD970503,758,MILES_AND_GO,460655
Mariah,Ferreira,mariah.ferreira941@outlook.com.br,(031) 7990-6183,1963-08-31,QI331956,980,,483813
Amanda,da Luz,amanda.daluz942@yahoo.com.br,+55 71 1809 5455,1962-10-18,NM177273,885,LATAM_PASS,101918
Eduardo,Pacheco,eduardo.pacheco943@yahoo.com.br,+55 51 5286 3484,1960-02-11,LW634016,889,,397096
Anthony Gabriel,Azevedo,anthonygabriel.azevedo944@outlook.com.br,+55 31 7064 9144,1997-12-01,UR678210,281,AADVANTAGE,258652
Aylla,Cunha,aylla.cunha945@uol.com.br,(084) 2015 6914,1973-12-02,OV804912,328,SMILES,499150
Luara,Rocha,luara.rocha946@hotmail.com,(031) 1573 3768,1966-04-02,FU722929,465,AADVANTAGE,350445
Vitor Hugo,Abreu,vitorhugo.abreu947@hotmail.com,+55 81 1781-0907,1954-02-20,YZ745610,639,EXECUTIVE_CLUB,396102
Henry,Oliveira,henry.oliveira948@terra.com.br,+55 51 4514 9514,1973-03-20,TA916034,950,SMILES,40362
Elisa,Duarte,elisa.duarte949@icloud.com,+55 (071) 8736-8072,1993-02-22,DC662581,106,ASIA_MILES,175452
Isabel,Lima,isabel.lima950@hotmail.com,41 0843-8816,1997-12-01,AL279387,555,AADVANTAGE,486633
Valentina,das Neves,valentina.dasneves951@icloud.com,(061) 2309-9070,1949-12-10,RS339963,740,SMILES,280400
Ana Lívia,Silveira,analívia.silveira952@outlook.com.br,+55 61 5030-0604,1959-03-02,ED112225,449,ASIA_MILES,36757
Elisa,Silva,elisa.silva953@hotmail.com,0800-908-1873,1986-04-17,VB630575,949,FLYING_BLUE,467703
Otávio,Aragão,otávio.aragão954@gmail.com,11 6327-2237,1952-06-28,PS974264,567,SMILES,293885
Pedro Miguel,Lima,pedromiguel.lima955@terra.com.br,+55 71 3260-5904,1944-06-14,PJ452868,418,MILES_AND_GO,144106
Maria Fernanda,da Conceição,mariafernanda.daconceição956@terra.com.br,(061) 2265 4930,1954-10-08,PU768503,867,MILES_AND_GO,233316
Catarina,Costela,catarina.costela957@live.com,+55 (071) 4513-5996,2000-11-21,FX677657,246,SMILES,19236
Ana Carolina,Casa Grande,anacarolina.casagrande958@outlook.com.br,41 0098 9727,1944-06-14,SG890787,39,MILEAGE_PLUS,112670
Thomas,Albuquerque,thomas.albuquerque959@terra.com.br,+55 71 3164-1199,1946-07-11,HR493268,931,,54661
Felipe,Sampaio,felipe.sampaio960@uol.com.br,21 6402 5426,1969-12-20,NB261986,158,TUDO_AZUL,236284
Bruno,Aparecida,bruno.aparecida961@outlook.com.br,71 9223-8435,1949-01-27,YI798576,158,,420471
Maria Eduarda,Pereira,mariaeduarda.pereira962@uol.com.br,0300-594-5892,1977-01-06,CP680414,917,,95755
Leonardo,Duarte,leonardo.duarte963@hotmail.com,(081) 4752-9497,1984-01-15,WO563021,961,LATAM_PASS,441192
Maria Cecília,Fogaça,mariacecília.fogaça964@outlook.com.br,(051) 1288 9563,1965-05-05,BY473013,712,SMILES,440095
Stella,Correia,stella.correia965@outlook.com.br,81 6570 3101,1973-10-18,VC838439,681,EXECUTIVE_CLUB,406614
Lucas Gabriel,Cardoso,lucasgabriel.cardoso966@hotmail.com,+55 21 8753-4214,1957-02-13,HF471338,724,AADVANTAGE,47503
Alícia,Sousa,alícia.sousa967@icloud.com,(071) 4574 9883,1955-01-06,EC314610,736,,286158
Laís,Moreira,laís.moreira968@uol.com.br,+55 81 5254 3093,1978-08-29,GB632388,255,MILES_AND_GO,325996
Carolina,Sales,carolina.sales969@uol.com.br,(081) 2151 7346,2003-11-04,GG399950,443,TUDO_AZUL,90599
Laura,Almeida,laura.almeida970@outlook.com.br,61 9924-7157,2005-04-06,NI248684,260,SMILES,426349
Aurora,Leão,aurora.leão971@hotmail.com,71 0103-0221,1941-08-04,BY830442,108,FLYING_BLUE,146311
João Lucas,Costela,joãolucas.costela972@terra.com.br,21 1216 9832,2005-10-30,ZF479901,632,LATAM_PASS,147613
Mateus,Cassiano,mateus.cassiano973@icloud.com,+55 71 1422-6326,1964-08-01,WI603562,245,EXECUTIVE_CLUB,105130
José Miguel,Camargo,josémiguel.camargo974@bol.com.br,(051) 3715 0451,1958-05-23,YH322771,410,FLYING_BLUE,467662
Isabel,Mendonça,isabel.mendonça975@icloud.com,(031) 7880-1159,1999-01-26,BO546986,167,,382490
Guilherme,Costela,guilherme.costela976@yahoo.com.br,61 4232-6355,1969-03-09,QA815182,895,,311646
Vitor Gabriel,Leão,vitorgabriel.leão977@gmail.com,+55 (071) 6931-0571,1954-07-20,VS463354,814,MILEAGE_PLUS,9976
Maria,da Cruz,maria.dacruz978@yahoo.com.br,81 1545-5278,1954-01-18,KE994473,839,SKYWARDS,332485
Maria Isis,Lopes,mariaisis.lopes979@yahoo.com.br,41 0235 6409,1983-04-17,JA688732,648,SKYWARDS,261092
Ravi Lucca,Albuquerque,ravilucca.albuquerque980@icloud.com,31 9195-0786,1969-12-04,YO911373,715,LATAM_PASS,9297
Maya,Nunes,maya.nunes981@outlook.com.br,0500 993 8191,1979-03-06,BE566261,349,,259658
Amanda,Novais,amanda.novais982@live.com,51 1231 9002,1958-12-28,RT662146,947,MILEAGE_PLUS,483570
Amanda,Borges,amanda.borges983@terra.com.br,+55 61 7586 3735,1963-05-06,RP808557,509,EXECUTIVE_CLUB,62768
Nicolas,Costa,nicolas.costa984@yahoo.com.br,(071) 0289-9666,2000-04-10,DN394752,635,SMILES,65798
Melissa,Lopes,melissa.lopes985@icloud.com,71 4311-6210,1965-07-12,JZ990169,555,MILES_AND_GO,389341
Jade,Fogaça,jade.fogaça986@hotmail.com,0800-473-9654,1961-02-26,QS557145,893,MILEAGE_PLUS,174232
Murilo,Barros,murilo.barros987@gmail.com,11 7710 3027,1963-07-21,GU513777,924,,247621
Bianca,Oliveira,bianca.oliveira988@outlook.com.br,84 8958-6979,1943-03-31,MG152067,458,TUDO_AZUL,374296
Marcos Vinicius,Farias,marcosvinicius.farias989@icloud.com,+55 (084) 4231-4945,1960-10-17,RO235559,477,,409026
Lucas Gabriel,Sousa,lucasgabriel.sousa990@hotmail.com,(084) 8606 2098,1951-11-29,LO765719,222,LATAM_PASS,416036
Henrique,Novaes,henrique.novaes991@gmail.com,+55 81 0999-1514,1986-11-03,RF807857,760,ASIA_MILES,56162
Gustavo Henrique,da Rocha,gustavohenrique.darocha992@gmail.com,+55 (081) 8501 3474,1964-10-19,YG177833,809,MILES_AND_GO,130851
Lorenzo,Peixoto,lorenzo.peixoto993@outlook.com.br,+55 21 6412-2647,2002-04-09,RM891933,62,FLYING_BLUE,298161
João Gabriel,Dias,joãogabriel.dias994@bol.com.br,+55 21 9245-3960,1987-05-01,FP397088,985,MILEAGE_PLUS,385672
Amanda,Cardoso,amanda.cardoso995@bol.com.br,61 1744-2539,1942-03-15,EF272195,139,AADVANTAGE,141459
Isabelly,Moura,isabelly.moura996@terra.com.br,+55 (061) 7682-0918,1991-07-23,JM942017,666,MILES_AND_GO,324432
Ísis,Caldeira,ísis.caldeira997@yahoo.com.br,(041) 6614 2809,1950-10-17,MV304970,775,,482265
Mariah,Abreu,mariah.abreu998@yahoo.com.br,0500-790-9635,1940-12-19,TW242534,389,MILEAGE_PLUS,296333
Guilherme,Rodrigues,guilherme.rodrigues999@terra.com.br,+55 11 1753 3170,1982-10-19,DT605786,397,ASIA_MILES,206111
João Gabriel,Rios,joãogabriel.rios1000@terra.com.br,+55 (084) 3797-0860,2001-05-07,GG103506,187,,151019
Ana Liz,Ramos,analiz.ramos1001@uol.com.br,(081) 5872-5371,1972-04-01,CK898538,714,ASIA_MILES,293980
Marina,Carvalho,marina.carvalho1002@gmail.com,+55 61 5333 0032,1987-01-05,II717846,443,FLYING_BLUE,361603
Bárbara,Garcia,bárbara.garcia1003@outlook.com.br,(031) 4133-1151,1958-11-26,SI660380,678,,163224
Kamilly,Montenegro,kamilly.montenegro1004@uol.com.br,(021) 8422 6631,1981-12-11,OD860096,869,MILEAGE_PLUS,260675
Emilly,da Rosa,emilly.darosa1005@uol.com.br,0900 903 4913,1941-08-14,LX506052,587,,150403
Dom,Fogaça,dom.fogaça1006@outlook.com.br,(081) 3667 1364,1984-01-06,YQ480191,654,MILEAGE_PLUS,160516
Larissa,Santos,larissa.santos1007@uol.com.br,+55 21 4522 8232,1962-10-15,UR362107,811,,10191
Aylla,Rodrigues,aylla.rodrigues1008@uol.com.br,(041) 8529 7993,1996-12-13,TZ631439,516,ASIA_MILES,394317
Thomas,Peixoto,thomas.peixoto1009@outlook.com.br,(031) 7583-3521,1964-08-06,BR185446,335,AADVANTAGE,27340
Maysa,Abreu,maysa.abreu1010@outlook.com.br,+55 (011) 6412 3154,1960-06-10,VM880672,301,SMILES,427596
Bruno,Cassiano,bruno.cassiano1011@bol.com.br,(051) 8307-5016,1958-03-15,GG792597,739,AADVANTAGE,341051
Matteo,Casa Grande,matteo.casagrande1012@live.com,+55 (031) 3491 4105,1983-08-04,MV271537,438,,147716
José,Garcia,josé.garcia1013@outlook.com.br,81 4272 1264,1954-02-06,VU149867,546,AADVANTAGE,368427
Ana Sophia,da Paz,anasophia.dapaz1014@uol.com.br,(084) 6879-6746,1966-10-16,SK434543,93,SKYWARDS,395025
Maria Luiza,Pires,marialuiza.pires1015@yahoo.com.br,0300-863-0133,1966-09-19,YT484265,466,TUDO_AZUL,335303
Pedro Lucas,Cardoso,pedrolucas.cardoso1016@live.com,84 8217-0267,1982-04-11,VF688664,103,MILEAGE_PLUS,18154
Isaque,Pereira,isaque.pereira1017@outlook.com.br,(021) 9491 8514,1945-03-21,XK750927,861,MILEAGE_PLUS,23995
Maria Clara,Fogaça,mariaclara.fogaça1018@outlook.com.br,+55 71 6038 4952,2005-02-16,KE502885,459,LATAM_PASS,463511
Isabella,Alves,isabella.alves1019@outlook.com.br,+55 (061) 2879-5614,1975-07-01,NS583090,470,EXECUTIVE_CLUB,385049
Enzo Gabriel,Sá,enzogabriel.sá1020@gmail.com,41 6159 2932,1978-11-29,ZC725102,509,MILEAGE_PLUS,238778
Bárbara,Machado,bárbara.machado1021@icloud.com,+55 (061) 8850 6903,1981-03-10,XV892077,226,LATAM_PASS,159707
Daniel,Santos,daniel.santos1022@uol.com.br,(081) 1120-2730,1959-11-09,RC263482,272,,256479
João Lucas,da Conceição,joãolucas.daconceição1023@icloud.com,21 9512 9207,1982-12-22,SL961772,437,SMILES,170029
Leandro,Casa Grande,leandro.casagrande1024@uol.com.br,+55 (084) 3582-3398,1943-07-14,VA824826,159,SMILES,207776
Elisa,Azevedo,elisa.azevedo1025@hotmail.com,+55 71 3997 7387,1987-12-21,KC430511,464,TUDO_AZUL,422180
Levi,Macedo,levi.macedo1026@icloud.com,(061) 6782-3608,2007-11-17,AF363767,663,,59387
Ana Beatriz,Cirino,anabeatriz.cirino1027@yahoo.com.br,51 6514 4486,1980-10-13,XT908934,28,AADVANTAGE,112553
Camila,Marques,camila.marques1028@bol.com.br,+55 (041) 6206 8148,1953-11-22,ME553431,208,ASIA_MILES,412982
Ana Cecília,Nunes,anacecília.nunes1029@hotmail.com,21 7202-9811,1980-05-29,MH684853,334,,225582
Oliver,Albuquerque,oliver.albuquerque1030@gmail.com,+55 81 3391-4198,1975-08-26,TB480074,661,MILES_AND_GO,197995
Igor,Sá,igor.sá1031@hotmail.com,(031) 9633-0507,1988-02-09,EL533479,699,MILEAGE_PLUS,193892
Alana,Oliveira,alana.oliveira1032@terra.com.br,(011) 4327 1929,1944-01-06,JQ210484,602,SMILES,57164
Anthony Gabriel,Casa Grande,anthonygabriel.casagrande1033@icloud.com,+55 71 1616-9362,1959-07-17,ZU213192,491,SMILES,411957
Yago,Araújo,yago.araújo1034@icloud.com,51 5163 2381,1990-11-05,PR231601,690,LATAM_PASS,492053
Matteo,Mendonça,matteo.mendonça1035@gmail.com,(051) 7410 3762,2007-01-14,DP540830,280,MILES_AND_GO,347452
Luiz Fernando,Leão,luizfernando.leão1036@terra.com.br,+55 81 1525-8385,1981-04-26,XW716999,608,MILEAGE_PLUS,17086
Enzo,Lopes,enzo.lopes1037@uol.com.br,11 8116-4466,1961-11-04,MO474427,143,SKYWARDS,243476
Melissa,da Mota,melissa.damota1038@live.com,+55 (071) 2901-0291,1947-08-30,WW479016,22,FLYING_BLUE,413765
Camila,Moreira,camila.moreira1039@terra.com.br,+55 71 1858 1101,1987-01-17,UC283026,632,FLYING_BLUE,344803
Allana,Gomes,allana.gomes1040@gmail.com,+55 (071) 5359-6828,1949-05-19,FL670261,756,EXECUTIVE_CLUB,249616
Arthur,Brito,arthur.brito1041@bol.com.br,+55 (071) 8123 5631,2005-11-15,DH243160,667,,91155
Isabelly,Monteiro,isabelly.monteiro1042@outlook.com.br,+55 (071) 2716 8927,1967-04-26,ZQ596908,363,SKYWARDS,78978
Sarah,Porto,sarah.porto1043@icloud.com,+55 84 7871-8193,1978-04-04,UQ708364,28,SMILES,194390
Sophia,da Conceição,sophia.daconceição1044@bol.com.br,(031) 0510-4730,1974-05-09,MO417585,71,EXECUTIVE_CLUB,74849
Bento,Cirino,bento.cirino1045@icloud.com,+55 41 3114 8241,1951-08-16,US413756,681,MILES_AND_GO,20539
Ana Julia,Sousa,anajulia.sousa1046@uol.com.br,+55 84 4469-7894,1941-11-04,KB392091,278,EXECUTIVE_CLUB,106815
Juan,Vieira,juan.vieira1047@terra.com.br,81 3490 0197,1978-09-16,SC594075,905,MILES_AND_GO,456135
Larissa,Moura,larissa.moura1048@uol.com.br,+55 84 5004-1951,1957-03-18,XZ146767,23,EXECUTIVE_CLUB,206234
Erick,Costa,erick.costa1049@gmail.com,+55 (041) 7661 7061,1955-01-06,XK810421,907,FLYING_BLUE,286355
Hellena,Rodrigues,hellena.rodrigues1050@outlook.com.br,+55 81 6482-0987,1978-04-13,OS615854,803,SMILES,146441
José,Moura,josé.moura1051@bol.com.br,41 1818-6969,1992-09-16,DY431316,485,SKYWARDS,496024
João Lucas,Câmara,joãolucas.câmara1052@bol.com.br,+55 61 0557-2477,1957-09-25,ET703953,272,MILES_AND_GO,77475
Luigi,Barros,luigi.barros1053@uol.com.br,0500 636 2091,1993-07-15,CL850852,855,ASIA_MILES,220775
Joana,Abreu,joana.abreu1054@bol.com.br,(021) 1723 1901,1980-03-05,NU663165,150,ASIA_MILES,95785
Luna,Araújo,luna.araújo1055@outlook.com.br,51 6372 1858,1969-03-28,YP322130,53,,458963
Pedro,Ferreira,pedro.ferreira1056@icloud.com,+55 61 0470-5712,2004-06-06,PH871711,862,ASIA_MILES,436049
Lara,Dias,lara.dias1057@outlook.com.br,(084) 6416 5666,2005-11-05,HO133085,496,MILES_AND_GO,147934
Maria Cecília,Brito,mariacecília.brito1058@terra.com.br,+55 61 1120 7018,1971-08-13,RK923615,782,MILEAGE_PLUS,252991
Arthur Miguel,Sales,arthurmiguel.sales1059@terra.com.br,51 9359 6792,1983-01-08,KR422434,957,,297142
Julia,Cirino,julia.cirino1060@terra.com.br,(081) 2576 1503,1989-07-07,TA769812,58,,351653
Marcos Vinicius,Ferreira,marcosvinicius.ferreira1061@icloud.com,+55 71 8086-1868,1984-05-09,SP369207,606,ASIA_MILES,115095
Mateus,Sá,mateus.sá1062@gmail.com,+55 61 3422-9978,1996-02-29,OL569009,816,ASIA_MILES,81699
Evelyn,Cunha,evelyn.cunha1063@yahoo.com.br,+55 71 0133 9893,1996-08-22,PB847445,518,AADVANTAGE,193049
Antony,Nunes,antony.nunes1064@gmail.com,+55 (011) 0376 5849,1959-07-07,GX179432,390,MILEAGE_PLUS,415647
Arthur Gabriel,Caldeira,arthurgabriel.caldeira1065@bol.com.br,(081) 6502 5787,1943-04-22,LB405182,925,MILES_AND_GO,156173
Breno,Rocha,breno.rocha1066@gmail.com,(061) 9027 9904,1981-12-23,IR404843,411,MILEAGE_PLUS,380948
Heloísa,Correia,heloísa.correia1067@outlook.com.br,+55 (084) 9918 3864,1981-07-26,DU212624,456,,241736
Sofia,Sá,sofia.sá1068@icloud.com,41 2696 1636,1953-03-11,CN258724,243,SMILES,96175
Lívia,Rios,lívia.rios1069@live.com,+55 (084) 7752 9694,2000-09-04,ZI635343,1000,TUDO_AZUL,474393
Luiz Miguel,Sales,luizmiguel.sales1070@outlook.com.br,+55 41 5489 7881,1982-10-20,SQ934506,945,LATAM_PASS,111092
Vinícius,Brito,vinícius.brito1071@yahoo.com.br,(061) 2770 5087,1957-12-19,WF146329,132,,258862
Bárbara,Fernandes,bárbara.fernandes1072@gmail.com,(021) 2448-1888,1962-05-05,EX992499,739,AADVANTAGE,251718
Helena,Macedo,helena.macedo1073@icloud.com,0900 501 3919,2005-10-24,KF290177,419,TUDO_AZUL,163956
Murilo,Moura,murilo.moura1074@live.com,(031) 4142-0134,1944-08-27,KJ656978,229,LATAM_PASS,165976
Stephany,das Neves,stephany.dasneves1075@uol.com.br,+55 (051) 8140-4624,1977-12-28,ZF850214,144,ASIA_MILES,112648
Maria Laura,Nascimento,marialaura.nascimento1076@outlook.com.br,+55 (081) 5723-6273,1987-03-12,BD200497,501,ASIA_MILES,200812
Ravi Lucca,Aragão,ravilucca.aragão1077@icloud.com,0500 034 5446,1985-05-23,RY479443,99,SKYWARDS,183109
Melissa,da Paz,melissa.dapaz1078@uol.com.br,+55 (051) 1095-4968,2006-01-13,BX673883,366,SKYWARDS,326735
Larissa,Caldeira,larissa.caldeira1079@live.com,+55 (071) 0790-9919,1971-10-04,UC246816,952,SKYWARDS,389092
Melissa,da Mota,melissa.damota1080@outlook.com.br,84 1709 9511,1970-10-07,RN554037,574,SMILES,360645
Bruno,Cunha,bruno.cunha1081@terra.com.br,+55 (031) 5762-1090,1967-11-29,BD456054,929,MILEAGE_PLUS,124010
João Miguel,Moura,joãomiguel.moura1082@gmail.com,(051) 9550-0044,1963-12-31,DI322146,473,FLYING_BLUE,9611
Yan,Barbosa,yan.barbosa1083@terra.com.br,41 3057 2756,1969-06-10,VD422147,222,EXECUTIVE_CLUB,310759
Leonardo,Cirino,leonardo.cirino1084@gmail.com,+55 61 7589 2839,1951-07-26,FX115127,737,SKYWARDS,425763
Augusto,Duarte,augusto.duarte1085@uol.com.br,+55 (041) 1376 0720,1971-09-09,JM312793,327,EXECUTIVE_CLUB,174719
Pedro,Cassiano,pedro.cassiano1086@bol.com.br,0500-323-7756,1975-10-08,EC922779,888,LATAM_PASS,474620
Mariane,Melo,mariane.melo1087@bol.com.br,41 6853 2414,2004-01-31,BD618266,871,ASIA_MILES,370784
Mirella,da Paz,mirella.dapaz1088@yahoo.com.br,84 9880-7757,1968-11-26,SF157563,471,FLYING_BLUE,20190
Allana,Lopes,allana.lopes1089@terra.com.br,(081) 7856 4519,1976-06-18,LP601384,925,,77426
Luiz Henrique,da Mota,luizhenrique.damota1090@yahoo.com.br,0300 346 8298,1970-12-09,TP492232,197,MILES_AND_GO,112716
Eloá,Borges,eloá.borges1091@outlook.com.br,+55 (011) 2873-5118,1963-12-16,ZU447360,430,AADVANTAGE,236561
Maria Helena,Mendes,mariahelena.mendes1092@icloud.com,+55 41 4144-8777,1967-03-09,GE716527,313,MILEAGE_PLUS,15053
Ana Clara,Macedo,anaclara.macedo1093@outlook.com.br,+55 (081) 9710-3188,1993-05-02,DE867761,526,EXECUTIVE_CLUB,360533
Luna,Vasconcelos,luna.vasconcelos1094@yahoo.com.br,(084) 9606-8886,1974-04-06,ZI458528,190,,309476
Luna,Rios,luna.rios1095@bol.com.br,+55 (051) 0505-7846,1990-02-15,MW710212,883,,121092
Luiz Fernando,Casa Grande,luizfernando.casagrande1096@hotmail.com,+55 (084) 4651-8651,1967-12-31,HQ743382,269,FLYING_BLUE,382888
Cecilia,da Conceição,cecilia.daconceição1097@hotmail.com,+55 (084) 4138 2987,1949-06-12,FN714517,870,,251098
Calebe,Nascimento,calebe.nascimento1098@outlook.com.br,31 6514-6601,1985-05-25,BP965740,729,TUDO_AZUL,408090
Maya,Albuquerque,maya.albuquerque1099@terra.com.br,+55 41 9670-1552,1978-12-25,OT111029,560,FLYING_BLUE,126518
Léo,Gomes,léo.gomes1100@bol.com.br,+55 84 4655 2957,1945-09-19,GU848234,193,EXECUTIVE_CLUB,332272
Marcela,Vieira,marcela.vieira1101@uol.com.br,(051) 1683 2022,2002-12-31,CW494283,622,FLYING_BLUE,355547
Maria Fernanda,Silva,mariafernanda.silva1102@hotmail.com,+55 11 1800-2149,1946-01-14,LB569706,575,MILES_AND_GO,363034
Rafaela,Aragão,rafaela.aragão1103@gmail.com,61 4755-5773,1989-05-28,QQ538446,876,,180962
Amanda,Rodrigues,amanda.rodrigues1104@uol.com.br,84 2391-3218,1950-08-10,LR736900,637,,60145
Rodrigo,Leão,rodrigo.leão1105@outlook.com.br,+55 71 9835-9808,1979-11-25,UG983412,336,SKYWARDS,208737
Yago,Gomes,yago.gomes1106@icloud.com,11 3297-5845,1995-09-29,WM775257,353,TUDO_AZUL,72866
Letícia,Casa Grande,letícia.casagrande1107@live.com,+55 (071) 7024-4698,1947-09-15,QS582285,959,AADVANTAGE,475901
Yuri,Ferreira,yuri.ferreira1108@icloud.com,0800-090-6609,2006-12-08,HW359676,627,,348229
Ana Cecília,Martins,anacecília.martins1109@icloud.com,+55 (071) 6264 6588,1953-12-04,YM688443,570,MILEAGE_PLUS,32313
Melina,Cavalcanti,melina.cavalcanti1110@bol.com.br,(031) 6312 8420,1958-08-27,CB271558,921,AADVANTAGE,208716
Luiz Felipe,Marques,luizfelipe.marques1111@bol.com.br,+55 51 9098 1122,1980-04-16,VU722293,539,TUDO_AZUL,325547
Breno,Cirino,breno.cirino1112@hotmail.com,+55 41 2851 3684,1963-08-23,SX559934,709,MILEAGE_PLUS,392792
Benício,Duarte,benício.duarte1113@bol.com.br,+55 51 6523 7008,1997-08-06,ST989167,455,,46824
Marcela,Monteiro,marcela.monteiro1114@live.com,+55 11 9003 2260,1965-09-20,JN641865,911,ASIA_MILES,280438
Maria Laura,da Costa,marialaura.dacosta1115@bol.com.br,(061) 8432-6748,1992-02-24,TM999964,822,,103061
Ana Luiza,Lima,analuiza.lima1116@bol.com.br,+55 21 1032-3385,2008-03-27,EO585041,346,SKYWARDS,491550
Théo,da Cruz,théo.dacruz1117@live.com,(021) 7305-8582,1989-02-03,AK486609,368,SMILES,420973
Eduardo,Pinto,eduardo.pinto1118@outlook.com.br,+55 84 5996-8224,2000-09-03,RU303263,772,SKYWARDS,485293
Noah,Borges,noah.borges1119@yahoo.com.br,+55 21 2558 8983,1986-09-20,RI102973,213,MILEAGE_PLUS,419815
Lucca,Sales,lucca.sales1120@uol.com.br,(081) 8141-2570,1941-11-05,ER727005,635,AADVANTAGE,169610
Júlia,Machado,júlia.machado1121@gmail.com,11 9244-5475,1971-07-16,JJ372629,495,ASIA_MILES,435834
Luna,Azevedo,luna.azevedo1122@hotmail.com,+55 61 5687 3102,1956-02-10,ER859776,613,FLYING_BLUE,3344
Ana Cecília,Castro,anacecília.castro1123@outlook.com.br,(021) 5963 9468,1995-02-26,SF876933,414,EXECUTIVE_CLUB,297252
Allana,Freitas,allana.freitas1124@icloud.com,+55 41 0903 5858,1954-12-19,QD249982,678,LATAM_PASS,52578
Maria Laura,Carvalho,marialaura.carvalho1125@outlook.com.br,+55 (061) 7502-7192,1953-05-18,WR432494,574,EXECUTIVE_CLUB,174720
Heloisa,das Neves,heloisa.dasneves1126@yahoo.com.br,+55 (011) 2387 2880,1947-12-09,HG731245,650,,482338
Mariana,da Cruz,mariana.dacruz1127@outlook.com.br,84 4970 6959,2006-10-30,ZF984402,609,AADVANTAGE,229759
André,Siqueira,andré.siqueira1128@hotmail.com,71 4335 6239,1978-09-30,VR878389,396,,181821
Brenda,Viana,brenda.viana1129@gmail.com,+55 11 1187 0000,1952-02-20,AT461757,677,,68663
Stephany,Carvalho,stephany.carvalho1130@yahoo.com.br,+55 (081) 5322 0893,1949-02-13,KM323060,62,EXECUTIVE_CLUB,2820
Elisa,Gomes,elisa.gomes1131@gmail.com,0500 804 6617,1976-06-05,BB138577,244,,286722
Igor,Albuquerque,igor.albuquerque1132@hotmail.com,(071) 8247-5991,1959-11-19,DA907978,913,FLYING_BLUE,143062
Joaquim,Mendonça,joaquim.mendonça1133@uol.com.br,+55 (061) 6650 6888,1979-01-20,DF554581,668,,25131
Emanuella,Martins,emanuella.martins1134@outlook.com.br,+55 (051) 2731 6035,1993-06-03,AT193864,55,MILES_AND_GO,38637
Cauê,Cassiano,cauê.cassiano1135@bol.com.br,(081) 0632 7052,2001-08-24,EQ148747,457,,328577
Yan,Borges,yan.borges1136@outlook.com.br,+55 61 5646-8667,1981-10-28,ET841877,822,ASIA_MILES,359351
Isabella,Vargas,isabella.vargas1137@bol.com.br,0800-142-8400,1968-06-09,YJ946943,669,,147487
Anthony,Albuquerque,anthony.albuquerque1138@hotmail.com,(031) 4378-4710,1954-10-30,YO367228,392,,84665
Maria Laura,da Costa,marialaura.dacosta1139@icloud.com,+55 (051) 3225-8337,1995-08-29,FM921273,636,MILEAGE_PLUS,149164
Letícia,Vasconcelos,letícia.vasconcelos1140@yahoo.com.br,+55 (011) 3345-0154,1984-02-14,BP504409,249,EXECUTIVE_CLUB,204248
Isaac,Melo,isaac.melo1141@live.com,31 7866 1000,1967-12-22,HU191766,524,MILEAGE_PLUS,454773
Arthur Miguel,Ferreira,arthurmiguel.ferreira1142@hotmail.com,+55 71 8624 7939,1998-06-06,HI451481,736,AADVANTAGE,164721
Pedro,Pires,pedro.pires1143@uol.com.br,(031) 8914 0269,2005-07-20,YJ919787,483,SMILES,218050
Heloisa,Câmara,heloisa.câmara1144@hotmail.com,(051) 5580 0875,2005-09-08,BU618239,513,SMILES,191946
Melina,Vargas,melina.vargas1145@terra.com.br,(071) 1318 3823,1971-10-15,JA563501,116,TUDO_AZUL,310099
Mariane,Aragão,mariane.aragão1146@icloud.com,+55 84 4685-0138,1959-07-15,QT722843,787,FLYING_BLUE,297049
Erick,da Cruz,erick.dacruz1147@icloud.com,(031) 1842 9326,1965-05-21,AD184597,503,,223549
Alana,Duarte,alana.duarte1148@live.com,+55 (084) 7733 7010,1943-07-19,EC451788,980,EXECUTIVE_CLUB,269438
Lavínia,Fonseca,lavínia.fonseca1149@uol.com.br,+55 (061) 5497 1279,1967-10-02,PH187250,283,AADVANTAGE,352552
Ravi Lucca,Barros,ravilucca.barros1150@gmail.com,+55 (021) 6277-5699,1976-10-04,BV342815,760,MILES_AND_GO,57285
Alexandre,Lopes,alexandre.lopes1151@gmail.com,+55 61 8696 0956,1960-11-18,LE321022,374,TUDO_AZUL,356766
Isis,Brito,isis.brito1152@hotmail.com,84 2892-1075,1996-03-18,WK306091,778,TUDO_AZUL,77582
Milena,Lopes,milena.lopes1153@bol.com.br,21 8309 7533,1955-05-08,BR760641,691,LATAM_PASS,97089
Gabriela,Costa,gabriela.costa1154@hotmail.com,+55 71 9289-6918,2005-08-06,VP963909,837,,163527
Isis,Campos,isis.campos1155@live.com,61 8634 5496,1962-03-07,TT352923,609,LATAM_PASS,415948
Alana,Rios,alana.rios1156@yahoo.com.br,+55 (041) 6992 5583,1952-02-29,TB107262,756,,430385
Cauê,Albuquerque,cauê.albuquerque1157@uol.com.br,(084) 8087 5634,1994-11-05,DC236978,525,SKYWARDS,394581
Amanda,Pimenta,amanda.pimenta1158@hotmail.com,+55 (061) 8853 4883,1989-05-08,BY203182,834,,259813
Enzo Gabriel,Pereira,enzogabriel.pereira1159@yahoo.com.br,+55 (031) 7783-4079,1970-05-29,EH372914,721,SKYWARDS,206107
Marcos Vinicius,Carvalho,marcosvinicius.carvalho1160@icloud.com,84 1671-7711,1945-10-18,XP610421,647,,329419
Anthony Gabriel,Câmara,anthonygabriel.câmara1161@bol.com.br,+55 (051) 0736-1745,1943-05-19,YS780385,375,TUDO_AZUL,400768
Maria,Sá,maria.sá1162@bol.com.br,(071) 9184-8000,1947-08-07,MR971562,776,ASIA_MILES,493242
Benjamin,Sá,benjamin.sá1163@gmail.com,+55 31 3302 1489,2000-01-24,BR975973,161,MILEAGE_PLUS,433997
Arthur Miguel,da Cunha,arthurmiguel.dacunha1164@gmail.com,+55 31 3921 5819,1945-11-04,QC948730,823,AADVANTAGE,137888
Kaique,Martins,kaique.martins1165@live.com,+55 (011) 4437-6456,2004-04-27,EH669082,185,ASIA_MILES,41814
Dom,Moreira,dom.moreira1166@bol.com.br,84 9158-3365,1969-06-06,SN738201,940,EXECUTIVE_CLUB,287346
Luísa,das Neves,luísa.dasneves1167@live.com,+55 (061) 9148 7192,2000-07-28,BW393422,592,,37253
Arthur,Moraes,arthur.moraes1168@uol.com.br,41 2656-1978,1955-08-01,TR780966,987,LATAM_PASS,253615
Gabriela,Nogueira,gabriela.nogueira1169@hotmail.com,41 6699 1699,1949-08-25,AU118174,120,AADVANTAGE,317243
Levi,Siqueira,levi.siqueira1170@live.com,(041) 0866-5748,1999-07-30,DS857069,477,FLYING_BLUE,4524
Laís,Freitas,laís.freitas1171@live.com,(051) 9776 7380,1970-07-09,YO412752,767,SKYWARDS,117479
Bruno,Martins,bruno.martins1172@terra.com.br,81 8233 7339,1942-09-25,UV372026,485,,385127
Rhavi,da Mota,rhavi.damota1173@live.com,(011) 1267 8865,1992-12-23,QE190673,840,FLYING_BLUE,353925
Manuela,Aragão,manuela.aragão1174@live.com,71 5460-5217,1957-02-25,XG682956,811,ASIA_MILES,60440
Otto,Carvalho,otto.carvalho1175@hotmail.com,+55 11 0587-8928,1957-05-02,JL483795,10,AADVANTAGE,215422
Sabrina,Albuquerque,sabrina.albuquerque1176@yahoo.com.br,+55 (031) 9557-6930,2007-04-30,UW425041,657,,350649
Olivia,Moreira,olivia.moreira1177@icloud.com,11 0799-1906,1955-01-27,UF117168,137,SKYWARDS,140746
José Miguel,Correia,josémiguel.correia1178@hotmail.com,(011) 3449 1974,1963-12-14,NJ901409,159,EXECUTIVE_CLUB,391544
Maria,Abreu,maria.abreu1179@icloud.com,(011) 8671 1724,2006-07-15,KS964779,379,TUDO_AZUL,369662
Sarah,Pires,sarah.pires1180@terra.com.br,0800 634 3650,1996-10-25,KF811253,591,TUDO_AZUL,498863
Theodoro,Caldeira,theodoro.caldeira1181@outlook.com.br,+55 (011) 6724-0896,2003-12-11,YJ243271,712,SMILES,411766
Luan,Novais,luan.novais1182@live.com,+55 21 3215 6670,1944-04-14,US111972,297,TUDO_AZUL,347757
Davi Lucas,Rocha,davilucas.rocha1183@hotmail.com,(061) 1710-4599,1975-03-08,UL657926,729,SKYWARDS,122141
Liam,Silva,liam.silva1184@gmail.com,+55 21 8980 2213,1972-11-01,FU728903,585,LATAM_PASS,98386
Gustavo Henrique,Novais,gustavohenrique.novais1185@outlook.com.br,(051) 0346 1173,1942-08-16,XP681685,39,FLYING_BLUE,259076
Ana Carolina,Borges,anacarolina.borges1186@live.com,+55 61 1465-5451,2001-08-09,EE388670,257,LATAM_PASS,481447
Luiz Otávio,da Cruz,luizotávio.dacruz1187@uol.com.br,(081) 5916 4915,2003-12-14,IY518192,915,MILES_AND_GO,98625
Juliana,Guerra,juliana.guerra1188@uol.com.br,+55 (081) 6338-6486,1942-01-08,FO644217,568,,494641
Brenda,Almeida,brenda.almeida1189@gmail.com,(021) 4352 5019,1970-10-20,XZ396949,329,,327396
Erick,Jesus,erick.jesus1190@terra.com.br,61 4706 6967,1956-02-21,HA442985,9,MILEAGE_PLUS,320579
Maria Vitória,Montenegro,mariavitória.montenegro1191@hotmail.com,+55 (084) 4145-2448,1996-05-17,VS681377,500,AADVANTAGE,277538
Luana,da Mota,luana.damota1192@hotmail.com,(051) 3509 0435,1987-01-15,WK257798,971,AADVANTAGE,256028
Dom,Moreira,dom.moreira1193@bol.com.br,41 3929 4651,1943-02-04,FI922363,610,TUDO_AZUL,405122
Nicolas,Casa Grande,nicolas.casagrande1194@live.com,+55 (071) 0499 1264,1946-04-05,LS628539,481,MILEAGE_PLUS,138853
Ravy,Moreira,ravy.moreira1195@bol.com.br,(071) 0981-9205,1991-11-22,AY976246,45,,368074
Calebe,Pereira,calebe.pereira1196@hotmail.com,51 3392 3625,2008-01-19,MS546169,263,MILEAGE_PLUS,321829
Pedro Lucas,Carvalho,pedrolucas.carvalho1197@icloud.com,21 7119 2491,1969-07-31,AD967502,810,MILEAGE_PLUS,154362
João Lucas,Moraes,joãolucas.moraes1198@uol.com.br,+55 (041) 6238 1839,1940-08-06,IV243469,737,MILES_AND_GO,444892
Luigi,da Mata,luigi.damata1199@terra.com.br,84 7917 7619,1948-04-23,XO110139,82,,472779
Luiza,Albuquerque,luiza.albuquerque1200@live.com,+55 21 1729 2335,1982-08-16,UJ172948,346,AADVANTAGE,34535
Joaquim,da Cruz,joaquim.dacruz1201@uol.com.br,+55 (084) 1535-6287,1965-01-05,XB897245,357,,497948
João Guilherme,Silva,joãoguilherme.silva1202@bol.com.br,11 0409 4147,2007-03-22,DO611261,967,AADVANTAGE,246339
Maysa,Borges,maysa.borges1203@outlook.com.br,+55 (041) 8982-1824,1977-11-21,QM187046,665,TUDO_AZUL,124564
Allana,Gomes,allana.gomes1204@icloud.com,+55 41 6362 9703,1951-05-19,LU817130,513,FLYING_BLUE,198541
Rebeca,Lopes,rebeca.lopes1205@bol.com.br,(031) 3223-2242,1984-03-27,MF512842,628,SMILES,466182
Luana,Costa,luana.costa1206@live.com,84 3681-2541,2007-06-12,SC187988,897,ASIA_MILES,471505
Ana Beatriz,Fernandes,anabeatriz.fernandes1207@yahoo.com.br,41 7847-5904,2003-12-21,NH903523,169,MILES_AND_GO,203403
Valentim,Martins,valentim.martins1208@bol.com.br,+55 31 7643 4410,1987-10-28,YY266248,383,MILES_AND_GO,229983
Catarina,Marques,catarina.marques1209@bol.com.br,+55 (051) 6525 3293,1985-11-10,QN322842,38,FLYING_BLUE,31884
José Miguel,da Mata,josémiguel.damata1210@bol.com.br,+55 81 8345-1995,1997-04-19,DU756352,216,,350935
Antonella,Abreu,antonella.abreu1211@icloud.com,0500-775-4728,1984-10-17,XD807102,773,,401882
Isaque,Souza,isaque.souza1212@terra.com.br,(041) 0662-5016,1985-12-07,MX684397,567,ASIA_MILES,233848
Luiz Felipe,Cirino,luizfelipe.cirino1213@gmail.com,+55 (071) 7714-9487,1960-11-20,QB356863,255,,376477
Lucas,da Paz,lucas.dapaz1214@icloud.com,0800 261 5283,1957-06-15,YE342091,102,MILEAGE_PLUS,160322
Anthony,Duarte,anthony.duarte1215@outlook.com.br,+55 84 0808 2078,1977-10-26,SK659939,412,SKYWARDS,471757
Anthony,Peixoto,anthony.peixoto1216@icloud.com,+55 (061) 2092-5210,1975-06-05,YS181592,840,FLYING_BLUE,19222
Yan,Vargas,yan.vargas1217@yahoo.com.br,(084) 4791 3027,1953-09-22,KR929397,16,MILES_AND_GO,462421
José Pedro,Pastor,josépedro.pastor1218@gmail.com,(051) 1002 2798,1951-10-27,BP931107,97,,152450
João Gabriel,Fonseca,joãogabriel.fonseca1219@live.com,0500 883 5943,1979-05-11,NB217762,38,ASIA_MILES,321851
Lucca,Lopes,lucca.lopes1220@gmail.com,+55 (051) 2408-0770,1956-03-18,LQ596537,172,SKYWARDS,155572
Apollo,da Conceição,apollo.daconceição1221@live.com,61 1715-0685,1992-12-20,CY191962,644,LATAM_PASS,400067
Juan,da Rocha,juan.darocha1222@outlook.com.br,21 8895-9208,1941-05-04,HS605946,737,MILES_AND_GO,5848
Beatriz,Camargo,beatriz.camargo1223@terra.com.br,+55 (061) 2866-0099,1946-02-26,ZG955110,923,LATAM_PASS,423361
Maria Alice,Sales,mariaalice.sales1224@bol.com.br,+55 84 1171-5903,1979-09-29,BL995024,100,,302355
Jade,da Rocha,jade.darocha1225@icloud.com,(084) 3725-9012,1989-06-18,MY660084,86,,162926
Ana Vitória,Pereira,anavitória.pereira1226@outlook.com.br,+55 84 8343-2978,1974-11-12,XN893959,598,,453820
Letícia,Pires,letícia.pires1227@live.com,(071) 4295 9957,1945-06-26,DA565965,942,,473948
Enrico,Viana,enrico.viana1228@bol.com.br,11 0071-9103,1970-04-26,MI348609,829,,77504
Emanuelly,Correia,emanuelly.correia1229@uol.com.br,+55 21 5921-7234,1967-10-02,MG210462,291,TUDO_AZUL,137137
Antônio,Fernandes,antônio.fernandes1230@hotmail.com,(061) 8866 3143,1965-10-17,HR249703,649,TUDO_AZUL,135134
Vitória,Martins,vitória.martins1231@gmail.com,+55 61 1542 1188,1965-12-19,WI296482,588,AADVANTAGE,55137
Camila,Pimenta,camila.pimenta1232@bol.com.br,+55 61 9265 9517,1981-01-27,LH672906,305,LATAM_PASS,21896
Noah,da Conceição,noah.daconceição1233@outlook.com.br,51 6481 4313,1984-12-08,YF426903,31,ASIA_MILES,252199
Manuella,da Luz,manuella.daluz1234@gmail.com,+55 (011) 1980 1106,2007-11-15,KF857053,405,SMILES,361518
Thales,Novais,thales.novais1235@yahoo.com.br,+55 84 4326-5495,1952-09-30,MN486699,708,SKYWARDS,387247
Enrico,Rios,enrico.rios1236@icloud.com,21 1978-5517,1981-10-14,GD204236,229,,369927
Henry Gabriel,Ferreira,henrygabriel.ferreira1237@bol.com.br,+55 41 6980-3459,1999-10-18,YA752890,420,MILES_AND_GO,231346
Théo,Nascimento,théo.nascimento1238@uol.com.br,(011) 9408 0910,1942-05-15,PJ165507,788,,328564
Anthony,Leão,anthony.leão1239@terra.com.br,0800-819-8333,1967-09-10,CT897816,271,TUDO_AZUL,498806
Enzo Gabriel,Gonçalves,enzogabriel.gonçalves1240@live.com,+55 (041) 6640-3075,1980-07-05,FQ475531,134,TUDO_AZUL,19446
André,Fernandes,andré.fernandes1241@gmail.com,(021) 4081-0671,1985-01-10,JZ310478,240,,4357
Danilo,Oliveira,danilo.oliveira1242@hotmail.com,0900-651-0592,1970-06-22,UA506794,909,TUDO_AZUL,121528
Benjamim,Nogueira,benjamim.nogueira1243@outlook.com.br,+55 11 7494-5583,1962-10-02,BK131404,936,SKYWARDS,474569
Marcos Vinicius,Barros,marcosvinicius.barros1244@icloud.com,(021) 6549-3478,1965-03-19,OR246239,966,FLYING_BLUE,256596
Heitor,Vieira,heitor.vieira1245@yahoo.com.br,81 8881 0786,1992-09-30,GJ877217,354,FLYING_BLUE,368452
Rhavi,Cavalcanti,rhavi.cavalcanti1246@gmail.com,0300-703-0781,1945-12-05,GX764919,291,MILEAGE_PLUS,352269
Maria Fernanda,Sousa,mariafernanda.sousa1247@outlook.com.br,+55 51 2558 8119,1949-03-03,KE860079,444,FLYING_BLUE,388652
Igor,Cavalcante,igor.cavalcante1248@live.com,84 1518 0784,1971-12-14,UV427437,634,ASIA_MILES,289600
Ana Lívia,Cardoso,analívia.cardoso1249@bol.com.br,(061) 6004-2597,1966-11-23,QH980407,347,,385164
Juliana,Dias,juliana.dias1250@live.com,+55 (061) 5445-8479,1946-09-18,CT729855,128,FLYING_BLUE,231867
Clarice,Borges,clarice.borges1251@outlook.com.br,+55 61 9901-4090,1944-10-04,HO972845,442,MILEAGE_PLUS,7310
Bruna,da Rosa,bruna.darosa1252@bol.com.br,0500 625 2165,1961-08-08,NF486916,612,MILES_AND_GO,409250
Thales,Novaes,thales.novaes1253@live.com,+55 11 9076-6675,1995-12-30,OP267773,294,AADVANTAGE,235766
Kevin,da Cunha,kevin.dacunha1254@bol.com.br,+55 (021) 3157 9970,1952-10-15,JI223051,854,,183368
Jade,Ferreira,jade.ferreira1255@icloud.com,+55 51 2450 7783,1944-11-22,GT493809,936,MILEAGE_PLUS,473295
Luiza,Câmara,luiza.câmara1256@terra.com.br,0900-680-1922,1943-04-28,BQ918695,420,SMILES,411314
Maria Clara,Campos,mariaclara.campos1257@outlook.com.br,+55 (041) 3935-2601,1968-09-02,JQ726386,590,SKYWARDS,2712
Maria Eduarda,Pires,mariaeduarda.pires1258@live.com,84 5581 3261,1952-03-21,UC686557,376,LATAM_PASS,454517
Mateus,Farias,mateus.farias1259@bol.com.br,+55 84 7018 2332,2004-03-27,JY706938,436,EXECUTIVE_CLUB,241036
Danilo,Aragão,danilo.aragão1260@yahoo.com.br,+55 21 0467-4071,1962-06-28,GM669362,851,,368470
Yasmin,Vargas,yasmin.vargas1261@terra.com.br,+55 31 1156-4835,1955-05-26,TJ431980,392,LATAM_PASS,270682
Kamilly,Cavalcanti,kamilly.cavalcanti1262@icloud.com,(051) 5318-4833,2000-06-05,TV167487,764,MILES_AND_GO,149752
Gabriela,da Paz,gabriela.dapaz1263@yahoo.com.br,(084) 2964 5871,1947-12-16,TX307260,730,LATAM_PASS,379148
Gabriela,Gomes,gabriela.gomes1264@uol.com.br,0800-303-2216,1984-08-13,MP486619,332,,15896
Olivia,Aparecida,olivia.aparecida1265@live.com,+55 41 8215 5741,1940-08-19,UG905518,675,LATAM_PASS,486242
João Felipe,Sá,joãofelipe.sá1266@terra.com.br,+55 (051) 1883-3401,1947-04-04,AT309169,543,,285661
Maria Isis,Oliveira,mariaisis.oliveira1267@hotmail.com,(031) 4557 6696,1980-10-07,QF748248,373,MILEAGE_PLUS,100471
Kevin,Ferreira,kevin.ferreira1268@uol.com.br,(041) 1171-2034,1968-05-21,OT595668,234,,394228
Emanuelly,Sales,emanuelly.sales1269@live.com,+55 81 1756-5923,1987-07-05,MY608803,543,ASIA_MILES,349967
Anthony,Aragão,anthony.aragão1270@yahoo.com.br,(021) 2237 1664,1953-01-02,QR904704,21,LATAM_PASS,307107
Rafael,Cunha,rafael.cunha1271@uol.com.br,11 1999 7211,1990-07-03,NF280743,209,LATAM_PASS,138135
Davi Miguel,Dias,davimiguel.dias1272@yahoo.com.br,0800-270-9930,2005-08-26,ED204236,679,TUDO_AZUL,476555
Laura,Melo,laura.melo1273@outlook.com.br,+55 61 2011-7310,1983-05-01,KH383768,905,SMILES,143538
Eduardo,Aparecida,eduardo.aparecida1274@hotmail.com,+55 71 6005-2049,1942-07-10,II762849,301,SMILES,442469
Carolina,Gomes,carolina.gomes1275@outlook.com.br,71 5103 8953,1976-10-25,OE894239,91,LATAM_PASS,445721
Maria Julia,Rodrigues,mariajulia.rodrigues1276@yahoo.com.br,(051) 8392-9025,1949-08-21,XD284030,328,ASIA_MILES,198336
Paulo,Cirino,paulo.cirino1277@bol.com.br,51 8807 6965,1958-08-25,ZM940005,464,ASIA_MILES,407659
Maria Eduarda,Melo,mariaeduarda.melo1278@outlook.com.br,(041) 3959 2891,1961-10-26,WL530766,101,LATAM_PASS,110942
Théo,Lima,théo.lima1279@uol.com.br,+55 11 2453 4749,1992-04-24,TG849446,360,MILES_AND_GO,22900
Davi Lucca,Barbosa,davilucca.barbosa1280@outlook.com.br,31 4781-8222,1942-09-27,CS327205,807,MILEAGE_PLUS,480697
Paulo,Ramos,paulo.ramos1281@bol.com.br,+55 81 9447-4848,1986-08-18,GG707421,342,ASIA_MILES,255409
Daniela,Viana,daniela.viana1282@outlook.com.br,0900-445-1421,1993-05-20,YL599330,486,EXECUTIVE_CLUB,315110
Emilly,Martins,emilly.martins1283@yahoo.com.br,0900 142 6071,1982-08-28,YP919485,700,FLYING_BLUE,376694
Pedro Lucas,Costa,pedrolucas.costa1284@hotmail.com,+55 31 8276-4612,1958-10-13,MD276391,449,,219824
Otávio,Siqueira,otávio.siqueira1285@terra.com.br,+55 71 5259-1372,1962-05-16,LD909808,263,,312288
Antônio,Jesus,antônio.jesus1286@live.com,+55 11 0978-0399,1970-06-17,FJ864608,833,LATAM_PASS,3838
Paulo,da Cunha,paulo.dacunha1287@outlook.com.br,61 2075 3919,1978-06-25,BZ703466,420,ASIA_MILES,18491
Erick,Teixeira,erick.teixeira1288@uol.com.br,+55 (031) 8918-3507,1977-10-12,AI188997,525,LATAM_PASS,418543
Ravy,Pinto,ravy.pinto1289@icloud.com,61 5505-0681,1961-01-24,UH533047,417,TUDO_AZUL,18442
Cecilia,Brito,cecilia.brito1290@hotmail.com,84 2785 6621,1958-06-18,NM968468,437,LATAM_PASS,3682
Maria Isis,Santos,mariaisis.santos1291@outlook.com.br,+55 (031) 7243-8144,2003-06-08,FY141312,83,LATAM_PASS,367496
Eloá,Jesus,eloá.jesus1292@terra.com.br,+55 81 9975-3014,1946-02-02,OI483824,117,,414100
Valentim,Gomes,valentim.gomes1293@uol.com.br,71 4554-5012,1957-01-12,XQ776893,544,,306897
João Miguel,Carvalho,joãomiguel.carvalho1294@hotmail.com,0800-884-8131,2002-03-06,HI568373,470,MILES_AND_GO,36939
José Miguel,Aragão,josémiguel.aragão1295@terra.com.br,0500-308-9893,2000-01-13,BD182885,747,SMILES,212855
Benicio,Nunes,benicio.nunes1296@yahoo.com.br,+55 (061) 2024-1766,1984-11-27,BA342398,7,,278476
Luna,Aparecida,luna.aparecida1297@outlook.com.br,51 3828 2667,1999-09-05,KS596502,230,FLYING_BLUE,22993
Amanda,Araújo,amanda.araújo1298@gmail.com,+55 (011) 9773 5496,1985-10-04,MD284128,859,SKYWARDS,171762
Léo,Fonseca,léo.fonseca1299@terra.com.br,+55 (031) 1213 5530,1980-08-26,LL221854,594,AADVANTAGE,479052
Isaac,Castro,isaac.castro1300@terra.com.br,+55 61 3646-6937,1955-07-06,CH924536,943,,66799
Davi,Lima,davi.lima1301@live.com,(071) 6440 3148,1983-08-12,FU239708,432,MILEAGE_PLUS,442804
Luiz Fernando,Cirino,luizfernando.cirino1302@hotmail.com,0900-457-2055,1945-06-17,KB731292,914,EXECUTIVE_CLUB,13591
Antonella,da Conceição,antonella.daconceição1303@yahoo.com.br,61 8555 0269,1947-04-14,DP765370,852,,378645
Alice,Freitas,alice.freitas1304@gmail.com,41 3607-2288,1964-06-01,BU822652,364,MILEAGE_PLUS,298321
Alexia,Viana,alexia.viana1305@uol.com.br,0800 288 6689,2005-10-22,XJ727881,742,,19426
Sarah,Albuquerque,sarah.albuquerque1306@hotmail.com,71 5285 4430,1942-07-17,IK563803,827,EXECUTIVE_CLUB,404732
Ana Sophia,Cavalcanti,anasophia.cavalcanti1307@uol.com.br,(011) 1416-3707,1991-03-29,RI615835,122,SKYWARDS,330488
Lorenzo,Monteiro,lorenzo.monteiro1308@bol.com.br,+55 84 0050 2940,1988-06-05,GL176799,180,SMILES,24487
Luísa,Nunes,luísa.nunes1309@uol.com.br,(031) 7881-0485,1981-05-24,IW461002,729,LATAM_PASS,165587
Guilherme,Ferreira,guilherme.ferreira1310@gmail.com,11 4248 7840,1990-11-09,QF878746,561,SKYWARDS,116090
Ana Liz,Caldeira,analiz.caldeira1311@bol.com.br,+55 51 4088 7795,1974-05-29,MK555085,990,EXECUTIVE_CLUB,379736
Eduardo,Duarte,eduardo.duarte1312@outlook.com.br,0900 229 1379,1981-12-03,LX675072,781,MILEAGE_PLUS,324738
Bernardo,Pires,bernardo.pires1313@hotmail.com,81 8404-7633,1967-07-03,PU369246,272,,119829
Antônio,Vasconcelos,antônio.vasconcelos1314@bol.com.br,0300-141-5928,1972-06-20,AE573122,525,ASIA_MILES,497941
Ana Julia,Carvalho,anajulia.carvalho1315@live.com,41 7741 6537,2000-04-06,DC581703,744,SKYWARDS,174302
Alana,Jesus,alana.jesus1316@outlook.com.br,(031) 8563-7164,1992-05-13,ND756793,531,AADVANTAGE,33514
Renan,Gonçalves,renan.gonçalves1317@hotmail.com,+55 61 1685 9524,1984-11-10,FA491572,269,SMILES,140596
Diego,Monteiro,diego.monteiro1318@hotmail.com,41 7478-2563,1969-09-13,QG913593,320,AADVANTAGE,335598
Yago,Siqueira,yago.siqueira1319@uol.com.br,(061) 1011 0288,1952-03-19,XO545737,955,,282232
Nathan,Sales,nathan.sales1320@hotmail.com,+55 81 9141-0112,1993-11-01,EK420943,70,MILES_AND_GO,404932
Caleb,Barros,caleb.barros1321@live.com,(041) 7481 5796,1995-09-11,WF176255,291,,224458
Gael,Pastor,gael.pastor1322@bol.com.br,+55 81 3802 1245,2000-09-20,BP598557,576,LATAM_PASS,460869
Stephany,Cassiano,stephany.cassiano1323@bol.com.br,(081) 0807-0927,1998-08-30,RX398684,209,ASIA_MILES,362184
Pietra,Ramos,pietra.ramos1324@terra.com.br,+55 81 3642-5424,1970-12-13,HT994456,378,,231123
Maria Eduarda,Araújo,mariaeduarda.araújo1325@yahoo.com.br,0900-154-6669,1966-09-13,XR371375,453,MILEAGE_PLUS,454551
João,Abreu,joão.abreu1326@live.com,+55 (051) 9722-3187,1993-03-02,LA456798,305,FLYING_BLUE,197008
Benjamim,Moraes,benjamim.moraes1327@outlook.com.br,+55 41 3445-3975,2004-07-10,PI940187,274,,176498
Caleb,Novaes,caleb.novaes1328@yahoo.com.br,+55 (031) 3856 9802,1979-03-07,GC357990,936,,262248
Ana Júlia,da Mota,anajúlia.damota1329@gmail.com,+55 (021) 7836-2684,2003-12-08,ZN603186,533,TUDO_AZUL,104573
Ana Carolina,Caldeira,anacarolina.caldeira1330@bol.com.br,(051) 9044-7515,1995-05-19,NF815698,507,,338308
Ravy,Mendonça,ravy.mendonça1331@yahoo.com.br,+55 (031) 6082 3820,1967-09-11,RI862816,989,TUDO_AZUL,332142
Arthur Gabriel,Albuquerque,arthurgabriel.albuquerque1332@yahoo.com.br,(071) 8067-8246,1980-11-05,GP794202,304,SMILES,164200
Ana Sophia,Pires,anasophia.pires1333@terra.com.br,+55 (011) 9222 2128,1954-03-15,UC597920,723,LATAM_PASS,412494
Ágatha,Caldeira,ágatha.caldeira1334@outlook.com.br,+55 (031) 3583 2232,1982-11-05,OL604530,669,MILES_AND_GO,82000
Maya,Casa Grande,maya.casagrande1335@uol.com.br,+55 71 2416-0838,1961-03-05,ER302374,444,LATAM_PASS,103518
Sabrina,Ramos,sabrina.ramos1336@hotmail.com,71 9948-2233,1957-09-22,QD423505,187,SMILES,356060
José,Cavalcanti,josé.cavalcanti1337@icloud.com,(031) 6619 9971,2004-05-07,YB237365,560,FLYING_BLUE,344447
Caleb,Moraes,caleb.moraes1338@hotmail.com,31 6321-3375,1992-07-21,HV398434,740,SMILES,491530
Luiz Henrique,Barros,luizhenrique.barros1339@bol.com.br,11 4472 2700,1963-11-18,GN288524,496,,175763
Vinícius,Moreira,vinícius.moreira1340@live.com,+55 71 4225-9730,1995-01-03,ME707019,354,TUDO_AZUL,67173
Pedro Henrique,Mendonça,pedrohenrique.mendonça1341@bol.com.br,21 0837 4320,1975-06-23,XX408643,130,ASIA_MILES,116281
Cauã,Guerra,cauã.guerra1342@gmail.com,81 3077-3667,1996-12-13,EN581365,265,,173280
Emanuella,Montenegro,emanuella.montenegro1343@terra.com.br,41 7715-7333,1979-12-30,ZE990579,705,SMILES,272365
Brenda,Câmara,brenda.câmara1344@icloud.com,11 9023-8940,1954-11-03,EN810372,830,SMILES,253886
Beatriz,Lopes,beatriz.lopes1345@bol.com.br,(051) 6192-7812,1986-08-18,LT986436,862,EXECUTIVE_CLUB,391198
Caio,Martins,caio.martins1346@outlook.com.br,+55 84 8099-5224,1950-12-14,DO896825,669,MILES_AND_GO,39486
João Felipe,Sá,joãofelipe.sá1347@live.com,(011) 1737-2017,1962-09-21,YD558201,27,LATAM_PASS,372780
Augusto,Azevedo,augusto.azevedo1348@hotmail.com,(061) 5567 7473,1970-10-14,EJ856969,15,,99380
Emilly,Camargo,emilly.camargo1349@gmail.com,84 7444 9989,2000-12-24,NB305949,430,SMILES,283084
Bryan,Viana,bryan.viana1350@live.com,+55 71 6778 8030,2005-01-05,EP642558,114,AADVANTAGE,416829
Lucas,da Paz,lucas.dapaz1351@yahoo.com.br,+55 (011) 0833 4187,1955-05-02,WO848990,367,,274840
Isaque,Vasconcelos,isaque.vasconcelos1352@terra.com.br,(051) 0393 0380,1988-07-10,IS688856,487,AADVANTAGE,376263
Mateus,Sá,mateus.sá1353@terra.com.br,+55 (084) 1373-1295,1958-10-04,LZ949980,648,TUDO_AZUL,273732
Benjamin,Vieira,benjamin.vieira1354@bol.com.br,31 8198-7599,1977-11-26,CZ146978,674,,306038
Maria Eduarda,da Conceição,mariaeduarda.daconceição1355@yahoo.com.br,+55 (051) 9278-0992,1987-08-30,GD744793,619,,118287
Rebeca,da Costa,rebeca.dacosta1356@icloud.com,+55 (084) 9106-2046,1967-05-18,QS521280,232,AADVANTAGE,194952
Maria Clara,Novais,mariaclara.novais1357@outlook.com.br,+55 (081) 0381-6919,2002-05-23,FH198079,234,MILES_AND_GO,454496
Théo,Nogueira,théo.nogueira1358@outlook.com.br,+55 (061) 7698 6444,1973-01-23,KQ855853,430,TUDO_AZUL,210801
Davi Lucas,Campos,davilucas.campos1359@icloud.com,+55 21 0154 2725,1964-04-23,QL119834,240,EXECUTIVE_CLUB,171849
Bruna,Marques,bruna.marques1360@uol.com.br,+55 51 8087 2584,1941-06-04,UY109307,911,SKYWARDS,141170
Luiz Fernando,Câmara,luizfernando.câmara1361@gmail.com,+55 (031) 7275-2152,1949-05-08,ZR499612,669,SMILES,55604
Mariah,Vasconcelos,mariah.vasconcelos1362@yahoo.com.br,+55 (084) 1434 1663,1956-11-05,BC525517,678,MILES_AND_GO,77500
Vitória,Castro,vitória.castro1363@outlook.com.br,(031) 5972-7771,1971-11-11,TB101209,50,SKYWARDS,356375
Nicole,Sampaio,nicole.sampaio1364@bol.com.br,+55 (041) 5346 5740,1968-02-22,YF209302,630,ASIA_MILES,343115
Giovanna,Vieira,giovanna.vieira1365@icloud.com,+55 71 8698-7164,1956-03-24,RU696725,224,ASIA_MILES,203016
Isadora,Viana,isadora.viana1366@yahoo.com.br,+55 81 9177 3605,1982-03-22,WX141637,503,MILES_AND_GO,99733
Rodrigo,Sá,rodrigo.sá1367@gmail.com,71 1100-0778,2002-08-16,DF485729,430,,385937
Renan,Camargo,renan.camargo1368@icloud.com,+55 (031) 6374-1987,1997-01-08,MC377320,906,TUDO_AZUL,22566
Calebe,Costela,calebe.costela1369@yahoo.com.br,(051) 0819 3392,1953-01-28,ME218003,271,,18843
Lorenzo,Melo,lorenzo.melo1370@bol.com.br,(021) 5454 4727,1984-07-19,EI704462,607,,271576
Rafaela,Monteiro,rafaela.monteiro1371@yahoo.com.br,(011) 7717 4066,1960-03-02,RS361631,870,,153300
Hellena,Machado,hellena.machado1372@bol.com.br,+55 (011) 6137 6982,1948-12-21,VE210908,938,FLYING_BLUE,433603
Mateus,Machado,mateus.machado1373@outlook.com.br,84 2593-0878,1946-03-26,DV224535,329,TUDO_AZUL,79357
Marina,Nunes,marina.nunes1374@gmail.com,+55 (084) 2812 1263,1981-04-04,GD292407,551,,433289
Ana Vitória,Silva,anavitória.silva1375@icloud.com,21 6710 2622,1948-01-08,YJ194538,819,AADVANTAGE,332321
Aylla,Sá,aylla.sá1376@hotmail.com,+55 (081) 3562-8443,1981-10-13,FO602690,385,AADVANTAGE,379425
Mariah,Rocha,mariah.rocha1377@yahoo.com.br,71 2840-1252,1994-09-11,VL948960,584,TUDO_AZUL,497245
Danilo,Aparecida,danilo.aparecida1378@bol.com.br,+55 (061) 0918-2812,1957-02-17,LH892617,159,SKYWARDS,86156
Ana,Mendes,ana.mendes1379@outlook.com.br,84 6783 0317,1985-03-26,KI828609,810,FLYING_BLUE,187322
Lucca,Peixoto,lucca.peixoto1380@bol.com.br,0800-937-5137,1943-11-02,SK594839,399,TUDO_AZUL,157379
Kamilly,Rodrigues,kamilly.rodrigues1381@icloud.com,+55 71 8141-9679,2004-10-10,SF723217,787,EXECUTIVE_CLUB,326651
Guilherme,Novais,guilherme.novais1382@bol.com.br,(061) 1920 8496,1995-10-04,NV210817,535,FLYING_BLUE,171920
Clara,da Cruz,clara.dacruz1383@icloud.com,+55 31 9405 6845,1963-04-14,FQ688482,689,,94316
Paulo,Sales,paulo.sales1384@bol.com.br,+55 41 0752 8799,1944-02-17,QD566838,41,TUDO_AZUL,477032
Maria Júlia,Cavalcante,mariajúlia.cavalcante1385@yahoo.com.br,(081) 7502 2593,1999-03-14,NE381716,323,EXECUTIVE_CLUB,187443
Isaac,Ribeiro,isaac.ribeiro1386@yahoo.com.br,+55 (061) 7254-4955,2000-09-21,EE409162,844,,118712
Apollo,da Cruz,apollo.dacruz1387@gmail.com,0500 582 5467,1971-03-30,CN569892,135,SMILES,287839
Lunna,Cassiano,lunna.cassiano1388@uol.com.br,41 7783 9075,1982-07-11,HX681579,529,EXECUTIVE_CLUB,156853
Enrico,Jesus,enrico.jesus1389@uol.com.br,+55 (011) 6626 7940,1977-05-28,WV550212,91,,10649
Breno,Marques,breno.marques1390@uol.com.br,+55 84 2917 6480,1972-03-08,QN279229,904,TUDO_AZUL,213194
Pedro Henrique,Guerra,pedrohenrique.guerra1391@hotmail.com,11 4402 9195,1959-11-12,ZU974825,329,ASIA_MILES,41494
Giovanna,Farias,giovanna.farias1392@gmail.com,(061) 8484 1492,1985-09-10,TJ113239,802,,217925
José,Nascimento,josé.nascimento1393@uol.com.br,(061) 6022 9351,1997-05-20,NT978258,264,TUDO_AZUL,171203
Enrico,Ribeiro,enrico.ribeiro1394@live.com,(031) 8636 9380,1993-01-15,BL450867,390,,79777
Clara,Nascimento,clara.nascimento1395@bol.com.br,+55 (051) 7043 5175,1967-01-27,SO453521,381,ASIA_MILES,119743
Matheus,Barros,matheus.barros1396@live.com,(011) 1084-5631,1951-05-06,GR366909,119,ASIA_MILES,363876
Theodoro,Machado,theodoro.machado1397@outlook.com.br,+55 (051) 6508-8997,1947-07-01,NF219202,940,ASIA_MILES,267838
Eloah,Farias,eloah.farias1398@icloud.com,(051) 3799 7881,1995-11-02,LX819796,757,,328372
Letícia,Silva,letícia.silva1399@outlook.com.br,+55 (061) 9651 1988,1975-06-19,DK491123,646,,365225
Maitê,da Paz,maitê.dapaz1400@bol.com.br,(071) 3217-7854,1988-05-29,GR638469,296,,226350
Anna Liz,Martins,annaliz.martins1401@bol.com.br,(081) 7060-8558,2001-05-08,SU573329,358,,125066
Natália,Rios,natália.rios1402@uol.com.br,71 5643-2754,1961-08-28,QJ586771,224,MILEAGE_PLUS,178697
Enzo,Barbosa,enzo.barbosa1403@terra.com.br,21 2770 1562,1969-05-25,SF617862,754,MILEAGE_PLUS,225922
Heloisa,Guerra,heloisa.guerra1404@icloud.com,71 0527-9200,1945-12-14,CD824697,207,LATAM_PASS,376923
Aylla,da Cunha,aylla.dacunha1405@outlook.com.br,+55 51 6460 6649,1956-08-17,PM896717,900,LATAM_PASS,439276
Murilo,Castro,murilo.castro1406@uol.com.br,(071) 5838 8333,1973-06-01,KX756341,711,EXECUTIVE_CLUB,392957
Felipe,da Luz,felipe.daluz1407@uol.com.br,+55 (021) 5485-9282,1984-09-17,NL871654,714,SMILES,466320
Antony,Gonçalves,antony.gonçalves1408@outlook.com.br,(061) 3479 7109,1970-01-03,IW629365,943,FLYING_BLUE,30006
Asafe,Almeida,asafe.almeida1409@yahoo.com.br,61 1000-3266,1997-11-14,RO270160,929,EXECUTIVE_CLUB,335112
Julia,Borges,julia.borges1410@live.com,+55 (021) 8864 4991,1978-07-30,JB227550,13,MILEAGE_PLUS,245643
Heloísa,Casa Grande,heloísa.casagrande1411@live.com,(084) 6502-9425,1987-09-13,XW511039,281,,349849
Davi,Teixeira,davi.teixeira1412@hotmail.com,+55 84 9153 5375,1950-11-28,LV387864,35,AADVANTAGE,223137
Levi,Mendes,levi.mendes1413@hotmail.com,0900 766 1624,2005-09-04,BF161143,958,,350351
João Gabriel,Pereira,joãogabriel.pereira1414@uol.com.br,51 0107 0177,1954-11-21,CQ563802,212,TUDO_AZUL,468219
Ana Beatriz,das Neves,anabeatriz.dasneves1415@outlook.com.br,71 3486-4917,1941-10-06,RK882289,408,AADVANTAGE,463585
Ayla,Albuquerque,ayla.albuquerque1416@live.com,+55 (081) 1233-1534,1977-09-07,RU165290,656,,319485
Melina,Garcia,melina.garcia1417@yahoo.com.br,(084) 4103-7514,1947-06-08,BL912901,837,,124112
Heitor,Garcia,heitor.garcia1418@bol.com.br,81 6898 2397,1978-08-09,QA464892,689,MILES_AND_GO,141103
Matheus,Ramos,matheus.ramos1419@yahoo.com.br,51 6028 4963,1970-09-20,NK129807,971,,475311
Eloah,Fonseca,eloah.fonseca1420@terra.com.br,+55 (031) 1219 9149,1985-01-11,GE406897,728,SMILES,446908
Cecília,Cardoso,cecília.cardoso1421@terra.com.br,(081) 9530 1965,1953-06-10,GA597909,11,,118504
Yago,Nunes,yago.nunes1422@live.com,(081) 9445 9914,1944-05-16,BR624887,823,,177239
Ana Sophia,Casa Grande,anasophia.casagrande1423@hotmail.com,+55 84 0388 7071,1940-09-23,UI882360,656,TUDO_AZUL,122194
Thales,Souza,thales.souza1424@outlook.com.br,(011) 2121 0046,1941-12-06,UJ898023,531,ASIA_MILES,275955
Vitória,Mendonça,vitória.mendonça1425@live.com,+55 (011) 1008-4865,1964-06-27,GY594217,960,,405760
Ana Clara,Cavalcanti,anaclara.cavalcanti1426@terra.com.br,(071) 6862 2290,1986-07-16,NY348069,514,ASIA_MILES,172215
Aurora,da Mata,aurora.damata1427@bol.com.br,+55 41 7105 6739,1995-04-19,UN152470,529,ASIA_MILES,399849
João Pedro,Pinto,joãopedro.pinto1428@uol.com.br,81 9070 6487,1987-12-02,PU850526,193,,346738
João Miguel,Silva,joãomiguel.silva1429@uol.com.br,51 3895 1752,1963-03-07,YM456952,300,FLYING_BLUE,231176
Cauê,da Rosa,cauê.darosa1430@live.com,+55 (031) 0483 0762,1973-04-19,IN883009,61,LATAM_PASS,348679
Maria Eduarda,da Cruz,mariaeduarda.dacruz1431@yahoo.com.br,(081) 3827 4383,1965-01-19,CU134421,573,SKYWARDS,459159
Leonardo,Sampaio,leonardo.sampaio1432@outlook.com.br,+55 (031) 2506-3483,1992-04-25,GT841658,953,ASIA_MILES,28015
Maria Alice,da Costa,mariaalice.dacosta1433@yahoo.com.br,+55 31 0146-4675,2001-05-08,CN903286,836,,334764
Bento,da Cruz,bento.dacruz1434@icloud.com,0500-541-8520,1944-03-30,HL643358,510,AADVANTAGE,54655
Otávio,Pacheco,otávio.pacheco1435@live.com,+55 (061) 1044 3305,1947-07-29,IM121065,973,SMILES,73445
Caio,Pacheco,caio.pacheco1436@icloud.com,0800 934 0960,1944-01-21,KG120224,13,ASIA_MILES,396045
Daniel,Siqueira,daniel.siqueira1437@icloud.com,(081) 6848-6558,2003-03-28,LW765927,528,,148491
Ana Júlia,Cassiano,anajúlia.cassiano1438@yahoo.com.br,+55 (061) 7768-5755,1964-05-05,BH778388,737,SKYWARDS,160555
Luara,Vargas,luara.vargas1439@bol.com.br,+55 (011) 9277-5019,1961-08-19,TS859638,70,,298851
Otto,Casa Grande,otto.casagrande1440@terra.com.br,81 7494 2221,1949-04-20,LX939658,730,SKYWARDS,1690
Laís,Gomes,laís.gomes1441@gmail.com,11 2381 4987,1982-02-22,DO583338,301,ASIA_MILES,187939
Dom,Sales,dom.sales1442@bol.com.br,+55 (031) 3577 7931,1952-10-12,AG431318,280,SKYWARDS,320306
Luiz Gustavo,da Cunha,luizgustavo.dacunha1443@gmail.com,0900 386 3623,1960-02-24,WE429202,930,MILES_AND_GO,378301
Davi Luiz,Mendonça,daviluiz.mendonça1444@terra.com.br,(084) 3373 4776,1983-12-05,BK924613,533,,446029
Pedro Henrique,Araújo,pedrohenrique.araújo1445@outlook.com.br,61 5827-6546,1962-03-20,WC299576,333,AADVANTAGE,57990
Davi Luiz,Ferreira,daviluiz.ferreira1446@icloud.com,(084) 3037-8581,1979-03-18,FV534260,806,,144586
Vitor Gabriel,Rios,vitorgabriel.rios1447@bol.com.br,+55 81 9836 8761,1983-10-22,AA687857,612,,105980
Asafe,Marques,asafe.marques1448@terra.com.br,(051) 6115 5510,1942-01-10,RV567423,360,AADVANTAGE,326877
Marina,da Rosa,marina.darosa1449@icloud.com,84 8696-1158,1948-10-06,ZR758760,797,MILEAGE_PLUS,491128
Sarah,Pereira,sarah.pereira1450@gmail.com,(084) 1872-9701,1944-10-14,RB511704,697,MILEAGE_PLUS,222608
Marcelo,Leão,marcelo.leão1451@icloud.com,+55 61 5624 2060,1954-12-21,YI306162,31,MILEAGE_PLUS,235743
Evelyn,Porto,evelyn.porto1452@hotmail.com,+55 41 6976 9054,1993-05-14,GQ608962,322,SMILES,77955
Thales,Farias,thales.farias1453@yahoo.com.br,71 8219 4719,1998-07-24,PR560792,657,MILES_AND_GO,452541
Alexandre,Sales,alexandre.sales1454@yahoo.com.br,+55 51 2710 7325,1985-10-01,MF900095,862,LATAM_PASS,288245
Marcela,Fonseca,marcela.fonseca1455@yahoo.com.br,+55 (061) 3034-8990,1948-08-13,JQ174326,460,FLYING_BLUE,473020
Aylla,Jesus,aylla.jesus1456@bol.com.br,+55 (084) 1721-0463,2005-06-02,IK433133,852,EXECUTIVE_CLUB,152502
Davi Luiz,Vieira,daviluiz.vieira1457@hotmail.com,51 7019 8783,1976-02-24,RX928086,603,LATAM_PASS,43073
Clara,Almeida,clara.almeida1458@terra.com.br,(021) 5931 8131,1960-11-24,NM209901,496,MILES_AND_GO,340702
Kaique,Fogaça,kaique.fogaça1459@bol.com.br,(031) 0997-3413,2001-10-22,IW887201,505,SKYWARDS,93416
Elisa,Rezende,elisa.rezende1460@gmail.com,(081) 4076 4718,2003-11-14,FZ177292,594,ASIA_MILES,36853
Hadassa,Sales,hadassa.sales1461@yahoo.com.br,0900 436 8131,1983-04-16,JG202866,368,SMILES,353399
Ana Carolina,Farias,anacarolina.farias1462@uol.com.br,0800-480-7207,1991-09-17,SO148301,971,FLYING_BLUE,56541
Sophia,da Cunha,sophia.dacunha1463@terra.com.br,41 4584-0222,1985-10-09,UX146996,158,,20700
Lívia,Silveira,lívia.silveira1464@live.com,41 0218 0667,2007-01-26,YE774975,799,MILES_AND_GO,149179
José,Farias,josé.farias1465@yahoo.com.br,0900 344 4519,1970-12-16,TF481875,42,ASIA_MILES,363545
Breno,Guerra,breno.guerra1466@live.com,(031) 2108 3063,1973-09-06,MC675497,991,MILES_AND_GO,435239
Yuri,da Rocha,yuri.darocha1467@uol.com.br,(084) 1084-2575,1997-03-13,AH990857,523,MILEAGE_PLUS,91112
Vitor Hugo,Cirino,vitorhugo.cirino1468@uol.com.br,+55 41 5349-7248,1971-09-27,RS687309,122,EXECUTIVE_CLUB,322148
Larissa,Moreira,larissa.moreira1469@icloud.com,+55 (071) 2253-5022,1997-07-12,XT733666,772,MILES_AND_GO,83572
Manuela,Machado,manuela.machado1470@bol.com.br,61 9033 8471,1984-09-21,RI994650,44,SMILES,429004
Pedro Lucas,Mendes,pedrolucas.mendes1471@gmail.com,51 7752 2212,1963-07-11,OQ985418,143,MILEAGE_PLUS,448786
Caleb,Andrade,caleb.andrade1472@bol.com.br,+55 (021) 3420-3387,1941-04-02,VU735977,214,LATAM_PASS,356273
Otto,Novaes,otto.novaes1473@bol.com.br,+55 (084) 5002-1563,1965-10-19,GF934290,867,SKYWARDS,411213
Yasmin,Costa,yasmin.costa1474@outlook.com.br,84 9436 5869,1966-02-11,DS932310,100,SMILES,334496
Ana Júlia,Pimenta,anajúlia.pimenta1475@hotmail.com,0500 785 1344,1981-08-23,BV285905,132,AADVANTAGE,308090
Ana Vitória,Silveira,anavitória.silveira1476@terra.com.br,+55 (031) 9677-3759,1957-04-09,WD536447,230,MILES_AND_GO,445214
Ana Lívia,Cassiano,analívia.cassiano1477@icloud.com,+55 31 8886 1666,1954-08-23,WI452519,217,,499859
Raul,da Cruz,raul.dacruz1478@bol.com.br,31 0911-5416,1952-12-29,JF771678,113,SMILES,196056
Nina,Cavalcanti,nina.cavalcanti1479@bol.com.br,(061) 7054-9114,1981-08-19,LR830685,906,ASIA_MILES,454754
Benício,Lima,benício.lima1480@terra.com.br,+55 81 7651-2674,1984-03-05,DC741015,545,MILES_AND_GO,64145
Arthur Gabriel,Marques,arthurgabriel.marques1481@terra.com.br,+55 21 5138-3456,1995-02-03,BH156471,766,,187093
Lucas,Nunes,lucas.nunes1482@uol.com.br,(031) 9565 1582,1955-06-18,EY574387,21,MILES_AND_GO,132347
Leonardo,Santos,leonardo.santos1483@uol.com.br,+55 (071) 9476 0596,1997-12-25,IX173319,548,,143516
Manuela,Jesus,manuela.jesus1484@terra.com.br,(021) 1249-8334,1986-01-05,JY159394,726,SKYWARDS,110245
Valentim,Brito,valentim.brito1485@bol.com.br,(084) 9693-8925,1966-05-29,QW107657,509,AADVANTAGE,188260
Lucas,Pimenta,lucas.pimenta1486@hotmail.com,(011) 9373 5290,1995-05-14,IX915939,37,AADVANTAGE,399941
Rafaela,Câmara,rafaela.câmara1487@hotmail.com,+55 21 6867 4478,1992-03-05,UY894937,976,,189775
Luiza,Moura,luiza.moura1488@live.com,+55 81 0718 1169,1953-12-28,VU433702,571,MILEAGE_PLUS,437035
Thiago,da Cunha,thiago.dacunha1489@hotmail.com,81 2697-1870,1985-07-20,JI431712,148,MILEAGE_PLUS,149602
Ian,Fernandes,ian.fernandes1490@uol.com.br,0500 874 0541,1989-06-03,ML125459,487,TUDO_AZUL,397174
Davi Lucca,Pacheco,davilucca.pacheco1491@bol.com.br,0500-851-1742,1989-04-07,WG195518,832,,130894
Heloisa,Barros,heloisa.barros1492@bol.com.br,+55 (011) 7404-5122,1949-05-03,ID742135,101,,228155
Sabrina,Rodrigues,sabrina.rodrigues1493@terra.com.br,21 9370-8103,1998-05-31,ER639776,306,SKYWARDS,282089
Catarina,Machado,catarina.machado1494@bol.com.br,+55 31 8910 0492,1955-08-26,HL612634,774,AADVANTAGE,115356
Thomas,Guerra,thomas.guerra1495@gmail.com,+55 71 2854 9972,1997-03-08,WC413816,567,,435744
Isabelly,Vasconcelos,isabelly.vasconcelos1496@uol.com.br,(071) 0810 8667,1947-03-29,ZA650930,101,SMILES,83909
Cauê,da Mata,cauê.damata1497@yahoo.com.br,0800 579 0354,1990-08-06,ZM235780,240,,120676
Caleb,Gomes,caleb.gomes1498@bol.com.br,51 2359 8488,1950-08-11,GE748448,864,MILEAGE_PLUS,43395
Maria Vitória,Gonçalves,mariavitória.gonçalves1499@hotmail.com,84 4841 2123,1977-01-05,SX355338,936,SMILES,4697
Alexia,Nunes,alexia.nunes1500@outlook.com.br,(084) 9370 6272,1942-10-19,EB567278,628,SMILES,203368
Rael,Farias,rael.farias1501@yahoo.com.br,+55 81 3611-3887,1967-01-20,JO317275,870,ASIA_MILES,384980
Danilo,Santos,danilo.santos1502@terra.com.br,+55 51 6298 4754,1972-05-10,KW654590,37,SMILES,386653
Milena,Monteiro,milena.monteiro1503@gmail.com,+55 (071) 9646 1469,1990-09-03,RX816146,102,,471178
Alana,Moraes,alana.moraes1504@uol.com.br,31 5601-6685,2007-05-19,PI419981,73,,47475
Júlia,Marques,júlia.marques1505@live.com,0500-532-4975,1976-04-06,OB904599,478,TUDO_AZUL,377467
Pedro,Pimenta,pedro.pimenta1506@uol.com.br,+55 31 6199-9326,1943-03-24,HA852565,555,,312605
Augusto,da Cruz,augusto.dacruz1507@icloud.com,61 1574 2368,2003-05-26,JM525303,448,TUDO_AZUL,325122
Murilo,Machado,murilo.machado1508@icloud.com,+55 11 7171-8658,1941-01-01,QC715848,854,ASIA_MILES,241800
Yasmin,Almeida,yasmin.almeida1509@live.com,71 1204 6545,1959-10-23,QQ298188,355,EXECUTIVE_CLUB,335588
Gabriela,Dias,gabriela.dias1510@outlook.com.br,+55 21 6363-8139,1966-12-13,YI300892,283,,48716
João Pedro,Vieira,joãopedro.vieira1511@yahoo.com.br,+55 (051) 3042-1037,2000-08-12,PN898557,352,SMILES,128682
Ísis,Cirino,ísis.cirino1512@gmail.com,61 7937-0123,1960-12-27,NA274066,615,LATAM_PASS,316398
Murilo,Farias,murilo.farias1513@live.com,0300 377 5901,1997-02-21,GA465346,691,LATAM_PASS,81029
Luiz Henrique,Peixoto,luizhenrique.peixoto1514@yahoo.com.br,0900-292-0133,1980-07-18,OC730881,543,LATAM_PASS,31386
Lívia,Albuquerque,lívia.albuquerque1515@bol.com.br,(071) 4085-0749,1962-04-09,SY640162,780,,474381
Emanuel,Barros,emanuel.barros1516@uol.com.br,+55 (021) 8236-9649,1981-07-10,IZ377439,817,MILEAGE_PLUS,166341
Rhavi,Nogueira,rhavi.nogueira1517@yahoo.com.br,(021) 8313-8003,1993-01-12,ZE418754,649,EXECUTIVE_CLUB,293378
Theo,Novais,theo.novais1518@uol.com.br,+55 41 6736-1404,1996-12-10,EN471462,138,MILES_AND_GO,146780
Melina,Rocha,melina.rocha1519@outlook.com.br,0500-456-1581,1945-08-18,GB421388,44,MILEAGE_PLUS,458688
Mirella,Camargo,mirella.camargo1520@hotmail.com,61 9942 9223,1941-03-20,HE464610,752,,75919
Davi Lucas,Souza,davilucas.souza1521@live.com,21 9589-3201,1990-12-31,SL503234,607,LATAM_PASS,7487
Breno,Rodrigues,breno.rodrigues1522@icloud.com,41 1072-3227,1981-03-12,GL267540,293,,486819
Ana Clara,Sousa,anaclara.sousa1523@live.com,+55 41 0194-4108,1975-09-23,VD485472,291,SKYWARDS,237818
Stella,Costela,stella.costela1524@bol.com.br,+55 81 4253-7424,1992-04-01,TW839042,589,AADVANTAGE,428269
Ana Clara,Borges,anaclara.borges1525@live.com,(071) 8477 0239,1974-07-11,QC831852,556,AADVANTAGE,364456
José Pedro,Montenegro,josépedro.montenegro1526@uol.com.br,+55 (081) 9157 1910,1945-12-22,AD271567,21,EXECUTIVE_CLUB,108026
Ana,Ramos,ana.ramos1527@uol.com.br,0900 792 3410,1990-09-15,QS279429,101,LATAM_PASS,215196
Leandro,da Rosa,leandro.darosa1528@yahoo.com.br,+55 (061) 5963 1062,1964-02-12,GI618707,16,LATAM_PASS,443861
Lavínia,Novais,lavínia.novais1529@bol.com.br,+55 (084) 8776 8961,1959-08-02,MY934516,834,AADVANTAGE,131698
Maria Isis,Lima,mariaisis.lima1530@icloud.com,+55 (061) 9620-4297,1970-03-22,DQ349981,689,,355445
Emanuelly,Vieira,emanuelly.vieira1531@icloud.com,+55 31 0141 0082,1983-03-08,QI238701,628,,355769
Catarina,Pastor,catarina.pastor1532@yahoo.com.br,+55 (071) 6511 7682,1954-10-27,GU538381,827,MILES_AND_GO,49623
Aylla,Campos,aylla.campos1533@terra.com.br,+55 (021) 8800-4960,2000-10-24,PV526490,664,,46127
Emanuella,da Mota,emanuella.damota1534@outlook.com.br,+55 (041) 5084 9517,1978-10-17,SP328024,11,LATAM_PASS,159777
Arthur,da Luz,arthur.daluz1535@yahoo.com.br,+55 (071) 4730 8788,1995-05-11,UC198658,98,SMILES,427568
Lunna,Farias,lunna.farias1536@yahoo.com.br,+55 21 2284-4133,1966-09-22,TJ804474,921,ASIA_MILES,263403
Matheus,Duarte,matheus.duarte1537@icloud.com,+55 (071) 2103 7700,1984-10-18,ST107413,683,AADVANTAGE,215915
João Miguel,da Costa,joãomiguel.dacosta1538@uol.com.br,71 2350-6274,1962-01-14,PT881359,937,EXECUTIVE_CLUB,499955
Enzo,Sousa,enzo.sousa1539@terra.com.br,+55 (071) 8832 8604,1972-08-19,KQ530990,266,,317460
Gael,Garcia,gael.garcia1540@hotmail.com,+55 21 5434-9189,1961-08-16,BP749204,400,LATAM_PASS,281649
Kevin,das Neves,kevin.dasneves1541@terra.com.br,(051) 7464 3330,1985-08-17,JY862325,54,SKYWARDS,97498
Yago,Almeida,yago.almeida1542@uol.com.br,+55 (061) 5818 1585,2001-09-10,UD955349,95,MILEAGE_PLUS,375350
Ravy,Fernandes,ravy.fernandes1543@gmail.com,(021) 2925-8099,1998-07-30,GG386810,678,SMILES,64259
Yuri,Pimenta,yuri.pimenta1544@hotmail.com,0300 437 3331,2006-02-04,NM360154,222,LATAM_PASS,120463
Luiz Gustavo,Pimenta,luizgustavo.pimenta1545@uol.com.br,51 6556 8502,1987-11-12,TG330970,790,FLYING_BLUE,101642
João Guilherme,Albuquerque,joãoguilherme.albuquerque1546@icloud.com,31 3847 9279,1941-08-25,MC619387,996,ASIA_MILES,286411
Ester,Azevedo,ester.azevedo1547@uol.com.br,+55 (061) 4651-8359,1998-11-02,JI770820,546,ASIA_MILES,316503
Gael Henrique,da Cunha,gaelhenrique.dacunha1548@outlook.com.br,+55 (041) 0140-7983,1948-02-18,QZ312635,381,EXECUTIVE_CLUB,474281
Yan,Almeida,yan.almeida1549@gmail.com,(031) 1601-0831,1971-01-09,PJ781699,276,EXECUTIVE_CLUB,178274
Lunna,da Costa,lunna.dacosta1550@bol.com.br,0500-963-2155,1997-01-23,GD245483,275,,33066
Pedro Miguel,Rezende,pedromiguel.rezende1551@uol.com.br,0800-753-1752,1998-04-01,PX492393,635,,419153
Zoe,Garcia,zoe.garcia1552@hotmail.com,+55 (061) 2400-0259,1994-07-30,DZ814994,428,SKYWARDS,474202
Miguel,Monteiro,miguel.monteiro1553@terra.com.br,71 1835-0022,1998-09-17,YY688472,878,,356312
Maria Júlia,Souza,mariajúlia.souza1554@bol.com.br,51 9757 8423,1941-04-16,TY585701,655,SMILES,148642
Cecilia,Barros,cecilia.barros1555@icloud.com,+55 (051) 2642 1492,2004-03-11,NW912955,312,,9676
Sophia,Santos,sophia.santos1556@icloud.com,+55 11 6344 7792,1960-08-17,BD905683,756,SKYWARDS,472430
Maria Vitória,Ramos,mariavitória.ramos1557@outlook.com.br,+55 (081) 9205-5157,1982-01-28,SC309300,256,FLYING_BLUE,26290
Anthony,Vieira,anthony.vieira1558@bol.com.br,11 3304 3494,1995-09-27,SU381138,478,TUDO_AZUL,207512
Henry Gabriel,Fonseca,henrygabriel.fonseca1559@icloud.com,31 2687-4433,2002-11-16,ED506368,846,MILES_AND_GO,35428
Marina,Costela,marina.costela1560@hotmail.com,+55 71 0290-3008,2006-09-30,KO584287,796,MILEAGE_PLUS,45762
Heitor,Vieira,heitor.vieira1561@gmail.com,0500-111-4075,1955-07-14,LO402234,887,,116521
Evelyn,Oliveira,evelyn.oliveira1562@live.com,(021) 2163-4844,1977-01-01,LK773158,111,MILES_AND_GO,200077
Ravi Lucca,Araújo,ravilucca.araújo1563@terra.com.br,(031) 4755 0823,1954-12-07,IZ727888,246,,8634
João Vitor,Moura,joãovitor.moura1564@icloud.com,+55 41 6137 1958,1978-06-01,DM939961,637,,148002
Stella,Vargas,stella.vargas1565@gmail.com,+55 21 2714-6355,1973-10-21,XL247115,580,,447604
Ana Beatriz,Casa Grande,anabeatriz.casagrande1566@icloud.com,(021) 8638-7203,1961-03-17,UN561275,664,TUDO_AZUL,161903
Lucas Gabriel,Costa,lucasgabriel.costa1567@icloud.com,+55 (021) 2704-9432,1955-08-04,UH403742,672,FLYING_BLUE,454654
Maria Liz,Sales,marializ.sales1568@bol.com.br,+55 (031) 6558-5924,1942-05-10,BC424552,627,TUDO_AZUL,235873
Emanuelly,Novais,emanuelly.novais1569@gmail.com,+55 41 3108-1854,1951-09-07,SD152748,804,TUDO_AZUL,389498
Stella,Siqueira,stella.siqueira1570@gmail.com,(061) 1438 8273,1996-01-26,MT986522,892,FLYING_BLUE,416668
Mariah,Porto,mariah.porto1571@bol.com.br,0800 099 4471,2001-11-27,JV990051,152,EXECUTIVE_CLUB,323970
Sophie,Ramos,sophie.ramos1572@hotmail.com,+55 (081) 2406-2146,1989-07-21,AM516577,582,SMILES,142510
Gabriel,da Conceição,gabriel.daconceição1573@uol.com.br,+55 71 7337-0255,1964-04-24,NH972614,647,MILEAGE_PLUS,148821
Cecilia,Sá,cecilia.sá1574@outlook.com.br,(021) 8141 5771,1953-06-01,GB370182,280,,322849
Daniel,Souza,daniel.souza1575@live.com,+55 61 9223-9665,2002-09-14,OY948922,623,MILEAGE_PLUS,489027
João Gabriel,Nascimento,joãogabriel.nascimento1576@terra.com.br,+55 51 4190 8274,1988-03-29,UT622416,952,FLYING_BLUE,338773
Anna Liz,Ribeiro,annaliz.ribeiro1577@live.com,31 6599 2507,1959-02-22,DK562532,396,SMILES,213763
Liz,Correia,liz.correia1578@uol.com.br,+55 31 6435-3712,1972-09-30,PZ791970,7,SMILES,394567
Gael Henrique,da Rocha,gaelhenrique.darocha1579@outlook.com.br,+55 (071) 7009 5830,1957-01-08,XC282589,991,,288243
Théo,Cavalcante,théo.cavalcante1580@icloud.com,61 3231 0265,2003-04-02,AA250363,307,MILES_AND_GO,36229
Antonella,Monteiro,antonella.monteiro1581@bol.com.br,+55 71 4936-6735,1972-11-19,RC138223,16,ASIA_MILES,265409
João Pedro,Brito,joãopedro.brito1582@outlook.com.br,41 3402-8974,1941-07-08,FX773076,374,,466126
André,Pinto,andré.pinto1583@uol.com.br,0800 349 6479,1992-06-17,GG427645,226,MILEAGE_PLUS,177659
Matteo,Fonseca,matteo.fonseca1584@uol.com.br,(081) 6215 4262,1982-09-03,TX400232,459,SMILES,93613
Júlia,Marques,júlia.marques1585@hotmail.com,51 8926 7013,2005-05-24,RD774087,417,TUDO_AZUL,348610
Lorena,Azevedo,lorena.azevedo1586@hotmail.com,51 7322 1775,1968-06-25,HM447722,855,ASIA_MILES,380491
Yuri,Azevedo,yuri.azevedo1587@bol.com.br,(084) 7204-5337,1958-06-24,KN584595,715,ASIA_MILES,300574
Hellena,Pastor,hellena.pastor1588@live.com,+55 41 6276 2439,1981-02-16,PC392104,726,,453442
Julia,Ribeiro,julia.ribeiro1589@gmail.com,71 3007 9823,1991-09-06,ZV898792,446,EXECUTIVE_CLUB,394375
Pedro,Porto,pedro.porto1590@icloud.com,+55 11 7873 5639,1980-01-05,XL571056,275,,302586
Léo,Barbosa,léo.barbosa1591@hotmail.com,(051) 8162-6987,1974-09-10,JK271602,531,EXECUTIVE_CLUB,405181
Luna,Câmara,luna.câmara1592@terra.com.br,+55 61 0597 3446,1990-10-07,UF434857,770,SMILES,466835
Rebeca,Fernandes,rebeca.fernandes1593@gmail.com,0900-479-4792,1942-12-05,RY331510,884,MILES_AND_GO,499831
Ravi Lucca,Ramos,ravilucca.ramos1594@outlook.com.br,+55 41 6629 0879,1993-03-15,UX516563,477,EXECUTIVE_CLUB,21919
João,Nunes,joão.nunes1595@outlook.com.br,51 3677 6396,1977-02-22,VS262558,170,FLYING_BLUE,461438
Helena,da Conceição,helena.daconceição1596@terra.com.br,(071) 3600-7550,1949-02-19,GL461251,552,FLYING_BLUE,305131
Théo,Albuquerque,théo.albuquerque1597@icloud.com,+55 61 3838 9011,1959-03-08,PO253465,960,ASIA_MILES,270128
Maria Clara,Dias,mariaclara.dias1598@yahoo.com.br,71 2079-0779,1994-06-10,TQ565385,155,AADVANTAGE,215831
Milena,Silveira,milena.silveira1599@icloud.com,71 1825 6166,1986-09-24,SG946506,686,,252069
Vicente,Aparecida,vicente.aparecida1600@yahoo.com.br,+55 (011) 2802 2244,1978-01-01,JN665708,677,MILEAGE_PLUS,128648
Hellena,Lopes,hellena.lopes1601@hotmail.com,81 5175 8666,2006-08-05,SW627013,284,,18974
Luiz Otávio,Guerra,luizotávio.guerra1602@terra.com.br,11 0438-8339,2006-09-01,LK320160,499,TUDO_AZUL,264115
Luiz Fernando,Costa,luizfernando.costa1603@icloud.com,+55 (041) 9912 6917,1958-06-17,LQ326768,582,MILES_AND_GO,349715
Jade,Vargas,jade.vargas1604@bol.com.br,84 5774-2735,1979-08-14,CG419912,828,SMILES,128692
Vinicius,Araújo,vinicius.araújo1605@live.com,(061) 4720 9264,1942-03-07,WM147456,486,,104600
Hellena,Sales,hellena.sales1606@terra.com.br,+55 (011) 9679-4718,1995-04-21,UP583377,82,AADVANTAGE,484383
Eduardo,Sampaio,eduardo.sampaio1607@outlook.com.br,71 0731-0017,1968-04-22,BM177006,249,,277056
Maria Julia,Melo,mariajulia.melo1608@outlook.com.br,+55 (061) 0220 0364,1966-06-28,BY501867,945,SKYWARDS,312831
José Pedro,Cunha,josépedro.cunha1609@icloud.com,+55 84 3552 2094,1951-10-08,BB891939,930,TUDO_AZUL,498807
Guilherme,Cavalcante,guilherme.cavalcante1610@bol.com.br,(081) 6212 0254,2006-07-20,QQ759433,2,FLYING_BLUE,103510
Benjamim,Oliveira,benjamim.oliveira1611@bol.com.br,+55 21 3965 4525,1947-08-18,GR339229,922,,27399
Ana Sophia,Brito,anasophia.brito1612@live.com,51 5698 3649,1993-04-03,JB405007,505,ASIA_MILES,159256
Ayla,Alves,ayla.alves1613@yahoo.com.br,+55 (011) 8975-7203,1968-02-28,XC542479,976,LATAM_PASS,80776
Gael Henrique,da Paz,gaelhenrique.dapaz1614@uol.com.br,+55 (021) 6143 2885,1998-08-13,HN489826,168,EXECUTIVE_CLUB,327356
Sarah,Oliveira,sarah.oliveira1615@bol.com.br,+55 (061) 9906 9981,1971-03-27,GY742621,199,MILES_AND_GO,446976
José Miguel,Câmara,josémiguel.câmara1616@live.com,+55 (081) 4490 7113,1945-04-14,ZV441845,505,AADVANTAGE,389944
Lavínia,da Cunha,lavínia.dacunha1617@outlook.com.br,0800-068-8785,1977-03-13,OI407573,379,EXECUTIVE_CLUB,84521
Stephany,Alves,stephany.alves1618@uol.com.br,+55 41 2779 0538,1981-03-03,LU777042,465,SKYWARDS,89913
Melina,Farias,melina.farias1619@hotmail.com,21 9534-2970,1989-05-05,HP929779,463,TUDO_AZUL,16094
Raul,Nunes,raul.nunes1620@live.com,11 3380-0414,1990-03-25,IH697688,223,SKYWARDS,172887
Mathias,Cavalcante,mathias.cavalcante1621@outlook.com.br,0800-441-0423,1990-01-07,GA335977,630,,193871
João Miguel,Albuquerque,joãomiguel.albuquerque1622@gmail.com,81 6586-2334,2001-03-27,DS391752,400,EXECUTIVE_CLUB,247815
Maria Vitória,Moura,mariavitória.moura1623@hotmail.com,+55 31 4211-4746,1982-04-22,QO821847,116,MILES_AND_GO,323156
Maria Helena,Dias,mariahelena.dias1624@live.com,+55 (041) 5141-5617,1955-05-10,LA355346,695,,273670
Mateus,Borges,mateus.borges1625@yahoo.com.br,+55 21 2197-9247,1959-06-19,LI321899,201,MILEAGE_PLUS,206164
Isabelly,Camargo,isabelly.camargo1626@live.com,+55 (071) 3530 0568,1959-01-22,LQ770218,743,LATAM_PASS,319790
Vitor Hugo,Campos,vitorhugo.campos1627@live.com,(084) 3406-9754,1951-01-15,WH279544,762,SMILES,316875
Igor,da Conceição,igor.daconceição1628@yahoo.com.br,+55 (071) 0150-8922,1966-07-18,MN575997,911,,94636
Mirella,Costa,mirella.costa1629@gmail.com,+55 (021) 2133-7045,1980-08-08,DN278433,321,,225286
Bryan,Cunha,bryan.cunha1630@icloud.com,+55 (031) 7294 3062,1968-04-19,RK568657,551,EXECUTIVE_CLUB,135027
Milena,Marques,milena.marques1631@uol.com.br,+55 84 5129-5197,1992-12-03,GJ579739,337,EXECUTIVE_CLUB,185292
João Vitor,Nascimento,joãovitor.nascimento1632@terra.com.br,71 6793-1602,1963-02-03,AR151210,522,,224930
Maria Júlia,Moraes,mariajúlia.moraes1633@outlook.com.br,(021) 8765 6128,1953-10-09,CB427776,688,FLYING_BLUE,79413
Daniel,Jesus,daniel.jesus1634@terra.com.br,(051) 2110 9531,2003-09-14,NU830468,335,TUDO_AZUL,264188
Isabella,Camargo,isabella.camargo1635@terra.com.br,61 7859 7134,1966-06-10,VX368883,405,,41767
Diogo,Camargo,diogo.camargo1636@yahoo.com.br,+55 (011) 8810-4238,1981-10-07,KS514845,329,SKYWARDS,119403
Aylla,Pires,aylla.pires1637@yahoo.com.br,(041) 9655-4508,1957-09-02,SD875499,22,AADVANTAGE,43063
Ayla,Duarte,ayla.duarte1638@bol.com.br,41 5980-6904,1977-03-21,AN482971,427,,270826
Rodrigo,Pacheco,rodrigo.pacheco1639@icloud.com,31 8899-9498,1972-09-30,RM760322,935,FLYING_BLUE,128584
Ana Júlia,Vargas,anajúlia.vargas1640@bol.com.br,+55 (011) 6026 9095,1997-11-30,QY928766,649,TUDO_AZUL,87792
Ana Liz,Aragão,analiz.aragão1641@terra.com.br,+55 81 1989 9020,1986-08-31,MK473577,935,,418149
Maysa,Martins,maysa.martins1642@live.com,+55 (071) 8815 3029,1953-08-15,YS723429,820,,374681
Pedro Lucas,Costela,pedrolucas.costela1643@uol.com.br,51 7705 2979,2005-04-21,YT320799,216,LATAM_PASS,439632
João Gabriel,Fogaça,joãogabriel.fogaça1644@uol.com.br,(041) 1279 1325,1977-03-21,ET778467,639,MILES_AND_GO,63290
Pedro Lucas,da Cruz,pedrolucas.dacruz1645@yahoo.com.br,11 8884 0416,1988-03-29,ZX472892,183,MILES_AND_GO,484617
Luiz Felipe,Mendonça,luizfelipe.mendonça1646@bol.com.br,+55 84 1211 5444,1952-06-27,YA790970,23,AADVANTAGE,477070
Olívia,Sá,olívia.sá1647@terra.com.br,+55 (011) 4610-1681,1941-06-20,CN927679,421,,185627
André,Monteiro,andré.monteiro1648@hotmail.com,(081) 7973-0951,1957-03-20,EG410537,828,MILES_AND_GO,35545
Ana Júlia,Porto,anajúlia.porto1649@outlook.com.br,(041) 3720-4032,1941-02-16,SI495437,348,,492767
Ana Cecília,Albuquerque,anacecília.albuquerque1650@bol.com.br,+55 (031) 1217 8563,1961-01-24,OJ751665,630,,271069
Ana Luiza,Costa,analuiza.costa1651@outlook.com.br,+55 84 5501-2904,1945-02-20,CN958704,299,,266407
Rhavi,Barros,rhavi.barros1652@yahoo.com.br,(021) 8667-7564,1976-05-30,JM295490,276,,465069
Isabelly,Pimenta,isabelly.pimenta1653@icloud.com,+55 (081) 6332-0948,1992-12-03,HW942688,122,SKYWARDS,461544
Gabriel,Jesus,gabriel.jesus1654@icloud.com,11 3199 9087,1997-07-09,GK556064,15,MILES_AND_GO,132185
Bernardo,Azevedo,bernardo.azevedo1655@bol.com.br,+55 61 8702 7392,1966-04-23,CC387360,440,TUDO_AZUL,184826
Vitor,Gomes,vitor.gomes1656@live.com,+55 31 1464-2508,1977-01-16,SZ971177,341,,146110
Pietra,Siqueira,pietra.siqueira1657@yahoo.com.br,+55 (011) 4396-9647,1956-08-07,DE926073,514,SMILES,353755
Mariane,Cunha,mariane.cunha1658@yahoo.com.br,(084) 2492-9213,1957-05-17,TI934443,627,MILES_AND_GO,4128
Ravi,Carvalho,ravi.carvalho1659@bol.com.br,+55 (011) 6186 9460,2004-12-11,KV889569,328,MILES_AND_GO,144885
Elisa,Gonçalves,elisa.gonçalves1660@yahoo.com.br,(041) 4505-6958,2002-06-12,BU131465,608,SKYWARDS,216050
Lucas Gabriel,Garcia,lucasgabriel.garcia1661@hotmail.com,(011) 9134-3812,2002-02-07,OJ651426,17,SKYWARDS,55767
Camila,Novais,camila.novais1662@gmail.com,(051) 6219 7476,1953-01-14,CJ433936,468,AADVANTAGE,425655
Calebe,da Rosa,calebe.darosa1663@bol.com.br,(031) 2414 2656,1944-05-21,GH721212,338,,33953
Leonardo,Lima,leonardo.lima1664@hotmail.com,61 0464 3007,1999-09-07,LU577126,277,,224291
Lorenzo,das Neves,lorenzo.dasneves1665@live.com,61 6053 1397,2001-08-25,AN965236,476,EXECUTIVE_CLUB,13536
Sarah,Costela,sarah.costela1666@live.com,(081) 6693-7772,1959-09-28,RG197780,190,SKYWARDS,227714
Ana Laura,Vargas,analaura.vargas1667@yahoo.com.br,+55 61 2784-1287,2001-04-18,UL307474,757,SMILES,255168
Júlia,Vargas,júlia.vargas1668@hotmail.com,21 2612-4998,1949-07-07,XZ261418,759,TUDO_AZUL,307491
Maria Eduarda,Machado,mariaeduarda.machado1669@bol.com.br,21 1940-6812,1985-03-31,YS480418,344,TUDO_AZUL,36032
Maria Cecília,Ferreira,mariacecília.ferreira1670@outlook.com.br,+55 31 0408 6732,2006-01-02,KO280065,939,,122212
Ayla,Vieira,ayla.vieira1671@icloud.com,61 8481 0624,2004-03-02,DI685085,564,ASIA_MILES,232257
Maria Clara,Barbosa,mariaclara.barbosa1672@outlook.com.br,61 9386 5120,1964-01-24,UK482818,969,AADVANTAGE,298515
Bárbara,da Luz,bárbara.daluz1673@hotmail.com,+55 81 8078 6477,1964-07-26,NQ373249,993,LATAM_PASS,99015
Anthony Gabriel,Camargo,anthonygabriel.camargo1674@outlook.com.br,0800 620 2336,2004-10-13,RS852502,133,EXECUTIVE_CLUB,286766
José,Mendonça,josé.mendonça1675@gmail.com,31 3813 7895,1967-08-23,RO451900,395,ASIA_MILES,369840
Hellena,Sales,hellena.sales1676@yahoo.com.br,+55 (081) 5435-1290,2004-03-13,TT115427,927,EXECUTIVE_CLUB,386733
Ana Lívia,Fonseca,analívia.fonseca1677@icloud.com,0300 638 5952,1994-11-05,YK910814,814,,205720
Amanda,Aragão,amanda.aragão1678@terra.com.br,+55 (061) 0451 0666,1998-03-31,TE153097,977,TUDO_AZUL,279125
Apollo,Freitas,apollo.freitas1679@icloud.com,+55 (061) 9592 4398,1975-05-14,UY303724,352,TUDO_AZUL,401283
Enzo Gabriel,Fernandes,enzogabriel.fernandes1680@icloud.com,31 3225-7021,1983-01-08,QO495336,836,,252057
Heitor,Jesus,heitor.jesus1681@icloud.com,51 6028 9281,1991-05-23,YK499607,993,MILEAGE_PLUS,247486
Théo,Pimenta,théo.pimenta1682@icloud.com,61 5691 7815,1981-08-28,GU206051,379,,422692
Valentim,Rocha,valentim.rocha1683@icloud.com,+55 (071) 6115-3833,1987-12-19,RX381753,128,FLYING_BLUE,52262
Gabriela,Gomes,gabriela.gomes1684@bol.com.br,0900 347 4303,1959-10-23,IZ587261,629,,199860
Ana Beatriz,Ramos,anabeatriz.ramos1685@yahoo.com.br,(061) 8456-6115,1969-09-12,RK184778,613,,373002
Clara,Guerra,clara.guerra1686@icloud.com,+55 11 6096 4057,1984-04-28,TA588462,408,,189175
Nina,Monteiro,nina.monteiro1687@outlook.com.br,+55 (041) 1782 9614,1968-10-31,DL248742,27,,111326
Maria Julia,da Conceição,mariajulia.daconceição1688@gmail.com,(021) 8027 9727,1971-03-19,KB632330,226,,206690
Nathan,Albuquerque,nathan.albuquerque1689@hotmail.com,0900 969 9465,1996-06-24,QN130097,445,FLYING_BLUE,493422
Leandro,Caldeira,leandro.caldeira1690@live.com,31 6589 8843,1960-04-20,QI425246,602,,218223
Lavínia,Novais,lavínia.novais1691@bol.com.br,(031) 3806 8414,1996-09-07,IC228620,831,MILES_AND_GO,192305
Evelyn,Martins,evelyn.martins1692@terra.com.br,(084) 7381 5679,2008-05-16,VY656845,646,,419616
Maria Isis,Ramos,mariaisis.ramos1693@yahoo.com.br,+55 21 5613 0232,1976-06-12,SF788466,495,,3162
Maria Luísa,Guerra,marialuísa.guerra1694@uol.com.br,+55 31 6949 7397,1980-11-24,AU498620,611,EXECUTIVE_CLUB,409602
Isabel,Moreira,isabel.moreira1695@live.com,51 5964 7181,1986-09-06,EC728960,160,ASIA_MILES,30641
Maria Luísa,Fogaça,marialuísa.fogaça1696@uol.com.br,+55 (051) 9619 9751,1958-07-15,EJ432643,32,FLYING_BLUE,200124
Erick,Mendonça,erick.mendonça1697@terra.com.br,+55 11 4406-0210,1968-12-11,FJ657341,414,SKYWARDS,137910
Guilherme,Gomes,guilherme.gomes1698@yahoo.com.br,0800-696-7278,1969-11-27,SY814781,606,EXECUTIVE_CLUB,55497
Rhavi,Cunha,rhavi.cunha1699@yahoo.com.br,+55 (051) 6373-1968,1995-07-08,LS812581,942,AADVANTAGE,51488
Luiz Fernando,da Rosa,luizfernando.darosa1700@uol.com.br,0800 812 0067,1969-01-11,UO605222,277,MILES_AND_GO,149639
Manuela,Castro,manuela.castro1701@outlook.com.br,+55 71 5691 4701,1971-08-20,BE183229,628,FLYING_BLUE,421451
Levi,Pinto,levi.pinto1702@icloud.com,0900 454 1646,1954-10-22,BF118739,425,MILES_AND_GO,469257
Benjamim,Mendonça,benjamim.mendonça1703@hotmail.com,+55 (061) 0665 2853,1964-04-26,IQ313093,174,MILES_AND_GO,160313
Carlos Eduardo,Andrade,carloseduardo.andrade1704@bol.com.br,31 7868 5922,1962-09-23,QN304592,272,LATAM_PASS,191747
Kevin,Cardoso,kevin.cardoso1705@gmail.com,51 5977 4144,1941-09-04,YF206233,215,EXECUTIVE_CLUB,385610
João Gabriel,Porto,joãogabriel.porto1706@gmail.com,21 0342-0687,1946-01-25,NP768296,320,LATAM_PASS,336784
Luiz Felipe,Azevedo,luizfelipe.azevedo1707@live.com,+55 84 6687-0817,1942-04-16,OD366110,311,EXECUTIVE_CLUB,184593
Hellena,Casa Grande,hellena.casagrande1708@hotmail.com,(021) 7123-0465,1945-11-26,XT108235,806,FLYING_BLUE,34827
Natália,Câmara,natália.câmara1709@outlook.com.br,21 9980 1665,1995-04-22,HR362216,342,,206258
Zoe,Rodrigues,zoe.rodrigues1710@hotmail.com,+55 21 6622-2086,1997-01-06,QI478567,568,MILEAGE_PLUS,46492
Davi Lucas,Rodrigues,davilucas.rodrigues1711@gmail.com,+55 41 3050 9639,1949-11-27,NF392858,870,EXECUTIVE_CLUB,143770
Vicente,Mendonça,vicente.mendonça1712@icloud.com,(021) 8814 6082,1953-08-20,YH931796,798,EXECUTIVE_CLUB,267279
Vicente,Sampaio,vicente.sampaio1713@live.com,+55 (021) 7943 4441,1960-12-20,TY328185,746,MILES_AND_GO,363799
Maria Helena,Freitas,mariahelena.freitas1714@outlook.com.br,51 1962 1323,1969-08-18,BU848677,874,,131609
Luiz Miguel,Pinto,luizmiguel.pinto1715@terra.com.br,+55 61 9761 0321,1941-02-03,JS879665,560,LATAM_PASS,430964
Heloísa,Fernandes,heloísa.fernandes1716@icloud.com,+55 (011) 8726 7051,1988-06-28,XQ831213,628,,167037
Ian,Pinto,ian.pinto1717@uol.com.br,51 8309 0458,1997-12-03,QD985622,860,TUDO_AZUL,111923
Erick,Gonçalves,erick.gonçalves1718@live.com,+55 (061) 9193-0420,1997-06-03,XU635438,695,,428171
Erick,Novais,erick.novais1719@terra.com.br,+55 (081) 5273 1187,1980-04-11,VM576998,225,ASIA_MILES,242204
Isabel,Ferreira,isabel.ferreira1720@outlook.com.br,+55 (061) 2412-8650,1973-11-07,TM128310,28,EXECUTIVE_CLUB,219133
Theo,Moreira,theo.moreira1721@bol.com.br,+55 (071) 1959 9222,1948-12-01,XA787335,499,EXECUTIVE_CLUB,17315
Vinícius,Pacheco,vinícius.pacheco1722@yahoo.com.br,+55 81 4406-6159,1987-06-01,JS710270,967,SMILES,114642
Luiz Gustavo,Sales,luizgustavo.sales1723@yahoo.com.br,+55 (071) 9764 8618,1949-07-23,GF872333,751,,445046
Marcos Vinicius,Souza,marcosvinicius.souza1724@icloud.com,(084) 5914 3211,1951-11-09,ZM305740,106,TUDO_AZUL,417389
Maria Sophia,Cavalcante,mariasophia.cavalcante1725@bol.com.br,41 0518 2080,1964-03-29,VY448531,975,,54138
Júlia,Camargo,júlia.camargo1726@live.com,31 0871-3538,2004-05-15,YV898157,480,FLYING_BLUE,222784
Ana Liz,Macedo,analiz.macedo1727@uol.com.br,+55 71 2057-0365,1950-08-07,TQ317352,687,MILEAGE_PLUS,452308
Evelyn,Pacheco,evelyn.pacheco1728@yahoo.com.br,(081) 0727-9290,1961-12-02,PV226060,950,MILES_AND_GO,302276
Vinicius,Santos,vinicius.santos1729@outlook.com.br,0500 981 1721,1991-03-07,AR682575,370,,29379
Rafael,Mendes,rafael.mendes1730@gmail.com,(021) 1671-6727,1952-09-28,QK370253,157,SKYWARDS,22432
Cauê,Cassiano,cauê.cassiano1731@yahoo.com.br,(021) 1026 2108,1990-02-20,DE912550,518,TUDO_AZUL,252659
Noah,Albuquerque,noah.albuquerque1732@icloud.com,+55 (061) 0914-3193,1954-06-22,GC485790,300,TUDO_AZUL,45858
Stella,da Cunha,stella.dacunha1733@hotmail.com,(071) 3118 9230,1993-08-21,EL640358,545,FLYING_BLUE,26769
Maria Luísa,da Conceição,marialuísa.daconceição1734@hotmail.com,0900 729 8872,1956-02-05,MK585372,807,SMILES,94757
Sarah,Machado,sarah.machado1735@live.com,+55 (084) 0423-8768,1945-05-18,VI379576,741,AADVANTAGE,78596
Augusto,Sousa,augusto.sousa1736@gmail.com,(081) 7964-2770,1941-05-18,BS653267,127,SKYWARDS,270582
Maria Eduarda,Moura,mariaeduarda.moura1737@terra.com.br,31 3991 3854,1950-07-28,DR490379,303,EXECUTIVE_CLUB,25842
Davi Luiz,Câmara,daviluiz.câmara1738@hotmail.com,(051) 4485-1954,1999-01-20,UL819300,12,SMILES,473087
Alana,Cavalcante,alana.cavalcante1739@uol.com.br,+55 71 4025-8855,1954-05-20,WT643103,345,LATAM_PASS,493994
Davi Lucas,Albuquerque,davilucas.albuquerque1740@icloud.com,0500-217-1087,1976-02-23,NQ491611,16,AADVANTAGE,72595
Yan,Nascimento,yan.nascimento1741@terra.com.br,+55 21 5996 4608,1956-12-25,YS356326,341,SKYWARDS,65420
Manuela,Rodrigues,manuela.rodrigues1742@yahoo.com.br,(081) 4777 5388,1996-07-09,AO334454,458,,78519
Isaac,Souza,isaac.souza1743@live.com,(021) 8353-2478,1994-06-12,BQ970726,522,TUDO_AZUL,95320
Emanuel,Silva,emanuel.silva1744@hotmail.com,+55 71 6219 8974,1941-03-17,LO378394,399,AADVANTAGE,336039
Alice,Leão,alice.leão1745@uol.com.br,84 8151 6491,1946-07-19,IU365325,538,SMILES,225827
Arthur Miguel,Monteiro,arthurmiguel.monteiro1746@gmail.com,+55 81 4519-6492,1983-06-14,GU935770,270,SKYWARDS,389478
Rhavi,Souza,rhavi.souza1747@gmail.com,(011) 1901-7484,1966-04-22,MQ142119,167,MILES_AND_GO,152497
Luan,Dias,luan.dias1748@yahoo.com.br,81 7193 0647,1958-09-16,AP123847,185,MILEAGE_PLUS,487166
Miguel,Sales,miguel.sales1749@gmail.com,51 7535 8983,1992-11-05,UO855983,977,TUDO_AZUL,399131
Lorenzo,Silveira,lorenzo.silveira1750@bol.com.br,+55 (084) 5951-3331,2005-12-31,VN143415,111,EXECUTIVE_CLUB,452101
Julia,Souza,julia.souza1751@terra.com.br,+55 81 3232-4693,2002-03-01,RY109712,850,MILES_AND_GO,274540
Clara,Fogaça,clara.fogaça1752@hotmail.com,0800-788-3777,1968-11-23,DJ430984,635,SMILES,457529
Levi,Teixeira,levi.teixeira1753@gmail.com,+55 31 9718-8842,1961-05-19,TP113563,472,,275780
Maria Flor,Camargo,mariaflor.camargo1754@outlook.com.br,0900-656-4553,1989-09-17,EJ883125,850,EXECUTIVE_CLUB,362674
Luan,Moreira,luan.moreira1755@bol.com.br,+55 (084) 4769-6454,1941-09-05,CJ698021,300,SKYWARDS,49312
Ana Laura,Abreu,analaura.abreu1756@outlook.com.br,41 9942-5328,1967-03-03,CD516868,770,,137281
Marcos Vinicius,Gonçalves,marcosvinicius.gonçalves1757@uol.com.br,81 0118-7213,1940-10-16,SY533450,257,,442910
Yasmin,Siqueira,yasmin.siqueira1758@uol.com.br,+55 (031) 2005 6572,1990-01-07,SI785452,559,ASIA_MILES,352183
Nathan,Nascimento,nathan.nascimento1759@outlook.com.br,+55 71 6018 6191,1985-10-23,PV143270,614,MILEAGE_PLUS,376668
Ryan,Vargas,ryan.vargas1760@outlook.com.br,+55 81 0695-8051,1986-07-04,JS498217,331,SKYWARDS,195765
Olivia,das Neves,olivia.dasneves1761@gmail.com,11 7350-3188,1960-08-01,TB157718,865,SMILES,341168
Ana Julia,Pastor,anajulia.pastor1762@live.com,(021) 1632 2855,1996-12-31,VQ124696,501,MILES_AND_GO,192880
Joana,Câmara,joana.câmara1763@uol.com.br,81 0235 2179,1969-03-01,BC446386,671,MILES_AND_GO,145130
João Felipe,Caldeira,joãofelipe.caldeira1764@hotmail.com,84 2891-3051,1998-06-23,QJ246504,597,,357756
Asafe,Cassiano,asafe.cassiano1765@live.com,0800-058-1479,1946-04-07,VR169072,977,SKYWARDS,294407
Larissa,Rios,larissa.rios1766@gmail.com,(071) 6233 0947,1988-08-11,SP650735,232,ASIA_MILES,13456
Manuella,Guerra,manuella.guerra1767@icloud.com,(081) 4346 4582,1976-04-05,TA709945,29,FLYING_BLUE,59856
Ayla,da Luz,ayla.daluz1768@outlook.com.br,+55 (084) 7333-0030,1997-07-20,OB232531,616,SMILES,92896
Yago,Marques,yago.marques1769@hotmail.com,71 2342 5301,1966-05-11,XX639985,39,,60134
José,Porto,josé.porto1770@icloud.com,+55 31 9400 1129,1995-05-15,HH985836,137,FLYING_BLUE,273210
Catarina,Carvalho,catarina.carvalho1771@gmail.com,21 1874-1465,1973-08-20,AT219857,90,ASIA_MILES,420827
Lara,Leão,lara.leão1772@uol.com.br,+55 (061) 7043 7375,1971-01-31,DJ636346,568,MILES_AND_GO,242900
Enrico,da Cunha,enrico.dacunha1773@uol.com.br,+55 41 5546-2228,1965-11-08,PG949910,897,AADVANTAGE,443749
Ana Clara,Marques,anaclara.marques1774@outlook.com.br,+55 (051) 0974 9091,1966-10-04,NW621237,73,ASIA_MILES,460823
Leandro,Garcia,leandro.garcia1775@hotmail.com,+55 21 5815-1418,1981-09-10,JT937590,666,AADVANTAGE,490049
Ester,Pinto,ester.pinto1776@bol.com.br,+55 (081) 4896 5608,1944-04-12,KN676269,188,LATAM_PASS,381539
Theodoro,Gomes,theodoro.gomes1777@terra.com.br,+55 81 9569-7755,1958-11-07,XA532126,624,SMILES,280933
Liz,Teixeira,liz.teixeira1778@hotmail.com,+55 51 4001 5229,1951-05-04,RJ954836,27,MILES_AND_GO,285288
Benjamim,da Rocha,benjamim.darocha1779@gmail.com,+55 31 5076 2942,1983-03-21,PK318249,694,AADVANTAGE,440621
Augusto,Brito,augusto.brito1780@yahoo.com.br,+55 51 7220 9434,1991-02-24,SM495507,157,MILES_AND_GO,356076
Luiz Fernando,Cirino,luizfernando.cirino1781@gmail.com,+55 84 4198 5778,1975-08-29,KJ506113,457,,441530
Maria Laura,Cunha,marialaura.cunha1782@bol.com.br,+55 41 7230-7357,1947-12-07,ZT473744,822,MILES_AND_GO,403823
Gael Henrique,Porto,gaelhenrique.porto1783@uol.com.br,+55 (084) 8774 9789,1966-12-22,RG562389,510,ASIA_MILES,68284
Eloah,Costela,eloah.costela1784@terra.com.br,+55 (031) 5853-5599,2002-03-11,XS449077,485,SKYWARDS,19178
Carolina,Campos,carolina.campos1785@terra.com.br,+55 51 4360 4387,1958-10-24,YK569617,597,MILES_AND_GO,479813
José Miguel,da Paz,josémiguel.dapaz1786@uol.com.br,71 8486-0641,1940-07-29,OM958344,960,,2692
Ana Cecília,da Rosa,anacecília.darosa1787@yahoo.com.br,+55 (071) 9693 3757,1965-02-09,ZE686553,556,AADVANTAGE,192728
Calebe,Brito,calebe.brito1788@terra.com.br,11 0880 6395,2005-07-02,WE717870,781,,449481
Raquel,da Paz,raquel.dapaz1789@terra.com.br,(084) 0529 6537,1958-11-25,QA142119,131,,427035
Caleb,da Cunha,caleb.dacunha1790@live.com,21 0985-6835,1968-05-20,IZ513306,67,SKYWARDS,39627
Cauê,Fogaça,cauê.fogaça1791@hotmail.com,51 3440 2755,1996-07-02,EE967871,348,EXECUTIVE_CLUB,4053
Vinicius,Porto,vinicius.porto1792@live.com,+55 (071) 1429 5033,1986-06-17,IV632629,918,SKYWARDS,438829
Liz,Oliveira,liz.oliveira1793@uol.com.br,71 3402-1104,1966-05-03,SL874644,117,LATAM_PASS,1546
Cecilia,da Rosa,cecilia.darosa1794@icloud.com,(011) 6065 3493,1943-03-23,LL711185,404,,255289
Asafe,Pinto,asafe.pinto1795@outlook.com.br,(021) 3491-6605,1968-05-17,XZ240104,718,EXECUTIVE_CLUB,250694
Ayla,Monteiro,ayla.monteiro1796@live.com,+55 (071) 9045-5436,2005-12-23,RI181524,811,EXECUTIVE_CLUB,489360
Marcelo,Câmara,marcelo.câmara1797@uol.com.br,0300-312-1081,1945-11-27,LM584771,803,,403792
Isaac,Rodrigues,isaac.rodrigues1798@gmail.com,71 7738-0077,1955-03-08,QQ525151,741,MILES_AND_GO,91332
Pietra,Brito,pietra.brito1799@outlook.com.br,(041) 0666-8843,1977-12-25,XD506085,172,MILES_AND_GO,306930
Matteo,Borges,matteo.borges1800@outlook.com.br,+55 (051) 9833 8127,1962-03-24,EN470942,660,FLYING_BLUE,408177
João Lucas,Viana,joãolucas.viana1801@bol.com.br,+55 (061) 1405 4393,1981-09-07,FY364755,983,SKYWARDS,135132
Alana,Garcia,alana.garcia1802@icloud.com,41 4738-4395,1981-05-05,VG633187,55,FLYING_BLUE,233358
Paulo,Mendonça,paulo.mendonça1803@yahoo.com.br,31 8015 3584,2007-01-31,JI289622,86,SKYWARDS,313201
Júlia,Cassiano,júlia.cassiano1804@gmail.com,+55 (084) 2302-0192,1942-10-27,KB422181,690,FLYING_BLUE,317019
Gabrielly,Ribeiro,gabrielly.ribeiro1805@icloud.com,71 0173 8555,2005-09-26,IW935866,743,,471236
Emanuella,Fogaça,emanuella.fogaça1806@gmail.com,+55 41 8176 1426,1963-12-10,OV955890,419,SKYWARDS,161520
Larissa,Carvalho,larissa.carvalho1807@bol.com.br,+55 31 6770-4110,1961-03-22,UD462464,849,SMILES,365702
Melissa,Aparecida,melissa.aparecida1808@gmail.com,+55 (051) 6491-3597,1983-05-29,PT806639,338,EXECUTIVE_CLUB,169894
Valentim,Moura,valentim.moura1809@terra.com.br,71 4252 7531,2004-08-28,GE557101,992,MILEAGE_PLUS,68081
Luísa,Mendonça,luísa.mendonça1810@hotmail.com,21 3725 6563,1940-11-16,LY281230,814,EXECUTIVE_CLUB,246562
Oliver,Monteiro,oliver.monteiro1811@uol.com.br,+55 61 3488-9190,2005-06-04,WC549636,618,,151772
Benicio,Teixeira,benicio.teixeira1812@gmail.com,+55 (041) 2420 1277,2003-04-25,II273651,666,,135057
Fernanda,Vieira,fernanda.vieira1813@gmail.com,61 2595 7874,1966-11-25,TR606873,588,MILEAGE_PLUS,124017
Ana Cecília,Camargo,anacecília.camargo1814@hotmail.com,21 4842-1727,1949-03-22,KP642161,293,MILEAGE_PLUS,33521
Thiago,Vargas,thiago.vargas1815@yahoo.com.br,0900-404-7891,1945-09-18,DY308362,543,SKYWARDS,164083
Nathan,Lopes,nathan.lopes1816@live.com,(021) 1684-9899,1947-12-15,CW298148,910,,413606
Dom,Porto,dom.porto1817@yahoo.com.br,+55 41 8279-4145,1966-07-17,AX239624,619,,323487
Catarina,Abreu,catarina.abreu1818@live.com,+55 11 3098-7038,1956-09-13,YS129554,241,SMILES,107129
Lorenzo,Santos,lorenzo.santos1819@bol.com.br,+55 (041) 9852-7049,1997-08-30,XY831308,738,,250205
Maitê,Pires,maitê.pires1820@uol.com.br,(041) 4634 6474,1959-04-27,EA738863,374,MILEAGE_PLUS,457648
Luana,Fernandes,luana.fernandes1821@hotmail.com,+55 41 1015 2218,1957-05-23,FL950198,31,AADVANTAGE,261024
Francisco,Ferreira,francisco.ferreira1822@terra.com.br,71 8123-6886,2004-03-24,LU248628,118,SKYWARDS,297966
Hadassa,Andrade,hadassa.andrade1823@icloud.com,81 2323-5113,1985-02-21,PI971484,140,LATAM_PASS,24803
Bella,Santos,bella.santos1824@yahoo.com.br,(061) 4945 7031,1952-03-03,NV937017,437,SKYWARDS,204649
Maria Isis,Guerra,mariaisis.guerra1825@icloud.com,+55 51 0132 4707,1985-04-09,ON345496,450,MILEAGE_PLUS,18363
Marcos Vinicius,Araújo,marcosvinicius.araújo1826@icloud.com,(021) 1423 7574,1947-02-25,OM907451,787,SMILES,227182
Caroline,Rodrigues,caroline.rodrigues1827@bol.com.br,31 1733 0165,2007-11-28,WT407101,137,SMILES,363005
Vinicius,Montenegro,vinicius.montenegro1828@live.com,31 7815 9166,1967-02-07,EE874786,896,,96195
Clarice,Farias,clarice.farias1829@hotmail.com,(031) 2864-2136,1994-03-24,UL923404,552,EXECUTIVE_CLUB,193307
Cauê,Camargo,cauê.camargo1830@live.com,+55 31 4722 2945,1999-07-04,EU342236,570,SKYWARDS,64899
Murilo,Brito,murilo.brito1831@outlook.com.br,(051) 1644 1805,1988-06-23,MW400373,577,FLYING_BLUE,301699
Vitor Gabriel,Albuquerque,vitorgabriel.albuquerque1832@gmail.com,(061) 3809 4207,1975-09-28,RU422224,492,,134465
Isabella,Sales,isabella.sales1833@hotmail.com,0800-909-7989,1987-10-15,AD685014,63,FLYING_BLUE,214298
Letícia,Farias,letícia.farias1834@hotmail.com,+55 41 1870 8781,1955-10-24,QD340405,20,,392967
Brenda,Machado,brenda.machado1835@bol.com.br,0800 167 1656,1987-08-27,CZ104444,240,AADVANTAGE,203788
Maria Julia,Aragão,mariajulia.aragão1836@icloud.com,(021) 6788-5168,2001-08-16,VC375920,614,,328242
Luiz Henrique,Almeida,luizhenrique.almeida1837@uol.com.br,84 5285-7940,2006-02-10,UU811293,964,SKYWARDS,382121
Davi Lucca,Fernandes,davilucca.fernandes1838@bol.com.br,+55 21 5068 9851,2003-12-14,TF299199,955,MILEAGE_PLUS,61650
Heitor,Nogueira,heitor.nogueira1839@icloud.com,+55 31 1678 7348,1984-01-16,DZ783156,436,FLYING_BLUE,254570
Daniel,Novais,daniel.novais1840@terra.com.br,+55 61 9667-5716,1948-05-13,ZI569865,945,,244985
Anna Liz,da Rocha,annaliz.darocha1841@gmail.com,+55 (071) 1342-6839,1949-12-27,GC333235,655,MILES_AND_GO,140387
Giovanna,Pastor,giovanna.pastor1842@terra.com.br,+55 41 3957 0016,1971-11-08,WD208300,494,,445466
Ágatha,da Rocha,ágatha.darocha1843@terra.com.br,+55 (011) 2402-3878,1944-11-22,BE954301,479,TUDO_AZUL,296446
Marcos Vinicius,Aparecida,marcosvinicius.aparecida1844@uol.com.br,+55 61 4760 4096,1976-12-24,XX361857,341,,183631
Léo,Sousa,léo.sousa1845@outlook.com.br,0300 225 9537,1950-03-27,SP354323,159,,360380
Letícia,Cavalcante,letícia.cavalcante1846@hotmail.com,+55 (011) 9853 2727,1998-10-05,QY516545,563,FLYING_BLUE,33869
João Gabriel,Aparecida,joãogabriel.aparecida1847@outlook.com.br,(061) 5490-5973,1967-06-07,PU622970,321,,29984
Arthur Gabriel,da Costa,arthurgabriel.dacosta1848@live.com,+55 41 7450-8830,1962-06-12,FZ381013,518,MILES_AND_GO,314541
Isadora,Novais,isadora.novais1849@yahoo.com.br,+55 71 8170-4967,1978-10-12,SD248292,39,MILEAGE_PLUS,351506
Kaique,Pacheco,kaique.pacheco1850@bol.com.br,(041) 9191-6379,1949-08-25,CV454002,348,ASIA_MILES,270919
Rebeca,Vasconcelos,rebeca.vasconcelos1851@gmail.com,+55 81 7202-8882,1942-11-07,SX296184,957,EXECUTIVE_CLUB,110470
Paulo,Pacheco,paulo.pacheco1852@live.com,(084) 0877-0152,1978-09-13,OX928006,478,AADVANTAGE,94887
Ana Clara,Rodrigues,anaclara.rodrigues1853@yahoo.com.br,+55 81 4310-2993,2007-06-03,XE301910,885,AADVANTAGE,198056
João Pedro,Brito,joãopedro.brito1854@gmail.com,+55 11 6740-0925,2001-05-07,LL185311,752,AADVANTAGE,486873
Vinicius,Casa Grande,vinicius.casagrande1855@live.com,0900 831 8180,1942-01-19,YD692769,146,FLYING_BLUE,337343
Renan,Vasconcelos,renan.vasconcelos1856@bol.com.br,+55 (041) 7148 8305,1953-03-21,KY827260,288,LATAM_PASS,427635
Ana Liz,Ferreira,analiz.ferreira1857@gmail.com,81 2759-8685,1994-03-03,AN608134,365,EXECUTIVE_CLUB,185807
Gael,Peixoto,gael.peixoto1858@live.com,21 8467-4822,1959-06-26,QY656620,781,MILES_AND_GO,143989
Mateus,Cavalcante,mateus.cavalcante1859@icloud.com,+55 61 2504-6471,1967-07-19,ME443688,710,EXECUTIVE_CLUB,26860
Maria Vitória,da Rocha,mariavitória.darocha1860@yahoo.com.br,21 8840 6612,1966-09-30,JD711958,785,LATAM_PASS,35903
Vitor Hugo,Ferreira,vitorhugo.ferreira1861@gmail.com,+55 (084) 6012 4181,1946-02-05,DY521045,517,EXECUTIVE_CLUB,690
Guilherme,Sales,guilherme.sales1862@outlook.com.br,(051) 6210-9692,1944-01-05,FY627076,120,TUDO_AZUL,172183
Julia,Siqueira,julia.siqueira1863@yahoo.com.br,41 8472 0206,1946-09-15,SL380797,175,AADVANTAGE,26155
Mathias,Azevedo,mathias.azevedo1864@bol.com.br,+55 (051) 9244 3295,1945-01-12,IU356711,308,SKYWARDS,70520
Ana Cecília,Abreu,anacecília.abreu1865@terra.com.br,(021) 8642-9617,1994-09-06,NV231176,24,SKYWARDS,259047
Luiz Felipe,Vargas,luizfelipe.vargas1866@bol.com.br,(051) 2731-8897,1994-04-09,CX985841,778,SKYWARDS,450092
Brayan,Lopes,brayan.lopes1867@gmail.com,+55 81 6203-7445,1961-06-05,RS134383,521,SMILES,134409
Maria Laura,Barbosa,marialaura.barbosa1868@hotmail.com,(021) 7342-1421,1985-10-23,SJ881646,467,ASIA_MILES,191356
Gael Henrique,da Mota,gaelhenrique.damota1869@gmail.com,84 1366-4929,1971-12-19,GJ345687,866,MILES_AND_GO,28256
Antônio,Monteiro,antônio.monteiro1870@gmail.com,41 3942-7134,1953-06-18,MM543015,415,SMILES,145204
João Pedro,da Rosa,joãopedro.darosa1871@live.com,84 4922 2571,1944-04-13,KY258348,771,MILES_AND_GO,219791
Laura,Silveira,laura.silveira1872@bol.com.br,+55 (041) 4895 2414,1943-10-17,XX703277,138,MILES_AND_GO,475926
Pedro Miguel,Porto,pedromiguel.porto1873@bol.com.br,21 6466 3971,1993-12-15,RF902290,169,SMILES,450419
Melissa,Aparecida,melissa.aparecida1874@hotmail.com,+55 (061) 6335 7599,1949-11-29,LA291514,362,,280884
Maria Liz,Pinto,marializ.pinto1875@bol.com.br,(061) 5675-6466,1981-02-01,BE685310,789,ASIA_MILES,137462
Maya,Garcia,maya.garcia1876@outlook.com.br,(031) 4913-4816,2004-01-31,NX897845,563,MILES_AND_GO,470614
Agatha,Albuquerque,agatha.albuquerque1877@uol.com.br,(031) 2216 4532,1951-09-20,AZ450953,237,FLYING_BLUE,432757
Alice,Silveira,alice.silveira1878@bol.com.br,+55 84 1461 0049,1987-06-16,RT424995,856,SMILES,308505
Olívia,Correia,olívia.correia1879@terra.com.br,0900-005-8198,2004-09-06,QZ542969,433,EXECUTIVE_CLUB,61438
Matheus,Lima,matheus.lima1880@terra.com.br,(021) 6905 9183,1945-07-24,TR506911,284,,273929
Maria Luísa,Jesus,marialuísa.jesus1881@terra.com.br,0900-790-0578,1954-05-04,ZY547779,801,SKYWARDS,347932
Pedro,Teixeira,pedro.teixeira1882@bol.com.br,+55 (031) 8075 0950,1946-08-18,NN427783,583,,104453
Otávio,Duarte,otávio.duarte1883@bol.com.br,31 1364 0294,2001-11-11,LF360429,535,AADVANTAGE,252888
Luiz Fernando,Siqueira,luizfernando.siqueira1884@yahoo.com.br,+55 (061) 8595 0312,1987-04-08,WD270879,126,,81524
Gael,Fonseca,gael.fonseca1885@terra.com.br,0500 599 5924,2002-05-17,FV608838,902,SMILES,61677
Davi Miguel,Pereira,davimiguel.pereira1886@live.com,(021) 6553-6018,1947-12-28,DS244995,662,,118090
Erick,Caldeira,erick.caldeira1887@live.com,+55 (011) 3280 3253,1992-08-16,YK566646,244,FLYING_BLUE,344379
Stephany,Costa,stephany.costa1888@outlook.com.br,(011) 4917 9216,1945-03-28,WX941748,216,ASIA_MILES,121629
Camila,Barbosa,camila.barbosa1889@bol.com.br,71 1114-6872,1997-03-14,FL900353,697,SMILES,38898
Gabrielly,Camargo,gabrielly.camargo1890@hotmail.com,+55 41 7021-5384,1974-01-05,TF265321,487,,498025
Clara,Aparecida,clara.aparecida1891@uol.com.br,(061) 9967 3131,1965-02-02,DS549714,918,,247285
Kevin,Campos,kevin.campos1892@uol.com.br,+55 11 2434 6662,1995-02-01,UX113937,231,LATAM_PASS,6504
Henry,Costa,henry.costa1893@outlook.com.br,+55 (051) 1539-4406,2006-08-17,KZ311576,739,FLYING_BLUE,61774
André,Barbosa,andré.barbosa1894@bol.com.br,+55 61 2058 4984,1968-12-09,YQ136400,992,ASIA_MILES,277197
Théo,Machado,théo.machado1895@terra.com.br,0900-360-0748,1955-05-20,EA429456,969,MILES_AND_GO,344543
Henrique,Costa,henrique.costa1896@uol.com.br,+55 41 3369-4175,1965-07-25,GO808986,911,FLYING_BLUE,176045
Henry,Montenegro,henry.montenegro1897@gmail.com,+55 (011) 7565 8255,1986-04-06,HC262894,541,SKYWARDS,435629
Vicente,Moraes,vicente.moraes1898@uol.com.br,(011) 8612-3587,1974-11-15,OX723251,259,MILES_AND_GO,115905
André,Fernandes,andré.fernandes1899@gmail.com,+55 (084) 0907-2948,1973-01-13,CL885542,641,TUDO_AZUL,42237
Ana Sophia,Gomes,anasophia.gomes1900@uol.com.br,(011) 6731-3962,1966-09-27,MN369802,704,SKYWARDS,384197
Rafaela,Gonçalves,rafaela.gonçalves1901@uol.com.br,71 9754-7011,1954-04-27,JK872356,12,,244412
Luiz Miguel,Barros,luizmiguel.barros1902@bol.com.br,11 9393 9427,1953-10-25,VI295948,892,LATAM_PASS,250144
Luigi,Moraes,luigi.moraes1903@yahoo.com.br,61 8156-5960,2002-05-27,QP643981,744,MILES_AND_GO,14365
Ana Beatriz,Aragão,anabeatriz.aragão1904@yahoo.com.br,(061) 4477-0648,1978-03-17,BL594525,365,TUDO_AZUL,421867
Emanuel,Costela,emanuel.costela1905@uol.com.br,11 8299-2442,1963-05-15,KP485568,950,,268532
Ravi,Duarte,ravi.duarte1906@gmail.com,71 8439-3939,1968-01-17,GM397565,620,,418109
Heloisa,Alves,heloisa.alves1907@outlook.com.br,+55 (011) 6382-3919,1988-01-18,ER850188,620,MILEAGE_PLUS,429437
João Guilherme,Pacheco,joãoguilherme.pacheco1908@bol.com.br,21 7454-5603,1972-06-03,MY917201,572,LATAM_PASS,4252
Joaquim,Rezende,joaquim.rezende1909@icloud.com,21 6592-7994,1968-06-01,NU340092,9,SMILES,483237
Pietra,Camargo,pietra.camargo1910@yahoo.com.br,81 4548 2771,1981-09-01,PZ813054,989,TUDO_AZUL,50760
Cecilia,Pereira,cecilia.pereira1911@hotmail.com,+55 71 9941 3644,2005-03-08,RF896274,405,,180410
Maitê,Melo,maitê.melo1912@yahoo.com.br,+55 41 1884 4014,1979-10-14,HX968212,344,,119333
Maitê,Vasconcelos,maitê.vasconcelos1913@gmail.com,+55 (051) 3196-1725,1978-04-19,RF220964,940,EXECUTIVE_CLUB,56683
Olivia,Nogueira,olivia.nogueira1914@yahoo.com.br,41 4427-1804,1986-11-17,AR689698,419,,439558
Eloah,Duarte,eloah.duarte1915@hotmail.com,+55 (051) 8995-1217,2006-11-11,JE747515,918,SKYWARDS,349295
Ana Laura,Sá,analaura.sá1916@bol.com.br,(031) 5636-5183,1995-08-06,ZH282859,81,SKYWARDS,243794
Maria Isis,Alves,mariaisis.alves1917@bol.com.br,+55 (061) 2371 2506,1971-08-21,JS339059,744,AADVANTAGE,133308
Nicole,Cirino,nicole.cirino1918@hotmail.com,+55 84 0358 1397,1990-04-13,SJ221770,5,ASIA_MILES,259897
Bianca,Barros,bianca.barros1919@outlook.com.br,+55 (061) 4524-0558,1983-07-25,XL641302,481,,491010
Maria Flor,Cavalcanti,mariaflor.cavalcanti1920@uol.com.br,21 9199 8855,1996-04-05,YP797771,910,,388882
Levi,Cavalcante,levi.cavalcante1921@yahoo.com.br,(031) 7025-9845,1982-01-10,WN787680,605,EXECUTIVE_CLUB,252380
Antonella,Dias,antonella.dias1922@bol.com.br,+55 (031) 0548-7291,1949-09-05,SM947981,22,EXECUTIVE_CLUB,234297
Marcelo,Peixoto,marcelo.peixoto1923@icloud.com,0300 673 3537,1985-02-13,BT718154,635,,107154
Benjamin,Pires,benjamin.pires1924@outlook.com.br,+55 11 2300-1719,1991-03-19,LI834333,166,FLYING_BLUE,474545
Daniela,Fogaça,daniela.fogaça1925@live.com,(021) 3295-1662,1994-07-07,NE731226,217,LATAM_PASS,243507
Diego,Ferreira,diego.ferreira1926@outlook.com.br,(071) 4863-7470,1983-08-27,UP137590,502,FLYING_BLUE,68178
Renan,Ramos,renan.ramos1927@gmail.com,81 6386 0268,1954-11-21,ZH792540,36,,325784
Maria,Camargo,maria.camargo1928@live.com,21 4053-1886,1963-02-13,XZ550458,441,ASIA_MILES,154035
Bianca,Nogueira,bianca.nogueira1929@terra.com.br,+55 (061) 8876-1727,1952-11-02,DN295003,38,MILES_AND_GO,58862
Yago,Leão,yago.leão1930@gmail.com,+55 51 4105 8828,1941-02-17,LS229918,338,FLYING_BLUE,102559
Manuella,Alves,manuella.alves1931@uol.com.br,+55 31 7199 4974,1965-10-21,DJ956812,193,SMILES,186408
Camila,Albuquerque,camila.albuquerque1932@gmail.com,(081) 0644-0712,1981-07-06,TM219941,396,SMILES,465768
Aurora,da Conceição,aurora.daconceição1933@bol.com.br,84 1155 5240,2006-04-21,LA478916,699,SMILES,129504
João Guilherme,Macedo,joãoguilherme.macedo1934@icloud.com,+55 (061) 0158-1130,1995-05-22,KC900581,530,MILES_AND_GO,267630
Olívia,Rezende,olívia.rezende1935@uol.com.br,(084) 3116 9515,1980-11-16,WM143617,297,,399470
José Miguel,Casa Grande,josémiguel.casagrande1936@uol.com.br,(061) 0896 0713,1958-04-24,AA686909,111,ASIA_MILES,395436
Mariah,Vargas,mariah.vargas1937@outlook.com.br,(061) 0806-0605,1966-06-29,RE272307,672,TUDO_AZUL,286226
Dante,Silva,dante.silva1938@outlook.com.br,+55 (041) 5118 3284,1960-02-21,YH252199,844,EXECUTIVE_CLUB,332076
Augusto,Sampaio,augusto.sampaio1939@hotmail.com,(021) 4079 0438,1985-04-17,UV115895,12,MILEAGE_PLUS,165122
Matheus,Duarte,matheus.duarte1940@uol.com.br,(051) 3246-1552,1947-04-24,LM415254,172,SKYWARDS,166992
Leonardo,da Rocha,leonardo.darocha1941@hotmail.com,+55 51 4148 1268,1944-12-17,YQ172174,612,FLYING_BLUE,83964
João Felipe,Gomes,joãofelipe.gomes1942@terra.com.br,+55 21 5273-8396,1977-02-19,HS517900,105,,76394
Melissa,Nogueira,melissa.nogueira1943@terra.com.br,+55 (041) 6945 6847,1968-03-05,JF795660,796,TUDO_AZUL,338520
Cauã,Pereira,cauã.pereira1944@uol.com.br,+55 21 9579 9659,2000-03-06,XF558689,104,MILEAGE_PLUS,229657
Gustavo Henrique,Cirino,gustavohenrique.cirino1945@uol.com.br,+55 61 4949-3078,1980-11-13,HH516042,786,MILEAGE_PLUS,22911
Ana Luiza,Farias,analuiza.farias1946@live.com,21 4490-2307,1998-10-12,LG646665,786,ASIA_MILES,146985
Maria Júlia,Camargo,mariajúlia.camargo1947@bol.com.br,51 5028 6011,1985-01-13,IK274349,997,SKYWARDS,321943
Natália,da Cruz,natália.dacruz1948@live.com,0800-108-1898,1968-03-23,UA770418,331,SKYWARDS,377301
Gael,Sales,gael.sales1949@uol.com.br,51 0110 4708,1972-08-04,YC330283,165,MILES_AND_GO,235764
Vitor Gabriel,da Mota,vitorgabriel.damota1950@bol.com.br,(051) 3256 7211,1957-10-16,CL353721,377,FLYING_BLUE,312221
Bianca,Barbosa,bianca.barbosa1951@hotmail.com,0300 452 6582,1940-12-08,KH736978,713,SKYWARDS,383145
Diego,Jesus,diego.jesus1952@terra.com.br,+55 31 4620 0088,1964-09-10,KU482815,619,,66219
Vitória,Souza,vitória.souza1953@icloud.com,(071) 6414-3772,1984-11-03,RU213751,737,AADVANTAGE,364813
Liam,Cavalcanti,liam.cavalcanti1954@icloud.com,(061) 6931 4935,1965-07-06,UX952664,106,,166943
Alícia,Nascimento,alícia.nascimento1955@icloud.com,+55 (061) 7327 6199,1945-04-23,JP950967,247,MILEAGE_PLUS,467903
Bruno,da Costa,bruno.dacosta1956@live.com,(071) 7311-0253,2005-07-29,LG192628,586,MILES_AND_GO,102803
Maria,Ribeiro,maria.ribeiro1957@terra.com.br,0800 335 8515,1998-10-23,MM455981,148,,702
Davi Luiz,Pires,daviluiz.pires1958@bol.com.br,+55 84 0074-6723,1979-07-10,HK993381,280,MILEAGE_PLUS,45982
Maria Cecília,Vargas,mariacecília.vargas1959@icloud.com,+55 21 1882 1076,1976-12-03,EQ111174,368,,160166
Benício,Duarte,benício.duarte1960@terra.com.br,(051) 8704 2537,2001-02-14,HS840470,103,MILES_AND_GO,458869
Maria Helena,Jesus,mariahelena.jesus1961@outlook.com.br,+55 51 2549 6607,1972-12-25,EF487260,644,AADVANTAGE,222092
Anthony Gabriel,Cavalcanti,anthonygabriel.cavalcanti1962@icloud.com,(071) 3723-8057,1983-07-31,YW928948,984,SMILES,25653
Igor,Cassiano,igor.cassiano1963@hotmail.com,(021) 2966-8273,1967-11-06,DB218163,300,,178821
Vinícius,Cavalcante,vinícius.cavalcante1964@icloud.com,+55 (081) 4268 5446,1978-10-14,JP685235,975,MILES_AND_GO,224393
André,Pires,andré.pires1965@outlook.com.br,21 8958-9932,2008-04-16,IH584088,267,EXECUTIVE_CLUB,400123
Diego,Pinto,diego.pinto1966@hotmail.com,+55 31 3044-2179,1986-02-05,EV522677,137,MILES_AND_GO,76648
Aylla,Costela,aylla.costela1967@bol.com.br,61 5645-0446,2005-07-31,ZS789409,570,MILEAGE_PLUS,484173
Lucca,da Luz,lucca.daluz1968@gmail.com,(041) 4163 1664,1998-09-15,WD684894,758,EXECUTIVE_CLUB,322333
Gabriel,Mendonça,gabriel.mendonça1969@gmail.com,+55 (081) 3379 0474,1944-01-14,CQ977035,751,MILEAGE_PLUS,103507
José,Camargo,josé.camargo1970@yahoo.com.br,+55 (061) 6605 8085,1991-05-12,LY728885,799,LATAM_PASS,74723
Larissa,Pastor,larissa.pastor1971@gmail.com,+55 81 8917 0888,1991-08-22,ZI559740,6,SKYWARDS,383081
Antônio,Macedo,antônio.macedo1972@yahoo.com.br,+55 (021) 0753-0877,1959-03-03,GD771578,149,SKYWARDS,422189
João Vitor,Cassiano,joãovitor.cassiano1973@outlook.com.br,0300-667-3495,1997-03-19,BE768871,75,SKYWARDS,29163
Rebeca,Sampaio,rebeca.sampaio1974@outlook.com.br,+55 (081) 1500 8585,2006-09-08,TS201519,736,SKYWARDS,416765
Vitor Hugo,Oliveira,vitorhugo.oliveira1975@hotmail.com,(021) 6516 7921,1988-11-12,SW926666,157,LATAM_PASS,138444
João Pedro,Macedo,joãopedro.macedo1976@hotmail.com,0500-526-1718,1989-05-20,CO208337,24,,41480
Larissa,Melo,larissa.melo1977@gmail.com,0800 683 7201,1985-09-26,TC927630,989,,167076
Luiza,da Cunha,luiza.dacunha1978@icloud.com,(051) 4713 3258,1984-10-22,JB272481,911,TUDO_AZUL,405071
Fernando,Sampaio,fernando.sampaio1979@outlook.com.br,+55 61 8130-0436,1954-08-18,IZ670468,748,SMILES,217488
João Pedro,Freitas,joãopedro.freitas1980@outlook.com.br,+55 61 5393 0581,1979-01-05,IF111340,318,,499065
Stephany,Monteiro,stephany.monteiro1981@outlook.com.br,(011) 0466 1010,1951-09-02,RR855538,437,MILES_AND_GO,109270
Luara,Rodrigues,luara.rodrigues1982@hotmail.com,(084) 8161 8932,1979-05-24,VF121138,694,SMILES,376603
Vitória,Lopes,vitória.lopes1983@terra.com.br,(011) 6145-0181,1953-07-21,FN637853,224,ASIA_MILES,242207
Maria Luiza,Novais,marialuiza.novais1984@terra.com.br,+55 (081) 3743 6125,1999-12-15,BA583230,195,SKYWARDS,296461
Davi Lucca,da Paz,davilucca.dapaz1985@yahoo.com.br,51 1891 2415,1991-12-30,KG662613,673,LATAM_PASS,4821
Liam,Azevedo,liam.azevedo1986@yahoo.com.br,0900-338-7300,1945-11-30,DH997849,936,MILEAGE_PLUS,45586
Helena,Andrade,helena.andrade1987@uol.com.br,+55 (031) 8979-5737,1984-08-23,CY895226,699,AADVANTAGE,468770
Maria Eduarda,Freitas,mariaeduarda.freitas1988@outlook.com.br,(021) 1089 4520,2005-01-24,BX986244,413,SKYWARDS,232833
Maria Luiza,Cardoso,marialuiza.cardoso1989@terra.com.br,+55 81 0376-4941,1981-11-12,LM878240,692,MILEAGE_PLUS,49452
Matheus,da Costa,matheus.dacosta1990@gmail.com,0900 845 5225,2004-01-08,GT536567,74,LATAM_PASS,28122
Ayla,da Rocha,ayla.darocha1991@bol.com.br,+55 81 2851 4136,1995-06-28,PM899348,790,,406358
Nathan,Casa Grande,nathan.casagrande1992@terra.com.br,(051) 8613 3330,2000-05-15,IO337313,299,SMILES,329606
Cecília,Lima,cecília.lima1993@hotmail.com,+55 31 1113-7236,1995-05-07,HN206251,820,,275261
Maria Isis,Silva,mariaisis.silva1994@gmail.com,+55 (061) 1352-2111,1975-03-28,IB520774,97,SKYWARDS,383700
Gustavo Henrique,Moreira,gustavohenrique.moreira1995@gmail.com,0500 830 8799,2004-09-12,YW830169,546,,391322
Paulo,Câmara,paulo.câmara1996@uol.com.br,0300-138-9198,1943-08-07,KI555793,788,SMILES,431438
Lavínia,Almeida,lavínia.almeida1997@yahoo.com.br,31 2896-8181,1941-08-21,BQ205296,994,LATAM_PASS,264727
Vitor,da Costa,vitor.dacosta1998@uol.com.br,(051) 8628 3588,1992-06-09,JM973195,325,SMILES,107136
Antony,Fonseca,antony.fonseca1999@icloud.com,(041) 7968-0768,1976-02-15,EZ124657,769,FLYING_BLUE,255579
Maya,Nunes,maya.nunes2000@gmail.com,+55 84 4644-2359,1952-07-23,XF525815,819,,47612
Sofia,Silveira,sofia.silveira2001@outlook.com.br,31 4092-7029,1958-12-01,KN974433,560,SKYWARDS,321739
Bruno,Mendonça,bruno.mendonça2002@terra.com.br,+55 (011) 2489-8014,1957-10-26,HV355473,114,,148786
Maria Fernanda,Gomes,mariafernanda.gomes2003@icloud.com,81 3639-1596,1979-08-28,OM649625,734,SKYWARDS,399169
Eduarda,Teixeira,eduarda.teixeira2004@icloud.com,84 8140 3484,1965-12-14,MH921227,557,EXECUTIVE_CLUB,120335
Carolina,da Mota,carolina.damota2005@terra.com.br,84 7932 6334,1956-11-12,JR542004,672,MILES_AND_GO,358756
Catarina,Rodrigues,catarina.rodrigues2006@live.com,21 1175-9661,1944-05-19,AC649754,945,EXECUTIVE_CLUB,155317
Ana,das Neves,ana.dasneves2007@outlook.com.br,31 8490 8957,1966-11-22,JK986057,707,,462013
Joaquim,Aragão,joaquim.aragão2008@live.com,51 1140 2235,1943-05-14,AW268976,375,,80850
Lara,Albuquerque,lara.albuquerque2009@outlook.com.br,(084) 8552 2950,2003-02-21,RI332254,116,TUDO_AZUL,406983
Ana Julia,da Paz,anajulia.dapaz2010@uol.com.br,+55 (031) 4884 8618,1970-01-06,SL385615,236,LATAM_PASS,118948
Henrique,Monteiro,henrique.monteiro2011@bol.com.br,(031) 5768-2636,1962-05-30,XB351340,383,TUDO_AZUL,405704
Apollo,Porto,apollo.porto2012@gmail.com,21 9730-3659,2002-06-08,SJ572367,177,,435913
Bernardo,Martins,bernardo.martins2013@live.com,(011) 7433-4097,1959-02-18,GS119580,11,,453277
Cauê,Duarte,cauê.duarte2014@terra.com.br,+55 (041) 1333 4317,1963-05-16,MO293645,525,,82909
João Felipe,Rodrigues,joãofelipe.rodrigues2015@live.com,(011) 9631 8853,1988-01-12,KF981320,295,,441420
Théo,Almeida,théo.almeida2016@yahoo.com.br,+55 71 0158 5263,1967-01-16,IF316268,246,,401330
Lucca,Costela,lucca.costela2017@hotmail.com,(031) 8577-8846,1943-07-20,CU190613,213,TUDO_AZUL,237403
João Miguel,Andrade,joãomiguel.andrade2018@terra.com.br,(021) 2011 8668,1997-07-08,PG390649,143,LATAM_PASS,498501
Luiz Felipe,Melo,luizfelipe.melo2019@yahoo.com.br,+55 31 4018-8149,1967-08-05,ON859556,945,ASIA_MILES,238715
Luna,Silva,luna.silva2020@live.com,+55 61 1818-2715,1989-08-14,SP153625,888,,481107
Gustavo,Vasconcelos,gustavo.vasconcelos2021@uol.com.br,+55 61 9482 8827,1991-06-19,TT802568,570,,139952
Kamilly,Sampaio,kamilly.sampaio2022@uol.com.br,+55 (084) 9463-5718,1958-10-20,LF968209,955,TUDO_AZUL,15636
Sarah,Guerra,sarah.guerra2023@icloud.com,+55 (081) 5473-7457,1992-01-28,KS845729,492,,314185
Henry,das Neves,henry.dasneves2024@live.com,(041) 4793-1980,1953-01-05,QV657711,984,SKYWARDS,351313
Luísa,Barbosa,luísa.barbosa2025@yahoo.com.br,+55 (071) 6781-2155,1957-04-13,XL427872,312,TUDO_AZUL,368202
Vitor Hugo,Teixeira,vitorhugo.teixeira2026@yahoo.com.br,+55 21 7399-7704,1996-12-14,PX330131,4,AADVANTAGE,271236
Gustavo,da Cunha,gustavo.dacunha2027@terra.com.br,71 8613-6432,2002-11-05,DN344146,738,,435667
Ryan,Freitas,ryan.freitas2028@gmail.com,+55 51 2877 5548,1967-07-16,ZA630548,975,LATAM_PASS,334242
Allana,Andrade,allana.andrade2029@gmail.com,+55 (021) 1099-7988,1959-08-30,QZ339562,183,EXECUTIVE_CLUB,61716
Brenda,Marques,brenda.marques2030@outlook.com.br,+55 (011) 1966 6793,1988-09-25,LS441181,470,TUDO_AZUL,226306
Marcelo,Monteiro,marcelo.monteiro2031@icloud.com,+55 (071) 6079-8909,1986-03-25,OZ549619,682,EXECUTIVE_CLUB,251696
Mariah,Sousa,mariah.sousa2032@icloud.com,0300-207-9833,2004-11-16,YS675949,829,FLYING_BLUE,210997
Raquel,Barbosa,raquel.barbosa2033@gmail.com,+55 (071) 6240-8319,1947-10-12,BK733674,94,,70887
Bruna,Vieira,bruna.vieira2034@yahoo.com.br,41 4674 4563,1989-02-08,UO693841,831,FLYING_BLUE,452188
Luiz Henrique,Casa Grande,luizhenrique.casagrande2035@terra.com.br,21 4678 8488,1941-12-13,EQ676532,148,SKYWARDS,416822
Antônio,Sá,antônio.sá2036@terra.com.br,(071) 4742 0028,1979-10-06,NG463801,570,,180981
Kaique,Câmara,kaique.câmara2037@bol.com.br,+55 21 7142-4388,1994-09-22,WY735770,224,TUDO_AZUL,37567
Dante,Viana,dante.viana2038@hotmail.com,(061) 2492-8840,1957-02-26,BT683383,340,AADVANTAGE,203079
Isis,Pereira,isis.pereira2039@outlook.com.br,(084) 3853-7512,1961-12-17,KP507301,559,SMILES,60586
Kevin,Albuquerque,kevin.albuquerque2040@live.com,+55 21 5980 5602,1949-10-02,PR246713,965,ASIA_MILES,335472
Léo,Cassiano,léo.cassiano2041@bol.com.br,+55 (051) 3213 3780,1974-03-05,FN631269,966,EXECUTIVE_CLUB,375657
Dante,Gomes,dante.gomes2042@icloud.com,+55 (021) 9642 9385,1961-06-08,YT645947,378,LATAM_PASS,185714
Beatriz,Fonseca,beatriz.fonseca2043@gmail.com,0900 320 0822,1970-04-13,LU205959,602,MILEAGE_PLUS,174106
Ana Clara,da Mata,anaclara.damata2044@hotmail.com,+55 (061) 6108 5570,1955-05-22,ZO795015,778,EXECUTIVE_CLUB,40254
Alana,Campos,alana.campos2045@uol.com.br,+55 61 0641-5118,1968-02-26,NU739239,115,,244918
João Gabriel,Cirino,joãogabriel.cirino2046@yahoo.com.br,+55 61 3295 0102,1959-12-26,EY304109,119,SKYWARDS,367168
Samuel,Cavalcanti,samuel.cavalcanti2047@uol.com.br,+55 (031) 1399-2858,2000-03-04,AI229005,339,MILES_AND_GO,183372
Isaque,da Paz,isaque.dapaz2048@yahoo.com.br,+55 31 5022-1491,1974-02-06,JQ204619,193,FLYING_BLUE,22824
Heloísa,Borges,heloísa.borges2049@gmail.com,+55 21 9953 2105,1987-05-28,FN924995,955,,269530
Maria Luiza,Montenegro,marialuiza.montenegro2050@bol.com.br,+55 (051) 8143-5194,1985-06-29,SX787999,184,SMILES,435710
Joaquim,Pinto,joaquim.pinto2051@live.com,0500-817-6301,2004-08-26,AK676568,171,SMILES,320864
Gustavo,Caldeira,gustavo.caldeira2052@terra.com.br,+55 (084) 1670-1410,1959-03-24,HL572453,299,SKYWARDS,472520
Ana Julia,Rocha,anajulia.rocha2053@icloud.com,+55 84 0645 6200,1975-12-06,CQ210562,293,MILEAGE_PLUS,459678
Ágatha,Correia,ágatha.correia2054@yahoo.com.br,11 3652-9397,1988-06-07,SV912763,352,,334159
José Pedro,Freitas,josépedro.freitas2055@yahoo.com.br,(051) 6567 9167,1943-12-01,BP875514,67,,157456
Diego,Casa Grande,diego.casagrande2056@live.com,0800-440-1305,1996-01-21,CZ491286,775,EXECUTIVE_CLUB,28562
Manuella,Cardoso,manuella.cardoso2057@terra.com.br,+55 (081) 3249-7073,1994-09-18,WI538174,360,FLYING_BLUE,68777
Arthur Gabriel,Gonçalves,arthurgabriel.gonçalves2058@icloud.com,81 8786-1920,1969-05-13,CD678926,458,,475283
João Gabriel,Sales,joãogabriel.sales2059@yahoo.com.br,(084) 4040 2616,1977-05-19,EQ840530,769,EXECUTIVE_CLUB,136247
Heloisa,Viana,heloisa.viana2060@icloud.com,+55 61 5015-6225,1985-02-06,GK752421,479,ASIA_MILES,403134
Valentina,da Luz,valentina.daluz2061@icloud.com,0900-060-4598,1948-03-31,VB303227,384,MILEAGE_PLUS,180737
Marcelo,Santos,marcelo.santos2062@live.com,+55 (084) 4705 6497,1977-10-19,DC540061,869,ASIA_MILES,315689
Gael,Mendes,gael.mendes2063@yahoo.com.br,+55 71 2698 1533,1980-01-01,QN103925,505,,259274
Vitor Hugo,Fogaça,vitorhugo.fogaça2064@uol.com.br,71 4309-2697,1953-06-25,UQ963229,722,SKYWARDS,393812
Mirella,Moraes,mirella.moraes2065@uol.com.br,+55 71 0208 5205,1954-09-01,AH214737,692,SMILES,196081
Isabelly,da Luz,isabelly.daluz2066@terra.com.br,51 0344 0585,1982-03-25,WT808222,343,,127683
Luiza,Fogaça,luiza.fogaça2067@terra.com.br,0800 743 9504,1945-10-17,FL834022,13,EXECUTIVE_CLUB,353167
Ana Carolina,Sá,anacarolina.sá2068@bol.com.br,0300 209 5455,1999-05-30,LQ128513,270,,73413
Vitor Hugo,Pereira,vitorhugo.pereira2069@hotmail.com,51 3117 9494,1952-11-04,MZ573424,145,MILEAGE_PLUS,307381
Vitor Hugo,Cardoso,vitorhugo.cardoso2070@yahoo.com.br,31 3299-5874,1997-07-23,NM687806,139,,156581
Leonardo,Macedo,leonardo.macedo2071@outlook.com.br,+55 21 0495-5094,1990-11-16,YS954145,283,,492910
Luísa,Nascimento,luísa.nascimento2072@outlook.com.br,(011) 1638 8281,1988-09-30,OI495080,640,TUDO_AZUL,171256
Apollo,Silveira,apollo.silveira2073@terra.com.br,0300 251 2118,1989-05-28,TO536597,581,TUDO_AZUL,131136
Alexia,Garcia,alexia.garcia2074@yahoo.com.br,+55 51 1665 5636,1957-01-25,NU441447,542,SKYWARDS,30825
Pedro Miguel,Abreu,pedromiguel.abreu2075@gmail.com,(021) 3359 0156,2004-01-14,GY447859,146,MILEAGE_PLUS,73599
Ana Carolina,Albuquerque,anacarolina.albuquerque2076@live.com,21 5694 1467,1985-10-06,CF159570,296,SMILES,247831
Otto,Fernandes,otto.fernandes2077@yahoo.com.br,21 3962-5774,1987-05-21,RJ379622,247,FLYING_BLUE,58623
Guilherme,Ribeiro,guilherme.ribeiro2078@outlook.com.br,(011) 5665-7640,1948-10-05,BA986022,237,LATAM_PASS,412100
Isabella,Cunha,isabella.cunha2079@uol.com.br,11 5861 7110,1966-06-22,ZK339524,628,LATAM_PASS,79328
Lavínia,Oliveira,lavínia.oliveira2080@outlook.com.br,0500 693 9249,1971-09-11,BI135138,752,EXECUTIVE_CLUB,22751
Joana,Cassiano,joana.cassiano2081@uol.com.br,(011) 3692 8515,1961-08-06,MG922027,460,MILEAGE_PLUS,115872
Kamilly,Cirino,kamilly.cirino2082@icloud.com,11 9477-4173,1954-06-15,CK628493,426,,313037
Pietro,Sampaio,pietro.sampaio2083@uol.com.br,+55 (081) 1078 6760,1968-08-22,AJ479837,85,MILES_AND_GO,84087
Emilly,Cunha,emilly.cunha2084@bol.com.br,(071) 0358 1654,1991-03-22,TG224628,899,LATAM_PASS,128220
Valentina,Pires,valentina.pires2085@gmail.com,61 1846 4876,1983-02-18,OD685264,700,MILES_AND_GO,149400
Anthony Gabriel,Moreira,anthonygabriel.moreira2086@terra.com.br,(041) 6460-3632,1998-08-28,RV347841,37,EXECUTIVE_CLUB,499197
Alexia,Cardoso,alexia.cardoso2087@icloud.com,(021) 6227-1921,1993-07-03,MX352965,489,SMILES,460659
Maria Alice,Câmara,mariaalice.câmara2088@outlook.com.br,(081) 6673 9060,1966-10-10,DE551130,510,,328178
Mariana,Castro,mariana.castro2089@live.com,11 2365-7614,1986-09-26,PA562012,617,SKYWARDS,32821
Maria Clara,Sampaio,mariaclara.sampaio2090@outlook.com.br,11 7164 0226,1968-05-28,IY234697,914,EXECUTIVE_CLUB,94197
Henry,Silva,henry.silva2091@yahoo.com.br,+55 (081) 4945-7244,1996-01-24,IR660867,248,LATAM_PASS,161726
Erick,Marques,erick.marques2092@outlook.com.br,61 2614-8109,1958-11-08,IV547900,546,TUDO_AZUL,360085
Carolina,Ramos,carolina.ramos2093@live.com,+55 11 8338 0703,1975-04-27,VX938541,929,SMILES,140410
Rhavi,Souza,rhavi.souza2094@hotmail.com,61 6705 3308,1964-04-15,AC962494,559,SMILES,345343
Bella,Borges,bella.borges2095@icloud.com,71 6069-6249,1953-12-24,PT393580,961,ASIA_MILES,267232
Ágatha,Pereira,ágatha.pereira2096@terra.com.br,0500 110 3089,1968-10-10,AV962160,15,,216629
Lunna,Fogaça,lunna.fogaça2097@icloud.com,+55 11 8040-4416,1966-08-12,LT492546,230,SKYWARDS,401823
Dom,Gonçalves,dom.gonçalves2098@outlook.com.br,+55 41 3063 5485,1983-09-12,PS986601,358,,253334
Mathias,Oliveira,mathias.oliveira2099@outlook.com.br,+55 (021) 4808 8057,1946-06-02,MK175089,878,MILES_AND_GO,319453
Vinicius,Rodrigues,vinicius.rodrigues2100@icloud.com,(084) 5840-2493,1988-09-04,NB200384,221,LATAM_PASS,118156
Melissa,Marques,melissa.marques2101@hotmail.com,+55 11 8992-7935,1996-09-07,EC130492,498,,6638
Alexia,Sá,alexia.sá2102@bol.com.br,+55 81 5890-5730,1987-02-14,XH278693,290,FLYING_BLUE,70137
Josué,Pastor,josué.pastor2103@terra.com.br,61 1457 8245,1949-06-02,OW221939,813,TUDO_AZUL,335166
Isadora,Lima,isadora.lima2104@uol.com.br,+55 11 0512-8163,1969-12-29,EJ521841,809,MILES_AND_GO,431250
Luna,Pinto,luna.pinto2105@outlook.com.br,+55 31 7333 8568,1955-12-23,YS902377,318,EXECUTIVE_CLUB,137548
Theo,Gonçalves,theo.gonçalves2106@terra.com.br,+55 (061) 0150 3431,1970-11-13,CR408049,579,EXECUTIVE_CLUB,228717
Liz,Cassiano,liz.cassiano2107@yahoo.com.br,(061) 6213 4335,1954-02-09,TH429872,6,TUDO_AZUL,279704
Maitê,Borges,maitê.borges2108@yahoo.com.br,(061) 7492 1386,1941-07-20,VL104141,105,SKYWARDS,228488
André,Garcia,andré.garcia2109@icloud.com,51 9728 7024,1953-02-21,QT578717,449,MILES_AND_GO,184212
Ester,Guerra,ester.guerra2110@bol.com.br,(061) 3107 6907,1994-10-01,GV536554,890,,365503
Bento,Albuquerque,bento.albuquerque2111@outlook.com.br,81 9674-4359,1943-03-11,ZQ545146,703,MILEAGE_PLUS,225978
Rael,da Mota,rael.damota2112@terra.com.br,11 1615-6336,2005-04-11,ZX730390,426,LATAM_PASS,232566
Arthur Miguel,Jesus,arthurmiguel.jesus2113@hotmail.com,+55 21 3231 2303,1941-08-06,UB290510,963,FLYING_BLUE,447643
Isabelly,Monteiro,isabelly.monteiro2114@yahoo.com.br,21 4730-8169,1969-06-30,OY466449,761,ASIA_MILES,40498
Bryan,Costa,bryan.costa2115@terra.com.br,+55 (084) 4206-2895,1942-05-16,CA573266,705,TUDO_AZUL,407350
Sara,Souza,sara.souza2116@gmail.com,+55 84 4851 1688,1959-02-08,ZI928584,539,MILES_AND_GO,165452
Pietro,Pacheco,pietro.pacheco2117@yahoo.com.br,+55 (084) 4367 8587,1945-05-21,DY846734,880,,217989
Ravi Lucca,Correia,ravilucca.correia2118@bol.com.br,41 7668 2930,1966-09-26,PY105434,108,SMILES,124823
Benjamim,Sousa,benjamim.sousa2119@live.com,(071) 0387-7464,1954-08-17,VP591309,341,MILEAGE_PLUS,193151
Ravi,Montenegro,ravi.montenegro2120@terra.com.br,51 8257 0445,1941-07-27,QY551779,684,ASIA_MILES,373058
Cecília,da Cunha,cecília.dacunha2121@yahoo.com.br,+55 51 5887 4210,1978-05-24,KS992595,744,SKYWARDS,210080
Vitor,da Conceição,vitor.daconceição2122@icloud.com,(084) 4794 8983,1943-06-21,PW958749,215,EXECUTIVE_CLUB,434009
Anthony Gabriel,Campos,anthonygabriel.campos2123@icloud.com,(011) 0807-5393,1992-03-09,UX804770,350,TUDO_AZUL,390961
Eloah,Vargas,eloah.vargas2124@outlook.com.br,(011) 0042-7098,1971-02-21,FD707537,464,MILEAGE_PLUS,209974
Rhavi,Pereira,rhavi.pereira2125@outlook.com.br,(071) 4894 3380,1991-06-22,ZI887576,369,EXECUTIVE_CLUB,446807
Emanuelly,Cunha,emanuelly.cunha2126@outlook.com.br,+55 61 7167-8047,1956-02-29,BO190757,615,,452468
Davi,Ferreira,davi.ferreira2127@bol.com.br,(084) 2925 8249,1957-06-17,BN393829,343,FLYING_BLUE,374237
Henrique,da Paz,henrique.dapaz2128@icloud.com,84 7459-2189,1940-11-15,BB262875,285,MILEAGE_PLUS,80262
Nathan,Brito,nathan.brito2129@gmail.com,41 7686-9461,1964-01-02,SL795285,875,,200131
Ísis,da Mota,ísis.damota2130@hotmail.com,(061) 7141 7874,1966-07-25,MQ126068,369,LATAM_PASS,35963
Isaac,Alves,isaac.alves2131@terra.com.br,81 3262 4630,1967-09-20,US418259,467,TUDO_AZUL,166475
Luiz Miguel,Vargas,luizmiguel.vargas2132@terra.com.br,11 8653-5786,2002-03-04,VZ722009,759,SKYWARDS,497549
Larissa,Gonçalves,larissa.gonçalves2133@live.com,+55 11 6032-1124,2001-10-08,QO944466,495,,202011
Aurora,Novais,aurora.novais2134@outlook.com.br,11 4799 8441,1946-01-02,DF554415,688,EXECUTIVE_CLUB,179034
Yasmin,Rocha,yasmin.rocha2135@terra.com.br,0300-968-3276,1944-12-07,HC396635,707,,371671
João Miguel,Vieira,joãomiguel.vieira2136@icloud.com,+55 (081) 8237 1059,1980-06-21,AW906366,4,SMILES,94572
Larissa,Albuquerque,larissa.albuquerque2137@yahoo.com.br,+55 21 9804-7327,1953-11-06,HZ594859,847,MILEAGE_PLUS,249893
Luiz Otávio,Cardoso,luizotávio.cardoso2138@bol.com.br,(084) 5811-6259,1953-05-11,GN130184,378,LATAM_PASS,233073
Heloisa,Souza,heloisa.souza2139@live.com,+55 (084) 8511 4777,2004-06-24,CH994657,398,SKYWARDS,145072
Isaque,Gomes,isaque.gomes2140@uol.com.br,(051) 9380 9627,1948-05-02,KT882822,183,MILES_AND_GO,222688
Nina,Sá,nina.sá2141@outlook.com.br,+55 61 1891 9283,2000-05-03,IZ693513,618,FLYING_BLUE,380907
Alana,Vargas,alana.vargas2142@bol.com.br,+55 81 6083 5889,1942-12-01,SR477676,83,TUDO_AZUL,155966
Maria Fernanda,da Paz,mariafernanda.dapaz2143@uol.com.br,(041) 0858 4204,1965-12-02,MC847794,959,TUDO_AZUL,391630
Eloá,Pires,eloá.pires2144@bol.com.br,0800-287-6756,2003-04-10,KL731596,325,,217833
Marcela,Dias,marcela.dias2145@uol.com.br,41 6688-1453,1991-06-18,TF936695,253,LATAM_PASS,273141
José Pedro,Rocha,josépedro.rocha2146@bol.com.br,+55 31 3373 3264,1995-12-22,ZH973273,116,,392479
Cauã,Moreira,cauã.moreira2147@hotmail.com,(031) 4489 0208,1981-04-19,XI946377,180,AADVANTAGE,200715
Ana Carolina,Carvalho,anacarolina.carvalho2148@live.com,11 9919 2157,1956-04-27,BG477259,100,,294646
Natália,Lima,natália.lima2149@bol.com.br,+55 84 8296-1205,1988-05-18,GP926269,912,MILES_AND_GO,127420
Juan,Rocha,juan.rocha2150@icloud.com,+55 (041) 0190 6246,1970-11-12,TD626173,989,SKYWARDS,341035
Esther,Cassiano,esther.cassiano2151@hotmail.com,+55 81 2562 4437,1983-03-06,VQ534681,23,MILEAGE_PLUS,35719
Kamilly,Cassiano,kamilly.cassiano2152@yahoo.com.br,+55 (051) 6654 5667,1989-08-19,VK774601,18,SKYWARDS,274649
Cauê,Correia,cauê.correia2153@live.com,+55 (071) 7010 9557,2006-07-07,LJ637895,491,SKYWARDS,449408
Clarice,da Conceição,clarice.daconceição2154@icloud.com,51 2578 4371,2000-05-01,GS141447,994,SMILES,386989
Gustavo,Melo,gustavo.melo2155@hotmail.com,84 5691-1781,1997-10-05,FX952279,61,EXECUTIVE_CLUB,429294
Melissa,Novais,melissa.novais2156@live.com,(071) 8158 9186,1994-12-23,WT211668,266,SMILES,384704
João Lucas,da Costa,joãolucas.dacosta2157@uol.com.br,41 4087-1957,1972-03-01,SN391880,413,MILEAGE_PLUS,145039
Emanuel,Ferreira,emanuel.ferreira2158@outlook.com.br,+55 (051) 1000-4719,2007-07-28,FJ690151,291,LATAM_PASS,284644
Ana,Aparecida,ana.aparecida2159@outlook.com.br,(071) 6859 0037,1985-01-14,FP438803,792,SKYWARDS,360980
Anthony,Nogueira,anthony.nogueira2160@outlook.com.br,+55 (084) 4639 1027,2008-01-27,GB588672,965,,58253
Ana Beatriz,Cavalcanti,anabeatriz.cavalcanti2161@uol.com.br,21 3762-3147,1972-06-18,JU186406,459,SKYWARDS,261896
Anthony,Borges,anthony.borges2162@yahoo.com.br,+55 (031) 5629 2669,1967-03-21,UD895898,375,FLYING_BLUE,144084
Luan,da Conceição,luan.daconceição2163@outlook.com.br,+55 (071) 1342 1487,1949-07-17,SS914706,812,,209407
Luiza,da Conceição,luiza.daconceição2164@gmail.com,0900 862 8118,1950-06-10,XI582196,169,MILES_AND_GO,450937
Arthur Miguel,Costa,arthurmiguel.costa2165@hotmail.com,61 8853 5913,1980-06-09,NM187030,739,LATAM_PASS,241118
Cecília,Montenegro,cecília.montenegro2166@yahoo.com.br,(011) 3747-8882,1986-04-05,MC384673,506,SMILES,470785
Ana Cecília,Farias,anacecília.farias2167@hotmail.com,41 7813-3917,1981-10-13,FO739086,698,,136128
Kaique,Costa,kaique.costa2168@yahoo.com.br,41 2392-7541,1978-02-04,UY165218,261,ASIA_MILES,275004
Nicolas,Moura,nicolas.moura2169@live.com,31 5440 5475,1943-10-17,VZ506963,74,LATAM_PASS,54502
Clarice,Correia,clarice.correia2170@yahoo.com.br,+55 61 3690 7024,1960-06-29,OF380042,814,FLYING_BLUE,356528
Isaac,da Mota,isaac.damota2171@hotmail.com,(071) 1787-8967,1941-04-12,WZ928846,747,EXECUTIVE_CLUB,496504
Eduarda,Sousa,eduarda.sousa2172@uol.com.br,41 0045 4579,1987-04-09,TD368224,681,MILEAGE_PLUS,183742
Alexia,Carvalho,alexia.carvalho2173@live.com,31 3737 3269,1999-01-18,HX387540,940,MILEAGE_PLUS,42700
Catarina,Costa,catarina.costa2174@live.com,+55 61 4497-1226,1950-06-10,TU280381,257,SMILES,1316
Ana Vitória,Barbosa,anavitória.barbosa2175@bol.com.br,+55 41 6920-0912,1984-08-07,CX246466,51,TUDO_AZUL,303359
Cecilia,Silva,cecilia.silva2176@icloud.com,+55 41 4029-7089,1965-11-08,QS766978,359,AADVANTAGE,374552
Daniela,da Costa,daniela.dacosta2177@icloud.com,0500-706-4013,2008-02-27,JZ650716,883,LATAM_PASS,417740
Marina,da Mata,marina.damata2178@icloud.com,61 7826 3769,1979-07-14,OF524841,489,,118888
José,da Luz,josé.daluz2179@outlook.com.br,+55 (011) 5993 1804,1945-02-18,CV250349,897,ASIA_MILES,108264
Ana Clara,Vasconcelos,anaclara.vasconcelos2180@live.com,(011) 0505 1594,1981-11-14,JB365555,467,TUDO_AZUL,48855
Apollo,Jesus,apollo.jesus2181@gmail.com,(071) 6270 6105,1956-12-04,CP364772,380,,343563
Bruno,Araújo,bruno.araújo2182@hotmail.com,+55 51 9537 2817,1973-06-16,NZ163078,149,,217140
Maria Sophia,Souza,mariasophia.souza2183@bol.com.br,84 9884-7975,1940-11-01,ZP987432,69,SKYWARDS,18377
Otávio,Barbosa,otávio.barbosa2184@hotmail.com,(021) 5164 3398,1965-02-02,ME125646,740,ASIA_MILES,201910
José Pedro,Moreira,josépedro.moreira2185@icloud.com,51 7009 7418,1956-05-28,UG166290,959,FLYING_BLUE,353743
Ágatha,Leão,ágatha.leão2186@icloud.com,+55 84 8757 1988,1993-11-04,RM365809,566,ASIA_MILES,452583
Maria Clara,Cirino,mariaclara.cirino2187@uol.com.br,(031) 5578-6165,1943-12-17,OD989101,806,SKYWARDS,130975
Thiago,Brito,thiago.brito2188@uol.com.br,+55 (011) 0932 2064,1997-04-15,TN532239,788,,336290
Isadora,Cavalcanti,isadora.cavalcanti2189@gmail.com,(011) 7298-3619,1969-01-02,UB877238,798,SMILES,302526
Ana Laura,Silva,analaura.silva2190@hotmail.com,+55 (041) 2829 6380,1989-08-29,QM572852,550,SMILES,353005
Luiz Gustavo,Lopes,luizgustavo.lopes2191@bol.com.br,0300-280-3151,1991-12-22,AA169470,802,MILES_AND_GO,105597
Lorenzo,Cavalcante,lorenzo.cavalcante2192@outlook.com.br,51 1772 9257,1961-11-19,BG404135,794,ASIA_MILES,7417
Sofia,Costa,sofia.costa2193@outlook.com.br,84 8123 0532,1956-05-08,FL604023,345,LATAM_PASS,31088
Beatriz,Carvalho,beatriz.carvalho2194@outlook.com.br,+55 (061) 1181 2307,1943-09-24,WR779192,738,LATAM_PASS,306741
Otávio,Moura,otávio.moura2195@icloud.com,84 0122-1243,2004-04-11,ZU321315,904,ASIA_MILES,482136
Kamilly,Ferreira,kamilly.ferreira2196@yahoo.com.br,+55 41 0107 4520,2005-01-19,BD802919,354,SKYWARDS,401582
Cecília,Santos,cecília.santos2197@gmail.com,0900 911 9715,1942-10-06,AK945961,408,TUDO_AZUL,214513
Mirella,Alves,mirella.alves2198@icloud.com,31 1115 0412,1995-02-06,SV443460,605,AADVANTAGE,53184
Lorenzo,Silveira,lorenzo.silveira2199@terra.com.br,+55 11 1287 5082,1944-06-23,SP443544,211,ASIA_MILES,483857
Isabela,Martins,isabela.martins2200@gmail.com,0300 097 3807,1953-09-12,RS465838,996,SKYWARDS,478980
Gabriel,da Paz,gabriel.dapaz2201@uol.com.br,+55 51 9104 5141,1973-12-16,ON729755,657,SMILES,302786
Thomas,Garcia,thomas.garcia2202@icloud.com,+55 71 7561 0958,1974-07-24,IC453402,532,MILEAGE_PLUS,117074
Rafael,Vieira,rafael.vieira2203@bol.com.br,+55 41 5912-7536,1977-02-17,DS486170,856,ASIA_MILES,25825
Léo,da Rosa,léo.darosa2204@live.com,0900-052-3347,1982-03-18,HK620974,790,,305381
Bárbara,Albuquerque,bárbara.albuquerque2205@hotmail.com,(081) 8356-3640,2001-03-28,BN289292,679,TUDO_AZUL,140077
Emilly,Moura,emilly.moura2206@terra.com.br,81 1185-5771,1974-11-08,RY181688,244,ASIA_MILES,460605
Maria Julia,Almeida,mariajulia.almeida2207@live.com,(041) 5766-2710,1997-10-30,VE714400,772,,136233
Heloisa,Caldeira,heloisa.caldeira2208@gmail.com,+55 (051) 0307-3538,1959-10-27,FY877276,532,FLYING_BLUE,66924
Heloisa,Moura,heloisa.moura2209@yahoo.com.br,21 1597-8007,1998-11-25,PN437093,71,,495423
Hadassa,Camargo,hadassa.camargo2210@outlook.com.br,+55 (011) 0853 4755,1981-08-02,DX414991,36,TUDO_AZUL,440465
Davi,Souza,davi.souza2211@live.com,51 1444 3944,1960-09-01,BZ118930,753,FLYING_BLUE,343925
Juliana,Souza,juliana.souza2212@yahoo.com.br,71 2639 5198,1967-08-20,YW297310,121,,12540
Henrique,Silva,henrique.silva2213@uol.com.br,+55 31 3494-1552,1976-10-11,MV482213,169,MILEAGE_PLUS,251997
Liam,Martins,liam.martins2214@live.com,(051) 1358-9961,1972-06-21,PM581161,439,MILES_AND_GO,301103
Heloísa,Almeida,heloísa.almeida2215@gmail.com,+55 (084) 1137-8718,1945-12-04,ZD585857,785,LATAM_PASS,14958
Maria Julia,Ribeiro,mariajulia.ribeiro2216@live.com,51 9293 0907,1985-09-26,JV358508,259,,448669
Maria Julia,Casa Grande,mariajulia.casagrande2217@terra.com.br,(031) 0090 6250,1978-02-19,CB843673,408,TUDO_AZUL,264791
Yago,Jesus,yago.jesus2218@outlook.com.br,61 0506 8902,1985-10-14,MW363659,511,,316828
Emanuella,Sousa,emanuella.sousa2219@terra.com.br,+55 (031) 8897-3784,1990-05-18,FG189862,491,,391239
Benjamim,Macedo,benjamim.macedo2220@gmail.com,+55 61 9024 1617,1958-04-29,WM184988,763,,51633
Manuela,Carvalho,manuela.carvalho2221@uol.com.br,11 9730-9053,2004-09-27,IO866764,862,,271761
Mathias,Teixeira,mathias.teixeira2222@gmail.com,0900 251 8647,1948-04-22,QE419946,896,SKYWARDS,283664
Asafe,da Luz,asafe.daluz2223@icloud.com,(051) 0231 3744,1965-10-13,DK937867,962,MILEAGE_PLUS,146108
Mariana,Campos,mariana.campos2224@terra.com.br,41 5037 1500,2002-07-18,EM409814,864,MILES_AND_GO,323232
Maria Sophia,da Cunha,mariasophia.dacunha2225@icloud.com,+55 21 8268-2012,1975-06-18,VN742543,278,AADVANTAGE,314272
Bernardo,Casa Grande,bernardo.casagrande2226@hotmail.com,(051) 2620 7679,2002-05-15,DL218964,685,LATAM_PASS,199436
Emanuella,Silva,emanuella.silva2227@live.com,(061) 1869-7250,1961-09-21,CH206633,863,SKYWARDS,376682
Benjamim,Lopes,benjamim.lopes2228@live.com,(011) 5879-4923,1957-01-26,QY750213,451,,38515
Isaque,Pires,isaque.pires2229@terra.com.br,+55 61 0817 8313,1947-10-19,XS445766,342,LATAM_PASS,138666
Bella,Marques,bella.marques2230@hotmail.com,0900-093-6617,2002-02-06,MF358858,955,SMILES,383607
Julia,Fonseca,julia.fonseca2231@icloud.com,21 1883-7606,2006-12-05,DY863461,826,,114163
Davi Luiz,Rezende,daviluiz.rezende2232@live.com,+55 81 5507 5849,1945-09-08,PZ218954,858,EXECUTIVE_CLUB,448310
Matteo,Pimenta,matteo.pimenta2233@hotmail.com,(081) 8264-0834,1995-01-19,TZ301000,152,FLYING_BLUE,208226
Yago,das Neves,yago.dasneves2234@uol.com.br,+55 (081) 2885 5991,1959-02-08,NL239680,737,MILEAGE_PLUS,263896
Daniel,Moraes,daniel.moraes2235@live.com,+55 51 7566 3579,1971-03-20,LH114387,456,,154989
Alexandre,Correia,alexandre.correia2236@icloud.com,61 6832-0073,1945-01-31,XX423149,48,LATAM_PASS,362459
Isabel,Farias,isabel.farias2237@bol.com.br,(031) 0112-6992,1956-04-19,IW299362,411,MILEAGE_PLUS,348956
Sabrina,Pereira,sabrina.pereira2238@live.com,+55 84 2497 6193,1984-07-12,IZ367697,749,MILEAGE_PLUS,298659
Ana Luiza,Nascimento,analuiza.nascimento2239@live.com,41 0131 0986,1972-09-10,AF387398,646,MILEAGE_PLUS,209838
João,da Luz,joão.daluz2240@terra.com.br,+55 21 1571 8265,1953-11-06,NY871002,286,,186228
João Felipe,Cirino,joãofelipe.cirino2241@live.com,+55 (021) 6846 6656,1948-05-18,BE702485,577,FLYING_BLUE,39646
Emanuelly,Nogueira,emanuelly.nogueira2242@bol.com.br,(011) 2910 3749,1942-08-19,XQ701237,233,MILES_AND_GO,65470
Marcela,Correia,marcela.correia2243@outlook.com.br,21 6712 1249,1960-10-17,TI560572,896,,404291
Maitê,Lopes,maitê.lopes2244@bol.com.br,(061) 5721 3191,1945-07-05,EH955258,341,TUDO_AZUL,480846
Thales,Pacheco,thales.pacheco2245@outlook.com.br,+55 41 9028-2976,1976-03-06,XI650452,542,,24420
Maria Vitória,Silveira,mariavitória.silveira2246@yahoo.com.br,+55 (031) 7113 5033,1952-07-31,PU200225,627,,351566
Joana,Jesus,joana.jesus2247@icloud.com,0900 494 9278,1991-07-21,MH197314,312,TUDO_AZUL,297763
Noah,Lima,noah.lima2248@live.com,+55 84 4732-4571,1973-03-04,CQ450261,77,MILEAGE_PLUS,268371
Bianca,Fonseca,bianca.fonseca2249@bol.com.br,(021) 8472-7604,1978-11-29,ME217081,939,TUDO_AZUL,158325
Davi Miguel,Siqueira,davimiguel.siqueira2250@yahoo.com.br,71 1771-7169,2001-08-23,HS155368,650,EXECUTIVE_CLUB,60790
Allana,da Mata,allana.damata2251@bol.com.br,84 3963-2470,1953-01-11,LT803478,479,,98325
Antônio,das Neves,antônio.dasneves2252@yahoo.com.br,31 5471 2007,1980-03-23,EI686048,683,,335997
Ravi,Borges,ravi.borges2253@outlook.com.br,+55 (061) 8068 2423,1978-03-24,GV217377,625,LATAM_PASS,168362
Maria Júlia,Porto,mariajúlia.porto2254@live.com,(081) 5329-9983,1967-01-30,SI295137,587,MILEAGE_PLUS,286294
Guilherme,Novaes,guilherme.novaes2255@live.com,(081) 9905 8841,1988-02-21,TJ474650,508,TUDO_AZUL,308056
Ana Luiza,Moraes,analuiza.moraes2256@yahoo.com.br,84 4118 8034,1959-03-07,TQ899485,454,TUDO_AZUL,391220
Isadora,Machado,isadora.machado2257@gmail.com,+55 (031) 6169 3847,1988-03-15,YM117462,501,LATAM_PASS,271501
Rhavi,Moraes,rhavi.moraes2258@hotmail.com,61 3707 2185,1942-06-01,PX121967,828,ASIA_MILES,422409
Brayan,Novais,brayan.novais2259@yahoo.com.br,61 1634 0546,1949-09-26,OK241933,796,EXECUTIVE_CLUB,487540
Allana,Pimenta,allana.pimenta2260@icloud.com,(061) 9017 5240,2006-08-23,KC826499,770,MILES_AND_GO,67525
Antony,Barbosa,antony.barbosa2261@live.com,21 0493 5781,1965-05-02,TA690380,734,,405418
Alícia,Borges,alícia.borges2262@yahoo.com.br,(071) 7015-3387,2005-07-19,OD350089,452,,335162
João Gabriel,Ribeiro,joãogabriel.ribeiro2263@icloud.com,0900 291 2381,1956-08-31,GR670879,287,ASIA_MILES,166917
Enrico,Rezende,enrico.rezende2264@icloud.com,(084) 4007-4326,2005-08-15,QG816268,828,,134881
Lucas,Nascimento,lucas.nascimento2265@bol.com.br,+55 (041) 3760-3567,1954-11-05,HK685903,304,ASIA_MILES,258520
João Guilherme,Pastor,joãoguilherme.pastor2266@bol.com.br,+55 (011) 4722-2647,1959-01-11,VW283984,752,,482703
Kaique,Montenegro,kaique.montenegro2267@uol.com.br,+55 51 3432 6032,1984-02-01,PO705603,94,MILES_AND_GO,163808
João Gabriel,Cassiano,joãogabriel.cassiano2268@live.com,41 1758 3441,1962-11-25,LB706036,290,EXECUTIVE_CLUB,128760
Maria Alice,Câmara,mariaalice.câmara2269@gmail.com,21 1819-2424,1982-10-29,EM180060,405,FLYING_BLUE,198661
Henry,Cavalcante,henry.cavalcante2270@outlook.com.br,+55 21 5975-2288,2007-03-11,IK528709,548,FLYING_BLUE,394690
Rafael,Cassiano,rafael.cassiano2271@gmail.com,0900-397-4980,1992-03-11,YT420483,975,MILEAGE_PLUS,288187
Benjamim,Viana,benjamim.viana2272@yahoo.com.br,+55 31 6778-5145,1981-12-31,LO507994,477,,267724
Caroline,da Mata,caroline.damata2273@bol.com.br,+55 81 4297-3726,1959-10-03,WM878998,743,MILES_AND_GO,139461
Marcos Vinicius,Castro,marcosvinicius.castro2274@uol.com.br,+55 61 8337-5573,1954-04-26,BL657351,148,,361206
Marina,Nogueira,marina.nogueira2275@terra.com.br,+55 31 9311-6531,1946-09-15,TB739821,669,,475651
João Vitor,Leão,joãovitor.leão2276@bol.com.br,41 9675 7057,1963-12-28,OB875053,870,SKYWARDS,334379
Heitor,Mendes,heitor.mendes2277@hotmail.com,0900-183-3335,1965-01-12,NZ645557,214,TUDO_AZUL,79702
Isabela,Cavalcante,isabela.cavalcante2278@terra.com.br,+55 (031) 1358 4103,1963-05-04,OG813942,775,AADVANTAGE,305738
Vicente,Barros,vicente.barros2279@hotmail.com,+55 31 7320-2201,2001-05-08,YJ619254,87,SKYWARDS,347449
Maria Alice,da Conceição,mariaalice.daconceição2280@icloud.com,+55 (051) 2606-8686,2008-05-12,LX453538,897,MILES_AND_GO,333601
Laura,da Conceição,laura.daconceição2281@gmail.com,(081) 0996-4886,1991-06-18,JV133028,113,SMILES,301433
Rafael,Peixoto,rafael.peixoto2282@icloud.com,(041) 5681-9299,1998-08-08,SR819421,404,,217911
Bianca,Oliveira,bianca.oliveira2283@hotmail.com,+55 (031) 2984 9383,1946-04-20,UX882438,962,SKYWARDS,232614
Antonella,Albuquerque,antonella.albuquerque2284@uol.com.br,(031) 5329-6948,1950-05-20,ST803408,679,SMILES,429367
Isabela,Correia,isabela.correia2285@yahoo.com.br,+55 21 3065 3323,1944-03-05,OW300939,481,SMILES,364031
Heloísa,Pereira,heloísa.pereira2286@hotmail.com,+55 41 8664 1151,1996-08-07,YO886382,701,SKYWARDS,433783
Helena,da Rocha,helena.darocha2287@bol.com.br,81 5923 9659,2003-04-29,GI626260,454,AADVANTAGE,360176
Maria Julia,Novais,mariajulia.novais2288@yahoo.com.br,0800 008 0047,1969-11-08,BA885975,184,ASIA_MILES,471923
André,Costa,andré.costa2289@yahoo.com.br,84 0088 8439,1951-04-30,QB729895,422,AADVANTAGE,469947
Enrico,Costa,enrico.costa2290@bol.com.br,(051) 3105-3888,1982-08-03,KS135016,294,TUDO_AZUL,378515
Pedro Miguel,Brito,pedromiguel.brito2291@yahoo.com.br,+55 (021) 4428 2361,1982-10-29,CV502077,848,EXECUTIVE_CLUB,171150
Lorena,Andrade,lorena.andrade2292@hotmail.com,0900-728-9382,1941-11-03,CZ554644,202,AADVANTAGE,257906
Davi Miguel,Cardoso,davimiguel.cardoso2293@hotmail.com,+55 41 5106 0978,1943-02-02,PE107141,536,ASIA_MILES,242667
Ana Julia,Nunes,anajulia.nunes2294@live.com,+55 (041) 4209 7766,1986-06-11,TD779330,917,EXECUTIVE_CLUB,283158
Rodrigo,Caldeira,rodrigo.caldeira2295@gmail.com,0500-453-1942,1943-11-08,HN183871,443,SKYWARDS,196459
João Felipe,Cunha,joãofelipe.cunha2296@outlook.com.br,+55 41 2714-7250,1962-09-04,VM727700,688,MILES_AND_GO,466320
Maria Luísa,Garcia,marialuísa.garcia2297@yahoo.com.br,+55 31 2750-9444,1953-10-05,TR934240,744,TUDO_AZUL,37351
Olívia,Câmara,olívia.câmara2298@hotmail.com,(011) 9360 1616,1974-02-22,MC228071,942,ASIA_MILES,302558
Olivia,Melo,olivia.melo2299@outlook.com.br,+55 (041) 7372 2575,1955-08-18,KQ848821,530,,84691
Zoe,da Luz,zoe.daluz2300@icloud.com,71 3917 0138,1956-10-26,IE830691,681,FLYING_BLUE,340902
Zoe,Caldeira,zoe.caldeira2301@gmail.com,0300 578 8223,1950-03-12,ZZ658333,758,LATAM_PASS,442971
Ravi,Rocha,ravi.rocha2302@terra.com.br,(011) 2342-2342,1976-06-21,XB662769,253,SMILES,28877
João Pedro,Leão,joãopedro.leão2303@bol.com.br,+55 (031) 1442 3056,1945-08-08,YA601463,854,AADVANTAGE,126404
Heloisa,Viana,heloisa.viana2304@terra.com.br,(031) 7606-1251,1991-10-17,PC957359,291,TUDO_AZUL,85418
Maria Vitória,da Luz,mariavitória.daluz2305@uol.com.br,+55 (051) 1084-3988,1960-12-16,PM723276,852,SMILES,383165
Murilo,Sampaio,murilo.sampaio2306@gmail.com,+55 41 6964 6680,1957-05-12,HN275407,401,,143746
Kaique,Gonçalves,kaique.gonçalves2307@icloud.com,(021) 8511 7661,1972-10-10,IH340746,835,TUDO_AZUL,427313
Juan,da Mota,juan.damota2308@live.com,41 8597 6646,2005-07-11,OR930715,973,EXECUTIVE_CLUB,180148
Levi,Lopes,levi.lopes2309@terra.com.br,+55 (061) 2827 7469,1981-02-12,LP367639,693,,307694
Agatha,Silva,agatha.silva2310@icloud.com,(071) 4576 3447,1952-11-22,EM912308,148,FLYING_BLUE,492158
Luigi,Aparecida,luigi.aparecida2311@gmail.com,+55 (071) 7683-5281,1947-11-05,OX569740,212,SMILES,355146
Ravy,Mendonça,ravy.mendonça2312@yahoo.com.br,+55 71 2046-5352,1986-05-17,EG549005,47,MILES_AND_GO,53812
Davi Luiz,Rezende,daviluiz.rezende2313@live.com,+55 (081) 5726 7798,1983-09-19,NL139077,527,,235944
Matheus,Aparecida,matheus.aparecida2314@gmail.com,+55 (071) 3043 3077,1950-04-16,LL180674,509,MILES_AND_GO,431551
Arthur Miguel,Silveira,arthurmiguel.silveira2315@gmail.com,+55 31 2153 2388,1983-10-02,ST844349,137,,18900
Ana Luiza,Araújo,analuiza.araújo2316@terra.com.br,(081) 0627 1810,1965-08-19,YK980815,885,LATAM_PASS,352672
Hadassa,Costa,hadassa.costa2317@hotmail.com,61 5448-0667,1980-12-18,PU589826,88,EXECUTIVE_CLUB,288915
Giovanna,da Mata,giovanna.damata2318@outlook.com.br,0800-065-1651,1949-12-17,RO363819,609,SKYWARDS,136068
João,Guerra,joão.guerra2319@terra.com.br,+55 61 7370-4214,1999-08-18,WF326805,124,EXECUTIVE_CLUB,63620
Isaque,Fonseca,isaque.fonseca2320@yahoo.com.br,84 7787-0009,1956-06-14,CI159114,668,,253905
Sofia,Fernandes,sofia.fernandes2321@bol.com.br,(084) 0693 5763,2002-07-02,HD957320,638,LATAM_PASS,368888
Noah,Moraes,noah.moraes2322@hotmail.com,+55 (071) 5433-6062,1953-02-02,WV718459,747,FLYING_BLUE,183581
Anthony,Costela,anthony.costela2323@live.com,81 0207 0737,2006-12-01,YN878996,539,MILES_AND_GO,92001
Renan,Gonçalves,renan.gonçalves2324@outlook.com.br,61 0316-9760,1996-09-19,MZ603699,17,SKYWARDS,180697
Manuela,Silva,manuela.silva2325@gmail.com,51 6005 5931,1958-09-12,XN718496,932,EXECUTIVE_CLUB,235414
Agatha,Oliveira,agatha.oliveira2326@uol.com.br,+55 84 4991-6159,2007-01-19,NG410039,530,MILEAGE_PLUS,175057
Caio,Cirino,caio.cirino2327@icloud.com,0800-826-2255,1970-04-10,IO938318,730,,447989
Brenda,Machado,brenda.machado2328@bol.com.br,+55 51 9450 8906,2000-05-19,EE318170,920,SMILES,100828
Hadassa,Alves,hadassa.alves2329@uol.com.br,+55 31 4091-6169,1968-09-13,AY646485,339,ASIA_MILES,117267
Pedro Henrique,Campos,pedrohenrique.campos2330@uol.com.br,+55 (081) 3634-5280,2003-08-20,RR622419,38,AADVANTAGE,493466
Vitor Gabriel,Rios,vitorgabriel.rios2331@uol.com.br,+55 (051) 6444-5816,1953-04-10,NP551681,527,SMILES,81957
Ana Julia,Pacheco,anajulia.pacheco2332@bol.com.br,+55 41 5286 8159,1968-09-19,ZA312031,264,FLYING_BLUE,475409
Henrique,Fonseca,henrique.fonseca2333@outlook.com.br,(031) 0794 9179,1972-02-26,VF941519,897,MILES_AND_GO,128027
Benjamin,Lima,benjamin.lima2334@gmail.com,71 1257-0602,1985-12-17,CE270932,450,EXECUTIVE_CLUB,30008
Sofia,Silveira,sofia.silveira2335@yahoo.com.br,+55 (011) 4897-1470,2005-02-14,QC110885,574,EXECUTIVE_CLUB,264864
Julia,Mendonça,julia.mendonça2336@terra.com.br,61 5000 2197,1981-11-04,ZO842574,63,MILES_AND_GO,161125
Maitê,Vargas,maitê.vargas2337@outlook.com.br,(031) 0486-0165,1961-01-25,IJ646190,648,SMILES,467868
Isabella,Azevedo,isabella.azevedo2338@yahoo.com.br,(021) 6256-9512,1961-07-18,XO596725,200,,262684
Esther,Azevedo,esther.azevedo2339@outlook.com.br,+55 84 8026 1422,1994-04-27,WH972026,298,AADVANTAGE,99062
Sara,Ribeiro,sara.ribeiro2340@bol.com.br,(011) 6978 5136,1974-05-22,MK332681,324,ASIA_MILES,212280
Sarah,Barbosa,sarah.barbosa2341@bol.com.br,71 0446-3580,2001-08-19,RX432641,724,MILEAGE_PLUS,349010
Bryan,Souza,bryan.souza2342@yahoo.com.br,(041) 2917-1411,2003-11-15,QV302234,557,ASIA_MILES,7633
João Felipe,Caldeira,joãofelipe.caldeira2343@yahoo.com.br,+55 (061) 5888 4193,1981-12-08,LB434979,161,MILEAGE_PLUS,395979
Heloísa,Porto,heloísa.porto2344@yahoo.com.br,+55 (084) 1349-4607,1965-12-11,QN530099,811,FLYING_BLUE,199798
Olivia,Azevedo,olivia.azevedo2345@icloud.com,0900-521-9385,1951-04-26,LN382484,25,MILEAGE_PLUS,3596
Luan,Carvalho,luan.carvalho2346@yahoo.com.br,0800-311-4231,2003-04-24,AS320662,29,MILES_AND_GO,245305
Emanuel,Fonseca,emanuel.fonseca2347@bol.com.br,0800 704 9988,1973-04-19,JY888912,45,,15466
Rafael,Barros,rafael.barros2348@yahoo.com.br,41 0539 5432,1941-08-07,UX889693,899,MILEAGE_PLUS,336283
Olívia,da Mota,olívia.damota2349@terra.com.br,+55 11 2993 8788,1997-09-12,HT245134,275,ASIA_MILES,143682
Vitor Hugo,Costa,vitorhugo.costa2350@hotmail.com,(031) 4914-8764,1940-08-25,RW380000,57,MILES_AND_GO,52374
Luiz Henrique,Macedo,luizhenrique.macedo2351@uol.com.br,+55 (011) 9201 8870,1940-09-23,HU358249,534,MILES_AND_GO,248347
Larissa,Porto,larissa.porto2352@icloud.com,+55 (011) 9240-1162,1953-10-31,VZ590287,279,TUDO_AZUL,289125
Nina,Almeida,nina.almeida2353@hotmail.com,84 8073 2819,1993-03-29,IF926587,541,AADVANTAGE,45660
Maria Fernanda,Fonseca,mariafernanda.fonseca2354@gmail.com,(084) 2188-9066,1971-05-11,OU618681,900,AADVANTAGE,224659
Clara,Ramos,clara.ramos2355@gmail.com,(071) 6553 4002,1985-08-07,KM963662,340,EXECUTIVE_CLUB,271124
Luara,Rodrigues,luara.rodrigues2356@live.com,81 1727 7539,1946-01-16,WI530019,602,,65530
Bianca,da Luz,bianca.daluz2357@uol.com.br,+55 31 6118 6981,1986-08-20,RC507265,338,SKYWARDS,430004
Agatha,Vasconcelos,agatha.vasconcelos2358@yahoo.com.br,+55 61 8592 9300,1984-10-15,ZN346756,387,EXECUTIVE_CLUB,381486
Ana Carolina,Rocha,anacarolina.rocha2359@bol.com.br,+55 (011) 2946-8976,1981-09-04,BL272203,263,AADVANTAGE,236145
Gustavo,Jesus,gustavo.jesus2360@outlook.com.br,+55 71 1857 0010,1993-03-23,YT455148,94,FLYING_BLUE,23902
Levi,Araújo,levi.araújo2361@live.com,(031) 8665-5719,1956-02-19,MU401821,591,AADVANTAGE,79155
Bárbara,Farias,bárbara.farias2362@live.com,0300 034 1386,1951-08-29,YU620320,388,LATAM_PASS,201904
Ana Sophia,Barbosa,anasophia.barbosa2363@live.com,11 3727-2590,1966-08-09,LL358001,143,,95083
Isabella,Correia,isabella.correia2364@terra.com.br,+55 21 1215-1009,1982-02-05,UV523678,448,SKYWARDS,91650
Henrique,Cavalcanti,henrique.cavalcanti2365@icloud.com,+55 81 8613-1103,1952-10-15,NW927625,918,AADVANTAGE,36947
Beatriz,Moreira,beatriz.moreira2366@gmail.com,(061) 1091-2045,1971-05-10,SV591367,442,TUDO_AZUL,49515
Raul,Moraes,raul.moraes2367@live.com,21 9638 4535,1981-10-12,WX236769,962,MILEAGE_PLUS,217662
Yuri,Gonçalves,yuri.gonçalves2368@icloud.com,+55 61 9662 3003,2003-08-09,HK101608,328,,451938
Lívia,da Conceição,lívia.daconceição2369@outlook.com.br,(061) 5708-1518,1953-10-20,PA447219,592,,54901
Apollo,Siqueira,apollo.siqueira2370@live.com,71 3368-2614,1974-02-08,XX914029,487,EXECUTIVE_CLUB,332151
Ana Júlia,Gonçalves,anajúlia.gonçalves2371@bol.com.br,11 5753 1002,2001-10-08,PN527263,641,MILES_AND_GO,156887
Juliana,Lima,juliana.lima2372@icloud.com,(031) 4275-7148,1981-11-13,FR947056,231,MILES_AND_GO,73235
Davi Lucas,Cavalcanti,davilucas.cavalcanti2373@terra.com.br,+55 81 9165 3979,1964-03-20,GX875772,696,,267660
Theodoro,da Mota,theodoro.damota2374@live.com,+55 (021) 1586 6849,1957-07-15,HL557969,166,FLYING_BLUE,387953
Luigi,Macedo,luigi.macedo2375@yahoo.com.br,+55 61 5283-2402,1964-12-19,WG592277,97,LATAM_PASS,298242
Marcos Vinicius,Andrade,marcosvinicius.andrade2376@icloud.com,0800 122 9439,1990-05-30,CQ813146,158,SMILES,390601
Lunna,Caldeira,lunna.caldeira2377@terra.com.br,+55 (051) 1023 9414,2007-04-21,MA411148,362,SKYWARDS,427383
José Pedro,Rocha,josépedro.rocha2378@gmail.com,0300 401 7749,1944-08-15,AT554465,797,,443004
Gael,Nunes,gael.nunes2379@yahoo.com.br,31 3249-5110,2003-06-30,QF314650,668,,435243
Letícia,Sampaio,letícia.sampaio2380@live.com,+55 (051) 4911-6993,1942-07-09,BC909984,81,MILES_AND_GO,148718
Ana Cecília,Silveira,anacecília.silveira2381@live.com,84 7762-9746,1984-03-20,RF542004,378,,174142
Lunna,Pereira,lunna.pereira2382@uol.com.br,+55 (011) 7217 8219,2002-08-11,CE662156,952,,230928
João Gabriel,Mendes,joãogabriel.mendes2383@gmail.com,+55 (081) 6846 4287,1989-01-06,RY302020,892,SKYWARDS,266567
Thales,da Rosa,thales.darosa2384@terra.com.br,(031) 6358-7311,1985-06-05,XC773076,589,AADVANTAGE,250160
Enzo Gabriel,Cunha,enzogabriel.cunha2385@terra.com.br,0800-258-6745,1960-01-16,DJ940250,736,MILEAGE_PLUS,122785
Joana,Vieira,joana.vieira2386@bol.com.br,+55 21 1328-1561,1961-09-03,TP129120,623,SMILES,102509
Nathan,Leão,nathan.leão2387@icloud.com,+55 21 3290-4608,1953-01-20,KY806835,357,,382752
Ana,Gomes,ana.gomes2388@live.com,(031) 0724 8018,2006-10-04,FU696268,465,SMILES,312411
Maria Liz,Pinto,marializ.pinto2389@live.com,(084) 9084-8152,1947-05-21,MK130358,86,FLYING_BLUE,246896
Mariana,Machado,mariana.machado2390@hotmail.com,11 2750 7361,1945-05-05,EP350662,218,EXECUTIVE_CLUB,371126
Rhavi,Cirino,rhavi.cirino2391@gmail.com,+55 (081) 6322 3628,1961-02-03,GF710527,725,FLYING_BLUE,340013
Gabriel,Ramos,gabriel.ramos2392@live.com,0900-111-3073,1978-09-25,NT897974,97,LATAM_PASS,460656
Laura,Gomes,laura.gomes2393@hotmail.com,0300-671-9796,1994-09-24,HD649829,788,EXECUTIVE_CLUB,129245
Luna,Moura,luna.moura2394@hotmail.com,+55 (051) 6671-4168,1966-05-01,HM468144,729,EXECUTIVE_CLUB,317075
Luiz Felipe,Jesus,luizfelipe.jesus2395@terra.com.br,11 0073-2127,1979-12-06,IY902082,158,FLYING_BLUE,266991
Diogo,Rios,diogo.rios2396@yahoo.com.br,11 1970 9627,1946-03-21,HR182156,432,SKYWARDS,186553
Pedro Lucas,Caldeira,pedrolucas.caldeira2397@outlook.com.br,+55 (084) 4992-8426,1972-09-25,HP518620,446,LATAM_PASS,134204
Mariah,Moreira,mariah.moreira2398@outlook.com.br,+55 31 7840 5485,1990-06-08,DR995235,729,SMILES,46545
Henry Gabriel,Cardoso,henrygabriel.cardoso2399@gmail.com,+55 51 2687 3701,1968-03-02,HP417292,190,AADVANTAGE,491085
Vitor Hugo,da Mata,vitorhugo.damata2400@icloud.com,(081) 1589-2781,1971-06-20,RP183370,102,MILEAGE_PLUS,460347
João Vitor,Rodrigues,joãovitor.rodrigues2401@terra.com.br,21 3399-1979,1980-12-21,PD420127,728,TUDO_AZUL,89075
Paulo,Leão,paulo.leão2402@icloud.com,+55 81 2151-1261,1969-01-15,XO484482,307,LATAM_PASS,26215
Anthony Gabriel,Pastor,anthonygabriel.pastor2403@hotmail.com,+55 84 8277 5653,1989-09-05,SK957154,632,FLYING_BLUE,164278
Otávio,Mendonça,otávio.mendonça2404@outlook.com.br,(061) 3264-2667,1989-02-05,NQ450816,975,,155880
Luísa,Cunha,luísa.cunha2405@gmail.com,+55 71 2352-7943,1946-05-04,EA529114,386,FLYING_BLUE,483305
Alexia,Andrade,alexia.andrade2406@live.com,71 2766 4784,1945-05-07,DF381286,630,SKYWARDS,140149
Rebeca,Lopes,rebeca.lopes2407@gmail.com,(051) 6413 1066,1984-01-11,HJ633454,815,AADVANTAGE,450713
Isabel,Vasconcelos,isabel.vasconcelos2408@gmail.com,+55 (021) 9729-4513,1989-09-13,IE128699,733,,389590
Daniela,Jesus,daniela.jesus2409@gmail.com,0900 014 8068,1981-04-26,SR759496,679,MILEAGE_PLUS,465832
Diego,Araújo,diego.araújo2410@outlook.com.br,(081) 9503 6326,1983-01-24,AZ699401,501,EXECUTIVE_CLUB,134806
Luigi,da Conceição,luigi.daconceição2411@live.com,+55 (031) 5432 2602,1962-05-11,WV632960,198,EXECUTIVE_CLUB,295923
Maria Luísa,Novais,marialuísa.novais2412@bol.com.br,51 2406 8375,2001-07-09,GS293867,707,SKYWARDS,82207
Valentim,Silva,valentim.silva2413@terra.com.br,(081) 0230-7105,1976-03-03,VU924576,528,LATAM_PASS,45645
Fernanda,das Neves,fernanda.dasneves2414@gmail.com,+55 (031) 6741 5867,1990-11-05,EU296619,643,MILEAGE_PLUS,82951
Anna Liz,Rocha,annaliz.rocha2415@yahoo.com.br,+55 (031) 8741 5507,1959-12-12,SW327286,559,TUDO_AZUL,265451
Bianca,Mendonça,bianca.mendonça2416@outlook.com.br,(041) 9639 2148,1958-01-10,QO568688,500,EXECUTIVE_CLUB,382476
Isaque,Nunes,isaque.nunes2417@outlook.com.br,+55 (041) 4043-6545,1961-07-22,PG230001,995,MILES_AND_GO,165281
Emanuel,Pastor,emanuel.pastor2418@hotmail.com,(011) 0022-2656,1988-11-23,AH464550,994,FLYING_BLUE,135246
Marina,Peixoto,marina.peixoto2419@yahoo.com.br,41 2434 1781,1968-12-30,HH706279,717,AADVANTAGE,463093
Ana Julia,Moreira,anajulia.moreira2420@gmail.com,0800-658-6146,1976-12-22,AU299262,895,ASIA_MILES,231399
Kevin,Ribeiro,kevin.ribeiro2421@hotmail.com,+55 11 9368 7574,1987-07-06,QQ525220,232,SMILES,497300
Fernando,Cavalcante,fernando.cavalcante2422@yahoo.com.br,31 7670-4447,1989-01-06,IA584958,298,LATAM_PASS,311592
Diego,Nascimento,diego.nascimento2423@outlook.com.br,(021) 1390 4080,1978-11-07,QQ629582,537,MILEAGE_PLUS,211984
Natália,Jesus,natália.jesus2424@yahoo.com.br,41 3557-1427,1988-12-11,HD997356,740,EXECUTIVE_CLUB,107045
Benício,Pastor,benício.pastor2425@uol.com.br,+55 21 9121 2595,2003-04-19,MP406393,421,,105712
Raul,Farias,raul.farias2426@uol.com.br,+55 84 4126 6620,1983-03-19,HV936015,698,SMILES,129223
Laís,Novais,laís.novais2427@terra.com.br,81 0902 8854,1967-02-05,JS383979,397,FLYING_BLUE,403953
Davi Miguel,Azevedo,davimiguel.azevedo2428@hotmail.com,+55 71 2015 0261,1989-01-31,ZB238754,821,,256012
Bruna,Freitas,bruna.freitas2429@bol.com.br,+55 (021) 7714-1045,1989-06-12,MR110134,655,MILEAGE_PLUS,245917
João Gabriel,Moreira,joãogabriel.moreira2430@icloud.com,81 4688 0904,1972-07-09,BI686450,50,MILES_AND_GO,280502
Aurora,Cassiano,aurora.cassiano2431@outlook.com.br,(071) 1854 6413,1942-04-21,GJ965373,734,MILES_AND_GO,403705
Maria Vitória,Casa Grande,mariavitória.casagrande2432@icloud.com,+55 51 2231 4488,1947-09-23,XA555126,634,SMILES,410630
Jade,da Conceição,jade.daconceição2433@outlook.com.br,21 0295-5485,1969-03-22,HK875804,970,AADVANTAGE,198151
Maitê,Farias,maitê.farias2434@yahoo.com.br,81 5700 5628,1998-09-17,IX180686,396,FLYING_BLUE,476035
Amanda,da Paz,amanda.dapaz2435@uol.com.br,+55 (011) 9081-1609,2000-04-05,FB752238,9,MILEAGE_PLUS,295359
Juliana,Cavalcanti,juliana.cavalcanti2436@uol.com.br,(061) 6136 1510,1978-11-23,DE278158,966,LATAM_PASS,293667
Anthony Gabriel,Costela,anthonygabriel.costela2437@live.com,0500 212 0969,1957-12-21,TQ120203,219,,75523
Olivia,Vasconcelos,olivia.vasconcelos2438@outlook.com.br,+55 (071) 7757 1555,1942-11-24,NG166763,15,LATAM_PASS,445055
Helena,Carvalho,helena.carvalho2439@uol.com.br,(011) 7646 9145,1979-07-26,ZH943610,522,EXECUTIVE_CLUB,25771
Maria Alice,Moraes,mariaalice.moraes2440@terra.com.br,+55 (011) 9519 8095,1982-07-27,RV528081,165,ASIA_MILES,336264
Davi,Fogaça,davi.fogaça2441@outlook.com.br,+55 11 2662-5103,1941-08-16,XW495421,651,MILEAGE_PLUS,89916
Gael,Fonseca,gael.fonseca2442@uol.com.br,31 7033-0246,1942-02-19,TE303862,121,ASIA_MILES,54906
Maria Sophia,Mendes,mariasophia.mendes2443@outlook.com.br,0900-688-7064,1985-08-22,UF287006,412,MILEAGE_PLUS,231694
Felipe,Araújo,felipe.araújo2444@icloud.com,0900-107-2996,1944-01-22,LL460747,228,EXECUTIVE_CLUB,102281
Maya,Cavalcante,maya.cavalcante2445@yahoo.com.br,51 5515 7034,1959-09-25,PU317779,761,AADVANTAGE,249899
Nathan,da Paz,nathan.dapaz2446@hotmail.com,+55 11 0035 7058,1970-04-20,TY865547,724,ASIA_MILES,266189
Rafael,Rezende,rafael.rezende2447@uol.com.br,(041) 9437 4750,2006-01-05,PV857378,243,SKYWARDS,460041
Liz,Costela,liz.costela2448@outlook.com.br,84 5399-2863,2001-08-26,ZM659246,726,ASIA_MILES,460223
Fernanda,Pacheco,fernanda.pacheco2449@uol.com.br,+55 21 1525 6416,1957-07-22,ZH744213,101,EXECUTIVE_CLUB,406475
Daniela,Aragão,daniela.aragão2450@outlook.com.br,(021) 3305 4069,2005-01-09,KY244545,117,,363751
Laís,Freitas,laís.freitas2451@hotmail.com,31 2682-7256,1959-03-14,IO693563,806,AADVANTAGE,318052
Thales,Pinto,thales.pinto2452@uol.com.br,+55 (081) 9224 1177,1942-12-07,SG673680,431,ASIA_MILES,111196
Isaac,Freitas,isaac.freitas2453@terra.com.br,+55 (071) 6731-7421,1988-04-19,RG980707,693,SMILES,404152
Gustavo Henrique,Fernandes,gustavohenrique.fernandes2454@yahoo.com.br,0800 269 3609,1947-05-18,HZ683002,378,,428243
Maya,Aparecida,maya.aparecida2455@live.com,0800-955-1310,1953-05-13,IO862232,159,EXECUTIVE_CLUB,301246
Rodrigo,Pires,rodrigo.pires2456@icloud.com,71 8635-9412,1969-07-28,LT797476,258,,72493
Rael,Albuquerque,rael.albuquerque2457@live.com,11 6745 3770,1999-06-28,DD945877,277,,180176
Isabela,da Cunha,isabela.dacunha2458@yahoo.com.br,21 6385 1603,1949-09-21,YQ462807,387,LATAM_PASS,295619
Henry,Cassiano,henry.cassiano2459@hotmail.com,0900-144-2381,1993-03-21,PQ127854,839,SKYWARDS,462050
Ana Lívia,Farias,analívia.farias2460@bol.com.br,+55 51 2741 5464,1944-04-12,ZR880986,102,,263458
Luiz Otávio,Cassiano,luizotávio.cassiano2461@terra.com.br,0300 227 1920,1965-08-02,SU878019,847,,398556
Maria Isis,da Rosa,mariaisis.darosa2462@bol.com.br,+55 51 4862 9783,1945-09-28,AE718644,41,LATAM_PASS,275734
João,Porto,joão.porto2463@icloud.com,(011) 5381 2916,2000-10-04,YC658884,87,SKYWARDS,18735
Luara,Araújo,luara.araújo2464@bol.com.br,+55 (021) 0989 3687,1987-10-25,OU242893,582,SKYWARDS,289977
Bryan,Azevedo,bryan.azevedo2465@live.com,+55 11 5184 7440,1950-04-12,RG169319,537,LATAM_PASS,2210
Davi,Araújo,davi.araújo2466@terra.com.br,+55 51 1222 6492,1957-09-04,BP804008,26,,475902
Pedro Miguel,Cassiano,pedromiguel.cassiano2467@live.com,(031) 4503 8934,1951-09-01,LV947736,502,MILES_AND_GO,259744
Maria Luísa,Lima,marialuísa.lima2468@bol.com.br,0900-952-3253,2005-08-19,PH963451,207,ASIA_MILES,397174
Maria Júlia,Melo,mariajúlia.melo2469@bol.com.br,+55 (061) 2671-6484,1993-03-14,UQ968041,457,LATAM_PASS,146709
Rodrigo,Teixeira,rodrigo.teixeira2470@terra.com.br,(011) 5462 6055,1948-09-17,BS775705,405,LATAM_PASS,309221
Raul,Montenegro,raul.montenegro2471@terra.com.br,11 5885 9918,2001-03-18,QJ356021,782,,409216
Davi,Câmara,davi.câmara2472@bol.com.br,(051) 4499-5853,1972-07-10,WF283744,878,SMILES,103988
Gustavo Henrique,Campos,gustavohenrique.campos2473@hotmail.com,+55 (071) 8321 2161,1955-08-09,FL411301,290,SMILES,284474
Marcela,Leão,marcela.leão2474@yahoo.com.br,+55 31 9731 0298,1964-09-04,DH616996,830,TUDO_AZUL,371965
Theo,Cunha,theo.cunha2475@hotmail.com,(021) 5281-0074,1950-03-09,PW595087,448,,129159
Zoe,Novaes,zoe.novaes2476@icloud.com,+55 11 0548 4043,1973-01-10,DD816545,325,LATAM_PASS,439236
Cauê,Araújo,cauê.araújo2477@icloud.com,41 6658 1539,2003-11-15,YH527146,826,MILEAGE_PLUS,191208
Theo,Garcia,theo.garcia2478@yahoo.com.br,+55 41 3936-4695,1950-05-10,DZ824604,756,MILES_AND_GO,11874
Vitor,Nunes,vitor.nunes2479@bol.com.br,21 9205 4888,1969-09-30,NP727906,784,LATAM_PASS,425482
Eloá,Aragão,eloá.aragão2480@live.com,+55 11 2579-1629,2001-10-14,GH684644,264,MILES_AND_GO,371255
Danilo,Mendes,danilo.mendes2481@live.com,84 9252 3209,1951-09-10,JX514578,232,,37142
Jade,Leão,jade.leão2482@yahoo.com.br,+55 84 5070 1200,1971-03-10,QX399654,454,MILEAGE_PLUS,58043
Ísis,da Paz,ísis.dapaz2483@gmail.com,21 8822 2724,1972-10-13,FJ134606,400,,470527
Olivia,Duarte,olivia.duarte2484@uol.com.br,+55 (084) 7858 7873,2000-06-13,ET803832,209,FLYING_BLUE,265072
Yago,Aragão,yago.aragão2485@terra.com.br,71 6767-7037,1956-04-07,SK818967,991,SKYWARDS,27380
Mateus,Macedo,mateus.macedo2486@outlook.com.br,(071) 2803-6719,2004-03-11,IP790307,890,FLYING_BLUE,484542
Theodoro,Rodrigues,theodoro.rodrigues2487@outlook.com.br,31 0123 5782,1990-11-14,PS360054,905,TUDO_AZUL,462906
Luiz Fernando,Costa,luizfernando.costa2488@bol.com.br,0800-708-3406,2006-09-09,YB629640,844,TUDO_AZUL,284709
Kevin,Garcia,kevin.garcia2489@yahoo.com.br,31 3644 1487,1982-11-30,WJ209347,533,,292669
Mariana,Macedo,mariana.macedo2490@bol.com.br,0300 941 8836,1963-06-22,SI533408,594,AADVANTAGE,286953
Olívia,Sá,olívia.sá2491@gmail.com,0800 880 9320,1977-04-15,VI617356,126,MILES_AND_GO,481281
Luna,Peixoto,luna.peixoto2492@outlook.com.br,(021) 8175 5253,1959-10-28,ZM785800,530,MILEAGE_PLUS,134946
Davi Lucca,Pires,davilucca.pires2493@yahoo.com.br,(084) 5250 0308,1992-06-01,UG532229,574,LATAM_PASS,77196
Maria Flor,Costa,mariaflor.costa2494@live.com,81 0278 7033,1999-07-26,QC876340,84,FLYING_BLUE,113805
João Felipe,Vieira,joãofelipe.vieira2495@hotmail.com,(081) 8363 0392,1997-06-18,VC102780,326,TUDO_AZUL,357362
Nina,Ferreira,nina.ferreira2496@icloud.com,(011) 7436-0489,1990-05-31,XY183932,338,MILEAGE_PLUS,95693
Sofia,Moreira,sofia.moreira2497@uol.com.br,61 2817 5060,1956-11-04,PR875256,213,LATAM_PASS,415308
Ana Beatriz,Silva,anabeatriz.silva2498@live.com,+55 (084) 8880 6951,2006-11-22,EH951741,283,TUDO_AZUL,322038
Ravi Lucca,Barros,ravilucca.barros2499@hotmail.com,+55 84 2967-3074,2000-09-14,VU738103,169,MILEAGE_PLUS,133506
Heloísa,Novaes,heloísa.novaes2500@outlook.com.br,+55 (084) 8646-1078,1990-10-10,PM780117,622,MILEAGE_PLUS,168007
Gael Henrique,Cavalcante,gaelhenrique.cavalcante2501@live.com,0300-491-7655,1971-07-07,BH113193,67,,275807
Olivia,Pimenta,olivia.pimenta2502@icloud.com,+55 81 3916 2704,1975-01-18,KA572349,653,FLYING_BLUE,98828
Guilherme,da Paz,guilherme.dapaz2503@hotmail.com,21 6233 3831,1975-12-05,AT491415,350,,319898
Isadora,Monteiro,isadora.monteiro2504@yahoo.com.br,+55 (071) 0372 4709,1979-12-13,XP570615,643,LATAM_PASS,138719
Thomas,Campos,thomas.campos2505@terra.com.br,+55 31 3074 5529,2006-09-01,GU936711,661,,227030
Bernardo,Porto,bernardo.porto2506@gmail.com,(084) 9205 7083,1953-11-23,SX200449,945,FLYING_BLUE,35154
João,Ribeiro,joão.ribeiro2507@yahoo.com.br,+55 41 0307-8371,1968-09-13,KT803787,88,,68254
Julia,Viana,julia.viana2508@bol.com.br,0500-461-2579,1950-06-18,BJ497432,314,SKYWARDS,154327
Stella,Ribeiro,stella.ribeiro2509@hotmail.com,+55 (041) 3316-0308,1997-11-22,ME592649,270,LATAM_PASS,111267
Léo,Rocha,léo.rocha2510@terra.com.br,+55 41 1140-2153,1967-10-28,VT609229,899,SKYWARDS,219234
Carlos Eduardo,Moraes,carloseduardo.moraes2511@gmail.com,(011) 0276 1778,1995-06-03,MT694964,805,MILES_AND_GO,159327
Guilherme,Cavalcante,guilherme.cavalcante2512@icloud.com,+55 51 3234 5422,1980-07-12,WN915091,308,ASIA_MILES,30843
Noah,Rios,noah.rios2513@hotmail.com,(081) 7816-2142,1991-04-23,ZL820954,473,AADVANTAGE,85406
Maria Laura,Leão,marialaura.leão2514@terra.com.br,(021) 5707-6214,1984-10-01,AO280711,777,SKYWARDS,291003
Isaque,Jesus,isaque.jesus2515@uol.com.br,(051) 0214 2106,1999-04-15,UN309576,110,,476191
Isaque,Campos,isaque.campos2516@bol.com.br,+55 (084) 0645 5820,2000-01-02,CH386676,207,MILES_AND_GO,439689
Benicio,Rodrigues,benicio.rodrigues2517@bol.com.br,+55 (084) 2445 1619,1991-11-26,UR197944,194,TUDO_AZUL,5829
Ana Liz,Jesus,analiz.jesus2518@terra.com.br,(061) 0923-8798,1957-04-04,UD551152,24,FLYING_BLUE,200528
Ravy,Cirino,ravy.cirino2519@uol.com.br,+55 51 6770 9895,1951-12-16,EM455923,31,MILEAGE_PLUS,163805
Nicolas,da Rosa,nicolas.darosa2520@yahoo.com.br,+55 (084) 7013 5881,1964-07-07,ZY867341,29,MILES_AND_GO,467225
Levi,Campos,levi.campos2521@terra.com.br,(084) 2489 9308,1965-11-18,NR412313,1,,212207
Maria Julia,Campos,mariajulia.campos2522@uol.com.br,+55 51 6188 0411,1941-04-25,ZS571846,165,TUDO_AZUL,186740
Luiz Miguel,Azevedo,luizmiguel.azevedo2523@yahoo.com.br,+55 71 0906 1029,1966-08-15,VO296015,252,,35493
Heloisa,Melo,heloisa.melo2524@bol.com.br,84 9778 0349,2004-05-30,ED138773,462,TUDO_AZUL,395360
Mathias,Caldeira,mathias.caldeira2525@outlook.com.br,+55 31 9348-3557,1994-10-16,MY945979,847,SKYWARDS,79031
Ana Lívia,Oliveira,analívia.oliveira2526@gmail.com,(081) 7471 7715,1977-04-17,PF438572,66,MILEAGE_PLUS,20039
Bruna,Jesus,bruna.jesus2527@bol.com.br,0500 643 2246,1975-12-03,YV723850,834,MILEAGE_PLUS,137012
Helena,da Conceição,helena.daconceição2528@hotmail.com,61 1589-9609,1995-07-17,OP188284,414,AADVANTAGE,109677
Matteo,Santos,matteo.santos2529@yahoo.com.br,+55 (081) 4309-2620,1966-10-27,LI351033,819,SKYWARDS,229255
Alexia,Moraes,alexia.moraes2530@yahoo.com.br,+55 (031) 1521 7381,1957-07-18,TT806239,315,,274012
Carlos Eduardo,Azevedo,carloseduardo.azevedo2531@icloud.com,0800-733-2471,1996-03-23,AK609604,65,EXECUTIVE_CLUB,45521
Caroline,Ribeiro,caroline.ribeiro2532@yahoo.com.br,84 9996-7390,1963-09-01,RP647786,948,LATAM_PASS,438641
Mateus,Caldeira,mateus.caldeira2533@outlook.com.br,(041) 2818-8584,1979-02-20,PO136777,620,FLYING_BLUE,205927
Breno,Marques,breno.marques2534@uol.com.br,(021) 3190 8573,1994-05-19,GF741705,965,,78004
Yuri,Gonçalves,yuri.gonçalves2535@icloud.com,(021) 7589-7015,2000-03-22,GO301076,137,,107676
Allana,Cassiano,allana.cassiano2536@yahoo.com.br,11 0955-7720,2004-10-02,LD401716,798,TUDO_AZUL,387051
Calebe,Silveira,calebe.silveira2537@terra.com.br,+55 31 6889-0896,1987-09-14,HX841800,736,AADVANTAGE,414261
Yago,Câmara,yago.câmara2538@terra.com.br,+55 51 8201 8776,2002-07-23,YJ409133,709,MILES_AND_GO,96193
Marcela,Sampaio,marcela.sampaio2539@hotmail.com,0500 441 1530,1951-07-25,JA646992,706,MILEAGE_PLUS,127764
Henrique,Cassiano,henrique.cassiano2540@live.com,+55 (081) 7366 2062,1989-10-05,EQ310130,102,MILEAGE_PLUS,286784
Maysa,Cardoso,maysa.cardoso2541@bol.com.br,+55 84 7099-6745,2005-07-28,YE810129,392,EXECUTIVE_CLUB,278085
Apollo,Marques,apollo.marques2542@hotmail.com,+55 (011) 3925-2655,1969-10-20,XF596599,791,SMILES,419759
Brenda,Sales,brenda.sales2543@live.com,(081) 7681 1200,2004-10-09,QN797909,837,,191690
Elisa,Leão,elisa.leão2544@terra.com.br,(051) 5304 0743,1987-02-17,BX270546,70,,378701
Nicolas,Moura,nicolas.moura2545@live.com,(041) 0759-3359,1951-03-01,HN150828,514,SMILES,495600
Luiz Gustavo,da Paz,luizgustavo.dapaz2546@yahoo.com.br,84 4482-3289,1953-09-08,MB688821,903,MILES_AND_GO,427315
Apollo,Brito,apollo.brito2547@live.com,+55 (051) 6378 1186,1944-09-03,UC868242,722,FLYING_BLUE,142107
Rebeca,Pastor,rebeca.pastor2548@uol.com.br,+55 11 9543-4571,1977-05-30,UV243431,822,FLYING_BLUE,135836
João Felipe,Novais,joãofelipe.novais2549@bol.com.br,+55 11 8405-8870,1944-03-11,JQ722527,609,EXECUTIVE_CLUB,283165
Theodoro,Pimenta,theodoro.pimenta2550@hotmail.com,+55 (081) 1873-2335,1979-01-12,DM879705,723,EXECUTIVE_CLUB,362731
Gustavo,Nunes,gustavo.nunes2551@terra.com.br,0800-623-3440,1943-12-14,RH783421,313,EXECUTIVE_CLUB,447856
Emanuella,Souza,emanuella.souza2552@uol.com.br,81 9833-3378,2004-08-24,WJ277107,975,MILEAGE_PLUS,95380
Mariah,Costela,mariah.costela2553@uol.com.br,51 0582 9989,1962-08-21,XL853732,21,SKYWARDS,40304
Camila,Nunes,camila.nunes2554@icloud.com,(011) 8805 9515,1945-01-13,DR439880,827,AADVANTAGE,210016
Caroline,Jesus,caroline.jesus2555@live.com,71 4227 3006,1959-01-29,LP548694,104,SMILES,289805
Rhavi,Gonçalves,rhavi.gonçalves2556@bol.com.br,+55 (051) 4870 4280,1971-12-11,FQ956827,530,MILES_AND_GO,135843
Vitor Hugo,Rios,vitorhugo.rios2557@icloud.com,0800-192-9447,2001-07-05,NS152575,620,SMILES,197372
Lavínia,Cunha,lavínia.cunha2558@uol.com.br,(051) 7993-8047,1983-09-02,TL442018,258,AADVANTAGE,344140
Bruno,Camargo,bruno.camargo2559@uol.com.br,+55 (021) 3760 4919,1997-08-02,MX908969,205,MILES_AND_GO,167791
Gael Henrique,Sousa,gaelhenrique.sousa2560@live.com,0300 705 7973,1980-11-23,EK291163,431,LATAM_PASS,166250
Guilherme,Almeida,guilherme.almeida2561@icloud.com,+55 (051) 7136-2255,1943-12-22,SR878845,191,MILEAGE_PLUS,269439
Maria Vitória,Moreira,mariavitória.moreira2562@bol.com.br,0300 032 2211,1945-04-23,DW155013,957,AADVANTAGE,336749
Pedro Lucas,Sampaio,pedrolucas.sampaio2563@icloud.com,(011) 9186-6070,1975-01-01,NE457371,46,MILEAGE_PLUS,197148
Ana Liz,Barros,analiz.barros2564@terra.com.br,11 2416-8584,2007-05-22,RB303493,647,MILEAGE_PLUS,477253
Clara,Sampaio,clara.sampaio2565@uol.com.br,51 9810 5340,1989-10-29,BF529057,325,LATAM_PASS,459446
Emanuella,Câmara,emanuella.câmara2566@bol.com.br,(011) 9230 8107,1974-03-27,XM339936,325,,108389
Ravi,da Mata,ravi.damata2567@terra.com.br,11 1390 7267,1968-01-22,PG796034,933,TUDO_AZUL,110339
Ana Clara,Ribeiro,anaclara.ribeiro2568@terra.com.br,+55 51 3962 5999,1997-12-18,ZJ290638,852,ASIA_MILES,28994
Emanuel,Macedo,emanuel.macedo2569@icloud.com,+55 (041) 2715 2273,1997-10-02,AA824936,261,FLYING_BLUE,220147
Maria Luísa,Sampaio,marialuísa.sampaio2570@yahoo.com.br,+55 84 6386 1716,1990-02-17,YM745033,670,SKYWARDS,165734
Davi Lucas,Correia,davilucas.correia2571@icloud.com,+55 (071) 5817-8105,1997-03-11,TZ264341,916,MILEAGE_PLUS,264030
Leandro,da Rosa,leandro.darosa2572@terra.com.br,+55 (071) 5783-5421,1941-04-08,AR891896,832,FLYING_BLUE,440628
Igor,Santos,igor.santos2573@uol.com.br,(081) 7961 4440,2000-05-12,ZH143122,958,,299186
Dante,Farias,dante.farias2574@live.com,0300 798 4315,1980-03-07,BS757856,335,TUDO_AZUL,112990
Luigi,Castro,luigi.castro2575@live.com,0900-110-7465,1988-10-17,HM298613,812,LATAM_PASS,133603
Carolina,Aparecida,carolina.aparecida2576@outlook.com.br,+55 41 0200-6865,1965-07-25,KI763112,423,LATAM_PASS,190023
Luan,Correia,luan.correia2577@yahoo.com.br,(031) 2042 2470,1943-11-08,FF842157,355,AADVANTAGE,446042
Vicente,Castro,vicente.castro2578@icloud.com,(021) 8501 3672,2004-04-05,KD987619,596,,205464
Ana Carolina,Fernandes,anacarolina.fernandes2579@gmail.com,0800-320-0858,1978-07-28,PK613722,506,MILEAGE_PLUS,42678
Luísa,Duarte,luísa.duarte2580@yahoo.com.br,0300 326 9446,1944-11-02,NI858911,782,,466935
Ana Laura,Câmara,analaura.câmara2581@hotmail.com,+55 81 9120 9765,1941-10-03,QB912922,282,TUDO_AZUL,402440
Raquel,Cunha,raquel.cunha2582@terra.com.br,+55 61 7862 0892,1973-12-19,UD918062,11,SMILES,328526
Maria Cecília,Pacheco,mariacecília.pacheco2583@live.com,+55 (071) 4832-9480,1982-05-05,YA548895,883,TUDO_AZUL,64839
Marina,da Luz,marina.daluz2584@yahoo.com.br,21 9017-5017,1967-10-14,WR280594,216,,193363
Maria Liz,Ferreira,marializ.ferreira2585@bol.com.br,(084) 0316 8157,1971-02-21,QN313929,406,MILES_AND_GO,384278
Mateus,Lima,mateus.lima2586@outlook.com.br,+55 (021) 9680 1200,1961-08-02,RO679340,588,MILES_AND_GO,45303
Otto,Nunes,otto.nunes2587@gmail.com,51 1970 4765,2005-11-13,UI839416,534,,466713
Brenda,da Rocha,brenda.darocha2588@bol.com.br,+55 (051) 8888 5037,2001-05-10,TB416891,286,ASIA_MILES,403603
Luan,Azevedo,luan.azevedo2589@uol.com.br,(041) 1808 4829,1942-04-06,KF530818,388,MILEAGE_PLUS,444898
Joana,Almeida,joana.almeida2590@bol.com.br,+55 (031) 0873-8432,1968-12-29,IL590044,59,,489634
Lucas Gabriel,Brito,lucasgabriel.brito2591@terra.com.br,61 3439 7682,1992-06-15,EW930584,419,,444818
Clara,Cardoso,clara.cardoso2592@uol.com.br,+55 41 5474 3299,1974-12-03,TD426032,917,EXECUTIVE_CLUB,357364
Eduarda,Duarte,eduarda.duarte2593@live.com,(051) 3835 0654,1964-07-01,AI145750,381,SKYWARDS,53597
Diego,Correia,diego.correia2594@gmail.com,(071) 4432-9792,2008-04-05,EP333126,213,SKYWARDS,192274
André,Cirino,andré.cirino2595@yahoo.com.br,+55 (061) 1237-0322,2004-02-07,BW908674,710,AADVANTAGE,473124
Sabrina,Montenegro,sabrina.montenegro2596@icloud.com,(071) 0260-0520,1981-10-09,MW297457,370,MILES_AND_GO,481960
Lavínia,Teixeira,lavínia.teixeira2597@hotmail.com,51 4106 9777,1942-07-01,YU655782,303,FLYING_BLUE,459920
Bárbara,Correia,bárbara.correia2598@yahoo.com.br,81 6377-3642,1956-11-26,NF323393,401,TUDO_AZUL,80412
Igor,Macedo,igor.macedo2599@icloud.com,(071) 2280-4369,1963-03-12,QQ258828,931,,323900
Felipe,Macedo,felipe.macedo2600@bol.com.br,+55 (061) 3808-6919,2005-06-01,MU160030,476,LATAM_PASS,120882
Enzo,Moreira,enzo.moreira2601@gmail.com,61 1745-5275,1979-06-10,KP726970,674,MILEAGE_PLUS,214353
Miguel,Monteiro,miguel.monteiro2602@gmail.com,+55 (041) 4102 3362,2000-12-03,TX741273,304,MILES_AND_GO,170483
Gabriela,da Paz,gabriela.dapaz2603@hotmail.com,61 9277 0389,1945-02-04,MT919265,367,,475103
Ravi Lucca,Rocha,ravilucca.rocha2604@hotmail.com,+55 21 6490-3657,1986-01-10,VD933756,235,ASIA_MILES,156232
Dom,Lima,dom.lima2605@icloud.com,0300-729-3190,1975-10-06,OK723282,313,MILES_AND_GO,142486
Dom,Andrade,dom.andrade2606@hotmail.com,(084) 5405 7448,1977-04-26,TM573113,471,,294422
Maria Vitória,Almeida,mariavitória.almeida2607@uol.com.br,84 1717-4749,2001-05-21,PU338289,468,LATAM_PASS,348980
Augusto,Vieira,augusto.vieira2608@live.com,+55 (061) 3285-3373,1982-02-06,LF841822,512,MILES_AND_GO,116722
Isabella,Casa Grande,isabella.casagrande2609@uol.com.br,(071) 7620 7266,1942-02-07,BU876871,53,,476304
Ryan,Campos,ryan.campos2610@icloud.com,21 8521 8625,1989-03-17,NE973989,490,FLYING_BLUE,74724
Pedro Miguel,Peixoto,pedromiguel.peixoto2611@terra.com.br,51 3948 7422,2003-07-30,UO192108,66,,128959
Thomas,Costela,thomas.costela2612@bol.com.br,+55 (081) 9342 6926,1980-04-06,KU519252,608,,145252
Pedro Miguel,das Neves,pedromiguel.dasneves2613@bol.com.br,84 3041-0545,1960-10-20,PW864920,69,TUDO_AZUL,227129
Sofia,Pimenta,sofia.pimenta2614@outlook.com.br,+55 (084) 9377 2867,1941-02-28,PH541835,343,SMILES,246575
Anna Liz,Ramos,annaliz.ramos2615@outlook.com.br,61 0734-5710,1967-12-04,XG354329,122,,132540
Maria Fernanda,Caldeira,mariafernanda.caldeira2616@live.com,+55 (031) 6550 2647,1975-04-27,AP369426,620,,4147
João Felipe,Carvalho,joãofelipe.carvalho2617@uol.com.br,+55 71 6420-2076,1945-08-24,AN629638,256,,85214
Elisa,Mendonça,elisa.mendonça2618@outlook.com.br,61 7581 3434,2005-08-01,NE145742,940,TUDO_AZUL,347600
Vitor Hugo,Martins,vitorhugo.martins2619@live.com,41 2369 6637,1997-03-21,DX275813,227,SMILES,305351
Ísis,Lima,ísis.lima2620@hotmail.com,+55 (011) 4597 7674,1952-10-16,AQ546985,114,TUDO_AZUL,8699
Danilo,da Cunha,danilo.dacunha2621@terra.com.br,+55 (041) 6925 1911,2002-09-09,QR460435,575,MILES_AND_GO,32280
Cecilia,Ribeiro,cecilia.ribeiro2622@terra.com.br,(081) 2927 8136,1969-08-08,MY445307,404,,446271
João Pedro,da Luz,joãopedro.daluz2623@icloud.com,+55 81 6779-3383,1941-02-25,HH829135,869,AADVANTAGE,105354
Camila,Viana,camila.viana2624@gmail.com,(061) 8626-3141,1950-09-11,MQ483487,720,MILES_AND_GO,22093
Rafael,Dias,rafael.dias2625@gmail.com,0500-785-1412,1953-07-21,UE797256,266,LATAM_PASS,366697
Arthur Gabriel,Azevedo,arthurgabriel.azevedo2626@hotmail.com,0800 067 7368,1992-07-12,WR553097,808,AADVANTAGE,257891
Antonella,Cavalcanti,antonella.cavalcanti2627@uol.com.br,(041) 7611 5584,1971-05-15,EH552563,301,SMILES,103931
Maria Liz,Vargas,marializ.vargas2628@uol.com.br,(031) 0081 1052,1974-12-09,AX502453,504,AADVANTAGE,31420
Fernando,Cavalcante,fernando.cavalcante2629@bol.com.br,(081) 6678-6198,1941-11-03,TX728141,767,LATAM_PASS,476720
Heloisa,Teixeira,heloisa.teixeira2630@outlook.com.br,11 3383 7331,1960-02-18,SW574202,340,AADVANTAGE,166470
Caleb,Macedo,caleb.macedo2631@bol.com.br,71 0310 7773,1970-03-22,UJ826730,684,,327314
Emilly,da Cruz,emilly.dacruz2632@uol.com.br,81 4144 1275,1979-09-30,AJ612656,393,,332927
Maria Luiza,Nunes,marialuiza.nunes2633@icloud.com,+55 (021) 2720 9935,1977-12-31,NH719141,45,AADVANTAGE,361724
Luan,Fonseca,luan.fonseca2634@hotmail.com,+55 (011) 9875 5467,1950-12-07,NL246804,595,AADVANTAGE,468878
Daniel,Albuquerque,daniel.albuquerque2635@bol.com.br,11 8701 2808,1972-09-20,FM304791,380,ASIA_MILES,27069
Maria Cecília,Andrade,mariacecília.andrade2636@uol.com.br,+55 41 1638 6101,1959-02-01,IG387162,136,SMILES,243384
Antony,Moura,antony.moura2637@uol.com.br,+55 51 5352 7800,1944-01-27,LO594378,900,MILEAGE_PLUS,204115
Beatriz,Jesus,beatriz.jesus2638@gmail.com,61 6384-1962,1975-01-17,CH101779,231,SMILES,449182
Yasmin,das Neves,yasmin.dasneves2639@hotmail.com,0300-447-4690,1995-07-17,NU106133,109,ASIA_MILES,166865
Eloah,Monteiro,eloah.monteiro2640@yahoo.com.br,+55 (041) 1839-5768,1957-05-05,MO615918,199,LATAM_PASS,416626
Catarina,Costa,catarina.costa2641@icloud.com,+55 31 3562-4195,1981-08-31,RR392322,148,,74981
Enzo,Martins,enzo.martins2642@icloud.com,+55 41 1892-7869,1967-10-04,IP663953,614,MILES_AND_GO,32562
Emanuelly,Jesus,emanuelly.jesus2643@icloud.com,0300 673 7995,1972-04-29,MS807632,149,ASIA_MILES,12197
Hadassa,Nascimento,hadassa.nascimento2644@icloud.com,+55 (051) 8596 6521,1995-06-01,WK883590,384,SKYWARDS,348247
Giovanna,Cunha,giovanna.cunha2645@bol.com.br,(071) 8648-0105,1976-03-12,GQ174194,161,EXECUTIVE_CLUB,382979
Igor,Rezende,igor.rezende2646@hotmail.com,(011) 2641 0220,1974-10-31,LW668335,190,ASIA_MILES,141329
Emanuelly,Nascimento,emanuelly.nascimento2647@uol.com.br,0800 578 8083,1962-05-04,GR139431,912,SMILES,96268
Cecilia,Carvalho,cecilia.carvalho2648@outlook.com.br,+55 (051) 7382-7606,1998-09-18,JD843769,174,MILEAGE_PLUS,481097
Maria Alice,Andrade,mariaalice.andrade2649@outlook.com.br,21 0917 9261,1950-04-21,XB319030,342,SKYWARDS,94875
Gabriel,Pinto,gabriel.pinto2650@icloud.com,+55 (081) 9560 6993,1988-08-20,KU760351,930,,293061
Luiz Miguel,da Cruz,luizmiguel.dacruz2651@yahoo.com.br,+55 (071) 6736-5401,1990-06-18,LV755057,322,EXECUTIVE_CLUB,416231
Maria Liz,Cunha,marializ.cunha2652@hotmail.com,+55 31 2027 2216,1945-03-02,BC297769,129,MILEAGE_PLUS,142993
Rodrigo,Azevedo,rodrigo.azevedo2653@live.com,+55 41 9938 9273,1960-07-09,JP326106,988,,306909
Pietro,da Mota,pietro.damota2654@gmail.com,(071) 8635 4692,1981-08-31,RI604159,32,ASIA_MILES,468473
Theo,Viana,theo.viana2655@yahoo.com.br,(011) 2429-9663,1966-07-05,PU399213,542,,367598
Arthur Gabriel,Machado,arthurgabriel.machado2656@bol.com.br,51 6338 9122,1949-05-17,NU836018,369,MILES_AND_GO,467449
Sarah,Alves,sarah.alves2657@gmail.com,+55 21 7060-9314,1953-01-09,DF828216,676,EXECUTIVE_CLUB,339806
Davi Lucca,Marques,davilucca.marques2658@uol.com.br,+55 51 6123 9338,1987-05-27,LL279563,461,ASIA_MILES,489610
Fernando,Novaes,fernando.novaes2659@bol.com.br,+55 84 9751-5238,1963-10-13,TY308679,392,MILEAGE_PLUS,94829
Carolina,Novais,carolina.novais2660@live.com,(084) 0671 3223,1950-09-11,LJ628349,664,,466223
Manuella,Santos,manuella.santos2661@gmail.com,+55 (031) 3134 6443,1979-11-06,UA221303,646,,28748
Antônio,Sampaio,antônio.sampaio2662@hotmail.com,+55 31 3958-3326,1962-10-24,HX188464,468,,131894
Eloah,Aparecida,eloah.aparecida2663@gmail.com,+55 (051) 8184-8936,1948-06-16,UQ613633,30,SKYWARDS,49108
Ana Clara,Farias,anaclara.farias2664@gmail.com,+55 (071) 0679 9134,1957-03-22,ZQ808142,476,,230429
Julia,Novais,julia.novais2665@gmail.com,+55 (041) 6561 2174,1966-05-24,RM357940,808,SMILES,238799
Maria Julia,Carvalho,mariajulia.carvalho2666@outlook.com.br,+55 (061) 3406-8877,1973-06-04,QC649270,28,MILEAGE_PLUS,180174
Kaique,Mendes,kaique.mendes2667@terra.com.br,+55 (081) 8668-9707,2003-02-14,SO341245,224,,277643
Oliver,Siqueira,oliver.siqueira2668@bol.com.br,+55 81 1808 9316,1984-06-07,YC415897,677,,125259
Mirella,Carvalho,mirella.carvalho2669@uol.com.br,11 9953-4205,1989-06-17,KV861169,610,FLYING_BLUE,105411
Juliana,Guerra,juliana.guerra2670@icloud.com,(051) 3526-7565,1941-12-26,WW314267,355,,42872
Luiz Gustavo,Pinto,luizgustavo.pinto2671@icloud.com,+55 (011) 5303 6100,2003-10-18,CK483791,821,TUDO_AZUL,133133
Vitor Gabriel,Pires,vitorgabriel.pires2672@outlook.com.br,+55 (031) 5100 1995,2004-05-02,CL864834,494,FLYING_BLUE,313064
André,Aparecida,andré.aparecida2673@icloud.com,(071) 2646-2716,1991-03-10,FU444601,556,,370455
Maria Alice,Ferreira,mariaalice.ferreira2674@yahoo.com.br,+55 (021) 5935 4157,1998-02-12,KG964278,26,ASIA_MILES,431346
Levi,da Costa,levi.dacosta2675@live.com,+55 (061) 4742-5891,1958-02-08,ZE270775,447,MILEAGE_PLUS,191258
Ana Vitória,Pimenta,anavitória.pimenta2676@live.com,(041) 6519 8465,1991-09-28,UQ236523,768,,340733
Gabriela,Cunha,gabriela.cunha2677@hotmail.com,61 0328 8894,1993-12-11,HV989694,516,LATAM_PASS,464028
Sophie,Oliveira,sophie.oliveira2678@live.com,0800-417-2635,1978-05-25,YI398969,994,,312360
João Felipe,Moreira,joãofelipe.moreira2679@icloud.com,21 0823-1430,1949-10-12,GF679717,619,,181840
Kevin,Ferreira,kevin.ferreira2680@yahoo.com.br,+55 (021) 2989 0426,1943-02-13,KO731555,117,EXECUTIVE_CLUB,353396
Ágatha,Aparecida,ágatha.aparecida2681@icloud.com,71 2534-6709,1972-12-21,BK298279,767,MILES_AND_GO,247563
Lívia,Ribeiro,lívia.ribeiro2682@icloud.com,(071) 0616 1312,1991-05-12,XZ900180,575,,164988
Joaquim,Marques,joaquim.marques2683@icloud.com,61 8162-6669,1976-10-01,UD988281,833,TUDO_AZUL,80103
Nicole,Melo,nicole.melo2684@bol.com.br,+55 84 2338 4446,1991-11-16,FX699893,375,,324514
Davi Miguel,Borges,davimiguel.borges2685@live.com,(051) 4957 1170,1979-01-25,GZ451187,665,MILEAGE_PLUS,142463
Ana Beatriz,Pimenta,anabeatriz.pimenta2686@bol.com.br,(041) 1536 1451,1984-03-21,NB113885,852,AADVANTAGE,227024
Vitória,Sá,vitória.sá2687@uol.com.br,+55 31 2181-6704,1945-06-18,DJ193111,814,,396120
Gustavo Henrique,Fonseca,gustavohenrique.fonseca2688@outlook.com.br,+55 51 0072 6076,1997-04-01,BZ379889,858,EXECUTIVE_CLUB,493367
Olivia,Rodrigues,olivia.rodrigues2689@terra.com.br,84 4064 0058,1945-03-28,QM631065,594,MILEAGE_PLUS,179895
Alícia,da Rocha,alícia.darocha2690@terra.com.br,+55 84 8272 9428,1947-06-07,OC817924,270,MILEAGE_PLUS,470070
Yasmin,Barbosa,yasmin.barbosa2691@hotmail.com,(011) 6497-2483,1997-11-25,QI854090,682,FLYING_BLUE,95177
Leonardo,Dias,leonardo.dias2692@terra.com.br,(031) 8591 3375,1974-02-15,QS515619,229,SMILES,285504
Miguel,Câmara,miguel.câmara2693@bol.com.br,81 2388-1871,1965-05-28,DE882188,700,,42911
Isabella,Pastor,isabella.pastor2694@bol.com.br,(031) 5689-2924,1966-07-02,SN572143,649,MILES_AND_GO,330247
Maria Alice,Jesus,mariaalice.jesus2695@icloud.com,(071) 2579-7513,1942-08-08,TP228339,995,,76098
Francisco,Duarte,francisco.duarte2696@bol.com.br,+55 (071) 6762-1360,1968-11-19,ZU498346,217,FLYING_BLUE,469451
Luana,Casa Grande,luana.casagrande2697@bol.com.br,0900 447 2724,1996-04-17,VO292902,492,MILES_AND_GO,6073
Daniela,Duarte,daniela.duarte2698@live.com,0300-998-7511,1966-12-12,ZU207758,300,SMILES,272981
Allana,Moura,allana.moura2699@uol.com.br,+55 (081) 3639-9601,1986-04-27,LA779581,509,SMILES,269277
Ana Lívia,da Mata,analívia.damata2700@live.com,21 9977 1944,1948-02-17,KZ186743,467,MILEAGE_PLUS,498421
Bella,Pinto,bella.pinto2701@terra.com.br,0800-614-0977,2008-03-29,OK833511,82,,349843
Ana Luiza,Barros,analuiza.barros2702@icloud.com,+55 51 2640 5352,1959-07-30,MC132358,965,TUDO_AZUL,254008
Pedro Miguel,Cavalcanti,pedromiguel.cavalcanti2703@yahoo.com.br,(061) 6973-0572,2008-01-27,UO707050,917,EXECUTIVE_CLUB,442920
Isaque,Moraes,isaque.moraes2704@outlook.com.br,(081) 3261 6917,1959-05-30,QZ457107,248,MILES_AND_GO,327680
Théo,Oliveira,théo.oliveira2705@uol.com.br,0800-452-2791,1983-12-03,SN195116,626,MILES_AND_GO,359154
Pietra,Albuquerque,pietra.albuquerque2706@terra.com.br,+55 71 7006-8873,1961-10-17,ZQ189227,796,SMILES,251905
Anthony,Pires,anthony.pires2707@yahoo.com.br,0300 620 5633,1995-08-05,RX249885,798,EXECUTIVE_CLUB,127361
Heloísa,da Luz,heloísa.daluz2708@gmail.com,0800 762 8271,1992-12-04,NO734168,428,,368434
Liam,Souza,liam.souza2709@icloud.com,+55 (051) 6310-9687,1977-10-30,DE866197,10,,442008
Luiz Felipe,Freitas,luizfelipe.freitas2710@bol.com.br,(031) 7488-1682,1943-08-03,VP701703,371,ASIA_MILES,257600
Antônio,da Mota,antônio.damota2711@uol.com.br,41 1277-3177,1951-07-15,AT302752,163,LATAM_PASS,141813
Ana Carolina,Rocha,anacarolina.rocha2712@yahoo.com.br,(081) 8943-7887,1986-07-18,DR920996,87,,284015
Liam,da Mata,liam.damata2713@yahoo.com.br,(084) 8140 6505,1971-10-22,JH920171,777,ASIA_MILES,246590
Zoe,Albuquerque,zoe.albuquerque2714@terra.com.br,+55 51 6470 5948,1955-01-04,WT153411,97,FLYING_BLUE,374861
Maria Flor,Fernandes,mariaflor.fernandes2715@uol.com.br,+55 81 0732-8456,1988-03-05,JA356104,639,FLYING_BLUE,493972
Yasmin,Moraes,yasmin.moraes2716@uol.com.br,+55 84 8171 0822,1950-03-11,FX295055,253,SKYWARDS,90698
Zoe,Campos,zoe.campos2717@bol.com.br,+55 11 3497-7593,1944-03-28,VU195847,947,,167410
Otávio,Gomes,otávio.gomes2718@live.com,71 3588-4549,1993-05-30,JG669231,35,SMILES,428709
Benício,Rocha,benício.rocha2719@icloud.com,(084) 8138-2311,1968-05-01,OE929920,911,,426800
Joana,Silva,joana.silva2720@live.com,61 4758 3356,1993-04-14,SE319697,432,AADVANTAGE,365003
Gabrielly,da Cruz,gabrielly.dacruz2721@icloud.com,+55 (041) 8227-0697,1975-07-06,OY731532,539,ASIA_MILES,54381
Melina,Marques,melina.marques2722@live.com,+55 (051) 8429 8507,1956-06-29,JN687098,346,MILEAGE_PLUS,380860
Luna,Andrade,luna.andrade2723@yahoo.com.br,(021) 8104-6363,1954-11-12,IT293867,158,MILEAGE_PLUS,438391
João Miguel,Souza,joãomiguel.souza2724@gmail.com,(084) 4612 1491,1946-05-25,BI282631,112,FLYING_BLUE,80074
Luiz Fernando,Porto,luizfernando.porto2725@yahoo.com.br,84 7319 4194,1976-12-07,LX389948,755,,19032
Kaique,Ramos,kaique.ramos2726@outlook.com.br,(051) 1185 8020,2003-02-03,DI686114,849,MILEAGE_PLUS,52157
Luiz Miguel,Rezende,luizmiguel.rezende2727@uol.com.br,(061) 2180 9612,1946-09-10,EO198593,940,MILES_AND_GO,386224
Ana Luiza,Pimenta,analuiza.pimenta2728@yahoo.com.br,+55 61 8435 9730,1944-08-16,WZ724571,26,AADVANTAGE,101818
Raquel,Aragão,raquel.aragão2729@outlook.com.br,(071) 2738-0165,1962-02-26,NE551765,73,FLYING_BLUE,495843
Ana Liz,Fonseca,analiz.fonseca2730@outlook.com.br,+55 (061) 4540-5360,1953-08-22,PZ186381,692,MILES_AND_GO,493213
Isabelly,Duarte,isabelly.duarte2731@outlook.com.br,+55 41 5409 8521,1974-11-23,KG644668,672,ASIA_MILES,317686
Manuella,Santos,manuella.santos2732@live.com,0300 622 9234,1952-10-19,BS507811,792,,307603
Júlia,Mendes,júlia.mendes2733@hotmail.com,(031) 4617 3274,1977-02-15,LS405438,660,MILEAGE_PLUS,313649
Ryan,Alves,ryan.alves2734@live.com,51 7400 1847,1967-04-04,ME695254,160,SKYWARDS,4164
Letícia,Gomes,letícia.gomes2735@terra.com.br,(084) 9607 1240,1953-06-03,KR794550,912,SMILES,486201
Ísis,da Cunha,ísis.dacunha2736@live.com,11 2056 2247,1966-06-16,XO352655,901,MILEAGE_PLUS,481161
Josué,Nascimento,josué.nascimento2737@gmail.com,41 8143-7104,1953-03-07,LM183582,85,EXECUTIVE_CLUB,337468
Anna Liz,Ramos,annaliz.ramos2738@icloud.com,41 0960 0750,1953-02-24,OX892792,265,SMILES,374331
Maria Clara,Sales,mariaclara.sales2739@live.com,+55 (011) 2178-0667,1963-04-17,PW372322,627,ASIA_MILES,357651
Lívia,da Rosa,lívia.darosa2740@icloud.com,31 9301-6368,1945-03-15,CY993596,122,AADVANTAGE,435300
Yago,Cardoso,yago.cardoso2741@outlook.com.br,+55 41 3618-9135,2000-04-05,LG752486,30,LATAM_PASS,186003
Carolina,Peixoto,carolina.peixoto2742@outlook.com.br,(051) 2728-7818,1965-03-06,ST560653,197,MILEAGE_PLUS,450615
Thomas,Rocha,thomas.rocha2743@hotmail.com,(031) 7623 8026,1989-09-03,JH929232,335,,499111
Mariana,Araújo,mariana.araújo2744@bol.com.br,+55 (084) 8677 1641,1968-02-17,AU592177,48,,59541
Rafaela,Campos,rafaela.campos2745@bol.com.br,84 0499 1293,2003-01-08,UZ750403,162,,489953
Liz,Costa,liz.costa2746@yahoo.com.br,41 0297-9801,1950-06-07,SL102945,656,AADVANTAGE,446791
Otávio,Teixeira,otávio.teixeira2747@bol.com.br,+55 (021) 0967-3866,1973-06-24,BQ541732,951,,204500
Maria Sophia,Ferreira,mariasophia.ferreira2748@hotmail.com,(021) 5376-7039,1982-11-12,CA737322,110,,361552
Luiz Felipe,Mendes,luizfelipe.mendes2749@bol.com.br,0300-143-8397,1982-09-01,NL139802,291,,334495
Antonella,Abreu,antonella.abreu2750@terra.com.br,+55 21 0833-6014,2000-12-18,ZT305403,588,,367007
Liz,Mendonça,liz.mendonça2751@hotmail.com,+55 11 1888 8270,1964-04-08,QB924428,356,SMILES,158534
Rodrigo,Castro,rodrigo.castro2752@yahoo.com.br,21 9136-0437,1960-08-10,ZJ274902,90,EXECUTIVE_CLUB,167843
Vitor Gabriel,Ferreira,vitorgabriel.ferreira2753@terra.com.br,61 6394 0819,1970-12-24,DE157187,256,,202739
José Pedro,Monteiro,josépedro.monteiro2754@terra.com.br,21 4827-7594,2007-08-14,EN451412,770,MILES_AND_GO,108389
Marcela,Pereira,marcela.pereira2755@yahoo.com.br,+55 (041) 7019-2467,1998-03-27,MK544141,299,MILES_AND_GO,225918
Daniela,Pimenta,daniela.pimenta2756@terra.com.br,0800-633-7119,1973-05-13,SI774410,183,SMILES,234418
Murilo,Dias,murilo.dias2757@hotmail.com,(061) 0871-6508,1999-06-10,LJ251491,872,AADVANTAGE,181850
Henry,Martins,henry.martins2758@gmail.com,(031) 6135-2428,1954-04-17,FH411927,745,,297064
Gustavo,Lima,gustavo.lima2759@bol.com.br,+55 41 8455-4272,1962-11-04,HW874816,136,,445950
Agatha,da Mata,agatha.damata2760@live.com,+55 (081) 9879-2014,1963-12-14,IC440146,691,MILEAGE_PLUS,264175
Rafaela,Casa Grande,rafaela.casagrande2761@yahoo.com.br,(081) 9259-9686,1953-12-15,RB894601,887,,377131
Aurora,Albuquerque,aurora.albuquerque2762@outlook.com.br,+55 (041) 1165 5865,1968-10-30,OE678980,342,MILEAGE_PLUS,3925
Gabriel,Barros,gabriel.barros2763@terra.com.br,+55 (041) 3555 8180,2006-10-17,AP329748,559,EXECUTIVE_CLUB,323593
Cauã,Leão,cauã.leão2764@outlook.com.br,+55 (041) 5677 2136,1984-12-13,ZK117956,663,,61971
Arthur Miguel,Aparecida,arthurmiguel.aparecida2765@icloud.com,+55 81 3800-6399,1994-06-30,RA803871,817,AADVANTAGE,41529
Ravi Lucca,Monteiro,ravilucca.monteiro2766@icloud.com,+55 51 6910 9978,1949-10-22,AY917337,380,LATAM_PASS,364582
Marcela,Cavalcante,marcela.cavalcante2767@hotmail.com,+55 41 6309 1651,1979-08-26,XC698631,983,MILES_AND_GO,44414
Larissa,Nogueira,larissa.nogueira2768@gmail.com,+55 81 7215-3570,1942-07-18,YW398122,325,SMILES,163283
Asafe,Pimenta,asafe.pimenta2769@uol.com.br,31 7170-2005,1962-11-25,DC759838,375,EXECUTIVE_CLUB,369005
Beatriz,Ribeiro,beatriz.ribeiro2770@terra.com.br,+55 51 8789 0052,1941-05-21,EE652619,151,AADVANTAGE,264456
Vinicius,Casa Grande,vinicius.casagrande2771@uol.com.br,11 5433 4923,1949-05-05,LO841040,459,SMILES,87969
Luiz Fernando,Ramos,luizfernando.ramos2772@hotmail.com,+55 (051) 4302-5833,2003-03-17,SR767660,40,FLYING_BLUE,370887
Arthur Gabriel,Cunha,arthurgabriel.cunha2773@outlook.com.br,+55 11 3227 6904,1983-03-23,DT903847,656,AADVANTAGE,220704
Maria Sophia,Rezende,mariasophia.rezende2774@bol.com.br,11 3098-1107,1960-09-15,AL238632,523,AADVANTAGE,488686
Apollo,Siqueira,apollo.siqueira2775@icloud.com,84 6784 5334,1973-08-18,UW969033,698,MILEAGE_PLUS,77151
Mateus,Siqueira,mateus.siqueira2776@uol.com.br,(051) 8437-0118,1964-04-13,KK772925,531,LATAM_PASS,365884
Caleb,Costa,caleb.costa2777@uol.com.br,71 1363 7506,1990-11-18,YH882562,427,MILEAGE_PLUS,214209
Augusto,Dias,augusto.dias2778@gmail.com,+55 51 5116 3784,1955-06-10,CY658807,959,EXECUTIVE_CLUB,17403
Daniela,Rodrigues,daniela.rodrigues2779@live.com,+55 41 6253-0342,1982-12-18,BT786891,803,,239992
Luana,Viana,luana.viana2780@gmail.com,(031) 3226-9927,1951-11-29,EI487033,878,,439173
João Gabriel,Porto,joãogabriel.porto2781@icloud.com,+55 (041) 2294 0097,1971-12-30,TL440612,149,LATAM_PASS,478134
Bianca,Barros,bianca.barros2782@hotmail.com,+55 (061) 9394-0996,1940-09-02,EE209631,880,AADVANTAGE,193789
Clarice,Leão,clarice.leão2783@live.com,84 9564-5981,1998-07-11,MV301201,110,,145456
Luísa,Azevedo,luísa.azevedo2784@uol.com.br,+55 (051) 3292 8442,2000-01-20,VI798016,29,SKYWARDS,169688
Lucas Gabriel,Caldeira,lucasgabriel.caldeira2785@uol.com.br,(021) 3321 3300,1977-06-30,VN626712,824,SKYWARDS,476268
Carlos Eduardo,da Rocha,carloseduardo.darocha2786@yahoo.com.br,(071) 6030 2930,1982-09-13,PO441049,853,MILEAGE_PLUS,84701
Camila,Montenegro,camila.montenegro2787@live.com,+55 (061) 0207-5200,1984-02-18,MT222855,295,TUDO_AZUL,379880
Luiz Felipe,Duarte,luizfelipe.duarte2788@terra.com.br,0300-318-6062,1967-02-26,FU710087,149,FLYING_BLUE,55622
Pietro,Porto,pietro.porto2789@hotmail.com,+55 41 8744-3730,1958-07-02,AM940685,608,FLYING_BLUE,212833
Clara,da Conceição,clara.daconceição2790@terra.com.br,84 2763 0097,1982-05-01,ZO431665,750,AADVANTAGE,328818
Giovanna,Teixeira,giovanna.teixeira2791@uol.com.br,+55 (061) 5273-9767,2003-09-23,QH952801,99,LATAM_PASS,29493
Valentim,Novaes,valentim.novaes2792@icloud.com,+55 31 9142-0375,1946-06-16,RD273892,197,SKYWARDS,482880
Isabel,Pimenta,isabel.pimenta2793@bol.com.br,(041) 3140 1398,1944-09-06,RT359663,841,TUDO_AZUL,112633
Maria Julia,Sampaio,mariajulia.sampaio2794@icloud.com,+55 (031) 9533-7189,1961-06-05,MJ769085,343,LATAM_PASS,352760
Thomas,Sá,thomas.sá2795@yahoo.com.br,(011) 0888 5638,1976-11-15,DR553391,334,ASIA_MILES,274329
Antony,Cirino,antony.cirino2796@icloud.com,(071) 2120 0416,1993-05-11,UC589667,759,,225961
Vitor,Novaes,vitor.novaes2797@terra.com.br,+55 31 5596 4870,1988-09-03,AR862925,681,SMILES,248362
Marcos Vinicius,Carvalho,marcosvinicius.carvalho2798@hotmail.com,(061) 0395-0888,1975-08-27,TJ976028,852,MILEAGE_PLUS,215334
Pietra,da Mota,pietra.damota2799@yahoo.com.br,+55 31 5940-2169,1994-03-01,WD336737,63,MILES_AND_GO,12297
Valentina,Sales,valentina.sales2800@gmail.com,(011) 8135-6362,2002-01-12,XH951625,356,MILEAGE_PLUS,76423
João Pedro,da Mata,joãopedro.damata2801@bol.com.br,+55 (061) 6556-1577,1969-11-13,UF190005,195,AADVANTAGE,7080
José Miguel,da Conceição,josémiguel.daconceição2802@terra.com.br,(084) 1727 4847,1985-04-13,MI593520,972,TUDO_AZUL,353394
Marcelo,Martins,marcelo.martins2803@gmail.com,11 9944 6173,2000-11-24,AV762071,962,ASIA_MILES,196136
Ana Vitória,Câmara,anavitória.câmara2804@outlook.com.br,84 8447 0674,1944-03-27,RP523855,13,,36205
Anthony,Pereira,anthony.pereira2805@hotmail.com,+55 (031) 6028-7007,1986-12-10,WU268052,761,,47610
Davi Lucca,Caldeira,davilucca.caldeira2806@gmail.com,(021) 8023 2586,1969-08-11,HW333449,52,,177696
Nina,Almeida,nina.almeida2807@gmail.com,71 8148-4894,1993-01-21,OV191281,827,AADVANTAGE,55844
Hellena,Rodrigues,hellena.rodrigues2808@terra.com.br,+55 11 1242 2960,1958-04-05,TL739959,228,MILES_AND_GO,251281
Laís,Vargas,laís.vargas2809@hotmail.com,84 2172-9521,1957-05-30,EL184852,214,MILES_AND_GO,279872
Juliana,Lopes,juliana.lopes2810@live.com,+55 (011) 3967-5676,1975-08-12,NY324465,590,ASIA_MILES,236389
Ester,Pacheco,ester.pacheco2811@bol.com.br,84 6378-7855,1987-01-10,LJ555313,560,TUDO_AZUL,366594
Lívia,Camargo,lívia.camargo2812@hotmail.com,41 9724-8187,1992-10-27,GQ455550,486,MILES_AND_GO,63455
Arthur Miguel,Lopes,arthurmiguel.lopes2813@uol.com.br,(081) 8747-2673,1955-03-26,EL569264,221,MILES_AND_GO,458785
Lucas,Gomes,lucas.gomes2814@icloud.com,+55 31 6159-3640,1947-11-14,IB428925,197,MILES_AND_GO,295414
Maria Sophia,Sales,mariasophia.sales2815@outlook.com.br,+55 (061) 2820 7495,1949-07-01,ZS776097,9,,347316
Julia,Cirino,julia.cirino2816@bol.com.br,+55 51 2459 1231,1946-06-26,FN455912,622,TUDO_AZUL,227971
Allana,Ribeiro,allana.ribeiro2817@hotmail.com,+55 (041) 1582-5451,1958-10-07,MK122491,853,ASIA_MILES,493790
Theodoro,Câmara,theodoro.câmara2818@bol.com.br,71 2500-8699,1955-03-30,HP310508,975,,23480
José,Andrade,josé.andrade2819@terra.com.br,+55 (081) 3415 9492,1945-02-16,BD532788,202,EXECUTIVE_CLUB,285160
Yasmin,Correia,yasmin.correia2820@bol.com.br,(011) 2835 2706,1979-11-18,CP612737,135,,79766
Antônio,Machado,antônio.machado2821@live.com,+55 11 4976 4236,1984-06-13,AZ191626,11,,377959
Heitor,Monteiro,heitor.monteiro2822@gmail.com,+55 81 4223 4177,1956-05-19,GF640550,923,MILES_AND_GO,44948
Kevin,Teixeira,kevin.teixeira2823@hotmail.com,+55 51 7005 2459,2005-08-23,CC105790,893,MILES_AND_GO,320417
Isabel,Albuquerque,isabel.albuquerque2824@gmail.com,+55 (031) 7172-0984,1946-11-10,OJ597558,158,,373127
Arthur Gabriel,Castro,arthurgabriel.castro2825@live.com,+55 (051) 9431 5211,1993-03-04,ZY726906,931,AADVANTAGE,228209
Mariana,Campos,mariana.campos2826@live.com,41 6256-1563,2007-05-30,WY402803,957,MILEAGE_PLUS,343417
Lavínia,Novais,lavínia.novais2827@icloud.com,71 4650 4569,2005-04-08,SU410694,502,,466816
Hellena,Abreu,hellena.abreu2828@outlook.com.br,+55 (031) 8536-7492,2003-09-30,CH831986,44,,239232
Davi Luiz,Moura,daviluiz.moura2829@live.com,+55 11 1363 5431,2006-01-20,ZZ250494,940,SMILES,220686
Ravi Lucca,da Cruz,ravilucca.dacruz2830@hotmail.com,+55 (011) 7064-5478,1946-09-10,DA290135,517,,126669
Nicolas,Oliveira,nicolas.oliveira2831@gmail.com,0800 791 0303,1959-06-01,IS549883,654,SMILES,415782
Rael,Melo,rael.melo2832@hotmail.com,+55 11 8502 9767,1967-12-16,MU788199,111,MILEAGE_PLUS,392770
Cauã,Vasconcelos,cauã.vasconcelos2833@outlook.com.br,(011) 0930 5776,1957-12-08,IW680605,219,LATAM_PASS,97589
Erick,da Rocha,erick.darocha2834@gmail.com,0800 260 0542,1966-07-01,GB516514,521,LATAM_PASS,90732
Kamilly,Cunha,kamilly.cunha2835@terra.com.br,(084) 4088-5174,2007-09-15,KX631952,914,FLYING_BLUE,276449
Vinícius,da Rosa,vinícius.darosa2836@bol.com.br,+55 11 3882 5823,2005-11-02,DU761011,919,LATAM_PASS,353254
Clara,Fernandes,clara.fernandes2837@yahoo.com.br,+55 31 7338-0617,1967-02-15,BZ237077,352,TUDO_AZUL,256324
Maria Luiza,Pinto,marialuiza.pinto2838@icloud.com,+55 (061) 4381 0063,1978-10-17,BN966042,951,,51665
Henrique,Abreu,henrique.abreu2839@terra.com.br,0300-507-6140,2004-08-08,EE509515,854,SMILES,356036
Vinicius,Moraes,vinicius.moraes2840@outlook.com.br,(061) 1690-7338,1974-11-09,NW199626,295,,90836
João Vitor,Caldeira,joãovitor.caldeira2841@gmail.com,+55 (061) 0091-1498,1981-04-06,IK677183,444,SKYWARDS,42990
João Guilherme,Camargo,joãoguilherme.camargo2842@outlook.com.br,(084) 0989 4793,1978-03-04,JK879544,867,EXECUTIVE_CLUB,96055
Raquel,Ramos,raquel.ramos2843@uol.com.br,51 4690 6109,1986-02-17,HC310216,897,,281642
Letícia,Andrade,letícia.andrade2844@uol.com.br,+55 31 8223-8223,2001-05-25,ZJ272965,574,FLYING_BLUE,433688
Evelyn,Cunha,evelyn.cunha2845@live.com,(061) 7270 5925,1961-12-24,GH310141,23,FLYING_BLUE,233604
Benjamin,Rezende,benjamin.rezende2846@hotmail.com,71 8720-6965,2005-01-09,GO994997,379,MILES_AND_GO,162492
Lunna,Monteiro,lunna.monteiro2847@outlook.com.br,(061) 8871-3084,1973-07-21,PI588318,285,,198904
Milena,Costela,milena.costela2848@live.com,+55 (011) 0663 2956,1949-05-04,JA257713,198,SMILES,185659
Nicole,Nunes,nicole.nunes2849@icloud.com,41 5748 9367,2008-03-04,LU422151,711,LATAM_PASS,67149
Arthur Miguel,Lopes,arthurmiguel.lopes2850@hotmail.com,11 5003-8140,1979-01-09,DF423516,149,EXECUTIVE_CLUB,472203
Théo,Costela,théo.costela2851@icloud.com,+55 (011) 1531 5005,1977-03-24,GK895183,654,ASIA_MILES,329441
Sophia,Costela,sophia.costela2852@terra.com.br,+55 (071) 4858-4255,1986-01-13,IM170574,61,,216138
Isabella,Azevedo,isabella.azevedo2853@bol.com.br,+55 (084) 7843 7601,2002-09-20,AZ755756,122,SKYWARDS,25969
Rebeca,Souza,rebeca.souza2854@uol.com.br,11 7981 6953,1953-02-20,HH503975,508,MILEAGE_PLUS,310537
Emanuelly,Cassiano,emanuelly.cassiano2855@bol.com.br,81 9360 4259,1986-04-21,WD242969,228,AADVANTAGE,354284
Asafe,da Luz,asafe.daluz2856@gmail.com,0800-395-8981,1945-02-10,ZO701192,108,,15012
Nicole,Siqueira,nicole.siqueira2857@bol.com.br,+55 (061) 4457-4342,1956-06-20,AU296855,201,LATAM_PASS,208356
Ana Vitória,Pastor,anavitória.pastor2858@terra.com.br,+55 11 2286 9529,1983-04-25,OW913217,381,,398692
Pedro Miguel,Sousa,pedromiguel.sousa2859@icloud.com,+55 51 0628 6852,1951-05-05,XT109296,405,TUDO_AZUL,17728
Gael Henrique,Rodrigues,gaelhenrique.rodrigues2860@gmail.com,(051) 3590-1325,1943-02-13,PA698762,975,,275183
Maria Eduarda,Almeida,mariaeduarda.almeida2861@bol.com.br,+55 21 4822 4302,1959-12-15,MO942355,698,ASIA_MILES,174202
Camila,Pimenta,camila.pimenta2862@terra.com.br,41 8557-3939,1974-09-27,CJ311216,730,LATAM_PASS,210930
Mariana,da Mata,mariana.damata2863@yahoo.com.br,71 0855 0262,1983-12-16,LW627622,370,AADVANTAGE,386157
Evelyn,Vieira,evelyn.vieira2864@hotmail.com,+55 41 5395-9569,1958-07-06,YZ953522,506,,232240
Joaquim,Martins,joaquim.martins2865@yahoo.com.br,+55 (021) 7036 7988,2004-12-11,LJ933461,282,EXECUTIVE_CLUB,63827
Nicolas,Melo,nicolas.melo2866@uol.com.br,+55 21 0152-7737,1966-11-19,UX495080,990,SMILES,351354
Alexia,Silva,alexia.silva2867@icloud.com,+55 31 1844 8789,1994-05-08,OC614993,170,,41863
Arthur Gabriel,Fogaça,arthurgabriel.fogaça2868@yahoo.com.br,+55 41 8440 9002,1979-07-07,LN528805,198,ASIA_MILES,489066
Caroline,Duarte,caroline.duarte2869@icloud.com,31 2573-1302,1971-07-07,NF577684,610,AADVANTAGE,142279
Levi,Alves,levi.alves2870@uol.com.br,+55 51 5405 3340,1971-03-25,UT308935,60,SKYWARDS,28227
Gael,Leão,gael.leão2871@bol.com.br,(051) 8506-0933,2006-08-04,VN876266,830,SKYWARDS,293218
Melina,Azevedo,melina.azevedo2872@icloud.com,11 8510 2146,1966-04-25,ZO180346,12,TUDO_AZUL,247513
Ayla,da Luz,ayla.daluz2873@icloud.com,+55 51 9322 0615,2001-03-16,XA382150,628,MILES_AND_GO,349077
Luigi,Rodrigues,luigi.rodrigues2874@terra.com.br,+55 (041) 1917 7987,1998-12-07,XS500607,848,,353033
Ana Sophia,Almeida,anasophia.almeida2875@bol.com.br,+55 (051) 0622 5017,1972-02-20,ID205286,483,FLYING_BLUE,341347
Marina,Farias,marina.farias2876@hotmail.com,(011) 8909 2393,1972-01-21,IJ742934,288,SMILES,64288
Julia,Almeida,julia.almeida2877@bol.com.br,+55 84 7070-6605,1984-01-22,HM189198,421,SMILES,241387
Marina,Pimenta,marina.pimenta2878@outlook.com.br,(061) 2739 8311,2001-05-20,KS748783,120,LATAM_PASS,418426
Liam,Siqueira,liam.siqueira2879@terra.com.br,21 2218-9870,1980-09-30,AB850349,722,SMILES,34442
Henry,Lopes,henry.lopes2880@yahoo.com.br,(021) 4451 6961,1986-12-06,ZE880068,928,EXECUTIVE_CLUB,112420
Pedro,Mendonça,pedro.mendonça2881@gmail.com,+55 71 0849-7853,1957-01-01,UO140795,154,AADVANTAGE,381339
Joaquim,Dias,joaquim.dias2882@gmail.com,+55 84 7439 3919,1994-11-21,NF133606,147,,280993
Guilherme,Rodrigues,guilherme.rodrigues2883@outlook.com.br,+55 84 5948-0620,1964-05-26,HZ481576,415,TUDO_AZUL,332118
Ana Vitória,Cardoso,anavitória.cardoso2884@live.com,(071) 8607 2509,1982-02-28,BJ329469,727,EXECUTIVE_CLUB,305102
Mateus,Correia,mateus.correia2885@uol.com.br,+55 (031) 2068 2205,1994-01-24,UL155441,59,AADVANTAGE,144107
Paulo,Viana,paulo.viana2886@icloud.com,(081) 2813 4978,1959-08-26,CH171113,399,AADVANTAGE,275902
Anna Liz,Machado,annaliz.machado2887@terra.com.br,+55 (021) 3266-1038,1999-05-04,WO920388,122,TUDO_AZUL,24458
Leonardo,Camargo,leonardo.camargo2888@hotmail.com,81 2050 2551,1976-02-10,LB215022,134,TUDO_AZUL,347654
Ryan,Aragão,ryan.aragão2889@outlook.com.br,+55 (051) 9426-4977,1996-04-13,GE606428,83,,119032
Arthur Gabriel,Melo,arthurgabriel.melo2890@gmail.com,(021) 5621 5552,1955-04-23,EA728395,63,,491612
Maria Vitória,da Cunha,mariavitória.dacunha2891@yahoo.com.br,+55 61 6919 5759,2005-07-04,JM503860,705,LATAM_PASS,72790
Ana Júlia,Camargo,anajúlia.camargo2892@gmail.com,(061) 4906 5478,1957-06-29,TM968365,249,LATAM_PASS,445663
Juan,Pereira,juan.pereira2893@yahoo.com.br,+55 (081) 9886 6611,1960-11-19,CL513124,590,FLYING_BLUE,52955
Sarah,Macedo,sarah.macedo2894@gmail.com,+55 (021) 7498 9006,1997-11-25,WP830698,73,MILEAGE_PLUS,68049
Fernando,Novaes,fernando.novaes2895@gmail.com,+55 (051) 3155 6775,1950-10-29,NP684766,134,LATAM_PASS,142083
Marcelo,Camargo,marcelo.camargo2896@outlook.com.br,31 9244 4507,1953-09-19,LU503726,478,,147472
Luara,Duarte,luara.duarte2897@bol.com.br,51 8915 5939,1971-06-27,WO444004,37,TUDO_AZUL,481964
Stella,Pacheco,stella.pacheco2898@live.com,21 1425 8074,1973-11-04,MD791548,367,EXECUTIVE_CLUB,218699
João Vitor,Castro,joãovitor.castro2899@hotmail.com,+55 (011) 3736 0014,1951-05-30,DR756838,387,LATAM_PASS,386477
Aurora,Cirino,aurora.cirino2900@uol.com.br,+55 51 2914 2041,1952-06-16,HJ570661,71,FLYING_BLUE,210612
Mariah,Pastor,mariah.pastor2901@uol.com.br,0500 538 4307,1989-04-26,UC791917,200,FLYING_BLUE,473031
Diego,Sales,diego.sales2902@icloud.com,81 6090 3514,1961-02-03,SR967875,556,,376868
Cauã,Rezende,cauã.rezende2903@uol.com.br,+55 31 1393-6057,1955-04-14,NZ587279,854,SKYWARDS,464756
Juan,Siqueira,juan.siqueira2904@gmail.com,(041) 3115-6762,1986-09-03,IZ713488,792,AADVANTAGE,482127
Renan,Montenegro,renan.montenegro2905@outlook.com.br,61 2630-1618,1964-11-04,TP328180,453,EXECUTIVE_CLUB,223267
Daniel,Correia,daniel.correia2906@gmail.com,+55 11 8794-2634,2006-12-16,VF525136,361,,310412
Anthony Gabriel,Siqueira,anthonygabriel.siqueira2907@terra.com.br,11 5515-6983,1960-06-26,DD601855,619,ASIA_MILES,204596
Levi,Cirino,levi.cirino2908@hotmail.com,81 1280-9191,1988-03-15,GS186208,71,FLYING_BLUE,313034
Maria Helena,Melo,mariahelena.melo2909@gmail.com,0500 827 7179,1945-11-15,FU328598,725,EXECUTIVE_CLUB,262646
Bárbara,Guerra,bárbara.guerra2910@live.com,(071) 8766 1217,1975-09-21,QH387328,19,,95682
Mariana,Silva,mariana.silva2911@bol.com.br,+55 71 4156-5743,2008-01-12,VU490225,517,MILEAGE_PLUS,85895
Maria Luísa,Farias,marialuísa.farias2912@icloud.com,(021) 8132 8180,1952-12-02,NG657135,30,EXECUTIVE_CLUB,423600
Gabriel,Cirino,gabriel.cirino2913@terra.com.br,21 4457-3526,1964-05-11,MT272209,468,MILES_AND_GO,469240
Vinicius,Andrade,vinicius.andrade2914@live.com,(031) 9131 0465,1947-10-11,ED115077,694,,275645
João Pedro,Monteiro,joãopedro.monteiro2915@bol.com.br,+55 71 5645-4312,1944-03-10,OH597523,462,,156277
Daniel,da Costa,daniel.dacosta2916@icloud.com,+55 (051) 6512-9472,1995-10-16,FU408046,317,,128247
João,Guerra,joão.guerra2917@uol.com.br,(041) 0095-1139,1953-09-11,ZK546685,307,EXECUTIVE_CLUB,1181
Enzo,Rocha,enzo.rocha2918@yahoo.com.br,+55 (011) 2761-5842,1997-06-29,PQ699243,261,SMILES,206541
Cecilia,Sampaio,cecilia.sampaio2919@hotmail.com,71 7422-3185,1946-05-07,EO702288,225,SMILES,434892
Natália,Cunha,natália.cunha2920@hotmail.com,+55 11 2975-7034,2004-10-07,KO725856,828,,465648
Benjamin,Pinto,benjamin.pinto2921@live.com,+55 71 8148 5436,1998-07-20,MJ343725,563,EXECUTIVE_CLUB,235195
João Vitor,Porto,joãovitor.porto2922@live.com,+55 81 8187-3178,2005-06-19,YG317812,292,,196818
Ana Sophia,Carvalho,anasophia.carvalho2923@live.com,(021) 2846 8519,1969-10-28,FF398665,726,MILEAGE_PLUS,146449
Leandro,Guerra,leandro.guerra2924@hotmail.com,11 8692 7429,1973-08-04,IE662993,466,,406647
Carlos Eduardo,Ramos,carloseduardo.ramos2925@gmail.com,0900-161-0281,1955-09-12,FF968049,228,LATAM_PASS,484277
Henrique,Caldeira,henrique.caldeira2926@hotmail.com,+55 (051) 4047 8737,1973-10-04,XU297304,917,SMILES,446279
Ana Clara,Moraes,anaclara.moraes2927@gmail.com,+55 84 1702 0739,1965-11-05,IA106249,654,AADVANTAGE,496844
Maria Sophia,Vargas,mariasophia.vargas2928@gmail.com,+55 21 6316 2958,1983-03-10,CF870922,630,SKYWARDS,277162
Davi Lucca,Aragão,davilucca.aragão2929@live.com,+55 61 9676 7416,1972-12-30,NT298575,338,,10582
Hadassa,Aragão,hadassa.aragão2930@outlook.com.br,81 5888-4442,1958-07-22,JT476241,201,MILEAGE_PLUS,340216
Allana,Fernandes,allana.fernandes2931@gmail.com,+55 81 9886-4538,2001-10-06,JB346339,775,AADVANTAGE,83545
Lavínia,Novais,lavínia.novais2932@bol.com.br,+55 51 2652 7667,1961-12-08,OB324073,690,,88362
Renan,Caldeira,renan.caldeira2933@terra.com.br,+55 (051) 5417-8321,1965-07-09,AG540240,646,,40140
Emanuel,Cassiano,emanuel.cassiano2934@outlook.com.br,61 1868-5063,2005-03-22,HM975669,144,MILEAGE_PLUS,116372
Ana Cecília,Duarte,anacecília.duarte2935@icloud.com,(081) 6977 1045,1986-05-23,SR346490,787,EXECUTIVE_CLUB,144149
Fernanda,Montenegro,fernanda.montenegro2936@icloud.com,(021) 3424-2359,1952-11-30,WF408860,558,LATAM_PASS,78514
Léo,Moura,léo.moura2937@icloud.com,(071) 0052-5136,1983-11-18,BA689807,620,AADVANTAGE,141575
Luiz Otávio,Melo,luizotávio.melo2938@yahoo.com.br,61 6182-1140,1962-09-15,CH490129,894,TUDO_AZUL,216678
Ágatha,da Mata,ágatha.damata2939@icloud.com,+55 71 2615-4712,1972-03-20,EF633696,591,,267820
Davi Miguel,Vargas,davimiguel.vargas2940@outlook.com.br,+55 81 7573 3200,2004-04-26,CA674962,362,SMILES,447477
Laura,Brito,laura.brito2941@hotmail.com,0800-368-9529,1999-04-22,BB868235,986,ASIA_MILES,51263
Maria Isis,Vasconcelos,mariaisis.vasconcelos2942@bol.com.br,71 0233-5235,2007-03-03,XT611918,401,AADVANTAGE,245542
Pietra,Pires,pietra.pires2943@bol.com.br,31 9638 3846,1986-10-21,TJ223154,53,,190878
Davi,Machado,davi.machado2944@bol.com.br,+55 11 6981 5556,1980-02-09,BG206001,602,FLYING_BLUE,390418
Gustavo,Correia,gustavo.correia2945@outlook.com.br,+55 (071) 4751 0424,1991-08-23,CY185797,120,,239208
João Guilherme,Duarte,joãoguilherme.duarte2946@icloud.com,61 5899 3335,1958-02-05,UA661698,977,FLYING_BLUE,488420
Maria Liz,Borges,marializ.borges2947@live.com,(021) 8538-4994,2003-05-29,RX248230,157,MILES_AND_GO,269376
Augusto,Moreira,augusto.moreira2948@bol.com.br,(041) 7279-7280,1990-11-09,KK411090,856,FLYING_BLUE,215616
João Lucas,Monteiro,joãolucas.monteiro2949@live.com,+55 11 4004 6408,1991-02-15,UQ373186,476,MILEAGE_PLUS,252113
Maysa,Peixoto,maysa.peixoto2950@icloud.com,(071) 3618-8575,1947-03-27,KB824063,653,MILEAGE_PLUS,482554
Kaique,da Mata,kaique.damata2951@terra.com.br,+55 61 6420 1180,1951-05-26,GI365076,479,SMILES,306272
Sabrina,Cavalcante,sabrina.cavalcante2952@terra.com.br,84 5211-2159,1957-07-27,IJ412918,183,FLYING_BLUE,137579
Ana Lívia,Viana,analívia.viana2953@outlook.com.br,+55 (071) 3817-9842,1957-03-02,BP525900,432,SKYWARDS,156066
Luna,Leão,luna.leão2954@gmail.com,(061) 7069-0533,1947-04-24,JD151289,922,MILEAGE_PLUS,63852
Maria Helena,Araújo,mariahelena.araújo2955@hotmail.com,+55 41 6399-8651,1981-03-18,SF148570,526,,332797
Valentim,Porto,valentim.porto2956@uol.com.br,+55 61 6296-9054,1968-03-08,JY171876,722,TUDO_AZUL,74336
Carolina,Cirino,carolina.cirino2957@hotmail.com,+55 (061) 9267 1258,1980-07-04,EB845742,243,,283442
Yan,Albuquerque,yan.albuquerque2958@bol.com.br,11 6083-0735,1994-11-01,PV553705,463,MILES_AND_GO,356915
Agatha,Leão,agatha.leão2959@gmail.com,(084) 9740-7685,1941-06-20,RX417178,141,ASIA_MILES,382630
Giovanna,da Mata,giovanna.damata2960@bol.com.br,0300-255-9334,1997-05-11,CQ422242,889,MILEAGE_PLUS,400074
Sophia,Montenegro,sophia.montenegro2961@outlook.com.br,(051) 4680 0220,1979-01-22,DE245060,249,ASIA_MILES,56908
Luísa,Lima,luísa.lima2962@bol.com.br,21 3175 9596,1966-12-20,QE413774,761,AADVANTAGE,351567
João Felipe,Rodrigues,joãofelipe.rodrigues2963@live.com,+55 81 3341 2834,1958-05-26,XD878106,936,SKYWARDS,386223
Renan,Porto,renan.porto2964@live.com,+55 41 7526-9685,1942-01-06,BX958753,923,MILEAGE_PLUS,495373
Maria Liz,Fogaça,marializ.fogaça2965@uol.com.br,0300-169-1394,2004-05-14,YL345916,303,SMILES,86769
Gabrielly,Novaes,gabrielly.novaes2966@uol.com.br,+55 81 7661 6398,1956-06-03,TF511806,911,MILEAGE_PLUS,260136
Alana,Moura,alana.moura2967@hotmail.com,+55 71 7225 1257,1993-12-20,VG210713,434,FLYING_BLUE,279256
Ana Laura,Moreira,analaura.moreira2968@hotmail.com,(084) 3246 0639,1999-01-04,UL129368,315,MILES_AND_GO,259447
Olívia,Caldeira,olívia.caldeira2969@icloud.com,51 5542 0609,1940-10-20,YI399182,245,LATAM_PASS,390759
Theo,Pimenta,theo.pimenta2970@outlook.com.br,+55 (081) 7894 9350,1944-01-16,TO825904,373,SKYWARDS,71169
Isadora,Brito,isadora.brito2971@live.com,+55 (061) 3820-7511,1971-04-04,HS575727,938,TUDO_AZUL,269075
Rhavi,da Rosa,rhavi.darosa2972@icloud.com,(021) 5796-8103,1993-02-25,AD850096,760,,293348
Marcelo,Araújo,marcelo.araújo2973@yahoo.com.br,+55 71 0173-2815,1951-07-12,PA959383,348,,90176
Aurora,Teixeira,aurora.teixeira2974@bol.com.br,+55 (084) 2467 4009,1954-08-24,QI470942,240,,48607
Alícia,Abreu,alícia.abreu2975@bol.com.br,(041) 8141-1958,1957-01-11,DL904250,542,FLYING_BLUE,22378
Maria Helena,Silva,mariahelena.silva2976@uol.com.br,+55 (071) 6340 5130,1968-12-16,OT182704,679,,137559
Caleb,Ferreira,caleb.ferreira2977@live.com,+55 31 9532-7918,1953-02-01,RW210606,711,,411003
Luigi,da Conceição,luigi.daconceição2978@uol.com.br,+55 71 6716 2996,1996-03-02,GT643271,854,TUDO_AZUL,304465
Ísis,Azevedo,ísis.azevedo2979@live.com,(071) 4814 4233,1993-02-13,QC759264,7,,269900
Catarina,Cassiano,catarina.cassiano2980@hotmail.com,71 0232 4746,1961-11-13,MB417921,276,,478777
Sara,Mendes,sara.mendes2981@yahoo.com.br,11 1855-1370,2005-04-07,DL718103,230,EXECUTIVE_CLUB,172257
Oliver,Sampaio,oliver.sampaio2982@terra.com.br,0800 797 8087,1988-10-07,BS663789,73,EXECUTIVE_CLUB,35431
Natália,Porto,natália.porto2983@bol.com.br,(051) 8679-3936,1947-03-27,IS495483,713,ASIA_MILES,217615
Pedro Lucas,Oliveira,pedrolucas.oliveira2984@bol.com.br,0300-957-2020,1990-08-28,IU480986,217,MILES_AND_GO,383452
Noah,Dias,noah.dias2985@yahoo.com.br,+55 (081) 4811 4681,1948-09-04,OD865232,326,ASIA_MILES,246303
Ryan,Nascimento,ryan.nascimento2986@uol.com.br,+55 11 3863 4923,1957-01-05,XI934116,991,MILES_AND_GO,120260
Ayla,Sales,ayla.sales2987@yahoo.com.br,+55 84 9371-0417,1991-01-26,GJ318004,815,SKYWARDS,37178
Isabella,Cirino,isabella.cirino2988@icloud.com,(071) 1030 1640,2002-11-29,DY756828,518,TUDO_AZUL,333920
Vitor,Alves,vitor.alves2989@uol.com.br,0800-762-1188,2007-06-22,XL970238,660,LATAM_PASS,488641
Asafe,Lopes,asafe.lopes2990@gmail.com,+55 51 8911 4821,1959-03-30,ZI659724,410,,361346
Henry Gabriel,Cavalcante,henrygabriel.cavalcante2991@gmail.com,+55 (011) 4418-5016,1965-12-28,IA931090,147,TUDO_AZUL,307252
Larissa,Siqueira,larissa.siqueira2992@bol.com.br,+55 21 5099 5756,2006-11-27,IU626171,246,SMILES,362748
Sara,Borges,sara.borges2993@hotmail.com,+55 31 4315-3293,1984-06-24,YE774626,146,SMILES,386181
Gabriel,da Luz,gabriel.daluz2994@uol.com.br,+55 84 8223 5963,1981-07-23,JQ559160,174,EXECUTIVE_CLUB,234813
Yuri,Silva,yuri.silva2995@live.com,+55 (041) 6247-1939,1996-08-17,JV335632,669,ASIA_MILES,484486
Gabriel,Leão,gabriel.leão2996@terra.com.br,+55 (041) 7730-8724,2001-02-11,JG823332,359,EXECUTIVE_CLUB,204557
Antônio,da Conceição,antônio.daconceição2997@outlook.com.br,51 0025 4064,1959-12-09,ED350231,646,LATAM_PASS,477407
Giovanna,Rios,giovanna.rios2998@live.com,21 1727 7532,1969-03-03,RU383503,82,,293820
Henry Gabriel,Cardoso,henrygabriel.cardoso2999@uol.com.br,51 5564 4149,1983-09-17,BX601100,120,,233345
Matteo,Abreu,matteo.abreu3000@gmail.com,31 9038 2403,1945-05-06,RB691397,569,EXECUTIVE_CLUB,206063
Calebe,Pacheco,calebe.pacheco3001@yahoo.com.br,21 3436-4456,1949-10-27,LS644560,361,SKYWARDS,36884
Laís,Costa,laís.costa3002@gmail.com,+55 (061) 6695 8049,1980-10-22,PY316510,183,MILES_AND_GO,154662
Vitor Hugo,Almeida,vitorhugo.almeida3003@outlook.com.br,81 4465 1571,2005-12-08,UF449679,128,MILES_AND_GO,264571
Maria Vitória,Ribeiro,mariavitória.ribeiro3004@yahoo.com.br,+55 31 0028-8349,1987-09-05,ZN223078,450,AADVANTAGE,337008
José,Nascimento,josé.nascimento3005@bol.com.br,(021) 5507 4298,1995-04-10,KN442509,67,FLYING_BLUE,107043
João Miguel,Nogueira,joãomiguel.nogueira3006@gmail.com,(084) 9440-0010,1953-10-10,UV753354,992,SKYWARDS,486475
Bella,Lopes,bella.lopes3007@icloud.com,0500 779 0364,2007-11-29,FM258992,756,SMILES,338094
Fernanda,da Rosa,fernanda.darosa3008@bol.com.br,+55 (021) 1696-8928,1949-07-25,UU543411,947,,53431
Luana,Nunes,luana.nunes3009@live.com,(051) 9348-5963,1980-02-16,SJ948368,758,MILES_AND_GO,138100
Eloah,Melo,eloah.melo3010@yahoo.com.br,+55 (081) 1526-0579,1949-03-03,QL272326,28,,186997
Allana,Novaes,allana.novaes3011@hotmail.com,(051) 5810-0154,1961-09-20,QY376920,467,,363012
Ana Liz,Marques,analiz.marques3012@terra.com.br,+55 (051) 4573-7984,1944-09-28,UA665918,352,SKYWARDS,433670
Nina,Andrade,nina.andrade3013@gmail.com,+55 (011) 3287 0789,1950-05-27,XC819481,963,TUDO_AZUL,150332
Hadassa,Silva,hadassa.silva3014@hotmail.com,51 3225 0915,1972-12-28,WI611618,535,EXECUTIVE_CLUB,481263
Eloah,Machado,eloah.machado3015@uol.com.br,+55 (051) 2232-6017,1951-03-24,JG156687,19,,416219
Elisa,da Paz,elisa.dapaz3016@yahoo.com.br,0900-883-2099,1967-03-10,YV989625,346,,8522
Emanuel,Carvalho,emanuel.carvalho3017@bol.com.br,+55 (084) 4839-0618,1950-07-26,OU939321,197,AADVANTAGE,100733
Vitor Hugo,Vargas,vitorhugo.vargas3018@terra.com.br,(081) 2785-7302,1968-01-07,KG287721,262,SKYWARDS,132049
Otto,Ribeiro,otto.ribeiro3019@bol.com.br,(021) 7714 6733,1978-05-13,TE711941,697,,477505
Calebe,Pinto,calebe.pinto3020@yahoo.com.br,+55 51 7018 3274,1948-09-24,KV592306,938,,311331
Antônio,Correia,antônio.correia3021@hotmail.com,0900 474 3418,1970-02-27,OR504453,653,LATAM_PASS,69998
Sofia,Camargo,sofia.camargo3022@terra.com.br,(041) 6515-0218,1999-07-08,RY525212,8,SMILES,112521
Isadora,da Luz,isadora.daluz3023@terra.com.br,84 2194-1517,1981-10-22,IE878345,172,,87473
Julia,Teixeira,julia.teixeira3024@uol.com.br,81 1890 8540,1975-03-28,LM236328,845,SKYWARDS,486928
Pietro,Araújo,pietro.araújo3025@uol.com.br,11 3555 9953,1950-03-09,MW860648,507,FLYING_BLUE,168973
Manuela,Cirino,manuela.cirino3026@gmail.com,(061) 6006 4209,1992-10-09,CM512109,735,MILEAGE_PLUS,119203
Luiz Felipe,Casa Grande,luizfelipe.casagrande3027@terra.com.br,(084) 3967-0710,1979-01-24,AH179965,508,,78438
Heloisa,Santos,heloisa.santos3028@gmail.com,+55 41 1303 2232,2004-03-02,DD546079,168,,159076
Theo,Fogaça,theo.fogaça3029@bol.com.br,+55 (081) 7453-6560,1955-08-26,XX950547,286,TUDO_AZUL,35018
João Guilherme,Gomes,joãoguilherme.gomes3030@live.com,(041) 1216 3824,1988-05-19,NX806572,587,MILEAGE_PLUS,35150
Ana Sophia,Pacheco,anasophia.pacheco3031@outlook.com.br,+55 (061) 2397-2484,2003-01-03,VO554536,42,SMILES,478231
Pedro Henrique,Oliveira,pedrohenrique.oliveira3032@outlook.com.br,+55 (071) 9960 7939,1989-08-27,AU413577,59,,279670
Emanuel,Abreu,emanuel.abreu3033@terra.com.br,+55 41 5071 0816,2005-03-11,XZ296856,790,ASIA_MILES,100440
Ester,Costa,ester.costa3034@terra.com.br,61 5153-2092,1979-07-21,NV514406,696,MILEAGE_PLUS,202110
Rafael,Rezende,rafael.rezende3035@terra.com.br,+55 81 2495-0152,1956-08-03,MY239712,402,SMILES,266139
Sophia,Albuquerque,sophia.albuquerque3036@gmail.com,84 4861 5779,1989-11-28,TK827282,338,EXECUTIVE_CLUB,497500
Otávio,Rocha,otávio.rocha3037@yahoo.com.br,71 9649 2896,1958-08-30,QW308701,643,FLYING_BLUE,458166
Murilo,Vargas,murilo.vargas3038@icloud.com,0300 968 0126,1982-06-21,DB317290,339,,172282
Gabriela,Nunes,gabriela.nunes3039@uol.com.br,+55 (071) 0547 6424,1997-01-06,RI475215,214,FLYING_BLUE,260190
Yago,das Neves,yago.dasneves3040@yahoo.com.br,84 2818-3255,1990-11-29,US603537,981,MILES_AND_GO,149875
Enzo,Castro,enzo.castro3041@outlook.com.br,0300-178-2729,1967-04-27,DO424636,11,SKYWARDS,260342
Maria Cecília,Cirino,mariacecília.cirino3042@hotmail.com,(021) 9086-6022,1956-09-10,CL723689,142,ASIA_MILES,58967
Isadora,da Conceição,isadora.daconceição3043@hotmail.com,11 0124 0403,1968-05-08,EW226041,254,,181659
Ana Lívia,Brito,analívia.brito3044@live.com,+55 (011) 9713 7779,1968-11-05,ZQ660944,505,SMILES,418340
Pedro,Moreira,pedro.moreira3045@outlook.com.br,+55 (031) 4704 2086,1960-09-04,IG248488,856,SMILES,469143
Isis,Silveira,isis.silveira3046@bol.com.br,51 6359 4301,1974-01-04,RA842953,272,,457709
Kaique,Cardoso,kaique.cardoso3047@outlook.com.br,(031) 1535 4318,1981-07-20,NQ858066,583,ASIA_MILES,32621
Maria Julia,Albuquerque,mariajulia.albuquerque3048@terra.com.br,+55 (061) 9822 1625,1991-08-18,BZ707732,888,EXECUTIVE_CLUB,461482
Pedro Miguel,Cavalcanti,pedromiguel.cavalcanti3049@yahoo.com.br,+55 (021) 8407 4938,1959-02-12,RU966310,443,AADVANTAGE,226153
Ryan,da Luz,ryan.daluz3050@hotmail.com,+55 84 3252 8744,1968-02-15,PY935143,202,MILES_AND_GO,390954
Benjamim,Carvalho,benjamim.carvalho3051@hotmail.com,+55 (081) 3227-6039,2004-12-10,IU488966,601,EXECUTIVE_CLUB,356837
Luiz Miguel,Vieira,luizmiguel.vieira3052@hotmail.com,+55 51 6580 6438,1978-09-18,IB881494,718,FLYING_BLUE,56441
Esther,Vieira,esther.vieira3053@terra.com.br,+55 (084) 2998 6631,1990-10-19,YW585214,336,,90037
Pietra,Rodrigues,pietra.rodrigues3054@gmail.com,31 3097-6904,1962-05-26,JO855702,894,MILEAGE_PLUS,313243
Fernanda,Costa,fernanda.costa3055@terra.com.br,11 7318-8593,1941-12-28,HR737777,338,SMILES,79149
Maria Helena,Marques,mariahelena.marques3056@terra.com.br,+55 11 5940-9533,1956-09-30,AA954528,841,AADVANTAGE,96999
Lucca,Ramos,lucca.ramos3057@bol.com.br,+55 51 3506 9844,1986-08-26,SK517373,821,SKYWARDS,82211
Ryan,Cunha,ryan.cunha3058@icloud.com,+55 (031) 2547 1278,1982-07-22,MU268058,303,,353290
Anthony,Viana,anthony.viana3059@outlook.com.br,+55 61 4856-7868,1966-02-13,KR555835,120,MILES_AND_GO,146144
Luigi,Gonçalves,luigi.gonçalves3060@icloud.com,(051) 1270 1183,1964-09-10,OM178115,822,AADVANTAGE,154118
Laura,Araújo,laura.araújo3061@outlook.com.br,+55 21 7055-4565,2007-08-22,AA213033,192,EXECUTIVE_CLUB,408548
Gustavo Henrique,Farias,gustavohenrique.farias3062@bol.com.br,+55 31 4238 6145,1982-12-14,QA196669,298,MILES_AND_GO,159224
Asafe,Pereira,asafe.pereira3063@bol.com.br,+55 21 8225-8140,1948-12-03,DR812525,178,SKYWARDS,187725
Enzo Gabriel,Porto,enzogabriel.porto3064@gmail.com,+55 51 1905 0442,2006-10-03,GR643738,1,MILEAGE_PLUS,242619
Vitória,Caldeira,vitória.caldeira3065@outlook.com.br,(051) 8081 0635,1961-03-07,PE265682,306,MILES_AND_GO,122170
Eduarda,Brito,eduarda.brito3066@live.com,+55 (011) 6344-5565,1993-08-21,SA515182,580,AADVANTAGE,384588
Liam,da Rocha,liam.darocha3067@live.com,84 2584-5972,1968-11-04,JU265985,170,MILES_AND_GO,49323
Kaique,Aragão,kaique.aragão3068@terra.com.br,+55 71 1600 2684,1943-05-18,AZ190143,179,,164574
Luiza,Melo,luiza.melo3069@live.com,11 6192-0297,2000-02-29,CE677400,225,MILES_AND_GO,249143
Isadora,da Cruz,isadora.dacruz3070@live.com,(081) 5579 4319,1970-10-19,ZA837789,451,ASIA_MILES,423475
Marcos Vinicius,Gomes,marcosvinicius.gomes3071@outlook.com.br,+55 31 1625 3522,1970-09-04,BB319791,63,TUDO_AZUL,94083
Rafael,Teixeira,rafael.teixeira3072@icloud.com,+55 (041) 9187-9375,1967-06-29,IU273642,900,FLYING_BLUE,296770
Theo,Pires,theo.pires3073@live.com,+55 81 7513 1586,1983-08-13,WG201441,405,MILEAGE_PLUS,123789
João Pedro,Almeida,joãopedro.almeida3074@live.com,+55 (084) 8947-7854,1945-05-07,XW929208,146,SKYWARDS,44564
Cauã,Macedo,cauã.macedo3075@bol.com.br,(084) 3934 1123,2002-04-09,QA639023,91,,469461
Joana,da Rosa,joana.darosa3076@outlook.com.br,+55 (061) 8506-9672,1987-08-03,IP914266,870,,391652
Anthony Gabriel,Gonçalves,anthonygabriel.gonçalves3077@bol.com.br,(041) 0550 3750,1971-10-06,RZ860993,317,,496309
Josué,Sousa,josué.sousa3078@outlook.com.br,(061) 5704 7871,1940-06-04,CL244494,241,AADVANTAGE,265666
João,da Conceição,joão.daconceição3079@live.com,+55 (051) 8735-7685,1990-01-29,RE859933,514,SMILES,375172
Luara,da Cunha,luara.dacunha3080@yahoo.com.br,81 5399 9095,1982-11-10,WZ307560,76,TUDO_AZUL,387414
Alice,Melo,alice.melo3081@hotmail.com,(031) 4168-6744,1974-03-21,IG654907,483,,28791
Sara,Nunes,sara.nunes3082@outlook.com.br,(081) 1600 8044,1948-07-08,CO516186,622,MILES_AND_GO,57505
Nicolas,Fonseca,nicolas.fonseca3083@icloud.com,(081) 1006 7076,1955-12-10,JA256430,476,EXECUTIVE_CLUB,131421
Benicio,da Cruz,benicio.dacruz3084@bol.com.br,21 3007 3415,1992-01-19,TZ855582,870,LATAM_PASS,317957
Leonardo,Mendes,leonardo.mendes3085@bol.com.br,+55 (021) 1281-3309,1991-12-06,ES299244,219,FLYING_BLUE,88434
Ana Carolina,da Costa,anacarolina.dacosta3086@icloud.com,+55 71 8087 5374,1944-02-24,YZ710678,458,SKYWARDS,186349
Heitor,Cavalcanti,heitor.cavalcanti3087@outlook.com.br,+55 (041) 2674 5861,1941-08-19,VT340328,358,AADVANTAGE,8703
Rebeca,Nunes,rebeca.nunes3088@bol.com.br,+55 (041) 6248 8782,1949-04-25,WU930447,441,TUDO_AZUL,394304
Bento,Castro,bento.castro3089@icloud.com,(084) 3655 2205,1950-03-02,SJ239242,856,,18569
Marcos Vinicius,Nascimento,marcosvinicius.nascimento3090@bol.com.br,51 0302 5157,1998-01-01,IU939215,503,MILEAGE_PLUS,108632
Igor,Gonçalves,igor.gonçalves3091@hotmail.com,(081) 4672 3904,1981-05-31,HA952319,988,LATAM_PASS,412893
Ana Júlia,Caldeira,anajúlia.caldeira3092@icloud.com,+55 (051) 7113 8351,1965-05-26,CF125685,325,LATAM_PASS,490652
Vicente,Lopes,vicente.lopes3093@uol.com.br,(021) 7658 4885,1964-12-23,II839576,688,,366563
Ana Clara,Vargas,anaclara.vargas3094@live.com,+55 (051) 0693-4867,1968-04-04,SQ391879,135,FLYING_BLUE,466836
Otávio,Marques,otávio.marques3095@gmail.com,+55 (061) 1976-1743,2002-08-19,PR689581,383,FLYING_BLUE,37490
João Guilherme,Vieira,joãoguilherme.vieira3096@outlook.com.br,+55 21 7225 5145,1961-01-24,AD233679,462,,113156
Nicole,Farias,nicole.farias3097@gmail.com,71 2999-0910,1948-11-16,SP659809,799,MILEAGE_PLUS,137804
Henrique,Araújo,henrique.araújo3098@yahoo.com.br,+55 51 9001 9907,1966-03-05,KD519542,498,EXECUTIVE_CLUB,273254
Ravi Lucca,Nunes,ravilucca.nunes3099@bol.com.br,84 3403-9060,1978-08-05,LX119798,379,,352575
Marcela,Ribeiro,marcela.ribeiro3100@live.com,+55 (084) 8729 7034,1997-04-19,DQ100177,901,,321593
Ana Sophia,Araújo,anasophia.araújo3101@terra.com.br,21 2024-4694,1977-07-12,OB190011,225,,41793
Oliver,Pimenta,oliver.pimenta3102@live.com,+55 (061) 2577-9830,1960-03-10,LA799467,555,,406867
Ana Luiza,Ramos,analuiza.ramos3103@yahoo.com.br,+55 84 5382-3321,1947-07-09,XZ136377,436,TUDO_AZUL,389581
Pedro,Silva,pedro.silva3104@gmail.com,0900 386 8226,1945-01-31,ZO278651,964,ASIA_MILES,248508
Maria Flor,Cavalcanti,mariaflor.cavalcanti3105@uol.com.br,84 1194 3614,1963-10-19,JC268201,493,,364903
Mariane,Duarte,mariane.duarte3106@outlook.com.br,0900 788 2355,1949-10-19,QE294882,173,MILES_AND_GO,150341
Otto,Barbosa,otto.barbosa3107@icloud.com,+55 61 4469-0488,2004-01-08,FH274031,147,,107673
Murilo,Farias,murilo.farias3108@outlook.com.br,(011) 7168 8017,1953-12-25,BS767233,472,,29383
Maria Cecília,Borges,mariacecília.borges3109@gmail.com,71 6965-4065,2005-11-10,WC842416,187,MILEAGE_PLUS,287877
Benjamim,Aragão,benjamim.aragão3110@yahoo.com.br,31 6414 0771,1953-11-06,YZ240540,783,LATAM_PASS,123225
Thiago,Casa Grande,thiago.casagrande3111@hotmail.com,+55 (031) 5435 1371,1988-10-08,GI234372,848,MILES_AND_GO,237017
Natália,da Conceição,natália.daconceição3112@bol.com.br,0900 799 2291,2001-01-27,IW334647,796,,217686
Dante,Silva,dante.silva3113@icloud.com,+55 (061) 7785 8599,1999-11-06,XE966783,775,TUDO_AZUL,102664
Enzo Gabriel,Rocha,enzogabriel.rocha3114@yahoo.com.br,0900 217 6960,1975-06-01,SQ295752,495,SMILES,9431
Rafael,Nascimento,rafael.nascimento3115@uol.com.br,(084) 8626-4616,1958-03-24,MN250507,630,SKYWARDS,98590
Isaac,Farias,isaac.farias3116@gmail.com,61 6050-3509,1944-12-16,YS605333,649,TUDO_AZUL,461200
Apollo,Rezende,apollo.rezende3117@live.com,71 1140 7670,1976-10-10,IE291744,450,ASIA_MILES,99227
Ravi,da Rosa,ravi.darosa3118@live.com,+55 (051) 8263 7464,1941-10-26,JX546418,162,,326500
Fernanda,Cassiano,fernanda.cassiano3119@yahoo.com.br,(084) 0747 6219,1985-07-11,BP460352,821,TUDO_AZUL,87938
Ágatha,Oliveira,ágatha.oliveira3120@uol.com.br,71 3593-0168,2004-07-20,OP458835,542,EXECUTIVE_CLUB,448684
Thomas,Nunes,thomas.nunes3121@live.com,(031) 1992-5751,1944-08-05,QO227375,290,MILES_AND_GO,360604
Gustavo,Marques,gustavo.marques3122@hotmail.com,(021) 0342 8756,1957-08-11,MK361724,691,ASIA_MILES,104011
Luísa,Costa,luísa.costa3123@hotmail.com,+55 51 0176 6027,1990-02-17,IO731133,481,SMILES,105310
Fernando,Rodrigues,fernando.rodrigues3124@yahoo.com.br,84 1540 9856,2008-04-03,EQ665574,302,,25555
Enzo,Abreu,enzo.abreu3125@uol.com.br,+55 (081) 4810-0334,1980-07-24,IY403509,441,AADVANTAGE,226952
Carolina,Costela,carolina.costela3126@uol.com.br,(071) 4221-6598,1947-12-14,KS833592,320,EXECUTIVE_CLUB,333272
Gael,Barros,gael.barros3127@terra.com.br,(081) 9136-7895,1990-06-28,HM878364,491,ASIA_MILES,68716
Thales,Macedo,thales.macedo3128@yahoo.com.br,71 0639-6824,2007-05-22,BR753285,741,SKYWARDS,188240
Rebeca,Barbosa,rebeca.barbosa3129@live.com,+55 (061) 9713-1158,1995-08-16,MD823929,156,,63338
Lucca,Duarte,lucca.duarte3130@gmail.com,(021) 3421 1218,1977-01-31,AP450635,491,,299486
Luiz Otávio,Nascimento,luizotávio.nascimento3131@icloud.com,+55 (041) 9145-4705,1991-04-23,CU683101,554,TUDO_AZUL,222334
Alexia,da Cruz,alexia.dacruz3132@uol.com.br,+55 31 2595 4324,1952-07-05,NV226433,487,SMILES,46603
Ana,Santos,ana.santos3133@uol.com.br,0800-220-7810,1990-10-04,UH918688,431,MILES_AND_GO,425253
Bianca,Silveira,bianca.silveira3134@gmail.com,81 9894-0816,1997-06-26,LH131510,2,SKYWARDS,337064
Maria Eduarda,Castro,mariaeduarda.castro3135@uol.com.br,+55 11 6935-1073,2003-11-13,NL819746,161,TUDO_AZUL,405334
Olivia,Freitas,olivia.freitas3136@hotmail.com,+55 11 4356-7941,1962-01-06,TO642626,177,EXECUTIVE_CLUB,11875
Catarina,da Paz,catarina.dapaz3137@gmail.com,0800-461-7455,2000-12-14,OK342166,364,,413790
Julia,Costa,julia.costa3138@live.com,+55 (051) 1871 5130,1978-03-25,VT384386,523,TUDO_AZUL,261683
Anthony,Gonçalves,anthony.gonçalves3139@uol.com.br,+55 (051) 9612 9926,1960-08-12,CY914439,825,,199461
Kaique,Rodrigues,kaique.rodrigues3140@uol.com.br,51 1815 7977,1992-05-27,RE166369,236,MILES_AND_GO,287350
Joana,da Paz,joana.dapaz3141@yahoo.com.br,(061) 8850-7904,1954-02-18,LD500060,444,MILES_AND_GO,413245
Maria Clara,Freitas,mariaclara.freitas3142@terra.com.br,+55 (081) 0335-0123,1951-01-28,DQ376641,592,EXECUTIVE_CLUB,120457
Lucas Gabriel,Nunes,lucasgabriel.nunes3143@gmail.com,+55 (071) 1124 9341,1996-08-04,JD302871,305,AADVANTAGE,429959
Daniela,Rodrigues,daniela.rodrigues3144@icloud.com,+55 (021) 2121-5110,2002-05-05,PB689583,105,FLYING_BLUE,248115
Valentina,Abreu,valentina.abreu3145@icloud.com,(081) 0665 9356,1978-11-25,KV822779,224,SKYWARDS,109618
Gabriel,Santos,gabriel.santos3146@bol.com.br,+55 (081) 0814 5286,1999-06-06,HP397415,907,FLYING_BLUE,475959
Antônio,Guerra,antônio.guerra3147@icloud.com,+55 (021) 1744-7074,1980-10-01,YT797260,672,,303256
Brenda,Cavalcanti,brenda.cavalcanti3148@yahoo.com.br,0500-949-8976,1960-08-09,XI886468,869,AADVANTAGE,190187
Raul,Nunes,raul.nunes3149@hotmail.com,+55 (041) 0769 4165,1966-03-02,YH127871,598,AADVANTAGE,75159
Maria Fernanda,Alves,mariafernanda.alves3150@hotmail.com,+55 81 9506 3541,1964-02-14,UP536968,105,,126107
Luana,Macedo,luana.macedo3151@icloud.com,(071) 3044 5675,2007-06-29,RA963416,64,,195759
Olivia,Rodrigues,olivia.rodrigues3152@hotmail.com,71 3243 3508,1978-03-07,NH370492,464,SKYWARDS,361884
Clarice,Borges,clarice.borges3153@hotmail.com,(061) 4816-2698,1949-01-25,ZW348923,549,TUDO_AZUL,292287
Emilly,Cavalcanti,emilly.cavalcanti3154@gmail.com,(011) 6059-9932,1963-07-17,XQ244265,342,ASIA_MILES,318267
Davi Lucas,Oliveira,davilucas.oliveira3155@live.com,+55 81 6563-8256,1992-08-28,PR483686,312,AADVANTAGE,416503
Caleb,Castro,caleb.castro3156@icloud.com,61 1976 8138,1970-08-16,LK118857,960,SKYWARDS,498023
Igor,Almeida,igor.almeida3157@yahoo.com.br,+55 (061) 8740 2899,1984-06-13,DY430078,561,,254874
Ravi Lucca,Leão,ravilucca.leão3158@terra.com.br,+55 (031) 0319 0857,1984-04-13,UT927690,938,SMILES,410792
Liam,Dias,liam.dias3159@icloud.com,+55 (011) 2086-5207,1958-11-13,IQ944256,54,MILEAGE_PLUS,20786
Melina,da Rocha,melina.darocha3160@icloud.com,51 0256 3781,2006-09-05,YM590919,836,,497533
Felipe,Sales,felipe.sales3161@outlook.com.br,0900 097 2732,2008-04-15,TX287886,907,SKYWARDS,371497
Melissa,Freitas,melissa.freitas3162@terra.com.br,11 7974-8408,1997-10-01,IT826223,233,ASIA_MILES,67350
Eloah,Cavalcante,eloah.cavalcante3163@yahoo.com.br,84 1982 7260,1976-01-30,GC682035,138,SMILES,172740
Gabriela,Fernandes,gabriela.fernandes3164@live.com,31 2996-7282,1969-12-06,TB414281,961,MILEAGE_PLUS,285840
Ana Liz,Caldeira,analiz.caldeira3165@live.com,71 8042 8878,1974-07-16,XJ964321,46,,496976
Lorenzo,Duarte,lorenzo.duarte3166@icloud.com,(031) 2419-5415,1967-04-30,QW705051,302,,1067
Maria Júlia,Azevedo,mariajúlia.azevedo3167@live.com,+55 (041) 6967-2892,1970-02-05,TI307068,887,SKYWARDS,259046
Eloah,Mendonça,eloah.mendonça3168@outlook.com.br,(084) 5514 6599,1994-04-14,IP752884,789,,254300
Mirella,da Conceição,mirella.daconceição3169@hotmail.com,+55 (081) 0995-3218,1958-09-13,SP640707,155,MILEAGE_PLUS,267471
Renan,Caldeira,renan.caldeira3170@terra.com.br,+55 51 0586 5483,2008-05-17,NE410099,332,EXECUTIVE_CLUB,101824
Ravi,Rios,ravi.rios3171@icloud.com,+55 (061) 6719 1742,1978-08-25,CV410533,36,ASIA_MILES,61323
Emanuella,Barros,emanuella.barros3172@icloud.com,(011) 9756-6717,1998-10-29,VU563665,113,SKYWARDS,253224
Emanuella,Siqueira,emanuella.siqueira3173@yahoo.com.br,+55 (061) 9758 6139,1960-11-06,FO136154,242,,472303
Raul,da Mota,raul.damota3174@live.com,0800 500 4418,1958-02-09,TG717929,369,SKYWARDS,497178
Elisa,Pires,elisa.pires3175@gmail.com,(011) 0307-9843,1941-01-30,US865287,570,,127273
Fernanda,da Conceição,fernanda.daconceição3176@bol.com.br,71 1565 8879,1976-03-25,KG340709,419,TUDO_AZUL,78103
Matheus,da Rocha,matheus.darocha3177@gmail.com,+55 61 8693-8413,2001-09-02,TN613659,478,AADVANTAGE,28363
Maria Laura,Almeida,marialaura.almeida3178@live.com,(071) 0330-1411,1975-12-03,NG868836,752,FLYING_BLUE,343580
Natália,Cassiano,natália.cassiano3179@outlook.com.br,+55 (081) 6068 2179,1983-05-25,WT326821,771,TUDO_AZUL,371782
Lunna,Leão,lunna.leão3180@bol.com.br,71 7057 4205,1997-03-02,UK486250,270,ASIA_MILES,497283
Benício,Ramos,benício.ramos3181@gmail.com,+55 (051) 0018 2606,1976-09-11,BI214832,733,,390311
Léo,Araújo,léo.araújo3182@hotmail.com,0800-906-8870,1948-09-11,RJ477466,520,,380225
Bruno,Pacheco,bruno.pacheco3183@gmail.com,(041) 2326 6345,1994-08-26,MF309447,581,LATAM_PASS,103152
Isadora,das Neves,isadora.dasneves3184@terra.com.br,+55 71 0794-2592,1942-11-08,TM617595,454,SKYWARDS,127254
José,Albuquerque,josé.albuquerque3185@yahoo.com.br,+55 31 9520-7643,1944-09-05,IV993864,641,LATAM_PASS,429580
Caroline,Nunes,caroline.nunes3186@uol.com.br,21 6183 7015,1950-10-07,UI494585,900,FLYING_BLUE,37464
Maria,Mendes,maria.mendes3187@bol.com.br,+55 21 6621 4598,1961-07-29,PU110885,70,MILEAGE_PLUS,156426
Ana Laura,Rocha,analaura.rocha3188@icloud.com,+55 81 7169-3617,1996-04-03,KF879828,495,MILES_AND_GO,183125
Aurora,Garcia,aurora.garcia3189@icloud.com,+55 (041) 6814-1550,2007-07-19,EU894240,619,SMILES,35230
Erick,Porto,erick.porto3190@bol.com.br,(051) 0040-1733,1963-03-28,HG407201,728,,118997
Maria Cecília,Farias,mariacecília.farias3191@hotmail.com,+55 (041) 8613-1883,1947-06-12,XM715000,306,MILEAGE_PLUS,151421
Camila,Farias,camila.farias3192@live.com,+55 31 6016 1995,1942-11-10,LS399840,264,AADVANTAGE,27088
Ana Cecília,Cavalcante,anacecília.cavalcante3193@terra.com.br,+55 51 5253 7094,1987-08-08,AJ131251,111,FLYING_BLUE,237027
Leonardo,Alves,leonardo.alves3194@outlook.com.br,0900-995-4408,1964-09-30,WN580986,833,AADVANTAGE,72730
Apollo,Siqueira,apollo.siqueira3195@terra.com.br,0500-282-1549,1978-07-08,BA344956,315,ASIA_MILES,315985
Letícia,Correia,letícia.correia3196@gmail.com,+55 41 9772-5188,1974-10-06,XI818642,905,LATAM_PASS,407853
Raul,Correia,raul.correia3197@icloud.com,0900 534 9102,2005-05-16,DK233980,623,ASIA_MILES,84008
Hellena,Câmara,hellena.câmara3198@icloud.com,84 4935 4499,1990-08-15,MJ421553,52,EXECUTIVE_CLUB,331769
Maria Vitória,Albuquerque,mariavitória.albuquerque3199@live.com,(051) 4538 8223,1963-07-02,ID119069,737,EXECUTIVE_CLUB,196638
Yago,Alves,yago.alves3200@hotmail.com,+55 (051) 8957 4382,1970-10-07,PE400808,30,,114613
Liz,Monteiro,liz.monteiro3201@icloud.com,84 2759-8768,1950-08-15,AK824773,677,,132106
Caio,Martins,caio.martins3202@icloud.com,+55 (084) 0513 1469,1992-04-27,NL675018,679,FLYING_BLUE,460752
Levi,Pacheco,levi.pacheco3203@uol.com.br,21 6345-8723,1954-04-05,QO919387,302,,428958
Hadassa,Viana,hadassa.viana3204@uol.com.br,41 2858 4981,1984-11-29,XO552757,513,AADVANTAGE,475118
Heitor,Porto,heitor.porto3205@bol.com.br,31 7587 3868,1997-10-21,CS352872,842,,77186
Sara,Alves,sara.alves3206@terra.com.br,(051) 4511-5247,1943-09-19,SR556614,195,TUDO_AZUL,240342
Dom,Moura,dom.moura3207@live.com,+55 21 0003 0035,1991-04-21,GC216930,641,TUDO_AZUL,315943
João Felipe,Ribeiro,joãofelipe.ribeiro3208@live.com,+55 41 7286 3249,1962-07-05,RF774111,588,,288299
Ana Laura,Novaes,analaura.novaes3209@live.com,21 3600-2984,2000-03-01,QH633873,6,,365132
Emilly,Ramos,emilly.ramos3210@terra.com.br,71 2814-6172,1990-04-19,ID526549,619,ASIA_MILES,106850
Maria Isis,Alves,mariaisis.alves3211@hotmail.com,0300 138 8721,1978-03-25,ON885234,630,FLYING_BLUE,2368
Maria Vitória,Rocha,mariavitória.rocha3212@yahoo.com.br,71 3606-9668,1987-01-21,QN343159,169,ASIA_MILES,186657
Mirella,Sá,mirella.sá3213@bol.com.br,+55 61 8794-9317,1993-07-23,MX620484,338,EXECUTIVE_CLUB,139407
Mathias,Costa,mathias.costa3214@yahoo.com.br,+55 (041) 6248 0727,1949-04-06,SH229461,846,ASIA_MILES,257921
Alice,Cunha,alice.cunha3215@terra.com.br,31 5693-2874,1997-05-26,WJ359836,393,TUDO_AZUL,261175
Samuel,Vargas,samuel.vargas3216@bol.com.br,+55 (071) 5024 0905,1949-09-25,ZD979706,264,,63452
Bryan,Novais,bryan.novais3217@uol.com.br,(011) 5037 3509,1988-10-15,UU614655,179,TUDO_AZUL,475868
Luiz Henrique,Rezende,luizhenrique.rezende3218@outlook.com.br,0300 252 6175,2002-05-25,ER353782,20,SKYWARDS,269639
Enzo,Fonseca,enzo.fonseca3219@bol.com.br,41 8228-7002,1946-05-02,NO909171,543,TUDO_AZUL,461192
Davi Luiz,Cunha,daviluiz.cunha3220@outlook.com.br,+55 31 3999 2323,1991-06-25,QQ451233,214,FLYING_BLUE,328980
Mirella,Silva,mirella.silva3221@live.com,+55 84 4512-2760,1996-12-21,RH654349,650,,55742
Manuella,Nascimento,manuella.nascimento3222@outlook.com.br,+55 (011) 7644 2070,1969-08-20,YZ412621,596,,209987
Marina,Mendonça,marina.mendonça3223@hotmail.com,31 9923 3128,1956-02-27,FH756134,303,,4965
Melissa,Dias,melissa.dias3224@hotmail.com,31 6054-2311,1946-06-16,UX891279,162,LATAM_PASS,199032
Lucas,Garcia,lucas.garcia3225@yahoo.com.br,(041) 4894-6674,1964-06-21,IW538085,803,MILEAGE_PLUS,339069
Helena,Silva,helena.silva3226@terra.com.br,+55 (041) 5751 9434,1963-09-13,OD741274,256,SKYWARDS,450284
José Miguel,Fernandes,josémiguel.fernandes3227@bol.com.br,+55 (011) 5085-1154,1974-07-14,VE733612,968,EXECUTIVE_CLUB,218259
Vinícius,Machado,vinícius.machado3228@terra.com.br,+55 (021) 4653 4254,1999-01-01,EJ658152,136,ASIA_MILES,352731
Leandro,Cassiano,leandro.cassiano3229@icloud.com,+55 (031) 3260 2974,1978-08-21,FF695523,853,SKYWARDS,118675
Benicio,Duarte,benicio.duarte3230@live.com,(011) 8733-5201,1980-11-05,EF826154,882,FLYING_BLUE,399526
Raquel,Novaes,raquel.novaes3231@live.com,+55 31 1097 6302,1967-04-10,DC434247,921,TUDO_AZUL,108790
Rafaela,Lima,rafaela.lima3232@outlook.com.br,(084) 3581 8985,1999-09-16,XL861725,503,EXECUTIVE_CLUB,37073
Maria Fernanda,Pinto,mariafernanda.pinto3233@hotmail.com,(031) 2148-6882,1985-03-09,JR218774,869,EXECUTIVE_CLUB,32072
Ravy,Novais,ravy.novais3234@terra.com.br,+55 71 5109 3466,1963-11-21,FZ138855,377,,469638
Luna,da Costa,luna.dacosta3235@gmail.com,71 0480-8127,1974-11-14,JY113006,344,EXECUTIVE_CLUB,68347
José Miguel,Monteiro,josémiguel.monteiro3236@bol.com.br,+55 (021) 0111 5663,1969-09-20,PV745619,631,LATAM_PASS,147176
Isaque,Sousa,isaque.sousa3237@hotmail.com,31 4855-7939,1942-03-20,AI219176,751,EXECUTIVE_CLUB,360344
Pietro,Moreira,pietro.moreira3238@hotmail.com,+55 (011) 4014-7669,2000-05-11,NW715028,60,AADVANTAGE,211891
Isabella,da Mota,isabella.damota3239@icloud.com,(021) 1591-0145,1958-05-29,ZH626019,17,SKYWARDS,16238
Lucca,Oliveira,lucca.oliveira3240@live.com,+55 51 7304 3113,1985-01-26,AJ481328,374,TUDO_AZUL,435474
Mirella,Macedo,mirella.macedo3241@terra.com.br,0300 310 6173,1940-11-26,LE529329,321,SKYWARDS,204660
Carolina,Sampaio,carolina.sampaio3242@terra.com.br,0900-971-7772,1985-08-25,BM613444,619,TUDO_AZUL,214017
Ian,Lima,ian.lima3243@outlook.com.br,(011) 0162 5953,2006-12-07,QR632969,920,MILES_AND_GO,130530
Thomas,Fonseca,thomas.fonseca3244@bol.com.br,0800-728-0893,1971-05-16,JW492068,540,SMILES,300383
Maya,Cassiano,maya.cassiano3245@terra.com.br,(084) 6168 9837,1979-08-01,NW746487,421,MILES_AND_GO,51
Ana Vitória,Almeida,anavitória.almeida3246@hotmail.com,81 1027-0364,1961-03-27,SK885616,411,FLYING_BLUE,189706
Jade,Fogaça,jade.fogaça3247@live.com,+55 (084) 0527 2375,1967-07-03,KB787814,206,FLYING_BLUE,490959
Ana Luiza,Costa,analuiza.costa3248@terra.com.br,(071) 7801-5260,1961-03-27,ZM791746,826,SKYWARDS,387092
Mariana,da Rocha,mariana.darocha3249@icloud.com,0300 935 8839,1966-08-12,PQ708755,966,LATAM_PASS,119566
Maria Vitória,Silveira,mariavitória.silveira3250@icloud.com,+55 81 7916-6591,1991-11-01,HT115406,8,FLYING_BLUE,157497
Alice,da Rosa,alice.darosa3251@bol.com.br,+55 (031) 3231 2489,1964-06-01,NF642569,413,ASIA_MILES,55115
Henry Gabriel,Teixeira,henrygabriel.teixeira3252@bol.com.br,+55 (031) 7425-8915,1996-06-07,DB447362,885,SMILES,218262
Gabrielly,Duarte,gabrielly.duarte3253@bol.com.br,71 2737-2041,1962-12-05,UX662545,220,AADVANTAGE,262547
Luiza,Montenegro,luiza.montenegro3254@uol.com.br,+55 81 2418-5048,1981-11-17,WP618585,394,MILEAGE_PLUS,101492
Dante,Albuquerque,dante.albuquerque3255@outlook.com.br,61 7087 6240,1941-10-09,DN177464,673,ASIA_MILES,289338
Nicole,Cardoso,nicole.cardoso3256@icloud.com,+55 11 0092-7338,1955-01-19,WN363748,663,SMILES,195249
Aurora,Cassiano,aurora.cassiano3257@icloud.com,0300-257-0267,2001-03-08,HP541959,453,SMILES,362886
Levi,Azevedo,levi.azevedo3258@icloud.com,11 7157 7317,1951-11-05,IC435613,118,SMILES,208978
Bella,da Costa,bella.dacosta3259@outlook.com.br,0500-786-9036,1955-11-10,CF910984,837,,359972
Igor,Moura,igor.moura3260@bol.com.br,0800-682-2983,1956-09-26,KE164882,414,SMILES,163983
Oliver,Jesus,oliver.jesus3261@hotmail.com,(081) 7178 3003,1980-04-27,OT729211,229,SKYWARDS,428505
Benjamin,Pires,benjamin.pires3262@terra.com.br,(041) 4158 9689,1966-03-17,WD827793,966,TUDO_AZUL,33516
Maria Vitória,das Neves,mariavitória.dasneves3263@icloud.com,71 7583-3183,1950-07-17,WJ627107,932,,283623
Arthur Miguel,Souza,arthurmiguel.souza3264@yahoo.com.br,+55 31 5732 0836,2002-02-09,KC383442,348,FLYING_BLUE,366137
Guilherme,Silveira,guilherme.silveira3265@outlook.com.br,+55 (061) 2879-4731,1988-03-29,SK521476,47,AADVANTAGE,220526
Davi Lucas,Albuquerque,davilucas.albuquerque3266@icloud.com,+55 81 0481 6113,1996-07-12,YB602834,248,FLYING_BLUE,230345
Theo,Lima,theo.lima3267@yahoo.com.br,81 5701-5896,1978-04-30,CY225592,519,EXECUTIVE_CLUB,473492
Maria Julia,Caldeira,mariajulia.caldeira3268@outlook.com.br,+55 (031) 6302-6698,1964-02-16,FU364304,899,TUDO_AZUL,14703
Caleb,Vieira,caleb.vieira3269@uol.com.br,(031) 3996-6629,1949-11-09,KZ228356,185,AADVANTAGE,371014
Asafe,Oliveira,asafe.oliveira3270@hotmail.com,(051) 4128-3917,1954-04-05,HF244209,9,MILEAGE_PLUS,335124
Catarina,Rios,catarina.rios3271@outlook.com.br,+55 11 5082-2047,1973-06-18,DS364543,699,,55693
Pedro Lucas,Almeida,pedrolucas.almeida3272@hotmail.com,+55 81 4907 4882,1980-10-05,OH599216,772,,54728
Agatha,Brito,agatha.brito3273@icloud.com,+55 11 3567-2071,2007-01-10,JU368191,705,TUDO_AZUL,459369
Arthur Miguel,Caldeira,arthurmiguel.caldeira3274@bol.com.br,(081) 3427-2208,1988-09-04,DJ973827,24,TUDO_AZUL,21790
Emilly,Nascimento,emilly.nascimento3275@gmail.com,+55 (041) 1517 4898,1982-04-08,TF167142,716,SMILES,382718
Julia,Cardoso,julia.cardoso3276@yahoo.com.br,81 8673 6438,1941-09-27,EU856673,514,MILES_AND_GO,374543
Vitor,Azevedo,vitor.azevedo3277@terra.com.br,+55 51 5982 0290,1951-07-13,IQ541059,193,,449823
Davi Miguel,Gonçalves,davimiguel.gonçalves3278@outlook.com.br,+55 51 5174 7723,1965-06-27,VL433097,915,FLYING_BLUE,434106
Alexia,Costela,alexia.costela3279@outlook.com.br,84 4798 4650,1967-03-01,VY779932,505,,164738
Pedro Henrique,da Costa,pedrohenrique.dacosta3280@terra.com.br,+55 81 6801-5276,1941-09-21,IG757256,465,TUDO_AZUL,486044
Cecília,Andrade,cecília.andrade3281@outlook.com.br,+55 51 0758 5693,1942-09-15,TW434119,931,SKYWARDS,33591
Kamilly,da Conceição,kamilly.daconceição3282@yahoo.com.br,+55 (051) 9919-4576,1996-01-06,WV273473,965,,169497
Ravy,Rezende,ravy.rezende3283@bol.com.br,+55 51 9971 2363,1955-04-18,XF201864,763,LATAM_PASS,499868
Breno,Lopes,breno.lopes3284@hotmail.com,+55 21 7706-1987,1981-09-22,XD937941,759,,493451
Sophie,Siqueira,sophie.siqueira3285@gmail.com,+55 21 8716 6993,2004-02-29,MS958573,451,,99565
Vitor,Rezende,vitor.rezende3286@hotmail.com,(071) 5672 4274,1944-02-24,MM488304,279,SMILES,389989
João,Andrade,joão.andrade3287@live.com,31 4271-7137,2000-02-26,XU650673,35,SMILES,476105
Caroline,Guerra,caroline.guerra3288@bol.com.br,84 7143 6489,1978-05-02,IG636731,405,,173174
Ravi,Garcia,ravi.garcia3289@hotmail.com,(061) 5908-8700,2007-03-28,FN995134,536,SKYWARDS,44471
Leonardo,Freitas,leonardo.freitas3290@hotmail.com,51 8281 6025,2003-05-30,RX872771,441,,14378
Theo,da Costa,theo.dacosta3291@bol.com.br,+55 (084) 1022 0139,1960-04-01,KG746872,41,SMILES,326430
João Felipe,Barbosa,joãofelipe.barbosa3292@outlook.com.br,0500 228 9370,1942-02-10,AL689697,774,SKYWARDS,487254
Mariah,Cavalcanti,mariah.cavalcanti3293@outlook.com.br,+55 41 2933-0023,1957-01-27,QY196928,251,MILEAGE_PLUS,357203
Luigi,Nogueira,luigi.nogueira3294@terra.com.br,+55 71 2400 6224,1951-07-07,YU721153,879,AADVANTAGE,219218
Gabriel,Mendes,gabriel.mendes3295@bol.com.br,51 6006 4988,1990-12-09,YK534169,352,MILEAGE_PLUS,207779
Levi,da Cunha,levi.dacunha3296@live.com,(021) 9029-0276,1987-06-07,MH307887,47,,289790
Augusto,Vieira,augusto.vieira3297@bol.com.br,(051) 0820 2692,2001-06-30,AF447924,262,MILES_AND_GO,245613
Maria Cecília,Novaes,mariacecília.novaes3298@yahoo.com.br,0900-725-3983,1996-03-28,GD510391,460,MILEAGE_PLUS,319864
Mariana,da Rocha,mariana.darocha3299@terra.com.br,(031) 4012-6849,1955-10-11,QO428944,128,,355135
Brayan,Nascimento,brayan.nascimento3300@terra.com.br,(021) 3206 5931,1968-10-04,WY901125,318,,208453
João Vitor,da Luz,joãovitor.daluz3301@icloud.com,61 2790-6545,1956-09-03,IM124088,716,MILEAGE_PLUS,97177
Marcela,da Costa,marcela.dacosta3302@bol.com.br,84 5413-2366,1986-02-10,KW804147,73,SMILES,140838
Diego,Leão,diego.leão3303@yahoo.com.br,31 2308 1973,1997-04-20,RF896464,517,SMILES,38884
Matheus,Santos,matheus.santos3304@bol.com.br,(031) 5204 5242,1982-04-12,VO884574,294,AADVANTAGE,159603
Dante,Fogaça,dante.fogaça3305@yahoo.com.br,(084) 3889-0761,1968-07-25,NT520151,413,TUDO_AZUL,222704
Theo,Campos,theo.campos3306@icloud.com,(071) 6395-4002,1992-11-01,JR699287,652,FLYING_BLUE,104600
João Guilherme,Albuquerque,joãoguilherme.albuquerque3307@yahoo.com.br,(021) 7886-9512,2000-02-25,UA209830,190,MILES_AND_GO,398444
Maria Liz,Sousa,marializ.sousa3308@gmail.com,(051) 7027 3038,1997-11-09,CW746783,693,,297381
Luiz Otávio,Araújo,luizotávio.araújo3309@gmail.com,+55 (051) 3901 1080,1940-12-30,LU514414,398,TUDO_AZUL,208480
Carlos Eduardo,Nunes,carloseduardo.nunes3310@yahoo.com.br,84 2103-8878,1996-02-17,SP723789,351,AADVANTAGE,108046
Gustavo Henrique,Farias,gustavohenrique.farias3311@hotmail.com,(021) 1789 2654,2001-01-13,WM904287,22,MILEAGE_PLUS,146993
Daniel,Barros,daniel.barros3312@outlook.com.br,(011) 2955 5387,1952-05-30,SM779832,142,LATAM_PASS,407282
Carlos Eduardo,Oliveira,carloseduardo.oliveira3313@live.com,0800 154 2205,2005-02-21,SP551021,357,,446586
Ísis,Ribeiro,ísis.ribeiro3314@uol.com.br,+55 84 8371 5875,2004-10-12,QQ518688,674,SMILES,369632
Ana Lívia,da Cunha,analívia.dacunha3315@outlook.com.br,+55 (061) 4246-6047,1955-01-05,RD856005,869,TUDO_AZUL,184225
Luiz Miguel,Peixoto,luizmiguel.peixoto3316@bol.com.br,+55 81 2209-0014,1975-03-04,DU840960,85,MILES_AND_GO,119505
Pietro,Viana,pietro.viana3317@hotmail.com,+55 (061) 1609 7067,2005-05-10,TQ714960,512,FLYING_BLUE,90742
Caleb,da Cunha,caleb.dacunha3318@uol.com.br,+55 (031) 4193-5080,1941-03-03,YP152806,588,SKYWARDS,35534
Ester,da Mata,ester.damata3319@yahoo.com.br,+55 21 5741-5181,1954-05-12,MR423289,64,MILEAGE_PLUS,355128
Ravy,da Cunha,ravy.dacunha3320@yahoo.com.br,71 8151-4739,1987-01-16,CL606735,699,MILES_AND_GO,428972
Antony,Duarte,antony.duarte3321@uol.com.br,0800 991 5572,1972-01-07,NH476381,423,LATAM_PASS,426403
Maria Sophia,Gomes,mariasophia.gomes3322@icloud.com,+55 41 8162 8261,1960-12-26,TY813460,43,MILEAGE_PLUS,75101
Miguel,Gonçalves,miguel.gonçalves3323@yahoo.com.br,+55 31 4191-7395,1958-02-20,UR298604,796,MILEAGE_PLUS,7241
Raul,Cassiano,raul.cassiano3324@terra.com.br,(041) 4055 4632,2000-02-09,BM948088,326,LATAM_PASS,57011
Erick,Novaes,erick.novaes3325@yahoo.com.br,+55 (031) 0626 8610,1970-08-10,NQ910665,12,,115777
Ana Clara,da Rosa,anaclara.darosa3326@live.com,+55 (051) 7798 9896,1968-12-01,DI192612,899,MILES_AND_GO,338712
Levi,Moreira,levi.moreira3327@outlook.com.br,(021) 3339 8985,1974-05-01,OL890017,659,ASIA_MILES,77204
Leonardo,Dias,leonardo.dias3328@icloud.com,+55 (081) 4962 5255,1975-04-01,ND774945,751,TUDO_AZUL,223267
Bento,da Cruz,bento.dacruz3329@hotmail.com,(061) 3953 1313,1993-10-23,IB376777,43,FLYING_BLUE,305295
Eduarda,Cardoso,eduarda.cardoso3330@hotmail.com,21 5751-7431,1961-01-06,RF789900,856,SMILES,331353
Léo,Pires,léo.pires3331@outlook.com.br,+55 21 9731 4572,1949-03-11,NG358225,98,AADVANTAGE,348138
Letícia,Rezende,letícia.rezende3332@terra.com.br,+55 (061) 5866-0194,1960-12-11,BN768112,880,FLYING_BLUE,320335
Isadora,Sales,isadora.sales3333@hotmail.com,(011) 0810-7452,1948-08-21,FN384962,915,TUDO_AZUL,6123
Daniela,da Rosa,daniela.darosa3334@icloud.com,71 1508 5511,2004-03-28,VO185933,179,LATAM_PASS,51790
Carlos Eduardo,Porto,carloseduardo.porto3335@icloud.com,+55 (031) 3061 5471,2002-12-18,GU994693,531,FLYING_BLUE,464219
Davi,Dias,davi.dias3336@live.com,(061) 0371-3119,1976-12-22,DY267661,849,,485243
Ana Luiza,Porto,analuiza.porto3337@yahoo.com.br,(051) 1003-6660,2002-04-02,OA647637,240,ASIA_MILES,240166
Luara,Costela,luara.costela3338@yahoo.com.br,(071) 9881-5945,1978-03-25,XD853384,653,AADVANTAGE,449510
Liz,Sousa,liz.sousa3339@gmail.com,0500 559 9152,1967-04-03,GY872473,875,SKYWARDS,263102
Vitor,Cirino,vitor.cirino3340@live.com,(051) 0901 6153,1987-07-07,OD311025,316,,18799
Heloísa,da Cunha,heloísa.dacunha3341@bol.com.br,+55 21 1623-0030,1993-01-26,WR913225,200,ASIA_MILES,244825
Bento,das Neves,bento.dasneves3342@terra.com.br,+55 (041) 0823-5096,1993-03-25,LU578757,647,LATAM_PASS,110435
Olivia,Nascimento,olivia.nascimento3343@icloud.com,81 3114-9638,1987-02-03,WJ755319,774,AADVANTAGE,181728
Juliana,Monteiro,juliana.monteiro3344@outlook.com.br,+55 61 4412-1917,1977-04-17,EE888522,918,AADVANTAGE,419727
Cauã,Garcia,cauã.garcia3345@yahoo.com.br,+55 (011) 1789-4260,1999-09-02,PN833174,860,,171045
Matteo,Cassiano,matteo.cassiano3346@gmail.com,+55 11 9029-1542,1940-11-25,AY142982,877,,243615
Clarice,Pereira,clarice.pereira3347@bol.com.br,+55 (021) 8398-1121,1988-01-27,II738649,101,SKYWARDS,82416
Benício,Farias,benício.farias3348@live.com,+55 (021) 1244 2360,1999-11-20,FH757955,287,FLYING_BLUE,492645
João Miguel,Dias,joãomiguel.dias3349@outlook.com.br,+55 41 2291-7123,1973-10-05,CS831324,884,SMILES,179066
Marcelo,Aragão,marcelo.aragão3350@terra.com.br,(071) 4093 4368,1996-09-24,OI226041,794,FLYING_BLUE,324951
Valentina,Leão,valentina.leão3351@hotmail.com,81 0306-6569,1959-06-13,GV286091,944,LATAM_PASS,339736
Miguel,Almeida,miguel.almeida3352@gmail.com,0500-038-7556,1989-09-18,LJ415499,43,ASIA_MILES,291233
Manuella,Gomes,manuella.gomes3353@hotmail.com,+55 81 2823-3443,1956-05-12,PI918189,116,EXECUTIVE_CLUB,72567
Asafe,Sales,asafe.sales3354@bol.com.br,+55 31 4272 0513,1972-09-21,ND736879,624,EXECUTIVE_CLUB,312848
Eduarda,da Paz,eduarda.dapaz3355@hotmail.com,0300 161 1128,1960-03-15,AK252051,986,MILEAGE_PLUS,300767
Thomas,Casa Grande,thomas.casagrande3356@terra.com.br,81 1962 3268,2003-01-11,RX200412,294,EXECUTIVE_CLUB,270421
Larissa,Casa Grande,larissa.casagrande3357@terra.com.br,+55 (071) 7727-6905,1946-07-04,OC111751,979,MILEAGE_PLUS,308205
Eloá,Fogaça,eloá.fogaça3358@gmail.com,31 4831-0344,1999-07-26,KW970478,400,TUDO_AZUL,170172
Julia,Peixoto,julia.peixoto3359@bol.com.br,+55 (081) 7498 2097,1955-01-28,YC412573,405,AADVANTAGE,400594
Jade,Montenegro,jade.montenegro3360@hotmail.com,+55 (011) 7888-9012,2008-01-21,QS838354,190,,206289
Juan,Guerra,juan.guerra3361@terra.com.br,0500-062-9442,1946-06-08,ZT931446,403,MILES_AND_GO,39480
Benjamim,Freitas,benjamim.freitas3362@yahoo.com.br,+55 (031) 3065 7128,2001-06-15,OP588142,714,LATAM_PASS,273616
Melina,Fogaça,melina.fogaça3363@uol.com.br,(011) 8080 1360,1955-04-22,CH129642,764,MILEAGE_PLUS,64542
Ana Liz,Nunes,analiz.nunes3364@bol.com.br,+55 71 2142-5482,1974-02-17,FC285086,421,EXECUTIVE_CLUB,125222
Maria,Brito,maria.brito3365@icloud.com,0900 804 5769,1993-08-12,IF325674,714,,57703
Luiz Henrique,Cavalcante,luizhenrique.cavalcante3366@outlook.com.br,11 8470 7217,1951-01-23,SY557130,436,,22484
Letícia,Peixoto,letícia.peixoto3367@terra.com.br,+55 (081) 5304 4319,1982-11-29,BL803392,522,FLYING_BLUE,394927
Maria Helena,da Rosa,mariahelena.darosa3368@gmail.com,+55 51 9590 7009,1967-03-05,VJ872849,600,,316099
Lívia,da Paz,lívia.dapaz3369@gmail.com,+55 51 3973 5109,1972-03-25,UJ473484,932,MILES_AND_GO,51474
Anthony Gabriel,Pacheco,anthonygabriel.pacheco3370@uol.com.br,+55 (084) 1868-3985,1985-08-24,DA262087,976,,307032
Davi Lucca,da Cunha,davilucca.dacunha3371@outlook.com.br,+55 51 6663 9189,1982-07-16,AG521596,404,EXECUTIVE_CLUB,470904
Carlos Eduardo,Aparecida,carloseduardo.aparecida3372@hotmail.com,+55 (011) 7321 8951,1974-06-30,IA942319,848,FLYING_BLUE,162562
Yago,Ramos,yago.ramos3373@hotmail.com,(084) 3486-0717,1982-03-08,DT876328,679,,293980
Mariah,Dias,mariah.dias3374@bol.com.br,+55 (031) 7568 6804,1965-04-29,HQ954467,452,FLYING_BLUE,409353
Mariana,Monteiro,mariana.monteiro3375@gmail.com,+55 (081) 1388 5978,1993-07-25,HD656621,494,ASIA_MILES,285142
Maria Clara,Barbosa,mariaclara.barbosa3376@hotmail.com,0900-211-7059,1957-06-06,OR976917,71,LATAM_PASS,55111
Ana Beatriz,Gomes,anabeatriz.gomes3377@outlook.com.br,51 1479 7938,1980-07-20,GF961789,450,EXECUTIVE_CLUB,441049
João Guilherme,Gonçalves,joãoguilherme.gonçalves3378@bol.com.br,+55 31 3352 9540,1976-02-16,VL758342,565,,97359
Bento,Ferreira,bento.ferreira3379@bol.com.br,+55 31 0421-4316,1962-11-19,CB544591,164,MILEAGE_PLUS,42844
Julia,Ferreira,julia.ferreira3380@hotmail.com,0900 994 0364,1978-06-01,ZE503254,151,SKYWARDS,10633
Caleb,Carvalho,caleb.carvalho3381@icloud.com,+55 31 6878 3326,1996-10-06,QV755232,859,TUDO_AZUL,357215
Levi,Campos,levi.campos3382@gmail.com,+55 21 8589-4729,1941-12-30,MA255430,846,,435506
Isaque,Farias,isaque.farias3383@terra.com.br,(061) 2198 3623,1947-04-07,VM804635,766,TUDO_AZUL,154338
Benjamin,Nascimento,benjamin.nascimento3384@hotmail.com,(061) 2607-6124,1992-08-11,TU670606,815,,490678
José Miguel,Aragão,josémiguel.aragão3385@bol.com.br,+55 11 5682 0727,1957-12-27,PE420577,604,AADVANTAGE,431834
Ana Beatriz,Oliveira,anabeatriz.oliveira3386@bol.com.br,+55 (081) 1898 9266,1998-11-07,QB550946,623,,189446
Luiz Miguel,Vargas,luizmiguel.vargas3387@uol.com.br,41 7408 6560,1991-10-30,GA248092,49,,113214
Bento,Vieira,bento.vieira3388@yahoo.com.br,+55 (051) 9570-3493,1999-06-22,GC809333,347,SKYWARDS,61749
Cecilia,Souza,cecilia.souza3389@terra.com.br,+55 81 1760-7987,1954-11-08,HS946293,206,EXECUTIVE_CLUB,186031
Isabel,Melo,isabel.melo3390@uol.com.br,84 8919 5209,2000-11-08,AG581397,582,FLYING_BLUE,396814
Sofia,das Neves,sofia.dasneves3391@outlook.com.br,+55 51 4777 4154,1987-12-17,AG437450,310,ASIA_MILES,480844
Liz,Costa,liz.costa3392@uol.com.br,(031) 1901 2802,1961-01-02,DY479190,902,,260246
Davi Lucca,da Rosa,davilucca.darosa3393@uol.com.br,0500 420 7480,1996-10-19,KD374387,731,SMILES,444163
Davi Luiz,Farias,daviluiz.farias3394@terra.com.br,(051) 2056-5227,1981-05-12,II418438,791,AADVANTAGE,334157
Emanuel,Pereira,emanuel.pereira3395@yahoo.com.br,84 8075 0096,1991-05-18,GP514168,63,,347273
Maria Cecília,Abreu,mariacecília.abreu3396@icloud.com,+55 (084) 8880-6973,1956-06-25,BN596751,469,,480457
Miguel,Moura,miguel.moura3397@yahoo.com.br,21 7899-1723,2007-11-05,HG106158,398,MILEAGE_PLUS,191559
Camila,Cirino,camila.cirino3398@icloud.com,61 1513-6992,1990-12-21,LN970516,187,LATAM_PASS,73877
Mirella,Monteiro,mirella.monteiro3399@hotmail.com,+55 (041) 0239 7704,2006-10-05,MD297357,478,LATAM_PASS,207289
Pedro Miguel,Azevedo,pedromiguel.azevedo3400@uol.com.br,11 5163 8883,1960-04-10,JA359402,160,,411571
Luiz Henrique,Montenegro,luizhenrique.montenegro3401@live.com,+55 61 0575 4981,1986-08-13,IR576193,641,,362005
Igor,Barbosa,igor.barbosa3402@icloud.com,0800-816-6089,1941-05-13,GL583894,27,SMILES,423296
Ísis,Rezende,ísis.rezende3403@hotmail.com,+55 71 2814 7143,1989-02-16,BZ587264,72,LATAM_PASS,459494
Ana Carolina,Andrade,anacarolina.andrade3404@hotmail.com,+55 31 5403 3596,1993-10-06,NX706167,885,LATAM_PASS,236641
Daniel,Araújo,daniel.araújo3405@live.com,(071) 5309 6277,1943-02-02,ID688037,450,EXECUTIVE_CLUB,222108
Enzo,Novaes,enzo.novaes3406@outlook.com.br,41 6830-1776,1980-03-25,YC773364,721,,146824
Luiz Gustavo,Guerra,luizgustavo.guerra3407@gmail.com,+55 61 9274-5379,1982-01-10,RO866498,209,LATAM_PASS,148693
Esther,Sá,esther.sá3408@outlook.com.br,84 8260 6928,1982-06-24,VN951843,6,LATAM_PASS,25982
Arthur Miguel,das Neves,arthurmiguel.dasneves3409@hotmail.com,0800-588-3033,1971-01-08,IO482367,500,AADVANTAGE,101760
Carolina,Aragão,carolina.aragão3410@gmail.com,+55 11 7660-0285,2005-07-06,CZ427678,658,MILES_AND_GO,5669
Beatriz,Araújo,beatriz.araújo3411@uol.com.br,+55 84 7106-8973,1978-03-22,VC972914,481,,33461
Dom,Martins,dom.martins3412@uol.com.br,(041) 2310-1094,1969-10-07,DB511283,341,EXECUTIVE_CLUB,98493
Clarice,Oliveira,clarice.oliveira3413@live.com,+55 51 3012 0730,1964-07-29,QL245959,460,FLYING_BLUE,349948
Yasmin,Barbosa,yasmin.barbosa3414@outlook.com.br,(011) 8110 5027,1954-01-18,ER292916,944,EXECUTIVE_CLUB,297573
Lucas Gabriel,Farias,lucasgabriel.farias3415@live.com,(051) 2619-5843,1994-08-05,PZ901830,349,EXECUTIVE_CLUB,327881
Hellena,Camargo,hellena.camargo3416@yahoo.com.br,11 3585-8243,2006-03-16,LZ448003,98,,70212
Ana Cecília,Moura,anacecília.moura3417@yahoo.com.br,51 0857 6236,1950-02-17,XX271792,737,SKYWARDS,148169
Luigi,da Costa,luigi.dacosta3418@hotmail.com,+55 51 3502 4855,1968-04-25,TI648358,705,EXECUTIVE_CLUB,257246
Luiz Gustavo,Fernandes,luizgustavo.fernandes3419@outlook.com.br,(041) 0880-6357,1975-05-29,BX834380,605,MILES_AND_GO,147351
João Miguel,Vieira,joãomiguel.vieira3420@icloud.com,0300-820-5413,1996-04-26,MO408747,656,,141225
Maria Helena,Sousa,mariahelena.sousa3421@yahoo.com.br,71 2912-7164,2008-01-18,QJ830821,736,MILEAGE_PLUS,311903
Ravi,Camargo,ravi.camargo3422@outlook.com.br,(071) 8006 8411,1982-08-25,AT308321,667,,198209
Letícia,Andrade,letícia.andrade3423@yahoo.com.br,+55 (071) 1221 2584,1983-03-29,VH505531,947,MILEAGE_PLUS,90477
Mariane,Vargas,mariane.vargas3424@yahoo.com.br,51 7484 8936,1956-07-05,BL572190,754,,8975
Natália,Albuquerque,natália.albuquerque3425@yahoo.com.br,(081) 0913 5781,1951-10-13,IF573689,560,FLYING_BLUE,470732
Pedro,Melo,pedro.melo3426@bol.com.br,+55 51 4157 0995,1952-10-12,OY223247,742,LATAM_PASS,98062
João,Campos,joão.campos3427@gmail.com,+55 81 6059-8992,1991-11-21,OQ173190,390,LATAM_PASS,103914
Jade,Campos,jade.campos3428@hotmail.com,(031) 4761 4943,1942-01-30,DM626679,551,,292549
Ana Carolina,Albuquerque,anacarolina.albuquerque3429@terra.com.br,+55 21 3681 9457,1944-08-29,DG724863,899,ASIA_MILES,24561
Ana Vitória,da Cunha,anavitória.dacunha3430@terra.com.br,+55 21 5589-7295,1951-11-08,ZD819093,454,EXECUTIVE_CLUB,195888
Emanuella,Abreu,emanuella.abreu3431@terra.com.br,21 2411 0871,1996-03-13,KN502160,339,FLYING_BLUE,81923
Aylla,das Neves,aylla.dasneves3432@gmail.com,0800-922-9346,1994-01-04,BA572341,724,LATAM_PASS,331099
Isabelly,Cavalcante,isabelly.cavalcante3433@live.com,21 4835 4599,1951-04-13,ZZ265932,775,SMILES,263970
Anna Liz,Marques,annaliz.marques3434@yahoo.com.br,+55 (084) 4855-0023,1969-10-14,CH358139,704,TUDO_AZUL,148550
Bento,Pereira,bento.pereira3435@live.com,+55 (031) 9678-2866,2004-07-01,DE435760,292,ASIA_MILES,222776
Emanuel,Oliveira,emanuel.oliveira3436@icloud.com,31 5904-0620,1949-09-23,AD858722,212,MILES_AND_GO,161551
Ana Laura,Câmara,analaura.câmara3437@bol.com.br,+55 (021) 2301 3011,1948-04-03,RY483679,791,,99501
Samuel,Carvalho,samuel.carvalho3438@outlook.com.br,+55 41 3988-6849,2004-11-22,MQ204698,581,,424868
Joana,Lima,joana.lima3439@outlook.com.br,71 7348 1539,1976-07-11,BS662588,503,,239957
Erick,Cirino,erick.cirino3440@yahoo.com.br,+55 21 9043 6056,2001-05-12,NP402271,582,MILEAGE_PLUS,237034
Daniel,da Mata,daniel.damata3441@uol.com.br,(031) 4469 4421,1968-07-11,CS852528,720,SKYWARDS,398471
Dom,Albuquerque,dom.albuquerque3442@outlook.com.br,+55 (021) 9905 3032,1970-07-27,PC251877,375,,21869
Julia,Vasconcelos,julia.vasconcelos3443@hotmail.com,(081) 1871 0404,1999-04-25,WS354910,941,FLYING_BLUE,31565
Yuri,Lima,yuri.lima3444@bol.com.br,71 3898 9228,1992-02-19,ZB733087,109,LATAM_PASS,60387
Ana Luiza,Andrade,analuiza.andrade3445@hotmail.com,(041) 4979 0573,2005-01-27,NX431010,203,,462224
Aylla,Montenegro,aylla.montenegro3446@gmail.com,+55 81 1631-8927,1963-01-14,PP444959,291,MILEAGE_PLUS,464138
Eduarda,Andrade,eduarda.andrade3447@gmail.com,0300 215 3900,1968-07-20,FR415592,41,MILEAGE_PLUS,55293
Aylla,Alves,aylla.alves3448@outlook.com.br,(081) 4817-9890,2006-01-27,MV315466,749,TUDO_AZUL,371641
Nathan,Rocha,nathan.rocha3449@uol.com.br,+55 (051) 3937 5813,2003-11-17,ZX627386,905,MILES_AND_GO,301447
Alexandre,Sales,alexandre.sales3450@hotmail.com,+55 84 1709 9449,1997-07-25,NP566446,951,AADVANTAGE,359546
Ayla,Martins,ayla.martins3451@hotmail.com,+55 (084) 3410 2906,1977-02-07,ZP294807,938,ASIA_MILES,282506
Isaac,Gomes,isaac.gomes3452@hotmail.com,71 5361-0670,1996-10-21,LI116633,476,,57982
Maria Helena,Gonçalves,mariahelena.gonçalves3453@outlook.com.br,+55 (011) 2589 1271,1973-02-25,JS838341,602,,41637
Maria Isis,Mendes,mariaisis.mendes3454@uol.com.br,+55 (031) 6857-8105,2005-04-23,RT809712,103,MILEAGE_PLUS,83128
José Miguel,Montenegro,josémiguel.montenegro3455@bol.com.br,81 8631 8552,1944-09-08,CL260887,946,ASIA_MILES,411122
Anna Liz,Leão,annaliz.leão3456@live.com,(084) 8790-5411,1966-03-14,HQ806916,153,MILES_AND_GO,414948
Lavínia,Rios,lavínia.rios3457@outlook.com.br,+55 31 1534 0524,1980-12-27,ZV990112,997,LATAM_PASS,163342
João Lucas,Lima,joãolucas.lima3458@outlook.com.br,0800 697 6869,1985-06-13,CX104316,296,,204054
Antônio,Aragão,antônio.aragão3459@live.com,+55 (051) 8160-4137,1978-05-15,RO212700,918,AADVANTAGE,401903
Laís,da Mata,laís.damata3460@gmail.com,0300 703 8341,1960-02-28,NC250372,191,SMILES,455555
André,da Costa,andré.dacosta3461@hotmail.com,+55 41 1557 7018,2000-01-03,NN852461,460,LATAM_PASS,482172
Pedro Miguel,Albuquerque,pedromiguel.albuquerque3462@live.com,(041) 9082 4560,1974-12-22,KL815900,381,MILEAGE_PLUS,178289
Amanda,da Conceição,amanda.daconceição3463@yahoo.com.br,+55 71 3022 3935,1942-02-03,AI796845,393,FLYING_BLUE,201215
Vitor Hugo,Aragão,vitorhugo.aragão3464@uol.com.br,(041) 1338-4472,1965-11-04,LK138164,354,MILEAGE_PLUS,27484
Maria Helena,Novaes,mariahelena.novaes3465@hotmail.com,+55 61 9657 3515,1949-04-27,KW585080,137,MILES_AND_GO,197976
Alícia,Nunes,alícia.nunes3466@outlook.com.br,51 6076 6471,1943-09-11,UJ601379,314,EXECUTIVE_CLUB,127035
Juan,da Mata,juan.damata3467@uol.com.br,71 8348 5497,1960-02-09,AT232967,578,SMILES,251939
Carolina,Caldeira,carolina.caldeira3468@terra.com.br,(084) 9800-5832,1997-05-07,NP184541,717,SKYWARDS,365320
Lavínia,Ramos,lavínia.ramos3469@live.com,+55 41 6063-0179,1983-09-18,WN265814,205,AADVANTAGE,55788
Raquel,Pires,raquel.pires3470@yahoo.com.br,+55 31 0959 2783,1996-02-27,DU918595,724,,268715
Ravi Lucca,Cavalcanti,ravilucca.cavalcanti3471@icloud.com,0900-683-4511,1963-01-14,FU831100,172,TUDO_AZUL,141579
Letícia,Sampaio,letícia.sampaio3472@hotmail.com,+55 (081) 6515 1382,1987-10-20,RR425369,810,AADVANTAGE,280250
Luigi,Cavalcante,luigi.cavalcante3473@outlook.com.br,0800-365-8834,1950-11-16,DT905278,977,AADVANTAGE,353266
Helena,Aragão,helena.aragão3474@terra.com.br,+55 (051) 4882 5267,1950-08-25,FO582387,115,LATAM_PASS,452475
Eduardo,Sousa,eduardo.sousa3475@uol.com.br,21 8515-8694,1994-12-30,HC464238,125,,235437
Breno,Pimenta,breno.pimenta3476@bol.com.br,31 7188-2991,1997-02-19,NP625031,972,EXECUTIVE_CLUB,77867
Maria Helena,Nascimento,mariahelena.nascimento3477@gmail.com,11 6615-4580,2001-07-28,HY474569,369,LATAM_PASS,115302
Letícia,Caldeira,letícia.caldeira3478@icloud.com,+55 (071) 0136 5122,1970-06-09,LG285911,470,AADVANTAGE,309409
Antony,Azevedo,antony.azevedo3479@outlook.com.br,21 7691 3647,1954-03-08,EH467908,82,,323616
Luiz Otávio,Rodrigues,luizotávio.rodrigues3480@terra.com.br,81 5684-2122,1980-10-11,SJ146237,229,EXECUTIVE_CLUB,32597
Olivia,Pereira,olivia.pereira3481@icloud.com,+55 (084) 5414-3019,1961-12-29,TY850615,737,FLYING_BLUE,421774
Theodoro,Cavalcanti,theodoro.cavalcanti3482@outlook.com.br,(061) 3632-5153,2000-07-24,RO635237,322,LATAM_PASS,344957
Fernando,Aparecida,fernando.aparecida3483@bol.com.br,+55 21 0804-5310,1984-06-14,JV480418,253,,262779
Brayan,Cavalcante,brayan.cavalcante3484@terra.com.br,+55 (061) 4754 7691,1981-11-29,ZR427874,184,EXECUTIVE_CLUB,113108
Maria Flor,Caldeira,mariaflor.caldeira3485@uol.com.br,0300 518 4691,1963-11-22,QM942104,389,SKYWARDS,337021
Maria Júlia,Cassiano,mariajúlia.cassiano3486@icloud.com,(071) 1271-9927,1960-12-03,OA768488,600,EXECUTIVE_CLUB,427156
Luigi,Viana,luigi.viana3487@bol.com.br,0500-878-3333,1946-04-08,NH542042,960,FLYING_BLUE,302099
Daniel,Lima,daniel.lima3488@terra.com.br,0900-761-3552,1963-12-08,IG297607,578,AADVANTAGE,342637
João Lucas,Abreu,joãolucas.abreu3489@yahoo.com.br,+55 81 7961 7700,2002-06-15,SK863503,391,SKYWARDS,77888
Erick,Cavalcanti,erick.cavalcanti3490@icloud.com,81 5517-2948,1943-07-18,EH177890,309,SKYWARDS,304424
Ágatha,Silva,ágatha.silva3491@icloud.com,+55 21 1198-9683,1957-03-28,BR168156,475,TUDO_AZUL,71974
Eloá,da Rosa,eloá.darosa3492@gmail.com,+55 84 5640 6056,1965-06-27,ZL640710,61,MILES_AND_GO,384664
Ana Liz,Costela,analiz.costela3493@yahoo.com.br,0500-008-8950,2000-02-27,SW614197,136,FLYING_BLUE,263072
Davi Miguel,Farias,davimiguel.farias3494@live.com,+55 (051) 7506-3622,1986-12-17,DT526331,913,TUDO_AZUL,111964
Stella,Cavalcanti,stella.cavalcanti3495@yahoo.com.br,+55 (021) 5386 5312,1962-10-15,VN957176,303,ASIA_MILES,176699
Matteo,Dias,matteo.dias3496@icloud.com,41 4209-4184,1958-07-04,MT860853,93,FLYING_BLUE,166026
Ana Carolina,da Mota,anacarolina.damota3497@outlook.com.br,+55 (031) 0424-5797,1988-11-10,PQ371136,716,SMILES,43316
Marcelo,Machado,marcelo.machado3498@uol.com.br,+55 31 3921 1808,1992-09-04,GX505039,971,MILEAGE_PLUS,70052
Liam,Rios,liam.rios3499@uol.com.br,71 0743-8572,1999-02-06,EB920302,437,,378071
Caleb,da Conceição,caleb.daconceição3500@yahoo.com.br,+55 21 6515 5673,2008-01-28,GG521682,818,SMILES,211016
Mateus,Macedo,mateus.macedo3501@outlook.com.br,+55 (071) 7277 8765,1945-05-21,MB292108,935,FLYING_BLUE,178604
Mariana,da Costa,mariana.dacosta3502@yahoo.com.br,84 0570 5021,1960-03-17,TI977511,745,AADVANTAGE,138848
Gabriel,Peixoto,gabriel.peixoto3503@yahoo.com.br,+55 (021) 5836 8251,1962-12-11,ZE468132,238,,129193
Maria Cecília,Vargas,mariacecília.vargas3504@gmail.com,+55 (011) 4552-6746,1983-10-31,UX623320,595,EXECUTIVE_CLUB,13418
Ravy,da Paz,ravy.dapaz3505@bol.com.br,+55 (051) 2283-7213,1953-04-30,YK929403,253,SMILES,484751
Antony,Cirino,antony.cirino3506@live.com,+55 (061) 2044-8400,1954-09-18,UR789468,984,,45064
Apollo,da Mata,apollo.damata3507@terra.com.br,(031) 4462 2792,1955-03-05,NT428304,489,,287044
Melissa,Barbosa,melissa.barbosa3508@live.com,(081) 2433-4772,1950-11-13,OE320614,24,FLYING_BLUE,474797
Asafe,da Luz,asafe.daluz3509@icloud.com,+55 71 4376-2825,1994-05-14,JJ458915,673,,318317
Emilly,Oliveira,emilly.oliveira3510@bol.com.br,84 4827-5965,1994-09-18,QG149697,705,AADVANTAGE,50784
Emilly,Peixoto,emilly.peixoto3511@icloud.com,(021) 9413-0087,1973-12-04,VE289582,30,MILEAGE_PLUS,99326
Francisco,Aragão,francisco.aragão3512@outlook.com.br,+55 21 5916-9318,1950-05-30,RO161579,464,,281502
Léo,Rios,léo.rios3513@bol.com.br,+55 84 6495-6656,1991-01-30,CL728847,192,LATAM_PASS,275595
Kamilly,Albuquerque,kamilly.albuquerque3514@yahoo.com.br,+55 (041) 7624 5130,1985-08-16,DM726015,867,FLYING_BLUE,419314
Joana,Camargo,joana.camargo3515@yahoo.com.br,+55 21 4857-9494,1971-09-30,PK240996,897,,343221
Dom,Vargas,dom.vargas3516@icloud.com,(031) 2654 9537,1960-01-30,ZL761887,457,SKYWARDS,208703
Bruno,Freitas,bruno.freitas3517@live.com,(084) 4941 5874,2000-02-22,ZI189612,941,AADVANTAGE,244861
Vitor Hugo,Peixoto,vitorhugo.peixoto3518@hotmail.com,+55 (021) 2229 5185,1963-08-17,IR113686,513,MILEAGE_PLUS,200754
Luna,Garcia,luna.garcia3519@icloud.com,+55 11 6550 8914,1946-03-25,GC552361,735,SKYWARDS,277485
Davi,Moura,davi.moura3520@live.com,0500-915-7480,1969-02-20,UY731503,683,AADVANTAGE,320250
Dante,da Rosa,dante.darosa3521@icloud.com,(011) 9080-2678,1986-02-19,HK342246,418,LATAM_PASS,422221
João Pedro,Castro,joãopedro.castro3522@bol.com.br,+55 (021) 9342 7497,1979-06-04,BH657894,453,SKYWARDS,288767
Mirella,da Rocha,mirella.darocha3523@live.com,+55 (041) 2815-5156,1962-04-06,OD509359,264,SKYWARDS,182072
Marcelo,Porto,marcelo.porto3524@bol.com.br,0800-372-9952,1982-03-20,MV743896,30,TUDO_AZUL,451317
Bernardo,da Mata,bernardo.damata3525@uol.com.br,+55 41 6042 6375,1942-09-29,BB930728,338,MILES_AND_GO,128191
Maria Luiza,Sales,marialuiza.sales3526@yahoo.com.br,0500 846 8585,2006-09-27,DN397029,12,,27114
Maria Cecília,Jesus,mariacecília.jesus3527@gmail.com,+55 (031) 5759 9753,1965-09-01,ZO959962,585,,202294
Luan,Nunes,luan.nunes3528@hotmail.com,51 1940 5484,1976-09-06,LQ690840,68,SKYWARDS,295667
Júlia,Silveira,júlia.silveira3529@terra.com.br,+55 (051) 9189-3580,2002-12-26,OM481863,703,LATAM_PASS,295850
Emanuelly,Nogueira,emanuelly.nogueira3530@uol.com.br,(031) 6820-5426,1943-11-09,AW204738,490,SKYWARDS,301248
Benicio,Casa Grande,benicio.casagrande3531@bol.com.br,+55 81 1173 8496,1959-03-06,TU330207,881,EXECUTIVE_CLUB,98467
Leandro,Siqueira,leandro.siqueira3532@live.com,+55 51 6848 5070,1958-04-04,OS569483,516,AADVANTAGE,248103
Davi Luiz,da Costa,daviluiz.dacosta3533@bol.com.br,+55 (051) 3550-4405,1949-11-19,VA969737,513,SKYWARDS,252034
Melina,Silveira,melina.silveira3534@hotmail.com,+55 (071) 6208 0201,2005-09-16,BO696064,457,FLYING_BLUE,375920
Gustavo,Aragão,gustavo.aragão3535@bol.com.br,+55 (011) 5886-0496,1946-06-04,BA410811,886,TUDO_AZUL,422191
Alexandre,Carvalho,alexandre.carvalho3536@yahoo.com.br,+55 (061) 9201 1988,1961-09-28,LV262753,476,,200673
Aylla,Fernandes,aylla.fernandes3537@yahoo.com.br,+55 21 7282 7026,1967-04-13,TL711017,714,,169500
Isaque,Cardoso,isaque.cardoso3538@terra.com.br,+55 81 7976 0402,1978-10-20,HX956722,299,,368996
Manuella,Camargo,manuella.camargo3539@icloud.com,+55 11 0100-8495,1999-04-30,DB589922,792,SKYWARDS,160033
Juan,Fernandes,juan.fernandes3540@bol.com.br,+55 (021) 3518 8934,1943-01-25,HB303989,833,,90418
Ana Vitória,Monteiro,anavitória.monteiro3541@outlook.com.br,(011) 9478 9792,2005-02-15,AR219009,745,SKYWARDS,16360
Helena,Sampaio,helena.sampaio3542@hotmail.com,71 1646 6632,1946-02-02,CQ393537,113,EXECUTIVE_CLUB,210608
Luara,Lopes,luara.lopes3543@uol.com.br,+55 21 8829 7876,1985-10-15,WJ295945,147,MILES_AND_GO,484812
Yasmin,Sampaio,yasmin.sampaio3544@yahoo.com.br,31 8485 1662,1960-05-05,LS547934,28,AADVANTAGE,498337
Letícia,Câmara,letícia.câmara3545@terra.com.br,(061) 4845 2405,1970-05-06,GW980842,883,,456627
Vitor,Viana,vitor.viana3546@hotmail.com,61 3314-2147,1968-07-12,WS539848,792,,429246
Luiz Henrique,Rezende,luizhenrique.rezende3547@uol.com.br,41 0327-0554,1994-10-30,FJ946712,525,ASIA_MILES,257622
Agatha,Albuquerque,agatha.albuquerque3548@yahoo.com.br,(021) 1243 2058,1973-05-25,KJ938747,528,TUDO_AZUL,491304
Liam,Alves,liam.alves3549@live.com,+55 (021) 4266 1367,1981-11-25,TJ643184,848,FLYING_BLUE,59339
Kamilly,Correia,kamilly.correia3550@bol.com.br,41 5285-2958,1982-12-19,EN913522,247,,496161
Anthony Gabriel,Costela,anthonygabriel.costela3551@hotmail.com,+55 (021) 0132-7968,2003-09-09,JF902270,429,FLYING_BLUE,77686
Camila,Freitas,camila.freitas3552@outlook.com.br,+55 (031) 1177-8002,1962-05-07,IG600546,95,,152629
Melissa,Camargo,melissa.camargo3553@gmail.com,0300 390 3064,1962-03-18,AQ296146,867,EXECUTIVE_CLUB,370995
Joaquim,Garcia,joaquim.garcia3554@live.com,+55 (031) 2149 2907,1985-10-11,NM354592,698,LATAM_PASS,289291
Olivia,Correia,olivia.correia3555@bol.com.br,+55 41 0772 5021,1940-06-29,SF711412,5,LATAM_PASS,169495
Caleb,Pacheco,caleb.pacheco3556@icloud.com,(081) 9306 0843,2003-10-31,YI410510,842,,15695
Nicole,Porto,nicole.porto3557@yahoo.com.br,0900-135-3941,1996-11-13,CX413589,14,LATAM_PASS,173631
Isaac,Moraes,isaac.moraes3558@live.com,(061) 4293-3175,1950-02-20,EW863576,818,AADVANTAGE,471531
Luana,Azevedo,luana.azevedo3559@uol.com.br,+55 (081) 1159-6955,1969-10-23,WB324174,44,,26134
Ana Júlia,Peixoto,anajúlia.peixoto3560@hotmail.com,(051) 8088-5576,1990-05-26,XM760253,272,MILEAGE_PLUS,434061
Ravy,da Luz,ravy.daluz3561@hotmail.com,(021) 2531-6402,1991-05-28,IW204485,510,MILES_AND_GO,415841
Otto,Machado,otto.machado3562@uol.com.br,+55 11 0457-4129,1979-06-22,DV309974,351,EXECUTIVE_CLUB,16686
Liz,Almeida,liz.almeida3563@uol.com.br,(081) 9054-2531,1972-09-20,TT400741,986,,361946
Maria Laura,Porto,marialaura.porto3564@gmail.com,+55 81 7772 1788,2005-04-15,KY833134,904,MILEAGE_PLUS,247306
Mariane,Silveira,mariane.silveira3565@yahoo.com.br,(051) 8265-0031,1977-03-01,UF861456,390,EXECUTIVE_CLUB,43500
Luigi,Costela,luigi.costela3566@terra.com.br,(011) 8366 2539,1999-08-28,CW203569,925,SMILES,151785
Fernanda,Mendonça,fernanda.mendonça3567@hotmail.com,+55 (084) 2395-3021,1977-11-04,CI458122,717,LATAM_PASS,236746
Carolina,Fernandes,carolina.fernandes3568@terra.com.br,+55 (021) 3931-5910,1953-01-30,JS162264,423,SKYWARDS,409197
Eduarda,Sampaio,eduarda.sampaio3569@hotmail.com,(071) 0797 2281,1977-06-20,VN310231,362,,438461
Carlos Eduardo,Siqueira,carloseduardo.siqueira3570@icloud.com,+55 61 8870 8985,1979-10-30,XC187765,293,,363163
Calebe,Aparecida,calebe.aparecida3571@gmail.com,51 8911 3203,1955-06-10,AD728760,53,EXECUTIVE_CLUB,436290
Isabelly,Almeida,isabelly.almeida3572@outlook.com.br,+55 (071) 3749-6126,1942-05-27,JR471599,220,ASIA_MILES,471884
Alexandre,Machado,alexandre.machado3573@yahoo.com.br,21 0793-4469,1994-04-07,HC327232,661,EXECUTIVE_CLUB,304074
Gabriela,Pereira,gabriela.pereira3574@gmail.com,0800 102 3193,1983-11-19,KL560863,82,,244756
Luísa,Pacheco,luísa.pacheco3575@icloud.com,+55 (081) 4460 0791,2003-03-28,UT829328,312,MILES_AND_GO,215809
Thiago,Pastor,thiago.pastor3576@yahoo.com.br,(071) 9202 7304,1955-02-05,KK331763,141,MILES_AND_GO,78312
Mariana,Moura,mariana.moura3577@gmail.com,(061) 0144 3011,1962-10-03,OH304299,469,ASIA_MILES,63325
Davi Luiz,Pires,daviluiz.pires3578@outlook.com.br,+55 (041) 5121 0753,1973-07-15,QA290836,351,SMILES,329942
Aurora,Costa,aurora.costa3579@terra.com.br,(021) 2365 3755,1992-03-05,EX798895,985,TUDO_AZUL,224330
Sophia,da Luz,sophia.daluz3580@hotmail.com,81 2642-4914,1948-12-15,ML248095,553,,442996
Pietra,Farias,pietra.farias3581@outlook.com.br,21 9465-8547,1948-03-18,YF942799,413,SKYWARDS,452895
Pietro,Pinto,pietro.pinto3582@icloud.com,0300 301 6127,2004-03-20,RD361206,675,LATAM_PASS,80960
João Miguel,da Rosa,joãomiguel.darosa3583@yahoo.com.br,+55 81 8115 0716,1966-02-24,EI328310,16,,330558
Sophia,Nunes,sophia.nunes3584@yahoo.com.br,+55 (084) 2171-1467,2005-09-21,IS834389,656,MILEAGE_PLUS,265685
Anna Liz,Costela,annaliz.costela3585@gmail.com,(051) 7055 7014,1946-08-19,KN810071,305,,147705
Samuel,Ribeiro,samuel.ribeiro3586@gmail.com,(031) 6799-1824,1950-05-13,VW189129,724,MILES_AND_GO,68596
Yan,Albuquerque,yan.albuquerque3587@bol.com.br,+55 (011) 8324-2009,2006-01-30,FX159865,908,FLYING_BLUE,37349
Bianca,da Mata,bianca.damata3588@hotmail.com,31 4297-9676,1943-01-25,BR904677,260,TUDO_AZUL,184717
Ana Carolina,Carvalho,anacarolina.carvalho3589@outlook.com.br,+55 31 3132-5621,1957-05-18,ML687212,597,TUDO_AZUL,284999
Luiz Felipe,Pires,luizfelipe.pires3590@live.com,+55 21 4055 1629,1959-02-09,JY627244,882,EXECUTIVE_CLUB,369479
Maria Helena,Martins,mariahelena.martins3591@yahoo.com.br,+55 (084) 6169 3496,1982-02-16,DL735503,63,MILEAGE_PLUS,377091
Erick,Marques,erick.marques3592@bol.com.br,+55 61 8782-0795,1967-05-15,CS236253,598,,81287
Kaique,Araújo,kaique.araújo3593@live.com,(071) 0464-8371,1963-06-13,YF177667,996,SKYWARDS,86388
Anna Liz,Costela,annaliz.costela3594@gmail.com,(084) 6317-4816,1953-07-13,MJ643804,283,,241840
Maria Cecília,da Cunha,mariacecília.dacunha3595@uol.com.br,+55 (011) 1827-2596,1947-06-15,WY538794,268,LATAM_PASS,244104
Maria,Câmara,maria.câmara3596@bol.com.br,11 5317-8416,1985-08-30,HC384384,100,SMILES,265978
Theodoro,Martins,theodoro.martins3597@terra.com.br,41 0915 7541,1990-08-09,UQ779151,497,EXECUTIVE_CLUB,116658
Evelyn,Marques,evelyn.marques3598@outlook.com.br,+55 71 2823-4282,1948-08-04,JM202758,567,EXECUTIVE_CLUB,162878
Dante,Pinto,dante.pinto3599@live.com,21 6223-5342,1976-04-06,LF363585,249,SKYWARDS,358127
Kaique,Campos,kaique.campos3600@uol.com.br,+55 (021) 8687-9732,2001-10-04,VK933564,148,SKYWARDS,119677
Beatriz,Nunes,beatriz.nunes3601@icloud.com,0900 609 9394,1983-08-17,MQ105154,83,FLYING_BLUE,472975
Maya,Fogaça,maya.fogaça3602@icloud.com,0900-893-4432,1965-10-26,BR316021,553,FLYING_BLUE,464289
Olívia,Aparecida,olívia.aparecida3603@hotmail.com,+55 61 0945-1779,1980-12-19,SP889671,9,SMILES,418072
Augusto,Sampaio,augusto.sampaio3604@hotmail.com,+55 11 5489 4950,1973-09-19,IW109369,557,AADVANTAGE,102302
Esther,da Cruz,esther.dacruz3605@outlook.com.br,+55 41 6076-8263,1949-01-04,FD875757,488,AADVANTAGE,242526
Lívia,da Paz,lívia.dapaz3606@gmail.com,21 5964-6521,1966-05-26,LC400728,841,,211915
Bella,Mendes,bella.mendes3607@yahoo.com.br,61 9566-5464,1960-01-21,TL390244,391,SMILES,260064
Paulo,Peixoto,paulo.peixoto3608@icloud.com,0300 979 3070,2002-03-30,MU881826,546,TUDO_AZUL,102886
Alexandre,da Mota,alexandre.damota3609@outlook.com.br,84 0522 6124,1968-04-15,DU405475,793,AADVANTAGE,233776
Maria Vitória,Camargo,mariavitória.camargo3610@uol.com.br,+55 (031) 5206 4091,2000-04-20,ND217813,55,TUDO_AZUL,97693
Emanuel,Silveira,emanuel.silveira3611@live.com,+55 (021) 6693 5489,1990-09-05,LC409253,304,MILEAGE_PLUS,146352
Heitor,Santos,heitor.santos3612@gmail.com,+55 (031) 1140-9155,1999-04-17,RJ191118,231,,87855
Sophie,Caldeira,sophie.caldeira3613@outlook.com.br,+55 (071) 8339-9704,1973-09-24,NT574524,659,LATAM_PASS,253623
Pietra,Correia,pietra.correia3614@terra.com.br,+55 41 2770-3619,1968-03-01,VV752848,883,MILES_AND_GO,90396
Pedro Lucas,Cassiano,pedrolucas.cassiano3615@icloud.com,11 5257-6875,1974-11-02,RY486484,526,MILEAGE_PLUS,143319
Luiz Miguel,Guerra,luizmiguel.guerra3616@bol.com.br,(031) 9797-5254,1957-06-01,FP170219,665,AADVANTAGE,434026
José Pedro,Brito,josépedro.brito3617@live.com,0500-168-4959,1946-07-27,OB215935,389,,126552
Luigi,Souza,luigi.souza3618@outlook.com.br,(041) 9459 0537,1955-04-01,TJ330527,841,MILEAGE_PLUS,212803
Emanuella,Viana,emanuella.viana3619@bol.com.br,0500-049-5114,1978-09-22,KD183535,936,TUDO_AZUL,348474
Henry Gabriel,Albuquerque,henrygabriel.albuquerque3620@hotmail.com,81 9872-6905,1940-11-19,EP420391,460,MILES_AND_GO,36116
Ana Liz,Machado,analiz.machado3621@hotmail.com,11 3926-6695,1954-01-21,TQ606221,295,SMILES,209586
Nicole,Barbosa,nicole.barbosa3622@icloud.com,(071) 0394-7312,1954-01-19,ED466205,137,,261052
Bella,da Mota,bella.damota3623@live.com,11 5149-7674,1943-07-13,HY851853,908,EXECUTIVE_CLUB,45224
Dante,Araújo,dante.araújo3624@yahoo.com.br,71 7416 0731,1976-09-11,RL452732,413,ASIA_MILES,175193
Rebeca,Fonseca,rebeca.fonseca3625@gmail.com,+55 81 7882-5566,1997-04-10,YJ489092,461,,51763
Gustavo Henrique,Cirino,gustavohenrique.cirino3626@icloud.com,+55 (041) 4082-8727,1983-03-21,YP477773,174,MILEAGE_PLUS,48865
Amanda,Andrade,amanda.andrade3627@outlook.com.br,11 0887-0449,1961-07-29,IF290976,42,FLYING_BLUE,314076
Enrico,Ramos,enrico.ramos3628@outlook.com.br,+55 (031) 7302 7587,1985-08-26,QF614318,843,MILES_AND_GO,17408
Théo,Correia,théo.correia3629@yahoo.com.br,+55 (021) 5000 9436,1990-12-01,OE253868,734,SMILES,239272
Bárbara,Peixoto,bárbara.peixoto3630@outlook.com.br,+55 (011) 7545 4223,1991-01-26,AL309769,259,,91202
Otávio,Lopes,otávio.lopes3631@gmail.com,0900 434 7296,1968-10-08,AZ828064,159,MILEAGE_PLUS,417662
Pedro Lucas,Castro,pedrolucas.castro3632@hotmail.com,(071) 2995 9617,1999-04-14,HJ762659,631,MILEAGE_PLUS,428245
Brayan,Moraes,brayan.moraes3633@icloud.com,+55 81 8188-2649,1964-10-23,BP123614,852,,271862
Arthur,Rocha,arthur.rocha3634@bol.com.br,+55 (061) 5472-4633,1946-02-25,ZU445069,102,ASIA_MILES,498164
Bernardo,Teixeira,bernardo.teixeira3635@uol.com.br,(081) 8409 4308,1961-01-02,JU184242,172,LATAM_PASS,399525
Ana Carolina,da Cruz,anacarolina.dacruz3636@outlook.com.br,81 6470 5471,1999-03-07,BY976241,991,,117800
Isabelly,Campos,isabelly.campos3637@uol.com.br,+55 (061) 6957 0713,1991-06-24,DK437314,214,EXECUTIVE_CLUB,99455
Arthur Miguel,Souza,arthurmiguel.souza3638@icloud.com,+55 (021) 8785-2724,1942-05-30,DM223661,363,MILES_AND_GO,402648
Ana Lívia,Alves,analívia.alves3639@outlook.com.br,(081) 3517 1711,1978-10-20,SB643985,207,SMILES,480692
Nicole,Cardoso,nicole.cardoso3640@yahoo.com.br,+55 51 1723 6132,1945-09-12,FZ268711,213,FLYING_BLUE,406658
Yasmin,Andrade,yasmin.andrade3641@gmail.com,+55 51 9594 0874,1943-07-14,WP733269,420,SKYWARDS,139500
Daniela,Alves,daniela.alves3642@uol.com.br,+55 61 6705-7736,1954-04-07,ZG753001,697,,415094
Vitor,Camargo,vitor.camargo3643@bol.com.br,+55 (051) 2695-6209,1944-07-07,CF106255,740,ASIA_MILES,377176
Yago,Moraes,yago.moraes3644@bol.com.br,61 1802 8823,1988-05-20,UE337948,689,FLYING_BLUE,410800
Melissa,Nogueira,melissa.nogueira3645@bol.com.br,(071) 7211-8318,1953-07-29,DP974000,49,MILES_AND_GO,191104
Caroline,Barros,caroline.barros3646@live.com,+55 41 0972-0486,1961-09-25,JQ107035,495,LATAM_PASS,495983
Stephany,Brito,stephany.brito3647@icloud.com,+55 (071) 4129 2506,1950-07-10,ST721855,241,LATAM_PASS,325321
Renan,Cavalcanti,renan.cavalcanti3648@hotmail.com,+55 61 4568-6314,2003-04-03,MZ369248,61,FLYING_BLUE,200877
Julia,Novais,julia.novais3649@live.com,+55 (011) 4115 1669,2008-04-10,AC434714,695,SMILES,11903
Camila,Dias,camila.dias3650@uol.com.br,+55 84 1811 2464,1981-12-04,JY863687,671,MILES_AND_GO,274714
Rebeca,Ribeiro,rebeca.ribeiro3651@icloud.com,(041) 8899-0707,1943-08-22,LW290123,532,MILEAGE_PLUS,307112
Marina,da Costa,marina.dacosta3652@gmail.com,84 3922-2821,1979-09-27,CI216646,214,TUDO_AZUL,361090
Anthony Gabriel,Carvalho,anthonygabriel.carvalho3653@hotmail.com,(084) 2348 4171,1999-01-15,VP126551,312,MILES_AND_GO,398936
Ravy,Cardoso,ravy.cardoso3654@yahoo.com.br,(041) 1779-1850,1962-12-15,YT208761,449,ASIA_MILES,290462
Isabelly,das Neves,isabelly.dasneves3655@hotmail.com,(051) 7320-3607,1980-11-07,GB297419,133,MILES_AND_GO,396157
Igor,da Rocha,igor.darocha3656@icloud.com,+55 (051) 3784 4576,1971-04-23,DD150348,640,MILES_AND_GO,267098
Maria Flor,Lopes,mariaflor.lopes3657@uol.com.br,(011) 1319 2993,1948-06-28,PR683761,935,LATAM_PASS,482052
Marcelo,Cavalcanti,marcelo.cavalcanti3658@uol.com.br,(031) 7800 0506,1980-03-28,ZF839780,586,AADVANTAGE,204227
Luna,Camargo,luna.camargo3659@terra.com.br,41 6368 5688,1996-12-25,KW509577,208,AADVANTAGE,305304
Davi,Vieira,davi.vieira3660@hotmail.com,0800 997 3482,1942-10-30,PE707997,218,,37279
Calebe,da Mota,calebe.damota3661@terra.com.br,21 7326 6305,1941-02-23,FV299394,922,MILEAGE_PLUS,464449
Kamilly,Cassiano,kamilly.cassiano3662@terra.com.br,0900 722 3709,1991-06-08,QS998665,188,ASIA_MILES,253228
Gabriel,da Mata,gabriel.damata3663@bol.com.br,61 8458-3160,1951-04-20,UK551663,599,,271031
Alícia,Peixoto,alícia.peixoto3664@outlook.com.br,+55 (061) 9133 0772,1992-02-26,RM398179,499,,37931
Heloísa,Sousa,heloísa.sousa3665@yahoo.com.br,+55 (011) 8750-4532,1980-12-15,UJ777777,612,SKYWARDS,317287
Sofia,Carvalho,sofia.carvalho3666@bol.com.br,71 5802-5769,2001-11-01,OI892242,401,ASIA_MILES,390055
Evelyn,Moraes,evelyn.moraes3667@uol.com.br,(081) 2510-8966,1981-06-09,FH965340,469,,440731
Ana Cecília,Borges,anacecília.borges3668@live.com,71 8551-8955,1951-12-23,MY125468,94,FLYING_BLUE,321971
Raul,Peixoto,raul.peixoto3669@bol.com.br,+55 (081) 4523-8521,1963-12-29,JH375842,976,MILES_AND_GO,404740
Ana Beatriz,Jesus,anabeatriz.jesus3670@hotmail.com,+55 21 0559 7942,1945-09-01,GP663308,914,,7880
Luigi,Souza,luigi.souza3671@uol.com.br,+55 84 1324-2628,1994-02-04,IR710612,2,FLYING_BLUE,359627
Stephany,Pereira,stephany.pereira3672@uol.com.br,(051) 1956 5456,1965-12-31,ZE724066,787,,109574
Anthony Gabriel,Câmara,anthonygabriel.câmara3673@terra.com.br,41 1973 9964,1967-11-29,DX254314,939,TUDO_AZUL,262946
Davi Lucas,Mendes,davilucas.mendes3674@outlook.com.br,(081) 7077 9491,1985-02-15,YM684851,218,AADVANTAGE,47243
Luiz Felipe,Abreu,luizfelipe.abreu3675@gmail.com,+55 81 5866 3702,1953-05-14,ZE953319,6,,133164
Emanuel,Jesus,emanuel.jesus3676@icloud.com,+55 (041) 9126 6717,1972-11-05,XZ811077,163,AADVANTAGE,221097
Pedro Henrique,Novaes,pedrohenrique.novaes3677@yahoo.com.br,+55 (084) 7971-3027,1955-01-18,HJ416577,197,,33658
Diego,Rios,diego.rios3678@terra.com.br,+55 11 3269-0187,1946-06-06,FD837941,860,MILEAGE_PLUS,480435
Mateus,Viana,mateus.viana3679@outlook.com.br,11 6274-2086,1957-02-17,WS127666,601,SMILES,241735
Calebe,Andrade,calebe.andrade3680@yahoo.com.br,0900-124-1644,1947-05-02,SG709263,684,,204606
Maria Alice,Pinto,mariaalice.pinto3681@outlook.com.br,41 8248-9323,1999-04-22,SU130961,907,MILEAGE_PLUS,363257
Enrico,Machado,enrico.machado3682@bol.com.br,71 4874-1520,1997-05-06,UR795145,957,TUDO_AZUL,287489
Oliver,Brito,oliver.brito3683@bol.com.br,31 4880 6174,1972-01-15,OA117597,892,,252209
Mariana,da Cruz,mariana.dacruz3684@icloud.com,61 6947 1834,1956-09-03,MF448479,591,ASIA_MILES,482962
Alana,Pimenta,alana.pimenta3685@icloud.com,41 4725 5365,1964-06-16,YN288006,923,LATAM_PASS,146701
Emilly,Dias,emilly.dias3686@outlook.com.br,(081) 9233 8925,1940-10-15,TF504424,946,LATAM_PASS,451192
Henrique,Leão,henrique.leão3687@hotmail.com,+55 31 0683-1292,1999-06-02,WJ271974,366,LATAM_PASS,316241
Sabrina,Fernandes,sabrina.fernandes3688@gmail.com,+55 61 1359-0706,1956-08-31,JU636383,422,,258665
Maria Flor,Borges,mariaflor.borges3689@terra.com.br,(051) 2586 2170,1946-05-14,KM856954,695,EXECUTIVE_CLUB,111928
Arthur,Montenegro,arthur.montenegro3690@live.com,21 1329-9111,2003-05-15,MG312911,256,LATAM_PASS,312281
Henry Gabriel,Vasconcelos,henrygabriel.vasconcelos3691@icloud.com,+55 (051) 7984-0582,2000-06-05,WV361177,207,MILES_AND_GO,416660
Mariane,da Conceição,mariane.daconceição3692@bol.com.br,21 9986 5989,1992-03-17,RF922915,939,,156875
Sophie,Souza,sophie.souza3693@yahoo.com.br,+55 (081) 8582 4550,1986-02-25,MM129607,907,ASIA_MILES,378036
Marcos Vinicius,Pires,marcosvinicius.pires3694@hotmail.com,+55 41 0733-5998,1969-10-12,GP355226,800,TUDO_AZUL,451137
Ayla,Marques,ayla.marques3695@terra.com.br,+55 81 2537 6984,1945-05-05,RF162414,677,LATAM_PASS,166617
Rebeca,Casa Grande,rebeca.casagrande3696@icloud.com,+55 71 1042-0710,1950-04-23,LW151361,448,FLYING_BLUE,185459
Erick,Souza,erick.souza3697@terra.com.br,+55 21 3918-0757,1968-12-04,UF120247,864,LATAM_PASS,376593
Giovanna,Ramos,giovanna.ramos3698@bol.com.br,0900-322-9330,1960-01-02,ZQ537073,40,MILES_AND_GO,343854
Melina,das Neves,melina.dasneves3699@yahoo.com.br,+55 (071) 2893-1049,2001-02-09,ED419639,316,,210449
Vitória,Aragão,vitória.aragão3700@outlook.com.br,(031) 4063 7213,1978-10-31,KI396165,621,ASIA_MILES,278157
Luana,Lopes,luana.lopes3701@hotmail.com,31 9282 2496,1990-08-28,WM722335,35,,205176
Samuel,Moreira,samuel.moreira3702@yahoo.com.br,41 9716 9917,1965-05-19,KF275847,485,TUDO_AZUL,29865
Anna Liz,Freitas,annaliz.freitas3703@bol.com.br,+55 31 3308 1511,1995-11-19,JH650843,682,LATAM_PASS,153581
Rafael,Alves,rafael.alves3704@gmail.com,+55 (061) 5899 1144,1945-11-18,CE169484,285,AADVANTAGE,175198
Pedro Lucas,da Rosa,pedrolucas.darosa3705@yahoo.com.br,0500 415 6135,1957-07-03,NN404576,284,,190339
Ana Liz,Gomes,analiz.gomes3706@outlook.com.br,0300 073 8756,1953-10-29,PV580735,154,SMILES,1837
Ana Sophia,Rocha,anasophia.rocha3707@outlook.com.br,0300 112 9490,1948-08-27,RA981343,383,SMILES,348393
Ana Carolina,Souza,anacarolina.souza3708@gmail.com,+55 (011) 7241-9750,1945-04-22,QB373085,365,EXECUTIVE_CLUB,327467
Kevin,Moraes,kevin.moraes3709@icloud.com,(051) 3381-7454,2000-09-08,LI260376,514,AADVANTAGE,95578
Stella,Sampaio,stella.sampaio3710@terra.com.br,+55 (061) 7577-7783,1968-07-20,GC441155,552,ASIA_MILES,318641
Lucca,Barbosa,lucca.barbosa3711@icloud.com,51 7337 2656,1991-01-18,QG806223,136,TUDO_AZUL,157452
Sara,Costa,sara.costa3712@live.com,+55 (071) 0451 6559,1951-12-22,FR370721,608,FLYING_BLUE,110273
Davi Lucas,Duarte,davilucas.duarte3713@hotmail.com,71 2733-5021,1972-04-28,RM539327,407,LATAM_PASS,217459
Ana Laura,Castro,analaura.castro3714@hotmail.com,+55 84 1998 9823,1973-05-20,YA179562,878,SMILES,245526
Luísa,Carvalho,luísa.carvalho3715@yahoo.com.br,+55 81 8234 4290,1957-11-04,TJ809740,743,AADVANTAGE,4879
Luna,Campos,luna.campos3716@yahoo.com.br,+55 (011) 3025-3007,2007-02-20,TU671503,856,AADVANTAGE,135770
Leandro,Câmara,leandro.câmara3717@yahoo.com.br,71 4444-0513,1959-10-19,TS193243,369,FLYING_BLUE,322456
Manuela,da Paz,manuela.dapaz3718@icloud.com,(041) 0554-8005,1977-02-02,XL525143,817,LATAM_PASS,298337
Maria Helena,Sousa,mariahelena.sousa3719@yahoo.com.br,(071) 2944 9309,1999-05-14,KP293756,110,,364611
Rafaela,Sampaio,rafaela.sampaio3720@yahoo.com.br,+55 (081) 3215-3282,1994-07-18,YZ605735,867,EXECUTIVE_CLUB,398033
Pedro,da Cruz,pedro.dacruz3721@yahoo.com.br,+55 (071) 1861 6264,1993-08-18,TI105601,794,TUDO_AZUL,370067
Clara,Gomes,clara.gomes3722@gmail.com,31 0787-2113,1980-04-23,MW519250,679,,459926
Ana Julia,Mendonça,anajulia.mendonça3723@gmail.com,+55 (071) 2274 9300,1961-04-27,PV523991,321,SKYWARDS,118343
Raul,Moraes,raul.moraes3724@yahoo.com.br,0800-553-6315,1994-06-23,QQ443437,195,EXECUTIVE_CLUB,20132
Maria Eduarda,Ramos,mariaeduarda.ramos3725@uol.com.br,+55 (061) 3885 7726,1971-06-13,KG986940,208,SKYWARDS,111770
André,Vargas,andré.vargas3726@uol.com.br,+55 (071) 6063-5999,1955-01-15,EM453899,664,EXECUTIVE_CLUB,290602
Benjamin,Viana,benjamin.viana3727@outlook.com.br,+55 (021) 2317 5081,1970-03-31,FP528216,519,EXECUTIVE_CLUB,64889
Arthur Gabriel,Duarte,arthurgabriel.duarte3728@uol.com.br,+55 84 1622 9652,1962-11-28,LA913665,648,EXECUTIVE_CLUB,262746
Levi,Caldeira,levi.caldeira3729@hotmail.com,0500 864 4713,2005-04-09,LB996669,49,TUDO_AZUL,425404
Rafael,da Mota,rafael.damota3730@hotmail.com,+55 51 2916 8606,1975-10-10,TT748953,55,FLYING_BLUE,234243
Luiz Miguel,Duarte,luizmiguel.duarte3731@uol.com.br,84 1381 8487,2008-02-05,NL666870,143,EXECUTIVE_CLUB,27602
Sara,Garcia,sara.garcia3732@live.com,(071) 7110-9093,1997-07-04,UO884999,150,FLYING_BLUE,126581
Miguel,Rezende,miguel.rezende3733@yahoo.com.br,(041) 6257-3169,1941-02-21,LR552573,453,SKYWARDS,74179
Ester,Lopes,ester.lopes3734@yahoo.com.br,(061) 9169 1582,1978-02-09,QB854856,931,AADVANTAGE,440527
Benjamim,Pinto,benjamim.pinto3735@hotmail.com,+55 (021) 3667 5808,1941-07-26,QQ555910,581,LATAM_PASS,174236
Luiz Miguel,Mendes,luizmiguel.mendes3736@uol.com.br,(084) 7997-9315,1955-05-18,BZ301843,4,ASIA_MILES,410027
Raquel,Pimenta,raquel.pimenta3737@uol.com.br,(061) 7485 8685,1968-01-16,CU347148,482,LATAM_PASS,384867
Valentina,Melo,valentina.melo3738@uol.com.br,+55 (061) 5744-3387,1984-12-27,FR350281,505,ASIA_MILES,20002
Leonardo,Correia,leonardo.correia3739@bol.com.br,+55 51 4293 9911,1991-10-13,BA257591,502,MILES_AND_GO,379633
Laura,Siqueira,laura.siqueira3740@icloud.com,84 2113 7596,2006-04-10,NH922947,472,,311222
Alexia,Montenegro,alexia.montenegro3741@icloud.com,+55 (051) 0679-7238,1971-03-10,HK821003,560,,303727
Alexia,Cassiano,alexia.cassiano3742@icloud.com,+55 21 8269 5490,1992-10-30,JI811969,94,SKYWARDS,125820
Davi,Barbosa,davi.barbosa3743@gmail.com,+55 21 8012-1924,2001-07-04,OE452697,611,EXECUTIVE_CLUB,131881
Amanda,Guerra,amanda.guerra3744@uol.com.br,+55 (081) 2973 9959,1953-12-23,SI913091,712,LATAM_PASS,499146
Leandro,Vieira,leandro.vieira3745@live.com,(041) 0339 2132,1991-05-23,SE240592,845,EXECUTIVE_CLUB,296885
Sara,Costela,sara.costela3746@gmail.com,61 4005-1563,1968-05-03,EY672071,685,AADVANTAGE,386858
Pedro Lucas,Fonseca,pedrolucas.fonseca3747@hotmail.com,+55 41 0399-4920,1996-01-17,BF603352,946,SKYWARDS,383689
Davi Luiz,Correia,daviluiz.correia3748@uol.com.br,+55 (071) 3422 8995,1984-11-28,WT951518,269,SMILES,216403
Gabriel,Novaes,gabriel.novaes3749@yahoo.com.br,(021) 3256 5094,1996-07-02,WX133524,402,FLYING_BLUE,441080
Ísis,da Rocha,ísis.darocha3750@outlook.com.br,(021) 5569 9033,1988-01-20,YQ348300,475,SMILES,118992
Isabelly,Ferreira,isabelly.ferreira3751@bol.com.br,+55 51 1574 3479,1962-01-17,TG927515,623,MILEAGE_PLUS,374779
Maria Luiza,Freitas,marialuiza.freitas3752@outlook.com.br,+55 51 2733 2999,1960-06-10,RP859392,426,FLYING_BLUE,51338
Gabrielly,Araújo,gabrielly.araújo3753@bol.com.br,+55 41 2061-1217,1998-10-26,FE303104,469,MILES_AND_GO,300536
Antony,da Mata,antony.damata3754@uol.com.br,0500 650 8433,1972-08-30,EF138092,215,,28961
Maria Eduarda,Cardoso,mariaeduarda.cardoso3755@bol.com.br,+55 51 7490 9782,2008-05-03,OL124434,744,,190459
Maria Sophia,Jesus,mariasophia.jesus3756@icloud.com,(081) 1642-0743,1947-03-13,ZX599544,58,TUDO_AZUL,467830
Maria Helena,Dias,mariahelena.dias3757@hotmail.com,(051) 7784-2510,1986-01-30,NN142567,484,ASIA_MILES,19433
Felipe,Lopes,felipe.lopes3758@terra.com.br,21 8787-1196,1984-09-16,FT648273,42,FLYING_BLUE,290517
Maria Liz,da Luz,marializ.daluz3759@live.com,(051) 5316-2797,1998-11-14,CF871078,895,,41870
Bryan,Lopes,bryan.lopes3760@outlook.com.br,0300 995 5154,1998-09-27,MA999649,315,,374719
Dante,da Cruz,dante.dacruz3761@yahoo.com.br,0900-262-4753,1977-11-30,SB230331,812,EXECUTIVE_CLUB,339989
Joana,Jesus,joana.jesus3762@outlook.com.br,+55 (021) 2894 6145,1978-07-20,YS271859,974,,219321
Anna Liz,da Mata,annaliz.damata3763@terra.com.br,+55 11 1755 9583,1998-08-06,KB137988,236,ASIA_MILES,295324
Sarah,Cassiano,sarah.cassiano3764@hotmail.com,(084) 7095 6462,2006-06-06,CL498307,560,MILES_AND_GO,451198
Daniela,Guerra,daniela.guerra3765@live.com,+55 11 0855-4436,1952-12-17,JG392372,953,FLYING_BLUE,52647
Ana Clara,da Mota,anaclara.damota3766@uol.com.br,(041) 7908 8768,1972-11-21,ZV224063,213,AADVANTAGE,342337
Ágatha,Vasconcelos,ágatha.vasconcelos3767@uol.com.br,+55 81 9169-7157,1975-05-14,DG718501,362,,318179
Isabella,Souza,isabella.souza3768@yahoo.com.br,84 9480-6335,2001-02-09,EP884779,807,SKYWARDS,200896
Felipe,Vasconcelos,felipe.vasconcelos3769@icloud.com,+55 (011) 6477-8809,1969-01-21,RD543142,156,SMILES,81150
Noah,Santos,noah.santos3770@outlook.com.br,(051) 6617-7200,1994-11-02,NQ628010,902,,113120
Lucas Gabriel,da Conceição,lucasgabriel.daconceição3771@hotmail.com,+55 41 9020-0145,1982-06-15,OC467275,494,,48286
Benício,Barbosa,benício.barbosa3772@outlook.com.br,(011) 4400 9037,1949-08-21,IA524175,620,TUDO_AZUL,399182
José Miguel,Cardoso,josémiguel.cardoso3773@bol.com.br,+55 (031) 4243-0569,1971-08-12,JP226066,114,TUDO_AZUL,129753
Lara,Rodrigues,lara.rodrigues3774@gmail.com,61 0823-0067,1962-02-11,KD586766,235,AADVANTAGE,300663
Luiz Felipe,Rodrigues,luizfelipe.rodrigues3775@icloud.com,61 3955 5642,1959-10-31,KP938621,159,SKYWARDS,397654
João Vitor,Gonçalves,joãovitor.gonçalves3776@gmail.com,61 1759-7011,2004-08-16,ZJ894069,618,MILES_AND_GO,417677
Anthony,Montenegro,anthony.montenegro3777@gmail.com,+55 84 7949-0515,1997-07-06,OM776916,914,MILES_AND_GO,487046
Raquel,da Paz,raquel.dapaz3778@icloud.com,41 8258-1202,2002-02-23,CX312151,80,SMILES,284242
Maria Helena,Castro,mariahelena.castro3779@terra.com.br,21 1141-6895,1995-04-26,LU467195,442,SMILES,163244
Breno,Vargas,breno.vargas3780@outlook.com.br,(031) 3132-8515,1964-03-27,SS189252,506,MILEAGE_PLUS,181626
Evelyn,Carvalho,evelyn.carvalho3781@live.com,+55 81 8667 7190,1958-06-13,JV779612,637,SKYWARDS,36008
Luiz Felipe,Correia,luizfelipe.correia3782@uol.com.br,41 8287 8089,1998-01-28,OP560989,379,EXECUTIVE_CLUB,73043
Maria Clara,Alves,mariaclara.alves3783@live.com,0800 472 0529,1983-10-03,HD547810,341,EXECUTIVE_CLUB,494105
Felipe,Siqueira,felipe.siqueira3784@live.com,11 0863 9277,1971-12-23,NI582114,954,SMILES,428906
Isabella,Pastor,isabella.pastor3785@icloud.com,+55 (071) 1124-0986,1957-07-25,FN128965,87,,226036
Anthony,Rezende,anthony.rezende3786@bol.com.br,71 6899 5704,1957-02-16,RB364069,487,,139429
Igor,Caldeira,igor.caldeira3787@icloud.com,+55 31 5642-3164,1965-06-16,GN710999,658,SKYWARDS,444674
Luiz Gustavo,Sales,luizgustavo.sales3788@hotmail.com,(021) 3461-0875,1982-05-12,WM687561,62,AADVANTAGE,150663
Raquel,Gonçalves,raquel.gonçalves3789@gmail.com,61 6381-2405,1970-09-24,YU806296,409,MILES_AND_GO,176638
Maria Luiza,Silva,marialuiza.silva3790@yahoo.com.br,51 8248 3751,1999-07-28,WI920980,88,AADVANTAGE,128380
Isabella,Aragão,isabella.aragão3791@outlook.com.br,+55 (084) 4035 1957,1988-06-29,BK299812,673,EXECUTIVE_CLUB,225629
Pedro Miguel,Andrade,pedromiguel.andrade3792@gmail.com,(071) 4652-4834,1982-07-07,HP587039,170,AADVANTAGE,113715
Vitória,Correia,vitória.correia3793@hotmail.com,(041) 5064 5334,1945-12-07,XT774400,864,TUDO_AZUL,374972
Beatriz,Jesus,beatriz.jesus3794@yahoo.com.br,+55 84 0138-5986,2004-09-15,SC803437,312,MILEAGE_PLUS,446246
Vinicius,Leão,vinicius.leão3795@icloud.com,(011) 8085 2282,2001-06-17,TN650949,356,LATAM_PASS,73762
Ana Julia,Moraes,anajulia.moraes3796@live.com,+55 (071) 2362-9825,1960-05-11,MY609595,232,ASIA_MILES,8321
Bianca,Ramos,bianca.ramos3797@terra.com.br,+55 41 4068 4000,1946-02-20,XQ989541,645,MILEAGE_PLUS,308599
Heloisa,Melo,heloisa.melo3798@bol.com.br,+55 41 9912 0111,1972-03-10,UZ369066,683,MILES_AND_GO,340861
Luara,Rodrigues,luara.rodrigues3799@yahoo.com.br,41 2055-6419,1996-10-29,QG610967,258,SMILES,374082
Anthony,Rezende,anthony.rezende3800@uol.com.br,(051) 0970-4922,1980-01-10,FL821497,336,TUDO_AZUL,429611
Gabriel,Albuquerque,gabriel.albuquerque3801@terra.com.br,+55 (084) 2199 9752,1968-07-04,YZ658180,868,SKYWARDS,369641
Eloá,da Cunha,eloá.dacunha3802@live.com,+55 (081) 7883 5994,1986-02-12,BV161251,834,MILES_AND_GO,331216
Yago,Marques,yago.marques3803@yahoo.com.br,31 1212 0865,1985-09-24,LG248528,273,SKYWARDS,167828
Aurora,Abreu,aurora.abreu3804@gmail.com,+55 (051) 1943 0584,1972-12-28,ON624987,546,,432906
Lívia,Barros,lívia.barros3805@outlook.com.br,+55 84 4151-3612,1954-12-14,HG436555,96,MILEAGE_PLUS,208065
Ana Liz,Andrade,analiz.andrade3806@uol.com.br,+55 (041) 1278 2709,1969-05-13,BP602648,193,EXECUTIVE_CLUB,224367
Gustavo,Mendonça,gustavo.mendonça3807@outlook.com.br,+55 (041) 4026-3568,1943-07-02,MO300739,816,FLYING_BLUE,268619
Yasmin,Marques,yasmin.marques3808@terra.com.br,+55 (031) 9910-0629,1963-08-16,RN851566,722,EXECUTIVE_CLUB,369615
Davi Luiz,Lima,daviluiz.lima3809@outlook.com.br,+55 (061) 8323 8782,1973-02-17,MO210813,618,,239227
Daniela,Abreu,daniela.abreu3810@icloud.com,(021) 0017 0476,1953-07-30,DX302474,190,SMILES,318177
Allana,Aparecida,allana.aparecida3811@gmail.com,84 1606-0326,1957-05-16,UE343183,791,,411883
Fernando,Cirino,fernando.cirino3812@bol.com.br,+55 (071) 3749-5688,1958-03-02,FW531767,501,FLYING_BLUE,480972
Luana,Montenegro,luana.montenegro3813@yahoo.com.br,+55 21 4707-2462,1973-03-03,FF603460,695,MILEAGE_PLUS,454871
Bianca,Pinto,bianca.pinto3814@live.com,41 9686-2055,1980-03-16,PE333687,164,MILES_AND_GO,445143
Bento,Garcia,bento.garcia3815@live.com,31 2360-8352,1949-12-13,FS990103,651,SMILES,241733
Mateus,Cunha,mateus.cunha3816@hotmail.com,0500-862-7702,1980-11-12,KV868870,443,EXECUTIVE_CLUB,61327
Maya,da Cunha,maya.dacunha3817@icloud.com,0800 282 3131,1992-09-05,RR901842,74,ASIA_MILES,185847
Maria Cecília,Nunes,mariacecília.nunes3818@hotmail.com,+55 41 0655-3351,1949-10-14,KP567271,289,SKYWARDS,231906
Manuela,da Rosa,manuela.darosa3819@outlook.com.br,(021) 6846 7194,1987-10-06,MW733332,424,LATAM_PASS,389486
Maria Alice,Caldeira,mariaalice.caldeira3820@bol.com.br,+55 31 9516-1724,2003-11-18,TB208243,427,ASIA_MILES,91164
Anthony,Dias,anthony.dias3821@uol.com.br,+55 61 7723-1333,1979-09-10,CA740916,662,EXECUTIVE_CLUB,126009
Fernanda,Brito,fernanda.brito3822@bol.com.br,+55 11 4564-8671,2005-03-10,XB725942,911,TUDO_AZUL,151863
Francisco,Fernandes,francisco.fernandes3823@uol.com.br,31 7303 3416,1980-08-24,LB104409,316,ASIA_MILES,210858
Antônio,da Rosa,antônio.darosa3824@outlook.com.br,0800 070 9501,1951-10-17,RP774069,754,SMILES,273733
Agatha,Carvalho,agatha.carvalho3825@live.com,21 2635 4057,1961-12-06,SH556122,706,LATAM_PASS,206403
Benjamin,Barros,benjamin.barros3826@uol.com.br,+55 51 2493 8457,1968-05-19,ZY231394,167,TUDO_AZUL,235335
Erick,Freitas,erick.freitas3827@outlook.com.br,81 9914 9825,1991-12-15,UB147558,758,TUDO_AZUL,211731
Danilo,da Luz,danilo.daluz3828@outlook.com.br,71 1713 2714,1945-11-03,CN558313,585,AADVANTAGE,112633
Mariane,Caldeira,mariane.caldeira3829@hotmail.com,(051) 6306 9066,1977-06-20,YJ331486,185,ASIA_MILES,178169
Enzo Gabriel,Correia,enzogabriel.correia3830@hotmail.com,+55 61 2988 7466,1952-09-22,BW508290,674,SKYWARDS,205650
Rafaela,da Costa,rafaela.dacosta3831@terra.com.br,41 1234 6119,1947-05-18,AA951521,94,AADVANTAGE,421765
João Gabriel,Gonçalves,joãogabriel.gonçalves3832@uol.com.br,0300-309-0658,1954-06-02,LD517713,447,SMILES,248615
João Miguel,Cassiano,joãomiguel.cassiano3833@icloud.com,+55 (011) 0946 3481,1956-01-12,FR695612,676,EXECUTIVE_CLUB,458419
Lara,Pacheco,lara.pacheco3834@terra.com.br,0800 616 8914,1962-01-11,UM441177,526,MILES_AND_GO,24789
Bryan,Sales,bryan.sales3835@icloud.com,0300-921-2030,1978-02-06,SQ334905,951,MILEAGE_PLUS,220370
Luiz Fernando,Rodrigues,luizfernando.rodrigues3836@live.com,(011) 3656-7569,1955-03-29,UJ873890,96,MILEAGE_PLUS,196280
Hadassa,Fogaça,hadassa.fogaça3837@bol.com.br,+55 (051) 9582 2750,1952-09-01,AZ596026,736,MILEAGE_PLUS,191684
Ana Júlia,da Paz,anajúlia.dapaz3838@outlook.com.br,(061) 6701 6299,2006-02-03,MP350440,551,,184038
Milena,Santos,milena.santos3839@terra.com.br,71 4916-5849,2000-12-10,OL168420,938,FLYING_BLUE,46847
Davi Lucas,da Mota,davilucas.damota3840@bol.com.br,41 8605 2573,1948-02-16,JL278975,172,SKYWARDS,36629
Yan,Pereira,yan.pereira3841@icloud.com,(081) 0308 3892,2004-12-29,IX799265,604,LATAM_PASS,338080
Vicente,da Mata,vicente.damata3842@gmail.com,0300-154-2218,1940-12-27,XB698574,805,SMILES,329648
Ana Julia,Costa,anajulia.costa3843@yahoo.com.br,+55 (011) 7487 4534,1954-10-07,KG701142,849,SMILES,148657
Anthony Gabriel,Campos,anthonygabriel.campos3844@gmail.com,(061) 4902-5735,1996-11-12,BB381450,748,SKYWARDS,136546
Maria Cecília,Pires,mariacecília.pires3845@yahoo.com.br,+55 (081) 4667 4649,1977-03-24,DR219098,803,FLYING_BLUE,221767
Theo,Carvalho,theo.carvalho3846@terra.com.br,41 4998 7427,1947-10-30,SH460130,59,EXECUTIVE_CLUB,403204
Benjamin,Barbosa,benjamin.barbosa3847@icloud.com,(061) 2398-5879,1982-05-15,GW593313,951,,16565
Olívia,Aragão,olívia.aragão3848@outlook.com.br,81 5524 8853,1969-12-30,BZ509755,322,EXECUTIVE_CLUB,222035
Benício,da Cruz,benício.dacruz3849@bol.com.br,81 6730-4000,1969-07-07,WQ812732,661,ASIA_MILES,94701
Ester,Cunha,ester.cunha3850@outlook.com.br,(021) 7372-9268,1964-02-07,GX962817,873,,118053
Mariane,Gomes,mariane.gomes3851@hotmail.com,+55 84 8844 1425,2008-06-01,PT248771,18,MILEAGE_PLUS,105066
Ravi,Rezende,ravi.rezende3852@uol.com.br,+55 (031) 2869 0887,1968-12-30,RA599999,830,MILEAGE_PLUS,306716
Maria Luiza,Dias,marialuiza.dias3853@live.com,(084) 3594-4634,1976-08-05,NT621616,160,ASIA_MILES,16541
Luiz Fernando,Montenegro,luizfernando.montenegro3854@terra.com.br,+55 31 5746-2066,2003-07-25,BM383456,246,,334966
Carolina,Cassiano,carolina.cassiano3855@live.com,(071) 9655 2898,1955-11-02,YR963824,682,SKYWARDS,81341
Caleb,Teixeira,caleb.teixeira3856@gmail.com,+55 21 7696 6671,2007-07-23,QE360960,608,,223419
Aurora,Jesus,aurora.jesus3857@uol.com.br,+55 (031) 7592 5797,2001-01-04,HS230632,414,,462878
Maria Helena,Ramos,mariahelena.ramos3858@outlook.com.br,84 0002-7313,1966-04-30,HY667204,521,,264461
Maria Flor,Carvalho,mariaflor.carvalho3859@outlook.com.br,(071) 1255 8579,1991-09-21,UQ563846,20,AADVANTAGE,69404
João Lucas,Freitas,joãolucas.freitas3860@yahoo.com.br,+55 71 0211-9906,1957-03-07,PM627138,204,FLYING_BLUE,328478
Allana,Costela,allana.costela3861@outlook.com.br,(031) 7944-7749,1982-12-07,HK377589,846,EXECUTIVE_CLUB,428134
Luan,Rios,luan.rios3862@gmail.com,(084) 0318 2736,1999-10-09,UZ508272,413,ASIA_MILES,49599
Luiz Fernando,Caldeira,luizfernando.caldeira3863@hotmail.com,(011) 7710-8669,1987-05-07,JZ239753,322,,481343
Yuri,Machado,yuri.machado3864@uol.com.br,81 0283-9278,2003-01-18,KJ249477,333,,413118
Gustavo,Silva,gustavo.silva3865@live.com,0800 527 8690,1976-02-06,KL809789,614,ASIA_MILES,80673
Matteo,Alves,matteo.alves3866@gmail.com,(084) 1297 9916,1961-07-28,ZW970485,926,EXECUTIVE_CLUB,495766
Maria Cecília,Borges,mariacecília.borges3867@outlook.com.br,+55 51 7018 1107,1945-07-13,ZK807722,243,MILES_AND_GO,446380
Nathan,Ferreira,nathan.ferreira3868@terra.com.br,+55 (041) 7845-1271,1999-02-23,VR620280,411,AADVANTAGE,332888
André,Freitas,andré.freitas3869@uol.com.br,21 8349-8778,1986-01-25,PL682701,146,SKYWARDS,14898
Yago,Caldeira,yago.caldeira3870@terra.com.br,51 7978 0868,2008-04-08,RH376508,100,AADVANTAGE,268279
Ana Cecília,Martins,anacecília.martins3871@outlook.com.br,(081) 9967 2334,1948-12-18,WK689667,215,ASIA_MILES,100001
Helena,Rezende,helena.rezende3872@hotmail.com,(061) 8917-7102,1987-07-25,MM151844,340,AADVANTAGE,348153
Dante,Costela,dante.costela3873@live.com,(021) 4118-9474,1976-10-13,UG562419,745,EXECUTIVE_CLUB,83878
Maria Julia,Barbosa,mariajulia.barbosa3874@live.com,0500 388 6848,1978-10-08,ZS206590,924,AADVANTAGE,298743
Mariah,Nascimento,mariah.nascimento3875@outlook.com.br,+55 51 8246 9871,1991-10-07,LA999785,477,,52793
Juliana,Nascimento,juliana.nascimento3876@terra.com.br,(084) 1312 7731,1992-07-05,NE577846,516,,439685
Bella,Cardoso,bella.cardoso3877@icloud.com,11 9043 6129,1946-04-15,LJ610475,277,TUDO_AZUL,299643
Gustavo Henrique,Santos,gustavohenrique.santos3878@terra.com.br,+55 71 6394 5128,1987-09-18,BL599916,858,EXECUTIVE_CLUB,304563
Camila,Sampaio,camila.sampaio3879@icloud.com,+55 11 3089 8179,1978-10-12,LU641368,938,,383155
Guilherme,Viana,guilherme.viana3880@hotmail.com,(061) 9872 4834,1998-03-31,IE895067,633,AADVANTAGE,475920
Ravy,Aragão,ravy.aragão3881@outlook.com.br,(021) 1671 2398,1972-06-03,FJ744350,423,,239895
Ágatha,Pimenta,ágatha.pimenta3882@hotmail.com,+55 11 9979-6887,2005-03-26,FM714360,393,LATAM_PASS,314065
Olivia,Pimenta,olivia.pimenta3883@live.com,+55 (051) 4372-4367,1993-09-01,UD968522,181,MILES_AND_GO,420904
Bárbara,Cardoso,bárbara.cardoso3884@uol.com.br,21 6371 0897,1990-03-20,YR114133,341,SMILES,271327
Mateus,Costa,mateus.costa3885@terra.com.br,84 1308 5247,1990-09-05,YV838717,256,MILES_AND_GO,164831
Eduardo,Oliveira,eduardo.oliveira3886@terra.com.br,+55 31 5307-7218,1997-10-06,AJ274421,357,EXECUTIVE_CLUB,400972
Maria Flor,Caldeira,mariaflor.caldeira3887@outlook.com.br,+55 (081) 4578-4839,1985-07-09,VZ474347,715,,108913
Maria Julia,da Rocha,mariajulia.darocha3888@hotmail.com,21 3123 4692,1955-01-31,UV679776,747,MILEAGE_PLUS,264384
Mariane,Moraes,mariane.moraes3889@uol.com.br,+55 (071) 1247 1010,1970-07-23,GK227118,70,ASIA_MILES,30346
Pietro,Moraes,pietro.moraes3890@uol.com.br,+55 11 3112-9797,1984-07-01,XG987224,672,AADVANTAGE,423578
Thiago,da Cunha,thiago.dacunha3891@terra.com.br,(084) 6966-2428,1952-03-09,SG567910,820,,189938
Luiz Gustavo,Costa,luizgustavo.costa3892@live.com,71 3788 3130,1970-01-24,MH637956,567,AADVANTAGE,497555
Liz,Leão,liz.leão3893@live.com,+55 (011) 3786-8943,1947-05-29,MR467442,247,,46006
Murilo,Novais,murilo.novais3894@uol.com.br,(011) 4548-2739,1992-03-21,XT823466,961,MILES_AND_GO,422596
Eloá,da Luz,eloá.daluz3895@icloud.com,+55 41 6614 9871,1996-10-17,LL783007,437,,158236
Benjamim,Moraes,benjamim.moraes3896@yahoo.com.br,0900-682-9245,1989-12-24,XZ277552,635,TUDO_AZUL,247872
Dante,Pastor,dante.pastor3897@bol.com.br,+55 (021) 1556-3252,1972-05-15,ZV575631,547,TUDO_AZUL,104078
Evelyn,Moraes,evelyn.moraes3898@icloud.com,21 8212 4023,1975-05-27,MR173223,920,MILES_AND_GO,421428
Melissa,Camargo,melissa.camargo3899@bol.com.br,+55 61 9098-7313,1941-12-05,CI354655,320,TUDO_AZUL,1440
Nathan,Caldeira,nathan.caldeira3900@yahoo.com.br,(071) 6809 6348,1986-01-16,IF936803,320,ASIA_MILES,397012
Renan,Leão,renan.leão3901@terra.com.br,(021) 5570 1727,1979-08-15,HX737647,466,,225295
Nicole,Fogaça,nicole.fogaça3902@uol.com.br,0500 874 5736,2007-05-15,QI802775,911,,430502
Vitor,Campos,vitor.campos3903@bol.com.br,+55 84 8640 1810,1981-04-26,QI740084,28,SMILES,460942
Enrico,Ribeiro,enrico.ribeiro3904@yahoo.com.br,+55 (041) 0210 7963,1980-02-13,AM805479,908,SMILES,331237
Fernanda,Gonçalves,fernanda.gonçalves3905@gmail.com,+55 84 0510 9328,2007-05-26,GE867297,190,ASIA_MILES,495291
Luan,Caldeira,luan.caldeira3906@yahoo.com.br,11 2855 2029,1988-06-17,MS685946,630,MILES_AND_GO,405580
Melissa,Barbosa,melissa.barbosa3907@uol.com.br,+55 84 8338 8285,1963-03-27,ZZ220367,710,,445679
Antonella,Rocha,antonella.rocha3908@live.com,84 7963 0235,1978-08-22,XJ439792,390,,224759
Rafaela,Moreira,rafaela.moreira3909@outlook.com.br,+55 (081) 0004 6835,1940-07-12,EK293678,853,EXECUTIVE_CLUB,90858
João Pedro,Santos,joãopedro.santos3910@bol.com.br,+55 41 5076 5233,1999-06-16,UL207341,648,MILEAGE_PLUS,158706
Anna Liz,Mendes,annaliz.mendes3911@gmail.com,+55 61 9165 0929,1989-05-20,XM860429,874,AADVANTAGE,117650
Raquel,Rodrigues,raquel.rodrigues3912@gmail.com,(084) 1527 0127,1967-11-27,UA190276,629,MILES_AND_GO,282523
Yuri,Abreu,yuri.abreu3913@hotmail.com,0300-676-4249,1950-04-13,JV369194,28,SKYWARDS,233569
Anna Liz,da Rosa,annaliz.darosa3914@live.com,11 1922-4782,1968-07-08,WX573723,727,AADVANTAGE,46811
Lucas,Campos,lucas.campos3915@uol.com.br,+55 84 5880 7612,1987-02-04,LF849423,321,MILEAGE_PLUS,201242
José Pedro,Mendes,josépedro.mendes3916@gmail.com,31 3661 2112,1969-08-27,FR641727,323,TUDO_AZUL,188268
Pedro,Martins,pedro.martins3917@yahoo.com.br,+55 31 4802 2983,1974-08-18,HY148498,182,LATAM_PASS,213791
Bárbara,Souza,bárbara.souza3918@icloud.com,+55 71 7441-2404,1972-01-11,PG658419,886,SMILES,159545
Thales,Nascimento,thales.nascimento3919@bol.com.br,51 8335 1158,1953-02-20,ON574786,862,,248152
Luigi,Melo,luigi.melo3920@gmail.com,+55 61 5285-9234,1951-02-06,ZR780707,252,ASIA_MILES,28685
Alexia,Leão,alexia.leão3921@uol.com.br,+55 11 2111-9470,1988-08-05,CQ319023,718,,276715
Davi Luiz,Barbosa,daviluiz.barbosa3922@live.com,+55 (011) 3963-1901,1999-07-27,JX393758,60,MILES_AND_GO,361665
Bryan,Marques,bryan.marques3923@outlook.com.br,+55 41 7855-6712,1950-10-25,ZT158162,99,SMILES,104606
Pedro Henrique,Rezende,pedrohenrique.rezende3924@gmail.com,(021) 7430-2120,1945-08-04,UJ744200,54,TUDO_AZUL,94087
Luiza,Guerra,luiza.guerra3925@uol.com.br,(021) 7395-8948,1952-01-02,ZK449938,614,SMILES,392407
Samuel,Cassiano,samuel.cassiano3926@icloud.com,41 4641 2663,1987-10-04,MC987752,539,EXECUTIVE_CLUB,369002
Benjamin,Fernandes,benjamin.fernandes3927@outlook.com.br,+55 21 2823-3177,1974-11-04,PE232102,220,,331684
Maya,da Conceição,maya.daconceição3928@outlook.com.br,(021) 9335 4681,1990-12-20,LU345238,759,SMILES,117452
Maria Júlia,Ramos,mariajúlia.ramos3929@terra.com.br,(081) 7958 7806,1996-08-01,HN603808,594,EXECUTIVE_CLUB,128042
Gabriela,Montenegro,gabriela.montenegro3930@outlook.com.br,+55 (071) 9685 0756,1966-02-23,FQ805044,582,LATAM_PASS,203309
Larissa,Costela,larissa.costela3931@icloud.com,+55 (051) 3388-4101,1967-02-06,NY185574,134,MILEAGE_PLUS,428466
Maria Helena,Oliveira,mariahelena.oliveira3932@terra.com.br,+55 (011) 4956 6035,1976-11-20,UQ949054,111,LATAM_PASS,328727
Letícia,Sampaio,letícia.sampaio3933@yahoo.com.br,+55 (071) 8025-5578,2000-12-11,XR292227,670,SKYWARDS,301093
Erick,Mendes,erick.mendes3934@bol.com.br,71 3295 1467,2001-01-29,WX301837,742,TUDO_AZUL,288289
Ana Luiza,Marques,analuiza.marques3935@gmail.com,+55 (021) 3756-1904,1984-10-18,XV321445,164,AADVANTAGE,168586
Léo,da Mota,léo.damota3936@bol.com.br,71 2416 7497,1983-10-17,OU405508,302,SKYWARDS,175818
Yuri,Moura,yuri.moura3937@terra.com.br,81 3960-4831,1993-08-04,UN708385,244,AADVANTAGE,280631
Olivia,Carvalho,olivia.carvalho3938@hotmail.com,+55 51 8148 5061,1997-08-13,HL362668,80,SMILES,372354
Luna,Pacheco,luna.pacheco3939@outlook.com.br,+55 61 4060-8824,1957-05-03,GF869830,447,FLYING_BLUE,290023
Maria Isis,Rios,mariaisis.rios3940@yahoo.com.br,+55 (011) 2978-3099,1984-11-17,RO993003,939,ASIA_MILES,221847
Enzo,Machado,enzo.machado3941@yahoo.com.br,+55 (061) 9398-9085,1986-09-11,WN223169,128,MILES_AND_GO,1034
Cecilia,Câmara,cecilia.câmara3942@yahoo.com.br,11 7705-5037,1973-01-12,DZ363944,291,SKYWARDS,151690
Fernando,Nascimento,fernando.nascimento3943@hotmail.com,0300-624-7665,1993-02-20,DB421558,957,EXECUTIVE_CLUB,460867
Anthony Gabriel,Fernandes,anthonygabriel.fernandes3944@uol.com.br,0300-757-4451,1958-08-17,XN656912,635,SMILES,223492
Daniel,Caldeira,daniel.caldeira3945@terra.com.br,84 4555-4562,1979-03-08,HO986747,407,MILEAGE_PLUS,36469
Paulo,Cavalcanti,paulo.cavalcanti3946@hotmail.com,0300 140 1864,1971-05-31,XI367033,966,,451642
Mateus,Silva,mateus.silva3947@terra.com.br,(071) 1617-0297,1989-06-27,QS156576,400,AADVANTAGE,304230
Luiz Henrique,Monteiro,luizhenrique.monteiro3948@yahoo.com.br,+55 84 9455 4697,1944-03-05,HO752497,232,SMILES,33114
Luiz Felipe,Lopes,luizfelipe.lopes3949@hotmail.com,+55 (011) 4483-9417,1958-05-29,GZ817257,940,,53137
Emanuella,Monteiro,emanuella.monteiro3950@yahoo.com.br,+55 (071) 8961 2694,1955-02-12,BK852435,801,FLYING_BLUE,56835
Yan,Gomes,yan.gomes3951@terra.com.br,21 1737 2342,2003-05-23,NY695541,746,ASIA_MILES,158848
Ravi Lucca,Montenegro,ravilucca.montenegro3952@yahoo.com.br,71 9256-5846,1954-03-08,HS191082,727,EXECUTIVE_CLUB,410892
Gabrielly,Silva,gabrielly.silva3953@uol.com.br,81 8287 4259,1973-03-22,XK904061,773,MILEAGE_PLUS,294094
Alana,Costa,alana.costa3954@live.com,+55 51 5918 1580,2002-03-24,NY595527,307,,286639
Melissa,Vargas,melissa.vargas3955@bol.com.br,0900 476 6273,1980-07-02,UJ570540,996,AADVANTAGE,272242
Yasmin,Martins,yasmin.martins3956@yahoo.com.br,81 8635-9221,1958-04-05,MX252413,853,,49038
Julia,Oliveira,julia.oliveira3957@uol.com.br,11 5361-4326,1955-09-15,QP446608,291,,412822
Ester,Cunha,ester.cunha3958@live.com,(011) 8824-0919,1998-08-28,AU550697,771,AADVANTAGE,254559
Vitor,Pires,vitor.pires3959@hotmail.com,+55 (041) 2954-7034,2007-08-13,AW258320,868,TUDO_AZUL,153929
Matheus,Viana,matheus.viana3960@hotmail.com,+55 (061) 6499-2898,1980-05-18,KR462275,158,FLYING_BLUE,259796
Lorenzo,Borges,lorenzo.borges3961@live.com,(011) 9459 8673,1957-07-06,YD954418,242,SMILES,340459
José,Sousa,josé.sousa3962@hotmail.com,+55 84 1961 8720,1947-09-18,LT887568,482,MILEAGE_PLUS,57069
Dante,Barbosa,dante.barbosa3963@gmail.com,0300-271-8229,1949-10-10,RU883989,39,LATAM_PASS,192097
Arthur,Pacheco,arthur.pacheco3964@bol.com.br,41 7507 5046,1958-05-17,VL230183,930,MILES_AND_GO,99627
Diego,Santos,diego.santos3965@yahoo.com.br,+55 81 4714 1167,2003-11-10,JD277889,202,,364090
Nicolas,Pimenta,nicolas.pimenta3966@outlook.com.br,(041) 5067 6146,1988-12-18,CL152874,693,MILES_AND_GO,129940
Henry,Brito,henry.brito3967@live.com,(061) 6969-3911,1993-05-15,PU608805,496,,358780
Bento,Pimenta,bento.pimenta3968@icloud.com,0300-839-7395,1993-01-09,ZI867336,813,FLYING_BLUE,463174
Leandro,Marques,leandro.marques3969@uol.com.br,81 7413 0450,1990-10-28,JZ556266,485,MILES_AND_GO,388619
Vicente,Marques,vicente.marques3970@bol.com.br,+55 84 2438-3739,1990-11-09,QT534258,742,SMILES,4329
André,Siqueira,andré.siqueira3971@gmail.com,(084) 1365-9106,2003-04-04,BG915754,129,SMILES,196853
Gustavo Henrique,Moura,gustavohenrique.moura3972@uol.com.br,(084) 4969 4471,1963-01-10,MH179461,829,,329756
André,Melo,andré.melo3973@yahoo.com.br,+55 41 5955-1072,1995-12-21,ZW598557,821,,244623
Bella,Santos,bella.santos3974@bol.com.br,31 7027 8929,1984-12-21,DV239044,807,TUDO_AZUL,458357
João Vitor,Camargo,joãovitor.camargo3975@bol.com.br,41 2289 8992,1971-06-08,ZR152132,305,,149035
Alana,Cavalcanti,alana.cavalcanti3976@icloud.com,+55 (081) 1084-6175,1941-06-25,EI984158,907,LATAM_PASS,199908
Luiz Henrique,Leão,luizhenrique.leão3977@terra.com.br,0900 387 8885,1979-03-01,NZ145696,770,,255417
Yasmin,Rezende,yasmin.rezende3978@yahoo.com.br,+55 71 8896 6727,1977-08-16,FT972652,736,ASIA_MILES,437683
Henry Gabriel,Moreira,henrygabriel.moreira3979@terra.com.br,+55 (041) 8146 3580,1995-07-31,QZ717948,362,AADVANTAGE,100934
Ágatha,Albuquerque,ágatha.albuquerque3980@terra.com.br,(081) 9163-3928,1983-10-09,YJ444526,501,AADVANTAGE,208417
Lucas,Pimenta,lucas.pimenta3981@icloud.com,+55 11 8624 3801,1946-09-05,QZ336876,303,EXECUTIVE_CLUB,94381
Francisco,Silva,francisco.silva3982@icloud.com,+55 (071) 8650-3066,1943-11-13,UE568614,489,EXECUTIVE_CLUB,313964
Jade,Rezende,jade.rezende3983@terra.com.br,(081) 7518 4238,1984-11-12,GI650414,258,,119898
Enzo Gabriel,das Neves,enzogabriel.dasneves3984@gmail.com,71 6632 2581,1941-05-15,GG303855,413,TUDO_AZUL,494641
Luiza,Abreu,luiza.abreu3985@yahoo.com.br,+55 (021) 3779-9450,2004-09-15,IY633083,996,ASIA_MILES,26755
Eloá,da Cunha,eloá.dacunha3986@terra.com.br,+55 (021) 2498-6794,1951-10-04,ZA120904,844,LATAM_PASS,498219
Liam,Casa Grande,liam.casagrande3987@gmail.com,21 5927-7513,1965-01-06,TA704628,958,MILES_AND_GO,292284
Anthony Gabriel,Ramos,anthonygabriel.ramos3988@uol.com.br,(084) 3297-2914,1986-05-04,PZ781309,417,,346088
Davi,Vasconcelos,davi.vasconcelos3989@yahoo.com.br,+55 (021) 6808-1463,1985-11-11,UC758515,678,,162467
Aurora,Farias,aurora.farias3990@gmail.com,61 6654 0791,2000-07-12,OG318767,187,,65815
Rodrigo,Vargas,rodrigo.vargas3991@live.com,+55 (041) 5711 3272,2005-02-06,BV519266,761,,104840
Ravi Lucca,Dias,ravilucca.dias3992@outlook.com.br,81 2578 3216,2003-01-08,UH700275,625,AADVANTAGE,345870
Sarah,da Paz,sarah.dapaz3993@bol.com.br,61 5520 1332,1964-02-29,HI210213,8,MILES_AND_GO,415516
André,Fonseca,andré.fonseca3994@live.com,+55 (084) 7194-0207,1992-10-28,YX882650,266,,458534
Henry Gabriel,Cavalcanti,henrygabriel.cavalcanti3995@live.com,(071) 7191-0164,1997-03-08,LL826210,739,AADVANTAGE,29247
Heloisa,Aparecida,heloisa.aparecida3996@icloud.com,61 2192-7265,1950-01-27,DI453440,210,SMILES,354970
Maria Clara,Farias,mariaclara.farias3997@terra.com.br,0800-327-6733,1952-03-10,ZP795437,769,,331564
Bruno,Castro,bruno.castro3998@yahoo.com.br,+55 (071) 0848-5111,1979-01-22,GY154025,31,TUDO_AZUL,70430
Isis,Alves,isis.alves3999@icloud.com,41 6216-4942,1990-10-11,ZS103626,56,,231053
Arthur Miguel,Casa Grande,arthurmiguel.casagrande4000@live.com,41 1832-5244,1997-08-20,OH602805,676,,418312
Stella,Viana,stella.viana4001@terra.com.br,+55 (084) 1726-8215,2007-12-25,NK491364,378,SMILES,398242
Brenda,Jesus,brenda.jesus4002@live.com,+55 31 9201 2484,2007-09-17,JJ866746,875,,491349
Ana Laura,Camargo,analaura.camargo4003@live.com,11 4439 6189,1944-10-09,MY294048,177,SMILES,398767
Benjamim,Mendonça,benjamim.mendonça4004@icloud.com,+55 (084) 5234 9937,1953-05-17,VG519271,617,ASIA_MILES,493502
João Lucas,Jesus,joãolucas.jesus4005@terra.com.br,0500 132 0585,1947-02-23,SK596956,734,AADVANTAGE,128656
Paulo,Teixeira,paulo.teixeira4006@live.com,51 5804 8276,1958-04-03,QB772193,184,ASIA_MILES,306375
Allana,Casa Grande,allana.casagrande4007@uol.com.br,+55 (071) 6939-0914,1985-02-01,SD855791,807,,97433
Maria Flor,Cavalcanti,mariaflor.cavalcanti4008@gmail.com,84 0912-5737,1941-02-23,UA236600,535,SMILES,84361
Sophie,Cavalcante,sophie.cavalcante4009@hotmail.com,(071) 6733 8066,1943-07-09,CH280465,701,MILEAGE_PLUS,143742
Bianca,Cardoso,bianca.cardoso4010@terra.com.br,(071) 0553-4353,1968-06-11,WA183953,743,LATAM_PASS,206327
Eloá,Guerra,eloá.guerra4011@terra.com.br,+55 84 6715 3455,1944-07-06,NE638749,633,,78970
Maria Luísa,Viana,marialuísa.viana4012@bol.com.br,(021) 4992 7110,1940-11-22,OS777929,702,MILES_AND_GO,372056
Olivia,Viana,olivia.viana4013@uol.com.br,0300 087 9804,1973-03-18,BR197862,816,,355291
Davi Lucca,Ribeiro,davilucca.ribeiro4014@icloud.com,21 6738 5648,1968-05-01,LK470688,33,FLYING_BLUE,290872
Ágatha,Araújo,ágatha.araújo4015@gmail.com,+55 71 2539 0532,2007-11-01,YN200792,807,,130334
Henry,Fogaça,henry.fogaça4016@outlook.com.br,84 0402 4517,1953-09-21,VB655913,335,EXECUTIVE_CLUB,370090
Enzo Gabriel,Pastor,enzogabriel.pastor4017@bol.com.br,+55 84 5283-1533,1979-03-07,XX478403,21,,28172
Milena,Peixoto,milena.peixoto4018@outlook.com.br,+55 51 0528 2275,1941-03-06,DV568725,437,,301680
Murilo,da Mota,murilo.damota4019@terra.com.br,41 7567-4436,1996-06-28,FB828668,888,ASIA_MILES,324906
Oliver,Castro,oliver.castro4020@yahoo.com.br,(061) 0324 6778,1995-04-15,ZX146813,475,TUDO_AZUL,471091
Josué,Monteiro,josué.monteiro4021@uol.com.br,+55 81 2657 1141,1988-07-07,YO671926,944,SMILES,473283
Olívia,Mendes,olívia.mendes4022@uol.com.br,(021) 7778 4265,1996-05-30,TX113341,837,,266259
Maria Eduarda,Pereira,mariaeduarda.pereira4023@icloud.com,(041) 3620 1711,1999-09-12,ZL248818,350,,296082
Dom,da Cunha,dom.dacunha4024@yahoo.com.br,+55 (081) 8183 7260,1957-03-27,JN307284,38,,277669
Ravi Lucca,Silveira,ravilucca.silveira4025@bol.com.br,+55 (081) 1789-0236,1967-08-14,SN419537,447,ASIA_MILES,197688
Mariane,da Cruz,mariane.dacruz4026@outlook.com.br,+55 21 6996-9178,1994-12-28,FJ989109,193,,145308
Manuella,Souza,manuella.souza4027@gmail.com,+55 51 7453 8832,1941-08-03,DH377380,636,ASIA_MILES,317652
Kevin,Borges,kevin.borges4028@live.com,(041) 0282 3164,1998-10-21,XE452242,367,SKYWARDS,307203
Thales,Alves,thales.alves4029@uol.com.br,0500 018 1810,1964-05-06,LS488267,887,TUDO_AZUL,294637
Liam,Campos,liam.campos4030@gmail.com,+55 (081) 2538 1204,1964-03-14,TZ263648,94,MILEAGE_PLUS,380083
Allana,Leão,allana.leão4031@live.com,0500-559-3665,1995-08-04,PE236516,902,,389577
Vicente,Fogaça,vicente.fogaça4032@terra.com.br,+55 (041) 1808-5954,2001-04-26,HJ132516,183,,423523
Vinícius,Moreira,vinícius.moreira4033@outlook.com.br,(031) 8718 3295,1956-06-24,RO717725,675,AADVANTAGE,240236
Bernardo,Gonçalves,bernardo.gonçalves4034@gmail.com,61 1099-8452,2003-04-17,GN350714,817,,437377
Maria Liz,Leão,marializ.leão4035@hotmail.com,71 8024-2743,1981-07-17,OK734191,584,AADVANTAGE,115530
Yan,Barros,yan.barros4036@icloud.com,+55 71 2435-0481,1998-12-11,EI888811,759,MILEAGE_PLUS,201539
Ana,Nogueira,ana.nogueira4037@terra.com.br,0300-683-1859,1956-03-24,RS935424,412,FLYING_BLUE,199696
Lucca,da Mota,lucca.damota4038@uol.com.br,(061) 3725-7730,1959-06-01,WY176246,890,MILES_AND_GO,213216
Luiza,da Conceição,luiza.daconceição4039@icloud.com,21 6190 8063,1965-11-05,CO337621,417,,430681
Ana Laura,Castro,analaura.castro4040@terra.com.br,(071) 9772-6257,1977-09-21,SW528352,346,SKYWARDS,28918
Kamilly,Cassiano,kamilly.cassiano4041@yahoo.com.br,11 8248-9182,1979-01-13,UG437302,441,,465761
Ana Clara,Duarte,anaclara.duarte4042@terra.com.br,(031) 2420-0929,1955-11-18,QO887158,307,,70223
Júlia,Pires,júlia.pires4043@terra.com.br,61 0707-7188,1951-01-10,TC246164,596,,401677
Francisco,Fernandes,francisco.fernandes4044@icloud.com,71 2279-3562,1961-11-13,GA405790,203,LATAM_PASS,42643
Bruna,Fogaça,bruna.fogaça4045@hotmail.com,(071) 4349 6709,1969-02-02,VW342680,34,LATAM_PASS,76295
Mariane,da Conceição,mariane.daconceição4046@icloud.com,+55 (084) 9112-8110,1981-10-04,YC930334,910,AADVANTAGE,190898
Henry,Novais,henry.novais4047@gmail.com,+55 31 3805 2063,1995-09-05,BB222135,485,,408817
Carolina,Monteiro,carolina.monteiro4048@yahoo.com.br,+55 81 3440-4890,1985-04-30,SF244889,334,,449033
Luiz Henrique,Borges,luizhenrique.borges4049@live.com,(031) 2074-4722,1997-03-11,XN534156,668,SKYWARDS,40093
Maria Júlia,Lopes,mariajúlia.lopes4050@bol.com.br,0500 117 2283,1957-04-14,QP926422,272,TUDO_AZUL,316364
Maitê,Duarte,maitê.duarte4051@hotmail.com,61 2870-4859,1979-10-28,IW949255,812,,498189
Cecilia,Pereira,cecilia.pereira4052@uol.com.br,0300 787 2619,1976-04-11,RZ949448,562,SMILES,199014
Luana,Pacheco,luana.pacheco4053@live.com,+55 11 6877 5411,1990-11-18,IU900736,777,,405512
Pietra,da Rocha,pietra.darocha4054@live.com,+55 (041) 9749-4979,1967-05-24,BM644468,783,AADVANTAGE,286599
Francisco,Guerra,francisco.guerra4055@hotmail.com,+55 21 0276 3090,1973-04-16,AV761300,393,,312515
Henry Gabriel,Teixeira,henrygabriel.teixeira4056@terra.com.br,+55 21 0452-3191,1973-08-08,RY380415,243,SKYWARDS,334811
Murilo,da Cunha,murilo.dacunha4057@uol.com.br,(084) 5746-7665,1989-12-18,SL731699,876,FLYING_BLUE,312418
Ana Clara,Casa Grande,anaclara.casagrande4058@gmail.com,0500-866-6450,2000-10-04,LQ906142,171,,440235
Luna,Andrade,luna.andrade4059@live.com,+55 61 8144 2102,1953-10-18,HE964389,306,FLYING_BLUE,36113
Alexandre,Pastor,alexandre.pastor4060@gmail.com,+55 31 6744 3619,2006-08-20,CI557829,129,,432168
Rael,Duarte,rael.duarte4061@uol.com.br,(061) 8240 6858,1975-12-20,OP251431,851,SMILES,286235
Oliver,Sales,oliver.sales4062@icloud.com,+55 31 3524 6247,1990-03-07,VB580188,664,ASIA_MILES,423930
Bruno,Cirino,bruno.cirino4063@hotmail.com,(081) 7025-3836,1986-06-07,JR936443,202,AADVANTAGE,193725
Maysa,Vasconcelos,maysa.vasconcelos4064@live.com,+55 41 0992 2089,1980-09-27,GR182326,16,MILEAGE_PLUS,226205
Isabel,Oliveira,isabel.oliveira4065@terra.com.br,+55 (031) 5174-9145,1974-12-21,MC285968,568,,54835
Emanuelly,Oliveira,emanuelly.oliveira4066@yahoo.com.br,+55 (071) 4605-8119,1964-09-20,MI228194,228,TUDO_AZUL,456369
Ana Sophia,Carvalho,anasophia.carvalho4067@uol.com.br,81 1377 5342,1989-09-04,WA695342,714,,425120
Théo,Fogaça,théo.fogaça4068@hotmail.com,11 3685 8643,1950-07-09,MG763725,798,AADVANTAGE,284962
Matheus,Camargo,matheus.camargo4069@hotmail.com,31 9392 0770,1958-08-21,WY578387,989,,301303
Sarah,Vieira,sarah.vieira4070@uol.com.br,21 4063 5160,1981-04-15,EC249551,633,AADVANTAGE,322223
Nicole,das Neves,nicole.dasneves4071@hotmail.com,+55 61 5483-0386,1983-09-29,CN114661,857,MILES_AND_GO,438090
Davi,Sousa,davi.sousa4072@outlook.com.br,31 1281 2184,1962-07-03,ST675105,834,ASIA_MILES,348959
Danilo,Mendonça,danilo.mendonça4073@outlook.com.br,11 3904-9078,1968-01-04,RT993576,28,AADVANTAGE,337131
Luiz Gustavo,das Neves,luizgustavo.dasneves4074@uol.com.br,71 1606 3025,1953-08-16,FD454351,137,AADVANTAGE,379083
Renan,Gomes,renan.gomes4075@outlook.com.br,81 2406-3834,1994-03-19,PJ217670,627,TUDO_AZUL,78900
Luara,Lima,luara.lima4076@hotmail.com,(084) 4953-8767,1947-09-28,ZY707451,84,AADVANTAGE,102869
Rebeca,Peixoto,rebeca.peixoto4077@live.com,81 4433 1254,1983-05-01,ZI755404,445,LATAM_PASS,321892
Mariana,Rocha,mariana.rocha4078@terra.com.br,+55 (031) 8007 9376,1966-04-27,CT933127,550,FLYING_BLUE,276118
Lucca,Cirino,lucca.cirino4079@bol.com.br,(041) 1981 0250,1948-10-12,OK685614,136,,233828
Marina,Viana,marina.viana4080@icloud.com,(061) 3733 5020,1993-11-09,GK820600,422,TUDO_AZUL,107315
Luana,Mendes,luana.mendes4081@yahoo.com.br,+55 (081) 8278-1469,1997-02-26,FM217276,33,SMILES,95255
Hellena,Vasconcelos,hellena.vasconcelos4082@live.com,(071) 1498-3864,1966-02-04,PB310614,125,,464637
Zoe,Vieira,zoe.vieira4083@live.com,21 7381-2946,1975-11-09,JY415055,768,TUDO_AZUL,180498
Emilly,Mendonça,emilly.mendonça4084@outlook.com.br,+55 (051) 2491 2469,2003-07-19,YW215267,59,,57401
Augusto,Castro,augusto.castro4085@terra.com.br,41 8166 4017,1981-04-22,VC146493,834,ASIA_MILES,396244
Vitor,Novaes,vitor.novaes4086@gmail.com,0900 013 0287,2002-12-11,AY103185,895,AADVANTAGE,108433
Nicole,Câmara,nicole.câmara4087@uol.com.br,+55 (081) 6714 6703,1951-05-17,UO150985,823,,392060
Francisco,Cardoso,francisco.cardoso4088@icloud.com,0300-132-1475,1968-05-13,SQ800626,391,,488481
Lucas,Ferreira,lucas.ferreira4089@yahoo.com.br,31 4386-3222,1987-08-25,VD904599,491,TUDO_AZUL,376321
Diego,Mendes,diego.mendes4090@gmail.com,(084) 0757 8047,1985-12-26,TF911915,558,EXECUTIVE_CLUB,112130
Vitor Hugo,Azevedo,vitorhugo.azevedo4091@yahoo.com.br,41 4288 7970,1993-03-30,EE784899,594,EXECUTIVE_CLUB,130940
Emilly,Sousa,emilly.sousa4092@uol.com.br,84 8667 9016,1950-03-06,YP410089,431,LATAM_PASS,90166
Pietra,Sampaio,pietra.sampaio4093@outlook.com.br,+55 51 8147 6222,1987-06-09,FA583784,55,FLYING_BLUE,107372
Erick,da Luz,erick.daluz4094@live.com,+55 21 1952 6653,1986-03-23,CT612349,67,FLYING_BLUE,169651
Murilo,Alves,murilo.alves4095@outlook.com.br,(031) 7395-4475,1996-01-19,WO516124,188,EXECUTIVE_CLUB,113115
Daniela,Lima,daniela.lima4096@icloud.com,+55 84 5427 7185,1986-02-12,OT496617,507,AADVANTAGE,483523
Ana Sophia,Barbosa,anasophia.barbosa4097@outlook.com.br,(061) 7001-8484,1976-09-11,MM331098,719,FLYING_BLUE,207010
Elisa,Lopes,elisa.lopes4098@bol.com.br,41 0356-7611,2004-04-24,HX999109,972,FLYING_BLUE,104770
Cecilia,Leão,cecilia.leão4099@bol.com.br,+55 (081) 5873 4222,2000-03-17,YG941599,872,AADVANTAGE,133106
Elisa,Correia,elisa.correia4100@icloud.com,+55 61 8173 1430,1967-01-18,OE899975,754,SKYWARDS,16032
Bernardo,Siqueira,bernardo.siqueira4101@yahoo.com.br,71 8183 6912,1943-11-02,CQ728205,69,AADVANTAGE,326880
Theodoro,Moreira,theodoro.moreira4102@live.com,+55 41 3738 8724,1994-05-26,WT204329,9,EXECUTIVE_CLUB,359866
Caleb,Sá,caleb.sá4103@gmail.com,+55 84 4324 0504,1994-02-03,KN882535,768,,280293
Erick,Brito,erick.brito4104@uol.com.br,61 0818-1379,1994-03-28,YQ500054,942,LATAM_PASS,172842
Maria Flor,Rodrigues,mariaflor.rodrigues4105@yahoo.com.br,+55 84 1742-2654,2004-05-20,LL935244,198,AADVANTAGE,489889
Sophie,Fernandes,sophie.fernandes4106@hotmail.com,+55 (071) 1021 1334,1998-04-25,CX348742,332,,382782
Bruno,Machado,bruno.machado4107@icloud.com,+55 71 2663-2759,1944-09-19,SF162470,472,MILEAGE_PLUS,217226
Marcos Vinicius,da Luz,marcosvinicius.daluz4108@icloud.com,(061) 5355 9787,1972-08-31,PT645567,711,EXECUTIVE_CLUB,327317
Luiza,da Cruz,luiza.dacruz4109@yahoo.com.br,+55 41 8664-2974,2001-05-10,SN632671,263,TUDO_AZUL,424784
Leonardo,Cassiano,leonardo.cassiano4110@bol.com.br,+55 31 7539 6775,1961-07-28,PK884735,941,EXECUTIVE_CLUB,413087
Pedro Lucas,Jesus,pedrolucas.jesus4111@yahoo.com.br,+55 71 0273 5810,1998-09-29,JV761849,398,,205826
Lunna,Sales,lunna.sales4112@gmail.com,(021) 7567 0770,1950-08-03,UE306692,312,SKYWARDS,313853
Léo,Vasconcelos,léo.vasconcelos4113@hotmail.com,(081) 4550-1482,1958-04-19,MZ291071,137,FLYING_BLUE,285489
Noah,da Mota,noah.damota4114@live.com,0500-931-8457,1992-06-09,PM186078,792,EXECUTIVE_CLUB,366173
Aylla,da Paz,aylla.dapaz4115@uol.com.br,(041) 0678-3676,1946-05-09,PA467902,489,SMILES,275132
Arthur Gabriel,Rodrigues,arthurgabriel.rodrigues4116@outlook.com.br,(011) 8799-2863,1979-05-03,DB707512,77,MILES_AND_GO,158870
Cauã,Nascimento,cauã.nascimento4117@yahoo.com.br,+55 21 9005-4316,1962-04-29,ZG947117,311,TUDO_AZUL,306682
Lívia,Sales,lívia.sales4118@gmail.com,+55 (071) 4922 2406,1958-10-03,NN424562,217,LATAM_PASS,80423
Luara,Silva,luara.silva4119@outlook.com.br,71 4064 6278,1941-10-24,DQ770729,557,AADVANTAGE,58883
Laís,Jesus,laís.jesus4120@uol.com.br,+55 (021) 0331 3758,1975-07-14,QE191151,759,,211727
Maria Cecília,Montenegro,mariacecília.montenegro4121@gmail.com,(041) 6775-8313,1971-10-20,IY254084,50,SMILES,26930
Francisco,Casa Grande,francisco.casagrande4122@live.com,21 5296 4893,1975-02-25,TA716703,552,FLYING_BLUE,352297
Ísis,Montenegro,ísis.montenegro4123@outlook.com.br,+55 71 1395 5434,2007-10-06,VR499043,816,ASIA_MILES,231253
Danilo,Duarte,danilo.duarte4124@bol.com.br,+55 21 6255 8081,2000-06-18,FR938795,5,ASIA_MILES,311372
Maya,Sampaio,maya.sampaio4125@icloud.com,0300-772-8873,1967-09-11,LO653728,702,LATAM_PASS,407654
Luana,Alves,luana.alves4126@terra.com.br,+55 11 0353 5839,1947-08-05,XZ122298,102,SMILES,124511
Beatriz,Carvalho,beatriz.carvalho4127@terra.com.br,+55 (081) 0096 3180,1974-07-24,LH165201,269,EXECUTIVE_CLUB,135257
Benício,Oliveira,benício.oliveira4128@icloud.com,71 3316 6593,1989-08-27,PN721515,511,,99556
Marcela,Cunha,marcela.cunha4129@terra.com.br,+55 31 0380 0619,1943-11-08,TP230493,876,MILEAGE_PLUS,152993
Bruna,Montenegro,bruna.montenegro4130@live.com,+55 (011) 1924 4189,1953-12-23,PT932314,740,ASIA_MILES,4713
Levi,da Costa,levi.dacosta4131@bol.com.br,+55 (051) 2247-1551,1976-09-04,TP398911,146,,372327
Antonella,Borges,antonella.borges4132@terra.com.br,+55 (031) 8548-9598,2000-09-18,EH478708,37,TUDO_AZUL,298338
Lunna,Siqueira,lunna.siqueira4133@hotmail.com,0900-690-2138,1946-06-20,DG758637,640,MILES_AND_GO,342075
Lavínia,Nogueira,lavínia.nogueira4134@outlook.com.br,+55 (084) 1839 4975,1995-03-09,VB295787,818,,113822
João Vitor,Sousa,joãovitor.sousa4135@live.com,+55 41 2904 2408,2005-11-21,SF843315,834,ASIA_MILES,36001
Luiz Fernando,Monteiro,luizfernando.monteiro4136@bol.com.br,+55 51 9816 4433,1966-06-06,JS549277,475,MILES_AND_GO,479105
Maria Júlia,Costa,mariajúlia.costa4137@gmail.com,+55 (071) 0906 2991,1981-09-30,GC143428,413,SMILES,6772
Rael,Pereira,rael.pereira4138@gmail.com,+55 41 0406 3314,1958-01-25,SZ956510,407,TUDO_AZUL,46588
Maria Flor,Gonçalves,mariaflor.gonçalves4139@live.com,+55 (031) 0916 4619,1954-03-17,LS785757,656,SKYWARDS,396655
Dom,Dias,dom.dias4140@icloud.com,11 3089 6746,1987-08-21,RB436252,531,MILEAGE_PLUS,415733
Ryan,Barbosa,ryan.barbosa4141@bol.com.br,+55 (021) 3621-9036,1963-10-15,WV716102,109,,323030
Dom,Silva,dom.silva4142@outlook.com.br,(071) 4384 4126,2003-12-21,KM352387,587,,419134
Rael,Castro,rael.castro4143@outlook.com.br,+55 31 7634-5962,1952-10-17,GZ766774,841,EXECUTIVE_CLUB,343946
Luana,Costela,luana.costela4144@terra.com.br,+55 (084) 5227-7480,1998-05-15,NK212283,401,SMILES,134620
Maria Vitória,Lima,mariavitória.lima4145@outlook.com.br,+55 (061) 9654 5925,1968-07-07,RU523374,592,,59423
Vitor,da Paz,vitor.dapaz4146@terra.com.br,+55 (084) 7642 4932,1990-08-26,FT154242,439,AADVANTAGE,492221
Maria Luiza,da Costa,marialuiza.dacosta4147@icloud.com,61 8761-0059,1957-11-27,WR287063,555,TUDO_AZUL,58844
Theodoro,Nascimento,theodoro.nascimento4148@yahoo.com.br,(071) 0690-8713,2005-02-03,DH469753,984,ASIA_MILES,64154
Felipe,Souza,felipe.souza4149@live.com,31 5802-0820,1951-01-15,UM210580,199,MILEAGE_PLUS,435202
Isis,da Rocha,isis.darocha4150@outlook.com.br,+55 (031) 2883 6857,2003-06-30,YL613101,16,AADVANTAGE,399720
Sophie,Jesus,sophie.jesus4151@gmail.com,+55 31 5804 3939,1989-09-28,SJ829626,562,TUDO_AZUL,360626
Sophia,Novaes,sophia.novaes4152@hotmail.com,31 6967-5044,1984-10-28,ZT274458,627,EXECUTIVE_CLUB,134483
Laura,da Mata,laura.damata4153@uol.com.br,+55 (071) 7720 7802,1988-09-09,OR303652,351,SMILES,55183
Zoe,Castro,zoe.castro4154@live.com,+55 21 9809-9889,1990-08-19,NS337486,618,,447952
Brenda,Câmara,brenda.câmara4155@live.com,(041) 7693 0451,1971-08-03,HG942335,664,MILEAGE_PLUS,53204
Brayan,Silva,brayan.silva4156@terra.com.br,+55 11 7849-8600,1976-11-22,KS148219,975,FLYING_BLUE,94672
Evelyn,da Rosa,evelyn.darosa4157@yahoo.com.br,+55 11 8868 9055,1964-11-26,NN776893,664,,349752
Arthur Gabriel,Mendonça,arthurgabriel.mendonça4158@live.com,71 4399-5091,1975-02-13,XX602015,72,MILEAGE_PLUS,71590
Sophia,Barros,sophia.barros4159@bol.com.br,51 3502 6528,1982-02-16,VK504962,157,MILEAGE_PLUS,458252
Maria Luiza,Oliveira,marialuiza.oliveira4160@gmail.com,(061) 9730 7778,2000-01-26,NX473661,492,EXECUTIVE_CLUB,454001
Henry,Aragão,henry.aragão4161@icloud.com,81 1305-7541,1990-12-23,DM486692,472,,147714
Asafe,Albuquerque,asafe.albuquerque4162@uol.com.br,81 9962 1392,1947-01-31,ZL938628,957,EXECUTIVE_CLUB,11499
Matteo,Nascimento,matteo.nascimento4163@hotmail.com,21 1424 3294,1967-10-13,EQ771829,134,SKYWARDS,24184
Liam,Porto,liam.porto4164@yahoo.com.br,(041) 0645 3384,1976-01-15,XU243694,704,,53216
Eloah,Castro,eloah.castro4165@bol.com.br,0500-941-9735,1970-12-29,BC720939,788,,91992
Maitê,Caldeira,maitê.caldeira4166@icloud.com,+55 (061) 8533-2319,1977-06-01,GX588103,49,TUDO_AZUL,471034
Cecília,Campos,cecília.campos4167@yahoo.com.br,(071) 4878 9708,1947-02-11,NM700150,691,LATAM_PASS,454798
Lívia,das Neves,lívia.dasneves4168@outlook.com.br,+55 71 0906-1435,1973-08-17,TD482990,499,TUDO_AZUL,204704
Gabrielly,Rocha,gabrielly.rocha4169@uol.com.br,+55 (084) 0823 2111,1997-08-05,KF796221,655,,413196
Brenda,Albuquerque,brenda.albuquerque4170@icloud.com,+55 (061) 4861-1416,2007-08-29,DW317440,446,AADVANTAGE,358126
Pedro Henrique,Fogaça,pedrohenrique.fogaça4171@terra.com.br,(084) 7884 1457,1994-11-24,WF871394,270,MILES_AND_GO,297825
Allana,Mendes,allana.mendes4172@uol.com.br,(084) 8785 7671,1963-10-30,JG923626,943,AADVANTAGE,224163
Helena,Câmara,helena.câmara4173@bol.com.br,+55 81 7798-7331,2000-08-19,UR786580,260,,10456
Enzo,Oliveira,enzo.oliveira4174@live.com,(084) 7530 4537,2000-06-24,BM901712,723,,401770
Cauã,Monteiro,cauã.monteiro4175@bol.com.br,11 1314-3969,2002-02-18,LW665177,390,LATAM_PASS,176423
Kevin,Jesus,kevin.jesus4176@hotmail.com,+55 81 8279 3075,1979-01-13,QI904865,236,AADVANTAGE,293477
Caleb,da Luz,caleb.daluz4177@live.com,(061) 0974-1417,1963-02-13,UV222887,315,ASIA_MILES,443946
Ana Liz,Duarte,analiz.duarte4178@gmail.com,+55 41 5959 3185,1947-01-23,CV628440,816,EXECUTIVE_CLUB,332993
Maria Sophia,Teixeira,mariasophia.teixeira4179@hotmail.com,(031) 5164-4785,1980-12-16,EJ315491,942,MILEAGE_PLUS,417653
Ágatha,Oliveira,ágatha.oliveira4180@bol.com.br,+55 61 3976-2108,1989-12-01,XW608250,364,,497820
Mariah,da Luz,mariah.daluz4181@icloud.com,11 4208 4813,2005-07-18,VR136562,45,MILEAGE_PLUS,216164
Brenda,Caldeira,brenda.caldeira4182@gmail.com,(084) 7186-7308,1959-07-24,FF611748,508,LATAM_PASS,361774
Elisa,Souza,elisa.souza4183@outlook.com.br,41 2392 4151,1952-05-13,ED111045,170,SMILES,339957
Rodrigo,da Paz,rodrigo.dapaz4184@gmail.com,(061) 4971-3641,1946-02-02,PJ356589,721,TUDO_AZUL,410036
José Miguel,Duarte,josémiguel.duarte4185@bol.com.br,41 9508-1648,1948-06-17,CB458432,444,ASIA_MILES,369619
Maria Luiza,Sales,marialuiza.sales4186@live.com,0300-786-5179,1954-02-25,BD916256,454,LATAM_PASS,209181
Oliver,Novais,oliver.novais4187@terra.com.br,+55 84 5274 7046,2003-07-26,IL385366,298,LATAM_PASS,49366
Bella,Machado,bella.machado4188@hotmail.com,(051) 3771-5787,1983-09-30,WF898708,974,AADVANTAGE,37073
Luiz Henrique,Nunes,luizhenrique.nunes4189@uol.com.br,61 0898 1920,1940-07-25,OG921113,953,,374416
Mateus,Montenegro,mateus.montenegro4190@yahoo.com.br,(011) 3553-2587,1979-10-26,YQ776642,285,LATAM_PASS,338319
Ágatha,Moreira,ágatha.moreira4191@live.com,+55 84 2124 4641,1941-06-07,PL131198,674,TUDO_AZUL,419596
Laís,Vargas,laís.vargas4192@hotmail.com,41 6945 9483,1985-03-13,EP671118,230,,54279
Bento,Mendes,bento.mendes4193@bol.com.br,+55 11 9914-5422,1946-06-19,DM702472,350,TUDO_AZUL,130179
Nina,Pacheco,nina.pacheco4194@live.com,+55 (084) 4762-9611,1958-06-27,LX842233,618,,372349
Lunna,Campos,lunna.campos4195@uol.com.br,61 0838 9216,1982-03-06,GS279165,672,TUDO_AZUL,28855
Liz,Siqueira,liz.siqueira4196@yahoo.com.br,+55 81 4165 6738,1988-08-13,SB336360,166,SKYWARDS,32589
Liz,Novaes,liz.novaes4197@gmail.com,(021) 1062-1756,1962-08-23,XA574123,169,,397975
Marcelo,Lima,marcelo.lima4198@yahoo.com.br,+55 21 8331-2467,1954-06-22,VD239283,105,EXECUTIVE_CLUB,478891
Fernanda,Monteiro,fernanda.monteiro4199@live.com,+55 (071) 7988-9008,1990-03-15,OR885106,992,,428649
Ana Júlia,Santos,anajúlia.santos4200@uol.com.br,+55 84 8515-9698,1975-05-08,KJ776869,179,FLYING_BLUE,547
Gustavo,Costela,gustavo.costela4201@yahoo.com.br,+55 (084) 2495 4329,1951-10-09,FA717686,913,SKYWARDS,170226
Benicio,Correia,benicio.correia4202@yahoo.com.br,+55 11 6144-3805,1963-02-24,KO365237,715,MILEAGE_PLUS,103274
Diego,Duarte,diego.duarte4203@icloud.com,(071) 2778 3404,1980-09-30,TS122014,782,SKYWARDS,399926
Julia,Leão,julia.leão4204@terra.com.br,(011) 6382 8232,1944-04-03,HX337356,116,,223150
Júlia,Leão,júlia.leão4205@icloud.com,81 6631-5271,1943-01-23,RE129373,469,FLYING_BLUE,273795
Lívia,Macedo,lívia.macedo4206@outlook.com.br,(011) 6620 3566,1971-04-28,LF939090,462,AADVANTAGE,130375
Davi,Nunes,davi.nunes4207@bol.com.br,41 9789 5500,1959-01-01,EX139167,402,,52075
Thomas,Melo,thomas.melo4208@outlook.com.br,+55 (021) 6257-8976,1999-06-01,GJ980826,124,,317669
Isaque,Porto,isaque.porto4209@outlook.com.br,84 2968-9819,1984-05-05,FW579922,111,MILES_AND_GO,115457
João Miguel,Nogueira,joãomiguel.nogueira4210@hotmail.com,21 7176-8215,1940-08-21,SO793953,266,,177622
Isabela,Duarte,isabela.duarte4211@icloud.com,41 8022 6347,1977-09-06,BF223593,922,SKYWARDS,188770
Heitor,da Mota,heitor.damota4212@hotmail.com,+55 21 3631 7762,1989-07-14,HD194779,378,ASIA_MILES,248337
Hellena,Abreu,hellena.abreu4213@hotmail.com,41 3578-4170,2003-02-20,JT593729,569,,228338
Stephany,Mendes,stephany.mendes4214@gmail.com,+55 71 5065-8046,1945-02-10,ZW768833,426,SKYWARDS,104369
Antonella,Melo,antonella.melo4215@terra.com.br,31 5266 6641,2007-09-13,TD323780,190,,210048
Beatriz,Fogaça,beatriz.fogaça4216@live.com,0300-919-0798,1941-06-07,CJ484155,346,SMILES,314418
Alana,Ferreira,alana.ferreira4217@hotmail.com,+55 81 3881-8040,1971-11-13,FK389934,914,SMILES,275841
Apollo,Pastor,apollo.pastor4218@terra.com.br,+55 (084) 9445-3221,1967-08-11,HJ465553,78,TUDO_AZUL,295119
Marina,Ribeiro,marina.ribeiro4219@icloud.com,+55 31 5166 1759,1958-01-09,DU752161,329,EXECUTIVE_CLUB,335121
Lorena,Correia,lorena.correia4220@hotmail.com,+55 (084) 6439-6219,1985-05-06,PB736184,349,TUDO_AZUL,226028
Marina,Garcia,marina.garcia4221@bol.com.br,+55 (071) 9327-2751,1944-01-03,GM915982,660,TUDO_AZUL,232212
Alice,Silveira,alice.silveira4222@yahoo.com.br,+55 61 5478-1689,1946-11-22,IF245334,331,EXECUTIVE_CLUB,165177
Isadora,Rodrigues,isadora.rodrigues4223@terra.com.br,+55 (011) 0862-0766,1964-03-21,GS536639,248,AADVANTAGE,13388
Vitor Gabriel,Carvalho,vitorgabriel.carvalho4224@hotmail.com,+55 (041) 0018 8947,1970-10-05,ES705076,543,MILES_AND_GO,356866
Catarina,Machado,catarina.machado4225@icloud.com,+55 (031) 1808-1636,1967-05-31,VK445732,492,SMILES,330616
Breno,Cavalcante,breno.cavalcante4226@gmail.com,81 2868 6044,1979-06-13,QV567558,933,,137965
André,Silveira,andré.silveira4227@live.com,(041) 0618-5168,1964-03-26,ON442749,976,TUDO_AZUL,275423
Melissa,Pires,melissa.pires4228@outlook.com.br,+55 (071) 4378 8158,1952-05-13,MR319302,701,EXECUTIVE_CLUB,460189
Gabriel,da Rocha,gabriel.darocha4229@hotmail.com,+55 (031) 8826 5257,2005-09-23,IG266045,976,SKYWARDS,250967
Elisa,Ribeiro,elisa.ribeiro4230@outlook.com.br,+55 (051) 7823 9448,1981-01-14,ZU932540,433,LATAM_PASS,481701
Calebe,Porto,calebe.porto4231@bol.com.br,(081) 3405-7179,1976-07-13,CJ337472,270,MILES_AND_GO,267947
Sabrina,Fernandes,sabrina.fernandes4232@live.com,+55 (084) 9463-4315,1963-09-08,HH490130,27,MILEAGE_PLUS,274997
Luiz Henrique,Albuquerque,luizhenrique.albuquerque4233@icloud.com,+55 (061) 5802-9825,1984-03-23,SP807683,672,SKYWARDS,154733
Erick,Vasconcelos,erick.vasconcelos4234@outlook.com.br,+55 (041) 8167-2796,2004-12-19,VI544539,853,EXECUTIVE_CLUB,350871
Isabelly,Vasconcelos,isabelly.vasconcelos4235@bol.com.br,+55 (011) 0128 3449,1945-03-19,YO229953,460,SKYWARDS,317712
Lucas,Araújo,lucas.araújo4236@live.com,+55 31 1083-7089,1983-03-20,AT804048,333,AADVANTAGE,82973
Anthony Gabriel,Fernandes,anthonygabriel.fernandes4237@uol.com.br,11 9985-1965,1974-02-22,TY669640,7,FLYING_BLUE,47977
Leandro,Nogueira,leandro.nogueira4238@bol.com.br,(071) 4064 9776,1961-07-10,PT542621,722,AADVANTAGE,107443
Vitória,Pereira,vitória.pereira4239@live.com,0900 903 2384,2007-02-07,FC559544,656,SMILES,309109
Ian,Pacheco,ian.pacheco4240@terra.com.br,+55 (021) 0015 9693,1999-09-15,DD618111,803,FLYING_BLUE,339711
Clarice,da Mata,clarice.damata4241@hotmail.com,21 9320-9899,1980-05-08,RN883658,871,,151399
Thales,Lima,thales.lima4242@terra.com.br,(061) 5236 6264,1980-08-28,TW852830,404,SKYWARDS,383038
Murilo,Machado,murilo.machado4243@live.com,+55 11 5789 9370,1998-01-21,MX441370,535,,269017
Mathias,Moura,mathias.moura4244@live.com,61 2178 8293,1949-12-19,TZ857172,310,ASIA_MILES,74256
Dom,da Mata,dom.damata4245@bol.com.br,(041) 9476-9325,1978-07-01,CV427100,507,AADVANTAGE,282459
Maria Isis,Cirino,mariaisis.cirino4246@outlook.com.br,(011) 4909 2522,1943-10-05,KO161573,978,,485023
Sarah,Aparecida,sarah.aparecida4247@uol.com.br,+55 (051) 9880 2535,1980-04-08,XI130226,590,,311931
João Pedro,da Cruz,joãopedro.dacruz4248@bol.com.br,81 4712-4497,2003-08-26,VX862545,163,MILEAGE_PLUS,144416
Maria Sophia,Nogueira,mariasophia.nogueira4249@live.com,+55 (051) 6856-5505,1983-02-25,UG994120,408,ASIA_MILES,342022
João Felipe,Moreira,joãofelipe.moreira4250@bol.com.br,+55 (021) 4434 2464,1956-07-20,BE851022,381,,417549
Eloah,Castro,eloah.castro4251@yahoo.com.br,+55 31 9480-5331,1943-02-09,QK915302,337,,94732
Stella,Freitas,stella.freitas4252@bol.com.br,+55 51 7826 2594,2007-04-17,LC531954,121,TUDO_AZUL,429721
Caroline,Nascimento,caroline.nascimento4253@uol.com.br,(071) 2149 5795,1977-01-21,SK396215,29,LATAM_PASS,236702
Maria Liz,Gonçalves,marializ.gonçalves4254@live.com,+55 (041) 2440 1143,1967-07-30,TW487362,371,ASIA_MILES,273267
Luiz Henrique,Teixeira,luizhenrique.teixeira4255@gmail.com,+55 81 8803-7217,1962-01-12,UX735356,576,MILES_AND_GO,133670
Raquel,Macedo,raquel.macedo4256@icloud.com,(031) 1505 6828,1961-08-04,GP146521,175,SKYWARDS,453854
Heloísa,Siqueira,heloísa.siqueira4257@gmail.com,(071) 4852-9867,2007-11-21,CB467713,173,EXECUTIVE_CLUB,475695
Emanuelly,Farias,emanuelly.farias4258@bol.com.br,+55 (031) 8392-4720,1950-01-06,HL742902,424,,127081
Sophia,Borges,sophia.borges4259@live.com,11 5525-8939,1951-03-15,GB150206,936,,120616
Ana Luiza,Cavalcanti,analuiza.cavalcanti4260@terra.com.br,51 2374 1112,1979-04-06,OI223558,511,TUDO_AZUL,428779
Henrique,da Cruz,henrique.dacruz4261@terra.com.br,+55 61 1673 7497,1998-07-31,PC362835,873,,252205
Lorena,Cavalcanti,lorena.cavalcanti4262@yahoo.com.br,+55 (051) 1544-2389,1943-06-18,OR130280,633,MILEAGE_PLUS,6379
Ravi Lucca,Ramos,ravilucca.ramos4263@bol.com.br,(031) 5843-7402,2007-06-23,FW910432,51,LATAM_PASS,186730
Mariah,Rezende,mariah.rezende4264@icloud.com,+55 (031) 6209 2275,2007-10-23,RD915459,191,,270415
Guilherme,Fonseca,guilherme.fonseca4265@icloud.com,(081) 5230 4514,1982-10-31,ZP154692,301,FLYING_BLUE,302808
Lorenzo,da Rosa,lorenzo.darosa4266@outlook.com.br,(021) 3710-9996,1979-05-08,WV300355,131,SMILES,364343
Yago,Borges,yago.borges4267@yahoo.com.br,0900 568 8191,1957-11-21,AE869627,288,TUDO_AZUL,223757
Joaquim,Caldeira,joaquim.caldeira4268@yahoo.com.br,+55 11 9742 6941,1979-11-26,UZ911252,718,MILES_AND_GO,482837
Diego,Vasconcelos,diego.vasconcelos4269@hotmail.com,+55 84 3466 0380,1971-03-08,MH289227,408,LATAM_PASS,479649
Benjamin,Campos,benjamin.campos4270@uol.com.br,+55 41 7187 1803,1998-03-01,QI582583,447,,409636
Kamilly,Costela,kamilly.costela4271@hotmail.com,+55 71 7921-9032,1955-09-18,AM724461,819,,125478
Pietra,Rocha,pietra.rocha4272@live.com,+55 61 7185 6067,1993-06-23,PD824603,738,,88602
Ian,da Mota,ian.damota4273@icloud.com,0900-815-3201,1999-11-11,DR331347,869,AADVANTAGE,411985
Bento,Sampaio,bento.sampaio4274@live.com,+55 31 5583-1062,1986-08-21,XY869985,209,EXECUTIVE_CLUB,146118
Enzo Gabriel,Castro,enzogabriel.castro4275@icloud.com,21 9169-4049,1995-12-29,DF560915,226,LATAM_PASS,13863
Fernanda,da Costa,fernanda.dacosta4276@outlook.com.br,+55 (031) 8829 0311,1963-01-24,NX303237,575,LATAM_PASS,401477
Laura,Albuquerque,laura.albuquerque4277@gmail.com,+55 61 6666 5085,1979-12-12,KD642937,797,SMILES,371674
Jade,Casa Grande,jade.casagrande4278@bol.com.br,(081) 5381 0904,1962-09-16,YI717238,941,,429494
Leandro,Nunes,leandro.nunes4279@icloud.com,61 5851 3797,1965-02-05,NG595932,493,SMILES,349479
Lorenzo,Mendonça,lorenzo.mendonça4280@terra.com.br,+55 61 5814-3023,1997-05-27,FP149469,30,,91581
Allana,Ferreira,allana.ferreira4281@yahoo.com.br,+55 81 6621-6785,1973-06-09,DY961307,6,SMILES,346302
Daniela,Farias,daniela.farias4282@live.com,84 0587 8917,1997-10-11,YK675653,31,ASIA_MILES,318494
Hellena,Cunha,hellena.cunha4283@gmail.com,0500-640-8218,1950-10-27,QX278832,399,,85673
Alana,Oliveira,alana.oliveira4284@terra.com.br,61 0645-9963,1984-11-16,NN888749,321,MILEAGE_PLUS,442063
Francisco,Nascimento,francisco.nascimento4285@icloud.com,+55 61 8798 8235,1973-09-19,RB398543,921,TUDO_AZUL,285617
Henry Gabriel,Pastor,henrygabriel.pastor4286@outlook.com.br,+55 (031) 9586 0505,2006-02-07,LA311083,546,EXECUTIVE_CLUB,384617
Daniela,Montenegro,daniela.montenegro4287@hotmail.com,(051) 9122-5157,1960-10-14,LZ335729,446,FLYING_BLUE,469350
Carolina,Cunha,carolina.cunha4288@icloud.com,0800 158 8490,1943-03-30,ZC578156,399,AADVANTAGE,110535
João,Moura,joão.moura4289@hotmail.com,+55 (081) 4110 9792,1991-04-26,IP339075,530,MILES_AND_GO,191077
Miguel,Rocha,miguel.rocha4290@outlook.com.br,+55 (031) 5840-4093,2004-01-04,FU211019,774,SKYWARDS,333480
Theo,Macedo,theo.macedo4291@uol.com.br,+55 (051) 6080-8287,2006-09-16,CQ772106,33,,343931
Luiz Miguel,Vargas,luizmiguel.vargas4292@uol.com.br,84 5656-6548,1976-11-24,IW930629,474,LATAM_PASS,269586
Laís,Souza,laís.souza4293@yahoo.com.br,+55 81 6369 5800,1944-06-22,RH125555,979,MILES_AND_GO,371514
Apollo,Ramos,apollo.ramos4294@bol.com.br,0300-168-5841,1977-11-19,WD135242,109,LATAM_PASS,409305
Kamilly,Ferreira,kamilly.ferreira4295@hotmail.com,(021) 3993-1973,1946-01-10,YF585425,268,FLYING_BLUE,18230
Rael,Aragão,rael.aragão4296@icloud.com,31 9397-7704,1967-10-14,VK403765,59,,315849
Marcelo,Ferreira,marcelo.ferreira4297@hotmail.com,0900 529 0306,1979-01-31,ZQ442116,648,,206509
Emanuella,Leão,emanuella.leão4298@bol.com.br,31 9741 4518,1987-11-26,OB498437,754,TUDO_AZUL,44184
Mariane,Cunha,mariane.cunha4299@outlook.com.br,+55 51 5854 3459,1965-03-11,LI363721,402,,479459
Luiz Gustavo,Albuquerque,luizgustavo.albuquerque4300@yahoo.com.br,+55 51 3482 0246,2001-10-22,JY600626,622,,244547
Pedro Henrique,Costa,pedrohenrique.costa4301@icloud.com,+55 41 2802-8735,2000-07-30,ZM210969,559,AADVANTAGE,251135
Ravi,Rezende,ravi.rezende4302@bol.com.br,+55 51 7371 7845,1948-10-15,UJ353617,517,MILEAGE_PLUS,214624
Raquel,Mendonça,raquel.mendonça4303@terra.com.br,51 2857 4331,1977-11-16,EL152107,176,,404516
Henry,Leão,henry.leão4304@bol.com.br,61 9610-5360,1970-12-09,QI899485,331,LATAM_PASS,286256
Mariana,da Paz,mariana.dapaz4305@uol.com.br,+55 41 9899-8090,2002-05-13,UY186657,517,AADVANTAGE,427798
Maria Helena,Ferreira,mariahelena.ferreira4306@gmail.com,+55 41 3159-9988,1960-10-13,HQ170527,670,TUDO_AZUL,139200
Maria Laura,Abreu,marialaura.abreu4307@bol.com.br,+55 81 8159 3368,1968-01-22,HR820551,956,MILES_AND_GO,45918
Milena,Souza,milena.souza4308@uol.com.br,+55 61 1606 4166,1943-07-09,DI211818,4,SMILES,315004
Nina,Vieira,nina.vieira4309@hotmail.com,+55 51 5763 1197,1985-07-21,WL588212,543,TUDO_AZUL,377288
Luigi,Silveira,luigi.silveira4310@hotmail.com,+55 51 1608 8745,1974-09-07,SI882552,693,LATAM_PASS,362667
Rodrigo,Ferreira,rodrigo.ferreira4311@hotmail.com,(041) 8638-5847,1976-01-02,ZZ897324,852,,325053
Maria Eduarda,Santos,mariaeduarda.santos4312@yahoo.com.br,71 7950 3558,1992-07-04,TP525359,326,,123323
Bryan,Ramos,bryan.ramos4313@terra.com.br,+55 (071) 2557-5974,1955-04-14,BV373781,537,TUDO_AZUL,238317
Zoe,Rios,zoe.rios4314@icloud.com,61 9704 2202,1973-06-16,WE193958,345,AADVANTAGE,24558
Ana Júlia,da Mota,anajúlia.damota4315@terra.com.br,41 9023-7024,1985-07-16,YG718901,654,MILEAGE_PLUS,367816
Bento,Casa Grande,bento.casagrande4316@bol.com.br,+55 61 8798 7859,2006-12-25,QW128499,127,LATAM_PASS,214552
Kevin,Moura,kevin.moura4317@outlook.com.br,(021) 7149-1696,1978-05-25,RE179556,554,FLYING_BLUE,133243
Arthur,Borges,arthur.borges4318@terra.com.br,0500 885 1011,1984-12-30,BM872598,895,SKYWARDS,298164
Sophie,Sá,sophie.sá4319@bol.com.br,+55 (021) 5264-0517,2007-10-27,EX276999,41,FLYING_BLUE,130059
Brenda,Moreira,brenda.moreira4320@yahoo.com.br,0800-175-9521,1945-02-21,ZL790409,648,AADVANTAGE,206001
Alexia,Gonçalves,alexia.gonçalves4321@yahoo.com.br,+55 (071) 9759 1776,1995-12-01,EB237553,703,,66455
Laura,das Neves,laura.dasneves4322@gmail.com,(031) 2032-2585,1943-12-16,SI704375,290,AADVANTAGE,50233
Maitê,Cassiano,maitê.cassiano4323@icloud.com,31 5971-2157,1951-02-02,GU174587,969,ASIA_MILES,491160
Sofia,Fogaça,sofia.fogaça4324@terra.com.br,(041) 8680 4987,1943-11-18,RZ707975,282,,334287
Carolina,Alves,carolina.alves4325@bol.com.br,+55 51 6921 7767,1949-05-12,VQ886709,317,,463535
Lunna,Mendonça,lunna.mendonça4326@hotmail.com,(081) 5930-0617,2002-12-23,PU832971,694,,22044
Maysa,Nascimento,maysa.nascimento4327@bol.com.br,+55 61 5170-3036,1961-03-24,WP168665,723,FLYING_BLUE,126125
Nina,Mendonça,nina.mendonça4328@uol.com.br,+55 51 9115 8430,2006-12-29,ZA798705,188,LATAM_PASS,186859
Ian,da Conceição,ian.daconceição4329@hotmail.com,+55 84 8742-2749,1957-01-10,MX131439,107,MILES_AND_GO,389350
Pedro,Duarte,pedro.duarte4330@yahoo.com.br,+55 61 4398 4010,1960-11-21,SS367548,912,,247691
Ana Laura,Rocha,analaura.rocha4331@icloud.com,+55 (021) 7448 8019,1975-11-04,MK739208,522,SKYWARDS,183671
Luiz Henrique,Marques,luizhenrique.marques4332@outlook.com.br,(041) 8628-2509,1956-03-25,OM268259,70,,328267
Ana Cecília,Carvalho,anacecília.carvalho4333@bol.com.br,+55 (084) 4529 9991,1989-12-14,BU430236,163,SMILES,227003
Thomas,Correia,thomas.correia4334@gmail.com,+55 (081) 4063 8869,1993-06-09,RD997510,14,,372998
Mirella,das Neves,mirella.dasneves4335@live.com,0500 518 6561,1962-03-29,NS959513,432,LATAM_PASS,102109
Thiago,Almeida,thiago.almeida4336@uol.com.br,(061) 4406 0053,1992-12-07,RO908906,250,,470276
Léo,Fogaça,léo.fogaça4337@icloud.com,0900 748 6971,1992-05-17,XU400729,231,AADVANTAGE,411045
Lorenzo,Barbosa,lorenzo.barbosa4338@gmail.com,0900-835-7739,1968-11-07,PC829794,96,,457824
Luna,Novais,luna.novais4339@uol.com.br,+55 71 1270-8345,1983-03-11,AW231096,767,MILES_AND_GO,163542
Maria Liz,Cunha,marializ.cunha4340@gmail.com,+55 51 1025 2965,1970-11-22,OO821149,52,SKYWARDS,246374
Manuella,Rios,manuella.rios4341@uol.com.br,(041) 3341-7205,1978-08-17,XE796751,586,SMILES,417872
Bruno,da Cunha,bruno.dacunha4342@outlook.com.br,(031) 8466-6271,1965-03-17,FG924010,531,EXECUTIVE_CLUB,435396
Nicolas,Azevedo,nicolas.azevedo4343@yahoo.com.br,(011) 0132 6537,1988-02-26,DU327108,581,,113269
Ravy,Câmara,ravy.câmara4344@live.com,31 0375 2335,1976-10-11,OE692258,615,EXECUTIVE_CLUB,60718
Esther,Sá,esther.sá4345@bol.com.br,0800-208-6750,1982-12-13,RP512363,256,TUDO_AZUL,453514
Isaac,Pereira,isaac.pereira4346@uol.com.br,(031) 4365 9153,1953-09-27,EU205952,877,SMILES,275087
Levi,Monteiro,levi.monteiro4347@outlook.com.br,+55 (084) 9568-5142,2001-07-23,XC999785,862,,146111
Paulo,Mendes,paulo.mendes4348@gmail.com,21 5513-1384,1959-03-09,IB972045,610,MILES_AND_GO,465457
Pedro Miguel,Santos,pedromiguel.santos4349@outlook.com.br,+55 11 1358 8845,1966-04-28,AN926343,990,ASIA_MILES,497706
Marina,Martins,marina.martins4350@terra.com.br,+55 (041) 9759-9890,1942-02-11,VI671456,178,,253051
Davi,Barbosa,davi.barbosa4351@hotmail.com,61 1950-5285,1945-06-01,YE797844,84,SKYWARDS,433121
Raul,Silveira,raul.silveira4352@gmail.com,+55 (021) 1079-1087,1976-10-25,QJ506763,247,SKYWARDS,208529
Marina,Pastor,marina.pastor4353@icloud.com,+55 (061) 8745 6347,2003-08-14,FO922043,487,LATAM_PASS,133572
Rhavi,Macedo,rhavi.macedo4354@yahoo.com.br,81 3009-3063,1990-09-04,YF468494,310,,202623
Raul,Novais,raul.novais4355@outlook.com.br,+55 51 6022 2742,2002-04-06,VH342249,53,FLYING_BLUE,66513
Felipe,Melo,felipe.melo4356@icloud.com,+55 (061) 7710-5018,2001-05-08,PU323194,933,LATAM_PASS,70473
Ravi,Cavalcante,ravi.cavalcante4357@terra.com.br,(051) 1213 8308,1988-07-04,XZ458725,444,ASIA_MILES,452251
Theo,Câmara,theo.câmara4358@uol.com.br,(011) 6226 4240,1955-01-11,YM504040,98,,149797
Bernardo,Sá,bernardo.sá4359@hotmail.com,(081) 4259-1447,1996-04-12,MT473302,401,LATAM_PASS,135156
Rhavi,Novaes,rhavi.novaes4360@uol.com.br,+55 21 3670-7628,1992-07-31,FV511530,829,MILEAGE_PLUS,338012
Arthur Miguel,Rodrigues,arthurmiguel.rodrigues4361@terra.com.br,81 0524 4084,1994-06-28,XU774274,64,AADVANTAGE,120285
Maysa,Teixeira,maysa.teixeira4362@live.com,+55 51 0027 5789,2004-12-26,GX695812,175,,4468
Stella,Jesus,stella.jesus4363@icloud.com,11 8116-4902,1973-03-11,GH855290,5,SMILES,313738
Ana Laura,Vieira,analaura.vieira4364@icloud.com,31 9665-3676,1953-07-24,RT924119,799,EXECUTIVE_CLUB,322525
Pedro,Aragão,pedro.aragão4365@live.com,71 7275-7318,1951-08-10,GS524193,815,LATAM_PASS,478957
Luiz Henrique,Rocha,luizhenrique.rocha4366@hotmail.com,+55 (081) 1338-6079,1998-12-22,KP425713,297,MILES_AND_GO,388470
Levi,Mendonça,levi.mendonça4367@bol.com.br,71 2222 5446,2005-11-11,IE678484,541,LATAM_PASS,474305
Thales,Pinto,thales.pinto4368@outlook.com.br,+55 (081) 9266-9197,1999-10-16,UY229035,523,SKYWARDS,459520
Hellena,Nunes,hellena.nunes4369@outlook.com.br,+55 (081) 0241-5984,1953-10-29,MW816211,185,ASIA_MILES,264538
Vitor Hugo,Pastor,vitorhugo.pastor4370@outlook.com.br,0900 484 7167,1971-08-11,WX785810,180,SMILES,58352
Esther,Souza,esther.souza4371@outlook.com.br,(011) 8564 8309,1979-05-14,BP231962,183,,281134
Natália,Montenegro,natália.montenegro4372@gmail.com,+55 21 5506 4033,1977-11-13,OD885830,793,LATAM_PASS,217023
Daniela,Rezende,daniela.rezende4373@outlook.com.br,+55 (031) 6408-5955,1986-10-25,JQ640956,671,,254990
Fernando,da Rosa,fernando.darosa4374@terra.com.br,+55 84 2816 0596,1971-05-20,RV736639,545,MILES_AND_GO,118517
Caleb,Duarte,caleb.duarte4375@yahoo.com.br,(041) 1697-7819,1966-07-26,UP338298,790,TUDO_AZUL,16312
Maysa,Gomes,maysa.gomes4376@live.com,+55 21 1481-2479,1989-12-20,ZF475684,216,AADVANTAGE,121156
Esther,Lima,esther.lima4377@gmail.com,+55 (031) 2065 1572,1962-06-28,TN430928,769,,476577
Benicio,Cirino,benicio.cirino4378@bol.com.br,+55 61 9053 6263,1984-06-10,JA282219,716,FLYING_BLUE,468865
Heloisa,da Cruz,heloisa.dacruz4379@icloud.com,(021) 9053-6256,1962-07-30,RN962864,866,AADVANTAGE,357055
Isabella,Freitas,isabella.freitas4380@bol.com.br,+55 51 9011 7078,1975-12-07,YN143624,506,SKYWARDS,38761
José,Rocha,josé.rocha4381@hotmail.com,+55 51 7643 9960,2004-04-14,NR645553,87,,39849
Isabela,Martins,isabela.martins4382@terra.com.br,+55 71 7507-1297,1949-11-25,HZ400578,996,MILEAGE_PLUS,295352
Lucas Gabriel,Fogaça,lucasgabriel.fogaça4383@icloud.com,71 7132-2875,1990-08-09,QI193317,636,,435702
Theodoro,Cassiano,theodoro.cassiano4384@icloud.com,0800 005 6741,2000-01-25,RZ453504,377,MILES_AND_GO,277166
Rafaela,Casa Grande,rafaela.casagrande4385@bol.com.br,+55 (084) 0504-4839,1985-08-11,SH948509,101,,422160
Davi Lucca,Melo,davilucca.melo4386@uol.com.br,+55 (061) 0865 7879,1999-08-17,UP459163,962,,29586
Mariane,Viana,mariane.viana4387@gmail.com,+55 41 5742 9943,1959-06-06,UA985978,755,ASIA_MILES,175162
Juan,Barbosa,juan.barbosa4388@terra.com.br,0500-668-2927,2006-08-15,NU181977,887,SKYWARDS,293070
Otávio,Aragão,otávio.aragão4389@live.com,0900-370-7348,1957-05-18,ZR122859,680,LATAM_PASS,308530
Ayla,Viana,ayla.viana4390@outlook.com.br,(071) 8499 0097,1973-04-04,GT386843,208,SKYWARDS,311336
Théo,Pastor,théo.pastor4391@uol.com.br,(084) 7927 0855,1970-06-11,HQ879143,757,FLYING_BLUE,482788
Mateus,Sousa,mateus.sousa4392@hotmail.com,61 5043 4484,1966-04-25,CH888239,259,SKYWARDS,126767
Isadora,Lopes,isadora.lopes4393@hotmail.com,+55 51 7716 2302,1983-07-05,SD458186,678,,312007
Alana,Moraes,alana.moraes4394@yahoo.com.br,0500 813 2027,2001-12-29,GU975349,419,FLYING_BLUE,184836
Juan,Silveira,juan.silveira4395@terra.com.br,(081) 2262 5548,1973-02-03,HL750157,269,MILEAGE_PLUS,160003
Pietro,Campos,pietro.campos4396@terra.com.br,+55 (051) 2930-1179,2000-09-08,KP473282,187,,224922
Hadassa,Nascimento,hadassa.nascimento4397@terra.com.br,(031) 5085 4912,1946-12-28,XF938991,795,LATAM_PASS,452702
Amanda,Sousa,amanda.sousa4398@icloud.com,(021) 8001-5631,1969-09-22,YU762516,200,MILES_AND_GO,400287
Vitor,Cunha,vitor.cunha4399@live.com,+55 (031) 1438 9204,1971-11-03,RV969931,494,,327421
Ana Carolina,Guerra,anacarolina.guerra4400@uol.com.br,61 5211-0179,1962-02-12,MA250707,12,SKYWARDS,60748
Lucca,Araújo,lucca.araújo4401@live.com,+55 (051) 5772 9753,1972-12-31,KK773423,537,MILES_AND_GO,397176
Pedro Lucas,Cunha,pedrolucas.cunha4402@terra.com.br,21 7329 4601,1968-12-30,BD802973,616,LATAM_PASS,365473
Kaique,Siqueira,kaique.siqueira4403@icloud.com,61 4529-6933,1996-10-14,ZN410973,823,,229254
Melissa,Pimenta,melissa.pimenta4404@bol.com.br,+55 (061) 6970-7279,1974-05-09,HD293163,66,,78521
Antônio,Nogueira,antônio.nogueira4405@live.com,+55 (084) 3816-9750,1956-11-03,RH786926,862,MILES_AND_GO,468799
Manuela,Novais,manuela.novais4406@uol.com.br,31 8655-8991,1987-07-17,XC101255,723,ASIA_MILES,441293
Noah,Duarte,noah.duarte4407@bol.com.br,71 5228 9753,1967-07-07,BU514446,818,ASIA_MILES,77681
Thales,Pimenta,thales.pimenta4408@outlook.com.br,84 6010-2569,1978-08-11,SK221905,144,,141420
Sara,Cavalcante,sara.cavalcante4409@live.com,(011) 9971-4689,1987-06-23,VU739658,14,ASIA_MILES,93297
Sophie,Pimenta,sophie.pimenta4410@outlook.com.br,+55 (081) 2775-4055,1998-10-29,UV171250,536,ASIA_MILES,491836
Elisa,Aparecida,elisa.aparecida4411@icloud.com,+55 (071) 4840-3628,1983-07-16,YZ144436,64,,15039
Aylla,Duarte,aylla.duarte4412@bol.com.br,+55 71 7928-9709,1961-07-26,SC356867,791,TUDO_AZUL,195436
Lucas Gabriel,Sousa,lucasgabriel.sousa4413@outlook.com.br,0300 812 1185,1975-12-14,GC940690,106,TUDO_AZUL,448728
Sophie,Farias,sophie.farias4414@uol.com.br,+55 (084) 9295-7865,1996-01-18,SX151255,710,SKYWARDS,242814
Arthur Miguel,Peixoto,arthurmiguel.peixoto4415@terra.com.br,+55 81 5630 8000,1985-05-08,WF912852,476,,6753
Brayan,da Costa,brayan.dacosta4416@icloud.com,+55 61 0741 2600,2007-02-23,AH825979,670,LATAM_PASS,412208
Felipe,Aragão,felipe.aragão4417@uol.com.br,+55 84 8072 9944,1945-06-08,YQ475014,76,MILES_AND_GO,451050
Marcela,da Cunha,marcela.dacunha4418@outlook.com.br,+55 (031) 2696-4076,2005-01-30,FL800796,910,SMILES,431901
Ryan,Nogueira,ryan.nogueira4419@outlook.com.br,+55 31 8634 5554,1955-08-06,LH993091,32,MILES_AND_GO,135201
Maria Julia,Albuquerque,mariajulia.albuquerque4420@outlook.com.br,+55 (051) 7805 4071,2001-07-04,MK637464,329,AADVANTAGE,189923
Lucca,Pastor,lucca.pastor4421@icloud.com,0300-790-1176,1982-07-08,XA898282,858,TUDO_AZUL,432158
João Pedro,Barros,joãopedro.barros4422@terra.com.br,21 8731-4503,2005-07-14,JH869688,446,SMILES,161417
Theo,Caldeira,theo.caldeira4423@terra.com.br,+55 (084) 5253-2208,1949-08-03,DD960176,35,MILES_AND_GO,231871
Fernando,Cirino,fernando.cirino4424@live.com,(041) 9939 1900,2002-03-01,VI143286,576,MILEAGE_PLUS,408977
Gael,Borges,gael.borges4425@yahoo.com.br,+55 81 0172-3446,1975-04-20,ZB939563,786,SMILES,155093
Melina,Mendonça,melina.mendonça4426@terra.com.br,61 8908 2681,1951-07-26,UK229154,142,MILEAGE_PLUS,475620
Anna Liz,da Luz,annaliz.daluz4427@yahoo.com.br,71 2919-6988,1956-07-29,WN380580,610,FLYING_BLUE,291083
Bryan,Sampaio,bryan.sampaio4428@bol.com.br,+55 11 9817 0015,1979-10-01,WI418684,914,,116186
Ian,Oliveira,ian.oliveira4429@live.com,+55 (021) 7443 4782,1970-11-22,PX502505,868,LATAM_PASS,18473
Erick,Martins,erick.martins4430@uol.com.br,0300 145 5056,1978-04-03,SY256066,373,,297499
Ana Luiza,Ramos,analuiza.ramos4431@yahoo.com.br,+55 84 4464 2859,1941-07-14,IJ490438,161,EXECUTIVE_CLUB,423626
Ester,Casa Grande,ester.casagrande4432@terra.com.br,0500 242 0904,1951-09-04,OS808293,655,LATAM_PASS,140998
Leandro,Ribeiro,leandro.ribeiro4433@terra.com.br,(021) 3299 1378,1976-08-17,QQ175784,678,,460896
Breno,Mendes,breno.mendes4434@live.com,+55 (021) 4414-6332,1949-08-01,XG412384,804,LATAM_PASS,195869
Maria Fernanda,Moreira,mariafernanda.moreira4435@icloud.com,(011) 5930 5069,1998-06-05,PX721846,104,ASIA_MILES,456905
Mariah,Freitas,mariah.freitas4436@icloud.com,(051) 2572 4925,1989-03-18,ES184039,180,MILEAGE_PLUS,291663
Mirella,Melo,mirella.melo4437@outlook.com.br,+55 (031) 0696 4690,1958-06-11,IP834076,113,MILEAGE_PLUS,330777
Ian,Vieira,ian.vieira4438@outlook.com.br,+55 84 2370-1415,1960-06-15,PD177230,40,SMILES,236641
Emanuelly,Azevedo,emanuelly.azevedo4439@gmail.com,(084) 1775 7861,1992-02-28,TR472734,79,ASIA_MILES,93396
Leandro,da Costa,leandro.dacosta4440@terra.com.br,21 7662-6909,1996-12-22,YU208725,551,SMILES,140922
Enzo Gabriel,Barros,enzogabriel.barros4441@outlook.com.br,+55 (041) 3625-3786,1956-10-13,HS926920,606,MILEAGE_PLUS,305553
Otávio,Andrade,otávio.andrade4442@live.com,+55 71 3168 8978,1944-07-23,FU613318,830,LATAM_PASS,233760
Carlos Eduardo,da Cruz,carloseduardo.dacruz4443@uol.com.br,+55 84 3164 9586,1985-06-24,NS306653,264,MILES_AND_GO,58878
Thomas,Vasconcelos,thomas.vasconcelos4444@hotmail.com,11 0580-3071,1996-03-15,PL249434,231,SMILES,105389
Amanda,Leão,amanda.leão4445@gmail.com,+55 (051) 9958 7244,1948-01-24,XL802448,158,MILEAGE_PLUS,364867
Davi Lucas,Vargas,davilucas.vargas4446@hotmail.com,+55 21 3973 0310,1983-03-09,AF921978,281,EXECUTIVE_CLUB,225852
Ester,Brito,ester.brito4447@outlook.com.br,61 1469-1076,1992-01-10,TM526198,935,MILES_AND_GO,346391
Vinicius,da Costa,vinicius.dacosta4448@yahoo.com.br,+55 (084) 1424-3822,1967-10-09,LP305082,774,SKYWARDS,406505
Théo,Silva,théo.silva4449@bol.com.br,+55 (061) 9515-3841,1999-03-07,XN249652,240,TUDO_AZUL,409691
Bryan,Vasconcelos,bryan.vasconcelos4450@yahoo.com.br,+55 (041) 9752 6066,1961-08-20,VX190612,406,EXECUTIVE_CLUB,496353
Emilly,Sales,emilly.sales4451@bol.com.br,+55 11 1130-9637,1990-09-07,ZF402196,943,,51229
Maria Luiza,da Rocha,marialuiza.darocha4452@gmail.com,+55 21 9422 8522,1992-10-11,SO445338,256,MILES_AND_GO,459592
Brayan,das Neves,brayan.dasneves4453@uol.com.br,+55 (021) 0623 0504,1956-04-27,ER920857,841,SKYWARDS,17210
Lunna,Nogueira,lunna.nogueira4454@yahoo.com.br,(071) 7345-7346,2004-08-07,SH731351,744,SKYWARDS,75261
Ana Vitória,Casa Grande,anavitória.casagrande4455@outlook.com.br,(041) 9988 3519,1973-02-19,ZH481223,841,SMILES,110114
Josué,Machado,josué.machado4456@live.com,+55 51 7660 6259,2003-06-17,HG542621,334,MILEAGE_PLUS,144297
Nicolas,Vasconcelos,nicolas.vasconcelos4457@live.com,+55 (031) 4574-4153,1973-11-14,CR230419,394,TUDO_AZUL,108562
Fernanda,Gonçalves,fernanda.gonçalves4458@gmail.com,81 0489 9401,1976-04-11,AT273248,463,SMILES,261166
Emanuelly,Borges,emanuelly.borges4459@bol.com.br,0800 687 3689,1993-07-04,QU969876,693,,203472
Ana Carolina,Dias,anacarolina.dias4460@outlook.com.br,41 9134-9316,1946-05-01,RT185224,45,,358323
Maria Julia,Freitas,mariajulia.freitas4461@terra.com.br,+55 (041) 3109 3888,1987-11-18,AR926578,476,TUDO_AZUL,316307
Luiz Otávio,Pinto,luizotávio.pinto4462@terra.com.br,+55 (071) 7973-6789,1966-03-01,YF369749,802,TUDO_AZUL,303325
Raquel,Novais,raquel.novais4463@gmail.com,+55 41 9622 3142,2003-11-19,SS849040,49,,198890
Gustavo,Brito,gustavo.brito4464@yahoo.com.br,(071) 3404 4440,2002-04-11,GX940391,827,ASIA_MILES,434835
Maria Cecília,Cardoso,mariacecília.cardoso4465@hotmail.com,+55 11 1259 6679,1997-12-02,NP574494,230,ASIA_MILES,451928
Clarice,Jesus,clarice.jesus4466@hotmail.com,+55 11 9353-0193,1948-11-07,FZ780804,229,,489791
Isis,Cunha,isis.cunha4467@uol.com.br,(071) 9757 7897,1979-11-04,FU450272,121,LATAM_PASS,87817
Marina,Silva,marina.silva4468@outlook.com.br,+55 (041) 7651-4924,1947-05-07,NY628577,693,MILES_AND_GO,126138
Henrique,Abreu,henrique.abreu4469@gmail.com,0500 690 0418,1994-12-29,ZC565421,821,,147853
Davi Luiz,Pires,daviluiz.pires4470@uol.com.br,81 2066 6102,1968-07-10,HB190848,500,LATAM_PASS,423361
Bruno,Barros,bruno.barros4471@hotmail.com,(041) 4518-8934,1988-02-14,ST854958,72,SMILES,213419
Maitê,Marques,maitê.marques4472@uol.com.br,+55 (081) 1106 0030,1945-03-20,KC877415,715,FLYING_BLUE,382722
Sofia,Farias,sofia.farias4473@live.com,(081) 0612-4555,1955-08-27,JK976969,854,EXECUTIVE_CLUB,21110
Igor,Pacheco,igor.pacheco4474@terra.com.br,+55 (084) 3222 6650,2002-08-07,TZ738053,482,SKYWARDS,455775
Valentina,Alves,valentina.alves4475@hotmail.com,+55 (071) 5694 9045,1972-12-23,CN397318,759,ASIA_MILES,91956
Luísa,Nogueira,luísa.nogueira4476@icloud.com,(084) 1435-1200,1959-02-08,OH125178,351,AADVANTAGE,306320
Agatha,Silva,agatha.silva4477@terra.com.br,+55 71 5828 4365,1988-11-02,GD743153,294,TUDO_AZUL,475756
Luara,Montenegro,luara.montenegro4478@terra.com.br,81 6974-4302,1989-06-27,NB763741,150,LATAM_PASS,289939
Marcela,Moraes,marcela.moraes4479@hotmail.com,(051) 4561-8512,1945-09-26,DX287598,604,ASIA_MILES,190857
Augusto,Freitas,augusto.freitas4480@bol.com.br,+55 81 8345-7682,1942-12-21,UO639189,364,EXECUTIVE_CLUB,321705
Caroline,das Neves,caroline.dasneves4481@hotmail.com,+55 (041) 1460-7781,1955-08-21,AB816254,77,MILEAGE_PLUS,237294
Alice,Costela,alice.costela4482@uol.com.br,31 7847 6505,1982-05-02,RA958136,451,MILES_AND_GO,318683
Ana Cecília,Monteiro,anacecília.monteiro4483@outlook.com.br,+55 71 4531-3867,1974-02-26,KM764467,775,TUDO_AZUL,117693
Raquel,Cardoso,raquel.cardoso4484@uol.com.br,+55 (051) 7842-3740,1969-06-26,YY667502,99,,87389
Ana Sophia,Pires,anasophia.pires4485@hotmail.com,+55 11 7573 2283,1972-09-25,PY815532,813,FLYING_BLUE,284280
Luana,Camargo,luana.camargo4486@uol.com.br,+55 61 4200 2873,1975-11-09,IZ152851,115,MILEAGE_PLUS,402255
Alice,Silveira,alice.silveira4487@gmail.com,+55 (081) 6275-6295,2004-03-21,XR627201,713,ASIA_MILES,444514
Kevin,Cardoso,kevin.cardoso4488@bol.com.br,0300-326-7452,1949-01-11,PE819402,800,FLYING_BLUE,162404
Cauã,Moreira,cauã.moreira4489@yahoo.com.br,+55 (041) 7598 1731,1969-03-16,RL499306,83,MILES_AND_GO,203709
Gael Henrique,Lopes,gaelhenrique.lopes4490@gmail.com,+55 21 2403 6036,2000-09-22,MF531684,181,EXECUTIVE_CLUB,231928
Antony,Nogueira,antony.nogueira4491@yahoo.com.br,41 1575-8498,1972-06-04,GJ395512,553,FLYING_BLUE,205813
Maria Laura,Fogaça,marialaura.fogaça4492@terra.com.br,+55 (031) 8109-3199,1994-03-10,ZE191972,579,,274428
Rael,Moraes,rael.moraes4493@outlook.com.br,21 5231 3358,1955-10-30,EY178623,86,,78856
Larissa,Cavalcanti,larissa.cavalcanti4494@outlook.com.br,(084) 0385 0448,1974-12-05,DP981885,518,AADVANTAGE,308905
Giovanna,Rezende,giovanna.rezende4495@gmail.com,+55 (071) 1632 9000,1947-08-22,WA798500,718,LATAM_PASS,70023
Ana Lívia,Rodrigues,analívia.rodrigues4496@yahoo.com.br,0800-989-3960,1947-07-07,MV111508,151,AADVANTAGE,114366
Mariane,Correia,mariane.correia4497@uol.com.br,+55 (061) 5661-4206,1948-02-08,FZ382047,566,SKYWARDS,8416
José,Camargo,josé.camargo4498@bol.com.br,+55 (051) 2499 8893,1992-09-26,LS891634,604,LATAM_PASS,133824
Ana,Rodrigues,ana.rodrigues4499@yahoo.com.br,11 1152-2312,1947-08-14,PA722127,965,,78308
Stephany,Rezende,stephany.rezende4500@bol.com.br,21 2776 5592,1946-07-22,XM492504,57,MILEAGE_PLUS,145117
Eloah,da Cruz,eloah.dacruz4501@yahoo.com.br,+55 81 2547-5957,1996-03-20,YR959508,915,TUDO_AZUL,489506
Heloisa,Cavalcanti,heloisa.cavalcanti4502@bol.com.br,0800 298 9618,1996-05-30,GV617031,621,MILEAGE_PLUS,49604
Maria Cecília,Duarte,mariacecília.duarte4503@yahoo.com.br,84 2817-0262,1975-09-25,WH490352,504,EXECUTIVE_CLUB,94699
Vitor Gabriel,Dias,vitorgabriel.dias4504@icloud.com,+55 81 2431 6720,1964-10-01,NX189654,710,EXECUTIVE_CLUB,101803
Ísis,da Conceição,ísis.daconceição4505@icloud.com,41 4610-8622,1975-07-16,FS400161,84,LATAM_PASS,47871
Joana,Rezende,joana.rezende4506@terra.com.br,+55 21 9406 6942,1981-11-10,WY946595,759,MILEAGE_PLUS,277306
Beatriz,Andrade,beatriz.andrade4507@terra.com.br,41 2975 5933,1963-03-11,NM770802,945,,320779
Thomas,Camargo,thomas.camargo4508@outlook.com.br,+55 61 9851 5538,1951-09-15,QX734818,27,ASIA_MILES,161825
Olivia,da Paz,olivia.dapaz4509@outlook.com.br,(041) 5384-7365,1979-05-24,TL932703,841,,40052
Luigi,Monteiro,luigi.monteiro4510@outlook.com.br,+55 (084) 1317 6158,1969-09-29,NQ867702,53,SKYWARDS,11729
Lara,Fonseca,lara.fonseca4511@gmail.com,+55 81 8708-7284,2000-12-12,LB838479,628,TUDO_AZUL,371545
Bryan,Campos,bryan.campos4512@gmail.com,(021) 7645-4056,2008-02-10,FP573514,173,EXECUTIVE_CLUB,205357
Caio,Cavalcante,caio.cavalcante4513@gmail.com,+55 (084) 8732 8565,2004-01-12,NH987524,905,,149808
Davi,Porto,davi.porto4514@gmail.com,+55 41 8053-4650,1964-04-01,LU341238,961,SMILES,4857
Nathan,Cassiano,nathan.cassiano4515@bol.com.br,+55 (041) 3070 3088,1988-10-07,IP147995,226,,64501
Camila,Ramos,camila.ramos4516@bol.com.br,+55 (061) 3489-8376,1991-03-12,WS396191,710,LATAM_PASS,199464
Renan,Montenegro,renan.montenegro4517@terra.com.br,84 0897 3654,1983-06-16,JX855745,279,SKYWARDS,498345
Mariana,Macedo,mariana.macedo4518@bol.com.br,+55 (081) 1108 4399,1968-07-23,GH976856,849,AADVANTAGE,288047
Cauê,Barros,cauê.barros4519@outlook.com.br,+55 51 5875 1460,1992-07-20,YJ295242,309,MILEAGE_PLUS,230733
Cauê,Carvalho,cauê.carvalho4520@terra.com.br,+55 (031) 0958 4034,1954-03-14,XB936837,803,EXECUTIVE_CLUB,472917
Ana Laura,Pinto,analaura.pinto4521@hotmail.com,0300 540 1774,1989-10-26,IW428556,13,SKYWARDS,124081
Elisa,Almeida,elisa.almeida4522@uol.com.br,(051) 4492 5305,2004-12-05,PZ307555,937,FLYING_BLUE,36262
Raquel,Sousa,raquel.sousa4523@hotmail.com,(061) 5126 4008,1953-05-16,VE443595,407,ASIA_MILES,379426
Nathan,Novais,nathan.novais4524@live.com,(061) 9868 0666,1964-04-23,RC203370,12,,131991
Yuri,Costa,yuri.costa4525@gmail.com,(041) 3875-0278,1969-03-28,PU403675,831,EXECUTIVE_CLUB,427382
Luna,Ramos,luna.ramos4526@uol.com.br,51 2184 8177,1999-02-27,KH905720,110,EXECUTIVE_CLUB,468974
Théo,Farias,théo.farias4527@terra.com.br,51 4891 1661,1997-01-03,EJ829782,426,,366543
Maria Sophia,da Costa,mariasophia.dacosta4528@bol.com.br,11 4221-9914,1988-02-15,PB206791,469,EXECUTIVE_CLUB,294048
Matteo,Brito,matteo.brito4529@terra.com.br,+55 (011) 9707 1020,1999-11-22,DH943118,367,,138388
Leonardo,Ramos,leonardo.ramos4530@uol.com.br,0500-250-9618,1959-10-14,GE183372,547,,38549
Rafael,Almeida,rafael.almeida4531@uol.com.br,31 6289-8189,1998-03-27,EN404770,115,AADVANTAGE,22652
Ravi,Castro,ravi.castro4532@icloud.com,+55 61 0078-2693,2002-09-07,OT444337,419,FLYING_BLUE,450545
Dom,Rocha,dom.rocha4533@uol.com.br,+55 71 1910-0225,1952-01-07,YL764930,651,FLYING_BLUE,224148
Gael,Leão,gael.leão4534@uol.com.br,+55 71 5342-1055,1954-10-18,SY172963,853,,93911
Vitória,Sampaio,vitória.sampaio4535@hotmail.com,0800-831-0305,1945-03-29,BD335794,892,AADVANTAGE,266572
Kaique,Vasconcelos,kaique.vasconcelos4536@live.com,+55 (081) 4418-4404,1941-10-24,GJ268672,147,ASIA_MILES,266453
Otto,Moraes,otto.moraes4537@gmail.com,11 5405 5586,1974-03-22,EM920248,697,ASIA_MILES,214061
Ana Júlia,da Luz,anajúlia.daluz4538@terra.com.br,71 4650 7231,1950-03-17,DS785153,330,,89343
Theo,da Mata,theo.damata4539@hotmail.com,+55 41 6288 4483,1982-02-03,KI492707,959,EXECUTIVE_CLUB,230925
Esther,Mendonça,esther.mendonça4540@terra.com.br,+55 (084) 4808 1026,1955-05-24,EQ204575,198,MILEAGE_PLUS,66990
José Pedro,da Conceição,josépedro.daconceição4541@uol.com.br,+55 (011) 9619-3002,1954-07-27,EO544568,478,ASIA_MILES,89456
Bryan,Machado,bryan.machado4542@gmail.com,(021) 7395 8008,1966-10-26,OW702834,47,,176967
Gael Henrique,Sousa,gaelhenrique.sousa4543@live.com,(041) 1170 7230,1958-05-28,IC321501,904,MILES_AND_GO,60978
Vitória,Peixoto,vitória.peixoto4544@bol.com.br,71 6298 1997,1967-11-03,OS877010,290,,225030
Nina,Moreira,nina.moreira4545@uol.com.br,31 4341-7650,1963-12-16,EH951074,542,MILES_AND_GO,358544
Samuel,Lopes,samuel.lopes4546@gmail.com,0300-193-0512,1951-09-20,NU314794,420,ASIA_MILES,447993
Maria Flor,Azevedo,mariaflor.azevedo4547@icloud.com,+55 (081) 9844 6524,1945-09-18,AK101371,498,MILES_AND_GO,35057
Sarah,Novais,sarah.novais4548@yahoo.com.br,11 2343 0406,1969-06-10,JI874841,97,TUDO_AZUL,13025
Pedro Lucas,Cardoso,pedrolucas.cardoso4549@terra.com.br,+55 (011) 9569-1035,1990-05-07,JO412719,413,MILES_AND_GO,311887
Liam,da Paz,liam.dapaz4550@hotmail.com,(011) 4799 5818,1965-06-09,KF368569,869,MILEAGE_PLUS,422255
Anna Liz,Sales,annaliz.sales4551@gmail.com,+55 (031) 0838-9211,1948-03-26,UU505266,196,,75572
Juliana,Correia,juliana.correia4552@bol.com.br,+55 (021) 1654 1838,1974-01-31,CY508957,21,MILES_AND_GO,482933
Yago,Cardoso,yago.cardoso4553@uol.com.br,84 3176 1973,1983-02-04,QA642825,903,SMILES,233839
Antônio,Camargo,antônio.camargo4554@bol.com.br,+55 (084) 1109 4989,1984-01-14,GZ512790,657,,459222
Anthony Gabriel,Rios,anthonygabriel.rios4555@terra.com.br,(071) 9858-6490,1968-06-11,KD188334,974,MILES_AND_GO,102498
Melina,Pinto,melina.pinto4556@outlook.com.br,61 4042-1163,1948-06-22,FO378777,272,ASIA_MILES,246522
Pedro Henrique,da Mota,pedrohenrique.damota4557@gmail.com,(021) 6331-3933,1948-10-05,UL141217,123,SKYWARDS,274636
Maria Laura,Correia,marialaura.correia4558@outlook.com.br,11 9844-8998,1945-08-04,FY195354,767,EXECUTIVE_CLUB,279869
Nathan,Freitas,nathan.freitas4559@icloud.com,(084) 4485-3124,2001-12-24,BW921481,581,FLYING_BLUE,320992
Davi Lucas,Monteiro,davilucas.monteiro4560@terra.com.br,+55 51 6489 7046,1982-08-11,BU170257,277,MILES_AND_GO,454708
Ana Júlia,Siqueira,anajúlia.siqueira4561@gmail.com,+55 (071) 1491 3370,2005-09-13,PH868760,790,AADVANTAGE,236983
Vitor Gabriel,Martins,vitorgabriel.martins4562@yahoo.com.br,61 2163 1577,2007-04-27,IA111503,933,,52865
Laura,Borges,laura.borges4563@terra.com.br,(011) 3551 3649,1971-11-13,EE549569,232,MILES_AND_GO,416042
Rhavi,Pires,rhavi.pires4564@gmail.com,+55 41 6945 2967,2005-01-26,VB127251,772,LATAM_PASS,315854
Luan,das Neves,luan.dasneves4565@uol.com.br,(084) 0149-2791,1960-02-18,YX272264,605,,473515
Carlos Eduardo,Viana,carloseduardo.viana4566@yahoo.com.br,41 9742 8906,1990-12-23,WR653739,44,ASIA_MILES,450075
Isabella,Nunes,isabella.nunes4567@gmail.com,81 3643 0449,1958-12-02,ER638014,708,TUDO_AZUL,19377
Maria Helena,Teixeira,mariahelena.teixeira4568@outlook.com.br,0900-771-5760,2003-11-23,BL444286,25,EXECUTIVE_CLUB,185002
Joana,Mendonça,joana.mendonça4569@gmail.com,+55 31 2800 2431,1941-08-15,MT195738,513,FLYING_BLUE,428071
Enzo,Andrade,enzo.andrade4570@gmail.com,21 2533-4365,1982-02-12,WV485623,780,ASIA_MILES,333316
Allana,Machado,allana.machado4571@gmail.com,84 1623-6595,1952-07-27,IM295250,427,LATAM_PASS,112883
Laís,Martins,laís.martins4572@live.com,+55 84 6857-4945,1944-09-22,FE209582,446,,276481
Luan,Moreira,luan.moreira4573@icloud.com,+55 (031) 5083-3678,2006-06-01,FR114666,982,,294909
Bryan,Ribeiro,bryan.ribeiro4574@yahoo.com.br,(061) 3558-7977,1951-09-02,CM286392,98,FLYING_BLUE,125904
João Vitor,Pinto,joãovitor.pinto4575@icloud.com,0800-872-5693,1995-11-04,XA104008,164,FLYING_BLUE,36593
Maria Luísa,da Rosa,marialuísa.darosa4576@outlook.com.br,41 3984 0553,1977-02-18,HJ889032,883,MILEAGE_PLUS,67250
Mariah,Cirino,mariah.cirino4577@icloud.com,51 3931 3403,1965-10-04,XK356197,552,SKYWARDS,150536
Isabella,Aparecida,isabella.aparecida4578@live.com,+55 (081) 7715-0613,1985-09-28,HN553118,340,TUDO_AZUL,392418
Sarah,Aragão,sarah.aragão4579@outlook.com.br,+55 81 9002-8807,2003-03-09,BI211203,6,,92568
Miguel,Correia,miguel.correia4580@icloud.com,+55 (071) 4047 9416,1955-12-12,MQ119121,229,MILES_AND_GO,433503
Henry,Cassiano,henry.cassiano4581@uol.com.br,31 2893 9335,1968-02-26,BU578202,775,MILEAGE_PLUS,377267
Marina,Dias,marina.dias4582@live.com,+55 61 4582-5742,2002-05-27,TL146123,19,EXECUTIVE_CLUB,244064
Pietro,Monteiro,pietro.monteiro4583@live.com,+55 (041) 4393 4530,1952-10-25,FW350990,211,,296836
Rael,Pimenta,rael.pimenta4584@terra.com.br,0500 468 7871,1947-05-07,LD598372,549,,339832
Rodrigo,Pimenta,rodrigo.pimenta4585@terra.com.br,+55 (041) 3854 3366,2003-12-23,RA871203,67,SKYWARDS,446410
Daniela,Moreira,daniela.moreira4586@hotmail.com,+55 51 2096 6721,1981-12-05,GC283176,809,,79283
Laís,Cavalcante,laís.cavalcante4587@terra.com.br,(021) 8578-8434,1986-08-23,ER625967,114,ASIA_MILES,290537
Maria Cecília,Farias,mariacecília.farias4588@icloud.com,+55 (011) 8086 1057,1964-06-21,EY515988,982,SKYWARDS,370243
Kevin,Leão,kevin.leão4589@terra.com.br,+55 (011) 8461-5965,1996-05-21,EL648951,153,MILEAGE_PLUS,78573
Ana Clara,da Conceição,anaclara.daconceição4590@hotmail.com,+55 (031) 5106 5688,1990-10-01,II791197,800,EXECUTIVE_CLUB,205805
Gabriela,Pires,gabriela.pires4591@live.com,41 2265-5999,1957-02-09,GT762704,971,EXECUTIVE_CLUB,371817
Otto,Costela,otto.costela4592@hotmail.com,+55 84 9931 5230,1997-06-25,WO593260,729,LATAM_PASS,165346
Augusto,Fernandes,augusto.fernandes4593@hotmail.com,81 5234 3194,1969-04-26,MK229476,64,,438323
Gabriela,Fernandes,gabriela.fernandes4594@live.com,0900-981-6484,1960-04-19,BD648814,4,,381324
Isabela,Cirino,isabela.cirino4595@bol.com.br,+55 21 1435-6034,1991-02-06,HK550556,482,,379287
Dom,Azevedo,dom.azevedo4596@bol.com.br,+55 (061) 5954-1280,1969-08-29,XE191167,340,TUDO_AZUL,146117
Yuri,Vieira,yuri.vieira4597@uol.com.br,(081) 5340 0946,1940-12-15,AS337114,724,EXECUTIVE_CLUB,123288
Maria,da Paz,maria.dapaz4598@icloud.com,+55 84 1145-7533,1941-07-01,LE622179,878,AADVANTAGE,212178
Bella,Rocha,bella.rocha4599@hotmail.com,(051) 4606-7808,1964-09-25,CO185765,675,MILES_AND_GO,300405
Mateus,Borges,mateus.borges4600@yahoo.com.br,(021) 5307-2299,1957-11-18,OV744761,710,MILEAGE_PLUS,256476
Eloá,Farias,eloá.farias4601@yahoo.com.br,(051) 7231 4889,1945-02-05,EY586425,457,SMILES,490698
Luísa,Pires,luísa.pires4602@terra.com.br,21 9684 1389,1965-04-07,IC291900,898,AADVANTAGE,210756
José Pedro,Moura,josépedro.moura4603@icloud.com,(061) 5699-9085,1978-04-01,EY377153,876,,267412
Heloísa,Pereira,heloísa.pereira4604@yahoo.com.br,+55 (021) 8352-8767,1943-11-13,YO922040,534,LATAM_PASS,474904
Bella,Garcia,bella.garcia4605@outlook.com.br,+55 11 1584-1714,1972-07-17,TT312952,365,,248823
Maria Fernanda,Pimenta,mariafernanda.pimenta4606@outlook.com.br,84 5199-0765,2005-09-20,FZ471061,423,,127538
Isaque,Freitas,isaque.freitas4607@yahoo.com.br,+55 11 5083-6860,1942-03-01,PZ110052,45,EXECUTIVE_CLUB,79354
Luara,Melo,luara.melo4608@icloud.com,(041) 9641 1358,1958-12-03,KD265917,200,EXECUTIVE_CLUB,416590
Lucas Gabriel,Ribeiro,lucasgabriel.ribeiro4609@live.com,+55 (011) 0698 2192,1987-02-20,CX720851,402,TUDO_AZUL,416055
Danilo,Cassiano,danilo.cassiano4610@bol.com.br,+55 (041) 7624 8644,1962-01-03,NX312592,670,MILES_AND_GO,224189
Valentina,Caldeira,valentina.caldeira4611@terra.com.br,(081) 1774 3402,1980-05-08,LY854864,792,MILES_AND_GO,355189
Emanuel,Pimenta,emanuel.pimenta4612@live.com,+55 (081) 2063 4832,1995-02-14,QY389109,497,FLYING_BLUE,233861
Pietro,das Neves,pietro.dasneves4613@icloud.com,+55 (071) 4152-1386,1969-04-05,HH786895,395,TUDO_AZUL,108731
Maria Luiza,Porto,marialuiza.porto4614@bol.com.br,(031) 1448-5907,1946-11-15,JF756024,359,,404292
Davi Luiz,da Cruz,daviluiz.dacruz4615@icloud.com,(071) 6845 8616,1957-06-09,ER725747,439,MILEAGE_PLUS,387554
Liam,da Mota,liam.damota4616@icloud.com,+55 21 8893-3044,1959-01-30,AM370656,461,,177113
Zoe,Azevedo,zoe.azevedo4617@icloud.com,0800-581-2386,1987-11-16,GE462926,698,AADVANTAGE,439229
Maria,Câmara,maria.câmara4618@live.com,51 0086 0780,1981-03-18,YO314747,570,TUDO_AZUL,151017
Amanda,Oliveira,amanda.oliveira4619@gmail.com,+55 (084) 2631-2517,1955-04-20,AO718897,977,,100363
Luna,Lima,luna.lima4620@icloud.com,81 7139 0885,1954-07-12,ZM448522,191,,443362
Daniel,Moreira,daniel.moreira4621@terra.com.br,+55 (021) 4012-8273,1957-12-17,ZQ726091,915,ASIA_MILES,264718
Erick,Freitas,erick.freitas4622@bol.com.br,+55 31 2588 7065,1950-07-29,RW480123,996,,171115
Maria Eduarda,Viana,mariaeduarda.viana4623@gmail.com,+55 71 4520-9814,1952-09-20,BL901042,598,TUDO_AZUL,356743
Pietra,Camargo,pietra.camargo4624@icloud.com,31 4805 0098,2000-09-22,BM853160,944,MILES_AND_GO,129300
Bárbara,Borges,bárbara.borges4625@outlook.com.br,31 0529 3541,1974-08-05,PB505796,664,FLYING_BLUE,323633
Augusto,Marques,augusto.marques4626@uol.com.br,+55 (021) 0882-2574,1970-10-27,DA388367,139,EXECUTIVE_CLUB,413925
Heloisa,Dias,heloisa.dias4627@bol.com.br,+55 61 8063-4468,1983-11-21,KK948519,498,ASIA_MILES,291001
Bruno,Castro,bruno.castro4628@uol.com.br,+55 (041) 7026 7260,1960-03-19,PG853323,917,TUDO_AZUL,414322
Henrique,Montenegro,henrique.montenegro4629@icloud.com,+55 (021) 3814 5909,1992-03-04,DW985654,411,TUDO_AZUL,401128
Marina,Albuquerque,marina.albuquerque4630@live.com,51 2481 4944,1983-04-04,RF322799,31,,280591
Gabriel,Barbosa,gabriel.barbosa4631@hotmail.com,+55 71 9649-4897,1967-06-23,RV135255,922,,462679
Bryan,Peixoto,bryan.peixoto4632@outlook.com.br,(031) 9654 5900,1989-04-23,HL486295,632,EXECUTIVE_CLUB,292628
Asafe,Rezende,asafe.rezende4633@icloud.com,(084) 3501-5348,1942-01-09,OC376670,796,TUDO_AZUL,64530
Alice,Carvalho,alice.carvalho4634@icloud.com,(041) 8978 3909,1944-11-26,TF344049,752,,435053
André,Pacheco,andré.pacheco4635@gmail.com,+55 61 7029 0280,1971-11-27,ZY546960,268,MILEAGE_PLUS,208595
Ian,Câmara,ian.câmara4636@uol.com.br,+55 84 7809 1191,1997-11-28,MB396874,710,AADVANTAGE,290133
Ana Cecília,Moraes,anacecília.moraes4637@icloud.com,(061) 7356-7194,1953-03-31,TI450547,254,,79587
Camila,Fernandes,camila.fernandes4638@outlook.com.br,+55 (061) 1069-0884,1977-10-26,RI857004,911,,418697
Benjamim,Costa,benjamim.costa4639@icloud.com,(051) 3596 6235,1974-02-01,HL568560,820,EXECUTIVE_CLUB,423352
Ana Laura,Gomes,analaura.gomes4640@live.com,0800-538-3779,1991-07-07,ZZ835031,541,SKYWARDS,238217
José Pedro,Sousa,josépedro.sousa4641@terra.com.br,(011) 0579 3760,1972-08-25,YX218042,382,,399683
Juan,Novais,juan.novais4642@icloud.com,31 2980 0246,1965-11-08,ID477401,623,FLYING_BLUE,872
Davi Lucca,da Rocha,davilucca.darocha4643@hotmail.com,+55 81 5804 8495,1950-05-20,UL368109,796,LATAM_PASS,451698
Ian,Camargo,ian.camargo4644@gmail.com,21 9672 8784,1965-01-20,HJ467636,234,SMILES,156394
Eduardo,Vieira,eduardo.vieira4645@icloud.com,21 6788 6321,2003-12-09,XL778358,234,MILES_AND_GO,455059
Hellena,Cavalcante,hellena.cavalcante4646@uol.com.br,+55 84 6572 4443,1980-04-04,WK557214,431,,193174
Nicole,Aragão,nicole.aragão4647@live.com,(011) 4214 9504,1970-09-16,OY254143,437,,358379
Manuella,Pereira,manuella.pereira4648@bol.com.br,(061) 6441-5079,1996-04-13,FL898886,423,TUDO_AZUL,208267
Bella,Moreira,bella.moreira4649@terra.com.br,+55 (011) 6625-2871,1953-10-04,ZL664097,341,ASIA_MILES,446211
Liz,Pereira,liz.pereira4650@bol.com.br,+55 61 2498-7963,1957-12-31,MZ254721,677,,172963
Bianca,Mendonça,bianca.mendonça4651@icloud.com,51 1138 4513,1959-11-22,MV146730,522,LATAM_PASS,2181
Anthony,Souza,anthony.souza4652@yahoo.com.br,0800-903-0372,1981-06-29,RK562912,838,,290493
Benjamim,Pereira,benjamim.pereira4653@terra.com.br,+55 (031) 5057-5214,1968-08-18,QB110022,313,AADVANTAGE,476799
Maria Luiza,da Luz,marialuiza.daluz4654@yahoo.com.br,+55 (084) 0664 6763,2004-02-09,SQ874200,524,ASIA_MILES,104430
Luna,Gonçalves,luna.gonçalves4655@gmail.com,(061) 6069-4202,2002-12-02,IC726749,613,MILEAGE_PLUS,441586
Kevin,Sousa,kevin.sousa4656@yahoo.com.br,(084) 8852 3841,1984-09-11,CO800860,421,SKYWARDS,483241
Fernanda,Santos,fernanda.santos4657@bol.com.br,(041) 9847-4018,1978-10-04,IH236161,621,SMILES,246504
Davi,Mendes,davi.mendes4658@outlook.com.br,+55 61 3010 3561,1975-11-07,NK687544,136,SKYWARDS,460571
Vinicius,Peixoto,vinicius.peixoto4659@bol.com.br,0500-236-1167,1990-01-07,WJ871173,545,ASIA_MILES,472205
Maria Vitória,Viana,mariavitória.viana4660@bol.com.br,(061) 3133-4117,1970-11-30,QP590907,808,,141070
Caleb,Casa Grande,caleb.casagrande4661@live.com,0300 355 9732,1949-07-24,SR919895,350,SKYWARDS,392371
Natália,Sá,natália.sá4662@outlook.com.br,(081) 1775-0248,1977-10-12,RL159995,409,FLYING_BLUE,351116
Mathias,Peixoto,mathias.peixoto4663@hotmail.com,+55 (051) 6155 9892,1950-01-17,QZ170888,264,SKYWARDS,228021
Sabrina,Costela,sabrina.costela4664@live.com,(061) 5223-5655,1990-04-25,IV712249,955,SKYWARDS,337011
Enrico,Siqueira,enrico.siqueira4665@terra.com.br,+55 71 9275 4106,2003-08-13,LZ718784,610,TUDO_AZUL,137531
Maria Vitória,Fogaça,mariavitória.fogaça4666@icloud.com,41 8346-2580,1964-07-15,RU462029,610,,374056
Ana,Camargo,ana.camargo4667@hotmail.com,+55 61 6880 2812,1945-01-30,VV227747,918,SMILES,228144
Bella,Pacheco,bella.pacheco4668@terra.com.br,+55 (041) 5043-4426,1958-08-23,CL794360,234,,147400
José,Almeida,josé.almeida4669@bol.com.br,+55 31 4890 8049,1974-01-16,HH523064,396,FLYING_BLUE,445008
Ana Júlia,Souza,anajúlia.souza4670@live.com,21 3433 0666,1980-05-24,DV283561,565,,381124
Jade,Aparecida,jade.aparecida4671@bol.com.br,+55 (021) 3692-3822,1963-06-28,QZ182664,993,SMILES,359349
Brayan,Freitas,brayan.freitas4672@gmail.com,11 8028 9468,1952-11-06,OS176756,20,,416530
Mathias,Alves,mathias.alves4673@terra.com.br,(071) 8940-9866,1956-02-24,QI961561,524,TUDO_AZUL,158506
Mirella,Camargo,mirella.camargo4674@icloud.com,51 4864 6659,2006-02-01,DP693694,289,MILEAGE_PLUS,357508
Murilo,Fonseca,murilo.fonseca4675@yahoo.com.br,+55 51 8571 2122,2003-09-16,YL293998,850,,488682
Maria Vitória,Abreu,mariavitória.abreu4676@hotmail.com,+55 41 9235 7373,2005-05-19,FL502165,407,TUDO_AZUL,319727
Ravi,Cirino,ravi.cirino4677@terra.com.br,+55 (051) 1922 7196,1992-05-12,LF808997,213,,1679
Maria Julia,Ramos,mariajulia.ramos4678@gmail.com,+55 71 0537 1809,1955-09-22,WL330460,926,SMILES,180951
Sarah,Casa Grande,sarah.casagrande4679@gmail.com,(051) 3377 5312,1999-12-08,CZ345603,181,FLYING_BLUE,5754
Sarah,da Mota,sarah.damota4680@live.com,0300-433-1521,1990-06-26,QP967978,189,AADVANTAGE,354861
Jade,Lopes,jade.lopes4681@bol.com.br,+55 61 4507-4217,1987-02-24,VJ520002,407,TUDO_AZUL,86617
Pietra,Monteiro,pietra.monteiro4682@icloud.com,+55 31 0057-5257,1989-10-21,HB668151,527,MILEAGE_PLUS,410924
Emilly,Rodrigues,emilly.rodrigues4683@icloud.com,41 4928 9668,1953-06-11,DK643059,974,,298734
Eduardo,Albuquerque,eduardo.albuquerque4684@outlook.com.br,+55 31 0072-1826,1984-12-17,FK149302,488,LATAM_PASS,98953
Catarina,da Cruz,catarina.dacruz4685@terra.com.br,+55 31 8218-1088,1998-06-30,GG723496,770,AADVANTAGE,314557
Julia,Teixeira,julia.teixeira4686@bol.com.br,+55 84 9432 1474,2007-03-11,VO433293,132,MILES_AND_GO,443314
Rafael,Silveira,rafael.silveira4687@terra.com.br,0500 410 9758,1957-09-21,LY576028,594,MILEAGE_PLUS,192705
Maria Isis,Siqueira,mariaisis.siqueira4688@live.com,(021) 9879-6087,1985-09-14,SG185007,314,ASIA_MILES,45489
Dante,Pimenta,dante.pimenta4689@uol.com.br,+55 81 2762-9317,1965-05-17,XO156286,473,FLYING_BLUE,187790
Maria Isis,Andrade,mariaisis.andrade4690@live.com,+55 81 3096 6941,1970-11-03,UO862979,288,SMILES,324000
Laís,Cirino,laís.cirino4691@gmail.com,+55 61 5915 7314,1957-05-21,HM844922,4,TUDO_AZUL,159324
Marcos Vinicius,Alves,marcosvinicius.alves4692@terra.com.br,61 1605 0503,1981-09-15,EB178121,90,ASIA_MILES,229440
Brenda,Borges,brenda.borges4693@icloud.com,+55 (084) 8604-0081,1996-08-21,VB241134,327,,204494
João Gabriel,Cavalcante,joãogabriel.cavalcante4694@yahoo.com.br,+55 51 2800 6556,1977-07-28,EG497933,314,SMILES,214582
Ana Clara,Cavalcante,anaclara.cavalcante4695@bol.com.br,51 1972 3961,1962-02-04,XG638392,422,MILES_AND_GO,222244
João Vitor,da Rocha,joãovitor.darocha4696@yahoo.com.br,+55 81 2616 7336,1985-07-26,AL606048,307,FLYING_BLUE,442281
Juliana,Aparecida,juliana.aparecida4697@terra.com.br,41 9445-2490,1953-08-29,BY953610,451,MILEAGE_PLUS,247988
Ayla,da Rocha,ayla.darocha4698@hotmail.com,+55 (031) 3715-3579,1955-05-14,BH190026,41,SMILES,368314
Camila,da Conceição,camila.daconceição4699@bol.com.br,(081) 5928 1515,1990-02-24,KD218070,86,,90062
Ana Lívia,Melo,analívia.melo4700@uol.com.br,21 3193 3665,1966-05-21,PX578697,446,,55825
João Pedro,Rios,joãopedro.rios4701@gmail.com,(051) 4612 8054,1956-09-19,GQ525586,794,FLYING_BLUE,75165
Ravy,Oliveira,ravy.oliveira4702@hotmail.com,+55 (084) 2255-6001,2004-05-23,SH767420,572,,388261
Dante,Camargo,dante.camargo4703@bol.com.br,(081) 4783 6437,1986-11-11,ZG812927,995,,187674
Vicente,Moraes,vicente.moraes4704@yahoo.com.br,71 2329 8618,1986-03-16,RN459113,370,EXECUTIVE_CLUB,370069
Milena,Pimenta,milena.pimenta4705@hotmail.com,61 3591 2470,1974-10-07,CZ960923,134,EXECUTIVE_CLUB,139296
Agatha,Siqueira,agatha.siqueira4706@uol.com.br,+55 (011) 4021-4099,1947-01-19,RV443401,734,AADVANTAGE,17315
Gael,Silva,gael.silva4707@bol.com.br,0900 214 1710,1994-07-07,KN360944,382,,117806
Emanuel,Pereira,emanuel.pereira4708@hotmail.com,(051) 4022 4806,1994-02-17,AW531722,453,EXECUTIVE_CLUB,231234
Theodoro,Cavalcanti,theodoro.cavalcanti4709@gmail.com,84 8633-2002,1961-07-20,HR408445,75,LATAM_PASS,12414
Luara,Moraes,luara.moraes4710@uol.com.br,(061) 0073-4953,1980-04-29,UO309947,679,SKYWARDS,76977
Stella,Ribeiro,stella.ribeiro4711@hotmail.com,+55 61 3611 5064,1941-01-17,SI920175,991,MILEAGE_PLUS,402245
Lívia,Fogaça,lívia.fogaça4712@outlook.com.br,61 1396 1107,1990-12-05,JY181350,757,LATAM_PASS,427285
Isabela,Teixeira,isabela.teixeira4713@bol.com.br,+55 21 4036-1840,1971-05-03,PD987846,237,ASIA_MILES,100213
Isadora,Brito,isadora.brito4714@bol.com.br,61 5460-0811,1990-03-23,RM325484,905,SMILES,481838
Mirella,da Rocha,mirella.darocha4715@outlook.com.br,(051) 0320 7726,1997-02-01,YQ805180,371,EXECUTIVE_CLUB,71369
Fernando,Farias,fernando.farias4716@outlook.com.br,71 4933-1476,1997-03-03,XZ467331,592,TUDO_AZUL,325149
Sabrina,Silva,sabrina.silva4717@bol.com.br,71 3883 4863,1992-03-25,QE929159,535,LATAM_PASS,85790
Benjamin,Barbosa,benjamin.barbosa4718@icloud.com,81 4450-2528,2003-03-21,EQ167588,440,,61093
Vitor Gabriel,Câmara,vitorgabriel.câmara4719@hotmail.com,0300 543 1303,1950-10-05,VR272959,931,,111297
Evelyn,Cavalcanti,evelyn.cavalcanti4720@bol.com.br,+55 (051) 3900-6728,1971-01-28,GY273038,582,SKYWARDS,344490
Levi,Duarte,levi.duarte4721@yahoo.com.br,(011) 4233 1132,1997-08-13,DS391372,1000,MILEAGE_PLUS,438322
Marcela,Mendes,marcela.mendes4722@uol.com.br,+55 84 1769 7970,1959-04-14,AW105045,864,FLYING_BLUE,290398
Vitor,Fonseca,vitor.fonseca4723@yahoo.com.br,+55 84 0597 9884,1996-10-06,UK214012,536,,399482
Emanuelly,Dias,emanuelly.dias4724@bol.com.br,(071) 3058-1630,1951-06-09,DK853057,466,,254461
Natália,Barbosa,natália.barbosa4725@icloud.com,+55 31 2815-9572,1995-04-24,LB384212,89,LATAM_PASS,324219
Luana,Machado,luana.machado4726@outlook.com.br,41 7987-6059,1985-09-19,AK106962,510,EXECUTIVE_CLUB,114637
Fernando,Silva,fernando.silva4727@yahoo.com.br,(041) 9728-8246,1984-04-22,DF513993,617,TUDO_AZUL,71710
Murilo,Ferreira,murilo.ferreira4728@icloud.com,(084) 9321 0985,2006-04-09,XG704666,933,MILEAGE_PLUS,214741
Clara,Gomes,clara.gomes4729@terra.com.br,(081) 6801-7829,1995-12-31,RP803163,134,ASIA_MILES,109993
Luigi,Lima,luigi.lima4730@icloud.com,71 9851-5519,2004-07-25,NH890053,128,,460287
Heloísa,Farias,heloísa.farias4731@live.com,84 1691-7231,1985-07-11,PQ558517,966,EXECUTIVE_CLUB,29884
Theodoro,Sampaio,theodoro.sampaio4732@gmail.com,+55 71 5354 8137,1958-06-09,RV631469,719,EXECUTIVE_CLUB,293534
Caio,Cirino,caio.cirino4733@outlook.com.br,31 9200-5820,2002-04-21,EU323281,860,ASIA_MILES,446348
Rodrigo,Ferreira,rodrigo.ferreira4734@live.com,(011) 1814 6950,1960-04-12,BX151005,941,AADVANTAGE,76424
Maria Laura,Sousa,marialaura.sousa4735@hotmail.com,(031) 1580 4657,1988-10-18,FH636620,587,TUDO_AZUL,472276
João,Barbosa,joão.barbosa4736@hotmail.com,(041) 2884-3597,1977-12-28,JC877623,165,,195102
Calebe,Correia,calebe.correia4737@terra.com.br,(084) 1169 9860,1966-06-02,ZY539452,200,FLYING_BLUE,132787
Marina,Monteiro,marina.monteiro4738@icloud.com,(031) 0310 5953,1996-06-10,PM978198,145,MILEAGE_PLUS,219302
Luiz Henrique,Fonseca,luizhenrique.fonseca4739@gmail.com,21 8042 6726,1974-12-04,CQ414263,741,SMILES,392119
Kamilly,Gomes,kamilly.gomes4740@icloud.com,(031) 9474 6925,1949-08-21,UP969485,716,SMILES,426092
Luna,Leão,luna.leão4741@yahoo.com.br,81 5840 3526,1957-06-10,RX617095,685,MILES_AND_GO,241336
João Lucas,Barbosa,joãolucas.barbosa4742@yahoo.com.br,(011) 0784 4371,1944-04-15,CD500562,75,FLYING_BLUE,134271
Calebe,Alves,calebe.alves4743@uol.com.br,(051) 3912 0408,1946-10-17,DH482031,709,,81257
Caio,Guerra,caio.guerra4744@uol.com.br,(041) 6315-8690,1993-10-08,OA973154,19,EXECUTIVE_CLUB,456765
Ana Laura,Fonseca,analaura.fonseca4745@hotmail.com,+55 (031) 9311-3718,1956-09-07,YP633305,9,MILES_AND_GO,96031
Ryan,da Paz,ryan.dapaz4746@icloud.com,+55 41 0863-7012,1985-05-10,JA815263,962,,446679
Lorena,Monteiro,lorena.monteiro4747@live.com,(031) 9414-2824,1941-09-03,SP935111,112,MILEAGE_PLUS,97323
Sophie,Nascimento,sophie.nascimento4748@uol.com.br,(041) 4682 0401,1946-05-16,QH387480,976,FLYING_BLUE,177373
Zoe,Albuquerque,zoe.albuquerque4749@live.com,+55 84 9800-6595,1982-02-12,JR121241,6,TUDO_AZUL,319569
Pietro,da Cunha,pietro.dacunha4750@live.com,(084) 7651 3960,1979-02-23,CI949807,443,FLYING_BLUE,86423
Gael,Cunha,gael.cunha4751@hotmail.com,+55 81 1070 3247,1955-10-04,NA665412,570,MILEAGE_PLUS,29167
João Felipe,Marques,joãofelipe.marques4752@hotmail.com,+55 (011) 2463-9484,1994-05-27,CM126431,491,TUDO_AZUL,94590
Enzo Gabriel,Novais,enzogabriel.novais4753@bol.com.br,21 6935-0285,1978-11-23,GQ908169,862,,312331
Anthony,Caldeira,anthony.caldeira4754@bol.com.br,51 9773 5368,1970-01-29,OB671307,964,,323745
Laís,Rodrigues,laís.rodrigues4755@outlook.com.br,0300-617-0277,1969-10-02,XZ454412,147,,436010
Cecília,Souza,cecília.souza4756@hotmail.com,+55 31 0724 8351,2005-03-26,BU810342,625,,268396
Kamilly,Mendes,kamilly.mendes4757@gmail.com,+55 (041) 3775 6586,1947-07-31,DX220869,924,,406667
Antonella,Pastor,antonella.pastor4758@bol.com.br,(081) 3852-2197,1967-09-09,JT153043,895,,23886
Laís,Guerra,laís.guerra4759@bol.com.br,21 8071 9064,1991-07-14,ZC858204,811,EXECUTIVE_CLUB,235414
Bruna,Martins,bruna.martins4760@gmail.com,+55 (021) 4629-5668,1943-02-12,YC162495,825,ASIA_MILES,60100
Benicio,Fonseca,benicio.fonseca4761@hotmail.com,0800 472 5948,1945-02-01,FU539022,749,,230117
Lívia,Mendes,lívia.mendes4762@outlook.com.br,+55 (041) 6853-1400,1948-07-07,MC671225,120,EXECUTIVE_CLUB,86776
Benício,Cirino,benício.cirino4763@uol.com.br,(071) 6736-0517,1995-02-24,QW822448,196,,45081
Davi Luiz,da Conceição,daviluiz.daconceição4764@outlook.com.br,+55 84 5923-6499,1959-09-22,AW315952,101,ASIA_MILES,107903
Mariah,Silveira,mariah.silveira4765@icloud.com,+55 21 2461 2559,1964-12-06,TX684972,641,,38768
Anna Liz,Sampaio,annaliz.sampaio4766@outlook.com.br,0300-231-8314,2007-06-01,AV353699,329,FLYING_BLUE,163521
Luiz Fernando,Freitas,luizfernando.freitas4767@outlook.com.br,+55 (071) 5183-7339,1942-12-14,DF324613,65,AADVANTAGE,479847
Gustavo Henrique,Montenegro,gustavohenrique.montenegro4768@bol.com.br,51 6061 5048,1984-09-07,VP568467,1,FLYING_BLUE,118629
Eloah,das Neves,eloah.dasneves4769@icloud.com,(041) 3900 2089,1973-01-15,HA178728,902,,324276
Heitor,da Luz,heitor.daluz4770@gmail.com,0900 646 6424,1990-05-09,FR613646,647,,72788
Alice,Barbosa,alice.barbosa4771@icloud.com,(071) 5430-7141,1951-12-23,TC359502,1000,LATAM_PASS,382124
Manuela,das Neves,manuela.dasneves4772@live.com,+55 51 5749 9647,1983-07-26,BH197442,393,MILES_AND_GO,470613
Lucas,Cunha,lucas.cunha4773@outlook.com.br,61 1176 1470,2003-03-27,AU728727,557,SKYWARDS,387803
Lucas Gabriel,Machado,lucasgabriel.machado4774@bol.com.br,+55 (081) 4986 1117,1984-02-09,BQ543404,211,SMILES,385261
Lucca,da Mata,lucca.damata4775@live.com,81 9146-5346,1986-09-12,WV724430,643,MILES_AND_GO,210606
Enrico,Pinto,enrico.pinto4776@yahoo.com.br,+55 (051) 0120 2989,1957-06-17,YJ796686,323,EXECUTIVE_CLUB,421617
Clara,Fogaça,clara.fogaça4777@bol.com.br,51 1726 7312,1995-08-14,YR456953,439,ASIA_MILES,101777
Noah,da Paz,noah.dapaz4778@gmail.com,(051) 2117-4560,1957-08-27,II958144,39,FLYING_BLUE,264094
João Vitor,Sousa,joãovitor.sousa4779@outlook.com.br,(071) 1406-2096,1994-07-16,RK662099,430,,56657
Nathan,Azevedo,nathan.azevedo4780@live.com,81 6489-7143,1986-05-03,WW659709,615,MILES_AND_GO,416701
Luara,Jesus,luara.jesus4781@gmail.com,+55 (011) 9867 8000,1990-11-11,DS263264,600,MILES_AND_GO,41137
Davi Lucca,Viana,davilucca.viana4782@uol.com.br,+55 (061) 3490 2575,1954-02-16,SW633968,136,MILEAGE_PLUS,341349
Erick,Araújo,erick.araújo4783@icloud.com,+55 21 9390 1540,1984-07-01,GB298110,348,ASIA_MILES,298193
Anna Liz,Gonçalves,annaliz.gonçalves4784@yahoo.com.br,0300 595 1975,1968-04-06,IV105537,960,,56822
Noah,Pereira,noah.pereira4785@icloud.com,0300 547 6909,2005-06-22,EH555570,100,,222462
Vitor,Borges,vitor.borges4786@terra.com.br,51 3195 9035,1975-10-02,MB314829,226,MILES_AND_GO,296085
Maysa,Vargas,maysa.vargas4787@gmail.com,+55 (061) 2481-3929,1968-02-05,OV706339,703,SMILES,403105
Vicente,Cirino,vicente.cirino4788@icloud.com,+55 81 7651 1402,1973-02-20,WK805169,541,EXECUTIVE_CLUB,214243
Bryan,Almeida,bryan.almeida4789@live.com,+55 (071) 1065-2677,1985-01-22,CZ964033,347,MILEAGE_PLUS,368667
Isis,Marques,isis.marques4790@outlook.com.br,+55 41 9171-0434,2007-01-03,WZ448162,205,,52894
Davi Lucca,Andrade,davilucca.andrade4791@outlook.com.br,+55 81 8647 9231,2008-04-12,EG410128,79,AADVANTAGE,254799
Maria Luiza,Silva,marialuiza.silva4792@outlook.com.br,+55 41 4788 2448,1945-12-08,PK988832,762,SMILES,430001
Guilherme,Duarte,guilherme.duarte4793@outlook.com.br,+55 81 6439 6945,1959-05-21,DI811735,872,,435033
Henrique,Ferreira,henrique.ferreira4794@hotmail.com,+55 11 6131 4897,1985-12-10,UW381440,127,MILEAGE_PLUS,295874
Diogo,Souza,diogo.souza4795@terra.com.br,+55 61 4623 0137,1963-02-16,WS331899,40,FLYING_BLUE,399692
Ian,Novaes,ian.novaes4796@uol.com.br,(061) 6652-6853,1950-06-30,PW182087,169,MILES_AND_GO,90750
Arthur,Macedo,arthur.macedo4797@bol.com.br,(041) 0143 6644,1989-10-11,DF560699,370,,434858
Liz,Nunes,liz.nunes4798@gmail.com,+55 84 6664-5029,1951-06-10,BS895845,727,,427947
Maria Cecília,Barbosa,mariacecília.barbosa4799@icloud.com,+55 31 3194-7235,1979-06-10,EI984685,301,EXECUTIVE_CLUB,261726
Lucas,Siqueira,lucas.siqueira4800@bol.com.br,51 0719 6314,1976-02-22,UV801682,210,FLYING_BLUE,96985
João Pedro,Nunes,joãopedro.nunes4801@hotmail.com,(071) 1686 2124,1976-06-27,EO596516,660,SMILES,336353
Raul,Nunes,raul.nunes4802@gmail.com,41 1597-3248,1983-08-02,CK480953,633,SMILES,457306
Marcos Vinicius,Rodrigues,marcosvinicius.rodrigues4803@hotmail.com,+55 21 5942 9689,1981-11-25,BV437871,205,,257580
Alice,Fogaça,alice.fogaça4804@live.com,+55 81 9987 2607,2004-05-23,NU204081,234,SMILES,385335
Henrique,Moreira,henrique.moreira4805@live.com,+55 (031) 9752 8513,1996-02-27,WR208830,878,MILEAGE_PLUS,229931
José Miguel,Pimenta,josémiguel.pimenta4806@gmail.com,(061) 1373-8849,1978-09-26,PV955936,822,TUDO_AZUL,373514
Antonella,Moreira,antonella.moreira4807@uol.com.br,+55 61 3584-9727,1986-11-27,WA841422,516,SMILES,325206
Maria Flor,Oliveira,mariaflor.oliveira4808@hotmail.com,(041) 5094 8326,1954-11-07,MI705233,168,,475697
Eduardo,Gonçalves,eduardo.gonçalves4809@live.com,+55 71 5687-9468,1966-03-17,PD499203,476,TUDO_AZUL,369051
Evelyn,Macedo,evelyn.macedo4810@outlook.com.br,31 6340-5829,1972-01-22,TN702134,123,MILES_AND_GO,398537
Brayan,Pimenta,brayan.pimenta4811@live.com,(031) 6832 2735,1943-09-30,MB691162,328,,109676
Alice,Monteiro,alice.monteiro4812@hotmail.com,11 5340 1099,1961-04-25,TG381697,619,TUDO_AZUL,111706
Isabel,Silva,isabel.silva4813@outlook.com.br,+55 71 7990-7370,1984-11-13,AM595261,615,SKYWARDS,218211
Lívia,Souza,lívia.souza4814@bol.com.br,+55 (081) 4875-0029,1996-09-21,OG309919,66,MILEAGE_PLUS,252475
Olivia,Aragão,olivia.aragão4815@outlook.com.br,(081) 9042 1685,1962-09-29,CU705618,988,EXECUTIVE_CLUB,398577
Enzo,Vieira,enzo.vieira4816@outlook.com.br,(084) 7720 8979,1953-10-30,RJ513576,977,MILEAGE_PLUS,60183
Gustavo Henrique,Ramos,gustavohenrique.ramos4817@icloud.com,+55 51 6164 5693,1977-03-04,HH874075,589,TUDO_AZUL,410326
Zoe,Vieira,zoe.vieira4818@yahoo.com.br,61 1199 5882,1945-04-08,NE648140,613,LATAM_PASS,375124
Yuri,Carvalho,yuri.carvalho4819@live.com,61 1083-0007,1984-09-01,VQ305679,752,FLYING_BLUE,449147
Eloah,da Costa,eloah.dacosta4820@live.com,+55 31 4227 6903,1999-03-01,RX750988,731,AADVANTAGE,98207
Luiza,Cavalcante,luiza.cavalcante4821@outlook.com.br,+55 84 4332-7885,2000-10-06,MI744040,137,,374401
Eduarda,Mendes,eduarda.mendes4822@bol.com.br,0900 262 7773,1986-05-31,XY485465,685,SKYWARDS,193488
Arthur Miguel,Rocha,arthurmiguel.rocha4823@yahoo.com.br,(011) 0316-5087,1954-02-24,XF836576,365,TUDO_AZUL,133242
Esther,Ferreira,esther.ferreira4824@hotmail.com,+55 21 9920-5177,1974-03-30,CM180010,397,,435027
Enzo Gabriel,Moraes,enzogabriel.moraes4825@icloud.com,(051) 4944-2318,1977-11-15,MY354810,515,FLYING_BLUE,96413
Joaquim,Azevedo,joaquim.azevedo4826@bol.com.br,(081) 3191-9756,1944-04-04,ZH697013,368,,44920
Sara,Câmara,sara.câmara4827@yahoo.com.br,(081) 0456-9876,1967-10-10,PW382425,327,,35877
Otávio,da Rocha,otávio.darocha4828@icloud.com,61 5472 2303,2001-10-20,ZR378683,542,LATAM_PASS,123271
Benjamin,Sá,benjamin.sá4829@icloud.com,0800-388-7056,1962-12-03,EX806203,986,MILEAGE_PLUS,242794
Maria Vitória,Lopes,mariavitória.lopes4830@icloud.com,+55 (031) 0347-2331,1944-05-06,UG319259,257,SKYWARDS,451405
João Gabriel,Castro,joãogabriel.castro4831@live.com,81 0810-8887,2000-06-11,DN667713,213,FLYING_BLUE,293052
Davi,Costa,davi.costa4832@bol.com.br,(041) 8077 3834,1959-03-10,US947798,149,MILEAGE_PLUS,189386
Cecília,Correia,cecília.correia4833@outlook.com.br,+55 21 5968-5683,1962-07-05,JT480971,913,TUDO_AZUL,257303
Yasmin,Oliveira,yasmin.oliveira4834@gmail.com,+55 (061) 5268 6676,1964-02-08,ZS609101,116,,334422
Emilly,Jesus,emilly.jesus4835@bol.com.br,71 0093 0374,1942-01-11,XZ312105,178,SMILES,359793
Caio,Sousa,caio.sousa4836@gmail.com,(021) 3924-9484,1983-04-27,GC334596,929,MILES_AND_GO,58550
Daniel,da Conceição,daniel.daconceição4837@hotmail.com,+55 51 8377 4284,1956-01-13,AH321053,464,MILES_AND_GO,379130
Luigi,Viana,luigi.viana4838@icloud.com,(061) 1775 6565,1996-07-09,XH907521,394,LATAM_PASS,308005
Stephany,Moreira,stephany.moreira4839@bol.com.br,0900 181 6546,1968-04-30,CZ327456,862,SKYWARDS,356993
Ravy,Garcia,ravy.garcia4840@icloud.com,+55 (081) 5245 7951,1989-12-08,HD551225,947,ASIA_MILES,61407
Luna,Aparecida,luna.aparecida4841@outlook.com.br,(011) 9527 6165,1984-02-08,WP939045,223,MILES_AND_GO,307148
Clara,da Cruz,clara.dacruz4842@yahoo.com.br,+55 (061) 6642-6519,1990-07-13,RR349779,171,AADVANTAGE,168364
Maria Helena,Lopes,mariahelena.lopes4843@yahoo.com.br,+55 81 6635 0570,1946-11-06,BD179185,565,,348254
Bianca,Oliveira,bianca.oliveira4844@hotmail.com,(071) 8766-3428,1991-05-13,LE671475,465,,255757
Rael,Costa,rael.costa4845@yahoo.com.br,31 3562-7371,1954-07-24,MV346668,514,TUDO_AZUL,173149
Erick,Nunes,erick.nunes4846@hotmail.com,31 2060-4540,1996-09-18,GY136248,482,,244682
Luana,Vasconcelos,luana.vasconcelos4847@icloud.com,+55 (084) 0113-4826,1952-05-23,VW874546,436,SMILES,51322
Emilly,Siqueira,emilly.siqueira4848@terra.com.br,+55 84 8783 4819,1946-03-03,HF535934,743,EXECUTIVE_CLUB,142842
Camila,Mendes,camila.mendes4849@hotmail.com,71 3970 9035,1961-08-20,HD182906,642,SKYWARDS,311987
Cecília,Siqueira,cecília.siqueira4850@yahoo.com.br,0300 709 6501,1983-01-09,AZ541028,806,SMILES,140881
Maria Fernanda,Melo,mariafernanda.melo4851@yahoo.com.br,+55 41 3832-9769,1973-06-30,MO939173,811,ASIA_MILES,128588
Gabriel,Camargo,gabriel.camargo4852@uol.com.br,51 8336 5894,1946-10-22,FG530450,484,SMILES,194291
Leandro,Machado,leandro.machado4853@icloud.com,+55 41 8164-5376,2005-02-15,HN848961,654,LATAM_PASS,362740
Luara,Camargo,luara.camargo4854@bol.com.br,84 0137-4258,1947-10-22,AK219954,659,,192908
Melina,Barros,melina.barros4855@hotmail.com,11 1422-7541,1968-06-27,CX308329,268,ASIA_MILES,32485
Carlos Eduardo,Pacheco,carloseduardo.pacheco4856@terra.com.br,0800-756-8542,1996-01-18,OW251822,543,TUDO_AZUL,184510
Benicio,Jesus,benicio.jesus4857@outlook.com.br,+55 51 2494 4348,1970-07-05,KV184859,319,MILEAGE_PLUS,335132
Ayla,da Luz,ayla.daluz4858@yahoo.com.br,0300 860 9784,1942-04-14,SB864615,842,MILEAGE_PLUS,49110
Nicole,Correia,nicole.correia4859@icloud.com,+55 (081) 9242-8112,1978-10-30,KV907545,944,MILES_AND_GO,101325
Marcos Vinicius,Pires,marcosvinicius.pires4860@outlook.com.br,0800 382 8877,1951-03-10,XT937116,634,MILEAGE_PLUS,471437
Mariah,Nogueira,mariah.nogueira4861@live.com,+55 71 3503 5743,1954-02-28,DG339836,101,FLYING_BLUE,496287
Ryan,Pacheco,ryan.pacheco4862@terra.com.br,+55 (041) 3978 8630,2000-07-12,FK311233,209,ASIA_MILES,260858
Vinicius,Alves,vinicius.alves4863@live.com,+55 51 9888 8663,1960-03-05,UD689914,946,SMILES,78907
Guilherme,Silveira,guilherme.silveira4864@icloud.com,61 7463 3034,1954-04-25,WE936330,668,MILES_AND_GO,105723
Vitor Hugo,Gomes,vitorhugo.gomes4865@live.com,+55 (061) 2768 0670,1992-11-07,GZ391353,559,SKYWARDS,337542
Vinicius,Novais,vinicius.novais4866@gmail.com,61 3430-6903,1953-10-07,NA164740,960,MILEAGE_PLUS,20720
Anna Liz,Sousa,annaliz.sousa4867@terra.com.br,+55 81 1672-0906,1966-02-20,GA923425,10,EXECUTIVE_CLUB,202986
Isaac,Casa Grande,isaac.casagrande4868@yahoo.com.br,+55 51 8980 3263,2004-07-22,HQ537410,267,ASIA_MILES,331817
Davi Lucas,Albuquerque,davilucas.albuquerque4869@hotmail.com,+55 51 8808 6296,1998-03-09,TS905852,174,FLYING_BLUE,323188
Julia,Cavalcante,julia.cavalcante4870@yahoo.com.br,+55 71 9122 6675,1953-08-26,EI238153,661,EXECUTIVE_CLUB,357539
Evelyn,Ferreira,evelyn.ferreira4871@uol.com.br,71 3735-7998,2003-10-28,TW848738,564,LATAM_PASS,262152
Marina,Rocha,marina.rocha4872@uol.com.br,61 8939 1852,1960-10-09,LY818348,400,SMILES,316812
Ian,Vasconcelos,ian.vasconcelos4873@bol.com.br,(051) 9599-3869,1999-10-18,DV669698,899,ASIA_MILES,140340
Otávio,Novaes,otávio.novaes4874@uol.com.br,+55 (051) 3854 7289,1997-07-30,IF127227,406,ASIA_MILES,72182
Evelyn,Pimenta,evelyn.pimenta4875@bol.com.br,+55 84 1145 8561,1993-09-07,UX479348,394,AADVANTAGE,67119
Maria Vitória,Moraes,mariavitória.moraes4876@gmail.com,(021) 8189 0290,1996-02-24,TD706800,208,SMILES,194960
Gael,Moura,gael.moura4877@hotmail.com,+55 21 4072 9488,1976-09-09,WM606414,701,AADVANTAGE,55562
Nicolas,Azevedo,nicolas.azevedo4878@icloud.com,+55 (011) 0705 7377,1944-10-25,IW580648,181,,223131
Theo,Costa,theo.costa4879@icloud.com,(041) 1409-6198,1996-10-02,VP673313,733,ASIA_MILES,29267
Alícia,da Cruz,alícia.dacruz4880@yahoo.com.br,+55 (041) 3254 4081,1952-05-06,II277090,156,SMILES,325531
Theo,Monteiro,theo.monteiro4881@yahoo.com.br,(084) 7631-1513,1988-09-12,OY517192,576,EXECUTIVE_CLUB,131956
Joana,Gonçalves,joana.gonçalves4882@terra.com.br,+55 41 0679-1338,1947-07-07,QZ199044,599,,447053
Théo,da Conceição,théo.daconceição4883@bol.com.br,61 3184 7612,1989-11-19,AG325062,68,FLYING_BLUE,365485
Ana Luiza,Andrade,analuiza.andrade4884@outlook.com.br,+55 (011) 9378-9540,1986-12-17,DQ863082,44,MILES_AND_GO,456843
Vitor Hugo,Mendonça,vitorhugo.mendonça4885@live.com,(081) 9320-8284,2003-04-24,VL884381,819,LATAM_PASS,477204
Gustavo Henrique,Moreira,gustavohenrique.moreira4886@icloud.com,0500 469 5847,2003-08-20,NI973818,372,SKYWARDS,206892
Joaquim,Costela,joaquim.costela4887@outlook.com.br,41 6436-8128,1984-12-05,KZ329774,231,ASIA_MILES,352521
Davi Luiz,Sousa,daviluiz.sousa4888@hotmail.com,+55 11 1052-1562,1973-04-21,UU721177,74,MILEAGE_PLUS,14318
Melina,Novais,melina.novais4889@uol.com.br,+55 81 3429 9264,1945-03-27,GO779546,710,MILES_AND_GO,465609
Maria Luiza,Gomes,marialuiza.gomes4890@outlook.com.br,+55 (071) 3018 5077,1962-03-24,WD114722,181,AADVANTAGE,344072
Marcos Vinicius,Alves,marcosvinicius.alves4891@terra.com.br,0800-771-4369,1963-08-14,DC825206,459,,107876
Gael,Macedo,gael.macedo4892@hotmail.com,0500-120-4644,1962-04-10,KG593618,505,FLYING_BLUE,419223
Ana Beatriz,Guerra,anabeatriz.guerra4893@yahoo.com.br,+55 71 1397-4669,1972-05-23,WC293034,317,,320161
Ravi,da Rosa,ravi.darosa4894@outlook.com.br,(031) 9057 5207,1993-04-26,ZE133350,729,EXECUTIVE_CLUB,170912
Luiz Felipe,Teixeira,luizfelipe.teixeira4895@bol.com.br,84 3113 4338,1978-03-11,KK421458,361,ASIA_MILES,189584
Francisco,Correia,francisco.correia4896@yahoo.com.br,+55 51 6076 2650,1941-03-06,AJ188192,575,LATAM_PASS,23222
Letícia,das Neves,letícia.dasneves4897@gmail.com,81 8406 9722,1955-01-06,VV615983,838,AADVANTAGE,145226
Eduarda,Rocha,eduarda.rocha4898@live.com,+55 51 1210 7264,1953-02-21,ZH663747,663,FLYING_BLUE,361977
Kevin,Mendonça,kevin.mendonça4899@yahoo.com.br,+55 (084) 6096 4771,1962-05-24,AS973920,518,,103221
Isis,Duarte,isis.duarte4900@uol.com.br,+55 84 3469-9480,1964-03-01,PR328206,160,LATAM_PASS,302329
Aylla,Mendonça,aylla.mendonça4901@hotmail.com,31 1878-1770,2000-08-13,RA122178,622,MILES_AND_GO,231146
Maria Sophia,Gonçalves,mariasophia.gonçalves4902@uol.com.br,0800-237-3235,1953-02-06,HQ798123,999,,417365
Igor,da Paz,igor.dapaz4903@yahoo.com.br,+55 31 5443-2408,1990-08-29,BH356624,787,EXECUTIVE_CLUB,346725
Isabella,da Cruz,isabella.dacruz4904@yahoo.com.br,+55 (081) 1682-6882,1975-07-22,HP229920,895,MILES_AND_GO,95818
Maria Júlia,Vargas,mariajúlia.vargas4905@gmail.com,31 6502-1360,2007-04-04,PS141259,947,MILES_AND_GO,365226
Melissa,Aparecida,melissa.aparecida4906@outlook.com.br,84 3174-2744,1943-07-01,VH275341,974,TUDO_AZUL,177995
Sofia,Pastor,sofia.pastor4907@icloud.com,+55 71 6883 4842,1977-03-05,VG761484,810,SMILES,155801
Lara,Cirino,lara.cirino4908@terra.com.br,+55 (031) 4118 5565,1989-05-03,TC136243,23,EXECUTIVE_CLUB,470968
Maria Liz,Lima,marializ.lima4909@hotmail.com,+55 (031) 8288 3469,2004-09-12,TD402963,681,,190906
Carlos Eduardo,Pereira,carloseduardo.pereira4910@gmail.com,0500-554-5633,1966-01-14,QW264404,969,MILES_AND_GO,12594
Antonella,Cassiano,antonella.cassiano4911@terra.com.br,+55 (061) 6159-8268,2002-08-13,VV675547,396,,430768
Gael,Sales,gael.sales4912@gmail.com,(051) 6250 6680,2003-12-18,AM413244,928,,480924
Mathias,Pires,mathias.pires4913@outlook.com.br,+55 (071) 2651 6353,2002-05-14,WE567145,491,TUDO_AZUL,196022
Maria Luiza,Correia,marialuiza.correia4914@yahoo.com.br,(021) 2900 0476,1954-09-28,SI613038,187,LATAM_PASS,151829
Isabelly,Pimenta,isabelly.pimenta4915@bol.com.br,(051) 9268 0873,2005-06-07,DF889599,504,SMILES,462740
Bryan,Silveira,bryan.silveira4916@gmail.com,(061) 2336 3145,1979-06-09,FZ974392,641,TUDO_AZUL,296575
Vitor Hugo,Pires,vitorhugo.pires4917@outlook.com.br,+55 21 5225 5519,2003-01-05,VL796161,677,,243441
Heloísa,Monteiro,heloísa.monteiro4918@terra.com.br,11 6164-8042,1973-10-05,UE670935,386,AADVANTAGE,175566
Igor,Vasconcelos,igor.vasconcelos4919@gmail.com,+55 (021) 6218 2358,1941-09-08,TA278463,463,,397986
Laís,Costela,laís.costela4920@outlook.com.br,71 7893-1489,1956-09-07,MZ574530,864,LATAM_PASS,466956
Dante,da Rosa,dante.darosa4921@bol.com.br,(081) 2666 4570,1978-12-20,XU918574,419,EXECUTIVE_CLUB,170536
Kevin,Sales,kevin.sales4922@outlook.com.br,0500-148-0405,2000-11-20,QB687561,296,,424278
Vinicius,Caldeira,vinicius.caldeira4923@yahoo.com.br,+55 21 3450-5635,1973-05-28,QT215307,482,TUDO_AZUL,462936
Pedro Henrique,Vasconcelos,pedrohenrique.vasconcelos4924@icloud.com,(081) 6236-2288,1960-07-13,QM379772,874,AADVANTAGE,182011
Kevin,Rodrigues,kevin.rodrigues4925@outlook.com.br,+55 (081) 7135 7966,1984-11-15,CQ640761,959,LATAM_PASS,149357
Ana Carolina,da Cruz,anacarolina.dacruz4926@terra.com.br,0500-513-9475,1967-02-15,VG825229,66,MILES_AND_GO,125453
Ana Laura,da Conceição,analaura.daconceição4927@bol.com.br,51 7787 3715,1982-01-16,FY675017,160,ASIA_MILES,46017
Luiz Otávio,Santos,luizotávio.santos4928@live.com,+55 21 0062-7727,1953-10-30,WX756621,80,,246052
Erick,Azevedo,erick.azevedo4929@uol.com.br,71 9471 2673,1962-07-27,CB570330,199,SMILES,396524
Laura,Farias,laura.farias4930@gmail.com,+55 (084) 3140-7490,1972-06-04,KK791374,384,SKYWARDS,459376
Anthony Gabriel,Lima,anthonygabriel.lima4931@icloud.com,+55 (031) 6202-1230,1957-05-29,DU357996,597,EXECUTIVE_CLUB,45032
Apollo,Moura,apollo.moura4932@outlook.com.br,+55 (031) 0885-8306,1947-12-14,PD384292,822,MILEAGE_PLUS,141508
Bella,Gonçalves,bella.gonçalves4933@uol.com.br,21 3685 3024,1956-02-02,FC852689,198,ASIA_MILES,239251
Eduardo,Sampaio,eduardo.sampaio4934@icloud.com,(051) 7236 4030,1969-10-29,YJ246565,881,SKYWARDS,184014
Hadassa,Mendonça,hadassa.mendonça4935@terra.com.br,0900-919-7555,1944-07-01,QR811297,535,TUDO_AZUL,67498
Ana Luiza,Sales,analuiza.sales4936@gmail.com,(084) 6639-0565,1960-05-06,OX811753,58,,348394
João Lucas,Pacheco,joãolucas.pacheco4937@terra.com.br,+55 (051) 6359-0434,2001-04-12,PH370887,203,MILES_AND_GO,92296
João,Alves,joão.alves4938@live.com,(031) 7661-3030,1964-03-04,PV982647,872,,81692
Joana,Rezende,joana.rezende4939@gmail.com,0900 567 7318,1947-08-23,EE136116,837,MILES_AND_GO,321711
Ísis,da Mota,ísis.damota4940@yahoo.com.br,+55 (011) 4789-3069,1993-07-03,BV656228,812,,242431
João Vitor,Pimenta,joãovitor.pimenta4941@gmail.com,(081) 5438 1285,1989-04-09,MV569894,166,AADVANTAGE,147983
Vitória,Cirino,vitória.cirino4942@bol.com.br,71 0024-1260,1954-10-21,VX423885,600,LATAM_PASS,432605
Oliver,Farias,oliver.farias4943@bol.com.br,(061) 8595 8013,1952-09-25,OS273122,140,EXECUTIVE_CLUB,31559
José,Gomes,josé.gomes4944@bol.com.br,(084) 3984-7097,1960-09-22,GL882132,110,SKYWARDS,186670
Allana,Moura,allana.moura4945@outlook.com.br,21 3128 5527,1983-04-12,RM231554,289,FLYING_BLUE,444296
Miguel,Garcia,miguel.garcia4946@outlook.com.br,(084) 4801 0317,1952-09-23,KX581955,266,SMILES,323091
Theodoro,Rezende,theodoro.rezende4947@icloud.com,(084) 0418-7786,2002-04-17,NZ218002,428,EXECUTIVE_CLUB,200544
Samuel,Viana,samuel.viana4948@gmail.com,21 1806-5973,1971-06-01,FW558880,659,FLYING_BLUE,195409
Pedro Henrique,Pires,pedrohenrique.pires4949@icloud.com,+55 31 4359 7335,1992-07-12,UN395348,932,MILES_AND_GO,145842
Enrico,Barros,enrico.barros4950@terra.com.br,21 2415 7792,2005-10-23,MR234040,32,FLYING_BLUE,392224
Bella,Nogueira,bella.nogueira4951@terra.com.br,+55 (041) 9226 6582,1955-02-16,FL191557,12,SKYWARDS,110806
Ravy,Ribeiro,ravy.ribeiro4952@icloud.com,+55 81 4932-8955,1948-02-17,IZ986561,659,MILEAGE_PLUS,279266
Manuella,Pereira,manuella.pereira4953@hotmail.com,+55 (081) 5337 8512,1975-07-16,IL531560,816,,291870
Leandro,Cavalcanti,leandro.cavalcanti4954@terra.com.br,0900-356-4600,1983-08-24,MA941195,673,,799
Eloah,Lopes,eloah.lopes4955@hotmail.com,(021) 1048 8689,2007-01-28,YJ241377,464,SKYWARDS,324828
Isabelly,Fernandes,isabelly.fernandes4956@live.com,+55 71 6847-2896,1944-10-15,SR529049,93,MILES_AND_GO,334144
Pietro,Abreu,pietro.abreu4957@icloud.com,+55 81 1967 3971,1948-11-22,HY584767,28,EXECUTIVE_CLUB,294185
João Vitor,Pires,joãovitor.pires4958@outlook.com.br,(081) 7273-0140,1954-10-24,WZ132384,267,,329561
Raquel,Fonseca,raquel.fonseca4959@gmail.com,11 0851-7675,1984-07-10,BI918058,953,AADVANTAGE,481615
Emanuel,Ribeiro,emanuel.ribeiro4960@outlook.com.br,+55 (041) 2779 8853,1945-09-15,BM804706,493,MILES_AND_GO,494146
Pedro Lucas,Pires,pedrolucas.pires4961@outlook.com.br,0800-381-0782,1946-08-05,NG278970,875,,352994
Olivia,da Cruz,olivia.dacruz4962@outlook.com.br,0500-612-0795,1971-04-29,ZJ846515,891,TUDO_AZUL,7420
Mariane,Almeida,mariane.almeida4963@uol.com.br,+55 51 4181 8439,1951-03-26,GN502819,458,LATAM_PASS,138416
Maria Isis,Sales,mariaisis.sales4964@gmail.com,11 4039-7223,1946-10-22,QE133415,71,,486937
Agatha,Cavalcanti,agatha.cavalcanti4965@hotmail.com,(051) 4380 0729,2003-04-16,NU445768,491,MILEAGE_PLUS,93964
João Lucas,Costela,joãolucas.costela4966@outlook.com.br,(031) 9891-4685,1964-03-20,ZQ833779,323,,256871
Luana,Silveira,luana.silveira4967@bol.com.br,+55 (061) 2604-2172,1981-04-24,XP567966,722,MILES_AND_GO,290817
Eloá,Siqueira,eloá.siqueira4968@bol.com.br,+55 (051) 1486 1271,1990-07-19,WC791541,226,,148633
Ravy,Sousa,ravy.sousa4969@gmail.com,+55 (071) 6261-7713,1962-12-31,DN400655,188,FLYING_BLUE,63759
Beatriz,Costela,beatriz.costela4970@icloud.com,0800 909 6959,1985-01-28,NY465733,941,,250915
Ana,Ramos,ana.ramos4971@outlook.com.br,51 2924 0580,1981-02-17,CT303798,648,TUDO_AZUL,422153
Luísa,da Costa,luísa.dacosta4972@outlook.com.br,11 6118 7407,2002-11-15,RV965268,809,,388284
Valentim,Pimenta,valentim.pimenta4973@hotmail.com,+55 71 5539 0159,1992-03-11,XY362295,301,MILES_AND_GO,286552
Luna,Correia,luna.correia4974@outlook.com.br,(021) 3507 0192,1998-11-28,EO666844,373,,437111
Evelyn,Abreu,evelyn.abreu4975@terra.com.br,+55 (061) 8661 0916,1998-05-31,TM640030,238,LATAM_PASS,479224
Eloah,Andrade,eloah.andrade4976@bol.com.br,0900-398-0504,1983-05-19,PI671793,165,FLYING_BLUE,198132
Ana Liz,Cavalcante,analiz.cavalcante4977@hotmail.com,51 5120 3626,2004-05-01,WR905277,124,,29742
Bruna,Sá,bruna.sá4978@uol.com.br,41 5643 6942,1954-06-28,CJ751331,557,,397286
André,Machado,andré.machado4979@terra.com.br,(011) 2552 3493,2005-09-02,EA254536,186,AADVANTAGE,329120
João,Vasconcelos,joão.vasconcelos4980@bol.com.br,(061) 6880 7285,1946-01-04,AO653882,706,,312217
Luana,Abreu,luana.abreu4981@gmail.com,+55 21 8895-0180,1973-08-16,KN474252,107,,417496
Bianca,Barros,bianca.barros4982@gmail.com,31 1193 1450,1992-01-17,RZ490359,80,MILEAGE_PLUS,198738
Ana Lívia,Camargo,analívia.camargo4983@hotmail.com,21 8228 2585,1983-03-30,VG921790,259,,80534
Maria Flor,Santos,mariaflor.santos4984@live.com,+55 (021) 2980 7195,1997-10-30,LK371426,200,ASIA_MILES,356305
Laura,Alves,laura.alves4985@terra.com.br,+55 81 8562 5581,2003-08-17,JC611822,773,SMILES,462245
Ryan,Souza,ryan.souza4986@outlook.com.br,41 6188 0097,2003-06-29,ZK289321,930,EXECUTIVE_CLUB,259534
Leonardo,da Mota,leonardo.damota4987@terra.com.br,0500-552-1221,1998-09-17,GY118291,84,,141547
Bella,Freitas,bella.freitas4988@outlook.com.br,+55 (071) 1440-4568,1986-10-28,XM679208,167,LATAM_PASS,74973
Vinicius,Mendonça,vinicius.mendonça4989@live.com,(021) 2691-4229,1962-07-22,JU784039,844,MILES_AND_GO,347559
João Vitor,Marques,joãovitor.marques4990@hotmail.com,51 9767 5583,1940-09-16,XE119212,603,MILES_AND_GO,35577
Gael,Barros,gael.barros4991@gmail.com,+55 51 2348 9323,1976-08-27,WV588707,222,EXECUTIVE_CLUB,375252
Heloisa,da Rocha,heloisa.darocha4992@terra.com.br,+55 61 8659 8176,1946-08-16,RA241569,677,TUDO_AZUL,74600
Anthony,Novaes,anthony.novaes4993@gmail.com,0300-466-1303,1972-08-28,ZP634091,409,ASIA_MILES,65609
Benicio,Siqueira,benicio.siqueira4994@uol.com.br,(084) 6221 3506,1995-09-09,ET268288,233,,19054
Vinicius,Melo,vinicius.melo4995@yahoo.com.br,+55 (041) 9587 6012,1986-04-16,BH818552,759,LATAM_PASS,319211
Fernando,da Costa,fernando.dacosta4996@uol.com.br,(081) 7151 9593,1943-11-02,CA938989,999,TUDO_AZUL,222978
Murilo,Mendes,murilo.mendes4997@yahoo.com.br,+55 21 3386 3997,1965-06-19,UL398370,129,LATAM_PASS,159483
Cecília,da Paz,cecília.dapaz4998@outlook.com.br,+55 (021) 3857-3125,1977-08-13,MP971128,909,,224608
Manuela,Cunha,manuela.cunha4999@uol.com.br,+55 81 0533-9902,1999-12-20,DM787974,264,FLYING_BLUE,77673
