reserva_id,numero_passagem,assento,classe,emitida_em
1,TKT-00001,32D,PRIMEIRA_CLASSE,2026-04-11 13:55:34+00:00
2,TKT-00002,10F,ECONOMICA,2026-05-07 15:47:40+00:00
3,TKT-00003,34A,ECONOMICA,2025-12-18 12:16:24+00:00
4,TKT-00004,33C,PRIMEIRA_CLASSE,2025-12-07 12:36:32+00:00
5,TKT-00005,22F,ECONOMICA,2026-03-21 13:33:43+00:00
6,TKT-00006,18D,ECONOMICA,2025-06-25 10:57:53+00:00
7,TKT-00007,11A,PRIMEIRA_CLASSE,2025-11-27 03:05:41+00:00
8,TKT-00008,5C,PRIMEIRA_CLASSE,2026-01-15 23:36:02+00:00
9,TKT-00009,12B,ECONOMICA,2026-03-13 06:54:28+00:00
10,TKT-00010,20F,PRIMEIRA_CLASSE,2025-12-11 12:00:01+00:00
11,TKT-00011,27F,ECONOMICA,2025-12-13 17:39:17+00:00
12,TKT-00012,14E,PRIMEIRA_CLASSE,2025-10-01 00:42:16+00:00
13,TKT-00013,24E,EXECUTIVA,2026-02-18 03:27:33+00:00
14,TKT-00014,36B,ECONOMICA,2025-12-15 07:09:21+00:00
15,TKT-00015,15E,EXECUTIVA,2026-04-18 01:24:53+00:00
16,TKT-00016,6C,EXECUTIVA,2025-10-05 10:52:55+00:00
17,TKT-00017,34C,PRIMEIRA_CLASSE,2025-09-26 16:01:39+00:00
18,TKT-00018,12E,ECONOMICA,2025-10-13 17:25:50+00:00
19,TKT-00019,19C,ECONOMICA,2026-05-08 15:30:30+00:00
20,TKT-00020,9E,PRIMEIRA_CLASSE,2025-06-06 14:57:06+00:00
21,TKT-00021,26E,ECONOMICA,2026-03-23 01:10:09+00:00
22,TKT-00022,28C,EXECUTIVA,2026-05-05 23:20:53+00:00
23,TKT-00023,16B,EXECUTIVA,2025-07-15 09:36:21+00:00
24,TKT-00024,1C,PRIMEIRA_CLASSE,2025-11-27 14:02:04+00:00
25,TKT-00025,28C,EXECUTIVA,2025-06-21 07:30:42+00:00
26,TKT-00026,4A,PRIMEIRA_CLASSE,2026-03-27 19:48:46+00:00
27,TKT-00027,35D,ECONOMICA,2025-11-21 21:22:55+00:00
28,TKT-00028,2C,EXECUTIVA,2026-02-09 13:19:58+00:00
29,TKT-00029,40F,EXECUTIVA,2026-02-08 08:07:34+00:00
30,TKT-00030,7E,ECONOMICA,2025-10-08 20:42:45+00:00
31,TKT-00031,30B,PRIMEIRA_CLASSE,2026-05-20 07:06:08+00:00
32,TKT-00032,33D,EXECUTIVA,2026-01-13 10:24:41+00:00
33,TKT-00033,11B,PRIMEIRA_CLASSE,2025-08-23 15:27:23+00:00
34,TKT-00034,10F,EXECUTIVA,2025-09-25 00:18:26+00:00
35,TKT-00035,14A,PRIMEIRA_CLASSE,2026-02-16 19:37:21+00:00
36,TKT-00036,38E,EXECUTIVA,2026-01-26 23:21:45+00:00
37,TKT-00037,8B,PRIMEIRA_CLASSE,2025-10-01 15:01:44+00:00
38,TKT-00038,15B,EXECUTIVA,2026-05-05 01:33:50+00:00
39,TKT-00039,24D,EXECUTIVA,2026-02-12 17:13:06+00:00
40,TKT-00040,4F,ECONOMICA,2025-10-30 13:35:33+00:00
41,TKT-00041,40D,PRIMEIRA_CLASSE,2026-03-15 16:41:53+00:00
42,TKT-00042,20C,ECONOMICA,2025-12-22 00:30:16+00:00
43,TKT-00043,7C,EXECUTIVA,2025-08-01 02:40:04+00:00
44,TKT-00044,10C,EXECUTIVA,2025-11-23 16:03:30+00:00
45,TKT-00045,22B,PRIMEIRA_CLASSE,2025-11-22 19:38:35+00:00
46,TKT-00046,27F,EXECUTIVA,2026-05-22 22:28:52+00:00
47,TKT-00047,17B,EXECUTIVA,2025-11-08 00:56:19+00:00
48,TKT-00048,34F,EXECUTIVA,2025-10-22 05:21:14+00:00
49,TKT-00049,25D,ECONOMICA,2025-09-12 20:37:08+00:00
50,TKT-00050,2E,EXECUTIVA,2025-10-15 06:16:55+00:00
51,TKT-00051,3D,EXECUTIVA,2026-03-01 17:23:12+00:00
52,TKT-00052,37C,EXECUTIVA,2025-07-12 01:15:30+00:00
53,TKT-00053,19E,EXECUTIVA,2026-03-27 06:21:47+00:00
54,TKT-00054,37B,ECONOMICA,2025-12-18 09:15:07+00:00
55,TKT-00055,30D,ECONOMICA,2025-08-27 17:30:20+00:00
56,TKT-00056,14C,EXECUTIVA,2025-06-16 01:37:24+00:00
57,TKT-00057,11A,EXECUTIVA,2026-05-19 08:00:23+00:00
58,TKT-00058,29C,EXECUTIVA,2025-11-27 11:28:25+00:00
59,TKT-00059,5D,EXECUTIVA,2026-01-21 20:06:45+00:00
60,TKT-00060,8D,PRIMEIRA_CLASSE,2025-08-31 07:14:31+00:00
61,TKT-00061,21D,PRIMEIRA_CLASSE,2025-10-28 11:02:38+00:00
62,TKT-00062,16C,ECONOMICA,2025-10-17 04:11:19+00:00
63,TKT-00063,15F,EXECUTIVA,2025-07-11 15:38:55+00:00
64,TKT-00064,1E,ECONOMICA,2026-05-01 03:17:04+00:00
65,TKT-00065,39D,PRIMEIRA_CLASSE,2025-08-13 16:01:52+00:00
66,TKT-00066,35E,EXECUTIVA,2026-02-25 20:13:44+00:00
67,TKT-00067,24D,PRIMEIRA_CLASSE,2025-12-07 16:50:57+00:00
68,TKT-00068,36A,EXECUTIVA,2026-02-22 07:04:01+00:00
69,TKT-00069,31A,ECONOMICA,2026-01-11 09:20:02+00:00
70,TKT-00070,18D,PRIMEIRA_CLASSE,2026-03-19 22:09:29+00:00
71,TKT-00071,8D,ECONOMICA,2026-05-28 00:13:51+00:00
72,TKT-00072,5A,EXECUTIVA,2026-01-23 19:27:39+00:00
73,TKT-00073,12A,PRIMEIRA_CLASSE,2025-09-11 11:50:09+00:00
74,TKT-00074,34B,ECONOMICA,2025-12-22 06:26:49+00:00
75,TKT-00075,40D,ECONOMICA,2026-05-29 09:02:34+00:00
76,TKT-00076,36D,ECONOMICA,2025-10-11 12:28:57+00:00
77,TKT-00077,16D,PRIMEIRA_CLASSE,2026-03-18 09:01:57+00:00
78,TKT-00078,32D,PRIMEIRA_CLASSE,2025-09-29 23:22:07+00:00
79,TKT-00079,1A,EXECUTIVA,2025-09-24 11:04:26+00:00
80,TKT-00080,24B,PRIMEIRA_CLASSE,2025-11-17 23:29:02+00:00
81,TKT-00081,23D,PRIMEIRA_CLASSE,2026-02-19 02:08:31+00:00
82,TKT-00082,18A,EXECUTIVA,2025-07-30 13:37:56+00:00
83,TKT-00083,22F,PRIMEIRA_CLASSE,2026-02-27 06:20:14+00:00
84,TKT-00084,9F,PRIMEIRA_CLASSE,2026-02-24 00:18:38+00:00
85,TKT-00085,29D,PRIMEIRA_CLASSE,2025-10-22 19:28:51+00:00
86,TKT-00086,27A,PRIMEIRA_CLASSE,2025-10-19 04:58:32+00:00
87,TKT-00087,25A,ECONOMICA,2025-11-17 11:19:34+00:00
88,TKT-00088,19B,EXECUTIVA,2026-04-18 03:29:48+00:00
89,TKT-00089,14B,EXECUTIVA,2026-05-06 20:10:09+00:00
90,TKT-00090,32E,ECONOMICA,2026-02-14 12:40:59+00:00
91,TKT-00091,29F,PRIMEIRA_CLASSE,2025-08-23 04:38:31+00:00
92,TKT-00092,25A,ECONOMICA,2025-10-15 14:02:56+00:00
93,TKT-00093,12E,EXECUTIVA,2025-11-18 23:37:47+00:00
94,TKT-00094,25B,EXECUTIVA,2025-10-05 22:10:34+00:00
95,TKT-00095,20D,EXECUTIVA,2025-10-19 17:35:21+00:00
96,TKT-00096,21A,EXECUTIVA,2025-12-28 08:40:06+00:00
97,TKT-00097,27E,ECONOMICA,2025-08-02 15:56:25+00:00
98,TKT-00098,25D,EXECUTIVA,2025-09-21 08:01:02+00:00
99,TKT-00099,16B,EXECUTIVA,2025-08-25 22:02:24+00:00
100,TKT-00100,22C,ECONOMICA,2025-06-11 12:56:45+00:00
101,TKT-00101,34B,ECONOMICA,2025-10-20 23:19:31+00:00
102,TKT-00102,33A,PRIMEIRA_CLASSE,2026-05-25 11:58:04+00:00
103,TKT-00103,33A,PRIMEIRA_CLASSE,2025-08-10 02:59:01+00:00
104,TKT-00104,13D,ECONOMICA,2026-04-05 22:53:01+00:00
105,TKT-00105,33C,PRIMEIRA_CLASSE,2025-06-09 07:02:04+00:00
106,TKT-00106,23B,ECONOMICA,2026-05-16 12:41:51+00:00
107,TKT-00107,37D,PRIMEIRA_CLASSE,2026-01-31 19:24:09+00:00
108,TKT-00108,33F,PRIMEIRA_CLASSE,2026-03-08 09:42:02+00:00
109,TKT-00109,19E,ECONOMICA,2025-11-03 11:48:53+00:00
110,TKT-00110,35A,ECONOMICA,2026-02-07 16:29:06+00:00
111,TKT-00111,40B,ECONOMICA,2025-12-03 06:26:08+00:00
112,TKT-00112,37D,PRIMEIRA_CLASSE,2025-09-05 22:34:38+00:00
113,TKT-00113,25D,EXECUTIVA,2025-09-03 23:21:30+00:00
114,TKT-00114,12C,PRIMEIRA_CLASSE,2026-04-21 10:23:21+00:00
115,TKT-00115,22B,PRIMEIRA_CLASSE,2025-11-24 07:51:03+00:00
116,TKT-00116,19C,EXECUTIVA,2026-04-11 18:36:47+00:00
117,TKT-00117,36E,EXECUTIVA,2025-08-29 22:10:43+00:00
118,TKT-00118,7E,ECONOMICA,2025-08-17 05:05:07+00:00
119,TKT-00119,7D,EXECUTIVA,2025-12-23 07:45:57+00:00
120,TKT-00120,28B,EXECUTIVA,2025-12-23 09:16:18+00:00
121,TKT-00121,3E,EXECUTIVA,2025-10-31 01:16:21+00:00
122,TKT-00122,10F,PRIMEIRA_CLASSE,2026-04-05 06:17:17+00:00
123,TKT-00123,2D,EXECUTIVA,2025-07-28 18:36:31+00:00
124,TKT-00124,21C,EXECUTIVA,2025-07-06 01:49:55+00:00
125,TKT-00125,7A,ECONOMICA,2025-07-15 17:29:38+00:00
126,TKT-00126,7B,PRIMEIRA_CLASSE,2025-06-30 19:03:14+00:00
127,TKT-00127,7F,PRIMEIRA_CLASSE,2025-10-12 18:51:06+00:00
128,TKT-00128,21B,EXECUTIVA,2025-10-25 03:53:34+00:00
129,TKT-00129,1F,PRIMEIRA_CLASSE,2025-11-11 05:20:11+00:00
130,TKT-00130,40A,EXECUTIVA,2026-01-23 04:38:21+00:00
131,TKT-00131,18B,ECONOMICA,2025-07-09 17:57:06+00:00
132,TKT-00132,25D,ECONOMICA,2026-04-10 23:07:01+00:00
133,TKT-00133,24E,EXECUTIVA,2025-10-14 20:01:54+00:00
134,TKT-00134,10C,ECONOMICA,2025-08-21 14:37:46+00:00
135,TKT-00135,9D,ECONOMICA,2025-09-28 10:53:21+00:00
136,TKT-00136,2E,PRIMEIRA_CLASSE,2025-09-12 21:10:45+00:00
137,TKT-00137,32D,EXECUTIVA,2025-09-13 23:02:50+00:00
138,TKT-00138,30B,EXECUTIVA,2026-03-29 19:50:36+00:00
139,TKT-00139,4E,EXECUTIVA,2026-05-14 09:02:02+00:00
140,TKT-00140,1F,ECONOMICA,2025-09-19 12:58:59+00:00
141,TKT-00141,2C,EXECUTIVA,2025-11-27 09:09:17+00:00
142,TKT-00142,39D,PRIMEIRA_CLASSE,2025-06-09 19:52:06+00:00
143,TKT-00143,25C,EXECUTIVA,2026-02-27 06:02:29+00:00
144,TKT-00144,5E,EXECUTIVA,2026-03-23 01:24:52+00:00
145,TKT-00145,30A,ECONOMICA,2025-09-05 06:59:11+00:00
146,TKT-00146,28D,PRIMEIRA_CLASSE,2026-04-24 01:31:10+00:00
147,TKT-00147,14F,PRIMEIRA_CLASSE,2025-08-19 17:43:34+00:00
148,TKT-00148,35D,PRIMEIRA_CLASSE,2026-02-19 08:32:54+00:00
149,TKT-00149,1E,PRIMEIRA_CLASSE,2025-12-12 17:28:28+00:00
150,TKT-00150,30F,ECONOMICA,2025-08-17 07:51:00+00:00
151,TKT-00151,3C,PRIMEIRA_CLASSE,2025-06-08 14:06:52+00:00
152,TKT-00152,25A,ECONOMICA,2025-10-07 06:02:51+00:00
153,TKT-00153,5B,EXECUTIVA,2025-07-30 05:48:04+00:00
154,TKT-00154,10F,PRIMEIRA_CLASSE,2025-08-04 12:14:53+00:00
155,TKT-00155,21D,PRIMEIRA_CLASSE,2025-07-25 20:41:33+00:00
156,TKT-00156,36E,EXECUTIVA,2025-10-06 18:59:54+00:00
157,TKT-00157,13C,EXECUTIVA,2025-07-31 04:04:38+00:00
158,TKT-00158,14E,EXECUTIVA,2025-09-04 00:11:41+00:00
159,TKT-00159,14D,PRIMEIRA_CLASSE,2025-09-28 23:01:57+00:00
160,TKT-00160,8F,PRIMEIRA_CLASSE,2026-01-04 19:50:25+00:00
161,TKT-00161,29B,EXECUTIVA,2025-06-30 15:23:47+00:00
162,TKT-00162,22E,ECONOMICA,2025-09-03 19:58:12+00:00
163,TKT-00163,16D,EXECUTIVA,2025-10-10 15:45:16+00:00
164,TKT-00164,11C,ECONOMICA,2025-06-13 03:29:56+00:00
165,TKT-00165,39F,PRIMEIRA_CLASSE,2026-02-13 08:05:54+00:00
166,TKT-00166,38D,ECONOMICA,2026-05-25 05:14:26+00:00
167,TKT-00167,37A,EXECUTIVA,2025-10-04 04:48:47+00:00
168,TKT-00168,18C,PRIMEIRA_CLASSE,2025-11-09 22:42:29+00:00
169,TKT-00169,19B,ECONOMICA,2026-02-13 17:19:18+00:00
170,TKT-00170,37F,EXECUTIVA,2026-03-15 22:50:02+00:00
171,TKT-00171,1F,PRIMEIRA_CLASSE,2026-01-04 19:41:39+00:00
172,TKT-00172,37F,EXECUTIVA,2026-03-27 00:17:36+00:00
173,TKT-00173,30C,EXECUTIVA,2026-05-07 16:39:00+00:00
174,TKT-00174,17C,ECONOMICA,2025-08-12 05:19:54+00:00
175,TKT-00175,18E,ECONOMICA,2025-11-09 01:32:58+00:00
176,TKT-00176,14F,PRIMEIRA_CLASSE,2026-02-11 14:50:57+00:00
177,TKT-00177,31D,PRIMEIRA_CLASSE,2025-08-17 04:35:24+00:00
178,TKT-00178,16C,PRIMEIRA_CLASSE,2026-05-06 16:31:24+00:00
179,TKT-00179,23C,PRIMEIRA_CLASSE,2026-05-21 03:31:33+00:00
180,TKT-00180,31A,PRIMEIRA_CLASSE,2025-07-30 09:09:08+00:00
181,TKT-00181,28B,EXECUTIVA,2026-01-03 14:59:03+00:00
182,TKT-00182,33C,PRIMEIRA_CLASSE,2025-07-23 06:33:30+00:00
183,TKT-00183,16F,PRIMEIRA_CLASSE,2026-04-01 21:12:09+00:00
184,TKT-00184,28D,ECONOMICA,2025-06-23 00:23:57+00:00
185,TKT-00185,25B,EXECUTIVA,2025-11-28 15:48:50+00:00
186,TKT-00186,38B,PRIMEIRA_CLASSE,2025-06-07 22:59:10+00:00
187,TKT-00187,9B,PRIMEIRA_CLASSE,2025-11-04 03:44:05+00:00
188,TKT-00188,23E,ECONOMICA,2025-12-01 14:07:11+00:00
189,TKT-00189,18E,EXECUTIVA,2026-05-28 19:02:38+00:00
190,TKT-00190,13F,PRIMEIRA_CLASSE,2025-08-14 03:37:35+00:00
191,TKT-00191,2D,EXECUTIVA,2025-06-22 01:52:29+00:00
192,TKT-00192,2E,EXECUTIVA,2026-02-17 17:26:53+00:00
193,TKT-00193,4A,EXECUTIVA,2025-06-24 18:14:32+00:00
194,TKT-00194,20D,PRIMEIRA_CLASSE,2025-06-10 15:00:14+00:00
195,TKT-00195,19D,ECONOMICA,2025-11-28 05:51:29+00:00
196,TKT-00196,31C,PRIMEIRA_CLASSE,2026-01-03 05:44:03+00:00
197,TKT-00197,12C,EXECUTIVA,2025-07-12 05:09:35+00:00
198,TKT-00198,15E,ECONOMICA,2025-10-30 09:13:14+00:00
199,TKT-00199,37E,EXECUTIVA,2026-04-05 07:53:41+00:00
200,TKT-00200,31C,EXECUTIVA,2026-02-22 06:09:20+00:00
201,TKT-00201,4B,EXECUTIVA,2025-07-18 20:58:38+00:00
202,TKT-00202,7A,EXECUTIVA,2025-07-04 08:44:07+00:00
203,TKT-00203,29B,ECONOMICA,2026-02-18 16:35:29+00:00
204,TKT-00204,1F,PRIMEIRA_CLASSE,2026-04-04 00:54:30+00:00
205,TKT-00205,26F,ECONOMICA,2026-05-31 09:24:18+00:00
206,TKT-00206,22B,PRIMEIRA_CLASSE,2026-02-24 07:21:32+00:00
207,TKT-00207,2F,PRIMEIRA_CLASSE,2025-06-14 02:59:25+00:00
208,TKT-00208,39A,EXECUTIVA,2026-03-15 15:39:16+00:00
209,TKT-00209,35B,EXECUTIVA,2026-01-25 23:18:03+00:00
210,TKT-00210,22E,EXECUTIVA,2026-02-11 02:17:21+00:00
211,TKT-00211,34B,EXECUTIVA,2025-09-29 15:10:20+00:00
212,TKT-00212,14E,ECONOMICA,2026-01-04 21:07:37+00:00
213,TKT-00213,24B,EXECUTIVA,2025-08-26 23:55:15+00:00
214,TKT-00214,33C,ECONOMICA,2025-12-02 09:39:19+00:00
215,TKT-00215,1E,PRIMEIRA_CLASSE,2025-06-08 02:38:37+00:00
216,TKT-00216,10A,PRIMEIRA_CLASSE,2026-03-07 00:35:09+00:00
217,TKT-00217,24D,ECONOMICA,2025-07-28 17:13:28+00:00
218,TKT-00218,37B,EXECUTIVA,2026-01-13 06:48:35+00:00
219,TKT-00219,35C,ECONOMICA,2025-10-02 19:41:09+00:00
220,TKT-00220,39B,ECONOMICA,2025-08-04 00:28:37+00:00
221,TKT-00221,24F,ECONOMICA,2025-07-17 07:30:29+00:00
222,TKT-00222,3F,EXECUTIVA,2025-07-23 06:50:05+00:00
223,TKT-00223,19E,ECONOMICA,2025-08-10 22:39:42+00:00
224,TKT-00224,11E,EXECUTIVA,2026-02-07 09:05:17+00:00
225,TKT-00225,33C,EXECUTIVA,2025-07-09 23:12:04+00:00
226,TKT-00226,27B,EXECUTIVA,2026-05-06 02:32:28+00:00
227,TKT-00227,27C,PRIMEIRA_CLASSE,2025-10-18 01:58:06+00:00
228,TKT-00228,19E,EXECUTIVA,2026-01-24 22:54:33+00:00
229,TKT-00229,12E,ECONOMICA,2025-08-14 16:20:45+00:00
230,TKT-00230,34B,ECONOMICA,2026-03-18 02:53:09+00:00
231,TKT-00231,36F,EXECUTIVA,2025-07-04 15:54:02+00:00
232,TKT-00232,31C,ECONOMICA,2025-09-19 01:04:14+00:00
233,TKT-00233,37B,PRIMEIRA_CLASSE,2025-11-01 23:04:51+00:00
234,TKT-00234,13F,ECONOMICA,2025-10-07 23:51:48+00:00
235,TKT-00235,32D,EXECUTIVA,2026-04-20 08:24:40+00:00
236,TKT-00236,23E,EXECUTIVA,2025-10-24 15:43:24+00:00
237,TKT-00237,3F,ECONOMICA,2025-12-25 23:43:14+00:00
238,TKT-00238,21F,ECONOMICA,2025-08-12 08:37:55+00:00
239,TKT-00239,20F,PRIMEIRA_CLASSE,2025-11-12 02:19:31+00:00
240,TKT-00240,9A,EXECUTIVA,2025-11-11 01:09:46+00:00
241,TKT-00241,16E,PRIMEIRA_CLASSE,2025-08-03 22:59:25+00:00
242,TKT-00242,10A,ECONOMICA,2026-01-21 15:26:14+00:00
243,TKT-00243,13E,PRIMEIRA_CLASSE,2026-01-20 11:37:00+00:00
244,TKT-00244,26E,ECONOMICA,2025-09-17 20:40:00+00:00
245,TKT-00245,34A,EXECUTIVA,2026-06-01 08:59:50+00:00
246,TKT-00246,1B,PRIMEIRA_CLASSE,2025-11-26 01:21:46+00:00
247,TKT-00247,8A,EXECUTIVA,2025-06-10 05:41:12+00:00
248,TKT-00248,9C,EXECUTIVA,2025-08-28 07:23:09+00:00
249,TKT-00249,3D,EXECUTIVA,2025-06-28 15:25:50+00:00
250,TKT-00250,14B,PRIMEIRA_CLASSE,2025-09-01 21:31:31+00:00
251,TKT-00251,2C,PRIMEIRA_CLASSE,2025-07-30 07:15:48+00:00
252,TKT-00252,40F,EXECUTIVA,2026-04-06 00:52:22+00:00
253,TKT-00253,16F,ECONOMICA,2026-01-03 20:37:33+00:00
254,TKT-00254,1E,PRIMEIRA_CLASSE,2026-06-01 08:16:37+00:00
255,TKT-00255,3A,ECONOMICA,2026-05-01 08:12:02+00:00
256,TKT-00256,36D,EXECUTIVA,2025-07-27 19:49:09+00:00
257,TKT-00257,5B,PRIMEIRA_CLASSE,2026-02-04 21:20:32+00:00
258,TKT-00258,29A,EXECUTIVA,2025-08-25 19:08:31+00:00
259,TKT-00259,18F,EXECUTIVA,2026-05-09 05:56:25+00:00
260,TKT-00260,4F,PRIMEIRA_CLASSE,2026-01-20 20:42:07+00:00
261,TKT-00261,21F,ECONOMICA,2025-07-24 00:09:13+00:00
262,TKT-00262,15F,ECONOMICA,2025-09-17 01:39:49+00:00
263,TKT-00263,1E,PRIMEIRA_CLASSE,2025-06-10 15:14:47+00:00
264,TKT-00264,31D,ECONOMICA,2026-01-17 08:01:35+00:00
265,TKT-00265,13A,PRIMEIRA_CLASSE,2026-03-31 23:58:03+00:00
266,TKT-00266,18E,EXECUTIVA,2026-05-13 07:30:57+00:00
267,TKT-00267,36A,ECONOMICA,2025-12-17 21:49:28+00:00
268,TKT-00268,38C,ECONOMICA,2025-10-09 23:34:04+00:00
269,TKT-00269,11B,PRIMEIRA_CLASSE,2026-03-20 10:00:04+00:00
270,TKT-00270,3C,PRIMEIRA_CLASSE,2025-07-17 19:10:04+00:00
271,TKT-00271,40E,EXECUTIVA,2025-09-09 23:05:06+00:00
272,TKT-00272,11D,EXECUTIVA,2025-09-03 23:45:16+00:00
273,TKT-00273,28F,ECONOMICA,2025-07-08 06:45:05+00:00
274,TKT-00274,32E,PRIMEIRA_CLASSE,2025-10-31 20:04:27+00:00
275,TKT-00275,14C,ECONOMICA,2026-05-13 20:36:51+00:00
276,TKT-00276,28F,EXECUTIVA,2025-09-13 06:51:43+00:00
277,TKT-00277,25C,EXECUTIVA,2026-04-28 06:18:59+00:00
278,TKT-00278,30D,ECONOMICA,2026-01-13 20:20:03+00:00
279,TKT-00279,29F,ECONOMICA,2025-06-29 19:22:15+00:00
280,TKT-00280,19E,ECONOMICA,2025-09-05 20:15:58+00:00
281,TKT-00281,19D,ECONOMICA,2026-04-09 17:20:35+00:00
282,TKT-00282,20A,ECONOMICA,2026-04-01 08:27:12+00:00
283,TKT-00283,34D,ECONOMICA,2026-03-05 23:19:46+00:00
284,TKT-00284,32F,ECONOMICA,2025-09-24 10:12:10+00:00
285,TKT-00285,15E,EXECUTIVA,2025-09-19 10:15:19+00:00
286,TKT-00286,1D,ECONOMICA,2025-06-08 12:07:12+00:00
287,TKT-00287,38E,ECONOMICA,2025-09-28 14:49:53+00:00
288,TKT-00288,21C,ECONOMICA,2026-01-22 21:06:24+00:00
289,TKT-00289,10E,ECONOMICA,2026-03-25 15:56:47+00:00
290,TKT-00290,26C,EXECUTIVA,2025-10-28 15:18:59+00:00
291,TKT-00291,36F,PRIMEIRA_CLASSE,2025-08-18 21:49:32+00:00
292,TKT-00292,3F,PRIMEIRA_CLASSE,2025-09-10 22:46:54+00:00
293,TKT-00293,12A,EXECUTIVA,2025-07-17 12:29:18+00:00
294,TKT-00294,36E,PRIMEIRA_CLASSE,2026-03-08 14:58:13+00:00
295,TKT-00295,29B,PRIMEIRA_CLASSE,2025-12-15 16:27:40+00:00
296,TKT-00296,26C,PRIMEIRA_CLASSE,2025-11-06 15:45:32+00:00
297,TKT-00297,31A,PRIMEIRA_CLASSE,2026-01-17 20:22:05+00:00
298,TKT-00298,40A,EXECUTIVA,2026-03-17 21:08:59+00:00
299,TKT-00299,18A,EXECUTIVA,2026-01-04 21:41:48+00:00
300,TKT-00300,6E,ECONOMICA,2025-11-13 13:12:18+00:00
301,TKT-00301,34B,ECONOMICA,2026-06-02 00:26:24+00:00
302,TKT-00302,10D,PRIMEIRA_CLASSE,2025-11-08 13:22:52+00:00
303,TKT-00303,26D,PRIMEIRA_CLASSE,2025-12-14 05:00:36+00:00
304,TKT-00304,17B,EXECUTIVA,2025-11-18 12:15:15+00:00
305,TKT-00305,18B,PRIMEIRA_CLASSE,2025-09-08 05:52:53+00:00
306,TKT-00306,12A,EXECUTIVA,2025-09-24 14:04:52+00:00
307,TKT-00307,6C,PRIMEIRA_CLASSE,2025-09-16 14:21:10+00:00
308,TKT-00308,18F,ECONOMICA,2025-10-24 11:59:47+00:00
309,TKT-00309,24D,EXECUTIVA,2025-08-11 05:33:23+00:00
310,TKT-00310,19A,PRIMEIRA_CLASSE,2026-01-07 08:00:00+00:00
311,TKT-00311,17D,ECONOMICA,2025-06-24 03:36:09+00:00
312,TKT-00312,40B,PRIMEIRA_CLASSE,2026-02-20 02:33:41+00:00
313,TKT-00313,25B,ECONOMICA,2026-01-06 18:45:16+00:00
314,TKT-00314,24E,ECONOMICA,2025-10-03 15:07:24+00:00
315,TKT-00315,22C,ECONOMICA,2025-11-22 03:32:25+00:00
316,TKT-00316,2E,ECONOMICA,2026-05-05 21:45:42+00:00
317,TKT-00317,35A,ECONOMICA,2025-09-11 21:52:31+00:00
318,TKT-00318,36A,PRIMEIRA_CLASSE,2025-07-09 19:22:41+00:00
319,TKT-00319,39E,EXECUTIVA,2026-05-29 14:14:40+00:00
320,TKT-00320,21B,EXECUTIVA,2026-03-15 05:26:30+00:00
321,TKT-00321,14E,EXECUTIVA,2025-08-03 01:34:46+00:00
322,TKT-00322,33A,EXECUTIVA,2025-10-02 14:15:25+00:00
323,TKT-00323,27C,EXECUTIVA,2025-11-24 08:25:12+00:00
324,TKT-00324,14C,EXECUTIVA,2025-11-05 12:26:58+00:00
325,TKT-00325,12F,ECONOMICA,2025-12-21 18:01:08+00:00
326,TKT-00326,34B,EXECUTIVA,2025-12-11 21:18:07+00:00
327,TKT-00327,21C,ECONOMICA,2025-06-29 20:16:36+00:00
328,TKT-00328,7A,PRIMEIRA_CLASSE,2026-02-08 16:26:51+00:00
329,TKT-00329,22C,PRIMEIRA_CLASSE,2026-05-16 03:01:18+00:00
330,TKT-00330,16A,EXECUTIVA,2025-08-21 16:31:15+00:00
331,TKT-00331,32B,ECONOMICA,2026-01-26 03:41:03+00:00
332,TKT-00332,10C,PRIMEIRA_CLASSE,2026-02-19 21:46:55+00:00
333,TKT-00333,16C,PRIMEIRA_CLASSE,2026-03-18 14:55:40+00:00
334,TKT-00334,20E,ECONOMICA,2025-07-11 18:34:34+00:00
335,TKT-00335,34D,ECONOMICA,2025-10-25 01:10:11+00:00
336,TKT-00336,22A,EXECUTIVA,2026-01-11 18:36:23+00:00
337,TKT-00337,39A,ECONOMICA,2025-06-15 21:06:52+00:00
338,TKT-00338,29C,PRIMEIRA_CLASSE,2026-03-08 01:39:21+00:00
339,TKT-00339,39A,EXECUTIVA,2026-02-07 20:48:23+00:00
340,TKT-00340,33F,EXECUTIVA,2026-02-25 12:21:06+00:00
341,TKT-00341,21E,ECONOMICA,2026-04-11 05:04:21+00:00
342,TKT-00342,39A,EXECUTIVA,2025-12-08 18:18:14+00:00
343,TKT-00343,19B,EXECUTIVA,2025-10-30 06:28:24+00:00
344,TKT-00344,26D,PRIMEIRA_CLASSE,2026-03-18 21:09:03+00:00
345,TKT-00345,13B,ECONOMICA,2025-07-27 16:09:02+00:00
346,TKT-00346,34F,ECONOMICA,2026-04-06 21:34:41+00:00
347,TKT-00347,37C,EXECUTIVA,2026-01-31 19:58:48+00:00
348,TKT-00348,10F,EXECUTIVA,2026-02-03 19:51:24+00:00
349,TKT-00349,6D,ECONOMICA,2025-09-11 04:52:45+00:00
350,TKT-00350,24C,ECONOMICA,2025-10-27 04:37:17+00:00
351,TKT-00351,20C,ECONOMICA,2025-09-08 01:35:52+00:00
352,TKT-00352,28F,ECONOMICA,2025-11-18 16:18:57+00:00
353,TKT-00353,40F,ECONOMICA,2025-11-24 06:41:15+00:00
354,TKT-00354,10A,EXECUTIVA,2025-12-03 15:30:26+00:00
355,TKT-00355,17A,PRIMEIRA_CLASSE,2025-07-31 11:41:26+00:00
356,TKT-00356,31E,ECONOMICA,2025-11-28 23:51:48+00:00
357,TKT-00357,38F,PRIMEIRA_CLASSE,2026-04-29 09:02:44+00:00
358,TKT-00358,23E,PRIMEIRA_CLASSE,2025-08-07 07:21:39+00:00
359,TKT-00359,12F,PRIMEIRA_CLASSE,2025-07-26 10:24:41+00:00
360,TKT-00360,1A,PRIMEIRA_CLASSE,2026-01-22 02:05:54+00:00
361,TKT-00361,36E,ECONOMICA,2025-08-10 10:54:35+00:00
362,TKT-00362,22D,EXECUTIVA,2025-11-10 08:49:22+00:00
363,TKT-00363,22C,EXECUTIVA,2026-02-22 19:30:26+00:00
364,TKT-00364,33D,PRIMEIRA_CLASSE,2026-04-20 01:07:43+00:00
365,TKT-00365,7D,ECONOMICA,2025-09-13 19:38:44+00:00
366,TKT-00366,12A,ECONOMICA,2026-01-28 12:51:29+00:00
367,TKT-00367,8D,PRIMEIRA_CLASSE,2026-06-02 09:31:06+00:00
368,TKT-00368,20F,PRIMEIRA_CLASSE,2025-12-23 03:26:02+00:00
369,TKT-00369,10F,ECONOMICA,2026-05-11 06:10:55+00:00
370,TKT-00370,10C,EXECUTIVA,2025-10-30 21:57:38+00:00
371,TKT-00371,29C,ECONOMICA,2026-05-17 02:58:20+00:00
372,TKT-00372,27D,PRIMEIRA_CLASSE,2025-12-21 22:43:12+00:00
373,TKT-00373,4A,PRIMEIRA_CLASSE,2025-08-25 05:03:24+00:00
374,TKT-00374,4E,EXECUTIVA,2025-06-05 22:54:12+00:00
375,TKT-00375,9B,ECONOMICA,2026-05-20 00:15:09+00:00
376,TKT-00376,16A,ECONOMICA,2026-02-08 09:45:10+00:00
377,TKT-00377,5C,EXECUTIVA,2026-05-12 04:59:06+00:00
378,TKT-00378,40B,EXECUTIVA,2026-03-12 02:34:45+00:00
379,TKT-00379,1C,EXECUTIVA,2025-12-16 05:11:31+00:00
380,TKT-00380,27F,ECONOMICA,2025-10-15 04:44:16+00:00
381,TKT-00381,12F,EXECUTIVA,2026-03-08 19:26:49+00:00
382,TKT-00382,5E,EXECUTIVA,2025-06-10 01:30:59+00:00
383,TKT-00383,31B,EXECUTIVA,2025-10-27 07:48:39+00:00
384,TKT-00384,21C,PRIMEIRA_CLASSE,2025-11-21 20:38:06+00:00
385,TKT-00385,10D,PRIMEIRA_CLASSE,2025-08-01 13:08:10+00:00
386,TKT-00386,5E,EXECUTIVA,2026-02-10 01:03:28+00:00
387,TKT-00387,25D,ECONOMICA,2025-06-18 03:05:42+00:00
388,TKT-00388,8D,EXECUTIVA,2026-01-14 07:26:38+00:00
389,TKT-00389,20B,ECONOMICA,2025-06-22 04:55:01+00:00
390,TKT-00390,34B,PRIMEIRA_CLASSE,2025-06-30 22:44:02+00:00
391,TKT-00391,13E,ECONOMICA,2025-07-05 13:02:52+00:00
392,TKT-00392,25A,PRIMEIRA_CLASSE,2026-01-20 10:04:49+00:00
393,TKT-00393,38F,PRIMEIRA_CLASSE,2026-04-15 12:01:00+00:00
394,TKT-00394,30F,PRIMEIRA_CLASSE,2026-05-15 00:51:11+00:00
395,TKT-00395,36C,EXECUTIVA,2025-07-16 00:48:13+00:00
396,TKT-00396,27B,ECONOMICA,2025-08-18 15:06:51+00:00
397,TKT-00397,15A,PRIMEIRA_CLASSE,2026-03-06 02:14:17+00:00
398,TKT-00398,39C,ECONOMICA,2025-08-18 22:18:00+00:00
399,TKT-00399,40E,ECONOMICA,2025-11-28 06:27:07+00:00
400,TKT-00400,29A,EXECUTIVA,2025-09-24 19:51:45+00:00
401,TKT-00401,31F,PRIMEIRA_CLASSE,2025-08-16 11:59:37+00:00
402,TKT-00402,10C,PRIMEIRA_CLASSE,2026-01-15 11:58:42+00:00
403,TKT-00403,5A,EXECUTIVA,2026-01-08 14:32:39+00:00
404,TKT-00404,40E,EXECUTIVA,2025-08-04 13:15:00+00:00
405,TKT-00405,40B,EXECUTIVA,2026-03-13 13:46:52+00:00
406,TKT-00406,40A,PRIMEIRA_CLASSE,2025-09-10 15:38:47+00:00
407,TKT-00407,22D,PRIMEIRA_CLASSE,2025-12-19 07:35:49+00:00
408,TKT-00408,8A,PRIMEIRA_CLASSE,2025-08-27 07:43:53+00:00
409,TKT-00409,11B,EXECUTIVA,2026-05-09 20:17:01+00:00
410,TKT-00410,22C,ECONOMICA,2025-06-03 19:12:07+00:00
411,TKT-00411,14D,ECONOMICA,2025-08-13 22:22:36+00:00
412,TKT-00412,4D,PRIMEIRA_CLASSE,2026-03-14 02:07:03+00:00
413,TKT-00413,15D,EXECUTIVA,2026-02-11 05:48:42+00:00
414,TKT-00414,13E,ECONOMICA,2025-07-11 20:38:25+00:00
415,TKT-00415,35C,EXECUTIVA,2025-06-06 02:43:45+00:00
416,TKT-00416,31D,PRIMEIRA_CLASSE,2025-12-24 19:42:05+00:00
417,TKT-00417,4F,PRIMEIRA_CLASSE,2025-11-24 20:57:15+00:00
418,TKT-00418,40F,ECONOMICA,2025-12-20 16:04:30+00:00
419,TKT-00419,3B,EXECUTIVA,2025-11-21 02:28:21+00:00
420,TKT-00420,23E,PRIMEIRA_CLASSE,2025-06-04 02:36:06+00:00
421,TKT-00421,27F,ECONOMICA,2025-09-21 16:41:47+00:00
422,TKT-00422,20E,PRIMEIRA_CLASSE,2025-09-13 03:49:19+00:00
423,TKT-00423,36B,PRIMEIRA_CLASSE,2026-03-08 13:38:58+00:00
424,TKT-00424,23C,PRIMEIRA_CLASSE,2025-12-28 05:12:01+00:00
425,TKT-00425,6F,PRIMEIRA_CLASSE,2026-02-03 19:57:50+00:00
426,TKT-00426,37A,PRIMEIRA_CLASSE,2025-10-26 18:34:26+00:00
427,TKT-00427,36A,ECONOMICA,2026-05-12 23:01:15+00:00
428,TKT-00428,40B,ECONOMICA,2025-10-26 22:19:56+00:00
429,TKT-00429,33D,PRIMEIRA_CLASSE,2026-01-29 08:23:34+00:00
430,TKT-00430,7F,PRIMEIRA_CLASSE,2026-03-03 11:42:00+00:00
431,TKT-00431,8D,ECONOMICA,2025-11-15 09:38:05+00:00
432,TKT-00432,7F,EXECUTIVA,2026-02-16 23:44:06+00:00
433,TKT-00433,7F,ECONOMICA,2025-11-03 14:47:52+00:00
434,TKT-00434,23B,ECONOMICA,2026-04-20 08:03:58+00:00
435,TKT-00435,12F,ECONOMICA,2025-08-16 13:58:33+00:00
436,TKT-00436,35C,PRIMEIRA_CLASSE,2025-09-07 10:59:39+00:00
437,TKT-00437,25A,EXECUTIVA,2026-03-06 22:38:05+00:00
438,TKT-00438,39F,EXECUTIVA,2025-08-20 21:38:27+00:00
439,TKT-00439,1C,ECONOMICA,2025-12-27 03:43:33+00:00
440,TKT-00440,12B,PRIMEIRA_CLASSE,2025-12-11 07:29:56+00:00
441,TKT-00441,4D,ECONOMICA,2025-09-17 01:18:36+00:00
442,TKT-00442,10F,PRIMEIRA_CLASSE,2025-11-18 02:24:09+00:00
443,TKT-00443,19E,ECONOMICA,2026-01-25 11:43:34+00:00
444,TKT-00444,25E,EXECUTIVA,2026-04-01 11:13:59+00:00
445,TKT-00445,3F,ECONOMICA,2026-01-31 20:44:08+00:00
446,TKT-00446,10D,EXECUTIVA,2025-07-19 15:49:54+00:00
447,TKT-00447,22E,EXECUTIVA,2026-02-10 18:59:37+00:00
448,TKT-00448,8B,ECONOMICA,2026-06-01 19:16:39+00:00
449,TKT-00449,26E,PRIMEIRA_CLASSE,2026-01-13 03:34:39+00:00
450,TKT-00450,8D,EXECUTIVA,2025-08-17 21:50:54+00:00
451,TKT-00451,2F,ECONOMICA,2025-06-15 06:47:50+00:00
452,TKT-00452,19E,ECONOMICA,2026-04-01 09:59:18+00:00
453,TKT-00453,14A,ECONOMICA,2026-04-30 19:42:38+00:00
454,TKT-00454,24C,EXECUTIVA,2025-08-25 10:37:24+00:00
455,TKT-00455,12E,ECONOMICA,2025-07-09 00:21:24+00:00
456,TKT-00456,15D,ECONOMICA,2025-10-24 12:40:41+00:00
457,TKT-00457,10D,ECONOMICA,2025-12-22 07:01:08+00:00
458,TKT-00458,16D,ECONOMICA,2025-10-01 09:39:58+00:00
459,TKT-00459,15F,ECONOMICA,2026-03-30 03:35:23+00:00
460,TKT-00460,26E,PRIMEIRA_CLASSE,2026-04-01 05:47:10+00:00
461,TKT-00461,19A,EXECUTIVA,2025-07-24 14:21:53+00:00
462,TKT-00462,28D,ECONOMICA,2025-10-13 12:02:28+00:00
463,TKT-00463,37E,EXECUTIVA,2025-11-10 07:33:36+00:00
464,TKT-00464,27B,EXECUTIVA,2025-06-28 18:26:23+00:00
465,TKT-00465,17D,EXECUTIVA,2026-05-06 05:56:38+00:00
466,TKT-00466,23E,EXECUTIVA,2026-05-08 05:57:56+00:00
467,TKT-00467,12A,ECONOMICA,2025-09-12 11:49:41+00:00
468,TKT-00468,24A,EXECUTIVA,2025-07-31 00:56:54+00:00
469,TKT-00469,15A,ECONOMICA,2026-03-26 18:41:34+00:00
470,TKT-00470,2A,EXECUTIVA,2026-01-21 06:56:31+00:00
471,TKT-00471,13D,PRIMEIRA_CLASSE,2025-08-28 06:01:58+00:00
472,TKT-00472,23C,EXECUTIVA,2026-01-04 04:21:04+00:00
473,TKT-00473,1D,PRIMEIRA_CLASSE,2025-09-01 10:37:24+00:00
474,TKT-00474,22D,ECONOMICA,2025-07-16 22:42:25+00:00
475,TKT-00475,7A,ECONOMICA,2026-05-04 22:59:41+00:00
476,TKT-00476,36B,EXECUTIVA,2025-07-01 11:01:25+00:00
477,TKT-00477,35B,ECONOMICA,2025-10-03 13:38:29+00:00
478,TKT-00478,29E,ECONOMICA,2026-01-20 22:26:02+00:00
479,TKT-00479,29D,ECONOMICA,2026-03-20 22:54:03+00:00
480,TKT-00480,23B,PRIMEIRA_CLASSE,2025-08-10 21:57:57+00:00
481,TKT-00481,13B,EXECUTIVA,2025-09-19 12:48:22+00:00
482,TKT-00482,3F,EXECUTIVA,2025-12-04 03:32:07+00:00
483,TKT-00483,31D,ECONOMICA,2025-06-17 15:56:39+00:00
484,TKT-00484,21E,ECONOMICA,2026-03-23 19:08:58+00:00
485,TKT-00485,38F,ECONOMICA,2026-04-22 15:21:21+00:00
486,TKT-00486,18C,PRIMEIRA_CLASSE,2025-07-08 15:39:32+00:00
487,TKT-00487,28B,ECONOMICA,2025-10-07 07:15:14+00:00
488,TKT-00488,5B,ECONOMICA,2026-01-18 16:07:37+00:00
489,TKT-00489,15B,PRIMEIRA_CLASSE,2025-12-24 19:16:17+00:00
490,TKT-00490,20C,ECONOMICA,2025-06-22 10:14:42+00:00
491,TKT-00491,33D,EXECUTIVA,2026-03-02 14:49:42+00:00
492,TKT-00492,15D,PRIMEIRA_CLASSE,2026-04-20 08:40:41+00:00
493,TKT-00493,35B,PRIMEIRA_CLASSE,2026-02-11 06:54:01+00:00
494,TKT-00494,15A,PRIMEIRA_CLASSE,2025-11-25 22:21:19+00:00
495,TKT-00495,16B,PRIMEIRA_CLASSE,2025-08-14 22:33:46+00:00
496,TKT-00496,24F,EXECUTIVA,2025-12-24 04:31:58+00:00
497,TKT-00497,31C,EXECUTIVA,2025-10-13 09:22:39+00:00
498,TKT-00498,32B,EXECUTIVA,2026-05-13 00:04:38+00:00
499,TKT-00499,3D,ECONOMICA,2026-02-09 14:27:48+00:00
500,TKT-00500,35E,ECONOMICA,2026-02-17 01:10:04+00:00
501,TKT-00501,28D,ECONOMICA,2025-09-28 03:13:22+00:00
502,TKT-00502,7E,EXECUTIVA,2026-03-25 23:37:28+00:00
503,TKT-00503,3F,ECONOMICA,2025-11-24 09:52:27+00:00
504,TKT-00504,40A,PRIMEIRA_CLASSE,2026-06-01 07:13:42+00:00
505,TKT-00505,27F,ECONOMICA,2025-12-23 04:59:12+00:00
506,TKT-00506,14F,EXECUTIVA,2026-03-26 14:09:32+00:00
507,TKT-00507,1B,EXECUTIVA,2026-01-24 11:10:52+00:00
508,TKT-00508,25B,EXECUTIVA,2025-10-02 00:27:34+00:00
509,TKT-00509,26D,EXECUTIVA,2025-07-01 02:50:30+00:00
510,TKT-00510,39D,EXECUTIVA,2025-06-12 23:46:03+00:00
511,TKT-00511,39F,PRIMEIRA_CLASSE,2026-05-07 04:46:13+00:00
512,TKT-00512,39E,PRIMEIRA_CLASSE,2026-01-23 08:26:39+00:00
513,TKT-00513,2F,ECONOMICA,2025-12-07 08:38:24+00:00
514,TKT-00514,34F,ECONOMICA,2025-12-11 22:14:15+00:00
515,TKT-00515,27D,ECONOMICA,2026-05-02 09:25:17+00:00
516,TKT-00516,20B,EXECUTIVA,2025-07-27 11:09:07+00:00
517,TKT-00517,15F,PRIMEIRA_CLASSE,2026-05-02 19:20:37+00:00
518,TKT-00518,16F,PRIMEIRA_CLASSE,2026-01-20 06:34:12+00:00
519,TKT-00519,26B,PRIMEIRA_CLASSE,2026-03-21 16:23:05+00:00
520,TKT-00520,17A,PRIMEIRA_CLASSE,2025-12-04 04:00:51+00:00
521,TKT-00521,12A,EXECUTIVA,2025-07-05 07:39:47+00:00
522,TKT-00522,23D,EXECUTIVA,2025-09-01 04:40:19+00:00
523,TKT-00523,34D,PRIMEIRA_CLASSE,2025-06-07 16:09:23+00:00
524,TKT-00524,20B,EXECUTIVA,2026-03-13 21:54:30+00:00
525,TKT-00525,19D,PRIMEIRA_CLASSE,2026-03-09 16:48:33+00:00
526,TKT-00526,25E,PRIMEIRA_CLASSE,2026-03-06 23:45:45+00:00
527,TKT-00527,23F,ECONOMICA,2025-11-04 03:40:34+00:00
528,TKT-00528,33F,EXECUTIVA,2026-02-13 00:55:05+00:00
529,TKT-00529,2F,PRIMEIRA_CLASSE,2026-04-29 12:56:05+00:00
530,TKT-00530,17C,ECONOMICA,2025-11-03 03:50:14+00:00
531,TKT-00531,18B,ECONOMICA,2025-11-13 18:38:23+00:00
532,TKT-00532,19B,ECONOMICA,2025-12-01 02:00:30+00:00
533,TKT-00533,1E,PRIMEIRA_CLASSE,2026-02-27 16:54:05+00:00
534,TKT-00534,38C,PRIMEIRA_CLASSE,2026-01-09 13:43:12+00:00
535,TKT-00535,24F,ECONOMICA,2026-03-24 02:41:34+00:00
536,TKT-00536,5B,EXECUTIVA,2026-01-05 05:11:56+00:00
537,TKT-00537,25A,PRIMEIRA_CLASSE,2026-02-11 12:29:53+00:00
538,TKT-00538,2C,ECONOMICA,2025-07-19 12:36:44+00:00
539,TKT-00539,28A,ECONOMICA,2025-08-09 13:45:57+00:00
540,TKT-00540,27B,EXECUTIVA,2026-05-27 09:07:01+00:00
541,TKT-00541,36F,PRIMEIRA_CLASSE,2026-03-28 08:49:25+00:00
542,TKT-00542,9C,EXECUTIVA,2026-04-23 13:36:57+00:00
543,TKT-00543,29F,PRIMEIRA_CLASSE,2025-11-13 06:07:04+00:00
544,TKT-00544,26D,ECONOMICA,2025-12-03 05:36:28+00:00
545,TKT-00545,24D,ECONOMICA,2025-10-14 20:42:15+00:00
546,TKT-00546,12C,PRIMEIRA_CLASSE,2026-04-29 17:14:00+00:00
547,TKT-00547,20B,EXECUTIVA,2026-01-24 13:29:10+00:00
548,TKT-00548,3D,ECONOMICA,2026-01-21 18:23:20+00:00
549,TKT-00549,1A,ECONOMICA,2025-12-31 22:23:55+00:00
550,TKT-00550,36D,PRIMEIRA_CLASSE,2025-12-30 15:28:00+00:00
551,TKT-00551,2E,ECONOMICA,2025-08-01 20:48:57+00:00
552,TKT-00552,16C,PRIMEIRA_CLASSE,2026-02-21 09:48:45+00:00
553,TKT-00553,7E,ECONOMICA,2026-05-03 10:10:58+00:00
554,TKT-00554,35C,ECONOMICA,2025-08-03 08:53:23+00:00
555,TKT-00555,27E,EXECUTIVA,2026-01-30 14:43:33+00:00
556,TKT-00556,17F,PRIMEIRA_CLASSE,2025-12-03 17:05:35+00:00
557,TKT-00557,13E,ECONOMICA,2026-04-11 08:42:10+00:00
558,TKT-00558,35E,ECONOMICA,2026-02-01 20:51:28+00:00
559,TKT-00559,2B,PRIMEIRA_CLASSE,2025-07-04 08:04:44+00:00
560,TKT-00560,30A,PRIMEIRA_CLASSE,2025-11-17 21:50:16+00:00
561,TKT-00561,8E,PRIMEIRA_CLASSE,2026-05-29 08:50:46+00:00
562,TKT-00562,1E,ECONOMICA,2026-02-13 06:24:49+00:00
563,TKT-00563,28C,PRIMEIRA_CLASSE,2026-03-17 19:12:44+00:00
564,TKT-00564,4C,PRIMEIRA_CLASSE,2025-06-22 16:22:11+00:00
565,TKT-00565,16C,EXECUTIVA,2025-12-24 01:27:51+00:00
566,TKT-00566,12E,EXECUTIVA,2025-11-29 14:09:28+00:00
567,TKT-00567,21A,ECONOMICA,2025-11-25 04:30:47+00:00
568,TKT-00568,37C,ECONOMICA,2025-10-31 19:49:31+00:00
569,TKT-00569,10F,PRIMEIRA_CLASSE,2025-12-29 12:46:47+00:00
570,TKT-00570,17B,PRIMEIRA_CLASSE,2025-11-19 20:46:58+00:00
571,TKT-00571,13A,ECONOMICA,2026-04-26 14:19:20+00:00
572,TKT-00572,1B,EXECUTIVA,2026-06-01 14:18:34+00:00
573,TKT-00573,2D,ECONOMICA,2025-10-13 06:46:18+00:00
574,TKT-00574,19A,EXECUTIVA,2026-02-19 08:49:28+00:00
575,TKT-00575,3D,ECONOMICA,2026-02-18 02:27:49+00:00
576,TKT-00576,3C,PRIMEIRA_CLASSE,2026-05-15 06:21:51+00:00
577,TKT-00577,1E,EXECUTIVA,2025-10-02 15:03:25+00:00
578,TKT-00578,34B,EXECUTIVA,2025-12-16 09:59:24+00:00
579,TKT-00579,35B,ECONOMICA,2025-11-04 19:39:32+00:00
580,TKT-00580,24E,EXECUTIVA,2025-11-10 17:06:45+00:00
581,TKT-00581,19C,ECONOMICA,2025-07-30 19:42:00+00:00
582,TKT-00582,40D,ECONOMICA,2026-01-25 23:33:12+00:00
583,TKT-00583,15C,ECONOMICA,2026-01-24 10:00:28+00:00
584,TKT-00584,15B,EXECUTIVA,2025-12-22 09:12:12+00:00
585,TKT-00585,26F,PRIMEIRA_CLASSE,2026-05-21 22:57:28+00:00
586,TKT-00586,40B,ECONOMICA,2026-04-06 01:11:01+00:00
587,TKT-00587,31D,ECONOMICA,2025-06-29 03:19:01+00:00
588,TKT-00588,32C,ECONOMICA,2025-12-20 10:43:31+00:00
589,TKT-00589,39E,ECONOMICA,2025-07-10 02:37:41+00:00
590,TKT-00590,37F,ECONOMICA,2025-10-09 12:08:07+00:00
591,TKT-00591,9E,PRIMEIRA_CLASSE,2026-03-02 17:43:46+00:00
592,TKT-00592,15F,EXECUTIVA,2026-01-02 10:20:00+00:00
593,TKT-00593,6B,PRIMEIRA_CLASSE,2026-03-03 23:20:47+00:00
594,TKT-00594,15B,ECONOMICA,2026-04-01 00:33:24+00:00
595,TKT-00595,11C,PRIMEIRA_CLASSE,2026-04-29 11:02:17+00:00
596,TKT-00596,34E,EXECUTIVA,2025-08-11 00:02:47+00:00
597,TKT-00597,24B,EXECUTIVA,2025-10-30 00:27:04+00:00
598,TKT-00598,23B,ECONOMICA,2026-04-20 09:15:47+00:00
599,TKT-00599,16C,PRIMEIRA_CLASSE,2026-01-23 03:49:12+00:00
600,TKT-00600,37D,PRIMEIRA_CLASSE,2025-07-28 23:01:13+00:00
601,TKT-00601,25D,EXECUTIVA,2025-09-24 10:18:52+00:00
602,TKT-00602,14F,EXECUTIVA,2025-08-27 03:48:55+00:00
603,TKT-00603,30A,EXECUTIVA,2026-01-22 20:53:00+00:00
604,TKT-00604,16C,PRIMEIRA_CLASSE,2026-05-23 13:39:47+00:00
605,TKT-00605,32D,EXECUTIVA,2026-02-27 15:52:18+00:00
606,TKT-00606,36B,EXECUTIVA,2025-08-30 13:33:55+00:00
607,TKT-00607,28A,PRIMEIRA_CLASSE,2025-10-03 02:23:01+00:00
608,TKT-00608,22C,EXECUTIVA,2026-01-18 04:49:24+00:00
609,TKT-00609,14B,PRIMEIRA_CLASSE,2025-09-26 22:29:10+00:00
610,TKT-00610,37B,ECONOMICA,2025-07-06 13:17:33+00:00
611,TKT-00611,26F,PRIMEIRA_CLASSE,2025-06-22 19:08:12+00:00
612,TKT-00612,18F,PRIMEIRA_CLASSE,2026-01-18 19:01:06+00:00
613,TKT-00613,3C,ECONOMICA,2026-03-07 14:23:29+00:00
614,TKT-00614,18E,PRIMEIRA_CLASSE,2026-05-04 19:43:15+00:00
615,TKT-00615,38C,PRIMEIRA_CLASSE,2025-06-16 16:04:47+00:00
616,TKT-00616,1E,EXECUTIVA,2025-12-23 23:45:43+00:00
617,TKT-00617,17E,EXECUTIVA,2025-08-22 15:43:32+00:00
618,TKT-00618,17C,EXECUTIVA,2026-02-18 18:20:48+00:00
619,TKT-00619,10B,ECONOMICA,2026-02-02 13:55:47+00:00
620,TKT-00620,27B,ECONOMICA,2025-12-04 16:22:21+00:00
621,TKT-00621,17C,ECONOMICA,2025-12-11 05:08:30+00:00
622,TKT-00622,1F,ECONOMICA,2025-11-25 16:19:47+00:00
623,TKT-00623,18B,EXECUTIVA,2025-10-05 14:53:50+00:00
624,TKT-00624,14C,PRIMEIRA_CLASSE,2025-10-06 20:21:43+00:00
625,TKT-00625,3F,ECONOMICA,2026-04-24 01:21:07+00:00
626,TKT-00626,11F,ECONOMICA,2025-11-22 14:21:21+00:00
627,TKT-00627,7D,PRIMEIRA_CLASSE,2026-01-13 18:26:01+00:00
628,TKT-00628,34C,ECONOMICA,2026-01-29 20:48:49+00:00
629,TKT-00629,24D,ECONOMICA,2026-02-11 16:14:05+00:00
630,TKT-00630,27E,ECONOMICA,2026-05-07 14:21:34+00:00
631,TKT-00631,1B,ECONOMICA,2026-04-22 10:30:43+00:00
632,TKT-00632,11D,PRIMEIRA_CLASSE,2025-08-30 18:56:29+00:00
633,TKT-00633,31E,ECONOMICA,2026-02-17 07:56:39+00:00
634,TKT-00634,32C,ECONOMICA,2026-01-09 03:45:46+00:00
635,TKT-00635,36A,PRIMEIRA_CLASSE,2026-03-27 10:37:39+00:00
636,TKT-00636,17F,EXECUTIVA,2026-02-19 12:05:58+00:00
637,TKT-00637,24F,ECONOMICA,2025-11-02 00:31:36+00:00
638,TKT-00638,32B,PRIMEIRA_CLASSE,2026-06-02 15:12:38+00:00
639,TKT-00639,24D,PRIMEIRA_CLASSE,2025-12-17 16:49:37+00:00
640,TKT-00640,31E,PRIMEIRA_CLASSE,2025-08-29 12:43:55+00:00
641,TKT-00641,1B,PRIMEIRA_CLASSE,2026-04-07 02:01:45+00:00
642,TKT-00642,1D,PRIMEIRA_CLASSE,2025-09-03 02:18:19+00:00
643,TKT-00643,28C,PRIMEIRA_CLASSE,2025-06-10 23:32:36+00:00
644,TKT-00644,31F,PRIMEIRA_CLASSE,2026-05-21 04:01:55+00:00
645,TKT-00645,30D,EXECUTIVA,2026-02-16 02:46:02+00:00
646,TKT-00646,18B,PRIMEIRA_CLASSE,2026-03-09 17:09:22+00:00
647,TKT-00647,38E,EXECUTIVA,2026-01-19 05:48:50+00:00
648,TKT-00648,21A,EXECUTIVA,2025-08-15 22:29:35+00:00
649,TKT-00649,2A,PRIMEIRA_CLASSE,2025-08-28 11:49:32+00:00
650,TKT-00650,1D,ECONOMICA,2025-10-20 17:38:23+00:00
651,TKT-00651,29F,PRIMEIRA_CLASSE,2025-08-30 11:29:30+00:00
652,TKT-00652,23F,PRIMEIRA_CLASSE,2025-08-09 08:10:29+00:00
653,TKT-00653,2A,EXECUTIVA,2026-01-11 18:09:21+00:00
654,TKT-00654,16C,PRIMEIRA_CLASSE,2026-02-05 17:24:13+00:00
655,TKT-00655,2F,ECONOMICA,2025-10-30 06:31:04+00:00
656,TKT-00656,10D,EXECUTIVA,2025-07-13 11:34:21+00:00
657,TKT-00657,37D,PRIMEIRA_CLASSE,2026-04-06 17:37:59+00:00
658,TKT-00658,7D,ECONOMICA,2025-06-27 03:05:46+00:00
659,TKT-00659,8D,EXECUTIVA,2026-05-24 15:57:45+00:00
660,TKT-00660,21B,EXECUTIVA,2026-01-10 00:00:27+00:00
661,TKT-00661,15C,ECONOMICA,2025-07-05 00:26:16+00:00
662,TKT-00662,14F,ECONOMICA,2026-02-01 11:34:41+00:00
663,TKT-00663,25C,EXECUTIVA,2026-02-27 14:54:32+00:00
664,TKT-00664,18F,EXECUTIVA,2026-05-12 20:58:44+00:00
665,TKT-00665,24C,ECONOMICA,2026-02-16 01:35:05+00:00
666,TKT-00666,4D,ECONOMICA,2025-12-02 17:03:11+00:00
667,TKT-00667,5D,PRIMEIRA_CLASSE,2026-02-10 06:19:47+00:00
668,TKT-00668,14D,PRIMEIRA_CLASSE,2026-05-05 00:03:35+00:00
669,TKT-00669,32E,EXECUTIVA,2025-10-18 06:09:24+00:00
670,TKT-00670,13C,ECONOMICA,2026-02-18 11:53:22+00:00
671,TKT-00671,6F,EXECUTIVA,2025-08-25 20:54:06+00:00
672,TKT-00672,39E,PRIMEIRA_CLASSE,2025-08-22 21:36:57+00:00
673,TKT-00673,24C,PRIMEIRA_CLASSE,2026-03-23 05:53:23+00:00
674,TKT-00674,9B,PRIMEIRA_CLASSE,2025-12-10 05:46:38+00:00
675,TKT-00675,20E,EXECUTIVA,2025-08-20 20:53:41+00:00
676,TKT-00676,33A,PRIMEIRA_CLASSE,2026-03-01 16:28:57+00:00
677,TKT-00677,31D,PRIMEIRA_CLASSE,2025-12-16 09:58:44+00:00
678,TKT-00678,18B,ECONOMICA,2026-03-08 01:31:01+00:00
679,TKT-00679,16B,ECONOMICA,2026-01-13 22:24:32+00:00
680,TKT-00680,1E,ECONOMICA,2026-02-24 20:41:44+00:00
681,TKT-00681,38F,ECONOMICA,2026-03-13 21:18:41+00:00
682,TKT-00682,33E,PRIMEIRA_CLASSE,2026-05-09 06:23:47+00:00
683,TKT-00683,38D,PRIMEIRA_CLASSE,2026-01-15 12:03:08+00:00
684,TKT-00684,22D,PRIMEIRA_CLASSE,2026-03-16 04:06:37+00:00
685,TKT-00685,34D,EXECUTIVA,2025-08-31 22:42:04+00:00
686,TKT-00686,35C,EXECUTIVA,2025-06-06 05:55:23+00:00
687,TKT-00687,7F,EXECUTIVA,2026-02-10 15:16:00+00:00
688,TKT-00688,23C,PRIMEIRA_CLASSE,2025-12-21 22:27:41+00:00
689,TKT-00689,30E,ECONOMICA,2025-08-10 07:43:21+00:00
690,TKT-00690,15D,ECONOMICA,2025-12-11 20:07:31+00:00
691,TKT-00691,17D,ECONOMICA,2025-11-12 19:33:40+00:00
692,TKT-00692,14F,PRIMEIRA_CLASSE,2026-04-26 08:05:51+00:00
693,TKT-00693,26A,ECONOMICA,2025-09-16 21:26:22+00:00
694,TKT-00694,29E,ECONOMICA,2026-04-06 01:05:43+00:00
695,TKT-00695,30A,PRIMEIRA_CLASSE,2026-03-11 16:29:40+00:00
696,TKT-00696,14D,EXECUTIVA,2025-06-27 16:08:23+00:00
697,TKT-00697,29C,PRIMEIRA_CLASSE,2026-05-05 15:31:29+00:00
698,TKT-00698,36C,ECONOMICA,2026-05-31 20:56:57+00:00
699,TKT-00699,19F,PRIMEIRA_CLASSE,2025-08-14 10:22:32+00:00
700,TKT-00700,19C,ECONOMICA,2025-12-13 07:36:02+00:00
701,TKT-00701,39A,EXECUTIVA,2025-12-02 13:09:35+00:00
702,TKT-00702,21A,EXECUTIVA,2025-12-17 14:33:59+00:00
703,TKT-00703,5D,PRIMEIRA_CLASSE,2026-03-10 15:53:40+00:00
704,TKT-00704,36E,PRIMEIRA_CLASSE,2026-02-04 15:28:11+00:00
705,TKT-00705,38B,PRIMEIRA_CLASSE,2025-06-29 09:36:49+00:00
706,TKT-00706,36D,ECONOMICA,2026-02-27 15:27:29+00:00
707,TKT-00707,12B,EXECUTIVA,2025-10-05 02:05:31+00:00
708,TKT-00708,38B,PRIMEIRA_CLASSE,2026-02-13 21:32:29+00:00
709,TKT-00709,23D,ECONOMICA,2025-11-27 06:53:37+00:00
710,TKT-00710,30C,PRIMEIRA_CLASSE,2026-03-04 08:09:48+00:00
711,TKT-00711,40A,EXECUTIVA,2025-10-16 19:47:20+00:00
712,TKT-00712,14A,EXECUTIVA,2026-01-17 16:21:35+00:00
713,TKT-00713,2F,ECONOMICA,2025-08-11 08:47:21+00:00
714,TKT-00714,13A,EXECUTIVA,2025-06-27 13:18:01+00:00
715,TKT-00715,34D,EXECUTIVA,2026-01-09 10:37:33+00:00
716,TKT-00716,23E,PRIMEIRA_CLASSE,2026-05-07 12:16:23+00:00
717,TKT-00717,5C,ECONOMICA,2026-04-15 08:34:52+00:00
718,TKT-00718,31C,EXECUTIVA,2025-12-19 14:27:45+00:00
719,TKT-00719,22C,ECONOMICA,2026-05-13 17:26:44+00:00
720,TKT-00720,15C,PRIMEIRA_CLASSE,2025-10-10 17:08:18+00:00
721,TKT-00721,9E,EXECUTIVA,2026-02-03 23:20:24+00:00
722,TKT-00722,39C,ECONOMICA,2025-08-05 00:06:47+00:00
723,TKT-00723,18D,EXECUTIVA,2026-05-22 05:51:00+00:00
724,TKT-00724,22A,EXECUTIVA,2025-06-24 15:12:31+00:00
725,TKT-00725,34D,ECONOMICA,2025-08-14 14:08:29+00:00
726,TKT-00726,28F,EXECUTIVA,2025-12-11 17:36:14+00:00
727,TKT-00727,21C,PRIMEIRA_CLASSE,2026-01-26 16:24:45+00:00
728,TKT-00728,28B,PRIMEIRA_CLASSE,2025-06-06 12:45:51+00:00
729,TKT-00729,30C,ECONOMICA,2025-08-10 15:01:18+00:00
730,TKT-00730,7D,EXECUTIVA,2025-08-18 20:30:27+00:00
731,TKT-00731,10A,ECONOMICA,2025-07-22 17:57:41+00:00
732,TKT-00732,20C,EXECUTIVA,2026-01-12 09:19:40+00:00
733,TKT-00733,33A,EXECUTIVA,2026-03-28 15:35:14+00:00
734,TKT-00734,2D,PRIMEIRA_CLASSE,2025-10-27 08:32:33+00:00
735,TKT-00735,29B,ECONOMICA,2025-07-15 15:41:17+00:00
736,TKT-00736,35C,PRIMEIRA_CLASSE,2025-07-28 09:26:51+00:00
737,TKT-00737,34F,EXECUTIVA,2025-10-06 20:44:07+00:00
738,TKT-00738,18D,PRIMEIRA_CLASSE,2025-07-05 15:58:50+00:00
739,TKT-00739,23A,PRIMEIRA_CLASSE,2025-06-20 03:27:00+00:00
740,TKT-00740,25C,EXECUTIVA,2025-09-07 18:40:55+00:00
741,TKT-00741,12C,PRIMEIRA_CLASSE,2025-07-01 16:33:25+00:00
742,TKT-00742,10B,PRIMEIRA_CLASSE,2025-11-08 13:05:18+00:00
743,TKT-00743,21E,ECONOMICA,2025-11-28 02:26:28+00:00
744,TKT-00744,39B,PRIMEIRA_CLASSE,2026-04-22 17:14:25+00:00
745,TKT-00745,37C,ECONOMICA,2025-06-13 10:33:43+00:00
746,TKT-00746,7B,ECONOMICA,2025-12-31 00:06:11+00:00
747,TKT-00747,32A,ECONOMICA,2025-11-08 15:57:24+00:00
748,TKT-00748,21A,PRIMEIRA_CLASSE,2025-07-20 14:30:14+00:00
749,TKT-00749,39F,PRIMEIRA_CLASSE,2026-03-17 09:15:19+00:00
750,TKT-00750,18A,PRIMEIRA_CLASSE,2025-12-23 13:12:13+00:00
751,TKT-00751,15B,EXECUTIVA,2026-01-22 00:02:48+00:00
752,TKT-00752,12B,ECONOMICA,2025-06-23 16:53:01+00:00
753,TKT-00753,38F,PRIMEIRA_CLASSE,2025-12-05 07:01:58+00:00
754,TKT-00754,24E,EXECUTIVA,2026-02-11 04:07:02+00:00
755,TKT-00755,32D,ECONOMICA,2026-01-07 16:23:43+00:00
756,TKT-00756,3A,ECONOMICA,2025-11-29 14:22:00+00:00
757,TKT-00757,4C,EXECUTIVA,2025-11-28 10:25:03+00:00
758,TKT-00758,36C,EXECUTIVA,2025-07-13 13:22:24+00:00
759,TKT-00759,28B,ECONOMICA,2026-01-15 09:21:18+00:00
760,TKT-00760,28B,PRIMEIRA_CLASSE,2026-05-23 01:56:55+00:00
761,TKT-00761,19E,EXECUTIVA,2026-02-04 18:56:30+00:00
762,TKT-00762,16E,EXECUTIVA,2025-12-30 00:03:29+00:00
763,TKT-00763,2D,ECONOMICA,2025-10-03 06:03:48+00:00
764,TKT-00764,39D,ECONOMICA,2025-12-30 05:46:49+00:00
765,TKT-00765,12B,ECONOMICA,2025-12-28 23:15:45+00:00
766,TKT-00766,25A,ECONOMICA,2026-05-01 20:57:03+00:00
767,TKT-00767,18D,EXECUTIVA,2026-03-23 20:24:57+00:00
768,TKT-00768,16E,EXECUTIVA,2026-04-03 20:54:06+00:00
769,TKT-00769,16B,PRIMEIRA_CLASSE,2026-05-09 01:43:14+00:00
770,TKT-00770,20A,EXECUTIVA,2026-05-21 22:12:49+00:00
771,TKT-00771,16D,ECONOMICA,2025-11-16 02:20:54+00:00
772,TKT-00772,14A,PRIMEIRA_CLASSE,2026-02-13 00:20:21+00:00
773,TKT-00773,24E,PRIMEIRA_CLASSE,2025-11-14 06:26:34+00:00
774,TKT-00774,39D,PRIMEIRA_CLASSE,2025-07-02 16:35:02+00:00
775,TKT-00775,35E,EXECUTIVA,2025-10-26 19:06:53+00:00
776,TKT-00776,24A,PRIMEIRA_CLASSE,2026-05-11 02:16:46+00:00
777,TKT-00777,7F,EXECUTIVA,2026-03-26 00:32:48+00:00
778,TKT-00778,3C,ECONOMICA,2026-03-30 19:53:07+00:00
779,TKT-00779,35A,ECONOMICA,2026-03-12 15:50:23+00:00
780,TKT-00780,22F,ECONOMICA,2025-09-10 20:10:22+00:00
781,TKT-00781,3F,ECONOMICA,2025-10-21 17:25:31+00:00
782,TKT-00782,31E,PRIMEIRA_CLASSE,2025-10-18 23:50:55+00:00
783,TKT-00783,23C,EXECUTIVA,2025-06-17 20:56:28+00:00
784,TKT-00784,37C,EXECUTIVA,2025-10-02 18:54:31+00:00
785,TKT-00785,9B,ECONOMICA,2026-01-31 19:19:43+00:00
786,TKT-00786,18E,ECONOMICA,2026-05-13 19:07:20+00:00
787,TKT-00787,14D,PRIMEIRA_CLASSE,2025-10-07 11:42:15+00:00
788,TKT-00788,35A,PRIMEIRA_CLASSE,2025-10-02 23:34:03+00:00
789,TKT-00789,28B,PRIMEIRA_CLASSE,2026-03-22 02:12:03+00:00
790,TKT-00790,38C,ECONOMICA,2025-06-13 20:55:26+00:00
791,TKT-00791,6D,EXECUTIVA,2025-07-08 08:37:28+00:00
792,TKT-00792,28B,ECONOMICA,2025-11-26 10:06:09+00:00
793,TKT-00793,29C,EXECUTIVA,2025-11-18 00:20:40+00:00
794,TKT-00794,30F,ECONOMICA,2025-10-04 08:28:33+00:00
795,TKT-00795,26B,ECONOMICA,2025-12-11 23:23:15+00:00
796,TKT-00796,7F,ECONOMICA,2025-12-18 06:04:57+00:00
797,TKT-00797,2B,PRIMEIRA_CLASSE,2026-02-26 00:04:32+00:00
798,TKT-00798,4B,ECONOMICA,2025-09-24 05:24:21+00:00
799,TKT-00799,29A,PRIMEIRA_CLASSE,2026-02-04 03:58:34+00:00
800,TKT-00800,40C,PRIMEIRA_CLASSE,2026-01-23 21:30:41+00:00
801,TKT-00801,5D,PRIMEIRA_CLASSE,2025-10-31 16:59:52+00:00
802,TKT-00802,34D,EXECUTIVA,2026-03-26 05:45:47+00:00
803,TKT-00803,15A,ECONOMICA,2026-02-19 14:27:59+00:00
804,TKT-00804,22E,EXECUTIVA,2026-01-18 06:45:01+00:00
805,TKT-00805,5E,ECONOMICA,2026-01-14 15:01:17+00:00
806,TKT-00806,4F,PRIMEIRA_CLASSE,2025-11-24 18:01:44+00:00
807,TKT-00807,31F,PRIMEIRA_CLASSE,2026-01-16 21:12:00+00:00
808,TKT-00808,32E,PRIMEIRA_CLASSE,2026-05-19 20:30:02+00:00
809,TKT-00809,36F,PRIMEIRA_CLASSE,2026-02-04 15:41:01+00:00
810,TKT-00810,12B,PRIMEIRA_CLASSE,2025-08-27 15:41:29+00:00
811,TKT-00811,9D,ECONOMICA,2026-03-13 08:07:47+00:00
812,TKT-00812,31A,EXECUTIVA,2025-10-30 10:55:55+00:00
813,TKT-00813,31C,EXECUTIVA,2025-12-18 19:18:47+00:00
814,TKT-00814,24C,ECONOMICA,2025-12-11 04:48:04+00:00
815,TKT-00815,14C,PRIMEIRA_CLASSE,2025-08-07 11:22:04+00:00
816,TKT-00816,9F,PRIMEIRA_CLASSE,2025-12-17 23:56:26+00:00
817,TKT-00817,12F,PRIMEIRA_CLASSE,2025-11-28 20:26:16+00:00
818,TKT-00818,16F,EXECUTIVA,2026-04-22 17:07:03+00:00
819,TKT-00819,12A,ECONOMICA,2025-12-26 13:54:47+00:00
820,TKT-00820,31D,PRIMEIRA_CLASSE,2026-05-05 14:14:15+00:00
821,TKT-00821,1E,ECONOMICA,2026-02-05 23:42:29+00:00
822,TKT-00822,11E,EXECUTIVA,2025-12-15 22:46:00+00:00
823,TKT-00823,12B,ECONOMICA,2026-04-20 08:44:52+00:00
824,TKT-00824,36D,PRIMEIRA_CLASSE,2025-11-28 08:50:23+00:00
825,TKT-00825,18B,PRIMEIRA_CLASSE,2025-09-15 19:10:17+00:00
826,TKT-00826,6B,PRIMEIRA_CLASSE,2025-10-29 20:58:17+00:00
827,TKT-00827,35E,ECONOMICA,2025-09-25 19:53:13+00:00
828,TKT-00828,13F,ECONOMICA,2026-03-29 23:52:47+00:00
829,TKT-00829,8D,EXECUTIVA,2025-09-07 07:44:35+00:00
830,TKT-00830,23A,ECONOMICA,2026-02-16 12:52:41+00:00
831,TKT-00831,38D,ECONOMICA,2026-03-21 19:23:30+00:00
832,TKT-00832,30C,ECONOMICA,2025-06-11 11:15:54+00:00
833,TKT-00833,26C,ECONOMICA,2026-05-01 03:25:21+00:00
834,TKT-00834,6C,PRIMEIRA_CLASSE,2026-04-14 18:19:29+00:00
835,TKT-00835,6F,EXECUTIVA,2025-12-13 07:37:42+00:00
836,TKT-00836,29D,ECONOMICA,2025-07-04 04:10:24+00:00
837,TKT-00837,11E,ECONOMICA,2026-03-15 05:44:14+00:00
838,TKT-00838,1A,PRIMEIRA_CLASSE,2025-12-30 06:15:21+00:00
839,TKT-00839,40C,ECONOMICA,2026-01-09 21:13:34+00:00
840,TKT-00840,37F,ECONOMICA,2025-09-13 06:11:11+00:00
841,TKT-00841,20D,PRIMEIRA_CLASSE,2025-06-05 20:10:16+00:00
842,TKT-00842,18D,PRIMEIRA_CLASSE,2025-10-10 19:55:37+00:00
843,TKT-00843,8F,EXECUTIVA,2025-11-18 16:13:22+00:00
844,TKT-00844,19E,ECONOMICA,2026-05-05 01:34:02+00:00
845,TKT-00845,8B,EXECUTIVA,2025-12-08 09:30:14+00:00
846,TKT-00846,24C,ECONOMICA,2025-11-08 18:23:52+00:00
847,TKT-00847,17A,PRIMEIRA_CLASSE,2025-09-14 02:58:48+00:00
848,TKT-00848,12C,EXECUTIVA,2026-04-29 19:27:02+00:00
849,TKT-00849,29B,EXECUTIVA,2026-04-05 17:57:01+00:00
850,TKT-00850,8F,EXECUTIVA,2026-04-19 21:27:22+00:00
851,TKT-00851,21F,EXECUTIVA,2026-06-02 03:51:15+00:00
852,TKT-00852,25D,PRIMEIRA_CLASSE,2025-12-07 08:07:56+00:00
853,TKT-00853,25D,PRIMEIRA_CLASSE,2025-11-29 05:09:06+00:00
854,TKT-00854,34C,EXECUTIVA,2026-04-22 15:27:08+00:00
855,TKT-00855,11B,ECONOMICA,2025-06-29 06:23:34+00:00
856,TKT-00856,15D,PRIMEIRA_CLASSE,2026-03-30 05:18:11+00:00
857,TKT-00857,7B,PRIMEIRA_CLASSE,2026-01-10 08:50:27+00:00
858,TKT-00858,10E,PRIMEIRA_CLASSE,2025-11-11 01:41:05+00:00
859,TKT-00859,18A,EXECUTIVA,2025-07-08 22:43:32+00:00
860,TKT-00860,31A,EXECUTIVA,2025-10-03 05:28:15+00:00
861,TKT-00861,4A,EXECUTIVA,2025-06-30 15:11:43+00:00
862,TKT-00862,2D,EXECUTIVA,2025-08-31 11:26:56+00:00
863,TKT-00863,36F,PRIMEIRA_CLASSE,2026-05-19 05:14:53+00:00
864,TKT-00864,12C,PRIMEIRA_CLASSE,2026-03-28 22:13:29+00:00
865,TKT-00865,4A,PRIMEIRA_CLASSE,2026-05-21 07:48:49+00:00
866,TKT-00866,40F,EXECUTIVA,2025-08-25 20:16:19+00:00
867,TKT-00867,1F,EXECUTIVA,2025-10-22 17:59:06+00:00
868,TKT-00868,19F,EXECUTIVA,2026-01-26 19:42:10+00:00
869,TKT-00869,3A,PRIMEIRA_CLASSE,2026-04-25 08:39:41+00:00
870,TKT-00870,39B,EXECUTIVA,2025-09-17 11:44:08+00:00
871,TKT-00871,5E,ECONOMICA,2026-04-20 04:27:03+00:00
872,TKT-00872,12A,ECONOMICA,2025-11-03 00:05:49+00:00
873,TKT-00873,3E,ECONOMICA,2025-12-10 09:44:26+00:00
874,TKT-00874,26F,ECONOMICA,2025-10-26 21:33:11+00:00
875,TKT-00875,4A,PRIMEIRA_CLASSE,2025-11-07 18:20:19+00:00
876,TKT-00876,12C,PRIMEIRA_CLASSE,2026-02-18 06:38:14+00:00
877,TKT-00877,12D,PRIMEIRA_CLASSE,2025-08-08 11:57:39+00:00
878,TKT-00878,33B,ECONOMICA,2025-10-20 01:15:57+00:00
879,TKT-00879,22C,ECONOMICA,2025-10-08 21:55:02+00:00
880,TKT-00880,24C,PRIMEIRA_CLASSE,2025-07-29 06:55:39+00:00
881,TKT-00881,33E,ECONOMICA,2026-04-26 16:27:46+00:00
882,TKT-00882,6B,PRIMEIRA_CLASSE,2026-03-29 12:12:25+00:00
883,TKT-00883,24E,EXECUTIVA,2025-12-23 21:56:02+00:00
884,TKT-00884,17D,EXECUTIVA,2026-05-13 20:27:56+00:00
885,TKT-00885,9B,ECONOMICA,2026-03-19 08:42:25+00:00
886,TKT-00886,6A,ECONOMICA,2025-12-05 15:51:45+00:00
887,TKT-00887,34B,ECONOMICA,2026-04-23 21:20:12+00:00
888,TKT-00888,14E,EXECUTIVA,2025-10-08 00:00:55+00:00
889,TKT-00889,30F,EXECUTIVA,2025-08-14 23:05:14+00:00
890,TKT-00890,14A,EXECUTIVA,2026-02-20 11:12:49+00:00
891,TKT-00891,25D,ECONOMICA,2026-04-24 01:40:36+00:00
892,TKT-00892,4F,PRIMEIRA_CLASSE,2026-05-12 20:46:31+00:00
893,TKT-00893,40F,PRIMEIRA_CLASSE,2026-05-15 11:36:05+00:00
894,TKT-00894,28E,ECONOMICA,2025-12-22 04:24:06+00:00
895,TKT-00895,33D,ECONOMICA,2026-05-22 02:38:49+00:00
896,TKT-00896,2C,EXECUTIVA,2025-12-14 01:46:19+00:00
897,TKT-00897,4B,EXECUTIVA,2025-12-19 15:03:15+00:00
898,TKT-00898,8F,ECONOMICA,2025-12-07 23:46:39+00:00
899,TKT-00899,12B,ECONOMICA,2025-09-18 19:05:53+00:00
900,TKT-00900,34B,ECONOMICA,2026-05-01 17:33:34+00:00
901,TKT-00901,22D,PRIMEIRA_CLASSE,2025-12-03 04:49:50+00:00
902,TKT-00902,22C,PRIMEIRA_CLASSE,2025-08-15 18:34:01+00:00
903,TKT-00903,21F,PRIMEIRA_CLASSE,2025-07-31 01:55:37+00:00
904,TKT-00904,21E,ECONOMICA,2026-04-18 02:59:50+00:00
905,TKT-00905,5F,EXECUTIVA,2025-10-27 21:49:10+00:00
906,TKT-00906,31C,EXECUTIVA,2025-09-13 13:35:12+00:00
907,TKT-00907,16B,ECONOMICA,2025-08-21 01:50:31+00:00
908,TKT-00908,1B,PRIMEIRA_CLASSE,2025-10-19 18:33:54+00:00
909,TKT-00909,4D,PRIMEIRA_CLASSE,2025-09-01 08:57:47+00:00
910,TKT-00910,25C,EXECUTIVA,2025-09-28 18:37:42+00:00
911,TKT-00911,36F,PRIMEIRA_CLASSE,2026-04-19 05:57:39+00:00
912,TKT-00912,1D,PRIMEIRA_CLASSE,2025-12-11 09:46:01+00:00
913,TKT-00913,4E,EXECUTIVA,2025-07-06 06:30:02+00:00
914,TKT-00914,35F,EXECUTIVA,2026-04-13 02:35:49+00:00
915,TKT-00915,39E,EXECUTIVA,2026-03-18 15:11:38+00:00
916,TKT-00916,10F,PRIMEIRA_CLASSE,2025-09-04 00:08:28+00:00
917,TKT-00917,2B,EXECUTIVA,2025-12-07 12:58:06+00:00
918,TKT-00918,3D,ECONOMICA,2026-02-24 17:48:57+00:00
919,TKT-00919,34E,ECONOMICA,2026-05-08 05:22:48+00:00
920,TKT-00920,10D,ECONOMICA,2026-01-23 07:56:34+00:00
921,TKT-00921,36C,PRIMEIRA_CLASSE,2025-07-08 18:38:45+00:00
922,TKT-00922,30F,EXECUTIVA,2026-02-07 14:22:34+00:00
923,TKT-00923,35E,EXECUTIVA,2025-10-06 01:07:35+00:00
924,TKT-00924,20B,PRIMEIRA_CLASSE,2025-07-20 18:39:59+00:00
925,TKT-00925,33A,EXECUTIVA,2026-02-18 00:18:12+00:00
926,TKT-00926,2B,PRIMEIRA_CLASSE,2025-07-10 12:53:24+00:00
927,TKT-00927,9A,EXECUTIVA,2025-08-13 15:26:19+00:00
928,TKT-00928,19B,ECONOMICA,2025-09-30 18:55:22+00:00
929,TKT-00929,37D,EXECUTIVA,2025-11-06 09:05:14+00:00
930,TKT-00930,32E,ECONOMICA,2025-08-29 14:55:37+00:00
931,TKT-00931,9B,EXECUTIVA,2025-10-17 15:58:06+00:00
932,TKT-00932,40C,ECONOMICA,2026-02-27 06:25:36+00:00
933,TKT-00933,28D,EXECUTIVA,2025-08-31 19:33:47+00:00
934,TKT-00934,15E,ECONOMICA,2025-07-10 10:47:10+00:00
935,TKT-00935,27F,EXECUTIVA,2025-09-09 09:07:30+00:00
936,TKT-00936,33D,EXECUTIVA,2026-03-06 04:43:17+00:00
937,TKT-00937,2C,PRIMEIRA_CLASSE,2026-05-24 03:44:13+00:00
938,TKT-00938,7F,PRIMEIRA_CLASSE,2026-03-10 03:57:47+00:00
939,TKT-00939,3E,EXECUTIVA,2025-12-11 16:07:50+00:00
940,TKT-00940,16C,ECONOMICA,2025-06-27 10:11:06+00:00
941,TKT-00941,6F,ECONOMICA,2026-02-22 09:10:06+00:00
942,TKT-00942,22E,ECONOMICA,2025-09-21 01:17:17+00:00
943,TKT-00943,9E,PRIMEIRA_CLASSE,2026-06-02 22:43:33+00:00
944,TKT-00944,15F,EXECUTIVA,2025-08-12 23:17:35+00:00
945,TKT-00945,21D,EXECUTIVA,2026-02-08 21:23:04+00:00
946,TKT-00946,38B,EXECUTIVA,2025-09-24 19:50:47+00:00
947,TKT-00947,35D,ECONOMICA,2026-01-08 12:26:48+00:00
948,TKT-00948,8C,PRIMEIRA_CLASSE,2026-01-28 02:38:29+00:00
949,TKT-00949,23C,ECONOMICA,2026-03-26 08:44:32+00:00
950,TKT-00950,30A,ECONOMICA,2025-08-15 18:57:07+00:00
951,TKT-00951,33A,ECONOMICA,2025-07-05 05:29:32+00:00
952,TKT-00952,5F,ECONOMICA,2025-12-06 01:16:18+00:00
953,TKT-00953,25B,ECONOMICA,2026-04-16 03:42:30+00:00
954,TKT-00954,13C,PRIMEIRA_CLASSE,2025-12-28 17:01:31+00:00
955,TKT-00955,11D,EXECUTIVA,2025-06-27 07:50:18+00:00
956,TKT-00956,12C,ECONOMICA,2025-06-04 08:50:04+00:00
957,TKT-00957,3A,ECONOMICA,2025-07-15 09:42:52+00:00
958,TKT-00958,11B,PRIMEIRA_CLASSE,2025-08-27 07:54:33+00:00
959,TKT-00959,7E,EXECUTIVA,2025-08-23 09:05:43+00:00
960,TKT-00960,18A,PRIMEIRA_CLASSE,2025-12-19 14:18:12+00:00
961,TKT-00961,29E,PRIMEIRA_CLASSE,2025-07-05 15:31:13+00:00
962,TKT-00962,36B,EXECUTIVA,2025-10-21 18:00:40+00:00
963,TKT-00963,31D,EXECUTIVA,2026-01-25 03:06:29+00:00
964,TKT-00964,19A,ECONOMICA,2025-07-03 02:31:41+00:00
965,TKT-00965,17F,EXECUTIVA,2026-04-08 01:21:29+00:00
966,TKT-00966,32B,PRIMEIRA_CLASSE,2026-04-24 08:49:21+00:00
967,TKT-00967,27C,PRIMEIRA_CLASSE,2025-06-12 18:44:48+00:00
968,TKT-00968,16A,PRIMEIRA_CLASSE,2025-11-15 06:16:02+00:00
969,TKT-00969,19E,ECONOMICA,2025-11-13 17:55:29+00:00
970,TKT-00970,32B,ECONOMICA,2025-12-31 20:46:46+00:00
971,TKT-00971,38C,EXECUTIVA,2025-10-01 10:17:03+00:00
972,TKT-00972,38A,PRIMEIRA_CLASSE,2025-09-22 23:31:45+00:00
973,TKT-00973,1A,EXECUTIVA,2026-03-02 12:09:41+00:00
974,TKT-00974,13D,EXECUTIVA,2026-04-14 16:35:19+00:00
975,TKT-00975,14C,ECONOMICA,2026-05-16 09:47:24+00:00
976,TKT-00976,35C,ECONOMICA,2025-12-27 22:38:44+00:00
977,TKT-00977,3B,EXECUTIVA,2025-07-01 16:21:41+00:00
978,TKT-00978,39E,ECONOMICA,2025-07-19 09:38:45+00:00
979,TKT-00979,23D,EXECUTIVA,2025-11-22 16:39:49+00:00
980,TKT-00980,6C,ECONOMICA,2026-01-27 08:33:39+00:00
981,TKT-00981,36B,ECONOMICA,2025-06-27 19:24:50+00:00
982,TKT-00982,22F,EXECUTIVA,2025-11-23 16:34:59+00:00
983,TKT-00983,6C,EXECUTIVA,2026-05-16 22:32:23+00:00
984,TKT-00984,2C,PRIMEIRA_CLASSE,2026-04-05 19:43:07+00:00
985,TKT-00985,35C,EXECUTIVA,2025-07-23 17:32:35+00:00
986,TKT-00986,6F,PRIMEIRA_CLASSE,2025-06-16 13:11:39+00:00
987,TKT-00987,35A,ECONOMICA,2025-08-11 10:14:19+00:00
988,TKT-00988,7B,PRIMEIRA_CLASSE,2026-01-18 07:21:49+00:00
989,TKT-00989,6D,ECONOMICA,2025-07-24 22:42:07+00:00
990,TKT-00990,24F,ECONOMICA,2025-12-08 16:53:14+00:00
991,TKT-00991,20E,ECONOMICA,2026-05-01 15:02:40+00:00
992,TKT-00992,6F,PRIMEIRA_CLASSE,2026-05-30 06:04:36+00:00
993,TKT-00993,15F,ECONOMICA,2026-02-03 09:12:33+00:00
994,TKT-00994,26D,PRIMEIRA_CLASSE,2026-02-19 13:29:20+00:00
995,TKT-00995,2D,EXECUTIVA,2025-10-18 11:29:37+00:00
996,TKT-00996,32C,PRIMEIRA_CLASSE,2026-01-14 09:38:23+00:00
997,TKT-00997,19C,PRIMEIRA_CLASSE,2026-04-13 10:11:44+00:00
998,TKT-00998,11C,EXECUTIVA,2025-11-10 01:50:05+00:00
999,TKT-00999,40D,PRIMEIRA_CLASSE,2025-06-19 07:32:05+00:00
1000,TKT-01000,30A,EXECUTIVA,2025-07-21 21:59:34+00:00
1001,TKT-01001,39D,EXECUTIVA,2025-09-22 11:28:16+00:00
1002,TKT-01002,10A,EXECUTIVA,2026-05-18 19:36:55+00:00
1003,TKT-01003,27F,ECONOMICA,2025-10-21 15:18:24+00:00
1004,TKT-01004,39A,ECONOMICA,2025-06-25 13:35:00+00:00
1005,TKT-01005,9F,PRIMEIRA_CLASSE,2025-08-31 16:54:54+00:00
1006,TKT-01006,39E,ECONOMICA,2026-02-03 03:25:25+00:00
1007,TKT-01007,17A,EXECUTIVA,2025-12-16 09:12:20+00:00
1008,TKT-01008,26A,PRIMEIRA_CLASSE,2026-01-25 13:26:24+00:00
1009,TKT-01009,38C,ECONOMICA,2026-03-16 08:05:18+00:00
1010,TKT-01010,37E,ECONOMICA,2026-04-02 07:34:28+00:00
1011,TKT-01011,33F,ECONOMICA,2025-10-19 10:12:58+00:00
1012,TKT-01012,28A,ECONOMICA,2025-08-14 10:57:36+00:00
1013,TKT-01013,11F,PRIMEIRA_CLASSE,2025-06-20 08:42:51+00:00
1014,TKT-01014,36C,PRIMEIRA_CLASSE,2025-11-22 04:14:55+00:00
1015,TKT-01015,5D,ECONOMICA,2026-03-12 11:52:04+00:00
1016,TKT-01016,40B,ECONOMICA,2025-12-19 08:40:35+00:00
1017,TKT-01017,36D,ECONOMICA,2026-05-26 07:33:48+00:00
1018,TKT-01018,1C,EXECUTIVA,2025-06-28 16:24:12+00:00
1019,TKT-01019,16D,PRIMEIRA_CLASSE,2025-07-24 15:29:13+00:00
1020,TKT-01020,27A,EXECUTIVA,2025-11-12 20:46:29+00:00
1021,TKT-01021,14D,EXECUTIVA,2026-03-15 21:47:28+00:00
1022,TKT-01022,14B,PRIMEIRA_CLASSE,2025-09-19 06:01:22+00:00
1023,TKT-01023,38A,EXECUTIVA,2025-09-02 04:05:57+00:00
1024,TKT-01024,21D,ECONOMICA,2026-04-20 21:44:18+00:00
1025,TKT-01025,1B,PRIMEIRA_CLASSE,2026-04-16 23:11:22+00:00
1026,TKT-01026,5E,ECONOMICA,2025-08-20 02:52:13+00:00
1027,TKT-01027,21A,EXECUTIVA,2025-10-23 19:10:47+00:00
1028,TKT-01028,40C,PRIMEIRA_CLASSE,2025-12-07 20:44:58+00:00
1029,TKT-01029,29F,EXECUTIVA,2025-06-26 12:29:01+00:00
1030,TKT-01030,2B,EXECUTIVA,2025-10-07 11:07:14+00:00
1031,TKT-01031,21B,ECONOMICA,2025-07-12 17:19:59+00:00
1032,TKT-01032,4F,ECONOMICA,2026-01-06 17:58:00+00:00
1033,TKT-01033,24D,ECONOMICA,2026-01-26 01:00:11+00:00
1034,TKT-01034,22B,PRIMEIRA_CLASSE,2025-07-04 13:50:09+00:00
1035,TKT-01035,24B,PRIMEIRA_CLASSE,2025-10-06 01:47:50+00:00
1036,TKT-01036,6C,PRIMEIRA_CLASSE,2026-03-13 06:03:31+00:00
1037,TKT-01037,33A,EXECUTIVA,2025-11-30 14:42:32+00:00
1038,TKT-01038,33B,ECONOMICA,2026-03-30 15:57:11+00:00
1039,TKT-01039,10D,ECONOMICA,2026-01-11 08:21:44+00:00
1040,TKT-01040,1A,EXECUTIVA,2025-08-07 08:21:17+00:00
1041,TKT-01041,14D,EXECUTIVA,2025-09-05 12:57:17+00:00
1042,TKT-01042,29C,ECONOMICA,2026-04-25 06:18:19+00:00
1043,TKT-01043,40A,EXECUTIVA,2025-07-18 22:51:32+00:00
1044,TKT-01044,21A,ECONOMICA,2026-03-18 15:56:54+00:00
1045,TKT-01045,12C,ECONOMICA,2026-01-14 02:40:50+00:00
1046,TKT-01046,14E,ECONOMICA,2025-09-03 21:34:30+00:00
1047,TKT-01047,15F,PRIMEIRA_CLASSE,2026-05-16 23:54:45+00:00
1048,TKT-01048,5C,PRIMEIRA_CLASSE,2025-12-05 05:50:48+00:00
1049,TKT-01049,2F,EXECUTIVA,2026-04-13 14:00:30+00:00
1050,TKT-01050,4B,EXECUTIVA,2026-03-13 16:36:02+00:00
1051,TKT-01051,29C,ECONOMICA,2025-08-13 05:01:35+00:00
1052,TKT-01052,26F,EXECUTIVA,2026-01-17 23:27:07+00:00
1053,TKT-01053,9B,ECONOMICA,2025-06-12 07:29:54+00:00
1054,TKT-01054,7E,EXECUTIVA,2025-11-28 04:49:57+00:00
1055,TKT-01055,16D,ECONOMICA,2025-06-20 18:42:25+00:00
1056,TKT-01056,31A,ECONOMICA,2025-10-25 15:06:06+00:00
1057,TKT-01057,18B,EXECUTIVA,2026-04-11 03:17:46+00:00
1058,TKT-01058,10B,PRIMEIRA_CLASSE,2026-01-07 14:54:42+00:00
1059,TKT-01059,40E,EXECUTIVA,2025-07-03 06:57:03+00:00
1060,TKT-01060,29A,ECONOMICA,2025-06-17 21:50:33+00:00
1061,TKT-01061,13E,ECONOMICA,2026-02-14 22:40:20+00:00
1062,TKT-01062,26D,EXECUTIVA,2025-06-14 05:55:18+00:00
1063,TKT-01063,32D,ECONOMICA,2025-11-15 19:06:07+00:00
1064,TKT-01064,40F,EXECUTIVA,2026-02-01 09:16:43+00:00
1065,TKT-01065,17C,ECONOMICA,2025-09-27 16:05:16+00:00
1066,TKT-01066,36A,EXECUTIVA,2025-07-03 06:16:10+00:00
1067,TKT-01067,40B,PRIMEIRA_CLASSE,2026-03-14 10:34:36+00:00
1068,TKT-01068,17B,ECONOMICA,2026-01-02 05:25:11+00:00
1069,TKT-01069,26E,EXECUTIVA,2026-05-10 06:36:17+00:00
1070,TKT-01070,14A,ECONOMICA,2025-10-24 11:33:23+00:00
1071,TKT-01071,39D,ECONOMICA,2026-02-26 13:03:59+00:00
1072,TKT-01072,26E,PRIMEIRA_CLASSE,2026-01-11 06:40:01+00:00
1073,TKT-01073,35E,EXECUTIVA,2025-06-07 06:05:54+00:00
1074,TKT-01074,15A,EXECUTIVA,2026-03-14 06:36:47+00:00
1075,TKT-01075,20D,ECONOMICA,2026-04-26 04:02:51+00:00
1076,TKT-01076,14B,EXECUTIVA,2026-03-20 11:38:48+00:00
1077,TKT-01077,1D,PRIMEIRA_CLASSE,2026-02-22 09:29:39+00:00
1078,TKT-01078,5E,PRIMEIRA_CLASSE,2026-05-31 14:07:29+00:00
1079,TKT-01079,15E,EXECUTIVA,2026-04-13 11:21:41+00:00
1080,TKT-01080,29C,PRIMEIRA_CLASSE,2025-08-30 01:31:42+00:00
1081,TKT-01081,3D,PRIMEIRA_CLASSE,2026-04-25 05:33:49+00:00
1082,TKT-01082,23F,PRIMEIRA_CLASSE,2026-03-28 14:46:22+00:00
1083,TKT-01083,29C,EXECUTIVA,2026-02-26 18:02:33+00:00
1084,TKT-01084,35E,ECONOMICA,2026-05-02 11:29:11+00:00
1085,TKT-01085,30A,EXECUTIVA,2026-02-23 11:32:25+00:00
1086,TKT-01086,29E,EXECUTIVA,2025-08-25 12:30:58+00:00
1087,TKT-01087,8E,EXECUTIVA,2025-08-04 19:56:15+00:00
1088,TKT-01088,1F,EXECUTIVA,2025-06-18 14:44:49+00:00
1089,TKT-01089,26E,ECONOMICA,2025-08-12 11:07:47+00:00
1090,TKT-01090,34B,ECONOMICA,2025-08-19 23:59:33+00:00
1091,TKT-01091,7D,ECONOMICA,2025-12-03 17:21:29+00:00
1092,TKT-01092,15F,EXECUTIVA,2025-12-25 14:57:25+00:00
1093,TKT-01093,25B,ECONOMICA,2026-05-03 18:20:40+00:00
1094,TKT-01094,17A,EXECUTIVA,2025-11-16 20:11:01+00:00
1095,TKT-01095,2F,PRIMEIRA_CLASSE,2025-09-06 17:51:29+00:00
1096,TKT-01096,15C,EXECUTIVA,2025-06-05 03:56:57+00:00
1097,TKT-01097,10A,EXECUTIVA,2025-07-16 20:13:29+00:00
1098,TKT-01098,29F,ECONOMICA,2025-09-24 14:01:31+00:00
1099,TKT-01099,40C,ECONOMICA,2025-08-11 20:08:31+00:00
1100,TKT-01100,33B,PRIMEIRA_CLASSE,2026-03-21 09:01:57+00:00
1101,TKT-01101,24A,EXECUTIVA,2025-07-02 09:56:16+00:00
1102,TKT-01102,19D,ECONOMICA,2026-02-02 14:35:10+00:00
1103,TKT-01103,11F,ECONOMICA,2025-07-10 00:26:59+00:00
1104,TKT-01104,6C,PRIMEIRA_CLASSE,2026-06-01 05:07:37+00:00
1105,TKT-01105,37F,PRIMEIRA_CLASSE,2025-12-07 16:13:51+00:00
1106,TKT-01106,16F,ECONOMICA,2025-12-05 23:54:54+00:00
1107,TKT-01107,22C,ECONOMICA,2026-03-04 02:52:41+00:00
1108,TKT-01108,20B,EXECUTIVA,2025-08-25 05:31:45+00:00
1109,TKT-01109,23B,EXECUTIVA,2025-09-15 16:58:25+00:00
1110,TKT-01110,31D,EXECUTIVA,2026-02-27 18:11:05+00:00
1111,TKT-01111,32A,PRIMEIRA_CLASSE,2025-12-27 03:40:12+00:00
1112,TKT-01112,21A,ECONOMICA,2026-02-03 01:31:01+00:00
1113,TKT-01113,29E,EXECUTIVA,2025-12-16 13:55:12+00:00
1114,TKT-01114,30F,ECONOMICA,2026-02-11 12:20:03+00:00
1115,TKT-01115,25F,PRIMEIRA_CLASSE,2025-09-12 16:58:52+00:00
1116,TKT-01116,26B,ECONOMICA,2026-03-18 13:21:15+00:00
1117,TKT-01117,3F,EXECUTIVA,2026-01-29 01:22:30+00:00
1118,TKT-01118,1E,PRIMEIRA_CLASSE,2025-10-09 21:36:08+00:00
1119,TKT-01119,34F,ECONOMICA,2025-09-17 00:17:00+00:00
1120,TKT-01120,38C,EXECUTIVA,2025-06-10 08:34:17+00:00
1121,TKT-01121,3F,PRIMEIRA_CLASSE,2026-01-24 04:38:12+00:00
1122,TKT-01122,38F,PRIMEIRA_CLASSE,2025-12-18 22:34:46+00:00
1123,TKT-01123,37C,EXECUTIVA,2025-06-05 16:51:26+00:00
1124,TKT-01124,27A,ECONOMICA,2025-12-10 15:14:26+00:00
1125,TKT-01125,33E,PRIMEIRA_CLASSE,2025-07-13 12:52:23+00:00
1126,TKT-01126,2A,ECONOMICA,2025-10-14 05:14:07+00:00
1127,TKT-01127,10E,EXECUTIVA,2025-08-07 15:26:55+00:00
1128,TKT-01128,5F,EXECUTIVA,2025-09-18 21:26:18+00:00
1129,TKT-01129,9C,EXECUTIVA,2025-06-29 12:10:30+00:00
1130,TKT-01130,17C,ECONOMICA,2025-06-07 14:23:40+00:00
1131,TKT-01131,14F,EXECUTIVA,2025-10-26 12:03:57+00:00
1132,TKT-01132,34D,ECONOMICA,2025-06-21 20:05:22+00:00
1133,TKT-01133,21A,PRIMEIRA_CLASSE,2025-09-09 21:47:03+00:00
1134,TKT-01134,27C,EXECUTIVA,2026-05-27 05:32:22+00:00
1135,TKT-01135,32C,EXECUTIVA,2025-11-22 11:31:37+00:00
1136,TKT-01136,2B,ECONOMICA,2026-02-07 05:29:05+00:00
1137,TKT-01137,13D,PRIMEIRA_CLASSE,2025-09-16 10:18:06+00:00
1138,TKT-01138,17B,ECONOMICA,2025-09-25 04:33:21+00:00
1139,TKT-01139,38E,PRIMEIRA_CLASSE,2026-03-30 05:52:01+00:00
1140,TKT-01140,2C,EXECUTIVA,2026-02-09 00:35:58+00:00
1141,TKT-01141,23A,ECONOMICA,2025-07-16 20:45:06+00:00
1142,TKT-01142,17C,PRIMEIRA_CLASSE,2025-06-05 22:54:56+00:00
1143,TKT-01143,18A,EXECUTIVA,2025-11-27 15:43:09+00:00
1144,TKT-01144,33D,ECONOMICA,2026-02-27 22:10:18+00:00
1145,TKT-01145,17C,EXECUTIVA,2025-10-13 06:07:52+00:00
1146,TKT-01146,16C,ECONOMICA,2026-05-26 01:25:37+00:00
1147,TKT-01147,31B,ECONOMICA,2025-06-07 12:05:29+00:00
1148,TKT-01148,8F,ECONOMICA,2026-01-10 18:34:23+00:00
1149,TKT-01149,26F,PRIMEIRA_CLASSE,2026-02-13 13:38:02+00:00
1150,TKT-01150,32B,ECONOMICA,2026-05-07 02:40:30+00:00
1151,TKT-01151,5A,PRIMEIRA_CLASSE,2026-04-13 17:46:39+00:00
1152,TKT-01152,5E,PRIMEIRA_CLASSE,2025-07-24 09:58:30+00:00
1153,TKT-01153,9B,PRIMEIRA_CLASSE,2025-06-08 23:55:30+00:00
1154,TKT-01154,24F,ECONOMICA,2025-11-09 06:23:36+00:00
1155,TKT-01155,28C,PRIMEIRA_CLASSE,2026-04-23 10:04:48+00:00
1156,TKT-01156,31B,PRIMEIRA_CLASSE,2025-12-18 12:29:30+00:00
1157,TKT-01157,24C,PRIMEIRA_CLASSE,2026-04-03 17:29:28+00:00
1158,TKT-01158,19E,PRIMEIRA_CLASSE,2025-10-28 18:09:29+00:00
1159,TKT-01159,3F,EXECUTIVA,2026-05-17 15:42:28+00:00
1160,TKT-01160,11A,PRIMEIRA_CLASSE,2025-06-22 13:08:37+00:00
1161,TKT-01161,21A,ECONOMICA,2025-11-25 22:10:48+00:00
1162,TKT-01162,8D,PRIMEIRA_CLASSE,2025-10-26 02:16:47+00:00
1163,TKT-01163,20B,PRIMEIRA_CLASSE,2025-07-31 15:46:36+00:00
1164,TKT-01164,8C,PRIMEIRA_CLASSE,2025-11-21 16:50:39+00:00
1165,TKT-01165,28C,ECONOMICA,2025-11-29 13:14:34+00:00
1166,TKT-01166,3E,ECONOMICA,2026-05-19 09:08:55+00:00
1167,TKT-01167,4C,ECONOMICA,2026-02-05 20:00:26+00:00
1168,TKT-01168,13B,ECONOMICA,2026-02-02 17:35:18+00:00
1169,TKT-01169,17F,EXECUTIVA,2025-10-31 14:27:50+00:00
1170,TKT-01170,8D,EXECUTIVA,2025-07-26 00:49:35+00:00
1171,TKT-01171,15F,ECONOMICA,2025-06-13 15:43:50+00:00
1172,TKT-01172,6E,EXECUTIVA,2025-06-25 21:02:09+00:00
1173,TKT-01173,26C,EXECUTIVA,2026-01-09 06:30:24+00:00
1174,TKT-01174,5B,PRIMEIRA_CLASSE,2025-06-16 01:40:34+00:00
1175,TKT-01175,13F,PRIMEIRA_CLASSE,2026-04-10 15:38:33+00:00
1176,TKT-01176,3F,ECONOMICA,2025-06-27 11:33:35+00:00
1177,TKT-01177,15E,PRIMEIRA_CLASSE,2025-09-06 11:28:02+00:00
1178,TKT-01178,33D,EXECUTIVA,2025-10-30 08:40:12+00:00
1179,TKT-01179,38F,PRIMEIRA_CLASSE,2025-11-15 01:39:17+00:00
1180,TKT-01180,15C,EXECUTIVA,2025-12-30 02:58:18+00:00
1181,TKT-01181,14C,PRIMEIRA_CLASSE,2026-02-13 21:21:29+00:00
1182,TKT-01182,1C,EXECUTIVA,2026-05-14 14:18:01+00:00
1183,TKT-01183,6F,PRIMEIRA_CLASSE,2025-06-24 05:29:40+00:00
1184,TKT-01184,30B,EXECUTIVA,2025-08-14 01:09:26+00:00
1185,TKT-01185,24A,ECONOMICA,2025-12-04 12:15:05+00:00
1186,TKT-01186,3C,EXECUTIVA,2026-03-23 20:42:09+00:00
1187,TKT-01187,7B,EXECUTIVA,2025-09-13 20:37:28+00:00
1188,TKT-01188,10B,EXECUTIVA,2026-02-06 19:23:57+00:00
1189,TKT-01189,34C,EXECUTIVA,2026-06-02 19:39:34+00:00
1190,TKT-01190,10F,ECONOMICA,2025-10-31 22:31:17+00:00
1191,TKT-01191,13D,ECONOMICA,2025-09-19 15:13:16+00:00
1192,TKT-01192,31B,EXECUTIVA,2025-09-23 22:25:22+00:00
1193,TKT-01193,24C,EXECUTIVA,2026-01-12 02:08:25+00:00
1194,TKT-01194,32B,ECONOMICA,2026-04-30 16:20:16+00:00
1195,TKT-01195,8C,EXECUTIVA,2025-06-30 19:40:17+00:00
1196,TKT-01196,5E,PRIMEIRA_CLASSE,2026-04-24 12:35:38+00:00
1197,TKT-01197,3B,ECONOMICA,2025-12-23 16:46:36+00:00
1198,TKT-01198,17C,ECONOMICA,2025-12-12 04:32:20+00:00
1199,TKT-01199,10F,PRIMEIRA_CLASSE,2025-11-15 05:33:24+00:00
1200,TKT-01200,1C,ECONOMICA,2025-07-30 03:01:03+00:00
1201,TKT-01201,12E,PRIMEIRA_CLASSE,2025-11-30 05:36:40+00:00
1202,TKT-01202,9E,EXECUTIVA,2026-05-28 04:25:31+00:00
1203,TKT-01203,18C,EXECUTIVA,2025-10-23 07:07:00+00:00
1204,TKT-01204,23F,ECONOMICA,2026-03-28 00:36:07+00:00
1205,TKT-01205,34C,EXECUTIVA,2026-05-02 02:31:49+00:00
1206,TKT-01206,2C,EXECUTIVA,2025-11-17 10:54:44+00:00
1207,TKT-01207,5C,PRIMEIRA_CLASSE,2025-07-10 15:00:05+00:00
1208,TKT-01208,15E,EXECUTIVA,2026-03-06 03:10:53+00:00
1209,TKT-01209,6B,PRIMEIRA_CLASSE,2026-05-30 07:38:32+00:00
1210,TKT-01210,9E,ECONOMICA,2026-03-26 05:50:06+00:00
1211,TKT-01211,8A,ECONOMICA,2026-02-06 02:51:01+00:00
1212,TKT-01212,36A,EXECUTIVA,2026-01-07 12:03:32+00:00
1213,TKT-01213,30B,PRIMEIRA_CLASSE,2025-08-24 14:50:33+00:00
1214,TKT-01214,6C,EXECUTIVA,2026-05-15 20:56:14+00:00
1215,TKT-01215,8A,PRIMEIRA_CLASSE,2026-05-11 22:45:31+00:00
1216,TKT-01216,4A,PRIMEIRA_CLASSE,2025-12-23 00:05:29+00:00
1217,TKT-01217,7E,EXECUTIVA,2025-09-09 14:21:11+00:00
1218,TKT-01218,24D,EXECUTIVA,2026-05-15 04:27:51+00:00
1219,TKT-01219,26D,EXECUTIVA,2025-09-13 12:07:57+00:00
1220,TKT-01220,10E,EXECUTIVA,2026-03-13 16:21:35+00:00
1221,TKT-01221,4E,EXECUTIVA,2025-10-27 10:58:16+00:00
1222,TKT-01222,28C,ECONOMICA,2025-09-02 12:47:39+00:00
1223,TKT-01223,2E,PRIMEIRA_CLASSE,2025-12-03 17:24:11+00:00
1224,TKT-01224,8D,EXECUTIVA,2026-04-10 13:33:52+00:00
1225,TKT-01225,7B,ECONOMICA,2025-11-13 01:24:22+00:00
1226,TKT-01226,19E,ECONOMICA,2025-10-28 22:20:15+00:00
1227,TKT-01227,9C,EXECUTIVA,2025-12-31 12:58:11+00:00
1228,TKT-01228,6C,EXECUTIVA,2025-12-27 00:23:47+00:00
1229,TKT-01229,13C,EXECUTIVA,2026-03-22 07:46:41+00:00
1230,TKT-01230,21A,PRIMEIRA_CLASSE,2026-05-04 08:09:09+00:00
1231,TKT-01231,13D,PRIMEIRA_CLASSE,2026-04-21 11:16:49+00:00
1232,TKT-01232,17D,PRIMEIRA_CLASSE,2025-10-31 17:51:05+00:00
1233,TKT-01233,40D,EXECUTIVA,2026-05-20 20:22:02+00:00
1234,TKT-01234,8A,EXECUTIVA,2025-08-26 13:28:45+00:00
1235,TKT-01235,7C,ECONOMICA,2026-01-31 12:09:59+00:00
1236,TKT-01236,2C,ECONOMICA,2025-07-19 16:18:00+00:00
1237,TKT-01237,20D,ECONOMICA,2025-07-04 12:06:18+00:00
1238,TKT-01238,11E,ECONOMICA,2025-08-10 00:25:47+00:00
1239,TKT-01239,21E,EXECUTIVA,2025-07-19 13:37:01+00:00
1240,TKT-01240,8C,ECONOMICA,2025-09-10 21:54:36+00:00
1241,TKT-01241,37B,ECONOMICA,2026-04-14 10:32:22+00:00
1242,TKT-01242,3D,PRIMEIRA_CLASSE,2026-04-30 23:38:35+00:00
1243,TKT-01243,27C,ECONOMICA,2026-02-12 08:10:11+00:00
1244,TKT-01244,12A,ECONOMICA,2026-02-08 22:08:27+00:00
1245,TKT-01245,35A,ECONOMICA,2025-09-24 21:46:10+00:00
1246,TKT-01246,3D,PRIMEIRA_CLASSE,2025-11-27 17:55:32+00:00
1247,TKT-01247,9E,PRIMEIRA_CLASSE,2025-11-28 21:02:29+00:00
1248,TKT-01248,19D,EXECUTIVA,2025-10-24 15:13:25+00:00
1249,TKT-01249,39A,PRIMEIRA_CLASSE,2025-08-05 00:37:30+00:00
1250,TKT-01250,12D,EXECUTIVA,2026-02-13 07:00:45+00:00
1251,TKT-01251,10C,PRIMEIRA_CLASSE,2025-06-25 07:05:32+00:00
1252,TKT-01252,34D,PRIMEIRA_CLASSE,2025-09-20 14:39:01+00:00
1253,TKT-01253,5B,EXECUTIVA,2025-12-01 02:11:52+00:00
1254,TKT-01254,6C,PRIMEIRA_CLASSE,2026-02-13 11:26:41+00:00
1255,TKT-01255,31D,PRIMEIRA_CLASSE,2026-05-26 17:13:45+00:00
1256,TKT-01256,5F,ECONOMICA,2025-09-27 20:12:16+00:00
1257,TKT-01257,5A,EXECUTIVA,2026-03-13 04:59:10+00:00
1258,TKT-01258,22C,PRIMEIRA_CLASSE,2025-11-26 15:48:00+00:00
1259,TKT-01259,34B,ECONOMICA,2025-06-23 09:21:11+00:00
1260,TKT-01260,36B,PRIMEIRA_CLASSE,2025-09-02 08:52:51+00:00
1261,TKT-01261,22A,ECONOMICA,2025-08-13 19:34:29+00:00
1262,TKT-01262,28B,PRIMEIRA_CLASSE,2025-09-22 19:21:00+00:00
1263,TKT-01263,32D,ECONOMICA,2025-07-22 11:55:48+00:00
1264,TKT-01264,36B,EXECUTIVA,2025-11-16 12:14:02+00:00
1265,TKT-01265,39E,PRIMEIRA_CLASSE,2025-09-20 18:46:47+00:00
1266,TKT-01266,28E,ECONOMICA,2026-03-08 19:24:04+00:00
1267,TKT-01267,11C,ECONOMICA,2026-02-22 06:35:29+00:00
1268,TKT-01268,4D,ECONOMICA,2025-09-19 21:09:37+00:00
1269,TKT-01269,17D,ECONOMICA,2026-03-11 12:01:05+00:00
1270,TKT-01270,5D,ECONOMICA,2025-12-22 12:41:41+00:00
1271,TKT-01271,10E,EXECUTIVA,2025-12-13 02:01:34+00:00
1272,TKT-01272,25D,EXECUTIVA,2026-02-10 03:17:25+00:00
1273,TKT-01273,20A,PRIMEIRA_CLASSE,2026-05-01 17:21:59+00:00
1274,TKT-01274,39A,EXECUTIVA,2025-11-15 02:56:37+00:00
1275,TKT-01275,38B,PRIMEIRA_CLASSE,2026-05-04 12:47:37+00:00
1276,TKT-01276,30A,ECONOMICA,2026-03-29 09:43:59+00:00
1277,TKT-01277,16B,EXECUTIVA,2026-05-16 20:15:49+00:00
1278,TKT-01278,8E,ECONOMICA,2026-02-21 01:37:13+00:00
1279,TKT-01279,34B,PRIMEIRA_CLASSE,2026-01-09 04:10:45+00:00
1280,TKT-01280,26B,EXECUTIVA,2026-04-24 05:10:04+00:00
1281,TKT-01281,3D,EXECUTIVA,2026-03-04 21:46:20+00:00
1282,TKT-01282,37B,PRIMEIRA_CLASSE,2025-10-27 20:35:48+00:00
1283,TKT-01283,21A,EXECUTIVA,2025-09-19 14:36:09+00:00
1284,TKT-01284,22E,EXECUTIVA,2025-12-06 06:50:28+00:00
1285,TKT-01285,36A,ECONOMICA,2025-11-09 02:48:35+00:00
1286,TKT-01286,39C,PRIMEIRA_CLASSE,2026-04-25 08:09:06+00:00
1287,TKT-01287,3F,ECONOMICA,2026-01-03 06:17:01+00:00
1288,TKT-01288,2D,PRIMEIRA_CLASSE,2025-08-25 04:00:24+00:00
1289,TKT-01289,24D,EXECUTIVA,2025-11-04 06:14:52+00:00
1290,TKT-01290,36C,PRIMEIRA_CLASSE,2025-07-26 03:16:23+00:00
1291,TKT-01291,19C,PRIMEIRA_CLASSE,2026-05-31 17:37:12+00:00
1292,TKT-01292,19A,ECONOMICA,2025-11-13 05:46:19+00:00
1293,TKT-01293,33D,EXECUTIVA,2026-04-09 23:44:25+00:00
1294,TKT-01294,19A,ECONOMICA,2026-05-21 07:50:59+00:00
1295,TKT-01295,10F,EXECUTIVA,2026-04-01 09:00:43+00:00
1296,TKT-01296,19F,PRIMEIRA_CLASSE,2025-09-29 05:58:43+00:00
1297,TKT-01297,40B,ECONOMICA,2025-07-05 13:51:49+00:00
1298,TKT-01298,5B,EXECUTIVA,2026-04-17 08:16:02+00:00
1299,TKT-01299,1E,ECONOMICA,2026-03-28 11:41:00+00:00
1300,TKT-01300,24F,ECONOMICA,2025-09-30 21:53:36+00:00
1301,TKT-01301,40A,EXECUTIVA,2025-06-28 04:40:52+00:00
1302,TKT-01302,28D,ECONOMICA,2025-08-11 14:13:10+00:00
1303,TKT-01303,37B,PRIMEIRA_CLASSE,2025-09-12 02:37:21+00:00
1304,TKT-01304,33C,ECONOMICA,2025-11-18 08:20:07+00:00
1305,TKT-01305,23C,EXECUTIVA,2025-11-23 15:26:53+00:00
1306,TKT-01306,4F,PRIMEIRA_CLASSE,2025-10-27 20:26:59+00:00
1307,TKT-01307,31A,PRIMEIRA_CLASSE,2026-02-19 12:44:51+00:00
1308,TKT-01308,40A,PRIMEIRA_CLASSE,2025-10-13 18:56:51+00:00
1309,TKT-01309,20A,EXECUTIVA,2025-09-08 00:56:00+00:00
1310,TKT-01310,9A,EXECUTIVA,2025-10-15 23:31:58+00:00
1311,TKT-01311,7A,ECONOMICA,2025-12-28 03:27:14+00:00
1312,TKT-01312,28F,PRIMEIRA_CLASSE,2026-01-17 17:38:09+00:00
1313,TKT-01313,34A,ECONOMICA,2025-08-22 12:18:30+00:00
1314,TKT-01314,11B,EXECUTIVA,2025-12-24 01:29:20+00:00
1315,TKT-01315,2B,EXECUTIVA,2026-01-19 02:46:26+00:00
1316,TKT-01316,38D,PRIMEIRA_CLASSE,2026-01-30 14:25:10+00:00
1317,TKT-01317,31D,PRIMEIRA_CLASSE,2025-06-08 18:55:41+00:00
1318,TKT-01318,14A,PRIMEIRA_CLASSE,2026-03-04 09:04:26+00:00
1319,TKT-01319,18F,EXECUTIVA,2025-07-31 18:45:50+00:00
1320,TKT-01320,3E,EXECUTIVA,2025-10-26 00:21:04+00:00
1321,TKT-01321,38E,EXECUTIVA,2026-03-05 00:00:55+00:00
1322,TKT-01322,14C,PRIMEIRA_CLASSE,2026-03-13 21:35:49+00:00
1323,TKT-01323,33C,PRIMEIRA_CLASSE,2025-09-19 20:28:32+00:00
1324,TKT-01324,5A,ECONOMICA,2026-05-29 09:18:47+00:00
1325,TKT-01325,1B,EXECUTIVA,2026-04-08 20:50:10+00:00
1326,TKT-01326,8F,EXECUTIVA,2026-05-30 19:58:51+00:00
1327,TKT-01327,18F,PRIMEIRA_CLASSE,2025-06-26 18:17:18+00:00
1328,TKT-01328,2B,ECONOMICA,2025-09-20 06:50:20+00:00
1329,TKT-01329,26A,EXECUTIVA,2026-06-02 17:16:59+00:00
1330,TKT-01330,7C,EXECUTIVA,2025-08-21 14:28:12+00:00
1331,TKT-01331,32D,ECONOMICA,2026-04-26 10:18:12+00:00
1332,TKT-01332,13C,ECONOMICA,2025-12-09 19:59:08+00:00
1333,TKT-01333,38C,ECONOMICA,2026-01-04 09:08:32+00:00
1334,TKT-01334,4C,ECONOMICA,2026-02-28 10:57:40+00:00
1335,TKT-01335,8C,EXECUTIVA,2026-01-11 15:37:42+00:00
1336,TKT-01336,12D,PRIMEIRA_CLASSE,2026-03-31 16:50:05+00:00
1337,TKT-01337,32B,ECONOMICA,2025-10-02 06:56:24+00:00
1338,TKT-01338,5D,PRIMEIRA_CLASSE,2025-08-14 01:48:17+00:00
1339,TKT-01339,26B,ECONOMICA,2025-06-05 11:56:51+00:00
1340,TKT-01340,21A,ECONOMICA,2025-11-20 17:28:15+00:00
1341,TKT-01341,1F,EXECUTIVA,2025-11-05 04:40:35+00:00
1342,TKT-01342,6B,PRIMEIRA_CLASSE,2025-06-19 22:16:28+00:00
1343,TKT-01343,34A,EXECUTIVA,2025-09-14 10:29:31+00:00
1344,TKT-01344,14D,EXECUTIVA,2026-01-30 05:38:42+00:00
1345,TKT-01345,2B,PRIMEIRA_CLASSE,2025-11-27 19:30:18+00:00
1346,TKT-01346,38D,ECONOMICA,2025-12-22 19:20:02+00:00
1347,TKT-01347,9D,EXECUTIVA,2026-02-18 21:51:45+00:00
1348,TKT-01348,24D,PRIMEIRA_CLASSE,2025-08-20 05:19:20+00:00
1349,TKT-01349,7B,PRIMEIRA_CLASSE,2025-11-07 00:18:53+00:00
1350,TKT-01350,10F,ECONOMICA,2025-07-29 11:28:27+00:00
1351,TKT-01351,34F,EXECUTIVA,2026-06-02 08:42:34+00:00
1352,TKT-01352,25F,PRIMEIRA_CLASSE,2025-11-01 06:13:55+00:00
1353,TKT-01353,38E,EXECUTIVA,2025-12-06 11:13:42+00:00
1354,TKT-01354,35A,ECONOMICA,2025-09-15 18:00:11+00:00
1355,TKT-01355,26B,EXECUTIVA,2026-02-06 09:35:39+00:00
1356,TKT-01356,34F,PRIMEIRA_CLASSE,2025-10-21 23:27:19+00:00
1357,TKT-01357,2A,ECONOMICA,2026-05-13 18:03:42+00:00
1358,TKT-01358,10D,PRIMEIRA_CLASSE,2026-03-16 05:40:49+00:00
1359,TKT-01359,8C,PRIMEIRA_CLASSE,2025-10-23 00:44:49+00:00
1360,TKT-01360,33D,EXECUTIVA,2026-03-29 22:54:18+00:00
1361,TKT-01361,13F,PRIMEIRA_CLASSE,2026-02-24 22:41:43+00:00
1362,TKT-01362,32F,PRIMEIRA_CLASSE,2025-08-18 09:29:25+00:00
1363,TKT-01363,12A,EXECUTIVA,2025-11-01 04:32:36+00:00
1364,TKT-01364,31E,PRIMEIRA_CLASSE,2025-09-08 00:47:36+00:00
1365,TKT-01365,21D,ECONOMICA,2026-02-27 11:14:36+00:00
1366,TKT-01366,29F,EXECUTIVA,2025-07-18 21:01:05+00:00
1367,TKT-01367,14A,PRIMEIRA_CLASSE,2025-12-16 08:41:24+00:00
1368,TKT-01368,20D,ECONOMICA,2025-07-28 05:58:20+00:00
1369,TKT-01369,27D,ECONOMICA,2026-02-19 22:36:20+00:00
1370,TKT-01370,7B,EXECUTIVA,2025-09-13 12:49:31+00:00
1371,TKT-01371,39E,PRIMEIRA_CLASSE,2026-05-19 22:25:02+00:00
1372,TKT-01372,9C,EXECUTIVA,2026-06-03 01:28:54+00:00
1373,TKT-01373,28F,PRIMEIRA_CLASSE,2025-07-25 12:56:32+00:00
1374,TKT-01374,34A,EXECUTIVA,2026-05-06 01:55:05+00:00
1375,TKT-01375,2B,PRIMEIRA_CLASSE,2025-10-14 21:13:20+00:00
1376,TKT-01376,17A,ECONOMICA,2026-03-25 05:19:12+00:00
1377,TKT-01377,7F,EXECUTIVA,2026-05-21 14:34:16+00:00
1378,TKT-01378,31A,EXECUTIVA,2026-03-21 22:30:39+00:00
1379,TKT-01379,40B,EXECUTIVA,2025-12-26 10:19:00+00:00
1380,TKT-01380,9E,EXECUTIVA,2026-02-13 14:26:02+00:00
1381,TKT-01381,29E,EXECUTIVA,2025-06-22 08:21:43+00:00
1382,TKT-01382,15E,ECONOMICA,2026-03-16 05:19:09+00:00
1383,TKT-01383,3E,EXECUTIVA,2025-10-22 17:30:57+00:00
1384,TKT-01384,38A,PRIMEIRA_CLASSE,2025-10-09 12:04:09+00:00
1385,TKT-01385,31E,ECONOMICA,2025-07-29 23:23:40+00:00
1386,TKT-01386,37C,PRIMEIRA_CLASSE,2025-11-16 09:48:08+00:00
1387,TKT-01387,36C,ECONOMICA,2026-03-13 13:41:09+00:00
1388,TKT-01388,13F,PRIMEIRA_CLASSE,2025-07-02 02:49:41+00:00
1389,TKT-01389,29F,PRIMEIRA_CLASSE,2025-07-07 16:54:48+00:00
1390,TKT-01390,23B,EXECUTIVA,2025-09-09 00:24:08+00:00
1391,TKT-01391,31E,EXECUTIVA,2025-08-20 23:06:23+00:00
1392,TKT-01392,4D,EXECUTIVA,2026-03-21 14:17:27+00:00
1393,TKT-01393,10B,PRIMEIRA_CLASSE,2026-03-24 03:08:39+00:00
1394,TKT-01394,26C,ECONOMICA,2025-08-27 18:41:55+00:00
1395,TKT-01395,19F,PRIMEIRA_CLASSE,2026-01-22 23:20:30+00:00
1396,TKT-01396,34C,ECONOMICA,2025-12-02 20:44:31+00:00
1397,TKT-01397,40B,EXECUTIVA,2025-08-07 12:42:49+00:00
1398,TKT-01398,6F,PRIMEIRA_CLASSE,2026-04-11 16:54:56+00:00
1399,TKT-01399,38F,ECONOMICA,2026-05-18 13:29:44+00:00
1400,TKT-01400,1B,ECONOMICA,2025-10-04 20:13:40+00:00
1401,TKT-01401,5C,ECONOMICA,2025-10-26 06:58:38+00:00
1402,TKT-01402,12F,EXECUTIVA,2025-08-07 00:27:33+00:00
1403,TKT-01403,17C,ECONOMICA,2026-02-14 05:22:11+00:00
1404,TKT-01404,36D,PRIMEIRA_CLASSE,2026-01-26 10:47:05+00:00
1405,TKT-01405,27E,EXECUTIVA,2025-06-16 18:27:24+00:00
1406,TKT-01406,33F,PRIMEIRA_CLASSE,2025-11-07 01:05:48+00:00
1407,TKT-01407,25D,PRIMEIRA_CLASSE,2025-06-12 05:16:05+00:00
1408,TKT-01408,18D,ECONOMICA,2026-05-17 10:11:11+00:00
1409,TKT-01409,35A,EXECUTIVA,2025-11-01 12:01:18+00:00
1410,TKT-01410,20C,PRIMEIRA_CLASSE,2026-01-30 21:45:55+00:00
1411,TKT-01411,17A,PRIMEIRA_CLASSE,2026-05-09 17:30:03+00:00
1412,TKT-01412,24D,ECONOMICA,2025-12-05 07:57:43+00:00
1413,TKT-01413,14F,PRIMEIRA_CLASSE,2026-02-19 13:09:12+00:00
1414,TKT-01414,13E,ECONOMICA,2026-02-09 22:43:48+00:00
1415,TKT-01415,18E,PRIMEIRA_CLASSE,2026-02-26 21:38:53+00:00
1416,TKT-01416,36C,PRIMEIRA_CLASSE,2025-07-25 23:03:42+00:00
1417,TKT-01417,2D,EXECUTIVA,2025-10-08 02:22:59+00:00
1418,TKT-01418,34A,EXECUTIVA,2025-12-27 15:06:53+00:00
1419,TKT-01419,7B,PRIMEIRA_CLASSE,2025-07-30 20:04:47+00:00
1420,TKT-01420,12A,PRIMEIRA_CLASSE,2026-04-27 08:47:48+00:00
1421,TKT-01421,17E,ECONOMICA,2026-06-03 06:10:10+00:00
1422,TKT-01422,4F,ECONOMICA,2025-11-30 12:27:23+00:00
1423,TKT-01423,30E,PRIMEIRA_CLASSE,2025-08-30 17:46:37+00:00
1424,TKT-01424,38A,ECONOMICA,2026-04-14 10:55:18+00:00
1425,TKT-01425,20C,ECONOMICA,2025-09-10 04:19:42+00:00
1426,TKT-01426,22E,EXECUTIVA,2026-04-24 05:28:20+00:00
1427,TKT-01427,34B,ECONOMICA,2025-06-15 03:09:36+00:00
1428,TKT-01428,6D,PRIMEIRA_CLASSE,2025-06-21 09:32:12+00:00
1429,TKT-01429,36B,EXECUTIVA,2026-05-28 07:07:39+00:00
1430,TKT-01430,4B,ECONOMICA,2026-04-05 19:26:22+00:00
1431,TKT-01431,22E,ECONOMICA,2026-01-28 23:27:36+00:00
1432,TKT-01432,34C,EXECUTIVA,2025-10-24 01:23:56+00:00
1433,TKT-01433,5D,ECONOMICA,2025-10-17 11:57:08+00:00
1434,TKT-01434,23F,PRIMEIRA_CLASSE,2025-06-30 15:55:43+00:00
1435,TKT-01435,34A,ECONOMICA,2026-05-04 08:04:45+00:00
1436,TKT-01436,8B,PRIMEIRA_CLASSE,2025-10-24 22:11:28+00:00
1437,TKT-01437,35A,ECONOMICA,2025-06-25 16:08:10+00:00
1438,TKT-01438,2A,EXECUTIVA,2026-01-20 16:33:17+00:00
1439,TKT-01439,31F,ECONOMICA,2025-07-12 06:31:08+00:00
1440,TKT-01440,2C,ECONOMICA,2025-08-27 03:03:36+00:00
1441,TKT-01441,37C,ECONOMICA,2026-04-29 10:42:52+00:00
1442,TKT-01442,32A,EXECUTIVA,2026-03-25 13:15:03+00:00
1443,TKT-01443,33C,EXECUTIVA,2025-07-14 13:54:16+00:00
1444,TKT-01444,28C,EXECUTIVA,2026-04-07 13:45:10+00:00
1445,TKT-01445,29B,PRIMEIRA_CLASSE,2025-12-30 23:58:07+00:00
1446,TKT-01446,1D,EXECUTIVA,2025-07-23 01:34:24+00:00
1447,TKT-01447,18C,ECONOMICA,2025-06-08 07:27:52+00:00
1448,TKT-01448,6D,EXECUTIVA,2025-12-23 19:39:58+00:00
1449,TKT-01449,12B,EXECUTIVA,2025-07-03 07:52:06+00:00
1450,TKT-01450,4A,ECONOMICA,2026-03-24 03:25:43+00:00
1451,TKT-01451,38E,ECONOMICA,2025-08-16 22:38:46+00:00
1452,TKT-01452,32E,ECONOMICA,2026-05-25 15:29:47+00:00
1453,TKT-01453,29C,ECONOMICA,2025-12-27 10:52:09+00:00
1454,TKT-01454,9B,PRIMEIRA_CLASSE,2026-02-05 06:37:02+00:00
1455,TKT-01455,39F,PRIMEIRA_CLASSE,2025-06-12 12:49:22+00:00
1456,TKT-01456,10D,EXECUTIVA,2025-10-09 12:10:25+00:00
1457,TKT-01457,31E,EXECUTIVA,2026-05-01 00:52:28+00:00
1458,TKT-01458,14A,PRIMEIRA_CLASSE,2025-09-19 03:49:49+00:00
1459,TKT-01459,13B,PRIMEIRA_CLASSE,2025-10-31 04:58:28+00:00
1460,TKT-01460,1D,EXECUTIVA,2026-05-14 05:11:29+00:00
1461,TKT-01461,36F,ECONOMICA,2025-10-12 15:43:52+00:00
1462,TKT-01462,3E,EXECUTIVA,2025-09-19 03:00:00+00:00
1463,TKT-01463,11C,PRIMEIRA_CLASSE,2025-07-29 11:01:28+00:00
1464,TKT-01464,31C,ECONOMICA,2025-08-12 05:13:34+00:00
1465,TKT-01465,30C,PRIMEIRA_CLASSE,2025-11-17 04:17:44+00:00
1466,TKT-01466,3C,EXECUTIVA,2026-01-19 23:00:23+00:00
1467,TKT-01467,29F,ECONOMICA,2025-10-17 13:10:26+00:00
1468,TKT-01468,8E,ECONOMICA,2025-11-30 15:51:38+00:00
1469,TKT-01469,8B,PRIMEIRA_CLASSE,2025-10-06 23:48:56+00:00
1470,TKT-01470,16F,PRIMEIRA_CLASSE,2025-11-20 06:14:33+00:00
1471,TKT-01471,9E,EXECUTIVA,2026-02-22 20:42:17+00:00
1472,TKT-01472,14A,PRIMEIRA_CLASSE,2026-03-20 01:15:13+00:00
1473,TKT-01473,27E,PRIMEIRA_CLASSE,2025-10-08 13:50:41+00:00
1474,TKT-01474,38D,ECONOMICA,2025-12-06 16:45:25+00:00
1475,TKT-01475,34C,ECONOMICA,2026-05-01 15:50:18+00:00
1476,TKT-01476,23B,ECONOMICA,2025-10-08 22:04:28+00:00
1477,TKT-01477,16D,ECONOMICA,2026-01-09 17:29:06+00:00
1478,TKT-01478,18C,EXECUTIVA,2025-11-01 10:51:37+00:00
1479,TKT-01479,18D,EXECUTIVA,2025-09-17 15:24:50+00:00
1480,TKT-01480,25A,ECONOMICA,2026-01-14 00:05:42+00:00
1481,TKT-01481,24A,EXECUTIVA,2025-10-04 00:04:26+00:00
1482,TKT-01482,39F,EXECUTIVA,2026-03-06 18:28:21+00:00
1483,TKT-01483,7B,PRIMEIRA_CLASSE,2026-05-30 08:50:03+00:00
1484,TKT-01484,35D,ECONOMICA,2025-06-19 19:03:02+00:00
1485,TKT-01485,32A,ECONOMICA,2025-07-02 05:34:25+00:00
1486,TKT-01486,4D,EXECUTIVA,2026-05-27 06:16:53+00:00
1487,TKT-01487,19C,PRIMEIRA_CLASSE,2025-12-28 06:00:43+00:00
1488,TKT-01488,35E,PRIMEIRA_CLASSE,2025-10-11 16:47:36+00:00
1489,TKT-01489,16C,PRIMEIRA_CLASSE,2026-03-30 20:10:57+00:00
1490,TKT-01490,35C,PRIMEIRA_CLASSE,2026-04-08 02:33:53+00:00
1491,TKT-01491,15F,EXECUTIVA,2025-09-07 20:56:48+00:00
1492,TKT-01492,4B,ECONOMICA,2026-03-12 13:17:23+00:00
1493,TKT-01493,8B,EXECUTIVA,2025-12-25 14:36:31+00:00
1494,TKT-01494,5B,ECONOMICA,2026-04-25 10:21:22+00:00
1495,TKT-01495,15C,PRIMEIRA_CLASSE,2026-05-25 16:12:08+00:00
1496,TKT-01496,18E,PRIMEIRA_CLASSE,2025-12-06 14:17:29+00:00
1497,TKT-01497,9B,ECONOMICA,2025-08-21 09:35:32+00:00
1498,TKT-01498,21D,ECONOMICA,2025-12-07 13:09:21+00:00
1499,TKT-01499,40C,PRIMEIRA_CLASSE,2026-05-19 00:09:34+00:00
1500,TKT-01500,9B,PRIMEIRA_CLASSE,2025-11-01 00:45:18+00:00
1501,TKT-01501,2B,PRIMEIRA_CLASSE,2025-08-25 11:33:21+00:00
1502,TKT-01502,40C,PRIMEIRA_CLASSE,2025-11-28 06:31:59+00:00
1503,TKT-01503,12E,ECONOMICA,2026-01-26 00:57:00+00:00
1504,TKT-01504,38E,PRIMEIRA_CLASSE,2025-12-12 12:20:45+00:00
1505,TKT-01505,16F,EXECUTIVA,2025-10-06 06:33:47+00:00
1506,TKT-01506,22D,EXECUTIVA,2025-12-19 10:35:34+00:00
1507,TKT-01507,29D,ECONOMICA,2026-04-14 07:21:43+00:00
1508,TKT-01508,21B,ECONOMICA,2025-11-27 21:38:30+00:00
1509,TKT-01509,13B,PRIMEIRA_CLASSE,2025-08-21 08:04:36+00:00
1510,TKT-01510,37A,PRIMEIRA_CLASSE,2026-03-09 00:52:40+00:00
1511,TKT-01511,26F,ECONOMICA,2025-10-18 06:49:22+00:00
1512,TKT-01512,11D,EXECUTIVA,2025-08-04 20:59:22+00:00
1513,TKT-01513,11F,ECONOMICA,2025-11-30 14:52:26+00:00
1514,TKT-01514,5B,EXECUTIVA,2026-01-23 17:30:57+00:00
1515,TKT-01515,23E,PRIMEIRA_CLASSE,2025-09-24 10:00:57+00:00
1516,TKT-01516,7D,ECONOMICA,2025-06-26 02:07:59+00:00
1517,TKT-01517,36E,EXECUTIVA,2026-01-25 21:03:24+00:00
1518,TKT-01518,23F,ECONOMICA,2026-03-09 04:03:35+00:00
1519,TKT-01519,35B,EXECUTIVA,2026-05-10 16:44:17+00:00
1520,TKT-01520,3F,PRIMEIRA_CLASSE,2025-12-09 09:14:57+00:00
1521,TKT-01521,16F,PRIMEIRA_CLASSE,2026-04-10 07:11:05+00:00
1522,TKT-01522,15B,PRIMEIRA_CLASSE,2026-02-11 11:33:18+00:00
1523,TKT-01523,17D,PRIMEIRA_CLASSE,2025-06-14 15:26:58+00:00
1524,TKT-01524,27C,PRIMEIRA_CLASSE,2026-01-26 02:19:14+00:00
1525,TKT-01525,12C,EXECUTIVA,2026-05-12 21:00:20+00:00
1526,TKT-01526,4B,ECONOMICA,2025-06-10 22:04:35+00:00
1527,TKT-01527,32F,EXECUTIVA,2025-12-30 09:39:54+00:00
1528,TKT-01528,11D,EXECUTIVA,2025-08-25 19:11:01+00:00
1529,TKT-01529,12A,EXECUTIVA,2025-10-27 21:18:06+00:00
1530,TKT-01530,7B,PRIMEIRA_CLASSE,2025-08-08 03:17:00+00:00
1531,TKT-01531,19C,EXECUTIVA,2026-03-22 12:37:55+00:00
1532,TKT-01532,40E,PRIMEIRA_CLASSE,2026-05-08 08:16:52+00:00
1533,TKT-01533,5A,EXECUTIVA,2025-12-10 21:57:04+00:00
1534,TKT-01534,24B,PRIMEIRA_CLASSE,2025-10-24 04:57:11+00:00
1535,TKT-01535,19C,PRIMEIRA_CLASSE,2025-09-25 17:46:26+00:00
1536,TKT-01536,19B,PRIMEIRA_CLASSE,2025-08-19 01:38:28+00:00
1537,TKT-01537,23D,PRIMEIRA_CLASSE,2026-04-11 09:23:16+00:00
1538,TKT-01538,8F,EXECUTIVA,2025-09-23 23:55:56+00:00
1539,TKT-01539,34D,EXECUTIVA,2026-04-08 03:54:02+00:00
1540,TKT-01540,13C,EXECUTIVA,2025-10-23 09:09:49+00:00
1541,TKT-01541,24B,PRIMEIRA_CLASSE,2025-09-07 23:39:49+00:00
1542,TKT-01542,19B,PRIMEIRA_CLASSE,2026-01-25 02:51:33+00:00
1543,TKT-01543,5F,ECONOMICA,2025-11-29 04:22:13+00:00
1544,TKT-01544,25D,ECONOMICA,2026-05-09 18:50:15+00:00
1545,TKT-01545,33D,PRIMEIRA_CLASSE,2025-08-03 15:03:49+00:00
1546,TKT-01546,22A,EXECUTIVA,2025-11-23 20:07:48+00:00
1547,TKT-01547,40B,PRIMEIRA_CLASSE,2025-12-10 05:38:09+00:00
1548,TKT-01548,10D,PRIMEIRA_CLASSE,2026-01-30 16:44:50+00:00
1549,TKT-01549,32D,PRIMEIRA_CLASSE,2026-03-10 04:44:48+00:00
1550,TKT-01550,11F,ECONOMICA,2026-01-08 02:14:13+00:00
1551,TKT-01551,10D,PRIMEIRA_CLASSE,2026-05-09 07:03:00+00:00
1552,TKT-01552,11B,ECONOMICA,2026-04-09 04:55:32+00:00
1553,TKT-01553,11F,PRIMEIRA_CLASSE,2025-10-21 05:44:44+00:00
1554,TKT-01554,38B,PRIMEIRA_CLASSE,2026-01-01 05:59:15+00:00
1555,TKT-01555,27C,PRIMEIRA_CLASSE,2026-04-28 14:48:05+00:00
1556,TKT-01556,16C,PRIMEIRA_CLASSE,2025-12-27 23:30:01+00:00
1557,TKT-01557,9C,ECONOMICA,2025-09-07 23:51:46+00:00
1558,TKT-01558,31D,EXECUTIVA,2025-09-05 01:58:55+00:00
1559,TKT-01559,39C,EXECUTIVA,2026-02-25 03:53:15+00:00
1560,TKT-01560,37B,PRIMEIRA_CLASSE,2026-05-27 18:14:13+00:00
1561,TKT-01561,14F,EXECUTIVA,2026-05-21 19:43:49+00:00
1562,TKT-01562,34E,PRIMEIRA_CLASSE,2025-11-20 08:01:12+00:00
1563,TKT-01563,30A,EXECUTIVA,2026-05-26 07:00:32+00:00
1564,TKT-01564,24B,PRIMEIRA_CLASSE,2025-08-07 15:59:47+00:00
1565,TKT-01565,8C,EXECUTIVA,2025-11-02 13:10:20+00:00
1566,TKT-01566,1E,PRIMEIRA_CLASSE,2025-07-08 16:50:50+00:00
1567,TKT-01567,14D,EXECUTIVA,2026-05-06 19:33:18+00:00
1568,TKT-01568,15D,EXECUTIVA,2026-01-12 19:40:06+00:00
1569,TKT-01569,37B,PRIMEIRA_CLASSE,2025-09-16 01:52:52+00:00
1570,TKT-01570,10D,PRIMEIRA_CLASSE,2025-11-04 05:27:49+00:00
1571,TKT-01571,33A,PRIMEIRA_CLASSE,2026-01-17 07:47:49+00:00
1572,TKT-01572,27A,ECONOMICA,2026-04-24 22:39:58+00:00
1573,TKT-01573,6E,EXECUTIVA,2026-05-15 12:33:20+00:00
1574,TKT-01574,28D,PRIMEIRA_CLASSE,2026-04-02 13:24:23+00:00
1575,TKT-01575,29B,EXECUTIVA,2025-12-03 09:11:47+00:00
1576,TKT-01576,5A,ECONOMICA,2026-05-24 00:31:29+00:00
1577,TKT-01577,22E,EXECUTIVA,2026-01-03 15:04:46+00:00
1578,TKT-01578,38E,ECONOMICA,2025-07-10 15:28:05+00:00
1579,TKT-01579,29E,PRIMEIRA_CLASSE,2026-04-11 03:28:53+00:00
1580,TKT-01580,6E,EXECUTIVA,2026-03-30 13:11:54+00:00
1581,TKT-01581,11B,EXECUTIVA,2026-03-28 08:33:00+00:00
1582,TKT-01582,22B,ECONOMICA,2025-09-26 01:04:48+00:00
1583,TKT-01583,6A,PRIMEIRA_CLASSE,2025-10-27 08:07:06+00:00
1584,TKT-01584,25F,EXECUTIVA,2026-05-02 04:02:22+00:00
1585,TKT-01585,20D,PRIMEIRA_CLASSE,2025-09-07 12:51:31+00:00
1586,TKT-01586,30C,EXECUTIVA,2025-11-25 03:38:40+00:00
1587,TKT-01587,38B,PRIMEIRA_CLASSE,2026-06-03 08:29:41+00:00
1588,TKT-01588,13F,PRIMEIRA_CLASSE,2025-06-19 16:09:22+00:00
1589,TKT-01589,20E,ECONOMICA,2025-11-27 07:27:03+00:00
1590,TKT-01590,8E,EXECUTIVA,2026-03-08 11:14:59+00:00
1591,TKT-01591,2F,ECONOMICA,2026-02-17 09:22:56+00:00
1592,TKT-01592,26D,EXECUTIVA,2025-08-27 20:08:41+00:00
1593,TKT-01593,33D,EXECUTIVA,2026-04-28 00:09:22+00:00
1594,TKT-01594,34F,EXECUTIVA,2025-06-29 23:48:22+00:00
1595,TKT-01595,8D,PRIMEIRA_CLASSE,2025-10-24 17:00:33+00:00
1596,TKT-01596,9B,EXECUTIVA,2025-06-13 00:25:26+00:00
1597,TKT-01597,11C,PRIMEIRA_CLASSE,2026-05-12 11:03:50+00:00
1598,TKT-01598,1D,EXECUTIVA,2025-11-07 21:16:54+00:00
1599,TKT-01599,30C,ECONOMICA,2026-04-11 11:02:42+00:00
1600,TKT-01600,35F,PRIMEIRA_CLASSE,2025-07-13 01:35:03+00:00
1601,TKT-01601,2B,EXECUTIVA,2025-12-17 02:16:55+00:00
1602,TKT-01602,24D,PRIMEIRA_CLASSE,2025-07-25 08:58:53+00:00
1603,TKT-01603,21A,ECONOMICA,2025-06-09 02:24:32+00:00
1604,TKT-01604,34A,ECONOMICA,2026-04-20 10:38:04+00:00
1605,TKT-01605,40E,EXECUTIVA,2026-04-02 09:33:35+00:00
1606,TKT-01606,5B,PRIMEIRA_CLASSE,2026-01-17 11:53:11+00:00
1607,TKT-01607,38B,PRIMEIRA_CLASSE,2026-05-28 18:23:31+00:00
1608,TKT-01608,25E,PRIMEIRA_CLASSE,2025-06-25 08:23:01+00:00
1609,TKT-01609,16F,ECONOMICA,2025-12-27 03:35:41+00:00
1610,TKT-01610,28A,PRIMEIRA_CLASSE,2026-01-17 22:00:04+00:00
1611,TKT-01611,29B,ECONOMICA,2025-07-22 03:11:18+00:00
1612,TKT-01612,30C,EXECUTIVA,2025-09-09 05:23:24+00:00
1613,TKT-01613,9D,ECONOMICA,2026-04-05 08:44:29+00:00
1614,TKT-01614,7A,ECONOMICA,2025-08-01 11:59:22+00:00
1615,TKT-01615,26C,PRIMEIRA_CLASSE,2025-11-26 11:05:40+00:00
1616,TKT-01616,40C,EXECUTIVA,2026-04-20 10:54:39+00:00
1617,TKT-01617,31D,EXECUTIVA,2025-12-12 00:35:02+00:00
1618,TKT-01618,5B,ECONOMICA,2025-11-30 04:44:17+00:00
1619,TKT-01619,4D,PRIMEIRA_CLASSE,2026-01-02 07:01:24+00:00
1620,TKT-01620,13B,PRIMEIRA_CLASSE,2026-02-10 15:27:52+00:00
1621,TKT-01621,22B,EXECUTIVA,2025-07-05 13:16:23+00:00
1622,TKT-01622,40E,EXECUTIVA,2025-07-15 19:13:17+00:00
1623,TKT-01623,34A,ECONOMICA,2025-12-02 05:49:25+00:00
1624,TKT-01624,3E,ECONOMICA,2025-08-15 22:12:05+00:00
1625,TKT-01625,6C,EXECUTIVA,2026-04-08 15:03:28+00:00
1626,TKT-01626,20B,EXECUTIVA,2026-02-27 12:48:47+00:00
1627,TKT-01627,12D,ECONOMICA,2025-12-13 15:23:01+00:00
1628,TKT-01628,14A,PRIMEIRA_CLASSE,2025-07-01 00:18:58+00:00
1629,TKT-01629,6E,PRIMEIRA_CLASSE,2026-03-02 14:54:07+00:00
1630,TKT-01630,27B,ECONOMICA,2026-05-12 08:41:13+00:00
1631,TKT-01631,35B,ECONOMICA,2026-03-26 04:04:54+00:00
1632,TKT-01632,20D,EXECUTIVA,2026-03-01 21:28:03+00:00
1633,TKT-01633,4D,ECONOMICA,2026-02-23 02:16:29+00:00
1634,TKT-01634,23A,EXECUTIVA,2025-08-14 00:54:02+00:00
1635,TKT-01635,34F,PRIMEIRA_CLASSE,2025-08-27 07:43:04+00:00
1636,TKT-01636,7A,PRIMEIRA_CLASSE,2025-12-27 09:38:34+00:00
1637,TKT-01637,2A,ECONOMICA,2026-02-14 11:30:18+00:00
1638,TKT-01638,21E,ECONOMICA,2025-09-03 05:42:06+00:00
1639,TKT-01639,7A,PRIMEIRA_CLASSE,2026-01-13 23:46:14+00:00
1640,TKT-01640,5F,ECONOMICA,2025-07-13 11:06:07+00:00
1641,TKT-01641,31F,ECONOMICA,2026-04-12 08:40:34+00:00
1642,TKT-01642,22A,EXECUTIVA,2025-12-20 10:49:50+00:00
1643,TKT-01643,17E,EXECUTIVA,2025-06-05 21:49:27+00:00
1644,TKT-01644,22A,EXECUTIVA,2025-12-22 05:01:14+00:00
1645,TKT-01645,3F,ECONOMICA,2025-06-26 10:04:13+00:00
1646,TKT-01646,23E,ECONOMICA,2025-09-17 05:44:35+00:00
1647,TKT-01647,37F,ECONOMICA,2025-11-05 09:16:00+00:00
1648,TKT-01648,33A,ECONOMICA,2026-04-05 13:41:25+00:00
1649,TKT-01649,29F,ECONOMICA,2025-07-12 10:43:36+00:00
1650,TKT-01650,16F,EXECUTIVA,2026-01-30 13:53:37+00:00
1651,TKT-01651,27D,ECONOMICA,2026-02-01 22:28:16+00:00
1652,TKT-01652,24C,EXECUTIVA,2026-05-23 11:02:13+00:00
1653,TKT-01653,6F,ECONOMICA,2026-01-16 12:20:51+00:00
1654,TKT-01654,14C,PRIMEIRA_CLASSE,2025-06-22 03:02:39+00:00
1655,TKT-01655,36C,EXECUTIVA,2025-10-09 04:58:48+00:00
1656,TKT-01656,23A,EXECUTIVA,2026-03-07 08:49:04+00:00
1657,TKT-01657,7B,ECONOMICA,2026-05-25 09:27:06+00:00
1658,TKT-01658,3C,EXECUTIVA,2026-02-02 07:38:03+00:00
1659,TKT-01659,40C,EXECUTIVA,2025-06-26 13:28:54+00:00
1660,TKT-01660,3C,EXECUTIVA,2025-10-15 15:02:42+00:00
1661,TKT-01661,31D,PRIMEIRA_CLASSE,2025-08-23 04:11:40+00:00
1662,TKT-01662,19D,EXECUTIVA,2026-04-12 18:21:27+00:00
1663,TKT-01663,5F,PRIMEIRA_CLASSE,2026-05-14 10:46:07+00:00
1664,TKT-01664,21A,PRIMEIRA_CLASSE,2026-03-13 22:13:59+00:00
1665,TKT-01665,6B,PRIMEIRA_CLASSE,2025-11-19 00:01:42+00:00
1666,TKT-01666,14C,EXECUTIVA,2025-11-03 03:02:24+00:00
1667,TKT-01667,24E,EXECUTIVA,2025-10-02 10:47:52+00:00
1668,TKT-01668,19D,PRIMEIRA_CLASSE,2025-08-12 20:19:31+00:00
1669,TKT-01669,7E,ECONOMICA,2025-11-22 07:47:55+00:00
1670,TKT-01670,20A,ECONOMICA,2026-03-08 08:43:09+00:00
1671,TKT-01671,5F,ECONOMICA,2025-12-10 20:37:37+00:00
1672,TKT-01672,30F,ECONOMICA,2025-09-17 14:07:32+00:00
1673,TKT-01673,36C,EXECUTIVA,2026-04-16 20:17:43+00:00
1674,TKT-01674,38A,ECONOMICA,2026-02-25 05:27:20+00:00
1675,TKT-01675,2D,PRIMEIRA_CLASSE,2025-08-05 01:37:50+00:00
1676,TKT-01676,40A,PRIMEIRA_CLASSE,2025-07-02 07:25:54+00:00
1677,TKT-01677,30D,ECONOMICA,2026-05-15 20:26:02+00:00
1678,TKT-01678,4C,ECONOMICA,2026-04-22 04:53:09+00:00
1679,TKT-01679,6B,PRIMEIRA_CLASSE,2025-10-16 08:54:47+00:00
1680,TKT-01680,35C,EXECUTIVA,2026-02-07 00:06:42+00:00
1681,TKT-01681,6F,EXECUTIVA,2025-07-23 16:16:53+00:00
1682,TKT-01682,17D,EXECUTIVA,2026-05-02 14:45:46+00:00
1683,TKT-01683,32A,EXECUTIVA,2025-08-01 18:22:31+00:00
1684,TKT-01684,16B,ECONOMICA,2026-01-13 21:29:40+00:00
1685,TKT-01685,24F,EXECUTIVA,2026-01-18 09:05:49+00:00
1686,TKT-01686,20D,PRIMEIRA_CLASSE,2025-10-10 05:50:56+00:00
1687,TKT-01687,19B,ECONOMICA,2025-11-26 12:32:09+00:00
1688,TKT-01688,20E,ECONOMICA,2025-08-04 08:33:40+00:00
1689,TKT-01689,12C,PRIMEIRA_CLASSE,2025-06-27 22:13:31+00:00
1690,TKT-01690,13A,EXECUTIVA,2026-03-31 18:02:55+00:00
1691,TKT-01691,16A,EXECUTIVA,2025-11-05 03:26:44+00:00
1692,TKT-01692,28D,ECONOMICA,2025-06-23 01:27:48+00:00
1693,TKT-01693,2A,EXECUTIVA,2025-07-03 23:40:13+00:00
1694,TKT-01694,6D,ECONOMICA,2025-12-19 03:49:22+00:00
1695,TKT-01695,14A,PRIMEIRA_CLASSE,2025-06-27 09:52:07+00:00
1696,TKT-01696,13A,EXECUTIVA,2025-08-07 16:56:04+00:00
1697,TKT-01697,27E,ECONOMICA,2025-07-10 06:46:16+00:00
1698,TKT-01698,1B,ECONOMICA,2025-07-14 11:46:35+00:00
1699,TKT-01699,12D,EXECUTIVA,2025-12-27 08:56:43+00:00
1700,TKT-01700,23F,EXECUTIVA,2026-02-19 04:54:31+00:00
1701,TKT-01701,10E,PRIMEIRA_CLASSE,2026-05-31 06:47:13+00:00
1702,TKT-01702,8B,ECONOMICA,2025-07-21 05:01:54+00:00
1703,TKT-01703,1B,EXECUTIVA,2025-08-27 15:23:31+00:00
1704,TKT-01704,18E,EXECUTIVA,2025-10-05 22:56:02+00:00
1705,TKT-01705,12B,ECONOMICA,2025-09-22 23:00:16+00:00
1706,TKT-01706,4A,EXECUTIVA,2026-03-18 13:57:18+00:00
1707,TKT-01707,30B,PRIMEIRA_CLASSE,2025-12-15 07:43:18+00:00
1708,TKT-01708,3F,PRIMEIRA_CLASSE,2026-04-02 11:03:01+00:00
1709,TKT-01709,29A,PRIMEIRA_CLASSE,2025-07-29 08:02:43+00:00
1710,TKT-01710,21C,EXECUTIVA,2026-02-12 19:29:27+00:00
1711,TKT-01711,21D,EXECUTIVA,2025-08-23 14:57:50+00:00
1712,TKT-01712,18D,EXECUTIVA,2026-03-14 02:19:34+00:00
1713,TKT-01713,19B,EXECUTIVA,2026-04-15 11:00:53+00:00
1714,TKT-01714,31D,EXECUTIVA,2026-04-17 21:11:49+00:00
1715,TKT-01715,6C,ECONOMICA,2025-11-09 11:11:32+00:00
1716,TKT-01716,8F,EXECUTIVA,2026-03-10 09:51:39+00:00
1717,TKT-01717,22B,ECONOMICA,2025-08-26 21:05:53+00:00
1718,TKT-01718,21D,PRIMEIRA_CLASSE,2025-06-21 18:27:57+00:00
1719,TKT-01719,14D,ECONOMICA,2026-02-24 07:15:12+00:00
1720,TKT-01720,17B,EXECUTIVA,2025-07-11 17:41:06+00:00
1721,TKT-01721,16D,EXECUTIVA,2026-03-25 12:31:47+00:00
1722,TKT-01722,35B,ECONOMICA,2026-01-12 00:07:35+00:00
1723,TKT-01723,36F,ECONOMICA,2025-11-05 22:54:00+00:00
1724,TKT-01724,31F,EXECUTIVA,2025-09-08 21:46:47+00:00
1725,TKT-01725,15F,EXECUTIVA,2025-07-29 07:09:29+00:00
1726,TKT-01726,20D,PRIMEIRA_CLASSE,2026-04-26 09:21:26+00:00
1727,TKT-01727,11F,EXECUTIVA,2025-10-16 00:05:02+00:00
1728,TKT-01728,33A,PRIMEIRA_CLASSE,2026-01-27 14:43:12+00:00
1729,TKT-01729,30D,PRIMEIRA_CLASSE,2025-12-18 09:26:16+00:00
1730,TKT-01730,29B,PRIMEIRA_CLASSE,2025-08-27 13:25:30+00:00
1731,TKT-01731,14B,ECONOMICA,2026-04-10 20:32:19+00:00
1732,TKT-01732,37A,PRIMEIRA_CLASSE,2026-05-14 17:39:55+00:00
1733,TKT-01733,12C,PRIMEIRA_CLASSE,2026-01-22 12:58:11+00:00
1734,TKT-01734,34C,PRIMEIRA_CLASSE,2025-09-29 22:17:54+00:00
1735,TKT-01735,28E,PRIMEIRA_CLASSE,2025-08-07 06:07:47+00:00
1736,TKT-01736,33B,EXECUTIVA,2025-12-11 16:00:45+00:00
1737,TKT-01737,29B,PRIMEIRA_CLASSE,2025-12-04 22:15:53+00:00
1738,TKT-01738,16B,ECONOMICA,2026-04-13 14:33:46+00:00
1739,TKT-01739,25C,EXECUTIVA,2025-10-06 19:29:00+00:00
1740,TKT-01740,32F,PRIMEIRA_CLASSE,2025-10-29 14:26:04+00:00
1741,TKT-01741,28E,EXECUTIVA,2025-08-21 03:03:16+00:00
1742,TKT-01742,33C,PRIMEIRA_CLASSE,2026-03-03 07:11:24+00:00
1743,TKT-01743,39D,ECONOMICA,2025-12-07 04:02:05+00:00
1744,TKT-01744,7D,ECONOMICA,2025-10-12 20:15:36+00:00
1745,TKT-01745,33B,PRIMEIRA_CLASSE,2025-09-24 14:07:03+00:00
1746,TKT-01746,18E,ECONOMICA,2025-06-20 07:13:02+00:00
1747,TKT-01747,38D,ECONOMICA,2025-11-20 06:07:39+00:00
1748,TKT-01748,6E,EXECUTIVA,2025-12-22 19:08:35+00:00
1749,TKT-01749,8B,PRIMEIRA_CLASSE,2025-07-23 18:36:10+00:00
1750,TKT-01750,11E,ECONOMICA,2025-09-20 12:09:13+00:00
1751,TKT-01751,26B,EXECUTIVA,2025-11-12 17:46:32+00:00
1752,TKT-01752,39F,EXECUTIVA,2025-09-08 05:31:16+00:00
1753,TKT-01753,9E,PRIMEIRA_CLASSE,2025-09-10 17:57:24+00:00
1754,TKT-01754,25D,EXECUTIVA,2025-10-25 17:01:42+00:00
1755,TKT-01755,5E,ECONOMICA,2025-09-30 19:21:32+00:00
1756,TKT-01756,17A,ECONOMICA,2025-10-02 18:47:00+00:00
1757,TKT-01757,29D,PRIMEIRA_CLASSE,2025-11-10 17:55:32+00:00
1758,TKT-01758,25F,ECONOMICA,2025-10-05 02:11:51+00:00
1759,TKT-01759,32F,PRIMEIRA_CLASSE,2026-04-21 05:55:38+00:00
1760,TKT-01760,11D,ECONOMICA,2026-04-30 16:51:26+00:00
1761,TKT-01761,11B,EXECUTIVA,2025-07-04 03:02:53+00:00
1762,TKT-01762,5E,EXECUTIVA,2025-09-27 13:12:16+00:00
1763,TKT-01763,19F,ECONOMICA,2025-11-17 08:54:03+00:00
1764,TKT-01764,14D,ECONOMICA,2025-12-18 20:37:53+00:00
1765,TKT-01765,39D,EXECUTIVA,2025-07-28 23:23:21+00:00
1766,TKT-01766,7E,EXECUTIVA,2026-01-23 11:37:28+00:00
1767,TKT-01767,27F,ECONOMICA,2025-12-18 07:35:10+00:00
1768,TKT-01768,28F,EXECUTIVA,2026-01-02 05:00:04+00:00
1769,TKT-01769,18B,PRIMEIRA_CLASSE,2025-11-02 09:29:02+00:00
1770,TKT-01770,21F,EXECUTIVA,2025-10-09 07:10:37+00:00
1771,TKT-01771,37B,EXECUTIVA,2026-06-02 16:11:11+00:00
1772,TKT-01772,34E,EXECUTIVA,2026-05-23 11:27:26+00:00
1773,TKT-01773,18C,EXECUTIVA,2025-12-26 10:50:59+00:00
1774,TKT-01774,4F,PRIMEIRA_CLASSE,2025-10-15 03:30:56+00:00
1775,TKT-01775,1B,EXECUTIVA,2026-02-27 14:51:38+00:00
1776,TKT-01776,38A,EXECUTIVA,2025-09-07 09:57:40+00:00
1777,TKT-01777,17D,ECONOMICA,2025-08-20 18:09:07+00:00
1778,TKT-01778,3E,PRIMEIRA_CLASSE,2026-03-10 01:34:19+00:00
1779,TKT-01779,15B,PRIMEIRA_CLASSE,2025-09-16 12:41:37+00:00
1780,TKT-01780,39B,EXECUTIVA,2025-09-27 05:11:42+00:00
1781,TKT-01781,30C,EXECUTIVA,2026-03-11 01:17:14+00:00
1782,TKT-01782,40C,ECONOMICA,2026-05-21 19:36:41+00:00
1783,TKT-01783,10B,EXECUTIVA,2026-02-11 20:26:51+00:00
1784,TKT-01784,24E,ECONOMICA,2025-07-10 04:38:32+00:00
1785,TKT-01785,33F,ECONOMICA,2025-08-12 20:44:27+00:00
1786,TKT-01786,9F,EXECUTIVA,2025-10-14 03:53:17+00:00
1787,TKT-01787,19D,PRIMEIRA_CLASSE,2025-12-13 00:48:14+00:00
1788,TKT-01788,29F,ECONOMICA,2025-11-26 08:05:59+00:00
1789,TKT-01789,4A,EXECUTIVA,2026-01-29 04:23:14+00:00
1790,TKT-01790,21C,ECONOMICA,2025-07-19 08:49:43+00:00
1791,TKT-01791,38C,PRIMEIRA_CLASSE,2025-07-12 00:07:56+00:00
1792,TKT-01792,26B,ECONOMICA,2026-01-08 13:08:41+00:00
1793,TKT-01793,39B,PRIMEIRA_CLASSE,2026-03-16 06:54:27+00:00
1794,TKT-01794,12E,EXECUTIVA,2026-01-15 22:25:07+00:00
1795,TKT-01795,33F,ECONOMICA,2026-04-04 07:03:33+00:00
1796,TKT-01796,33B,ECONOMICA,2025-08-24 07:56:27+00:00
1797,TKT-01797,29D,EXECUTIVA,2025-11-21 10:05:16+00:00
1798,TKT-01798,1C,EXECUTIVA,2026-03-07 18:07:21+00:00
1799,TKT-01799,14C,EXECUTIVA,2025-06-11 02:24:36+00:00
1800,TKT-01800,22F,PRIMEIRA_CLASSE,2025-12-29 01:05:33+00:00
1801,TKT-01801,36D,EXECUTIVA,2026-02-19 08:33:21+00:00
1802,TKT-01802,34D,ECONOMICA,2025-11-07 16:18:23+00:00
1803,TKT-01803,39A,EXECUTIVA,2026-05-07 01:03:24+00:00
1804,TKT-01804,34C,PRIMEIRA_CLASSE,2025-09-14 05:29:06+00:00
1805,TKT-01805,24B,PRIMEIRA_CLASSE,2026-02-10 12:04:26+00:00
1806,TKT-01806,34A,ECONOMICA,2025-06-25 22:01:25+00:00
1807,TKT-01807,28C,ECONOMICA,2025-08-09 18:22:28+00:00
1808,TKT-01808,25C,ECONOMICA,2026-03-10 18:39:20+00:00
1809,TKT-01809,14B,EXECUTIVA,2026-03-24 03:53:31+00:00
1810,TKT-01810,5A,ECONOMICA,2026-05-27 03:17:46+00:00
1811,TKT-01811,2E,ECONOMICA,2025-10-11 00:56:28+00:00
1812,TKT-01812,25B,ECONOMICA,2026-01-10 17:08:49+00:00
1813,TKT-01813,11B,PRIMEIRA_CLASSE,2025-11-23 03:17:13+00:00
1814,TKT-01814,10C,EXECUTIVA,2026-04-24 04:24:32+00:00
1815,TKT-01815,5C,PRIMEIRA_CLASSE,2025-12-04 15:58:41+00:00
1816,TKT-01816,35F,EXECUTIVA,2026-04-26 19:43:27+00:00
1817,TKT-01817,10D,EXECUTIVA,2025-06-21 15:02:44+00:00
1818,TKT-01818,13C,ECONOMICA,2025-11-18 08:15:53+00:00
1819,TKT-01819,28A,EXECUTIVA,2025-10-12 00:48:32+00:00
1820,TKT-01820,26C,PRIMEIRA_CLASSE,2026-05-28 07:09:37+00:00
1821,TKT-01821,38E,PRIMEIRA_CLASSE,2025-06-05 02:58:38+00:00
1822,TKT-01822,20F,ECONOMICA,2025-12-26 18:56:29+00:00
1823,TKT-01823,7E,ECONOMICA,2025-10-07 03:13:20+00:00
1824,TKT-01824,1D,ECONOMICA,2026-06-01 14:19:06+00:00
1825,TKT-01825,25B,PRIMEIRA_CLASSE,2026-01-07 20:51:00+00:00
1826,TKT-01826,14E,EXECUTIVA,2026-02-13 18:04:49+00:00
1827,TKT-01827,34F,EXECUTIVA,2026-04-03 04:28:18+00:00
1828,TKT-01828,2D,ECONOMICA,2026-04-18 15:24:47+00:00
1829,TKT-01829,23B,EXECUTIVA,2026-04-24 13:48:59+00:00
1830,TKT-01830,39A,PRIMEIRA_CLASSE,2026-01-02 08:33:40+00:00
1831,TKT-01831,33A,EXECUTIVA,2026-05-20 10:30:04+00:00
1832,TKT-01832,14F,ECONOMICA,2026-02-27 02:11:18+00:00
1833,TKT-01833,14C,EXECUTIVA,2025-10-05 02:00:32+00:00
1834,TKT-01834,4A,PRIMEIRA_CLASSE,2026-02-23 23:38:26+00:00
1835,TKT-01835,30A,ECONOMICA,2026-05-26 18:50:04+00:00
1836,TKT-01836,39C,ECONOMICA,2026-01-27 03:06:29+00:00
1837,TKT-01837,33D,EXECUTIVA,2025-10-01 18:23:13+00:00
1838,TKT-01838,40D,PRIMEIRA_CLASSE,2025-07-08 08:02:32+00:00
1839,TKT-01839,25C,ECONOMICA,2026-01-07 06:05:34+00:00
1840,TKT-01840,32B,ECONOMICA,2025-07-05 12:56:00+00:00
1841,TKT-01841,38A,PRIMEIRA_CLASSE,2025-09-13 22:51:27+00:00
1842,TKT-01842,12D,ECONOMICA,2026-03-05 00:54:13+00:00
1843,TKT-01843,28F,ECONOMICA,2025-10-06 03:33:59+00:00
1844,TKT-01844,39F,ECONOMICA,2025-07-22 21:11:30+00:00
1845,TKT-01845,21D,EXECUTIVA,2025-12-14 07:41:40+00:00
1846,TKT-01846,27C,PRIMEIRA_CLASSE,2025-08-31 02:32:30+00:00
1847,TKT-01847,25A,PRIMEIRA_CLASSE,2026-03-13 23:11:46+00:00
1848,TKT-01848,35C,ECONOMICA,2025-07-01 09:31:17+00:00
1849,TKT-01849,11A,PRIMEIRA_CLASSE,2026-01-04 18:05:27+00:00
1850,TKT-01850,35D,EXECUTIVA,2025-08-13 22:56:22+00:00
1851,TKT-01851,30A,EXECUTIVA,2026-03-04 00:00:42+00:00
1852,TKT-01852,31A,ECONOMICA,2026-02-23 09:56:49+00:00
1853,TKT-01853,15D,ECONOMICA,2025-09-25 07:59:39+00:00
1854,TKT-01854,12A,EXECUTIVA,2025-08-17 19:09:14+00:00
1855,TKT-01855,30B,ECONOMICA,2025-12-26 09:23:09+00:00
1856,TKT-01856,3A,ECONOMICA,2026-05-27 15:33:24+00:00
1857,TKT-01857,40C,ECONOMICA,2026-05-15 08:29:57+00:00
1858,TKT-01858,7D,PRIMEIRA_CLASSE,2025-08-27 11:22:48+00:00
1859,TKT-01859,4A,EXECUTIVA,2026-02-05 16:23:56+00:00
1860,TKT-01860,16F,ECONOMICA,2025-09-20 00:12:52+00:00
1861,TKT-01861,34B,PRIMEIRA_CLASSE,2025-10-19 22:03:04+00:00
1862,TKT-01862,17F,PRIMEIRA_CLASSE,2026-04-10 21:40:22+00:00
1863,TKT-01863,4D,EXECUTIVA,2025-09-11 10:35:03+00:00
1864,TKT-01864,6C,EXECUTIVA,2025-07-24 18:35:33+00:00
1865,TKT-01865,5B,EXECUTIVA,2025-07-09 23:14:12+00:00
1866,TKT-01866,21F,PRIMEIRA_CLASSE,2025-07-05 11:17:52+00:00
1867,TKT-01867,22E,ECONOMICA,2025-11-16 08:10:50+00:00
1868,TKT-01868,25F,EXECUTIVA,2025-09-20 03:44:34+00:00
1869,TKT-01869,35D,EXECUTIVA,2025-09-13 06:07:32+00:00
1870,TKT-01870,19D,EXECUTIVA,2025-11-11 15:15:08+00:00
1871,TKT-01871,29F,PRIMEIRA_CLASSE,2025-12-28 08:14:30+00:00
1872,TKT-01872,33B,PRIMEIRA_CLASSE,2025-07-11 04:28:16+00:00
1873,TKT-01873,18A,ECONOMICA,2026-05-04 11:37:18+00:00
1874,TKT-01874,16C,ECONOMICA,2026-02-24 23:29:42+00:00
1875,TKT-01875,17A,ECONOMICA,2025-11-11 22:52:58+00:00
1876,TKT-01876,19B,ECONOMICA,2026-04-22 13:08:13+00:00
1877,TKT-01877,28A,EXECUTIVA,2025-08-10 06:40:50+00:00
1878,TKT-01878,39B,PRIMEIRA_CLASSE,2025-11-01 00:19:57+00:00
1879,TKT-01879,16A,PRIMEIRA_CLASSE,2025-09-01 23:02:32+00:00
1880,TKT-01880,33D,EXECUTIVA,2025-08-27 23:52:50+00:00
1881,TKT-01881,17F,EXECUTIVA,2026-01-19 16:36:31+00:00
1882,TKT-01882,15C,EXECUTIVA,2026-02-23 23:11:26+00:00
1883,TKT-01883,3C,ECONOMICA,2025-06-28 16:04:26+00:00
1884,TKT-01884,17B,ECONOMICA,2026-02-23 15:35:54+00:00
1885,TKT-01885,31D,EXECUTIVA,2025-07-25 17:45:20+00:00
1886,TKT-01886,30C,ECONOMICA,2025-11-06 16:41:08+00:00
1887,TKT-01887,31E,EXECUTIVA,2025-10-14 05:01:30+00:00
1888,TKT-01888,9D,PRIMEIRA_CLASSE,2025-11-28 04:40:07+00:00
1889,TKT-01889,14F,PRIMEIRA_CLASSE,2026-04-11 05:01:53+00:00
1890,TKT-01890,11D,ECONOMICA,2025-12-21 13:04:15+00:00
1891,TKT-01891,37A,EXECUTIVA,2025-10-13 06:38:49+00:00
1892,TKT-01892,20A,ECONOMICA,2025-07-30 18:57:05+00:00
1893,TKT-01893,17F,PRIMEIRA_CLASSE,2025-10-12 19:19:13+00:00
1894,TKT-01894,14A,EXECUTIVA,2025-08-19 19:15:16+00:00
1895,TKT-01895,18C,PRIMEIRA_CLASSE,2026-02-07 20:19:34+00:00
1896,TKT-01896,25C,PRIMEIRA_CLASSE,2025-07-18 05:31:24+00:00
1897,TKT-01897,7C,EXECUTIVA,2025-08-03 05:35:46+00:00
1898,TKT-01898,38A,EXECUTIVA,2026-03-26 10:26:09+00:00
1899,TKT-01899,37D,EXECUTIVA,2025-09-30 00:19:12+00:00
1900,TKT-01900,12E,ECONOMICA,2025-06-04 18:01:55+00:00
1901,TKT-01901,14C,PRIMEIRA_CLASSE,2025-07-10 05:24:48+00:00
1902,TKT-01902,23E,PRIMEIRA_CLASSE,2025-07-08 22:03:13+00:00
1903,TKT-01903,14F,PRIMEIRA_CLASSE,2026-04-06 06:07:03+00:00
1904,TKT-01904,19D,EXECUTIVA,2025-07-19 10:48:01+00:00
1905,TKT-01905,31E,PRIMEIRA_CLASSE,2025-12-11 22:50:19+00:00
1906,TKT-01906,18F,ECONOMICA,2025-07-20 19:22:54+00:00
1907,TKT-01907,32A,PRIMEIRA_CLASSE,2026-04-28 00:46:15+00:00
1908,TKT-01908,6D,EXECUTIVA,2025-09-21 03:43:08+00:00
1909,TKT-01909,40A,ECONOMICA,2026-04-21 17:04:32+00:00
1910,TKT-01910,7C,EXECUTIVA,2026-05-19 21:56:59+00:00
1911,TKT-01911,19C,EXECUTIVA,2025-12-16 07:45:36+00:00
1912,TKT-01912,29B,ECONOMICA,2025-12-06 14:47:39+00:00
1913,TKT-01913,33E,EXECUTIVA,2025-07-29 17:34:39+00:00
1914,TKT-01914,12B,EXECUTIVA,2026-01-31 21:30:31+00:00
1915,TKT-01915,20E,PRIMEIRA_CLASSE,2025-07-31 11:53:49+00:00
1916,TKT-01916,31A,ECONOMICA,2026-04-14 22:35:48+00:00
1917,TKT-01917,28C,ECONOMICA,2025-11-21 07:45:48+00:00
1918,TKT-01918,17F,EXECUTIVA,2026-02-22 20:47:50+00:00
1919,TKT-01919,29C,EXECUTIVA,2025-11-19 13:37:28+00:00
1920,TKT-01920,26C,EXECUTIVA,2025-07-02 04:47:10+00:00
1921,TKT-01921,19B,ECONOMICA,2025-12-25 01:25:15+00:00
1922,TKT-01922,21C,PRIMEIRA_CLASSE,2026-01-22 16:23:23+00:00
1923,TKT-01923,11E,PRIMEIRA_CLASSE,2025-09-02 07:27:42+00:00
1924,TKT-01924,21C,ECONOMICA,2025-11-21 08:49:58+00:00
1925,TKT-01925,34F,ECONOMICA,2026-05-04 11:38:31+00:00
1926,TKT-01926,20C,ECONOMICA,2025-12-06 07:20:27+00:00
1927,TKT-01927,25F,EXECUTIVA,2025-10-04 21:38:07+00:00
1928,TKT-01928,6C,PRIMEIRA_CLASSE,2026-04-12 14:14:35+00:00
1929,TKT-01929,5E,EXECUTIVA,2026-01-30 21:43:33+00:00
1930,TKT-01930,21F,EXECUTIVA,2025-12-16 09:48:35+00:00
1931,TKT-01931,38F,PRIMEIRA_CLASSE,2025-12-19 18:49:14+00:00
1932,TKT-01932,23C,ECONOMICA,2025-11-07 17:44:30+00:00
1933,TKT-01933,1B,EXECUTIVA,2025-10-01 04:24:38+00:00
1934,TKT-01934,29F,EXECUTIVA,2025-07-24 21:19:16+00:00
1935,TKT-01935,19C,ECONOMICA,2025-08-06 19:04:14+00:00
1936,TKT-01936,8B,PRIMEIRA_CLASSE,2025-09-05 11:59:24+00:00
1937,TKT-01937,5E,ECONOMICA,2025-07-17 02:57:59+00:00
1938,TKT-01938,16D,PRIMEIRA_CLASSE,2025-07-27 06:08:00+00:00
1939,TKT-01939,2C,EXECUTIVA,2026-03-22 03:30:44+00:00
1940,TKT-01940,20B,PRIMEIRA_CLASSE,2026-01-27 13:06:06+00:00
1941,TKT-01941,11A,PRIMEIRA_CLASSE,2026-05-17 23:04:08+00:00
1942,TKT-01942,26C,ECONOMICA,2026-01-09 02:56:15+00:00
1943,TKT-01943,30C,EXECUTIVA,2026-01-12 21:38:12+00:00
1944,TKT-01944,24D,ECONOMICA,2025-08-15 15:35:34+00:00
1945,TKT-01945,32C,PRIMEIRA_CLASSE,2026-04-07 03:56:30+00:00
1946,TKT-01946,34B,ECONOMICA,2025-11-10 05:12:31+00:00
1947,TKT-01947,39B,PRIMEIRA_CLASSE,2025-11-23 13:22:20+00:00
1948,TKT-01948,38D,EXECUTIVA,2025-10-15 04:22:55+00:00
1949,TKT-01949,25D,PRIMEIRA_CLASSE,2025-11-10 08:12:05+00:00
1950,TKT-01950,40E,ECONOMICA,2026-02-18 08:35:14+00:00
1951,TKT-01951,40B,PRIMEIRA_CLASSE,2026-04-26 10:07:50+00:00
1952,TKT-01952,37F,EXECUTIVA,2026-01-23 11:45:48+00:00
1953,TKT-01953,33C,PRIMEIRA_CLASSE,2026-03-03 22:53:53+00:00
1954,TKT-01954,4B,ECONOMICA,2026-03-08 11:18:34+00:00
1955,TKT-01955,34A,PRIMEIRA_CLASSE,2025-11-23 03:44:24+00:00
1956,TKT-01956,24C,PRIMEIRA_CLASSE,2025-08-20 07:57:39+00:00
1957,TKT-01957,32D,PRIMEIRA_CLASSE,2025-07-15 05:50:45+00:00
1958,TKT-01958,10C,EXECUTIVA,2025-10-31 23:52:17+00:00
1959,TKT-01959,38D,EXECUTIVA,2026-05-30 03:38:36+00:00
1960,TKT-01960,7B,EXECUTIVA,2025-08-24 08:36:00+00:00
1961,TKT-01961,1D,PRIMEIRA_CLASSE,2025-11-27 14:36:58+00:00
1962,TKT-01962,14A,ECONOMICA,2026-01-17 19:18:54+00:00
1963,TKT-01963,7B,EXECUTIVA,2025-07-14 17:41:56+00:00
1964,TKT-01964,9E,EXECUTIVA,2025-09-12 11:53:15+00:00
1965,TKT-01965,10B,ECONOMICA,2025-06-23 14:44:17+00:00
1966,TKT-01966,34D,ECONOMICA,2025-07-17 13:02:29+00:00
1967,TKT-01967,40D,ECONOMICA,2026-05-27 10:27:31+00:00
1968,TKT-01968,12B,EXECUTIVA,2025-08-09 17:15:43+00:00
1969,TKT-01969,5F,ECONOMICA,2026-04-08 00:54:31+00:00
1970,TKT-01970,23F,EXECUTIVA,2025-11-20 07:57:14+00:00
1971,TKT-01971,11D,PRIMEIRA_CLASSE,2025-12-16 13:34:58+00:00
1972,TKT-01972,18B,ECONOMICA,2025-09-19 22:57:20+00:00
1973,TKT-01973,39B,EXECUTIVA,2026-03-26 05:23:40+00:00
1974,TKT-01974,14C,ECONOMICA,2025-07-13 13:57:15+00:00
1975,TKT-01975,14B,ECONOMICA,2025-06-17 21:14:08+00:00
1976,TKT-01976,38A,EXECUTIVA,2026-03-06 00:02:40+00:00
1977,TKT-01977,18A,EXECUTIVA,2025-10-01 05:21:56+00:00
1978,TKT-01978,33C,EXECUTIVA,2026-05-17 16:04:42+00:00
1979,TKT-01979,27F,PRIMEIRA_CLASSE,2025-11-05 21:40:13+00:00
1980,TKT-01980,23C,EXECUTIVA,2025-11-30 05:58:56+00:00
1981,TKT-01981,11A,ECONOMICA,2026-02-11 12:07:08+00:00
1982,TKT-01982,32C,EXECUTIVA,2026-02-08 09:19:28+00:00
1983,TKT-01983,35F,ECONOMICA,2026-01-28 20:42:47+00:00
1984,TKT-01984,33B,EXECUTIVA,2025-10-11 19:03:05+00:00
1985,TKT-01985,37C,PRIMEIRA_CLASSE,2026-05-07 18:30:32+00:00
1986,TKT-01986,11A,EXECUTIVA,2025-10-23 18:06:33+00:00
1987,TKT-01987,13F,EXECUTIVA,2025-11-12 15:37:33+00:00
1988,TKT-01988,14A,ECONOMICA,2026-03-21 20:07:53+00:00
1989,TKT-01989,7A,ECONOMICA,2025-08-23 10:50:01+00:00
1990,TKT-01990,29C,PRIMEIRA_CLASSE,2025-07-08 11:21:12+00:00
1991,TKT-01991,12B,EXECUTIVA,2026-04-26 02:48:05+00:00
1992,TKT-01992,8E,EXECUTIVA,2025-08-25 05:08:23+00:00
1993,TKT-01993,6C,EXECUTIVA,2025-10-16 06:18:59+00:00
1994,TKT-01994,2C,PRIMEIRA_CLASSE,2025-06-28 15:10:51+00:00
1995,TKT-01995,39E,ECONOMICA,2026-01-22 18:28:50+00:00
1996,TKT-01996,3F,PRIMEIRA_CLASSE,2025-06-28 23:16:09+00:00
1997,TKT-01997,28B,EXECUTIVA,2025-08-31 19:00:03+00:00
1998,TKT-01998,15F,PRIMEIRA_CLASSE,2025-07-25 13:26:08+00:00
1999,TKT-01999,3E,ECONOMICA,2025-09-01 15:07:22+00:00
2000,TKT-02000,27D,ECONOMICA,2025-10-28 21:39:28+00:00
2001,TKT-02001,30B,PRIMEIRA_CLASSE,2026-04-28 19:29:36+00:00
2002,TKT-02002,15A,PRIMEIRA_CLASSE,2025-09-11 02:56:58+00:00
2003,TKT-02003,6B,ECONOMICA,2025-08-08 18:59:12+00:00
2004,TKT-02004,18C,EXECUTIVA,2026-04-03 03:28:17+00:00
2005,TKT-02005,8C,EXECUTIVA,2025-06-22 12:58:24+00:00
2006,TKT-02006,33B,PRIMEIRA_CLASSE,2026-04-18 01:00:31+00:00
2007,TKT-02007,31B,PRIMEIRA_CLASSE,2026-04-21 17:15:55+00:00
2008,TKT-02008,15B,PRIMEIRA_CLASSE,2026-02-03 13:04:18+00:00
2009,TKT-02009,12E,ECONOMICA,2025-11-26 15:18:18+00:00
2010,TKT-02010,17C,ECONOMICA,2026-02-10 19:54:41+00:00
2011,TKT-02011,14E,ECONOMICA,2026-05-06 14:48:25+00:00
2012,TKT-02012,25E,EXECUTIVA,2026-04-08 16:50:26+00:00
2013,TKT-02013,18F,EXECUTIVA,2025-07-31 18:56:51+00:00
2014,TKT-02014,2E,EXECUTIVA,2025-09-21 08:18:11+00:00
2015,TKT-02015,16F,EXECUTIVA,2025-06-20 07:56:10+00:00
2016,TKT-02016,32E,PRIMEIRA_CLASSE,2026-02-02 05:30:22+00:00
2017,TKT-02017,39E,EXECUTIVA,2025-11-06 10:38:13+00:00
2018,TKT-02018,10E,EXECUTIVA,2025-09-12 18:20:55+00:00
2019,TKT-02019,38A,EXECUTIVA,2026-01-10 18:18:47+00:00
2020,TKT-02020,26D,EXECUTIVA,2026-03-24 20:46:06+00:00
2021,TKT-02021,33F,ECONOMICA,2026-05-09 23:12:59+00:00
2022,TKT-02022,14E,PRIMEIRA_CLASSE,2025-11-27 16:33:20+00:00
2023,TKT-02023,20C,PRIMEIRA_CLASSE,2025-11-07 08:45:54+00:00
2024,TKT-02024,38B,ECONOMICA,2026-05-19 11:26:55+00:00
2025,TKT-02025,12B,EXECUTIVA,2026-05-30 19:06:35+00:00
2026,TKT-02026,30F,PRIMEIRA_CLASSE,2025-09-13 21:37:16+00:00
2027,TKT-02027,36D,EXECUTIVA,2026-04-02 15:08:50+00:00
2028,TKT-02028,13A,EXECUTIVA,2025-12-03 00:03:14+00:00
2029,TKT-02029,23A,ECONOMICA,2025-12-05 19:59:10+00:00
2030,TKT-02030,11C,PRIMEIRA_CLASSE,2025-08-30 15:03:24+00:00
2031,TKT-02031,39C,EXECUTIVA,2026-02-05 16:15:37+00:00
2032,TKT-02032,24D,ECONOMICA,2025-07-19 03:55:57+00:00
2033,TKT-02033,40B,EXECUTIVA,2026-04-14 16:55:53+00:00
2034,TKT-02034,20C,EXECUTIVA,2025-07-19 03:07:05+00:00
2035,TKT-02035,19C,EXECUTIVA,2025-11-26 02:50:51+00:00
2036,TKT-02036,37C,ECONOMICA,2026-04-05 05:32:59+00:00
2037,TKT-02037,17D,EXECUTIVA,2026-05-02 04:47:03+00:00
2038,TKT-02038,8E,EXECUTIVA,2025-07-08 07:04:32+00:00
2039,TKT-02039,9B,ECONOMICA,2026-05-15 22:20:22+00:00
2040,TKT-02040,4F,ECONOMICA,2025-08-08 23:11:27+00:00
2041,TKT-02041,32C,ECONOMICA,2025-10-13 04:29:47+00:00
2042,TKT-02042,20E,ECONOMICA,2025-07-06 12:28:08+00:00
2043,TKT-02043,7E,EXECUTIVA,2026-05-19 14:58:59+00:00
2044,TKT-02044,3E,EXECUTIVA,2026-02-09 09:03:22+00:00
2045,TKT-02045,37C,PRIMEIRA_CLASSE,2025-12-23 14:01:33+00:00
2046,TKT-02046,37E,ECONOMICA,2025-07-16 22:38:43+00:00
2047,TKT-02047,15C,PRIMEIRA_CLASSE,2026-02-17 14:58:10+00:00
2048,TKT-02048,6A,PRIMEIRA_CLASSE,2025-07-15 04:18:48+00:00
2049,TKT-02049,35E,PRIMEIRA_CLASSE,2026-01-20 16:35:47+00:00
2050,TKT-02050,34A,ECONOMICA,2026-01-18 23:16:53+00:00
2051,TKT-02051,33F,ECONOMICA,2026-01-06 20:41:32+00:00
2052,TKT-02052,21C,EXECUTIVA,2025-12-18 07:17:30+00:00
2053,TKT-02053,23C,ECONOMICA,2026-04-27 05:39:34+00:00
2054,TKT-02054,40B,EXECUTIVA,2026-01-30 00:27:31+00:00
2055,TKT-02055,23A,EXECUTIVA,2025-11-24 13:00:45+00:00
2056,TKT-02056,3F,PRIMEIRA_CLASSE,2026-03-20 20:10:40+00:00
2057,TKT-02057,21F,ECONOMICA,2025-11-17 09:27:28+00:00
2058,TKT-02058,39C,ECONOMICA,2025-12-30 09:22:41+00:00
2059,TKT-02059,2D,EXECUTIVA,2026-01-24 07:19:11+00:00
2060,TKT-02060,4F,PRIMEIRA_CLASSE,2026-02-09 11:13:17+00:00
2061,TKT-02061,22A,PRIMEIRA_CLASSE,2026-02-21 05:44:42+00:00
2062,TKT-02062,3E,ECONOMICA,2026-04-05 19:08:21+00:00
2063,TKT-02063,39D,EXECUTIVA,2026-01-19 02:34:44+00:00
2064,TKT-02064,13D,ECONOMICA,2025-07-15 04:22:23+00:00
2065,TKT-02065,27C,EXECUTIVA,2025-12-31 08:58:39+00:00
2066,TKT-02066,27B,EXECUTIVA,2025-11-01 23:40:18+00:00
2067,TKT-02067,17D,EXECUTIVA,2025-07-25 21:37:13+00:00
2068,TKT-02068,20A,EXECUTIVA,2026-03-11 19:08:15+00:00
2069,TKT-02069,36E,EXECUTIVA,2025-09-27 12:02:18+00:00
2070,TKT-02070,7F,ECONOMICA,2025-09-02 14:06:35+00:00
2071,TKT-02071,29D,ECONOMICA,2025-07-08 18:49:19+00:00
2072,TKT-02072,16C,PRIMEIRA_CLASSE,2025-08-15 19:32:44+00:00
2073,TKT-02073,24F,EXECUTIVA,2025-12-18 04:29:56+00:00
2074,TKT-02074,33C,PRIMEIRA_CLASSE,2026-02-10 08:40:01+00:00
2075,TKT-02075,6D,EXECUTIVA,2025-11-25 15:52:50+00:00
2076,TKT-02076,19E,ECONOMICA,2026-05-07 12:02:49+00:00
2077,TKT-02077,31E,PRIMEIRA_CLASSE,2025-08-08 21:58:20+00:00
2078,TKT-02078,4E,EXECUTIVA,2025-07-10 08:45:15+00:00
2079,TKT-02079,3D,PRIMEIRA_CLASSE,2026-04-03 18:09:26+00:00
2080,TKT-02080,28E,ECONOMICA,2025-10-29 15:16:09+00:00
2081,TKT-02081,20F,PRIMEIRA_CLASSE,2025-12-04 05:05:25+00:00
2082,TKT-02082,16A,EXECUTIVA,2025-11-28 05:49:37+00:00
2083,TKT-02083,23F,ECONOMICA,2025-07-19 11:34:10+00:00
2084,TKT-02084,4D,EXECUTIVA,2025-10-07 03:07:27+00:00
2085,TKT-02085,12D,EXECUTIVA,2026-03-03 05:33:25+00:00
2086,TKT-02086,25A,EXECUTIVA,2025-06-22 23:44:58+00:00
2087,TKT-02087,32D,ECONOMICA,2026-03-01 10:49:26+00:00
2088,TKT-02088,29A,PRIMEIRA_CLASSE,2025-06-04 00:44:15+00:00
2089,TKT-02089,12A,PRIMEIRA_CLASSE,2026-04-06 09:56:49+00:00
2090,TKT-02090,5C,ECONOMICA,2026-01-20 02:27:32+00:00
2091,TKT-02091,4D,PRIMEIRA_CLASSE,2025-08-02 21:02:06+00:00
2092,TKT-02092,37A,PRIMEIRA_CLASSE,2026-02-21 05:01:59+00:00
2093,TKT-02093,14E,PRIMEIRA_CLASSE,2025-07-08 05:47:40+00:00
2094,TKT-02094,28D,EXECUTIVA,2025-06-28 21:22:49+00:00
2095,TKT-02095,4C,ECONOMICA,2025-06-09 05:17:55+00:00
2096,TKT-02096,27B,EXECUTIVA,2025-07-01 21:16:10+00:00
2097,TKT-02097,9E,ECONOMICA,2026-01-12 22:12:32+00:00
2098,TKT-02098,23C,ECONOMICA,2025-08-20 01:30:48+00:00
2099,TKT-02099,10B,ECONOMICA,2026-02-13 22:29:56+00:00
2100,TKT-02100,20D,PRIMEIRA_CLASSE,2026-01-05 18:20:59+00:00
2101,TKT-02101,25C,ECONOMICA,2025-08-23 08:37:03+00:00
2102,TKT-02102,24A,PRIMEIRA_CLASSE,2026-01-27 06:48:27+00:00
2103,TKT-02103,1A,ECONOMICA,2025-09-20 13:21:38+00:00
2104,TKT-02104,23E,EXECUTIVA,2026-02-10 01:19:50+00:00
2105,TKT-02105,23F,PRIMEIRA_CLASSE,2025-09-10 22:10:34+00:00
2106,TKT-02106,19D,EXECUTIVA,2025-08-15 00:02:00+00:00
2107,TKT-02107,31D,EXECUTIVA,2026-05-20 07:16:54+00:00
2108,TKT-02108,9F,PRIMEIRA_CLASSE,2025-08-20 06:48:27+00:00
2109,TKT-02109,19B,PRIMEIRA_CLASSE,2026-02-21 21:05:06+00:00
2110,TKT-02110,20D,PRIMEIRA_CLASSE,2025-12-24 20:24:18+00:00
2111,TKT-02111,13E,EXECUTIVA,2026-04-04 16:31:01+00:00
2112,TKT-02112,26F,ECONOMICA,2026-05-08 22:08:34+00:00
2113,TKT-02113,6D,EXECUTIVA,2026-01-29 04:48:03+00:00
2114,TKT-02114,2D,ECONOMICA,2025-11-09 21:01:59+00:00
2115,TKT-02115,17B,PRIMEIRA_CLASSE,2026-06-03 05:36:05+00:00
2116,TKT-02116,22C,ECONOMICA,2026-03-22 23:01:35+00:00
2117,TKT-02117,38C,EXECUTIVA,2026-05-11 15:55:51+00:00
2118,TKT-02118,1C,ECONOMICA,2025-12-03 07:37:37+00:00
2119,TKT-02119,35E,PRIMEIRA_CLASSE,2025-07-14 12:11:21+00:00
2120,TKT-02120,6E,EXECUTIVA,2026-04-17 17:17:56+00:00
2121,TKT-02121,6F,EXECUTIVA,2025-09-10 21:26:09+00:00
2122,TKT-02122,30C,PRIMEIRA_CLASSE,2025-07-28 20:11:22+00:00
2123,TKT-02123,22D,ECONOMICA,2026-05-30 20:53:58+00:00
2124,TKT-02124,6B,ECONOMICA,2026-05-22 16:02:48+00:00
2125,TKT-02125,39B,PRIMEIRA_CLASSE,2026-04-07 05:19:19+00:00
2126,TKT-02126,34D,PRIMEIRA_CLASSE,2025-10-10 17:37:47+00:00
2127,TKT-02127,9A,EXECUTIVA,2025-09-30 09:57:23+00:00
2128,TKT-02128,16D,EXECUTIVA,2026-05-22 16:17:14+00:00
2129,TKT-02129,16C,PRIMEIRA_CLASSE,2025-12-13 01:21:10+00:00
2130,TKT-02130,26B,PRIMEIRA_CLASSE,2025-06-23 11:22:06+00:00
2131,TKT-02131,40A,ECONOMICA,2026-02-11 05:29:44+00:00
2132,TKT-02132,10D,ECONOMICA,2026-06-01 21:20:55+00:00
2133,TKT-02133,7C,PRIMEIRA_CLASSE,2026-01-22 12:44:44+00:00
2134,TKT-02134,3B,EXECUTIVA,2025-10-28 00:13:54+00:00
2135,TKT-02135,1A,EXECUTIVA,2026-05-31 00:48:05+00:00
2136,TKT-02136,29B,ECONOMICA,2025-11-30 10:39:07+00:00
2137,TKT-02137,25C,PRIMEIRA_CLASSE,2025-10-30 12:42:39+00:00
2138,TKT-02138,25B,PRIMEIRA_CLASSE,2025-06-26 08:54:48+00:00
2139,TKT-02139,10C,ECONOMICA,2026-05-07 12:06:36+00:00
2140,TKT-02140,38A,EXECUTIVA,2026-05-26 15:32:07+00:00
2141,TKT-02141,19B,ECONOMICA,2026-01-07 14:28:44+00:00
2142,TKT-02142,17B,PRIMEIRA_CLASSE,2025-12-25 15:36:46+00:00
2143,TKT-02143,38C,EXECUTIVA,2025-10-31 16:48:35+00:00
2144,TKT-02144,5B,ECONOMICA,2025-12-29 09:14:32+00:00
2145,TKT-02145,36E,PRIMEIRA_CLASSE,2025-06-13 16:23:51+00:00
2146,TKT-02146,22F,PRIMEIRA_CLASSE,2025-07-13 06:18:34+00:00
2147,TKT-02147,8D,ECONOMICA,2026-05-10 07:00:14+00:00
2148,TKT-02148,16F,PRIMEIRA_CLASSE,2026-02-04 07:39:20+00:00
2149,TKT-02149,3D,PRIMEIRA_CLASSE,2025-06-28 22:04:29+00:00
2150,TKT-02150,13C,EXECUTIVA,2026-04-22 03:14:06+00:00
2151,TKT-02151,6E,ECONOMICA,2026-03-31 09:50:25+00:00
2152,TKT-02152,16D,PRIMEIRA_CLASSE,2025-06-11 21:09:22+00:00
2153,TKT-02153,27F,ECONOMICA,2025-11-23 19:06:45+00:00
2154,TKT-02154,27F,ECONOMICA,2025-09-04 23:48:52+00:00
2155,TKT-02155,37F,EXECUTIVA,2025-12-01 15:35:40+00:00
2156,TKT-02156,24D,PRIMEIRA_CLASSE,2026-03-18 23:11:17+00:00
2157,TKT-02157,35C,ECONOMICA,2026-01-15 03:53:36+00:00
2158,TKT-02158,2E,PRIMEIRA_CLASSE,2026-01-27 21:45:31+00:00
2159,TKT-02159,9D,PRIMEIRA_CLASSE,2025-11-04 21:02:11+00:00
2160,TKT-02160,5C,EXECUTIVA,2025-09-16 02:31:33+00:00
2161,TKT-02161,27B,EXECUTIVA,2026-01-16 22:33:37+00:00
2162,TKT-02162,37A,PRIMEIRA_CLASSE,2026-04-17 12:44:00+00:00
2163,TKT-02163,28B,ECONOMICA,2025-06-30 15:19:25+00:00
2164,TKT-02164,37D,EXECUTIVA,2025-08-03 06:39:36+00:00
2165,TKT-02165,3A,ECONOMICA,2025-09-08 13:00:50+00:00
2166,TKT-02166,11B,EXECUTIVA,2025-10-09 17:50:46+00:00
2167,TKT-02167,7F,PRIMEIRA_CLASSE,2026-03-19 15:58:06+00:00
2168,TKT-02168,5C,PRIMEIRA_CLASSE,2026-01-30 08:03:09+00:00
2169,TKT-02169,34C,EXECUTIVA,2025-11-07 20:24:47+00:00
2170,TKT-02170,8A,EXECUTIVA,2026-02-26 06:59:28+00:00
2171,TKT-02171,31E,ECONOMICA,2026-01-06 17:12:52+00:00
2172,TKT-02172,26B,EXECUTIVA,2026-01-31 18:03:33+00:00
2173,TKT-02173,21E,PRIMEIRA_CLASSE,2026-04-23 04:14:22+00:00
2174,TKT-02174,2C,EXECUTIVA,2026-05-04 08:58:13+00:00
2175,TKT-02175,30B,ECONOMICA,2026-01-05 19:58:02+00:00
2176,TKT-02176,26D,EXECUTIVA,2025-08-08 19:48:58+00:00
2177,TKT-02177,37B,EXECUTIVA,2026-03-28 20:56:28+00:00
2178,TKT-02178,40B,ECONOMICA,2025-12-25 04:46:14+00:00
2179,TKT-02179,2B,EXECUTIVA,2025-11-13 17:52:16+00:00
2180,TKT-02180,35E,ECONOMICA,2025-08-05 19:34:34+00:00
2181,TKT-02181,39A,ECONOMICA,2025-12-27 20:24:17+00:00
2182,TKT-02182,23E,EXECUTIVA,2025-11-29 11:56:05+00:00
2183,TKT-02183,30F,PRIMEIRA_CLASSE,2026-05-05 23:02:01+00:00
2184,TKT-02184,20D,EXECUTIVA,2026-01-18 15:19:44+00:00
2185,TKT-02185,18C,PRIMEIRA_CLASSE,2025-10-26 13:34:27+00:00
2186,TKT-02186,39E,ECONOMICA,2025-11-04 12:59:04+00:00
2187,TKT-02187,26E,ECONOMICA,2025-09-02 09:08:03+00:00
2188,TKT-02188,17A,ECONOMICA,2026-03-29 16:01:27+00:00
2189,TKT-02189,17F,ECONOMICA,2025-07-24 19:56:19+00:00
2190,TKT-02190,20B,EXECUTIVA,2026-02-01 00:54:02+00:00
2191,TKT-02191,19F,PRIMEIRA_CLASSE,2025-09-05 10:35:13+00:00
2192,TKT-02192,28F,EXECUTIVA,2026-01-10 19:52:11+00:00
2193,TKT-02193,23B,EXECUTIVA,2026-01-11 21:37:18+00:00
2194,TKT-02194,28E,EXECUTIVA,2025-06-07 11:38:01+00:00
2195,TKT-02195,23B,ECONOMICA,2025-10-14 16:38:31+00:00
2196,TKT-02196,3D,EXECUTIVA,2026-01-19 16:22:28+00:00
2197,TKT-02197,15F,PRIMEIRA_CLASSE,2026-05-03 01:37:34+00:00
2198,TKT-02198,1D,PRIMEIRA_CLASSE,2025-12-25 18:02:50+00:00
2199,TKT-02199,28C,PRIMEIRA_CLASSE,2025-06-29 03:42:39+00:00
2200,TKT-02200,24A,ECONOMICA,2025-07-25 03:48:23+00:00
2201,TKT-02201,16E,EXECUTIVA,2025-07-01 01:05:09+00:00
2202,TKT-02202,39A,ECONOMICA,2026-02-14 23:25:14+00:00
2203,TKT-02203,5E,PRIMEIRA_CLASSE,2025-07-16 19:40:41+00:00
2204,TKT-02204,24E,PRIMEIRA_CLASSE,2025-09-24 19:41:19+00:00
2205,TKT-02205,27F,ECONOMICA,2026-01-20 14:20:53+00:00
2206,TKT-02206,21E,ECONOMICA,2026-04-19 14:50:08+00:00
2207,TKT-02207,20B,PRIMEIRA_CLASSE,2025-07-23 21:30:35+00:00
2208,TKT-02208,2B,PRIMEIRA_CLASSE,2026-03-13 03:05:21+00:00
2209,TKT-02209,33C,EXECUTIVA,2026-04-10 01:27:05+00:00
2210,TKT-02210,15A,PRIMEIRA_CLASSE,2025-08-13 03:34:15+00:00
2211,TKT-02211,12E,ECONOMICA,2025-09-18 17:35:27+00:00
2212,TKT-02212,14A,PRIMEIRA_CLASSE,2025-08-01 17:10:19+00:00
2213,TKT-02213,32D,EXECUTIVA,2026-01-29 05:39:09+00:00
2214,TKT-02214,24D,PRIMEIRA_CLASSE,2026-03-09 16:01:33+00:00
2215,TKT-02215,25C,PRIMEIRA_CLASSE,2026-01-29 20:38:00+00:00
2216,TKT-02216,7E,ECONOMICA,2025-12-21 18:08:29+00:00
2217,TKT-02217,30E,ECONOMICA,2025-07-08 20:41:36+00:00
2218,TKT-02218,30E,PRIMEIRA_CLASSE,2026-04-14 12:10:18+00:00
2219,TKT-02219,20F,ECONOMICA,2026-04-28 04:33:41+00:00
2220,TKT-02220,22A,ECONOMICA,2025-07-06 09:45:03+00:00
2221,TKT-02221,25F,ECONOMICA,2026-05-30 07:57:56+00:00
2222,TKT-02222,26C,PRIMEIRA_CLASSE,2026-01-08 08:47:46+00:00
2223,TKT-02223,9F,ECONOMICA,2026-02-01 20:58:22+00:00
2224,TKT-02224,11B,ECONOMICA,2025-09-16 14:39:29+00:00
2225,TKT-02225,37A,ECONOMICA,2025-09-25 00:09:21+00:00
2226,TKT-02226,8C,ECONOMICA,2025-07-06 04:15:16+00:00
2227,TKT-02227,1C,EXECUTIVA,2025-08-08 01:21:01+00:00
2228,TKT-02228,12F,ECONOMICA,2026-02-19 07:28:09+00:00
2229,TKT-02229,16B,PRIMEIRA_CLASSE,2026-04-24 05:23:06+00:00
2230,TKT-02230,38A,PRIMEIRA_CLASSE,2025-12-19 12:18:43+00:00
2231,TKT-02231,15A,ECONOMICA,2026-03-18 00:53:44+00:00
2232,TKT-02232,39C,ECONOMICA,2025-09-23 18:34:23+00:00
2233,TKT-02233,13F,EXECUTIVA,2025-11-29 23:02:07+00:00
2234,TKT-02234,13C,PRIMEIRA_CLASSE,2025-08-07 04:59:35+00:00
2235,TKT-02235,3A,PRIMEIRA_CLASSE,2025-06-03 23:59:19+00:00
2236,TKT-02236,13F,EXECUTIVA,2025-11-14 22:49:31+00:00
2237,TKT-02237,5B,ECONOMICA,2025-07-29 16:39:27+00:00
2238,TKT-02238,33E,ECONOMICA,2025-06-09 10:43:47+00:00
2239,TKT-02239,13A,ECONOMICA,2025-09-21 02:02:15+00:00
2240,TKT-02240,25A,EXECUTIVA,2026-02-15 04:40:28+00:00
2241,TKT-02241,21B,EXECUTIVA,2025-08-06 02:32:02+00:00
2242,TKT-02242,19B,EXECUTIVA,2026-05-30 16:56:53+00:00
2243,TKT-02243,10A,EXECUTIVA,2025-10-18 18:38:28+00:00
2244,TKT-02244,7B,EXECUTIVA,2025-07-07 06:39:53+00:00
2245,TKT-02245,12F,EXECUTIVA,2026-03-10 15:19:29+00:00
2246,TKT-02246,13D,PRIMEIRA_CLASSE,2025-12-07 08:33:35+00:00
2247,TKT-02247,24D,ECONOMICA,2025-09-23 18:52:47+00:00
2248,TKT-02248,8B,ECONOMICA,2025-09-15 03:39:16+00:00
2249,TKT-02249,4C,EXECUTIVA,2025-09-15 19:46:13+00:00
2250,TKT-02250,37C,ECONOMICA,2026-03-01 03:50:15+00:00
2251,TKT-02251,25B,PRIMEIRA_CLASSE,2025-10-28 17:24:55+00:00
2252,TKT-02252,40D,EXECUTIVA,2026-04-23 20:46:54+00:00
2253,TKT-02253,9A,PRIMEIRA_CLASSE,2025-09-05 09:31:22+00:00
2254,TKT-02254,33A,EXECUTIVA,2025-11-14 09:45:59+00:00
2255,TKT-02255,28A,ECONOMICA,2025-12-22 03:01:53+00:00
2256,TKT-02256,10E,EXECUTIVA,2026-02-07 02:54:00+00:00
2257,TKT-02257,12A,PRIMEIRA_CLASSE,2026-01-17 00:59:25+00:00
2258,TKT-02258,28E,EXECUTIVA,2026-05-06 06:10:48+00:00
2259,TKT-02259,39A,PRIMEIRA_CLASSE,2025-08-10 16:12:22+00:00
2260,TKT-02260,21B,PRIMEIRA_CLASSE,2025-09-14 08:01:04+00:00
2261,TKT-02261,25C,EXECUTIVA,2026-03-17 10:20:57+00:00
2262,TKT-02262,12D,PRIMEIRA_CLASSE,2025-10-01 22:02:46+00:00
2263,TKT-02263,28D,EXECUTIVA,2025-10-09 04:40:23+00:00
2264,TKT-02264,9F,EXECUTIVA,2025-08-03 16:29:27+00:00
2265,TKT-02265,35E,EXECUTIVA,2025-11-08 07:14:01+00:00
2266,TKT-02266,22B,PRIMEIRA_CLASSE,2025-12-14 06:48:18+00:00
2267,TKT-02267,33F,EXECUTIVA,2025-12-17 02:59:12+00:00
2268,TKT-02268,4C,ECONOMICA,2026-04-15 08:48:39+00:00
2269,TKT-02269,19A,EXECUTIVA,2026-01-06 21:18:09+00:00
2270,TKT-02270,25E,EXECUTIVA,2026-01-11 05:19:26+00:00
2271,TKT-02271,30F,PRIMEIRA_CLASSE,2025-10-15 20:59:34+00:00
2272,TKT-02272,24D,ECONOMICA,2025-10-13 06:51:53+00:00
2273,TKT-02273,18B,PRIMEIRA_CLASSE,2025-08-29 18:42:58+00:00
2274,TKT-02274,26E,PRIMEIRA_CLASSE,2026-02-26 21:56:01+00:00
2275,TKT-02275,23F,EXECUTIVA,2026-04-18 06:39:53+00:00
2276,TKT-02276,17A,EXECUTIVA,2025-12-23 03:50:50+00:00
2277,TKT-02277,18D,ECONOMICA,2025-08-28 00:49:35+00:00
2278,TKT-02278,34D,PRIMEIRA_CLASSE,2025-09-01 07:34:04+00:00
2279,TKT-02279,31B,PRIMEIRA_CLASSE,2025-09-29 19:29:05+00:00
2280,TKT-02280,5D,EXECUTIVA,2025-08-12 21:28:40+00:00
2281,TKT-02281,25D,PRIMEIRA_CLASSE,2025-08-05 12:55:40+00:00
2282,TKT-02282,4C,PRIMEIRA_CLASSE,2025-10-12 18:18:55+00:00
2283,TKT-02283,30B,ECONOMICA,2025-09-02 09:04:08+00:00
2284,TKT-02284,6D,PRIMEIRA_CLASSE,2025-08-10 17:01:04+00:00
2285,TKT-02285,33D,EXECUTIVA,2025-06-27 07:56:23+00:00
2286,TKT-02286,14B,PRIMEIRA_CLASSE,2026-05-05 21:18:44+00:00
2287,TKT-02287,17F,EXECUTIVA,2026-04-23 10:45:47+00:00
2288,TKT-02288,30A,PRIMEIRA_CLASSE,2026-05-04 15:46:10+00:00
2289,TKT-02289,12E,PRIMEIRA_CLASSE,2025-09-15 01:19:44+00:00
2290,TKT-02290,26E,PRIMEIRA_CLASSE,2025-06-29 17:21:09+00:00
2291,TKT-02291,18C,PRIMEIRA_CLASSE,2025-12-09 11:09:44+00:00
2292,TKT-02292,31C,EXECUTIVA,2025-12-26 19:27:26+00:00
2293,TKT-02293,38A,ECONOMICA,2025-12-17 14:05:23+00:00
2294,TKT-02294,34B,ECONOMICA,2025-07-08 05:04:28+00:00
2295,TKT-02295,23E,EXECUTIVA,2025-06-07 17:48:18+00:00
2296,TKT-02296,36C,ECONOMICA,2025-10-21 21:57:32+00:00
2297,TKT-02297,40E,ECONOMICA,2026-03-12 06:09:09+00:00
2298,TKT-02298,10E,EXECUTIVA,2025-08-13 06:04:49+00:00
2299,TKT-02299,15D,ECONOMICA,2025-09-28 06:52:43+00:00
2300,TKT-02300,30C,EXECUTIVA,2026-01-13 05:28:06+00:00
2301,TKT-02301,3E,ECONOMICA,2025-06-04 08:28:18+00:00
2302,TKT-02302,39C,ECONOMICA,2025-09-15 18:25:48+00:00
2303,TKT-02303,21E,EXECUTIVA,2025-08-24 13:27:22+00:00
2304,TKT-02304,6F,PRIMEIRA_CLASSE,2026-05-24 12:52:34+00:00
2305,TKT-02305,38A,EXECUTIVA,2026-02-15 08:55:46+00:00
2306,TKT-02306,10E,ECONOMICA,2026-01-14 06:43:11+00:00
2307,TKT-02307,14F,PRIMEIRA_CLASSE,2025-09-23 17:42:49+00:00
2308,TKT-02308,19C,EXECUTIVA,2025-12-07 01:07:53+00:00
2309,TKT-02309,4E,PRIMEIRA_CLASSE,2026-01-22 07:47:06+00:00
2310,TKT-02310,24B,ECONOMICA,2026-01-09 05:51:32+00:00
2311,TKT-02311,5E,ECONOMICA,2026-06-03 06:17:51+00:00
2312,TKT-02312,36B,PRIMEIRA_CLASSE,2026-05-30 17:09:32+00:00
2313,TKT-02313,20C,PRIMEIRA_CLASSE,2025-12-29 02:23:30+00:00
2314,TKT-02314,27A,EXECUTIVA,2025-08-08 11:56:03+00:00
2315,TKT-02315,33F,ECONOMICA,2026-06-03 04:56:33+00:00
2316,TKT-02316,20B,PRIMEIRA_CLASSE,2026-01-03 23:57:02+00:00
2317,TKT-02317,38E,ECONOMICA,2026-01-06 03:45:56+00:00
2318,TKT-02318,9C,PRIMEIRA_CLASSE,2025-10-29 12:37:39+00:00
2319,TKT-02319,39E,EXECUTIVA,2025-12-27 17:34:47+00:00
2320,TKT-02320,10A,PRIMEIRA_CLASSE,2026-02-07 22:15:42+00:00
2321,TKT-02321,18D,EXECUTIVA,2026-04-08 01:35:10+00:00
2322,TKT-02322,1C,PRIMEIRA_CLASSE,2025-09-30 13:09:11+00:00
2323,TKT-02323,11F,ECONOMICA,2025-10-17 18:40:13+00:00
2324,TKT-02324,33B,EXECUTIVA,2025-12-10 21:32:53+00:00
2325,TKT-02325,23E,EXECUTIVA,2025-12-14 13:15:19+00:00
2326,TKT-02326,20D,ECONOMICA,2026-03-09 03:16:29+00:00
2327,TKT-02327,33B,EXECUTIVA,2025-12-03 02:31:29+00:00
2328,TKT-02328,5E,EXECUTIVA,2026-04-02 14:20:17+00:00
2329,TKT-02329,39F,ECONOMICA,2025-09-15 04:25:00+00:00
2330,TKT-02330,12E,PRIMEIRA_CLASSE,2025-08-09 08:47:16+00:00
2331,TKT-02331,7E,ECONOMICA,2026-03-27 21:32:54+00:00
2332,TKT-02332,15A,ECONOMICA,2026-02-01 21:49:53+00:00
2333,TKT-02333,16A,EXECUTIVA,2026-04-26 13:49:21+00:00
2334,TKT-02334,23C,ECONOMICA,2026-03-22 18:16:33+00:00
2335,TKT-02335,39C,PRIMEIRA_CLASSE,2026-01-17 01:38:35+00:00
2336,TKT-02336,17E,EXECUTIVA,2026-03-14 07:56:45+00:00
2337,TKT-02337,25A,EXECUTIVA,2026-01-01 17:39:10+00:00
2338,TKT-02338,23D,PRIMEIRA_CLASSE,2025-06-12 04:30:00+00:00
2339,TKT-02339,2A,ECONOMICA,2025-07-16 05:59:29+00:00
2340,TKT-02340,33E,EXECUTIVA,2026-02-24 14:19:38+00:00
2341,TKT-02341,14E,EXECUTIVA,2025-09-11 08:31:27+00:00
2342,TKT-02342,6D,ECONOMICA,2026-05-04 17:10:08+00:00
2343,TKT-02343,27B,PRIMEIRA_CLASSE,2026-01-02 02:30:27+00:00
2344,TKT-02344,3E,ECONOMICA,2026-03-27 17:56:28+00:00
2345,TKT-02345,12E,EXECUTIVA,2025-07-11 02:47:56+00:00
2346,TKT-02346,18C,EXECUTIVA,2025-08-20 00:46:37+00:00
2347,TKT-02347,5B,PRIMEIRA_CLASSE,2025-12-04 21:53:52+00:00
2348,TKT-02348,2E,EXECUTIVA,2025-07-31 20:51:37+00:00
2349,TKT-02349,34E,ECONOMICA,2026-01-29 16:33:01+00:00
2350,TKT-02350,28B,EXECUTIVA,2025-08-21 10:25:59+00:00
2351,TKT-02351,13E,PRIMEIRA_CLASSE,2026-02-27 22:24:00+00:00
2352,TKT-02352,27D,EXECUTIVA,2025-08-02 03:16:17+00:00
2353,TKT-02353,7C,ECONOMICA,2026-01-09 02:59:17+00:00
2354,TKT-02354,24A,PRIMEIRA_CLASSE,2025-06-21 09:57:02+00:00
2355,TKT-02355,24B,ECONOMICA,2025-06-18 15:24:51+00:00
2356,TKT-02356,10E,ECONOMICA,2026-05-12 14:14:17+00:00
2357,TKT-02357,17A,EXECUTIVA,2026-02-10 05:00:17+00:00
2358,TKT-02358,3D,PRIMEIRA_CLASSE,2025-12-06 22:09:56+00:00
2359,TKT-02359,16C,PRIMEIRA_CLASSE,2025-07-27 21:06:06+00:00
2360,TKT-02360,9F,PRIMEIRA_CLASSE,2025-07-13 20:10:53+00:00
2361,TKT-02361,28C,ECONOMICA,2025-08-21 18:43:24+00:00
2362,TKT-02362,28D,ECONOMICA,2025-11-20 15:54:24+00:00
2363,TKT-02363,4A,PRIMEIRA_CLASSE,2025-12-17 15:13:14+00:00
2364,TKT-02364,10A,ECONOMICA,2026-03-29 01:01:30+00:00
2365,TKT-02365,24C,ECONOMICA,2025-12-12 20:32:01+00:00
2366,TKT-02366,18D,PRIMEIRA_CLASSE,2025-06-15 13:16:59+00:00
2367,TKT-02367,32C,ECONOMICA,2026-02-18 02:52:59+00:00
2368,TKT-02368,15D,ECONOMICA,2026-04-22 06:06:49+00:00
2369,TKT-02369,34D,ECONOMICA,2025-08-16 20:33:50+00:00
2370,TKT-02370,6D,ECONOMICA,2025-07-20 12:12:43+00:00
2371,TKT-02371,32D,PRIMEIRA_CLASSE,2025-08-18 23:40:58+00:00
2372,TKT-02372,12F,EXECUTIVA,2026-01-25 15:01:25+00:00
2373,TKT-02373,38A,ECONOMICA,2026-03-16 12:03:56+00:00
2374,TKT-02374,12B,EXECUTIVA,2026-02-14 01:39:50+00:00
2375,TKT-02375,17C,ECONOMICA,2025-12-15 00:01:23+00:00
2376,TKT-02376,1D,ECONOMICA,2026-04-04 04:52:37+00:00
2377,TKT-02377,33B,EXECUTIVA,2025-07-19 22:23:34+00:00
2378,TKT-02378,12B,ECONOMICA,2025-11-05 12:05:17+00:00
2379,TKT-02379,15A,PRIMEIRA_CLASSE,2026-04-21 12:26:52+00:00
2380,TKT-02380,39F,PRIMEIRA_CLASSE,2025-12-13 19:38:54+00:00
2381,TKT-02381,31A,EXECUTIVA,2025-08-29 21:02:04+00:00
2382,TKT-02382,18B,PRIMEIRA_CLASSE,2026-05-17 17:41:04+00:00
2383,TKT-02383,36F,ECONOMICA,2025-09-11 15:47:34+00:00
2384,TKT-02384,4B,PRIMEIRA_CLASSE,2025-09-06 12:59:16+00:00
2385,TKT-02385,11F,PRIMEIRA_CLASSE,2026-05-10 11:07:45+00:00
2386,TKT-02386,27B,PRIMEIRA_CLASSE,2026-03-27 16:14:31+00:00
2387,TKT-02387,15D,PRIMEIRA_CLASSE,2025-10-17 00:53:54+00:00
2388,TKT-02388,22C,EXECUTIVA,2026-03-04 01:55:08+00:00
2389,TKT-02389,8E,ECONOMICA,2026-02-06 01:55:16+00:00
2390,TKT-02390,20E,PRIMEIRA_CLASSE,2026-03-31 16:20:03+00:00
2391,TKT-02391,28B,PRIMEIRA_CLASSE,2026-03-17 08:41:36+00:00
2392,TKT-02392,14F,PRIMEIRA_CLASSE,2026-04-13 05:13:01+00:00
2393,TKT-02393,14D,EXECUTIVA,2025-07-06 15:07:51+00:00
2394,TKT-02394,22F,ECONOMICA,2026-01-05 13:00:09+00:00
2395,TKT-02395,33E,PRIMEIRA_CLASSE,2026-05-07 07:40:03+00:00
2396,TKT-02396,19E,EXECUTIVA,2025-06-20 21:23:13+00:00
2397,TKT-02397,15C,ECONOMICA,2026-03-16 23:45:08+00:00
2398,TKT-02398,33D,ECONOMICA,2026-05-18 08:47:50+00:00
2399,TKT-02399,5F,EXECUTIVA,2025-09-26 09:36:05+00:00
2400,TKT-02400,24D,PRIMEIRA_CLASSE,2026-03-27 21:42:34+00:00
2401,TKT-02401,5C,EXECUTIVA,2026-05-27 02:57:21+00:00
2402,TKT-02402,19F,ECONOMICA,2026-03-03 09:55:33+00:00
2403,TKT-02403,7C,ECONOMICA,2025-09-16 20:48:13+00:00
2404,TKT-02404,32B,EXECUTIVA,2025-12-21 03:42:40+00:00
2405,TKT-02405,12B,PRIMEIRA_CLASSE,2025-12-14 00:17:05+00:00
2406,TKT-02406,32D,PRIMEIRA_CLASSE,2026-04-23 09:24:28+00:00
2407,TKT-02407,24B,PRIMEIRA_CLASSE,2025-09-14 11:18:03+00:00
2408,TKT-02408,19D,EXECUTIVA,2025-07-21 11:49:14+00:00
2409,TKT-02409,39B,EXECUTIVA,2026-03-30 00:04:10+00:00
2410,TKT-02410,5B,ECONOMICA,2025-12-24 10:07:56+00:00
2411,TKT-02411,12F,PRIMEIRA_CLASSE,2026-04-02 13:47:22+00:00
2412,TKT-02412,29D,EXECUTIVA,2025-11-20 03:12:20+00:00
2413,TKT-02413,9E,EXECUTIVA,2026-02-22 09:49:57+00:00
2414,TKT-02414,10A,PRIMEIRA_CLASSE,2025-10-04 01:16:03+00:00
2415,TKT-02415,34C,EXECUTIVA,2026-04-28 21:18:31+00:00
2416,TKT-02416,26B,ECONOMICA,2025-08-05 21:42:22+00:00
2417,TKT-02417,14D,PRIMEIRA_CLASSE,2025-06-16 14:46:39+00:00
2418,TKT-02418,3C,PRIMEIRA_CLASSE,2025-12-16 19:44:42+00:00
2419,TKT-02419,40B,ECONOMICA,2026-02-17 17:06:46+00:00
2420,TKT-02420,14F,PRIMEIRA_CLASSE,2025-08-22 11:01:49+00:00
2421,TKT-02421,6E,PRIMEIRA_CLASSE,2025-10-12 09:06:09+00:00
2422,TKT-02422,34E,ECONOMICA,2026-01-03 14:29:45+00:00
2423,TKT-02423,27F,ECONOMICA,2026-03-19 12:45:41+00:00
2424,TKT-02424,36B,EXECUTIVA,2025-07-05 06:01:22+00:00
2425,TKT-02425,19A,PRIMEIRA_CLASSE,2026-02-15 18:21:47+00:00
2426,TKT-02426,10D,ECONOMICA,2026-01-27 18:18:33+00:00
2427,TKT-02427,39B,EXECUTIVA,2026-05-03 01:26:48+00:00
2428,TKT-02428,7E,PRIMEIRA_CLASSE,2025-08-14 19:56:03+00:00
2429,TKT-02429,1E,PRIMEIRA_CLASSE,2025-07-24 04:57:01+00:00
2430,TKT-02430,6D,ECONOMICA,2025-08-14 17:06:51+00:00
2431,TKT-02431,37F,ECONOMICA,2025-11-04 12:51:42+00:00
2432,TKT-02432,5A,PRIMEIRA_CLASSE,2026-05-28 01:04:07+00:00
2433,TKT-02433,29C,PRIMEIRA_CLASSE,2026-02-20 11:18:18+00:00
2434,TKT-02434,24C,EXECUTIVA,2026-01-05 03:25:37+00:00
2435,TKT-02435,9A,ECONOMICA,2025-12-21 00:15:50+00:00
2436,TKT-02436,33C,EXECUTIVA,2025-06-13 16:40:49+00:00
2437,TKT-02437,36B,EXECUTIVA,2025-12-22 06:27:12+00:00
2438,TKT-02438,32C,EXECUTIVA,2026-05-22 03:17:54+00:00
2439,TKT-02439,30D,ECONOMICA,2026-05-23 11:45:29+00:00
2440,TKT-02440,32A,ECONOMICA,2026-05-22 22:46:15+00:00
2441,TKT-02441,23A,ECONOMICA,2025-09-13 08:46:20+00:00
2442,TKT-02442,21B,EXECUTIVA,2025-12-29 09:41:55+00:00
2443,TKT-02443,23B,PRIMEIRA_CLASSE,2025-09-18 07:37:28+00:00
2444,TKT-02444,31C,EXECUTIVA,2025-06-03 18:30:06+00:00
2445,TKT-02445,10F,PRIMEIRA_CLASSE,2026-04-20 20:22:05+00:00
2446,TKT-02446,35C,ECONOMICA,2025-10-13 03:21:47+00:00
2447,TKT-02447,21C,ECONOMICA,2026-05-19 10:23:32+00:00
2448,TKT-02448,25D,EXECUTIVA,2025-10-28 16:19:14+00:00
2449,TKT-02449,28D,EXECUTIVA,2025-06-12 07:03:55+00:00
2450,TKT-02450,7F,ECONOMICA,2025-11-03 22:58:37+00:00
2451,TKT-02451,6C,EXECUTIVA,2025-12-22 03:21:43+00:00
2452,TKT-02452,34F,EXECUTIVA,2025-10-30 20:53:44+00:00
2453,TKT-02453,12A,EXECUTIVA,2025-09-12 21:24:32+00:00
2454,TKT-02454,22A,ECONOMICA,2026-03-31 02:51:12+00:00
2455,TKT-02455,13D,ECONOMICA,2025-08-11 17:44:53+00:00
2456,TKT-02456,39A,PRIMEIRA_CLASSE,2025-09-01 14:52:48+00:00
2457,TKT-02457,32B,ECONOMICA,2025-10-01 09:57:12+00:00
2458,TKT-02458,8D,EXECUTIVA,2026-02-03 13:43:06+00:00
2459,TKT-02459,3B,ECONOMICA,2025-12-18 19:16:54+00:00
2460,TKT-02460,10D,EXECUTIVA,2026-03-10 09:51:45+00:00
2461,TKT-02461,5A,EXECUTIVA,2026-01-22 09:43:43+00:00
2462,TKT-02462,31E,PRIMEIRA_CLASSE,2026-02-21 14:11:26+00:00
2463,TKT-02463,1C,PRIMEIRA_CLASSE,2026-03-20 02:08:51+00:00
2464,TKT-02464,12C,ECONOMICA,2026-03-12 06:47:23+00:00
2465,TKT-02465,29B,ECONOMICA,2025-07-30 15:30:41+00:00
2466,TKT-02466,31C,ECONOMICA,2026-04-01 04:20:38+00:00
2467,TKT-02467,29B,ECONOMICA,2025-09-04 16:24:55+00:00
2468,TKT-02468,9A,EXECUTIVA,2025-08-18 06:02:53+00:00
2469,TKT-02469,28F,ECONOMICA,2026-04-04 20:39:30+00:00
2470,TKT-02470,37B,ECONOMICA,2026-03-20 13:07:56+00:00
2471,TKT-02471,1A,ECONOMICA,2026-05-22 07:18:19+00:00
2472,TKT-02472,11A,ECONOMICA,2025-10-04 04:36:04+00:00
2473,TKT-02473,39C,PRIMEIRA_CLASSE,2025-12-21 18:44:48+00:00
2474,TKT-02474,38E,ECONOMICA,2026-05-09 08:42:48+00:00
2475,TKT-02475,10D,PRIMEIRA_CLASSE,2026-05-30 19:51:23+00:00
2476,TKT-02476,31A,PRIMEIRA_CLASSE,2025-11-03 11:22:47+00:00
2477,TKT-02477,39C,EXECUTIVA,2025-11-03 08:29:36+00:00
2478,TKT-02478,34D,ECONOMICA,2026-02-15 07:52:58+00:00
2479,TKT-02479,25E,ECONOMICA,2025-11-12 10:36:40+00:00
2480,TKT-02480,37C,EXECUTIVA,2025-09-22 14:10:42+00:00
2481,TKT-02481,23D,PRIMEIRA_CLASSE,2025-09-12 07:32:34+00:00
2482,TKT-02482,23F,EXECUTIVA,2025-08-18 22:23:36+00:00
2483,TKT-02483,12E,EXECUTIVA,2025-07-20 18:22:50+00:00
2484,TKT-02484,8A,PRIMEIRA_CLASSE,2025-09-21 14:07:03+00:00
2485,TKT-02485,13C,EXECUTIVA,2025-07-02 11:15:00+00:00
2486,TKT-02486,8B,EXECUTIVA,2025-12-18 17:49:12+00:00
2487,TKT-02487,8B,ECONOMICA,2025-07-10 00:11:48+00:00
2488,TKT-02488,22A,ECONOMICA,2026-01-13 06:14:53+00:00
2489,TKT-02489,36D,PRIMEIRA_CLASSE,2025-10-07 09:09:45+00:00
2490,TKT-02490,3E,EXECUTIVA,2026-05-05 18:41:30+00:00
2491,TKT-02491,14C,PRIMEIRA_CLASSE,2026-03-14 14:57:01+00:00
2492,TKT-02492,15D,EXECUTIVA,2026-01-01 22:03:51+00:00
2493,TKT-02493,20D,ECONOMICA,2026-01-22 11:10:34+00:00
2494,TKT-02494,5A,ECONOMICA,2025-11-18 11:18:46+00:00
2495,TKT-02495,20A,PRIMEIRA_CLASSE,2025-10-31 18:29:07+00:00
2496,TKT-02496,36C,PRIMEIRA_CLASSE,2026-05-06 15:51:08+00:00
2497,TKT-02497,33A,ECONOMICA,2025-12-10 01:31:51+00:00
2498,TKT-02498,36C,EXECUTIVA,2025-10-27 06:16:29+00:00
2499,TKT-02499,6C,PRIMEIRA_CLASSE,2025-11-06 11:54:59+00:00
2500,TKT-02500,38F,ECONOMICA,2026-02-22 03:21:16+00:00
2501,TKT-02501,20D,PRIMEIRA_CLASSE,2025-11-13 02:50:46+00:00
2502,TKT-02502,25A,PRIMEIRA_CLASSE,2025-09-20 07:16:44+00:00
2503,TKT-02503,26C,PRIMEIRA_CLASSE,2025-07-17 19:59:58+00:00
2504,TKT-02504,33E,EXECUTIVA,2025-08-31 18:31:08+00:00
2505,TKT-02505,12C,PRIMEIRA_CLASSE,2025-11-09 12:02:36+00:00
2506,TKT-02506,13C,EXECUTIVA,2025-12-03 04:40:14+00:00
2507,TKT-02507,24D,ECONOMICA,2025-12-10 13:53:25+00:00
2508,TKT-02508,33D,PRIMEIRA_CLASSE,2026-03-22 23:23:46+00:00
2509,TKT-02509,37E,EXECUTIVA,2025-07-27 13:34:00+00:00
2510,TKT-02510,25D,EXECUTIVA,2025-11-12 04:19:35+00:00
2511,TKT-02511,1B,ECONOMICA,2026-03-02 09:01:22+00:00
2512,TKT-02512,26B,PRIMEIRA_CLASSE,2025-12-27 13:22:50+00:00
2513,TKT-02513,39E,ECONOMICA,2025-08-03 05:17:31+00:00
2514,TKT-02514,27E,ECONOMICA,2026-04-07 00:33:52+00:00
2515,TKT-02515,39B,PRIMEIRA_CLASSE,2026-01-10 07:50:16+00:00
2516,TKT-02516,35B,PRIMEIRA_CLASSE,2025-08-27 10:03:56+00:00
2517,TKT-02517,6F,EXECUTIVA,2026-02-07 03:57:06+00:00
2518,TKT-02518,24B,EXECUTIVA,2026-04-01 23:20:24+00:00
2519,TKT-02519,33E,ECONOMICA,2025-08-30 05:21:07+00:00
2520,TKT-02520,21E,PRIMEIRA_CLASSE,2025-12-10 08:08:27+00:00
2521,TKT-02521,5F,PRIMEIRA_CLASSE,2026-04-04 04:23:37+00:00
2522,TKT-02522,35C,PRIMEIRA_CLASSE,2025-07-24 00:10:42+00:00
2523,TKT-02523,1B,EXECUTIVA,2026-04-01 00:48:53+00:00
2524,TKT-02524,22D,EXECUTIVA,2026-03-26 04:01:09+00:00
2525,TKT-02525,13D,PRIMEIRA_CLASSE,2025-09-16 21:09:59+00:00
2526,TKT-02526,32C,ECONOMICA,2025-06-18 20:07:31+00:00
2527,TKT-02527,39D,ECONOMICA,2026-02-10 01:00:59+00:00
2528,TKT-02528,13D,EXECUTIVA,2026-04-20 13:40:13+00:00
2529,TKT-02529,35F,EXECUTIVA,2026-02-25 03:36:26+00:00
2530,TKT-02530,17D,ECONOMICA,2026-04-05 02:03:27+00:00
2531,TKT-02531,9B,ECONOMICA,2025-10-29 13:22:21+00:00
2532,TKT-02532,40D,PRIMEIRA_CLASSE,2025-10-08 18:33:25+00:00
2533,TKT-02533,34C,ECONOMICA,2026-02-25 20:57:53+00:00
2534,TKT-02534,40B,ECONOMICA,2026-03-21 11:50:44+00:00
2535,TKT-02535,3C,ECONOMICA,2026-05-13 23:55:03+00:00
2536,TKT-02536,27F,EXECUTIVA,2025-10-17 03:31:31+00:00
2537,TKT-02537,12E,ECONOMICA,2026-01-28 02:24:25+00:00
2538,TKT-02538,32F,PRIMEIRA_CLASSE,2025-11-07 17:21:04+00:00
2539,TKT-02539,14D,EXECUTIVA,2026-04-13 12:37:13+00:00
2540,TKT-02540,39F,ECONOMICA,2026-03-16 20:32:08+00:00
2541,TKT-02541,25C,PRIMEIRA_CLASSE,2025-12-11 03:59:39+00:00
2542,TKT-02542,36D,ECONOMICA,2025-07-24 14:01:52+00:00
2543,TKT-02543,11A,ECONOMICA,2025-11-24 02:35:45+00:00
2544,TKT-02544,3E,PRIMEIRA_CLASSE,2025-11-07 16:48:00+00:00
2545,TKT-02545,28E,EXECUTIVA,2026-05-22 01:45:14+00:00
2546,TKT-02546,35E,EXECUTIVA,2026-01-13 02:44:07+00:00
2547,TKT-02547,10F,ECONOMICA,2025-07-06 17:08:24+00:00
2548,TKT-02548,38D,ECONOMICA,2026-01-19 20:39:25+00:00
2549,TKT-02549,29B,ECONOMICA,2025-08-10 18:03:18+00:00
2550,TKT-02550,40A,EXECUTIVA,2026-05-31 11:14:34+00:00
2551,TKT-02551,38B,ECONOMICA,2026-04-22 01:59:26+00:00
2552,TKT-02552,23A,ECONOMICA,2025-07-22 22:39:02+00:00
2553,TKT-02553,25D,EXECUTIVA,2026-01-18 21:26:45+00:00
2554,TKT-02554,39B,ECONOMICA,2026-01-24 02:53:53+00:00
2555,TKT-02555,25B,ECONOMICA,2025-10-19 23:18:13+00:00
2556,TKT-02556,28A,PRIMEIRA_CLASSE,2025-09-13 10:12:25+00:00
2557,TKT-02557,37B,EXECUTIVA,2025-08-11 02:29:07+00:00
2558,TKT-02558,16D,ECONOMICA,2026-01-05 16:25:01+00:00
2559,TKT-02559,31C,ECONOMICA,2026-05-06 08:49:09+00:00
2560,TKT-02560,23F,EXECUTIVA,2025-06-15 16:32:17+00:00
2561,TKT-02561,38A,ECONOMICA,2026-01-19 17:19:27+00:00
2562,TKT-02562,5F,PRIMEIRA_CLASSE,2025-12-18 12:21:46+00:00
2563,TKT-02563,27F,EXECUTIVA,2025-12-21 07:30:31+00:00
2564,TKT-02564,2F,EXECUTIVA,2026-05-05 02:46:04+00:00
2565,TKT-02565,29D,PRIMEIRA_CLASSE,2025-09-02 09:17:58+00:00
2566,TKT-02566,34C,PRIMEIRA_CLASSE,2025-11-30 19:36:22+00:00
2567,TKT-02567,36D,EXECUTIVA,2026-01-19 08:11:29+00:00
2568,TKT-02568,5C,EXECUTIVA,2025-12-14 09:25:40+00:00
2569,TKT-02569,34E,PRIMEIRA_CLASSE,2025-12-22 14:06:38+00:00
2570,TKT-02570,18D,EXECUTIVA,2026-03-18 02:23:18+00:00
2571,TKT-02571,19C,ECONOMICA,2025-10-12 22:25:38+00:00
2572,TKT-02572,13C,PRIMEIRA_CLASSE,2025-09-15 03:43:25+00:00
2573,TKT-02573,8D,PRIMEIRA_CLASSE,2025-10-15 11:12:43+00:00
2574,TKT-02574,31F,EXECUTIVA,2026-02-24 13:11:36+00:00
2575,TKT-02575,13C,PRIMEIRA_CLASSE,2025-10-23 09:40:43+00:00
2576,TKT-02576,28B,ECONOMICA,2025-06-11 03:31:53+00:00
2577,TKT-02577,8F,ECONOMICA,2026-01-23 04:24:36+00:00
2578,TKT-02578,16F,ECONOMICA,2025-08-03 01:12:16+00:00
2579,TKT-02579,29E,EXECUTIVA,2025-08-05 18:09:03+00:00
2580,TKT-02580,23E,EXECUTIVA,2026-04-06 20:14:05+00:00
2581,TKT-02581,33F,PRIMEIRA_CLASSE,2025-08-20 06:03:58+00:00
2582,TKT-02582,27C,ECONOMICA,2025-06-16 06:31:22+00:00
2583,TKT-02583,2A,ECONOMICA,2026-04-14 17:30:33+00:00
2584,TKT-02584,35E,EXECUTIVA,2026-02-05 21:21:49+00:00
2585,TKT-02585,14D,ECONOMICA,2025-10-28 06:45:14+00:00
2586,TKT-02586,13D,PRIMEIRA_CLASSE,2025-09-06 01:33:40+00:00
2587,TKT-02587,22B,EXECUTIVA,2025-11-13 06:21:10+00:00
2588,TKT-02588,22B,ECONOMICA,2026-05-28 08:26:37+00:00
2589,TKT-02589,30E,ECONOMICA,2025-06-16 14:33:43+00:00
2590,TKT-02590,34A,PRIMEIRA_CLASSE,2025-09-28 11:22:51+00:00
2591,TKT-02591,21C,PRIMEIRA_CLASSE,2025-07-11 21:50:26+00:00
2592,TKT-02592,16C,PRIMEIRA_CLASSE,2026-04-22 11:01:55+00:00
2593,TKT-02593,22A,ECONOMICA,2026-03-29 19:32:00+00:00
2594,TKT-02594,27E,PRIMEIRA_CLASSE,2026-02-26 08:05:44+00:00
2595,TKT-02595,17A,PRIMEIRA_CLASSE,2025-09-24 04:37:12+00:00
2596,TKT-02596,10B,PRIMEIRA_CLASSE,2026-05-06 15:28:21+00:00
2597,TKT-02597,8B,PRIMEIRA_CLASSE,2026-04-19 14:12:22+00:00
2598,TKT-02598,40E,ECONOMICA,2026-04-12 03:02:36+00:00
2599,TKT-02599,27C,PRIMEIRA_CLASSE,2025-09-29 04:44:19+00:00
2600,TKT-02600,22A,PRIMEIRA_CLASSE,2026-01-14 05:39:35+00:00
2601,TKT-02601,26B,PRIMEIRA_CLASSE,2026-02-04 22:39:55+00:00
2602,TKT-02602,28F,PRIMEIRA_CLASSE,2026-05-12 08:32:04+00:00
2603,TKT-02603,40F,EXECUTIVA,2025-08-06 23:06:33+00:00
2604,TKT-02604,31F,PRIMEIRA_CLASSE,2026-05-08 17:50:44+00:00
2605,TKT-02605,10F,PRIMEIRA_CLASSE,2026-04-03 10:28:22+00:00
2606,TKT-02606,39F,ECONOMICA,2026-03-17 11:46:14+00:00
2607,TKT-02607,19D,PRIMEIRA_CLASSE,2025-06-20 01:11:51+00:00
2608,TKT-02608,6E,PRIMEIRA_CLASSE,2025-06-16 16:28:55+00:00
2609,TKT-02609,35E,ECONOMICA,2026-04-07 18:47:10+00:00
2610,TKT-02610,15D,ECONOMICA,2026-04-23 11:00:02+00:00
2611,TKT-02611,35D,ECONOMICA,2025-09-28 10:00:39+00:00
2612,TKT-02612,28F,PRIMEIRA_CLASSE,2025-08-31 09:16:11+00:00
2613,TKT-02613,6C,EXECUTIVA,2026-03-17 19:09:18+00:00
2614,TKT-02614,20C,ECONOMICA,2025-10-18 23:46:13+00:00
2615,TKT-02615,26B,PRIMEIRA_CLASSE,2025-12-07 08:53:52+00:00
2616,TKT-02616,14C,ECONOMICA,2025-08-31 13:44:52+00:00
2617,TKT-02617,21E,EXECUTIVA,2026-01-08 21:28:14+00:00
2618,TKT-02618,28D,ECONOMICA,2025-08-04 17:10:36+00:00
2619,TKT-02619,24C,EXECUTIVA,2026-02-06 21:33:54+00:00
2620,TKT-02620,3D,PRIMEIRA_CLASSE,2025-10-11 11:39:54+00:00
2621,TKT-02621,19D,ECONOMICA,2025-08-29 02:40:31+00:00
2622,TKT-02622,1E,EXECUTIVA,2026-03-02 02:26:35+00:00
2623,TKT-02623,15B,PRIMEIRA_CLASSE,2025-11-16 19:58:05+00:00
2624,TKT-02624,8D,ECONOMICA,2026-02-08 11:47:03+00:00
2625,TKT-02625,13E,EXECUTIVA,2026-02-09 12:05:00+00:00
2626,TKT-02626,37D,PRIMEIRA_CLASSE,2025-08-24 13:29:57+00:00
2627,TKT-02627,34B,EXECUTIVA,2026-01-18 13:33:52+00:00
2628,TKT-02628,25B,PRIMEIRA_CLASSE,2025-08-09 03:36:09+00:00
2629,TKT-02629,39F,PRIMEIRA_CLASSE,2025-08-03 15:20:40+00:00
2630,TKT-02630,11F,ECONOMICA,2025-12-21 01:42:50+00:00
2631,TKT-02631,33C,PRIMEIRA_CLASSE,2025-11-16 17:57:54+00:00
2632,TKT-02632,13D,EXECUTIVA,2025-08-14 10:54:37+00:00
2633,TKT-02633,28A,EXECUTIVA,2026-01-02 05:10:50+00:00
2634,TKT-02634,30D,ECONOMICA,2025-12-30 00:25:16+00:00
2635,TKT-02635,20C,PRIMEIRA_CLASSE,2025-10-06 15:24:49+00:00
2636,TKT-02636,30D,EXECUTIVA,2025-12-28 00:40:01+00:00
2637,TKT-02637,27A,PRIMEIRA_CLASSE,2025-10-10 15:06:55+00:00
2638,TKT-02638,24A,PRIMEIRA_CLASSE,2025-08-28 21:28:51+00:00
2639,TKT-02639,1C,ECONOMICA,2025-09-14 14:24:07+00:00
2640,TKT-02640,2C,EXECUTIVA,2026-01-23 20:54:13+00:00
2641,TKT-02641,9A,PRIMEIRA_CLASSE,2026-03-03 18:11:44+00:00
2642,TKT-02642,34A,ECONOMICA,2025-09-27 08:46:15+00:00
2643,TKT-02643,24D,PRIMEIRA_CLASSE,2026-05-01 13:30:36+00:00
2644,TKT-02644,10B,ECONOMICA,2025-12-19 00:53:18+00:00
2645,TKT-02645,37F,PRIMEIRA_CLASSE,2026-03-29 14:48:51+00:00
2646,TKT-02646,20D,PRIMEIRA_CLASSE,2025-09-19 00:18:41+00:00
2647,TKT-02647,34C,EXECUTIVA,2025-07-07 15:29:24+00:00
2648,TKT-02648,33B,ECONOMICA,2026-05-14 19:30:55+00:00
2649,TKT-02649,21B,ECONOMICA,2025-08-18 01:37:20+00:00
2650,TKT-02650,13A,PRIMEIRA_CLASSE,2025-10-03 22:02:32+00:00
2651,TKT-02651,11C,EXECUTIVA,2025-07-30 09:42:43+00:00
2652,TKT-02652,2C,EXECUTIVA,2026-01-17 03:15:26+00:00
2653,TKT-02653,3E,EXECUTIVA,2025-11-19 10:31:04+00:00
2654,TKT-02654,20E,ECONOMICA,2025-11-13 04:30:23+00:00
2655,TKT-02655,17C,ECONOMICA,2025-09-18 02:27:24+00:00
2656,TKT-02656,6B,ECONOMICA,2026-02-10 14:39:29+00:00
2657,TKT-02657,19F,ECONOMICA,2025-07-05 18:58:24+00:00
2658,TKT-02658,18C,ECONOMICA,2025-09-21 08:46:21+00:00
2659,TKT-02659,3B,EXECUTIVA,2025-10-28 22:22:43+00:00
2660,TKT-02660,5E,EXECUTIVA,2025-11-30 09:17:12+00:00
2661,TKT-02661,1B,PRIMEIRA_CLASSE,2025-09-30 00:06:03+00:00
2662,TKT-02662,31C,ECONOMICA,2026-05-09 22:27:01+00:00
2663,TKT-02663,23C,ECONOMICA,2025-07-15 05:04:40+00:00
2664,TKT-02664,11D,EXECUTIVA,2025-07-11 02:12:17+00:00
2665,TKT-02665,35B,EXECUTIVA,2025-12-31 13:05:00+00:00
2666,TKT-02666,33A,ECONOMICA,2025-07-02 16:33:12+00:00
2667,TKT-02667,13C,PRIMEIRA_CLASSE,2026-03-28 02:07:07+00:00
2668,TKT-02668,26A,PRIMEIRA_CLASSE,2026-02-22 00:01:53+00:00
2669,TKT-02669,38B,EXECUTIVA,2026-04-23 15:08:02+00:00
2670,TKT-02670,40C,PRIMEIRA_CLASSE,2025-10-18 22:14:26+00:00
2671,TKT-02671,5D,PRIMEIRA_CLASSE,2025-10-31 09:00:45+00:00
2672,TKT-02672,3F,EXECUTIVA,2026-01-04 10:21:22+00:00
2673,TKT-02673,19A,PRIMEIRA_CLASSE,2025-11-05 21:44:45+00:00
2674,TKT-02674,25A,PRIMEIRA_CLASSE,2026-04-24 03:13:54+00:00
2675,TKT-02675,28E,PRIMEIRA_CLASSE,2025-07-16 21:45:38+00:00
2676,TKT-02676,36B,ECONOMICA,2025-10-08 10:20:26+00:00
2677,TKT-02677,26D,EXECUTIVA,2026-02-15 09:10:43+00:00
2678,TKT-02678,40C,EXECUTIVA,2025-08-22 05:23:45+00:00
2679,TKT-02679,31B,ECONOMICA,2025-09-30 17:17:29+00:00
2680,TKT-02680,25F,PRIMEIRA_CLASSE,2026-02-11 21:35:24+00:00
2681,TKT-02681,40C,PRIMEIRA_CLASSE,2025-09-08 22:12:29+00:00
2682,TKT-02682,18A,EXECUTIVA,2026-02-12 16:14:17+00:00
2683,TKT-02683,36D,EXECUTIVA,2026-02-27 18:15:56+00:00
2684,TKT-02684,34C,EXECUTIVA,2025-07-21 07:15:22+00:00
2685,TKT-02685,37A,ECONOMICA,2026-03-13 21:31:24+00:00
2686,TKT-02686,3B,PRIMEIRA_CLASSE,2026-03-14 08:48:14+00:00
2687,TKT-02687,7A,ECONOMICA,2026-05-20 06:46:32+00:00
2688,TKT-02688,24E,EXECUTIVA,2025-09-29 05:41:55+00:00
2689,TKT-02689,25C,PRIMEIRA_CLASSE,2025-09-04 21:18:44+00:00
2690,TKT-02690,38E,EXECUTIVA,2026-01-23 02:34:04+00:00
2691,TKT-02691,25E,EXECUTIVA,2026-01-27 17:24:11+00:00
2692,TKT-02692,26E,PRIMEIRA_CLASSE,2025-11-22 17:48:05+00:00
2693,TKT-02693,20B,EXECUTIVA,2026-05-22 19:55:33+00:00
2694,TKT-02694,14F,ECONOMICA,2025-07-22 13:56:13+00:00
2695,TKT-02695,20F,PRIMEIRA_CLASSE,2026-05-16 07:33:23+00:00
2696,TKT-02696,28A,ECONOMICA,2026-01-28 00:37:29+00:00
2697,TKT-02697,12F,ECONOMICA,2025-08-25 20:56:57+00:00
2698,TKT-02698,22F,PRIMEIRA_CLASSE,2026-05-15 17:33:44+00:00
2699,TKT-02699,8A,PRIMEIRA_CLASSE,2025-10-04 22:41:10+00:00
2700,TKT-02700,7B,ECONOMICA,2025-10-28 13:09:42+00:00
2701,TKT-02701,13A,PRIMEIRA_CLASSE,2025-11-21 16:24:59+00:00
2702,TKT-02702,31A,ECONOMICA,2025-11-18 14:39:27+00:00
2703,TKT-02703,1F,ECONOMICA,2025-12-31 02:42:52+00:00
2704,TKT-02704,25B,EXECUTIVA,2025-09-17 14:02:57+00:00
2705,TKT-02705,27E,EXECUTIVA,2025-06-19 21:45:49+00:00
2706,TKT-02706,23D,EXECUTIVA,2025-08-21 09:01:01+00:00
2707,TKT-02707,3C,EXECUTIVA,2026-03-18 14:13:30+00:00
2708,TKT-02708,3F,ECONOMICA,2026-02-18 04:34:33+00:00
2709,TKT-02709,11C,EXECUTIVA,2026-03-22 23:45:41+00:00
2710,TKT-02710,18D,EXECUTIVA,2026-04-21 11:16:19+00:00
2711,TKT-02711,6D,EXECUTIVA,2025-12-05 21:51:08+00:00
2712,TKT-02712,38F,ECONOMICA,2025-07-04 17:43:23+00:00
2713,TKT-02713,35F,PRIMEIRA_CLASSE,2025-09-16 07:21:23+00:00
2714,TKT-02714,23A,EXECUTIVA,2025-07-05 10:40:43+00:00
2715,TKT-02715,7D,EXECUTIVA,2026-03-02 03:12:56+00:00
2716,TKT-02716,8C,PRIMEIRA_CLASSE,2026-03-05 10:26:07+00:00
2717,TKT-02717,3F,ECONOMICA,2026-02-08 01:08:30+00:00
2718,TKT-02718,9E,PRIMEIRA_CLASSE,2026-05-06 03:40:31+00:00
2719,TKT-02719,33F,ECONOMICA,2026-03-14 11:26:38+00:00
2720,TKT-02720,25A,ECONOMICA,2025-12-13 12:37:31+00:00
2721,TKT-02721,24D,ECONOMICA,2026-01-08 22:40:20+00:00
2722,TKT-02722,17E,EXECUTIVA,2026-02-27 07:23:52+00:00
2723,TKT-02723,25F,PRIMEIRA_CLASSE,2025-06-11 10:24:46+00:00
2724,TKT-02724,33D,PRIMEIRA_CLASSE,2025-12-14 11:33:32+00:00
2725,TKT-02725,17D,PRIMEIRA_CLASSE,2025-08-15 15:06:58+00:00
2726,TKT-02726,5B,EXECUTIVA,2026-04-10 02:34:59+00:00
2727,TKT-02727,37C,EXECUTIVA,2026-05-10 17:25:00+00:00
2728,TKT-02728,10C,ECONOMICA,2025-09-12 13:15:42+00:00
2729,TKT-02729,2F,ECONOMICA,2025-12-16 03:53:00+00:00
2730,TKT-02730,11E,PRIMEIRA_CLASSE,2025-11-04 08:51:57+00:00
2731,TKT-02731,38E,EXECUTIVA,2025-07-29 03:30:16+00:00
2732,TKT-02732,19F,EXECUTIVA,2025-08-28 23:29:56+00:00
2733,TKT-02733,25F,PRIMEIRA_CLASSE,2025-08-19 05:02:50+00:00
2734,TKT-02734,14C,ECONOMICA,2026-02-22 22:42:05+00:00
2735,TKT-02735,27C,ECONOMICA,2026-01-01 05:57:44+00:00
2736,TKT-02736,14D,EXECUTIVA,2025-12-23 10:34:35+00:00
2737,TKT-02737,34E,EXECUTIVA,2025-12-27 21:32:31+00:00
2738,TKT-02738,11C,PRIMEIRA_CLASSE,2026-04-07 13:32:45+00:00
2739,TKT-02739,26F,EXECUTIVA,2026-03-17 15:46:42+00:00
2740,TKT-02740,3C,EXECUTIVA,2025-12-11 15:33:16+00:00
2741,TKT-02741,19E,ECONOMICA,2026-05-02 19:28:05+00:00
2742,TKT-02742,7C,ECONOMICA,2025-06-20 03:27:59+00:00
2743,TKT-02743,17C,ECONOMICA,2026-05-06 17:42:18+00:00
2744,TKT-02744,8A,ECONOMICA,2025-09-27 06:20:19+00:00
2745,TKT-02745,2A,EXECUTIVA,2025-06-26 05:36:07+00:00
2746,TKT-02746,21F,PRIMEIRA_CLASSE,2025-11-17 13:45:01+00:00
2747,TKT-02747,39E,EXECUTIVA,2025-06-28 23:49:05+00:00
2748,TKT-02748,18C,ECONOMICA,2025-06-09 12:23:53+00:00
2749,TKT-02749,29A,EXECUTIVA,2026-02-28 04:38:53+00:00
2750,TKT-02750,20E,EXECUTIVA,2025-08-03 18:33:17+00:00
2751,TKT-02751,18C,PRIMEIRA_CLASSE,2026-05-04 14:47:40+00:00
2752,TKT-02752,23C,PRIMEIRA_CLASSE,2026-01-23 18:10:13+00:00
2753,TKT-02753,17E,ECONOMICA,2026-03-10 09:41:58+00:00
2754,TKT-02754,2E,ECONOMICA,2026-05-22 13:10:48+00:00
2755,TKT-02755,6D,ECONOMICA,2026-05-20 04:47:28+00:00
2756,TKT-02756,6E,ECONOMICA,2026-01-01 12:26:34+00:00
2757,TKT-02757,26C,PRIMEIRA_CLASSE,2025-08-12 01:04:17+00:00
2758,TKT-02758,12B,PRIMEIRA_CLASSE,2026-04-28 09:06:58+00:00
2759,TKT-02759,15B,ECONOMICA,2025-06-29 17:36:47+00:00
2760,TKT-02760,23B,PRIMEIRA_CLASSE,2025-12-11 04:16:43+00:00
2761,TKT-02761,7D,ECONOMICA,2025-11-20 09:15:35+00:00
2762,TKT-02762,32F,PRIMEIRA_CLASSE,2025-12-07 18:29:53+00:00
2763,TKT-02763,26F,EXECUTIVA,2026-04-24 00:32:04+00:00
2764,TKT-02764,21A,EXECUTIVA,2026-02-22 07:29:06+00:00
2765,TKT-02765,24E,PRIMEIRA_CLASSE,2025-11-18 07:04:22+00:00
2766,TKT-02766,4A,EXECUTIVA,2026-01-26 07:17:25+00:00
2767,TKT-02767,4E,PRIMEIRA_CLASSE,2025-10-07 11:23:36+00:00
2768,TKT-02768,34A,ECONOMICA,2025-11-20 00:43:47+00:00
2769,TKT-02769,21D,PRIMEIRA_CLASSE,2026-05-23 23:55:16+00:00
2770,TKT-02770,14F,PRIMEIRA_CLASSE,2025-09-18 20:19:29+00:00
2771,TKT-02771,27A,PRIMEIRA_CLASSE,2026-03-15 00:31:25+00:00
2772,TKT-02772,16B,EXECUTIVA,2026-05-27 10:21:33+00:00
2773,TKT-02773,19E,ECONOMICA,2025-09-09 12:12:26+00:00
2774,TKT-02774,40D,PRIMEIRA_CLASSE,2026-02-27 14:38:36+00:00
2775,TKT-02775,10E,PRIMEIRA_CLASSE,2025-12-08 06:08:49+00:00
2776,TKT-02776,30B,PRIMEIRA_CLASSE,2026-02-16 12:10:27+00:00
2777,TKT-02777,25C,EXECUTIVA,2026-01-24 18:00:38+00:00
2778,TKT-02778,32B,ECONOMICA,2025-08-15 18:42:54+00:00
2779,TKT-02779,39C,EXECUTIVA,2026-04-19 21:42:59+00:00
2780,TKT-02780,38E,EXECUTIVA,2026-01-19 02:14:12+00:00
2781,TKT-02781,16B,PRIMEIRA_CLASSE,2025-11-23 06:55:02+00:00
2782,TKT-02782,8C,EXECUTIVA,2025-06-12 16:43:30+00:00
2783,TKT-02783,36F,EXECUTIVA,2026-03-23 08:02:14+00:00
2784,TKT-02784,39A,EXECUTIVA,2025-11-01 21:15:06+00:00
2785,TKT-02785,35E,PRIMEIRA_CLASSE,2025-09-01 20:24:31+00:00
2786,TKT-02786,38A,EXECUTIVA,2025-10-25 13:28:32+00:00
2787,TKT-02787,11B,ECONOMICA,2025-10-30 17:19:46+00:00
2788,TKT-02788,4E,ECONOMICA,2026-03-13 10:15:25+00:00
2789,TKT-02789,36A,EXECUTIVA,2026-03-14 04:19:40+00:00
2790,TKT-02790,5C,ECONOMICA,2025-11-10 11:08:21+00:00
2791,TKT-02791,23C,EXECUTIVA,2025-06-21 07:20:57+00:00
2792,TKT-02792,32F,EXECUTIVA,2025-11-09 20:03:02+00:00
2793,TKT-02793,15B,PRIMEIRA_CLASSE,2026-02-11 04:12:58+00:00
2794,TKT-02794,20F,PRIMEIRA_CLASSE,2025-09-11 06:27:51+00:00
2795,TKT-02795,36E,ECONOMICA,2025-06-22 06:09:23+00:00
2796,TKT-02796,28D,ECONOMICA,2025-09-12 22:44:43+00:00
2797,TKT-02797,33E,PRIMEIRA_CLASSE,2025-07-15 22:50:23+00:00
2798,TKT-02798,32B,ECONOMICA,2026-04-08 16:25:24+00:00
2799,TKT-02799,9E,EXECUTIVA,2025-10-17 05:03:58+00:00
2800,TKT-02800,4E,ECONOMICA,2025-08-26 01:07:18+00:00
2801,TKT-02801,5B,ECONOMICA,2025-11-16 12:43:46+00:00
2802,TKT-02802,31C,PRIMEIRA_CLASSE,2025-10-18 03:25:09+00:00
2803,TKT-02803,39C,ECONOMICA,2026-05-28 20:00:26+00:00
2804,TKT-02804,31A,PRIMEIRA_CLASSE,2026-02-05 08:06:08+00:00
2805,TKT-02805,17E,EXECUTIVA,2026-01-21 06:07:43+00:00
2806,TKT-02806,21F,EXECUTIVA,2025-06-13 03:31:31+00:00
2807,TKT-02807,16A,EXECUTIVA,2025-09-26 01:27:59+00:00
2808,TKT-02808,39C,PRIMEIRA_CLASSE,2026-01-29 06:40:58+00:00
2809,TKT-02809,17F,PRIMEIRA_CLASSE,2026-05-18 22:40:00+00:00
2810,TKT-02810,15C,PRIMEIRA_CLASSE,2025-06-12 07:54:32+00:00
2811,TKT-02811,13C,EXECUTIVA,2025-12-04 16:31:19+00:00
2812,TKT-02812,5C,EXECUTIVA,2026-01-29 15:33:36+00:00
2813,TKT-02813,29E,PRIMEIRA_CLASSE,2026-02-15 08:49:43+00:00
2814,TKT-02814,36E,EXECUTIVA,2025-07-15 04:49:49+00:00
2815,TKT-02815,7A,ECONOMICA,2025-10-23 11:33:42+00:00
2816,TKT-02816,31B,PRIMEIRA_CLASSE,2025-09-29 15:50:00+00:00
2817,TKT-02817,22E,ECONOMICA,2025-08-03 08:53:07+00:00
2818,TKT-02818,34F,EXECUTIVA,2025-10-08 03:29:26+00:00
2819,TKT-02819,17A,EXECUTIVA,2026-03-15 05:48:41+00:00
2820,TKT-02820,4D,EXECUTIVA,2026-05-24 23:01:09+00:00
2821,TKT-02821,11D,PRIMEIRA_CLASSE,2025-06-28 05:11:06+00:00
2822,TKT-02822,39D,PRIMEIRA_CLASSE,2026-04-09 07:44:41+00:00
2823,TKT-02823,6C,PRIMEIRA_CLASSE,2025-12-16 20:39:07+00:00
2824,TKT-02824,37F,ECONOMICA,2026-03-21 05:53:42+00:00
2825,TKT-02825,8A,ECONOMICA,2026-05-12 21:04:06+00:00
2826,TKT-02826,19F,ECONOMICA,2026-01-22 05:53:55+00:00
2827,TKT-02827,15A,EXECUTIVA,2025-11-20 16:06:07+00:00
2828,TKT-02828,7E,ECONOMICA,2025-07-17 13:39:25+00:00
2829,TKT-02829,23D,EXECUTIVA,2026-05-16 23:48:41+00:00
2830,TKT-02830,2F,EXECUTIVA,2025-09-24 13:14:28+00:00
2831,TKT-02831,1D,PRIMEIRA_CLASSE,2026-01-22 11:12:08+00:00
2832,TKT-02832,36A,PRIMEIRA_CLASSE,2025-11-22 01:12:18+00:00
2833,TKT-02833,33E,EXECUTIVA,2025-12-01 16:51:35+00:00
2834,TKT-02834,16D,PRIMEIRA_CLASSE,2026-02-27 18:00:16+00:00
2835,TKT-02835,25A,PRIMEIRA_CLASSE,2026-03-09 11:57:34+00:00
2836,TKT-02836,3E,EXECUTIVA,2025-12-06 22:20:39+00:00
2837,TKT-02837,14B,PRIMEIRA_CLASSE,2026-01-18 18:54:08+00:00
2838,TKT-02838,5C,PRIMEIRA_CLASSE,2025-07-27 05:25:54+00:00
2839,TKT-02839,26A,ECONOMICA,2026-01-19 11:42:44+00:00
2840,TKT-02840,31C,EXECUTIVA,2026-01-26 06:34:44+00:00
2841,TKT-02841,12A,PRIMEIRA_CLASSE,2025-10-29 04:10:27+00:00
2842,TKT-02842,25F,ECONOMICA,2025-07-03 14:45:48+00:00
2843,TKT-02843,16F,ECONOMICA,2025-09-04 07:02:01+00:00
2844,TKT-02844,36A,EXECUTIVA,2026-06-01 16:54:52+00:00
2845,TKT-02845,40B,PRIMEIRA_CLASSE,2025-07-08 00:43:54+00:00
2846,TKT-02846,23E,PRIMEIRA_CLASSE,2025-09-04 02:39:49+00:00
2847,TKT-02847,36F,ECONOMICA,2025-12-13 05:24:12+00:00
2848,TKT-02848,3B,ECONOMICA,2025-07-05 13:53:42+00:00
2849,TKT-02849,3E,ECONOMICA,2025-06-23 08:40:39+00:00
2850,TKT-02850,9C,EXECUTIVA,2026-03-29 13:28:49+00:00
2851,TKT-02851,28C,ECONOMICA,2026-01-09 22:18:31+00:00
2852,TKT-02852,20A,PRIMEIRA_CLASSE,2026-04-16 10:35:15+00:00
2853,TKT-02853,23A,ECONOMICA,2025-07-19 15:59:47+00:00
2854,TKT-02854,34F,EXECUTIVA,2026-06-01 01:48:33+00:00
2855,TKT-02855,16E,ECONOMICA,2025-06-26 03:54:39+00:00
2856,TKT-02856,6C,PRIMEIRA_CLASSE,2026-05-27 02:18:26+00:00
2857,TKT-02857,22D,PRIMEIRA_CLASSE,2025-12-04 07:08:51+00:00
2858,TKT-02858,3B,PRIMEIRA_CLASSE,2025-10-07 05:48:28+00:00
2859,TKT-02859,10D,ECONOMICA,2025-10-27 20:38:39+00:00
2860,TKT-02860,1C,PRIMEIRA_CLASSE,2026-05-23 11:27:43+00:00
2861,TKT-02861,38E,ECONOMICA,2026-02-05 02:06:46+00:00
2862,TKT-02862,11D,ECONOMICA,2025-08-02 10:27:42+00:00
2863,TKT-02863,15B,PRIMEIRA_CLASSE,2025-09-15 01:24:55+00:00
2864,TKT-02864,15D,PRIMEIRA_CLASSE,2025-08-09 04:59:22+00:00
2865,TKT-02865,5D,ECONOMICA,2025-12-01 18:32:41+00:00
2866,TKT-02866,25E,ECONOMICA,2025-10-15 22:37:20+00:00
2867,TKT-02867,21B,EXECUTIVA,2025-06-17 10:50:50+00:00
2868,TKT-02868,7E,EXECUTIVA,2025-08-05 19:07:25+00:00
2869,TKT-02869,8E,PRIMEIRA_CLASSE,2025-09-24 10:41:25+00:00
2870,TKT-02870,37C,PRIMEIRA_CLASSE,2026-01-19 20:36:05+00:00
2871,TKT-02871,12A,PRIMEIRA_CLASSE,2026-05-24 05:50:41+00:00
2872,TKT-02872,26C,EXECUTIVA,2026-04-06 11:00:47+00:00
2873,TKT-02873,36A,PRIMEIRA_CLASSE,2025-12-28 22:10:30+00:00
2874,TKT-02874,22B,EXECUTIVA,2025-12-07 10:32:39+00:00
2875,TKT-02875,28A,EXECUTIVA,2025-06-16 09:17:57+00:00
2876,TKT-02876,27C,PRIMEIRA_CLASSE,2025-07-31 22:18:31+00:00
2877,TKT-02877,6C,PRIMEIRA_CLASSE,2025-06-04 10:54:22+00:00
2878,TKT-02878,37B,EXECUTIVA,2025-12-18 23:13:07+00:00
2879,TKT-02879,28A,PRIMEIRA_CLASSE,2025-10-03 17:13:54+00:00
2880,TKT-02880,1A,PRIMEIRA_CLASSE,2025-12-25 21:03:19+00:00
2881,TKT-02881,17B,EXECUTIVA,2026-02-01 03:19:34+00:00
2882,TKT-02882,24E,EXECUTIVA,2026-02-21 02:10:27+00:00
2883,TKT-02883,16D,ECONOMICA,2026-04-24 05:47:06+00:00
2884,TKT-02884,11C,EXECUTIVA,2026-05-11 06:12:54+00:00
2885,TKT-02885,6C,EXECUTIVA,2025-07-24 06:05:23+00:00
2886,TKT-02886,40F,EXECUTIVA,2025-11-22 02:48:53+00:00
2887,TKT-02887,2C,PRIMEIRA_CLASSE,2026-01-22 14:58:01+00:00
2888,TKT-02888,5A,PRIMEIRA_CLASSE,2025-08-27 02:20:48+00:00
2889,TKT-02889,8C,ECONOMICA,2025-09-15 05:15:50+00:00
2890,TKT-02890,3C,PRIMEIRA_CLASSE,2025-11-11 05:25:09+00:00
2891,TKT-02891,17C,ECONOMICA,2025-10-03 11:10:48+00:00
2892,TKT-02892,16F,EXECUTIVA,2026-02-19 09:21:29+00:00
2893,TKT-02893,25D,PRIMEIRA_CLASSE,2026-04-23 19:46:47+00:00
2894,TKT-02894,18B,ECONOMICA,2026-02-14 23:17:31+00:00
2895,TKT-02895,34A,EXECUTIVA,2025-11-19 15:45:01+00:00
2896,TKT-02896,36E,PRIMEIRA_CLASSE,2025-10-02 13:43:30+00:00
2897,TKT-02897,3E,PRIMEIRA_CLASSE,2025-07-05 00:47:16+00:00
2898,TKT-02898,5D,EXECUTIVA,2025-08-02 14:46:47+00:00
2899,TKT-02899,40F,PRIMEIRA_CLASSE,2026-05-28 03:09:36+00:00
2900,TKT-02900,28C,ECONOMICA,2025-08-11 08:24:34+00:00
2901,TKT-02901,32F,EXECUTIVA,2025-07-08 09:15:16+00:00
2902,TKT-02902,9C,EXECUTIVA,2025-11-07 21:13:36+00:00
2903,TKT-02903,3A,ECONOMICA,2025-10-17 19:03:22+00:00
2904,TKT-02904,38E,ECONOMICA,2025-08-18 18:50:24+00:00
2905,TKT-02905,5C,PRIMEIRA_CLASSE,2025-09-02 02:00:37+00:00
2906,TKT-02906,40E,EXECUTIVA,2025-11-10 00:37:10+00:00
2907,TKT-02907,13F,ECONOMICA,2025-08-20 18:12:56+00:00
2908,TKT-02908,14D,EXECUTIVA,2025-06-22 05:06:37+00:00
2909,TKT-02909,2A,PRIMEIRA_CLASSE,2026-01-31 04:45:56+00:00
2910,TKT-02910,25A,PRIMEIRA_CLASSE,2025-10-11 07:47:03+00:00
2911,TKT-02911,15F,ECONOMICA,2025-12-11 09:11:44+00:00
2912,TKT-02912,8B,ECONOMICA,2025-12-15 02:44:57+00:00
2913,TKT-02913,25A,EXECUTIVA,2025-10-09 08:43:35+00:00
2914,TKT-02914,19C,ECONOMICA,2025-09-10 19:35:32+00:00
2915,TKT-02915,21E,PRIMEIRA_CLASSE,2026-03-31 10:54:35+00:00
2916,TKT-02916,27D,PRIMEIRA_CLASSE,2025-07-12 22:04:50+00:00
2917,TKT-02917,9A,EXECUTIVA,2025-09-06 09:20:29+00:00
2918,TKT-02918,27C,ECONOMICA,2025-12-21 22:56:03+00:00
2919,TKT-02919,21F,ECONOMICA,2025-12-23 09:49:41+00:00
2920,TKT-02920,4C,PRIMEIRA_CLASSE,2025-12-03 05:52:50+00:00
2921,TKT-02921,6E,ECONOMICA,2025-06-17 04:30:05+00:00
2922,TKT-02922,18A,EXECUTIVA,2025-08-23 14:45:39+00:00
2923,TKT-02923,32A,PRIMEIRA_CLASSE,2025-06-20 08:35:12+00:00
2924,TKT-02924,13F,ECONOMICA,2026-04-18 00:47:22+00:00
2925,TKT-02925,36A,PRIMEIRA_CLASSE,2025-10-04 10:04:51+00:00
2926,TKT-02926,3E,PRIMEIRA_CLASSE,2026-02-24 08:43:57+00:00
2927,TKT-02927,10F,ECONOMICA,2025-08-27 12:57:37+00:00
2928,TKT-02928,29F,ECONOMICA,2026-02-06 17:13:51+00:00
2929,TKT-02929,6A,EXECUTIVA,2025-08-19 15:31:55+00:00
2930,TKT-02930,7D,EXECUTIVA,2025-09-01 04:59:14+00:00
2931,TKT-02931,23D,PRIMEIRA_CLASSE,2026-01-06 00:46:58+00:00
2932,TKT-02932,14B,ECONOMICA,2026-03-14 12:02:41+00:00
2933,TKT-02933,39C,EXECUTIVA,2026-05-18 02:52:10+00:00
2934,TKT-02934,28A,ECONOMICA,2026-03-06 12:54:16+00:00
2935,TKT-02935,39F,EXECUTIVA,2026-01-13 18:14:01+00:00
2936,TKT-02936,38E,ECONOMICA,2025-07-21 20:58:38+00:00
2937,TKT-02937,38D,EXECUTIVA,2026-03-20 13:22:54+00:00
2938,TKT-02938,24C,ECONOMICA,2025-07-22 00:15:08+00:00
2939,TKT-02939,22D,EXECUTIVA,2026-03-16 16:58:08+00:00
2940,TKT-02940,29F,ECONOMICA,2025-07-09 06:52:43+00:00
2941,TKT-02941,8B,ECONOMICA,2026-04-23 02:29:05+00:00
2942,TKT-02942,31E,PRIMEIRA_CLASSE,2026-04-27 04:42:18+00:00
2943,TKT-02943,10F,EXECUTIVA,2025-06-08 11:58:50+00:00
2944,TKT-02944,36A,ECONOMICA,2025-09-25 01:31:12+00:00
2945,TKT-02945,15F,EXECUTIVA,2026-01-19 03:56:44+00:00
2946,TKT-02946,18B,ECONOMICA,2025-10-01 21:21:42+00:00
2947,TKT-02947,25A,PRIMEIRA_CLASSE,2025-06-07 18:47:14+00:00
2948,TKT-02948,23F,EXECUTIVA,2025-09-02 10:58:02+00:00
2949,TKT-02949,5C,ECONOMICA,2025-07-22 15:28:38+00:00
2950,TKT-02950,6B,PRIMEIRA_CLASSE,2026-02-09 00:03:11+00:00
2951,TKT-02951,36F,EXECUTIVA,2026-04-12 10:28:02+00:00
2952,TKT-02952,21F,PRIMEIRA_CLASSE,2025-09-19 11:46:41+00:00
2953,TKT-02953,27C,PRIMEIRA_CLASSE,2026-01-01 02:20:12+00:00
2954,TKT-02954,9F,ECONOMICA,2026-02-18 21:15:06+00:00
2955,TKT-02955,35D,ECONOMICA,2026-04-06 09:48:50+00:00
2956,TKT-02956,32E,ECONOMICA,2026-01-30 22:45:22+00:00
2957,TKT-02957,36A,ECONOMICA,2026-02-20 09:17:19+00:00
2958,TKT-02958,2A,PRIMEIRA_CLASSE,2025-06-04 16:26:56+00:00
2959,TKT-02959,8A,ECONOMICA,2025-06-24 00:03:55+00:00
2960,TKT-02960,29D,ECONOMICA,2025-10-09 09:48:47+00:00
2961,TKT-02961,5E,ECONOMICA,2025-11-04 12:38:47+00:00
2962,TKT-02962,39B,ECONOMICA,2026-03-20 21:07:32+00:00
2963,TKT-02963,28A,ECONOMICA,2025-08-15 01:36:14+00:00
2964,TKT-02964,23A,PRIMEIRA_CLASSE,2026-02-17 00:42:53+00:00
2965,TKT-02965,26B,EXECUTIVA,2025-10-15 20:31:19+00:00
2966,TKT-02966,20A,ECONOMICA,2026-03-19 12:51:24+00:00
2967,TKT-02967,35C,ECONOMICA,2025-11-08 04:51:35+00:00
2968,TKT-02968,22C,PRIMEIRA_CLASSE,2025-07-07 00:22:55+00:00
2969,TKT-02969,37B,PRIMEIRA_CLASSE,2025-08-03 02:47:11+00:00
2970,TKT-02970,34C,ECONOMICA,2025-06-12 03:32:23+00:00
2971,TKT-02971,2F,PRIMEIRA_CLASSE,2026-01-30 01:27:46+00:00
2972,TKT-02972,35C,PRIMEIRA_CLASSE,2025-12-02 16:37:10+00:00
2973,TKT-02973,7D,PRIMEIRA_CLASSE,2025-08-25 05:39:07+00:00
2974,TKT-02974,25A,PRIMEIRA_CLASSE,2026-04-13 21:41:42+00:00
2975,TKT-02975,39E,PRIMEIRA_CLASSE,2025-08-16 18:12:57+00:00
2976,TKT-02976,36B,ECONOMICA,2025-08-10 03:49:14+00:00
2977,TKT-02977,39E,EXECUTIVA,2026-04-10 22:55:59+00:00
2978,TKT-02978,25A,ECONOMICA,2026-02-27 05:26:21+00:00
2979,TKT-02979,17C,EXECUTIVA,2025-06-28 20:05:49+00:00
2980,TKT-02980,40D,PRIMEIRA_CLASSE,2026-04-10 20:01:07+00:00
2981,TKT-02981,36F,PRIMEIRA_CLASSE,2025-11-27 09:30:45+00:00
2982,TKT-02982,24D,PRIMEIRA_CLASSE,2025-09-16 14:59:08+00:00
2983,TKT-02983,36E,ECONOMICA,2025-06-14 05:50:38+00:00
2984,TKT-02984,3C,PRIMEIRA_CLASSE,2026-05-28 18:55:18+00:00
2985,TKT-02985,18A,PRIMEIRA_CLASSE,2026-05-24 11:40:04+00:00
2986,TKT-02986,13A,ECONOMICA,2025-11-10 01:12:50+00:00
2987,TKT-02987,27A,ECONOMICA,2026-04-15 04:39:14+00:00
2988,TKT-02988,19A,EXECUTIVA,2026-03-22 01:21:45+00:00
2989,TKT-02989,4A,PRIMEIRA_CLASSE,2025-10-14 15:18:34+00:00
2990,TKT-02990,8E,EXECUTIVA,2025-11-22 10:19:42+00:00
2991,TKT-02991,16E,ECONOMICA,2026-05-14 16:41:38+00:00
2992,TKT-02992,15C,EXECUTIVA,2025-10-14 06:49:09+00:00
2993,TKT-02993,4B,EXECUTIVA,2025-11-12 13:25:17+00:00
2994,TKT-02994,13F,ECONOMICA,2025-07-14 13:35:04+00:00
2995,TKT-02995,30F,PRIMEIRA_CLASSE,2025-11-06 23:27:26+00:00
2996,TKT-02996,32C,ECONOMICA,2026-05-26 00:54:52+00:00
2997,TKT-02997,24F,ECONOMICA,2025-12-12 13:45:55+00:00
2998,TKT-02998,13E,EXECUTIVA,2025-08-26 08:50:49+00:00
2999,TKT-02999,18F,PRIMEIRA_CLASSE,2026-05-20 11:20:11+00:00
3000,TKT-03000,34F,ECONOMICA,2025-07-26 08:12:29+00:00
3001,TKT-03001,2E,EXECUTIVA,2025-08-10 06:08:26+00:00
3002,TKT-03002,3F,ECONOMICA,2026-05-27 21:51:51+00:00
3003,TKT-03003,21B,EXECUTIVA,2025-11-28 09:37:08+00:00
3004,TKT-03004,39C,ECONOMICA,2026-05-08 10:50:56+00:00
3005,TKT-03005,10E,PRIMEIRA_CLASSE,2026-03-13 07:44:48+00:00
3006,TKT-03006,34D,PRIMEIRA_CLASSE,2026-05-18 09:50:17+00:00
3007,TKT-03007,32B,ECONOMICA,2025-07-11 05:33:29+00:00
3008,TKT-03008,31B,PRIMEIRA_CLASSE,2026-02-28 17:47:24+00:00
3009,TKT-03009,21A,PRIMEIRA_CLASSE,2026-04-23 01:10:36+00:00
3010,TKT-03010,38D,ECONOMICA,2025-10-07 15:45:49+00:00
3011,TKT-03011,17F,EXECUTIVA,2026-04-21 06:08:33+00:00
3012,TKT-03012,32A,PRIMEIRA_CLASSE,2025-10-01 19:48:29+00:00
3013,TKT-03013,6A,EXECUTIVA,2025-12-15 06:00:46+00:00
3014,TKT-03014,15B,ECONOMICA,2025-09-30 22:02:14+00:00
3015,TKT-03015,39F,EXECUTIVA,2025-07-17 21:58:00+00:00
3016,TKT-03016,24E,ECONOMICA,2025-06-27 19:41:25+00:00
3017,TKT-03017,36F,EXECUTIVA,2026-05-16 18:13:58+00:00
3018,TKT-03018,3E,PRIMEIRA_CLASSE,2025-08-16 23:47:18+00:00
3019,TKT-03019,18A,ECONOMICA,2026-02-27 16:11:18+00:00
3020,TKT-03020,25A,PRIMEIRA_CLASSE,2026-02-04 18:55:47+00:00
3021,TKT-03021,20B,PRIMEIRA_CLASSE,2025-06-07 22:02:46+00:00
3022,TKT-03022,13F,ECONOMICA,2025-07-27 16:57:23+00:00
3023,TKT-03023,36C,EXECUTIVA,2026-04-17 06:08:11+00:00
3024,TKT-03024,7A,ECONOMICA,2025-08-31 23:18:52+00:00
3025,TKT-03025,38A,ECONOMICA,2025-09-06 14:40:52+00:00
3026,TKT-03026,33F,ECONOMICA,2025-07-30 11:49:16+00:00
3027,TKT-03027,14A,ECONOMICA,2026-01-24 21:23:50+00:00
3028,TKT-03028,2E,ECONOMICA,2025-10-24 01:36:37+00:00
3029,TKT-03029,38B,ECONOMICA,2026-04-03 01:49:13+00:00
3030,TKT-03030,17D,EXECUTIVA,2026-01-10 09:44:14+00:00
3031,TKT-03031,7C,ECONOMICA,2026-02-14 15:14:21+00:00
3032,TKT-03032,25A,PRIMEIRA_CLASSE,2026-06-01 23:54:10+00:00
3033,TKT-03033,14D,PRIMEIRA_CLASSE,2025-08-01 16:22:10+00:00
3034,TKT-03034,10D,ECONOMICA,2026-02-24 08:50:32+00:00
3035,TKT-03035,11D,PRIMEIRA_CLASSE,2025-12-13 22:11:00+00:00
3036,TKT-03036,35C,ECONOMICA,2026-01-06 00:43:43+00:00
3037,TKT-03037,37F,EXECUTIVA,2026-02-23 13:35:38+00:00
3038,TKT-03038,39E,PRIMEIRA_CLASSE,2025-12-20 09:36:30+00:00
3039,TKT-03039,37E,ECONOMICA,2026-03-04 17:22:10+00:00
3040,TKT-03040,34F,EXECUTIVA,2025-07-17 19:13:21+00:00
3041,TKT-03041,16A,PRIMEIRA_CLASSE,2026-01-30 10:05:49+00:00
3042,TKT-03042,34C,ECONOMICA,2025-07-11 13:27:34+00:00
3043,TKT-03043,18F,EXECUTIVA,2025-07-21 10:20:09+00:00
3044,TKT-03044,30D,ECONOMICA,2025-10-14 11:30:25+00:00
3045,TKT-03045,6B,PRIMEIRA_CLASSE,2025-10-03 00:46:15+00:00
3046,TKT-03046,16E,EXECUTIVA,2025-07-13 15:35:08+00:00
3047,TKT-03047,40C,ECONOMICA,2026-01-24 23:08:18+00:00
3048,TKT-03048,18D,PRIMEIRA_CLASSE,2025-07-30 23:25:48+00:00
3049,TKT-03049,39F,EXECUTIVA,2026-05-28 18:14:53+00:00
3050,TKT-03050,19A,EXECUTIVA,2025-10-15 12:41:19+00:00
3051,TKT-03051,6C,PRIMEIRA_CLASSE,2025-06-23 17:41:07+00:00
3052,TKT-03052,33C,ECONOMICA,2026-04-28 06:56:31+00:00
3053,TKT-03053,25B,EXECUTIVA,2026-01-18 07:41:59+00:00
3054,TKT-03054,32A,EXECUTIVA,2026-05-09 17:40:56+00:00
3055,TKT-03055,29D,ECONOMICA,2026-05-04 11:19:28+00:00
3056,TKT-03056,36C,ECONOMICA,2026-01-23 21:56:37+00:00
3057,TKT-03057,32D,PRIMEIRA_CLASSE,2026-05-06 20:38:02+00:00
3058,TKT-03058,23C,ECONOMICA,2025-07-10 13:35:49+00:00
3059,TKT-03059,17F,PRIMEIRA_CLASSE,2025-12-10 12:39:50+00:00
3060,TKT-03060,7A,PRIMEIRA_CLASSE,2025-07-20 22:54:10+00:00
3061,TKT-03061,36A,ECONOMICA,2025-10-21 20:12:33+00:00
3062,TKT-03062,4D,PRIMEIRA_CLASSE,2025-11-09 17:18:51+00:00
3063,TKT-03063,7B,ECONOMICA,2025-11-22 00:30:57+00:00
3064,TKT-03064,36E,ECONOMICA,2026-01-09 09:33:40+00:00
3065,TKT-03065,14F,EXECUTIVA,2025-10-08 01:49:32+00:00
3066,TKT-03066,8C,PRIMEIRA_CLASSE,2025-07-10 06:14:51+00:00
3067,TKT-03067,25C,EXECUTIVA,2025-11-23 19:34:40+00:00
3068,TKT-03068,14F,ECONOMICA,2025-09-06 06:21:20+00:00
3069,TKT-03069,21C,PRIMEIRA_CLASSE,2025-10-16 22:48:52+00:00
3070,TKT-03070,39A,EXECUTIVA,2026-01-26 02:34:33+00:00
3071,TKT-03071,26B,ECONOMICA,2025-08-09 16:14:40+00:00
3072,TKT-03072,28E,EXECUTIVA,2025-11-30 15:02:28+00:00
3073,TKT-03073,24F,PRIMEIRA_CLASSE,2025-07-26 08:19:35+00:00
3074,TKT-03074,19A,ECONOMICA,2025-10-24 13:07:49+00:00
3075,TKT-03075,5E,PRIMEIRA_CLASSE,2025-12-02 16:24:51+00:00
3076,TKT-03076,6D,EXECUTIVA,2026-02-27 21:06:11+00:00
3077,TKT-03077,27D,PRIMEIRA_CLASSE,2026-03-18 14:28:09+00:00
3078,TKT-03078,17B,PRIMEIRA_CLASSE,2025-08-27 01:03:05+00:00
3079,TKT-03079,17A,EXECUTIVA,2026-05-06 03:43:21+00:00
3080,TKT-03080,9E,EXECUTIVA,2025-07-13 18:21:05+00:00
3081,TKT-03081,34C,EXECUTIVA,2025-06-15 10:08:06+00:00
3082,TKT-03082,21A,EXECUTIVA,2025-06-22 22:12:09+00:00
3083,TKT-03083,38B,ECONOMICA,2026-01-26 16:50:23+00:00
3084,TKT-03084,10F,PRIMEIRA_CLASSE,2025-10-05 12:12:07+00:00
3085,TKT-03085,15B,PRIMEIRA_CLASSE,2025-10-07 16:42:01+00:00
3086,TKT-03086,16A,ECONOMICA,2026-03-17 22:15:06+00:00
3087,TKT-03087,19B,EXECUTIVA,2025-06-17 20:58:50+00:00
3088,TKT-03088,27E,PRIMEIRA_CLASSE,2025-08-24 01:56:40+00:00
3089,TKT-03089,33F,PRIMEIRA_CLASSE,2026-05-28 02:58:30+00:00
3090,TKT-03090,23E,PRIMEIRA_CLASSE,2026-04-16 12:11:27+00:00
3091,TKT-03091,5C,PRIMEIRA_CLASSE,2026-03-18 20:45:42+00:00
3092,TKT-03092,36D,PRIMEIRA_CLASSE,2026-02-27 14:19:16+00:00
3093,TKT-03093,13C,ECONOMICA,2025-09-22 22:20:44+00:00
3094,TKT-03094,1E,EXECUTIVA,2026-01-26 15:35:01+00:00
3095,TKT-03095,24E,PRIMEIRA_CLASSE,2025-06-11 22:00:44+00:00
3096,TKT-03096,10C,EXECUTIVA,2025-08-03 19:26:43+00:00
3097,TKT-03097,10E,ECONOMICA,2025-12-15 04:15:03+00:00
3098,TKT-03098,13A,PRIMEIRA_CLASSE,2025-06-03 22:49:00+00:00
3099,TKT-03099,38E,ECONOMICA,2026-01-20 21:19:41+00:00
3100,TKT-03100,1E,ECONOMICA,2026-01-24 21:27:18+00:00
3101,TKT-03101,16C,EXECUTIVA,2025-10-03 04:28:39+00:00
3102,TKT-03102,16A,ECONOMICA,2025-11-10 10:36:05+00:00
3103,TKT-03103,39F,EXECUTIVA,2025-11-21 18:22:28+00:00
3104,TKT-03104,23D,PRIMEIRA_CLASSE,2026-05-09 06:44:23+00:00
3105,TKT-03105,31E,EXECUTIVA,2025-08-20 15:46:02+00:00
3106,TKT-03106,40E,ECONOMICA,2025-11-15 13:01:05+00:00
3107,TKT-03107,20F,EXECUTIVA,2025-08-02 01:05:27+00:00
3108,TKT-03108,34F,EXECUTIVA,2026-02-14 06:53:56+00:00
3109,TKT-03109,13C,EXECUTIVA,2025-11-17 04:32:12+00:00
3110,TKT-03110,19A,EXECUTIVA,2025-07-11 21:38:51+00:00
3111,TKT-03111,18E,ECONOMICA,2025-12-06 00:18:49+00:00
3112,TKT-03112,20B,ECONOMICA,2025-07-08 17:48:14+00:00
3113,TKT-03113,2B,PRIMEIRA_CLASSE,2026-02-06 20:27:24+00:00
3114,TKT-03114,21A,ECONOMICA,2026-01-12 14:34:59+00:00
3115,TKT-03115,36D,ECONOMICA,2025-08-16 21:16:38+00:00
3116,TKT-03116,29F,PRIMEIRA_CLASSE,2025-07-02 18:50:06+00:00
3117,TKT-03117,40E,PRIMEIRA_CLASSE,2026-03-03 20:02:16+00:00
3118,TKT-03118,19F,EXECUTIVA,2025-10-11 12:32:47+00:00
3119,TKT-03119,39E,EXECUTIVA,2026-05-08 19:27:33+00:00
3120,TKT-03120,31D,PRIMEIRA_CLASSE,2026-03-22 06:28:55+00:00
3121,TKT-03121,23B,ECONOMICA,2025-07-17 14:54:09+00:00
3122,TKT-03122,12A,ECONOMICA,2025-11-14 13:57:55+00:00
3123,TKT-03123,40D,EXECUTIVA,2026-02-01 10:46:30+00:00
3124,TKT-03124,33A,EXECUTIVA,2025-11-03 00:34:48+00:00
3125,TKT-03125,37A,PRIMEIRA_CLASSE,2025-09-30 11:01:29+00:00
3126,TKT-03126,3E,EXECUTIVA,2025-06-11 20:22:01+00:00
3127,TKT-03127,26E,EXECUTIVA,2025-11-01 08:48:30+00:00
3128,TKT-03128,1B,EXECUTIVA,2025-09-10 16:02:39+00:00
3129,TKT-03129,15D,EXECUTIVA,2025-07-06 22:01:29+00:00
3130,TKT-03130,29C,EXECUTIVA,2026-02-21 04:18:00+00:00
3131,TKT-03131,28C,EXECUTIVA,2026-05-27 06:24:47+00:00
3132,TKT-03132,30C,ECONOMICA,2026-05-11 18:05:27+00:00
3133,TKT-03133,28B,ECONOMICA,2025-08-19 09:16:27+00:00
3134,TKT-03134,23E,PRIMEIRA_CLASSE,2025-08-22 10:39:57+00:00
3135,TKT-03135,20F,PRIMEIRA_CLASSE,2025-11-12 00:09:43+00:00
3136,TKT-03136,33E,ECONOMICA,2025-12-03 04:01:51+00:00
3137,TKT-03137,16B,PRIMEIRA_CLASSE,2026-01-29 18:27:27+00:00
3138,TKT-03138,8F,ECONOMICA,2026-02-19 00:57:35+00:00
3139,TKT-03139,26A,EXECUTIVA,2026-02-21 16:59:07+00:00
3140,TKT-03140,11C,EXECUTIVA,2025-11-28 21:12:38+00:00
3141,TKT-03141,10C,ECONOMICA,2025-08-13 07:37:09+00:00
3142,TKT-03142,7A,PRIMEIRA_CLASSE,2026-02-19 06:22:31+00:00
3143,TKT-03143,27F,EXECUTIVA,2025-12-08 20:05:47+00:00
3144,TKT-03144,27E,ECONOMICA,2026-02-26 18:19:00+00:00
3145,TKT-03145,34C,EXECUTIVA,2025-09-22 02:15:59+00:00
3146,TKT-03146,25F,PRIMEIRA_CLASSE,2025-08-25 22:48:04+00:00
3147,TKT-03147,11D,PRIMEIRA_CLASSE,2025-10-19 12:14:38+00:00
3148,TKT-03148,27F,EXECUTIVA,2025-07-03 10:33:21+00:00
3149,TKT-03149,23F,ECONOMICA,2026-04-28 03:23:24+00:00
3150,TKT-03150,11F,PRIMEIRA_CLASSE,2026-04-29 00:12:32+00:00
3151,TKT-03151,28F,PRIMEIRA_CLASSE,2025-07-06 13:00:39+00:00
3152,TKT-03152,13A,ECONOMICA,2025-09-01 23:42:22+00:00
3153,TKT-03153,13D,EXECUTIVA,2026-02-10 20:19:10+00:00
3154,TKT-03154,40A,ECONOMICA,2026-02-13 06:29:37+00:00
3155,TKT-03155,27D,EXECUTIVA,2025-07-21 17:28:07+00:00
3156,TKT-03156,12A,EXECUTIVA,2026-05-19 15:22:07+00:00
3157,TKT-03157,22F,PRIMEIRA_CLASSE,2026-01-09 21:58:30+00:00
3158,TKT-03158,1F,ECONOMICA,2025-06-12 18:04:40+00:00
3159,TKT-03159,6C,ECONOMICA,2026-03-02 15:46:11+00:00
3160,TKT-03160,28F,ECONOMICA,2025-11-15 14:32:24+00:00
3161,TKT-03161,28D,PRIMEIRA_CLASSE,2025-08-02 09:07:05+00:00
3162,TKT-03162,12D,EXECUTIVA,2025-09-18 00:32:45+00:00
3163,TKT-03163,31D,EXECUTIVA,2025-10-01 17:26:13+00:00
3164,TKT-03164,27C,PRIMEIRA_CLASSE,2025-06-03 09:20:50+00:00
3165,TKT-03165,6C,PRIMEIRA_CLASSE,2026-04-27 16:57:44+00:00
3166,TKT-03166,35D,EXECUTIVA,2026-05-12 02:51:34+00:00
3167,TKT-03167,2E,PRIMEIRA_CLASSE,2025-09-18 15:20:36+00:00
3168,TKT-03168,38C,ECONOMICA,2025-09-03 05:59:59+00:00
3169,TKT-03169,27F,PRIMEIRA_CLASSE,2026-02-08 03:28:18+00:00
3170,TKT-03170,25C,EXECUTIVA,2025-11-27 04:56:27+00:00
3171,TKT-03171,4E,PRIMEIRA_CLASSE,2025-08-30 06:07:19+00:00
3172,TKT-03172,31B,ECONOMICA,2025-12-29 16:45:44+00:00
3173,TKT-03173,4D,ECONOMICA,2025-07-10 10:22:40+00:00
3174,TKT-03174,33C,PRIMEIRA_CLASSE,2025-12-12 02:23:16+00:00
3175,TKT-03175,29D,ECONOMICA,2026-02-08 16:17:30+00:00
3176,TKT-03176,13D,ECONOMICA,2025-12-19 19:42:14+00:00
3177,TKT-03177,6B,PRIMEIRA_CLASSE,2025-09-06 03:18:31+00:00
3178,TKT-03178,29D,ECONOMICA,2025-11-30 23:29:38+00:00
3179,TKT-03179,40D,PRIMEIRA_CLASSE,2025-08-13 13:13:15+00:00
3180,TKT-03180,27F,EXECUTIVA,2026-05-28 06:35:52+00:00
3181,TKT-03181,31F,ECONOMICA,2025-11-22 18:07:16+00:00
3182,TKT-03182,2E,EXECUTIVA,2026-02-03 12:14:03+00:00
3183,TKT-03183,6C,EXECUTIVA,2025-06-23 20:33:02+00:00
3184,TKT-03184,19B,PRIMEIRA_CLASSE,2025-09-22 07:35:11+00:00
3185,TKT-03185,19A,PRIMEIRA_CLASSE,2025-09-20 06:40:54+00:00
3186,TKT-03186,20F,ECONOMICA,2025-12-12 03:36:45+00:00
3187,TKT-03187,9A,ECONOMICA,2025-07-28 09:21:51+00:00
3188,TKT-03188,2D,EXECUTIVA,2026-02-10 11:51:58+00:00
3189,TKT-03189,37F,EXECUTIVA,2025-07-10 01:06:01+00:00
3190,TKT-03190,1C,EXECUTIVA,2025-06-14 01:27:49+00:00
3191,TKT-03191,24C,EXECUTIVA,2026-03-17 19:01:29+00:00
3192,TKT-03192,30F,ECONOMICA,2025-07-04 07:48:31+00:00
3193,TKT-03193,23C,PRIMEIRA_CLASSE,2025-09-16 06:49:06+00:00
3194,TKT-03194,6C,PRIMEIRA_CLASSE,2026-01-31 02:17:40+00:00
3195,TKT-03195,35A,PRIMEIRA_CLASSE,2025-08-23 01:47:17+00:00
3196,TKT-03196,24E,EXECUTIVA,2026-01-06 07:03:06+00:00
3197,TKT-03197,40D,EXECUTIVA,2025-06-08 05:37:01+00:00
3198,TKT-03198,5D,ECONOMICA,2025-06-13 00:47:41+00:00
3199,TKT-03199,8D,ECONOMICA,2026-01-05 02:11:41+00:00
3200,TKT-03200,17B,EXECUTIVA,2026-01-15 17:40:00+00:00
3201,TKT-03201,11D,ECONOMICA,2026-04-11 17:37:03+00:00
3202,TKT-03202,11C,ECONOMICA,2025-06-10 02:33:19+00:00
3203,TKT-03203,18D,EXECUTIVA,2026-03-04 16:40:57+00:00
3204,TKT-03204,39A,ECONOMICA,2026-02-27 00:44:47+00:00
3205,TKT-03205,12E,EXECUTIVA,2026-05-27 19:42:50+00:00
3206,TKT-03206,3D,PRIMEIRA_CLASSE,2025-10-30 07:29:09+00:00
3207,TKT-03207,21B,EXECUTIVA,2026-04-16 15:55:22+00:00
3208,TKT-03208,30A,EXECUTIVA,2025-11-10 10:55:02+00:00
3209,TKT-03209,7B,EXECUTIVA,2025-06-03 14:59:56+00:00
3210,TKT-03210,27C,EXECUTIVA,2026-05-26 15:05:28+00:00
3211,TKT-03211,34F,PRIMEIRA_CLASSE,2025-11-18 07:50:36+00:00
3212,TKT-03212,5A,EXECUTIVA,2026-04-17 09:12:37+00:00
3213,TKT-03213,39E,EXECUTIVA,2025-10-18 03:14:10+00:00
3214,TKT-03214,26A,PRIMEIRA_CLASSE,2026-04-25 05:07:07+00:00
3215,TKT-03215,33A,PRIMEIRA_CLASSE,2025-12-11 13:39:48+00:00
3216,TKT-03216,26F,EXECUTIVA,2026-02-23 09:18:04+00:00
3217,TKT-03217,14F,EXECUTIVA,2025-06-09 01:35:50+00:00
3218,TKT-03218,8E,ECONOMICA,2025-12-24 10:24:09+00:00
3219,TKT-03219,12E,EXECUTIVA,2025-12-24 16:27:51+00:00
3220,TKT-03220,2C,ECONOMICA,2026-04-11 10:33:23+00:00
3221,TKT-03221,34A,ECONOMICA,2025-09-10 03:02:07+00:00
3222,TKT-03222,27D,PRIMEIRA_CLASSE,2025-07-15 18:07:52+00:00
3223,TKT-03223,25B,EXECUTIVA,2026-02-27 15:37:54+00:00
3224,TKT-03224,5D,EXECUTIVA,2025-08-17 07:31:31+00:00
3225,TKT-03225,3D,EXECUTIVA,2026-02-08 22:32:45+00:00
3226,TKT-03226,38D,PRIMEIRA_CLASSE,2026-04-14 18:02:14+00:00
3227,TKT-03227,19A,EXECUTIVA,2025-10-27 22:14:23+00:00
3228,TKT-03228,5E,ECONOMICA,2025-07-11 10:36:41+00:00
3229,TKT-03229,24E,EXECUTIVA,2025-06-23 17:07:19+00:00
3230,TKT-03230,6A,PRIMEIRA_CLASSE,2025-10-19 10:46:06+00:00
3231,TKT-03231,32B,EXECUTIVA,2026-01-30 15:41:45+00:00
3232,TKT-03232,10A,PRIMEIRA_CLASSE,2026-05-14 07:17:52+00:00
3233,TKT-03233,1D,ECONOMICA,2026-02-11 18:32:12+00:00
3234,TKT-03234,36A,PRIMEIRA_CLASSE,2026-04-04 01:49:14+00:00
3235,TKT-03235,26F,ECONOMICA,2026-02-04 09:40:37+00:00
3236,TKT-03236,23D,ECONOMICA,2026-05-10 00:48:28+00:00
3237,TKT-03237,12D,ECONOMICA,2025-06-14 15:20:34+00:00
3238,TKT-03238,25E,EXECUTIVA,2025-07-28 23:54:14+00:00
3239,TKT-03239,18D,ECONOMICA,2025-12-25 08:53:55+00:00
3240,TKT-03240,18F,PRIMEIRA_CLASSE,2025-06-12 02:37:09+00:00
3241,TKT-03241,27D,ECONOMICA,2025-07-31 04:48:22+00:00
3242,TKT-03242,4C,EXECUTIVA,2025-09-14 17:31:04+00:00
3243,TKT-03243,1D,ECONOMICA,2025-06-18 14:04:11+00:00
3244,TKT-03244,5D,EXECUTIVA,2025-07-11 05:45:02+00:00
3245,TKT-03245,28D,ECONOMICA,2026-01-15 14:40:47+00:00
3246,TKT-03246,34D,PRIMEIRA_CLASSE,2025-10-13 21:37:39+00:00
3247,TKT-03247,7F,EXECUTIVA,2025-07-20 18:05:49+00:00
3248,TKT-03248,11D,EXECUTIVA,2025-10-06 17:35:26+00:00
3249,TKT-03249,5B,PRIMEIRA_CLASSE,2025-12-20 07:41:02+00:00
3250,TKT-03250,24F,ECONOMICA,2026-01-29 14:50:59+00:00
3251,TKT-03251,37F,ECONOMICA,2025-07-19 00:15:40+00:00
3252,TKT-03252,6D,PRIMEIRA_CLASSE,2026-01-20 01:44:39+00:00
3253,TKT-03253,29F,EXECUTIVA,2025-09-19 09:17:07+00:00
3254,TKT-03254,10D,ECONOMICA,2025-11-10 19:54:48+00:00
3255,TKT-03255,18C,EXECUTIVA,2025-12-02 22:24:21+00:00
3256,TKT-03256,7F,ECONOMICA,2026-01-11 02:00:31+00:00
3257,TKT-03257,25D,PRIMEIRA_CLASSE,2025-10-27 14:05:37+00:00
3258,TKT-03258,21A,ECONOMICA,2026-04-06 23:52:40+00:00
3259,TKT-03259,38B,EXECUTIVA,2025-10-05 05:18:45+00:00
3260,TKT-03260,9E,EXECUTIVA,2025-06-27 09:18:36+00:00
3261,TKT-03261,39B,EXECUTIVA,2025-11-09 15:00:49+00:00
3262,TKT-03262,4F,ECONOMICA,2025-08-23 08:14:59+00:00
3263,TKT-03263,40C,ECONOMICA,2025-12-11 17:39:16+00:00
3264,TKT-03264,5F,EXECUTIVA,2026-03-17 01:12:02+00:00
3265,TKT-03265,17B,PRIMEIRA_CLASSE,2025-12-31 03:01:28+00:00
3266,TKT-03266,2B,EXECUTIVA,2026-01-18 12:19:37+00:00
3267,TKT-03267,6E,ECONOMICA,2025-10-15 23:54:36+00:00
3268,TKT-03268,22F,PRIMEIRA_CLASSE,2026-04-13 02:16:16+00:00
3269,TKT-03269,32B,EXECUTIVA,2026-03-21 20:44:56+00:00
3270,TKT-03270,38A,EXECUTIVA,2026-03-10 16:02:35+00:00
3271,TKT-03271,4D,PRIMEIRA_CLASSE,2025-08-04 03:41:35+00:00
3272,TKT-03272,13E,PRIMEIRA_CLASSE,2025-10-11 02:40:11+00:00
3273,TKT-03273,35E,PRIMEIRA_CLASSE,2025-07-24 22:52:51+00:00
3274,TKT-03274,11B,EXECUTIVA,2026-03-30 03:46:27+00:00
3275,TKT-03275,40F,PRIMEIRA_CLASSE,2025-12-07 17:17:50+00:00
3276,TKT-03276,33D,ECONOMICA,2025-10-31 20:27:35+00:00
3277,TKT-03277,20A,PRIMEIRA_CLASSE,2026-01-22 03:16:07+00:00
3278,TKT-03278,38A,ECONOMICA,2026-05-11 04:16:04+00:00
3279,TKT-03279,39D,PRIMEIRA_CLASSE,2025-12-12 18:24:41+00:00
3280,TKT-03280,24A,EXECUTIVA,2025-08-03 09:27:19+00:00
3281,TKT-03281,32C,ECONOMICA,2026-04-11 22:19:05+00:00
3282,TKT-03282,39A,PRIMEIRA_CLASSE,2025-07-03 16:21:27+00:00
3283,TKT-03283,10F,ECONOMICA,2026-04-10 06:47:34+00:00
3284,TKT-03284,27F,ECONOMICA,2025-06-10 19:00:17+00:00
3285,TKT-03285,18E,PRIMEIRA_CLASSE,2025-11-03 03:39:56+00:00
3286,TKT-03286,31E,ECONOMICA,2026-02-14 15:48:11+00:00
3287,TKT-03287,20D,EXECUTIVA,2026-04-24 03:06:52+00:00
3288,TKT-03288,30C,PRIMEIRA_CLASSE,2025-10-26 22:40:53+00:00
3289,TKT-03289,37A,ECONOMICA,2025-09-19 10:22:33+00:00
3290,TKT-03290,29D,ECONOMICA,2025-09-01 23:48:03+00:00
3291,TKT-03291,30E,ECONOMICA,2025-11-19 19:40:57+00:00
3292,TKT-03292,9D,ECONOMICA,2025-08-09 22:58:02+00:00
3293,TKT-03293,33D,EXECUTIVA,2026-03-26 11:01:36+00:00
3294,TKT-03294,18F,EXECUTIVA,2025-09-21 05:24:45+00:00
3295,TKT-03295,19A,ECONOMICA,2025-12-04 03:50:09+00:00
3296,TKT-03296,1D,ECONOMICA,2025-08-20 15:26:43+00:00
3297,TKT-03297,40E,EXECUTIVA,2025-09-18 00:28:54+00:00
3298,TKT-03298,8C,PRIMEIRA_CLASSE,2026-05-08 15:05:48+00:00
3299,TKT-03299,17F,PRIMEIRA_CLASSE,2025-10-10 20:24:39+00:00
3300,TKT-03300,33F,EXECUTIVA,2025-06-14 07:08:08+00:00
3301,TKT-03301,1E,PRIMEIRA_CLASSE,2025-09-13 02:39:27+00:00
3302,TKT-03302,15D,ECONOMICA,2026-05-15 11:01:10+00:00
3303,TKT-03303,4F,PRIMEIRA_CLASSE,2025-07-19 21:17:23+00:00
3304,TKT-03304,21D,ECONOMICA,2026-05-16 15:14:22+00:00
3305,TKT-03305,26E,EXECUTIVA,2025-06-26 08:29:14+00:00
3306,TKT-03306,17F,EXECUTIVA,2025-09-02 09:56:22+00:00
3307,TKT-03307,14B,PRIMEIRA_CLASSE,2025-08-10 23:31:53+00:00
3308,TKT-03308,36E,EXECUTIVA,2026-01-17 13:51:27+00:00
3309,TKT-03309,31B,ECONOMICA,2025-08-18 15:08:00+00:00
3310,TKT-03310,30F,ECONOMICA,2025-09-14 05:34:58+00:00
3311,TKT-03311,34D,ECONOMICA,2026-04-02 16:37:20+00:00
3312,TKT-03312,34E,PRIMEIRA_CLASSE,2025-07-27 05:15:48+00:00
3313,TKT-03313,4F,ECONOMICA,2026-04-19 08:16:41+00:00
3314,TKT-03314,28E,ECONOMICA,2026-03-07 04:44:53+00:00
3315,TKT-03315,32F,ECONOMICA,2025-08-30 00:15:31+00:00
3316,TKT-03316,33A,PRIMEIRA_CLASSE,2026-04-16 21:44:14+00:00
3317,TKT-03317,29E,ECONOMICA,2025-08-25 20:12:16+00:00
3318,TKT-03318,23C,PRIMEIRA_CLASSE,2025-10-24 15:46:33+00:00
3319,TKT-03319,33D,PRIMEIRA_CLASSE,2025-10-21 21:00:18+00:00
3320,TKT-03320,28E,PRIMEIRA_CLASSE,2026-02-18 10:29:30+00:00
3321,TKT-03321,3F,PRIMEIRA_CLASSE,2026-02-20 02:03:43+00:00
3322,TKT-03322,27F,PRIMEIRA_CLASSE,2025-07-09 07:29:06+00:00
3323,TKT-03323,7C,PRIMEIRA_CLASSE,2026-01-08 19:40:22+00:00
3324,TKT-03324,21B,ECONOMICA,2025-11-24 04:31:16+00:00
3325,TKT-03325,38A,ECONOMICA,2025-11-17 16:04:02+00:00
3326,TKT-03326,15C,PRIMEIRA_CLASSE,2026-01-04 06:30:18+00:00
3327,TKT-03327,9E,ECONOMICA,2025-12-07 10:26:47+00:00
3328,TKT-03328,29B,ECONOMICA,2025-09-02 03:28:23+00:00
3329,TKT-03329,39F,EXECUTIVA,2026-05-15 10:19:44+00:00
3330,TKT-03330,24F,EXECUTIVA,2026-02-16 16:16:24+00:00
3331,TKT-03331,12C,ECONOMICA,2025-10-24 11:47:20+00:00
3332,TKT-03332,22B,PRIMEIRA_CLASSE,2026-02-26 12:48:50+00:00
3333,TKT-03333,6A,EXECUTIVA,2025-06-20 06:34:00+00:00
3334,TKT-03334,7A,PRIMEIRA_CLASSE,2025-09-03 09:33:24+00:00
3335,TKT-03335,28D,PRIMEIRA_CLASSE,2025-10-03 14:43:57+00:00
3336,TKT-03336,37D,EXECUTIVA,2026-03-25 03:31:45+00:00
3337,TKT-03337,33B,ECONOMICA,2025-12-18 16:03:07+00:00
3338,TKT-03338,16C,PRIMEIRA_CLASSE,2025-07-05 06:41:19+00:00
3339,TKT-03339,31D,ECONOMICA,2025-10-06 11:54:55+00:00
3340,TKT-03340,39F,PRIMEIRA_CLASSE,2025-10-20 23:43:31+00:00
3341,TKT-03341,24A,PRIMEIRA_CLASSE,2025-08-18 21:17:52+00:00
3342,TKT-03342,36F,PRIMEIRA_CLASSE,2026-05-26 06:35:49+00:00
3343,TKT-03343,14E,EXECUTIVA,2026-04-10 05:05:38+00:00
3344,TKT-03344,21A,ECONOMICA,2025-10-10 12:35:50+00:00
3345,TKT-03345,5E,PRIMEIRA_CLASSE,2025-09-29 14:50:23+00:00
3346,TKT-03346,29A,PRIMEIRA_CLASSE,2026-02-10 15:34:46+00:00
3347,TKT-03347,16F,EXECUTIVA,2025-10-16 19:22:34+00:00
3348,TKT-03348,16E,PRIMEIRA_CLASSE,2026-05-14 20:46:33+00:00
3349,TKT-03349,31F,PRIMEIRA_CLASSE,2025-12-18 12:20:35+00:00
3350,TKT-03350,17F,PRIMEIRA_CLASSE,2025-11-23 08:17:54+00:00
3351,TKT-03351,20C,PRIMEIRA_CLASSE,2025-11-20 16:56:18+00:00
3352,TKT-03352,33F,EXECUTIVA,2025-07-05 06:21:14+00:00
3353,TKT-03353,36D,EXECUTIVA,2026-05-05 01:08:59+00:00
3354,TKT-03354,24D,EXECUTIVA,2025-06-25 11:49:47+00:00
3355,TKT-03355,27B,ECONOMICA,2025-09-20 13:55:30+00:00
3356,TKT-03356,26A,EXECUTIVA,2025-09-25 15:47:38+00:00
3357,TKT-03357,18E,PRIMEIRA_CLASSE,2026-01-29 17:05:41+00:00
3358,TKT-03358,36D,EXECUTIVA,2026-04-16 07:36:38+00:00
3359,TKT-03359,25A,ECONOMICA,2025-11-26 09:18:22+00:00
3360,TKT-03360,18C,PRIMEIRA_CLASSE,2026-01-10 08:38:38+00:00
3361,TKT-03361,7E,EXECUTIVA,2025-12-28 21:13:21+00:00
3362,TKT-03362,31F,PRIMEIRA_CLASSE,2026-04-23 01:15:25+00:00
3363,TKT-03363,31E,ECONOMICA,2025-10-11 09:52:55+00:00
3364,TKT-03364,29C,PRIMEIRA_CLASSE,2026-05-26 19:12:30+00:00
3365,TKT-03365,13D,PRIMEIRA_CLASSE,2026-01-08 17:56:12+00:00
3366,TKT-03366,6D,EXECUTIVA,2026-02-09 00:23:20+00:00
3367,TKT-03367,33E,PRIMEIRA_CLASSE,2025-07-27 00:19:04+00:00
3368,TKT-03368,13B,EXECUTIVA,2025-08-12 23:57:20+00:00
3369,TKT-03369,20A,PRIMEIRA_CLASSE,2025-10-17 10:03:20+00:00
3370,TKT-03370,16B,PRIMEIRA_CLASSE,2026-03-21 17:17:18+00:00
3371,TKT-03371,8F,PRIMEIRA_CLASSE,2026-02-23 19:33:46+00:00
3372,TKT-03372,8D,EXECUTIVA,2025-10-26 07:53:11+00:00
3373,TKT-03373,36B,ECONOMICA,2025-10-21 19:42:37+00:00
3374,TKT-03374,2E,EXECUTIVA,2026-06-02 23:36:27+00:00
3375,TKT-03375,14C,EXECUTIVA,2025-08-18 11:17:12+00:00
3376,TKT-03376,36D,PRIMEIRA_CLASSE,2025-07-22 13:43:31+00:00
3377,TKT-03377,4F,ECONOMICA,2026-01-08 04:44:06+00:00
3378,TKT-03378,39C,ECONOMICA,2025-06-23 01:31:57+00:00
3379,TKT-03379,15E,ECONOMICA,2025-12-31 12:25:50+00:00
3380,TKT-03380,15B,PRIMEIRA_CLASSE,2026-02-24 22:52:28+00:00
3381,TKT-03381,18E,PRIMEIRA_CLASSE,2026-01-10 17:36:24+00:00
3382,TKT-03382,34D,ECONOMICA,2026-02-25 13:53:39+00:00
3383,TKT-03383,24A,PRIMEIRA_CLASSE,2026-04-06 07:05:52+00:00
3384,TKT-03384,29F,PRIMEIRA_CLASSE,2026-02-11 08:47:31+00:00
3385,TKT-03385,20E,EXECUTIVA,2026-05-24 17:18:11+00:00
3386,TKT-03386,40B,ECONOMICA,2025-10-29 07:32:03+00:00
3387,TKT-03387,32E,ECONOMICA,2025-10-30 14:47:31+00:00
3388,TKT-03388,3D,PRIMEIRA_CLASSE,2026-01-23 04:48:38+00:00
3389,TKT-03389,22C,PRIMEIRA_CLASSE,2026-03-05 07:05:55+00:00
3390,TKT-03390,18B,PRIMEIRA_CLASSE,2026-04-18 19:06:18+00:00
3391,TKT-03391,20A,ECONOMICA,2025-06-15 10:19:32+00:00
3392,TKT-03392,18A,ECONOMICA,2026-03-29 19:57:02+00:00
3393,TKT-03393,10D,ECONOMICA,2026-03-28 19:11:41+00:00
3394,TKT-03394,10A,ECONOMICA,2025-07-21 11:12:27+00:00
3395,TKT-03395,36D,EXECUTIVA,2025-08-05 00:41:29+00:00
3396,TKT-03396,8A,EXECUTIVA,2025-10-09 01:07:57+00:00
3397,TKT-03397,21F,EXECUTIVA,2026-01-06 16:18:20+00:00
3398,TKT-03398,20C,ECONOMICA,2025-07-01 00:15:04+00:00
3399,TKT-03399,5D,ECONOMICA,2025-11-20 00:30:10+00:00
3400,TKT-03400,28F,EXECUTIVA,2025-06-07 07:59:38+00:00
3401,TKT-03401,32C,PRIMEIRA_CLASSE,2025-10-07 14:15:35+00:00
3402,TKT-03402,13A,EXECUTIVA,2026-05-09 01:18:08+00:00
3403,TKT-03403,2B,EXECUTIVA,2025-10-20 05:44:50+00:00
3404,TKT-03404,14F,ECONOMICA,2026-02-05 23:45:12+00:00
3405,TKT-03405,34D,PRIMEIRA_CLASSE,2026-04-21 06:30:07+00:00
3406,TKT-03406,25C,PRIMEIRA_CLASSE,2026-05-05 07:16:10+00:00
3407,TKT-03407,30E,PRIMEIRA_CLASSE,2025-09-15 03:01:30+00:00
3408,TKT-03408,29D,EXECUTIVA,2025-10-25 05:07:25+00:00
3409,TKT-03409,38F,PRIMEIRA_CLASSE,2025-11-30 11:26:23+00:00
3410,TKT-03410,6E,EXECUTIVA,2025-09-16 11:27:34+00:00
3411,TKT-03411,37A,PRIMEIRA_CLASSE,2025-11-04 22:52:09+00:00
3412,TKT-03412,2C,ECONOMICA,2025-10-05 17:24:42+00:00
3413,TKT-03413,19C,ECONOMICA,2026-05-05 10:56:07+00:00
3414,TKT-03414,6A,EXECUTIVA,2025-10-12 20:55:54+00:00
3415,TKT-03415,4A,EXECUTIVA,2026-04-30 09:29:36+00:00
3416,TKT-03416,20F,ECONOMICA,2026-03-14 16:17:41+00:00
3417,TKT-03417,8A,EXECUTIVA,2026-05-25 23:17:10+00:00
3418,TKT-03418,22A,ECONOMICA,2025-12-27 14:17:19+00:00
3419,TKT-03419,18C,ECONOMICA,2025-12-29 02:02:12+00:00
3420,TKT-03420,1D,EXECUTIVA,2026-04-10 05:28:50+00:00
3421,TKT-03421,21A,ECONOMICA,2025-10-30 15:22:24+00:00
3422,TKT-03422,1E,ECONOMICA,2025-11-26 11:55:56+00:00
3423,TKT-03423,35E,EXECUTIVA,2026-05-04 14:27:42+00:00
3424,TKT-03424,32D,PRIMEIRA_CLASSE,2026-01-14 18:33:18+00:00
3425,TKT-03425,9A,PRIMEIRA_CLASSE,2025-11-30 10:42:27+00:00
3426,TKT-03426,39C,EXECUTIVA,2025-12-17 22:07:01+00:00
3427,TKT-03427,12B,EXECUTIVA,2025-11-30 15:26:51+00:00
3428,TKT-03428,15F,PRIMEIRA_CLASSE,2026-01-19 02:23:54+00:00
3429,TKT-03429,11F,PRIMEIRA_CLASSE,2026-04-26 18:11:48+00:00
3430,TKT-03430,9B,ECONOMICA,2025-10-20 00:32:06+00:00
3431,TKT-03431,4D,ECONOMICA,2026-01-11 05:04:19+00:00
3432,TKT-03432,32A,EXECUTIVA,2026-05-11 04:01:58+00:00
3433,TKT-03433,9E,EXECUTIVA,2025-08-17 05:10:27+00:00
3434,TKT-03434,11E,PRIMEIRA_CLASSE,2025-09-15 12:19:22+00:00
3435,TKT-03435,37E,ECONOMICA,2026-01-17 02:45:52+00:00
3436,TKT-03436,16A,ECONOMICA,2026-05-01 06:47:51+00:00
3437,TKT-03437,15E,PRIMEIRA_CLASSE,2026-02-17 10:47:20+00:00
3438,TKT-03438,40C,EXECUTIVA,2025-08-11 09:59:07+00:00
3439,TKT-03439,23E,ECONOMICA,2025-06-20 17:43:07+00:00
3440,TKT-03440,27E,PRIMEIRA_CLASSE,2026-01-27 23:08:01+00:00
3441,TKT-03441,5E,ECONOMICA,2025-11-28 00:10:09+00:00
3442,TKT-03442,22E,PRIMEIRA_CLASSE,2026-04-19 18:10:38+00:00
3443,TKT-03443,39B,PRIMEIRA_CLASSE,2025-12-20 04:47:52+00:00
3444,TKT-03444,3F,EXECUTIVA,2025-07-28 18:06:03+00:00
3445,TKT-03445,17E,EXECUTIVA,2025-09-13 08:37:05+00:00
3446,TKT-03446,11E,PRIMEIRA_CLASSE,2026-01-31 09:37:16+00:00
3447,TKT-03447,22A,PRIMEIRA_CLASSE,2026-03-07 00:18:53+00:00
3448,TKT-03448,38E,ECONOMICA,2025-06-25 19:34:55+00:00
3449,TKT-03449,23C,EXECUTIVA,2025-09-29 01:51:35+00:00
3450,TKT-03450,35F,ECONOMICA,2026-02-28 09:55:24+00:00
3451,TKT-03451,26D,ECONOMICA,2025-08-15 20:27:34+00:00
3452,TKT-03452,16C,EXECUTIVA,2025-09-23 08:20:28+00:00
3453,TKT-03453,5B,PRIMEIRA_CLASSE,2026-01-12 05:16:26+00:00
3454,TKT-03454,12E,EXECUTIVA,2025-08-23 01:18:44+00:00
3455,TKT-03455,38D,ECONOMICA,2025-10-05 10:54:13+00:00
3456,TKT-03456,40A,EXECUTIVA,2026-03-30 05:40:45+00:00
3457,TKT-03457,12D,ECONOMICA,2025-06-18 20:42:02+00:00
3458,TKT-03458,15C,ECONOMICA,2025-08-09 11:19:14+00:00
3459,TKT-03459,38B,PRIMEIRA_CLASSE,2025-08-08 01:42:48+00:00
3460,TKT-03460,37D,ECONOMICA,2026-05-20 23:23:12+00:00
3461,TKT-03461,19E,ECONOMICA,2025-12-29 12:14:25+00:00
3462,TKT-03462,7B,EXECUTIVA,2025-06-07 21:35:59+00:00
3463,TKT-03463,5E,ECONOMICA,2026-01-13 18:04:16+00:00
3464,TKT-03464,34E,PRIMEIRA_CLASSE,2025-11-15 23:26:41+00:00
3465,TKT-03465,10B,PRIMEIRA_CLASSE,2025-09-12 14:15:21+00:00
3466,TKT-03466,9F,EXECUTIVA,2025-07-09 11:02:57+00:00
3467,TKT-03467,5D,PRIMEIRA_CLASSE,2025-12-25 02:58:34+00:00
3468,TKT-03468,18A,EXECUTIVA,2025-11-12 22:54:00+00:00
3469,TKT-03469,20A,ECONOMICA,2025-09-02 22:21:55+00:00
3470,TKT-03470,21D,ECONOMICA,2025-11-05 08:58:28+00:00
3471,TKT-03471,17B,PRIMEIRA_CLASSE,2025-11-25 04:22:53+00:00
3472,TKT-03472,17E,ECONOMICA,2026-04-12 20:21:23+00:00
3473,TKT-03473,29A,EXECUTIVA,2025-08-21 10:11:27+00:00
3474,TKT-03474,24C,EXECUTIVA,2025-11-20 12:30:16+00:00
3475,TKT-03475,20E,PRIMEIRA_CLASSE,2026-05-13 03:41:00+00:00
3476,TKT-03476,13C,EXECUTIVA,2025-11-21 08:03:08+00:00
3477,TKT-03477,38C,EXECUTIVA,2026-01-12 03:10:17+00:00
3478,TKT-03478,21D,EXECUTIVA,2025-08-19 15:15:09+00:00
3479,TKT-03479,21D,EXECUTIVA,2025-10-17 06:21:36+00:00
3480,TKT-03480,13C,PRIMEIRA_CLASSE,2026-04-09 08:27:25+00:00
3481,TKT-03481,25A,EXECUTIVA,2025-09-23 15:21:12+00:00
3482,TKT-03482,17D,EXECUTIVA,2025-12-31 18:15:40+00:00
3483,TKT-03483,11F,PRIMEIRA_CLASSE,2026-01-14 22:03:45+00:00
3484,TKT-03484,40D,EXECUTIVA,2025-09-08 01:12:12+00:00
3485,TKT-03485,15B,EXECUTIVA,2025-06-10 03:31:20+00:00
3486,TKT-03486,39F,EXECUTIVA,2025-12-10 05:50:48+00:00
3487,TKT-03487,24A,ECONOMICA,2025-06-10 16:41:59+00:00
3488,TKT-03488,5A,PRIMEIRA_CLASSE,2026-05-26 02:56:45+00:00
3489,TKT-03489,8F,ECONOMICA,2026-01-29 00:56:58+00:00
3490,TKT-03490,15E,PRIMEIRA_CLASSE,2026-04-27 17:39:38+00:00
3491,TKT-03491,3E,PRIMEIRA_CLASSE,2025-06-06 21:45:36+00:00
3492,TKT-03492,16F,ECONOMICA,2026-04-20 01:15:20+00:00
3493,TKT-03493,39B,PRIMEIRA_CLASSE,2026-02-03 21:21:56+00:00
3494,TKT-03494,6C,ECONOMICA,2025-06-03 15:18:42+00:00
3495,TKT-03495,13B,PRIMEIRA_CLASSE,2026-05-14 18:48:56+00:00
3496,TKT-03496,16E,PRIMEIRA_CLASSE,2026-06-01 05:47:49+00:00
3497,TKT-03497,39A,ECONOMICA,2026-04-02 06:26:53+00:00
3498,TKT-03498,32C,EXECUTIVA,2025-09-29 08:03:40+00:00
3499,TKT-03499,8C,ECONOMICA,2026-01-21 00:59:49+00:00
3500,TKT-03500,34E,PRIMEIRA_CLASSE,2025-07-18 13:04:48+00:00
3501,TKT-03501,11D,ECONOMICA,2025-08-09 11:07:00+00:00
3502,TKT-03502,9D,EXECUTIVA,2025-09-14 18:18:26+00:00
3503,TKT-03503,30F,EXECUTIVA,2025-07-17 02:33:03+00:00
3504,TKT-03504,5D,PRIMEIRA_CLASSE,2025-08-02 07:34:25+00:00
3505,TKT-03505,15D,PRIMEIRA_CLASSE,2026-02-06 01:22:01+00:00
3506,TKT-03506,3B,EXECUTIVA,2025-12-23 20:12:44+00:00
3507,TKT-03507,18A,EXECUTIVA,2025-06-21 18:12:06+00:00
3508,TKT-03508,15C,PRIMEIRA_CLASSE,2025-09-16 13:08:38+00:00
3509,TKT-03509,27A,PRIMEIRA_CLASSE,2026-05-04 06:12:05+00:00
3510,TKT-03510,38C,PRIMEIRA_CLASSE,2026-01-06 04:53:52+00:00
3511,TKT-03511,23F,ECONOMICA,2026-02-12 14:06:07+00:00
3512,TKT-03512,11E,ECONOMICA,2026-03-18 02:52:41+00:00
3513,TKT-03513,36A,PRIMEIRA_CLASSE,2026-01-18 12:31:19+00:00
3514,TKT-03514,12A,ECONOMICA,2025-10-09 05:37:20+00:00
3515,TKT-03515,12E,EXECUTIVA,2026-05-13 11:03:18+00:00
3516,TKT-03516,19C,ECONOMICA,2025-12-02 06:17:53+00:00
3517,TKT-03517,19A,PRIMEIRA_CLASSE,2025-12-23 11:05:56+00:00
3518,TKT-03518,29D,ECONOMICA,2026-04-01 05:32:33+00:00
3519,TKT-03519,9C,ECONOMICA,2025-09-06 23:16:12+00:00
3520,TKT-03520,7A,PRIMEIRA_CLASSE,2025-07-20 23:36:51+00:00
3521,TKT-03521,36B,EXECUTIVA,2025-11-03 11:13:27+00:00
3522,TKT-03522,12E,ECONOMICA,2026-01-19 04:58:29+00:00
3523,TKT-03523,10B,PRIMEIRA_CLASSE,2025-11-29 09:33:30+00:00
3524,TKT-03524,10C,EXECUTIVA,2026-01-11 20:02:59+00:00
3525,TKT-03525,19E,EXECUTIVA,2026-04-23 03:22:53+00:00
3526,TKT-03526,28A,EXECUTIVA,2026-04-09 20:53:37+00:00
3527,TKT-03527,19B,PRIMEIRA_CLASSE,2026-02-17 10:18:00+00:00
3528,TKT-03528,40E,EXECUTIVA,2025-07-26 00:08:14+00:00
3529,TKT-03529,14F,PRIMEIRA_CLASSE,2025-08-07 20:37:45+00:00
3530,TKT-03530,9C,EXECUTIVA,2025-09-07 05:47:50+00:00
3531,TKT-03531,2E,ECONOMICA,2025-06-05 08:03:54+00:00
3532,TKT-03532,14E,EXECUTIVA,2026-03-29 06:12:56+00:00
3533,TKT-03533,20E,EXECUTIVA,2025-12-13 22:51:41+00:00
3534,TKT-03534,38F,PRIMEIRA_CLASSE,2025-10-12 11:51:48+00:00
3535,TKT-03535,4F,EXECUTIVA,2025-08-01 19:50:21+00:00
3536,TKT-03536,2A,ECONOMICA,2026-04-08 08:26:11+00:00
3537,TKT-03537,17A,ECONOMICA,2025-11-19 14:27:58+00:00
3538,TKT-03538,6C,EXECUTIVA,2025-10-13 15:53:40+00:00
3539,TKT-03539,37E,PRIMEIRA_CLASSE,2026-06-03 13:41:33+00:00
3540,TKT-03540,27E,PRIMEIRA_CLASSE,2025-12-17 06:24:34+00:00
3541,TKT-03541,22B,PRIMEIRA_CLASSE,2025-07-25 18:16:13+00:00
3542,TKT-03542,11E,EXECUTIVA,2026-03-13 02:34:09+00:00
3543,TKT-03543,15D,ECONOMICA,2025-07-25 00:00:37+00:00
3544,TKT-03544,35D,ECONOMICA,2026-02-12 21:58:05+00:00
3545,TKT-03545,8B,EXECUTIVA,2025-12-22 10:30:03+00:00
3546,TKT-03546,33F,ECONOMICA,2025-06-20 16:52:52+00:00
3547,TKT-03547,18F,ECONOMICA,2025-11-15 21:22:37+00:00
3548,TKT-03548,3A,PRIMEIRA_CLASSE,2026-03-04 15:05:42+00:00
3549,TKT-03549,1D,ECONOMICA,2025-09-22 00:38:01+00:00
3550,TKT-03550,3D,PRIMEIRA_CLASSE,2026-05-08 03:05:38+00:00
3551,TKT-03551,37F,ECONOMICA,2026-02-24 23:09:15+00:00
3552,TKT-03552,15F,PRIMEIRA_CLASSE,2025-08-04 15:24:08+00:00
3553,TKT-03553,28C,ECONOMICA,2025-06-11 18:20:56+00:00
3554,TKT-03554,23D,EXECUTIVA,2025-10-02 01:30:51+00:00
3555,TKT-03555,2A,EXECUTIVA,2026-04-08 06:37:13+00:00
3556,TKT-03556,18F,EXECUTIVA,2025-08-16 19:47:59+00:00
3557,TKT-03557,26C,EXECUTIVA,2025-09-08 05:33:22+00:00
3558,TKT-03558,7D,ECONOMICA,2026-04-21 22:41:30+00:00
3559,TKT-03559,33F,ECONOMICA,2025-11-18 22:11:26+00:00
3560,TKT-03560,35F,PRIMEIRA_CLASSE,2026-05-26 08:13:43+00:00
3561,TKT-03561,32D,ECONOMICA,2025-07-31 19:26:09+00:00
3562,TKT-03562,23B,ECONOMICA,2025-07-27 19:36:11+00:00
3563,TKT-03563,10E,PRIMEIRA_CLASSE,2025-07-13 00:32:36+00:00
3564,TKT-03564,15B,PRIMEIRA_CLASSE,2025-09-18 18:14:14+00:00
3565,TKT-03565,30A,PRIMEIRA_CLASSE,2026-01-26 04:36:49+00:00
3566,TKT-03566,10D,EXECUTIVA,2026-05-26 20:04:17+00:00
3567,TKT-03567,25F,ECONOMICA,2026-06-01 21:17:53+00:00
3568,TKT-03568,1A,ECONOMICA,2026-04-09 04:10:29+00:00
3569,TKT-03569,27E,EXECUTIVA,2026-03-20 13:55:40+00:00
3570,TKT-03570,25A,PRIMEIRA_CLASSE,2025-09-22 23:42:20+00:00
3571,TKT-03571,19B,EXECUTIVA,2025-06-17 21:36:36+00:00
3572,TKT-03572,14D,ECONOMICA,2025-11-18 14:12:28+00:00
3573,TKT-03573,36B,EXECUTIVA,2026-01-18 21:35:33+00:00
3574,TKT-03574,11D,PRIMEIRA_CLASSE,2026-01-02 19:15:00+00:00
3575,TKT-03575,31E,PRIMEIRA_CLASSE,2026-04-19 20:33:36+00:00
3576,TKT-03576,13A,PRIMEIRA_CLASSE,2026-05-16 02:32:47+00:00
3577,TKT-03577,10B,EXECUTIVA,2025-12-20 15:43:42+00:00
3578,TKT-03578,19C,ECONOMICA,2026-05-12 21:52:49+00:00
3579,TKT-03579,21F,PRIMEIRA_CLASSE,2025-08-29 16:43:26+00:00
3580,TKT-03580,10A,EXECUTIVA,2025-10-15 16:20:11+00:00
3581,TKT-03581,37D,PRIMEIRA_CLASSE,2025-07-22 00:49:03+00:00
3582,TKT-03582,9C,ECONOMICA,2025-06-06 19:19:59+00:00
3583,TKT-03583,31A,PRIMEIRA_CLASSE,2025-06-12 16:01:50+00:00
3584,TKT-03584,24B,EXECUTIVA,2026-02-24 05:32:53+00:00
3585,TKT-03585,8C,PRIMEIRA_CLASSE,2026-05-10 19:06:24+00:00
3586,TKT-03586,4A,EXECUTIVA,2025-11-29 19:39:36+00:00
3587,TKT-03587,2E,EXECUTIVA,2026-01-01 04:25:16+00:00
3588,TKT-03588,35E,ECONOMICA,2026-04-25 13:43:47+00:00
3589,TKT-03589,13A,EXECUTIVA,2025-10-28 17:57:55+00:00
3590,TKT-03590,15D,ECONOMICA,2025-12-21 06:01:53+00:00
3591,TKT-03591,4E,ECONOMICA,2025-12-07 19:33:17+00:00
3592,TKT-03592,17D,EXECUTIVA,2026-04-17 09:30:38+00:00
3593,TKT-03593,29E,PRIMEIRA_CLASSE,2026-03-25 17:34:24+00:00
3594,TKT-03594,5D,PRIMEIRA_CLASSE,2025-08-12 03:32:43+00:00
3595,TKT-03595,17B,EXECUTIVA,2026-05-01 22:09:12+00:00
3596,TKT-03596,20B,PRIMEIRA_CLASSE,2026-04-23 10:32:59+00:00
3597,TKT-03597,35C,ECONOMICA,2025-06-17 09:38:10+00:00
3598,TKT-03598,3B,EXECUTIVA,2025-08-30 01:43:56+00:00
3599,TKT-03599,27B,ECONOMICA,2025-08-07 09:45:23+00:00
3600,TKT-03600,31B,EXECUTIVA,2026-06-01 14:26:50+00:00
3601,TKT-03601,19D,EXECUTIVA,2026-04-18 20:37:39+00:00
3602,TKT-03602,37B,ECONOMICA,2025-07-10 08:27:48+00:00
3603,TKT-03603,1D,PRIMEIRA_CLASSE,2025-09-20 05:51:46+00:00
3604,TKT-03604,21F,PRIMEIRA_CLASSE,2026-04-21 16:08:47+00:00
3605,TKT-03605,22C,ECONOMICA,2025-09-08 07:20:47+00:00
3606,TKT-03606,19F,EXECUTIVA,2026-02-19 14:09:22+00:00
3607,TKT-03607,1E,ECONOMICA,2025-10-21 08:22:47+00:00
3608,TKT-03608,24D,ECONOMICA,2026-02-02 15:52:34+00:00
3609,TKT-03609,15D,ECONOMICA,2025-10-11 01:05:45+00:00
3610,TKT-03610,2D,PRIMEIRA_CLASSE,2026-05-08 20:54:23+00:00
3611,TKT-03611,30D,ECONOMICA,2025-10-14 17:28:45+00:00
3612,TKT-03612,19C,PRIMEIRA_CLASSE,2025-07-03 03:36:42+00:00
3613,TKT-03613,10A,EXECUTIVA,2026-01-27 13:29:09+00:00
3614,TKT-03614,36A,ECONOMICA,2026-01-07 13:08:05+00:00
3615,TKT-03615,24D,PRIMEIRA_CLASSE,2025-07-26 00:18:31+00:00
3616,TKT-03616,13C,PRIMEIRA_CLASSE,2025-07-22 18:36:31+00:00
3617,TKT-03617,32D,EXECUTIVA,2025-06-27 19:16:44+00:00
3618,TKT-03618,19E,PRIMEIRA_CLASSE,2026-02-24 12:12:03+00:00
3619,TKT-03619,28D,PRIMEIRA_CLASSE,2026-02-03 12:15:06+00:00
3620,TKT-03620,35B,EXECUTIVA,2025-11-14 23:17:13+00:00
3621,TKT-03621,14A,PRIMEIRA_CLASSE,2026-05-15 14:21:14+00:00
3622,TKT-03622,33F,EXECUTIVA,2026-05-14 09:23:21+00:00
3623,TKT-03623,32C,PRIMEIRA_CLASSE,2025-12-14 10:48:58+00:00
3624,TKT-03624,35F,ECONOMICA,2026-04-07 04:10:36+00:00
3625,TKT-03625,40B,EXECUTIVA,2025-08-11 14:05:54+00:00
3626,TKT-03626,29D,EXECUTIVA,2025-11-07 18:26:56+00:00
3627,TKT-03627,8B,PRIMEIRA_CLASSE,2026-05-15 07:57:22+00:00
3628,TKT-03628,11A,ECONOMICA,2025-08-17 20:01:10+00:00
3629,TKT-03629,29B,PRIMEIRA_CLASSE,2026-02-16 22:36:35+00:00
3630,TKT-03630,40E,ECONOMICA,2025-07-31 19:59:11+00:00
3631,TKT-03631,30D,EXECUTIVA,2026-04-03 19:06:31+00:00
3632,TKT-03632,2E,EXECUTIVA,2025-10-05 23:53:30+00:00
3633,TKT-03633,1B,ECONOMICA,2025-06-25 15:28:40+00:00
3634,TKT-03634,7A,EXECUTIVA,2026-06-01 04:27:47+00:00
3635,TKT-03635,38E,ECONOMICA,2025-08-15 04:56:11+00:00
3636,TKT-03636,19B,ECONOMICA,2025-08-08 17:11:13+00:00
3637,TKT-03637,30F,EXECUTIVA,2025-10-02 19:29:19+00:00
3638,TKT-03638,26A,ECONOMICA,2025-06-13 04:21:57+00:00
3639,TKT-03639,37C,PRIMEIRA_CLASSE,2025-12-08 18:19:46+00:00
3640,TKT-03640,20A,PRIMEIRA_CLASSE,2025-08-11 21:02:15+00:00
3641,TKT-03641,33A,EXECUTIVA,2026-05-23 22:06:36+00:00
3642,TKT-03642,9F,PRIMEIRA_CLASSE,2025-12-09 19:44:17+00:00
3643,TKT-03643,37C,ECONOMICA,2025-07-02 02:28:56+00:00
3644,TKT-03644,16C,ECONOMICA,2025-12-24 19:58:50+00:00
3645,TKT-03645,32F,ECONOMICA,2025-06-16 17:45:47+00:00
3646,TKT-03646,25F,PRIMEIRA_CLASSE,2026-03-27 11:59:28+00:00
3647,TKT-03647,20C,PRIMEIRA_CLASSE,2026-01-18 03:37:23+00:00
3648,TKT-03648,15C,ECONOMICA,2025-12-25 10:25:08+00:00
3649,TKT-03649,4F,EXECUTIVA,2025-09-10 20:06:12+00:00
3650,TKT-03650,16A,ECONOMICA,2026-04-24 09:28:50+00:00
3651,TKT-03651,12C,PRIMEIRA_CLASSE,2026-05-04 18:46:01+00:00
3652,TKT-03652,8B,ECONOMICA,2025-11-13 05:38:06+00:00
3653,TKT-03653,2F,EXECUTIVA,2026-02-10 17:05:01+00:00
3654,TKT-03654,3A,ECONOMICA,2026-04-13 18:59:01+00:00
3655,TKT-03655,5A,EXECUTIVA,2026-01-21 23:45:15+00:00
3656,TKT-03656,11F,EXECUTIVA,2026-05-16 02:21:34+00:00
3657,TKT-03657,39C,EXECUTIVA,2026-05-21 07:54:10+00:00
3658,TKT-03658,31B,EXECUTIVA,2026-02-24 07:58:11+00:00
3659,TKT-03659,39F,ECONOMICA,2026-03-08 08:54:10+00:00
3660,TKT-03660,25B,PRIMEIRA_CLASSE,2026-01-17 12:57:24+00:00
3661,TKT-03661,31D,PRIMEIRA_CLASSE,2025-12-11 04:37:05+00:00
3662,TKT-03662,19F,ECONOMICA,2026-05-28 11:42:06+00:00
3663,TKT-03663,29C,PRIMEIRA_CLASSE,2026-01-21 17:33:07+00:00
3664,TKT-03664,14D,ECONOMICA,2025-08-21 03:39:47+00:00
3665,TKT-03665,20B,ECONOMICA,2026-01-28 15:07:34+00:00
3666,TKT-03666,13F,EXECUTIVA,2025-12-28 23:33:00+00:00
3667,TKT-03667,13F,PRIMEIRA_CLASSE,2026-03-27 18:23:26+00:00
3668,TKT-03668,38E,EXECUTIVA,2025-07-30 05:44:08+00:00
3669,TKT-03669,35E,ECONOMICA,2026-04-23 00:10:11+00:00
3670,TKT-03670,18E,ECONOMICA,2025-12-26 15:17:24+00:00
3671,TKT-03671,37A,ECONOMICA,2026-03-07 20:27:57+00:00
3672,TKT-03672,11A,PRIMEIRA_CLASSE,2026-05-03 19:47:47+00:00
3673,TKT-03673,32D,PRIMEIRA_CLASSE,2026-04-07 17:48:49+00:00
3674,TKT-03674,11F,EXECUTIVA,2025-06-20 02:18:47+00:00
3675,TKT-03675,34E,EXECUTIVA,2025-08-07 00:36:08+00:00
3676,TKT-03676,5B,EXECUTIVA,2025-10-08 23:58:13+00:00
3677,TKT-03677,38D,EXECUTIVA,2025-11-11 04:31:35+00:00
3678,TKT-03678,31F,EXECUTIVA,2025-07-25 15:01:33+00:00
3679,TKT-03679,9E,EXECUTIVA,2026-04-25 13:07:44+00:00
3680,TKT-03680,17E,ECONOMICA,2025-11-05 14:10:12+00:00
3681,TKT-03681,2D,PRIMEIRA_CLASSE,2025-07-22 14:17:40+00:00
3682,TKT-03682,34E,ECONOMICA,2025-08-30 19:13:46+00:00
3683,TKT-03683,6B,PRIMEIRA_CLASSE,2026-03-09 11:12:52+00:00
3684,TKT-03684,21D,PRIMEIRA_CLASSE,2026-04-09 23:41:28+00:00
3685,TKT-03685,4A,PRIMEIRA_CLASSE,2025-11-22 10:25:54+00:00
3686,TKT-03686,5F,ECONOMICA,2025-11-04 12:23:07+00:00
3687,TKT-03687,11E,EXECUTIVA,2025-08-03 01:07:28+00:00
3688,TKT-03688,10F,ECONOMICA,2026-01-13 04:37:22+00:00
3689,TKT-03689,23C,EXECUTIVA,2026-02-20 15:32:18+00:00
3690,TKT-03690,29D,EXECUTIVA,2025-10-27 13:19:09+00:00
3691,TKT-03691,26A,EXECUTIVA,2026-04-22 20:09:24+00:00
3692,TKT-03692,33D,PRIMEIRA_CLASSE,2025-10-06 18:09:29+00:00
3693,TKT-03693,25D,PRIMEIRA_CLASSE,2026-04-13 12:40:16+00:00
3694,TKT-03694,24A,PRIMEIRA_CLASSE,2025-10-04 08:44:02+00:00
3695,TKT-03695,20E,ECONOMICA,2025-12-23 21:46:54+00:00
3696,TKT-03696,37C,EXECUTIVA,2025-07-05 12:11:28+00:00
3697,TKT-03697,5D,ECONOMICA,2026-06-03 04:10:25+00:00
3698,TKT-03698,4F,ECONOMICA,2025-12-13 14:29:47+00:00
3699,TKT-03699,16A,PRIMEIRA_CLASSE,2025-09-23 13:16:28+00:00
3700,TKT-03700,10C,EXECUTIVA,2026-03-03 02:53:01+00:00
3701,TKT-03701,16E,PRIMEIRA_CLASSE,2026-04-22 22:51:49+00:00
3702,TKT-03702,38F,PRIMEIRA_CLASSE,2026-05-12 09:25:31+00:00
3703,TKT-03703,30D,PRIMEIRA_CLASSE,2026-04-24 15:33:32+00:00
3704,TKT-03704,5C,ECONOMICA,2025-08-02 05:57:02+00:00
3705,TKT-03705,1F,EXECUTIVA,2026-05-30 20:04:54+00:00
3706,TKT-03706,1B,PRIMEIRA_CLASSE,2025-09-17 11:14:24+00:00
3707,TKT-03707,1E,EXECUTIVA,2026-03-16 19:18:52+00:00
3708,TKT-03708,26B,PRIMEIRA_CLASSE,2025-09-12 12:20:16+00:00
3709,TKT-03709,16F,EXECUTIVA,2025-07-18 11:10:25+00:00
3710,TKT-03710,24B,PRIMEIRA_CLASSE,2025-11-06 13:17:50+00:00
3711,TKT-03711,17F,PRIMEIRA_CLASSE,2025-10-23 10:36:42+00:00
3712,TKT-03712,20B,ECONOMICA,2025-12-16 14:32:07+00:00
3713,TKT-03713,39D,ECONOMICA,2025-10-29 23:35:57+00:00
3714,TKT-03714,29D,EXECUTIVA,2025-09-07 02:51:45+00:00
3715,TKT-03715,35F,PRIMEIRA_CLASSE,2026-03-15 01:29:29+00:00
3716,TKT-03716,10C,PRIMEIRA_CLASSE,2025-09-30 07:00:28+00:00
3717,TKT-03717,14D,ECONOMICA,2025-09-17 01:03:35+00:00
3718,TKT-03718,29F,PRIMEIRA_CLASSE,2026-03-20 01:07:55+00:00
3719,TKT-03719,22D,EXECUTIVA,2026-03-10 08:13:13+00:00
3720,TKT-03720,20A,PRIMEIRA_CLASSE,2025-12-10 17:16:54+00:00
3721,TKT-03721,20E,ECONOMICA,2026-03-17 02:32:50+00:00
3722,TKT-03722,25F,EXECUTIVA,2025-12-30 09:17:29+00:00
3723,TKT-03723,38F,EXECUTIVA,2025-09-07 14:01:19+00:00
3724,TKT-03724,25A,ECONOMICA,2025-08-12 11:09:46+00:00
3725,TKT-03725,23A,ECONOMICA,2025-11-07 11:58:20+00:00
3726,TKT-03726,5B,EXECUTIVA,2026-02-19 06:34:03+00:00
3727,TKT-03727,8A,EXECUTIVA,2025-08-08 09:29:01+00:00
3728,TKT-03728,9C,PRIMEIRA_CLASSE,2025-09-11 22:30:21+00:00
3729,TKT-03729,11F,ECONOMICA,2026-01-23 13:41:26+00:00
3730,TKT-03730,38C,ECONOMICA,2026-01-22 05:14:42+00:00
3731,TKT-03731,21C,PRIMEIRA_CLASSE,2025-06-28 00:15:51+00:00
3732,TKT-03732,32A,ECONOMICA,2025-09-29 22:25:44+00:00
3733,TKT-03733,14E,ECONOMICA,2025-09-09 09:16:14+00:00
3734,TKT-03734,8B,ECONOMICA,2025-08-16 22:59:47+00:00
3735,TKT-03735,15A,PRIMEIRA_CLASSE,2025-06-26 10:17:48+00:00
3736,TKT-03736,9E,PRIMEIRA_CLASSE,2025-07-03 07:07:02+00:00
3737,TKT-03737,37A,EXECUTIVA,2025-09-30 14:39:42+00:00
3738,TKT-03738,17F,ECONOMICA,2026-04-17 08:34:28+00:00
3739,TKT-03739,20D,EXECUTIVA,2025-08-16 22:01:21+00:00
3740,TKT-03740,17E,ECONOMICA,2026-01-04 18:24:52+00:00
3741,TKT-03741,30B,EXECUTIVA,2025-12-12 06:29:20+00:00
3742,TKT-03742,29F,ECONOMICA,2026-04-28 18:40:32+00:00
3743,TKT-03743,12F,ECONOMICA,2025-11-12 14:00:57+00:00
3744,TKT-03744,1E,ECONOMICA,2025-08-28 14:38:34+00:00
3745,TKT-03745,2B,EXECUTIVA,2026-03-31 20:54:49+00:00
3746,TKT-03746,1B,EXECUTIVA,2026-03-28 11:18:19+00:00
3747,TKT-03747,6D,PRIMEIRA_CLASSE,2025-11-05 14:21:25+00:00
3748,TKT-03748,28D,ECONOMICA,2026-04-21 02:44:32+00:00
3749,TKT-03749,29F,ECONOMICA,2025-09-29 10:31:00+00:00
3750,TKT-03750,9C,ECONOMICA,2025-11-28 16:58:38+00:00
3751,TKT-03751,40F,EXECUTIVA,2025-11-13 20:36:17+00:00
3752,TKT-03752,24B,PRIMEIRA_CLASSE,2025-09-30 23:42:59+00:00
3753,TKT-03753,23B,ECONOMICA,2025-09-04 15:56:23+00:00
3754,TKT-03754,37B,ECONOMICA,2026-04-01 16:09:38+00:00
3755,TKT-03755,14B,ECONOMICA,2026-01-12 12:14:30+00:00
3756,TKT-03756,7A,PRIMEIRA_CLASSE,2025-06-08 07:47:04+00:00
3757,TKT-03757,38F,PRIMEIRA_CLASSE,2025-10-09 20:18:30+00:00
3758,TKT-03758,11A,EXECUTIVA,2025-12-11 09:23:03+00:00
3759,TKT-03759,10B,EXECUTIVA,2025-10-02 16:31:20+00:00
3760,TKT-03760,23F,ECONOMICA,2026-02-01 22:47:59+00:00
3761,TKT-03761,4B,ECONOMICA,2026-02-01 17:13:19+00:00
3762,TKT-03762,25D,EXECUTIVA,2025-09-20 12:01:56+00:00
3763,TKT-03763,12A,PRIMEIRA_CLASSE,2025-10-15 10:11:51+00:00
3764,TKT-03764,25F,ECONOMICA,2026-01-08 01:44:09+00:00
3765,TKT-03765,9E,EXECUTIVA,2026-04-24 20:54:36+00:00
3766,TKT-03766,1A,EXECUTIVA,2026-02-05 08:42:02+00:00
3767,TKT-03767,25E,ECONOMICA,2026-03-10 05:52:39+00:00
3768,TKT-03768,20C,ECONOMICA,2025-08-11 15:38:45+00:00
3769,TKT-03769,34A,EXECUTIVA,2025-08-16 15:44:43+00:00
3770,TKT-03770,22D,PRIMEIRA_CLASSE,2026-02-23 17:35:07+00:00
3771,TKT-03771,39C,ECONOMICA,2025-08-25 13:49:42+00:00
3772,TKT-03772,13E,EXECUTIVA,2025-08-30 16:41:49+00:00
3773,TKT-03773,26B,ECONOMICA,2025-11-19 12:53:24+00:00
3774,TKT-03774,13F,ECONOMICA,2026-02-28 07:22:18+00:00
3775,TKT-03775,38D,EXECUTIVA,2025-09-09 02:08:16+00:00
3776,TKT-03776,5C,ECONOMICA,2026-03-16 12:43:33+00:00
3777,TKT-03777,24E,EXECUTIVA,2026-02-12 05:54:55+00:00
3778,TKT-03778,26A,ECONOMICA,2026-06-03 06:34:28+00:00
3779,TKT-03779,9B,PRIMEIRA_CLASSE,2025-07-05 01:58:03+00:00
3780,TKT-03780,18C,ECONOMICA,2026-01-18 23:04:25+00:00
3781,TKT-03781,37F,ECONOMICA,2025-06-18 00:48:17+00:00
3782,TKT-03782,33B,ECONOMICA,2026-01-25 03:11:22+00:00
3783,TKT-03783,39A,PRIMEIRA_CLASSE,2025-08-23 06:09:13+00:00
3784,TKT-03784,1F,PRIMEIRA_CLASSE,2025-11-27 19:25:14+00:00
3785,TKT-03785,2E,PRIMEIRA_CLASSE,2025-06-04 17:49:51+00:00
3786,TKT-03786,11B,ECONOMICA,2025-09-07 10:20:17+00:00
3787,TKT-03787,9E,ECONOMICA,2025-06-05 03:18:50+00:00
3788,TKT-03788,20E,ECONOMICA,2025-10-15 07:55:09+00:00
3789,TKT-03789,1D,EXECUTIVA,2025-06-07 02:58:18+00:00
3790,TKT-03790,39F,PRIMEIRA_CLASSE,2025-07-05 16:17:00+00:00
3791,TKT-03791,4E,PRIMEIRA_CLASSE,2026-02-18 20:23:03+00:00
3792,TKT-03792,17C,EXECUTIVA,2025-06-18 22:35:22+00:00
3793,TKT-03793,4E,ECONOMICA,2025-11-02 19:14:11+00:00
3794,TKT-03794,32E,PRIMEIRA_CLASSE,2026-05-26 02:18:28+00:00
3795,TKT-03795,20A,EXECUTIVA,2025-07-01 11:26:29+00:00
3796,TKT-03796,33C,PRIMEIRA_CLASSE,2025-07-11 11:34:37+00:00
3797,TKT-03797,20B,EXECUTIVA,2025-08-10 21:14:54+00:00
3798,TKT-03798,37B,ECONOMICA,2025-12-28 05:13:03+00:00
3799,TKT-03799,20B,ECONOMICA,2026-05-18 02:46:36+00:00
3800,TKT-03800,15C,ECONOMICA,2026-05-21 17:57:23+00:00
3801,TKT-03801,3E,EXECUTIVA,2026-01-26 07:53:34+00:00
3802,TKT-03802,12D,EXECUTIVA,2025-10-10 21:53:20+00:00
3803,TKT-03803,6A,PRIMEIRA_CLASSE,2025-07-10 03:24:02+00:00
3804,TKT-03804,7F,EXECUTIVA,2025-10-27 16:39:25+00:00
3805,TKT-03805,11B,ECONOMICA,2026-01-11 08:05:26+00:00
3806,TKT-03806,7D,PRIMEIRA_CLASSE,2026-04-22 10:39:58+00:00
3807,TKT-03807,38F,ECONOMICA,2025-11-28 14:17:36+00:00
3808,TKT-03808,5D,ECONOMICA,2025-12-22 19:18:17+00:00
3809,TKT-03809,3E,ECONOMICA,2026-03-10 20:31:40+00:00
3810,TKT-03810,15C,EXECUTIVA,2025-07-10 22:42:06+00:00
3811,TKT-03811,20F,ECONOMICA,2025-11-18 11:37:35+00:00
3812,TKT-03812,23A,ECONOMICA,2025-12-17 18:12:10+00:00
3813,TKT-03813,11E,ECONOMICA,2025-11-11 03:45:01+00:00
3814,TKT-03814,5D,PRIMEIRA_CLASSE,2025-09-20 17:17:12+00:00
3815,TKT-03815,18F,PRIMEIRA_CLASSE,2025-12-01 13:16:59+00:00
3816,TKT-03816,15A,PRIMEIRA_CLASSE,2025-07-25 00:08:34+00:00
3817,TKT-03817,22E,PRIMEIRA_CLASSE,2025-06-21 07:11:29+00:00
3818,TKT-03818,9F,ECONOMICA,2026-05-16 22:41:35+00:00
3819,TKT-03819,3F,PRIMEIRA_CLASSE,2026-01-01 03:03:58+00:00
3820,TKT-03820,36A,PRIMEIRA_CLASSE,2025-07-03 03:29:45+00:00
3821,TKT-03821,28E,EXECUTIVA,2025-11-28 10:16:49+00:00
3822,TKT-03822,30D,EXECUTIVA,2025-07-22 12:49:31+00:00
3823,TKT-03823,1B,ECONOMICA,2025-07-26 01:46:35+00:00
3824,TKT-03824,25E,ECONOMICA,2026-03-21 08:52:12+00:00
3825,TKT-03825,8A,PRIMEIRA_CLASSE,2025-08-07 13:46:43+00:00
3826,TKT-03826,40F,EXECUTIVA,2025-08-22 10:40:14+00:00
3827,TKT-03827,35E,ECONOMICA,2025-07-09 06:19:06+00:00
3828,TKT-03828,38B,EXECUTIVA,2025-10-23 16:39:32+00:00
3829,TKT-03829,27B,PRIMEIRA_CLASSE,2026-03-20 12:12:49+00:00
3830,TKT-03830,22A,ECONOMICA,2025-10-28 03:37:18+00:00
3831,TKT-03831,3D,PRIMEIRA_CLASSE,2025-12-21 08:13:48+00:00
3832,TKT-03832,37A,EXECUTIVA,2026-04-28 22:45:33+00:00
3833,TKT-03833,8E,ECONOMICA,2025-12-03 19:04:02+00:00
3834,TKT-03834,16E,EXECUTIVA,2025-09-29 00:37:20+00:00
3835,TKT-03835,17B,PRIMEIRA_CLASSE,2025-07-22 10:15:01+00:00
3836,TKT-03836,23C,ECONOMICA,2025-08-20 19:06:40+00:00
3837,TKT-03837,17D,ECONOMICA,2026-04-03 06:16:53+00:00
3838,TKT-03838,28A,PRIMEIRA_CLASSE,2026-04-23 19:51:11+00:00
3839,TKT-03839,3B,PRIMEIRA_CLASSE,2025-07-27 03:52:20+00:00
3840,TKT-03840,10B,EXECUTIVA,2025-12-31 11:59:16+00:00
3841,TKT-03841,14A,EXECUTIVA,2025-07-17 18:22:56+00:00
3842,TKT-03842,11E,EXECUTIVA,2025-07-24 14:28:15+00:00
3843,TKT-03843,19B,EXECUTIVA,2025-12-23 11:55:30+00:00
3844,TKT-03844,37C,ECONOMICA,2025-08-15 20:36:06+00:00
3845,TKT-03845,36A,ECONOMICA,2026-04-06 00:05:45+00:00
3846,TKT-03846,11C,PRIMEIRA_CLASSE,2025-07-13 20:35:50+00:00
3847,TKT-03847,25B,EXECUTIVA,2026-04-17 16:19:13+00:00
3848,TKT-03848,39A,PRIMEIRA_CLASSE,2025-12-15 16:16:00+00:00
3849,TKT-03849,10F,ECONOMICA,2025-09-13 20:29:42+00:00
3850,TKT-03850,36C,PRIMEIRA_CLASSE,2025-09-26 10:05:45+00:00
3851,TKT-03851,31F,ECONOMICA,2025-10-03 16:28:07+00:00
3852,TKT-03852,28D,PRIMEIRA_CLASSE,2025-10-29 07:13:31+00:00
3853,TKT-03853,2F,PRIMEIRA_CLASSE,2026-04-11 16:14:43+00:00
3854,TKT-03854,40C,EXECUTIVA,2026-05-23 01:13:19+00:00
3855,TKT-03855,36D,EXECUTIVA,2026-01-09 11:51:48+00:00
3856,TKT-03856,20B,PRIMEIRA_CLASSE,2026-04-14 03:00:27+00:00
3857,TKT-03857,3C,ECONOMICA,2026-04-19 15:22:12+00:00
3858,TKT-03858,6D,PRIMEIRA_CLASSE,2025-09-20 18:19:43+00:00
3859,TKT-03859,29C,ECONOMICA,2025-07-29 01:50:35+00:00
3860,TKT-03860,14F,PRIMEIRA_CLASSE,2026-04-02 05:54:58+00:00
3861,TKT-03861,26D,PRIMEIRA_CLASSE,2025-10-23 21:42:59+00:00
3862,TKT-03862,33A,ECONOMICA,2026-04-02 09:22:36+00:00
3863,TKT-03863,35A,ECONOMICA,2025-12-16 15:08:15+00:00
3864,TKT-03864,5D,PRIMEIRA_CLASSE,2025-08-12 22:57:13+00:00
3865,TKT-03865,28F,ECONOMICA,2025-07-22 02:04:03+00:00
3866,TKT-03866,21C,ECONOMICA,2026-02-16 18:04:11+00:00
3867,TKT-03867,5D,ECONOMICA,2025-10-28 09:58:24+00:00
3868,TKT-03868,26E,ECONOMICA,2025-10-01 06:38:43+00:00
3869,TKT-03869,3C,PRIMEIRA_CLASSE,2026-01-25 09:37:52+00:00
3870,TKT-03870,14C,PRIMEIRA_CLASSE,2025-12-01 21:59:28+00:00
3871,TKT-03871,37B,PRIMEIRA_CLASSE,2026-05-01 13:37:03+00:00
3872,TKT-03872,4B,ECONOMICA,2026-02-27 16:36:42+00:00
3873,TKT-03873,30C,EXECUTIVA,2026-02-23 23:28:54+00:00
3874,TKT-03874,33A,ECONOMICA,2026-03-03 07:45:41+00:00
3875,TKT-03875,12E,EXECUTIVA,2025-07-02 07:15:42+00:00
3876,TKT-03876,15C,PRIMEIRA_CLASSE,2026-05-01 12:44:10+00:00
3877,TKT-03877,22D,PRIMEIRA_CLASSE,2025-06-04 09:27:38+00:00
3878,TKT-03878,37E,ECONOMICA,2026-02-19 11:26:00+00:00
3879,TKT-03879,1D,PRIMEIRA_CLASSE,2026-04-06 01:46:45+00:00
3880,TKT-03880,33E,PRIMEIRA_CLASSE,2026-04-11 14:19:11+00:00
3881,TKT-03881,25B,ECONOMICA,2026-05-25 02:56:24+00:00
3882,TKT-03882,30B,EXECUTIVA,2025-11-23 18:02:15+00:00
3883,TKT-03883,18F,ECONOMICA,2025-07-05 04:20:15+00:00
3884,TKT-03884,1B,PRIMEIRA_CLASSE,2025-09-27 03:37:18+00:00
3885,TKT-03885,40E,ECONOMICA,2025-08-11 05:35:58+00:00
3886,TKT-03886,19E,PRIMEIRA_CLASSE,2025-07-18 08:45:02+00:00
3887,TKT-03887,38F,PRIMEIRA_CLASSE,2025-12-01 22:10:28+00:00
3888,TKT-03888,31A,PRIMEIRA_CLASSE,2026-02-05 06:37:51+00:00
3889,TKT-03889,28E,EXECUTIVA,2025-07-19 09:19:27+00:00
3890,TKT-03890,2E,EXECUTIVA,2026-03-22 17:49:46+00:00
3891,TKT-03891,20E,PRIMEIRA_CLASSE,2025-12-19 15:34:30+00:00
3892,TKT-03892,15F,PRIMEIRA_CLASSE,2026-02-11 06:16:34+00:00
3893,TKT-03893,31C,EXECUTIVA,2025-07-14 01:10:30+00:00
3894,TKT-03894,13B,EXECUTIVA,2026-04-16 20:05:10+00:00
3895,TKT-03895,24A,PRIMEIRA_CLASSE,2025-10-22 04:28:26+00:00
3896,TKT-03896,14A,PRIMEIRA_CLASSE,2025-07-31 14:03:13+00:00
3897,TKT-03897,31D,PRIMEIRA_CLASSE,2025-06-27 10:00:18+00:00
3898,TKT-03898,5C,ECONOMICA,2026-03-02 04:22:41+00:00
3899,TKT-03899,23D,ECONOMICA,2026-03-27 23:48:23+00:00
3900,TKT-03900,17A,PRIMEIRA_CLASSE,2026-01-23 20:50:18+00:00
3901,TKT-03901,1F,EXECUTIVA,2025-09-21 00:02:51+00:00
3902,TKT-03902,17F,ECONOMICA,2025-07-02 01:16:05+00:00
3903,TKT-03903,10A,ECONOMICA,2026-04-14 16:37:25+00:00
3904,TKT-03904,5B,PRIMEIRA_CLASSE,2026-02-25 15:20:40+00:00
3905,TKT-03905,31D,PRIMEIRA_CLASSE,2026-01-04 14:33:13+00:00
3906,TKT-03906,18E,ECONOMICA,2025-06-29 20:31:40+00:00
3907,TKT-03907,23C,ECONOMICA,2025-12-19 16:58:49+00:00
3908,TKT-03908,30C,PRIMEIRA_CLASSE,2025-09-09 07:12:31+00:00
3909,TKT-03909,32A,EXECUTIVA,2025-11-27 03:48:36+00:00
3910,TKT-03910,4A,PRIMEIRA_CLASSE,2026-01-04 21:24:01+00:00
3911,TKT-03911,14D,EXECUTIVA,2025-11-15 13:46:47+00:00
3912,TKT-03912,23A,ECONOMICA,2025-07-28 13:56:58+00:00
3913,TKT-03913,12E,ECONOMICA,2025-07-15 05:15:38+00:00
3914,TKT-03914,27C,ECONOMICA,2025-12-18 02:33:52+00:00
3915,TKT-03915,37F,ECONOMICA,2026-05-23 05:53:10+00:00
3916,TKT-03916,40C,PRIMEIRA_CLASSE,2025-06-15 03:51:06+00:00
3917,TKT-03917,40F,PRIMEIRA_CLASSE,2025-08-23 02:08:38+00:00
3918,TKT-03918,9E,EXECUTIVA,2025-10-20 04:58:01+00:00
3919,TKT-03919,26E,EXECUTIVA,2025-08-20 00:29:45+00:00
3920,TKT-03920,2C,ECONOMICA,2025-06-22 21:19:58+00:00
3921,TKT-03921,2E,PRIMEIRA_CLASSE,2025-11-09 18:48:23+00:00
3922,TKT-03922,14F,PRIMEIRA_CLASSE,2025-12-31 10:39:28+00:00
3923,TKT-03923,33C,PRIMEIRA_CLASSE,2025-08-10 05:54:40+00:00
3924,TKT-03924,28F,PRIMEIRA_CLASSE,2025-10-24 07:23:52+00:00
3925,TKT-03925,29C,PRIMEIRA_CLASSE,2025-12-06 17:21:48+00:00
3926,TKT-03926,25E,ECONOMICA,2025-10-13 15:38:35+00:00
3927,TKT-03927,20A,ECONOMICA,2025-08-30 01:55:11+00:00
3928,TKT-03928,10D,PRIMEIRA_CLASSE,2025-08-24 05:08:18+00:00
3929,TKT-03929,8F,PRIMEIRA_CLASSE,2025-11-19 16:58:40+00:00
3930,TKT-03930,3B,EXECUTIVA,2025-10-14 10:27:31+00:00
3931,TKT-03931,1C,ECONOMICA,2026-03-14 16:04:54+00:00
3932,TKT-03932,40C,EXECUTIVA,2026-01-01 11:00:23+00:00
3933,TKT-03933,22A,ECONOMICA,2025-12-27 04:27:26+00:00
3934,TKT-03934,12F,ECONOMICA,2026-04-18 10:07:32+00:00
3935,TKT-03935,9C,PRIMEIRA_CLASSE,2026-01-09 19:49:20+00:00
3936,TKT-03936,12C,PRIMEIRA_CLASSE,2026-02-14 01:38:36+00:00
3937,TKT-03937,28B,EXECUTIVA,2025-10-28 13:28:38+00:00
3938,TKT-03938,30B,ECONOMICA,2026-02-14 16:07:54+00:00
3939,TKT-03939,17C,EXECUTIVA,2025-11-10 17:30:33+00:00
3940,TKT-03940,2D,EXECUTIVA,2026-06-01 23:09:02+00:00
3941,TKT-03941,18C,EXECUTIVA,2026-02-28 17:55:13+00:00
3942,TKT-03942,34F,PRIMEIRA_CLASSE,2025-08-01 11:42:26+00:00
3943,TKT-03943,2F,ECONOMICA,2025-07-16 15:53:14+00:00
3944,TKT-03944,9C,ECONOMICA,2026-01-19 22:59:28+00:00
3945,TKT-03945,7B,PRIMEIRA_CLASSE,2025-06-15 06:29:52+00:00
3946,TKT-03946,14D,EXECUTIVA,2026-05-13 11:51:14+00:00
3947,TKT-03947,26D,ECONOMICA,2026-05-27 06:18:50+00:00
3948,TKT-03948,10B,PRIMEIRA_CLASSE,2025-07-07 07:44:10+00:00
3949,TKT-03949,12E,PRIMEIRA_CLASSE,2025-07-21 16:54:08+00:00
3950,TKT-03950,13B,PRIMEIRA_CLASSE,2025-09-10 01:37:23+00:00
3951,TKT-03951,2F,PRIMEIRA_CLASSE,2025-08-04 20:50:19+00:00
3952,TKT-03952,2F,EXECUTIVA,2025-12-08 16:31:54+00:00
3953,TKT-03953,18F,EXECUTIVA,2025-09-25 06:04:25+00:00
3954,TKT-03954,5D,EXECUTIVA,2025-12-03 01:55:09+00:00
3955,TKT-03955,20F,ECONOMICA,2026-06-01 02:15:22+00:00
3956,TKT-03956,20A,PRIMEIRA_CLASSE,2026-01-27 22:14:47+00:00
3957,TKT-03957,4A,ECONOMICA,2026-01-27 14:39:50+00:00
3958,TKT-03958,4E,ECONOMICA,2026-01-27 20:28:50+00:00
3959,TKT-03959,39C,PRIMEIRA_CLASSE,2025-11-20 03:40:45+00:00
3960,TKT-03960,20C,EXECUTIVA,2025-09-01 10:41:58+00:00
3961,TKT-03961,4F,EXECUTIVA,2026-03-11 09:32:29+00:00
3962,TKT-03962,7C,ECONOMICA,2025-12-09 14:00:42+00:00
3963,TKT-03963,18E,PRIMEIRA_CLASSE,2025-11-04 05:00:11+00:00
3964,TKT-03964,27B,PRIMEIRA_CLASSE,2026-03-07 16:34:23+00:00
3965,TKT-03965,8C,PRIMEIRA_CLASSE,2025-06-04 14:29:34+00:00
3966,TKT-03966,5D,EXECUTIVA,2026-02-13 17:24:04+00:00
3967,TKT-03967,26C,PRIMEIRA_CLASSE,2026-03-06 22:36:14+00:00
3968,TKT-03968,11C,ECONOMICA,2025-08-11 05:19:18+00:00
3969,TKT-03969,12A,ECONOMICA,2025-09-22 09:32:23+00:00
3970,TKT-03970,30D,EXECUTIVA,2026-01-10 08:25:37+00:00
3971,TKT-03971,10C,EXECUTIVA,2025-08-24 20:49:47+00:00
3972,TKT-03972,16F,EXECUTIVA,2026-02-26 23:01:36+00:00
3973,TKT-03973,32D,EXECUTIVA,2026-03-25 18:15:20+00:00
3974,TKT-03974,19A,PRIMEIRA_CLASSE,2026-04-04 17:22:25+00:00
3975,TKT-03975,12D,EXECUTIVA,2026-02-13 23:56:59+00:00
3976,TKT-03976,1A,ECONOMICA,2025-07-24 11:38:33+00:00
3977,TKT-03977,19A,PRIMEIRA_CLASSE,2025-12-30 01:31:34+00:00
3978,TKT-03978,7B,ECONOMICA,2025-07-30 18:27:05+00:00
3979,TKT-03979,38C,ECONOMICA,2025-12-22 00:35:51+00:00
3980,TKT-03980,1D,EXECUTIVA,2026-02-01 00:50:45+00:00
3981,TKT-03981,24B,PRIMEIRA_CLASSE,2026-01-30 18:00:27+00:00
3982,TKT-03982,21C,ECONOMICA,2025-06-26 03:37:58+00:00
3983,TKT-03983,18C,EXECUTIVA,2026-05-06 03:51:16+00:00
3984,TKT-03984,2D,ECONOMICA,2025-12-31 21:00:11+00:00
3985,TKT-03985,5E,EXECUTIVA,2025-10-13 07:55:25+00:00
3986,TKT-03986,13E,PRIMEIRA_CLASSE,2025-12-10 04:47:06+00:00
3987,TKT-03987,11F,ECONOMICA,2026-05-29 00:26:06+00:00
3988,TKT-03988,2E,PRIMEIRA_CLASSE,2025-09-09 08:50:03+00:00
3989,TKT-03989,22D,EXECUTIVA,2025-09-19 15:58:22+00:00
3990,TKT-03990,10F,EXECUTIVA,2025-08-22 13:59:58+00:00
3991,TKT-03991,27B,EXECUTIVA,2025-06-16 07:12:48+00:00
3992,TKT-03992,32A,PRIMEIRA_CLASSE,2025-09-22 03:25:57+00:00
3993,TKT-03993,4A,PRIMEIRA_CLASSE,2026-01-12 09:34:36+00:00
3994,TKT-03994,34B,PRIMEIRA_CLASSE,2025-07-07 13:25:44+00:00
3995,TKT-03995,4E,PRIMEIRA_CLASSE,2025-10-21 01:52:47+00:00
3996,TKT-03996,36D,ECONOMICA,2026-03-14 16:16:58+00:00
3997,TKT-03997,24E,PRIMEIRA_CLASSE,2025-10-28 13:34:40+00:00
3998,TKT-03998,34A,EXECUTIVA,2026-04-05 02:14:20+00:00
3999,TKT-03999,36F,ECONOMICA,2025-06-26 20:16:13+00:00
4000,TKT-04000,40F,ECONOMICA,2025-12-19 12:53:12+00:00
4001,TKT-04001,27D,PRIMEIRA_CLASSE,2025-11-21 17:34:20+00:00
4002,TKT-04002,16C,EXECUTIVA,2025-08-10 22:32:24+00:00
4003,TKT-04003,27B,ECONOMICA,2025-10-10 12:13:16+00:00
4004,TKT-04004,27D,EXECUTIVA,2025-12-08 19:08:07+00:00
4005,TKT-04005,9A,PRIMEIRA_CLASSE,2025-10-24 22:24:04+00:00
4006,TKT-04006,17E,EXECUTIVA,2025-10-20 19:08:54+00:00
4007,TKT-04007,39A,ECONOMICA,2026-05-26 08:13:54+00:00
4008,TKT-04008,1C,PRIMEIRA_CLASSE,2025-06-14 17:31:26+00:00
4009,TKT-04009,37D,PRIMEIRA_CLASSE,2025-09-13 20:48:41+00:00
4010,TKT-04010,40C,ECONOMICA,2025-09-09 12:22:28+00:00
4011,TKT-04011,11E,PRIMEIRA_CLASSE,2026-04-07 15:39:56+00:00
4012,TKT-04012,2D,ECONOMICA,2026-04-01 10:15:38+00:00
4013,TKT-04013,24A,PRIMEIRA_CLASSE,2025-07-05 18:23:55+00:00
4014,TKT-04014,20D,PRIMEIRA_CLASSE,2026-02-08 18:02:07+00:00
4015,TKT-04015,11A,ECONOMICA,2025-06-19 03:48:33+00:00
4016,TKT-04016,12E,ECONOMICA,2026-04-10 21:19:42+00:00
4017,TKT-04017,26F,ECONOMICA,2025-09-15 04:30:54+00:00
4018,TKT-04018,9C,PRIMEIRA_CLASSE,2026-05-06 00:00:31+00:00
4019,TKT-04019,36B,ECONOMICA,2026-05-11 09:52:49+00:00
4020,TKT-04020,1E,EXECUTIVA,2025-10-14 17:16:55+00:00
4021,TKT-04021,27A,EXECUTIVA,2025-08-09 21:20:19+00:00
4022,TKT-04022,9B,ECONOMICA,2026-05-05 12:33:28+00:00
4023,TKT-04023,4A,EXECUTIVA,2025-09-29 06:25:57+00:00
4024,TKT-04024,6F,EXECUTIVA,2026-05-25 07:43:56+00:00
4025,TKT-04025,11F,EXECUTIVA,2025-07-30 01:07:51+00:00
4026,TKT-04026,34F,ECONOMICA,2025-11-28 05:52:18+00:00
4027,TKT-04027,16C,EXECUTIVA,2025-12-24 14:51:43+00:00
4028,TKT-04028,12E,ECONOMICA,2025-09-26 01:14:10+00:00
4029,TKT-04029,6C,PRIMEIRA_CLASSE,2026-01-05 21:46:26+00:00
4030,TKT-04030,8D,EXECUTIVA,2025-07-19 05:33:30+00:00
4031,TKT-04031,9B,ECONOMICA,2026-01-09 07:42:42+00:00
4032,TKT-04032,25A,PRIMEIRA_CLASSE,2025-08-07 08:11:44+00:00
4033,TKT-04033,39E,ECONOMICA,2025-12-19 12:12:13+00:00
4034,TKT-04034,37E,PRIMEIRA_CLASSE,2026-03-19 15:45:20+00:00
4035,TKT-04035,22B,EXECUTIVA,2025-10-25 07:53:04+00:00
4036,TKT-04036,17B,EXECUTIVA,2026-02-11 04:31:35+00:00
4037,TKT-04037,12E,ECONOMICA,2025-10-18 09:12:42+00:00
4038,TKT-04038,16F,PRIMEIRA_CLASSE,2026-04-20 17:03:44+00:00
4039,TKT-04039,21C,PRIMEIRA_CLASSE,2026-04-26 20:55:01+00:00
4040,TKT-04040,19F,EXECUTIVA,2025-09-21 00:02:45+00:00
4041,TKT-04041,16F,ECONOMICA,2026-04-20 23:03:30+00:00
4042,TKT-04042,24B,PRIMEIRA_CLASSE,2025-10-11 04:56:34+00:00
4043,TKT-04043,39B,EXECUTIVA,2025-08-30 15:10:29+00:00
4044,TKT-04044,39C,EXECUTIVA,2026-03-03 16:04:11+00:00
4045,TKT-04045,23A,EXECUTIVA,2025-09-11 20:35:21+00:00
4046,TKT-04046,30C,PRIMEIRA_CLASSE,2026-05-12 10:44:05+00:00
4047,TKT-04047,25B,PRIMEIRA_CLASSE,2026-03-15 02:03:43+00:00
4048,TKT-04048,11F,PRIMEIRA_CLASSE,2026-02-26 15:17:47+00:00
4049,TKT-04049,9A,PRIMEIRA_CLASSE,2026-01-28 17:57:21+00:00
4050,TKT-04050,15B,PRIMEIRA_CLASSE,2026-01-12 09:53:45+00:00
4051,TKT-04051,33F,ECONOMICA,2025-11-24 01:39:38+00:00
4052,TKT-04052,26D,PRIMEIRA_CLASSE,2025-08-11 10:21:43+00:00
4053,TKT-04053,32E,ECONOMICA,2026-04-13 17:26:21+00:00
4054,TKT-04054,7A,EXECUTIVA,2026-01-08 03:10:48+00:00
4055,TKT-04055,16C,PRIMEIRA_CLASSE,2025-07-27 11:19:07+00:00
4056,TKT-04056,4B,PRIMEIRA_CLASSE,2025-12-07 19:37:37+00:00
4057,TKT-04057,7D,ECONOMICA,2025-11-22 15:13:18+00:00
4058,TKT-04058,34F,EXECUTIVA,2026-01-17 23:29:54+00:00
4059,TKT-04059,25C,PRIMEIRA_CLASSE,2026-01-26 08:11:46+00:00
4060,TKT-04060,7F,EXECUTIVA,2026-05-10 15:00:14+00:00
4061,TKT-04061,16F,PRIMEIRA_CLASSE,2025-10-21 13:06:46+00:00
4062,TKT-04062,23F,ECONOMICA,2026-04-27 00:37:55+00:00
4063,TKT-04063,4A,PRIMEIRA_CLASSE,2025-09-23 09:33:13+00:00
4064,TKT-04064,5E,ECONOMICA,2025-07-26 16:57:59+00:00
4065,TKT-04065,29D,ECONOMICA,2025-06-16 23:15:56+00:00
4066,TKT-04066,27C,EXECUTIVA,2025-07-29 03:10:57+00:00
4067,TKT-04067,7A,PRIMEIRA_CLASSE,2025-10-24 07:24:43+00:00
4068,TKT-04068,32C,ECONOMICA,2026-03-27 18:11:50+00:00
4069,TKT-04069,7B,EXECUTIVA,2026-01-10 13:19:31+00:00
4070,TKT-04070,26A,PRIMEIRA_CLASSE,2025-09-13 01:35:09+00:00
4071,TKT-04071,23B,ECONOMICA,2026-01-26 22:30:35+00:00
4072,TKT-04072,10F,ECONOMICA,2025-10-17 12:25:36+00:00
4073,TKT-04073,21E,ECONOMICA,2025-10-19 19:31:18+00:00
4074,TKT-04074,21B,PRIMEIRA_CLASSE,2025-12-01 13:20:52+00:00
4075,TKT-04075,14B,EXECUTIVA,2026-03-23 12:49:38+00:00
4076,TKT-04076,14E,EXECUTIVA,2025-08-05 03:33:19+00:00
4077,TKT-04077,24E,EXECUTIVA,2025-09-07 15:41:13+00:00
4078,TKT-04078,22C,PRIMEIRA_CLASSE,2025-08-03 17:38:58+00:00
4079,TKT-04079,2A,ECONOMICA,2026-05-18 08:57:25+00:00
4080,TKT-04080,1C,EXECUTIVA,2025-10-08 12:19:44+00:00
4081,TKT-04081,7C,PRIMEIRA_CLASSE,2025-10-20 04:58:33+00:00
4082,TKT-04082,6F,ECONOMICA,2025-06-03 12:32:34+00:00
4083,TKT-04083,28B,EXECUTIVA,2026-02-12 02:30:58+00:00
4084,TKT-04084,34D,EXECUTIVA,2026-01-13 19:03:57+00:00
4085,TKT-04085,4A,PRIMEIRA_CLASSE,2026-04-06 07:45:10+00:00
4086,TKT-04086,31D,ECONOMICA,2025-12-01 08:35:15+00:00
4087,TKT-04087,35C,PRIMEIRA_CLASSE,2025-10-13 04:50:03+00:00
4088,TKT-04088,10D,ECONOMICA,2025-08-22 20:01:53+00:00
4089,TKT-04089,20D,EXECUTIVA,2025-08-01 14:14:36+00:00
4090,TKT-04090,13D,PRIMEIRA_CLASSE,2025-09-29 20:53:24+00:00
4091,TKT-04091,22C,PRIMEIRA_CLASSE,2026-03-15 18:00:50+00:00
4092,TKT-04092,4B,ECONOMICA,2025-08-06 15:42:46+00:00
4093,TKT-04093,28A,EXECUTIVA,2025-09-25 22:40:09+00:00
4094,TKT-04094,35B,PRIMEIRA_CLASSE,2026-04-07 23:40:04+00:00
4095,TKT-04095,21F,EXECUTIVA,2026-04-13 05:23:15+00:00
4096,TKT-04096,1B,PRIMEIRA_CLASSE,2026-03-13 08:54:51+00:00
4097,TKT-04097,39C,EXECUTIVA,2026-02-01 07:06:47+00:00
4098,TKT-04098,29A,ECONOMICA,2026-04-18 07:27:30+00:00
4099,TKT-04099,38B,EXECUTIVA,2026-01-09 09:18:45+00:00
4100,TKT-04100,5F,ECONOMICA,2025-09-25 09:33:56+00:00
4101,TKT-04101,31F,EXECUTIVA,2026-03-14 03:19:23+00:00
4102,TKT-04102,38E,PRIMEIRA_CLASSE,2025-07-28 08:30:27+00:00
4103,TKT-04103,28A,PRIMEIRA_CLASSE,2026-03-27 10:27:53+00:00
4104,TKT-04104,18E,EXECUTIVA,2025-06-04 03:06:16+00:00
4105,TKT-04105,11E,EXECUTIVA,2026-02-05 17:28:23+00:00
4106,TKT-04106,22F,PRIMEIRA_CLASSE,2026-01-23 08:08:04+00:00
4107,TKT-04107,38E,ECONOMICA,2026-03-14 21:56:39+00:00
4108,TKT-04108,14C,PRIMEIRA_CLASSE,2025-11-13 15:25:25+00:00
4109,TKT-04109,36C,PRIMEIRA_CLASSE,2025-08-05 15:33:32+00:00
4110,TKT-04110,39E,ECONOMICA,2025-10-07 19:08:33+00:00
4111,TKT-04111,31E,PRIMEIRA_CLASSE,2025-12-01 12:31:58+00:00
4112,TKT-04112,33F,PRIMEIRA_CLASSE,2026-04-25 04:22:30+00:00
4113,TKT-04113,25A,EXECUTIVA,2026-05-14 21:06:50+00:00
4114,TKT-04114,13B,ECONOMICA,2025-12-13 18:42:16+00:00
4115,TKT-04115,33E,ECONOMICA,2026-02-03 17:14:34+00:00
4116,TKT-04116,3E,PRIMEIRA_CLASSE,2026-03-17 14:31:41+00:00
4117,TKT-04117,12F,EXECUTIVA,2025-09-07 12:49:54+00:00
4118,TKT-04118,33B,EXECUTIVA,2025-10-10 16:21:11+00:00
4119,TKT-04119,33B,ECONOMICA,2026-05-22 15:49:50+00:00
4120,TKT-04120,40E,EXECUTIVA,2026-05-04 13:23:16+00:00
4121,TKT-04121,25F,PRIMEIRA_CLASSE,2025-08-05 15:19:18+00:00
4122,TKT-04122,15A,ECONOMICA,2025-09-09 13:00:12+00:00
4123,TKT-04123,22A,ECONOMICA,2026-05-07 01:59:19+00:00
4124,TKT-04124,11B,ECONOMICA,2025-07-04 10:31:12+00:00
4125,TKT-04125,17E,ECONOMICA,2025-08-22 18:35:07+00:00
4126,TKT-04126,21A,EXECUTIVA,2026-02-12 19:07:40+00:00
4127,TKT-04127,8D,PRIMEIRA_CLASSE,2026-02-05 09:36:10+00:00
4128,TKT-04128,3B,EXECUTIVA,2026-03-26 07:21:25+00:00
4129,TKT-04129,6F,ECONOMICA,2025-07-07 10:46:25+00:00
4130,TKT-04130,25B,EXECUTIVA,2026-03-15 07:46:16+00:00
4131,TKT-04131,12A,EXECUTIVA,2025-10-23 20:59:21+00:00
4132,TKT-04132,23B,ECONOMICA,2026-01-16 20:31:37+00:00
4133,TKT-04133,9A,PRIMEIRA_CLASSE,2026-04-28 21:15:10+00:00
4134,TKT-04134,39D,PRIMEIRA_CLASSE,2026-01-05 10:00:45+00:00
4135,TKT-04135,29B,EXECUTIVA,2026-04-12 08:10:17+00:00
4136,TKT-04136,11D,EXECUTIVA,2025-11-06 05:36:52+00:00
4137,TKT-04137,26D,PRIMEIRA_CLASSE,2025-10-27 10:18:42+00:00
4138,TKT-04138,31A,PRIMEIRA_CLASSE,2025-11-12 05:07:28+00:00
4139,TKT-04139,29F,EXECUTIVA,2025-11-20 20:42:21+00:00
4140,TKT-04140,8F,PRIMEIRA_CLASSE,2025-09-09 03:04:31+00:00
4141,TKT-04141,25C,ECONOMICA,2025-11-19 15:03:09+00:00
4142,TKT-04142,11F,EXECUTIVA,2026-01-29 13:55:47+00:00
4143,TKT-04143,38C,PRIMEIRA_CLASSE,2025-06-29 10:14:57+00:00
4144,TKT-04144,7A,PRIMEIRA_CLASSE,2026-01-09 13:49:33+00:00
4145,TKT-04145,3C,ECONOMICA,2026-03-22 19:54:25+00:00
4146,TKT-04146,32F,EXECUTIVA,2026-06-02 22:01:11+00:00
4147,TKT-04147,34C,ECONOMICA,2025-11-13 08:27:05+00:00
4148,TKT-04148,20A,PRIMEIRA_CLASSE,2026-05-28 05:06:34+00:00
4149,TKT-04149,19D,ECONOMICA,2025-11-04 21:10:48+00:00
4150,TKT-04150,22D,PRIMEIRA_CLASSE,2025-08-18 22:41:29+00:00
4151,TKT-04151,17F,EXECUTIVA,2026-02-14 07:46:18+00:00
4152,TKT-04152,8C,EXECUTIVA,2025-12-14 10:37:21+00:00
4153,TKT-04153,4E,EXECUTIVA,2026-04-20 04:20:08+00:00
4154,TKT-04154,40D,EXECUTIVA,2025-08-29 10:14:32+00:00
4155,TKT-04155,15E,PRIMEIRA_CLASSE,2025-07-25 04:45:58+00:00
4156,TKT-04156,8A,ECONOMICA,2025-12-18 19:33:06+00:00
4157,TKT-04157,1D,PRIMEIRA_CLASSE,2025-12-18 00:26:05+00:00
4158,TKT-04158,31A,ECONOMICA,2025-12-16 04:02:16+00:00
4159,TKT-04159,9E,PRIMEIRA_CLASSE,2026-03-02 18:58:43+00:00
4160,TKT-04160,30F,PRIMEIRA_CLASSE,2025-11-04 17:33:24+00:00
4161,TKT-04161,26E,EXECUTIVA,2025-08-02 05:08:32+00:00
4162,TKT-04162,30E,ECONOMICA,2025-10-18 14:27:59+00:00
4163,TKT-04163,38F,PRIMEIRA_CLASSE,2025-12-14 15:59:19+00:00
4164,TKT-04164,23B,EXECUTIVA,2025-09-30 02:16:50+00:00
4165,TKT-04165,6C,ECONOMICA,2025-07-24 16:04:02+00:00
4166,TKT-04166,28E,ECONOMICA,2026-02-15 04:03:38+00:00
4167,TKT-04167,39D,PRIMEIRA_CLASSE,2025-06-05 07:03:06+00:00
4168,TKT-04168,14F,PRIMEIRA_CLASSE,2026-04-03 12:55:01+00:00
4169,TKT-04169,10D,PRIMEIRA_CLASSE,2025-08-11 01:14:31+00:00
4170,TKT-04170,2A,EXECUTIVA,2025-08-15 22:40:21+00:00
4171,TKT-04171,31D,ECONOMICA,2025-09-10 12:06:29+00:00
4172,TKT-04172,2C,EXECUTIVA,2025-07-22 21:14:03+00:00
4173,TKT-04173,2A,PRIMEIRA_CLASSE,2025-10-01 13:56:37+00:00
4174,TKT-04174,26F,ECONOMICA,2026-04-24 01:15:02+00:00
4175,TKT-04175,39B,ECONOMICA,2025-10-01 21:26:36+00:00
4176,TKT-04176,30B,EXECUTIVA,2025-07-26 13:47:09+00:00
4177,TKT-04177,35E,ECONOMICA,2025-08-04 21:22:53+00:00
4178,TKT-04178,4F,ECONOMICA,2026-03-03 14:24:51+00:00
4179,TKT-04179,22C,EXECUTIVA,2026-01-13 18:16:13+00:00
4180,TKT-04180,24E,EXECUTIVA,2026-03-29 15:19:53+00:00
4181,TKT-04181,19C,PRIMEIRA_CLASSE,2026-01-23 11:54:14+00:00
4182,TKT-04182,11D,ECONOMICA,2025-07-11 11:10:31+00:00
4183,TKT-04183,35D,PRIMEIRA_CLASSE,2026-05-26 05:52:33+00:00
4184,TKT-04184,38D,ECONOMICA,2026-05-05 18:26:03+00:00
4185,TKT-04185,33D,ECONOMICA,2025-11-27 11:48:36+00:00
4186,TKT-04186,40D,PRIMEIRA_CLASSE,2025-07-21 23:49:27+00:00
4187,TKT-04187,14A,ECONOMICA,2025-09-23 16:30:56+00:00
4188,TKT-04188,23C,PRIMEIRA_CLASSE,2026-05-05 23:24:07+00:00
4189,TKT-04189,40B,EXECUTIVA,2025-09-23 03:38:53+00:00
4190,TKT-04190,31A,EXECUTIVA,2025-06-13 08:31:19+00:00
4191,TKT-04191,27C,ECONOMICA,2025-06-29 21:06:48+00:00
4192,TKT-04192,30F,ECONOMICA,2026-05-20 20:33:42+00:00
4193,TKT-04193,35B,PRIMEIRA_CLASSE,2025-09-15 08:32:16+00:00
4194,TKT-04194,28D,ECONOMICA,2026-05-14 13:19:27+00:00
4195,TKT-04195,26D,PRIMEIRA_CLASSE,2026-03-12 02:24:37+00:00
4196,TKT-04196,14B,PRIMEIRA_CLASSE,2025-12-14 02:12:25+00:00
4197,TKT-04197,9F,EXECUTIVA,2025-07-31 16:38:15+00:00
4198,TKT-04198,19A,PRIMEIRA_CLASSE,2026-02-08 20:37:49+00:00
4199,TKT-04199,11D,PRIMEIRA_CLASSE,2025-07-28 16:26:57+00:00
4200,TKT-04200,22B,ECONOMICA,2026-05-05 15:47:48+00:00
4201,TKT-04201,26B,EXECUTIVA,2025-07-26 08:05:39+00:00
4202,TKT-04202,19B,EXECUTIVA,2025-08-10 22:16:05+00:00
4203,TKT-04203,2D,EXECUTIVA,2026-03-12 11:17:01+00:00
4204,TKT-04204,27C,PRIMEIRA_CLASSE,2025-09-27 02:15:46+00:00
4205,TKT-04205,38C,EXECUTIVA,2026-05-06 17:10:26+00:00
4206,TKT-04206,37D,ECONOMICA,2026-01-12 19:07:48+00:00
4207,TKT-04207,10A,PRIMEIRA_CLASSE,2025-08-28 13:51:25+00:00
4208,TKT-04208,40A,ECONOMICA,2026-02-03 02:05:27+00:00
4209,TKT-04209,26A,PRIMEIRA_CLASSE,2025-06-09 04:13:02+00:00
4210,TKT-04210,17F,PRIMEIRA_CLASSE,2025-10-02 05:34:27+00:00
4211,TKT-04211,23F,PRIMEIRA_CLASSE,2026-05-26 22:12:29+00:00
4212,TKT-04212,21B,EXECUTIVA,2025-10-05 17:46:51+00:00
4213,TKT-04213,25B,ECONOMICA,2026-01-20 03:11:07+00:00
4214,TKT-04214,20A,PRIMEIRA_CLASSE,2026-03-06 13:00:30+00:00
4215,TKT-04215,16E,EXECUTIVA,2026-01-02 23:34:40+00:00
4216,TKT-04216,14A,EXECUTIVA,2026-03-25 10:18:59+00:00
4217,TKT-04217,12C,ECONOMICA,2025-07-11 15:54:22+00:00
4218,TKT-04218,28A,EXECUTIVA,2025-12-28 12:25:56+00:00
4219,TKT-04219,13D,ECONOMICA,2026-06-01 04:29:08+00:00
4220,TKT-04220,20B,ECONOMICA,2025-07-10 03:31:12+00:00
4221,TKT-04221,15D,ECONOMICA,2025-10-24 04:42:43+00:00
4222,TKT-04222,16B,PRIMEIRA_CLASSE,2025-06-26 19:28:52+00:00
4223,TKT-04223,18C,ECONOMICA,2026-03-27 15:57:45+00:00
4224,TKT-04224,2B,EXECUTIVA,2026-03-18 15:28:38+00:00
4225,TKT-04225,18B,EXECUTIVA,2025-09-25 20:24:40+00:00
4226,TKT-04226,25B,PRIMEIRA_CLASSE,2026-02-13 04:30:15+00:00
4227,TKT-04227,14E,PRIMEIRA_CLASSE,2026-01-19 10:28:43+00:00
4228,TKT-04228,17B,PRIMEIRA_CLASSE,2025-12-05 03:33:58+00:00
4229,TKT-04229,24E,ECONOMICA,2026-02-13 05:54:20+00:00
4230,TKT-04230,16D,PRIMEIRA_CLASSE,2025-12-27 02:41:11+00:00
4231,TKT-04231,31B,EXECUTIVA,2025-07-10 07:33:16+00:00
4232,TKT-04232,25A,ECONOMICA,2025-09-06 15:20:29+00:00
4233,TKT-04233,2C,PRIMEIRA_CLASSE,2025-09-15 08:29:45+00:00
4234,TKT-04234,29C,EXECUTIVA,2025-10-31 11:22:36+00:00
4235,TKT-04235,24F,ECONOMICA,2026-06-01 23:16:44+00:00
4236,TKT-04236,3D,EXECUTIVA,2026-02-12 10:04:57+00:00
4237,TKT-04237,28F,PRIMEIRA_CLASSE,2025-07-01 03:16:00+00:00
4238,TKT-04238,3C,EXECUTIVA,2025-12-31 13:32:47+00:00
4239,TKT-04239,4F,EXECUTIVA,2025-10-11 19:19:44+00:00
4240,TKT-04240,15E,ECONOMICA,2025-12-07 22:12:00+00:00
4241,TKT-04241,12B,EXECUTIVA,2025-07-28 21:44:38+00:00
4242,TKT-04242,31D,ECONOMICA,2026-05-06 02:18:54+00:00
4243,TKT-04243,32D,EXECUTIVA,2025-09-21 15:20:45+00:00
4244,TKT-04244,15E,PRIMEIRA_CLASSE,2025-12-23 08:47:07+00:00
4245,TKT-04245,34B,ECONOMICA,2026-05-26 22:22:47+00:00
4246,TKT-04246,27C,PRIMEIRA_CLASSE,2025-11-20 06:24:53+00:00
4247,TKT-04247,1D,ECONOMICA,2025-08-09 19:12:36+00:00
4248,TKT-04248,7D,PRIMEIRA_CLASSE,2025-08-27 12:59:32+00:00
4249,TKT-04249,15E,EXECUTIVA,2026-01-31 14:21:00+00:00
4250,TKT-04250,18E,ECONOMICA,2026-01-06 09:28:38+00:00
4251,TKT-04251,19C,EXECUTIVA,2025-10-03 07:06:25+00:00
4252,TKT-04252,4A,ECONOMICA,2025-11-29 12:34:47+00:00
4253,TKT-04253,38E,ECONOMICA,2026-02-04 06:39:31+00:00
4254,TKT-04254,33C,ECONOMICA,2026-02-18 15:09:18+00:00
4255,TKT-04255,9D,PRIMEIRA_CLASSE,2026-01-21 15:39:10+00:00
4256,TKT-04256,33B,PRIMEIRA_CLASSE,2025-09-20 04:25:36+00:00
4257,TKT-04257,7B,ECONOMICA,2025-08-07 20:38:42+00:00
4258,TKT-04258,12C,ECONOMICA,2026-04-07 22:58:01+00:00
4259,TKT-04259,25E,ECONOMICA,2026-05-30 21:20:44+00:00
4260,TKT-04260,16C,ECONOMICA,2026-05-11 18:09:08+00:00
4261,TKT-04261,39C,PRIMEIRA_CLASSE,2026-04-21 16:16:10+00:00
4262,TKT-04262,31F,ECONOMICA,2026-05-27 07:27:19+00:00
4263,TKT-04263,29E,EXECUTIVA,2026-05-16 08:29:22+00:00
4264,TKT-04264,11D,PRIMEIRA_CLASSE,2025-06-14 02:09:10+00:00
4265,TKT-04265,10F,EXECUTIVA,2025-07-08 15:12:22+00:00
4266,TKT-04266,40D,EXECUTIVA,2025-11-08 11:32:01+00:00
4267,TKT-04267,26C,ECONOMICA,2025-09-05 08:08:51+00:00
4268,TKT-04268,12B,PRIMEIRA_CLASSE,2025-07-18 18:00:42+00:00
4269,TKT-04269,2E,EXECUTIVA,2025-10-21 01:32:52+00:00
4270,TKT-04270,14B,ECONOMICA,2026-01-17 01:42:01+00:00
4271,TKT-04271,17D,EXECUTIVA,2026-01-13 00:31:30+00:00
4272,TKT-04272,31C,PRIMEIRA_CLASSE,2026-03-27 20:30:50+00:00
4273,TKT-04273,37B,ECONOMICA,2025-07-11 21:47:45+00:00
4274,TKT-04274,23D,EXECUTIVA,2026-03-05 05:03:49+00:00
4275,TKT-04275,23E,ECONOMICA,2026-05-01 04:48:04+00:00
4276,TKT-04276,6D,PRIMEIRA_CLASSE,2025-06-18 07:59:07+00:00
4277,TKT-04277,18B,ECONOMICA,2025-06-17 11:52:41+00:00
4278,TKT-04278,25F,ECONOMICA,2025-11-10 01:02:15+00:00
4279,TKT-04279,30E,ECONOMICA,2025-10-20 08:00:44+00:00
4280,TKT-04280,11F,PRIMEIRA_CLASSE,2025-08-27 23:27:20+00:00
4281,TKT-04281,32B,PRIMEIRA_CLASSE,2026-02-23 22:38:21+00:00
4282,TKT-04282,21A,ECONOMICA,2025-12-29 03:45:05+00:00
4283,TKT-04283,22B,ECONOMICA,2025-07-07 23:16:37+00:00
4284,TKT-04284,32B,EXECUTIVA,2025-11-03 22:33:53+00:00
4285,TKT-04285,26F,ECONOMICA,2025-11-29 19:02:04+00:00
4286,TKT-04286,40A,PRIMEIRA_CLASSE,2026-02-15 07:52:22+00:00
4287,TKT-04287,23E,ECONOMICA,2026-05-09 05:04:58+00:00
4288,TKT-04288,35C,PRIMEIRA_CLASSE,2025-10-24 23:01:47+00:00
4289,TKT-04289,23E,PRIMEIRA_CLASSE,2026-04-04 14:18:11+00:00
4290,TKT-04290,19C,EXECUTIVA,2025-08-04 14:15:40+00:00
4291,TKT-04291,8A,EXECUTIVA,2026-01-01 13:12:40+00:00
4292,TKT-04292,24D,ECONOMICA,2026-01-30 04:14:28+00:00
4293,TKT-04293,18C,PRIMEIRA_CLASSE,2025-12-12 07:06:48+00:00
4294,TKT-04294,9B,PRIMEIRA_CLASSE,2025-12-06 03:46:50+00:00
4295,TKT-04295,5A,ECONOMICA,2025-12-03 15:26:34+00:00
4296,TKT-04296,22A,PRIMEIRA_CLASSE,2025-12-18 19:32:39+00:00
4297,TKT-04297,12F,EXECUTIVA,2026-01-29 09:47:55+00:00
4298,TKT-04298,14C,PRIMEIRA_CLASSE,2026-02-26 01:34:20+00:00
4299,TKT-04299,32F,ECONOMICA,2025-09-22 07:36:12+00:00
4300,TKT-04300,16C,EXECUTIVA,2025-10-18 23:02:21+00:00
4301,TKT-04301,20C,EXECUTIVA,2025-07-10 06:59:03+00:00
4302,TKT-04302,11D,EXECUTIVA,2025-06-09 09:48:25+00:00
4303,TKT-04303,2B,ECONOMICA,2025-06-26 22:00:40+00:00
4304,TKT-04304,29B,PRIMEIRA_CLASSE,2025-11-27 19:29:21+00:00
4305,TKT-04305,8B,PRIMEIRA_CLASSE,2026-03-24 21:42:54+00:00
4306,TKT-04306,32F,EXECUTIVA,2026-04-27 03:38:48+00:00
4307,TKT-04307,36B,EXECUTIVA,2025-09-24 23:06:04+00:00
4308,TKT-04308,14A,ECONOMICA,2026-05-29 10:29:47+00:00
4309,TKT-04309,9E,PRIMEIRA_CLASSE,2025-11-24 08:30:35+00:00
4310,TKT-04310,15D,ECONOMICA,2025-07-11 05:57:27+00:00
4311,TKT-04311,37B,ECONOMICA,2025-10-31 17:25:39+00:00
4312,TKT-04312,2F,EXECUTIVA,2026-03-30 05:54:30+00:00
4313,TKT-04313,2A,ECONOMICA,2025-09-15 21:04:41+00:00
4314,TKT-04314,3E,EXECUTIVA,2025-11-22 01:08:56+00:00
4315,TKT-04315,31C,ECONOMICA,2026-02-10 04:01:31+00:00
4316,TKT-04316,7B,EXECUTIVA,2025-06-08 12:31:41+00:00
4317,TKT-04317,22F,PRIMEIRA_CLASSE,2025-08-16 17:19:33+00:00
4318,TKT-04318,29B,PRIMEIRA_CLASSE,2025-09-21 21:10:56+00:00
4319,TKT-04319,4A,EXECUTIVA,2026-04-15 05:25:27+00:00
4320,TKT-04320,22F,ECONOMICA,2025-06-28 07:35:30+00:00
4321,TKT-04321,35F,EXECUTIVA,2025-09-22 05:36:59+00:00
4322,TKT-04322,14B,EXECUTIVA,2025-07-22 10:12:11+00:00
4323,TKT-04323,11C,PRIMEIRA_CLASSE,2026-03-09 00:00:15+00:00
4324,TKT-04324,28F,ECONOMICA,2025-10-01 00:48:08+00:00
4325,TKT-04325,21A,PRIMEIRA_CLASSE,2025-11-28 03:54:20+00:00
4326,TKT-04326,19F,EXECUTIVA,2026-04-22 07:39:49+00:00
4327,TKT-04327,19F,EXECUTIVA,2026-01-12 01:58:56+00:00
4328,TKT-04328,21B,PRIMEIRA_CLASSE,2026-05-03 20:13:52+00:00
4329,TKT-04329,31D,PRIMEIRA_CLASSE,2026-01-08 12:47:17+00:00
4330,TKT-04330,24D,ECONOMICA,2026-02-22 05:37:34+00:00
4331,TKT-04331,19D,EXECUTIVA,2026-02-26 17:56:09+00:00
4332,TKT-04332,5F,PRIMEIRA_CLASSE,2026-05-08 15:17:26+00:00
4333,TKT-04333,28D,ECONOMICA,2025-08-26 17:20:28+00:00
4334,TKT-04334,33E,EXECUTIVA,2026-02-19 08:14:32+00:00
4335,TKT-04335,20A,EXECUTIVA,2026-01-24 06:05:15+00:00
4336,TKT-04336,32F,PRIMEIRA_CLASSE,2026-03-26 21:38:36+00:00
4337,TKT-04337,37B,ECONOMICA,2025-10-19 17:58:53+00:00
4338,TKT-04338,26D,PRIMEIRA_CLASSE,2026-05-26 05:49:09+00:00
4339,TKT-04339,29D,EXECUTIVA,2025-11-11 11:50:17+00:00
4340,TKT-04340,2C,ECONOMICA,2025-07-20 11:02:19+00:00
4341,TKT-04341,11D,EXECUTIVA,2026-01-13 06:52:45+00:00
4342,TKT-04342,10C,PRIMEIRA_CLASSE,2025-11-04 22:05:14+00:00
4343,TKT-04343,40A,PRIMEIRA_CLASSE,2025-12-05 05:35:07+00:00
4344,TKT-04344,40D,EXECUTIVA,2026-05-11 14:26:51+00:00
4345,TKT-04345,17E,ECONOMICA,2025-12-09 23:11:02+00:00
4346,TKT-04346,11B,PRIMEIRA_CLASSE,2025-10-09 04:49:54+00:00
4347,TKT-04347,29E,ECONOMICA,2026-05-02 10:39:34+00:00
4348,TKT-04348,26C,ECONOMICA,2025-10-18 11:58:08+00:00
4349,TKT-04349,22E,EXECUTIVA,2026-01-26 20:16:10+00:00
4350,TKT-04350,33A,EXECUTIVA,2026-02-28 08:58:30+00:00
4351,TKT-04351,11E,EXECUTIVA,2025-09-09 04:51:20+00:00
4352,TKT-04352,36F,ECONOMICA,2026-01-17 00:48:30+00:00
4353,TKT-04353,17A,EXECUTIVA,2025-10-10 01:53:44+00:00
4354,TKT-04354,33A,ECONOMICA,2025-12-31 14:02:09+00:00
4355,TKT-04355,3A,ECONOMICA,2025-08-21 10:05:43+00:00
4356,TKT-04356,18F,ECONOMICA,2025-08-28 10:14:10+00:00
4357,TKT-04357,27D,PRIMEIRA_CLASSE,2026-02-25 21:37:59+00:00
4358,TKT-04358,27A,PRIMEIRA_CLASSE,2026-01-11 16:23:13+00:00
4359,TKT-04359,39A,PRIMEIRA_CLASSE,2025-06-10 10:24:43+00:00
4360,TKT-04360,32A,EXECUTIVA,2026-01-27 03:58:02+00:00
4361,TKT-04361,5C,ECONOMICA,2026-04-17 09:49:44+00:00
4362,TKT-04362,27E,ECONOMICA,2025-07-10 19:46:15+00:00
4363,TKT-04363,7A,PRIMEIRA_CLASSE,2025-09-15 03:19:50+00:00
4364,TKT-04364,37E,EXECUTIVA,2025-08-28 05:48:42+00:00
4365,TKT-04365,32F,EXECUTIVA,2025-09-01 13:16:49+00:00
4366,TKT-04366,25F,ECONOMICA,2025-07-10 07:32:15+00:00
4367,TKT-04367,17D,ECONOMICA,2025-12-27 01:56:31+00:00
4368,TKT-04368,34E,PRIMEIRA_CLASSE,2025-11-30 18:07:54+00:00
4369,TKT-04369,28C,EXECUTIVA,2025-10-11 21:36:38+00:00
4370,TKT-04370,27C,ECONOMICA,2025-08-20 06:27:31+00:00
4371,TKT-04371,25F,ECONOMICA,2025-10-09 13:27:02+00:00
4372,TKT-04372,8F,EXECUTIVA,2025-12-03 18:35:59+00:00
4373,TKT-04373,29E,EXECUTIVA,2025-06-06 22:05:53+00:00
4374,TKT-04374,16E,ECONOMICA,2025-08-06 13:36:35+00:00
4375,TKT-04375,8C,EXECUTIVA,2025-08-04 05:26:18+00:00
4376,TKT-04376,20B,ECONOMICA,2025-11-09 20:44:07+00:00
4377,TKT-04377,39D,PRIMEIRA_CLASSE,2025-11-20 06:30:23+00:00
4378,TKT-04378,26A,ECONOMICA,2025-12-15 17:29:39+00:00
4379,TKT-04379,35F,ECONOMICA,2026-05-13 12:09:34+00:00
4380,TKT-04380,10B,EXECUTIVA,2026-05-30 05:25:14+00:00
4381,TKT-04381,35F,PRIMEIRA_CLASSE,2025-08-13 22:24:53+00:00
4382,TKT-04382,19C,ECONOMICA,2025-09-20 18:16:16+00:00
4383,TKT-04383,3E,PRIMEIRA_CLASSE,2026-03-18 02:20:05+00:00
4384,TKT-04384,24C,ECONOMICA,2025-09-12 09:52:27+00:00
4385,TKT-04385,8B,PRIMEIRA_CLASSE,2025-08-15 23:13:31+00:00
4386,TKT-04386,5C,EXECUTIVA,2025-09-27 22:44:15+00:00
4387,TKT-04387,29B,PRIMEIRA_CLASSE,2025-11-24 12:03:36+00:00
4388,TKT-04388,7B,ECONOMICA,2025-06-09 10:51:45+00:00
4389,TKT-04389,17B,PRIMEIRA_CLASSE,2026-02-18 15:32:27+00:00
4390,TKT-04390,6A,ECONOMICA,2025-11-15 15:27:37+00:00
4391,TKT-04391,32A,EXECUTIVA,2025-11-20 20:25:09+00:00
4392,TKT-04392,16B,ECONOMICA,2025-09-08 11:29:19+00:00
4393,TKT-04393,3D,EXECUTIVA,2026-04-22 15:19:13+00:00
4394,TKT-04394,2A,ECONOMICA,2025-12-04 19:43:42+00:00
4395,TKT-04395,37D,ECONOMICA,2026-05-27 15:17:41+00:00
4396,TKT-04396,16F,ECONOMICA,2025-07-16 20:55:42+00:00
4397,TKT-04397,13F,ECONOMICA,2026-05-23 14:39:45+00:00
4398,TKT-04398,31B,ECONOMICA,2025-11-19 06:06:11+00:00
4399,TKT-04399,15C,PRIMEIRA_CLASSE,2026-01-26 11:53:20+00:00
4400,TKT-04400,35D,EXECUTIVA,2025-10-14 07:22:14+00:00
4401,TKT-04401,34E,EXECUTIVA,2026-05-08 17:10:11+00:00
4402,TKT-04402,4A,PRIMEIRA_CLASSE,2025-11-18 04:03:26+00:00
4403,TKT-04403,4B,PRIMEIRA_CLASSE,2026-02-10 12:20:10+00:00
4404,TKT-04404,26D,ECONOMICA,2026-01-03 08:04:18+00:00
4405,TKT-04405,13A,PRIMEIRA_CLASSE,2026-04-10 19:12:33+00:00
4406,TKT-04406,36B,ECONOMICA,2026-05-10 05:14:46+00:00
4407,TKT-04407,4B,EXECUTIVA,2025-11-13 04:50:15+00:00
4408,TKT-04408,18F,PRIMEIRA_CLASSE,2025-06-24 13:05:43+00:00
4409,TKT-04409,25F,EXECUTIVA,2025-07-10 13:06:24+00:00
4410,TKT-04410,5E,EXECUTIVA,2025-12-12 13:24:49+00:00
4411,TKT-04411,3C,PRIMEIRA_CLASSE,2025-11-29 12:07:56+00:00
4412,TKT-04412,8B,ECONOMICA,2026-01-01 17:17:38+00:00
4413,TKT-04413,29B,PRIMEIRA_CLASSE,2025-10-14 08:58:02+00:00
4414,TKT-04414,27A,EXECUTIVA,2025-06-04 02:05:50+00:00
4415,TKT-04415,14E,EXECUTIVA,2026-06-03 13:43:56+00:00
4416,TKT-04416,23D,PRIMEIRA_CLASSE,2026-05-15 14:34:30+00:00
4417,TKT-04417,1E,ECONOMICA,2025-12-09 08:55:40+00:00
4418,TKT-04418,21D,ECONOMICA,2025-12-13 08:50:31+00:00
4419,TKT-04419,35E,PRIMEIRA_CLASSE,2025-09-11 18:32:06+00:00
4420,TKT-04420,23A,EXECUTIVA,2025-07-23 10:24:35+00:00
4421,TKT-04421,40B,EXECUTIVA,2026-05-07 01:21:15+00:00
4422,TKT-04422,13B,ECONOMICA,2025-07-21 12:16:46+00:00
4423,TKT-04423,6B,EXECUTIVA,2025-10-09 17:58:52+00:00
4424,TKT-04424,23A,PRIMEIRA_CLASSE,2026-05-17 06:48:23+00:00
4425,TKT-04425,2B,PRIMEIRA_CLASSE,2026-04-18 08:25:29+00:00
4426,TKT-04426,10D,ECONOMICA,2025-11-18 04:37:45+00:00
4427,TKT-04427,33D,EXECUTIVA,2025-11-22 23:33:38+00:00
4428,TKT-04428,24F,ECONOMICA,2025-09-06 07:23:25+00:00
4429,TKT-04429,36E,EXECUTIVA,2026-04-29 08:37:17+00:00
4430,TKT-04430,9E,ECONOMICA,2026-01-29 22:05:34+00:00
4431,TKT-04431,30E,EXECUTIVA,2026-01-02 22:17:06+00:00
4432,TKT-04432,38B,EXECUTIVA,2025-10-25 12:31:25+00:00
4433,TKT-04433,15E,ECONOMICA,2025-07-31 14:11:44+00:00
4434,TKT-04434,34B,ECONOMICA,2026-03-24 00:40:12+00:00
4435,TKT-04435,1B,ECONOMICA,2026-05-18 23:43:31+00:00
4436,TKT-04436,16B,ECONOMICA,2025-11-17 19:34:50+00:00
4437,TKT-04437,33D,PRIMEIRA_CLASSE,2025-06-08 22:31:43+00:00
4438,TKT-04438,30D,PRIMEIRA_CLASSE,2025-12-29 00:38:30+00:00
4439,TKT-04439,21A,PRIMEIRA_CLASSE,2025-08-07 09:22:34+00:00
4440,TKT-04440,15C,ECONOMICA,2025-08-21 15:44:20+00:00
4441,TKT-04441,22D,ECONOMICA,2025-06-13 10:30:18+00:00
4442,TKT-04442,10E,ECONOMICA,2026-02-26 10:05:59+00:00
4443,TKT-04443,3E,EXECUTIVA,2025-06-23 04:23:29+00:00
4444,TKT-04444,40F,PRIMEIRA_CLASSE,2025-12-03 00:41:12+00:00
4445,TKT-04445,6D,EXECUTIVA,2025-09-28 05:19:24+00:00
4446,TKT-04446,27D,EXECUTIVA,2026-03-13 00:59:54+00:00
4447,TKT-04447,17F,ECONOMICA,2025-10-30 23:01:56+00:00
4448,TKT-04448,29F,EXECUTIVA,2026-03-19 19:20:29+00:00
4449,TKT-04449,2D,EXECUTIVA,2025-07-22 05:09:09+00:00
4450,TKT-04450,23B,EXECUTIVA,2026-01-23 22:48:02+00:00
4451,TKT-04451,38F,ECONOMICA,2025-08-08 22:21:59+00:00
4452,TKT-04452,8C,EXECUTIVA,2025-10-28 17:06:07+00:00
4453,TKT-04453,13C,ECONOMICA,2025-09-13 05:11:31+00:00
4454,TKT-04454,19E,EXECUTIVA,2025-06-06 19:10:53+00:00
4455,TKT-04455,9A,ECONOMICA,2026-02-26 05:00:54+00:00
4456,TKT-04456,27A,PRIMEIRA_CLASSE,2025-11-04 12:20:32+00:00
4457,TKT-04457,19C,EXECUTIVA,2025-07-15 10:27:16+00:00
4458,TKT-04458,24E,PRIMEIRA_CLASSE,2025-09-29 19:19:08+00:00
4459,TKT-04459,4C,PRIMEIRA_CLASSE,2026-05-12 06:31:21+00:00
4460,TKT-04460,12A,PRIMEIRA_CLASSE,2025-07-23 11:03:08+00:00
4461,TKT-04461,20C,ECONOMICA,2026-04-28 13:46:23+00:00
4462,TKT-04462,21A,EXECUTIVA,2025-09-11 17:57:49+00:00
4463,TKT-04463,32A,EXECUTIVA,2025-07-31 05:13:34+00:00
4464,TKT-04464,39B,ECONOMICA,2025-07-18 12:57:37+00:00
4465,TKT-04465,24D,EXECUTIVA,2026-03-22 06:59:19+00:00
4466,TKT-04466,11A,ECONOMICA,2025-09-12 14:29:01+00:00
4467,TKT-04467,35E,EXECUTIVA,2025-11-07 13:55:42+00:00
4468,TKT-04468,18C,EXECUTIVA,2025-11-10 11:09:28+00:00
4469,TKT-04469,11A,PRIMEIRA_CLASSE,2025-10-18 02:00:42+00:00
4470,TKT-04470,12A,EXECUTIVA,2026-04-05 19:27:09+00:00
4471,TKT-04471,15A,PRIMEIRA_CLASSE,2025-07-11 15:28:13+00:00
4472,TKT-04472,21C,ECONOMICA,2026-04-12 06:52:31+00:00
4473,TKT-04473,10F,PRIMEIRA_CLASSE,2026-01-01 12:27:17+00:00
4474,TKT-04474,7A,PRIMEIRA_CLASSE,2026-06-02 00:29:22+00:00
4475,TKT-04475,3E,EXECUTIVA,2026-04-13 21:48:31+00:00
4476,TKT-04476,25B,ECONOMICA,2026-01-02 09:38:57+00:00
4477,TKT-04477,30A,EXECUTIVA,2025-07-29 17:07:43+00:00
4478,TKT-04478,7A,ECONOMICA,2026-03-09 17:31:41+00:00
4479,TKT-04479,37E,PRIMEIRA_CLASSE,2025-07-27 08:44:50+00:00
4480,TKT-04480,8B,ECONOMICA,2026-03-13 16:54:16+00:00
4481,TKT-04481,14B,EXECUTIVA,2025-08-07 12:19:03+00:00
4482,TKT-04482,17F,EXECUTIVA,2026-03-27 09:00:03+00:00
4483,TKT-04483,20B,PRIMEIRA_CLASSE,2025-08-09 21:37:36+00:00
4484,TKT-04484,20C,EXECUTIVA,2025-11-15 06:33:40+00:00
4485,TKT-04485,17B,EXECUTIVA,2025-06-30 17:03:19+00:00
4486,TKT-04486,24B,PRIMEIRA_CLASSE,2025-10-19 10:28:07+00:00
4487,TKT-04487,19C,PRIMEIRA_CLASSE,2026-02-07 02:47:00+00:00
4488,TKT-04488,16B,ECONOMICA,2026-03-07 23:17:16+00:00
4489,TKT-04489,16B,EXECUTIVA,2025-11-26 23:06:19+00:00
4490,TKT-04490,29E,EXECUTIVA,2025-11-14 13:43:16+00:00
4491,TKT-04491,39F,ECONOMICA,2026-01-17 18:40:59+00:00
4492,TKT-04492,13A,EXECUTIVA,2025-11-07 09:41:50+00:00
4493,TKT-04493,9B,ECONOMICA,2025-06-13 17:54:03+00:00
4494,TKT-04494,18E,PRIMEIRA_CLASSE,2025-09-22 10:56:26+00:00
4495,TKT-04495,36A,EXECUTIVA,2026-03-07 09:47:29+00:00
4496,TKT-04496,22E,PRIMEIRA_CLASSE,2026-05-23 15:17:52+00:00
4497,TKT-04497,27F,ECONOMICA,2026-03-25 08:01:37+00:00
4498,TKT-04498,13A,ECONOMICA,2026-01-19 11:13:30+00:00
4499,TKT-04499,37C,EXECUTIVA,2026-02-01 03:46:32+00:00
4500,TKT-04500,9E,ECONOMICA,2025-10-19 22:58:17+00:00
4501,TKT-04501,10A,EXECUTIVA,2025-07-22 11:02:11+00:00
4502,TKT-04502,6F,EXECUTIVA,2025-08-01 14:26:11+00:00
4503,TKT-04503,3C,PRIMEIRA_CLASSE,2025-10-14 19:23:16+00:00
4504,TKT-04504,28C,ECONOMICA,2025-09-12 23:34:44+00:00
4505,TKT-04505,35C,PRIMEIRA_CLASSE,2025-07-14 06:00:06+00:00
4506,TKT-04506,12D,ECONOMICA,2025-11-30 19:54:01+00:00
4507,TKT-04507,26A,ECONOMICA,2026-02-02 14:54:15+00:00
4508,TKT-04508,33F,EXECUTIVA,2025-06-14 10:55:11+00:00
4509,TKT-04509,16F,PRIMEIRA_CLASSE,2026-01-17 20:13:50+00:00
4510,TKT-04510,23A,PRIMEIRA_CLASSE,2026-04-01 17:58:23+00:00
4511,TKT-04511,1E,EXECUTIVA,2026-02-18 09:38:49+00:00
4512,TKT-04512,6F,ECONOMICA,2025-09-25 21:58:53+00:00
4513,TKT-04513,2A,PRIMEIRA_CLASSE,2026-03-30 22:23:45+00:00
4514,TKT-04514,29D,PRIMEIRA_CLASSE,2025-06-09 06:26:36+00:00
4515,TKT-04515,23F,ECONOMICA,2026-01-06 18:36:28+00:00
4516,TKT-04516,26E,EXECUTIVA,2025-09-11 16:10:01+00:00
4517,TKT-04517,27F,ECONOMICA,2025-08-19 15:33:52+00:00
4518,TKT-04518,16E,PRIMEIRA_CLASSE,2026-03-21 03:35:51+00:00
4519,TKT-04519,12B,EXECUTIVA,2025-07-29 10:20:21+00:00
4520,TKT-04520,36A,ECONOMICA,2025-09-06 21:17:33+00:00
4521,TKT-04521,38B,PRIMEIRA_CLASSE,2026-03-02 13:10:20+00:00
4522,TKT-04522,19A,ECONOMICA,2025-12-06 19:45:41+00:00
4523,TKT-04523,3C,ECONOMICA,2025-10-04 09:27:29+00:00
4524,TKT-04524,11B,PRIMEIRA_CLASSE,2025-08-14 20:35:47+00:00
4525,TKT-04525,28C,PRIMEIRA_CLASSE,2026-04-29 07:48:50+00:00
4526,TKT-04526,1E,EXECUTIVA,2026-05-01 19:38:20+00:00
4527,TKT-04527,25F,PRIMEIRA_CLASSE,2026-02-22 06:26:12+00:00
4528,TKT-04528,4D,ECONOMICA,2026-02-01 08:04:41+00:00
4529,TKT-04529,1E,ECONOMICA,2026-03-03 06:05:43+00:00
4530,TKT-04530,27E,PRIMEIRA_CLASSE,2026-03-27 13:10:49+00:00
4531,TKT-04531,25D,ECONOMICA,2026-05-10 06:22:11+00:00
4532,TKT-04532,16E,ECONOMICA,2025-09-07 04:57:08+00:00
4533,TKT-04533,10C,EXECUTIVA,2025-07-01 04:31:55+00:00
4534,TKT-04534,18F,EXECUTIVA,2026-01-24 21:04:45+00:00
4535,TKT-04535,13B,PRIMEIRA_CLASSE,2025-10-13 14:16:55+00:00
4536,TKT-04536,2B,EXECUTIVA,2025-08-18 13:16:29+00:00
4537,TKT-04537,18F,PRIMEIRA_CLASSE,2026-05-31 21:19:41+00:00
4538,TKT-04538,30F,ECONOMICA,2026-05-11 02:56:27+00:00
4539,TKT-04539,28C,EXECUTIVA,2025-07-14 07:43:28+00:00
4540,TKT-04540,18D,PRIMEIRA_CLASSE,2026-01-30 08:16:02+00:00
4541,TKT-04541,13C,PRIMEIRA_CLASSE,2026-05-24 02:17:27+00:00
4542,TKT-04542,27A,PRIMEIRA_CLASSE,2026-02-18 01:05:27+00:00
4543,TKT-04543,12A,ECONOMICA,2025-08-10 13:30:03+00:00
4544,TKT-04544,25F,EXECUTIVA,2026-03-31 02:50:38+00:00
4545,TKT-04545,1D,ECONOMICA,2025-07-12 11:17:51+00:00
4546,TKT-04546,36C,EXECUTIVA,2026-03-07 15:48:01+00:00
4547,TKT-04547,19C,PRIMEIRA_CLASSE,2025-06-18 05:20:40+00:00
4548,TKT-04548,12B,PRIMEIRA_CLASSE,2025-11-13 08:02:40+00:00
4549,TKT-04549,38C,ECONOMICA,2026-01-07 13:50:18+00:00
4550,TKT-04550,13D,PRIMEIRA_CLASSE,2025-10-01 10:28:49+00:00
4551,TKT-04551,8E,PRIMEIRA_CLASSE,2025-08-14 19:23:56+00:00
4552,TKT-04552,14D,ECONOMICA,2026-05-29 03:11:49+00:00
4553,TKT-04553,8B,PRIMEIRA_CLASSE,2026-02-23 08:00:06+00:00
4554,TKT-04554,6C,PRIMEIRA_CLASSE,2025-11-17 04:51:06+00:00
4555,TKT-04555,15D,EXECUTIVA,2025-10-12 23:17:18+00:00
4556,TKT-04556,18F,ECONOMICA,2025-12-15 01:28:26+00:00
4557,TKT-04557,9F,ECONOMICA,2025-07-02 10:53:15+00:00
4558,TKT-04558,11E,PRIMEIRA_CLASSE,2026-02-21 22:12:37+00:00
4559,TKT-04559,9D,EXECUTIVA,2026-05-04 06:28:51+00:00
4560,TKT-04560,39C,PRIMEIRA_CLASSE,2025-11-25 14:09:10+00:00
4561,TKT-04561,9C,ECONOMICA,2025-07-19 06:49:37+00:00
4562,TKT-04562,25C,ECONOMICA,2026-04-09 02:26:14+00:00
4563,TKT-04563,36E,PRIMEIRA_CLASSE,2026-02-07 23:06:10+00:00
4564,TKT-04564,12D,EXECUTIVA,2026-01-19 17:32:55+00:00
4565,TKT-04565,4D,ECONOMICA,2025-12-06 13:23:39+00:00
4566,TKT-04566,10B,PRIMEIRA_CLASSE,2025-11-26 02:14:19+00:00
4567,TKT-04567,13C,ECONOMICA,2026-01-22 05:11:28+00:00
4568,TKT-04568,2F,EXECUTIVA,2025-12-30 10:06:29+00:00
4569,TKT-04569,16C,ECONOMICA,2025-06-19 20:05:05+00:00
4570,TKT-04570,26E,EXECUTIVA,2025-10-23 10:59:30+00:00
4571,TKT-04571,30D,ECONOMICA,2026-03-01 17:31:17+00:00
4572,TKT-04572,30C,EXECUTIVA,2025-08-25 15:45:37+00:00
4573,TKT-04573,28A,ECONOMICA,2025-06-20 22:36:50+00:00
4574,TKT-04574,4D,EXECUTIVA,2025-09-12 05:55:19+00:00
4575,TKT-04575,23C,PRIMEIRA_CLASSE,2026-05-27 21:24:21+00:00
4576,TKT-04576,20F,ECONOMICA,2026-04-27 02:51:48+00:00
4577,TKT-04577,28F,EXECUTIVA,2025-09-01 08:51:08+00:00
4578,TKT-04578,9E,ECONOMICA,2026-05-28 07:24:22+00:00
4579,TKT-04579,1A,ECONOMICA,2025-06-12 22:23:28+00:00
4580,TKT-04580,3B,EXECUTIVA,2025-06-13 12:05:43+00:00
4581,TKT-04581,33D,EXECUTIVA,2025-09-14 19:06:23+00:00
4582,TKT-04582,12F,ECONOMICA,2025-07-13 13:52:51+00:00
4583,TKT-04583,16F,PRIMEIRA_CLASSE,2026-03-22 14:46:19+00:00
4584,TKT-04584,11E,PRIMEIRA_CLASSE,2025-07-14 19:47:22+00:00
4585,TKT-04585,27E,ECONOMICA,2026-01-10 05:21:32+00:00
4586,TKT-04586,23B,ECONOMICA,2026-02-04 19:36:04+00:00
4587,TKT-04587,18C,PRIMEIRA_CLASSE,2025-10-08 12:14:04+00:00
4588,TKT-04588,8E,EXECUTIVA,2025-11-20 01:16:38+00:00
4589,TKT-04589,1C,PRIMEIRA_CLASSE,2026-01-25 02:32:07+00:00
4590,TKT-04590,14B,EXECUTIVA,2025-10-13 11:27:28+00:00
4591,TKT-04591,30E,EXECUTIVA,2025-12-25 04:21:56+00:00
4592,TKT-04592,34F,ECONOMICA,2025-06-13 02:52:47+00:00
4593,TKT-04593,32F,EXECUTIVA,2025-11-05 09:58:59+00:00
4594,TKT-04594,6C,EXECUTIVA,2025-10-07 05:58:44+00:00
4595,TKT-04595,22B,PRIMEIRA_CLASSE,2025-07-31 03:27:49+00:00
4596,TKT-04596,37F,PRIMEIRA_CLASSE,2025-11-11 06:36:30+00:00
4597,TKT-04597,1D,ECONOMICA,2025-11-24 15:19:30+00:00
4598,TKT-04598,5B,PRIMEIRA_CLASSE,2025-09-16 19:38:13+00:00
4599,TKT-04599,16C,PRIMEIRA_CLASSE,2026-01-09 14:20:02+00:00
4600,TKT-04600,1D,EXECUTIVA,2025-12-11 08:35:13+00:00
4601,TKT-04601,26C,ECONOMICA,2026-05-15 09:28:03+00:00
4602,TKT-04602,3C,ECONOMICA,2025-10-29 11:53:09+00:00
4603,TKT-04603,19B,PRIMEIRA_CLASSE,2025-06-22 11:52:20+00:00
4604,TKT-04604,11E,ECONOMICA,2025-08-22 15:13:21+00:00
4605,TKT-04605,4A,ECONOMICA,2026-05-28 21:13:59+00:00
4606,TKT-04606,4B,PRIMEIRA_CLASSE,2026-02-15 12:10:19+00:00
4607,TKT-04607,36F,EXECUTIVA,2026-04-19 08:41:06+00:00
4608,TKT-04608,36D,ECONOMICA,2025-09-30 02:00:19+00:00
4609,TKT-04609,35C,ECONOMICA,2025-07-19 14:38:52+00:00
4610,TKT-04610,20F,EXECUTIVA,2026-03-10 15:01:04+00:00
4611,TKT-04611,33A,PRIMEIRA_CLASSE,2026-03-24 01:44:51+00:00
4612,TKT-04612,7D,PRIMEIRA_CLASSE,2025-10-27 15:33:24+00:00
4613,TKT-04613,11A,ECONOMICA,2025-11-18 11:42:18+00:00
4614,TKT-04614,32F,PRIMEIRA_CLASSE,2026-03-04 08:16:08+00:00
4615,TKT-04615,14E,PRIMEIRA_CLASSE,2025-11-26 06:24:56+00:00
4616,TKT-04616,37E,EXECUTIVA,2025-07-23 22:44:21+00:00
4617,TKT-04617,4C,PRIMEIRA_CLASSE,2026-04-14 16:20:20+00:00
4618,TKT-04618,22B,ECONOMICA,2025-06-16 18:15:03+00:00
4619,TKT-04619,8D,EXECUTIVA,2025-07-03 06:16:31+00:00
4620,TKT-04620,4A,ECONOMICA,2025-12-03 15:00:10+00:00
4621,TKT-04621,22A,ECONOMICA,2026-04-27 22:03:46+00:00
4622,TKT-04622,34D,EXECUTIVA,2025-06-11 17:35:15+00:00
4623,TKT-04623,23E,EXECUTIVA,2025-12-06 18:15:04+00:00
4624,TKT-04624,39E,PRIMEIRA_CLASSE,2026-05-01 13:47:34+00:00
4625,TKT-04625,6E,PRIMEIRA_CLASSE,2026-03-31 02:40:29+00:00
4626,TKT-04626,38A,ECONOMICA,2026-04-02 23:39:51+00:00
4627,TKT-04627,8D,EXECUTIVA,2025-11-08 12:08:12+00:00
4628,TKT-04628,34B,EXECUTIVA,2026-02-28 02:50:42+00:00
4629,TKT-04629,37E,ECONOMICA,2025-06-15 17:25:27+00:00
4630,TKT-04630,34B,PRIMEIRA_CLASSE,2026-03-03 23:32:05+00:00
4631,TKT-04631,1B,EXECUTIVA,2025-07-18 22:34:46+00:00
4632,TKT-04632,18A,PRIMEIRA_CLASSE,2026-04-03 16:53:40+00:00
4633,TKT-04633,10C,ECONOMICA,2026-03-12 00:16:18+00:00
4634,TKT-04634,32F,ECONOMICA,2025-11-22 01:33:55+00:00
4635,TKT-04635,9F,EXECUTIVA,2025-07-22 13:22:22+00:00
4636,TKT-04636,32B,EXECUTIVA,2025-09-19 02:26:31+00:00
4637,TKT-04637,22A,PRIMEIRA_CLASSE,2025-07-06 00:57:33+00:00
4638,TKT-04638,12E,ECONOMICA,2025-06-19 02:04:02+00:00
4639,TKT-04639,3B,EXECUTIVA,2026-05-10 00:35:43+00:00
4640,TKT-04640,26A,PRIMEIRA_CLASSE,2025-08-07 08:45:11+00:00
4641,TKT-04641,17D,ECONOMICA,2026-04-21 21:29:19+00:00
4642,TKT-04642,11F,EXECUTIVA,2026-03-04 09:30:08+00:00
4643,TKT-04643,2B,EXECUTIVA,2025-12-18 09:13:56+00:00
4644,TKT-04644,18D,ECONOMICA,2025-10-15 15:12:29+00:00
4645,TKT-04645,6A,PRIMEIRA_CLASSE,2025-11-10 14:43:03+00:00
4646,TKT-04646,36D,PRIMEIRA_CLASSE,2025-08-22 06:25:25+00:00
4647,TKT-04647,16B,ECONOMICA,2025-06-21 22:09:55+00:00
4648,TKT-04648,12C,PRIMEIRA_CLASSE,2025-11-20 14:09:27+00:00
4649,TKT-04649,33A,ECONOMICA,2025-07-12 09:52:10+00:00
4650,TKT-04650,4E,PRIMEIRA_CLASSE,2025-09-01 08:30:01+00:00
4651,TKT-04651,40D,PRIMEIRA_CLASSE,2025-09-11 05:13:44+00:00
4652,TKT-04652,29F,PRIMEIRA_CLASSE,2025-11-08 12:11:40+00:00
4653,TKT-04653,31E,PRIMEIRA_CLASSE,2025-12-29 13:41:32+00:00
4654,TKT-04654,2B,EXECUTIVA,2025-08-10 16:05:12+00:00
4655,TKT-04655,17A,EXECUTIVA,2026-04-10 21:54:42+00:00
4656,TKT-04656,33B,ECONOMICA,2025-10-10 15:03:07+00:00
4657,TKT-04657,13F,EXECUTIVA,2025-12-22 02:42:59+00:00
4658,TKT-04658,30C,ECONOMICA,2026-05-13 07:45:53+00:00
4659,TKT-04659,8A,ECONOMICA,2025-06-25 13:53:25+00:00
4660,TKT-04660,30A,ECONOMICA,2026-02-08 11:14:55+00:00
4661,TKT-04661,34C,EXECUTIVA,2025-07-18 11:10:14+00:00
4662,TKT-04662,36B,PRIMEIRA_CLASSE,2026-01-21 06:01:13+00:00
4663,TKT-04663,9E,PRIMEIRA_CLASSE,2026-02-06 07:06:55+00:00
4664,TKT-04664,26E,PRIMEIRA_CLASSE,2025-10-01 20:31:41+00:00
4665,TKT-04665,5C,EXECUTIVA,2025-07-03 09:18:43+00:00
4666,TKT-04666,5D,ECONOMICA,2026-05-19 16:05:47+00:00
4667,TKT-04667,36E,PRIMEIRA_CLASSE,2025-11-12 13:38:28+00:00
4668,TKT-04668,33C,EXECUTIVA,2026-03-02 13:22:11+00:00
4669,TKT-04669,8D,EXECUTIVA,2026-02-26 07:59:47+00:00
4670,TKT-04670,37E,EXECUTIVA,2026-02-17 07:29:52+00:00
4671,TKT-04671,16E,ECONOMICA,2026-06-02 05:02:18+00:00
4672,TKT-04672,25D,EXECUTIVA,2025-10-31 12:02:11+00:00
4673,TKT-04673,28C,PRIMEIRA_CLASSE,2025-11-25 20:32:13+00:00
4674,TKT-04674,31E,EXECUTIVA,2025-12-07 06:34:55+00:00
4675,TKT-04675,36B,PRIMEIRA_CLASSE,2026-05-07 14:37:16+00:00
4676,TKT-04676,5A,ECONOMICA,2026-04-09 04:31:38+00:00
4677,TKT-04677,9F,EXECUTIVA,2026-05-25 00:05:44+00:00
4678,TKT-04678,25A,ECONOMICA,2025-08-09 03:48:20+00:00
4679,TKT-04679,35A,ECONOMICA,2025-06-19 17:42:56+00:00
4680,TKT-04680,35D,PRIMEIRA_CLASSE,2025-10-26 14:48:11+00:00
4681,TKT-04681,25E,EXECUTIVA,2026-02-02 15:59:36+00:00
4682,TKT-04682,37A,ECONOMICA,2026-03-29 22:07:16+00:00
4683,TKT-04683,39C,ECONOMICA,2026-01-18 20:58:42+00:00
4684,TKT-04684,40F,PRIMEIRA_CLASSE,2025-08-18 01:07:48+00:00
4685,TKT-04685,10E,EXECUTIVA,2026-05-04 03:45:14+00:00
4686,TKT-04686,40C,PRIMEIRA_CLASSE,2025-12-21 08:55:44+00:00
4687,TKT-04687,21F,EXECUTIVA,2025-06-12 20:21:40+00:00
4688,TKT-04688,1E,ECONOMICA,2025-07-24 16:22:35+00:00
4689,TKT-04689,19F,EXECUTIVA,2025-06-15 21:49:19+00:00
4690,TKT-04690,39C,PRIMEIRA_CLASSE,2025-12-06 00:49:37+00:00
4691,TKT-04691,26A,PRIMEIRA_CLASSE,2025-10-31 10:45:28+00:00
4692,TKT-04692,19E,PRIMEIRA_CLASSE,2025-07-09 17:43:47+00:00
4693,TKT-04693,2E,EXECUTIVA,2025-10-03 06:23:27+00:00
4694,TKT-04694,21F,EXECUTIVA,2026-05-11 21:53:48+00:00
4695,TKT-04695,35F,EXECUTIVA,2026-05-25 17:50:46+00:00
4696,TKT-04696,15F,ECONOMICA,2025-10-27 04:02:04+00:00
4697,TKT-04697,6E,ECONOMICA,2026-05-22 22:34:26+00:00
4698,TKT-04698,38D,PRIMEIRA_CLASSE,2025-07-12 07:14:08+00:00
4699,TKT-04699,25F,EXECUTIVA,2025-07-06 08:17:05+00:00
4700,TKT-04700,31A,EXECUTIVA,2026-05-06 16:20:29+00:00
4701,TKT-04701,40A,PRIMEIRA_CLASSE,2026-06-02 02:54:19+00:00
4702,TKT-04702,21F,EXECUTIVA,2025-12-05 04:58:05+00:00
4703,TKT-04703,12C,ECONOMICA,2026-04-22 17:34:30+00:00
4704,TKT-04704,3D,PRIMEIRA_CLASSE,2025-10-28 15:02:52+00:00
4705,TKT-04705,40A,EXECUTIVA,2025-10-15 21:46:02+00:00
4706,TKT-04706,25B,ECONOMICA,2025-09-10 20:14:12+00:00
4707,TKT-04707,14F,PRIMEIRA_CLASSE,2025-11-17 05:33:42+00:00
4708,TKT-04708,29B,PRIMEIRA_CLASSE,2025-08-23 07:30:43+00:00
4709,TKT-04709,6D,PRIMEIRA_CLASSE,2026-04-10 23:26:14+00:00
4710,TKT-04710,27A,ECONOMICA,2025-06-08 13:09:10+00:00
4711,TKT-04711,19C,EXECUTIVA,2025-09-15 08:49:00+00:00
4712,TKT-04712,26D,EXECUTIVA,2025-09-26 22:35:15+00:00
4713,TKT-04713,11A,ECONOMICA,2025-12-14 17:09:57+00:00
4714,TKT-04714,39B,ECONOMICA,2026-06-01 18:44:32+00:00
4715,TKT-04715,35B,ECONOMICA,2026-05-11 00:17:28+00:00
4716,TKT-04716,38F,PRIMEIRA_CLASSE,2026-02-07 17:04:16+00:00
4717,TKT-04717,15A,ECONOMICA,2025-08-16 02:24:36+00:00
4718,TKT-04718,5D,PRIMEIRA_CLASSE,2026-01-06 01:59:08+00:00
4719,TKT-04719,39A,ECONOMICA,2026-03-28 22:42:42+00:00
4720,TKT-04720,13D,EXECUTIVA,2025-09-18 22:19:09+00:00
4721,TKT-04721,8E,PRIMEIRA_CLASSE,2025-12-13 16:34:34+00:00
4722,TKT-04722,30D,ECONOMICA,2026-05-16 21:10:36+00:00
4723,TKT-04723,24D,ECONOMICA,2026-04-17 02:48:54+00:00
4724,TKT-04724,26E,EXECUTIVA,2025-06-12 15:30:28+00:00
4725,TKT-04725,23C,PRIMEIRA_CLASSE,2025-06-30 02:09:16+00:00
4726,TKT-04726,32C,PRIMEIRA_CLASSE,2025-07-14 10:05:09+00:00
4727,TKT-04727,15A,PRIMEIRA_CLASSE,2026-02-25 00:35:28+00:00
4728,TKT-04728,18B,PRIMEIRA_CLASSE,2026-03-21 16:25:06+00:00
4729,TKT-04729,22E,EXECUTIVA,2026-04-25 19:22:58+00:00
4730,TKT-04730,8D,EXECUTIVA,2026-02-27 08:33:34+00:00
4731,TKT-04731,14F,ECONOMICA,2026-04-17 01:12:35+00:00
4732,TKT-04732,18B,ECONOMICA,2025-10-14 16:54:20+00:00
4733,TKT-04733,37C,ECONOMICA,2025-09-11 18:21:53+00:00
4734,TKT-04734,35E,EXECUTIVA,2025-12-22 07:45:07+00:00
4735,TKT-04735,14A,PRIMEIRA_CLASSE,2026-01-17 04:09:13+00:00
4736,TKT-04736,28A,EXECUTIVA,2025-06-12 00:48:21+00:00
4737,TKT-04737,18C,EXECUTIVA,2026-02-06 01:46:15+00:00
4738,TKT-04738,18F,PRIMEIRA_CLASSE,2026-02-01 23:02:35+00:00
4739,TKT-04739,3E,ECONOMICA,2025-12-27 10:50:15+00:00
4740,TKT-04740,30D,ECONOMICA,2026-03-24 05:21:22+00:00
4741,TKT-04741,23B,PRIMEIRA_CLASSE,2026-02-05 19:55:38+00:00
4742,TKT-04742,1E,PRIMEIRA_CLASSE,2026-01-04 17:49:02+00:00
4743,TKT-04743,17E,ECONOMICA,2026-05-28 06:58:53+00:00
4744,TKT-04744,31E,PRIMEIRA_CLASSE,2025-07-12 17:02:37+00:00
4745,TKT-04745,1E,PRIMEIRA_CLASSE,2026-04-02 22:24:22+00:00
4746,TKT-04746,38A,EXECUTIVA,2025-10-10 15:07:20+00:00
4747,TKT-04747,30F,PRIMEIRA_CLASSE,2025-10-11 18:04:55+00:00
4748,TKT-04748,29A,EXECUTIVA,2025-11-24 12:08:02+00:00
4749,TKT-04749,27D,PRIMEIRA_CLASSE,2026-01-02 19:03:27+00:00
4750,TKT-04750,20A,EXECUTIVA,2025-06-26 02:52:06+00:00
4751,TKT-04751,5B,PRIMEIRA_CLASSE,2025-06-26 19:33:50+00:00
4752,TKT-04752,12B,ECONOMICA,2025-08-15 20:29:23+00:00
4753,TKT-04753,7C,PRIMEIRA_CLASSE,2025-08-17 16:50:54+00:00
4754,TKT-04754,37C,PRIMEIRA_CLASSE,2025-09-29 22:40:51+00:00
4755,TKT-04755,13A,ECONOMICA,2025-07-31 06:34:46+00:00
4756,TKT-04756,40A,PRIMEIRA_CLASSE,2025-12-24 21:49:27+00:00
4757,TKT-04757,16A,ECONOMICA,2025-06-14 20:29:39+00:00
4758,TKT-04758,17B,ECONOMICA,2026-05-25 15:32:29+00:00
4759,TKT-04759,16C,EXECUTIVA,2026-05-14 12:47:31+00:00
4760,TKT-04760,31A,EXECUTIVA,2026-04-20 00:23:01+00:00
4761,TKT-04761,23A,ECONOMICA,2025-09-27 16:08:07+00:00
4762,TKT-04762,26D,ECONOMICA,2025-11-18 09:44:51+00:00
4763,TKT-04763,19C,EXECUTIVA,2025-10-25 20:48:18+00:00
4764,TKT-04764,25E,EXECUTIVA,2026-03-02 17:57:12+00:00
4765,TKT-04765,12C,EXECUTIVA,2026-01-05 06:02:10+00:00
4766,TKT-04766,16D,PRIMEIRA_CLASSE,2026-03-28 02:08:19+00:00
4767,TKT-04767,8E,EXECUTIVA,2025-10-29 17:21:21+00:00
4768,TKT-04768,16B,PRIMEIRA_CLASSE,2025-09-14 22:16:29+00:00
4769,TKT-04769,37E,EXECUTIVA,2026-03-27 00:08:34+00:00
4770,TKT-04770,13F,ECONOMICA,2026-03-08 07:37:33+00:00
4771,TKT-04771,14C,ECONOMICA,2025-06-11 21:23:25+00:00
4772,TKT-04772,8A,EXECUTIVA,2026-01-24 06:10:14+00:00
4773,TKT-04773,5F,ECONOMICA,2025-09-11 19:55:36+00:00
4774,TKT-04774,31A,ECONOMICA,2025-06-27 14:31:35+00:00
4775,TKT-04775,12D,PRIMEIRA_CLASSE,2025-10-03 15:31:15+00:00
4776,TKT-04776,31D,EXECUTIVA,2025-08-09 01:54:11+00:00
4777,TKT-04777,20D,EXECUTIVA,2025-08-14 15:08:41+00:00
4778,TKT-04778,16F,ECONOMICA,2026-04-07 10:42:19+00:00
4779,TKT-04779,4C,PRIMEIRA_CLASSE,2026-04-28 03:43:50+00:00
4780,TKT-04780,17A,EXECUTIVA,2026-03-25 17:05:26+00:00
4781,TKT-04781,40E,PRIMEIRA_CLASSE,2026-02-24 19:57:39+00:00
4782,TKT-04782,7B,PRIMEIRA_CLASSE,2025-07-30 19:07:43+00:00
4783,TKT-04783,9D,PRIMEIRA_CLASSE,2025-09-25 00:02:17+00:00
4784,TKT-04784,8A,EXECUTIVA,2025-11-03 21:33:38+00:00
4785,TKT-04785,14E,ECONOMICA,2026-03-04 00:09:33+00:00
4786,TKT-04786,26B,PRIMEIRA_CLASSE,2025-08-13 15:18:48+00:00
4787,TKT-04787,11D,EXECUTIVA,2025-12-27 12:16:55+00:00
4788,TKT-04788,33F,ECONOMICA,2025-12-21 16:18:43+00:00
4789,TKT-04789,23C,EXECUTIVA,2025-11-13 16:06:26+00:00
4790,TKT-04790,10B,ECONOMICA,2026-03-07 11:12:17+00:00
4791,TKT-04791,20F,ECONOMICA,2025-07-26 12:59:41+00:00
4792,TKT-04792,7C,ECONOMICA,2025-10-08 18:47:36+00:00
4793,TKT-04793,33B,ECONOMICA,2025-08-10 15:42:42+00:00
4794,TKT-04794,34F,ECONOMICA,2025-11-04 11:27:34+00:00
4795,TKT-04795,24D,PRIMEIRA_CLASSE,2025-12-04 10:03:29+00:00
4796,TKT-04796,32C,PRIMEIRA_CLASSE,2025-10-15 05:24:06+00:00
4797,TKT-04797,20C,PRIMEIRA_CLASSE,2025-08-22 05:10:50+00:00
4798,TKT-04798,11F,PRIMEIRA_CLASSE,2026-04-09 05:35:30+00:00
4799,TKT-04799,35F,ECONOMICA,2026-05-22 09:55:49+00:00
4800,TKT-04800,10C,PRIMEIRA_CLASSE,2026-03-22 18:45:43+00:00
4801,TKT-04801,35E,EXECUTIVA,2025-10-02 02:23:57+00:00
4802,TKT-04802,32D,PRIMEIRA_CLASSE,2026-03-24 05:00:08+00:00
4803,TKT-04803,18D,EXECUTIVA,2026-02-04 11:12:54+00:00
4804,TKT-04804,6B,PRIMEIRA_CLASSE,2026-02-13 12:59:18+00:00
4805,TKT-04805,18B,ECONOMICA,2026-05-25 10:58:12+00:00
4806,TKT-04806,5A,EXECUTIVA,2026-01-28 19:29:26+00:00
4807,TKT-04807,10C,ECONOMICA,2025-06-26 00:59:06+00:00
4808,TKT-04808,6F,EXECUTIVA,2026-04-22 16:37:55+00:00
4809,TKT-04809,31C,PRIMEIRA_CLASSE,2026-03-09 17:19:09+00:00
4810,TKT-04810,20B,PRIMEIRA_CLASSE,2026-05-14 16:57:04+00:00
4811,TKT-04811,23F,PRIMEIRA_CLASSE,2025-12-15 05:24:38+00:00
4812,TKT-04812,12D,EXECUTIVA,2026-03-21 21:18:45+00:00
4813,TKT-04813,40D,PRIMEIRA_CLASSE,2025-11-03 06:01:38+00:00
4814,TKT-04814,29E,EXECUTIVA,2025-06-16 08:19:05+00:00
4815,TKT-04815,3E,EXECUTIVA,2025-07-01 13:12:43+00:00
4816,TKT-04816,6F,PRIMEIRA_CLASSE,2025-09-08 06:19:24+00:00
4817,TKT-04817,37C,ECONOMICA,2026-04-14 12:31:56+00:00
4818,TKT-04818,34B,PRIMEIRA_CLASSE,2025-12-09 12:12:19+00:00
4819,TKT-04819,38C,ECONOMICA,2025-09-26 18:45:05+00:00
4820,TKT-04820,26F,EXECUTIVA,2025-08-06 18:29:24+00:00
4821,TKT-04821,36E,ECONOMICA,2026-05-05 13:25:52+00:00
4822,TKT-04822,26F,PRIMEIRA_CLASSE,2026-01-07 13:16:45+00:00
4823,TKT-04823,4D,PRIMEIRA_CLASSE,2025-11-22 13:12:40+00:00
4824,TKT-04824,17B,ECONOMICA,2025-06-23 13:08:39+00:00
4825,TKT-04825,36A,EXECUTIVA,2025-07-08 18:59:30+00:00
4826,TKT-04826,6B,ECONOMICA,2025-07-08 19:38:57+00:00
4827,TKT-04827,8F,ECONOMICA,2025-12-24 20:56:37+00:00
4828,TKT-04828,22A,EXECUTIVA,2026-01-31 08:40:08+00:00
4829,TKT-04829,30A,PRIMEIRA_CLASSE,2026-01-14 09:38:36+00:00
4830,TKT-04830,6A,PRIMEIRA_CLASSE,2026-04-04 16:03:57+00:00
4831,TKT-04831,14A,PRIMEIRA_CLASSE,2026-04-23 13:55:26+00:00
4832,TKT-04832,17E,ECONOMICA,2025-11-25 22:22:38+00:00
4833,TKT-04833,28B,ECONOMICA,2025-07-15 11:52:57+00:00
4834,TKT-04834,16B,ECONOMICA,2026-01-08 06:00:57+00:00
4835,TKT-04835,22D,ECONOMICA,2025-06-13 16:10:49+00:00
4836,TKT-04836,37B,ECONOMICA,2025-11-21 17:05:27+00:00
4837,TKT-04837,28F,PRIMEIRA_CLASSE,2025-07-10 12:52:44+00:00
4838,TKT-04838,8C,EXECUTIVA,2026-01-14 18:31:36+00:00
4839,TKT-04839,2B,PRIMEIRA_CLASSE,2025-11-19 11:49:32+00:00
4840,TKT-04840,24D,EXECUTIVA,2026-01-13 09:20:48+00:00
4841,TKT-04841,3C,PRIMEIRA_CLASSE,2026-02-24 00:20:29+00:00
4842,TKT-04842,25B,ECONOMICA,2025-07-10 13:42:03+00:00
4843,TKT-04843,35E,PRIMEIRA_CLASSE,2025-09-18 17:06:44+00:00
4844,TKT-04844,18D,ECONOMICA,2025-06-21 09:50:53+00:00
4845,TKT-04845,6E,EXECUTIVA,2026-01-06 17:44:45+00:00
4846,TKT-04846,6F,ECONOMICA,2025-09-12 19:33:03+00:00
4847,TKT-04847,40B,PRIMEIRA_CLASSE,2026-05-19 22:48:35+00:00
4848,TKT-04848,11E,ECONOMICA,2026-05-04 21:25:47+00:00
4849,TKT-04849,32D,EXECUTIVA,2026-04-20 02:50:27+00:00
4850,TKT-04850,18D,PRIMEIRA_CLASSE,2025-09-07 14:19:56+00:00
4851,TKT-04851,31B,EXECUTIVA,2025-11-01 16:06:52+00:00
4852,TKT-04852,27B,PRIMEIRA_CLASSE,2025-09-23 19:48:17+00:00
4853,TKT-04853,16D,EXECUTIVA,2025-10-13 03:45:51+00:00
4854,TKT-04854,10F,EXECUTIVA,2025-10-06 00:55:44+00:00
4855,TKT-04855,35F,EXECUTIVA,2025-06-07 04:11:03+00:00
4856,TKT-04856,28B,PRIMEIRA_CLASSE,2025-11-25 02:35:45+00:00
4857,TKT-04857,35B,ECONOMICA,2026-03-06 08:51:26+00:00
4858,TKT-04858,24A,EXECUTIVA,2025-08-26 20:40:01+00:00
4859,TKT-04859,26F,ECONOMICA,2026-03-17 12:21:22+00:00
4860,TKT-04860,6A,EXECUTIVA,2025-08-04 03:03:38+00:00
4861,TKT-04861,1D,PRIMEIRA_CLASSE,2026-01-30 05:39:44+00:00
4862,TKT-04862,14C,PRIMEIRA_CLASSE,2026-04-10 22:31:58+00:00
4863,TKT-04863,8A,EXECUTIVA,2026-02-21 06:58:04+00:00
4864,TKT-04864,11B,EXECUTIVA,2025-12-22 21:25:10+00:00
4865,TKT-04865,39A,PRIMEIRA_CLASSE,2026-05-13 19:57:54+00:00
4866,TKT-04866,33D,PRIMEIRA_CLASSE,2026-05-04 16:18:34+00:00
4867,TKT-04867,29A,EXECUTIVA,2025-07-21 04:11:51+00:00
4868,TKT-04868,8F,PRIMEIRA_CLASSE,2025-12-16 07:21:23+00:00
4869,TKT-04869,12C,ECONOMICA,2025-11-24 10:07:17+00:00
4870,TKT-04870,14F,ECONOMICA,2026-05-20 02:12:49+00:00
4871,TKT-04871,37A,PRIMEIRA_CLASSE,2025-09-26 01:10:36+00:00
4872,TKT-04872,1B,ECONOMICA,2026-05-01 23:14:55+00:00
4873,TKT-04873,10E,PRIMEIRA_CLASSE,2025-07-04 00:47:54+00:00
4874,TKT-04874,31E,ECONOMICA,2025-11-27 21:22:33+00:00
4875,TKT-04875,37B,PRIMEIRA_CLASSE,2025-08-25 11:19:25+00:00
4876,TKT-04876,4C,ECONOMICA,2025-07-21 14:06:58+00:00
4877,TKT-04877,17C,ECONOMICA,2025-07-23 14:37:29+00:00
4878,TKT-04878,33D,PRIMEIRA_CLASSE,2025-11-29 17:49:17+00:00
4879,TKT-04879,17E,ECONOMICA,2025-09-26 16:40:28+00:00
4880,TKT-04880,17C,ECONOMICA,2025-08-31 21:39:29+00:00
4881,TKT-04881,30D,EXECUTIVA,2026-01-12 01:36:05+00:00
4882,TKT-04882,16F,PRIMEIRA_CLASSE,2026-04-02 15:03:49+00:00
4883,TKT-04883,14C,ECONOMICA,2026-04-12 11:51:05+00:00
4884,TKT-04884,26F,PRIMEIRA_CLASSE,2026-05-27 20:38:21+00:00
4885,TKT-04885,10C,ECONOMICA,2026-05-06 10:28:03+00:00
4886,TKT-04886,36A,EXECUTIVA,2026-02-14 15:07:31+00:00
4887,TKT-04887,21E,PRIMEIRA_CLASSE,2025-12-17 04:44:40+00:00
4888,TKT-04888,7D,EXECUTIVA,2025-07-17 22:54:34+00:00
4889,TKT-04889,12D,ECONOMICA,2026-04-12 09:03:41+00:00
4890,TKT-04890,6B,EXECUTIVA,2026-04-28 04:35:33+00:00
4891,TKT-04891,10E,PRIMEIRA_CLASSE,2025-06-19 17:14:33+00:00
4892,TKT-04892,17D,PRIMEIRA_CLASSE,2026-05-22 22:21:07+00:00
4893,TKT-04893,19D,ECONOMICA,2026-03-10 13:45:43+00:00
4894,TKT-04894,37E,ECONOMICA,2025-06-22 00:59:57+00:00
4895,TKT-04895,31E,EXECUTIVA,2026-03-14 03:26:46+00:00
4896,TKT-04896,23F,PRIMEIRA_CLASSE,2025-10-02 13:31:27+00:00
4897,TKT-04897,24F,ECONOMICA,2025-06-27 10:54:11+00:00
4898,TKT-04898,7A,ECONOMICA,2025-09-14 14:31:51+00:00
4899,TKT-04899,23C,PRIMEIRA_CLASSE,2025-06-16 00:54:31+00:00
4900,TKT-04900,27A,ECONOMICA,2026-01-31 13:09:16+00:00
4901,TKT-04901,19D,ECONOMICA,2025-12-06 06:32:40+00:00
4902,TKT-04902,29D,PRIMEIRA_CLASSE,2025-08-25 22:46:54+00:00
4903,TKT-04903,5F,EXECUTIVA,2025-07-11 03:55:33+00:00
4904,TKT-04904,30A,PRIMEIRA_CLASSE,2025-06-23 02:39:24+00:00
4905,TKT-04905,7C,PRIMEIRA_CLASSE,2025-06-29 12:02:13+00:00
4906,TKT-04906,17B,EXECUTIVA,2026-04-07 20:45:48+00:00
4907,TKT-04907,11B,ECONOMICA,2025-07-09 20:50:39+00:00
4908,TKT-04908,33D,EXECUTIVA,2025-09-15 03:48:52+00:00
4909,TKT-04909,38C,EXECUTIVA,2026-01-03 04:10:43+00:00
4910,TKT-04910,16E,ECONOMICA,2025-12-22 10:42:57+00:00
4911,TKT-04911,15A,EXECUTIVA,2025-10-02 13:41:24+00:00
4912,TKT-04912,28F,EXECUTIVA,2026-03-21 22:34:56+00:00
4913,TKT-04913,21D,EXECUTIVA,2025-08-06 06:39:43+00:00
4914,TKT-04914,29A,EXECUTIVA,2025-09-11 15:21:09+00:00
4915,TKT-04915,18E,EXECUTIVA,2025-11-01 05:03:48+00:00
4916,TKT-04916,5E,ECONOMICA,2026-03-30 19:39:55+00:00
4917,TKT-04917,31E,PRIMEIRA_CLASSE,2026-03-29 11:44:57+00:00
4918,TKT-04918,33E,PRIMEIRA_CLASSE,2026-01-15 22:26:16+00:00
4919,TKT-04919,40A,PRIMEIRA_CLASSE,2025-06-21 11:48:58+00:00
4920,TKT-04920,33F,ECONOMICA,2025-07-02 19:39:10+00:00
4921,TKT-04921,28D,PRIMEIRA_CLASSE,2025-08-19 23:50:35+00:00
4922,TKT-04922,25F,PRIMEIRA_CLASSE,2025-06-27 04:38:21+00:00
4923,TKT-04923,26F,EXECUTIVA,2025-08-22 17:57:20+00:00
4924,TKT-04924,17C,PRIMEIRA_CLASSE,2026-01-31 18:57:25+00:00
4925,TKT-04925,18B,PRIMEIRA_CLASSE,2025-08-15 10:40:30+00:00
4926,TKT-04926,22E,ECONOMICA,2025-08-24 16:32:48+00:00
4927,TKT-04927,23F,ECONOMICA,2026-05-21 01:15:28+00:00
4928,TKT-04928,32A,PRIMEIRA_CLASSE,2025-10-05 10:11:49+00:00
4929,TKT-04929,39B,PRIMEIRA_CLASSE,2026-03-19 02:16:47+00:00
4930,TKT-04930,17F,PRIMEIRA_CLASSE,2026-02-17 04:38:02+00:00
4931,TKT-04931,18F,ECONOMICA,2025-08-19 05:16:05+00:00
4932,TKT-04932,6E,ECONOMICA,2025-09-28 18:27:17+00:00
4933,TKT-04933,29D,PRIMEIRA_CLASSE,2025-07-07 22:20:03+00:00
4934,TKT-04934,10C,ECONOMICA,2025-08-09 06:00:36+00:00
4935,TKT-04935,31C,EXECUTIVA,2025-06-21 12:45:01+00:00
4936,TKT-04936,6B,ECONOMICA,2026-02-16 19:50:37+00:00
4937,TKT-04937,1A,EXECUTIVA,2026-03-07 12:47:26+00:00
4938,TKT-04938,39D,EXECUTIVA,2025-12-06 15:50:27+00:00
4939,TKT-04939,27C,EXECUTIVA,2025-09-09 13:43:22+00:00
4940,TKT-04940,3A,PRIMEIRA_CLASSE,2025-07-17 10:57:34+00:00
4941,TKT-04941,7D,PRIMEIRA_CLASSE,2026-04-09 14:39:17+00:00
4942,TKT-04942,26D,PRIMEIRA_CLASSE,2025-07-10 19:39:20+00:00
4943,TKT-04943,24C,EXECUTIVA,2025-08-17 17:42:25+00:00
4944,TKT-04944,20E,ECONOMICA,2026-04-13 02:38:50+00:00
4945,TKT-04945,24E,ECONOMICA,2026-06-01 18:31:34+00:00
4946,TKT-04946,24F,EXECUTIVA,2026-04-03 09:57:07+00:00
4947,TKT-04947,39D,ECONOMICA,2026-05-12 10:26:21+00:00
4948,TKT-04948,26C,ECONOMICA,2026-02-09 06:03:05+00:00
4949,TKT-04949,34D,EXECUTIVA,2025-07-23 17:33:46+00:00
4950,TKT-04950,10F,ECONOMICA,2025-12-22 11:37:35+00:00
4951,TKT-04951,29C,EXECUTIVA,2025-09-14 18:45:52+00:00
4952,TKT-04952,21C,PRIMEIRA_CLASSE,2026-05-30 08:48:29+00:00
4953,TKT-04953,34B,EXECUTIVA,2025-08-04 19:28:48+00:00
4954,TKT-04954,40A,EXECUTIVA,2026-02-23 06:53:30+00:00
4955,TKT-04955,26B,PRIMEIRA_CLASSE,2026-03-08 21:56:12+00:00
4956,TKT-04956,15D,ECONOMICA,2025-12-31 06:53:49+00:00
4957,TKT-04957,30B,ECONOMICA,2026-02-21 09:52:08+00:00
4958,TKT-04958,30A,EXECUTIVA,2026-05-20 14:40:04+00:00
4959,TKT-04959,18F,ECONOMICA,2025-11-12 07:31:24+00:00
4960,TKT-04960,16D,ECONOMICA,2025-09-08 20:16:04+00:00
4961,TKT-04961,1B,ECONOMICA,2025-07-25 05:27:46+00:00
4962,TKT-04962,34C,ECONOMICA,2025-06-24 06:16:32+00:00
4963,TKT-04963,14E,EXECUTIVA,2026-04-24 14:44:34+00:00
4964,TKT-04964,39A,PRIMEIRA_CLASSE,2025-06-04 13:17:24+00:00
4965,TKT-04965,34C,EXECUTIVA,2026-01-16 18:56:58+00:00
4966,TKT-04966,30B,EXECUTIVA,2025-10-20 02:24:38+00:00
4967,TKT-04967,40D,ECONOMICA,2025-07-21 22:33:38+00:00
4968,TKT-04968,30A,ECONOMICA,2026-01-31 23:44:15+00:00
4969,TKT-04969,36A,EXECUTIVA,2025-10-29 23:58:32+00:00
4970,TKT-04970,24B,PRIMEIRA_CLASSE,2026-01-23 22:25:07+00:00
4971,TKT-04971,39F,EXECUTIVA,2026-05-02 14:41:01+00:00
4972,TKT-04972,27D,EXECUTIVA,2025-07-25 18:15:56+00:00
4973,TKT-04973,20C,PRIMEIRA_CLASSE,2025-06-13 13:37:38+00:00
4974,TKT-04974,10E,ECONOMICA,2025-11-06 19:05:39+00:00
4975,TKT-04975,15E,ECONOMICA,2026-01-14 16:13:19+00:00
4976,TKT-04976,20A,ECONOMICA,2026-04-17 09:12:52+00:00
4977,TKT-04977,40F,EXECUTIVA,2025-07-26 11:05:53+00:00
4978,TKT-04978,23F,ECONOMICA,2026-05-06 05:45:26+00:00
4979,TKT-04979,33A,ECONOMICA,2026-04-19 19:07:00+00:00
4980,TKT-04980,27E,PRIMEIRA_CLASSE,2025-12-02 22:09:28+00:00
4981,TKT-04981,36F,ECONOMICA,2025-10-06 04:40:26+00:00
4982,TKT-04982,31B,EXECUTIVA,2025-09-04 02:58:29+00:00
4983,TKT-04983,19E,PRIMEIRA_CLASSE,2025-09-12 03:09:00+00:00
4984,TKT-04984,12F,EXECUTIVA,2026-01-05 01:17:44+00:00
4985,TKT-04985,27F,ECONOMICA,2025-07-17 20:47:51+00:00
4986,TKT-04986,5D,EXECUTIVA,2025-08-23 12:59:17+00:00
4987,TKT-04987,24D,PRIMEIRA_CLASSE,2026-03-15 20:30:03+00:00
4988,TKT-04988,2D,PRIMEIRA_CLASSE,2025-09-28 04:18:13+00:00
4989,TKT-04989,19B,EXECUTIVA,2026-03-17 19:19:16+00:00
4990,TKT-04990,5F,PRIMEIRA_CLASSE,2025-06-07 17:14:21+00:00
4991,TKT-04991,21D,EXECUTIVA,2025-09-25 14:51:22+00:00
4992,TKT-04992,36F,PRIMEIRA_CLASSE,2025-12-18 15:18:53+00:00
4993,TKT-04993,40A,PRIMEIRA_CLASSE,2026-04-09 03:08:23+00:00
4994,TKT-04994,32E,PRIMEIRA_CLASSE,2025-10-08 12:14:25+00:00
4995,TKT-04995,20D,EXECUTIVA,2026-06-03 10:17:49+00:00
4996,TKT-04996,39B,ECONOMICA,2026-04-08 00:49:15+00:00
4997,TKT-04997,31F,EXECUTIVA,2025-09-14 09:59:52+00:00
4998,TKT-04998,33D,PRIMEIRA_CLASSE,2026-03-16 11:45:43+00:00
4999,TKT-04999,9A,EXECUTIVA,2025-10-23 07:33:12+00:00
5000,TKT-05000,14D,PRIMEIRA_CLASSE,2025-10-17 00:07:22+00:00
