passageiro_id,voo_id,categoria_tarifa_id,codigo_reserva,data_reserva,preco_total,status
3633,3391,997,G0RM8J,2025-11-16 19:13:54+00:00,727.24,NO_SHOW
3183,1167,890,0QZMW4,2025-08-23 20:30:16+00:00,3108.29,CANCELADA
2318,4952,3,RDIHRI,2025-09-28 00:57:00+00:00,1206.61,PENDENTE
3918,1796,829,XLT2I0,2025-07-27 06:02:42+00:00,5107.16,CONFIRMADA
1969,3767,889,VNRXVR,2026-05-07 20:01:18+00:00,1445.4,NO_SHOW
530,3352,541,BSWXX8,2025-08-21 23:52:25+00:00,967.79,CONFIRMADA
2445,1137,619,VYC08W,2025-06-15 15:42:02+00:00,1005.84,PENDENTE
2937,714,56,RONWVM,2026-02-02 02:32:22+00:00,130.04,PENDENTE
1028,352,821,FUQV49,2026-01-22 18:47:13+00:00,2376.28,CONFIRMADA
2706,686,457,HW8ZRU,2025-11-25 00:00:17+00:00,1447.31,NO_SHOW
4285,2109,83,1W00FF,2025-12-23 03:42:58+00:00,2049.41,CANCELADA
2939,4689,1,2LUE0K,2025-07-20 15:28:42+00:00,163.14,EMBARCADA
1882,1297,473,JEHAM9,2025-07-18 03:50:46+00:00,921.23,CONFIRMADA
1854,620,202,DO3TEU,2026-06-02 04:27:49+00:00,862.85,CONFIRMADA
489,4662,782,48QGPT,2026-01-14 01:29:43+00:00,1606.98,NO_SHOW
4587,2670,149,KRL3UB,2026-03-19 03:55:54+00:00,3328.96,PENDENTE
3110,1427,650,RNMKDY,2026-03-23 15:53:24+00:00,3866.19,NO_SHOW
3546,3487,466,SO6Z5K,2026-04-18 13:07:33+00:00,497.44,CANCELADA
4084,3410,776,1RCFNX,2025-09-12 08:23:23+00:00,1846.31,EMBARCADA
2019,3486,305,03MS3X,2025-10-20 05:36:21+00:00,4055.74,CONFIRMADA
3902,2184,951,99EY0V,2025-09-12 08:20:34+00:00,3341.45,NO_SHOW
3188,3130,526,31F2LQ,2026-03-06 09:12:34+00:00,3334.85,EMBARCADA
1259,4741,600,ME7WHG,2025-09-16 18:27:59+00:00,139.0,CANCELADA
3925,4021,751,VBRBH7,2025-12-19 02:07:48+00:00,3669.19,NO_SHOW
2076,2977,123,MCVGNK,2025-12-30 07:30:21+00:00,2552.74,EMBARCADA
3310,4528,859,P2SRWL,2025-06-19 10:27:10+00:00,1140.82,CONFIRMADA
1423,1789,47,0Y0PAB,2025-12-30 08:18:16+00:00,1375.16,CONFIRMADA
253,1915,658,M5M0MG,2026-04-25 18:51:01+00:00,990.05,CONFIRMADA
643,1624,59,BUAPMH,2026-05-26 20:37:40+00:00,557.49,CONFIRMADA
1613,1373,797,WO1B7X,2026-02-23 00:44:20+00:00,1081.44,PENDENTE
1667,3022,195,RD00QB,2025-12-06 23:24:13+00:00,294.63,CANCELADA
3803,4628,191,XKAMN2,2025-08-31 16:35:49+00:00,4002.48,CANCELADA
3643,3847,383,UGYWXZ,2026-03-20 22:29:14+00:00,2423.13,NO_SHOW
1365,1301,299,Y5ROD2,2025-10-31 16:35:59+00:00,1544.71,EMBARCADA
4842,679,975,L7ZZKN,2025-06-29 02:02:56+00:00,310.71,CANCELADA
730,4238,232,YVY0MR,2025-08-12 18:34:21+00:00,8246.76,PENDENTE
1630,4001,34,2UPMLJ,2026-02-03 09:20:40+00:00,1279.65,CONFIRMADA
1742,2418,338,39GDT9,2025-11-13 15:04:09+00:00,762.99,NO_SHOW
2967,4634,197,310FVV,2026-04-28 19:56:11+00:00,927.93,CANCELADA
394,547,28,Y6JGJU,2025-07-12 19:21:38+00:00,6746.1,CANCELADA
4376,4287,734,2NT7L4,2025-08-11 15:50:31+00:00,1353.04,CONFIRMADA
3004,3885,23,JGMK6S,2026-03-10 20:55:43+00:00,1525.45,EMBARCADA
1746,711,944,INKLUE,2025-11-07 07:07:22+00:00,1833.93,PENDENTE
3185,3711,14,DE7DDE,2026-04-09 02:47:48+00:00,1491.52,EMBARCADA
3574,528,207,6IVHE6,2025-08-17 06:41:23+00:00,5260.66,CONFIRMADA
1347,1793,828,7B15L1,2026-01-12 12:08:58+00:00,9136.42,NO_SHOW
4847,3345,215,SMW813,2025-12-25 15:08:21+00:00,1107.99,NO_SHOW
1564,3706,66,TQ96DJ,2025-08-16 23:19:28+00:00,3343.68,CONFIRMADA
160,2624,180,NEZKB6,2025-08-19 01:11:41+00:00,2605.2,CONFIRMADA
3942,4288,610,VD1RLZ,2025-10-26 12:31:52+00:00,2385.73,CONFIRMADA
2323,30,1,XRRT32,2025-06-26 02:46:20+00:00,693.93,CANCELADA
3033,3290,22,AQO2IB,2025-09-12 12:49:05+00:00,147.95,PENDENTE
4790,4156,953,9S1V1Z,2026-04-20 16:37:45+00:00,230.12,CANCELADA
272,2848,163,CQE1C6,2026-03-07 13:22:11+00:00,1194.26,EMBARCADA
3157,1124,686,JJSA4R,2026-01-23 08:32:08+00:00,2603.59,NO_SHOW
987,664,634,5BLW0A,2025-08-28 02:40:48+00:00,1639.22,CANCELADA
3918,1219,507,CHSVJB,2025-10-31 14:43:14+00:00,4410.49,EMBARCADA
3556,4340,633,4GG9XS,2025-12-04 00:16:22+00:00,175.22,EMBARCADA
3702,1154,90,KCB6BP,2025-11-23 08:18:12+00:00,2544.4,EMBARCADA
4885,4659,423,2FSNZH,2025-11-30 10:34:59+00:00,620.66,CANCELADA
1988,4516,297,JLPTMZ,2025-11-16 14:17:46+00:00,953.23,CONFIRMADA
1454,4209,830,X9NY78,2025-08-24 10:13:33+00:00,1714.49,EMBARCADA
2305,1518,47,I3Q2J4,2026-03-20 15:14:48+00:00,1829.9,NO_SHOW
2674,1254,198,AE13N2,2026-05-12 09:58:30+00:00,796.91,CONFIRMADA
1276,3624,305,YQRIJR,2026-01-25 08:07:48+00:00,4973.69,NO_SHOW
2233,4585,84,OTDWT9,2025-12-29 03:43:19+00:00,3822.53,EMBARCADA
983,3358,962,UHZZLZ,2025-10-10 16:53:49+00:00,1975.38,NO_SHOW
3167,3277,253,DG9YX4,2025-12-03 18:58:43+00:00,251.94,CONFIRMADA
2658,1481,263,IECDY7,2026-04-22 10:10:06+00:00,1079.89,EMBARCADA
3695,2862,150,V0I046,2025-07-24 14:53:11+00:00,1261.89,CONFIRMADA
3901,1655,987,TFSOIA,2025-11-19 21:17:02+00:00,543.73,EMBARCADA
184,1928,827,FTN7YS,2025-07-31 19:21:41+00:00,1305.57,CANCELADA
3775,4161,966,WFW5PK,2025-11-09 02:05:55+00:00,5727.85,PENDENTE
4808,4341,898,ZSMM8Z,2025-06-21 17:15:03+00:00,169.69,PENDENTE
4825,887,199,PRLM7T,2025-10-26 19:42:56+00:00,1799.2,CANCELADA
4868,1695,986,BP5F24,2025-11-14 20:57:26+00:00,4773.56,PENDENTE
3875,3709,272,F5T2MA,2025-06-30 03:05:20+00:00,5909.17,PENDENTE
2268,772,454,G2J4OJ,2025-09-17 06:13:08+00:00,323.12,PENDENTE
2007,2082,76,HT82GQ,2025-07-19 00:11:00+00:00,1810.56,NO_SHOW
3403,262,213,LOY0GM,2026-01-05 11:14:13+00:00,638.07,PENDENTE
2445,1771,306,HPKR5J,2026-01-28 10:32:45+00:00,3879.62,CANCELADA
4256,536,942,3HMJHW,2025-07-31 12:03:38+00:00,86.25,EMBARCADA
1574,4378,820,IMJKWY,2025-08-28 08:55:28+00:00,333.61,EMBARCADA
4564,286,196,JJFH49,2025-09-28 15:11:51+00:00,770.2,EMBARCADA
4547,4685,46,PWOWPK,2025-06-28 17:06:19+00:00,6154.2,NO_SHOW
2124,2302,63,FQ1262,2026-02-03 05:36:44+00:00,284.86,CONFIRMADA
3320,3770,786,BZBONG,2026-03-19 00:22:05+00:00,6129.13,NO_SHOW
2549,1316,620,6DESOG,2025-06-29 01:29:12+00:00,2180.22,CANCELADA
4932,4295,43,U0JZR0,2025-07-07 12:05:22+00:00,700.99,NO_SHOW
4399,3027,336,8UJWUR,2026-01-14 22:21:31+00:00,1555.21,CONFIRMADA
1004,3277,804,RHM9UJ,2026-03-28 02:39:13+00:00,676.78,CANCELADA
2297,320,388,6IJ7ME,2026-02-04 15:26:58+00:00,8094.33,PENDENTE
541,2671,781,2GCR67,2025-11-08 23:06:32+00:00,865.54,PENDENTE
765,2694,9,KYJZ9A,2026-03-07 00:01:09+00:00,2371.65,NO_SHOW
4961,202,701,IC0QC8,2026-05-10 17:29:43+00:00,1435.15,CONFIRMADA
4027,4305,874,7MW89H,2025-08-06 04:23:20+00:00,210.26,NO_SHOW
2224,2943,962,KLSRE4,2026-01-09 08:18:12+00:00,439.36,EMBARCADA
143,1917,927,H52G0F,2026-02-26 05:53:32+00:00,848.85,CONFIRMADA
1850,3887,886,VATH8T,2026-03-06 12:25:51+00:00,5449.48,EMBARCADA
899,1220,350,K4ZXP3,2026-01-15 20:47:03+00:00,2627.63,PENDENTE
3295,2402,331,R6VCBX,2025-08-07 03:00:40+00:00,1915.55,CANCELADA
938,511,127,6OO57C,2025-12-26 08:18:44+00:00,5611.76,CANCELADA
4810,1668,177,K616CN,2026-02-18 15:00:01+00:00,726.09,CONFIRMADA
3074,3479,990,325YK5,2025-10-02 02:24:42+00:00,465.81,PENDENTE
3507,4401,482,C45O7G,2026-05-06 01:08:20+00:00,68.25,CONFIRMADA
1890,2303,166,9CBKX1,2025-08-01 19:46:29+00:00,3064.08,CANCELADA
4665,2269,45,VVZ3MI,2025-10-10 19:01:25+00:00,5572.59,CONFIRMADA
2916,1822,622,1A0793,2025-06-22 10:37:37+00:00,1590.94,PENDENTE
2805,1339,755,76YM57,2025-12-22 15:57:58+00:00,542.34,PENDENTE
1339,4751,92,R4J8EJ,2026-04-06 22:42:59+00:00,6838.84,CONFIRMADA
3466,2456,940,WQXV68,2025-12-08 09:36:41+00:00,2170.41,CONFIRMADA
413,4310,116,MEEE8D,2025-11-12 16:19:41+00:00,1313.83,CANCELADA
313,4340,43,7883BM,2025-09-01 20:53:05+00:00,405.99,PENDENTE
4965,3870,244,PFQ5OS,2026-01-23 17:34:02+00:00,869.01,EMBARCADA
4963,3491,509,KCTX4D,2025-11-24 10:08:43+00:00,10358.65,EMBARCADA
3123,2897,420,URHC0C,2026-04-12 08:10:20+00:00,75.44,NO_SHOW
3492,3621,381,UOS1NN,2026-05-08 23:49:20+00:00,1622.19,CANCELADA
4792,2425,921,P9YQBF,2026-02-08 11:32:23+00:00,406.77,CONFIRMADA
2179,2024,820,8G99DD,2025-07-10 01:49:18+00:00,878.31,NO_SHOW
3454,45,569,HXA3QG,2026-01-27 07:46:43+00:00,1982.31,EMBARCADA
1876,3751,816,AJ0ILX,2026-03-02 19:39:10+00:00,1431.37,PENDENTE
2314,774,782,0HZSYF,2026-05-08 11:26:38+00:00,808.17,CONFIRMADA
3407,3947,608,0GZCRN,2025-07-17 17:52:54+00:00,3044.39,CONFIRMADA
1860,3762,984,V1B2LD,2025-06-16 01:56:07+00:00,1102.21,EMBARCADA
3522,303,455,GQNELD,2025-09-04 09:54:58+00:00,861.98,EMBARCADA
3582,689,933,TBPIED,2026-04-15 20:47:44+00:00,1372.12,CONFIRMADA
3921,503,100,Z6E75Y,2025-08-28 02:46:27+00:00,275.59,CONFIRMADA
634,1387,696,MBBGCM,2025-12-14 21:53:42+00:00,573.06,PENDENTE
1443,2683,379,DCW0JH,2026-01-11 21:00:53+00:00,1486.02,PENDENTE
3238,1914,147,VKZ8MW,2025-08-05 10:24:14+00:00,5231.09,PENDENTE
3198,4865,150,3DITNE,2025-12-29 15:26:55+00:00,2941.3,NO_SHOW
1,2174,117,AKNP7W,2026-04-06 10:54:48+00:00,1082.61,NO_SHOW
4958,981,274,2SHCFC,2025-06-08 03:11:29+00:00,2043.96,CANCELADA
3062,2196,370,QMM7KB,2025-12-14 01:06:35+00:00,3668.47,EMBARCADA
4583,2766,462,I3C4JY,2026-01-24 17:29:40+00:00,135.87,CONFIRMADA
650,2068,773,JQPB1J,2026-05-30 09:05:17+00:00,1132.66,PENDENTE
2996,4099,501,KYSLVK,2025-12-18 07:16:07+00:00,1925.87,EMBARCADA
2247,4379,831,EF54NA,2025-09-19 14:09:50+00:00,3040.36,CONFIRMADA
4716,1947,739,LAB909,2025-07-21 19:09:39+00:00,330.12,EMBARCADA
385,3138,123,1JQ1UW,2026-01-31 21:58:22+00:00,2889.26,CONFIRMADA
1378,547,569,14FJ44,2025-12-01 15:36:27+00:00,8507.39,CONFIRMADA
351,3984,171,M8GKQC,2025-07-04 06:23:13+00:00,2831.42,CANCELADA
4945,3483,945,JJZHLZ,2025-06-12 13:21:24+00:00,3299.05,EMBARCADA
2553,3284,638,A44A2V,2026-03-09 06:54:40+00:00,1052.25,CANCELADA
640,4363,715,CQS3R4,2025-08-02 13:04:45+00:00,999.47,PENDENTE
2324,3615,961,RN704R,2026-05-01 04:42:42+00:00,1447.93,CONFIRMADA
4575,219,158,K5I0BL,2026-02-10 01:30:07+00:00,1596.46,CONFIRMADA
1947,2195,999,3ADK2K,2025-09-24 02:35:00+00:00,895.39,EMBARCADA
3881,2707,379,3LHB44,2026-05-02 17:55:31+00:00,1441.08,CANCELADA
4503,3788,123,45WN5P,2026-03-30 16:34:15+00:00,2684.04,NO_SHOW
875,909,544,IWJDHA,2026-02-26 14:02:31+00:00,2854.14,NO_SHOW
2032,2497,481,PMQZVK,2025-10-10 18:31:37+00:00,167.8,EMBARCADA
1465,2462,111,28RPPH,2026-05-04 01:34:33+00:00,2896.48,NO_SHOW
436,1654,329,K8T068,2025-06-30 16:18:57+00:00,700.91,EMBARCADA
677,2881,895,V7I73A,2026-01-14 03:36:44+00:00,2101.53,NO_SHOW
431,2465,742,RN4C1J,2026-01-14 12:51:29+00:00,503.47,NO_SHOW
4888,580,332,L98CN5,2025-07-15 21:27:00+00:00,6379.11,EMBARCADA
1694,3753,300,UBKCAU,2025-12-05 22:37:58+00:00,2253.5,PENDENTE
3887,3331,433,49DGXM,2025-08-31 22:35:21+00:00,1797.41,PENDENTE
1222,4313,672,3CR1E7,2026-06-02 08:07:50+00:00,5655.19,EMBARCADA
1597,1655,989,ISN50W,2026-01-20 18:11:27+00:00,789.07,PENDENTE
333,3195,73,BHQ15U,2025-09-05 04:41:14+00:00,387.34,PENDENTE
2448,4308,871,2T3X6A,2025-06-30 01:29:16+00:00,4901.56,CONFIRMADA
2794,2712,625,626QFP,2025-11-12 02:32:45+00:00,917.32,CONFIRMADA
1521,1251,460,0YSSY5,2026-01-13 10:54:11+00:00,938.51,CONFIRMADA
158,299,627,7JV856,2025-11-28 12:53:01+00:00,6417.14,CONFIRMADA
3430,723,304,IWMQWH,2026-05-11 08:50:14+00:00,172.0,PENDENTE
1902,1909,474,IA4WGM,2026-03-02 12:00:07+00:00,589.78,PENDENTE
100,3517,969,G4DGV7,2026-03-07 17:39:50+00:00,12863.75,EMBARCADA
2011,77,684,UZLKDJ,2025-09-13 05:46:24+00:00,2512.3,PENDENTE
3867,3785,204,RGAVVF,2026-02-13 09:35:18+00:00,2376.5,CONFIRMADA
3560,3747,904,Z31VQ5,2025-11-11 23:50:08+00:00,1621.33,CANCELADA
4769,2296,159,S1INTU,2026-04-28 06:11:05+00:00,910.06,CONFIRMADA
1204,4173,932,SP6JYX,2026-03-06 19:03:29+00:00,5741.99,PENDENTE
2065,2863,187,096MO2,2025-08-08 15:14:58+00:00,1000.96,PENDENTE
3338,2434,18,0SSBPY,2025-11-29 15:34:08+00:00,1777.92,CANCELADA
2035,2551,101,IQ5DCC,2026-03-16 11:59:10+00:00,330.74,CANCELADA
4937,1147,475,77L7FH,2026-01-10 22:51:06+00:00,347.49,PENDENTE
462,643,343,BARV7U,2026-01-03 10:46:06+00:00,1116.08,EMBARCADA
3154,967,53,VMOBMH,2026-05-27 23:43:42+00:00,596.02,PENDENTE
3642,3084,105,KH2PRA,2025-12-31 10:17:51+00:00,1350.12,CONFIRMADA
1965,2950,29,V1UVVM,2025-11-24 05:47:29+00:00,2571.64,PENDENTE
3531,3442,258,9SWFQT,2025-11-29 21:19:12+00:00,1301.65,EMBARCADA
4364,1558,719,J0M0T6,2026-02-18 12:52:22+00:00,434.01,CONFIRMADA
2155,2364,483,Y77P7I,2026-01-27 12:36:16+00:00,2242.78,PENDENTE
4025,1521,951,4YYVZY,2025-06-17 08:05:46+00:00,5419.46,CONFIRMADA
2524,4772,397,QQJ7ZK,2026-05-04 08:59:35+00:00,479.78,CONFIRMADA
2863,726,857,HK4LX3,2026-01-11 16:26:41+00:00,776.32,CONFIRMADA
40,2043,517,2Z4XWA,2026-03-25 02:35:49+00:00,1910.98,NO_SHOW
1398,4854,276,I79MF1,2025-07-07 20:21:09+00:00,118.25,CONFIRMADA
3595,4844,762,XYV4UO,2026-03-04 05:20:30+00:00,586.63,PENDENTE
3580,428,65,IX5AX5,2025-12-15 21:53:22+00:00,3741.92,PENDENTE
4553,2879,409,NE2XK5,2026-03-12 13:20:24+00:00,10920.58,CONFIRMADA
3922,2128,897,T2201Y,2025-08-07 22:58:55+00:00,909.87,CANCELADA
320,1475,120,KBY3IW,2026-05-31 11:02:41+00:00,468.66,CONFIRMADA
1100,4509,359,TK7FHF,2026-03-30 16:01:09+00:00,696.03,PENDENTE
4507,3947,868,1E2ASW,2026-04-10 10:24:52+00:00,3325.54,EMBARCADA
1435,4341,339,E1W9SM,2025-09-24 17:37:50+00:00,275.4,CANCELADA
535,280,351,KA1T4W,2026-02-21 15:07:39+00:00,1564.82,EMBARCADA
4616,1711,611,OK4RTS,2026-01-13 17:14:18+00:00,937.04,PENDENTE
3911,2346,80,KSYCKG,2026-02-01 12:19:55+00:00,1132.7,NO_SHOW
825,2992,241,J4P9UT,2025-06-16 15:13:17+00:00,568.09,CONFIRMADA
750,4189,935,JEG5UK,2025-10-31 05:10:45+00:00,3368.92,NO_SHOW
855,4488,185,UAU5OG,2025-11-26 06:36:19+00:00,1256.05,CONFIRMADA
2371,819,452,AETWIR,2025-11-01 19:52:10+00:00,4049.33,CONFIRMADA
3462,4747,374,LQMVP8,2026-03-06 01:23:47+00:00,1028.2,NO_SHOW
74,1738,569,RC0C80,2025-10-11 16:38:06+00:00,8824.12,NO_SHOW
4541,1269,725,MVYDZL,2025-08-22 10:09:54+00:00,3526.74,CANCELADA
3137,970,86,7O9IBN,2025-09-03 14:30:16+00:00,5521.67,NO_SHOW
4156,2663,653,2HG4C6,2026-04-05 08:47:40+00:00,864.7,EMBARCADA
4187,438,545,57K2G3,2025-11-06 04:43:00+00:00,4347.31,CANCELADA
3002,2753,616,PCF8RC,2025-08-29 09:16:30+00:00,247.09,NO_SHOW
295,4816,679,B0T4O7,2026-03-10 04:27:15+00:00,2299.8,PENDENTE
940,3569,399,CIGDRV,2025-09-05 16:20:30+00:00,1463.26,CONFIRMADA
4575,4646,524,38S999,2026-05-03 23:38:53+00:00,2186.7,CONFIRMADA
2374,884,361,YS0BF6,2025-06-12 04:30:52+00:00,1513.27,PENDENTE
1153,4774,749,5RBPBY,2025-07-09 01:13:07+00:00,11893.3,EMBARCADA
2888,4069,752,9BELDX,2026-01-11 04:27:35+00:00,5796.28,EMBARCADA
1391,1132,945,DA32DN,2026-02-11 22:43:45+00:00,4653.53,PENDENTE
4337,3690,26,NQP0UM,2026-01-29 07:19:19+00:00,4315.3,PENDENTE
4902,192,665,07PADW,2025-11-16 04:41:19+00:00,3529.04,CONFIRMADA
452,2411,447,OSUTUG,2025-10-21 08:54:06+00:00,4298.62,PENDENTE
3124,305,624,VJ7MCD,2025-11-20 21:51:55+00:00,2148.24,NO_SHOW
3388,1442,655,Q7SS2N,2025-08-12 07:45:48+00:00,3942.78,CONFIRMADA
4279,2491,847,XMGA0Z,2025-09-28 07:00:50+00:00,3395.66,CANCELADA
3463,1454,610,J2G51Q,2026-05-01 04:13:33+00:00,2681.02,EMBARCADA
563,799,934,JZTZZR,2026-03-22 04:17:26+00:00,628.21,EMBARCADA
2842,2409,364,LF71BM,2025-11-13 07:48:44+00:00,4197.23,CANCELADA
1902,82,528,TO0DY8,2026-03-20 05:47:54+00:00,3921.82,NO_SHOW
1387,1705,971,9ZV0WF,2026-04-20 00:04:49+00:00,6024.48,PENDENTE
1112,222,745,NAILNE,2025-11-30 17:50:29+00:00,4161.52,CONFIRMADA
2766,3304,854,Q8TC9N,2025-09-19 23:18:55+00:00,2050.31,EMBARCADA
3190,4404,951,MCEI40,2026-02-15 00:34:19+00:00,2434.15,CONFIRMADA
2475,1297,87,9Y3NRM,2026-03-31 08:06:22+00:00,3254.21,EMBARCADA
4831,4903,667,3LUR0H,2025-10-28 13:34:27+00:00,1546.35,NO_SHOW
3302,4362,405,YXL20H,2025-12-26 02:50:57+00:00,1774.25,PENDENTE
2027,225,725,FQ3A8G,2026-04-21 07:16:31+00:00,895.97,PENDENTE
2538,2259,518,F358DP,2025-12-19 10:00:13+00:00,117.91,NO_SHOW
3980,885,22,5C80I5,2025-10-23 00:41:49+00:00,2937.89,CANCELADA
2003,71,893,4UOBCP,2025-06-16 17:18:16+00:00,203.07,PENDENTE
2369,3134,412,MBNT8J,2026-03-09 17:14:14+00:00,1398.16,PENDENTE
4503,46,886,7F8EGB,2025-07-11 21:36:41+00:00,2511.32,PENDENTE
2921,994,891,J509TW,2026-05-12 02:57:28+00:00,2890.77,NO_SHOW
4282,3893,101,8OPG8D,2025-11-18 20:15:08+00:00,1357.31,EMBARCADA
2908,3678,947,51D2T9,2025-08-11 13:12:55+00:00,3079.16,NO_SHOW
312,419,294,8IVWHI,2026-02-11 16:50:21+00:00,361.97,EMBARCADA
3428,2282,935,MM45NE,2025-11-12 08:40:18+00:00,2665.59,CANCELADA
771,1521,552,ZGQSWI,2025-06-29 11:32:45+00:00,7652.38,NO_SHOW
3726,220,418,AHHLDM,2026-02-21 10:20:17+00:00,1501.91,PENDENTE
397,1660,307,A58KLL,2025-09-18 16:38:57+00:00,2225.3,EMBARCADA
4724,4251,850,PB257A,2026-04-07 19:47:18+00:00,2201.79,PENDENTE
881,4632,828,7UOERL,2026-05-10 14:15:45+00:00,9812.07,CANCELADA
4295,2254,698,D686OF,2025-12-19 09:16:56+00:00,1403.72,EMBARCADA
1235,1391,270,65ZSQS,2025-07-17 06:09:20+00:00,1028.27,CONFIRMADA
493,3858,958,9NHZNF,2025-10-02 22:49:29+00:00,992.31,EMBARCADA
2845,3182,228,JZCCU2,2025-07-25 19:46:56+00:00,9123.43,CANCELADA
1275,2346,864,9WXJXF,2026-03-04 18:12:00+00:00,1883.12,PENDENTE
4638,4283,48,VXWVXN,2025-07-20 03:00:44+00:00,1248.62,CANCELADA
3171,4109,805,WM26ZY,2025-09-08 05:16:00+00:00,3566.49,CONFIRMADA
4070,322,671,GLB9HI,2026-04-30 00:26:14+00:00,575.04,CANCELADA
3686,4521,356,HL3462,2025-12-22 00:07:51+00:00,930.87,PENDENTE
4506,198,376,D2RRK7,2025-06-23 01:21:55+00:00,167.73,PENDENTE
1437,2456,501,JHHD22,2025-08-10 06:19:40+00:00,1775.79,NO_SHOW
171,2400,638,JBMSLM,2025-08-11 01:37:05+00:00,580.45,PENDENTE
605,4589,897,4T1RVJ,2025-10-11 14:47:11+00:00,594.05,CONFIRMADA
4511,4668,154,YLL1TD,2026-05-06 14:54:18+00:00,2334.76,NO_SHOW
3041,1755,425,FFDSO6,2026-02-11 00:25:36+00:00,1204.13,PENDENTE
3907,2499,698,NXLVRS,2025-06-30 19:30:22+00:00,1435.52,PENDENTE
2897,796,202,XLTF0Z,2025-12-08 12:08:59+00:00,833.22,CONFIRMADA
4096,4539,248,8HOR7E,2025-10-19 22:36:39+00:00,1923.6,NO_SHOW
3751,4754,255,2S81YW,2026-03-23 12:21:40+00:00,331.49,CONFIRMADA
249,1673,926,XKH089,2025-06-22 08:18:25+00:00,4483.96,PENDENTE
1384,4570,331,GZMHLC,2026-01-27 20:32:23+00:00,2399.88,CONFIRMADA
4277,4968,492,6JY0KT,2025-09-18 08:48:14+00:00,1990.75,NO_SHOW
4718,2072,457,UBOR3H,2025-08-11 19:38:11+00:00,1260.54,CANCELADA
4905,3897,377,8S8F14,2025-07-25 11:13:40+00:00,674.07,CONFIRMADA
159,62,101,QR7L69,2025-07-05 04:19:53+00:00,602.19,CANCELADA
3762,2160,521,S3P4Q8,2025-10-11 02:22:20+00:00,930.54,PENDENTE
4257,552,883,YPKDAF,2026-04-30 07:20:31+00:00,2458.94,CONFIRMADA
263,4430,274,SJ817Y,2025-06-04 13:20:07+00:00,1894.26,CANCELADA
3659,2364,498,AHK2YS,2025-10-12 13:29:20+00:00,1464.67,EMBARCADA
4793,1916,334,KGU9O1,2026-05-13 15:27:50+00:00,1510.59,NO_SHOW
108,383,9,OI4PWA,2026-03-12 14:55:14+00:00,1932.35,NO_SHOW
276,2279,904,3I4MF7,2025-12-13 08:37:41+00:00,2683.85,CANCELADA
4102,61,461,0T1II5,2025-09-09 17:10:43+00:00,634.63,CANCELADA
3678,4683,840,L6BYX9,2026-04-04 17:57:02+00:00,298.13,PENDENTE
576,3542,522,8MEJQL,2025-09-15 13:40:57+00:00,437.7,NO_SHOW
3475,741,432,SZKEAU,2025-10-11 13:21:57+00:00,636.12,PENDENTE
1548,4655,52,XPAS7I,2025-10-08 20:21:15+00:00,5989.64,CANCELADA
1855,637,686,290EO3,2025-06-09 18:12:02+00:00,1690.29,NO_SHOW
3971,2977,632,WVWH1L,2026-02-23 18:05:38+00:00,6270.86,NO_SHOW
4614,1691,32,05AURD,2025-06-24 12:49:41+00:00,7887.14,CONFIRMADA
3620,3627,492,9NJBW9,2026-01-30 05:20:02+00:00,4710.44,PENDENTE
687,1306,21,1JN2FM,2026-01-01 07:46:19+00:00,593.96,CANCELADA
1364,3109,477,ZB8SIJ,2025-10-27 22:55:22+00:00,622.54,EMBARCADA
4816,2645,548,TIMDAS,2025-07-11 11:17:37+00:00,1781.81,CANCELADA
4051,1583,420,AAZ86M,2026-04-06 00:29:19+00:00,1476.39,CONFIRMADA
1728,3901,751,ON40P2,2026-04-02 04:31:34+00:00,604.28,CONFIRMADA
1290,4114,46,ALWMXV,2026-01-21 10:41:53+00:00,2047.59,CONFIRMADA
3836,4264,765,KXLFBC,2026-05-31 09:33:18+00:00,4782.29,NO_SHOW
3315,4707,692,EMYIM5,2025-06-28 09:08:45+00:00,7570.09,CANCELADA
1028,215,450,GOZQ10,2026-01-01 23:57:34+00:00,2657.69,PENDENTE
1042,2339,952,DWQS50,2026-01-03 20:12:27+00:00,4777.46,PENDENTE
200,4771,747,QKV2PN,2025-06-18 07:00:10+00:00,4954.36,CANCELADA
51,2935,570,FXSYNX,2026-05-06 21:19:49+00:00,2680.84,CONFIRMADA
2755,3609,675,DFEQT8,2026-03-19 06:22:00+00:00,530.62,CONFIRMADA
3801,2288,639,ETLYYW,2026-05-29 09:13:30+00:00,933.25,EMBARCADA
4231,1544,723,60DU7U,2025-07-27 00:05:02+00:00,2134.48,CONFIRMADA
2873,986,311,0UVG7K,2025-10-03 04:39:04+00:00,1640.59,CANCELADA
1432,2917,935,BP1Q4O,2026-03-30 15:15:46+00:00,325.27,NO_SHOW
2637,568,224,FFGT75,2026-06-01 10:23:16+00:00,166.87,CONFIRMADA
2345,2331,332,ZI2U8Y,2025-09-18 15:07:25+00:00,4245.52,PENDENTE
3346,841,563,S3IZS0,2026-05-22 15:04:53+00:00,338.87,PENDENTE
1508,1578,221,7VKWI7,2025-06-12 08:00:22+00:00,524.15,CANCELADA
3979,1073,390,25HJ9O,2025-10-10 22:24:32+00:00,237.58,CONFIRMADA
4711,2252,690,IB4T2C,2025-11-28 13:18:18+00:00,3328.68,NO_SHOW
2340,3130,113,PHPUNM,2025-11-28 12:55:19+00:00,459.98,CANCELADA
3181,2401,67,MS5YSA,2026-04-13 23:43:10+00:00,1890.3,EMBARCADA
490,534,103,6X6MBE,2026-05-01 05:48:01+00:00,1943.73,CANCELADA
2738,138,426,G9MKN1,2025-12-08 03:09:23+00:00,1248.0,CONFIRMADA
1106,4127,233,VKRPF4,2026-05-22 21:25:31+00:00,362.03,CANCELADA
4997,1231,338,7Q3B7L,2026-02-17 16:25:00+00:00,354.7,CANCELADA
3705,2505,663,4ZKSIJ,2026-05-11 14:07:28+00:00,1507.11,CANCELADA
2693,3298,412,H33Z56,2026-04-16 03:04:09+00:00,5014.69,CONFIRMADA
4636,205,687,XQ1X9L,2026-01-30 11:19:35+00:00,6873.21,EMBARCADA
50,4660,513,DXVAEC,2025-06-03 08:39:02+00:00,342.48,EMBARCADA
4497,3457,518,6GRBWA,2026-04-03 12:13:24+00:00,1464.93,CANCELADA
1067,4650,725,MXWZKG,2025-10-07 11:38:35+00:00,297.54,PENDENTE
1715,3553,702,RV0D5K,2025-10-07 02:25:42+00:00,1402.97,CANCELADA
3507,2638,783,W9WPQ6,2025-10-02 14:37:08+00:00,342.48,NO_SHOW
224,1326,415,1VMT09,2026-01-26 16:52:47+00:00,4187.14,CANCELADA
601,3971,506,RABO5G,2025-11-05 08:50:05+00:00,1446.53,NO_SHOW
3156,3272,44,C46U4J,2025-06-15 16:55:15+00:00,854.22,CANCELADA
1285,2478,915,QVKV1C,2026-04-13 19:45:33+00:00,1220.94,CONFIRMADA
4044,86,578,B2V2KH,2025-07-15 21:14:13+00:00,908.43,CANCELADA
2968,1582,104,BNCQ4R,2025-10-04 14:33:26+00:00,3383.11,NO_SHOW
2284,962,650,RBJTFJ,2025-10-03 14:54:06+00:00,370.7,EMBARCADA
135,4089,839,J3E44H,2026-01-15 09:08:58+00:00,1401.04,EMBARCADA
2008,73,647,S6X9R6,2026-04-14 07:09:27+00:00,2287.54,PENDENTE
196,2864,967,M3PSR0,2025-12-18 01:28:57+00:00,3941.19,CANCELADA
697,2265,789,M5WHAW,2026-01-14 03:18:50+00:00,8360.53,CANCELADA
4860,726,845,NIW3IO,2026-02-14 05:43:01+00:00,2828.03,CONFIRMADA
3533,3636,640,ZVBTCS,2026-03-29 15:30:37+00:00,1514.26,NO_SHOW
4884,608,196,S2LVA0,2025-08-03 07:23:50+00:00,2002.49,EMBARCADA
2504,2748,977,HEJRL7,2025-12-12 17:07:34+00:00,1882.77,CANCELADA
1417,4200,167,T470AZ,2026-05-19 12:28:32+00:00,4782.33,PENDENTE
1739,3380,366,DE78W3,2026-04-12 13:16:11+00:00,5141.72,PENDENTE
643,1063,885,8EIUQM,2025-06-16 11:54:29+00:00,5215.48,NO_SHOW
1106,1291,821,ELW538,2025-10-19 10:26:55+00:00,1645.12,PENDENTE
293,4119,204,QAV1CL,2026-04-24 07:35:11+00:00,2381.95,NO_SHOW
3611,4007,494,X6YMVM,2026-04-26 03:18:05+00:00,651.92,PENDENTE
421,1403,208,VZV423,2026-01-05 15:38:56+00:00,7997.17,EMBARCADA
1568,3867,878,2LKL3V,2026-01-05 13:21:26+00:00,1344.06,CONFIRMADA
3543,104,222,CNZ6HK,2026-05-07 17:44:46+00:00,427.92,PENDENTE
784,4685,421,02M2WD,2025-12-09 20:04:00+00:00,1598.18,CANCELADA
3419,4628,737,SXE3RU,2025-09-13 06:13:15+00:00,1655.64,CONFIRMADA
205,3735,372,6Z9366,2026-03-30 12:39:56+00:00,1147.32,NO_SHOW
1485,4759,389,9SP62G,2025-09-05 17:53:35+00:00,7875.86,PENDENTE
3673,163,700,ESLV78,2025-08-31 06:01:55+00:00,1158.12,EMBARCADA
4837,2051,748,3KQC11,2026-05-19 15:27:32+00:00,5109.45,CANCELADA
4114,1301,482,IL35TG,2025-08-17 11:22:47+00:00,1871.83,PENDENTE
4631,4249,951,A8JYRY,2025-10-22 17:06:35+00:00,5770.62,PENDENTE
4802,4678,184,J2N7UI,2026-02-25 11:36:14+00:00,2836.88,CONFIRMADA
4288,3154,606,SSBIN9,2025-11-11 17:11:45+00:00,1966.38,PENDENTE
4351,3004,600,4GEW4Y,2025-10-04 21:02:04+00:00,1223.82,CANCELADA
3603,1957,680,RK7EV2,2026-02-22 06:21:05+00:00,526.06,PENDENTE
328,4513,691,7VRKIK,2026-06-01 03:26:00+00:00,4532.89,EMBARCADA
4315,3954,693,87CTFL,2025-10-23 22:40:12+00:00,468.32,EMBARCADA
4701,4407,993,FE6D9P,2026-01-12 10:35:17+00:00,498.09,NO_SHOW
1509,1320,544,72VJH6,2025-09-24 08:47:25+00:00,2097.38,CANCELADA
2140,2743,285,GAAYIS,2026-05-30 18:19:14+00:00,1883.31,NO_SHOW
31,4071,703,PMKS1M,2026-02-08 21:21:25+00:00,2617.63,CONFIRMADA
2821,3707,238,03G55Q,2025-12-19 11:19:04+00:00,901.28,EMBARCADA
2925,255,382,M1OYMI,2025-12-29 12:49:49+00:00,408.55,CONFIRMADA
4633,1675,735,KOS705,2025-09-19 15:46:25+00:00,2818.59,CONFIRMADA
2822,4582,556,GH4GZA,2025-12-08 22:49:43+00:00,848.06,PENDENTE
3104,511,931,W2YL09,2025-10-15 19:36:28+00:00,4801.17,CONFIRMADA
3482,1960,359,KFD568,2025-10-10 04:48:58+00:00,1242.85,EMBARCADA
3020,3556,244,OYEY2Q,2025-10-24 01:39:36+00:00,2695.02,CONFIRMADA
1592,1014,396,8JPEBK,2026-03-20 06:18:32+00:00,198.57,EMBARCADA
59,1907,290,MHU5UK,2026-04-06 14:17:38+00:00,2672.92,PENDENTE
1976,2791,607,575TLJ,2025-09-11 15:10:34+00:00,4606.5,CANCELADA
1204,4175,518,U9TIMH,2025-07-11 01:41:23+00:00,1075.3,PENDENTE
3998,3705,35,JPD1H8,2025-09-05 10:00:40+00:00,264.36,EMBARCADA
4341,3141,997,QTM8YK,2026-03-09 18:32:00+00:00,1422.64,CONFIRMADA
1018,2792,142,GXNHVC,2026-02-22 04:55:32+00:00,1815.09,EMBARCADA
1140,4552,7,Q0WR6C,2025-08-14 15:54:19+00:00,5923.71,PENDENTE
585,4778,105,CMU30X,2026-04-27 11:14:55+00:00,353.83,PENDENTE
4435,3023,432,52CNDG,2025-10-28 04:12:54+00:00,1215.18,PENDENTE
3816,2391,561,3KLVRV,2026-04-17 07:24:23+00:00,240.33,CANCELADA
4293,3432,161,M548X4,2025-06-09 13:13:43+00:00,2221.03,CONFIRMADA
3813,3471,683,W9ROG9,2026-04-20 05:04:07+00:00,2147.07,EMBARCADA
4425,1709,6,EJYDO1,2025-09-25 22:41:58+00:00,6095.48,EMBARCADA
3135,2170,555,5AGW0Y,2026-04-19 09:23:59+00:00,2783.7,NO_SHOW
2605,4887,34,TYTR7X,2026-01-21 19:11:52+00:00,303.41,EMBARCADA
4154,228,415,PM5D32,2026-04-23 19:54:39+00:00,2236.35,CANCELADA
4805,3404,36,CQHOMH,2025-09-25 00:25:34+00:00,1051.17,NO_SHOW
1888,2688,17,QFBLKL,2025-08-31 01:34:13+00:00,1913.55,PENDENTE
2864,2055,312,GA4Z8L,2026-05-10 15:46:14+00:00,4801.07,PENDENTE
793,4754,80,S8TA2I,2026-04-06 16:43:23+00:00,161.7,NO_SHOW
375,393,483,1OZFLR,2026-03-28 19:59:06+00:00,1721.46,CONFIRMADA
4866,4976,22,2OTB5M,2025-10-03 09:51:37+00:00,2275.59,PENDENTE
2905,1066,902,3T1WM1,2025-08-02 02:12:08+00:00,1537.07,PENDENTE
1584,997,807,X9J2AH,2026-01-30 03:59:47+00:00,2400.1,EMBARCADA
3016,3924,398,6EMJW2,2025-07-30 23:21:44+00:00,2269.0,CONFIRMADA
1741,3374,575,IHPZ6M,2025-09-07 22:32:06+00:00,2626.79,EMBARCADA
4852,1399,487,2QRQO6,2025-06-25 22:19:27+00:00,6381.98,CONFIRMADA
1134,3681,185,E4QVRF,2026-02-10 06:39:11+00:00,4765.2,EMBARCADA
2039,1585,143,5E0XUF,2025-10-05 06:26:55+00:00,2099.29,PENDENTE
3092,3457,179,NHTYKM,2025-11-07 16:05:53+00:00,2558.47,CANCELADA
776,4300,214,D47YRO,2025-06-28 19:59:50+00:00,1620.58,EMBARCADA
2732,3512,570,QDL30T,2026-02-28 06:05:18+00:00,839.58,EMBARCADA
3380,1347,164,INERG4,2026-02-04 02:42:04+00:00,281.05,CONFIRMADA
372,3260,874,XJJ789,2026-03-01 16:47:01+00:00,1644.38,NO_SHOW
1861,1085,713,JLHPCK,2026-04-21 01:08:29+00:00,1823.11,CANCELADA
4315,1327,857,1CZ6ET,2025-07-11 23:15:17+00:00,1242.74,EMBARCADA
1459,4913,673,1DTZ6V,2026-05-18 17:51:37+00:00,978.62,NO_SHOW
1974,1250,533,O49UBV,2025-10-18 05:02:45+00:00,179.15,CONFIRMADA
1032,223,497,QY2CS7,2025-08-10 15:02:13+00:00,813.41,CANCELADA
2973,903,687,YIYA23,2025-12-09 19:12:57+00:00,7127.06,NO_SHOW
1855,1457,46,KM9W0Z,2025-07-29 06:01:54+00:00,1542.94,PENDENTE
345,34,630,3HQYUZ,2025-12-09 08:18:34+00:00,2934.81,PENDENTE
4417,4621,835,4CMWGN,2026-05-27 15:43:11+00:00,4230.33,CONFIRMADA
2862,1950,716,HS9VQU,2026-05-18 01:45:06+00:00,1137.58,NO_SHOW
1047,3006,673,94PBH2,2025-11-25 19:13:42+00:00,408.79,CANCELADA
4570,3966,581,BV4DV3,2025-08-24 03:36:52+00:00,908.94,NO_SHOW
4930,4129,932,AP1BPN,2025-12-21 09:45:03+00:00,5731.54,NO_SHOW
3790,1743,608,OGG9IQ,2025-08-09 14:42:54+00:00,3707.11,NO_SHOW
1654,2630,565,OPQ2DU,2026-05-12 15:14:56+00:00,3961.23,PENDENTE
4051,1540,651,YWUKBY,2025-06-04 16:59:33+00:00,3353.99,PENDENTE
454,1062,805,N69G0D,2025-07-29 13:53:43+00:00,3713.56,NO_SHOW
2337,1107,463,0IWXMV,2026-03-04 01:57:51+00:00,2241.04,EMBARCADA
1515,1269,381,KQ0MHA,2026-04-27 13:33:50+00:00,1582.73,NO_SHOW
2271,3325,556,2DS1MM,2025-11-05 17:14:32+00:00,1312.9,PENDENTE
2586,314,479,150G9S,2026-04-28 07:25:27+00:00,647.59,NO_SHOW
433,3281,922,VTXK1U,2025-09-11 05:32:48+00:00,1115.98,EMBARCADA
1036,61,764,MW6PBL,2025-06-13 17:15:22+00:00,1591.96,PENDENTE
2661,4214,201,JSR6UK,2025-12-01 14:19:19+00:00,1241.27,EMBARCADA
3349,4407,103,UE1DX8,2026-06-01 12:04:12+00:00,1089.57,EMBARCADA
2611,4797,933,RFOYQM,2026-04-17 15:22:55+00:00,166.17,EMBARCADA
428,4767,80,2O645P,2026-05-11 19:42:07+00:00,1313.25,EMBARCADA
2812,1706,589,6RO6KQ,2025-11-10 19:24:39+00:00,7511.97,CANCELADA
1823,2672,269,O96QR6,2026-04-30 04:55:00+00:00,10121.34,NO_SHOW
4571,2448,591,MOJO4A,2025-10-19 03:22:29+00:00,1440.11,EMBARCADA
3657,403,886,K219R1,2026-03-15 06:04:10+00:00,3294.54,CANCELADA
1403,2759,516,6B53A7,2025-10-14 22:31:27+00:00,588.59,EMBARCADA
3160,4018,17,CR0PUI,2026-05-08 06:27:10+00:00,160.55,PENDENTE
1818,2092,862,GALXLM,2026-01-01 12:24:43+00:00,804.94,NO_SHOW
3471,4753,507,DQJFD1,2026-03-27 16:36:26+00:00,7071.43,CANCELADA
4511,1442,534,H9P9OC,2025-06-17 07:30:54+00:00,817.16,PENDENTE
2504,2026,927,LO3233,2025-09-01 02:42:34+00:00,5716.53,CONFIRMADA
4007,3111,140,K3NIA2,2026-01-31 16:10:20+00:00,1944.67,NO_SHOW
2622,2065,263,ALY3V1,2025-12-25 07:29:50+00:00,596.33,CONFIRMADA
4927,4408,470,PD8L9D,2025-10-09 02:18:17+00:00,470.0,CONFIRMADA
3165,1523,337,3EY0U7,2026-03-02 09:50:12+00:00,1189.72,NO_SHOW
1664,1928,636,AT6NDL,2025-12-17 07:16:37+00:00,446.39,CONFIRMADA
4205,3816,470,5Z3SUT,2026-02-27 16:02:20+00:00,386.87,PENDENTE
453,2830,346,Y9ULIM,2026-04-13 02:07:24+00:00,4744.19,EMBARCADA
2051,1655,423,MY3G15,2025-11-21 02:41:07+00:00,222.13,PENDENTE
3828,3069,827,3W89LV,2025-08-07 02:31:01+00:00,682.04,CONFIRMADA
4432,1744,883,SERJ80,2026-02-08 03:43:24+00:00,994.35,EMBARCADA
4302,4871,440,TFSG9L,2025-06-06 18:54:55+00:00,1291.36,EMBARCADA
3234,427,728,J2B20U,2026-05-19 07:34:08+00:00,4081.71,CONFIRMADA
1475,2996,251,B1AVOZ,2025-06-26 19:18:00+00:00,2676.05,PENDENTE
1695,2338,614,UMITG5,2025-06-09 07:57:47+00:00,876.51,CANCELADA
2231,1248,638,24HMGV,2025-06-05 18:00:22+00:00,421.48,CONFIRMADA
4383,4945,29,9WF7KK,2026-05-09 15:54:15+00:00,1193.24,CONFIRMADA
1956,2841,53,BENY3X,2025-08-14 16:40:40+00:00,349.58,CANCELADA
2222,4761,244,QM0GSH,2025-08-21 11:09:24+00:00,2437.09,CANCELADA
99,3426,876,VS0VNA,2026-03-26 14:40:35+00:00,205.98,CONFIRMADA
3798,2949,414,V8OYMZ,2026-04-13 20:29:10+00:00,652.33,CANCELADA
2537,4321,661,XPRWSH,2026-03-15 04:09:10+00:00,883.18,CONFIRMADA
311,1524,554,YLBJ2N,2025-09-22 14:24:38+00:00,1621.92,EMBARCADA
4070,2296,18,6J0SKZ,2025-07-07 12:13:24+00:00,1011.18,EMBARCADA
3349,3578,259,GWVTN2,2025-09-22 10:06:11+00:00,1069.44,CANCELADA
971,4919,625,IBA2J2,2025-08-22 04:06:58+00:00,868.66,EMBARCADA
979,1267,852,J1MHTE,2025-07-30 13:43:32+00:00,4687.35,EMBARCADA
2920,1074,659,4UYBX2,2025-08-20 06:44:14+00:00,2585.45,PENDENTE
555,2971,133,N8HY48,2025-10-15 16:22:43+00:00,591.5,EMBARCADA
2027,1832,347,SR37BB,2025-08-25 16:37:11+00:00,5548.26,EMBARCADA
1074,3526,453,V7DS83,2026-04-29 05:38:23+00:00,572.47,CANCELADA
3712,3950,895,LKG3AR,2025-10-25 10:16:57+00:00,1441.26,EMBARCADA
4083,1115,255,9WVGZ4,2025-10-18 07:27:44+00:00,3636.68,PENDENTE
1285,1647,273,KCCUJ3,2026-02-03 20:53:35+00:00,321.69,CANCELADA
4887,1378,913,3RKERF,2025-11-22 06:08:51+00:00,878.66,CONFIRMADA
2910,4495,812,G8FGS9,2025-10-22 04:19:46+00:00,5184.43,CANCELADA
2083,4138,664,ABVVBN,2025-10-18 21:19:40+00:00,3135.78,EMBARCADA
298,2051,163,SY35WZ,2025-07-15 09:31:39+00:00,1417.02,CANCELADA
4913,611,27,AAJTFL,2026-05-16 13:55:27+00:00,4221.65,NO_SHOW
2848,1980,730,WTVYXC,2025-09-24 07:33:21+00:00,2029.56,CANCELADA
1644,3613,425,SI0XHF,2026-03-18 12:46:48+00:00,139.44,PENDENTE
4284,4319,471,R8B008,2025-07-27 20:11:05+00:00,5401.36,PENDENTE
4199,4796,297,61UZ6O,2026-03-08 06:41:51+00:00,826.76,NO_SHOW
3290,1711,863,BGUGY6,2025-06-09 17:21:49+00:00,496.31,CANCELADA
718,2677,958,R7VRQQ,2026-04-03 03:37:51+00:00,1768.16,PENDENTE
4813,1395,354,DM3UXM,2025-08-30 15:44:31+00:00,2011.14,NO_SHOW
762,1002,517,IL6K8O,2025-09-05 01:56:39+00:00,976.99,EMBARCADA
1745,3660,153,KLUU02,2025-12-31 09:44:04+00:00,1595.96,CANCELADA
2348,1947,329,ETJG70,2026-05-16 19:47:56+00:00,1697.77,PENDENTE
3839,817,614,XHMSCL,2025-09-02 13:10:18+00:00,737.0,CONFIRMADA
2297,1133,485,1DGGK8,2025-08-30 14:40:17+00:00,2312.91,CANCELADA
2163,4907,709,47UNMM,2025-12-08 05:12:05+00:00,1216.19,EMBARCADA
4033,3172,950,A3UUCB,2026-01-21 13:22:07+00:00,3961.21,NO_SHOW
2354,2318,698,7OESRM,2025-06-08 13:37:41+00:00,2121.45,CONFIRMADA
3810,4454,880,RFZ1HO,2025-12-18 07:43:42+00:00,1530.48,CANCELADA
4717,2259,959,U5FD88,2026-05-27 06:54:06+00:00,132.86,EMBARCADA
4183,531,799,QBL3O1,2026-04-02 21:43:49+00:00,416.6,CANCELADA
3844,269,478,20HP28,2025-09-15 08:31:23+00:00,748.91,NO_SHOW
171,4705,244,I3VPVN,2025-10-28 12:20:55+00:00,2069.51,EMBARCADA
1027,155,897,WXJ7L3,2025-06-08 04:38:06+00:00,1269.57,PENDENTE
3567,1746,579,9DLBNP,2026-01-16 15:54:58+00:00,1062.74,PENDENTE
2910,877,888,TE6DPW,2026-03-03 06:08:56+00:00,7791.95,PENDENTE
2643,1146,178,HGXOLP,2026-05-13 17:37:22+00:00,973.29,EMBARCADA
413,93,420,W1LH0N,2026-04-19 06:36:00+00:00,1837.51,PENDENTE
59,107,675,W5QTKC,2025-09-02 12:39:42+00:00,1528.0,EMBARCADA
392,2783,37,Y4UFJJ,2026-03-13 00:41:47+00:00,1060.41,CONFIRMADA
276,4686,157,IWPT8M,2025-11-11 09:31:41+00:00,1097.06,PENDENTE
1038,4943,868,PH3I2E,2026-03-20 19:47:03+00:00,5116.54,PENDENTE
4618,1654,730,1OD0PQ,2026-03-04 12:11:59+00:00,243.37,NO_SHOW
1843,1682,233,LNPOC8,2025-11-21 21:47:06+00:00,1010.48,PENDENTE
2811,4288,880,MTRYNJ,2025-10-03 09:09:17+00:00,1685.02,EMBARCADA
2531,3351,868,WK6CLY,2026-05-15 19:28:49+00:00,6553.5,EMBARCADA
4612,3816,541,7O9DXS,2026-05-26 06:04:14+00:00,292.37,CONFIRMADA
725,3614,512,14S7R9,2026-03-20 15:47:08+00:00,7074.07,NO_SHOW
2633,743,735,DCVOS3,2025-12-18 10:44:30+00:00,3097.26,NO_SHOW
2899,4246,236,BWWQJC,2026-02-22 02:40:51+00:00,1656.07,CONFIRMADA
2505,1709,823,PIEPXA,2026-05-10 15:01:11+00:00,2828.3,PENDENTE
3977,709,345,ACTF6B,2025-09-21 23:00:48+00:00,1802.89,CANCELADA
4542,3716,495,NEIMBZ,2025-10-05 17:57:02+00:00,3648.51,PENDENTE
2111,2081,157,1WGXAY,2026-03-22 03:50:31+00:00,618.24,NO_SHOW
4398,4034,866,0UG58D,2026-02-28 00:59:34+00:00,4745.34,CONFIRMADA
574,1827,8,DJEGPQ,2025-12-11 20:38:56+00:00,2616.08,CONFIRMADA
8,921,373,W81JTW,2026-05-03 02:54:59+00:00,265.41,NO_SHOW
3791,4092,152,HTSG6A,2026-04-23 03:08:17+00:00,6949.21,EMBARCADA
3242,532,797,060G48,2026-05-28 10:37:40+00:00,1121.69,NO_SHOW
49,4076,818,2BDOPT,2025-11-17 22:04:09+00:00,194.29,CANCELADA
3698,3522,647,3VU045,2026-01-14 14:14:01+00:00,5528.41,PENDENTE
3720,1709,377,AQ5FER,2025-09-29 17:16:13+00:00,2657.63,CONFIRMADA
4251,4894,974,YKZWVB,2025-07-04 21:38:43+00:00,285.74,EMBARCADA
3449,983,356,Q0E1Z1,2026-04-26 05:24:56+00:00,1522.31,CANCELADA
2593,2031,819,GW9HBP,2026-04-16 01:58:53+00:00,1118.67,NO_SHOW
3048,469,494,8WCK7K,2025-10-03 02:51:37+00:00,670.11,NO_SHOW
451,2695,578,75C8WJ,2026-01-02 00:51:34+00:00,269.85,CANCELADA
1930,1992,619,14XDEW,2025-11-10 10:43:33+00:00,2692.88,NO_SHOW
2672,3421,33,8POUPF,2026-05-03 03:02:17+00:00,1490.2,PENDENTE
4147,3839,448,EBACEN,2025-11-30 04:16:21+00:00,3688.29,NO_SHOW
4824,3936,192,WOQBZT,2026-02-13 07:35:37+00:00,1320.97,CONFIRMADA
217,4830,178,R2B6ZX,2025-11-13 17:49:09+00:00,1261.97,CANCELADA
4992,4241,162,VE1CNR,2026-04-07 21:33:39+00:00,3100.3,CANCELADA
236,2070,678,G4HDID,2025-10-18 23:02:05+00:00,931.32,CANCELADA
1252,4299,531,Z3GJCL,2025-07-15 05:52:34+00:00,3803.16,PENDENTE
2479,4754,126,FWWS49,2025-07-12 14:20:39+00:00,531.6,CONFIRMADA
4398,1540,848,B6V3PW,2026-02-01 17:02:46+00:00,6819.26,NO_SHOW
4833,544,858,F9TQXW,2025-07-05 17:58:15+00:00,2011.28,CANCELADA
1833,1703,738,1XSGLT,2026-02-04 11:35:57+00:00,1421.99,CONFIRMADA
3187,2296,415,ZL6D4P,2025-12-09 06:55:19+00:00,1954.94,CANCELADA
4012,4231,607,DA72RJ,2025-07-02 22:42:41+00:00,657.46,PENDENTE
2575,4096,17,MJWSIJ,2025-07-15 08:45:44+00:00,1654.08,NO_SHOW
39,4041,443,0C9NFP,2026-01-02 10:02:31+00:00,3387.27,NO_SHOW
4139,2367,152,5CYTTA,2026-03-30 20:52:33+00:00,7410.68,PENDENTE
4105,3854,626,NVBUM0,2025-07-04 00:04:35+00:00,5239.28,NO_SHOW
2877,2038,731,TRYW45,2025-08-09 04:55:44+00:00,4975.0,EMBARCADA
3812,7,678,Z3EEID,2026-03-31 17:30:43+00:00,1338.97,PENDENTE
1391,3004,47,L456GE,2026-01-22 03:10:39+00:00,3150.0,EMBARCADA
3364,2829,582,FHQLLN,2025-12-17 07:51:25+00:00,1270.07,CONFIRMADA
2013,3054,784,ZY8DDR,2025-12-13 22:46:54+00:00,3995.5,PENDENTE
4285,2953,831,EFDU7L,2025-06-29 21:51:31+00:00,1161.03,CANCELADA
3513,635,664,B8K6PW,2025-10-29 07:15:39+00:00,657.07,EMBARCADA
101,517,783,YG9Q6C,2026-01-23 04:38:25+00:00,1634.02,PENDENTE
2581,3510,748,PFI5ZR,2025-09-20 09:56:38+00:00,1709.06,NO_SHOW
4261,4002,233,F44B6B,2025-10-21 04:28:27+00:00,130.63,CANCELADA
2475,4102,319,S37UOG,2026-04-20 00:49:48+00:00,656.69,EMBARCADA
1722,4489,751,2V7Y31,2025-10-14 15:44:07+00:00,4473.99,EMBARCADA
2322,303,615,S5I8P8,2025-10-21 08:53:21+00:00,861.98,NO_SHOW
1073,1887,461,0BYIS4,2026-04-19 05:02:47+00:00,614.43,NO_SHOW
4886,3684,877,VPQ5QZ,2026-02-13 13:13:07+00:00,1813.82,PENDENTE
3450,3443,879,8B129C,2025-09-19 04:50:06+00:00,373.06,NO_SHOW
2475,3327,763,E0BM7Z,2025-12-26 18:43:11+00:00,1133.16,CANCELADA
528,2293,286,9A96DF,2025-07-11 02:05:56+00:00,1511.04,CONFIRMADA
2028,4275,331,E9FYRH,2026-05-18 15:16:08+00:00,2856.41,EMBARCADA
2785,266,871,UHPI7B,2026-04-25 20:57:25+00:00,846.78,PENDENTE
937,1197,161,Q8XDXB,2025-07-25 15:36:14+00:00,2274.01,NO_SHOW
3308,3496,179,NJHM8U,2026-02-28 17:58:32+00:00,2277.14,CANCELADA
1060,2895,99,XAOX1A,2025-09-23 09:46:19+00:00,493.06,CANCELADA
3998,2701,106,R94QAW,2025-09-21 05:01:33+00:00,556.82,EMBARCADA
580,3431,409,7Q5EP2,2025-09-06 08:06:48+00:00,4839.57,NO_SHOW
3669,2249,519,J9KYJO,2025-07-27 22:30:05+00:00,439.44,CANCELADA
4317,375,101,G23F77,2025-08-05 03:32:52+00:00,1313.62,NO_SHOW
676,3646,697,ELCQYE,2025-08-06 14:15:00+00:00,1059.83,EMBARCADA
3248,608,304,6R8DDD,2026-05-07 12:45:55+00:00,3101.9,PENDENTE
3465,2559,506,4EGZHI,2026-03-06 10:45:28+00:00,4277.45,EMBARCADA
2581,2149,911,1K4A5F,2026-02-16 14:08:21+00:00,3775.25,NO_SHOW
2329,91,590,KHTAQM,2026-05-18 00:53:23+00:00,1195.81,CONFIRMADA
401,4001,341,1CMBF4,2026-05-31 02:18:59+00:00,1791.51,NO_SHOW
2083,669,913,LIRJBF,2026-02-26 03:27:52+00:00,187.37,PENDENTE
1774,1199,812,V4O1X2,2025-06-11 20:43:24+00:00,3039.34,CANCELADA
246,1572,231,Q9F57T,2026-03-02 08:36:11+00:00,3919.19,NO_SHOW
2604,3939,736,B2SIZV,2026-02-02 04:32:39+00:00,1409.14,CONFIRMADA
3029,3271,967,ZFZ0G9,2026-02-11 01:20:44+00:00,2425.54,CANCELADA
4503,2030,245,BZ2U1J,2025-12-25 21:11:45+00:00,1246.88,CONFIRMADA
420,321,93,WZLSEB,2025-12-09 09:00:22+00:00,48.03,CONFIRMADA
3864,2597,148,62IQMF,2025-11-25 17:32:40+00:00,6045.22,PENDENTE
2389,4977,12,SMFYFA,2026-02-18 09:38:42+00:00,629.89,PENDENTE
3135,3126,833,3WGG17,2025-10-14 23:39:04+00:00,519.5,NO_SHOW
1119,230,614,V7KBT6,2025-09-24 13:39:56+00:00,1363.85,CANCELADA
2500,2752,556,3V7I3X,2025-11-06 13:06:16+00:00,1980.16,NO_SHOW
2736,2611,460,PSLO46,2026-02-16 17:01:31+00:00,638.73,NO_SHOW
3293,2838,584,ME937H,2026-02-28 19:45:15+00:00,979.79,EMBARCADA
4447,3823,989,B2K8MT,2025-07-22 03:37:19+00:00,3031.31,EMBARCADA
1549,1474,743,RN1KXR,2026-01-15 12:27:01+00:00,350.58,CONFIRMADA
84,4637,869,RHYE9K,2025-10-27 00:27:36+00:00,2056.73,CANCELADA
3544,3819,679,31292C,2026-01-20 15:38:13+00:00,1825.27,CANCELADA
4312,1768,559,6FO6HW,2026-04-11 18:24:33+00:00,945.77,EMBARCADA
1592,3687,412,GUOE4T,2025-08-27 05:16:52+00:00,8414.86,CANCELADA
1990,2485,980,3RHC95,2026-04-17 02:59:25+00:00,327.03,NO_SHOW
730,3754,935,NC3UEG,2025-09-25 13:54:43+00:00,3120.61,PENDENTE
4593,802,321,9G6SS2,2025-11-24 20:24:24+00:00,2608.55,PENDENTE
4256,4926,224,1J3QKN,2025-08-09 17:24:16+00:00,2421.79,CANCELADA
3297,166,548,GS7AGN,2025-07-09 14:18:03+00:00,6673.52,CONFIRMADA
2428,2053,625,AQTXOF,2026-04-25 20:42:16+00:00,248.44,CONFIRMADA
3430,3415,782,HPRH19,2025-10-10 20:24:13+00:00,2912.39,CONFIRMADA
1116,3227,452,TGGYJ5,2026-04-04 20:36:14+00:00,8462.04,NO_SHOW
3976,1468,223,TRTA2E,2025-06-14 16:07:47+00:00,2425.85,NO_SHOW
3739,4636,415,9F9KFG,2025-12-26 06:58:33+00:00,2824.8,PENDENTE
3050,609,976,YS9NPS,2025-09-16 03:43:21+00:00,1106.48,NO_SHOW
3402,4806,785,UYOIUX,2025-07-30 16:04:35+00:00,2646.33,NO_SHOW
3590,4669,787,H371H0,2025-07-16 08:47:53+00:00,6217.86,NO_SHOW
1595,109,577,EWZN3B,2025-09-09 22:34:22+00:00,1286.07,NO_SHOW
1592,1843,81,AZPLXZ,2025-10-15 08:06:31+00:00,1082.69,PENDENTE
1991,1062,520,RWJI0Q,2025-07-01 02:48:46+00:00,1637.16,CANCELADA
685,4161,559,83H05P,2025-06-21 21:39:01+00:00,2269.11,NO_SHOW
515,4127,49,C2PPH3,2026-03-30 05:16:16+00:00,4490.92,PENDENTE
849,1113,12,UGK76U,2025-06-17 03:34:00+00:00,3194.97,NO_SHOW
105,3887,723,I0CYZ3,2026-01-21 22:10:31+00:00,2701.65,EMBARCADA
4261,3345,996,6HNJAG,2025-12-10 17:49:13+00:00,533.9,CONFIRMADA
2982,3875,119,P8UELC,2026-03-12 07:38:35+00:00,1758.39,EMBARCADA
942,1274,873,RQL6QO,2026-05-25 04:27:46+00:00,859.0,EMBARCADA
4060,1493,241,PRMN13,2025-08-23 01:27:14+00:00,983.24,CANCELADA
4666,1618,959,WKOCYJ,2025-10-07 12:01:35+00:00,1617.24,PENDENTE
2811,3177,966,WDDANX,2025-08-10 23:03:39+00:00,550.21,EMBARCADA
173,2648,858,S1Y36E,2025-06-08 23:40:17+00:00,108.68,CANCELADA
227,2199,913,0ZYDU4,2025-06-17 16:34:41+00:00,1067.45,PENDENTE
1470,354,873,72MTW9,2025-06-17 04:31:22+00:00,116.6,EMBARCADA
3105,1991,844,GLC3HD,2025-11-01 13:04:21+00:00,2768.67,CONFIRMADA
2406,2775,510,66UWS3,2025-08-17 15:06:01+00:00,593.92,NO_SHOW
4507,2765,665,LVCWVZ,2026-05-19 22:02:49+00:00,5124.99,PENDENTE
4008,2107,640,CT32IL,2025-08-19 03:00:54+00:00,1201.63,CANCELADA
2310,1804,355,HRCJ57,2025-09-05 20:06:58+00:00,4300.9,EMBARCADA
1984,2922,450,SQDCNR,2026-01-06 02:21:59+00:00,1660.74,PENDENTE
3574,1066,217,QQATCR,2026-02-14 12:49:24+00:00,1452.84,CONFIRMADA
3381,4449,180,32FB75,2025-12-30 09:41:24+00:00,2352.49,NO_SHOW
4165,2268,443,TP0PJA,2025-12-02 12:09:12+00:00,2073.76,EMBARCADA
1356,1180,800,5U4Q1Q,2026-05-01 23:51:52+00:00,192.49,CONFIRMADA
24,1155,194,1Q3BUJ,2025-06-06 10:44:38+00:00,594.5,CANCELADA
4980,3607,948,V5PS0I,2025-06-25 14:35:35+00:00,3452.76,CANCELADA
3754,3455,759,5FOT4X,2026-04-19 05:51:12+00:00,1329.23,EMBARCADA
2580,4624,890,DC9ANM,2026-05-31 12:06:19+00:00,2124.09,EMBARCADA
3525,4455,853,HE81BR,2025-06-19 15:22:06+00:00,323.38,NO_SHOW
1149,3339,597,16ACAO,2025-12-10 11:00:09+00:00,831.1,EMBARCADA
860,1163,78,FZH88C,2026-04-19 15:52:04+00:00,2108.27,EMBARCADA
2991,217,483,SOIZIE,2026-01-18 14:25:45+00:00,2249.23,EMBARCADA
1249,2445,799,C7CMWE,2026-03-22 21:38:51+00:00,587.39,CONFIRMADA
1739,2383,500,84QHA8,2025-06-24 06:37:11+00:00,2013.73,CANCELADA
3568,4250,320,S1FG77,2025-07-05 21:11:26+00:00,543.69,PENDENTE
4990,4737,639,0XJE1Q,2026-03-21 15:39:10+00:00,2838.52,CONFIRMADA
3548,1258,894,TLEQWF,2026-05-09 12:02:11+00:00,1750.68,NO_SHOW
258,1422,462,GGGJ5E,2025-08-24 13:15:51+00:00,272.15,CANCELADA
4245,818,649,4UCV2T,2025-07-18 09:32:51+00:00,2803.05,CANCELADA
2958,2184,444,50QYIM,2026-01-29 01:52:28+00:00,1993.4,NO_SHOW
4926,1169,637,UJ4RJP,2026-05-01 02:41:35+00:00,861.85,EMBARCADA
4731,1731,246,RWB8VN,2026-01-06 02:26:35+00:00,2640.43,NO_SHOW
414,3162,772,1O9EY6,2025-10-26 21:06:51+00:00,8068.75,CANCELADA
2961,970,771,8F84A5,2026-04-16 10:22:05+00:00,4245.83,EMBARCADA
1670,3589,680,WMLJ0Z,2026-05-28 02:25:09+00:00,1880.1,NO_SHOW
2016,4789,876,6XINX8,2026-04-08 10:25:16+00:00,475.82,CONFIRMADA
4958,3715,827,X10ZX8,2025-06-27 06:49:48+00:00,6603.45,NO_SHOW
4064,4282,834,IBGI2W,2025-09-20 05:48:04+00:00,1987.94,EMBARCADA
739,4658,202,T6UDAE,2025-10-26 03:26:09+00:00,645.27,NO_SHOW
1829,3564,915,WJM9KZ,2025-07-27 11:01:02+00:00,2618.39,PENDENTE
1319,3361,751,1A83T3,2026-04-10 07:18:37+00:00,308.43,CANCELADA
4888,1264,747,PFBD1J,2025-06-10 02:34:30+00:00,5399.52,CONFIRMADA
2242,1876,352,VAS04Q,2026-04-10 03:45:28+00:00,5632.31,NO_SHOW
3346,2033,557,YPLYT7,2025-10-15 15:23:56+00:00,1082.58,NO_SHOW
4232,2306,202,WLSZC5,2026-02-25 16:23:50+00:00,1793.03,CANCELADA
1068,3051,391,KQ3NOD,2026-02-17 13:39:08+00:00,567.89,CANCELADA
1876,3528,411,VU6B0E,2025-11-10 04:26:45+00:00,4245.49,CONFIRMADA
3322,3021,137,USPHFS,2025-07-11 10:00:19+00:00,856.8,CANCELADA
3242,3532,435,V1Z421,2025-12-31 08:34:13+00:00,2911.57,PENDENTE
3428,2462,687,REITCF,2025-11-29 22:38:11+00:00,4073.17,PENDENTE
1751,3196,397,V5290M,2026-02-03 03:18:56+00:00,1619.62,CONFIRMADA
2866,4240,75,G3ZY8Y,2026-02-20 02:06:13+00:00,1914.02,CONFIRMADA
715,1047,275,9HK4ZD,2025-09-22 16:44:25+00:00,1723.92,PENDENTE
3636,4421,179,FXAZQV,2026-05-31 22:20:50+00:00,1742.7,PENDENTE
857,4847,937,XCRWGL,2026-05-02 10:30:00+00:00,207.42,NO_SHOW
1007,4815,46,R10TH3,2025-07-08 18:17:14+00:00,466.21,EMBARCADA
3164,2669,305,1O5IM5,2025-12-31 20:22:10+00:00,2977.97,CONFIRMADA
3021,1017,65,5EVLV1,2025-10-18 22:57:51+00:00,3528.65,EMBARCADA
2602,2819,210,GUGS2M,2026-03-30 19:06:22+00:00,2528.62,PENDENTE
603,552,599,FIPMC4,2025-07-20 13:49:13+00:00,2437.93,PENDENTE
1353,1173,553,DP0E8B,2026-01-30 08:22:59+00:00,1498.36,PENDENTE
2156,4223,960,4V63KL,2026-03-07 20:55:47+00:00,2732.53,NO_SHOW
1515,4237,68,HXDRZC,2025-10-19 01:34:38+00:00,9773.09,CONFIRMADA
4591,1751,726,2V2W88,2025-09-25 15:44:35+00:00,5620.64,NO_SHOW
617,3408,851,OO9QK0,2025-12-14 08:25:49+00:00,3071.97,EMBARCADA
2242,4890,648,PW48JN,2025-09-30 20:30:33+00:00,3684.16,EMBARCADA
3825,1753,234,MEV82I,2025-10-31 09:14:59+00:00,1196.29,CANCELADA
1037,1375,389,WNZ1Y6,2025-12-25 02:24:40+00:00,12758.9,CONFIRMADA
2342,3208,717,FW1CB9,2025-09-14 08:46:42+00:00,1019.38,EMBARCADA
1013,4109,175,P8MGPS,2025-12-09 12:51:46+00:00,3125.48,NO_SHOW
707,4461,1,9RNLGG,2025-09-07 19:32:25+00:00,934.19,PENDENTE
725,2553,404,VMOBR5,2026-04-14 18:29:39+00:00,1475.9,PENDENTE
3471,3952,81,FCON8K,2026-05-23 12:24:35+00:00,1360.07,PENDENTE
2777,4780,254,S5IS1W,2026-05-25 07:33:49+00:00,248.4,CANCELADA
2182,3362,125,1A5FCH,2026-03-28 03:55:52+00:00,2151.99,CANCELADA
2362,3750,55,XJJOIT,2025-09-07 12:23:24+00:00,3087.29,NO_SHOW
1764,1477,622,5QK7WU,2025-12-13 05:54:05+00:00,2134.91,CONFIRMADA
3261,3597,708,GRWEXD,2026-04-28 22:21:46+00:00,7219.16,EMBARCADA
4144,3288,339,Y0EP98,2025-10-16 22:58:33+00:00,1197.46,CONFIRMADA
4599,1547,949,GUD4M3,2025-06-14 10:57:20+00:00,584.09,EMBARCADA
4523,2065,999,YZ5IPH,2026-05-16 12:45:33+00:00,537.29,PENDENTE
1139,194,972,0CXUYH,2026-01-31 15:55:46+00:00,7356.26,EMBARCADA
1393,2111,120,AAJ3WR,2026-04-25 05:45:45+00:00,1216.42,PENDENTE
3376,3857,192,IFXC5E,2025-12-21 07:43:07+00:00,6369.38,CONFIRMADA
1109,4824,785,CFKRZJ,2026-05-06 05:28:29+00:00,3367.94,NO_SHOW
3752,2128,242,DT5F7M,2025-12-06 05:27:40+00:00,1273.81,EMBARCADA
4401,3079,67,XPQAPF,2026-04-12 18:54:20+00:00,7411.22,PENDENTE
4749,1330,323,B8EEMC,2026-05-22 08:06:51+00:00,1802.37,EMBARCADA
4721,4761,136,FY4TUL,2026-02-18 16:51:34+00:00,1233.05,PENDENTE
3631,1484,711,MPBE4A,2026-02-09 00:06:41+00:00,2443.06,PENDENTE
2819,4701,448,7800KM,2025-06-30 11:12:19+00:00,6027.97,CANCELADA
4497,101,469,6S5FO2,2025-06-25 16:02:42+00:00,9551.02,CANCELADA
1063,1370,650,P9PX7L,2025-10-02 02:16:12+00:00,3633.01,CONFIRMADA
815,2742,850,PKP0LV,2025-07-26 18:51:16+00:00,734.4,CANCELADA
3231,4957,894,TAJYYQ,2025-12-19 17:23:34+00:00,1255.86,CONFIRMADA
160,4373,916,GWSJRR,2026-02-15 10:25:07+00:00,2100.58,PENDENTE
2495,1560,441,KLF56Z,2025-12-25 01:12:43+00:00,618.24,NO_SHOW
2465,500,203,H39ZIZ,2025-08-21 14:59:57+00:00,1258.61,CANCELADA
840,3903,851,S37YGD,2025-07-23 18:54:27+00:00,2290.16,NO_SHOW
4528,3015,171,MOMWNC,2025-08-08 18:25:29+00:00,1734.24,CANCELADA
2879,2441,304,0VLCRT,2025-08-09 04:48:26+00:00,1451.47,CONFIRMADA
1660,728,475,BUZLGZ,2026-03-17 01:22:54+00:00,2049.26,NO_SHOW
2847,2215,797,OJGXY8,2025-12-02 01:47:50+00:00,855.38,PENDENTE
1157,2667,738,2PWGEW,2026-04-09 08:01:57+00:00,1644.7,CANCELADA
3400,1858,333,0T44X4,2025-09-20 17:56:29+00:00,150.98,NO_SHOW
3703,3929,368,B7160I,2025-11-28 23:29:31+00:00,9552.35,CONFIRMADA
4635,4631,820,UDYJ50,2026-05-10 16:46:32+00:00,1699.95,PENDENTE
3602,1750,188,JG2CNJ,2026-02-12 12:11:02+00:00,7052.25,CANCELADA
4753,2657,901,EQB3WB,2026-03-18 17:39:07+00:00,268.96,PENDENTE
4651,577,277,PM2V1R,2025-11-29 11:44:11+00:00,2825.48,CANCELADA
399,4069,571,AKB380,2026-05-27 08:16:15+00:00,3620.55,CONFIRMADA
3842,1687,428,9X4E4R,2026-03-03 21:11:11+00:00,8355.9,PENDENTE
4616,4017,470,ANPDCG,2025-07-31 19:33:56+00:00,1413.97,CANCELADA
791,197,900,AXAJQM,2025-06-23 10:12:32+00:00,502.12,CANCELADA
369,2424,34,WUSM8H,2026-03-19 19:48:15+00:00,125.28,NO_SHOW
2923,2707,924,XNK3RS,2025-08-31 11:20:20+00:00,1894.32,CANCELADA
3340,821,7,LBTR61,2025-08-28 22:31:25+00:00,2754.96,CANCELADA
4223,216,412,ESTZ25,2025-10-01 05:03:44+00:00,7503.91,PENDENTE
4262,1429,975,RQP4PG,2025-12-15 01:28:19+00:00,1022.22,NO_SHOW
3512,707,217,O8BI9K,2026-03-16 16:28:38+00:00,112.06,CANCELADA
472,4249,626,N7P3MM,2025-08-09 11:18:42+00:00,6166.88,CANCELADA
3938,2177,452,IMQY2S,2025-12-22 05:11:59+00:00,4045.49,NO_SHOW
2214,3785,771,QVV0UC,2026-05-14 15:38:25+00:00,3092.5,PENDENTE
2620,160,163,242PRQ,2026-01-27 20:37:56+00:00,781.9,CONFIRMADA
47,3567,179,OLIY4F,2026-01-30 10:42:06+00:00,558.88,CONFIRMADA
2890,3769,441,4C2ART,2025-06-27 18:32:51+00:00,1080.7,EMBARCADA
4026,4632,349,BVLLYF,2025-07-10 23:30:35+00:00,12733.22,NO_SHOW
4027,3397,729,D3ZAL7,2026-02-26 14:44:39+00:00,7076.34,NO_SHOW
3442,4409,496,K4EGW1,2026-05-25 21:22:46+00:00,1504.52,CANCELADA
2221,1933,909,X17VR8,2026-02-19 15:17:35+00:00,9245.13,PENDENTE
3578,1926,429,VHCU9F,2025-12-28 00:03:26+00:00,3504.21,EMBARCADA
1696,3899,774,0E9W72,2026-04-13 20:07:20+00:00,283.82,EMBARCADA
2492,4868,585,H9NLTV,2025-08-04 21:38:45+00:00,3323.76,PENDENTE
3632,928,159,T5B1YM,2025-12-08 16:41:45+00:00,2001.28,PENDENTE
3818,2713,501,ABD36E,2025-11-19 22:25:46+00:00,543.97,CANCELADA
1160,1091,743,8Y8T8X,2026-01-31 16:21:38+00:00,1289.81,CANCELADA
4311,2296,275,EQZCGQ,2025-11-30 05:08:10+00:00,2325.71,CONFIRMADA
3682,2290,954,LRYFI5,2025-08-10 03:49:58+00:00,1102.44,CANCELADA
2954,3967,395,BTP20F,2025-08-06 12:48:48+00:00,1652.18,PENDENTE
987,2573,913,KG0V1D,2026-04-23 12:58:09+00:00,229.66,EMBARCADA
3176,4091,363,6FSZL2,2025-09-20 12:40:01+00:00,409.96,PENDENTE
2649,2853,561,UTKS7E,2026-03-08 12:40:04+00:00,886.36,EMBARCADA
3769,3512,275,LJUMHJ,2025-11-12 13:12:18+00:00,1010.43,CANCELADA
2748,1720,663,FYZSX7,2026-05-20 20:13:37+00:00,677.94,NO_SHOW
4295,2965,987,SPU4VL,2025-06-12 06:08:52+00:00,343.68,EMBARCADA
1294,2257,459,8KV4KC,2026-04-24 13:28:05+00:00,2506.7,EMBARCADA
1472,3220,188,XB5Y5A,2026-04-26 19:55:53+00:00,7057.84,CONFIRMADA
2438,609,728,RJC3WR,2026-04-04 21:48:34+00:00,7068.29,PENDENTE
295,3712,884,BMR9XF,2025-07-17 02:02:13+00:00,2678.64,NO_SHOW
3897,4745,787,42JFJB,2026-02-13 20:46:16+00:00,4381.82,EMBARCADA
4294,2811,462,N8KHGL,2026-06-02 13:46:24+00:00,2313.43,CANCELADA
3667,4336,538,P517XA,2026-01-19 02:40:06+00:00,835.27,PENDENTE
4488,4765,994,K163MD,2025-09-07 22:33:59+00:00,1753.4,EMBARCADA
2489,1980,441,86YW73,2026-04-17 20:04:44+00:00,1124.96,PENDENTE
4782,4634,912,M4J9JP,2025-06-12 00:43:54+00:00,4124.12,NO_SHOW
1235,3574,349,YQJOJP,2026-01-06 20:58:21+00:00,8516.29,CANCELADA
1706,714,453,CQ2BA6,2025-09-10 07:40:10+00:00,58.97,CONFIRMADA
650,1529,974,HFQ3AE,2025-09-13 10:02:19+00:00,1187.71,CONFIRMADA
3454,790,308,UJC6D7,2026-02-20 13:18:53+00:00,7528.69,NO_SHOW
2230,4254,787,ZY0POY,2025-11-29 20:52:40+00:00,7688.02,CONFIRMADA
1318,4057,627,V9OR8G,2026-03-02 22:40:57+00:00,993.35,EMBARCADA
3044,1990,730,TGDEF8,2025-06-06 22:39:33+00:00,3923.71,CONFIRMADA
1534,590,292,FG5F36,2026-01-13 09:27:10+00:00,596.05,CONFIRMADA
1341,612,855,WQMWSV,2025-09-28 19:15:10+00:00,1547.62,CANCELADA
4574,2080,713,91VXA0,2025-10-25 19:46:59+00:00,1509.2,PENDENTE
106,1312,742,23188P,2025-07-27 14:06:20+00:00,1783.77,EMBARCADA
966,2515,768,WKPAER,2026-03-30 01:43:35+00:00,9342.67,PENDENTE
4404,1294,682,3MF78B,2025-07-31 03:57:59+00:00,1767.31,NO_SHOW
1824,2515,445,ROF848,2026-04-18 19:24:27+00:00,4648.55,PENDENTE
2034,4292,508,WTTUWB,2025-10-07 22:16:19+00:00,1681.34,NO_SHOW
2854,611,185,WBWBNI,2025-09-01 19:52:18+00:00,3413.25,NO_SHOW
1601,2286,44,V6OB7S,2026-04-14 12:31:00+00:00,638.53,CANCELADA
3102,1789,974,UVAE41,2025-11-13 15:02:34+00:00,269.46,NO_SHOW
3876,4055,508,QAO2BV,2026-04-16 20:42:23+00:00,2006.68,EMBARCADA
2869,4455,268,30MSET,2025-07-17 17:44:25+00:00,2889.29,CANCELADA
2907,2049,788,9USU07,2026-02-17 10:05:05+00:00,2017.36,CANCELADA
2204,2989,178,BMCZ79,2026-03-06 10:17:44+00:00,1514.84,CANCELADA
4836,4240,930,MRK37K,2026-03-06 08:34:27+00:00,2319.63,PENDENTE
1442,2540,414,MPWRRC,2025-09-18 23:27:54+00:00,628.23,PENDENTE
4272,1021,110,0AA23Y,2025-12-12 14:28:09+00:00,1347.51,EMBARCADA
380,182,504,KZYHBH,2025-11-09 17:30:01+00:00,1266.06,CONFIRMADA
4385,3376,524,PENFY0,2026-04-20 00:31:58+00:00,1981.44,CANCELADA
4128,2072,175,FU4CGY,2026-01-01 02:57:49+00:00,3210.45,CONFIRMADA
3525,583,245,1LTUEE,2025-09-22 23:21:44+00:00,739.8,NO_SHOW
2014,1477,985,USZ8X3,2025-08-06 02:22:22+00:00,4780.33,CANCELADA
3741,1222,780,8LXS3I,2025-12-27 23:56:43+00:00,188.85,NO_SHOW
505,3032,145,S2TKQG,2025-08-25 15:10:18+00:00,422.59,NO_SHOW
1874,462,764,98P9J8,2026-03-11 17:06:23+00:00,3604.54,NO_SHOW
1334,4137,901,K7S014,2025-12-29 01:45:42+00:00,2615.13,CANCELADA
1795,3451,901,5GCLEK,2026-01-03 18:27:12+00:00,1051.85,NO_SHOW
3948,1730,963,JARTYU,2026-01-03 05:22:36+00:00,820.46,CANCELADA
32,3493,54,8J5G2A,2025-08-18 01:52:03+00:00,1941.06,CANCELADA
2182,4249,968,R9PHTO,2025-06-11 14:00:24+00:00,9758.04,PENDENTE
2459,2037,240,UUY4S0,2026-03-29 06:18:58+00:00,972.54,PENDENTE
3256,432,469,BEUG93,2025-07-02 11:54:05+00:00,9684.57,PENDENTE
3399,3810,583,XGYHOW,2025-10-26 06:11:58+00:00,360.36,CANCELADA
1304,3065,833,W3BWB4,2025-09-26 03:16:17+00:00,312.34,EMBARCADA
756,2232,74,Q9UNPF,2025-09-04 14:33:08+00:00,1536.73,EMBARCADA
844,3383,420,N96F6U,2025-08-27 22:08:45+00:00,352.55,EMBARCADA
4091,2365,710,BG8FP1,2025-09-21 19:57:35+00:00,3368.95,NO_SHOW
3528,1653,595,ZMSQHC,2025-11-30 10:40:02+00:00,187.34,CANCELADA
3688,1442,768,D38GGU,2025-06-04 22:23:21+00:00,8375.85,PENDENTE
4962,4521,863,G24RRN,2025-10-03 14:24:39+00:00,1264.78,EMBARCADA
616,831,323,SWKU0M,2025-07-25 13:37:21+00:00,1153.9,EMBARCADA
1189,3992,705,ZK05ER,2025-09-29 14:09:53+00:00,3564.68,EMBARCADA
2156,611,567,XLNQ36,2025-08-28 09:38:32+00:00,4670.76,CANCELADA
550,558,281,C0550M,2025-09-09 02:43:04+00:00,2324.99,PENDENTE
3350,4614,177,QAJJ3T,2025-10-10 06:29:34+00:00,190.88,EMBARCADA
1777,4189,273,C9HXA2,2026-05-25 04:33:41+00:00,847.81,CANCELADA
4108,454,374,GC2R4L,2026-02-19 06:33:56+00:00,1388.6,NO_SHOW
2352,1243,646,C8LFKV,2025-08-07 12:06:56+00:00,4989.37,NO_SHOW
79,3407,770,TMG0S6,2026-02-26 05:55:49+00:00,846.84,PENDENTE
4253,1237,526,2XEDCV,2026-01-16 03:06:07+00:00,1112.04,EMBARCADA
936,4071,94,N08S02,2025-08-06 17:05:04+00:00,1696.94,CONFIRMADA
3806,1948,145,1FXUUA,2025-12-03 01:46:26+00:00,1473.25,NO_SHOW
4071,2731,261,5RCUUK,2026-01-07 03:15:55+00:00,808.29,CANCELADA
4399,2722,697,J5Z9V3,2025-11-01 10:50:25+00:00,287.99,CANCELADA
483,43,580,0ES34D,2026-04-11 19:18:35+00:00,879.58,NO_SHOW
2715,3713,998,ZML0SQ,2025-08-28 08:09:04+00:00,935.9,CONFIRMADA
2626,1403,650,3L6C9E,2025-08-01 07:25:24+00:00,3263.33,CONFIRMADA
3085,741,914,15QG8A,2025-06-28 06:32:01+00:00,173.17,NO_SHOW
3464,2920,96,75A9ZM,2025-06-28 11:58:53+00:00,1898.83,EMBARCADA
2093,2555,907,76ZHXV,2026-04-20 10:27:31+00:00,565.21,CONFIRMADA
3217,4082,296,YX7V4K,2026-03-30 16:46:38+00:00,656.89,EMBARCADA
2943,2538,312,VL3S7Y,2025-12-19 16:39:08+00:00,4702.14,PENDENTE
3042,2025,653,RJ49K8,2025-10-11 09:59:30+00:00,965.09,CONFIRMADA
1774,146,246,QOI444,2025-06-30 14:28:47+00:00,5048.32,NO_SHOW
2662,3252,486,0SW7EX,2026-04-04 15:54:09+00:00,1092.9,PENDENTE
577,3739,524,3W9EF2,2026-04-17 04:20:34+00:00,745.7,EMBARCADA
3311,3676,61,U409RD,2026-02-15 23:57:58+00:00,458.13,PENDENTE
176,2184,159,9Y9BFI,2025-09-02 14:46:28+00:00,1161.62,CONFIRMADA
1352,4702,503,O847ND,2026-02-08 12:03:14+00:00,2262.95,CONFIRMADA
4069,3763,660,7NFN10,2025-09-03 04:21:43+00:00,1607.32,NO_SHOW
1806,3731,887,BGUU9F,2026-02-09 22:13:46+00:00,7163.94,CANCELADA
515,1660,798,CA4NX3,2026-01-23 16:39:25+00:00,516.84,CONFIRMADA
4710,2687,478,GB9LPR,2026-03-12 21:16:18+00:00,714.62,CONFIRMADA
1676,2224,25,W10VXC,2025-08-27 04:16:46+00:00,1777.8,EMBARCADA
183,1186,342,BJIAE4,2026-01-10 03:12:28+00:00,686.77,PENDENTE
3488,3066,845,9FRXP1,2026-01-02 00:34:46+00:00,2794.09,NO_SHOW
3015,1101,625,8DIG4X,2025-08-16 20:49:31+00:00,963.42,CONFIRMADA
2778,3799,728,G74LT9,2025-09-12 07:11:49+00:00,8628.87,EMBARCADA
4788,3436,430,AES0X7,2026-04-30 11:39:39+00:00,233.93,NO_SHOW
409,3908,851,1NV7L5,2026-03-28 00:08:39+00:00,4253.68,CANCELADA
1270,2195,104,FQE8SV,2025-08-19 18:34:45+00:00,1495.6,NO_SHOW
965,1459,935,7NN3CA,2026-02-23 22:26:51+00:00,435.54,CONFIRMADA
3618,2597,213,0V15K3,2025-12-06 15:15:51+00:00,1226.15,CONFIRMADA
2219,1792,304,W7CG0M,2025-12-21 00:03:12+00:00,1399.23,CANCELADA
2339,2151,188,XNYKTK,2026-04-15 09:13:04+00:00,4042.02,EMBARCADA
3500,1963,445,9UFMWC,2026-04-15 23:14:28+00:00,3574.14,PENDENTE
477,1832,519,X84P3I,2026-03-07 04:36:24+00:00,1539.07,NO_SHOW
4653,2289,54,RTHXKK,2025-09-14 14:58:40+00:00,1707.86,NO_SHOW
2604,659,516,OW6EAV,2026-04-23 06:39:31+00:00,748.53,NO_SHOW
4316,3491,593,059KDC,2025-10-04 14:57:20+00:00,939.88,PENDENTE
1370,1668,633,XHVFBO,2025-09-07 15:45:38+00:00,306.91,CANCELADA
746,1791,333,6GIP2N,2025-12-07 15:32:38+00:00,1309.29,CANCELADA
36,573,936,5DT1OZ,2025-09-27 05:45:31+00:00,1589.13,EMBARCADA
2851,865,691,SY59A3,2026-05-31 04:06:35+00:00,902.77,CANCELADA
2236,4536,209,VOQH7Z,2025-12-26 05:04:51+00:00,9119.77,CANCELADA
1865,1973,214,MQDVJH,2025-08-26 10:34:59+00:00,1372.74,EMBARCADA
349,4256,625,NZK2QS,2026-03-29 16:58:05+00:00,3806.63,CANCELADA
4632,3951,425,XXXN03,2025-09-26 09:23:01+00:00,2203.19,EMBARCADA
4974,1177,294,90A34G,2026-04-02 20:36:59+00:00,812.81,CANCELADA
3552,2275,714,V41SMT,2025-09-26 05:23:57+00:00,1189.76,CANCELADA
3912,4813,587,F8ZD7Q,2025-12-16 18:46:03+00:00,6093.21,PENDENTE
4075,4836,496,JTVMLC,2025-08-20 14:47:52+00:00,624.64,NO_SHOW
1369,273,946,X0UWD0,2025-09-23 20:22:16+00:00,5113.17,CONFIRMADA
277,4013,835,2PT3HI,2026-04-14 06:31:50+00:00,1208.51,CANCELADA
471,3308,773,PY9MQC,2025-10-14 11:53:21+00:00,865.47,CANCELADA
1495,1661,801,BPMSXM,2026-03-04 09:39:17+00:00,2021.37,CANCELADA
4523,3871,651,OYBFYF,2026-01-21 18:24:29+00:00,2694.79,PENDENTE
2915,2473,219,R0H42H,2026-01-17 05:32:16+00:00,1153.05,NO_SHOW
2862,796,828,5WJ3WL,2026-02-04 16:40:56+00:00,3638.39,CANCELADA
3383,4298,527,8C43LY,2025-11-10 00:33:33+00:00,3894.19,NO_SHOW
3736,4467,664,LCHNI7,2025-07-10 13:30:29+00:00,551.59,PENDENTE
4427,2391,159,1N4DXQ,2026-01-29 03:33:19+00:00,324.45,CONFIRMADA
2090,2783,855,0DVR8M,2025-10-02 01:24:39+00:00,1796.2,PENDENTE
559,1557,704,MXPUUT,2026-03-11 06:46:35+00:00,942.53,CANCELADA
1885,1796,84,UMSSBA,2025-06-03 12:58:04+00:00,1691.61,CONFIRMADA
2667,3131,64,4YH6XW,2025-09-06 06:59:11+00:00,474.61,NO_SHOW
1729,3312,786,NWJ7F2,2025-12-21 01:49:57+00:00,316.34,NO_SHOW
1319,2889,468,S9QJ2K,2025-11-20 10:16:59+00:00,4317.44,NO_SHOW
3707,4887,577,N7NGPH,2026-03-18 07:06:17+00:00,500.62,CONFIRMADA
1170,3390,848,XNRTM9,2026-03-11 17:05:00+00:00,3157.57,CONFIRMADA
1028,3697,60,JES97W,2025-09-03 01:21:06+00:00,276.52,EMBARCADA
1179,3490,105,P7QUAQ,2025-06-26 08:14:49+00:00,2120.41,EMBARCADA
551,4894,418,SSD49B,2026-04-16 00:22:34+00:00,423.69,CANCELADA
627,1054,958,WHOV01,2025-11-29 15:40:40+00:00,1280.47,NO_SHOW
3075,3526,568,2AFC86,2026-05-23 03:04:41+00:00,5592.55,CANCELADA
4686,439,327,66JRPJ,2025-07-31 22:50:15+00:00,6801.8,NO_SHOW
432,3232,388,6DD3OT,2025-07-13 09:00:47+00:00,3706.64,PENDENTE
347,4234,842,HATAUQ,2025-06-22 09:39:03+00:00,1582.75,CONFIRMADA
1772,73,708,O7NZQC,2025-08-05 05:20:36+00:00,2855.92,CANCELADA
262,3122,905,I82I5B,2025-11-15 09:32:05+00:00,1858.49,NO_SHOW
2185,899,365,VFGK2T,2026-01-28 01:51:16+00:00,102.49,NO_SHOW
1182,4893,285,QK0A91,2026-04-12 16:37:21+00:00,3270.63,EMBARCADA
2936,4952,818,DN6C50,2026-04-01 16:55:45+00:00,1085.95,CONFIRMADA
1567,1605,260,VYDFZ6,2025-12-25 22:12:59+00:00,2237.46,NO_SHOW
3040,1949,1000,M97RJF,2026-01-24 21:56:47+00:00,1096.03,PENDENTE
3542,3296,874,ZNLSQF,2025-09-08 23:03:54+00:00,100.04,PENDENTE
3843,1370,391,LPBN78,2026-04-09 17:53:24+00:00,5516.8,NO_SHOW
1403,796,291,KEP7AO,2025-10-24 00:17:10+00:00,2184.89,EMBARCADA
763,4071,448,WNLGNY,2025-06-06 05:38:08+00:00,7166.88,CANCELADA
2378,4022,51,K4QPSD,2026-05-05 01:54:40+00:00,1517.59,PENDENTE
4395,3233,619,JL77NW,2025-10-29 07:58:29+00:00,1073.45,CANCELADA
2717,2189,869,9FAE7W,2025-12-05 07:35:01+00:00,2523.44,PENDENTE
1226,3660,254,6LDM1P,2025-10-25 12:28:05+00:00,1203.11,NO_SHOW
122,1638,511,ZGCVGY,2026-05-12 21:17:40+00:00,3813.41,EMBARCADA
229,63,956,ZBSSGQ,2026-04-22 18:29:25+00:00,1236.02,CANCELADA
3940,4878,129,3KMKGF,2026-04-13 09:34:49+00:00,1892.26,CANCELADA
2192,4411,767,0KBMES,2026-05-10 20:30:37+00:00,6732.0,CONFIRMADA
4144,2975,533,88QJS8,2025-10-05 04:50:05+00:00,1513.24,NO_SHOW
186,1595,790,ZUJE6H,2026-03-02 23:47:32+00:00,735.87,EMBARCADA
3650,674,645,E6OLO5,2025-06-15 11:46:17+00:00,3123.8,NO_SHOW
4061,992,68,QUIED9,2025-10-09 12:24:13+00:00,1592.74,NO_SHOW
19,4624,234,U9XZ5R,2026-05-18 13:14:41+00:00,665.24,CONFIRMADA
2171,1078,958,RPOWGE,2025-11-26 21:26:05+00:00,1215.3,PENDENTE
2136,905,72,6ZUN3V,2025-11-16 15:21:49+00:00,4183.25,EMBARCADA
2861,583,273,IYFIGX,2025-12-30 10:50:02+00:00,130.15,CANCELADA
654,4567,517,UR80X8,2026-04-16 12:49:39+00:00,1844.66,PENDENTE
1373,4007,373,T9OU30,2025-10-08 13:35:56+00:00,521.54,PENDENTE
4522,2432,467,DJ6HVI,2025-09-05 23:02:53+00:00,4045.22,EMBARCADA
2185,4618,685,3BKH79,2026-03-28 14:20:29+00:00,907.18,CANCELADA
2934,3746,131,9H8205,2025-09-15 08:45:05+00:00,2813.5,EMBARCADA
1540,4359,290,8OK5N9,2025-09-26 05:09:05+00:00,2957.81,EMBARCADA
2882,66,908,J4E5V1,2025-08-21 08:13:06+00:00,6510.54,NO_SHOW
4753,3730,15,CNNA3R,2025-09-27 07:21:17+00:00,1591.18,CONFIRMADA
4571,4798,42,AGAGIY,2025-11-01 12:27:47+00:00,622.22,CONFIRMADA
4668,1541,340,S60ANB,2025-12-03 07:46:34+00:00,1288.56,NO_SHOW
2329,3978,457,ZDML5B,2025-09-09 05:50:02+00:00,875.56,EMBARCADA
595,389,120,SGY138,2026-01-03 10:45:15+00:00,66.54,CONFIRMADA
3460,2472,256,4ASSJQ,2025-12-25 14:30:24+00:00,71.07,CONFIRMADA
3910,1832,278,9CMBSR,2026-02-07 08:40:22+00:00,2261.11,PENDENTE
554,1420,130,4R0IGA,2025-06-21 03:01:21+00:00,768.6,PENDENTE
4348,4763,993,FUAGME,2025-08-02 23:32:42+00:00,56.27,CONFIRMADA
348,1503,931,RTQCY0,2026-05-31 16:34:17+00:00,4434.65,NO_SHOW
4279,3830,557,PIGTE7,2025-08-14 19:58:04+00:00,2030.08,PENDENTE
3224,3131,308,I3A73C,2025-08-01 17:14:23+00:00,1326.39,NO_SHOW
113,1066,823,M9BC8B,2025-10-15 09:01:51+00:00,2442.46,NO_SHOW
1938,2907,404,A47MDP,2026-04-12 16:50:46+00:00,347.62,EMBARCADA
3239,3795,677,A0MWOR,2026-01-21 14:42:59+00:00,219.08,CANCELADA
1693,2133,891,2A8E6H,2026-05-01 17:23:56+00:00,2992.61,NO_SHOW
399,4108,103,OI3A29,2025-10-27 04:33:42+00:00,1734.43,EMBARCADA
4621,60,677,7TWP35,2026-02-08 15:36:26+00:00,741.38,CONFIRMADA
3154,3355,394,MO5Y8E,2025-08-05 15:51:30+00:00,163.65,CONFIRMADA
2111,3937,112,4X2SJQ,2025-10-12 03:59:15+00:00,6812.32,CANCELADA
3490,2129,933,ID2B2N,2025-11-02 04:53:42+00:00,743.48,CANCELADA
2594,2435,165,PXI4VI,2025-07-09 08:34:30+00:00,480.79,NO_SHOW
4972,1296,706,S4SBL9,2025-09-28 05:16:25+00:00,178.51,CANCELADA
302,358,174,G2GPIE,2025-12-03 08:29:53+00:00,670.52,CANCELADA
2636,3150,26,XR7A5Q,2025-11-03 07:40:30+00:00,3482.48,PENDENTE
2850,849,466,RZFRBE,2026-03-24 13:48:08+00:00,1296.46,NO_SHOW
3379,4598,673,NGZFMY,2026-03-10 07:53:31+00:00,232.92,CONFIRMADA
4897,2555,787,PJQIN0,2025-12-20 04:29:35+00:00,570.42,EMBARCADA
4948,2852,840,TV9EE7,2025-11-01 02:08:25+00:00,1250.02,PENDENTE
3745,752,370,C9V423,2026-04-18 17:21:05+00:00,2444.4,CANCELADA
3553,4817,746,MNKKDI,2026-02-15 15:13:26+00:00,3496.65,PENDENTE
856,2874,522,GNOJ9N,2025-07-28 11:37:32+00:00,1361.65,CANCELADA
1089,3086,311,XE8JE6,2025-09-10 14:15:30+00:00,4278.37,PENDENTE
2123,3222,778,P784IN,2026-01-11 21:11:28+00:00,1177.14,EMBARCADA
1151,3734,3,4IPFDQ,2026-03-22 06:37:53+00:00,1964.36,EMBARCADA
2955,2631,426,IDBHGF,2026-05-03 14:35:36+00:00,4062.5,CONFIRMADA
3317,615,799,JYYNFO,2025-12-27 22:09:59+00:00,203.03,CANCELADA
1539,1950,306,SVHUCE,2025-08-14 04:00:23+00:00,4773.79,NO_SHOW
4124,1573,936,T7AYUL,2025-11-13 00:10:13+00:00,1661.67,PENDENTE
2902,1128,880,FUD624,2026-05-26 08:59:29+00:00,1010.14,EMBARCADA
3701,3868,776,4MP4YD,2026-04-25 01:47:12+00:00,40.09,CANCELADA
21,2427,960,IQ6XK5,2025-12-11 06:00:12+00:00,2464.44,CANCELADA
1248,2603,398,2890UM,2025-12-08 07:04:23+00:00,926.17,CANCELADA
4922,4610,673,1NUNIV,2025-10-26 08:58:31+00:00,774.07,CONFIRMADA
1333,4590,925,3GI6LA,2025-08-24 05:30:07+00:00,2115.04,NO_SHOW
63,4639,942,NOZ9Q7,2026-01-15 17:59:05+00:00,1230.6,EMBARCADA
1562,1634,444,0SFNC9,2025-08-18 07:44:18+00:00,921.4,EMBARCADA
439,1957,596,T2M048,2026-01-11 15:19:51+00:00,657.58,NO_SHOW
1899,3455,432,3AN0UP,2025-08-18 21:17:46+00:00,4882.9,CANCELADA
4327,1449,468,ZXKB68,2025-06-08 23:06:10+00:00,1272.69,EMBARCADA
1128,3901,517,VR5B1R,2026-03-09 15:04:53+00:00,247.08,PENDENTE
4526,4916,316,8ALMTB,2025-06-08 15:15:03+00:00,1358.46,NO_SHOW
1075,4040,607,RK7F65,2025-08-25 09:11:58+00:00,6528.79,CONFIRMADA
664,2547,425,ROCONI,2026-04-13 18:47:39+00:00,815.13,PENDENTE
3196,3005,82,934L1W,2026-02-19 11:26:09+00:00,1563.29,PENDENTE
1000,2032,490,S7U9Y1,2025-09-29 15:35:38+00:00,2880.18,CONFIRMADA
1113,2873,564,HPBNFS,2026-05-09 11:56:13+00:00,133.54,PENDENTE
173,1704,274,T927WY,2025-09-18 18:55:42+00:00,2104.28,CANCELADA
1969,894,481,9LAENR,2025-11-02 07:56:31+00:00,1330.47,NO_SHOW
3708,4446,191,1M04OJ,2025-09-16 18:42:10+00:00,1513.25,EMBARCADA
3440,422,417,L1CFB5,2025-12-11 12:04:46+00:00,1247.19,PENDENTE
4882,1149,873,M9H30R,2026-04-06 00:04:57+00:00,139.4,NO_SHOW
219,4955,559,1VMZJ4,2026-06-02 06:11:57+00:00,2111.4,NO_SHOW
987,2782,234,SQ6H43,2026-01-28 17:03:32+00:00,922.44,CANCELADA
2854,1505,638,VR1DES,2025-07-17 15:13:30+00:00,131.39,EMBARCADA
480,3841,991,XPKCLG,2026-02-03 01:33:32+00:00,1262.56,CANCELADA
402,1123,570,0C6LLQ,2025-07-11 23:00:11+00:00,617.07,CANCELADA
1438,3566,76,KN8QB5,2026-02-03 07:12:54+00:00,921.4,NO_SHOW
833,3985,162,LTKKC1,2025-09-26 09:01:39+00:00,2196.83,NO_SHOW
1614,2812,429,4Q98L9,2026-04-22 16:16:18+00:00,564.47,CANCELADA
2711,2218,494,QOKB8Z,2026-04-22 20:10:24+00:00,79.37,CANCELADA
689,2914,475,H0CFIK,2025-08-02 04:10:31+00:00,251.72,PENDENTE
3029,4972,18,9LA12N,2025-09-19 14:17:23+00:00,969.54,NO_SHOW
516,603,439,3K4OWW,2026-02-20 00:27:02+00:00,94.5,NO_SHOW
3041,4319,843,8JBEMN,2025-11-20 00:46:14+00:00,3320.32,CANCELADA
758,1016,1,7MM6DN,2025-09-09 04:26:16+00:00,1429.1,PENDENTE
249,4320,867,4JXRFW,2025-12-02 09:26:23+00:00,4507.65,EMBARCADA
2728,2244,43,L2FDPP,2026-02-01 18:33:18+00:00,1378.5,NO_SHOW
1270,987,889,1I5RJS,2025-09-10 01:11:47+00:00,10143.54,CANCELADA
1865,3688,668,86NSU9,2025-06-17 23:49:13+00:00,9124.54,EMBARCADA
3255,3877,612,SMTFK4,2025-06-26 12:14:05+00:00,498.26,PENDENTE
2881,1351,713,9CZGUX,2026-03-07 06:01:08+00:00,1754.32,EMBARCADA
2443,2935,489,HJCV8Y,2026-04-04 08:26:40+00:00,7730.8,CONFIRMADA
3649,3754,877,OAQ6YA,2025-06-09 15:30:31+00:00,2190.63,CANCELADA
4742,3294,316,6LB01U,2025-10-23 22:57:14+00:00,525.46,PENDENTE
4425,392,263,7NS1MJ,2025-11-09 00:34:19+00:00,962.19,NO_SHOW
3698,2541,212,2AXBRP,2025-07-12 14:14:08+00:00,787.82,CANCELADA
3671,4509,688,12JEWX,2025-11-07 21:52:16+00:00,2535.96,PENDENTE
2585,2287,950,JM7GB0,2025-07-14 23:35:54+00:00,1986.38,EMBARCADA
1205,2946,97,RBHEKU,2025-12-23 18:04:52+00:00,1466.45,PENDENTE
2995,973,473,C8303N,2025-09-22 21:28:33+00:00,302.97,CONFIRMADA
3322,1021,7,Z3WWSB,2025-10-28 06:36:25+00:00,2677.17,NO_SHOW
4108,4233,921,OBI4OT,2025-09-25 14:17:18+00:00,1132.93,PENDENTE
3720,2209,593,O59ENT,2026-04-21 19:13:45+00:00,1172.4,PENDENTE
3956,3158,491,OXE7BX,2025-12-24 12:23:55+00:00,1867.59,CANCELADA
749,2900,664,CVX4OT,2025-11-21 12:55:48+00:00,970.59,CONFIRMADA
4483,2738,806,20DL71,2025-06-07 10:12:37+00:00,5519.67,NO_SHOW
97,386,903,XCZ3PN,2026-04-04 03:41:32+00:00,686.04,EMBARCADA
3490,2198,503,IEA884,2026-02-19 05:19:10+00:00,1937.77,CONFIRMADA
1528,4917,633,7N1Z9V,2025-11-20 23:22:13+00:00,715.67,EMBARCADA
3855,4943,47,PGROWU,2026-02-02 05:43:31+00:00,3658.2,NO_SHOW
3408,3530,361,OQFVCK,2025-06-24 01:02:40+00:00,140.28,CANCELADA
1584,3647,516,MQH8QX,2025-11-29 19:10:55+00:00,1113.68,EMBARCADA
3418,3720,664,GEF6LX,2026-01-02 00:48:45+00:00,1283.98,EMBARCADA
414,358,534,Z9KWRW,2025-12-19 17:28:17+00:00,596.02,PENDENTE
4391,3103,137,9HKIC9,2026-01-11 15:11:47+00:00,95.62,PENDENTE
4595,4508,663,MQDTBK,2025-11-08 18:14:56+00:00,812.95,CANCELADA
4714,2321,499,ULCRTL,2026-04-06 20:36:56+00:00,397.81,NO_SHOW
3379,668,787,OGG2H8,2025-06-20 08:01:33+00:00,3331.69,NO_SHOW
3248,745,774,VHOA0D,2025-12-26 02:33:05+00:00,761.62,CONFIRMADA
3308,3437,188,86AHX6,2025-10-26 11:28:08+00:00,7261.09,CONFIRMADA
4154,3454,859,SAJL9J,2026-04-05 00:52:47+00:00,604.13,EMBARCADA
371,3334,569,SR5106,2025-08-04 08:01:20+00:00,2709.25,PENDENTE
3213,1077,853,A5PHAL,2025-08-02 12:25:30+00:00,463.64,EMBARCADA
3994,1273,816,490AWK,2025-08-30 04:14:42+00:00,1469.6,CANCELADA
4825,2482,999,9JZF8M,2025-07-22 11:27:07+00:00,495.14,CONFIRMADA
156,365,732,LKI1O7,2026-01-27 01:49:33+00:00,6292.31,CANCELADA
1117,668,327,3U17HW,2026-05-22 17:10:43+00:00,3260.59,PENDENTE
1715,3138,998,65A6NZ,2025-11-15 20:39:21+00:00,2323.97,CANCELADA
1836,1061,300,M2BVV6,2026-02-11 12:56:22+00:00,1445.58,CONFIRMADA
3138,4777,667,NZHPKL,2025-08-13 07:59:59+00:00,2514.2,NO_SHOW
6,1813,863,Q76WIZ,2026-02-04 08:05:03+00:00,1117.95,PENDENTE
4722,4009,781,ZNB0NA,2025-08-28 05:41:49+00:00,2084.31,CANCELADA
3686,3522,877,XHEE3M,2025-09-13 15:23:24+00:00,1797.58,CONFIRMADA
488,631,22,034CBF,2026-02-06 19:04:03+00:00,2294.54,CONFIRMADA
315,656,737,NHM56K,2026-06-01 22:28:29+00:00,1172.09,NO_SHOW
3736,4609,480,R484PA,2025-06-25 02:00:28+00:00,314.6,CONFIRMADA
17,4450,251,BEVDP9,2026-02-23 16:32:18+00:00,4477.4,CANCELADA
693,4259,452,MORZ8X,2026-01-31 14:38:30+00:00,7133.35,NO_SHOW
1800,606,605,5UYUKQ,2025-07-16 22:08:56+00:00,4375.3,CONFIRMADA
1966,1868,80,UKTO79,2025-06-08 04:01:22+00:00,1882.14,CONFIRMADA
2454,4375,260,C4XJ85,2025-09-12 21:52:33+00:00,674.75,EMBARCADA
4937,5,496,CUIODY,2025-11-05 09:32:05+00:00,1522.69,EMBARCADA
589,643,489,W9RIID,2025-08-06 22:26:37+00:00,4291.29,CANCELADA
2694,1692,63,ASHPCS,2025-08-22 03:47:03+00:00,2681.2,CANCELADA
1459,2,681,NEU9DK,2025-12-28 19:22:53+00:00,917.26,EMBARCADA
4611,2170,490,NO4SSP,2026-05-16 17:43:35+00:00,2306.11,CANCELADA
3129,1893,695,IFFB6A,2025-12-20 23:07:46+00:00,1627.88,EMBARCADA
3402,4212,567,GA7XUM,2025-10-23 19:31:01+00:00,5617.15,PENDENTE
3009,3048,258,MOHSCF,2026-03-14 13:50:06+00:00,2083.47,EMBARCADA
4066,1510,161,UBMYDQ,2025-06-14 07:54:31+00:00,2076.04,NO_SHOW
4621,2567,656,KLFD0N,2025-10-30 06:23:22+00:00,1596.05,CONFIRMADA
1052,908,259,0SCC0U,2025-10-17 20:44:32+00:00,2341.94,NO_SHOW
2187,4563,410,TFEJS2,2026-05-07 11:42:39+00:00,1526.42,CANCELADA
2043,4856,916,IVDZOX,2025-06-19 03:38:04+00:00,2102.82,NO_SHOW
931,3705,793,EBDF4I,2026-01-23 19:33:00+00:00,59.52,CONFIRMADA
4496,1586,746,E7457W,2025-09-24 20:09:25+00:00,5057.37,PENDENTE
4192,3709,441,S47H6H,2025-09-02 18:58:37+00:00,1726.47,EMBARCADA
4424,2856,808,ENUF02,2025-06-28 23:37:40+00:00,9686.87,CONFIRMADA
3066,2924,274,JJ9IBQ,2025-06-15 07:52:59+00:00,885.67,PENDENTE
1454,146,205,5MTC6H,2025-10-31 04:56:49+00:00,3912.44,NO_SHOW
3836,3331,186,WPKGSZ,2026-04-15 23:39:07+00:00,5841.58,NO_SHOW
2161,183,721,FDWSB8,2026-03-11 23:59:46+00:00,302.41,NO_SHOW
272,4679,143,SW1SIL,2026-03-28 02:28:25+00:00,1419.59,CANCELADA
84,2025,994,HB5DJD,2026-05-23 11:32:35+00:00,1291.74,CONFIRMADA
4787,435,558,OW1SIZ,2025-06-15 18:54:51+00:00,1400.85,NO_SHOW
330,4987,454,56MGCF,2025-09-18 06:05:09+00:00,1612.24,CONFIRMADA
63,3658,991,IADF7M,2025-12-29 04:39:08+00:00,460.96,CANCELADA
1230,4944,741,OFF902,2025-11-06 15:10:32+00:00,747.99,EMBARCADA
2525,1544,784,4SKV1H,2026-01-08 13:39:34+00:00,2937.19,NO_SHOW
1344,4086,412,CD6IZF,2025-08-17 20:28:26+00:00,7953.57,CONFIRMADA
3565,2505,844,DRCLBH,2025-10-15 16:52:42+00:00,2145.26,PENDENTE
3916,3974,454,W8NWW6,2025-12-08 07:31:16+00:00,2371.05,CANCELADA
718,679,368,I63F0X,2025-08-12 15:05:57+00:00,690.1,EMBARCADA
3810,265,434,4N0W9Y,2025-09-04 02:35:48+00:00,496.6,CANCELADA
578,1032,488,FQNR5X,2026-03-30 15:56:16+00:00,8158.32,NO_SHOW
4014,886,180,8V7XSQ,2025-09-30 23:08:07+00:00,2325.35,NO_SHOW
875,2929,982,JGACKW,2025-11-29 02:01:38+00:00,2807.24,CONFIRMADA
4778,814,148,OKWCIM,2026-01-11 20:11:52+00:00,9764.68,PENDENTE
3980,964,594,FTELYI,2026-02-13 21:30:35+00:00,788.77,CONFIRMADA
739,3609,781,VU1PYS,2026-04-10 05:40:40+00:00,276.97,NO_SHOW
4456,2072,729,D18MGO,2025-11-05 22:37:44+00:00,9493.47,NO_SHOW
2977,3169,664,ALKYD6,2025-09-23 12:25:06+00:00,146.7,CONFIRMADA
3161,2793,355,KBYS7E,2026-05-18 06:51:24+00:00,3265.68,EMBARCADA
4353,4798,337,7YD8UV,2025-11-05 13:06:26+00:00,613.45,PENDENTE
8,2458,543,0QKQE5,2026-05-29 10:34:07+00:00,3363.7,EMBARCADA
4738,1032,43,OIGTHG,2026-01-15 05:47:06+00:00,1867.57,CANCELADA
1891,235,255,GBBDJ2,2026-04-22 01:26:10+00:00,3770.97,PENDENTE
4037,1129,204,0AI0QX,2026-03-11 17:29:30+00:00,1721.66,PENDENTE
30,1451,71,H9B382,2025-06-08 00:58:39+00:00,6045.57,NO_SHOW
2809,3996,266,Z4ZWR6,2026-05-29 17:44:41+00:00,584.2,EMBARCADA
3170,1182,307,PKH96V,2025-06-05 04:42:05+00:00,1830.18,NO_SHOW
3671,3665,617,MV5F88,2026-04-06 23:54:19+00:00,560.49,CONFIRMADA
4238,419,617,E53HCQ,2026-01-28 14:48:43+00:00,471.13,NO_SHOW
4156,4515,260,E19TPM,2025-09-13 09:01:30+00:00,2230.49,CONFIRMADA
1515,496,875,Q33YGY,2025-12-14 08:48:04+00:00,3410.94,EMBARCADA
2174,2632,85,MPRQ96,2026-01-03 06:36:55+00:00,2201.76,CONFIRMADA
3327,2806,852,VNW4UI,2025-10-07 09:58:47+00:00,990.43,CONFIRMADA
2785,691,810,AGVMLB,2026-01-09 22:42:17+00:00,2708.65,CONFIRMADA
2918,1979,81,AN5T7S,2026-01-12 07:03:58+00:00,248.58,PENDENTE
4181,485,885,MVNG60,2025-07-17 13:36:11+00:00,4596.3,CONFIRMADA
1970,1833,618,A7S5VH,2025-07-11 18:51:28+00:00,1311.04,CONFIRMADA
1677,1898,39,WKPQWY,2025-08-27 05:13:37+00:00,1951.78,NO_SHOW
4415,3972,496,5X6QOV,2026-05-08 14:01:10+00:00,1644.12,PENDENTE
2323,4924,785,88L31I,2025-11-02 21:48:01+00:00,233.56,EMBARCADA
1366,3539,465,SZNMDN,2026-01-15 04:28:09+00:00,2779.66,CANCELADA
2034,3414,252,5KBIY4,2025-11-14 11:52:28+00:00,2158.12,PENDENTE
1676,4802,616,SH5538,2025-11-06 20:59:35+00:00,1372.39,EMBARCADA
326,3348,925,PM3RQD,2025-07-26 19:34:32+00:00,4509.35,PENDENTE
580,1692,866,9JQPO0,2025-11-09 06:24:31+00:00,6631.19,PENDENTE
4247,1913,202,MFIUXX,2026-02-18 13:38:39+00:00,360.24,PENDENTE
3507,3063,797,94OERG,2025-06-07 18:56:09+00:00,286.12,CONFIRMADA
4875,2071,913,LTFC8T,2026-01-19 18:42:34+00:00,353.95,EMBARCADA
778,2849,539,FYNUAU,2025-08-19 21:50:41+00:00,444.68,NO_SHOW
3289,2701,936,PEB5BR,2026-02-09 03:52:49+00:00,170.37,PENDENTE
3341,1632,275,7FBORY,2025-08-15 07:39:37+00:00,2553.92,CANCELADA
2875,877,561,QN6WAH,2025-08-25 22:13:45+00:00,1250.05,PENDENTE
3786,14,204,LY1CMT,2025-07-14 20:37:30+00:00,1304.0,CONFIRMADA
2116,1675,391,VVJA2X,2025-11-21 07:14:30+00:00,4416.39,CONFIRMADA
1148,4596,114,BAZY28,2025-08-16 02:09:34+00:00,1551.79,NO_SHOW
345,2265,559,SR8VEA,2025-11-06 17:13:03+00:00,1786.59,CONFIRMADA
2724,4169,945,WOKMMV,2025-07-20 18:35:25+00:00,733.36,NO_SHOW
362,4401,783,15V4OJ,2026-04-13 04:50:53+00:00,80.84,PENDENTE
2341,2386,704,VBZLVO,2026-03-25 05:10:11+00:00,1316.56,EMBARCADA
3429,4248,757,BGJH9D,2025-08-14 02:51:37+00:00,2114.04,CONFIRMADA
2102,2061,439,HL2LQ4,2025-08-24 17:38:48+00:00,988.42,CONFIRMADA
2314,1841,902,QTINLA,2025-12-08 20:35:35+00:00,1018.47,CANCELADA
1652,1256,490,RW2KVZ,2025-11-23 08:33:55+00:00,4032.51,NO_SHOW
3596,3293,91,1JEOIP,2025-12-17 16:02:18+00:00,5267.83,CONFIRMADA
3235,4331,881,0UEBWR,2025-12-11 16:30:51+00:00,784.71,CONFIRMADA
4249,2689,848,9JFOQP,2025-09-13 07:37:28+00:00,1993.73,NO_SHOW
4279,4074,206,EMROW9,2026-04-08 17:38:44+00:00,4178.68,CONFIRMADA
2608,4711,338,OM9LS9,2025-11-13 06:32:14+00:00,493.89,EMBARCADA
1427,2339,76,ST2MXC,2026-03-11 19:21:09+00:00,958.12,PENDENTE
535,867,787,MOKT0U,2025-07-06 09:24:34+00:00,2321.58,NO_SHOW
2147,2294,541,IEMEZA,2026-02-03 17:56:37+00:00,325.29,PENDENTE
1917,471,28,2P9Y70,2026-04-09 02:32:39+00:00,8854.54,NO_SHOW
4677,2885,155,4XWRCE,2025-12-26 06:17:28+00:00,364.63,NO_SHOW
4912,1537,265,10SK4L,2026-06-03 04:33:49+00:00,857.27,CANCELADA
4050,4294,552,PMVORD,2026-04-01 18:54:34+00:00,6517.06,NO_SHOW
4752,4940,992,O0TO6B,2025-12-12 20:54:23+00:00,5218.19,CONFIRMADA
515,1647,132,3ZDUYK,2025-07-27 18:24:54+00:00,2954.46,NO_SHOW
310,786,288,NKP6BU,2026-03-23 10:43:26+00:00,1211.89,CANCELADA
4882,676,994,EPJNJD,2025-08-07 09:41:28+00:00,1625.58,CONFIRMADA
4068,1357,766,FJV3YA,2026-02-06 04:45:37+00:00,350.16,EMBARCADA
2419,2824,783,1X3WCQ,2025-09-12 15:14:13+00:00,1448.59,PENDENTE
527,1323,858,BSAAIN,2026-01-10 23:54:19+00:00,950.77,CANCELADA
3964,794,884,K3QQU3,2026-03-14 17:16:59+00:00,1301.05,PENDENTE
2504,1178,186,16G20O,2025-11-22 20:58:36+00:00,3029.34,EMBARCADA
665,4968,269,HKD9B2,2026-01-16 06:25:18+00:00,3037.9,CANCELADA
2187,4317,891,AO8ZRM,2025-10-12 19:43:48+00:00,4418.98,EMBARCADA
3601,4351,452,7V6YV9,2026-01-04 19:49:29+00:00,8723.3,NO_SHOW
4551,1069,164,ZVE9W5,2026-05-15 06:02:26+00:00,1666.32,EMBARCADA
805,3944,96,XKHIDF,2025-09-24 10:08:44+00:00,2361.72,NO_SHOW
3909,561,700,323C6V,2025-08-13 14:37:21+00:00,1084.38,CANCELADA
2330,4910,87,D5S8FL,2026-03-09 03:03:02+00:00,6353.46,NO_SHOW
2553,2913,635,G24F1C,2026-02-04 21:18:51+00:00,494.95,CONFIRMADA
555,41,523,M2A8DD,2026-04-05 08:46:40+00:00,1164.44,EMBARCADA
3316,2340,994,ZFL7O5,2026-04-07 13:23:11+00:00,752.25,CANCELADA
357,3562,687,JFDOUC,2025-09-05 01:41:43+00:00,6676.61,PENDENTE
405,3491,268,N6NLLJ,2025-12-23 11:11:47+00:00,8218.93,PENDENTE
2731,1565,682,ZGJYU6,2026-03-10 09:59:44+00:00,872.31,PENDENTE
15,3460,700,J3AG19,2025-08-10 12:32:37+00:00,1525.78,NO_SHOW
1561,2019,440,QLHKN9,2025-08-20 18:33:20+00:00,394.95,NO_SHOW
505,3804,957,GJ8REZ,2025-11-16 13:51:06+00:00,1541.69,CANCELADA
2402,610,356,ZCCKO7,2026-05-02 09:04:50+00:00,2040.52,CONFIRMADA
2448,1184,837,96V70F,2025-10-13 02:22:29+00:00,1375.66,NO_SHOW
71,4899,110,3KNK7Q,2025-11-07 15:35:35+00:00,2561.02,EMBARCADA
3081,2786,621,Z00M6Z,2025-12-11 07:54:53+00:00,399.79,NO_SHOW
3410,3731,865,C30P5R,2026-02-18 18:52:38+00:00,4028.29,PENDENTE
828,4433,912,8523FY,2026-02-09 19:26:27+00:00,2123.39,EMBARCADA
1243,4015,375,W0WM2H,2025-10-07 12:35:21+00:00,3210.96,CANCELADA
4077,436,178,IWYJH7,2026-05-03 09:34:22+00:00,66.73,PENDENTE
4806,4765,573,UJ60M9,2026-05-25 16:47:13+00:00,987.55,CANCELADA
674,1565,115,4PQF6O,2025-09-21 19:01:28+00:00,1400.28,CANCELADA
4413,1883,776,4KZTIZ,2025-09-02 16:13:00+00:00,402.66,PENDENTE
2711,1987,367,KSEL48,2025-06-05 05:10:12+00:00,3911.71,CANCELADA
1233,1675,342,V6GUGK,2026-05-03 23:55:26+00:00,1723.47,EMBARCADA
4635,3576,768,IX91ZS,2025-06-09 18:52:06+00:00,2267.22,PENDENTE
6,3636,462,Z4AOOK,2025-10-03 21:51:29+00:00,1877.68,EMBARCADA
855,3584,276,K9SOUM,2026-02-23 10:33:42+00:00,1024.35,PENDENTE
3356,1898,559,6B9ZUT,2025-08-18 19:39:47+00:00,1661.43,CANCELADA
56,744,271,4UYKST,2025-10-29 21:38:45+00:00,5880.99,CANCELADA
4949,1151,630,I3SQPA,2025-12-25 07:07:33+00:00,2112.16,CANCELADA
2644,1879,181,F397GH,2025-10-20 09:39:57+00:00,1106.28,CONFIRMADA
600,4337,841,GE93EK,2026-03-30 10:55:34+00:00,160.66,CONFIRMADA
4991,103,176,4X05PA,2026-03-19 23:24:45+00:00,1773.57,CANCELADA
2322,3392,674,EC0ECA,2025-09-11 00:17:29+00:00,1435.23,NO_SHOW
2638,3922,110,9CFXPD,2025-10-23 09:41:05+00:00,1327.24,CONFIRMADA
4490,4612,323,W3PW9C,2026-05-11 06:35:55+00:00,1796.0,PENDENTE
1796,4532,69,002EE9,2025-07-10 05:43:53+00:00,5560.73,CONFIRMADA
4717,3059,249,Z9949R,2025-08-13 17:29:56+00:00,3368.67,CONFIRMADA
893,526,822,MLIF0G,2026-05-10 02:54:09+00:00,1667.13,PENDENTE
1073,852,265,TMU26V,2026-02-19 13:22:23+00:00,3141.54,EMBARCADA
503,4615,210,T809DJ,2026-01-16 17:08:37+00:00,2282.99,NO_SHOW
3207,2423,457,H8YSPA,2026-03-06 03:33:22+00:00,1543.76,CONFIRMADA
2891,4546,546,DRP2IU,2026-05-10 06:44:03+00:00,1644.63,CONFIRMADA
603,2686,698,44INGT,2025-12-02 16:26:00+00:00,152.59,CANCELADA
4213,2208,996,K9K7ZE,2025-11-25 02:24:23+00:00,2165.45,CANCELADA
1512,4762,505,TORDUY,2025-07-24 01:04:42+00:00,2214.37,CANCELADA
1619,2378,151,TINFJS,2025-09-25 01:39:46+00:00,1183.07,CONFIRMADA
340,245,263,PW8UUG,2025-12-15 07:56:49+00:00,1911.07,PENDENTE
254,876,698,R0L9A2,2025-08-29 05:49:52+00:00,284.77,PENDENTE
3788,2980,276,KGNPPN,2025-06-20 03:09:16+00:00,1466.29,EMBARCADA
1018,2688,1,KXK29U,2025-08-22 10:16:43+00:00,1800.98,EMBARCADA
31,3616,663,Q4TDKH,2026-05-10 22:30:58+00:00,370.86,PENDENTE
3370,4856,290,CVR9PC,2025-12-07 14:06:27+00:00,2962.04,EMBARCADA
4802,3666,697,T6Y8SU,2025-10-12 12:22:30+00:00,1104.4,CONFIRMADA
1785,927,501,YQYLJM,2026-04-26 05:10:04+00:00,2002.05,EMBARCADA
407,626,4,XGPD7B,2026-01-10 05:15:24+00:00,854.67,NO_SHOW
4758,2592,880,8DZDUM,2025-12-07 14:19:54+00:00,1961.2,NO_SHOW
4718,1763,28,CIV69L,2025-10-03 10:55:37+00:00,1715.63,NO_SHOW
1111,1659,898,E1WJ59,2025-10-15 15:26:53+00:00,1190.04,NO_SHOW
1770,652,717,F49P8C,2025-08-25 02:22:16+00:00,284.51,CONFIRMADA
3991,1237,16,WB5MUL,2026-02-02 05:10:58+00:00,319.55,NO_SHOW
1765,1536,460,BLGSVS,2025-09-20 05:43:15+00:00,1037.04,EMBARCADA
4340,836,334,14X2C1,2025-07-06 07:34:51+00:00,820.7,CONFIRMADA
3971,681,308,1W42YO,2025-07-30 05:29:44+00:00,7084.28,NO_SHOW
936,3729,150,R7Q1QI,2025-07-07 20:19:15+00:00,3879.56,CANCELADA
612,4866,220,5EQZ5A,2025-08-17 05:15:25+00:00,87.6,EMBARCADA
2117,3785,338,JESSNK,2025-08-10 04:36:38+00:00,929.27,CONFIRMADA
2125,1087,429,6JJXX7,2026-03-05 13:17:40+00:00,8179.74,NO_SHOW
150,2363,814,L9JB80,2026-01-22 05:13:13+00:00,360.74,CONFIRMADA
4167,4525,409,JIC09I,2026-05-22 07:14:18+00:00,3513.88,NO_SHOW
3517,470,278,5MYUTK,2026-05-22 14:58:07+00:00,1489.58,EMBARCADA
2848,519,931,22GCV8,2026-04-26 05:47:52+00:00,839.34,CONFIRMADA
3621,1880,554,OYI7OT,2025-07-04 06:39:21+00:00,1799.46,PENDENTE
326,2928,258,LW0RVH,2025-09-12 09:00:29+00:00,1272.51,NO_SHOW
4213,1225,923,614YUY,2026-05-05 19:50:52+00:00,2374.65,EMBARCADA
2809,3705,721,9M89OD,2025-06-20 23:47:49+00:00,70.59,NO_SHOW
4616,4757,88,IFFU8F,2025-08-24 21:39:22+00:00,9485.31,NO_SHOW
4613,1306,925,3BJXJS,2025-11-24 22:19:09+00:00,1199.24,EMBARCADA
39,1212,1,KDDH8G,2025-08-09 10:28:03+00:00,1152.3,CONFIRMADA
1373,3597,591,QEPZN8,2025-08-09 21:33:14+00:00,3795.83,EMBARCADA
4354,4897,607,69UOM0,2026-01-18 02:28:33+00:00,591.95,PENDENTE
3184,376,658,8FUG5Y,2025-06-29 08:12:18+00:00,987.96,PENDENTE
4437,2395,897,XU5DY0,2026-03-02 00:29:40+00:00,1356.03,EMBARCADA
3710,2154,579,9VBW1I,2025-09-16 22:19:45+00:00,1462.72,CONFIRMADA
4008,462,526,2QWUKM,2025-11-02 17:39:43+00:00,6356.65,PENDENTE
3711,2949,513,ITS0FX,2025-12-01 12:26:17+00:00,1081.92,CANCELADA
4987,723,726,LAEOH7,2025-07-02 22:26:33+00:00,244.94,EMBARCADA
2139,4365,809,L3V2TQ,2025-10-09 19:21:14+00:00,10701.1,CONFIRMADA
1386,4639,250,U5NXR5,2025-11-17 06:40:16+00:00,2084.48,PENDENTE
3562,1687,549,QJ94A5,2025-10-13 16:00:55+00:00,10397.51,CONFIRMADA
51,4312,666,8WVPLP,2025-12-17 13:49:53+00:00,2901.81,CONFIRMADA
2173,3456,247,50HT5I,2025-11-01 09:51:51+00:00,2233.56,CONFIRMADA
2306,2430,415,0VL15X,2025-10-15 05:58:10+00:00,4314.21,PENDENTE
4412,3595,425,FWRCHT,2026-02-02 16:48:46+00:00,826.71,EMBARCADA
331,3929,879,J97QFM,2026-04-14 14:28:37+00:00,2354.13,PENDENTE
1731,3950,690,YIYCGK,2026-04-29 16:48:07+00:00,1450.05,CANCELADA
4792,2410,37,4258A0,2025-09-05 18:39:57+00:00,1378.38,EMBARCADA
3549,1503,888,X6EDJ5,2025-09-20 05:24:33+00:00,7179.9,CONFIRMADA
1695,1390,11,MC36N7,2025-11-03 00:07:42+00:00,3324.71,PENDENTE
3130,1062,212,893I0H,2026-01-21 03:52:17+00:00,7087.72,NO_SHOW
106,3212,114,VA1QPR,2026-05-15 12:29:28+00:00,553.11,PENDENTE
672,1502,979,LM4QOZ,2025-09-06 11:08:31+00:00,1503.97,CONFIRMADA
4115,2488,432,9U7H2S,2026-02-09 03:24:38+00:00,1857.28,CANCELADA
3276,1275,391,B7QXMD,2025-07-30 12:36:52+00:00,5799.52,EMBARCADA
1216,4398,359,0P5LG0,2025-12-24 11:23:57+00:00,2847.34,PENDENTE
2041,3733,833,ME18P1,2026-04-21 03:06:54+00:00,1450.25,CANCELADA
3334,4473,968,HKQG8H,2026-01-29 09:02:29+00:00,7915.54,CONFIRMADA
2880,1124,722,ERMW5H,2026-05-28 16:54:41+00:00,1261.29,EMBARCADA
1396,5000,765,PXF6XM,2025-12-24 14:29:01+00:00,1618.12,CONFIRMADA
1145,2954,973,531CSC,2026-04-06 02:33:17+00:00,1153.51,EMBARCADA
1936,4758,205,D5AINC,2025-08-15 02:47:10+00:00,131.76,EMBARCADA
4582,4679,522,ZJJXKF,2026-01-01 03:39:00+00:00,1685.76,CONFIRMADA
2979,2012,637,1A31BC,2025-07-20 20:56:26+00:00,448.99,CONFIRMADA
4858,293,551,46HBTM,2025-09-02 04:18:09+00:00,3975.2,CONFIRMADA
2472,4780,312,3SXW6Z,2025-11-01 07:02:45+00:00,1743.84,NO_SHOW
4895,1619,685,RETEL7,2025-12-16 01:31:43+00:00,2351.9,NO_SHOW
355,2445,487,C4OJ1X,2025-08-31 05:27:33+00:00,1762.16,CANCELADA
1435,1124,74,I49UVN,2025-08-30 16:27:56+00:00,867.86,NO_SHOW
4040,3776,9,SGIIO2,2026-02-20 08:09:04+00:00,9059.9,EMBARCADA
3558,1371,872,5W1ZIW,2025-11-01 14:07:31+00:00,651.95,CANCELADA
4102,1741,922,GLSQPN,2026-04-22 21:23:20+00:00,76.62,EMBARCADA
3043,3221,743,ZJ4QSO,2025-10-03 14:48:00+00:00,1640.81,NO_SHOW
1480,3277,484,HUXXDX,2025-08-01 17:29:42+00:00,760.76,NO_SHOW
1311,213,804,BWEPMF,2026-05-13 15:27:54+00:00,2261.71,CONFIRMADA
3387,1013,103,TUGYXG,2025-12-20 02:25:17+00:00,547.83,NO_SHOW
1394,4506,847,T2O9Y2,2025-06-03 22:14:36+00:00,6145.63,CONFIRMADA
4418,2915,212,1B9IBT,2025-12-21 23:37:35+00:00,5054.67,PENDENTE
1481,1574,348,KCLECR,2025-09-09 07:06:48+00:00,6230.84,CANCELADA
4842,531,165,3R05H4,2025-12-08 12:11:00+00:00,878.98,EMBARCADA
22,1625,888,Y5ABG8,2026-05-16 19:59:42+00:00,621.03,PENDENTE
4641,811,885,O4W128,2026-05-04 23:50:43+00:00,3218.47,CANCELADA
3551,20,123,597TXB,2025-10-25 20:54:06+00:00,2178.85,EMBARCADA
4637,1795,31,LA8I01,2025-09-24 18:30:49+00:00,1149.13,NO_SHOW
291,3941,638,CNX3T2,2026-05-31 02:06:34+00:00,1913.44,NO_SHOW
4449,2685,261,UXIUAK,2026-02-08 22:52:27+00:00,936.65,PENDENTE
3438,247,886,VVOHD5,2025-06-12 21:36:25+00:00,200.67,EMBARCADA
137,192,610,CQHCET,2025-07-07 19:27:58+00:00,2293.88,EMBARCADA
2890,4363,743,IBL6YU,2025-12-04 07:28:12+00:00,490.22,NO_SHOW
351,859,521,NM85R0,2025-08-12 01:33:00+00:00,120.34,CONFIRMADA
4796,4942,39,LXKD5W,2025-11-04 11:43:38+00:00,1087.0,CONFIRMADA
1020,2254,513,SUYJYT,2025-08-27 02:33:18+00:00,994.3,PENDENTE
3012,1219,609,T4SJG1,2025-11-25 22:36:02+00:00,8012.13,NO_SHOW
2014,3466,93,SA34Q8,2025-06-09 23:02:36+00:00,668.24,CANCELADA
4361,1075,500,YUCGY3,2026-02-28 11:26:12+00:00,2755.76,EMBARCADA
1551,4122,31,36S575,2025-08-08 21:56:28+00:00,1173.86,PENDENTE
206,3686,660,N09IW0,2026-04-22 15:49:20+00:00,160.03,NO_SHOW
3068,2611,560,8MH7SQ,2025-12-02 08:29:38+00:00,1064.56,PENDENTE
444,4099,437,QFRUPE,2026-03-13 17:36:25+00:00,1640.56,CANCELADA
2751,3935,171,6CES3I,2025-09-06 15:44:49+00:00,512.05,PENDENTE
2837,3741,13,AZWTDC,2026-05-07 23:36:57+00:00,159.04,CONFIRMADA
3382,1510,455,2L9BR7,2026-03-21 14:36:22+00:00,3342.42,CANCELADA
2037,1507,833,ZZJQLC,2025-07-08 15:43:50+00:00,803.78,CANCELADA
3609,1999,223,4E3YRX,2026-04-30 19:53:07+00:00,621.42,PENDENTE
756,1874,691,3NR7DP,2026-03-21 00:29:51+00:00,1401.9,CANCELADA
2519,2972,326,EO9S4V,2026-05-19 02:36:35+00:00,5652.11,PENDENTE
655,3760,490,G5PVP2,2026-02-27 09:40:36+00:00,126.56,CANCELADA
4480,140,57,YMR9XK,2025-07-16 01:51:09+00:00,554.41,PENDENTE
537,1131,809,74AU2A,2025-09-05 13:12:40+00:00,11927.8,CONFIRMADA
430,1867,445,Z60NI1,2025-11-21 02:04:16+00:00,4681.49,CONFIRMADA
3509,178,757,SNF2ZK,2025-09-30 13:18:26+00:00,418.45,NO_SHOW
1734,4825,581,ADUEI0,2026-01-12 00:42:18+00:00,1448.47,EMBARCADA
3427,1901,323,CLMMSC,2025-10-10 07:54:44+00:00,183.45,CONFIRMADA
107,4289,82,ELYUYB,2026-01-30 09:50:32+00:00,294.58,CANCELADA
2129,4581,58,7YO521,2025-11-06 06:42:48+00:00,1015.27,EMBARCADA
9,1116,738,VS33EF,2025-11-05 11:41:33+00:00,952.61,PENDENTE
2001,921,498,OHXLMM,2026-02-22 08:14:28+00:00,353.88,PENDENTE
1333,85,393,TAWYG5,2025-08-02 23:23:21+00:00,1098.25,NO_SHOW
926,1218,87,HWQ1GN,2026-04-03 15:42:16+00:00,6522.51,CANCELADA
3473,3036,839,X7NIFG,2025-09-23 15:16:55+00:00,933.13,CONFIRMADA
506,3250,723,GR8P8N,2025-08-30 08:54:54+00:00,2806.98,CONFIRMADA
4599,3786,328,6TCX3T,2025-07-28 05:26:02+00:00,4823.59,CONFIRMADA
1894,2375,938,PNZWRV,2026-03-18 16:22:00+00:00,1325.61,PENDENTE
1612,1627,488,YBN1SX,2026-03-14 18:04:50+00:00,4328.99,CANCELADA
2457,386,30,YTS8EL,2026-03-03 04:21:26+00:00,865.01,CANCELADA
4908,3631,873,OISACW,2025-09-19 15:37:45+00:00,490.79,EMBARCADA
4484,621,251,3TIBDV,2025-09-29 18:12:00+00:00,5526.66,CONFIRMADA
3155,4106,749,ZNWMNG,2026-03-06 07:39:58+00:00,8223.55,PENDENTE
4859,2949,793,GDQTP0,2026-01-31 00:38:26+00:00,684.16,CANCELADA
2056,1583,897,5L4TNI,2026-01-10 08:11:51+00:00,1291.84,CONFIRMADA
4836,4416,890,9UYMJ3,2025-10-25 21:57:16+00:00,3716.48,CONFIRMADA
2712,3474,690,PAK2PZ,2026-01-14 13:26:36+00:00,2798.09,CONFIRMADA
2754,561,640,P81TLB,2025-11-04 12:11:58+00:00,991.81,NO_SHOW
4845,3131,964,Y7FMBX,2026-04-14 18:27:13+00:00,377.17,CANCELADA
3875,3663,475,RARTIR,2026-04-03 06:20:52+00:00,2793.19,NO_SHOW
321,3836,392,TEOPHF,2025-12-06 12:29:58+00:00,6736.66,NO_SHOW
972,3334,440,XM96B7,2025-11-23 13:15:16+00:00,391.57,EMBARCADA
4541,3494,752,V5R5Z4,2026-03-15 04:45:17+00:00,1141.36,CANCELADA
4867,2109,931,1ZUT2L,2026-02-07 05:38:07+00:00,3641.65,PENDENTE
3693,3869,27,OQXQD1,2025-11-16 01:34:05+00:00,4004.51,CONFIRMADA
4069,1086,106,B999U2,2025-07-16 14:02:39+00:00,6320.27,PENDENTE
1172,1741,294,5HZOJM,2026-02-21 10:01:56+00:00,50.28,CANCELADA
3665,4940,16,Y6CNSG,2026-04-20 10:10:48+00:00,1054.89,NO_SHOW
3623,1627,6,3N9WQP,2026-04-13 03:37:05+00:00,2607.83,CONFIRMADA
2587,1505,787,8TDHQT,2025-11-19 18:00:31+00:00,468.42,CANCELADA
1249,4454,786,RWCTFF,2026-04-21 09:08:29+00:00,3924.7,PENDENTE
4582,4925,46,T5RIXQ,2026-05-16 00:15:22+00:00,3041.12,EMBARCADA
1397,1115,254,P7HEMP,2025-07-09 07:25:21+00:00,1086.57,EMBARCADA
1895,2918,609,T6588X,2025-10-25 01:05:50+00:00,8344.72,PENDENTE
3561,3283,126,7FB46C,2025-06-24 01:47:30+00:00,2395.43,NO_SHOW
3822,3046,989,D3O4MQ,2025-08-24 04:23:36+00:00,923.54,PENDENTE
1035,1905,200,F4G9UU,2026-04-08 00:19:56+00:00,820.43,EMBARCADA
2234,4040,616,30188Q,2025-07-18 07:41:29+00:00,1907.03,CONFIRMADA
202,2299,540,DJWJCE,2026-02-14 08:59:08+00:00,485.82,NO_SHOW
298,4672,643,5N3XV0,2026-05-21 05:49:53+00:00,2459.75,PENDENTE
3910,1941,647,ANEW90,2025-10-26 14:33:18+00:00,6884.89,NO_SHOW
3704,572,893,NNS7CW,2026-03-05 16:17:48+00:00,1473.2,EMBARCADA
718,3314,384,F9OO08,2025-08-07 23:31:46+00:00,2984.36,CONFIRMADA
1158,3926,290,46WCAH,2026-03-12 03:14:39+00:00,1755.61,CONFIRMADA
3784,633,571,RFFCRI,2025-07-13 04:55:48+00:00,1852.57,NO_SHOW
828,4371,618,4FTP1S,2026-05-06 16:30:40+00:00,1071.33,CANCELADA
2658,75,768,QAB85J,2026-01-14 09:22:09+00:00,7135.93,CONFIRMADA
3340,82,406,B5XSXU,2025-12-11 05:28:29+00:00,2178.79,CONFIRMADA
2271,3148,253,MZF7W4,2025-07-28 15:10:03+00:00,1224.21,CONFIRMADA
3809,3292,478,9WJXRJ,2025-09-09 14:31:27+00:00,191.35,PENDENTE
1187,2597,257,KTDVXP,2026-03-22 14:27:23+00:00,1026.55,NO_SHOW
490,3144,485,ESCLL2,2025-10-26 12:39:49+00:00,3654.25,NO_SHOW
1328,3690,190,27BCPU,2026-05-24 07:23:05+00:00,3068.66,CONFIRMADA
2159,912,934,DU0UPY,2025-10-31 11:37:05+00:00,1000.54,CONFIRMADA
4947,2931,206,2KVTNY,2025-11-30 01:46:08+00:00,820.88,CANCELADA
3892,3780,844,NOMD4R,2026-02-06 20:50:48+00:00,3330.02,CANCELADA
1778,4397,301,72SLDD,2025-07-17 10:28:49+00:00,2139.84,PENDENTE
3609,4082,914,2PI75F,2026-03-22 05:34:07+00:00,1005.86,CANCELADA
1279,1092,957,N1KEWV,2025-06-09 00:37:51+00:00,480.57,CANCELADA
4203,563,472,FSTUZI,2025-10-28 13:19:10+00:00,3876.84,EMBARCADA
4972,3444,52,UL4ILK,2026-02-24 03:29:49+00:00,6344.75,EMBARCADA
176,4427,879,M2TYUK,2026-01-06 23:54:38+00:00,528.99,NO_SHOW
4092,4945,701,GVRT46,2025-07-12 10:48:07+00:00,238.15,EMBARCADA
352,4056,521,GT54R6,2025-10-20 07:53:13+00:00,1431.28,PENDENTE
1447,2704,131,7N7398,2025-06-25 10:51:37+00:00,4817.3,PENDENTE
3948,1437,934,T1RXNP,2026-03-30 16:48:22+00:00,647.1,CANCELADA
2782,871,521,E4EQT2,2025-12-17 19:11:40+00:00,111.77,PENDENTE
1755,3625,580,5BF4R8,2026-01-31 10:34:37+00:00,1881.02,PENDENTE
2092,3877,150,T8W5SE,2025-07-27 10:17:13+00:00,239.33,EMBARCADA
1095,1347,852,HRRSSR,2026-03-04 18:54:46+00:00,833.37,EMBARCADA
784,936,729,IFB0AD,2025-07-14 07:39:27+00:00,3060.31,CONFIRMADA
631,4818,847,L8Z0EN,2025-11-29 23:13:48+00:00,7152.19,CONFIRMADA
2538,2161,251,LRP7BS,2025-12-20 05:28:21+00:00,556.83,EMBARCADA
4948,1315,425,2RFFFW,2026-04-04 12:59:50+00:00,3476.69,NO_SHOW
4987,2183,693,QS8ZZB,2026-01-30 00:53:14+00:00,703.66,PENDENTE
4175,372,917,DKWLIB,2025-06-10 07:00:46+00:00,207.81,CANCELADA
3819,815,371,AD3V9C,2025-11-22 02:14:30+00:00,992.0,CONFIRMADA
3756,258,15,F5I0VB,2025-06-19 15:57:26+00:00,345.98,PENDENTE
827,3172,780,JER26I,2026-02-07 21:30:28+00:00,2250.15,PENDENTE
62,2372,930,K85C5O,2026-04-29 07:59:01+00:00,341.13,NO_SHOW
4298,4049,115,6V41TZ,2026-05-22 02:35:34+00:00,357.14,CONFIRMADA
2667,1611,391,RBX1H3,2026-01-18 11:03:45+00:00,3242.06,CONFIRMADA
3363,4415,27,1JA9XY,2026-02-26 10:39:28+00:00,1293.28,CONFIRMADA
1686,4538,942,HFK3D6,2026-04-19 08:40:35+00:00,460.16,NO_SHOW
4864,4461,6,QRXOI9,2026-05-24 17:22:05+00:00,2919.35,CANCELADA
3864,3594,112,S2STLK,2025-07-11 22:51:40+00:00,7347.18,CONFIRMADA
3203,1819,19,6A90RG,2025-10-30 11:59:12+00:00,1884.16,PENDENTE
528,697,357,0K901R,2025-06-23 21:58:21+00:00,1143.05,CONFIRMADA
26,3585,948,IV4Q27,2025-09-09 11:31:22+00:00,712.95,NO_SHOW
2391,2689,638,A2WZ22,2026-02-27 04:14:04+00:00,427.56,CONFIRMADA
4786,2900,161,FEAIB3,2026-02-07 03:22:22+00:00,713.67,PENDENTE
931,4395,802,GDDI49,2025-09-18 16:31:16+00:00,1626.59,CANCELADA
4774,3019,88,DG5G2F,2026-05-18 21:39:16+00:00,6546.04,NO_SHOW
2559,4441,166,FLIMRU,2025-10-02 15:55:27+00:00,4199.43,PENDENTE
47,4825,4,60RV6C,2025-12-09 08:47:05+00:00,2385.71,PENDENTE
1102,4186,90,UKNVPO,2025-09-08 17:05:36+00:00,3384.33,EMBARCADA
4740,4531,898,GW767A,2025-11-13 23:10:40+00:00,1404.32,CONFIRMADA
2682,1517,848,SMGKXH,2025-07-08 12:09:15+00:00,7350.4,EMBARCADA
2797,4651,992,URIAOM,2026-04-05 11:46:01+00:00,579.06,CONFIRMADA
3723,3555,769,6N6A47,2026-04-14 11:47:27+00:00,8684.1,PENDENTE
806,2146,650,D39OC4,2025-06-10 16:02:09+00:00,236.31,CANCELADA
426,4863,627,Z9O5PX,2026-01-03 18:29:31+00:00,2831.43,CONFIRMADA
48,2942,713,1W2N2I,2025-08-01 05:54:59+00:00,500.35,NO_SHOW
730,516,574,WQ49QC,2025-12-26 13:03:14+00:00,372.26,NO_SHOW
10,2424,952,KNFWOC,2026-02-01 09:34:15+00:00,760.03,CANCELADA
4506,2327,628,9CEMHQ,2026-04-21 05:08:32+00:00,9047.31,CANCELADA
4863,3946,962,E09XWT,2025-06-06 06:11:13+00:00,555.72,CONFIRMADA
1040,741,891,K5WRSJ,2025-12-23 07:22:43+00:00,335.73,EMBARCADA
1990,1364,656,SQQ13D,2026-02-19 19:28:27+00:00,926.9,EMBARCADA
2446,68,812,17YG66,2026-04-23 14:05:11+00:00,6948.49,EMBARCADA
3294,3865,209,H0MTK1,2025-07-05 00:08:04+00:00,4217.0,PENDENTE
3701,2854,716,YSLM3Z,2025-06-14 11:04:23+00:00,1140.2,NO_SHOW
4642,1717,425,TIC78H,2025-07-27 01:40:58+00:00,3827.75,PENDENTE
2764,3871,190,7YQ61M,2025-11-17 15:36:25+00:00,2043.44,CONFIRMADA
3865,3821,833,4M5U77,2026-01-21 08:57:30+00:00,1209.42,NO_SHOW
1582,1762,13,KFEIV5,2025-08-08 01:14:07+00:00,92.23,EMBARCADA
3117,2254,205,KYD4H6,2026-02-13 21:38:29+00:00,3173.0,CANCELADA
331,4560,245,71V2UG,2025-10-27 18:10:51+00:00,1448.32,NO_SHOW
3323,4366,894,0YW8L1,2026-03-10 11:53:41+00:00,1977.0,NO_SHOW
3915,41,132,PL7X0X,2025-11-10 10:52:17+00:00,3443.97,NO_SHOW
433,143,107,6UM4BM,2026-01-27 18:39:47+00:00,2795.56,PENDENTE
2717,4340,565,AXZ8PB,2026-01-08 08:37:46+00:00,974.38,EMBARCADA
4826,4078,333,5X0KIQ,2025-07-28 10:30:19+00:00,385.9,EMBARCADA
4837,4462,374,16TUNF,2026-01-23 00:23:22+00:00,781.02,PENDENTE
2288,2871,829,7TOR5T,2025-10-15 06:42:36+00:00,10236.65,PENDENTE
3475,1131,314,FTVS5S,2025-06-13 09:26:13+00:00,1066.71,PENDENTE
1627,3331,686,P3V18C,2026-03-20 08:40:03+00:00,5055.21,PENDENTE
3021,2889,627,8WTJL6,2026-04-06 12:06:07+00:00,3232.77,PENDENTE
3277,4384,856,HQ80UJ,2025-09-05 01:12:01+00:00,557.63,PENDENTE
1545,3926,153,1UGJ2V,2026-01-10 18:13:09+00:00,871.1,NO_SHOW
519,4914,647,XS2GXL,2026-02-21 16:03:38+00:00,3354.9,NO_SHOW
404,757,198,75F188,2025-12-27 20:22:30+00:00,1071.45,EMBARCADA
1592,2121,629,KYJSDD,2026-03-28 05:06:55+00:00,8096.39,NO_SHOW
3362,3900,494,UEA1YS,2025-07-29 17:36:04+00:00,513.17,CONFIRMADA
3200,4982,937,1PX87W,2025-06-08 17:39:29+00:00,1780.59,CANCELADA
4513,2383,507,4FDAI5,2026-03-28 18:52:08+00:00,5196.13,CANCELADA
3681,3378,416,P44IAW,2026-05-07 19:28:46+00:00,234.44,PENDENTE
2985,891,899,EB1OE4,2025-06-06 20:35:37+00:00,1580.17,NO_SHOW
1235,4246,13,2LAEQT,2025-08-13 12:05:45+00:00,1057.07,NO_SHOW
1493,2123,470,BITPZP,2025-12-24 06:50:43+00:00,3265.97,EMBARCADA
4511,2250,84,RO6NTN,2025-10-02 08:49:55+00:00,2304.1,EMBARCADA
1761,3380,671,BYIPWM,2025-09-25 16:50:54+00:00,3617.57,PENDENTE
2352,2571,354,LEKTEN,2025-09-03 15:31:06+00:00,2359.82,EMBARCADA
3592,4371,396,2FUEBR,2025-07-02 06:14:27+00:00,707.48,CONFIRMADA
3063,1349,330,AQCUHT,2026-04-05 22:31:47+00:00,2163.82,NO_SHOW
681,2654,654,8DCCPJ,2026-02-24 03:03:33+00:00,1552.68,EMBARCADA
4370,3668,335,U6CCD0,2025-09-04 03:15:19+00:00,2438.87,EMBARCADA
3905,1362,787,148VO3,2026-03-19 10:39:35+00:00,7709.02,CANCELADA
418,1857,814,MIXJHC,2025-07-24 00:03:07+00:00,1737.56,NO_SHOW
4644,4229,80,BF9X0D,2025-06-19 18:05:39+00:00,1591.45,NO_SHOW
1329,2714,493,M37XTV,2025-09-26 16:24:21+00:00,1007.33,CONFIRMADA
4258,3258,70,H3V6IN,2026-05-14 03:40:33+00:00,3567.44,CANCELADA
3494,1267,425,NAEQEE,2025-12-02 04:19:17+00:00,2556.74,NO_SHOW
838,871,804,FBWUOI,2026-02-10 05:55:01+00:00,243.05,CANCELADA
1520,370,707,8AHDX2,2025-07-11 05:01:18+00:00,2679.84,NO_SHOW
3428,2141,829,KAQJRD,2025-08-19 23:54:21+00:00,1908.13,EMBARCADA
898,4960,59,YIMICE,2026-03-22 16:56:09+00:00,2089.27,CONFIRMADA
475,1154,439,6T187W,2026-05-30 06:27:18+00:00,1754.76,PENDENTE
522,3147,860,NFHPNK,2026-03-15 02:00:02+00:00,1612.15,CONFIRMADA
1159,1458,559,O6QHDC,2025-08-10 17:31:05+00:00,2465.85,EMBARCADA
3827,4072,576,K6VKTX,2025-09-20 04:41:13+00:00,1529.55,CONFIRMADA
4445,1248,513,V4XHDQ,2026-05-31 18:52:51+00:00,311.53,CONFIRMADA
4803,2208,119,XGSW61,2025-08-31 11:18:10+00:00,2910.55,PENDENTE
1292,1867,693,YQBITP,2026-01-22 15:55:19+00:00,1537.55,PENDENTE
765,1272,889,6MHK4A,2025-08-31 13:37:28+00:00,9951.04,EMBARCADA
2373,3088,919,TF318Y,2026-03-17 23:31:50+00:00,1136.65,PENDENTE
4384,1049,398,1XC2HK,2025-11-04 15:06:37+00:00,2168.14,CANCELADA
3476,143,744,UGLIVL,2025-09-04 04:39:57+00:00,1366.52,EMBARCADA
2979,2395,31,L19MPN,2025-11-08 07:15:57+00:00,3796.89,EMBARCADA
1640,4784,71,PCRA0O,2025-09-28 16:33:28+00:00,4108.27,CONFIRMADA
2690,2485,962,03F1HI,2025-12-03 12:26:33+00:00,354.28,CONFIRMADA
3051,4975,611,J2RXTI,2025-11-19 19:39:18+00:00,5333.36,PENDENTE
4303,2774,783,0AYPI7,2026-04-03 12:47:34+00:00,1220.11,EMBARCADA
4398,1766,228,H6VVNA,2026-01-13 02:15:25+00:00,8435.19,CANCELADA
4444,2982,299,7SQAVG,2025-07-28 14:31:43+00:00,1850.92,CANCELADA
437,3849,204,4Z05OU,2025-11-25 18:10:06+00:00,3661.1,CANCELADA
253,246,311,P0H6SW,2025-06-11 01:12:04+00:00,1277.36,NO_SHOW
1248,1659,283,XI5T9I,2026-03-21 19:45:07+00:00,2048.42,CANCELADA
2460,673,407,IE1E5S,2025-11-05 12:38:30+00:00,1542.88,NO_SHOW
4427,3497,209,UOVEKR,2025-06-22 19:24:28+00:00,5307.88,EMBARCADA
3655,2903,768,D64XQH,2026-04-11 20:38:36+00:00,4434.77,CONFIRMADA
3272,1543,34,XDK65Q,2025-09-12 01:52:20+00:00,719.66,CONFIRMADA
4920,3847,496,PH5S8D,2026-03-18 08:30:13+00:00,1489.9,CANCELADA
3709,4781,972,I7OQG2,2025-07-25 16:52:12+00:00,8125.9,CANCELADA
3967,3167,533,S5D2JY,2026-02-08 00:59:55+00:00,102.72,PENDENTE
2319,742,36,FQT2CX,2025-10-16 18:15:11+00:00,1348.4,NO_SHOW
1173,4447,169,OT1Q3E,2025-10-30 19:16:10+00:00,682.9,CANCELADA
4312,3384,830,GI2AM5,2025-06-29 02:18:53+00:00,2135.87,PENDENTE
1420,2401,637,CA3BRM,2025-08-06 19:44:28+00:00,453.92,PENDENTE
4648,484,931,B5AB0S,2025-06-12 05:49:45+00:00,3276.23,CANCELADA
919,4400,560,TGO8T3,2025-09-17 12:53:56+00:00,1583.08,NO_SHOW
3120,3186,848,GC8BI6,2026-05-23 11:12:11+00:00,10135.12,PENDENTE
589,248,296,OZ6AF9,2025-12-13 00:06:09+00:00,1578.5,PENDENTE
4321,2387,64,QT2OEB,2025-07-08 22:49:08+00:00,2415.23,EMBARCADA
1605,390,549,3KK6OD,2025-11-28 08:41:09+00:00,6295.73,CANCELADA
2526,1506,632,2NLUYC,2025-11-14 11:30:07+00:00,1406.61,NO_SHOW
3239,1132,186,GV4YH3,2026-01-18 02:00:34+00:00,5930.96,NO_SHOW
2594,2357,24,N7SWRG,2025-11-21 02:06:58+00:00,650.75,NO_SHOW
881,4237,376,SWZNYM,2026-04-12 15:22:17+00:00,1190.63,PENDENTE
2126,4154,602,F6K9TE,2026-04-27 12:23:50+00:00,1813.11,NO_SHOW
217,3151,879,XIEQOE,2025-06-14 07:15:44+00:00,213.86,CONFIRMADA
1296,2231,497,IT1VG2,2025-08-21 04:30:36+00:00,1281.03,PENDENTE
3263,251,951,1VM3LW,2025-08-28 01:37:28+00:00,3961.82,PENDENTE
2411,4739,849,L3XJLA,2026-03-22 01:54:15+00:00,6724.41,EMBARCADA
436,4995,147,43X2C3,2026-03-22 07:11:50+00:00,6307.75,CANCELADA
1765,1082,7,T25DIZ,2026-01-26 12:05:15+00:00,6916.83,EMBARCADA
4692,2300,784,26BEAP,2025-09-27 02:27:09+00:00,1305.05,CONFIRMADA
3689,2810,188,6ZC9EX,2026-05-31 00:59:29+00:00,2553.08,NO_SHOW
2411,4242,837,NDXR03,2025-09-10 09:31:53+00:00,1772.58,CONFIRMADA
2741,44,294,29KIGK,2025-10-12 17:20:04+00:00,1524.57,CONFIRMADA
4897,1508,925,IA53YB,2025-09-27 20:10:03+00:00,504.41,CONFIRMADA
4020,766,577,4THB42,2025-06-21 07:55:34+00:00,1458.94,CONFIRMADA
4562,4265,540,GXN1RY,2025-08-04 09:58:11+00:00,1306.11,CANCELADA
93,4541,923,D3O4CF,2026-05-10 01:08:40+00:00,2271.23,CANCELADA
373,1666,860,1R1T0Y,2025-08-23 19:59:21+00:00,2061.03,CANCELADA
4958,4300,41,Z25I6B,2025-12-06 04:41:13+00:00,1937.24,EMBARCADA
1519,62,230,CDL844,2025-08-03 03:21:29+00:00,836.05,CANCELADA
1459,1421,969,4OPNNW,2026-02-17 22:13:14+00:00,8893.03,EMBARCADA
4316,3974,742,4TFTUI,2025-08-16 05:52:35+00:00,1887.16,EMBARCADA
1836,4868,340,TN8R09,2026-04-06 13:57:32+00:00,1212.93,PENDENTE
237,2363,751,BU27E5,2026-01-16 05:37:11+00:00,1082.2,NO_SHOW
4597,1525,809,QZ2KVS,2026-04-15 19:59:10+00:00,2177.0,PENDENTE
3157,1418,796,6BSTV8,2025-11-27 01:49:51+00:00,1349.97,PENDENTE
269,4498,106,2Y6T76,2025-08-02 14:00:31+00:00,3367.18,CANCELADA
3909,4265,572,EKEXNS,2026-05-05 03:31:14+00:00,5281.25,NO_SHOW
4969,374,779,WZDTBF,2026-04-07 14:49:45+00:00,1962.41,EMBARCADA
3024,794,635,WAGJKK,2026-02-27 02:48:21+00:00,1782.11,EMBARCADA
3699,3506,295,VTWT48,2025-12-28 07:41:50+00:00,3971.05,EMBARCADA
4371,1963,78,ZVYZSK,2025-07-22 17:17:22+00:00,1716.99,NO_SHOW
3380,3682,979,ZKJCGZ,2025-07-01 23:30:33+00:00,1482.82,CONFIRMADA
2964,374,885,NSH49V,2026-02-14 00:08:50+00:00,4971.45,PENDENTE
4667,1504,96,B7VN7A,2025-12-29 19:54:20+00:00,128.47,NO_SHOW
3796,2093,731,FI2YBV,2025-06-08 21:52:40+00:00,987.28,EMBARCADA
150,4162,871,B3XI7S,2025-07-11 11:34:46+00:00,266.13,EMBARCADA
1552,796,903,0UE0LN,2026-01-24 06:45:01+00:00,1277.6,CANCELADA
3580,4781,525,1HY9I3,2026-05-31 17:20:53+00:00,4533.86,EMBARCADA
3227,3882,553,167K3P,2025-09-11 10:01:45+00:00,1081.88,NO_SHOW
1861,1592,221,5M0BUT,2025-08-02 15:01:35+00:00,678.6,NO_SHOW
1460,1622,459,D1LNV1,2026-01-05 12:32:35+00:00,2426.4,EMBARCADA
3598,749,938,3CJFL7,2026-01-31 20:20:55+00:00,1524.86,EMBARCADA
4924,1863,264,A7Q4VN,2026-04-12 19:04:32+00:00,472.95,CANCELADA
3530,3636,942,4BDQF2,2025-12-02 04:33:20+00:00,1978.63,CANCELADA
2299,459,139,6PNMR3,2026-04-20 13:44:47+00:00,646.51,NO_SHOW
232,2485,364,0E77OW,2025-12-27 17:52:24+00:00,657.95,EMBARCADA
3287,2678,725,HF8W6E,2025-08-09 11:09:42+00:00,4115.13,EMBARCADA
4311,3106,793,K1JYLV,2025-11-17 18:28:08+00:00,693.11,NO_SHOW
2471,4196,265,NIDU5Z,2025-08-30 02:33:04+00:00,423.81,PENDENTE
76,3592,913,TKEV2A,2026-01-05 08:43:06+00:00,153.16,NO_SHOW
4586,1477,215,97K7K3,2025-07-17 14:30:19+00:00,4478.66,NO_SHOW
3370,2179,419,APKCYV,2026-03-12 19:26:28+00:00,2514.09,CANCELADA
491,2356,19,K1A38F,2025-10-25 15:28:33+00:00,1939.72,PENDENTE
2620,904,464,1QMRCK,2026-04-18 05:25:08+00:00,1307.84,CONFIRMADA
1315,2174,17,NBID90,2025-08-02 15:44:14+00:00,1415.73,NO_SHOW
2603,127,602,0QN9MJ,2025-07-26 17:51:11+00:00,2023.27,PENDENTE
230,3709,27,3ZZ463,2026-04-11 02:41:59+00:00,5019.23,NO_SHOW
3012,3661,797,SLR91U,2026-03-06 18:01:26+00:00,1123.06,CONFIRMADA
4378,2216,510,KK1K6T,2025-12-20 17:30:44+00:00,181.95,PENDENTE
4452,2214,972,G66M6L,2026-04-10 23:40:23+00:00,4233.44,CANCELADA
982,721,65,N1LWWB,2026-01-04 03:49:46+00:00,944.06,NO_SHOW
415,2690,819,6MZELG,2025-08-04 14:12:51+00:00,337.48,NO_SHOW
3020,3294,287,4VCQWK,2026-04-22 05:30:20+00:00,1689.38,PENDENTE
4224,2776,510,X3W3UY,2025-06-05 00:13:45+00:00,943.37,PENDENTE
655,4348,14,WBZS8L,2025-09-18 19:15:49+00:00,577.29,CONFIRMADA
1375,4480,275,S8Q83X,2026-02-09 15:03:53+00:00,1692.06,EMBARCADA
4307,2785,547,VBGWKJ,2026-01-26 23:00:44+00:00,6943.9,NO_SHOW
4119,3294,357,624IM8,2025-12-02 18:39:59+00:00,350.31,CONFIRMADA
3975,887,799,6K9VS1,2025-12-07 15:17:48+00:00,1544.6,PENDENTE
821,1957,78,EXH8C3,2025-11-03 16:09:48+00:00,678.35,PENDENTE
4513,4445,446,MEEJL1,2025-08-21 09:41:33+00:00,3327.67,NO_SHOW
4408,3591,631,3ALHZZ,2025-12-14 14:50:21+00:00,327.7,EMBARCADA
179,1368,76,FMGE47,2025-06-23 17:01:09+00:00,622.78,PENDENTE
2031,3284,78,EBWSO1,2025-07-21 00:59:04+00:00,1120.88,CANCELADA
3158,3301,815,3K82WV,2025-08-30 05:47:46+00:00,1741.84,PENDENTE
2996,2076,337,7GH3YM,2025-11-07 10:59:56+00:00,405.0,PENDENTE
375,444,951,2KEM36,2026-03-31 00:37:28+00:00,1899.67,CONFIRMADA
3317,676,546,P2FF0Z,2026-04-23 10:28:07+00:00,5119.64,NO_SHOW
855,4890,700,3GKPMO,2025-12-22 07:34:02+00:00,710.83,CONFIRMADA
4520,2669,570,YYRMR1,2025-09-11 02:35:26+00:00,2349.59,PENDENTE
235,4535,588,89PVBK,2026-03-19 17:40:43+00:00,8119.65,EMBARCADA
1475,1477,987,775L32,2026-03-27 23:26:07+00:00,7611.4,CANCELADA
1569,3874,943,9XZY7I,2025-11-12 17:04:30+00:00,1743.02,NO_SHOW
4362,2266,524,ZUYKC5,2025-10-26 21:33:25+00:00,2200.77,NO_SHOW
4774,524,368,QF6DMA,2026-02-17 10:21:43+00:00,2447.3,CANCELADA
2440,211,660,SZKI9R,2026-02-16 23:27:14+00:00,989.81,CANCELADA
2847,3748,151,AQ8SJE,2026-03-06 05:23:13+00:00,159.0,CANCELADA
4590,2463,129,QVMKHB,2025-12-19 23:10:59+00:00,1002.46,NO_SHOW
3766,3219,725,UOF3OO,2026-04-05 09:18:30+00:00,4420.31,EMBARCADA
3546,3101,757,QFS40G,2026-03-19 07:03:00+00:00,1480.92,EMBARCADA
1292,2578,311,1ABBFF,2026-03-04 20:04:03+00:00,2245.92,EMBARCADA
1885,1636,821,T8GI4F,2025-09-19 19:55:00+00:00,308.81,NO_SHOW
1840,1752,295,BE2JQY,2025-07-17 19:04:18+00:00,2019.27,CONFIRMADA
4320,2322,526,WTSDWY,2025-06-26 10:42:44+00:00,5204.84,CANCELADA
1328,1624,712,RJ80MH,2025-11-04 05:08:13+00:00,1783.97,PENDENTE
3704,229,158,TLAID4,2026-01-31 04:42:10+00:00,976.3,NO_SHOW
2388,2722,928,CJM4KC,2025-07-25 04:32:22+00:00,1789.3,PENDENTE
3171,1981,341,JDBLIT,2025-08-08 15:13:43+00:00,1835.94,CONFIRMADA
1003,1036,609,QD5KFT,2025-11-28 02:20:15+00:00,8804.2,NO_SHOW
2704,223,610,6APON9,2025-10-30 03:34:39+00:00,1638.28,EMBARCADA
3251,1622,224,YHRH1M,2026-05-24 15:10:42+00:00,3306.78,CONFIRMADA
3585,372,185,BKR4EA,2025-09-10 23:42:01+00:00,615.33,PENDENTE
4893,362,960,QG6J6F,2025-07-07 14:38:07+00:00,1797.35,PENDENTE
2844,3492,381,SQWIIF,2026-01-13 07:28:58+00:00,1742.95,EMBARCADA
1280,715,720,KOP8NJ,2026-05-26 22:06:50+00:00,605.07,EMBARCADA
3506,994,978,NH6SL8,2026-03-17 08:53:23+00:00,1186.74,PENDENTE
2449,1331,573,J4DA20,2026-01-08 05:45:21+00:00,81.05,CANCELADA
2467,2386,131,G4KBCG,2025-07-08 01:49:42+00:00,2076.12,EMBARCADA
4142,3931,640,LJ4W7F,2026-06-02 21:02:22+00:00,1095.19,EMBARCADA
91,3478,638,7RO935,2025-07-15 06:03:07+00:00,821.17,EMBARCADA
2362,2454,799,CQ5XZ9,2026-01-10 15:03:51+00:00,186.53,CONFIRMADA
3617,4197,854,V7LTIX,2026-05-04 12:40:00+00:00,2279.78,CANCELADA
4575,3166,837,G37WRQ,2026-05-20 13:40:34+00:00,458.65,NO_SHOW
2977,4019,941,YYJ4NZ,2025-06-26 03:33:30+00:00,1034.45,EMBARCADA
4905,4223,544,QN5QJN,2025-12-30 00:09:34+00:00,3265.71,NO_SHOW
2358,1335,600,ZGP6D3,2025-11-22 09:32:46+00:00,1797.39,CONFIRMADA
4695,585,295,I0CXUW,2025-12-23 08:08:40+00:00,3469.94,NO_SHOW
321,2638,262,FDESMK,2025-07-18 05:10:56+00:00,362.13,NO_SHOW
1658,115,509,0OXLOR,2026-02-20 08:06:16+00:00,598.81,NO_SHOW
4728,3626,24,143VKV,2025-08-28 22:31:21+00:00,1398.13,NO_SHOW
565,3305,275,WFZY7X,2025-11-21 10:42:45+00:00,1084.64,CONFIRMADA
2512,2257,441,H8DIYL,2026-05-11 21:46:39+00:00,2151.77,EMBARCADA
837,653,225,XQFYMW,2026-02-21 21:48:44+00:00,3492.83,PENDENTE
3963,282,278,5I9B8R,2025-07-15 07:42:40+00:00,2414.31,EMBARCADA
1101,1959,383,A1INM5,2025-11-04 08:22:47+00:00,244.41,PENDENTE
2744,3747,350,OQD46V,2025-06-09 01:38:31+00:00,1632.67,CANCELADA
4473,2642,582,P3PYEV,2026-01-11 15:41:20+00:00,972.38,EMBARCADA
4979,3938,41,0RH15Y,2025-12-06 04:05:28+00:00,1838.41,CONFIRMADA
4659,3206,90,UKX91Z,2026-03-13 09:22:19+00:00,2937.13,CONFIRMADA
4480,3146,688,9SLNM3,2025-08-31 13:15:27+00:00,7267.05,CANCELADA
4457,896,642,ZNRMA5,2026-03-14 05:45:17+00:00,1378.69,NO_SHOW
148,3086,974,51VQ0J,2025-06-18 17:13:33+00:00,1210.47,EMBARCADA
1297,4257,694,O4YBXX,2025-10-24 22:32:05+00:00,1076.13,CANCELADA
3103,2218,933,LRAXM8,2025-07-19 07:06:30+00:00,72.75,EMBARCADA
479,1509,240,5YB8PJ,2025-07-02 02:25:41+00:00,1838.15,PENDENTE
3712,3700,611,9N7B72,2025-10-01 12:29:23+00:00,1042.32,NO_SHOW
401,4913,553,S72Y5T,2026-01-18 19:29:30+00:00,1868.28,CANCELADA
4220,14,531,2YPTDZ,2025-10-29 10:22:54+00:00,1621.65,EMBARCADA
3211,4540,662,I4PIZD,2026-05-22 18:59:29+00:00,1910.35,CONFIRMADA
199,2443,186,T30O7X,2025-06-06 17:18:50+00:00,3761.24,CONFIRMADA
4165,813,919,QEEHR2,2026-04-29 15:55:08+00:00,1635.93,NO_SHOW
500,2381,313,SB6RUP,2025-12-02 02:09:00+00:00,567.79,PENDENTE
522,2013,878,NAPPRW,2025-12-19 06:15:53+00:00,1801.98,EMBARCADA
1674,1836,431,7F8H1L,2025-08-21 19:01:57+00:00,639.38,PENDENTE
584,1965,865,GZ1J4W,2025-11-12 02:16:58+00:00,4288.68,EMBARCADA
677,3143,431,RA9R4S,2026-02-14 18:36:00+00:00,1418.39,PENDENTE
897,661,969,F4OG7V,2025-06-29 08:53:21+00:00,1553.7,NO_SHOW
3052,2300,646,ZBHINB,2026-05-02 03:02:57+00:00,2107.53,CONFIRMADA
2193,2187,342,TDNN4S,2025-12-27 11:38:08+00:00,731.84,EMBARCADA
1385,2785,170,767ZXO,2025-10-04 03:24:31+00:00,3926.9,CANCELADA
2059,4986,692,GP2BYK,2026-01-17 07:29:33+00:00,5184.31,PENDENTE
2643,4269,785,N3HQ33,2025-10-06 22:09:11+00:00,3536.08,CANCELADA
829,474,668,WB3DL2,2026-01-09 03:24:08+00:00,1904.23,CONFIRMADA
973,3782,632,F7K8UN,2026-05-16 16:23:33+00:00,7812.76,CANCELADA
4560,2443,579,6Y2XKU,2025-11-24 15:35:17+00:00,1388.76,EMBARCADA
4496,2993,948,ZA68GT,2026-03-08 02:25:44+00:00,6985.46,CONFIRMADA
294,319,861,5VA0O3,2026-04-02 22:46:53+00:00,2020.53,CONFIRMADA
812,4851,717,S1ISLU,2025-12-14 21:20:34+00:00,1637.94,CONFIRMADA
2462,212,189,0LTG18,2026-03-25 22:04:58+00:00,4554.54,NO_SHOW
2146,971,793,OE50YT,2025-08-11 21:02:44+00:00,1024.18,EMBARCADA
2059,3529,188,OSFBIT,2025-07-11 03:35:48+00:00,8518.35,EMBARCADA
2252,1418,588,YI2174,2025-09-10 18:32:51+00:00,9564.17,CONFIRMADA
3607,2318,248,N3KW6R,2026-04-15 20:33:37+00:00,8640.47,NO_SHOW
2201,3686,347,LTD2OI,2025-07-14 20:46:08+00:00,556.29,NO_SHOW
4993,3119,27,7F4G7A,2025-07-30 15:30:31+00:00,4966.16,PENDENTE
3159,2282,79,TY16JG,2025-12-06 01:10:08+00:00,1941.82,CANCELADA
3960,429,184,GNYUSQ,2025-10-01 18:53:57+00:00,4068.79,CONFIRMADA
1156,3926,957,L521O9,2026-01-23 03:13:41+00:00,1045.32,CANCELADA
1770,4684,758,978PHX,2025-07-31 20:48:21+00:00,415.35,CONFIRMADA
4041,3145,175,O3LXOQ,2025-10-19 14:45:32+00:00,2564.98,NO_SHOW
729,220,464,R6U6SZ,2026-03-05 05:05:42+00:00,2881.58,CONFIRMADA
3405,2786,376,V1HJFD,2026-04-13 22:21:12+00:00,336.67,EMBARCADA
2437,4233,518,99K9JV,2025-11-26 18:35:32+00:00,946.33,PENDENTE
3734,2051,503,RLMGQQ,2025-07-20 11:22:04+00:00,1566.9,CANCELADA
2642,2110,656,9QMJHR,2025-09-17 12:05:44+00:00,169.82,NO_SHOW
3291,4845,157,6AG1B4,2025-12-28 02:10:32+00:00,930.92,CONFIRMADA
1882,1421,782,OCXBKG,2026-04-03 02:50:05+00:00,2045.73,NO_SHOW
929,82,281,GXOBXE,2026-05-09 10:03:56+00:00,1042.03,NO_SHOW
2161,3769,932,SPHBZD,2025-08-31 18:37:10+00:00,3721.16,CANCELADA
921,3138,261,0KXKDL,2026-05-11 01:50:38+00:00,1549.32,CANCELADA
3330,1013,794,1FWQBF,2025-06-11 00:31:30+00:00,333.91,NO_SHOW
3120,3251,97,PJWNZX,2025-10-11 08:29:07+00:00,1318.12,CONFIRMADA
725,4575,694,6S6XPK,2026-04-17 12:33:37+00:00,364.09,CANCELADA
3095,2690,64,53OF0G,2026-03-20 11:32:32+00:00,629.13,CONFIRMADA
3088,2874,251,IBDRNC,2026-06-02 05:03:31+00:00,2794.97,CONFIRMADA
3137,2867,357,7A8B4K,2025-06-18 10:13:15+00:00,944.55,NO_SHOW
1183,1948,974,S1HP9C,2026-05-05 04:35:38+00:00,502.64,EMBARCADA
3192,2453,79,BAAGSS,2026-03-09 00:45:46+00:00,988.72,CANCELADA
2271,1224,836,Z6JS5Y,2025-09-15 11:14:20+00:00,1667.36,NO_SHOW
4270,4266,972,GSWNTP,2026-04-29 10:00:56+00:00,401.2,PENDENTE
4266,2834,892,D6SJ6H,2026-05-13 09:03:09+00:00,1152.13,CONFIRMADA
3336,4439,47,ZTVTSE,2025-09-15 10:47:55+00:00,289.46,EMBARCADA
4334,2834,387,4KTSM1,2025-10-15 11:19:31+00:00,1058.52,CONFIRMADA
702,1879,536,KEIV3Q,2026-03-24 04:08:27+00:00,1165.76,PENDENTE
4807,2105,427,653R5F,2026-03-02 06:55:54+00:00,1484.81,CANCELADA
3945,85,111,B14CTY,2025-11-10 03:37:41+00:00,4315.92,NO_SHOW
3215,3254,995,64JTFF,2025-11-06 06:40:46+00:00,1860.84,CANCELADA
1064,3497,15,8TMMRC,2026-05-30 17:54:11+00:00,1974.01,NO_SHOW
4416,4193,284,FQNIBK,2025-12-10 01:36:20+00:00,2603.66,CANCELADA
1241,4357,204,RVL7HC,2026-05-30 13:51:23+00:00,2352.06,NO_SHOW
3589,3016,556,7O22E5,2026-04-09 00:09:40+00:00,1715.73,NO_SHOW
3328,2400,510,I0F2UF,2026-05-18 20:19:01+00:00,1173.51,CANCELADA
1783,1101,146,06OOF3,2025-09-07 09:13:18+00:00,1230.0,CANCELADA
1473,2467,620,BCLKQ8,2026-01-26 08:04:53+00:00,190.9,EMBARCADA
883,657,578,XFI5EA,2025-10-02 16:50:11+00:00,2096.28,CONFIRMADA
1975,2772,522,V7XI0G,2026-02-10 20:32:07+00:00,2113.58,CANCELADA
712,3924,423,4ME6X2,2025-07-06 13:52:13+00:00,2841.55,PENDENTE
2764,4614,961,056FMP,2026-05-15 14:23:50+00:00,198.75,CONFIRMADA
4453,4617,649,GVQFVV,2026-05-05 14:35:17+00:00,7982.65,NO_SHOW
2819,2784,148,OFTODO,2026-03-20 05:19:37+00:00,1232.19,CONFIRMADA
1206,565,338,KWIYL1,2026-01-26 05:20:52+00:00,162.1,CONFIRMADA
912,2186,38,G0IY0W,2025-12-07 08:51:32+00:00,1566.21,CANCELADA
3248,3279,751,2Y5PEJ,2025-12-11 20:57:20+00:00,1374.8,CONFIRMADA
1158,1286,285,T57KMQ,2025-06-08 17:28:52+00:00,643.42,CANCELADA
1394,4025,105,5U5D0S,2025-08-30 10:27:51+00:00,3039.9,CANCELADA
3353,3057,1000,X5044R,2025-06-30 01:16:43+00:00,1111.19,PENDENTE
2708,804,513,R4IKGR,2025-07-24 06:07:21+00:00,1225.65,NO_SHOW
2212,2365,837,8PKQK3,2025-12-06 15:14:44+00:00,1721.09,CANCELADA
4612,3200,95,GY9G9T,2025-07-28 07:52:44+00:00,3439.18,CONFIRMADA
94,3543,415,FJYQQW,2025-12-04 05:51:07+00:00,4342.36,NO_SHOW
3589,1753,915,7QNIM3,2025-07-09 12:06:45+00:00,4365.42,CONFIRMADA
4004,22,734,CORI1S,2025-06-23 03:16:40+00:00,815.99,CONFIRMADA
4063,2017,269,YJQTR3,2026-04-26 04:38:55+00:00,6160.07,EMBARCADA
2287,3542,871,GB2KB6,2025-11-12 02:39:13+00:00,837.01,CONFIRMADA
3132,4549,417,UHYGRE,2025-12-09 03:54:24+00:00,1040.67,NO_SHOW
2127,879,621,DCUVT7,2026-01-21 06:27:38+00:00,1187.71,EMBARCADA
2099,97,261,6VE68O,2026-04-07 14:13:50+00:00,1012.13,NO_SHOW
1302,4656,862,T6VPCS,2025-10-15 10:17:03+00:00,265.33,CANCELADA
4582,2113,586,0HWWH9,2025-07-11 10:10:31+00:00,3373.4,PENDENTE
3427,1152,739,JHVD5H,2026-03-25 03:08:54+00:00,759.7,PENDENTE
69,4846,734,5HR8HD,2025-12-02 23:39:59+00:00,768.59,PENDENTE
607,3210,393,MJQY18,2026-01-04 00:36:21+00:00,979.08,CONFIRMADA
4560,4768,723,W0BGIT,2025-12-12 03:41:34+00:00,735.6,PENDENTE
4734,481,872,INVZTP,2025-07-21 05:38:41+00:00,5348.84,EMBARCADA
3553,2064,825,L1YFXB,2026-04-15 16:08:27+00:00,4295.4,CANCELADA
3329,1912,901,YD45P9,2025-07-30 13:38:00+00:00,711.76,PENDENTE
546,4424,229,DLIVK0,2026-05-26 16:18:44+00:00,1450.8,NO_SHOW
1754,4163,292,AKKJ2B,2025-10-18 22:06:37+00:00,2872.12,PENDENTE
4908,2936,131,IKUW9G,2025-12-23 02:20:58+00:00,503.93,PENDENTE
921,209,881,L8XKM7,2026-05-22 23:17:01+00:00,508.03,EMBARCADA
1273,4700,445,G1NTY7,2025-06-09 04:38:53+00:00,4880.46,CANCELADA
1278,3740,299,BWBF84,2025-07-07 19:45:18+00:00,237.44,CONFIRMADA
1768,2029,383,O5LQTW,2025-06-16 18:33:17+00:00,548.77,NO_SHOW
1589,3327,593,XBEM5L,2025-06-23 20:19:25+00:00,355.06,CONFIRMADA
4612,4556,975,M6OLNU,2025-11-27 13:30:58+00:00,374.6,NO_SHOW
4209,996,291,47MCWV,2026-01-10 19:03:51+00:00,4205.92,PENDENTE
4250,2018,949,Z1W0GM,2025-07-14 05:23:10+00:00,962.85,EMBARCADA
2027,3591,607,4UGB21,2026-05-04 15:39:12+00:00,421.95,PENDENTE
3889,1476,242,8M85BN,2025-09-27 00:30:23+00:00,722.55,NO_SHOW
2544,3306,720,6JD9YR,2025-10-25 18:01:01+00:00,429.2,PENDENTE
1763,2095,185,OFTCM0,2025-10-31 18:39:23+00:00,2381.55,PENDENTE
3276,1184,305,AH9F7W,2025-10-29 06:02:50+00:00,3190.36,PENDENTE
769,34,774,GC56K9,2025-11-22 15:13:40+00:00,1418.16,CANCELADA
1131,4469,298,UNXLW8,2026-04-20 13:54:31+00:00,189.35,PENDENTE
2267,4245,536,SLM6B6,2025-10-28 14:39:19+00:00,557.89,EMBARCADA
2668,758,903,91ATN1,2025-12-17 21:58:29+00:00,3422.7,EMBARCADA
4137,2695,381,OYJ6AZ,2025-09-18 01:52:59+00:00,221.66,NO_SHOW
76,2252,310,36FANL,2026-03-22 18:16:37+00:00,2985.72,EMBARCADA
2377,4994,671,LHA9YB,2026-04-10 10:20:48+00:00,1583.01,CANCELADA
4711,4071,831,4UX8BV,2025-10-21 19:39:45+00:00,3791.05,CONFIRMADA
3873,2583,983,GB51R5,2026-03-28 13:40:48+00:00,2435.51,PENDENTE
1692,2349,638,878OR4,2026-05-20 01:16:31+00:00,2167.75,EMBARCADA
4523,2657,477,JUUW4K,2025-09-03 15:29:20+00:00,175.08,CONFIRMADA
2787,616,992,6FBRAE,2026-01-04 22:58:32+00:00,473.99,EMBARCADA
2878,459,590,L2VDWF,2025-07-12 11:26:49+00:00,888.34,CANCELADA
3083,934,450,ICZD03,2025-07-13 19:22:08+00:00,1274.13,CONFIRMADA
1081,785,1,2CWKY6,2025-10-23 09:45:02+00:00,142.54,CANCELADA
1122,797,604,77MYT7,2026-01-14 18:08:40+00:00,2224.04,EMBARCADA
4281,3426,552,NYGK8F,2025-10-19 01:27:55+00:00,1441.84,CONFIRMADA
1533,3044,820,LKIM65,2026-02-23 15:53:44+00:00,1854.24,NO_SHOW
876,484,332,6DRN0C,2025-11-24 11:23:16+00:00,4793.79,CONFIRMADA
655,1693,254,RP7JIV,2026-03-28 18:35:44+00:00,710.65,NO_SHOW
132,2646,153,HS2HGF,2025-11-18 10:07:22+00:00,1078.86,NO_SHOW
2170,784,743,A2I6OC,2026-05-18 21:17:28+00:00,698.07,CONFIRMADA
1085,2557,782,JYC0SL,2025-11-23 23:56:41+00:00,1001.2,NO_SHOW
101,1632,584,JF6Q4G,2025-08-03 02:08:24+00:00,1937.03,NO_SHOW
3403,4633,748,K26FWJ,2025-07-11 18:52:07+00:00,6455.55,CANCELADA
2535,4271,146,QZMWFS,2025-06-20 21:06:39+00:00,3418.05,PENDENTE
2115,3372,113,WOAI6N,2025-07-14 05:32:51+00:00,516.11,PENDENTE
2263,4037,664,4RG3B9,2025-07-13 03:51:24+00:00,3261.08,EMBARCADA
4963,4149,806,4PA7BP,2026-01-18 01:29:38+00:00,3102.6,EMBARCADA
4178,643,216,I5P754,2025-11-16 16:43:43+00:00,683.49,CANCELADA
2846,2354,1,SGRFRM,2025-07-30 07:02:28+00:00,1582.42,CANCELADA
3917,4383,563,3P9FTR,2025-06-10 00:49:41+00:00,1617.2,PENDENTE
2240,3042,837,5O39U5,2026-02-23 07:01:06+00:00,1760.07,NO_SHOW
2543,1808,521,YNZKGQ,2025-11-19 03:52:25+00:00,1130.3,CONFIRMADA
356,2993,384,RCOX2H,2025-10-25 22:28:34+00:00,2784.06,PENDENTE
4550,1223,565,KF870V,2025-06-08 10:38:08+00:00,3896.31,EMBARCADA
392,1251,50,KWS4AN,2026-04-27 18:12:02+00:00,2317.84,NO_SHOW
4683,1774,622,PWTIL2,2026-01-22 09:33:03+00:00,1524.05,CONFIRMADA
3006,2039,309,LGGCDK,2025-12-28 08:39:34+00:00,5232.81,CONFIRMADA
1271,3479,324,JXKEYP,2026-05-03 23:14:13+00:00,477.24,PENDENTE
2530,1779,499,PQ6QZU,2025-12-03 05:51:23+00:00,402.2,EMBARCADA
987,4968,231,56PZ9T,2026-05-04 23:23:45+00:00,1248.53,CONFIRMADA
2968,3791,501,WR2P2G,2026-04-07 23:11:53+00:00,1238.72,PENDENTE
4353,2588,614,OWUXNK,2025-07-10 05:21:09+00:00,1399.98,PENDENTE
193,2236,852,JCD60Y,2026-04-14 18:49:39+00:00,2083.13,CANCELADA
4845,906,85,1VJURC,2025-08-02 10:07:26+00:00,1005.4,NO_SHOW
893,4140,421,BPDKO6,2026-02-18 06:23:00+00:00,643.26,CANCELADA
1809,2142,562,MF6JYZ,2026-04-20 03:27:52+00:00,1395.73,PENDENTE
1942,3648,571,O1LCKE,2025-12-14 15:04:58+00:00,4883.32,CANCELADA
943,527,370,TJS2YW,2025-12-15 03:31:42+00:00,2320.95,CANCELADA
1896,2347,876,REZSOW,2026-03-09 13:45:15+00:00,861.62,EMBARCADA
4289,3384,803,XKWG21,2026-03-17 21:47:14+00:00,1984.29,EMBARCADA
2675,1936,85,HA201I,2025-09-13 03:30:19+00:00,4045.6,NO_SHOW
47,1544,569,1YVKZO,2026-01-27 19:12:13+00:00,9340.62,CONFIRMADA
3434,1872,849,L11RMG,2025-11-04 05:42:48+00:00,9556.37,EMBARCADA
4389,4348,36,9DHH8U,2025-09-11 23:27:34+00:00,453.59,NO_SHOW
1578,4647,177,DONTBR,2025-06-18 18:32:01+00:00,2192.2,CANCELADA
4290,285,816,KZYGFZ,2025-10-11 03:03:26+00:00,1456.64,EMBARCADA
4245,309,846,9NOIVY,2025-09-13 18:25:43+00:00,3202.15,NO_SHOW
4064,1777,89,ULKWWS,2025-08-18 02:13:33+00:00,7539.57,CONFIRMADA
4700,2093,466,FRMQ8R,2025-07-21 09:00:37+00:00,1044.32,CONFIRMADA
123,606,165,GIB9O5,2025-10-17 22:53:04+00:00,4138.21,NO_SHOW
2753,4422,388,X3TUE2,2026-04-16 03:45:01+00:00,3845.47,EMBARCADA
2701,3077,941,UEJMYC,2025-06-04 03:22:35+00:00,1373.43,PENDENTE
443,1786,392,W4SF5J,2025-11-01 01:37:20+00:00,1100.39,EMBARCADA
1591,2892,52,9HCYMY,2025-12-20 05:11:53+00:00,4493.02,NO_SHOW
277,333,594,0WOF93,2026-01-24 10:29:40+00:00,512.56,CANCELADA
612,4624,345,XQX6D8,2025-09-25 17:30:14+00:00,2124.09,PENDENTE
2185,2189,134,44DK3Q,2026-03-16 18:02:31+00:00,328.7,CANCELADA
3614,1142,39,V2RH6E,2025-11-10 10:24:35+00:00,1077.5,NO_SHOW
1351,1489,432,FVHVD0,2025-09-26 01:34:40+00:00,636.55,PENDENTE
96,1419,23,VMTYDY,2026-03-05 06:53:37+00:00,373.24,CONFIRMADA
2808,661,393,67VWHB,2026-03-28 20:52:16+00:00,168.37,CONFIRMADA
4237,619,713,RFPPFY,2026-01-17 04:21:13+00:00,95.19,PENDENTE
448,4433,283,V2W2XZ,2025-07-06 07:57:35+00:00,619.32,CANCELADA
2358,3175,7,XDRMRE,2025-12-08 16:43:19+00:00,2431.59,PENDENTE
4480,4754,407,P1Z7YY,2025-12-11 18:07:54+00:00,592.24,PENDENTE
4717,3653,261,Y95GV4,2025-08-22 22:56:13+00:00,1609.57,CANCELADA
3894,3236,867,5Z60B9,2025-07-16 23:24:00+00:00,7518.92,PENDENTE
2577,4393,211,7DY0IQ,2026-02-18 03:25:13+00:00,3760.59,CONFIRMADA
3477,219,934,HQRBN4,2026-05-15 16:14:37+00:00,839.52,EMBARCADA
3811,723,566,FNEDYG,2025-11-19 23:49:50+00:00,295.01,PENDENTE
4486,2313,864,C29UBX,2025-09-06 06:12:15+00:00,2546.76,EMBARCADA
3821,4822,386,YQ5WGF,2025-06-21 07:45:50+00:00,877.32,PENDENTE
3730,2999,532,84J40O,2025-11-09 02:20:42+00:00,8190.09,PENDENTE
3861,4037,251,QJ8QYG,2025-07-26 09:05:49+00:00,5610.97,CONFIRMADA
4596,4792,924,4NBUX7,2026-05-29 22:58:27+00:00,3851.93,NO_SHOW
419,1394,799,ASDGKW,2025-11-23 07:27:23+00:00,1993.58,CONFIRMADA
4836,95,563,AGOISH,2025-09-29 09:52:30+00:00,1708.65,CANCELADA
2263,704,302,KUWTKB,2026-02-21 23:18:03+00:00,274.31,CONFIRMADA
2618,3405,798,LY8OUZ,2026-06-01 15:30:50+00:00,1247.96,EMBARCADA
2745,3326,73,6SMQDQ,2025-09-05 19:15:16+00:00,1136.97,CANCELADA
1279,3382,95,OQZWGT,2025-07-31 00:16:36+00:00,2575.3,PENDENTE
135,1591,999,H9Z3FB,2026-04-21 01:52:58+00:00,124.25,EMBARCADA
4103,4762,145,K38DGN,2026-01-29 04:39:53+00:00,1742.79,PENDENTE
1388,3370,52,QA36SL,2025-07-30 09:06:23+00:00,1392.98,CONFIRMADA
2006,4510,272,MOFJOY,2026-03-19 07:52:45+00:00,3314.75,CANCELADA
1963,3502,950,LAJTOG,2025-07-29 05:27:14+00:00,304.99,NO_SHOW
4179,3467,990,36PT1N,2025-06-09 16:32:21+00:00,2961.69,CONFIRMADA
4238,866,419,3J3X1C,2025-06-30 13:17:38+00:00,390.45,CONFIRMADA
2314,3305,398,LYRIHO,2026-03-20 23:55:19+00:00,560.66,CONFIRMADA
4362,673,803,90VFVC,2026-02-28 20:45:11+00:00,758.28,PENDENTE
4085,1722,150,1NGU21,2026-02-27 20:31:28+00:00,2662.44,PENDENTE
2508,2945,687,VN9OR4,2025-09-19 06:50:24+00:00,2658.19,NO_SHOW
2977,4761,509,QS23JF,2025-10-17 23:40:03+00:00,7514.37,NO_SHOW
4890,3911,730,HRXTDE,2026-02-02 01:07:54+00:00,2426.46,CONFIRMADA
4359,4154,300,U2D5ND,2025-08-22 09:16:59+00:00,1633.6,EMBARCADA
2755,4685,874,Z6ZNNM,2025-11-15 06:06:11+00:00,2027.55,NO_SHOW
912,2355,606,QSSDT4,2026-04-23 07:08:15+00:00,3390.96,CONFIRMADA
4959,855,165,XGV5HM,2025-09-14 06:28:13+00:00,3306.84,CONFIRMADA
1989,860,988,R5TBOW,2025-10-12 07:50:16+00:00,5817.9,CANCELADA
1267,2280,439,9OCVSN,2026-04-27 06:02:45+00:00,639.24,CANCELADA
1855,4762,911,KOFC2F,2026-02-10 20:26:28+00:00,2491.16,EMBARCADA
4316,2494,735,GZPJJ7,2025-06-30 15:51:57+00:00,1715.79,PENDENTE
489,112,390,66HQKT,2025-07-23 13:59:44+00:00,1619.62,CANCELADA
1285,1016,591,SJBLNL,2026-03-18 00:15:34+00:00,3822.83,CONFIRMADA
3029,4227,765,VMB4YB,2026-03-25 09:35:40+00:00,4561.52,CANCELADA
4447,1810,200,G97K3T,2025-10-05 18:04:55+00:00,1638.74,CANCELADA
3580,2881,308,A1A81V,2025-09-28 13:54:30+00:00,5407.59,CONFIRMADA
4576,44,741,QC8COE,2025-08-21 16:45:09+00:00,1935.97,CANCELADA
1569,4460,585,EJFF1F,2025-11-04 02:23:26+00:00,2252.53,EMBARCADA
1912,678,926,KVHTKL,2026-02-28 11:39:50+00:00,298.98,CANCELADA
3965,2398,471,IPPGE6,2025-09-27 09:14:09+00:00,1270.73,CANCELADA
1186,876,527,6WBT9P,2026-04-24 00:38:27+00:00,892.89,NO_SHOW
3145,3050,453,YPBW4L,2025-09-08 23:53:10+00:00,25.03,EMBARCADA
1148,3246,295,05V57K,2026-02-11 19:49:37+00:00,2054.45,CANCELADA
729,983,978,VABRFF,2025-09-20 03:17:24+00:00,1290.66,PENDENTE
1940,1700,80,DI2PJQ,2026-01-03 14:51:02+00:00,139.93,PENDENTE
2058,2738,180,4DGARG,2026-02-22 18:24:39+00:00,3022.08,EMBARCADA
4159,2157,901,LUV0NC,2026-01-24 21:28:25+00:00,2081.27,CANCELADA
4515,4410,373,B6Z1T9,2025-07-20 04:41:20+00:00,1034.45,PENDENTE
172,2810,329,HCR17W,2025-07-25 15:27:13+00:00,3013.47,CANCELADA
437,1714,214,L2LDPU,2025-09-25 02:38:55+00:00,1395.28,CANCELADA
4918,4632,880,NKNY11,2025-11-25 12:52:06+00:00,2521.68,NO_SHOW
2847,3555,712,5YJH9W,2026-01-03 19:19:52+00:00,6125.86,CONFIRMADA
1498,3304,618,XCHAS2,2025-10-18 12:18:02+00:00,2240.54,CANCELADA
3665,876,318,CDL5DG,2025-09-06 03:23:40+00:00,261.04,CONFIRMADA
4574,2135,422,PS4UFB,2025-06-16 10:35:09+00:00,743.74,PENDENTE
3350,402,886,85CUEY,2026-05-31 09:03:27+00:00,201.54,CONFIRMADA
2691,2953,24,RKAEFF,2025-07-26 22:09:18+00:00,917.76,CANCELADA
21,2687,397,6BN59I,2025-06-07 03:39:21+00:00,652.48,CONFIRMADA
1377,1644,203,DGVXIH,2026-01-13 09:44:57+00:00,2076.3,EMBARCADA
2673,3416,945,QSNRMQ,2026-02-18 11:54:21+00:00,4705.81,PENDENTE
2317,3463,837,LCOZBH,2025-07-25 10:02:36+00:00,877.44,EMBARCADA
2791,3241,413,FTVK1K,2025-11-02 03:17:15+00:00,549.96,EMBARCADA
4110,2775,618,EWVGU2,2025-09-29 07:51:35+00:00,338.47,CONFIRMADA
4313,3274,171,3KYONN,2025-09-11 01:42:10+00:00,2580.49,PENDENTE
2779,4841,302,2UI0FM,2026-01-23 09:21:34+00:00,2022.9,CANCELADA
2428,304,807,FYJUQJ,2025-12-01 18:44:05+00:00,2315.94,PENDENTE
4488,80,537,H543Z5,2025-10-31 17:57:05+00:00,1462.39,CONFIRMADA
3412,2457,694,ZYN2FG,2025-06-07 00:34:19+00:00,1052.45,PENDENTE
3013,4117,5,KSMX8X,2025-07-04 21:58:32+00:00,4814.76,PENDENTE
741,3387,804,1FLJRP,2025-07-12 23:36:21+00:00,834.55,NO_SHOW
4556,4350,319,5MAQHF,2025-06-03 09:36:06+00:00,517.02,CONFIRMADA
115,2786,418,ND6PKL,2025-09-29 07:10:42+00:00,603.2,PENDENTE
685,2592,488,ITW9FO,2026-03-25 06:23:03+00:00,8058.39,CONFIRMADA
786,537,903,YZ9831,2026-05-18 04:38:56+00:00,2261.12,EMBARCADA
4721,2920,646,UR6QG4,2025-11-14 12:23:57+00:00,5142.67,EMBARCADA
3033,1874,928,MMW5ED,2026-03-26 17:08:34+00:00,2330.36,EMBARCADA
830,4084,709,3JFI0F,2026-05-05 01:31:04+00:00,10338.33,CANCELADA
966,103,65,MNEJ84,2026-04-21 15:42:02+00:00,3068.28,CONFIRMADA
4113,2965,152,RNFXSX,2025-09-10 20:30:45+00:00,354.16,PENDENTE
605,4493,6,KD1OZ8,2026-04-16 02:13:02+00:00,5106.23,EMBARCADA
4282,486,74,IVKG6I,2025-12-09 17:22:05+00:00,1735.62,CONFIRMADA
2697,2100,541,6VUP9P,2026-04-06 20:38:39+00:00,1106.41,CONFIRMADA
2351,3428,708,HLOC9W,2025-07-27 13:22:56+00:00,3176.35,CANCELADA
1026,2768,962,A5GRM1,2026-03-14 17:09:21+00:00,577.74,CONFIRMADA
3466,1551,29,AML4U2,2025-06-12 19:43:37+00:00,1820.65,EMBARCADA
1633,558,684,46UIM9,2025-08-07 16:11:45+00:00,2853.4,NO_SHOW
3731,812,745,ZI4DZ5,2025-06-07 09:01:11+00:00,2106.61,PENDENTE
4566,1929,441,JRMPTV,2025-12-08 05:46:34+00:00,1366.78,CONFIRMADA
1500,4533,316,JGQKGY,2026-01-20 05:57:13+00:00,1456.01,EMBARCADA
1530,2595,476,987RGS,2025-10-06 00:12:41+00:00,1513.85,CANCELADA
4107,4464,883,1SXVK5,2026-03-19 15:42:29+00:00,580.36,CONFIRMADA
294,3890,498,ZXW5EE,2026-04-25 18:50:19+00:00,684.37,NO_SHOW
3725,1326,801,B910L5,2025-10-13 08:50:09+00:00,2598.91,CANCELADA
166,1338,331,ACTAR0,2026-01-30 06:46:55+00:00,1948.44,CONFIRMADA
1784,4675,782,20D2GH,2026-05-25 05:27:15+00:00,2207.68,NO_SHOW
854,2886,9,OY7QTY,2025-07-12 02:19:59+00:00,1922.2,EMBARCADA
686,3018,725,DKBTAC,2025-09-12 10:52:57+00:00,1333.07,NO_SHOW
3944,2653,186,VM0CQN,2026-04-04 22:28:36+00:00,4884.75,PENDENTE
3584,4369,759,TOM2PP,2026-01-10 05:47:09+00:00,414.29,NO_SHOW
3646,2198,863,UWRIFY,2025-12-21 07:03:47+00:00,2106.28,PENDENTE
4169,2430,580,2XZVAZ,2025-11-27 19:18:06+00:00,2752.17,CONFIRMADA
1372,1460,659,CCV3E4,2025-08-26 22:50:44+00:00,283.8,CANCELADA
182,2808,829,MUGSS1,2025-08-11 04:28:52+00:00,2103.9,EMBARCADA
2520,1003,552,B3GEAJ,2026-05-14 05:10:39+00:00,894.39,NO_SHOW
1977,701,267,XRRW0A,2026-04-03 20:46:19+00:00,6543.02,CONFIRMADA
4463,1812,843,QVAKBL,2026-05-04 23:48:54+00:00,2305.58,NO_SHOW
2177,3328,431,SH1OLM,2026-05-03 00:37:33+00:00,1577.88,NO_SHOW
3352,3080,229,NKAOLR,2025-08-13 06:49:29+00:00,3167.46,EMBARCADA
1934,2923,285,QS8K71,2026-05-03 13:54:27+00:00,320.76,EMBARCADA
2628,4956,110,O404JP,2026-01-25 05:53:29+00:00,1640.51,CONFIRMADA
3972,3113,406,9F56AS,2026-03-28 11:34:16+00:00,845.41,PENDENTE
4794,2901,883,5PNZ7P,2026-05-01 04:52:28+00:00,653.59,NO_SHOW
3844,2303,271,LV87BN,2025-07-21 04:42:27+00:00,3128.72,EMBARCADA
248,4035,977,OIIWXH,2026-03-03 04:25:34+00:00,1155.19,PENDENTE
788,4065,758,BJOTDA,2026-05-02 00:29:15+00:00,2049.47,EMBARCADA
1890,586,258,E37OUD,2026-05-26 11:05:46+00:00,1272.7,CANCELADA
949,3052,664,9WL9TM,2026-04-04 10:41:03+00:00,2738.06,NO_SHOW
3957,965,522,NFATK1,2025-11-05 01:50:06+00:00,1462.76,CONFIRMADA
1639,2996,577,QX8VLO,2025-10-06 02:44:13+00:00,1132.17,CONFIRMADA
1729,3754,872,M5BVIZ,2025-08-01 01:05:22+00:00,7233.2,NO_SHOW
433,1139,589,Q8BKH8,2025-06-26 00:21:24+00:00,10345.7,CONFIRMADA
3645,176,359,O17EQN,2025-06-13 01:06:09+00:00,732.6,PENDENTE
1160,4162,90,XAR72R,2026-03-15 22:16:56+00:00,177.02,CONFIRMADA
280,3378,844,MV6GBN,2026-01-22 03:05:00+00:00,416.2,PENDENTE
3662,652,991,JHM6JA,2025-06-17 22:16:37+00:00,832.6,PENDENTE
3364,1155,402,33J8Y0,2025-09-11 19:09:24+00:00,648.55,NO_SHOW
3437,2503,607,WAUCD1,2026-04-25 11:24:32+00:00,1297.8,CONFIRMADA
768,2780,321,8GNUOM,2026-04-29 14:11:26+00:00,1014.71,EMBARCADA
3082,3445,557,R8SXGF,2026-03-20 03:50:36+00:00,277.18,PENDENTE
4200,2397,191,SQU5SF,2026-01-23 02:48:58+00:00,2270.95,CANCELADA
4477,4131,468,FJLT15,2026-05-24 00:27:05+00:00,6717.11,EMBARCADA
3314,2043,660,WS3QS7,2026-04-08 04:36:33+00:00,1744.81,EMBARCADA
2419,299,955,X60QAU,2025-06-27 10:21:55+00:00,3989.6,CONFIRMADA
2712,4076,474,PBOWZI,2025-11-27 03:04:00+00:00,98.95,EMBARCADA
1366,3598,281,AD1DIS,2026-05-31 02:39:04+00:00,1996.03,CANCELADA
3126,4259,697,HV093Z,2026-05-14 16:39:43+00:00,1202.03,CONFIRMADA
2947,2433,686,IYATXJ,2026-02-02 21:30:50+00:00,3700.39,CANCELADA
2066,2751,705,MM13TR,2026-04-21 14:57:13+00:00,2001.68,CANCELADA
1567,1154,609,LKFF0V,2025-11-18 08:08:52+00:00,9212.49,NO_SHOW
1827,4817,176,MF9046,2026-03-14 00:54:54+00:00,1304.72,NO_SHOW
4965,3235,573,DNF59H,2025-11-17 04:43:47+00:00,737.5,CANCELADA
8,4044,226,NJXX55,2025-12-09 06:45:19+00:00,5107.82,EMBARCADA
1127,3331,951,8DUAV3,2025-06-12 07:06:10+00:00,5234.95,CONFIRMADA
2820,4570,726,5B1VD7,2025-09-09 18:59:41+00:00,2727.13,CONFIRMADA
2819,3350,151,B0I6BZ,2025-08-02 09:49:54+00:00,1415.43,NO_SHOW
1585,767,932,YIDPMT,2025-10-31 13:58:09+00:00,6162.57,NO_SHOW
2652,810,434,6QQ9QQ,2025-09-17 15:07:44+00:00,264.44,PENDENTE
957,1314,67,KMNX6X,2026-04-20 02:31:39+00:00,5057.13,NO_SHOW
2035,3437,424,717442,2026-04-07 07:05:25+00:00,2040.59,NO_SHOW
2826,1441,448,V77RMV,2025-12-05 14:40:57+00:00,6902.2,EMBARCADA
3847,2841,64,7I5JUU,2026-05-03 16:25:33+00:00,1702.78,CONFIRMADA
463,3282,917,WWN8VW,2025-06-23 01:57:07+00:00,1564.06,EMBARCADA
1995,925,796,IGDEK3,2025-10-26 22:13:51+00:00,1055.05,EMBARCADA
4097,3121,671,M0BG20,2025-11-14 12:16:27+00:00,3371.69,CONFIRMADA
2043,2423,508,CLQ790,2025-12-17 21:00:53+00:00,10130.9,EMBARCADA
4665,1947,859,XOBRKY,2025-06-06 04:17:43+00:00,289.7,CONFIRMADA
2339,2263,599,68CL9E,2025-11-01 20:57:56+00:00,1030.95,CONFIRMADA
272,3888,762,35UAVX,2025-11-03 15:17:39+00:00,1476.52,CANCELADA
2391,3808,99,T11R52,2025-09-20 12:04:44+00:00,2032.33,CONFIRMADA
911,1997,717,FH8TST,2026-02-01 21:48:38+00:00,1375.5,CANCELADA
2503,755,766,UPOH22,2025-06-09 13:26:27+00:00,5852.28,EMBARCADA
2950,2836,142,4J6CU5,2025-06-19 01:01:30+00:00,1609.01,PENDENTE
141,3744,717,RQI3EM,2025-08-03 07:26:17+00:00,1307.76,CONFIRMADA
451,1509,178,0WKS9U,2026-04-15 20:31:35+00:00,1045.84,CANCELADA
2815,3897,371,4S86CM,2026-04-05 04:36:16+00:00,1298.66,CANCELADA
3112,1244,253,XIC2U3,2026-02-10 05:26:08+00:00,1152.56,NO_SHOW
4869,129,311,ZOVEQG,2025-07-12 05:43:51+00:00,2136.78,CANCELADA
3675,403,387,MIPK76,2026-05-26 02:53:48+00:00,4104.21,PENDENTE
245,3989,700,CS965C,2026-03-14 16:23:38+00:00,126.45,NO_SHOW
1039,2528,85,6T09VW,2026-05-18 02:17:19+00:00,2807.14,CANCELADA
4999,1277,321,C8HZMP,2026-04-03 12:17:43+00:00,905.38,NO_SHOW
3190,3265,477,8FW5U8,2026-05-06 09:40:57+00:00,1107.45,EMBARCADA
4229,3777,114,J2F04V,2026-04-24 08:22:23+00:00,686.7,CANCELADA
2893,4166,78,25C8YQ,2026-02-24 10:45:53+00:00,269.9,EMBARCADA
3982,3031,426,KCH9EH,2026-03-26 17:21:45+00:00,320.61,CONFIRMADA
1348,2448,676,K8P4E5,2026-05-22 17:56:23+00:00,329.75,NO_SHOW
1902,3986,364,AOJDZZ,2026-03-25 04:22:25+00:00,1499.86,CONFIRMADA
2084,1161,326,EC3AC7,2026-01-07 01:03:19+00:00,3018.96,NO_SHOW
4523,295,797,EOZIU8,2025-11-05 11:05:43+00:00,1106.15,PENDENTE
3448,1218,947,C2F4S1,2026-03-28 03:04:39+00:00,6762.3,PENDENTE
4065,4001,151,GS7N7K,2025-09-20 18:27:57+00:00,4158.86,CONFIRMADA
2944,4913,804,EQE86D,2025-08-10 12:40:46+00:00,3047.07,CONFIRMADA
3081,195,732,6NKCCE,2025-08-24 11:34:51+00:00,3191.98,CONFIRMADA
2635,4617,905,TKKAIT,2025-11-12 08:06:05+00:00,3129.2,CONFIRMADA
2264,2074,692,L2N1RJ,2025-09-21 07:27:11+00:00,366.62,NO_SHOW
4229,4857,54,XKQTTC,2026-03-06 20:50:48+00:00,2297.02,EMBARCADA
3637,2652,636,MOC37T,2025-10-25 09:27:37+00:00,507.3,NO_SHOW
3797,1804,948,HFEPIU,2025-10-22 19:19:20+00:00,9131.14,CANCELADA
3590,4372,360,FHTEEG,2025-10-31 20:15:12+00:00,275.77,CANCELADA
2070,1271,831,SYBO7C,2025-08-02 12:20:19+00:00,910.9,PENDENTE
3313,4208,886,YLLB8F,2026-05-25 14:38:17+00:00,3120.63,NO_SHOW
1401,1710,367,6XZWMS,2025-10-19 13:26:34+00:00,1430.94,EMBARCADA
1575,4629,91,H8WVP4,2026-05-07 00:57:01+00:00,4218.55,CONFIRMADA
4763,2080,167,K6LR29,2026-04-08 16:03:06+00:00,5903.07,CONFIRMADA
4557,4149,813,SYY84Z,2025-09-11 12:38:21+00:00,1052.92,CANCELADA
3180,3696,846,HUWJIB,2025-07-26 08:44:09+00:00,4455.62,EMBARCADA
485,1630,186,MJZICL,2025-08-04 19:36:24+00:00,1724.24,EMBARCADA
3568,2236,73,3J4FVW,2025-11-03 17:29:44+00:00,390.97,CONFIRMADA
261,1199,602,DZNGIK,2025-10-18 00:29:36+00:00,814.25,PENDENTE
4412,1680,308,C1VYET,2026-05-22 19:51:37+00:00,5322.26,CONFIRMADA
2234,1783,563,KZYC9B,2026-03-10 13:55:33+00:00,1984.96,CANCELADA
1103,1288,121,OJPTC1,2026-04-09 17:48:13+00:00,55.54,EMBARCADA
4521,4530,286,OTH5TC,2025-06-12 18:35:45+00:00,1327.2,CANCELADA
2817,672,385,IFYZQ7,2025-11-08 21:03:50+00:00,627.51,CONFIRMADA
3683,4164,622,ZOSJVE,2025-08-28 19:38:44+00:00,1583.39,PENDENTE
4703,3069,572,B6U0WG,2025-06-17 23:25:07+00:00,932.79,EMBARCADA
1284,1385,867,1D2VEW,2025-09-28 23:42:11+00:00,5210.78,CONFIRMADA
582,1531,465,1GK8ZP,2025-09-09 15:05:59+00:00,4008.9,CONFIRMADA
2609,1708,574,A47HCI,2025-07-09 14:19:19+00:00,1845.69,CONFIRMADA
4026,1788,404,THT2ZM,2026-05-28 20:07:46+00:00,2262.52,PENDENTE
3051,2976,887,WRU4Z2,2025-11-07 00:51:37+00:00,4705.02,CANCELADA
60,561,361,F55QEJ,2026-04-25 08:26:29+00:00,872.79,PENDENTE
1534,3190,365,C3UY71,2026-05-13 17:30:07+00:00,4493.35,PENDENTE
2200,3934,701,1YA2NR,2025-12-01 13:18:45+00:00,747.19,CONFIRMADA
818,1202,894,1HZYTR,2026-05-29 06:12:24+00:00,1814.46,NO_SHOW
3609,3827,89,78T0Q4,2026-02-10 22:56:03+00:00,2760.06,CANCELADA
673,1981,368,YPSMG7,2025-08-09 13:55:02+00:00,9223.4,CONFIRMADA
1245,4657,911,58K7QU,2025-12-21 18:40:53+00:00,910.52,PENDENTE
651,2039,849,5JYW3C,2025-09-24 14:25:22+00:00,5648.81,CANCELADA
91,558,640,T60D5G,2026-01-15 10:02:30+00:00,1585.22,CONFIRMADA
3132,3594,974,7NQM47,2026-05-28 12:46:55+00:00,1180.43,CANCELADA
4443,1400,289,D74K3W,2025-09-30 14:17:59+00:00,1256.82,EMBARCADA
383,799,100,LVYGS1,2025-10-13 17:26:25+00:00,1081.35,NO_SHOW
1278,803,550,6N1WHL,2025-08-26 14:08:18+00:00,1417.59,PENDENTE
3408,654,216,HYK23V,2026-04-05 15:51:23+00:00,515.27,PENDENTE
3502,4227,883,5EJW0H,2025-10-21 20:50:14+00:00,2642.07,NO_SHOW
1445,792,59,JG1G2K,2026-02-07 19:34:53+00:00,531.34,CANCELADA
1421,70,360,3Y51NB,2025-07-26 05:17:27+00:00,2301.94,NO_SHOW
730,2932,632,2L7VSX,2026-02-01 21:47:41+00:00,1602.32,CANCELADA
1104,1106,14,Q6YC7B,2025-10-09 12:07:20+00:00,1460.96,PENDENTE
4121,2297,981,MJNFRJ,2025-11-08 13:58:43+00:00,1402.38,PENDENTE
3347,3594,374,5TDRIR,2026-02-08 13:55:42+00:00,1282.19,CONFIRMADA
4977,3726,553,TUCE7Y,2026-03-12 11:02:12+00:00,930.39,CONFIRMADA
2157,1166,961,O0NA9C,2026-02-17 10:09:55+00:00,2113.25,CONFIRMADA
1294,2553,339,14LKFP,2025-07-11 21:49:15+00:00,1141.52,CONFIRMADA
3434,630,113,44M9P9,2025-06-15 23:34:58+00:00,81.16,PENDENTE
1020,2103,278,4PIKNQ,2026-04-13 01:35:14+00:00,1114.57,CONFIRMADA
806,4721,798,50LKEU,2025-09-02 00:11:39+00:00,1585.48,EMBARCADA
2294,4911,67,B2X10W,2025-10-27 15:05:13+00:00,5088.26,CANCELADA
2234,2233,19,4Z8DJW,2026-01-21 18:11:04+00:00,935.92,CONFIRMADA
3281,3384,75,TQZOYI,2025-07-11 22:24:38+00:00,2080.75,NO_SHOW
1770,3343,588,36XU4P,2026-03-05 01:27:14+00:00,4975.91,CANCELADA
1333,1924,603,JCPUJP,2025-11-07 19:01:20+00:00,1178.78,CANCELADA
1155,1894,842,HVCLAZ,2026-04-10 20:48:00+00:00,1657.49,PENDENTE
216,2114,390,3BQ0X4,2026-02-19 18:00:25+00:00,2650.67,CONFIRMADA
1766,2891,204,G8ZB6Q,2025-07-23 05:05:24+00:00,3581.79,CONFIRMADA
4796,83,895,OFUWG6,2025-12-19 06:18:31+00:00,1078.71,CANCELADA
1720,3998,739,JODUZ3,2026-04-02 09:47:07+00:00,691.25,CONFIRMADA
3187,4358,523,MD279W,2026-01-02 08:36:52+00:00,1701.65,CANCELADA
4702,3310,749,R0LM97,2026-03-26 05:36:38+00:00,8908.48,CANCELADA
4731,4149,647,UM68UN,2026-03-11 14:43:41+00:00,4576.68,NO_SHOW
4917,4567,913,D8BJR9,2026-05-13 00:11:13+00:00,1002.53,NO_SHOW
4401,534,500,KRAX62,2025-11-23 02:19:52+00:00,2073.31,CONFIRMADA
30,71,558,Z70UBR,2025-10-14 23:31:20+00:00,377.14,PENDENTE
51,2865,206,LJQQBC,2025-06-17 01:19:41+00:00,4876.33,EMBARCADA
1026,2575,773,O3DJ54,2026-02-15 13:51:49+00:00,506.83,EMBARCADA
3656,756,394,MZ1Q6L,2025-12-25 16:30:17+00:00,1064.11,CONFIRMADA
2568,1503,19,8N5R2Q,2026-04-24 03:41:57+00:00,2111.74,PENDENTE
2077,3821,97,Y8GO04,2026-04-22 07:51:14+00:00,1310.21,CONFIRMADA
2735,1988,880,976P33,2025-11-17 07:02:18+00:00,553.06,EMBARCADA
1816,4376,628,SUYZ7M,2026-05-03 03:56:11+00:00,8505.81,EMBARCADA
2847,2145,552,KIWJSU,2025-10-19 14:27:44+00:00,3881.28,NO_SHOW
3987,4430,51,8NN3T7,2026-02-21 14:58:52+00:00,4400.8,PENDENTE
4025,2893,197,17JOF5,2026-04-27 00:51:19+00:00,1836.01,NO_SHOW
2446,4064,271,N7EWDO,2025-06-18 21:42:14+00:00,1083.99,PENDENTE
4225,578,824,YWTUQL,2025-11-10 12:22:39+00:00,1379.92,PENDENTE
4413,4995,800,T754TP,2025-08-11 06:06:52+00:00,1550.39,CONFIRMADA
2663,2216,379,9J4YPV,2026-01-18 01:17:55+00:00,121.3,CANCELADA
1410,4056,349,KTKPKC,2025-12-17 20:34:14+00:00,11586.59,CONFIRMADA
2326,738,839,RPIJDI,2025-10-06 15:47:02+00:00,1761.2,CONFIRMADA
915,2598,556,MKKTHY,2026-02-12 02:59:26+00:00,1640.52,NO_SHOW
333,4828,610,FTE6AR,2026-04-18 14:14:46+00:00,2177.38,CANCELADA
2581,254,582,DXN6JF,2026-01-14 22:23:56+00:00,2674.81,CANCELADA
4895,3574,274,JMIFPF,2025-07-27 16:16:11+00:00,1653.16,CANCELADA
946,3284,240,V6RBG9,2025-08-23 14:55:27+00:00,1326.75,PENDENTE
4223,3427,899,GIZAB1,2026-02-02 18:26:42+00:00,1109.69,NO_SHOW
4314,4507,981,3L5QTT,2025-07-27 09:00:32+00:00,545.11,EMBARCADA
3349,557,143,6ME79H,2026-04-09 16:01:53+00:00,1266.47,NO_SHOW
214,4851,40,MRHGQ3,2026-03-18 23:01:11+00:00,2529.18,CONFIRMADA
3300,1678,746,8ZD8G8,2026-04-09 07:44:41+00:00,2403.83,NO_SHOW
3248,4140,202,QAGWES,2026-01-26 15:54:18+00:00,864.08,CONFIRMADA
4589,1439,197,Y5DXN8,2025-12-10 06:16:01+00:00,1396.54,CANCELADA
181,2138,398,NIJ4XI,2025-10-26 01:01:00+00:00,972.5,NO_SHOW
4102,2295,239,ZFAO04,2026-03-19 16:44:34+00:00,406.26,EMBARCADA
1024,2888,631,3H6E43,2026-03-15 16:22:49+00:00,3698.94,EMBARCADA
4533,1512,875,AF9WKN,2025-06-07 03:53:10+00:00,4893.28,EMBARCADA
1050,354,914,S2N8NS,2026-04-10 04:00:51+00:00,200.47,EMBARCADA
1459,1807,600,VNRMSQ,2025-07-25 16:42:19+00:00,2846.48,CANCELADA
810,1729,473,ASMIMP,2026-01-18 10:34:05+00:00,202.98,NO_SHOW
2093,804,954,Q6HNNF,2026-02-01 21:20:27+00:00,1135.52,EMBARCADA
2260,776,436,ZK5VUO,2026-04-23 15:53:16+00:00,282.2,EMBARCADA
883,936,207,ZJRFCY,2025-07-16 18:01:56+00:00,1784.13,PENDENTE
4004,2156,804,LG90WE,2025-06-03 21:26:58+00:00,2904.78,NO_SHOW
323,2553,578,6MD95V,2025-11-03 01:37:07+00:00,1291.42,CONFIRMADA
155,1291,540,26IRZK,2026-01-23 16:23:39+00:00,1513.51,CANCELADA
1597,1548,153,JWJPS5,2025-12-09 18:16:16+00:00,1554.8,PENDENTE
772,171,117,GGX06L,2025-09-14 05:36:48+00:00,1034.16,EMBARCADA
3754,1105,561,5RGGFY,2025-09-05 23:50:26+00:00,257.48,CANCELADA
2302,4307,784,YK6TDT,2025-11-09 03:00:47+00:00,1220.11,CONFIRMADA
1196,4819,186,9NF7RO,2026-06-03 09:14:16+00:00,1668.55,CONFIRMADA
4851,348,279,6FVRY0,2026-05-12 13:35:01+00:00,1449.48,EMBARCADA
27,2023,648,L4VWRN,2025-09-24 13:53:29+00:00,8410.37,EMBARCADA
454,2189,872,UZ7TSN,2026-01-13 15:01:04+00:00,1769.95,EMBARCADA
4985,4676,524,TYT4ZJ,2025-11-01 04:17:45+00:00,3266.91,PENDENTE
471,1951,181,NB1QL1,2025-11-29 19:04:51+00:00,1449.8,EMBARCADA
430,528,652,3VOZYO,2025-12-11 09:57:30+00:00,6608.58,NO_SHOW
1208,4360,609,EIQEG6,2026-04-29 04:49:20+00:00,7972.7,EMBARCADA
3139,656,326,V4IT88,2026-05-25 14:17:57+00:00,2617.28,CANCELADA
2782,1383,253,9BHRLT,2025-08-22 01:35:10+00:00,1095.17,PENDENTE
4405,1266,357,5M7V5R,2025-07-05 06:29:14+00:00,492.01,CANCELADA
2806,3151,273,VN3OM8,2025-10-14 07:29:25+00:00,78.14,CONFIRMADA
298,3439,237,M20Z67,2026-01-30 21:25:32+00:00,2106.74,CANCELADA
969,2938,652,27IFKH,2025-11-13 22:57:41+00:00,5503.06,CANCELADA
4648,987,835,Q2V6L3,2026-01-01 05:42:04+00:00,3899.85,PENDENTE
3251,4784,82,QFHVSS,2025-08-20 05:10:33+00:00,1396.81,CONFIRMADA
3784,261,405,Q4SC87,2025-08-01 10:25:02+00:00,640.25,NO_SHOW
1559,2642,678,L75BVN,2025-10-01 18:21:02+00:00,645.46,EMBARCADA
1478,1531,6,N7SHTU,2025-06-15 17:26:09+00:00,4576.38,PENDENTE
975,2616,222,JOX8I7,2026-05-05 01:15:57+00:00,1197.45,EMBARCADA
4763,3903,117,B9WJGT,2025-12-27 06:08:36+00:00,650.05,EMBARCADA
4053,3439,921,798P2E,2025-07-29 18:21:09+00:00,1613.27,CONFIRMADA
4122,4423,313,N2SNZD,2025-07-01 16:15:17+00:00,312.61,CANCELADA
2242,2326,458,2ZZV87,2026-01-04 01:24:33+00:00,872.69,CONFIRMADA
4479,1755,421,AHGK3Q,2025-07-06 15:51:38+00:00,433.74,CANCELADA
1947,3865,579,MKDV96,2025-08-17 10:09:17+00:00,836.43,NO_SHOW
3223,2495,473,XEJ016,2025-07-19 09:02:50+00:00,1066.3,NO_SHOW
3835,229,806,U9MIKG,2025-10-06 21:26:33+00:00,1860.02,EMBARCADA
3511,1370,785,SG1PZK,2025-07-07 20:26:33+00:00,4171.24,CONFIRMADA
4038,2416,722,468JY5,2025-10-23 10:40:15+00:00,806.38,NO_SHOW
2899,709,18,99H6BE,2025-07-18 16:09:54+00:00,891.54,PENDENTE
1929,1207,77,WZGTQJ,2026-03-29 06:02:07+00:00,1410.15,CANCELADA
4043,1523,361,QN31ZP,2026-05-23 12:08:23+00:00,1121.74,NO_SHOW
3102,284,222,NKNSZO,2026-01-10 11:44:59+00:00,2108.72,CONFIRMADA
3874,4221,735,9B1CBX,2025-09-18 00:30:51+00:00,2588.58,CONFIRMADA
3244,2893,230,R8XBAK,2025-12-13 11:05:19+00:00,3241.35,NO_SHOW
1302,1976,773,ZMVHSY,2025-09-30 06:23:47+00:00,1008.44,EMBARCADA
3212,899,682,IWKPJW,2026-03-13 04:21:28+00:00,63.16,CONFIRMADA
4776,3964,699,WDO72E,2026-05-04 21:11:09+00:00,1507.97,CANCELADA
3706,1476,925,0I4ER4,2026-05-27 13:17:06+00:00,1563.08,NO_SHOW
4790,4388,324,N9GAMX,2025-07-26 23:57:28+00:00,943.85,NO_SHOW
3107,2310,924,IU7N86,2026-04-13 20:25:00+00:00,2002.21,NO_SHOW
532,3600,623,NXXS3W,2025-12-24 18:45:18+00:00,1767.36,NO_SHOW
872,283,412,5PT5DU,2025-12-21 12:21:14+00:00,1757.54,EMBARCADA
157,61,887,G9JBK5,2026-04-03 03:14:04+00:00,3366.78,EMBARCADA
3438,1286,219,D886II,2026-05-31 08:52:07+00:00,505.81,EMBARCADA
189,1112,284,MWAZ7E,2025-07-19 20:26:26+00:00,1305.87,CONFIRMADA
499,3178,463,LKMSIT,2025-06-18 16:59:36+00:00,1658.38,EMBARCADA
1015,1105,928,UE1UWK,2026-03-02 17:08:55+00:00,1626.4,CANCELADA
119,3972,513,WJC80R,2025-06-18 19:52:46+00:00,1228.57,NO_SHOW
3088,209,876,XXASOL,2026-05-12 14:33:31+00:00,246.16,EMBARCADA
2840,3978,546,P48ZUZ,2026-05-02 15:04:45+00:00,3748.48,CANCELADA
3685,2218,432,DQ7G8E,2025-11-09 07:46:17+00:00,476.21,CANCELADA
1290,2790,332,2YKUK6,2025-09-07 20:10:30+00:00,5312.45,CANCELADA
4671,1125,54,TRWJL0,2026-01-14 03:57:42+00:00,376.82,CONFIRMADA
3362,3559,160,P10X7T,2025-08-31 08:58:20+00:00,1500.4,NO_SHOW
413,2243,848,9KH6MH,2026-05-29 08:13:28+00:00,1387.94,PENDENTE
4858,1079,763,J2H45B,2026-01-20 15:59:43+00:00,2612.31,PENDENTE
2734,726,600,X9RUJ2,2026-03-13 20:25:53+00:00,1594.23,CANCELADA
2059,1840,856,E82A1Y,2026-01-27 16:03:13+00:00,1350.67,CONFIRMADA
3701,2256,297,HQ6XVE,2026-05-30 03:43:13+00:00,116.36,PENDENTE
3041,1618,385,GMXHJH,2026-05-01 16:39:57+00:00,3760.08,CONFIRMADA
4983,56,810,RW1B8P,2025-08-08 22:37:25+00:00,1097.33,CONFIRMADA
3338,1166,6,85Z1LF,2025-06-22 03:19:09+00:00,5230.82,PENDENTE
1807,1657,873,IVQ1YK,2025-07-06 20:07:59+00:00,638.18,NO_SHOW
1504,2440,689,4NXL80,2025-08-08 13:12:38+00:00,9220.18,NO_SHOW
3122,4566,247,541G2G,2026-02-10 14:58:09+00:00,6660.19,EMBARCADA
3566,544,413,5DH2W8,2025-12-04 23:06:45+00:00,861.98,CANCELADA
1073,2642,525,HG9FS7,2025-12-06 12:51:36+00:00,1735.2,NO_SHOW
2739,673,954,31VV8B,2026-04-17 02:13:21+00:00,331.75,CANCELADA
4138,3206,493,DOMJ1A,2025-11-10 22:26:10+00:00,1417.93,CANCELADA
207,4092,449,HVI2JM,2026-03-26 13:59:44+00:00,10526.62,CONFIRMADA
4466,2565,239,0DMWLX,2025-06-26 22:39:46+00:00,345.21,NO_SHOW
390,1396,884,19YAGG,2025-07-30 06:05:31+00:00,107.69,NO_SHOW
3239,2301,430,BCEJ3P,2025-08-24 06:23:38+00:00,1635.13,NO_SHOW
4607,3700,641,6LFFLY,2025-09-13 02:40:08+00:00,282.66,EMBARCADA
3172,3573,65,3I8V3V,2026-05-24 01:25:26+00:00,1891.95,CONFIRMADA
792,2799,845,5B501K,2026-03-23 04:40:35+00:00,4008.6,PENDENTE
2913,3800,32,MMCJA7,2025-09-06 14:59:26+00:00,6938.08,PENDENTE
3202,683,137,O4RE8X,2026-02-24 06:33:59+00:00,643.39,NO_SHOW
388,705,27,B3JXIY,2025-07-08 04:42:52+00:00,6316.32,CANCELADA
4084,2004,183,DPTKZW,2025-10-15 02:14:40+00:00,1332.89,CONFIRMADA
3687,640,677,AR17PQ,2025-11-27 06:54:06+00:00,2171.19,EMBARCADA
1203,897,199,EWIUUK,2025-10-13 02:24:32+00:00,556.4,CONFIRMADA
3548,49,400,0F7C33,2026-03-22 10:48:04+00:00,1630.85,EMBARCADA
2591,674,173,MVDH40,2026-01-30 02:36:19+00:00,773.65,NO_SHOW
2523,675,703,SKT03Y,2025-09-18 01:15:04+00:00,1618.59,PENDENTE
3721,3919,642,6C0Z9L,2025-10-16 00:46:52+00:00,648.52,NO_SHOW
4277,3771,445,V50KYB,2026-03-17 03:51:30+00:00,3840.67,CANCELADA
1610,1143,321,VWNOB7,2025-06-29 16:48:17+00:00,1484.52,EMBARCADA
1642,3812,698,LCCEGZ,2025-07-06 04:11:47+00:00,1692.54,CONFIRMADA
4848,2169,212,30GYY7,2026-06-01 14:33:23+00:00,4769.85,CONFIRMADA
2624,4550,63,Q3023V,2025-08-30 23:06:01+00:00,1957.28,NO_SHOW
2541,2943,641,2DOAQV,2025-09-17 01:19:21+00:00,309.0,EMBARCADA
3508,292,520,N2AZ0Q,2026-04-17 21:02:25+00:00,1755.88,EMBARCADA
2349,4202,752,2FIA3V,2025-08-23 12:39:53+00:00,7759.39,EMBARCADA
3584,1989,301,DGM9BK,2025-10-27 23:36:28+00:00,875.16,EMBARCADA
1898,1623,236,SCOGGZ,2026-05-08 21:02:56+00:00,899.83,CANCELADA
835,2653,300,LQUKRE,2025-06-23 19:41:47+00:00,1709.66,NO_SHOW
1574,4741,770,95OB4R,2026-03-05 16:08:01+00:00,176.47,CONFIRMADA
91,4182,951,NRM2BU,2026-03-09 23:08:45+00:00,1830.98,CONFIRMADA
4384,3089,706,88XL9U,2025-10-29 05:10:43+00:00,2499.85,CANCELADA
3333,2923,310,P880LE,2025-06-07 01:27:06+00:00,274.41,PENDENTE
784,654,974,NFY1S2,2025-12-09 07:28:58+00:00,378.3,CONFIRMADA
2730,1344,508,HQ8BRH,2025-12-03 05:16:29+00:00,4621.51,PENDENTE
3657,5000,814,NDGKLQ,2026-03-03 23:48:00+00:00,600.79,PENDENTE
1936,3957,580,54C3WY,2026-02-06 12:20:07+00:00,853.88,PENDENTE
4283,2714,922,898JBY,2025-07-21 19:12:21+00:00,1381.48,CANCELADA
3721,4163,745,TUF3MJ,2025-08-22 13:56:09+00:00,1475.95,CANCELADA
3722,716,137,6QGEAJ,2025-06-30 06:25:04+00:00,1375.92,NO_SHOW
29,2893,191,YY8IDO,2025-08-30 22:23:25+00:00,5644.03,EMBARCADA
4016,4719,135,4O5DV2,2025-07-04 07:33:14+00:00,391.51,NO_SHOW
2731,4627,266,ZT0ISA,2025-09-09 05:59:37+00:00,3332.99,PENDENTE
4073,4636,427,DW9F92,2026-05-18 16:08:56+00:00,4448.25,PENDENTE
3307,3581,142,DWBXNU,2025-08-20 10:53:23+00:00,804.31,CONFIRMADA
158,787,719,6ZHODB,2025-12-04 01:45:14+00:00,316.0,PENDENTE
1463,4274,574,O600ZJ,2025-11-18 13:42:17+00:00,188.54,NO_SHOW
3454,3995,106,UJSZT1,2025-08-25 14:23:05+00:00,3268.39,CANCELADA
4362,2172,773,JEGXK0,2026-05-25 07:06:55+00:00,90.55,PENDENTE
1279,2323,250,UM796K,2025-07-22 02:34:07+00:00,3782.08,CONFIRMADA
414,2377,88,N8YTSL,2025-10-10 10:41:17+00:00,6558.75,EMBARCADA
1539,4563,767,HVV54D,2026-04-20 01:42:39+00:00,2812.73,NO_SHOW
2723,4182,685,OF7ESH,2025-11-17 14:36:14+00:00,1477.36,EMBARCADA
1973,1937,410,6GF9W0,2026-03-17 22:51:58+00:00,2894.0,NO_SHOW
4087,3611,89,O6I6OQ,2025-08-29 12:42:45+00:00,7601.49,NO_SHOW
4863,1788,187,551B91,2026-03-21 21:09:04+00:00,5019.96,PENDENTE
921,2618,556,UUVNE0,2025-08-28 18:34:38+00:00,413.89,CONFIRMADA
1337,2227,822,J9N479,2026-04-15 03:35:45+00:00,865.01,EMBARCADA
3424,1540,687,28W6F7,2025-11-26 01:30:25+00:00,5007.15,CONFIRMADA
3669,2810,826,MH2TSN,2026-03-18 06:56:37+00:00,1333.34,PENDENTE
425,1288,90,DYD4E7,2025-07-28 01:41:52+00:00,97.02,CONFIRMADA
1993,4125,92,WQV8G1,2026-02-12 03:18:39+00:00,6311.78,EMBARCADA
3379,4168,400,XVGSO9,2026-03-21 02:30:04+00:00,268.48,EMBARCADA
1752,3706,631,BSFLSP,2026-04-17 20:35:04+00:00,3403.92,PENDENTE
3857,2101,153,MX56XQ,2025-10-09 18:11:40+00:00,99.41,EMBARCADA
2482,168,459,PI2W0S,2026-03-14 01:09:56+00:00,2632.5,CONFIRMADA
4883,3234,548,3D0M8V,2026-05-21 18:44:40+00:00,5640.64,CANCELADA
947,974,492,ZPE8X1,2026-01-27 06:05:48+00:00,1808.44,CONFIRMADA
3328,295,426,XQ4UR7,2025-08-10 05:15:34+00:00,4503.59,EMBARCADA
2648,291,947,VZ0PL9,2026-04-17 15:54:20+00:00,5613.29,NO_SHOW
2894,3792,986,S9B6WJ,2026-02-13 07:22:16+00:00,182.08,CANCELADA
4225,131,447,3B7CGK,2025-11-04 00:37:30+00:00,1311.26,EMBARCADA
511,1375,256,09SPH3,2025-11-16 07:55:59+00:00,1976.04,PENDENTE
1695,3146,631,0PR82N,2025-11-26 09:54:52+00:00,3919.7,CANCELADA
4326,2336,144,UU4RTJ,2025-10-18 18:07:57+00:00,1660.19,NO_SHOW
566,4908,482,ODDRX1,2026-05-14 11:43:33+00:00,596.0,CANCELADA
2787,1725,104,WKN7EE,2025-06-05 18:26:51+00:00,724.95,EMBARCADA
1575,4004,392,XRWHUE,2025-08-21 12:45:07+00:00,4192.34,PENDENTE
3264,3735,917,0I0GXG,2026-05-10 21:48:52+00:00,274.36,NO_SHOW
3898,2084,218,VQ84I3,2025-07-05 14:48:13+00:00,1581.06,CONFIRMADA
1825,2120,593,WSA4WA,2025-10-07 09:16:57+00:00,221.07,NO_SHOW
1070,128,931,LYAPTR,2025-07-04 08:37:43+00:00,5022.38,EMBARCADA
2071,2892,136,XW0RQF,2025-06-07 20:44:40+00:00,1060.85,CANCELADA
4758,1676,501,YKFV6J,2025-08-28 09:30:10+00:00,652.41,CONFIRMADA
2580,2391,566,J69YUG,2025-06-15 12:42:27+00:00,1085.49,EMBARCADA
611,3408,65,GWMJHC,2026-04-29 03:46:29+00:00,2320.74,CANCELADA
607,3041,522,25DJ2R,2025-06-04 09:49:52+00:00,868.58,PENDENTE
4822,1287,847,ZCOIP6,2026-03-20 00:53:35+00:00,1441.9,EMBARCADA
3469,918,63,TD5WVR,2025-12-11 04:01:06+00:00,1572.93,CONFIRMADA
2308,949,726,Q3U8L7,2025-11-10 12:29:36+00:00,4829.31,EMBARCADA
3801,2818,211,10M0KU,2025-11-22 01:49:51+00:00,179.63,EMBARCADA
2211,1432,378,S3B6FM,2025-08-02 08:34:27+00:00,1149.59,CONFIRMADA
1923,4797,300,ZL13H8,2025-06-21 15:42:38+00:00,274.94,CONFIRMADA
3834,4039,90,IPLMAO,2026-04-07 15:06:27+00:00,2245.69,CANCELADA
4673,2153,215,4FYZIT,2025-06-19 14:47:34+00:00,2477.15,CONFIRMADA
1901,4819,570,VYR9SQ,2025-06-09 18:04:13+00:00,1103.81,EMBARCADA
3251,3049,558,SA5TOV,2026-04-27 02:22:15+00:00,517.54,PENDENTE
1549,4678,8,0SFN3K,2025-11-30 16:37:56+00:00,6961.68,EMBARCADA
3098,3387,318,C132NI,2025-08-17 19:13:40+00:00,536.06,CONFIRMADA
561,4108,560,2HIRB9,2025-07-28 08:08:52+00:00,1817.02,CANCELADA
135,2240,819,JNK1GX,2025-12-14 03:44:43+00:00,315.07,EMBARCADA
2285,2867,393,XZ38UW,2025-08-09 18:07:47+00:00,868.38,PENDENTE
2032,1715,294,LLDU5C,2025-09-03 08:13:31+00:00,458.89,PENDENTE
919,2507,290,D0MGXU,2026-03-11 11:48:18+00:00,2645.37,NO_SHOW
2659,1249,474,PCLPI3,2025-09-16 13:28:41+00:00,727.48,PENDENTE
1214,390,991,I19FKC,2025-07-22 15:17:56+00:00,2536.14,EMBARCADA
3892,753,432,SB9WEI,2026-02-25 13:47:42+00:00,4324.9,NO_SHOW
3211,4077,584,EQM19C,2026-03-16 16:10:42+00:00,962.36,CONFIRMADA
1988,4676,630,T70VZK,2025-06-13 04:26:22+00:00,3042.31,PENDENTE
1950,4371,271,HBQHA5,2025-08-22 08:28:54+00:00,2445.87,EMBARCADA
1764,3656,327,DULLT9,2025-06-07 04:24:11+00:00,2794.5,CANCELADA
2376,1623,417,YI7Y93,2026-01-29 17:26:04+00:00,976.42,EMBARCADA
3450,4134,442,YWM6OZ,2025-10-12 19:29:33+00:00,1805.41,PENDENTE
1430,3943,728,FJCM25,2026-02-06 03:53:01+00:00,6011.05,CONFIRMADA
1532,2132,248,CR0W8T,2025-07-04 22:47:09+00:00,2958.11,CANCELADA
348,3042,855,9IY19O,2025-07-25 01:50:01+00:00,3108.2,CANCELADA
932,1714,292,JOW1HL,2025-09-20 18:29:25+00:00,5773.57,NO_SHOW
2835,2237,173,9QBTQI,2025-11-29 20:18:27+00:00,1005.01,PENDENTE
4585,2824,609,WETUOS,2026-04-12 20:37:48+00:00,6233.69,NO_SHOW
4975,3877,8,WV76SE,2025-09-10 01:09:37+00:00,559.84,EMBARCADA
3363,3477,417,NXR9IA,2025-07-07 05:34:18+00:00,301.49,PENDENTE
4741,52,322,HHEND6,2026-02-15 22:30:33+00:00,1417.54,PENDENTE
3572,4860,221,TSDNJ9,2025-08-13 18:26:20+00:00,659.55,PENDENTE
4651,1362,584,WHFKW9,2025-12-08 02:27:21+00:00,3689.99,EMBARCADA
994,762,897,FCOHSN,2025-10-12 05:50:47+00:00,1501.06,PENDENTE
2671,4821,107,Z4M76Z,2026-03-03 07:35:30+00:00,3255.79,CONFIRMADA
4249,915,501,N0JZX2,2025-09-14 00:16:31+00:00,1161.81,CONFIRMADA
4195,502,264,HGZHGA,2025-09-02 14:06:28+00:00,1378.88,PENDENTE
2069,4027,503,LU6VRW,2025-11-05 03:35:59+00:00,1555.01,NO_SHOW
1957,2331,607,PO6Q2W,2025-10-26 15:20:19+00:00,3655.16,CONFIRMADA
2871,462,353,UOWVLS,2026-02-01 11:11:44+00:00,1680.49,NO_SHOW
2591,2852,725,VJ3UZO,2025-09-18 10:56:26+00:00,2755.43,PENDENTE
259,1166,533,70FF9V,2025-08-11 03:09:38+00:00,1318.17,CANCELADA
911,4184,407,C85WSO,2026-04-28 06:29:28+00:00,7276.63,EMBARCADA
1696,2076,882,F5LALP,2026-05-10 14:05:58+00:00,590.14,EMBARCADA
2141,1333,26,S97BGP,2026-05-16 21:45:23+00:00,3682.76,EMBARCADA
103,3106,35,BU6J1A,2025-11-07 11:11:03+00:00,3078.69,CANCELADA
365,3248,520,MWSJFN,2026-01-18 07:50:17+00:00,1186.07,EMBARCADA
4514,851,456,LDY8PV,2026-04-19 05:30:59+00:00,391.15,CANCELADA
3844,4083,288,H662ZN,2026-01-28 12:16:17+00:00,7459.32,PENDENTE
583,2680,364,OX9Q4H,2026-01-15 16:06:12+00:00,3341.72,EMBARCADA
1661,4546,760,11VYVW,2025-12-14 15:40:36+00:00,678.26,CONFIRMADA
4041,4785,694,YXXJ6U,2025-09-08 15:41:10+00:00,25.72,CONFIRMADA
2681,4416,306,U0MM5G,2025-10-12 07:03:32+00:00,4798.75,NO_SHOW
24,2754,756,S2ZCLT,2025-06-03 15:59:01+00:00,684.94,NO_SHOW
2951,3618,713,QF9V13,2026-05-16 14:38:13+00:00,709.38,PENDENTE
4923,1845,783,Q5SN0N,2026-01-07 09:51:02+00:00,2175.21,CONFIRMADA
4139,1267,643,88FFX6,2026-05-26 18:44:56+00:00,1512.05,CANCELADA
86,1443,955,FMMUZQ,2026-04-21 06:49:19+00:00,2605.78,CONFIRMADA
3545,3066,828,BWLTBS,2025-08-25 15:33:52+00:00,5382.72,PENDENTE
2562,4269,644,J2UG5G,2025-12-01 18:48:02+00:00,2205.3,NO_SHOW
523,4238,492,2RJ5EH,2025-09-07 21:08:34+00:00,7904.09,CANCELADA
2689,4448,937,2ZUB7R,2026-02-05 09:24:17+00:00,565.22,PENDENTE
4132,3303,171,OWROIX,2026-02-05 05:38:45+00:00,3277.31,EMBARCADA
966,4329,18,P3T5GU,2026-02-14 18:11:52+00:00,1477.24,NO_SHOW
2253,2733,804,HPFRN8,2025-11-22 05:07:34+00:00,2366.09,EMBARCADA
2402,4537,285,4YO98F,2025-11-15 02:39:23+00:00,3795.07,CONFIRMADA
1235,3116,818,PJEFRR,2026-01-30 03:12:12+00:00,192.89,PENDENTE
3956,2323,293,B2ZVUV,2026-01-03 19:01:00+00:00,1002.48,NO_SHOW
3708,3353,24,4ESOVS,2026-01-08 01:17:51+00:00,4077.69,CONFIRMADA
716,2883,692,5Z670Y,2026-04-09 22:32:56+00:00,1083.5,CONFIRMADA
89,4303,325,5VZ0ZQ,2025-10-16 09:24:59+00:00,2817.76,NO_SHOW
4491,3337,650,YQIJ7V,2026-05-30 23:03:07+00:00,3413.02,CANCELADA
2491,135,641,73SYT7,2025-11-16 05:07:35+00:00,669.27,PENDENTE
1971,2693,999,EPT6DE,2025-06-10 22:38:08+00:00,1707.72,CONFIRMADA
39,1686,992,96K57M,2026-01-11 01:41:37+00:00,5587.3,PENDENTE
575,1001,65,SIWTFK,2026-05-10 18:57:00+00:00,3074.52,EMBARCADA
1946,3697,452,20RJFS,2025-08-12 11:37:51+00:00,1450.75,CONFIRMADA
4686,1657,595,GASXZG,2025-09-26 13:53:56+00:00,1903.34,CONFIRMADA
2519,1549,291,AFRXZT,2025-12-14 01:32:18+00:00,1180.21,CONFIRMADA
3069,4546,385,PL9HMS,2025-09-13 21:18:53+00:00,1116.43,PENDENTE
43,1683,488,GTIBLS,2026-05-04 22:34:38+00:00,9689.09,NO_SHOW
1761,3544,250,BBBXHB,2025-06-19 05:40:10+00:00,2494.33,CONFIRMADA
4321,466,139,3MR4PR,2025-07-14 20:21:00+00:00,2851.74,CONFIRMADA
4131,4219,967,2D88T9,2025-06-11 22:06:10+00:00,3100.92,PENDENTE
3712,3968,440,MQZMTT,2025-06-24 23:10:54+00:00,1655.02,EMBARCADA
629,2898,669,5V9TEV,2025-09-18 07:37:32+00:00,10785.88,EMBARCADA
4973,3060,99,O7YS14,2025-08-12 21:18:25+00:00,713.72,NO_SHOW
4474,2549,240,8FA173,2025-08-07 03:28:17+00:00,1142.01,CANCELADA
105,1035,517,HGFMC7,2025-06-04 01:35:58+00:00,1515.25,NO_SHOW
3647,2508,977,XXZLBS,2025-07-28 12:14:35+00:00,2287.73,CONFIRMADA
3907,212,37,XD0HOR,2025-07-19 17:36:05+00:00,939.67,CANCELADA
4672,2115,787,AE9XVL,2025-10-12 10:09:26+00:00,7631.18,EMBARCADA
2274,2783,132,4SAS3R,2025-12-19 18:27:13+00:00,3776.35,CONFIRMADA
1695,677,147,O5OFW2,2025-10-25 19:16:06+00:00,3288.15,PENDENTE
2007,3992,353,GV1VG7,2026-03-29 02:19:56+00:00,1381.81,CONFIRMADA
4048,2815,438,3T65BG,2025-09-04 23:36:25+00:00,922.86,PENDENTE
22,4288,392,HMQH8Y,2025-11-10 08:45:14+00:00,6189.54,EMBARCADA
2692,4680,591,X3OE2D,2025-10-10 12:40:29+00:00,3621.46,NO_SHOW
1710,41,759,9KBEMO,2026-04-25 00:47:10+00:00,967.07,CONFIRMADA
4057,2670,408,7TT5SW,2026-05-13 15:16:57+00:00,2752.03,NO_SHOW
1619,3591,254,JXS22I,2025-09-12 23:36:00+00:00,71.05,EMBARCADA
3118,2190,577,ZNMB77,2025-09-08 21:44:13+00:00,288.84,PENDENTE
3850,4891,490,S4JIHT,2025-08-24 00:40:35+00:00,674.53,CONFIRMADA
2589,47,563,DFOWCS,2025-10-10 02:36:30+00:00,510.63,NO_SHOW
3813,2269,508,8FJWY7,2026-04-30 16:03:08+00:00,10265.3,CANCELADA
2317,721,58,E5FGAP,2026-01-11 12:58:30+00:00,616.64,NO_SHOW
1375,3327,936,DFFN1P,2025-08-04 13:02:13+00:00,619.46,CANCELADA
1044,2525,113,E2TQNN,2026-05-07 08:59:26+00:00,673.34,CONFIRMADA
4459,2579,305,QJ7M31,2026-01-27 01:14:44+00:00,1303.16,EMBARCADA
4436,1710,652,QZL0O9,2026-05-13 09:17:29+00:00,1843.51,PENDENTE
4047,3782,318,1NEZQU,2025-10-27 05:50:02+00:00,2028.09,EMBARCADA
2927,1852,200,KTJRN3,2025-10-20 19:25:31+00:00,1555.29,PENDENTE
1933,1759,912,EDHNF9,2025-09-02 18:26:11+00:00,456.77,NO_SHOW
338,4682,425,H6O4PS,2026-01-31 01:46:22+00:00,4568.96,EMBARCADA
1198,504,818,HTZ53R,2025-11-20 14:24:46+00:00,334.08,PENDENTE
2214,2158,782,J9J9LX,2026-03-15 03:07:32+00:00,765.29,PENDENTE
2813,157,227,8USWHF,2025-11-13 06:24:32+00:00,3408.71,EMBARCADA
3153,3498,722,3BFL5J,2025-09-26 06:05:46+00:00,2455.82,CANCELADA
3497,941,278,9YUFH9,2025-07-28 05:03:06+00:00,917.73,CONFIRMADA
867,3534,325,NXAS4X,2025-07-27 22:35:32+00:00,461.29,EMBARCADA
3970,976,904,J3A6I7,2026-02-18 04:57:01+00:00,2431.16,NO_SHOW
3127,2120,275,3HTGCD,2025-08-28 11:21:43+00:00,973.65,EMBARCADA
2140,3831,191,IW9A15,2026-05-06 00:27:40+00:00,5527.18,CONFIRMADA
1513,4200,167,CPF1PR,2025-09-18 04:46:04+00:00,4782.33,EMBARCADA
1900,282,840,MC0Q2N,2025-07-13 09:28:06+00:00,1886.81,CONFIRMADA
4751,259,358,GGTFIK,2026-02-19 06:55:21+00:00,922.18,PENDENTE
3056,4560,123,7UZ6CQ,2026-04-12 14:48:08+00:00,925.32,EMBARCADA
1031,4424,400,H5QVZL,2025-12-11 06:14:10+00:00,322.4,PENDENTE
3929,4509,145,CSC4UZ,2025-09-11 17:32:40+00:00,1028.91,CANCELADA
4348,1542,241,I4FW3M,2026-03-26 03:39:57+00:00,742.71,NO_SHOW
3310,2316,440,K656HU,2025-08-16 19:20:36+00:00,171.76,CONFIRMADA
3942,2066,506,DCWQ28,2026-01-09 01:24:11+00:00,1239.36,PENDENTE
1204,3597,743,8L7MXH,2025-11-28 10:07:53+00:00,1826.96,NO_SHOW
4746,4211,254,6RJIVG,2025-07-19 00:41:17+00:00,866.55,EMBARCADA
2939,3373,346,WKVGKQ,2025-07-19 01:07:00+00:00,370.91,CONFIRMADA
983,4186,374,7P4O3C,2026-03-25 15:16:58+00:00,1470.43,CANCELADA
4685,3187,168,0HF1TN,2025-11-20 02:30:20+00:00,7137.04,CANCELADA
1414,1606,418,GV0KD1,2026-02-22 11:33:20+00:00,793.0,NO_SHOW
315,4176,16,LG6ASA,2025-06-30 19:46:14+00:00,1476.4,EMBARCADA
3943,4969,398,MGV0LU,2025-07-14 01:40:16+00:00,2343.87,CONFIRMADA
1963,1064,405,2YC29D,2026-03-11 16:31:56+00:00,1922.48,PENDENTE
568,147,656,8M7QYR,2026-03-20 03:47:39+00:00,1373.73,NO_SHOW
3359,3993,847,TVBTRP,2026-03-19 23:55:13+00:00,878.49,NO_SHOW
1252,3436,270,HEODQS,2025-09-26 23:31:27+00:00,325.4,CANCELADA
3581,576,960,7HGHRA,2025-08-19 15:26:10+00:00,2362.26,EMBARCADA
1812,1314,340,T8JT0X,2025-08-21 13:17:07+00:00,1280.92,EMBARCADA
312,2030,744,QG39GH,2026-03-05 16:55:44+00:00,883.21,PENDENTE
3004,4965,808,BUQY9A,2026-01-20 07:38:26+00:00,977.11,NO_SHOW
2684,751,851,A5BQZX,2025-09-05 17:53:20+00:00,3558.27,PENDENTE
3313,2929,106,DUGM6T,2026-02-12 07:10:56+00:00,6116.59,CANCELADA
4048,4974,408,GVHQN3,2025-06-28 04:02:58+00:00,5126.16,CONFIRMADA
292,4487,921,QQ685L,2026-04-18 17:04:51+00:00,1100.66,CANCELADA
4134,52,698,V5S7VB,2025-09-10 14:20:12+00:00,1767.32,CONFIRMADA
1004,1929,396,M05U53,2026-04-04 04:57:18+00:00,986.33,CANCELADA
2244,2488,841,IE1ZYS,2026-02-18 00:25:11+00:00,412.73,NO_SHOW
3328,127,333,R7E7IK,2026-04-30 01:42:40+00:00,1081.75,EMBARCADA
2845,1035,296,ZTRR3O,2025-08-26 08:59:55+00:00,1054.09,NO_SHOW
2205,2879,904,T6H8T3,2025-09-21 23:38:41+00:00,3239.92,NO_SHOW
598,4298,611,5MHJC3,2026-05-09 21:49:58+00:00,3053.25,NO_SHOW
986,1628,963,WJEYQY,2025-08-25 09:29:45+00:00,2808.76,CANCELADA
192,4205,875,DYPVYE,2026-01-16 04:31:20+00:00,5028.81,CANCELADA
1920,4414,423,UQH39H,2026-04-14 07:22:17+00:00,219.65,CONFIRMADA
2164,2058,569,FWVJBU,2026-02-24 15:01:13+00:00,6203.34,CANCELADA
1162,4413,775,S5JFH3,2025-12-18 14:15:24+00:00,1955.33,NO_SHOW
4406,1053,229,GNDN0C,2025-08-25 23:47:46+00:00,7316.79,PENDENTE
1352,3076,13,4DHFCF,2026-02-01 19:56:55+00:00,1301.63,PENDENTE
292,974,123,J3U3X6,2025-12-18 22:49:35+00:00,721.28,CONFIRMADA
3766,2861,901,E5Y3QI,2026-01-02 05:19:46+00:00,2440.69,CANCELADA
3413,3002,663,TW6P5H,2025-10-06 21:36:48+00:00,1969.48,CONFIRMADA
4780,4379,193,RDHN53,2025-08-18 16:55:25+00:00,1027.93,CONFIRMADA
4408,1330,225,AB2GER,2026-03-24 22:22:50+00:00,3653.9,CONFIRMADA
1485,1532,130,23RVZU,2025-09-26 07:52:27+00:00,1146.82,NO_SHOW
4466,2332,233,IAPS9N,2025-07-31 23:05:36+00:00,604.73,PENDENTE
922,4385,166,IKEOHK,2025-11-13 01:42:21+00:00,4705.82,CONFIRMADA
1553,3580,353,306ZQO,2025-08-16 16:05:12+00:00,105.4,NO_SHOW
2941,4974,868,DWHB4Q,2025-06-16 11:38:51+00:00,5113.81,PENDENTE
4790,4382,135,W7357Z,2025-07-09 06:35:18+00:00,1336.73,PENDENTE
1364,2978,94,TQRWB1,2025-10-21 00:00:30+00:00,90.62,CONFIRMADA
122,3890,736,MDSFF6,2025-11-22 19:00:08+00:00,844.77,PENDENTE
2034,2801,445,5BS8ZX,2026-04-24 10:19:24+00:00,1418.23,CANCELADA
1685,2753,228,PT1AMI,2025-12-01 12:34:38+00:00,1226.75,CANCELADA
3778,1403,738,N5U3TM,2026-01-14 21:56:27+00:00,1551.09,CONFIRMADA
2051,1052,75,HT45AC,2025-09-16 13:06:12+00:00,1455.58,CANCELADA
1390,821,18,91ZQ8L,2025-06-14 22:49:33+00:00,826.49,EMBARCADA
148,732,2,PL7NGP,2026-03-25 12:31:28+00:00,1704.51,NO_SHOW
3515,3791,978,RRBYZ3,2026-01-11 15:00:05+00:00,1192.85,EMBARCADA
2575,314,366,DU5VYW,2026-03-14 22:44:09+00:00,1416.6,CANCELADA
2808,1303,299,PDOHJV,2025-06-07 19:29:24+00:00,1501.75,NO_SHOW
4396,487,894,UFUPRU,2025-10-07 07:56:02+00:00,2160.0,EMBARCADA
3793,4384,779,YV9BGM,2026-02-05 22:43:33+00:00,512.11,PENDENTE
1991,3403,98,STXR0B,2026-01-08 00:17:58+00:00,1363.47,CANCELADA
2740,808,794,TO8AUI,2026-03-20 22:47:07+00:00,748.34,CANCELADA
2390,77,812,J0S7XE,2026-04-25 20:22:30+00:00,7015.82,PENDENTE
2721,896,924,1ZUP0K,2025-11-09 03:49:18+00:00,1872.72,CONFIRMADA
4054,2232,201,GUO2TF,2026-01-20 23:19:08+00:00,1475.26,CONFIRMADA
973,981,395,RQKT1S,2025-06-09 22:07:58+00:00,3468.54,PENDENTE
2776,2607,27,UYQNIT,2025-08-27 23:39:21+00:00,4994.45,NO_SHOW
2477,3362,335,54U5HX,2026-04-07 02:59:28+00:00,1801.91,CONFIRMADA
4680,3865,339,V3Z7RA,2026-02-08 05:13:29+00:00,862.57,PENDENTE
4702,2357,400,2XMBNX,2025-11-28 19:48:58+00:00,431.22,EMBARCADA
4369,1799,392,WIGAYL,2025-06-29 05:24:15+00:00,5843.18,NO_SHOW
2660,3067,675,22GSDP,2025-08-24 16:55:01+00:00,4440.8,EMBARCADA
1869,901,736,GK2V3O,2026-03-15 00:06:20+00:00,1377.18,CONFIRMADA
2948,3899,341,ZRNBU8,2026-01-13 21:43:22+00:00,331.12,PENDENTE
2817,1187,956,N1NY7I,2026-04-06 15:55:10+00:00,73.86,CANCELADA
2973,4504,300,VCJXBM,2025-06-04 07:16:01+00:00,1374.5,PENDENTE
2871,275,866,R08DUP,2025-12-03 09:39:55+00:00,5251.98,EMBARCADA
1956,2672,358,4BF6JY,2025-10-27 16:11:38+00:00,1437.69,CONFIRMADA
758,924,460,5GO8SC,2025-12-15 20:42:25+00:00,1230.88,PENDENTE
16,4947,61,L0SMWG,2025-09-08 06:48:35+00:00,2005.99,CANCELADA
2842,529,367,WQ1HYH,2026-01-01 10:34:51+00:00,1847.64,PENDENTE
477,3227,673,NBMKJT,2025-09-30 03:47:38+00:00,1028.54,CONFIRMADA
2981,2660,336,WSU99D,2025-07-11 19:38:26+00:00,1587.75,CONFIRMADA
415,3285,278,GZBFF6,2025-07-25 23:53:12+00:00,877.92,CONFIRMADA
4884,4350,378,K4XKJ5,2026-02-27 05:26:47+00:00,254.76,NO_SHOW
929,2828,365,ZL4DSE,2025-08-18 04:20:35+00:00,2928.68,CANCELADA
4597,792,612,TYXX5P,2025-11-07 22:06:04+00:00,1719.62,PENDENTE
4610,2274,307,LIBIUC,2025-07-15 20:11:33+00:00,389.02,CONFIRMADA
2333,4381,437,LYNY8R,2026-02-12 04:34:55+00:00,609.56,CONFIRMADA
824,1837,910,R8UYVI,2025-07-04 05:00:26+00:00,2342.01,CANCELADA
1606,347,561,2539Z5,2025-07-17 15:35:58+00:00,543.02,NO_SHOW
748,4607,854,F8SUTJ,2026-04-17 00:56:13+00:00,680.44,EMBARCADA
2081,4276,356,R3K15Q,2025-08-24 02:05:36+00:00,445.83,PENDENTE
183,273,68,C7GT1E,2025-11-17 04:26:56+00:00,8953.73,NO_SHOW
332,2696,347,3WOHWR,2026-01-27 11:16:57+00:00,3940.89,NO_SHOW
945,730,929,AR6BLA,2026-02-09 17:14:21+00:00,10756.69,PENDENTE
300,497,148,DZYBEB,2025-12-06 17:42:04+00:00,7148.13,EMBARCADA
4007,878,880,S7F2CP,2026-01-11 18:41:47+00:00,1995.94,PENDENTE
1636,4580,61,7LWHY1,2025-08-23 08:41:51+00:00,1925.73,CANCELADA
870,1381,568,LVYUWW,2026-01-07 05:09:37+00:00,2976.98,CONFIRMADA
3086,3119,129,CGZSV6,2026-05-29 02:39:21+00:00,8417.82,NO_SHOW
2689,304,701,V322Y5,2026-05-09 06:00:10+00:00,687.54,CONFIRMADA
820,762,482,S2ZCYJ,2025-06-13 05:41:15+00:00,2208.7,EMBARCADA
2151,1835,379,OMKPCS,2026-04-19 20:53:07+00:00,1255.04,CONFIRMADA
1160,4236,63,C9GE5W,2025-11-03 01:48:06+00:00,1062.86,CONFIRMADA
1687,1161,829,66DBNR,2026-03-15 13:33:18+00:00,6221.68,PENDENTE
546,3595,217,O0V0O3,2025-07-01 21:34:33+00:00,306.68,CONFIRMADA
3414,56,896,SH9LDD,2026-04-24 09:44:40+00:00,292.19,CONFIRMADA
1790,905,549,E6F52M,2026-01-26 01:45:51+00:00,5692.91,NO_SHOW
3367,3948,756,24JRNL,2026-04-02 09:45:24+00:00,1161.5,EMBARCADA
4750,2544,779,N0QEFA,2025-06-21 12:50:42+00:00,912.98,PENDENTE
3768,1503,447,UWYE6H,2025-07-10 03:14:12+00:00,6316.01,PENDENTE
1251,946,478,RBJAON,2026-03-19 19:36:26+00:00,2218.49,PENDENTE
4862,3809,927,BFLNSP,2025-10-23 23:28:44+00:00,3091.03,PENDENTE
3129,2438,712,TUGC9Y,2026-04-02 08:06:17+00:00,7859.56,CANCELADA
515,229,676,3TAZU0,2025-10-16 07:15:14+00:00,412.4,NO_SHOW
2931,3733,433,ES2R6T,2026-05-17 21:32:58+00:00,1933.67,EMBARCADA
2950,3863,201,WHH20F,2025-07-25 14:57:42+00:00,1550.69,CONFIRMADA
2456,683,838,XJN6V1,2025-10-11 12:15:10+00:00,744.98,CANCELADA
1924,3731,49,YMB9XJ,2025-11-12 14:38:18+00:00,11924.65,CANCELADA
2425,4232,277,SZX79Y,2025-09-29 20:31:03+00:00,375.0,CONFIRMADA
4439,3225,686,B1QSJR,2026-01-22 08:52:33+00:00,4007.81,PENDENTE
2094,3540,771,3HSKMR,2026-01-01 03:37:48+00:00,4701.64,EMBARCADA
2446,143,65,9N4GMZ,2026-03-21 01:12:01+00:00,1545.15,PENDENTE
2647,281,517,3938V1,2026-05-04 05:22:50+00:00,550.15,PENDENTE
1891,1868,328,Q4OW9F,2025-12-03 14:45:58+00:00,9834.2,CANCELADA
3380,3846,823,6859YY,2025-11-19 10:36:51+00:00,227.68,NO_SHOW
1685,2559,824,9MHGUW,2025-12-05 23:03:23+00:00,2013.97,PENDENTE
1363,4465,787,U9D7WU,2025-09-27 18:57:55+00:00,2591.07,PENDENTE
2035,4758,861,NF3MK1,2026-03-23 05:32:44+00:00,60.11,NO_SHOW
3713,2706,572,EPOXRB,2026-05-21 21:21:29+00:00,7129.64,NO_SHOW
2388,1232,345,QDQC64,2026-05-04 18:23:29+00:00,3736.08,EMBARCADA
3635,1569,556,81MA5E,2025-12-20 00:27:21+00:00,149.64,CANCELADA
3245,4124,761,7HOTIX,2025-12-20 01:21:26+00:00,1677.37,EMBARCADA
4491,4475,319,RHKJV2,2025-10-19 21:37:44+00:00,3057.47,CONFIRMADA
1165,343,323,6DOB6D,2025-09-14 17:34:09+00:00,1013.86,CONFIRMADA
753,2395,10,X2FC78,2025-09-09 13:10:33+00:00,3099.5,EMBARCADA
2102,510,987,IQTE0X,2025-07-31 15:42:15+00:00,6419.75,NO_SHOW
1889,3143,196,WNNUYH,2026-04-16 01:59:57+00:00,669.79,CONFIRMADA
675,4904,350,57H69B,2025-07-02 12:25:51+00:00,295.06,NO_SHOW
4136,2965,794,JHORNL,2025-08-19 18:20:13+00:00,67.06,NO_SHOW
2108,2109,66,1SHON3,2025-06-30 00:20:29+00:00,3499.76,CONFIRMADA
1560,1073,241,P1FJ9K,2025-11-27 13:30:43+00:00,90.99,CONFIRMADA
2621,2362,538,2G4BN0,2025-06-23 05:29:04+00:00,440.38,EMBARCADA
4916,3283,842,36RUVQ,2025-10-23 08:49:40+00:00,646.68,EMBARCADA
873,3220,297,ZXGX3B,2026-05-15 23:43:53+00:00,1834.71,CONFIRMADA
3488,882,423,LIXQB7,2026-02-22 03:30:41+00:00,924.24,CONFIRMADA
1260,111,453,TQYU46,2025-12-23 00:55:52+00:00,111.88,CONFIRMADA
4662,4641,62,164DDV,2026-01-16 01:39:41+00:00,1286.75,CANCELADA
2823,4378,31,MERDEG,2025-10-17 23:48:48+00:00,726.53,CONFIRMADA
3284,1537,95,2Q7FO4,2025-08-28 02:06:01+00:00,755.11,EMBARCADA
1977,1851,240,DLYFF5,2025-10-31 09:51:18+00:00,2216.53,EMBARCADA
4099,813,397,EIQP87,2025-11-18 11:21:31+00:00,1605.36,CONFIRMADA
240,1848,31,DDXPUH,2026-03-22 14:51:29+00:00,4438.93,CANCELADA
2641,1255,154,DRDOXO,2025-09-28 16:01:36+00:00,650.7,NO_SHOW
3917,4106,136,CV7240,2025-10-20 06:01:20+00:00,1370.59,CONFIRMADA
2975,3944,159,XGCZ2A,2025-12-09 13:08:32+00:00,1992.7,EMBARCADA
3551,3460,767,32TTVW,2025-11-24 08:37:32+00:00,6103.13,NO_SHOW
3057,2954,989,CCY5KX,2025-10-30 12:36:53+00:00,6778.67,CONFIRMADA
2476,1298,343,7HRS4A,2026-03-20 09:29:21+00:00,3179.94,CONFIRMADA
2885,4497,485,XTVMAH,2025-08-02 16:26:20+00:00,2978.2,NO_SHOW
930,4440,753,P985WZ,2025-09-02 04:20:03+00:00,1080.71,NO_SHOW
4086,2054,560,FUENKZ,2026-05-12 14:21:15+00:00,2194.83,EMBARCADA
2189,1576,746,83V3AT,2025-06-26 01:08:08+00:00,1924.62,CONFIRMADA
4391,4483,869,OUNBHZ,2025-10-25 12:16:38+00:00,9303.46,PENDENTE
947,580,381,ZHX3SP,2026-05-09 16:55:34+00:00,1736.33,PENDENTE
2408,3500,118,LJPP9I,2025-06-25 01:55:13+00:00,692.26,PENDENTE
2053,1405,412,QUU2HB,2025-08-15 08:34:37+00:00,1398.05,EMBARCADA
974,741,419,EFUN9H,2025-06-26 09:52:30+00:00,224.41,CONFIRMADA
1550,2996,532,33MFNZ,2025-10-10 10:38:12+00:00,4174.18,PENDENTE
1743,3353,91,MVSWID,2026-04-15 01:19:05+00:00,5969.15,NO_SHOW
2605,1001,292,S0XX8O,2025-07-16 14:13:17+00:00,6397.85,CANCELADA
3896,4910,108,GWUZ7B,2025-06-24 02:29:44+00:00,8899.51,PENDENTE
4198,4200,404,T3WE0O,2025-06-25 18:04:51+00:00,1981.03,CANCELADA
1402,3459,891,RRHNDZ,2026-03-20 18:30:52+00:00,2016.09,NO_SHOW
4053,30,271,C89SRQ,2025-06-19 16:07:56+00:00,2099.13,CANCELADA
2800,112,272,EL371I,2025-07-03 03:34:15+00:00,3813.58,PENDENTE
542,3436,763,A1HZH2,2025-06-08 05:01:02+00:00,263.83,PENDENTE
2537,996,523,EJ1X2F,2026-03-12 06:47:37+00:00,2102.96,NO_SHOW
2711,2292,259,G8GH38,2026-04-15 13:41:02+00:00,898.64,EMBARCADA
2148,2838,445,EKMZ89,2026-05-27 07:20:46+00:00,1273.1,NO_SHOW
563,1738,152,PXJ7C5,2025-08-08 15:45:03+00:00,5825.29,PENDENTE
2010,4585,308,FZPCCJ,2025-10-05 00:45:56+00:00,10274.56,NO_SHOW
4784,3492,621,44BDGG,2025-08-22 05:46:47+00:00,1079.87,CANCELADA
3746,4470,573,R2AWVQ,2025-08-11 02:17:51+00:00,814.05,NO_SHOW
4042,2022,881,MHS49C,2025-10-19 10:40:13+00:00,1865.05,CANCELADA
1811,1867,270,S505N1,2025-12-28 20:39:06+00:00,4245.47,CONFIRMADA
1809,1219,236,UYCS2B,2025-07-11 20:26:16+00:00,1434.55,PENDENTE
3742,4333,307,ABH4WI,2025-09-02 17:05:12+00:00,6750.31,NO_SHOW
782,3940,674,J2QJJW,2026-01-26 08:51:11+00:00,981.24,EMBARCADA
4290,4393,418,8I3RK8,2025-11-11 07:07:21+00:00,1675.7,CANCELADA
3411,3732,947,8CLHUB,2026-04-24 04:33:29+00:00,249.6,CANCELADA
3167,4150,737,FAS2SR,2025-08-17 20:50:04+00:00,1691.52,CANCELADA
4778,3713,547,JP7BJ5,2026-05-29 18:37:38+00:00,2445.13,CONFIRMADA
4687,726,426,QB9IZN,2026-02-23 03:51:54+00:00,3160.74,CONFIRMADA
3367,1562,871,0TYJM4,2025-08-30 04:20:42+00:00,1820.71,PENDENTE
54,803,25,212ZG5,2025-07-12 13:07:10+00:00,1744.72,PENDENTE
2193,2578,963,51SQ60,2025-12-02 16:55:27+00:00,1303.73,NO_SHOW
1084,4591,971,OJCS5U,2026-03-23 01:50:32+00:00,3092.91,CONFIRMADA
2834,4569,735,LWA5T2,2025-12-11 17:06:53+00:00,1663.79,CANCELADA
1646,3997,898,OHI1NS,2026-03-22 16:43:38+00:00,772.28,CANCELADA
3877,1900,901,QMFMEB,2025-11-12 17:54:29+00:00,1122.77,EMBARCADA
206,4336,602,UK2Y2N,2025-08-28 00:59:23+00:00,835.27,PENDENTE
1647,4858,956,K8BS9H,2025-09-05 02:55:48+00:00,1369.73,CONFIRMADA
3865,473,300,IYX24K,2025-07-08 22:27:28+00:00,300.03,CANCELADA
2833,3666,474,YZ31B6,2025-06-26 06:22:31+00:00,995.78,EMBARCADA
1131,1042,887,J4Z8EL,2026-02-01 15:59:50+00:00,1619.68,CONFIRMADA
1378,1857,178,7Z7870,2025-11-28 21:26:33+00:00,1529.06,PENDENTE
1083,1552,510,7KW15G,2026-03-21 00:26:34+00:00,3447.31,NO_SHOW
1246,4771,380,58WK1D,2026-05-12 21:10:50+00:00,1882.02,CONFIRMADA
3782,3831,283,XU05Y2,2025-07-20 23:53:59+00:00,2330.74,NO_SHOW
185,535,487,MU4J11,2026-02-18 00:22:49+00:00,6063.17,PENDENTE
933,1505,26,EFJYRQ,2025-09-24 02:05:26+00:00,321.32,EMBARCADA
3549,3634,174,2QI5PW,2025-11-03 14:39:53+00:00,861.93,CANCELADA
3035,2665,997,03LOSO,2025-12-18 13:12:11+00:00,1069.64,CANCELADA
3016,555,297,MN8P2S,2025-08-18 11:24:39+00:00,810.24,CONFIRMADA
3304,986,335,HM68VQ,2026-03-17 00:22:27+00:00,1400.51,NO_SHOW
3986,1935,450,H3IJ9O,2025-12-15 22:27:35+00:00,1616.81,CANCELADA
231,35,228,XEQZ1R,2026-02-27 08:39:15+00:00,973.39,NO_SHOW
4838,294,206,NLMV56,2026-01-01 20:56:20+00:00,5942.42,PENDENTE
1275,2203,470,0FZWAN,2025-07-09 01:35:49+00:00,1126.44,PENDENTE
3838,888,283,OASZIX,2026-01-12 17:43:56+00:00,2481.13,PENDENTE
660,3675,872,V0BV2R,2025-06-06 10:34:43+00:00,3120.95,EMBARCADA
2474,667,390,C98OAB,2025-07-25 12:18:31+00:00,2172.29,NO_SHOW
1256,3919,330,ZCD418,2026-04-28 08:05:49+00:00,859.28,NO_SHOW
988,3598,839,LS7UVF,2025-10-20 14:15:35+00:00,2340.8,NO_SHOW
4771,966,473,VXCTFG,2025-09-23 13:00:12+00:00,866.81,EMBARCADA
1557,2507,414,3SX21J,2025-09-22 06:12:34+00:00,827.94,NO_SHOW
1554,4875,624,8GVHOV,2026-04-27 16:08:25+00:00,3110.06,CANCELADA
4793,453,445,1REG24,2026-03-29 00:50:03+00:00,1702.81,NO_SHOW
4378,4275,620,CQJN80,2026-03-12 07:17:51+00:00,1702.3,NO_SHOW
1080,3045,275,EKXNFS,2026-01-02 07:22:20+00:00,2375.95,CANCELADA
1781,56,380,TKT241,2025-08-26 03:07:59+00:00,759.69,CANCELADA
2935,2414,499,63XU6S,2025-06-22 23:08:00+00:00,286.01,EMBARCADA
718,684,608,6FYE8A,2025-10-30 18:28:12+00:00,7574.62,CONFIRMADA
3430,2490,881,B61UC4,2025-08-12 00:36:01+00:00,377.9,PENDENTE
3014,1816,191,DJ4YR5,2026-03-06 17:43:36+00:00,4152.1,CONFIRMADA
1827,2390,875,9CSNWQ,2026-04-15 04:22:50+00:00,4759.08,PENDENTE
1949,989,890,3YF1KZ,2026-05-20 05:02:03+00:00,4366.53,PENDENTE
2725,1664,76,AVRCJV,2025-07-02 20:16:05+00:00,300.67,EMBARCADA
3478,119,277,C2TLZ8,2025-11-29 10:04:54+00:00,710.9,NO_SHOW
1649,1587,523,7D2O05,2025-09-06 16:17:32+00:00,193.63,CONFIRMADA
4489,2225,329,7WY75C,2026-02-13 19:17:41+00:00,5736.48,NO_SHOW
80,337,395,9T2NMF,2026-01-23 09:30:52+00:00,1873.79,EMBARCADA
1862,3535,838,XJ0IJ5,2026-03-13 01:48:51+00:00,988.67,CANCELADA
4856,1144,694,L5UBDR,2025-08-07 02:05:34+00:00,510.07,EMBARCADA
75,1107,438,VTSFRD,2026-02-25 18:55:08+00:00,1918.33,CONFIRMADA
2717,4734,182,0CQKM7,2025-08-09 09:32:09+00:00,1758.1,PENDENTE
1831,2893,912,CC3JGX,2025-09-02 07:49:05+00:00,8160.05,PENDENTE
4902,367,830,0C8KNT,2025-06-18 01:36:21+00:00,3638.66,CONFIRMADA
2554,4860,911,420XB7,2025-11-18 11:19:04+00:00,2225.98,PENDENTE
987,2358,369,C0WYVP,2026-05-15 03:02:50+00:00,6044.3,PENDENTE
627,4550,601,OJYG28,2025-10-25 09:00:24+00:00,1433.01,CONFIRMADA
2384,4541,995,PLKUQE,2025-06-28 23:57:41+00:00,4305.87,CANCELADA
1833,3291,595,02GP2Z,2025-12-06 00:06:16+00:00,3404.13,CANCELADA
3745,61,956,ZY7N0Q,2026-04-15 01:04:00+00:00,752.96,CANCELADA
3921,3695,609,OZHN9I,2025-11-28 06:00:50+00:00,6818.44,EMBARCADA
2148,908,430,FXK4AX,2026-01-08 09:00:57+00:00,3313.6,PENDENTE
4721,2395,188,H4MIJV,2025-08-11 03:51:41+00:00,8271.8,EMBARCADA
847,305,373,3OV5Y3,2025-09-25 15:10:40+00:00,617.46,PENDENTE
4395,694,573,B7L9YJ,2026-05-27 02:47:52+00:00,735.38,NO_SHOW
230,4328,863,TWVKAX,2026-03-23 17:21:10+00:00,2042.94,CONFIRMADA
4674,247,510,EM3KMC,2026-05-02 18:47:53+00:00,158.16,PENDENTE
1616,457,550,A093GW,2026-06-02 21:01:44+00:00,1327.19,PENDENTE
1918,3795,954,2YQ5O4,2025-07-10 20:38:08+00:00,156.84,PENDENTE
3040,846,842,XVUM6E,2025-07-06 17:40:12+00:00,1667.28,CANCELADA
4554,89,170,LVZF3B,2025-12-10 21:55:31+00:00,341.55,NO_SHOW
2844,4206,857,Q10SOR,2025-06-22 19:11:03+00:00,937.42,CANCELADA
432,2195,576,0TM5XU,2026-04-27 17:26:41+00:00,816.68,NO_SHOW
4218,1791,689,XU8SO2,2026-04-08 17:02:59+00:00,11710.91,PENDENTE
948,1748,768,MODGWH,2026-05-23 07:41:08+00:00,6784.72,NO_SHOW
2196,499,267,6IJQSF,2026-03-20 05:35:29+00:00,4001.78,PENDENTE
3893,1746,984,ZISCVH,2026-03-19 02:56:25+00:00,1273.07,PENDENTE
2371,498,813,B13A1S,2025-08-27 21:29:59+00:00,378.81,CANCELADA
3150,2044,19,GBMWHO,2025-12-23 02:01:23+00:00,918.02,EMBARCADA
1310,3488,366,A6FRT4,2026-04-02 04:52:29+00:00,1208.17,EMBARCADA
2394,2950,959,B2I9E6,2026-03-03 15:44:45+00:00,432.21,EMBARCADA
3440,1610,682,GAYFD5,2025-09-28 10:33:07+00:00,275.55,NO_SHOW
4051,4318,677,NKL3GW,2025-12-30 02:41:23+00:00,134.62,CANCELADA
2702,4222,358,BBHC8L,2025-11-14 04:50:16+00:00,1153.34,CANCELADA
317,2823,199,59CPEJ,2026-02-05 23:47:06+00:00,1360.32,PENDENTE
2213,3846,885,VPYFIJ,2025-12-19 05:27:28+00:00,447.52,CANCELADA
4137,3715,717,GISKBE,2026-05-21 01:07:07+00:00,1650.86,CANCELADA
3623,847,680,X73HOH,2025-06-28 17:23:57+00:00,1416.2,PENDENTE
555,1338,708,BMTO23,2025-12-08 16:58:38+00:00,4005.12,CONFIRMADA
1575,519,873,9EC412,2025-09-11 14:06:27+00:00,207.11,PENDENTE
3700,1311,953,9TKMXP,2026-04-04 11:26:43+00:00,315.9,NO_SHOW
4071,1574,17,KNLC42,2025-12-11 08:02:38+00:00,1317.47,CONFIRMADA
3656,2945,537,0DFLSM,2026-03-25 12:28:25+00:00,826.99,PENDENTE
2608,2683,323,SO0DPG,2026-01-13 12:56:25+00:00,1318.24,PENDENTE
4154,796,145,7NAOBI,2026-02-28 08:59:26+00:00,1573.86,CONFIRMADA
2458,948,834,ZV84VA,2025-06-28 07:19:25+00:00,756.11,CONFIRMADA
4127,2478,697,D10GDW,2025-09-14 06:17:27+00:00,358.06,CANCELADA
4868,3899,741,S4VTA7,2025-10-04 22:31:14+00:00,315.35,EMBARCADA
3165,1433,707,2N4BOI,2025-08-13 21:48:03+00:00,5632.97,CANCELADA
210,800,840,N70O9S,2025-10-06 13:01:45+00:00,1607.86,EMBARCADA
2310,1495,624,ZXJAOA,2026-04-27 19:54:07+00:00,1100.3,CANCELADA
4174,1776,681,5GAO14,2025-07-25 08:52:27+00:00,1311.13,NO_SHOW
532,4939,268,H33W9V,2026-03-31 19:39:11+00:00,378.08,PENDENTE
2333,2916,582,SJQZ7Y,2025-06-27 08:32:06+00:00,284.18,NO_SHOW
964,1603,731,6PAC2O,2026-02-17 01:26:14+00:00,5341.75,CONFIRMADA
2820,3153,704,8KKY07,2025-09-07 20:42:37+00:00,601.29,NO_SHOW
4399,399,422,VBZDKA,2026-05-16 09:33:24+00:00,209.27,NO_SHOW
583,3787,227,DDCSS3,2025-07-11 18:56:50+00:00,2797.53,EMBARCADA
4584,2391,930,G94TOR,2026-01-10 18:49:44+00:00,733.01,CANCELADA
4589,1958,150,3OZYLQ,2025-08-30 21:47:21+00:00,715.09,CANCELADA
4371,3895,414,AGLU5U,2026-04-30 18:42:12+00:00,672.56,CONFIRMADA
375,3592,29,U63Y2I,2026-02-21 18:53:44+00:00,1458.13,PENDENTE
2259,4677,850,HYJPDS,2025-09-10 16:35:50+00:00,1238.26,NO_SHOW
1324,1371,317,V7MIEU,2026-03-06 16:02:27+00:00,150.88,CONFIRMADA
2280,3953,162,06SYPM,2025-07-01 19:51:19+00:00,1835.23,PENDENTE
4497,1173,401,FOTDJG,2026-04-15 10:54:09+00:00,1837.27,CANCELADA
848,2906,300,3AELGB,2026-04-24 16:31:48+00:00,2263.26,CANCELADA
4800,4739,475,QP39RG,2025-09-07 09:17:51+00:00,2293.6,CONFIRMADA
30,515,825,I2WUIS,2025-10-17 21:54:44+00:00,1442.98,CANCELADA
4325,1980,953,QL0DOL,2026-04-22 04:58:18+00:00,498.69,EMBARCADA
943,110,574,3HI6GH,2025-12-21 04:12:08+00:00,826.53,EMBARCADA
3429,1450,946,FTKGWU,2025-07-18 03:47:31+00:00,577.96,EMBARCADA
381,925,489,VXGM68,2025-12-28 00:27:28+00:00,8869.57,NO_SHOW
3101,1942,719,AR3KDO,2026-04-15 01:57:24+00:00,2382.16,NO_SHOW
1023,3668,458,NPDKXM,2025-12-26 08:26:49+00:00,1463.32,CANCELADA
4316,430,518,57ITOS,2026-02-11 23:57:16+00:00,512.41,PENDENTE
3443,1705,238,VVXTQ4,2026-02-01 20:20:02+00:00,2414.67,EMBARCADA
676,771,536,WIYMKK,2026-03-25 06:53:14+00:00,2301.34,PENDENTE
4414,4026,944,RE4Z5X,2026-04-13 02:44:41+00:00,2769.54,PENDENTE
364,3351,659,C6WTB6,2025-06-19 21:12:55+00:00,1772.93,PENDENTE
4731,425,469,52M92E,2026-03-18 03:49:37+00:00,1489.06,NO_SHOW
3566,3344,827,OGUNWI,2026-04-11 04:50:58+00:00,4900.71,CANCELADA
2650,356,542,69T5ZT,2025-07-18 20:44:45+00:00,1204.25,CANCELADA
4166,4823,214,Q8JRNQ,2025-11-28 09:26:38+00:00,894.31,CONFIRMADA
3911,3353,950,SFPLRJ,2025-10-29 00:28:24+00:00,4151.38,CONFIRMADA
2317,3256,860,4J759X,2025-09-14 08:48:25+00:00,1466.73,PENDENTE
1609,1629,357,04PJIJ,2025-12-13 17:25:10+00:00,786.71,CANCELADA
2784,410,815,VB1C86,2025-07-16 16:15:07+00:00,2821.26,CONFIRMADA
4981,1417,344,I5WFOB,2026-02-04 16:12:07+00:00,3106.04,NO_SHOW
2267,1911,421,MVTRXL,2026-04-07 12:49:35+00:00,1581.15,PENDENTE
673,523,690,DQI548,2025-12-01 05:36:14+00:00,2000.1,EMBARCADA
2812,735,349,COFA92,2026-01-23 01:21:42+00:00,406.06,PENDENTE
4299,3649,705,FVE229,2026-04-04 06:28:02+00:00,4388.68,CANCELADA
4524,4508,557,17AVLG,2026-05-05 17:52:50+00:00,615.21,CONFIRMADA
1487,3742,125,A88CC8,2026-02-28 12:44:28+00:00,409.91,EMBARCADA
89,52,975,7M5KUA,2026-02-01 08:49:28+00:00,3497.82,PENDENTE
64,1499,298,UWHTVT,2026-05-18 20:43:52+00:00,331.51,NO_SHOW
2002,2427,691,NR35KC,2025-09-25 02:33:27+00:00,4568.23,CONFIRMADA
4955,4335,524,GCZ6GO,2025-09-12 04:02:50+00:00,2994.9,PENDENTE
2341,4360,618,S3G1PA,2025-06-23 11:52:02+00:00,1609.73,CANCELADA
1521,4222,192,P1I2UL,2025-10-12 19:47:55+00:00,5720.54,CONFIRMADA
4838,1641,671,1NMFKY,2026-01-12 11:25:32+00:00,1155.03,EMBARCADA
3552,2694,991,5A0G33,2026-02-06 15:09:05+00:00,943.92,CANCELADA
1901,3511,662,OE17YM,2026-04-09 09:00:25+00:00,1490.38,NO_SHOW
4655,3900,371,F6QO75,2026-04-07 23:25:20+00:00,1796.11,PENDENTE
1634,2303,535,TUHUZO,2026-05-11 20:41:51+00:00,2572.79,CANCELADA
3330,4506,15,5ZZWKK,2025-07-02 23:30:48+00:00,3841.02,CONFIRMADA
3566,3505,33,DV9DKO,2025-09-25 00:34:47+00:00,1101.78,CANCELADA
2133,1745,4,CYE1YA,2026-03-16 04:49:25+00:00,503.06,CONFIRMADA
492,4864,949,S7T9F9,2026-04-08 11:08:32+00:00,6885.69,PENDENTE
2617,461,607,LYJ8OQ,2026-05-10 06:50:07+00:00,6727.34,CONFIRMADA
2018,760,500,B28SM8,2026-03-29 04:49:52+00:00,210.54,CANCELADA
1583,4839,706,159ICQ,2026-03-28 00:08:57+00:00,3710.88,CANCELADA
1273,4543,826,LE6JD8,2026-01-21 15:11:47+00:00,3584.37,EMBARCADA
2116,2302,913,RBKJDF,2025-12-19 17:46:48+00:00,127.17,CANCELADA
3413,3287,70,JF4IVK,2026-02-08 22:07:40+00:00,247.09,CANCELADA
412,1091,111,DDM9X6,2025-12-10 18:27:33+00:00,2805.02,PENDENTE
773,2673,977,DIMG6M,2026-06-02 14:35:37+00:00,2606.11,CONFIRMADA
4332,1096,16,WH9HD2,2025-08-21 09:48:53+00:00,506.34,EMBARCADA
1189,4023,383,97NM76,2025-10-24 18:20:18+00:00,3238.15,CONFIRMADA
4745,3299,235,I0TKNX,2026-02-10 17:47:54+00:00,236.65,CANCELADA
1550,4899,91,C3NLGF,2025-10-02 22:42:36+00:00,4121.38,CONFIRMADA
2072,3441,667,6TUOQ0,2026-05-16 22:49:56+00:00,6710.13,CANCELADA
4236,3997,214,02AL1J,2026-05-31 18:20:56+00:00,1101.45,NO_SHOW
1713,2006,645,6J9I79,2025-10-24 01:58:46+00:00,3039.81,CANCELADA
4106,3273,207,3D2GLS,2025-08-04 16:46:40+00:00,5397.76,NO_SHOW
2847,2012,469,KDKDVR,2025-07-24 04:55:21+00:00,2989.14,CANCELADA
900,939,448,1WUQYB,2026-02-22 21:36:35+00:00,634.21,NO_SHOW
1942,3084,130,CVWD2U,2025-09-01 01:51:11+00:00,1024.64,CONFIRMADA
3045,2502,125,24CNR3,2025-08-13 16:58:49+00:00,706.61,NO_SHOW
3907,4163,561,4JYHJU,2026-05-29 16:29:10+00:00,478.69,PENDENTE
4498,3472,972,TGD1VE,2025-11-20 13:31:50+00:00,6737.84,PENDENTE
3887,4956,136,DTHT41,2025-09-30 21:25:20+00:00,923.47,CONFIRMADA
3034,3588,880,ILFBAU,2025-07-23 18:15:54+00:00,2357.7,PENDENTE
714,3154,393,03UJR7,2025-10-22 18:34:42+00:00,415.13,EMBARCADA
3939,4080,176,3X4GCO,2025-08-19 13:04:27+00:00,154.86,CANCELADA
1353,4077,707,UA32MH,2026-05-11 11:50:19+00:00,1814.39,CANCELADA
2965,2044,801,9LKWFI,2025-08-07 14:11:53+00:00,901.32,NO_SHOW
2770,4768,498,IIGPK8,2025-09-21 18:38:28+00:00,402.38,EMBARCADA
515,2934,63,XAVROE,2025-07-29 11:24:27+00:00,1214.64,CONFIRMADA
2245,1823,590,T5YE4V,2026-02-04 04:35:20+00:00,708.52,PENDENTE
2251,1096,421,N7EOUM,2025-08-10 09:25:29+00:00,452.33,PENDENTE
4080,3438,441,LNXUXU,2026-05-31 20:29:47+00:00,308.81,CONFIRMADA
4046,4819,44,KW348D,2025-09-06 03:28:11+00:00,789.35,NO_SHOW
142,1517,537,VER6Y2,2026-05-25 14:14:30+00:00,1679.11,CONFIRMADA
546,77,73,STSG4N,2026-04-08 07:57:11+00:00,1191.01,PENDENTE
4548,4322,723,YOBNWF,2025-07-23 07:22:27+00:00,613.01,PENDENTE
458,2768,270,5MAPO9,2025-06-22 08:20:14+00:00,1174.53,CONFIRMADA
1299,1802,58,NE14CE,2025-11-09 04:41:24+00:00,2802.11,NO_SHOW
1766,1314,261,XD1RAJ,2026-01-18 03:56:18+00:00,1231.01,PENDENTE
1295,1501,543,M63UPW,2025-06-23 03:57:20+00:00,1169.3,CANCELADA
3649,3950,323,J8JGKK,2025-11-05 22:39:53+00:00,966.7,CANCELADA
3441,3925,779,LEZ0QQ,2025-12-25 10:41:01+00:00,936.4,PENDENTE
1252,3217,778,FFSN80,2025-11-16 03:32:17+00:00,947.73,CANCELADA
4851,209,599,A6DZ4M,2026-04-12 10:48:53+00:00,607.54,CANCELADA
4582,3475,626,P1FBUJ,2025-06-05 06:42:50+00:00,689.08,NO_SHOW
4838,951,972,IMP4C7,2025-06-25 05:36:37+00:00,3669.93,PENDENTE
3910,4812,80,GY0FYP,2025-12-24 09:11:16+00:00,715.8,EMBARCADA
1603,819,209,OQZWOY,2026-03-31 23:35:01+00:00,5414.02,CANCELADA
4704,3343,162,YCPI8A,2026-03-05 13:02:45+00:00,1511.82,CANCELADA
3504,2380,446,CD9YOQ,2025-10-13 03:40:36+00:00,443.95,NO_SHOW
234,1142,318,VA9X6C,2025-06-20 10:30:19+00:00,783.64,PENDENTE
368,626,485,69541Z,2026-04-26 12:55:12+00:00,1257.59,EMBARCADA
1293,1564,163,NE24TI,2026-01-31 07:53:30+00:00,1425.54,CANCELADA
2204,2998,26,K1BO9L,2025-06-11 09:25:40+00:00,2893.32,PENDENTE
3922,3911,657,BKMYM5,2026-04-12 16:19:39+00:00,1067.64,NO_SHOW
295,181,97,JA9BDK,2025-08-16 05:38:52+00:00,419.94,CONFIRMADA
3195,3673,273,GUKMYD,2026-02-18 22:35:54+00:00,329.53,PENDENTE
1761,2393,248,M09TQA,2025-06-09 07:10:11+00:00,5733.86,PENDENTE
4685,4883,245,1MROLC,2025-07-14 08:23:13+00:00,4152.02,CANCELADA
2226,932,358,XF8D11,2026-01-02 22:39:01+00:00,333.1,PENDENTE
2529,2966,29,BVFNOR,2026-05-07 13:47:50+00:00,6964.17,PENDENTE
2804,717,297,OTKM28,2025-11-07 10:21:52+00:00,484.57,PENDENTE
854,728,344,KDROCY,2026-05-26 22:48:50+00:00,1769.81,EMBARCADA
4481,748,940,OUWO5J,2026-02-09 09:51:30+00:00,636.08,NO_SHOW
8,4742,359,JZ6JZT,2025-07-27 13:58:45+00:00,2859.69,CONFIRMADA
1270,4225,182,U9KCJN,2025-06-07 18:22:47+00:00,544.65,NO_SHOW
3822,4954,624,OOT21Q,2025-08-05 00:08:35+00:00,1987.37,NO_SHOW
3962,3166,980,OH4DIA,2026-02-21 07:05:05+00:00,409.86,EMBARCADA
4671,2852,330,IR638P,2025-12-25 09:41:54+00:00,2137.13,CONFIRMADA
3172,2215,942,1KYLTF,2025-09-25 22:48:41+00:00,1496.91,CONFIRMADA
1571,3109,149,HW6PUJ,2025-07-02 20:33:26+00:00,4529.19,CANCELADA
4544,1806,77,XLLLK1,2025-12-28 08:36:26+00:00,619.42,PENDENTE
4709,1302,427,PEUNFZ,2026-04-15 18:26:04+00:00,1192.86,CANCELADA
3962,271,114,3PYC8F,2025-10-20 01:01:23+00:00,809.2,EMBARCADA
4513,39,55,HQRCLW,2026-04-19 07:05:54+00:00,1721.37,NO_SHOW
3843,1131,518,PHCDW2,2025-09-08 17:48:04+00:00,1721.29,CONFIRMADA
3743,4774,347,X2K87D,2025-07-23 09:24:34+00:00,6809.5,CONFIRMADA
72,3069,863,RBX9TY,2026-03-24 18:59:37+00:00,313.44,CANCELADA
4991,656,560,GJZ8WH,2025-12-20 20:26:42+00:00,1251.75,NO_SHOW
4377,1026,564,KNQ1IO,2025-07-20 18:18:30+00:00,2805.57,PENDENTE
3008,3939,268,Y71WLK,2025-07-08 04:54:08+00:00,7331.09,EMBARCADA
4579,3574,844,8G8Y4Z,2026-01-06 04:46:50+00:00,2638.38,CANCELADA
2149,2645,592,E5C5ZK,2025-12-27 08:47:08+00:00,1417.07,CANCELADA
4755,3384,549,A3H7SN,2025-11-24 13:16:37+00:00,6807.22,PENDENTE
3209,687,37,60GC57,2025-07-26 23:42:07+00:00,368.42,CANCELADA
2303,961,167,ZID4V8,2025-11-09 09:12:45+00:00,581.26,CANCELADA
2017,2553,253,G5KELL,2026-01-29 12:21:53+00:00,588.06,CONFIRMADA
1112,4820,638,MLEQHZ,2026-06-02 15:56:01+00:00,1137.52,NO_SHOW
498,2334,147,FY89QR,2026-01-20 01:08:23+00:00,1396.7,CANCELADA
1647,4984,708,13DHEP,2025-08-07 20:33:44+00:00,2722.06,CONFIRMADA
422,370,167,HA3H0L,2025-12-04 07:45:59+00:00,2797.53,NO_SHOW
642,4755,867,HEGSM5,2025-11-02 17:33:10+00:00,6595.51,CANCELADA
1897,3588,846,VSHPKW,2026-02-24 20:26:54+00:00,6302.77,CONFIRMADA
1513,4861,493,1O9W7B,2025-11-26 12:06:28+00:00,492.14,EMBARCADA
3295,1919,517,SRROK6,2025-08-03 04:44:44+00:00,866.25,CANCELADA
4099,1211,542,BFJO4O,2025-11-03 16:13:49+00:00,1681.2,PENDENTE
1136,3232,697,QHN1QX,2025-09-16 13:32:43+00:00,604.56,NO_SHOW
4337,2923,918,3CDO4W,2026-01-10 14:45:28+00:00,142.77,PENDENTE
3514,907,600,LZTMY7,2026-05-16 16:13:06+00:00,2386.12,CANCELADA
1883,1076,256,IVUO7G,2025-09-25 11:35:55+00:00,1050.63,EMBARCADA
4826,890,989,RI570W,2025-06-21 13:34:19+00:00,8865.64,NO_SHOW
463,3521,457,YR614D,2026-05-11 00:30:38+00:00,1181.73,PENDENTE
2001,2833,603,3R26Y2,2026-04-19 14:48:15+00:00,2803.32,EMBARCADA
930,4170,975,9EZOCT,2026-03-30 05:26:44+00:00,3416.6,PENDENTE
1351,3873,19,U5G0II,2026-06-02 00:19:23+00:00,753.17,NO_SHOW
714,1826,952,J22MU7,2025-12-20 22:44:28+00:00,1264.68,CANCELADA
1755,3396,6,0S5QXY,2026-03-13 03:03:04+00:00,5459.4,NO_SHOW
2057,4421,780,Z6FE0Z,2025-12-27 19:13:29+00:00,1349.18,NO_SHOW
67,633,539,YML47L,2025-08-15 14:27:10+00:00,782.77,EMBARCADA
1037,2052,718,WJNO5G,2025-11-06 18:32:41+00:00,2463.7,NO_SHOW
2367,4212,925,F9KC7Z,2026-01-14 21:04:57+00:00,3816.78,PENDENTE
3799,3629,879,TMF62F,2025-10-03 06:55:36+00:00,914.65,EMBARCADA
3866,183,699,8DW9WO,2025-10-30 17:56:58+00:00,533.66,NO_SHOW
1294,4214,167,CGWEGJ,2025-08-28 10:14:01+00:00,5327.1,PENDENTE
2481,4552,523,BWX612,2025-08-29 12:45:09+00:00,2329.99,CANCELADA
4298,3361,108,P7M69W,2025-12-04 12:06:12+00:00,522.27,NO_SHOW
4808,4206,36,CWGWA3,2026-02-07 19:04:09+00:00,920.68,NO_SHOW
3214,4868,72,LUBMTL,2025-07-16 15:36:11+00:00,5718.12,PENDENTE
1786,1132,872,9AJ06X,2026-05-07 17:58:06+00:00,7983.99,EMBARCADA
4148,2236,995,H8CAN5,2025-09-18 20:37:36+00:00,1111.82,EMBARCADA
3224,2284,323,LAZYC0,2025-09-28 01:35:22+00:00,734.5,CANCELADA
834,415,833,M7JWF9,2025-07-15 20:24:46+00:00,879.37,NO_SHOW
4364,1824,990,5EWXTM,2025-07-06 05:16:19+00:00,3417.18,PENDENTE
3668,4973,912,YLN3HY,2026-02-25 17:23:05+00:00,5806.19,NO_SHOW
2712,2403,373,P4EZF0,2025-12-17 18:44:20+00:00,132.16,CONFIRMADA
3490,227,818,N5224Y,2026-04-04 06:30:05+00:00,640.74,CANCELADA
471,47,254,K65UY7,2026-01-07 21:04:36+00:00,255.31,EMBARCADA
3854,4309,848,XR430A,2026-05-20 20:08:58+00:00,3030.41,NO_SHOW
4818,4150,425,VNUF8U,2025-10-08 05:10:19+00:00,3054.59,PENDENTE
877,3053,417,X1RJBO,2025-11-14 13:42:17+00:00,1362.25,PENDENTE
3914,3647,298,DHLAZO,2025-10-23 22:27:45+00:00,1149.03,PENDENTE
38,2759,986,8CRLIN,2026-01-29 03:51:00+00:00,2251.59,PENDENTE
654,2109,139,SZEO7F,2025-09-04 15:08:52+00:00,2065.18,PENDENTE
3114,1953,537,R3405D,2025-06-15 05:25:01+00:00,1794.43,NO_SHOW
2674,1925,216,9M6KQF,2026-02-28 16:19:59+00:00,1459.45,NO_SHOW
3292,2114,607,2M3Z38,2025-06-04 10:14:22+00:00,5470.54,PENDENTE
2203,3313,710,1WNV06,2025-10-24 22:07:07+00:00,338.23,CANCELADA
4663,4955,847,PIQJ9Q,2025-08-10 20:28:14+00:00,5903.71,CONFIRMADA
4426,703,25,2UU8BA,2026-03-11 00:50:07+00:00,2533.0,NO_SHOW
2231,4082,664,W0J27L,2026-05-24 05:53:13+00:00,1395.89,NO_SHOW
2025,2797,970,L9QTAU,2026-05-26 16:58:49+00:00,2208.42,CONFIRMADA
4605,4503,990,AI1KXE,2026-03-08 02:40:15+00:00,2471.13,CONFIRMADA
2735,4991,582,B0HLBC,2025-08-27 03:37:16+00:00,2221.68,PENDENTE
2412,2553,820,D47CTZ,2025-09-04 02:55:56+00:00,1037.74,CANCELADA
3964,2154,312,QRJDS4,2025-12-23 22:03:19+00:00,5241.42,EMBARCADA
3473,1954,969,K322T0,2025-09-23 23:54:17+00:00,1212.9,NO_SHOW
612,1797,107,7TEPNH,2026-02-07 18:47:34+00:00,1103.92,CONFIRMADA
3560,202,784,N47IAD,2025-09-11 17:22:54+00:00,2432.19,PENDENTE
528,3446,860,YIVFE9,2025-09-04 03:50:07+00:00,766.43,CANCELADA
2383,1734,162,N8H402,2025-12-21 03:02:55+00:00,3136.61,CANCELADA
1731,3261,910,8GWLK2,2026-05-14 06:07:07+00:00,1711.48,CANCELADA
3627,2116,699,DZVEW4,2026-01-31 11:25:10+00:00,400.39,EMBARCADA
2089,3315,921,7SMOPM,2026-05-28 11:59:26+00:00,245.33,EMBARCADA
846,865,477,AGPTV7,2026-02-17 19:16:43+00:00,273.21,EMBARCADA
209,4193,333,MXQPPL,2025-11-05 00:49:25+00:00,1233.31,CANCELADA
4535,4942,779,NVNU2S,2025-08-30 05:17:50+00:00,808.51,CONFIRMADA
2540,602,941,FOFTD9,2026-03-07 11:58:38+00:00,959.24,NO_SHOW
4318,690,146,5NRCAV,2025-08-26 04:11:57+00:00,2842.92,NO_SHOW
4379,730,549,K940TZ,2025-09-08 14:56:43+00:00,11258.06,NO_SHOW
386,4771,531,4T5CH5,2026-04-02 09:17:30+00:00,3120.61,CANCELADA
4721,2056,581,JTGHOH,2026-05-05 09:22:10+00:00,1151.31,PENDENTE
2631,3995,650,2N8YDV,2025-12-27 21:16:45+00:00,1975.67,NO_SHOW
1683,1647,181,SJ8K8I,2025-07-16 11:47:42+00:00,787.29,CONFIRMADA
524,1576,842,GHKN12,2026-05-09 21:45:44+00:00,509.88,PENDENTE
1601,1042,99,YOHSRA,2026-05-16 17:05:27+00:00,708.93,EMBARCADA
45,2328,649,F4EG7M,2025-09-15 14:52:07+00:00,4705.9,CONFIRMADA
244,3194,414,UJWL2C,2026-04-28 00:52:35+00:00,730.95,NO_SHOW
2368,1602,172,RZEPLX,2025-07-07 11:31:16+00:00,5509.87,NO_SHOW
63,425,670,9D4PLK,2026-05-04 22:17:38+00:00,496.35,EMBARCADA
2824,4217,326,4RG01L,2025-11-08 02:26:00+00:00,3092.63,PENDENTE
3403,4826,521,G4XD4O,2026-03-23 15:43:02+00:00,379.86,CANCELADA
2985,1013,685,J5XUA2,2025-12-10 21:04:34+00:00,980.87,EMBARCADA
2067,2502,158,DADUZI,2025-11-16 17:22:10+00:00,392.18,CANCELADA
1799,3218,662,OGLOVJ,2025-09-21 14:59:18+00:00,2055.79,CANCELADA
1157,561,68,IMMZ6G,2025-10-20 03:41:42+00:00,5210.3,EMBARCADA
2263,1331,726,1PZ0EB,2025-06-20 20:56:17+00:00,372.15,EMBARCADA
4645,1295,315,J9E5T7,2026-04-03 01:07:44+00:00,1452.89,PENDENTE
2102,3021,122,DS5DCY,2026-04-20 14:43:14+00:00,1909.0,CONFIRMADA
1118,2176,404,JXFEZ2,2025-11-20 22:25:52+00:00,900.63,EMBARCADA
4626,3867,444,CJMH29,2025-12-27 11:31:46+00:00,2172.38,PENDENTE
1797,1898,71,2QAUR4,2025-11-14 09:14:00+00:00,4032.6,NO_SHOW
1776,2418,254,QEMKYH,2025-09-15 02:28:31+00:00,612.89,CONFIRMADA
893,3612,133,GF6QD3,2025-06-21 23:21:08+00:00,1643.72,EMBARCADA
2387,4461,418,A54LLH,2026-01-25 13:25:35+00:00,1004.26,CONFIRMADA
1975,4274,939,YZCN12,2025-11-27 02:33:20+00:00,288.93,EMBARCADA
4099,527,53,3OFP5B,2025-12-11 07:04:28+00:00,489.45,PENDENTE
601,4528,815,DL35JX,2025-11-21 17:30:57+00:00,2586.75,PENDENTE
2104,4135,178,D2OKR3,2025-11-29 15:54:51+00:00,141.32,NO_SHOW
2558,1135,206,4FI0CG,2025-11-30 19:59:21+00:00,2160.03,EMBARCADA
3246,3091,193,4JZAGJ,2026-04-04 16:44:39+00:00,1112.16,PENDENTE
4123,4102,565,SFXPL1,2025-09-16 06:41:24+00:00,1084.96,CANCELADA
884,569,927,O7747F,2025-12-09 23:43:33+00:00,634.66,CONFIRMADA
4443,858,606,J6I7MR,2025-07-21 09:14:57+00:00,5736.96,CONFIRMADA
4382,2253,38,3WUDAR,2026-02-22 19:46:56+00:00,836.18,CANCELADA
4266,4007,451,N68G4I,2026-03-15 16:31:45+00:00,2618.56,EMBARCADA
2512,1756,703,RQ6S04,2025-09-29 19:39:15+00:00,3213.3,CONFIRMADA
783,3261,247,XGH53J,2026-04-14 17:52:31+00:00,3511.7,PENDENTE
3808,899,712,S6TSXL,2026-04-29 23:15:52+00:00,195.01,CANCELADA
1678,251,448,TR21NE,2025-08-09 05:56:43+00:00,6750.39,NO_SHOW
3246,3731,78,ZMHC64,2025-07-23 00:20:32+00:00,2243.02,CANCELADA
472,3732,526,2XAUYA,2025-12-04 08:31:34+00:00,231.01,PENDENTE
2005,1494,311,ZFDHZR,2026-02-16 04:54:37+00:00,4150.53,PENDENTE
2987,4913,889,8OWX8L,2025-08-05 14:11:21+00:00,11454.32,NO_SHOW
2315,3138,884,YUE3FG,2025-09-19 06:32:11+00:00,2491.47,CANCELADA
930,4994,457,JQ8XBI,2025-09-11 22:32:49+00:00,514.28,CONFIRMADA
879,2034,874,ICBL70,2026-05-18 10:44:57+00:00,850.86,CANCELADA
2698,2976,28,JBQP6D,2026-01-18 13:53:06+00:00,6102.99,EMBARCADA
108,664,686,ILG22P,2025-07-21 18:55:08+00:00,4789.94,PENDENTE
1479,1345,805,L3CV6A,2025-07-03 18:20:48+00:00,1286.71,PENDENTE
1805,925,351,7LT35E,2026-01-29 13:21:19+00:00,4059.26,EMBARCADA
2593,1797,581,JKVL35,2026-01-06 00:46:54+00:00,299.79,CANCELADA
2884,3477,89,ZCIJ6N,2025-08-03 18:59:53+00:00,1486.77,CANCELADA
4005,2615,242,56PGLI,2025-10-28 18:03:39+00:00,273.58,EMBARCADA
3569,273,726,HFCRIA,2025-08-07 09:31:10+00:00,5113.17,CONFIRMADA
1800,2506,148,I1GIC4,2026-04-13 18:42:20+00:00,4957.24,CONFIRMADA
2933,1775,193,H8YHGS,2025-08-21 20:05:35+00:00,783.01,EMBARCADA
357,2357,581,XIW2ZU,2025-06-10 08:12:26+00:00,333.22,CANCELADA
1702,445,965,5W0V5S,2025-12-16 06:34:35+00:00,1249.39,CONFIRMADA
1254,4629,941,O9LVNN,2025-07-15 18:37:47+00:00,989.54,PENDENTE
199,2458,268,8PHHZB,2026-05-05 02:13:52+00:00,9216.55,EMBARCADA
3627,4231,886,AX39L2,2026-04-04 19:16:54+00:00,533.19,NO_SHOW
4523,1047,315,Q9BJF5,2025-09-07 12:04:05+00:00,1698.93,CONFIRMADA
219,1972,32,7YQJ85,2025-11-05 02:57:38+00:00,8106.76,PENDENTE
2217,1036,623,OYBHHT,2026-04-26 10:02:49+00:00,1744.07,PENDENTE
163,3711,765,2K1NM1,2025-10-20 01:59:57+00:00,4304.09,NO_SHOW
4578,1593,134,AC0UT8,2026-04-19 08:49:21+00:00,514.19,EMBARCADA
2349,4611,678,2YD4GX,2026-01-31 17:00:21+00:00,341.77,CONFIRMADA
3005,1332,554,UM8L4D,2025-09-27 15:15:10+00:00,464.8,NO_SHOW
1297,2160,490,1ISRUV,2025-11-12 07:28:14+00:00,2496.2,CANCELADA
3416,1883,452,EYFAR3,2026-04-11 15:55:37+00:00,1822.02,EMBARCADA
1551,1901,352,41BW6A,2026-03-02 20:27:49+00:00,573.69,CONFIRMADA
2447,292,380,CQR4S4,2025-11-28 23:07:47+00:00,2505.34,EMBARCADA
3948,4669,563,HQH8T8,2026-02-26 22:20:46+00:00,1857.78,NO_SHOW
3990,170,771,G1NRJG,2025-10-12 07:29:59+00:00,2835.0,CONFIRMADA
544,4070,2,N7O02K,2025-12-07 16:28:44+00:00,635.57,NO_SHOW
3041,2664,798,JCLELD,2025-08-23 16:31:17+00:00,376.37,NO_SHOW
3797,3525,829,T4CJV5,2026-01-25 08:13:43+00:00,10165.31,PENDENTE
567,584,553,JFQMOR,2026-02-20 11:44:14+00:00,1463.25,NO_SHOW
4430,1506,490,EQY5O6,2025-10-21 12:51:46+00:00,701.23,NO_SHOW
849,890,786,QHXT4D,2026-02-20 03:04:40+00:00,4823.95,EMBARCADA
1052,1463,727,5TQYVF,2026-05-09 22:35:19+00:00,4425.09,PENDENTE
2476,1332,750,Q9SS5C,2025-09-22 03:35:56+00:00,1057.42,CONFIRMADA
765,2667,954,VLLDOF,2025-06-24 15:11:30+00:00,1345.67,CONFIRMADA
358,1669,264,3CBYUI,2026-04-20 04:29:08+00:00,98.05,PENDENTE
633,2716,872,DXLEJS,2026-01-09 15:29:18+00:00,4159.15,NO_SHOW
3216,3930,319,32UJFB,2026-02-08 20:53:43+00:00,1397.51,EMBARCADA
2027,1296,417,K1N9AY,2026-04-24 10:00:19+00:00,81.65,CANCELADA
740,4451,19,G2ZEXG,2025-07-25 15:52:06+00:00,2515.78,PENDENTE
2641,4814,145,FEBDT0,2025-12-10 23:14:18+00:00,3083.15,PENDENTE
4529,2852,241,DCO0LN,2026-04-29 20:56:01+00:00,725.82,PENDENTE
4068,3823,222,ZRITN9,2026-04-30 17:43:55+00:00,796.04,CONFIRMADA
1674,4788,644,IZHZPT,2025-06-26 05:45:14+00:00,123.02,CANCELADA
1626,2073,810,99JULJ,2026-03-29 21:46:06+00:00,2369.48,NO_SHOW
4133,2520,778,FKEMSA,2026-05-12 11:52:01+00:00,2096.2,PENDENTE
205,3152,128,L17YQA,2025-10-13 16:55:15+00:00,6283.31,CANCELADA
4320,3101,588,3QL46C,2025-07-19 21:35:30+00:00,5839.84,NO_SHOW
4246,869,803,T2GP5Y,2025-09-14 05:06:34+00:00,2578.49,PENDENTE
702,3303,269,HHON97,2026-04-19 17:28:53+00:00,8319.33,EMBARCADA
3862,3759,539,7C2HXA,2025-07-11 16:17:34+00:00,545.67,EMBARCADA
2944,4912,885,1HOYJ1,2026-03-10 10:06:29+00:00,4123.2,CANCELADA
2415,865,822,9UUUGA,2025-11-24 15:19:51+00:00,324.68,PENDENTE
3063,1582,345,JFFOZT,2026-03-28 05:15:50+00:00,4050.83,CANCELADA
1677,137,605,9Q48GB,2026-05-10 08:32:45+00:00,1884.9,NO_SHOW
378,3090,374,PRA0KX,2026-05-09 18:46:11+00:00,1314.8,PENDENTE
3155,4639,14,0OWFP1,2025-07-03 03:21:19+00:00,879.0,EMBARCADA
2694,3652,588,5HXIEU,2025-11-16 11:14:33+00:00,2687.7,EMBARCADA
361,4938,105,8KJLFA,2026-05-08 02:29:59+00:00,2606.2,EMBARCADA
2708,1219,848,U0DQ1D,2026-03-14 00:01:36+00:00,6547.05,NO_SHOW
487,2310,272,VZ7RPF,2026-06-03 12:44:26+00:00,4078.12,NO_SHOW
4120,4846,958,R6SPQJ,2026-03-13 08:35:37+00:00,943.71,CONFIRMADA
2817,2874,167,E96NOS,2026-05-05 17:10:45+00:00,3690.79,NO_SHOW
2329,788,713,HHEGJN,2026-03-30 02:15:55+00:00,1073.18,NO_SHOW
1145,3305,449,1HYHAB,2025-07-11 20:00:36+00:00,2682.78,PENDENTE
4086,285,352,CWGOGP,2026-05-07 17:38:43+00:00,7262.08,CONFIRMADA
4932,344,512,A2W16F,2025-09-04 01:34:28+00:00,6486.03,PENDENTE
934,4733,756,ETN7C7,2025-07-26 17:07:08+00:00,184.92,NO_SHOW
2479,621,160,Z29WN4,2026-05-31 21:25:12+00:00,2102.02,CANCELADA
3897,2473,197,KIKWR4,2025-10-02 08:00:34+00:00,686.74,PENDENTE
1645,1260,610,EC7LBF,2026-01-25 19:41:09+00:00,2631.01,NO_SHOW
1075,4646,76,7L036B,2026-05-03 18:51:06+00:00,997.68,EMBARCADA
421,424,55,RCEVRD,2026-02-23 18:21:21+00:00,4022.49,CANCELADA
4039,2102,398,B05NXU,2025-06-26 23:55:46+00:00,568.77,CONFIRMADA
2861,1331,968,IZQZKL,2025-11-01 14:03:22+00:00,651.68,NO_SHOW
2575,1562,313,7CG4YE,2026-01-21 18:42:25+00:00,267.26,CONFIRMADA
4346,87,498,RARM0W,2025-06-21 14:38:49+00:00,797.93,PENDENTE
4863,4479,352,7KQNXM,2025-12-08 08:01:42+00:00,6626.85,EMBARCADA
689,1151,376,0R2UI9,2026-04-23 11:58:04+00:00,680.43,EMBARCADA
4709,2433,992,3D1G3D,2025-06-27 00:56:51+00:00,6101.54,EMBARCADA
3077,2330,370,6J8N94,2026-02-02 21:51:17+00:00,1380.33,PENDENTE
3201,3815,647,FBTG81,2025-06-11 17:15:11+00:00,4682.44,EMBARCADA
548,4146,202,WFFBJD,2025-07-22 21:36:26+00:00,1316.0,NO_SHOW
1336,3282,724,P9VSDI,2025-09-15 05:34:46+00:00,2620.31,NO_SHOW
850,4430,190,U8BLIF,2026-02-19 14:19:26+00:00,3061.42,NO_SHOW
2394,3143,394,AZ5XXR,2025-08-07 09:26:51+00:00,420.26,EMBARCADA
215,4101,937,MQIWWI,2026-02-22 05:15:33+00:00,1131.13,PENDENTE
617,3828,275,F63PU5,2025-09-17 17:11:48+00:00,3051.3,EMBARCADA
3476,3701,816,SKP9ZF,2025-10-07 14:39:28+00:00,477.01,CONFIRMADA
4861,729,232,Z6R1M9,2026-01-22 07:34:31+00:00,8935.36,PENDENTE
4963,3717,871,IS2CSD,2025-12-14 13:42:49+00:00,318.11,NO_SHOW
4423,2289,839,B29YEI,2026-04-06 00:31:18+00:00,2271.28,CANCELADA
1871,3872,573,CHUSUV,2026-01-15 17:05:15+00:00,1113.22,PENDENTE
1564,2837,808,BTU246,2025-09-26 08:26:20+00:00,3462.08,CANCELADA
2847,4650,717,7EJW39,2025-11-22 13:23:16+00:00,98.7,CONFIRMADA
1354,1265,116,RARQSY,2026-04-12 11:57:36+00:00,868.12,PENDENTE
927,945,832,Z66ACG,2026-01-04 00:30:48+00:00,6992.45,PENDENTE
2094,658,320,Y8XU0N,2026-02-12 19:07:53+00:00,1594.89,CONFIRMADA
1449,824,978,861SIT,2025-10-06 19:24:19+00:00,1127.35,CANCELADA
2765,4831,493,WOZEO3,2025-06-12 02:16:36+00:00,794.57,PENDENTE
1491,1113,533,6AC823,2026-03-06 18:05:45+00:00,575.1,NO_SHOW
2270,4625,795,RZIPZP,2025-11-06 13:52:35+00:00,768.15,EMBARCADA
230,4219,874,G8GM48,2026-03-24 10:08:32+00:00,887.47,PENDENTE
3760,2509,589,T607VO,2025-08-20 08:49:53+00:00,1290.81,EMBARCADA
2525,119,252,EZLHX7,2025-07-14 11:49:16+00:00,2107.96,CANCELADA
2376,1248,698,9K5962,2026-02-21 04:31:58+00:00,439.8,EMBARCADA
547,2292,10,X2RQMQ,2025-10-17 20:27:31+00:00,1529.6,EMBARCADA
4153,2393,294,E69NJG,2026-01-03 13:56:47+00:00,923.87,CONFIRMADA
1496,554,338,3UBE7G,2025-10-29 16:34:51+00:00,1023.85,CONFIRMADA
3829,3608,139,GHI3KB,2026-04-24 06:12:35+00:00,349.09,PENDENTE
2186,1599,996,T7PW2Q,2025-07-24 04:10:32+00:00,1984.25,CONFIRMADA
2038,3546,157,ONEAKT,2025-12-24 20:58:59+00:00,1279.44,NO_SHOW
747,1690,343,3HVX58,2025-10-17 07:03:27+00:00,1836.59,NO_SHOW
3627,2491,93,GIU419,2026-03-07 09:34:18+00:00,919.66,NO_SHOW
1639,4993,582,NG9948,2025-08-31 14:27:17+00:00,2103.87,CANCELADA
3895,905,701,QGGDC4,2025-08-07 07:06:17+00:00,1094.79,EMBARCADA
1059,325,288,LK3TWQ,2026-03-02 04:45:26+00:00,5010.07,CONFIRMADA
4692,2471,406,GEYTUS,2025-09-06 01:54:37+00:00,4693.89,CONFIRMADA
3392,1652,46,LY4ZHX,2025-08-26 04:43:14+00:00,1408.71,PENDENTE
2214,421,308,YG7PRI,2026-05-10 15:21:48+00:00,1838.82,EMBARCADA
3127,1323,676,4853P2,2025-07-05 18:38:57+00:00,475.38,NO_SHOW
704,4155,387,IX03K5,2026-06-02 21:32:42+00:00,5965.76,PENDENTE
412,2537,833,16B9ED,2026-01-14 15:14:08+00:00,64.01,CONFIRMADA
2139,270,274,ZIXN55,2026-06-01 10:37:02+00:00,1465.55,CONFIRMADA
3618,4150,960,K3UTPW,2025-07-04 18:43:59+00:00,2019.97,CONFIRMADA
3767,1366,839,77A8F0,2025-11-05 15:58:08+00:00,1776.37,NO_SHOW
2552,4202,783,XFN5H3,2025-09-23 20:51:53+00:00,2776.09,NO_SHOW
1793,2387,196,FYG1IB,2026-06-02 19:04:38+00:00,1631.48,CANCELADA
3397,2206,490,IU6WFC,2026-03-06 09:26:17+00:00,2816.55,NO_SHOW
3628,2059,969,DNAGUA,2025-09-14 13:22:43+00:00,9493.04,CANCELADA
4095,1445,871,NOQOJ3,2025-11-19 04:51:34+00:00,1160.57,CONFIRMADA
228,4215,643,NM3YZU,2025-12-07 05:38:36+00:00,214.23,CONFIRMADA
527,2026,797,WFDS5P,2026-03-10 17:07:06+00:00,1063.54,EMBARCADA
736,4486,223,0AS75Y,2026-04-17 04:43:23+00:00,1788.15,NO_SHOW
3861,1938,106,7UFGFL,2025-12-13 06:32:47+00:00,3460.01,PENDENTE
2731,4552,180,BOYQR2,2025-11-03 05:17:10+00:00,2389.23,EMBARCADA
2475,2610,134,6JZWOT,2026-01-08 04:54:41+00:00,1361.11,PENDENTE
3832,3522,725,JZIZS6,2025-12-20 02:35:21+00:00,3476.45,EMBARCADA
620,1585,258,TN57TZ,2025-08-10 14:03:17+00:00,2339.83,PENDENTE
3377,4564,963,Y7D2WQ,2026-01-23 01:13:48+00:00,1690.04,EMBARCADA
1866,3432,155,LZTODG,2025-07-28 08:16:51+00:00,3664.7,CONFIRMADA
4409,2919,560,ZK3RMZ,2025-09-08 16:35:09+00:00,1011.81,PENDENTE
3787,83,262,VGQR10,2025-06-18 18:16:04+00:00,848.5,CONFIRMADA
828,232,957,NYVXCS,2025-11-01 03:44:39+00:00,1680.35,PENDENTE
2603,2580,362,FHWC2C,2025-10-03 15:04:20+00:00,473.22,CONFIRMADA
1278,3081,24,PGWDQ8,2026-05-08 15:54:22+00:00,1882.74,CANCELADA
4652,1462,397,ZRLIBK,2026-04-18 01:46:24+00:00,2204.13,CANCELADA
4101,4287,314,WG1BKW,2026-05-31 10:12:42+00:00,753.59,EMBARCADA
2510,4708,873,8FTLF6,2026-02-07 19:30:28+00:00,1381.42,PENDENTE
2483,3848,20,DU15B1,2025-09-22 21:54:00+00:00,2152.01,CONFIRMADA
2270,800,197,MB0VC2,2025-08-07 12:53:30+00:00,1400.39,EMBARCADA
2680,3113,292,3AIGL3,2025-07-17 09:41:14+00:00,1323.25,CONFIRMADA
1267,3719,176,DKW4TX,2026-05-22 08:56:58+00:00,900.51,PENDENTE
3327,4730,587,TU1V6T,2025-07-31 17:34:05+00:00,4193.01,NO_SHOW
4527,1176,730,M4CZH7,2026-05-13 21:15:44+00:00,3002.3,CONFIRMADA
4312,611,176,CCKB6J,2025-06-17 01:58:48+00:00,1497.04,CANCELADA
105,1040,540,WFLNHV,2025-08-05 10:48:45+00:00,1414.15,CONFIRMADA
772,2867,932,BR6QI7,2025-12-24 20:22:16+00:00,5088.39,PENDENTE
4311,4620,693,ZVOKYJ,2025-10-03 15:43:09+00:00,1163.21,CONFIRMADA
4861,1786,604,M6SBCC,2025-09-05 05:01:08+00:00,385.58,CONFIRMADA
1909,83,495,SSNCH0,2025-08-25 20:46:02+00:00,1269.46,CANCELADA
1729,447,423,SVK9TM,2025-08-26 15:22:05+00:00,3313.5,CONFIRMADA
1477,1039,130,FMEGG3,2025-12-27 11:31:20+00:00,793.27,NO_SHOW
437,3630,414,R35JT4,2025-06-13 17:58:01+00:00,437.75,EMBARCADA
339,4857,3,EYPA6F,2025-08-19 18:39:58+00:00,2841.67,CONFIRMADA
654,3262,782,D9S2HQ,2026-04-28 11:32:08+00:00,1352.48,CANCELADA
4989,756,58,MGZJKQ,2026-04-01 07:01:23+00:00,1878.82,CONFIRMADA
608,2460,570,RNCNHT,2026-04-18 11:43:59+00:00,2342.81,CONFIRMADA
4631,1835,857,DNIIMN,2026-02-21 10:34:54+00:00,566.79,CANCELADA
4225,2091,626,NE7TN9,2026-01-21 14:57:07+00:00,2209.33,NO_SHOW
4799,4647,8,1I0OU9,2025-08-08 19:34:13+00:00,9040.0,CANCELADA
2236,569,444,W6833Q,2025-09-14 00:05:34+00:00,293.08,CONFIRMADA
727,2814,275,3E2Z52,2026-02-16 23:13:26+00:00,2059.48,PENDENTE
1553,1077,671,FD1U3V,2025-09-29 02:09:57+00:00,1985.6,PENDENTE
2826,1627,104,FFSTFM,2026-03-12 08:09:46+00:00,1585.56,EMBARCADA
2453,1986,589,9ZZ577,2026-05-28 08:36:35+00:00,9921.38,CANCELADA
1212,1594,572,GS0DO4,2025-08-03 23:44:37+00:00,7470.32,CONFIRMADA
3075,77,63,P1FSQ0,2025-10-14 06:57:48+00:00,2084.28,NO_SHOW
389,808,130,U8NEY7,2025-09-30 15:42:35+00:00,1987.78,EMBARCADA
3472,4916,998,WKMYGB,2026-04-08 10:10:15+00:00,1621.39,NO_SHOW
336,1326,613,25O3AL,2026-02-07 20:37:22+00:00,745.98,CANCELADA
3053,551,692,LUMFE9,2025-11-11 03:42:04+00:00,3357.55,CANCELADA
1390,1708,687,HQHM7Y,2025-11-02 02:08:25+00:00,7550.55,NO_SHOW
2959,1621,743,SVL1CX,2025-07-31 01:02:03+00:00,1206.96,PENDENTE
3721,3458,954,RKO87K,2026-03-26 00:01:54+00:00,827.66,CONFIRMADA
2294,739,967,QVTBMV,2026-01-31 23:11:52+00:00,1918.59,EMBARCADA
4613,4931,68,QWF94Q,2026-01-14 13:45:35+00:00,4257.88,CONFIRMADA
1525,1773,90,8UAEBG,2026-01-16 20:24:13+00:00,1868.93,CANCELADA
1959,1544,396,YB5TIV,2025-12-07 17:35:50+00:00,1277.04,PENDENTE
9,2393,722,81IC0L,2025-12-21 04:00:17+00:00,1598.44,CONFIRMADA
4637,711,123,F69MNY,2026-01-03 11:01:37+00:00,2280.02,CONFIRMADA
1099,2619,437,6SH502,2025-08-26 21:52:04+00:00,1461.19,CONFIRMADA
4653,2186,53,0ND45B,2025-07-16 07:48:03+00:00,614.59,EMBARCADA
4721,47,105,G7DNUW,2026-04-24 10:20:39+00:00,1167.15,CANCELADA
1141,398,794,AWZOWR,2025-10-27 09:53:53+00:00,1462.41,EMBARCADA
1956,3335,292,2OGNQR,2025-11-08 16:52:16+00:00,203.29,EMBARCADA
3086,2084,657,TBKS80,2026-04-07 08:00:04+00:00,1323.28,CANCELADA
2025,4765,956,Q4XCZX,2026-02-03 23:13:39+00:00,1410.78,CANCELADA
2805,3550,597,3HV5Y3,2025-08-04 01:25:49+00:00,1803.4,NO_SHOW
4054,1331,835,RK7WGG,2026-03-13 06:46:06+00:00,327.49,CONFIRMADA
2090,2633,369,V4A0V9,2025-08-09 18:37:53+00:00,1838.04,CANCELADA
375,160,48,AC7FN8,2025-09-11 16:14:08+00:00,2826.88,NO_SHOW
1390,2524,750,U13E3D,2025-10-17 05:12:11+00:00,2040.11,PENDENTE
882,2396,642,AP5PVA,2026-04-15 09:29:11+00:00,1130.72,EMBARCADA
3032,2504,469,IAF02K,2026-04-01 17:21:02+00:00,6948.93,EMBARCADA
1974,1354,202,6RISBC,2025-12-21 15:33:15+00:00,799.58,CONFIRMADA
3377,4266,792,OKHZ4N,2026-03-11 02:41:21+00:00,388.22,EMBARCADA
352,1232,853,BHALGV,2025-11-08 10:37:24+00:00,944.28,PENDENTE
4970,3371,864,0Z2RAB,2026-05-26 04:35:43+00:00,1185.71,PENDENTE
4404,4687,582,EDTEWZ,2026-04-29 14:20:28+00:00,2147.77,NO_SHOW
3189,2110,649,AGFV4L,2026-03-02 10:20:50+00:00,1230.55,EMBARCADA
89,843,612,A3Q787,2025-06-05 07:28:59+00:00,4282.75,CONFIRMADA
1079,4503,809,RUTYB5,2025-09-16 03:29:37+00:00,7458.87,EMBARCADA
1746,4303,841,FAJGZC,2025-12-21 00:03:22+00:00,1225.11,EMBARCADA
2235,3214,224,W0NSS4,2025-12-24 00:36:17+00:00,1573.14,CONFIRMADA
4013,1224,386,GA28EH,2025-10-08 09:24:58+00:00,5436.06,PENDENTE
1986,1460,506,RS0N4T,2026-03-17 13:33:49+00:00,608.14,PENDENTE
550,2645,675,C4BCDO,2025-12-10 16:59:09+00:00,763.04,PENDENTE
1055,1982,666,SFGT4Z,2025-11-27 08:05:54+00:00,3838.79,PENDENTE
732,2450,941,3N00HP,2025-12-27 14:56:42+00:00,1229.74,PENDENTE
4170,2265,267,BA351V,2026-04-06 11:47:45+00:00,4787.36,CONFIRMADA
453,554,308,KBHZJ3,2025-09-19 03:25:44+00:00,7083.02,NO_SHOW
3072,3246,166,HK1UIT,2026-05-05 17:25:08+00:00,2471.6,PENDENTE
3983,4761,241,S7VY0Y,2025-06-11 12:48:23+00:00,783.35,NO_SHOW
4193,474,735,20C2E1,2026-02-25 07:13:04+00:00,710.13,CANCELADA
465,3216,668,7TDNQ1,2026-04-22 10:20:50+00:00,1067.07,PENDENTE
1511,3352,436,P2DCV0,2026-02-04 15:26:18+00:00,469.23,CANCELADA
1016,4503,878,70LP4K,2026-02-17 13:51:34+00:00,1303.79,EMBARCADA
1362,1483,95,HDJIOY,2025-12-29 07:18:37+00:00,2650.18,EMBARCADA
106,4029,607,9EQQVD,2025-12-14 23:59:52+00:00,1864.15,NO_SHOW
1478,2965,673,SPBRLB,2025-09-25 12:46:28+00:00,46.1,NO_SHOW
646,1892,590,DRTH4A,2025-09-01 08:06:27+00:00,256.14,CONFIRMADA
638,2936,204,SRFPXY,2025-10-14 11:27:51+00:00,383.48,EMBARCADA
2443,4835,709,1DVHMA,2025-07-18 14:58:06+00:00,2277.98,EMBARCADA
1340,529,911,G9SCYK,2026-05-04 23:23:55+00:00,1638.6,NO_SHOW
801,2590,188,IOJYN8,2025-07-06 09:24:11+00:00,1082.44,CANCELADA
4235,2728,1000,2QXFOK,2026-04-15 07:52:25+00:00,1819.75,CONFIRMADA
2882,3971,309,KMH42T,2025-06-20 11:07:25+00:00,2881.0,PENDENTE
3171,4272,607,OR9MT6,2026-01-22 23:58:23+00:00,2278.44,PENDENTE
1950,1352,81,TAZVW7,2026-02-04 08:00:26+00:00,374.69,PENDENTE
1069,4462,124,MBJMST,2026-01-21 03:04:27+00:00,2082.71,NO_SHOW
3644,4353,533,N7JQAA,2026-05-30 18:06:19+00:00,117.0,CANCELADA
3426,3872,888,65DL31,2025-08-11 01:18:38+00:00,8496.83,NO_SHOW
4781,3992,833,AK5JR5,2026-04-11 06:11:33+00:00,1201.58,CONFIRMADA
2875,2024,771,U5NVV0,2026-01-19 18:04:17+00:00,1981.08,CONFIRMADA
2958,1677,731,RDV93L,2025-10-08 16:04:43+00:00,2437.27,CONFIRMADA
3477,1136,717,NSVDAJ,2026-01-22 02:34:18+00:00,1163.18,NO_SHOW
17,581,359,NAD4AT,2025-12-20 19:00:38+00:00,1725.54,CONFIRMADA
173,1788,149,C7TRQO,2026-01-31 14:52:51+00:00,8873.3,NO_SHOW
1254,907,569,XT5MQA,2026-04-17 17:51:12+00:00,10623.44,CONFIRMADA
1319,2429,174,4VOKQV,2025-10-21 22:30:10+00:00,214.02,EMBARCADA
168,4993,791,YBLAQ6,2025-11-08 00:38:54+00:00,3990.1,CONFIRMADA
3538,4899,198,ASUUH2,2026-03-28 14:21:37+00:00,1424.67,CANCELADA
1681,258,758,W43L2H,2025-12-12 08:15:04+00:00,163.38,EMBARCADA
2552,2142,860,FCAESX,2026-03-14 19:23:07+00:00,1477.83,CONFIRMADA
4049,3121,993,X290WA,2026-01-16 03:54:52+00:00,821.53,EMBARCADA
2329,4019,89,VCJF94,2026-04-18 04:10:15+00:00,9128.59,EMBARCADA
3848,354,579,0U16U2,2025-07-29 20:52:53+00:00,196.38,EMBARCADA
2534,122,268,157LY7,2025-08-02 15:54:25+00:00,2012.75,PENDENTE
2718,1976,762,1D72T7,2026-04-21 14:08:41+00:00,1022.64,EMBARCADA
3256,3931,624,BS7HXG,2025-12-07 13:05:36+00:00,2438.62,CANCELADA
4149,1015,164,2NASAR,2026-03-02 04:25:38+00:00,614.22,CANCELADA
4539,4645,198,TXM9VM,2025-06-16 11:53:43+00:00,1487.41,CONFIRMADA
4719,978,352,4EKPQX,2026-01-16 14:57:13+00:00,7913.2,PENDENTE
4247,3142,660,H98UMV,2026-02-01 22:42:59+00:00,1025.09,EMBARCADA
4861,2741,432,7CE0XI,2025-06-10 03:01:19+00:00,6051.28,NO_SHOW
2055,3151,301,W5AI69,2026-03-17 02:50:03+00:00,217.97,CANCELADA
2132,1863,617,F58EX1,2026-04-14 07:15:52+00:00,248.6,PENDENTE
3894,1582,227,OLNGJ9,2026-01-03 00:20:05+00:00,6165.27,CANCELADA
913,404,669,XLFXF4,2025-11-13 06:26:56+00:00,9899.86,EMBARCADA
1678,3942,805,30VHRF,2026-05-05 15:56:27+00:00,2011.81,EMBARCADA
1115,2506,811,299KEU,2025-11-15 21:21:04+00:00,2560.46,EMBARCADA
226,1353,912,ADT87H,2025-06-05 00:07:11+00:00,7898.18,EMBARCADA
2915,1243,774,SAHMCX,2026-03-10 18:01:20+00:00,1381.67,EMBARCADA
3502,1067,775,QDXSR4,2025-06-23 00:37:24+00:00,1615.32,NO_SHOW
879,2829,6,C4JNP0,2025-10-15 16:39:03+00:00,2737.23,CONFIRMADA
3135,1612,17,C4MRS6,2026-03-08 08:43:46+00:00,668.25,EMBARCADA
1854,3560,655,NB7SNC,2025-09-17 01:30:00+00:00,4219.81,CONFIRMADA
3258,4880,674,66NRWK,2026-05-27 23:37:22+00:00,422.19,EMBARCADA
881,4924,394,IA79WD,2025-06-03 12:53:42+00:00,80.36,NO_SHOW
4859,1359,60,DMPWDR,2026-05-19 04:43:38+00:00,1716.4,CONFIRMADA
2553,259,257,M4FVZ7,2025-12-05 03:32:07+00:00,885.3,PENDENTE
3944,4849,606,AXXJD4,2025-10-23 05:29:14+00:00,1653.37,NO_SHOW
2856,3272,379,QL5CIJ,2026-03-30 09:05:45+00:00,861.17,CANCELADA
3006,29,202,7N923I,2025-11-24 09:24:03+00:00,1754.46,EMBARCADA
2126,2506,252,H13ECJ,2025-11-15 21:20:05+00:00,3986.84,CANCELADA
3104,2978,956,F5GC39,2026-03-16 11:24:25+00:00,67.48,PENDENTE
3910,2364,895,YRFT5Q,2025-08-14 09:52:22+00:00,3753.22,PENDENTE
3052,4941,650,GRUHQC,2025-12-07 08:49:19+00:00,1681.48,PENDENTE
1135,2809,432,BLVLQH,2026-05-31 13:10:25+00:00,4502.27,CONFIRMADA
817,3232,289,RZX6PS,2026-01-09 07:24:25+00:00,5044.6,NO_SHOW
2473,3636,562,8N8U09,2025-11-12 16:49:07+00:00,1716.16,EMBARCADA
3135,719,690,WWHS2H,2026-02-11 20:25:01+00:00,1458.39,CANCELADA
2212,4729,439,AXDZWE,2025-07-10 03:17:44+00:00,1697.79,NO_SHOW
3263,3060,683,MWCAHC,2025-07-17 10:02:28+00:00,484.49,EMBARCADA
155,3085,172,6LRI9T,2025-08-07 17:36:11+00:00,3182.02,NO_SHOW
4564,4836,21,ZBG83K,2025-12-31 13:02:34+00:00,720.74,EMBARCADA
151,4691,795,58X8AC,2025-11-18 10:18:28+00:00,2466.52,CANCELADA
2441,833,899,WDZVQB,2026-01-17 11:58:57+00:00,726.31,NO_SHOW
2047,2936,172,CTZ5TP,2025-08-08 20:29:54+00:00,853.0,CANCELADA
2384,2472,821,6T7P7D,2025-07-27 12:02:49+00:00,87.74,NO_SHOW
4674,2364,536,PIB26U,2025-08-10 17:48:47+00:00,2242.78,NO_SHOW
3979,637,752,TKB3RX,2025-08-03 16:54:05+00:00,2561.73,EMBARCADA
3602,458,87,T7NL17,2025-06-15 04:59:43+00:00,5675.12,PENDENTE
3371,2401,176,BZVWAY,2025-12-14 03:24:44+00:00,621.81,PENDENTE
940,2330,834,D0D3AC,2025-09-24 21:25:23+00:00,910.83,EMBARCADA
539,1288,770,YYWCHR,2025-07-30 01:46:26+00:00,97.69,CANCELADA
80,4665,882,JOFXUP,2026-01-16 08:24:29+00:00,2454.75,PENDENTE
1284,3927,731,WTSJP7,2025-07-27 13:53:55+00:00,729.31,CONFIRMADA
3718,248,804,Z9OGF2,2026-03-22 08:16:17+00:00,3378.97,EMBARCADA
913,4719,391,MSJQLW,2025-10-07 17:11:19+00:00,517.81,CONFIRMADA
3180,2130,419,NLTIPM,2025-12-08 20:01:25+00:00,1860.02,CANCELADA
271,854,630,4AAKPI,2025-12-05 21:55:08+00:00,3695.5,CANCELADA
1760,2922,215,MKI5IO,2026-01-04 15:14:35+00:00,2409.95,PENDENTE
2672,4210,646,9EYA1K,2026-01-14 22:58:36+00:00,2792.97,CANCELADA
147,419,564,C9OXB4,2025-12-29 22:17:16+00:00,672.22,CANCELADA
491,1018,502,JNPHMO,2025-08-12 23:08:55+00:00,394.44,CANCELADA
2173,2084,425,OAF447,2026-03-19 18:59:04+00:00,3196.48,CANCELADA
3584,943,97,MYGEC0,2026-02-22 23:36:34+00:00,1550.8,NO_SHOW
4784,3507,662,4VGCVF,2026-04-15 05:54:25+00:00,1940.08,EMBARCADA
1107,2376,251,SQ9XMA,2026-05-28 05:04:55+00:00,4109.23,NO_SHOW
4320,1740,522,NBO1YD,2025-12-05 17:31:32+00:00,2827.33,PENDENTE
3143,4140,358,NI4E79,2025-11-12 01:27:18+00:00,720.07,EMBARCADA
2845,3322,277,OTFPFI,2026-02-03 10:19:24+00:00,1927.77,EMBARCADA
4022,1027,51,LUW28D,2025-11-30 18:41:36+00:00,2136.19,PENDENTE
779,4447,665,3RAXZ2,2025-12-10 17:11:04+00:00,296.91,PENDENTE
4846,1663,193,DSZTU8,2026-04-13 11:05:41+00:00,924.77,EMBARCADA
449,408,489,7LIOXH,2025-06-21 04:36:49+00:00,4635.72,CANCELADA
3815,3351,287,3MHOZT,2025-11-24 05:35:19+00:00,4733.08,NO_SHOW
4457,3342,1,1UI7ZF,2025-09-21 13:42:25+00:00,1807.95,PENDENTE
372,377,941,8K5GFD,2026-05-17 00:20:20+00:00,1287.16,PENDENTE
1606,1655,209,Q5XZU6,2025-06-19 10:39:15+00:00,802.33,PENDENTE
3277,158,778,S1I6UM,2026-04-02 23:55:24+00:00,1228.86,CANCELADA
3906,4401,629,I1UVJM,2025-11-15 06:40:56+00:00,317.39,CANCELADA
614,3625,420,L8GZXD,2025-12-25 13:48:21+00:00,1355.69,EMBARCADA
888,410,955,M9BJ35,2025-07-02 03:22:57+00:00,2734.45,CANCELADA
2834,1247,566,FYWX8Y,2025-12-12 10:20:18+00:00,2356.83,NO_SHOW
4147,4571,785,AO75M5,2025-09-08 15:37:25+00:00,3113.51,PENDENTE
1732,3994,108,6L8RXY,2025-06-14 17:36:53+00:00,3483.37,NO_SHOW
4457,2544,155,JC3HW8,2026-03-30 04:30:44+00:00,1673.79,NO_SHOW
120,4285,448,PR7UAS,2026-04-01 17:23:04+00:00,2774.83,EMBARCADA
2175,831,786,03PWBZ,2025-10-30 12:21:08+00:00,2716.91,PENDENTE
1145,2833,649,TJFFGD,2025-08-30 11:51:08+00:00,11395.6,CONFIRMADA
2547,3951,876,3LCZAW,2025-12-28 09:12:13+00:00,556.72,NO_SHOW
4161,3307,84,KIVOFV,2025-10-07 19:42:14+00:00,786.63,CANCELADA
4358,200,180,DMD07Z,2026-03-15 22:15:40+00:00,2952.0,PENDENTE
661,566,966,2OAWQG,2026-02-10 04:25:53+00:00,5023.59,PENDENTE
2251,3084,484,RKXKH2,2026-05-09 05:41:00+00:00,928.2,CONFIRMADA
2913,3504,188,R1OFLP,2026-05-16 04:15:26+00:00,5602.92,CONFIRMADA
1806,1164,47,1GPY5Q,2025-10-12 00:11:35+00:00,5296.77,PENDENTE
4364,1432,563,VKZNLC,2025-07-25 12:19:48+00:00,1656.76,CANCELADA
2923,354,20,254TJ0,2026-04-18 07:22:09+00:00,194.33,CONFIRMADA
875,2489,630,EBY23K,2025-09-30 18:48:28+00:00,3312.33,NO_SHOW
2677,120,600,VIAE7C,2025-10-02 20:25:21+00:00,332.6,CONFIRMADA
1823,4998,949,V29DX1,2026-05-04 14:52:27+00:00,5863.42,CANCELADA
1537,3029,279,WRAC7E,2025-08-09 03:57:29+00:00,2126.03,CONFIRMADA
2068,1581,891,WRXEA9,2026-06-01 09:30:20+00:00,4704.4,PENDENTE
4364,1795,983,TEXPP8,2025-09-29 07:04:34+00:00,580.43,PENDENTE
3241,3387,788,SUKOAT,2025-07-14 15:33:33+00:00,2528.01,CONFIRMADA
2750,243,529,EC3EQP,2025-09-18 13:32:47+00:00,1964.6,EMBARCADA
2002,1250,758,KS5YAP,2025-07-12 03:53:12+00:00,241.71,NO_SHOW
2842,690,44,0JELD1,2026-03-27 05:04:52+00:00,1329.58,NO_SHOW
4182,1053,7,47YVEZ,2026-02-07 20:40:58+00:00,4434.42,NO_SHOW
693,3760,534,AHMXXH,2025-06-29 12:01:47+00:00,29.96,EMBARCADA
3725,4007,347,CKMPUX,2025-11-30 20:47:12+00:00,3172.7,NO_SHOW
3092,1859,295,U4X965,2025-11-20 12:40:57+00:00,3025.62,PENDENTE
510,4132,554,E1MNJT,2026-02-22 08:14:34+00:00,1876.19,CONFIRMADA
2204,2950,296,ZR76TE,2026-02-12 17:29:26+00:00,345.77,CANCELADA
750,2873,764,OBQR98,2026-02-19 08:08:48+00:00,168.93,EMBARCADA
3465,3993,114,B6T6GE,2025-06-17 18:52:26+00:00,201.32,NO_SHOW
770,2117,97,QGC8SB,2026-05-16 12:59:45+00:00,502.28,NO_SHOW
1177,353,787,50YYOA,2025-10-02 18:07:05+00:00,1346.87,NO_SHOW
2598,928,404,8JGMPA,2026-01-18 13:36:36+00:00,3162.51,NO_SHOW
3549,3732,322,NS2UHC,2025-06-29 03:28:37+00:00,68.15,CONFIRMADA
2113,38,860,M1SUPK,2026-03-08 21:38:49+00:00,1944.63,NO_SHOW
3663,1500,508,8LTII3,2025-09-04 04:58:59+00:00,7836.65,PENDENTE
3585,4522,117,OIGPT5,2026-04-15 18:22:08+00:00,582.34,CANCELADA
32,1128,392,M3DFBZ,2026-03-14 18:48:41+00:00,3710.52,EMBARCADA
2677,219,6,W10IFP,2025-11-12 22:55:04+00:00,3440.65,EMBARCADA
665,2541,857,NFPSQ7,2025-07-20 21:13:07+00:00,124.28,PENDENTE
127,1072,928,6AIRGG,2026-04-17 00:47:35+00:00,5179.26,PENDENTE
162,693,933,Q2SW17,2026-01-01 17:09:41+00:00,441.26,EMBARCADA
4840,1493,587,HOO3Y0,2025-10-07 04:50:03+00:00,5225.75,PENDENTE
2036,2566,653,ZK8FKA,2025-10-30 01:17:41+00:00,732.55,CONFIRMADA
2875,3100,48,UTBSM4,2026-03-02 20:10:04+00:00,8182.55,EMBARCADA
3544,4588,1000,ZBW0J9,2025-08-11 18:59:37+00:00,472.37,EMBARCADA
886,1252,873,LFWCJP,2026-04-16 09:20:29+00:00,1144.33,CONFIRMADA
4324,4575,28,KGK0ZS,2025-06-08 08:10:02+00:00,3145.08,EMBARCADA
4230,900,584,FRVL32,2025-07-09 12:04:10+00:00,1289.85,NO_SHOW
3441,529,30,7J0SGR,2025-12-28 08:46:32+00:00,1173.32,NO_SHOW
2977,863,344,W91F1S,2025-11-10 20:09:25+00:00,1225.55,NO_SHOW
1248,4360,999,OALJVH,2025-07-12 00:48:10+00:00,1381.94,NO_SHOW
2917,3235,771,UQOCVE,2025-07-10 12:16:36+00:00,3055.37,EMBARCADA
1757,1179,541,IPQOQ6,2025-09-26 16:01:24+00:00,338.6,EMBARCADA
1382,3465,418,PZ7MP2,2026-02-05 11:47:40+00:00,1696.24,CONFIRMADA
610,4516,866,67KJKI,2025-10-05 05:14:54+00:00,2378.79,CANCELADA
670,2014,350,9W21EU,2025-07-18 19:09:14+00:00,126.59,PENDENTE
3557,3059,500,60C5YF,2026-03-20 03:44:52+00:00,729.77,PENDENTE
2457,2919,39,J9EHYY,2026-04-04 04:18:07+00:00,1112.99,PENDENTE
3399,4628,93,LJMSPX,2025-10-31 02:51:30+00:00,1253.79,PENDENTE
3577,3003,612,75PUY4,2026-03-31 21:13:28+00:00,393.52,EMBARCADA
2456,3816,242,47WYI3,2025-12-03 05:40:46+00:00,289.41,CONFIRMADA
2733,1801,636,UX36OA,2025-07-23 10:39:40+00:00,757.46,NO_SHOW
907,1030,280,FPFVJW,2026-05-03 06:19:08+00:00,1394.58,EMBARCADA
2349,409,465,3XUF5P,2025-10-29 20:48:47+00:00,767.57,CANCELADA
2626,4411,680,JMY2FY,2026-02-28 08:11:50+00:00,1559.85,EMBARCADA
1288,1923,647,AP0T9U,2025-07-26 15:41:52+00:00,6958.63,EMBARCADA
1424,415,494,AQVON8,2025-11-11 13:01:10+00:00,879.37,CONFIRMADA
4046,3878,976,E4A9WV,2025-10-19 04:02:11+00:00,1554.43,PENDENTE
2643,2972,737,469YZW,2026-05-25 23:04:15+00:00,2531.16,CANCELADA
276,3566,547,PUGKDK,2026-01-29 13:00:42+00:00,3660.35,EMBARCADA
1088,3158,561,SJJX5B,2025-10-27 01:07:37+00:00,480.92,CANCELADA
4019,2644,654,EB18R4,2025-07-16 15:50:52+00:00,1983.99,PENDENTE
1672,3475,14,53HTX2,2025-11-15 09:36:49+00:00,193.72,EMBARCADA
19,3575,59,WLP4BD,2025-08-20 23:13:07+00:00,982.42,CANCELADA
837,2356,935,P08JJE,2025-10-03 04:12:50+00:00,2662.7,EMBARCADA
488,1773,508,AP1V1X,2025-06-23 13:16:55+00:00,5413.46,CONFIRMADA
4204,316,253,ICWTS4,2025-08-11 23:41:49+00:00,559.7,PENDENTE
2628,1755,64,XGFT5R,2025-08-29 20:23:10+00:00,977.54,CANCELADA
1644,1739,965,5P7IVT,2025-07-30 14:09:13+00:00,1978.02,EMBARCADA
1282,2551,609,9JTIBG,2025-08-25 04:49:48+00:00,1685.83,CONFIRMADA
2191,4892,708,XR2T44,2025-06-27 20:45:00+00:00,8377.69,NO_SHOW
3837,3636,914,E02JWI,2025-09-12 19:17:58+00:00,1978.63,CANCELADA
2914,4295,799,6EQK4Z,2025-08-03 15:47:22+00:00,671.47,EMBARCADA
2126,1958,605,EYZ11W,2025-08-01 20:00:51+00:00,848.91,CONFIRMADA
2698,375,391,X3LCSD,2025-08-18 16:02:16+00:00,3137.39,EMBARCADA
2576,1617,801,2R6Q7K,2025-10-16 13:39:39+00:00,1325.97,NO_SHOW
1915,4716,966,ZJ26DC,2025-09-26 22:12:05+00:00,3723.15,EMBARCADA
2940,1498,582,4ZFP3U,2025-12-27 16:41:14+00:00,374.1,CONFIRMADA
302,3224,868,KM4QX2,2025-06-18 16:38:57+00:00,3037.89,PENDENTE
2694,2002,282,A89FAC,2026-02-07 08:02:17+00:00,1938.47,CONFIRMADA
4345,4285,208,97AHKM,2026-02-15 23:20:30+00:00,2774.83,CANCELADA
2874,1813,518,25G7TP,2026-03-25 23:08:21+00:00,635.0,CONFIRMADA
1561,4181,201,ICY9GX,2025-06-29 17:34:13+00:00,364.29,NO_SHOW
3236,2900,768,AW93O0,2025-09-15 18:41:19+00:00,2926.05,CANCELADA
896,3103,173,DLJY81,2026-01-28 02:55:10+00:00,88.91,CANCELADA
2117,4108,554,VQ47PV,2025-11-06 21:57:04+00:00,1321.47,NO_SHOW
2286,416,232,HTAPSB,2025-06-18 01:27:24+00:00,4872.56,PENDENTE
1020,4276,626,GQ43PZ,2026-01-18 06:40:48+00:00,1206.65,NO_SHOW
1807,3020,661,D0SYUI,2026-04-14 13:23:02+00:00,418.24,PENDENTE
1403,521,808,XRT3OL,2025-07-12 00:43:09+00:00,8936.68,NO_SHOW
1857,1552,895,A19KHD,2026-02-25 03:50:54+00:00,3039.56,PENDENTE
3704,3440,669,23LVY0,2025-09-29 15:06:07+00:00,3156.04,CANCELADA
1373,4110,913,4YHXJ1,2025-09-09 10:48:00+00:00,412.25,PENDENTE
3543,1307,487,7Y96T8,2025-12-01 11:35:46+00:00,650.12,PENDENTE
3808,4660,303,L5K5AN,2025-12-22 19:18:03+00:00,548.98,CANCELADA
1305,879,438,GEXQY8,2025-10-19 22:37:14+00:00,2229.56,EMBARCADA
4002,873,355,IV22QA,2025-08-26 23:56:00+00:00,1195.62,CONFIRMADA
4779,1058,764,X4X9NL,2025-12-20 17:22:27+00:00,2274.43,CANCELADA
2723,3510,950,QGCAA8,2025-06-08 10:20:46+00:00,770.22,NO_SHOW
820,2281,516,9H14XY,2026-03-22 18:45:14+00:00,882.07,NO_SHOW
167,1677,109,7SIZQL,2025-10-04 07:24:48+00:00,5513.64,NO_SHOW
4586,1052,106,VQ4GW7,2026-02-15 15:39:08+00:00,2583.41,NO_SHOW
3183,1360,324,EH3PQO,2025-11-28 07:03:25+00:00,1171.35,EMBARCADA
2999,1407,480,PWO9GA,2026-01-30 04:09:22+00:00,51.72,EMBARCADA
1590,1926,298,RW3UEE,2026-05-08 22:38:16+00:00,446.62,CANCELADA
4789,3425,567,UW4M97,2025-09-19 15:50:44+00:00,4780.12,CONFIRMADA
4600,783,988,NR93JP,2025-06-28 15:15:38+00:00,6084.98,EMBARCADA
695,4378,129,JRV5BW,2026-03-09 17:15:40+00:00,1771.85,CONFIRMADA
3850,3085,470,VI5Y6E,2025-07-03 03:33:05+00:00,1201.28,PENDENTE
1106,1909,390,WWDL8O,2026-04-08 20:06:53+00:00,1511.97,EMBARCADA
4018,547,363,USR6PJ,2025-09-02 04:17:51+00:00,1910.84,NO_SHOW
2271,934,635,HPPVO2,2025-08-30 13:30:43+00:00,1561.52,CONFIRMADA
3502,1,310,L357BF,2025-07-23 15:57:10+00:00,1605.16,NO_SHOW
4746,849,29,G1ZN8R,2026-06-01 15:25:31+00:00,2592.91,PENDENTE
3672,3200,463,QELNGS,2026-01-06 08:27:32+00:00,2528.81,EMBARCADA
3902,1418,40,P69HGI,2025-08-28 02:08:52+00:00,2402.48,NO_SHOW
2427,1470,642,3QEGUC,2025-09-15 15:09:39+00:00,1438.74,EMBARCADA
87,4117,67,BB18DI,2026-01-04 19:32:31+00:00,7318.44,CONFIRMADA
297,1704,606,P2HUGK,2025-09-21 10:51:10+00:00,5738.96,EMBARCADA
2794,1133,145,F2F6L1,2025-07-15 23:47:09+00:00,1908.71,PENDENTE
2658,802,491,EWW6Q3,2025-06-06 05:59:12+00:00,5733.9,PENDENTE
514,1080,614,YRHZJT,2026-01-14 18:56:05+00:00,232.7,CONFIRMADA
85,1953,282,OCBU6X,2026-05-22 06:52:24+00:00,1684.57,NO_SHOW
3446,684,640,CDZ4DT,2026-05-23 15:26:31+00:00,1498.93,EMBARCADA
2529,1959,11,7O0UU7,2025-08-20 12:25:04+00:00,363.31,EMBARCADA
150,3978,428,N5Z6QV,2026-05-05 13:53:57+00:00,5431.2,NO_SHOW
670,3238,684,Y0ZS40,2025-11-16 05:51:51+00:00,1221.68,NO_SHOW
2929,448,650,MC9DJP,2026-03-31 20:35:08+00:00,1233.89,EMBARCADA
2841,1975,704,2ETER3,2025-07-02 09:00:19+00:00,1710.64,CANCELADA
1165,3349,177,WG740E,2025-12-28 21:04:28+00:00,2148.59,EMBARCADA
4997,3973,191,EQA7FQ,2026-04-20 22:00:34+00:00,602.68,CONFIRMADA
4848,1811,625,96SK0Q,2026-04-15 08:26:31+00:00,2402.56,EMBARCADA
198,524,44,VOJXFS,2025-09-30 03:46:17+00:00,713.31,NO_SHOW
310,1808,305,3ETWEX,2025-12-25 04:46:56+00:00,3911.18,EMBARCADA
508,1843,235,FZ7DVB,2025-08-13 00:41:48+00:00,3328.86,CONFIRMADA
3616,4668,528,0NQ9CP,2026-05-16 03:47:59+00:00,9964.86,NO_SHOW
583,200,82,CU24K3,2025-06-10 00:09:11+00:00,2073.72,CONFIRMADA
3130,1834,203,M4HENN,2025-07-20 13:59:40+00:00,286.13,CONFIRMADA
1711,3142,746,GI8IEY,2026-05-20 21:16:43+00:00,3270.54,NO_SHOW
1322,4394,431,PRUDW8,2025-12-28 18:16:30+00:00,2531.56,CONFIRMADA
2308,285,811,IZ5C8A,2026-05-13 20:38:42+00:00,4623.24,NO_SHOW
4858,1511,748,THO4NF,2025-10-22 15:00:16+00:00,3020.66,CANCELADA
1972,4940,491,SB4DK0,2025-11-13 01:53:55+00:00,3277.19,NO_SHOW
4051,4713,371,EQKWJX,2025-10-14 07:55:39+00:00,410.87,EMBARCADA
4203,958,696,UJHYNU,2026-03-31 16:32:24+00:00,2234.55,PENDENTE
511,1521,624,IHGW4J,2026-04-20 10:24:31+00:00,3884.34,CONFIRMADA
3883,1886,291,8BQLT0,2025-09-10 20:16:29+00:00,5288.03,EMBARCADA
2166,2560,507,DN75LL,2025-10-20 01:51:37+00:00,6833.9,PENDENTE
3560,1781,396,TW1S0G,2025-08-25 17:43:30+00:00,1077.18,PENDENTE
595,4917,151,E70FVI,2026-05-22 20:41:56+00:00,3403.78,PENDENTE
3650,3360,836,OBDMT2,2025-10-01 18:53:03+00:00,1338.57,CANCELADA
3206,4170,232,2A3HG8,2025-08-04 11:29:25+00:00,6491.54,NO_SHOW
118,2031,224,HK11H4,2025-11-15 11:21:56+00:00,2126.86,EMBARCADA
1050,2623,183,UWKP5E,2025-08-02 13:19:50+00:00,1587.12,CANCELADA
1459,138,97,72U73H,2026-02-11 13:19:30+00:00,355.79,EMBARCADA
1291,1822,533,8GT638,2025-10-25 07:40:26+00:00,1089.45,EMBARCADA
4412,4844,38,J4IXFC,2026-05-06 03:06:19+00:00,643.67,EMBARCADA
2532,1321,842,CB7H1K,2026-05-20 13:27:39+00:00,1180.49,CANCELADA
2670,1399,884,046ZMM,2025-12-12 17:23:08+00:00,2781.89,NO_SHOW
837,3080,761,JZ1X76,2026-03-17 00:44:36+00:00,633.49,CANCELADA
751,4859,737,283W1N,2026-03-09 00:43:11+00:00,1915.75,EMBARCADA
2762,4888,390,08NZ39,2025-06-03 15:55:49+00:00,3244.13,NO_SHOW
4613,2246,191,S6XPHI,2026-03-19 02:29:55+00:00,1580.33,NO_SHOW
263,4253,728,RP8JQS,2026-05-04 13:13:58+00:00,2931.16,PENDENTE
1636,4151,285,GBJ4SJ,2026-05-26 09:01:29+00:00,4260.11,NO_SHOW
1783,2513,726,ZUMS58,2025-08-17 15:50:34+00:00,4891.57,EMBARCADA
3328,509,61,M3P6YK,2026-03-18 01:42:43+00:00,1899.07,EMBARCADA
4140,4759,714,TMM7D6,2026-02-05 15:58:47+00:00,993.89,PENDENTE
1512,3549,253,YOC03F,2025-09-30 21:16:36+00:00,661.88,EMBARCADA
3912,2275,805,SS1MY5,2026-06-02 07:16:20+00:00,3352.97,NO_SHOW
1818,1388,724,Y2OM9E,2025-10-29 11:10:11+00:00,1245.46,NO_SHOW
4790,4307,990,B3O7IQ,2025-08-01 22:06:30+00:00,1235.26,CONFIRMADA
1396,2726,615,7NK7ZM,2026-05-14 20:10:40+00:00,1566.01,NO_SHOW
3089,4096,733,MT6LD6,2026-02-13 04:58:09+00:00,1731.92,CANCELADA
645,4458,237,M7S01D,2026-01-01 12:44:34+00:00,2376.1,PENDENTE
521,3398,43,DYAZ0S,2026-03-01 12:20:04+00:00,1003.89,NO_SHOW
1911,1500,75,VHBQUQ,2025-08-02 07:23:11+00:00,2817.46,NO_SHOW
1529,3226,594,RAXC19,2026-05-17 12:39:24+00:00,292.35,CONFIRMADA
3676,2864,228,X6PTCU,2025-09-17 10:40:23+00:00,5599.94,NO_SHOW
4431,2043,653,8WHZ83,2025-09-25 10:55:11+00:00,1350.15,NO_SHOW
1960,889,615,DK6EXE,2025-10-27 21:53:08+00:00,1073.31,EMBARCADA
1789,3887,31,O1CTY6,2025-10-27 00:24:36+00:00,4525.84,EMBARCADA
4190,865,876,ZGUO9Y,2026-01-01 03:31:55+00:00,186.1,CONFIRMADA
2287,1529,666,CMM2PV,2025-08-22 19:04:02+00:00,4935.13,CONFIRMADA
2023,336,49,S00FQ3,2025-07-02 05:46:16+00:00,277.69,PENDENTE
2180,1489,466,KF9FG6,2026-06-03 02:16:16+00:00,420.83,CONFIRMADA
3878,1571,477,NLACYQ,2026-03-15 22:40:57+00:00,1229.86,CANCELADA
867,1737,296,CEC9LS,2026-04-15 05:13:20+00:00,992.84,NO_SHOW
2853,624,839,91EJTR,2026-04-30 08:38:36+00:00,459.9,PENDENTE
1779,3315,462,SP0TY5,2026-05-10 05:13:26+00:00,268.42,EMBARCADA
3649,3898,720,KLY1B9,2025-07-24 22:35:46+00:00,1532.2,EMBARCADA
3695,2684,187,AG7VNP,2026-02-02 14:36:23+00:00,2788.54,CONFIRMADA
4129,4727,728,PT4XK8,2025-07-12 00:28:28+00:00,6984.32,CONFIRMADA
3658,2454,199,QO6IHY,2026-05-22 22:19:33+00:00,217.28,CONFIRMADA
4707,3435,40,3VSFBJ,2025-07-08 19:38:20+00:00,505.9,EMBARCADA
513,3481,69,HWZYMR,2026-02-16 00:09:40+00:00,7177.45,PENDENTE
3597,1627,591,NFSK6M,2025-08-24 12:28:48+00:00,2232.3,NO_SHOW
3912,4583,816,4MAGTY,2026-06-02 07:08:04+00:00,768.36,PENDENTE
3920,4358,170,CIX3L0,2025-11-05 13:20:13+00:00,2365.01,CANCELADA
1465,4685,329,NF1BIW,2026-01-11 19:13:46+00:00,12022.16,NO_SHOW
668,4170,53,A63OM0,2026-03-17 01:18:29+00:00,557.45,PENDENTE
3099,1368,500,0Q2JUT,2025-09-02 07:34:10+00:00,955.51,CONFIRMADA
2978,1700,993,AYT9CY,2025-07-20 09:51:54+00:00,83.96,CONFIRMADA
844,4774,206,UGABIQ,2025-09-17 11:20:01+00:00,5666.81,PENDENTE
4352,2224,735,PZZIRW,2026-06-01 20:26:53+00:00,1453.73,CONFIRMADA
2689,3869,765,QVH7GK,2026-02-22 20:21:35+00:00,2868.48,PENDENTE
4466,431,699,C37ZNH,2025-07-29 18:18:48+00:00,238.66,CANCELADA
3411,2579,121,9UJ1NZ,2026-04-02 15:43:50+00:00,496.16,CONFIRMADA
2657,4375,916,R39HB8,2025-12-13 04:45:14+00:00,660.54,EMBARCADA
1508,1235,591,5M7JMT,2025-12-02 11:56:36+00:00,1060.63,NO_SHOW
1479,1322,219,WTY3N0,2026-05-20 22:56:22+00:00,1355.7,NO_SHOW
440,4695,762,LIUG5Q,2025-08-17 06:29:16+00:00,198.2,PENDENTE
4223,2667,418,H7CCDA,2026-02-19 16:58:46+00:00,1836.94,PENDENTE
3178,3785,941,P9XFAJ,2025-09-26 12:03:42+00:00,868.34,PENDENTE
4430,4825,973,V6JFLX,2026-01-18 06:00:43+00:00,1380.3,NO_SHOW
1958,4762,455,ZWVYL0,2025-07-09 22:20:01+00:00,1650.52,NO_SHOW
1793,4095,590,H9KP6P,2025-06-05 16:16:57+00:00,4245.97,NO_SHOW
4176,1718,452,QHQALQ,2026-05-02 22:43:36+00:00,1686.88,CANCELADA
2146,255,747,X69X7Q,2025-10-13 11:52:12+00:00,1398.14,EMBARCADA
1122,2721,490,L31QUH,2026-05-09 00:49:35+00:00,2501.08,PENDENTE
1237,1766,27,UN2SEK,2026-03-30 02:06:57+00:00,5636.79,PENDENTE
3506,3855,876,9OUP3Z,2025-09-07 04:12:08+00:00,323.32,NO_SHOW
1580,1418,597,A80JLV,2025-09-29 11:00:27+00:00,1807.58,EMBARCADA
1899,1336,683,OREMMY,2025-08-15 04:00:36+00:00,483.1,PENDENTE
640,2594,811,KAB7HQ,2025-07-08 17:47:48+00:00,1294.27,EMBARCADA
1858,2332,293,EF9DA5,2025-08-21 11:41:04+00:00,633.53,CONFIRMADA
4491,3130,98,320VVL,2025-08-12 08:38:51+00:00,894.4,PENDENTE
631,4148,575,986NZB,2026-03-06 17:57:12+00:00,103.53,CONFIRMADA
3788,3992,916,3KA8LW,2026-01-11 12:26:12+00:00,1862.45,CANCELADA
1916,3347,198,6U9IR8,2026-01-14 02:32:15+00:00,1996.07,NO_SHOW
4374,796,870,OW1MJJ,2025-11-27 15:55:15+00:00,1573.86,NO_SHOW
1318,4086,132,4E70LP,2026-04-05 20:41:26+00:00,7841.23,PENDENTE
4939,776,357,V5BALQ,2025-07-25 00:49:54+00:00,364.5,EMBARCADA
506,4687,329,YVF0Y0,2025-11-17 22:50:26+00:00,9331.71,CANCELADA
3384,516,203,X1BZDT,2026-05-12 14:51:41+00:00,459.29,CANCELADA
1037,2153,183,20OPWL,2026-02-22 08:14:17+00:00,1322.01,CONFIRMADA
1362,4483,167,SH9GJK,2025-12-02 06:05:12+00:00,5761.06,NO_SHOW
4047,221,631,JSKFN8,2026-01-17 20:25:42+00:00,2590.86,PENDENTE
3123,3,729,LORKYT,2025-08-21 01:00:07+00:00,9841.28,CANCELADA
2169,1156,210,P1WFSM,2025-09-22 14:38:25+00:00,1544.2,CANCELADA
268,3182,852,H5K3YC,2026-04-29 08:06:49+00:00,7372.25,NO_SHOW
792,1416,889,Y8F4HL,2026-04-22 20:49:16+00:00,2551.21,CANCELADA
2137,4596,988,1AMORY,2025-11-14 00:38:03+00:00,9616.37,CONFIRMADA
4631,4091,161,0ETBF0,2026-01-02 19:59:05+00:00,356.49,NO_SHOW
3133,537,578,MWY3ZF,2025-07-05 08:47:37+00:00,1835.11,CANCELADA
992,3434,370,49P1MG,2025-09-20 06:42:05+00:00,3390.6,EMBARCADA
1259,169,586,PYTS91,2026-02-24 02:26:03+00:00,2607.97,CONFIRMADA
1461,3649,592,F0GG9G,2026-05-18 16:42:36+00:00,8333.56,CANCELADA
1824,1156,594,OS32K1,2025-10-13 15:32:50+00:00,547.59,PENDENTE
204,80,320,YJP6D1,2026-01-26 09:00:27+00:00,1343.01,CONFIRMADA
1753,1560,894,IQCZ9G,2025-09-05 13:20:30+00:00,560.88,NO_SHOW
1768,1815,203,IKWLVB,2025-07-14 05:47:12+00:00,314.38,EMBARCADA
1624,3516,799,YYCGVS,2025-06-20 13:07:28+00:00,1875.74,CONFIRMADA
1151,1318,649,KR2BF1,2025-06-11 12:30:23+00:00,4941.3,CONFIRMADA
1420,12,364,PKDWKB,2025-08-02 01:58:27+00:00,2329.61,CONFIRMADA
762,2104,718,MGOZ7L,2025-08-13 05:55:12+00:00,2453.06,PENDENTE
109,602,392,JN5TQE,2026-01-27 06:32:17+00:00,6243.48,CONFIRMADA
1184,3749,526,QS2PPD,2026-03-14 19:26:03+00:00,2711.82,CONFIRMADA
4006,676,818,9IVJ11,2025-12-26 21:58:06+00:00,2017.96,EMBARCADA
3977,1143,723,9EMP3C,2025-08-30 23:22:00+00:00,1638.57,CONFIRMADA
1052,4156,474,WTG25B,2026-03-28 21:07:22+00:00,294.34,NO_SHOW
4086,1611,218,0CXS0B,2026-02-25 02:34:49+00:00,1212.48,CANCELADA
4836,3036,529,XFIF6G,2026-05-22 07:05:32+00:00,3493.83,CONFIRMADA
4944,3867,548,DHPX9B,2026-01-18 19:02:12+00:00,6642.15,CONFIRMADA
3593,3174,558,XBAB3F,2025-11-07 20:16:11+00:00,2330.49,CONFIRMADA
2686,4817,391,JA3JA2,2025-06-12 23:28:00+00:00,3209.61,PENDENTE
2463,2944,777,5DEY30,2025-11-03 18:42:48+00:00,138.99,CONFIRMADA
1053,413,855,CHUC4P,2025-10-14 03:54:01+00:00,2106.22,CONFIRMADA
3139,3238,304,PDNHZK,2026-04-30 05:32:10+00:00,1429.82,CONFIRMADA
1997,2312,377,VGFYIU,2026-03-20 10:56:09+00:00,2630.68,CONFIRMADA
3294,41,80,NDAHNG,2026-04-30 02:15:05+00:00,789.45,CANCELADA
2358,1317,632,1WRD6U,2025-07-20 14:12:18+00:00,876.72,CANCELADA
475,3736,754,DOAY1M,2026-01-01 14:11:36+00:00,1290.91,CONFIRMADA
491,846,389,U4JQSZ,2025-07-05 06:18:28+00:00,12281.5,NO_SHOW
4148,1119,938,G3HY5S,2025-09-08 09:25:00+00:00,1436.39,CONFIRMADA
3958,2693,650,SA120N,2025-08-28 17:34:22+00:00,3040.11,EMBARCADA
2798,674,45,Y2F8KJ,2025-12-20 14:30:28+00:00,3328.16,PENDENTE
4649,3010,174,FXEEP7,2025-08-12 08:04:12+00:00,1106.86,NO_SHOW
4733,381,620,GC83RA,2026-04-17 14:49:08+00:00,2887.99,CANCELADA
3843,2331,886,KWG27E,2026-03-15 23:44:42+00:00,2964.33,CONFIRMADA
2596,4367,159,C4M2LR,2026-03-12 21:35:56+00:00,541.83,CANCELADA
1135,2467,719,URASE8,2025-08-14 13:53:22+00:00,186.05,CANCELADA
2640,2406,442,J8XEL1,2026-02-01 18:54:14+00:00,1373.28,EMBARCADA
4735,4377,502,4GGDQ3,2025-09-17 12:41:15+00:00,976.06,EMBARCADA
735,4736,59,QI5LJ4,2025-09-18 00:27:42+00:00,931.89,PENDENTE
4975,3363,629,GKNDT3,2026-01-21 11:25:46+00:00,7503.92,PENDENTE
1533,2053,741,DTHU9N,2026-04-08 17:03:13+00:00,96.48,PENDENTE
3922,3316,930,3UDGDL,2025-07-22 16:46:28+00:00,389.53,PENDENTE
2175,3309,242,PRTJND,2026-03-08 01:24:01+00:00,1000.13,CANCELADA
4731,4660,925,XET7Q7,2025-09-20 05:05:17+00:00,1067.74,CANCELADA
590,4867,3,W5A2M2,2026-06-01 16:13:21+00:00,1119.83,CONFIRMADA
2259,4941,93,9B6J2E,2025-10-01 08:22:45+00:00,809.6,EMBARCADA
1522,4398,321,H88ZPP,2026-03-21 04:57:51+00:00,2624.51,CANCELADA
3502,1371,456,751NSO,2025-08-12 02:26:32+00:00,139.7,CANCELADA
454,3017,204,H27PHF,2025-09-22 20:26:18+00:00,1456.32,NO_SHOW
1104,348,357,B78KLX,2026-02-05 22:42:43+00:00,987.56,EMBARCADA
4360,2097,375,V40B3X,2026-01-17 18:19:55+00:00,3295.09,CONFIRMADA
1775,865,582,6Z1CZA,2025-07-07 05:44:10+00:00,459.3,CANCELADA
1346,2945,506,QMMHQU,2026-01-09 03:03:07+00:00,2025.29,NO_SHOW
4944,3024,255,3F979U,2025-12-22 01:15:25+00:00,1223.74,CANCELADA
3727,4378,501,8YZ3WD,2025-09-12 05:58:41+00:00,300.25,CANCELADA
427,1528,416,PEZ5CP,2026-05-26 03:04:21+00:00,1331.18,NO_SHOW
3211,2125,342,ARXSGT,2025-10-29 15:49:46+00:00,1362.02,EMBARCADA
202,1645,264,G6SA2S,2026-05-29 00:14:40+00:00,1211.57,CONFIRMADA
2110,1148,824,IU9BZC,2025-08-27 11:55:22+00:00,196.26,EMBARCADA
3061,3967,672,DO0I5N,2026-04-29 02:38:43+00:00,3196.18,PENDENTE
910,425,38,KH5PMV,2025-11-17 19:22:06+00:00,242.05,CONFIRMADA
4978,4957,171,2IW4AG,2026-05-21 20:01:48+00:00,2968.39,PENDENTE
3386,2110,456,MJDP2W,2025-09-07 11:06:18+00:00,184.58,CANCELADA
2596,1057,44,BOPX5Y,2025-12-05 06:32:32+00:00,2947.61,CANCELADA
3363,1400,945,EGBDFY,2026-02-05 23:19:34+00:00,503.72,PENDENTE
3768,3920,899,CIIQ5X,2025-10-06 19:11:01+00:00,2464.35,CANCELADA
4214,1535,994,P1I1GB,2025-11-09 21:44:43+00:00,633.54,PENDENTE
1445,3382,938,0LUUA3,2025-08-05 12:21:28+00:00,1014.97,CANCELADA
2469,1016,764,JBC2Z5,2026-04-26 19:08:56+00:00,2643.83,EMBARCADA
4599,146,96,PREMSI,2026-04-27 23:16:17+00:00,1730.85,NO_SHOW
2924,1571,191,EB47PJ,2025-11-08 08:09:19+00:00,4438.2,NO_SHOW
3194,281,948,QOT07H,2026-02-10 21:00:42+00:00,2475.68,NO_SHOW
4593,2285,41,1S6S6A,2025-07-03 10:40:50+00:00,2437.67,CANCELADA
15,759,221,74IGU4,2025-08-12 09:28:45+00:00,1272.58,PENDENTE
2062,2832,166,CZ7DBD,2025-07-16 05:05:00+00:00,2874.05,CONFIRMADA
74,1505,489,I21NKO,2026-04-18 03:33:15+00:00,708.34,NO_SHOW
475,4996,427,LH19VF,2026-04-27 07:50:50+00:00,2750.47,PENDENTE
663,4515,664,4BNA4V,2026-04-20 16:38:00+00:00,3193.12,PENDENTE
1972,3293,679,A1E2OM,2026-05-01 03:35:43+00:00,2146.15,PENDENTE
2887,1759,722,6COEO0,2025-09-05 19:04:36+00:00,138.3,PENDENTE
3604,2199,368,GMSV99,2025-11-10 07:03:59+00:00,9009.28,EMBARCADA
3791,1425,406,9D2VAG,2025-07-31 01:40:34+00:00,5513.72,CANCELADA
808,3734,869,78OW3R,2026-02-02 06:32:10+00:00,8168.48,EMBARCADA
1196,3921,245,QDOYR0,2025-06-28 15:05:52+00:00,4179.06,PENDENTE
4851,2360,991,O8P1JA,2025-07-05 23:51:07+00:00,249.41,NO_SHOW
184,2740,875,U2OOEG,2026-05-17 07:20:56+00:00,3362.43,EMBARCADA
2195,1781,294,047OIK,2025-12-11 07:22:08+00:00,969.46,NO_SHOW
3678,4715,669,QHHBE9,2025-12-30 00:00:30+00:00,2559.37,CANCELADA
3457,3038,672,UZRHP6,2026-06-01 21:06:10+00:00,5806.16,CANCELADA
993,667,963,IFZPXD,2025-11-09 21:24:49+00:00,1833.35,EMBARCADA
1320,4222,740,4QK0RF,2025-09-25 23:43:42+00:00,1368.62,PENDENTE
3959,4511,794,IES12N,2026-04-29 21:41:52+00:00,504.2,CONFIRMADA
147,2827,222,FRBLS8,2026-02-04 12:37:45+00:00,1020.24,CONFIRMADA
4535,688,388,KEZLRH,2025-08-26 20:34:13+00:00,4011.22,CANCELADA
1104,1305,703,3TR645,2025-09-28 09:32:43+00:00,1418.36,CANCELADA
30,1150,142,FC77UR,2025-09-17 14:59:12+00:00,1701.6,CONFIRMADA
2534,3671,670,MNPYTF,2025-12-02 13:24:56+00:00,1713.34,EMBARCADA
1972,4674,953,O4RYVH,2026-03-17 14:29:28+00:00,841.94,CONFIRMADA
3823,1203,503,WE5EAE,2025-11-27 06:07:29+00:00,1252.43,NO_SHOW
2519,4698,318,X2D9BZ,2025-08-01 01:42:34+00:00,1346.07,CONFIRMADA
1525,565,498,AQHZQF,2026-01-04 14:56:36+00:00,170.07,PENDENTE
4649,2367,38,50CTN2,2026-02-03 17:06:24+00:00,1732.08,NO_SHOW
3413,3058,12,WILEXJ,2025-12-01 15:09:18+00:00,3978.35,CONFIRMADA
4250,4319,450,IKCYPE,2026-02-21 07:19:33+00:00,3109.87,PENDENTE
1910,4012,616,FEQKKE,2026-03-06 19:14:59+00:00,1853.16,PENDENTE
3024,234,265,0VD94S,2026-06-03 01:08:50+00:00,1807.6,EMBARCADA
2046,3499,566,2EZIYB,2026-01-10 11:20:26+00:00,3403.46,CANCELADA
1985,1485,144,RLBX5E,2026-05-16 09:13:25+00:00,1773.38,CONFIRMADA
4831,2842,136,LCGAVT,2026-02-27 14:35:23+00:00,725.19,CONFIRMADA
2927,2088,396,31F96J,2026-04-16 04:37:36+00:00,120.78,NO_SHOW
4754,865,359,HGCL8K,2025-10-08 18:04:14+00:00,455.34,CONFIRMADA
42,4363,765,LPUHW1,2026-02-01 17:24:28+00:00,961.4,PENDENTE
4785,3155,443,S0PYUT,2025-07-30 10:16:55+00:00,2279.54,CANCELADA
4078,2074,141,X35COJ,2026-03-04 21:21:47+00:00,63.04,CONFIRMADA
383,4557,646,EG8BPK,2025-07-28 02:11:12+00:00,4459.29,EMBARCADA
2574,1364,87,FNW4V8,2026-01-04 02:37:36+00:00,3653.88,CONFIRMADA
948,2,43,QR44QB,2025-12-01 10:32:04+00:00,1161.87,PENDENTE
3201,2387,752,ZJX14Q,2025-08-29 06:59:36+00:00,5454.26,PENDENTE
3177,271,939,MQJ3AS,2026-05-03 05:38:12+00:00,1446.75,CONFIRMADA
155,363,184,IIQS9X,2025-10-29 21:41:41+00:00,3825.28,NO_SHOW
439,2206,463,GFUPNX,2025-08-18 13:15:19+00:00,2083.25,CONFIRMADA
4659,1751,816,G3OSII,2026-03-06 08:13:55+00:00,1723.66,PENDENTE
1187,2573,683,KVK5HY,2026-04-24 19:00:34+00:00,427.16,CANCELADA
4234,4980,804,E6TRJS,2025-11-20 16:08:37+00:00,2697.64,PENDENTE
1574,2536,797,XQ86HH,2026-01-14 19:36:09+00:00,189.66,PENDENTE
1850,3828,903,6CFBBK,2025-07-25 10:04:14+00:00,2034.2,CANCELADA
3866,2178,854,SNH2Y3,2026-04-07 14:48:19+00:00,1375.94,EMBARCADA
3027,3167,599,80USUH,2026-04-10 14:47:39+00:00,189.14,NO_SHOW
4777,4468,635,K2SLQ3,2026-02-20 14:00:11+00:00,1925.96,CANCELADA
4894,679,843,VLDSZO,2025-08-30 05:37:05+00:00,232.21,CANCELADA
3920,707,980,QU6TEE,2026-05-28 23:56:39+00:00,136.42,EMBARCADA
2481,4702,368,TJQ39P,2025-06-08 09:36:38+00:00,8304.03,CONFIRMADA
3769,1327,515,90KODV,2026-03-16 21:13:37+00:00,3905.74,PENDENTE
2125,761,426,E8E661,2025-07-21 13:24:41+00:00,3909.04,CONFIRMADA
1718,1606,222,C78KKP,2025-08-27 01:34:30+00:00,1152.61,PENDENTE
1498,2635,39,WWHBFI,2026-04-05 19:25:19+00:00,755.98,NO_SHOW
2926,651,677,V5APV6,2025-11-26 01:39:50+00:00,1869.24,PENDENTE
3378,1454,553,IO72WP,2025-11-19 13:52:37+00:00,1574.87,EMBARCADA
4867,1632,47,4G270U,2026-01-01 04:56:49+00:00,3651.99,PENDENTE
895,1823,735,WRSY7E,2025-12-31 20:31:28+00:00,617.98,NO_SHOW
4050,4674,531,NZKHQF,2025-10-23 02:22:16+00:00,3798.54,NO_SHOW
3977,2568,365,NQ8G60,2026-01-05 12:19:08+00:00,3130.14,PENDENTE
1044,3853,13,W49DVU,2026-06-03 07:05:54+00:00,752.04,NO_SHOW
4635,2136,287,4VR3ND,2025-07-22 06:00:05+00:00,5864.83,EMBARCADA
1015,1083,653,Z40S1R,2025-08-01 11:20:42+00:00,1382.99,CANCELADA
2502,2852,893,89V8BL,2026-04-26 16:35:38+00:00,846.79,CONFIRMADA
2117,693,727,Y43R2O,2026-04-29 01:02:23+00:00,2422.95,CANCELADA
3984,85,836,DAHGHD,2026-05-11 07:37:24+00:00,1406.53,NO_SHOW
3636,4184,289,S5S7CN,2025-08-07 14:00:55+00:00,12640.96,CANCELADA
2663,3782,324,0BGLNJ,2025-10-19 19:51:43+00:00,3848.77,CANCELADA
894,1018,334,5QI0XA,2025-08-31 11:55:31+00:00,259.1,PENDENTE
1375,4689,204,6XXDRX,2025-09-21 08:15:07+00:00,318.12,CONFIRMADA
3602,3137,726,Q6L9E4,2025-07-28 00:20:43+00:00,872.71,CONFIRMADA
3551,4435,514,0T5XRP,2025-08-20 11:06:55+00:00,1020.25,PENDENTE
4589,2657,214,K62F0C,2025-11-04 06:13:32+00:00,220.75,CANCELADA
4490,478,820,1GAQZ8,2026-04-16 22:21:55+00:00,109.26,NO_SHOW
1467,4895,959,KQ5UEE,2025-10-01 22:46:09+00:00,819.69,EMBARCADA
658,2873,602,O0CM5F,2026-04-18 19:00:48+00:00,115.28,NO_SHOW
1733,2331,507,I1WBQW,2025-09-26 08:24:50+00:00,3630.04,CONFIRMADA
3227,1625,392,HRK4RQ,2025-11-12 19:33:57+00:00,616.05,EMBARCADA
2134,4363,584,TEE0DT,2026-03-29 03:04:04+00:00,747.23,EMBARCADA
2465,1768,403,70DCD3,2025-06-14 01:44:34+00:00,1083.5,EMBARCADA
3549,4908,789,LEF320,2026-02-08 21:32:59+00:00,2789.04,PENDENTE
2406,4051,661,A7P3M4,2026-02-22 07:39:19+00:00,1409.74,NO_SHOW
3887,2743,21,HMYIY3,2026-03-13 21:32:06+00:00,1143.05,EMBARCADA
4868,2281,872,OQ5B64,2026-02-14 23:31:51+00:00,4900.38,NO_SHOW
54,3159,11,65OAJE,2025-07-03 09:55:52+00:00,2118.47,NO_SHOW
2889,3265,231,UU8YXZ,2025-07-04 08:29:33+00:00,3482.85,EMBARCADA
590,1096,374,BWZ301,2025-09-08 09:32:55+00:00,425.33,CANCELADA
3657,4670,529,GXUQKF,2026-02-01 15:32:00+00:00,7976.02,NO_SHOW
2640,4240,112,LZ9OSX,2025-07-25 04:15:50+00:00,4575.89,EMBARCADA
2041,995,823,1UCOWK,2025-09-07 21:57:00+00:00,1183.94,CONFIRMADA
1884,278,732,JBVNDI,2025-10-07 16:43:17+00:00,419.55,NO_SHOW
1507,4697,146,JQGPFH,2026-04-25 01:02:20+00:00,3341.15,PENDENTE
2591,3716,94,QJXD7T,2026-04-22 10:14:56+00:00,1776.99,EMBARCADA
3589,1620,604,G0NWZE,2025-06-11 06:49:02+00:00,982.31,PENDENTE
2897,157,205,H8L79A,2025-08-10 01:28:50+00:00,2670.36,PENDENTE
1138,1042,524,1MQ77V,2025-07-08 14:26:26+00:00,827.95,NO_SHOW
1676,1488,204,IG4INN,2025-08-25 20:02:45+00:00,3107.66,CANCELADA
793,4356,735,9I9MVY,2025-10-16 06:58:29+00:00,1806.9,PENDENTE
4631,4212,402,LZW64W,2025-07-11 12:19:36+00:00,1728.36,EMBARCADA
1632,2489,389,PDJWW0,2025-07-26 08:12:14+00:00,11626.5,NO_SHOW
4594,3190,986,NJIR3U,2025-09-28 13:05:48+00:00,5853.5,CONFIRMADA
1799,4514,87,OHUZ7R,2025-12-24 16:47:36+00:00,5363.02,CONFIRMADA
4585,1157,308,NZVFDN,2026-02-17 19:35:15+00:00,3110.31,PENDENTE
1661,4170,128,VKEVWX,2026-05-04 20:53:45+00:00,6887.14,PENDENTE
3622,4596,768,SK9M3P,2025-10-15 00:22:34+00:00,9639.88,EMBARCADA
1768,3562,534,4FM6VO,2026-05-08 05:58:50+00:00,847.82,CONFIRMADA
2824,3658,564,1WWS6F,2026-05-15 00:08:24+00:00,271.02,NO_SHOW
3504,1085,938,93QOZE,2026-01-27 10:15:04+00:00,1546.18,CANCELADA
3601,4447,782,OQWWAG,2026-03-31 10:31:54+00:00,163.3,CONFIRMADA
2401,2771,360,OPE0XI,2026-01-25 04:45:53+00:00,557.07,PENDENTE
118,4160,973,U4TZOH,2026-03-13 20:24:49+00:00,720.87,EMBARCADA
1565,2938,375,1E8VG3,2025-06-23 14:33:46+00:00,3008.75,CONFIRMADA
2296,1889,99,PT8682,2025-08-10 04:40:25+00:00,1992.69,EMBARCADA
1583,4801,548,N2WND9,2026-05-13 14:48:11+00:00,565.72,NO_SHOW
1755,4204,254,F9W0Y0,2025-11-27 15:49:31+00:00,1151.86,EMBARCADA
4551,2143,444,OMQG1L,2026-04-11 14:13:26+00:00,1906.68,EMBARCADA
1076,1894,587,O0IO9L,2026-02-01 17:26:15+00:00,6699.99,CANCELADA
1509,4136,150,4TCZEY,2025-08-31 10:20:31+00:00,1790.8,CONFIRMADA
1299,1572,86,QAENN3,2026-02-15 16:31:35+00:00,4768.05,PENDENTE
1036,870,708,1APJWM,2025-11-08 20:36:48+00:00,3287.5,CONFIRMADA
3442,1124,781,7HIF5V,2025-11-26 03:28:31+00:00,1099.29,CONFIRMADA
43,144,882,WCWS37,2025-11-12 16:01:14+00:00,1625.04,CONFIRMADA
2243,1695,885,WAQTWP,2025-12-13 13:21:12+00:00,4516.06,CANCELADA
4713,2920,415,EVGWDI,2026-04-11 18:13:36+00:00,3441.63,NO_SHOW
3765,249,435,P17O19,2025-06-15 00:09:58+00:00,379.02,EMBARCADA
347,2225,677,DY02R7,2026-05-13 09:23:50+00:00,1001.61,PENDENTE
3608,4393,376,9B7VHZ,2025-12-28 12:09:52+00:00,935.28,EMBARCADA
4344,4275,447,XESBFH,2026-02-06 18:06:26+00:00,4746.25,EMBARCADA
1162,3021,124,JI781Y,2025-11-09 21:47:46+00:00,2525.29,EMBARCADA
4523,1003,83,LA4J80,2026-01-10 14:48:47+00:00,353.41,EMBARCADA
1786,3355,64,O7R1PJ,2026-05-31 07:07:38+00:00,386.12,CANCELADA
846,3450,485,6MWDJ1,2026-02-12 21:40:09+00:00,152.3,CONFIRMADA
2141,4921,449,AKJQEC,2025-09-28 14:42:46+00:00,7974.76,CANCELADA
731,3319,56,RQ34BW,2025-08-11 04:20:18+00:00,1878.74,NO_SHOW
4951,1443,511,EXWBP2,2025-06-16 06:57:33+00:00,3143.48,NO_SHOW
1737,2697,17,J2SRWL,2025-10-31 05:41:44+00:00,1143.03,CONFIRMADA
1760,4393,61,PVXKNC,2025-12-31 04:41:02+00:00,2045.91,PENDENTE
2347,2714,647,AWIYKP,2026-03-18 01:18:17+00:00,4691.27,EMBARCADA
617,3269,891,A3C0IQ,2025-06-26 21:24:34+00:00,3409.0,NO_SHOW
4932,3790,606,2AIME2,2025-07-27 05:00:04+00:00,2480.95,CONFIRMADA
95,2403,165,EYVT01,2026-02-07 15:15:18+00:00,528.63,EMBARCADA
368,88,878,G08V1F,2025-12-19 03:41:05+00:00,1805.85,PENDENTE
4287,2725,264,BEJDI6,2025-07-28 01:45:32+00:00,1346.62,CONFIRMADA
1092,4527,675,ZRHXVS,2025-12-20 23:47:23+00:00,1490.67,CANCELADA
1344,3218,403,PSO17T,2025-12-07 08:41:39+00:00,2475.33,EMBARCADA
349,3423,137,BERMYG,2025-07-08 20:05:04+00:00,1260.12,EMBARCADA
4558,2315,484,L7B4PQ,2025-06-10 18:01:52+00:00,3138.35,NO_SHOW
1504,4790,109,C9MWPR,2025-10-08 10:30:43+00:00,5490.68,PENDENTE
1863,2104,521,RWMNHP,2025-09-02 08:24:33+00:00,1392.27,EMBARCADA
29,4119,455,61DK6Z,2025-06-05 08:40:37+00:00,2458.29,CONFIRMADA
2363,36,320,2RHNA3,2025-08-22 04:11:08+00:00,389.75,NO_SHOW
1008,4727,709,SWMN2N,2026-03-15 05:34:26+00:00,7963.43,EMBARCADA
197,50,183,WXN4XW,2025-07-08 22:40:29+00:00,1255.88,NO_SHOW
388,2374,20,65K0K9,2025-11-01 03:36:17+00:00,1142.35,CANCELADA
2587,3717,925,6J7UUQ,2025-10-11 11:00:45+00:00,309.35,NO_SHOW
3424,611,580,Y73J3N,2026-04-30 21:07:50+00:00,1661.71,EMBARCADA
1801,1713,794,U4S00F,2025-09-07 17:40:19+00:00,1325.37,PENDENTE
4070,525,805,BQ3O4B,2026-01-30 04:45:53+00:00,2627.57,EMBARCADA
1830,1770,190,TGBFW5,2025-08-17 11:04:31+00:00,3957.73,CANCELADA
3954,2382,958,00JSJ3,2026-02-16 09:06:53+00:00,549.89,PENDENTE
4986,1086,717,FLQBG4,2025-09-06 03:32:12+00:00,1603.65,CONFIRMADA
3786,1813,183,V1AUR9,2026-03-24 10:36:40+00:00,921.19,EMBARCADA
2371,4953,681,IE05HA,2025-07-04 05:43:28+00:00,413.83,CANCELADA
1134,4270,811,CYX9CI,2026-03-28 08:31:00+00:00,1580.22,EMBARCADA
1602,2707,827,GKQG9Q,2025-08-09 12:59:37+00:00,3161.08,EMBARCADA
4179,3344,46,S9H2MX,2025-07-06 18:50:48+00:00,4648.46,EMBARCADA
304,4196,420,9RCBYY,2025-11-11 04:08:00+00:00,175.67,CONFIRMADA
3750,2097,383,8YSYNC,2026-02-24 19:54:51+00:00,2526.8,CANCELADA
418,3811,190,571JJC,2026-01-18 18:33:08+00:00,1948.61,NO_SHOW
900,785,289,R229BF,2025-06-29 10:22:09+00:00,906.94,CONFIRMADA
3964,680,11,J31X4L,2025-08-26 02:08:13+00:00,1433.56,CANCELADA
3980,4983,309,JG9O1P,2026-02-11 21:17:19+00:00,8974.59,CONFIRMADA
4609,4821,878,TYKI43,2025-12-19 05:32:27+00:00,894.56,PENDENTE
4972,3172,701,BO18B8,2026-04-25 10:12:17+00:00,2226.71,CONFIRMADA
2377,3193,723,RKONIU,2025-12-26 04:31:30+00:00,739.16,EMBARCADA
4346,759,147,HRRMJI,2026-02-15 02:22:26+00:00,5249.39,EMBARCADA
3218,1967,625,X62A36,2026-02-25 23:24:50+00:00,3748.66,NO_SHOW
1733,1659,981,14GKPS,2025-10-20 06:41:36+00:00,1326.6,CANCELADA
3140,2158,213,YXP6HI,2025-08-18 19:01:20+00:00,543.92,CANCELADA
2126,2764,635,JMQNCH,2025-08-14 22:20:17+00:00,790.18,NO_SHOW
1221,4876,578,QBXOHP,2026-03-24 21:55:34+00:00,201.2,NO_SHOW
669,4147,841,9Y9PKO,2025-06-11 14:37:51+00:00,1688.22,NO_SHOW
1730,4837,256,Y1WS1U,2025-12-17 09:00:26+00:00,474.4,EMBARCADA
4292,4177,481,7O5WFM,2025-12-21 23:07:38+00:00,1026.9,EMBARCADA
3372,1758,141,2GYUYX,2025-12-23 00:25:25+00:00,1434.5,CONFIRMADA
4626,1202,777,WLL53Z,2025-09-14 12:32:44+00:00,1752.61,EMBARCADA
3351,2455,360,9NOGJ1,2025-10-23 02:31:47+00:00,2267.87,NO_SHOW
4802,4478,571,9MZ0LN,2025-12-14 06:44:52+00:00,4607.4,CANCELADA
1998,3806,534,9CLMJU,2026-01-29 13:48:55+00:00,96.07,EMBARCADA
1666,4344,53,YBU5A9,2026-05-03 16:47:28+00:00,208.83,CONFIRMADA
1543,4122,815,ME125J,2025-09-22 08:52:35+00:00,1167.87,CONFIRMADA
4638,3404,559,4LQE9P,2025-12-12 01:22:34+00:00,1968.56,CONFIRMADA
220,1225,888,PA1PK8,2025-06-24 06:53:09+00:00,9251.23,EMBARCADA
3291,156,326,L20CVQ,2025-11-01 09:09:26+00:00,4471.89,CONFIRMADA
2474,4701,614,ZBLP68,2025-11-21 13:05:09+00:00,880.66,PENDENTE
1138,536,411,V6U56D,2025-06-05 05:21:33+00:00,168.1,CANCELADA
3221,1938,183,9YCAWB,2025-10-16 05:29:31+00:00,1329.78,CANCELADA
1244,991,746,775ZC0,2025-06-03 19:47:21+00:00,462.54,CONFIRMADA
3272,2724,774,STQTME,2025-06-08 17:37:15+00:00,1725.8,NO_SHOW
4082,1026,115,CNZLNB,2025-10-30 07:33:05+00:00,4388.19,CANCELADA
7,3831,705,SLJEJP,2026-01-03 11:47:50+00:00,3951.16,CONFIRMADA
1144,4113,8,45YVC3,2026-04-11 11:21:57+00:00,1734.2,CONFIRMADA
766,745,960,KY98V7,2025-11-03 21:59:34+00:00,1301.09,NO_SHOW
101,3531,101,I1PNRY,2026-03-01 04:27:01+00:00,1472.59,EMBARCADA
4067,510,628,GE3MKB,2026-03-26 13:51:04+00:00,7437.51,NO_SHOW
1619,4684,486,QXWTO7,2025-08-10 05:35:22+00:00,1167.87,CANCELADA
2301,833,624,GQYXXT,2025-11-24 11:41:26+00:00,1063.97,NO_SHOW
490,3216,927,OBHG6W,2025-08-27 18:40:16+00:00,762.91,NO_SHOW
775,3722,127,YK5QGF,2025-12-13 13:37:36+00:00,2533.95,CANCELADA
4434,1644,533,9AIYJX,2025-10-09 11:48:48+00:00,1376.92,EMBARCADA
834,3953,16,L9YL6T,2026-02-20 10:02:54+00:00,1083.8,CONFIRMADA
547,924,247,MBMM9S,2026-02-24 05:44:12+00:00,5165.97,EMBARCADA
4866,3669,894,T52495,2025-07-25 22:56:58+00:00,65.81,NO_SHOW
887,2697,869,XEABJY,2025-06-03 09:00:28+00:00,6710.25,EMBARCADA
2524,3773,75,S0WEVF,2026-06-01 03:32:16+00:00,1225.61,NO_SHOW
3025,1816,988,PA93MT,2026-03-16 15:45:15+00:00,6820.12,NO_SHOW
4752,1178,827,A6UWN9,2026-05-17 14:07:42+00:00,3169.15,EMBARCADA
175,2721,159,O7CPKP,2026-04-26 06:37:53+00:00,1198.74,NO_SHOW
196,3203,905,IBE7DL,2026-01-18 10:25:17+00:00,4860.82,EMBARCADA
3821,4208,642,J1XZS1,2025-06-22 23:20:47+00:00,1586.76,NO_SHOW
2274,2239,3,G2ANUB,2025-11-11 18:03:31+00:00,2962.14,NO_SHOW
2029,4541,638,ZFYJFP,2026-04-09 19:58:23+00:00,2176.59,CANCELADA
4747,2332,27,XQ9PU1,2025-09-11 14:24:09+00:00,4060.32,CANCELADA
4360,227,344,I3KZVL,2025-07-03 06:56:50+00:00,901.79,EMBARCADA
4171,1627,25,4BM6VS,2025-09-05 02:50:02+00:00,2002.81,CANCELADA
1749,2426,372,MPDVKN,2026-02-10 13:47:52+00:00,6274.94,NO_SHOW
484,49,683,N2FSVG,2025-10-27 00:48:00+00:00,1378.81,NO_SHOW
3878,360,757,E5AWZK,2025-12-10 13:09:54+00:00,876.26,PENDENTE
1073,2232,545,92VWUD,2026-02-09 18:39:53+00:00,3749.62,PENDENTE
658,3470,549,HIAV7L,2026-01-08 22:23:50+00:00,6086.87,NO_SHOW
3316,1788,24,F5GW3Z,2026-02-05 06:18:44+00:00,2934.2,PENDENTE
2815,1663,375,HIN6PB,2026-05-30 00:58:01+00:00,2513.81,EMBARCADA
228,766,202,TCB6J6,2026-05-15 11:08:08+00:00,1326.31,PENDENTE
3700,884,645,3G0OQ0,2026-04-13 15:11:48+00:00,4906.68,NO_SHOW
1558,3625,597,1FLSDG,2025-12-06 15:13:59+00:00,1338.74,EMBARCADA
3504,4817,980,JVKIXF,2025-10-09 16:33:51+00:00,1095.96,CANCELADA
3193,4771,989,15DLUU,2026-04-10 16:13:23+00:00,7656.75,EMBARCADA
2225,614,730,ILHMOF,2025-09-29 05:42:43+00:00,754.06,CONFIRMADA
1689,3767,102,12V1TN,2025-06-25 22:58:35+00:00,258.21,CANCELADA
881,3419,160,UJ0CTX,2026-05-05 11:34:11+00:00,1837.19,CANCELADA
60,3859,253,C8YUOW,2025-10-19 10:21:52+00:00,985.74,NO_SHOW
1484,731,232,MBXJZR,2025-08-17 06:11:06+00:00,2574.51,PENDENTE
1326,4431,274,4NLY3L,2025-07-05 10:43:05+00:00,169.41,EMBARCADA
3887,1472,227,RR5LQU,2026-01-26 09:04:54+00:00,2213.37,CONFIRMADA
2372,2717,493,74ZIC8,2025-09-15 00:44:27+00:00,1420.7,CONFIRMADA
19,4832,257,D9JJDN,2025-06-17 22:51:06+00:00,1278.71,EMBARCADA
974,3334,781,SOS4C6,2026-01-28 18:35:21+00:00,502.69,CANCELADA
520,3526,215,1SHORA,2025-10-29 03:05:44+00:00,2832.97,NO_SHOW
2696,1549,295,8GL2FM,2025-11-29 18:33:57+00:00,985.18,CANCELADA
2557,3861,467,EDFDYK,2026-01-19 19:24:00+00:00,1895.93,EMBARCADA
2444,4637,972,RBW2TZ,2026-05-17 09:00:33+00:00,1529.15,CONFIRMADA
3703,3668,412,8JMMVT,2025-09-16 23:51:07+00:00,4933.49,EMBARCADA
2010,2907,67,ILVZUG,2026-01-23 17:40:37+00:00,825.6,CANCELADA
3914,516,880,G98LSC,2026-04-11 18:08:19+00:00,488.29,EMBARCADA
1445,2367,461,KAQE0P,2026-02-13 17:38:46+00:00,1293.58,PENDENTE
4135,2506,433,TK01DV,2026-05-10 14:54:59+00:00,935.33,NO_SHOW
12,783,627,RDVDPM,2025-10-22 21:49:26+00:00,4522.82,CANCELADA
1426,2409,351,XPGQZL,2026-01-18 18:56:01+00:00,5637.7,CONFIRMADA
2647,2629,924,81D2BS,2026-05-21 14:36:08+00:00,292.52,PENDENTE
3834,3448,918,9BGPPG,2025-08-28 00:07:32+00:00,1922.94,NO_SHOW
149,4907,242,D5OUVP,2025-11-06 19:00:48+00:00,244.24,EMBARCADA
320,4340,995,TDKNDB,2025-12-17 20:52:02+00:00,777.8,PENDENTE
4224,2555,683,2Y8QBX,2026-03-16 17:51:11+00:00,161.74,CONFIRMADA
629,4529,137,TDT20B,2025-07-27 23:56:08+00:00,1398.95,EMBARCADA
4334,244,131,RWQDFZ,2025-09-20 08:57:46+00:00,1783.99,EMBARCADA
2089,2594,297,8WFNFI,2026-02-07 19:18:53+00:00,656.0,PENDENTE
4505,1055,809,9ABPUW,2025-09-03 01:35:01+00:00,6450.81,CANCELADA
2592,850,693,4N3EN8,2025-09-23 05:50:10+00:00,308.19,EMBARCADA
252,595,626,81IMON,2026-04-28 02:56:43+00:00,2794.05,CANCELADA
2721,2989,127,BHYWC5,2026-06-03 10:49:08+00:00,6197.07,PENDENTE
1777,1308,59,KZRTOG,2025-08-16 12:38:10+00:00,233.35,PENDENTE
1682,4908,79,2X3IBA,2025-07-13 12:16:58+00:00,636.5,EMBARCADA
2300,2419,237,A23I6Z,2025-12-26 13:49:23+00:00,899.3,PENDENTE
2924,1293,733,T4DG09,2025-06-07 06:13:30+00:00,1196.2,CONFIRMADA
3588,1331,264,IUJJKM,2025-08-11 11:25:03+00:00,258.02,CANCELADA
4702,1215,652,G1RHYQ,2025-07-01 01:01:24+00:00,8081.65,PENDENTE
1565,4064,979,S2V84F,2026-03-05 06:46:30+00:00,618.14,NO_SHOW
4222,2990,702,L570ON,2026-04-02 06:01:08+00:00,861.98,CANCELADA
2119,4930,922,2UAR0D,2026-04-12 21:01:25+00:00,1140.9,NO_SHOW
2261,4197,426,BQLEPN,2026-05-05 15:28:02+00:00,5358.66,NO_SHOW
1071,2374,538,JI2CYD,2026-04-21 22:42:30+00:00,1214.49,PENDENTE
3362,925,271,MK6AJL,2026-02-22 18:57:58+00:00,4327.49,CANCELADA
1181,4699,123,S08XOD,2025-08-17 08:20:40+00:00,275.1,EMBARCADA
1503,2906,307,OKSOZQ,2025-06-12 06:01:05+00:00,7710.01,EMBARCADA
2936,3920,192,0FXA29,2026-05-21 02:17:14+00:00,8041.56,CANCELADA
1490,2757,455,EMGXCO,2026-02-14 10:21:26+00:00,1567.87,NO_SHOW
4909,4132,750,YT0LPV,2026-01-15 17:21:12+00:00,4268.34,CONFIRMADA
971,2277,420,CSJBH8,2025-07-30 15:15:05+00:00,1456.71,EMBARCADA
2933,20,57,OM9J3L,2025-10-05 21:49:04+00:00,1136.79,CANCELADA
2277,3986,619,WTHFE8,2025-11-17 16:33:22+00:00,993.99,EMBARCADA
4817,4607,600,2I9R42,2025-11-19 20:57:57+00:00,806.7,PENDENTE
358,4029,150,Q4XW2N,2026-05-24 19:31:45+00:00,1095.43,NO_SHOW
2391,3960,408,941JBF,2026-05-14 20:26:13+00:00,2442.94,EMBARCADA
4612,386,184,KWTVHI,2026-05-02 22:25:16+00:00,810.32,NO_SHOW
968,2918,536,RSBUTC,2026-02-06 11:02:39+00:00,1557.68,NO_SHOW
761,3090,386,5JK0NV,2025-10-31 02:52:02+00:00,4967.01,EMBARCADA
4670,2921,793,N1WDXD,2026-03-04 23:31:31+00:00,693.42,NO_SHOW
565,2734,651,RDV3R1,2025-09-04 11:12:58+00:00,1312.78,CONFIRMADA
1381,2730,796,GZXPQY,2025-07-09 21:00:09+00:00,592.81,CANCELADA
1500,2203,307,VV6XAW,2025-12-14 07:55:19+00:00,2665.63,CONFIRMADA
4510,775,380,MCHZ1D,2026-02-19 03:12:28+00:00,1478.37,CONFIRMADA
3459,4342,417,03RVKF,2026-04-09 05:09:38+00:00,2395.32,CANCELADA
4414,3279,636,SEY829,2025-09-19 14:41:10+00:00,568.25,CANCELADA
850,4565,969,TQBE6Z,2025-09-11 07:36:13+00:00,2096.27,CANCELADA
3104,4498,83,ZC65B9,2025-09-04 17:33:53+00:00,1633.33,PENDENTE
2107,2281,163,3JASW3,2026-01-05 05:08:31+00:00,1456.11,CONFIRMADA
3427,2211,452,FE6CKX,2026-02-20 04:48:22+00:00,3137.96,CONFIRMADA
1010,1440,569,LAZNKW,2025-11-16 12:08:26+00:00,9218.71,CANCELADA
1108,2282,339,AAOT03,2025-06-21 03:03:35+00:00,1747.64,CONFIRMADA
3562,2045,509,B3CRYQ,2025-12-07 04:35:36+00:00,1793.83,CONFIRMADA
2169,1698,781,2RME3P,2026-05-09 01:26:23+00:00,1946.34,PENDENTE
3116,4338,429,BI3POK,2025-08-22 08:49:45+00:00,12180.18,NO_SHOW
1282,4985,585,X9Y2X9,2025-06-19 14:02:28+00:00,1521.04,NO_SHOW
4758,1994,323,9NWU07,2025-08-17 06:06:01+00:00,1962.47,NO_SHOW
1691,2077,133,IESFDS,2025-07-18 00:31:05+00:00,108.17,CONFIRMADA
3187,4758,899,63YN20,2026-05-20 06:48:10+00:00,69.22,CANCELADA
3594,1571,839,G70J61,2026-04-26 14:16:43+00:00,2299.31,NO_SHOW
384,4864,631,W2GZIQ,2025-11-19 10:02:25+00:00,3169.38,EMBARCADA
3197,1793,309,YX0MFV,2025-09-01 07:57:00+00:00,11112.5,PENDENTE
1310,3052,768,IF72O2,2026-05-15 13:21:14+00:00,8254.45,CONFIRMADA
442,2820,700,UHONHZ,2026-01-08 14:32:07+00:00,1234.96,CANCELADA
2275,975,574,4HJ46I,2026-03-27 23:06:31+00:00,1819.06,NO_SHOW
489,427,919,M99F6V,2025-10-22 02:33:15+00:00,1020.43,PENDENTE
2742,4357,482,G683KJ,2026-01-18 04:38:50+00:00,1552.96,EMBARCADA
3887,2790,244,4V2EBY,2025-07-18 05:18:10+00:00,2640.51,EMBARCADA
116,2757,714,RBAZSP,2025-07-15 01:47:34+00:00,642.73,EMBARCADA
1721,658,227,Y35X4R,2026-05-16 20:23:29+00:00,4908.72,NO_SHOW
1107,4819,621,8RECT4,2025-12-15 06:26:39+00:00,365.8,EMBARCADA
2457,783,895,18CQE7,2026-01-31 21:08:12+00:00,2439.94,NO_SHOW
2861,2894,787,J8UQQF,2026-01-09 04:55:44+00:00,1548.36,PENDENTE
1573,2636,15,KGP8OB,2026-05-20 07:00:42+00:00,2632.99,PENDENTE
2161,4135,851,ZPU9K8,2025-10-31 10:30:52+00:00,490.33,EMBARCADA
535,4848,614,2X2T4Q,2025-07-07 01:20:08+00:00,1258.47,NO_SHOW
2958,1964,26,UIEKTP,2025-12-25 11:31:12+00:00,2949.32,CONFIRMADA
2895,990,953,MGSZ7E,2025-09-29 07:33:08+00:00,571.38,EMBARCADA
1098,3276,988,TC27G4,2025-12-31 13:59:07+00:00,6297.13,CONFIRMADA
4394,1471,954,881D20,2025-08-17 20:35:51+00:00,1549.79,EMBARCADA
4261,104,512,HMNYJ4,2025-08-23 19:21:15+00:00,1266.66,CONFIRMADA
4141,3955,428,XTN6DF,2025-08-07 18:02:41+00:00,4544.58,CONFIRMADA
4219,3096,319,ILQCLU,2025-12-13 22:25:12+00:00,2351.67,CANCELADA
3808,1575,217,XN6XHB,2026-01-18 02:36:59+00:00,1198.69,CANCELADA
1343,2819,404,OXR77G,2025-08-21 06:57:14+00:00,2295.49,NO_SHOW
1051,3058,147,PNX8P7,2026-05-25 20:24:58+00:00,3375.91,CONFIRMADA
1010,3791,433,YHKN77,2025-06-20 19:39:30+00:00,1223.43,CANCELADA
3852,4058,989,QC0OKD,2025-12-11 08:18:06+00:00,3880.88,CANCELADA
1279,2299,59,0B91Y9,2025-12-30 19:51:33+00:00,580.88,CANCELADA
776,1724,736,XBSIFZ,2025-08-16 01:03:49+00:00,335.82,CONFIRMADA
3815,3831,939,WAQWGM,2025-06-20 06:41:39+00:00,2619.3,NO_SHOW
2246,655,857,L52X3U,2025-06-22 17:43:54+00:00,442.54,PENDENTE
3119,2763,586,82LMUQ,2025-11-20 05:49:14+00:00,1661.62,PENDENTE
2241,1345,222,92WKLL,2025-11-06 02:51:23+00:00,864.72,NO_SHOW
2038,1139,399,XO0S89,2025-10-19 12:22:57+00:00,2382.65,PENDENTE
718,2915,508,KQH3RS,2026-04-15 11:28:37+00:00,5980.17,NO_SHOW
952,2864,914,EFQFQJ,2026-04-15 08:54:43+00:00,1300.46,CONFIRMADA
3513,3870,51,BA0ZZ0,2026-04-06 00:44:26+00:00,1189.72,CONFIRMADA
2130,1765,158,JS2M7E,2025-08-17 06:31:45+00:00,2869.89,NO_SHOW
2963,438,337,YA91X4,2025-08-27 17:40:53+00:00,1662.91,EMBARCADA
4276,4491,528,RHEJTC,2025-10-24 04:37:08+00:00,4134.49,EMBARCADA
1214,1410,893,M7LITC,2025-11-01 08:00:37+00:00,1147.27,PENDENTE
1347,1267,887,TOC54F,2026-02-15 14:47:36+00:00,4302.47,NO_SHOW
3567,844,275,TF9Q8A,2025-12-04 18:34:54+00:00,3087.88,NO_SHOW
3555,3918,862,8PFMUJ,2025-07-30 04:44:12+00:00,1414.06,NO_SHOW
1699,3527,927,RHABGX,2025-08-03 16:18:40+00:00,4959.43,PENDENTE
4381,173,711,EQB8QQ,2025-09-24 10:43:28+00:00,3391.71,CONFIRMADA
2600,771,666,WPY3W3,2025-08-26 04:51:39+00:00,5659.43,EMBARCADA
4957,4985,647,DZ2Z5I,2025-12-27 12:26:35+00:00,2350.04,EMBARCADA
2739,935,580,YY44K6,2026-05-03 08:33:56+00:00,163.15,CANCELADA
1120,496,279,8W8TH6,2025-08-22 14:10:17+00:00,1485.15,EMBARCADA
982,513,123,BGFFTD,2026-01-31 00:30:12+00:00,1205.42,CANCELADA
3530,4005,346,E7TF3U,2025-12-18 07:15:03+00:00,2600.23,PENDENTE
4973,674,987,9AM5T7,2026-01-05 08:17:04+00:00,4787.88,NO_SHOW
2104,558,999,3TWUPE,2026-01-13 23:43:48+00:00,1923.4,CONFIRMADA
637,784,449,RQB9NR,2025-08-06 23:59:46+00:00,3470.03,CONFIRMADA
1815,949,454,T4NQYF,2025-09-11 14:05:57+00:00,2103.43,PENDENTE
2712,2850,251,9ZBDCC,2025-06-24 08:52:49+00:00,4071.69,NO_SHOW
3390,4370,345,8TJ7CG,2026-05-25 09:47:51+00:00,2830.59,EMBARCADA
236,3864,72,FCM2GO,2026-01-10 20:20:24+00:00,8140.67,PENDENTE
2813,1528,174,L26YXK,2025-07-20 01:48:20+00:00,673.07,EMBARCADA
208,668,916,7H70VP,2025-07-21 00:54:59+00:00,944.66,NO_SHOW
1995,3215,171,58H1W3,2025-07-11 16:13:57+00:00,2553.28,EMBARCADA
4883,2925,77,ZIXR7K,2026-03-19 08:40:39+00:00,1362.52,EMBARCADA
1816,3831,104,JDLENO,2025-11-07 07:53:59+00:00,3374.02,NO_SHOW
2038,4114,366,M262Q0,2025-06-09 09:24:27+00:00,2222.19,NO_SHOW
64,1397,291,SMP969,2026-01-29 06:19:40+00:00,1276.83,EMBARCADA
3912,2528,449,HRIKDU,2025-07-15 16:04:34+00:00,6503.42,CANCELADA
74,4279,403,3THZ3X,2026-05-12 17:55:20+00:00,2906.81,CONFIRMADA
3387,4633,349,5IFMVZ,2025-09-25 15:46:53+00:00,8779.55,CANCELADA
1248,2182,930,H5OCE0,2025-10-15 22:16:18+00:00,1609.7,CANCELADA
820,4617,967,5XI28C,2026-05-22 21:38:56+00:00,4741.69,EMBARCADA
1017,617,966,OP1FA3,2026-04-15 06:58:34+00:00,3348.9,CANCELADA
1553,825,144,LE21HR,2025-08-23 02:53:55+00:00,1748.62,NO_SHOW
1920,661,41,PWEPFI,2025-06-08 03:13:10+00:00,307.2,NO_SHOW
67,1811,122,89HLZ8,2026-05-22 10:12:15+00:00,1481.19,PENDENTE
1018,3698,695,QUHMAW,2026-01-29 23:55:24+00:00,933.29,PENDENTE
947,4260,654,FL9TNH,2026-01-14 14:22:13+00:00,1597.51,CANCELADA
830,2752,497,ZMS67L,2025-11-06 05:34:05+00:00,1579.68,NO_SHOW
1308,4334,252,DXARPW,2025-10-17 05:50:12+00:00,5929.75,CONFIRMADA
140,1336,796,8ESIEN,2025-09-13 17:34:41+00:00,306.48,CONFIRMADA
4019,1972,303,IVCVSF,2025-08-16 23:23:02+00:00,2539.19,NO_SHOW
3575,901,758,EALTC0,2025-07-09 20:40:37+00:00,1481.78,PENDENTE
2381,4260,106,TSZO8D,2026-03-11 05:37:08+00:00,5285.58,CONFIRMADA
4758,1460,43,45DXGU,2025-11-26 04:55:10+00:00,240.72,EMBARCADA
4751,436,536,9C6LU4,2025-10-05 01:43:34+00:00,99.09,CANCELADA
4039,539,822,ZLVYYO,2025-09-02 01:14:39+00:00,854.96,CONFIRMADA
3690,2996,541,IE9WGL,2026-03-03 02:15:52+00:00,1132.17,EMBARCADA
226,2659,1,P85W6S,2025-06-19 01:39:07+00:00,1563.59,PENDENTE
673,2682,503,N05031,2025-10-11 21:00:20+00:00,80.5,EMBARCADA
3567,3027,908,BLMR1L,2026-02-05 12:58:33+00:00,6109.76,CONFIRMADA
2579,3275,70,773S9U,2025-12-12 16:52:47+00:00,2126.04,EMBARCADA
1315,4729,276,EVQ071,2025-12-11 20:33:23+00:00,1528.01,PENDENTE
3458,4878,261,U7TWFI,2025-10-30 00:12:09+00:00,292.94,CANCELADA
3595,4823,390,8Y11TR,2026-01-23 00:21:30+00:00,1449.4,NO_SHOW
838,2392,66,MRD62D,2026-01-03 07:09:27+00:00,3793.07,EMBARCADA
483,537,111,O0OEPI,2025-10-25 11:21:42+00:00,3670.22,CANCELADA
2590,971,505,PEHKDK,2026-06-02 08:54:58+00:00,5144.73,CANCELADA
1960,21,456,ECXKR9,2025-06-16 05:01:57+00:00,546.43,CONFIRMADA
2497,3847,651,4H4U9G,2026-04-29 03:11:52+00:00,3454.6,PENDENTE
4164,2442,360,NW7BS7,2026-03-11 14:44:09+00:00,1754.37,NO_SHOW
268,3713,49,ITSGP1,2026-02-11 23:20:12+00:00,4392.81,CANCELADA
1084,3424,627,2U4EWF,2025-06-22 03:41:24+00:00,1734.84,PENDENTE
2791,1135,706,ES5ODG,2026-02-25 15:39:10+00:00,1982.25,PENDENTE
4131,1690,156,GW0JR9,2025-06-14 16:14:11+00:00,1167.44,CONFIRMADA
1048,14,243,6HPUH4,2025-11-29 06:12:23+00:00,969.64,CANCELADA
2981,1747,191,7GR0NQ,2025-08-20 19:11:56+00:00,370.46,NO_SHOW
2756,3548,962,P1B7HD,2025-10-19 21:40:35+00:00,1792.92,CANCELADA
1610,4495,421,1TF3HX,2026-03-20 04:46:06+00:00,921.37,CONFIRMADA
139,4743,657,R10OO3,2026-05-10 21:51:14+00:00,838.19,EMBARCADA
2335,4344,346,DUZFIH,2026-04-02 03:40:37+00:00,1670.65,CONFIRMADA
2861,504,438,VCQUPU,2026-01-29 18:45:44+00:00,330.98,CANCELADA
654,1569,409,ERZLJP,2025-06-12 18:53:09+00:00,810.43,PENDENTE
2846,1058,150,8J0ARY,2025-06-13 01:37:18+00:00,2627.89,NO_SHOW
855,3271,826,6SJALR,2025-12-03 15:26:32+00:00,1821.2,NO_SHOW
1983,1786,645,201G7V,2025-09-29 04:19:16+00:00,634.72,PENDENTE
4782,4792,192,MSMUXX,2025-06-23 21:39:27+00:00,8790.92,PENDENTE
2918,2649,544,Y5ZQW8,2026-04-02 05:16:15+00:00,3317.92,PENDENTE
1287,1291,758,4NUKC6,2025-07-18 03:56:29+00:00,1398.35,NO_SHOW
2535,4316,916,JSTZLU,2026-02-05 21:53:47+00:00,590.49,NO_SHOW
88,161,65,U99RUU,2025-08-03 04:28:12+00:00,1608.21,NO_SHOW
825,101,877,W9903N,2025-08-30 17:25:12+00:00,2083.14,CANCELADA
4653,1597,589,2341I3,2025-11-15 06:37:59+00:00,4521.23,PENDENTE
1963,1550,417,ECYYD2,2025-10-30 10:03:40+00:00,1257.34,EMBARCADA
3381,3718,226,7T05YB,2026-05-12 09:36:23+00:00,1921.49,NO_SHOW
708,2631,525,VVXH61,2025-10-29 01:55:46+00:00,3688.33,EMBARCADA
2174,1713,776,I5245E,2026-04-27 12:54:41+00:00,1656.71,PENDENTE
2023,101,492,PHIYWR,2025-09-28 06:08:25+00:00,6799.7,EMBARCADA
1341,4869,28,177UVV,2026-04-29 19:24:04+00:00,6412.97,CONFIRMADA
2207,2444,978,OT9NFC,2026-03-23 21:50:45+00:00,620.9,CANCELADA
1226,4012,410,E0OKPL,2026-06-01 13:18:39+00:00,3880.74,EMBARCADA
4827,4010,92,ZDVGM9,2026-01-15 04:16:41+00:00,8093.6,CANCELADA
2064,4487,713,UK6X6L,2025-08-02 06:55:23+00:00,1022.96,CANCELADA
2498,809,518,QYF72K,2025-11-26 18:43:43+00:00,624.47,NO_SHOW
728,4510,545,JJX9TR,2025-10-13 14:34:14+00:00,1827.11,CANCELADA
1866,3769,705,G8JXJK,2026-04-19 08:13:53+00:00,1983.13,NO_SHOW
3486,3004,243,2YT3LB,2026-03-24 04:06:40+00:00,1234.46,PENDENTE
3386,4507,208,YJAMEF,2026-05-27 06:54:05+00:00,3182.47,PENDENTE
1490,4592,731,XD7V8K,2025-12-24 23:56:24+00:00,1834.61,NO_SHOW
2264,1398,961,F7P1VY,2025-08-09 08:21:16+00:00,2134.2,CANCELADA
1017,3534,541,1FE8M0,2025-06-21 06:31:32+00:00,248.19,NO_SHOW
983,1448,700,Q170VD,2026-03-24 09:52:38+00:00,949.95,CONFIRMADA
254,1710,979,3PRNG3,2025-11-11 02:07:49+00:00,720.69,EMBARCADA
2634,4371,927,3EK411,2025-09-05 16:09:48+00:00,3042.18,PENDENTE
4806,2922,386,SRWWQU,2025-10-30 15:39:06+00:00,2971.86,PENDENTE
2431,1301,107,DF9FN1,2025-11-12 16:56:43+00:00,5688.18,EMBARCADA
4671,3048,955,HCNJ2O,2025-07-04 03:53:49+00:00,3680.15,CANCELADA
3910,4495,992,695X32,2025-12-13 07:00:48+00:00,5101.92,PENDENTE
582,4078,996,FAFVYL,2025-07-03 01:58:16+00:00,664.61,PENDENTE
770,4985,489,62AKVW,2025-12-17 05:36:46+00:00,3575.52,NO_SHOW
3300,3871,490,1PD9UE,2025-11-24 07:13:39+00:00,2158.38,NO_SHOW
1500,1543,518,YNWU6N,2026-05-04 13:31:57+00:00,851.6,PENDENTE
479,1878,969,JKZRGS,2025-12-19 15:20:56+00:00,4647.95,CONFIRMADA
3800,3321,871,4120M9,2026-01-10 23:47:48+00:00,2223.67,CANCELADA
1998,1386,9,9ZL4UB,2025-09-13 07:02:18+00:00,11495.4,EMBARCADA
4165,4662,322,RRDD8R,2025-10-30 04:28:19+00:00,1022.62,NO_SHOW
4274,3524,128,GEHNRC,2025-10-15 23:05:17+00:00,8964.65,EMBARCADA
3570,607,555,GQKXMQ,2025-08-09 02:26:43+00:00,2095.88,CONFIRMADA
3330,155,23,W1809V,2026-01-12 19:47:24+00:00,1995.04,CANCELADA
1652,609,438,LOPDCJ,2026-05-10 15:35:00+00:00,1767.07,CANCELADA
2804,2021,660,U1MXY0,2026-01-18 21:42:46+00:00,1443.36,NO_SHOW
4669,4936,598,6WE5VZ,2025-06-11 07:27:58+00:00,1736.13,CONFIRMADA
732,1329,4,ULUF3H,2025-09-26 16:56:38+00:00,307.68,PENDENTE
3904,162,614,2C2PDY,2026-05-07 03:47:20+00:00,1293.95,CANCELADA
2828,164,877,NHS33P,2026-04-06 22:03:24+00:00,730.74,CANCELADA
3523,4556,636,CIMHS7,2025-08-24 12:56:00+00:00,183.36,NO_SHOW
2825,2996,447,1F2ZYZ,2025-11-15 04:35:07+00:00,3762.48,PENDENTE
3070,3205,849,SUN839,2026-03-05 22:34:40+00:00,8269.05,EMBARCADA
1295,3060,438,5KP8VL,2026-04-05 10:11:28+00:00,557.43,CANCELADA
4318,1836,497,N3I0VB,2025-11-22 12:18:36+00:00,210.17,CANCELADA
1408,339,497,2230FU,2026-01-05 06:24:49+00:00,541.0,CONFIRMADA
1283,7,250,2CSD9Y,2026-03-12 08:20:07+00:00,2886.61,NO_SHOW
133,2375,774,HSKK58,2025-07-26 04:01:15+00:00,1424.53,CONFIRMADA
1920,3209,534,8GT1T8,2025-06-25 11:39:34+00:00,35.24,CONFIRMADA
237,571,497,GXKJ4U,2025-11-04 04:54:55+00:00,1499.81,EMBARCADA
1989,4289,413,DMALL2,2025-07-05 20:16:56+00:00,145.56,EMBARCADA
2375,312,885,MMYR7Q,2025-11-25 10:07:10+00:00,1831.46,EMBARCADA
245,3513,288,JIWLT3,2026-04-26 18:53:55+00:00,10219.94,NO_SHOW
3985,1821,130,ZEEMUD,2025-10-06 18:30:57+00:00,1013.74,CONFIRMADA
489,4436,927,IPQ7DT,2026-05-20 12:08:55+00:00,5666.81,PENDENTE
3034,2383,702,V80GKA,2025-11-06 15:15:06+00:00,1654.13,CONFIRMADA
1415,1463,932,SZRO48,2026-02-09 16:12:06+00:00,4893.97,CANCELADA
990,1305,306,NKK3F4,2026-01-11 10:29:12+00:00,2298.72,PENDENTE
4110,4350,997,Z26WHM,2025-12-25 20:01:47+00:00,295.97,EMBARCADA
4294,2671,582,5ZK0BE,2025-11-30 16:55:54+00:00,1056.86,NO_SHOW
179,4421,468,T4D1PI,2025-12-23 17:43:15+00:00,5705.92,CONFIRMADA
1108,4336,120,E9EQ8D,2025-11-13 08:00:40+00:00,777.38,CONFIRMADA
2966,1160,754,KLEOAR,2026-05-04 17:46:01+00:00,1322.28,CONFIRMADA
4584,2056,826,SKECWZ,2026-03-27 09:14:10+00:00,3020.49,EMBARCADA
1573,1692,377,AI5VO5,2026-05-20 22:19:02+00:00,2609.38,EMBARCADA
822,1117,312,YOSWH1,2026-03-11 00:20:42+00:00,7311.31,PENDENTE
3174,951,528,1673Z8,2025-08-19 20:50:25+00:00,4095.29,EMBARCADA
4802,1094,839,RCL0YV,2025-11-06 04:00:31+00:00,1652.21,PENDENTE
3445,812,555,O9ODG6,2025-11-21 00:48:20+00:00,2322.97,EMBARCADA
4638,2380,159,GYP9LU,2025-06-20 03:18:30+00:00,159.12,CONFIRMADA
716,3432,621,SSRCY1,2025-11-26 23:43:03+00:00,1265.99,EMBARCADA
2860,4584,694,JNV1VI,2025-07-31 13:03:10+00:00,29.5,CONFIRMADA
165,4662,723,4OQ5ZL,2025-10-01 23:37:19+00:00,1553.85,EMBARCADA
3430,4170,725,V3BIMX,2025-07-19 02:27:25+00:00,3686.33,CONFIRMADA
1336,2609,514,CO2Y39,2025-08-15 22:22:14+00:00,2002.4,NO_SHOW
3188,209,309,TVSYBL,2026-02-10 05:08:19+00:00,2503.48,EMBARCADA
4475,206,226,WR0BUX,2026-04-25 23:12:58+00:00,3413.98,NO_SHOW
2766,1041,124,6QP4TI,2025-08-15 15:25:26+00:00,2172.9,CONFIRMADA
3107,3702,250,4ZTRUE,2025-09-28 07:35:21+00:00,110.26,CONFIRMADA
694,4296,366,G62UP3,2026-02-15 16:40:44+00:00,4647.13,NO_SHOW
3464,560,532,TZI9YP,2025-09-11 02:10:57+00:00,3221.38,CONFIRMADA
869,4995,413,6VZ24K,2026-02-10 08:28:10+00:00,892.0,NO_SHOW
3701,1934,22,1Q9QSL,2025-10-14 18:06:48+00:00,1453.19,PENDENTE
4873,1900,755,EKLOBV,2025-08-20 09:12:57+00:00,2118.44,CANCELADA
2657,2356,797,BCAO6T,2026-04-17 23:39:46+00:00,987.49,EMBARCADA
4501,1843,39,ZYPBXC,2025-12-02 16:25:38+00:00,1955.3,PENDENTE
525,2313,70,YTWH29,2025-11-10 17:25:35+00:00,3044.63,PENDENTE
825,1465,954,UVCX9X,2025-06-24 21:59:55+00:00,786.25,EMBARCADA
2976,837,429,4LJ0NN,2025-12-03 19:41:40+00:00,12446.29,PENDENTE
547,889,946,X4GEV8,2025-12-03 09:29:37+00:00,1499.96,PENDENTE
2477,4231,996,V0CP7J,2025-10-09 05:18:43+00:00,210.11,CONFIRMADA
3322,529,216,9K9KHK,2025-10-05 17:35:36+00:00,532.71,CANCELADA
4735,4743,922,5S6CY0,2026-04-05 15:38:24+00:00,1045.02,NO_SHOW
3678,3998,544,QMMAD3,2025-11-14 23:32:47+00:00,1036.88,NO_SHOW
3166,1387,723,0U3XRJ,2026-05-21 00:28:39+00:00,677.25,CONFIRMADA
1369,4776,407,3DZKHL,2025-07-31 01:39:59+00:00,7263.44,CANCELADA
884,3053,166,0CWIZ5,2025-08-09 06:42:35+00:00,3165.23,CONFIRMADA
2121,412,13,THZCBN,2026-05-04 17:11:59+00:00,121.86,CANCELADA
2686,192,944,YA5V6Y,2026-01-31 10:10:54+00:00,1780.56,EMBARCADA
1408,1177,615,PTJDTU,2025-08-11 04:43:11+00:00,2077.17,CONFIRMADA
2946,261,28,V8YBM5,2025-08-23 12:08:51+00:00,1452.18,PENDENTE
3840,1744,612,5547OX,2025-12-05 04:27:55+00:00,3025.54,EMBARCADA
3576,3737,373,8IW3W8,2025-10-23 20:28:56+00:00,804.62,CONFIRMADA
1923,1070,9,OB5PQ2,2026-02-10 06:33:04+00:00,6592.25,EMBARCADA
429,843,488,13VRAH,2025-08-08 21:07:48+00:00,4992.53,PENDENTE
4171,1868,605,GECQGD,2025-11-22 22:24:41+00:00,4775.94,NO_SHOW
4112,2700,640,NX92OK,2025-12-04 19:35:00+00:00,1377.11,NO_SHOW
3599,567,649,TZ1PK2,2026-01-27 19:01:07+00:00,8571.6,PENDENTE
3708,3911,60,7EZIQP,2025-11-23 01:42:07+00:00,956.72,EMBARCADA
4188,1445,967,9GYPNF,2026-03-25 08:13:56+00:00,1581.14,CONFIRMADA
3026,4554,381,EUYZUW,2026-03-24 07:32:33+00:00,674.97,CONFIRMADA
2685,948,791,G30QZK,2026-04-07 10:16:15+00:00,1714.88,PENDENTE
900,2931,234,E88EDM,2026-04-04 18:36:58+00:00,192.55,CANCELADA
2098,4672,558,DQ0G26,2025-10-03 16:38:48+00:00,2616.28,CANCELADA
2835,3151,715,WYVFDB,2025-12-24 08:03:21+00:00,431.82,CONFIRMADA
745,3681,657,4UC55N,2025-12-20 17:47:51+00:00,1609.3,CANCELADA
340,4416,206,EQK81Q,2025-12-02 14:55:41+00:00,4962.11,CONFIRMADA
178,4141,722,O6COJE,2025-06-05 22:33:41+00:00,2420.35,CONFIRMADA
4122,2820,220,LKFKFA,2025-11-18 15:21:26+00:00,1114.48,CANCELADA
4240,927,155,IFJ2NU,2025-09-20 14:19:18+00:00,4078.26,CANCELADA
4756,3356,278,NQ4CHH,2026-04-01 09:51:02+00:00,2172.75,CANCELADA
3877,4142,926,RUZ38R,2025-10-01 23:15:46+00:00,1338.39,PENDENTE
2923,1407,520,MPM6UI,2026-01-23 15:49:04+00:00,42.84,EMBARCADA
2546,949,385,BGFPHQ,2025-07-01 17:15:38+00:00,3992.23,NO_SHOW
1287,83,195,XLJWS5,2026-03-19 05:52:15+00:00,1269.46,PENDENTE
945,2716,156,0E23XS,2026-03-07 02:12:43+00:00,974.43,EMBARCADA
1578,1165,49,90P53N,2025-09-01 14:28:37+00:00,11654.72,CANCELADA
3902,1332,312,RD2HEW,2025-08-06 08:16:20+00:00,1998.64,PENDENTE
4878,185,834,82IFCX,2025-06-24 05:09:29+00:00,87.81,CONFIRMADA
548,2504,617,4NG4YU,2026-04-04 08:09:53+00:00,1172.45,NO_SHOW
1211,4427,649,UZ3WOM,2026-04-13 18:36:15+00:00,2543.2,PENDENTE
345,3551,632,UIZAE6,2026-02-13 14:26:27+00:00,5835.85,EMBARCADA
4177,3336,444,9OVL4Y,2026-04-25 14:23:55+00:00,1425.49,CANCELADA
4432,1714,728,8FNGUV,2025-07-25 16:43:59+00:00,6864.14,NO_SHOW
213,2718,381,WGBRT5,2026-03-12 18:38:40+00:00,582.71,PENDENTE
3300,2075,355,4I2NWQ,2025-08-27 18:40:58+00:00,3156.13,NO_SHOW
3033,4214,618,Y2BV3H,2025-12-10 05:17:01+00:00,1827.42,PENDENTE
612,3699,238,I88MLL,2026-03-06 03:39:19+00:00,2414.08,CONFIRMADA
2608,3960,511,JI2BF8,2026-03-03 00:15:57+00:00,1342.14,CANCELADA
2696,916,300,9H6YHX,2026-04-24 23:07:45+00:00,1372.09,CANCELADA
2207,2332,829,8L3NQQ,2025-10-06 01:59:39+00:00,6824.79,PENDENTE
1856,4519,56,915I6W,2026-02-07 00:16:40+00:00,2088.64,NO_SHOW
4712,144,850,CHFXUQ,2025-10-25 08:49:18+00:00,2246.38,NO_SHOW
357,1662,913,R7L03E,2026-04-27 02:39:10+00:00,824.97,EMBARCADA
2068,504,403,0DEEEC,2025-12-24 03:24:59+00:00,365.01,CONFIRMADA
4247,1853,358,MNBWGK,2025-11-24 07:31:38+00:00,225.76,EMBARCADA
482,2406,929,TKX26O,2025-11-02 18:52:50+00:00,6895.64,EMBARCADA
4812,4536,950,0VQTXN,2026-03-25 14:36:50+00:00,3184.38,CONFIRMADA
173,1971,638,HOLIOD,2026-03-18 13:12:40+00:00,349.67,PENDENTE
3430,4930,116,3SKAWQ,2025-11-28 02:49:06+00:00,1164.67,EMBARCADA
161,2609,774,TBRVHE,2025-10-31 07:42:51+00:00,1696.15,NO_SHOW
775,4769,211,BIMVLE,2025-06-08 13:19:48+00:00,4520.16,NO_SHOW
1293,3158,245,ZZ9W48,2025-07-17 13:22:23+00:00,1731.33,EMBARCADA
2901,2758,447,G97CA6,2025-11-23 18:34:47+00:00,7950.25,CANCELADA
3972,2952,48,V0VDY3,2026-05-11 23:42:31+00:00,1502.76,NO_SHOW
4803,196,217,YY7MLK,2025-08-08 11:07:31+00:00,700.84,CONFIRMADA
3425,833,218,QZ08JL,2026-02-01 19:22:05+00:00,586.14,CANCELADA
415,3266,494,5DA9L5,2026-03-02 00:15:35+00:00,1304.36,CANCELADA
3523,3498,632,N8D5M7,2026-03-12 03:47:59+00:00,7637.84,PENDENTE
527,1581,35,YX64NN,2025-07-01 19:32:12+00:00,4729.16,PENDENTE
4537,323,70,3CP7XU,2026-01-28 02:28:16+00:00,1489.59,PENDENTE
2479,1114,602,97LOXJ,2025-12-31 13:10:50+00:00,2220.26,CONFIRMADA
4821,4967,666,EMPJ6D,2025-08-01 23:25:06+00:00,3587.74,CANCELADA
4780,75,954,J0Q03Z,2025-07-01 01:53:47+00:00,1096.5,PENDENTE
920,4100,75,Y39M3H,2026-01-10 08:11:10+00:00,833.32,CANCELADA
1408,3755,685,2RZ760,2025-12-14 20:56:35+00:00,441.33,CONFIRMADA
1761,4536,231,QWOMT3,2025-08-21 08:08:51+00:00,4088.82,PENDENTE
2533,873,273,F5HQB0,2026-01-28 00:04:04+00:00,232.99,CONFIRMADA
4851,2939,775,V0XX0Z,2025-11-19 18:57:20+00:00,161.29,CANCELADA
2953,3890,210,S0EEYQ,2026-04-06 12:14:42+00:00,1507.76,NO_SHOW
20,4507,20,DW65QT,2025-07-23 07:24:38+00:00,761.55,NO_SHOW
372,3183,795,2QJZ31,2026-04-29 02:40:33+00:00,1595.06,CANCELADA
2043,3929,668,7XCC5A,2025-07-06 19:59:41+00:00,9529.71,NO_SHOW
4775,2626,283,375UND,2025-11-18 18:35:24+00:00,1792.43,CANCELADA
2070,782,205,VTWMAY,2025-10-13 15:26:50+00:00,3067.36,EMBARCADA
3779,849,470,ET6OAX,2026-05-17 00:03:50+00:00,713.6,PENDENTE
2115,900,983,4QN6GR,2026-03-07 03:35:35+00:00,813.34,CONFIRMADA
460,214,139,7LZCCF,2025-12-14 07:44:58+00:00,1173.2,NO_SHOW
2725,922,53,D0QM1O,2026-05-01 22:18:07+00:00,727.3,EMBARCADA
761,4219,83,MAGBEO,2025-11-11 14:28:24+00:00,1357.3,CONFIRMADA
4537,2204,523,RA0MSX,2025-12-15 23:07:43+00:00,432.61,EMBARCADA
2362,1063,418,KKO67A,2026-03-10 13:03:04+00:00,1967.24,CANCELADA
4231,2314,490,0LPDLL,2025-12-20 19:01:49+00:00,1887.97,CANCELADA
20,2330,50,COJ44M,2026-01-30 14:33:23+00:00,1530.57,CONFIRMADA
3880,823,895,UO06Z0,2025-12-18 10:51:20+00:00,1111.07,CANCELADA
2245,98,68,CXJ085,2026-05-15 05:06:32+00:00,3350.93,EMBARCADA
2116,1505,404,0M5P6P,2026-01-06 10:22:18+00:00,182.8,CANCELADA
545,2293,758,EH34G2,2026-03-20 01:56:10+00:00,541.93,PENDENTE
1133,1528,983,83HPVP,2026-02-14 18:09:15+00:00,1480.75,CANCELADA
53,4282,830,X0ES8E,2026-03-16 11:02:07+00:00,3176.6,EMBARCADA
3762,548,15,ZFPJGN,2025-08-23 22:28:38+00:00,1632.74,NO_SHOW
1225,2227,920,U9144D,2026-02-22 18:13:48+00:00,1065.44,PENDENTE
1316,1384,987,IPZZIG,2026-02-18 09:51:01+00:00,2702.92,NO_SHOW
220,700,94,P1DSUT,2026-04-10 22:29:18+00:00,240.48,CANCELADA
1719,1367,589,GAJ6QQ,2025-08-27 23:43:12+00:00,9775.16,CONFIRMADA
4007,4215,318,ZLJMS6,2026-04-29 02:09:54+00:00,171.38,CANCELADA
4937,4677,760,9B0GR4,2025-11-24 02:10:46+00:00,992.37,EMBARCADA
583,2236,354,PKRTDY,2025-10-20 16:04:34+00:00,598.67,NO_SHOW
3576,4334,343,WJCCXD,2025-11-24 04:18:05+00:00,2243.22,EMBARCADA
57,4854,267,SAB0BS,2026-03-21 13:11:20+00:00,362.64,PENDENTE
3918,4107,724,FWSISP,2025-11-03 22:47:40+00:00,270.45,CONFIRMADA
74,95,960,UCAMTM,2026-02-01 03:53:11+00:00,2144.53,CONFIRMADA
767,2171,564,XDEC7K,2025-07-04 01:02:32+00:00,2258.61,CONFIRMADA
4521,3155,378,9TUCPT,2025-07-15 12:19:42+00:00,1069.03,PENDENTE
3923,3558,653,7EZPO2,2025-12-24 09:50:54+00:00,962.46,NO_SHOW
4742,657,737,92VDEF,2025-08-09 04:35:47+00:00,1927.83,NO_SHOW
2141,2876,215,1KDUAA,2026-02-01 18:33:48+00:00,878.17,EMBARCADA
868,4795,709,C5PEYK,2025-07-04 14:02:38+00:00,8154.92,EMBARCADA
3700,984,408,OJW3FL,2026-02-21 20:01:52+00:00,4909.24,NO_SHOW
1247,3934,769,90BIBG,2026-05-04 22:27:52+00:00,3924.73,PENDENTE
2638,3414,656,G5IBBE,2026-05-28 11:45:37+00:00,436.69,CONFIRMADA
595,23,832,WEHK4Z,2025-06-06 02:23:16+00:00,4656.94,NO_SHOW
1617,490,190,DEWNXO,2026-02-17 01:10:03+00:00,3260.56,PENDENTE
766,986,883,AGQ43B,2025-10-11 12:03:10+00:00,936.34,PENDENTE
2302,902,81,Q4ZOGS,2026-01-28 14:33:15+00:00,1549.07,CANCELADA
4586,2791,733,ZYAEE7,2025-12-13 02:48:34+00:00,1408.86,NO_SHOW
566,4912,365,CFZ6UW,2025-12-17 06:42:40+00:00,3345.58,CONFIRMADA
4759,3622,336,P0ZKWV,2025-06-29 23:32:29+00:00,2342.39,EMBARCADA
402,925,858,NMU0HB,2025-10-04 00:27:05+00:00,1752.46,CANCELADA
3169,2988,56,HKUWNR,2026-04-18 15:00:27+00:00,2069.13,EMBARCADA
3616,793,789,5OKOMX,2026-04-16 23:26:08+00:00,2203.56,CONFIRMADA
964,3953,440,58M8OK,2026-05-14 23:57:54+00:00,1069.34,NO_SHOW
644,4926,797,XOGI5U,2025-08-28 13:43:25+00:00,880.65,NO_SHOW
1974,1751,157,0QCHYR,2026-04-20 07:16:47+00:00,1598.76,NO_SHOW
2670,1963,177,YR0HIA,2025-12-17 18:06:09+00:00,1699.47,PENDENTE
3919,4708,223,6UZ4EY,2026-03-12 23:44:55+00:00,2399.31,EMBARCADA
2561,1693,370,X973T8,2026-03-22 21:20:48+00:00,2131.96,CONFIRMADA
833,474,151,0XZY0Y,2026-03-18 19:35:16+00:00,882.0,NO_SHOW
1708,615,292,4YKVF8,2025-08-07 20:31:11+00:00,803.2,PENDENTE
2113,4120,553,CNZZA5,2025-10-25 15:31:18+00:00,692.34,EMBARCADA
3046,822,722,GFBZOR,2026-04-20 13:05:59+00:00,1401.97,EMBARCADA
4199,3775,933,C3QBUJ,2026-05-11 20:30:16+00:00,1016.13,PENDENTE
1418,4851,157,269BVZ,2025-10-03 23:51:05+00:00,1541.59,NO_SHOW
3041,2916,951,3VSWRR,2025-08-29 15:30:13+00:00,570.8,PENDENTE
572,3904,783,XTPCA4,2025-09-11 00:44:11+00:00,2776.37,CONFIRMADA
699,4468,818,KXPUSH,2026-03-30 23:19:14+00:00,1276.1,CANCELADA
2966,3706,987,9RX4RA,2025-11-08 23:33:12+00:00,4940.2,PENDENTE
4921,3820,515,SLGDNK,2026-04-03 08:57:32+00:00,2761.95,CONFIRMADA
4012,4694,582,EOY50W,2026-05-17 19:06:23+00:00,957.24,NO_SHOW
4489,1699,410,BT9LXX,2025-07-04 17:00:24+00:00,1861.84,CONFIRMADA
2536,4267,6,X0YTUT,2026-02-04 06:24:57+00:00,1435.72,PENDENTE
3259,1600,429,MQGKCD,2025-11-17 16:06:02+00:00,3619.98,CANCELADA
3180,4062,395,C36BKK,2026-01-18 17:10:22+00:00,443.69,CONFIRMADA
2831,1679,421,U7RDY9,2025-10-07 22:03:28+00:00,1626.21,PENDENTE
733,4730,41,CKJC1C,2025-06-16 05:31:58+00:00,1519.42,CANCELADA
2142,280,483,446ZBN,2025-06-23 23:22:05+00:00,675.56,CANCELADA
2103,600,384,AHA6DX,2025-10-12 18:54:59+00:00,1036.48,PENDENTE
2067,3724,934,6D9H2Q,2025-09-08 21:36:47+00:00,1313.37,CANCELADA
3380,4544,735,5OPK9U,2026-04-14 23:50:57+00:00,1577.33,CONFIRMADA
740,1569,651,HYYTRM,2026-04-10 13:06:38+00:00,354.78,PENDENTE
3148,4039,795,0AOWK4,2025-06-08 02:37:00+00:00,2338.61,PENDENTE
2331,83,519,A762CK,2025-08-10 09:17:03+00:00,532.78,CONFIRMADA
2146,1206,102,AYL30Q,2025-10-12 06:10:07+00:00,1266.85,PENDENTE
4047,18,171,TGE1VJ,2025-07-27 15:16:32+00:00,4436.29,NO_SHOW
2031,4366,429,J1OIUE,2026-05-14 05:47:25+00:00,11457.61,EMBARCADA
3014,48,281,3SVDVJ,2025-06-10 03:50:54+00:00,625.53,NO_SHOW
4526,1285,554,N018VR,2025-09-30 09:43:27+00:00,719.42,CANCELADA
976,4199,543,M4B2XG,2025-10-19 15:41:25+00:00,2186.34,CONFIRMADA
4630,4189,876,A4W9G0,2025-11-29 17:18:50+00:00,1048.6,NO_SHOW
1091,1431,760,HZACIK,2026-01-14 18:13:03+00:00,237.94,PENDENTE
1438,3562,570,0K1FUV,2025-09-19 08:04:40+00:00,3645.64,CONFIRMADA
2126,1138,591,7RMWRJ,2025-11-27 12:09:59+00:00,1775.3,EMBARCADA
128,4744,162,SQ4DQR,2026-02-13 20:30:14+00:00,284.44,CONFIRMADA
1864,890,280,5K1Q2C,2025-09-22 02:23:03+00:00,1266.52,CONFIRMADA
3804,2149,426,KHQS4O,2026-02-04 01:06:34+00:00,3542.21,PENDENTE
3831,2222,462,VWP3O8,2025-12-16 13:55:54+00:00,925.75,CANCELADA
3241,4981,520,C19XI4,2026-04-14 09:07:16+00:00,1176.36,PENDENTE
3586,4377,80,TIQJER,2025-07-06 06:04:38+00:00,765.54,NO_SHOW
719,1729,995,U721YE,2026-05-12 17:10:51+00:00,479.77,PENDENTE
4477,4403,368,IFCJ6S,2025-10-31 07:01:44+00:00,5185.37,EMBARCADA
1786,1779,32,12WJIC,2026-06-02 22:29:40+00:00,1068.43,PENDENTE
4918,4385,336,56YZ9D,2025-09-04 03:18:27+00:00,1945.87,NO_SHOW
4675,1925,481,KARKVO,2025-11-04 03:50:25+00:00,1016.08,PENDENTE
2122,3884,703,OWFRFJ,2025-07-10 10:27:30+00:00,3617.92,CONFIRMADA
2403,1692,453,LVAYOS,2025-11-20 06:51:31+00:00,933.63,NO_SHOW
3290,929,758,4GK10W,2025-08-01 02:02:15+00:00,1584.71,CONFIRMADA
1410,3568,4,66ONMV,2026-01-18 03:26:56+00:00,2711.09,PENDENTE
1724,2589,204,FA3AZA,2025-10-28 23:51:28+00:00,3607.33,EMBARCADA
603,3028,443,XJ447C,2026-04-25 14:10:35+00:00,1418.29,CANCELADA
2272,457,30,UM4ZG4,2025-12-13 05:00:34+00:00,1480.32,CONFIRMADA
3698,4766,928,GPG0CG,2025-07-01 15:48:37+00:00,5990.4,CONFIRMADA
391,2409,642,N7K3OO,2025-11-21 12:12:53+00:00,2980.28,EMBARCADA
4766,4567,908,IZ9T0U,2026-04-23 01:18:01+00:00,7719.48,CANCELADA
3294,1958,864,URI8ON,2026-01-01 13:11:07+00:00,556.18,EMBARCADA
2930,1644,525,V0O4GU,2026-05-25 05:17:41+00:00,4524.15,PENDENTE
4186,4502,134,UAXUFV,2025-09-11 09:02:05+00:00,835.73,PENDENTE
4514,277,392,XT37X6,2025-10-17 07:31:10+00:00,8729.74,EMBARCADA
4298,692,870,JOHOB0,2026-05-23 15:51:06+00:00,1110.27,CONFIRMADA
2034,3724,237,EDORGX,2026-02-02 15:04:52+00:00,2389.91,EMBARCADA
1132,1191,729,OS4B2W,2026-05-16 22:37:11+00:00,10779.64,CONFIRMADA
2139,1089,986,DDVEHJ,2026-05-08 06:46:54+00:00,523.48,CANCELADA
1577,4434,175,UZQXSI,2025-09-16 23:48:23+00:00,1223.85,NO_SHOW
4714,4272,903,X94DSD,2026-01-23 02:22:11+00:00,1080.5,CANCELADA
2123,4803,384,Z3X8JI,2025-08-23 04:21:01+00:00,2740.34,EMBARCADA
3940,1536,20,FZLDDC,2026-01-29 11:39:01+00:00,1492.72,CANCELADA
2262,3826,364,72IK6J,2026-03-23 11:40:07+00:00,216.95,NO_SHOW
1966,2569,368,GQ0BA0,2026-03-04 12:22:21+00:00,7763.83,NO_SHOW
4036,4695,393,8Z1G5X,2026-02-28 06:17:34+00:00,156.91,PENDENTE
2921,2986,843,4YGZS9,2025-09-29 02:45:03+00:00,3286.59,CANCELADA
1897,905,755,L9839Z,2025-09-22 19:12:17+00:00,2304.82,CONFIRMADA
3922,8,521,FPAFP4,2025-10-01 06:42:48+00:00,1546.43,EMBARCADA
1657,707,495,3HRBAL,2026-04-10 10:25:55+00:00,313.43,NO_SHOW
4168,3376,768,SUKC8R,2025-11-27 13:57:29+00:00,5077.44,PENDENTE
1047,2523,136,R2RRY5,2025-12-05 17:45:11+00:00,81.48,CONFIRMADA
695,2433,155,HBUWLN,2025-07-26 20:24:39+00:00,2713.62,CANCELADA
1391,2623,681,MP7AWH,2025-09-11 08:50:16+00:00,1155.67,NO_SHOW
4258,1851,704,NUNL8I,2025-09-03 20:11:27+00:00,2484.04,CONFIRMADA
1348,4044,402,0MN5LV,2025-08-21 09:54:07+00:00,2077.76,CANCELADA
4429,4342,70,SXOIHA,2025-10-13 21:23:22+00:00,3733.88,PENDENTE
3135,725,342,6VYLRP,2025-09-17 04:12:07+00:00,1208.06,CANCELADA
2252,3508,809,7D1UDX,2025-09-10 22:10:05+00:00,4383.28,EMBARCADA
2519,2538,357,TQGKQ8,2025-12-21 04:24:27+00:00,847.48,CONFIRMADA
2421,674,422,IZ52GP,2026-05-15 07:12:54+00:00,1065.6,EMBARCADA
1751,1429,722,DO0KZ0,2025-09-23 13:43:32+00:00,586.43,EMBARCADA
1627,2692,795,OLN22Y,2025-09-15 11:25:59+00:00,405.06,PENDENTE
3570,3087,814,4ZAIWG,2026-03-22 12:05:55+00:00,661.14,CANCELADA
3654,2644,468,IETA2I,2025-07-23 23:52:59+00:00,9944.44,EMBARCADA
2286,2895,547,R4R1X2,2025-08-31 22:46:08+00:00,1043.71,EMBARCADA
3674,4664,908,4VZG9U,2026-05-18 23:16:20+00:00,3583.39,EMBARCADA
4249,4428,294,GYF3WH,2026-01-16 07:14:11+00:00,845.4,EMBARCADA
3742,4669,311,K39YMJ,2025-06-13 03:15:39+00:00,3886.16,EMBARCADA
4717,2066,168,I2PEVF,2026-04-27 23:14:00+00:00,2029.45,NO_SHOW
1351,1285,726,9JL6CD,2026-02-25 14:34:13+00:00,2023.38,PENDENTE
134,2120,799,A33GBM,2025-07-25 00:06:25+00:00,428.03,EMBARCADA
2152,4588,913,EM23DX,2026-04-07 11:13:42+00:00,281.18,CANCELADA
1943,3791,639,OF3V7N,2026-01-01 23:04:08+00:00,1773.98,NO_SHOW
2163,3566,661,FO6T9W,2025-12-09 09:12:03+00:00,971.89,CONFIRMADA
1311,1354,664,BIAP9F,2026-01-09 11:51:20+00:00,1208.25,CANCELADA
4137,1745,889,7SU7EW,2025-12-16 17:35:37+00:00,1850.55,PENDENTE
4159,2913,72,NV0M1P,2025-10-18 00:21:52+00:00,1102.25,CANCELADA
4782,4908,128,8YRQP8,2025-08-02 23:49:14+00:00,2216.19,PENDENTE
482,2261,315,15OJGO,2025-11-11 05:16:23+00:00,4605.22,CONFIRMADA
2790,328,370,PVE5SC,2026-02-18 04:13:32+00:00,3056.22,CANCELADA
1397,4236,490,2PM29K,2025-12-05 17:54:46+00:00,1603.78,CANCELADA
3149,4272,584,ZN874C,2026-06-03 07:17:05+00:00,1229.26,CONFIRMADA
1313,1393,603,J0YUJX,2026-06-02 08:02:51+00:00,1598.68,NO_SHOW
3803,1317,652,DFUMLA,2025-09-06 08:03:54+00:00,912.93,CONFIRMADA
154,3772,779,JG2PBK,2025-11-18 13:12:29+00:00,624.88,EMBARCADA
33,1788,45,WTEWGY,2026-05-18 18:44:19+00:00,4030.11,CONFIRMADA
2463,4507,119,W80O4V,2026-01-10 08:28:30+00:00,1002.04,CONFIRMADA
3362,1047,902,P5IGFB,2026-01-02 00:21:13+00:00,607.95,CONFIRMADA
1253,2218,958,5Q8B2D,2025-08-01 18:08:53+00:00,128.31,NO_SHOW
3282,4001,843,GEMRVQ,2026-01-26 08:22:40+00:00,3028.5,CONFIRMADA
2690,2993,101,7789FA,2025-09-24 02:47:05+00:00,1737.93,CANCELADA
1599,1743,10,JA0YO3,2025-07-25 06:22:19+00:00,1565.01,EMBARCADA
1465,570,377,95JWE8,2026-01-12 07:50:06+00:00,2108.95,EMBARCADA
4753,74,325,1PILMZ,2025-12-18 23:06:19+00:00,2335.59,PENDENTE
2281,3165,869,I1BWOO,2026-01-30 23:09:10+00:00,10888.43,CANCELADA
883,1971,315,WRJV71,2026-04-10 12:31:18+00:00,775.36,CONFIRMADA
1079,646,987,CGJ8GI,2026-05-06 15:50:32+00:00,1775.89,CANCELADA
1756,3051,169,GH9VTN,2025-12-12 01:53:40+00:00,1168.1,NO_SHOW
1924,3359,877,C6SM52,2025-07-02 01:33:36+00:00,1739.28,CONFIRMADA
3786,4398,724,BPPXTX,2025-09-08 05:04:15+00:00,3193.98,EMBARCADA
22,433,367,TMTA4W,2025-09-25 14:11:33+00:00,5034.39,CONFIRMADA
4869,534,99,WA0HRL,2026-04-12 02:07:46+00:00,2536.1,NO_SHOW
1689,2971,72,OCWPEP,2026-04-15 12:49:27+00:00,2901.57,EMBARCADA
1221,2339,908,M88SWE,2025-06-15 22:59:32+00:00,5053.09,EMBARCADA
4888,3775,883,K4Z497,2025-08-27 14:27:46+00:00,2161.57,NO_SHOW
2930,1411,402,YZOD1K,2026-05-21 15:14:06+00:00,735.73,CONFIRMADA
4491,3260,455,4FWA4J,2026-05-27 04:15:52+00:00,3114.66,EMBARCADA
3391,2925,117,A33SLA,2026-04-12 04:16:56+00:00,1180.85,CANCELADA
2315,4169,806,2OD6ON,2026-05-18 17:32:27+00:00,794.47,CANCELADA
2468,1852,35,3SAJCX,2025-08-15 21:04:56+00:00,4243.73,EMBARCADA
1558,3794,67,5GV3P2,2025-10-16 20:55:45+00:00,6029.99,CONFIRMADA
2719,1061,728,JDQ3D3,2026-01-26 23:57:36+00:00,6798.99,PENDENTE
1331,3121,630,2M2YLA,2025-12-14 01:26:20+00:00,2550.16,PENDENTE
2345,1753,434,91VAJL,2026-02-19 13:52:42+00:00,1238.27,NO_SHOW
3618,4516,967,15HS0T,2026-02-18 01:47:15+00:00,2550.55,PENDENTE
3478,2082,755,M4R4X7,2026-01-01 10:45:58+00:00,4960.44,NO_SHOW
3436,1400,658,B4XW02,2025-07-28 14:42:01+00:00,158.03,PENDENTE
4284,1117,414,LJ7J53,2026-02-13 07:07:21+00:00,871.41,NO_SHOW
3367,251,533,4CYQNM,2026-01-24 16:49:11+00:00,1071.22,PENDENTE
3047,3918,577,ZVPQK8,2026-04-22 11:02:28+00:00,1627.82,CONFIRMADA
3494,2813,671,UCE7Q3,2026-05-25 00:59:09+00:00,4864.5,PENDENTE
2802,2964,154,9QVUIC,2025-12-20 03:21:01+00:00,1912.83,CONFIRMADA
4456,4975,426,JU3B4D,2025-09-10 04:44:16+00:00,5152.57,EMBARCADA
2414,1223,451,URZ7C9,2025-08-12 18:34:26+00:00,4118.47,CANCELADA
3087,2026,580,ABSO31,2025-12-07 15:01:23+00:00,2108.09,CANCELADA
548,687,684,W9NCNQ,2025-10-23 15:14:27+00:00,507.52,NO_SHOW
2826,2024,34,N1UBSJ,2025-10-25 09:32:26+00:00,585.54,CONFIRMADA
2120,560,496,3RIBSD,2025-11-30 13:47:25+00:00,803.14,NO_SHOW
45,4946,149,MO3OOW,2025-07-15 11:47:26+00:00,1233.51,CONFIRMADA
3922,2862,800,K6XXIR,2025-12-20 05:39:10+00:00,538.7,NO_SHOW
1641,3747,195,AQL363,2025-09-13 03:25:23+00:00,2188.23,CONFIRMADA
1117,2528,71,UYVZCS,2026-04-18 04:30:08+00:00,3175.5,PENDENTE
2395,2610,987,14X7LZ,2026-01-26 20:58:04+00:00,6868.39,EMBARCADA
1089,1230,692,KK6KJX,2025-10-27 15:07:35+00:00,4591.72,PENDENTE
4649,3571,289,VP5UFP,2026-05-12 00:15:23+00:00,708.99,NO_SHOW
681,339,16,ZX5MC3,2025-07-31 01:56:46+00:00,571.48,NO_SHOW
1747,4067,64,KCPP7Y,2025-06-17 21:32:43+00:00,3513.97,CONFIRMADA
4561,1338,58,ZWGLEQ,2026-05-23 11:10:15+00:00,1111.99,CANCELADA
360,4061,332,WKYPSH,2025-08-04 04:02:55+00:00,935.69,CANCELADA
2125,267,224,OQ9V37,2026-01-24 16:42:40+00:00,1256.66,CANCELADA
2023,2844,173,Q19L1X,2026-01-24 13:01:32+00:00,630.52,PENDENTE
40,2571,908,3JTZ87,2025-07-29 18:15:42+00:00,9270.72,CANCELADA
74,4859,421,YEK687,2025-10-10 09:38:50+00:00,1246.17,CONFIRMADA
354,2355,602,UBSRD6,2026-01-08 00:58:01+00:00,1268.47,NO_SHOW
100,2542,507,0GZWGF,2025-12-31 20:34:14+00:00,3533.05,CONFIRMADA
1517,3587,916,Z6VOVB,2025-09-05 05:48:31+00:00,383.45,CONFIRMADA
1996,2068,153,5FBYQ5,2025-09-10 19:12:27+00:00,1036.94,PENDENTE
4070,1245,57,ZC7EZT,2025-11-17 09:13:25+00:00,1161.23,CANCELADA
3560,739,755,VJ7H1T,2026-04-27 18:00:28+00:00,1291.98,NO_SHOW
496,3501,328,JA7EPC,2026-05-22 04:18:24+00:00,2995.72,CONFIRMADA
2335,477,521,2VM8RF,2026-01-16 05:21:21+00:00,569.61,EMBARCADA
2493,1097,982,5LUSGM,2026-04-22 07:50:41+00:00,962.93,CONFIRMADA
4700,2536,985,Y8BYTN,2025-10-31 23:32:29+00:00,697.68,CANCELADA
2801,4080,440,KQXHON,2025-09-25 07:59:27+00:00,114.6,CONFIRMADA
3043,2056,362,4SNPIX,2026-01-07 01:28:01+00:00,1124.22,CANCELADA
1163,155,779,MIU0UX,2026-04-07 12:47:07+00:00,1632.3,PENDENTE
228,4512,925,5C19S3,2026-05-05 10:28:13+00:00,2708.28,PENDENTE
4878,253,221,3G6OSX,2026-04-22 17:17:49+00:00,654.67,CONFIRMADA
3769,2059,115,IYS9HO,2025-12-30 17:23:59+00:00,3302.71,PENDENTE
3041,3162,460,Z4JX0E,2025-10-26 02:01:18+00:00,1431.55,NO_SHOW
258,3366,890,L7D4N3,2025-07-07 08:25:14+00:00,2400.31,PENDENTE
3522,1254,340,AES2VV,2026-03-14 03:18:26+00:00,730.5,CONFIRMADA
2113,4421,385,YENK0H,2025-08-15 18:04:41+00:00,2614.04,NO_SHOW
2980,4392,634,2GEP0C,2026-01-08 12:31:53+00:00,376.95,NO_SHOW
282,2161,50,4T7FB0,2025-08-29 20:54:16+00:00,387.87,CONFIRMADA
3523,4623,64,TBIVR9,2025-06-21 06:14:16+00:00,3090.92,PENDENTE
3115,1359,595,ZBWWAG,2026-02-21 16:28:11+00:00,4228.82,CANCELADA
3778,4360,907,O30YAJ,2026-02-04 01:24:46+00:00,4935.48,EMBARCADA
3779,3879,430,GEM4NG,2026-04-29 11:56:28+00:00,1460.55,NO_SHOW
1579,3664,730,C0W1WE,2026-05-22 11:38:06+00:00,561.03,CANCELADA
2431,3342,808,WRNBYX,2026-02-15 00:07:06+00:00,9130.16,EMBARCADA
919,901,101,G6Q9GS,2025-08-14 13:22:57+00:00,1795.57,CANCELADA
3913,3141,857,W31XFJ,2025-11-29 05:30:54+00:00,1008.45,CONFIRMADA
3795,2841,941,A0VC9W,2026-03-08 10:26:16+00:00,642.77,PENDENTE
3608,2862,806,LY16M1,2025-08-09 14:05:23+00:00,1630.87,CONFIRMADA
2745,3571,69,RIH5KY,2026-01-03 13:25:22+00:00,660.23,PENDENTE
550,711,203,5VHXC2,2025-10-29 20:19:06+00:00,1569.58,NO_SHOW
3744,1844,783,A08N0V,2025-06-07 10:23:47+00:00,2649.67,CANCELADA
4956,4300,469,WY93P0,2025-07-26 09:54:29+00:00,9052.87,NO_SHOW
4216,3038,639,I0UZRO,2025-11-29 12:38:42+00:00,2072.35,EMBARCADA
2950,3145,295,TK8FHX,2026-05-02 18:32:07+00:00,3100.01,CANCELADA
4905,3828,383,5N84SD,2026-05-16 14:56:47+00:00,2181.61,PENDENTE
1846,3915,278,RY05WE,2025-12-12 15:06:46+00:00,2899.34,CANCELADA
460,3982,370,G1MPU1,2025-08-15 07:27:41+00:00,1028.53,CANCELADA
1264,3227,98,52EU5F,2025-06-22 02:18:54+00:00,1636.31,PENDENTE
1974,4849,564,AW7JL1,2025-10-06 03:02:05+00:00,716.46,EMBARCADA
2860,4469,325,8JL8CZ,2025-09-27 22:15:17+00:00,536.01,NO_SHOW
4367,2386,294,FQY3KW,2025-11-16 14:55:22+00:00,638.03,EMBARCADA
3910,2750,992,87RIIK,2026-03-02 22:06:28+00:00,4555.62,CANCELADA
2194,2429,974,KENQO9,2025-08-17 04:10:07+00:00,275.84,EMBARCADA
1413,2268,466,10KIGJ,2026-01-22 07:35:42+00:00,3403.83,EMBARCADA
3671,4592,998,177O3B,2026-01-08 11:50:40+00:00,905.07,EMBARCADA
2752,2025,540,PXNQ04,2026-01-24 09:28:44+00:00,1365.98,CONFIRMADA
4189,4029,499,4I3ZNI,2025-12-31 12:27:31+00:00,839.19,EMBARCADA
4437,4519,540,6ZOKYO,2026-01-24 06:10:38+00:00,2234.36,EMBARCADA
2182,1803,314,JL6U7H,2026-03-25 16:28:14+00:00,135.65,EMBARCADA
4488,2736,911,BSKWBW,2025-07-21 15:47:26+00:00,5469.83,CANCELADA
3554,1689,241,PQKRCT,2025-11-14 19:16:03+00:00,296.96,EMBARCADA
131,901,294,1USCHG,2025-07-08 14:40:47+00:00,1098.26,CANCELADA
621,1427,563,U37ZOE,2026-01-18 15:21:09+00:00,2338.81,PENDENTE
861,4070,370,BMY0I4,2026-02-21 09:30:14+00:00,934.29,CONFIRMADA
895,3682,972,N3CYR6,2026-03-19 21:00:12+00:00,3986.43,NO_SHOW
3740,2815,366,WVZ5UM,2026-04-03 12:07:29+00:00,2414.97,PENDENTE
2899,2385,175,GZUCH7,2025-06-22 15:13:24+00:00,356.86,NO_SHOW
3332,2842,29,VVQAYK,2025-10-19 16:34:00+00:00,4061.09,CANCELADA
3661,2433,788,W7LG50,2025-12-24 20:32:25+00:00,6825.17,CANCELADA
1682,2712,646,MUGI3J,2025-07-20 13:27:31+00:00,1157.78,NO_SHOW
936,3624,125,X85XEW,2025-07-21 18:23:29+00:00,4768.36,PENDENTE
773,1696,951,OAKCVK,2025-08-16 17:29:26+00:00,4519.92,NO_SHOW
1815,2333,251,8I9D3I,2025-09-04 01:02:11+00:00,1883.11,PENDENTE
622,2786,849,ALFCTC,2025-12-08 23:47:38+00:00,3619.17,NO_SHOW
3393,2802,483,IUXAE4,2026-03-10 20:03:36+00:00,1657.64,NO_SHOW
3050,3941,719,4OKAHJ,2026-01-15 18:26:48+00:00,2391.8,PENDENTE
1196,2598,685,42AO7R,2025-12-09 08:51:59+00:00,3465.37,NO_SHOW
548,1079,765,PEDX7N,2025-09-15 01:07:20+00:00,3517.91,EMBARCADA
1170,1698,905,7NJU5W,2025-08-30 06:16:31+00:00,4015.61,EMBARCADA
4520,3663,110,65VWL8,2025-06-12 03:11:31+00:00,2396.43,NO_SHOW
1797,2051,516,Q66G08,2025-07-08 10:25:53+00:00,858.39,PENDENTE
465,2398,758,S09AQT,2025-06-21 02:28:09+00:00,467.58,EMBARCADA
1441,241,456,CSIL9P,2025-09-08 12:28:16+00:00,1542.33,CANCELADA
4742,3754,18,L4453K,2025-08-29 00:46:13+00:00,1859.97,PENDENTE
2749,2064,838,YPNVBU,2025-07-13 11:42:45+00:00,1396.53,CANCELADA
2184,2993,83,9JUCRR,2025-12-18 13:00:43+00:00,2193.5,CONFIRMADA
2366,2903,756,PB461I,2026-02-28 06:36:12+00:00,800.42,CONFIRMADA
2620,1747,226,VR2F9F,2026-04-22 05:20:36+00:00,351.12,CANCELADA
1009,3606,416,MUBYC2,2026-05-05 10:02:31+00:00,378.37,PENDENTE
2571,4049,542,DYJ3K0,2026-01-25 10:00:55+00:00,236.14,NO_SHOW
3988,1799,270,SLZDN9,2026-03-19 21:12:21+00:00,2913.71,CONFIRMADA
4592,652,193,03O15R,2025-06-27 15:33:41+00:00,297.06,CANCELADA
4943,3332,783,AJVMMO,2025-07-29 04:53:17+00:00,2274.84,EMBARCADA
4874,1583,24,CQQVG7,2025-06-26 16:11:49+00:00,3063.51,EMBARCADA
1262,1020,753,LCTLQ8,2026-02-28 07:25:07+00:00,385.07,NO_SHOW
543,854,34,W0H3UU,2025-06-06 11:24:39+00:00,1488.12,CONFIRMADA
2859,4649,327,ZYRZ2T,2026-03-26 05:31:10+00:00,4193.58,EMBARCADA
3184,945,783,U2RCHE,2026-01-15 11:50:00+00:00,2516.46,NO_SHOW
3693,3386,139,FW6VCT,2025-06-09 20:18:13+00:00,835.58,EMBARCADA
886,2655,1000,AW5Q2K,2026-03-16 02:38:53+00:00,1418.9,CONFIRMADA
2334,3254,618,6CFDPD,2025-12-28 11:00:19+00:00,1083.79,EMBARCADA
3208,1399,705,71GMWI,2026-02-05 10:54:21+00:00,4161.14,NO_SHOW
3647,3668,115,7TZ6M1,2026-01-01 12:27:53+00:00,2550.36,EMBARCADA
3345,2295,944,GTFEDX,2025-08-29 04:30:53+00:00,549.94,EMBARCADA
4300,2931,512,UK8TBE,2025-12-04 11:53:27+00:00,1249.9,NO_SHOW
3482,4535,793,DQ6NB5,2026-03-12 22:48:21+00:00,835.27,CONFIRMADA
3529,460,710,UH8AZG,2025-10-15 09:21:40+00:00,4598.18,EMBARCADA
2463,4858,237,RWVOJ8,2026-05-07 13:31:10+00:00,2172.0,NO_SHOW
314,4537,97,EEYHM1,2026-01-10 02:01:07+00:00,1425.89,EMBARCADA
1488,3006,834,TSDPCX,2026-05-21 08:43:42+00:00,901.19,CONFIRMADA
3614,3012,834,AD4O4S,2025-11-29 14:25:26+00:00,1669.49,EMBARCADA
958,1903,521,T38JYN,2025-06-14 14:22:54+00:00,1284.75,CONFIRMADA
3970,2954,440,N9FVJT,2025-08-09 23:10:41+00:00,1053.83,CONFIRMADA
2754,120,490,F402RS,2026-03-13 21:26:10+00:00,488.78,PENDENTE
4878,2986,44,7UMOX9,2025-11-06 09:28:18+00:00,2846.84,CONFIRMADA
4584,4153,528,9KB19G,2025-08-19 17:20:30+00:00,1538.26,CANCELADA
1071,3889,74,TTS6EG,2025-10-15 16:55:43+00:00,1399.02,PENDENTE
761,406,299,EMWEY3,2026-02-08 09:56:51+00:00,1560.87,CONFIRMADA
2294,1844,16,P9ZO9F,2025-08-24 18:51:56+00:00,1628.89,PENDENTE
2170,1936,870,EL1V80,2025-12-06 15:42:06+00:00,3112.0,NO_SHOW
818,4171,671,APP7VL,2026-03-23 14:06:18+00:00,4201.48,PENDENTE
2508,2198,576,YRT6OI,2025-07-02 03:30:57+00:00,1398.57,EMBARCADA
1872,106,403,UMTXBM,2025-11-29 02:33:42+00:00,795.89,EMBARCADA
2211,1666,241,7YBT3R,2025-12-01 07:57:17+00:00,1236.62,EMBARCADA
3528,4247,146,Q2X978,2025-10-03 01:03:54+00:00,279.67,PENDENTE
3741,1391,740,ZQKC4U,2025-06-23 03:03:18+00:00,494.68,EMBARCADA
4968,2089,653,UDVT4C,2025-07-13 01:05:47+00:00,1585.79,CONFIRMADA
4053,4830,815,FJ70GS,2026-04-03 22:34:12+00:00,3728.54,NO_SHOW
1853,365,786,31WHZ0,2026-05-04 05:56:40+00:00,4864.8,PENDENTE
1700,4756,523,DMEYBY,2025-08-22 12:45:34+00:00,2848.57,CONFIRMADA
4681,4117,237,PY6YJD,2026-05-19 15:59:30+00:00,2672.19,EMBARCADA
2503,1540,512,NY8JUU,2026-01-14 02:07:52+00:00,5881.41,PENDENTE
1581,1002,479,3NHOM4,2025-11-15 11:00:05+00:00,1359.3,CONFIRMADA
3879,3463,847,OI1UAF,2025-08-23 17:56:52+00:00,2688.34,CANCELADA
129,479,420,P7X9C8,2026-02-14 03:05:06+00:00,251.89,CONFIRMADA
1684,3045,739,ZGWMFS,2025-12-12 00:25:58+00:00,1124.84,CANCELADA
611,3565,111,4HIWUU,2026-03-18 12:29:03+00:00,5280.31,EMBARCADA
550,3231,508,EBWPYZ,2025-12-02 14:42:51+00:00,8955.24,EMBARCADA
1046,2376,405,W3UUAU,2025-07-23 00:00:34+00:00,3143.38,PENDENTE
3995,3984,158,CDQVAH,2026-04-03 07:21:31+00:00,1579.06,CONFIRMADA
4455,2384,316,GXSFMM,2026-04-01 17:57:02+00:00,1749.22,CONFIRMADA
1077,771,210,GCRRFS,2026-05-18 20:34:26+00:00,3311.12,PENDENTE
819,1963,575,NHU1ZE,2025-09-14 19:42:19+00:00,2978.45,PENDENTE
3433,4049,924,IHB38W,2026-01-01 13:03:14+00:00,318.11,CANCELADA
3215,1154,413,5NXATW,2026-04-02 14:10:08+00:00,737.0,CANCELADA
2524,288,430,2E3UPL,2025-11-18 08:36:29+00:00,2749.3,EMBARCADA
2701,4394,149,60CTEF,2025-10-08 17:34:26+00:00,5883.54,EMBARCADA
2228,2063,958,UEQK01,2025-06-21 23:44:51+00:00,1388.54,CONFIRMADA
919,2730,794,Q5EOSD,2026-02-18 17:36:21+00:00,643.05,CANCELADA
212,3894,331,UP6CCR,2025-11-21 01:35:45+00:00,2246.57,NO_SHOW
1370,571,666,F5ES7D,2025-08-28 06:16:20+00:00,5090.91,EMBARCADA
4461,2512,481,R3U2WM,2025-11-14 19:52:49+00:00,1240.07,EMBARCADA
3300,1684,811,EJVMBS,2025-08-27 04:38:53+00:00,374.71,EMBARCADA
4018,577,568,Z491DG,2025-11-13 04:27:59+00:00,9360.94,CANCELADA
3989,1963,96,MKROP6,2025-07-18 10:32:07+00:00,1681.95,PENDENTE
776,4092,642,GUHOQR,2026-02-04 04:33:16+00:00,2467.18,CANCELADA
3166,2319,891,ZFMMRL,2025-09-10 15:11:20+00:00,3755.35,PENDENTE
1428,4246,360,R9479B,2025-06-03 21:14:27+00:00,1744.16,PENDENTE
3340,613,937,N2AOL7,2025-11-28 16:04:01+00:00,637.85,EMBARCADA
4732,541,291,2XR78U,2025-08-08 08:30:47+00:00,1243.6,NO_SHOW
28,4336,6,I5FJW1,2025-10-06 01:07:05+00:00,2067.5,CONFIRMADA
2105,116,629,AXP27L,2025-07-31 00:28:26+00:00,1535.82,EMBARCADA
4369,3949,610,JLNJCK,2026-05-30 20:16:12+00:00,3224.78,EMBARCADA
1331,1417,475,BPLY8Y,2026-04-26 16:12:22+00:00,3596.47,EMBARCADA
2611,1656,78,UH1QC2,2026-05-25 11:21:55+00:00,2130.15,CONFIRMADA
35,1062,125,VX8CHH,2026-04-14 00:34:00+00:00,4172.77,NO_SHOW
4575,24,995,CHJZL8,2025-09-09 10:05:41+00:00,447.25,EMBARCADA
614,3298,353,C32LLT,2026-04-17 10:10:16+00:00,977.44,CONFIRMADA
3733,3188,215,51MO6W,2026-02-04 17:24:09+00:00,151.56,CANCELADA
3184,3198,953,8PJZV4,2026-04-22 14:58:32+00:00,959.87,CANCELADA
2712,2967,563,CH8X6R,2025-06-12 10:58:32+00:00,2320.09,PENDENTE
2618,963,570,LJ8XTX,2026-02-02 05:38:43+00:00,3038.78,CANCELADA
1855,239,963,JZF82F,2025-12-26 17:24:58+00:00,2210.15,EMBARCADA
1104,4829,909,4XXQ68,2026-04-13 16:09:44+00:00,969.47,CANCELADA
1879,2522,869,YZMIIS,2025-08-05 16:18:05+00:00,2410.87,CONFIRMADA
3857,4387,109,1A8A5E,2026-05-09 20:19:09+00:00,10358.15,PENDENTE
3462,2599,257,03BM97,2025-09-12 03:32:41+00:00,1510.54,CONFIRMADA
2764,3888,800,MEAKHG,2025-07-08 00:34:44+00:00,1497.03,CONFIRMADA
1157,1192,650,QP3VN0,2025-11-10 09:34:25+00:00,799.66,CANCELADA
2103,2031,741,QJHTWF,2026-01-08 17:03:14+00:00,1104.86,CONFIRMADA
4416,546,425,67LLBG,2026-01-22 08:50:51+00:00,1268.43,EMBARCADA
2574,1606,432,U80YVW,2025-10-06 01:11:57+00:00,3319.52,CANCELADA
4892,3957,601,OYFWJ4,2025-07-10 21:49:20+00:00,630.79,EMBARCADA
1412,1336,87,QCX8MF,2026-03-23 18:48:52+00:00,1412.93,EMBARCADA
4658,3258,407,EV75YG,2025-10-14 20:24:12+00:00,6573.95,NO_SHOW
2389,3848,112,9EHL59,2025-09-01 02:35:55+00:00,8177.62,NO_SHOW
2867,3257,413,TNCRR1,2025-10-15 09:26:09+00:00,818.82,EMBARCADA
2736,1299,612,DLN1II,2025-08-31 10:21:42+00:00,1025.96,NO_SHOW
4974,4505,909,8PF9RT,2025-08-28 17:50:16+00:00,1161.12,CONFIRMADA
3514,4506,239,TBA79D,2026-02-27 06:34:37+00:00,1749.8,PENDENTE
4908,1060,575,8PXYKF,2026-01-04 18:33:06+00:00,427.48,CANCELADA
3779,3330,674,N4QP16,2025-10-02 06:03:07+00:00,428.04,CANCELADA
2191,1554,369,PLV4DQ,2026-05-31 22:20:38+00:00,6843.54,CANCELADA
3018,670,486,MQ438S,2026-05-06 05:46:59+00:00,3173.16,CONFIRMADA
1139,2655,919,X170UQ,2025-09-25 13:26:42+00:00,1807.41,EMBARCADA
1794,2026,219,KD5O6O,2025-12-07 02:07:58+00:00,2582.88,EMBARCADA
4383,2679,19,CXZW26,2025-10-02 09:57:00+00:00,1252.79,PENDENTE
2337,2677,764,O1U5VI,2026-05-13 21:35:19+00:00,2697.82,NO_SHOW
3161,1994,816,7UCKQK,2025-07-16 17:09:07+00:00,1231.0,CONFIRMADA
4519,1737,825,EX5MEU,2025-09-06 09:56:51+00:00,3149.18,CONFIRMADA
2559,348,568,U93181,2026-03-10 08:12:44+00:00,6068.72,NO_SHOW
2251,4977,153,4LQJLA,2026-01-07 06:42:17+00:00,116.98,PENDENTE
3721,1975,476,BC0NNX,2026-02-03 04:40:33+00:00,1342.2,PENDENTE
4984,903,282,Y0V09J,2026-03-13 13:17:59+00:00,2081.56,CANCELADA
3215,100,893,52EBQ3,2025-09-09 10:05:07+00:00,647.05,NO_SHOW
3047,3057,619,MLVZ8K,2025-07-08 04:17:39+00:00,1481.59,PENDENTE
1028,4703,140,MMMR9V,2025-12-05 11:18:43+00:00,433.78,CANCELADA
994,2105,947,TTJ3N5,2026-02-10 21:51:48+00:00,1528.16,CONFIRMADA
4629,4766,57,BZAZ5D,2026-04-23 11:52:49+00:00,1138.02,PENDENTE
3355,2447,539,SSI4AI,2026-06-03 12:26:00+00:00,2090.65,EMBARCADA
1554,3646,650,IH8ZR5,2025-12-06 10:21:49+00:00,2814.62,PENDENTE
3926,3327,922,9UP034,2025-09-14 19:56:44+00:00,725.22,CANCELADA
4000,563,519,V66XVS,2025-07-11 08:36:40+00:00,879.62,EMBARCADA
737,3644,307,TNJ15X,2025-07-07 04:56:17+00:00,410.66,CANCELADA
4015,4467,52,W2GFBX,2026-05-17 13:18:30+00:00,1460.09,PENDENTE
2236,4696,739,KWEKXH,2026-01-06 00:36:26+00:00,1566.54,CANCELADA
4820,4397,149,QCRKM1,2026-05-16 10:10:55+00:00,10133.97,CONFIRMADA
2377,3622,581,T6X4L3,2025-09-18 10:42:35+00:00,2031.66,NO_SHOW
4167,3418,366,XXC39T,2025-08-12 03:44:22+00:00,1198.32,CONFIRMADA
1854,1318,955,Y1AYO9,2026-02-21 11:14:30+00:00,1867.81,CONFIRMADA
4440,3844,64,6WF8JD,2025-12-23 07:37:48+00:00,190.52,PENDENTE
1328,3396,839,C9XUQX,2026-04-10 17:07:20+00:00,2817.05,NO_SHOW
1204,1803,927,HKADNS,2025-11-27 21:06:08+00:00,927.95,CONFIRMADA
4186,4853,183,N2E9WI,2026-04-18 10:27:17+00:00,2402.66,CANCELADA
2438,205,161,PWY0UC,2026-03-24 15:28:39+00:00,2181.97,NO_SHOW
901,4712,167,04533T,2025-12-03 06:47:20+00:00,1116.14,CANCELADA
482,3992,318,9V0XBG,2026-05-21 19:27:04+00:00,1762.31,EMBARCADA
2992,2574,32,Y92O87,2025-09-05 10:02:45+00:00,7296.17,PENDENTE
1343,502,604,H5UL10,2025-12-30 10:25:24+00:00,1149.07,PENDENTE
3195,2541,273,OLWN4F,2025-08-09 20:19:52+00:00,84.33,CANCELADA
4812,2873,241,B1AA8Y,2025-09-21 09:30:53+00:00,61.64,CONFIRMADA
260,2487,187,3TIG95,2025-12-25 09:56:11+00:00,5676.31,CANCELADA
4480,3798,119,ZT8PP9,2025-11-23 00:15:47+00:00,975.01,CONFIRMADA
3657,3943,857,XFTLFT,2025-11-24 15:01:21+00:00,786.49,CANCELADA
766,1136,416,ZT9CJQ,2026-05-01 23:49:07+00:00,1522.4,CONFIRMADA
744,2081,996,OKBBT6,2025-10-06 05:13:25+00:00,898.38,EMBARCADA
918,4802,558,ZSJXCQ,2025-08-21 23:47:17+00:00,1889.06,CANCELADA
2326,307,671,ZVS2R5,2025-08-04 10:49:01+00:00,4237.17,EMBARCADA
2234,4395,598,6F80ZR,2025-06-14 04:13:28+00:00,1253.52,CANCELADA
3406,3383,41,TMSXR0,2026-01-28 11:14:39+00:00,458.32,CONFIRMADA
4927,2338,605,DSMUWR,2026-04-04 05:20:05+00:00,3067.78,EMBARCADA
3039,260,883,HZC0K7,2026-03-27 19:53:11+00:00,1434.46,PENDENTE
3681,4502,546,8G6YIV,2025-06-23 02:48:46+00:00,3522.93,CONFIRMADA
3098,184,965,OREYXK,2025-06-07 11:50:02+00:00,1593.17,PENDENTE
2794,1927,672,G9IZ1Y,2025-11-22 00:14:36+00:00,608.82,NO_SHOW
3828,3479,765,UEU70F,2025-07-16 08:40:43+00:00,577.26,EMBARCADA
522,997,544,EW1HUH,2026-01-27 07:06:55+00:00,1102.54,NO_SHOW
2671,1518,417,3LEK9M,2025-11-29 11:49:48+00:00,630.57,PENDENTE
2219,2534,800,WHUZ0Q,2026-01-01 15:55:03+00:00,1477.24,EMBARCADA
4509,4567,126,IGSJ55,2025-07-08 04:05:22+00:00,5273.31,CANCELADA
255,4680,608,LW46JL,2026-02-22 21:58:20+00:00,6413.7,NO_SHOW
1039,3691,489,2LD314,2025-09-25 19:24:27+00:00,3374.29,PENDENTE
462,2361,299,S0QSYJ,2025-12-06 19:30:53+00:00,577.57,PENDENTE
277,4958,420,9381FF,2025-07-21 11:58:11+00:00,1151.6,CONFIRMADA
3589,162,639,KFAC1K,2026-05-27 08:21:54+00:00,2587.9,NO_SHOW
2823,4516,468,SEUPYI,2026-02-16 22:41:33+00:00,3486.61,CANCELADA
1741,3869,643,5GK5N7,2025-12-28 11:39:19+00:00,1562.04,NO_SHOW
1150,3645,94,IJRQOP,2026-02-01 05:53:12+00:00,1811.18,NO_SHOW
1654,1558,838,EL4PCT,2026-04-02 04:20:19+00:00,249.08,CONFIRMADA
714,3802,310,SA15P7,2025-10-23 13:18:43+00:00,1662.66,CONFIRMADA
1893,4844,361,KWI88D,2026-05-27 02:33:34+00:00,537.75,EMBARCADA
3933,2036,840,IZTAFY,2025-06-15 16:30:03+00:00,842.26,PENDENTE
1205,797,797,8DA33T,2025-12-07 18:54:11+00:00,958.05,CONFIRMADA
1330,1183,432,LLJMFS,2025-11-22 08:04:10+00:00,2114.17,CONFIRMADA
1938,3081,600,V14KLG,2025-08-16 03:04:48+00:00,1304.31,PENDENTE
3393,1218,626,DPVWW5,2025-10-01 01:36:37+00:00,5970.97,NO_SHOW
4290,330,993,V1IGCQ,2026-01-19 20:57:31+00:00,156.07,NO_SHOW
4296,1372,509,Y4PSFK,2025-06-23 13:55:30+00:00,3435.84,PENDENTE
302,2217,977,10HDNF,2025-07-26 10:36:22+00:00,484.85,CONFIRMADA
1334,3023,754,S8OX9T,2026-02-23 18:21:41+00:00,327.42,EMBARCADA
4407,4318,198,NL5KRD,2025-10-05 16:17:36+00:00,128.5,EMBARCADA
4010,2760,815,JNDBU5,2025-06-21 18:30:15+00:00,1560.97,CONFIRMADA
862,699,268,RCY9Y0,2026-04-20 18:34:56+00:00,3660.0,CONFIRMADA
946,3207,610,24AH9J,2025-11-13 22:20:56+00:00,2654.65,NO_SHOW
2535,3151,386,HWRHCT,2025-08-03 20:17:03+00:00,489.4,CONFIRMADA
3952,1307,222,EFBJNW,2025-12-11 16:00:38+00:00,297.67,CONFIRMADA
224,3121,257,LVQTT3,2026-03-16 05:10:59+00:00,1232.29,PENDENTE
3690,2276,5,ZOVRMK,2026-02-22 21:39:35+00:00,532.66,PENDENTE
2084,572,305,80ZG0J,2025-08-20 20:14:11+00:00,5097.73,EMBARCADA
789,3501,677,3TK2HH,2025-12-01 11:43:36+00:00,630.68,NO_SHOW
3140,4322,708,5YQ7R9,2025-06-23 02:54:43+00:00,2132.44,EMBARCADA
3308,2738,655,0KMES6,2025-10-30 16:18:12+00:00,4820.35,CONFIRMADA
2454,1435,969,HAHSX9,2025-12-24 02:43:37+00:00,12796.11,NO_SHOW
2363,2765,86,YCMCDF,2025-10-22 06:02:04+00:00,6149.99,PENDENTE
2833,3426,19,70AH3S,2025-09-22 08:03:58+00:00,482.08,EMBARCADA
2146,4519,515,NGN4CT,2025-06-11 11:15:42+00:00,4274.42,PENDENTE
2037,2117,866,JYAADD,2025-10-11 01:12:27+00:00,2140.49,NO_SHOW
801,494,20,TIV392,2026-02-03 10:35:53+00:00,360.9,EMBARCADA
3629,716,426,6VFGI9,2025-09-09 12:06:38+00:00,5503.67,CONFIRMADA
1796,1331,281,7O1DZT,2025-09-30 22:54:40+00:00,181.94,CANCELADA
4434,3936,590,UO6Q7S,2026-03-02 01:03:50+00:00,639.18,EMBARCADA
2082,2085,292,FJBGJU,2025-09-11 14:01:42+00:00,4652.46,CANCELADA
2167,437,457,RR887H,2025-10-19 22:50:38+00:00,70.52,CANCELADA
4801,320,478,NSENTG,2025-10-21 12:27:48+00:00,2488.9,CANCELADA
1655,1766,536,S9LY00,2025-08-21 18:59:51+00:00,1958.88,PENDENTE
4613,947,509,Y7RDHZ,2025-11-26 01:50:21+00:00,8293.54,EMBARCADA
1412,2119,645,OY6RT8,2025-08-16 22:18:36+00:00,3117.51,PENDENTE
4963,84,164,5JRUY6,2025-07-08 08:00:35+00:00,2205.98,NO_SHOW
4918,4632,830,BE0OSD,2025-08-22 16:33:06+00:00,3869.9,EMBARCADA
4156,1406,825,9NH5JK,2025-08-19 09:03:12+00:00,5073.48,PENDENTE
2798,253,547,NC0PKB,2026-02-03 04:51:06+00:00,2636.88,CONFIRMADA
4892,222,811,14FAV0,2025-07-24 11:41:40+00:00,4926.34,CONFIRMADA
2595,4243,239,0B4J21,2025-07-27 21:37:02+00:00,1786.18,CONFIRMADA
2224,4358,650,LZ1SID,2026-04-20 11:58:31+00:00,2336.17,NO_SHOW
993,2398,991,FICLEU,2026-04-23 02:46:13+00:00,1094.7,NO_SHOW
2656,2953,156,31G2VP,2025-12-21 13:29:31+00:00,453.35,CANCELADA
3084,1758,622,QJBR7W,2026-01-26 03:24:27+00:00,2030.37,PENDENTE
4603,1909,366,ROM37W,2025-09-12 04:39:51+00:00,3002.5,PENDENTE
2928,3048,137,X9V6IO,2025-07-04 11:36:37+00:00,1109.89,PENDENTE
3879,2897,546,OTHJTX,2025-08-03 13:01:00+00:00,258.38,CANCELADA
2415,3626,389,9E6SBF,2026-01-28 20:32:30+00:00,4404.97,PENDENTE
3552,1348,183,GEHC3W,2025-12-29 06:27:15+00:00,758.11,EMBARCADA
693,4701,570,9W5M6X,2026-03-20 04:55:01+00:00,2611.61,NO_SHOW
2377,4285,181,1XMQLI,2026-03-16 03:58:48+00:00,650.02,PENDENTE
1352,444,139,MLXCVW,2025-12-08 14:18:47+00:00,1068.06,PENDENTE
1948,3604,757,6I962P,2026-03-21 04:51:02+00:00,2018.53,CANCELADA
3545,299,753,HW5S7J,2025-11-10 08:08:10+00:00,1118.78,CONFIRMADA
1488,2384,949,GFKVC8,2026-04-30 07:52:49+00:00,9235.12,PENDENTE
2570,1479,277,TVF81L,2026-05-22 18:24:28+00:00,1694.51,EMBARCADA
1899,3397,219,Y4ID7Z,2025-10-26 07:02:06+00:00,1996.64,CONFIRMADA
4400,4873,93,IOSJSJ,2026-03-15 07:21:16+00:00,1150.24,EMBARCADA
49,3345,987,L2PO7Y,2026-02-04 01:24:00+00:00,1883.02,NO_SHOW
4291,2089,475,UNJ2E3,2025-09-06 00:57:15+00:00,4293.82,CONFIRMADA
4675,4876,344,QQVITP,2025-10-09 16:33:46+00:00,273.05,EMBARCADA
1946,1497,921,I9NST3,2025-10-02 14:40:24+00:00,1963.71,CONFIRMADA
4978,75,322,OFOYI7,2025-12-14 09:19:59+00:00,1340.16,PENDENTE
2438,2513,187,QGZUCP,2025-09-19 08:42:45+00:00,6174.25,NO_SHOW
550,4871,543,4R1CR3,2025-12-17 21:01:56+00:00,2617.62,PENDENTE
2006,884,811,JB64Q5,2025-12-29 03:07:26+00:00,5021.32,PENDENTE
1939,281,829,3VDMNY,2025-10-01 04:25:46+00:00,2834.47,EMBARCADA
4141,3320,746,EUNSMO,2026-03-03 01:02:52+00:00,2611.53,CONFIRMADA
3288,4375,327,35D6PZ,2025-11-28 13:19:57+00:00,2279.93,CONFIRMADA
1137,4064,827,Y1VNNU,2026-03-07 01:32:34+00:00,1218.37,CANCELADA
1015,1727,223,KYYXRD,2025-06-15 10:02:08+00:00,1586.25,CONFIRMADA
1813,3118,696,EJNIDM,2026-03-29 15:18:00+00:00,894.12,EMBARCADA
4198,1007,185,TAYNRB,2026-02-15 06:28:56+00:00,3925.61,PENDENTE
4018,4658,619,H0A3O5,2026-01-04 09:09:36+00:00,803.01,NO_SHOW
1771,4726,286,93T7ZR,2025-07-26 15:51:53+00:00,4558.77,CANCELADA
4848,2935,867,XN0H20,2025-07-08 17:26:14+00:00,4956.44,EMBARCADA
1776,4380,828,1KSKGX,2026-02-25 02:18:08+00:00,5047.02,CANCELADA
1945,856,541,RHVJ7C,2026-02-12 10:32:38+00:00,1372.19,PENDENTE
808,2937,307,HKDQ26,2025-12-10 18:52:08+00:00,7144.04,CANCELADA
2935,1418,40,KPA0D0,2025-12-04 02:32:28+00:00,2402.48,CONFIRMADA
764,720,408,FUY7CD,2025-11-14 01:12:56+00:00,9275.13,CANCELADA
1421,2047,19,B0OMQX,2025-07-22 14:08:48+00:00,2702.83,NO_SHOW
3501,3910,596,7YLVTG,2026-03-06 18:53:42+00:00,256.65,CONFIRMADA
3374,1754,332,AJZR2K,2025-08-11 18:36:36+00:00,7043.82,NO_SHOW
3116,927,331,HLGPRT,2026-02-14 21:09:26+00:00,4893.91,CONFIRMADA
1724,2418,607,V1BLCE,2025-12-08 06:53:56+00:00,3639.83,NO_SHOW
231,1525,127,6RAK9A,2026-02-07 01:28:36+00:00,1194.7,CONFIRMADA
2371,4397,501,E7KOP7,2026-04-18 01:23:36+00:00,1635.16,CONFIRMADA
1714,32,38,6XVNE0,2026-04-06 14:10:23+00:00,295.56,CONFIRMADA
1418,1568,378,1XJSZX,2026-05-14 14:11:56+00:00,825.6,EMBARCADA
2808,3446,484,KUDP63,2025-07-07 14:10:47+00:00,1311.45,CONFIRMADA
3907,4060,928,V5HNUF,2025-10-21 16:41:50+00:00,4788.7,CANCELADA
2005,609,472,VCECEM,2025-12-17 11:14:11+00:00,5895.75,PENDENTE
4064,2670,436,LRSRQM,2025-06-29 22:29:27+00:00,318.31,PENDENTE
4539,4512,225,2QLDO6,2026-02-15 21:10:28+00:00,2848.8,PENDENTE
1305,754,629,UDBDWE,2025-07-02 06:28:14+00:00,1631.28,CONFIRMADA
64,1293,122,D5HUMF,2026-02-10 10:01:30+00:00,1706.93,PENDENTE
1090,4316,709,IP6L8C,2025-07-12 08:07:13+00:00,3098.51,CANCELADA
1010,4943,226,KMPO6Y,2026-03-24 14:39:28+00:00,2916.68,PENDENTE
1010,2689,218,ZTLNTV,2025-08-14 07:50:42+00:00,427.56,EMBARCADA
3102,1079,600,9FINKF,2026-04-13 11:02:21+00:00,2002.77,CONFIRMADA
3390,3790,778,QPH2WA,2025-12-05 17:52:18+00:00,900.49,CONFIRMADA
3515,4259,872,SYRR41,2025-12-08 19:34:55+00:00,6896.89,EMBARCADA
2155,465,258,8F188A,2025-06-28 05:26:48+00:00,1533.66,NO_SHOW
3303,472,55,D1PGFC,2025-06-12 15:33:51+00:00,3172.69,NO_SHOW
609,4835,388,WSVK1Q,2025-12-06 01:58:13+00:00,1745.83,EMBARCADA
2832,3027,257,WARNRE,2025-06-26 06:19:47+00:00,1142.6,NO_SHOW
3064,3180,410,OQXFV5,2026-01-17 12:54:16+00:00,3314.86,CONFIRMADA
816,2609,721,5PQ5I2,2026-04-03 14:35:23+00:00,1201.44,EMBARCADA
4026,3992,645,4FXTGE,2025-10-22 20:36:22+00:00,4285.63,CONFIRMADA
605,4390,926,TW99ZS,2025-11-26 15:10:51+00:00,221.72,EMBARCADA
1072,2754,498,5O06G6,2026-03-20 01:17:08+00:00,592.38,EMBARCADA
1256,397,844,EBAQGJ,2025-07-12 22:18:54+00:00,3636.58,CONFIRMADA
4113,494,348,S1ZFIB,2025-09-22 20:52:55+00:00,1527.2,NO_SHOW
3716,763,665,X9MSV1,2025-10-29 03:51:32+00:00,3905.02,EMBARCADA
2805,3540,27,1TLMG6,2026-05-06 18:24:24+00:00,6531.35,EMBARCADA
2825,2391,760,B4KGHR,2025-08-11 08:52:42+00:00,452.62,NO_SHOW
2503,3220,332,0LAPP9,2026-04-06 04:00:20+00:00,5586.77,CANCELADA
2642,1636,755,Z3HRSR,2025-12-16 09:21:14+00:00,617.62,NO_SHOW
2394,3209,155,O00KM9,2025-07-15 14:37:16+00:00,145.35,PENDENTE
621,1336,369,I5OIHG,2026-02-15 09:55:28+00:00,2545.35,EMBARCADA
4420,2514,879,AOO1V7,2026-02-18 22:26:26+00:00,1184.76,CANCELADA
1585,2851,421,FJ7D4K,2025-07-01 04:43:24+00:00,434.94,CANCELADA
2332,3851,46,2473GL,2026-05-11 02:31:55+00:00,5454.56,NO_SHOW
651,4831,638,K2WSK3,2026-04-17 04:21:41+00:00,1044.29,NO_SHOW
207,1521,986,A8QD6R,2026-04-09 03:12:57+00:00,5605.54,NO_SHOW
917,89,987,5ZD69M,2025-07-04 00:32:56+00:00,683.09,EMBARCADA
1960,2037,633,4GKDZL,2026-01-03 13:04:42+00:00,343.74,CANCELADA
3421,2898,90,87RVBT,2025-11-24 12:59:16+00:00,3191.74,CANCELADA
1487,1027,197,YVJUDT,2026-02-21 08:39:52+00:00,752.31,CANCELADA
2174,355,480,WH7646,2026-02-19 00:08:30+00:00,432.06,CANCELADA
1024,4121,362,UYO8V0,2026-01-10 17:52:24+00:00,1255.5,NO_SHOW
4816,3902,629,DLRS7K,2026-03-31 23:09:58+00:00,5601.23,NO_SHOW
4688,4477,945,544WP4,2026-04-10 17:43:10+00:00,2815.85,EMBARCADA
2008,4886,314,LDPYGL,2026-04-05 10:59:38+00:00,76.93,PENDENTE
587,2454,686,VDK2UC,2025-11-04 09:49:09+00:00,461.2,CONFIRMADA
3633,2276,706,MPG2MV,2026-05-04 20:15:40+00:00,593.92,PENDENTE
2333,4616,313,ORBI0T,2026-03-09 08:43:49+00:00,115.24,PENDENTE
3242,1848,88,Z3JP5B,2025-07-14 02:08:33+00:00,8855.21,NO_SHOW
2334,3131,773,5FTGO6,2026-01-30 05:53:36+00:00,223.16,PENDENTE
3484,2881,480,3VY255,2026-03-18 17:07:55+00:00,1268.61,CANCELADA
951,1915,399,LX3APH,2025-07-23 20:52:11+00:00,1763.52,CONFIRMADA
2471,3954,655,2TXZ7U,2025-06-05 01:52:38+00:00,1349.03,CONFIRMADA
2956,4645,603,N4R039,2025-12-28 10:55:38+00:00,2178.0,CONFIRMADA
4945,3977,964,4K5QFW,2026-02-23 19:22:32+00:00,605.09,EMBARCADA
138,1443,408,RC57AD,2025-10-07 20:12:47+00:00,5721.69,PENDENTE
3584,1394,599,8A5D9G,2025-06-10 18:29:56+00:00,2541.27,CONFIRMADA
430,3432,861,HKPGM1,2025-06-28 06:59:38+00:00,2198.82,PENDENTE
3535,3410,766,ELBNPO,2025-06-20 11:23:23+00:00,6231.3,CONFIRMADA
1603,4817,753,BWUPQX,2025-08-06 14:54:12+00:00,691.5,EMBARCADA
3926,1022,959,I4UW5H,2026-02-04 01:11:21+00:00,1117.96,NO_SHOW
2390,4991,47,2RWO4K,2026-03-01 09:59:38+00:00,5669.11,PENDENTE
1127,2856,291,Z7EIHT,2025-11-09 04:06:29+00:00,5658.67,CANCELADA
457,82,374,U0G2Z3,2026-02-20 12:14:26+00:00,596.8,EMBARCADA
2029,1106,162,N0IXB0,2025-09-25 23:32:52+00:00,2650.59,CANCELADA
1669,4013,803,U2FJ55,2026-03-23 21:04:40+00:00,878.92,CANCELADA
4291,3353,601,7KNYFT,2025-08-22 06:29:33+00:00,2014.28,CONFIRMADA
2455,1274,358,WUU2NF,2026-01-25 12:23:42+00:00,1130.26,PENDENTE
325,2447,161,9G0U0B,2025-07-20 02:40:25+00:00,2322.95,NO_SHOW
4824,2204,372,8F9XLK,2025-10-10 13:52:46+00:00,1180.52,CANCELADA
611,1829,450,RHYX3N,2025-11-18 08:20:54+00:00,589.0,PENDENTE
3521,1876,559,36BM4K,2026-05-11 16:04:15+00:00,1686.42,CANCELADA
3014,2357,622,XNBA8I,2026-03-05 15:19:14+00:00,360.66,EMBARCADA
1420,560,894,59ZPU9,2025-10-16 19:02:20+00:00,776.66,CANCELADA
421,4437,90,C5QIZD,2026-04-01 20:17:03+00:00,3326.23,CANCELADA
3162,3566,510,JWOQGQ,2025-06-22 15:30:30+00:00,2347.67,EMBARCADA
