numero_voo,aeronave_id,aeroporto_origem_id,aeroporto_destino_id,data_partida,data_chegada,status_id,preco_base
AF5041,390,1863,837,2025-12-20 18:55:06+00:00,2025-12-21 00:57:40.533081+00:00,279,1084.57
QR1392,649,3475,2325,2025-07-25 13:45:02+00:00,2025-07-25 22:45:35.261780+00:00,508,1223.02
LA7820,2326,3128,1168,2026-04-18 05:50:10+00:00,2026-04-18 16:09:44.584620+00:00,883,2041.76
LA4871,1260,1514,1992,2025-09-15 03:41:18+00:00,2025-09-15 16:57:22.974051+00:00,285,1514.38
G34719,981,3653,4633,2025-10-28 01:22:18+00:00,2025-10-28 12:08:22.395778+00:00,896,1673.29
LA8111,1496,4365,3789,2026-05-31 06:31:50+00:00,2026-05-31 15:50:13.251657+00:00,95,63.07
AF8937,2513,858,339,2025-08-15 00:33:46+00:00,2025-08-15 10:27:40.891597+00:00,530,1738.92
BA8854,743,3036,4315,2025-07-16 00:47:17+00:00,2025-07-16 10:12:17.355658+00:00,460,2454.65
IB8153,2430,1958,3923,2025-11-18 22:39:40+00:00,2025-11-19 10:05:27.460958+00:00,913,680.15
UA2348,4905,505,46,2025-10-11 00:36:25+00:00,2025-10-11 02:06:21.358953+00:00,134,406.72
EK8952,3115,2941,2797,2026-02-02 15:45:37+00:00,2026-02-02 18:15:47.216947+00:00,388,2404.94
AF8245,677,1230,657,2025-12-03 10:47:20+00:00,2025-12-03 15:02:09.045697+00:00,199,1378.47
LH2112,2916,1031,3494,2025-06-16 00:42:05+00:00,2025-06-16 06:23:32.431693+00:00,738,938.38
QR9953,1312,910,1562,2025-06-23 04:26:59+00:00,2025-06-23 10:59:35.946321+00:00,999,835.9
EK4834,2071,4434,587,2026-02-03 18:13:43+00:00,2026-02-04 04:00:00.453987+00:00,89,2067.17
AA2306,4327,2567,1483,2025-12-28 20:39:06+00:00,2025-12-29 04:43:34.577523+00:00,746,471.89
QR3424,1848,1172,4143,2025-08-23 08:46:22+00:00,2025-08-23 10:25:27.170316+00:00,499,352.12
EK5005,2849,4948,1767,2025-07-11 00:23:19+00:00,2025-07-11 02:32:31.832582+00:00,354,2132.83
SQ5351,1422,2489,476,2025-06-28 07:33:09+00:00,2025-06-28 17:53:41.426284+00:00,616,474.96
G3247,3604,1970,4630,2026-01-02 07:16:30+00:00,2026-01-02 15:28:02.717201+00:00,801,1578.88
EK3347,277,2912,297,2026-03-19 13:47:46+00:00,2026-03-19 15:57:18.787301+00:00,732,728.57
DL4977,3749,4133,4299,2025-08-31 06:37:24+00:00,2025-08-31 20:13:32.377198+00:00,829,1032.9
AD9543,1157,2598,3815,2025-08-12 23:23:15+00:00,2025-08-13 13:12:33.580299+00:00,482,1373.73
LA1364,3087,4718,531,2025-12-04 13:36:34+00:00,2025-12-04 21:24:31.397522+00:00,656,245.74
JJ6620,4530,3555,1509,2025-08-08 19:47:28+00:00,2025-08-09 03:51:09.757705+00:00,667,434.93
AD6213,2155,133,3952,2025-08-14 18:50:09+00:00,2025-08-14 20:29:07.299159+00:00,842,1570.84
LH1660,3854,4352,2591,2025-09-05 07:57:18+00:00,2025-09-05 17:53:57.453779+00:00,840,1680.06
LH104,4313,574,3594,2026-05-20 05:57:46+00:00,2026-05-20 13:13:15.008837+00:00,92,1170.41
LH669,977,1084,78,2025-06-30 14:07:17+00:00,2025-07-01 02:22:31.289429+00:00,150,1949.4
G32857,1219,491,486,2026-03-05 16:05:36+00:00,2026-03-06 04:00:11.892566+00:00,548,867.41
AA7567,1702,4328,3958,2025-12-03 12:58:47+00:00,2025-12-03 14:46:34.060482+00:00,379,98.31
QR8454,3207,1360,4070,2025-10-11 04:16:50+00:00,2025-10-11 13:07:08.184440+00:00,613,374.13
BA9992,1543,4427,2139,2025-10-14 18:31:02+00:00,2025-10-15 06:54:29.358150+00:00,275,1012.77
AF3260,1714,4179,926,2026-03-25 18:59:50+00:00,2026-03-26 03:51:43.667703+00:00,223,1969.67
JJ3484,2355,1612,3375,2026-02-08 00:45:24+00:00,2026-02-08 02:59:40.793333+00:00,257,230.66
BA6692,2958,216,3104,2026-03-03 21:06:56+00:00,2026-03-04 02:59:48.329368+00:00,744,433.06
G3796,4785,3409,2920,2026-06-01 05:07:59+00:00,2026-06-01 14:31:22.750018+00:00,633,1615.11
QR2794,197,1275,53,2025-07-17 01:56:42+00:00,2025-07-17 12:59:47.831778+00:00,648,2160.7
AF7890,3287,2729,2637,2025-08-30 04:52:55+00:00,2025-08-30 12:27:08.941161+00:00,718,878.25
IB4792,4610,1870,1438,2025-09-21 00:54:57+00:00,2025-09-21 05:43:45.541219+00:00,657,1064.81
DL8301,1271,3741,1311,2026-01-04 17:44:58+00:00,2026-01-05 00:47:10.755580+00:00,54,986.81
AD8251,2159,3858,3113,2025-08-08 19:51:13+00:00,2025-08-09 01:06:52.318222+00:00,374,1380.72
SQ4213,3371,4906,1287,2025-12-12 20:12:05+00:00,2025-12-13 03:26:25.112253+00:00,529,792.41
LA2787,4436,4449,4125,2025-11-06 05:42:07+00:00,2025-11-06 15:20:41.592435+00:00,592,2419.96
EK1594,1246,3938,1284,2026-05-30 08:21:44+00:00,2026-05-30 12:22:59.724239+00:00,919,387.17
BA1594,2474,2233,2837,2026-03-29 16:07:31+00:00,2026-03-29 20:46:18.464982+00:00,237,1064.12
QR8122,4430,1852,1797,2026-03-05 11:53:53+00:00,2026-03-05 18:57:58.996113+00:00,359,521.05
AA3193,2483,1703,1630,2025-11-22 06:13:00+00:00,2025-11-22 13:00:00.735884+00:00,42,568.66
G3362,1766,4482,291,2026-02-14 19:30:02+00:00,2026-02-14 23:58:53.357353+00:00,411,1482.59
G35922,4385,1107,597,2026-05-31 20:22:19+00:00,2026-06-01 04:07:01.072097+00:00,615,1219.3
BA455,3695,443,4516,2025-11-19 01:31:03+00:00,2025-11-19 10:25:41.826516+00:00,714,1587.73
JJ7231,3279,3186,2004,2026-05-02 16:49:33+00:00,2026-05-02 20:19:04.108232+00:00,699,1840.96
EK6466,22,2757,642,2026-04-03 09:38:45+00:00,2026-04-03 15:55:46.359800+00:00,440,670.48
LH3679,141,4753,1404,2026-01-13 01:33:49+00:00,2026-01-13 04:37:19.170112+00:00,397,481.04
JJ4290,3585,3835,4477,2026-02-06 10:14:55+00:00,2026-02-06 13:32:16.880335+00:00,393,1577.76
LA379,870,1382,4731,2026-01-16 16:04:34+00:00,2026-01-17 00:35:22.930379+00:00,582,649.31
IB7417,3082,1717,2075,2026-06-01 05:45:37+00:00,2026-06-01 11:42:48.541698+00:00,509,491.14
TP9427,2106,4147,3830,2025-09-27 07:55:51+00:00,2025-09-27 12:19:46.758430+00:00,878,1220.67
AF3584,4091,2371,2099,2026-05-22 14:23:32+00:00,2026-05-22 22:35:01.131975+00:00,256,1098.2
JJ8903,836,1369,1093,2025-07-08 23:29:36+00:00,2025-07-09 07:50:52.140563+00:00,291,842.48
EK3442,4395,3916,2073,2026-03-28 11:51:57+00:00,2026-03-28 14:53:50.319614+00:00,653,1075.65
IB439,1997,566,1330,2025-12-05 19:01:42+00:00,2025-12-06 02:48:20.785370+00:00,6,584.65
JJ832,2612,3786,177,2025-06-06 11:27:48+00:00,2025-06-06 23:13:42.711810+00:00,408,1765.75
SQ3896,2078,2164,1594,2025-12-06 18:08:24+00:00,2025-12-06 20:59:06.257538+00:00,953,1823.19
G37003,1370,1297,1324,2026-04-25 22:50:50+00:00,2026-04-26 10:47:14.170334+00:00,626,304.83
G3101,1781,127,2525,2025-06-23 02:23:53+00:00,2025-06-23 14:25:57.388353+00:00,850,1691.05
IB5878,4462,662,1819,2026-01-22 02:36:27+00:00,2026-01-22 09:02:19.387588+00:00,729,202.4
IB708,4498,3834,1901,2025-11-16 09:46:47+00:00,2025-11-16 15:13:27.608624+00:00,944,1843.1
TP2964,4802,4877,459,2026-06-03 00:18:50+00:00,2026-06-03 07:07:27.565482+00:00,265,1838.12
IB6784,3585,3524,1384,2025-08-26 04:27:38+00:00,2025-08-26 17:39:37.105013+00:00,216,2325.19
UA9447,4640,1973,3572,2026-01-19 17:37:30+00:00,2026-01-19 20:38:24.366260+00:00,557,322.34
EK2004,58,4275,1374,2026-04-22 13:07:25+00:00,2026-04-22 22:59:06.066319+00:00,753,1174.57
JJ454,438,801,427,2025-11-25 12:42:15+00:00,2025-11-25 22:47:42.868676+00:00,586,701.7
AA8478,174,2990,4443,2025-11-11 07:19:21+00:00,2025-11-11 14:14:13.886607+00:00,347,1269.34
LH440,3997,1415,2398,2025-09-19 12:49:54+00:00,2025-09-19 21:00:46.907601+00:00,395,1740.47
AD1555,2513,4392,3487,2025-06-06 18:01:15+00:00,2025-06-07 04:50:30.192596+00:00,58,651.73
QR1302,3562,4509,475,2025-12-10 06:30:53+00:00,2025-12-10 16:11:42.744110+00:00,193,1860.96
AF9748,4798,3013,2784,2025-12-14 18:38:28+00:00,2025-12-14 23:01:06.474288+00:00,431,2249.84
AA5392,862,2345,908,2025-07-25 09:13:00+00:00,2025-07-25 22:49:33.111943+00:00,75,1951.67
IB8565,334,3570,421,2026-02-20 04:36:31+00:00,2026-02-20 12:00:08.782879+00:00,161,1492.23
AF5907,1685,4700,809,2026-01-10 01:56:31+00:00,2026-01-10 03:01:54.861075+00:00,409,668.92
LA8266,3934,3646,4688,2026-01-19 16:18:46+00:00,2026-01-19 18:11:20.543155+00:00,118,947.3
SQ8727,2645,33,1274,2026-04-27 14:18:25+00:00,2026-04-28 02:50:37.611303+00:00,475,657.75
IB5621,571,1160,4604,2025-09-05 09:07:45+00:00,2025-09-05 10:48:11.836165+00:00,859,1918.24
AF4606,3940,4442,1486,2025-11-02 13:43:12+00:00,2025-11-03 03:38:07.707621+00:00,88,1926.75
BA8022,2401,1118,845,2026-05-16 20:36:01+00:00,2026-05-17 07:56:17.174352+00:00,160,811.1
EK6154,1149,1227,243,2025-11-05 04:43:24+00:00,2025-11-05 11:46:04.220125+00:00,226,1246.76
AD1038,255,2651,3388,2025-11-30 04:32:53+00:00,2025-11-30 18:11:44.848146+00:00,255,2099.82
AF3769,4149,2952,744,2026-05-04 07:36:30+00:00,2026-05-04 18:35:38.583407+00:00,610,208.26
IB6208,3524,3518,2795,2025-06-28 03:04:49+00:00,2025-06-28 12:18:24.609687+00:00,275,1975.06
EK4511,2226,2113,1838,2025-09-03 08:51:03+00:00,2025-09-03 19:13:38.326085+00:00,582,664.34
DL7835,4458,739,2924,2026-02-06 00:35:26+00:00,2026-02-06 04:49:28.315603+00:00,299,766.79
SQ3963,2934,3722,3880,2025-10-02 02:35:08+00:00,2025-10-02 06:44:15.701885+00:00,235,2296.89
LH3114,2221,192,1548,2025-06-19 08:19:53+00:00,2025-06-19 18:07:05.970610+00:00,564,1317.8
DL4374,1152,1010,2235,2026-01-30 22:15:07+00:00,2026-01-31 04:21:19.599279+00:00,388,1743.52
IB2171,4522,1046,3274,2026-04-23 03:23:23+00:00,2026-04-23 15:11:23.002168+00:00,986,2208.97
AF2281,1248,2093,1835,2025-10-24 11:11:41+00:00,2025-10-24 12:56:52.449758+00:00,724,1367.74
AA4001,803,2079,1584,2025-06-20 10:20:57+00:00,2025-06-20 15:44:51.924789+00:00,437,850.49
BA4882,1240,1028,4279,2026-05-16 01:06:10+00:00,2026-05-16 09:32:53.240413+00:00,458,484.34
LH2282,2130,4667,3213,2026-05-09 21:46:13+00:00,2026-05-10 02:06:05.762924+00:00,915,1027.07
LA5137,4149,318,2364,2025-07-29 03:11:39+00:00,2025-07-29 08:42:57.194542+00:00,637,1965.23
AA7543,4494,4796,3407,2025-11-11 21:25:25+00:00,2025-11-11 22:33:03.489671+00:00,89,2113.28
TP7291,73,3901,268,2025-09-19 16:44:32+00:00,2025-09-19 21:19:34.224418+00:00,119,1773.57
QR2374,3148,282,3482,2026-02-23 20:53:43+00:00,2026-02-24 10:47:35.082065+00:00,782,342.34
QR1315,1837,3658,2978,2025-07-03 01:22:54+00:00,2025-07-03 12:36:34.528988+00:00,230,1948.78
AA2445,1929,3901,1782,2026-05-15 07:24:32+00:00,2026-05-15 10:05:49.243735+00:00,446,674.48
TP7158,4203,242,3750,2026-04-13 05:00:33+00:00,2026-04-13 16:54:29.569802+00:00,999,839.56
LH8304,4101,3449,4802,2026-03-30 11:25:39+00:00,2026-03-30 15:55:53.459212+00:00,211,1064.29
LA5670,4180,57,356,2025-12-30 10:40:58+00:00,2025-12-30 19:21:29.593975+00:00,405,1299.06
BA6871,3206,238,2583,2025-11-22 04:26:31+00:00,2025-11-22 18:23:01.118777+00:00,579,1073.41
LH2509,2646,672,739,2026-04-19 22:31:00+00:00,2026-04-20 08:23:38.435171+00:00,855,286.88
AA3926,2360,3870,3487,2025-08-15 02:25:23+00:00,2025-08-15 07:36:07.154180+00:00,896,1148.67
IB1327,3576,2102,229,2026-04-15 13:47:12+00:00,2026-04-15 23:04:16.259901+00:00,218,1984.55
IB3338,542,4393,1262,2025-08-27 10:08:09+00:00,2025-08-27 14:26:45.608088+00:00,702,626.78
G31453,5,2550,1930,2025-12-27 14:06:27+00:00,2025-12-28 04:03:01.842354+00:00,739,115.6
AF248,3058,4135,856,2026-01-20 21:30:37+00:00,2026-01-21 08:42:36.023153+00:00,639,320.63
AD4157,4326,3982,38,2025-10-29 08:57:38+00:00,2025-10-29 21:13:09.452821+00:00,321,1950.03
TP8823,2803,2146,2479,2026-03-01 05:00:23+00:00,2026-03-01 11:42:45.003256+00:00,840,450.08
SQ9747,640,779,896,2026-01-11 08:05:46+00:00,2026-01-11 19:40:48.742198+00:00,1,618.17
BA425,1258,4548,4291,2026-04-08 15:02:23+00:00,2026-04-08 16:40:16.005422+00:00,794,289.22
UA9988,1522,3981,4014,2025-11-16 10:03:18+00:00,2025-11-16 18:23:21.940517+00:00,717,2494.7
LA1980,1211,414,2044,2026-02-18 11:57:26+00:00,2026-02-18 19:44:34.642471+00:00,352,489.72
AA6930,4126,3089,2126,2025-12-23 20:30:05+00:00,2025-12-24 00:57:28.598446+00:00,368,1152.2
TP9996,223,4031,4600,2025-11-09 00:29:19+00:00,2025-11-09 13:59:51.391465+00:00,999,770.83
G34207,480,4905,1873,2025-07-01 02:52:19+00:00,2025-07-01 12:54:43.735843+00:00,916,2197.61
AD5667,4464,2489,1180,2025-10-15 08:13:32+00:00,2025-10-15 14:57:05.207926+00:00,71,1932.0
G32765,836,382,1371,2026-01-22 07:30:17+00:00,2026-01-22 16:58:41.449797+00:00,726,2003.24
SQ1483,4748,1071,52,2026-05-03 10:12:10+00:00,2026-05-03 16:40:48.554873+00:00,394,2174.19
TP4402,3611,3697,2716,2025-08-08 01:38:32+00:00,2025-08-08 05:54:30.188215+00:00,370,1042.33
EK1475,1848,2716,1713,2026-04-04 07:16:57+00:00,2026-04-04 14:44:50.634439+00:00,392,2190.45
DL5700,4352,675,2249,2025-06-14 14:19:24+00:00,2025-06-15 00:28:23.752640+00:00,588,398.56
BA2888,1539,129,1918,2025-11-10 21:00:03+00:00,2025-11-11 05:08:51.144734+00:00,409,2389.71
LA4629,4099,1011,2198,2026-04-15 14:27:52+00:00,2026-04-16 00:49:13.822644+00:00,74,1561.79
AF3920,1542,1704,4197,2026-03-11 05:53:43+00:00,2026-03-11 07:09:56.263668+00:00,831,2137.84
UA9633,1149,2639,3724,2025-10-01 07:48:25+00:00,2025-10-01 15:10:34.645190+00:00,453,1045.74
DL7464,188,2330,4557,2025-08-07 19:22:50+00:00,2025-08-08 05:03:04.803938+00:00,230,2439.64
LH4227,2513,3914,3145,2025-08-18 01:38:21+00:00,2025-08-18 15:03:13.701157+00:00,492,928.52
G31223,1715,1199,4036,2026-04-05 02:22:30+00:00,2026-04-05 12:01:45.111523+00:00,10,547.37
G35436,2471,3972,4933,2025-08-04 10:16:23+00:00,2025-08-04 21:46:32.412203+00:00,225,1532.75
AF9412,4485,955,2722,2026-04-07 12:44:16+00:00,2026-04-07 23:32:53.155410+00:00,502,770.01
DL1258,1621,924,552,2025-07-19 02:57:13+00:00,2025-07-19 16:51:30.207677+00:00,309,928.07
G37600,1854,263,1773,2026-01-05 15:24:17+00:00,2026-01-05 17:38:45.135947+00:00,450,1039.42
G33029,2254,1407,1458,2025-06-23 09:47:36+00:00,2025-06-23 22:15:25.331801+00:00,21,893.15
SQ4944,1696,2476,3535,2026-01-03 06:15:12+00:00,2026-01-03 15:51:52.540431+00:00,255,1593.18
BA6146,1656,2427,4837,2025-07-16 05:03:08+00:00,2025-07-16 14:40:14.754780+00:00,474,2050.44
LA2184,521,1661,627,2026-02-09 17:03:41+00:00,2026-02-10 03:38:05.847108+00:00,825,1802.97
G38935,3212,2468,2909,2026-03-12 06:51:09+00:00,2026-03-12 12:51:34.413467+00:00,925,1990.92
EK2397,2386,1742,2984,2025-07-18 07:54:03+00:00,2025-07-18 09:38:24.823063+00:00,700,2286.13
TP628,1352,1133,1823,2025-11-06 11:23:27+00:00,2025-11-06 17:58:47.052955+00:00,146,52.24
AF4996,2648,3047,2462,2025-11-15 04:45:25+00:00,2025-11-15 08:22:09.337969+00:00,649,1605.01
AF8638,1772,1162,4217,2026-04-10 15:26:52+00:00,2026-04-10 22:00:51.173159+00:00,305,862.75
UA5066,3891,2974,3804,2025-12-29 05:37:49+00:00,2025-12-29 07:53:50.082586+00:00,679,1534.57
TP9697,262,3512,994,2025-06-14 16:07:57+00:00,2025-06-14 17:41:59.800432+00:00,27,1122.12
AF205,966,3766,2335,2026-01-27 14:45:30+00:00,2026-01-27 17:59:18.788725+00:00,651,1610.61
QR6113,127,4581,1809,2025-11-18 20:24:26+00:00,2025-11-19 01:56:13.508395+00:00,555,1813.67
LH5827,1026,1156,1170,2026-02-09 13:55:52+00:00,2026-02-10 01:36:06.943445+00:00,178,1944.3
LA4468,568,1288,2395,2026-04-17 02:40:42+00:00,2026-04-17 09:09:14.547804+00:00,283,1230.58
DL8255,640,2447,1809,2025-10-01 20:36:45+00:00,2025-10-01 22:31:22.537953+00:00,102,1253.94
AD1826,3822,3581,477,2026-04-20 00:56:50+00:00,2026-04-20 14:51:00.067581+00:00,59,1031.68
AF9244,4171,4995,109,2026-02-21 11:41:49+00:00,2026-02-21 20:44:12.150054+00:00,488,751.83
EK8856,4107,4880,2771,2025-12-22 19:22:55+00:00,2025-12-23 00:16:47.774398+00:00,884,929.6
AF1382,4000,4516,3880,2025-11-07 13:01:00+00:00,2025-11-07 19:07:23.797959+00:00,97,2230.95
AD5974,639,3158,850,2025-06-07 11:41:14+00:00,2025-06-07 15:05:50.490395+00:00,468,1412.34
AA3939,4891,2561,413,2026-05-29 09:33:18+00:00,2026-05-29 18:25:08.764121+00:00,76,689.38
G37089,1968,1473,4658,2026-03-18 16:53:57+00:00,2026-03-19 00:01:54.995759+00:00,139,723.68
AF5651,4990,2419,1299,2026-05-25 08:20:16+00:00,2026-05-25 20:41:18.074697+00:00,331,1570.24
DL545,3503,3333,664,2025-09-05 08:40:03+00:00,2025-09-05 16:58:19.010247+00:00,468,211.32
AA6595,119,4127,2115,2026-03-21 19:47:36+00:00,2026-03-22 06:14:51.256902+00:00,872,2329.65
AD6739,494,288,2627,2026-01-28 23:48:44+00:00,2026-01-29 02:28:07.096652+00:00,928,1026.76
G33080,2435,4351,3061,2026-02-19 10:30:11+00:00,2026-02-20 00:03:12.306514+00:00,446,1396.55
QR7523,2901,3607,1712,2025-08-26 20:41:56+00:00,2025-08-27 08:24:22.797811+00:00,844,1591.01
TP1882,2016,840,3980,2025-08-01 03:05:35+00:00,2025-08-01 06:56:31.274424+00:00,975,2135.81
AD1639,927,35,4127,2025-07-31 22:12:02+00:00,2025-08-01 11:06:16.852846+00:00,833,1555.83
QR310,2518,578,1078,2025-08-17 16:42:44+00:00,2025-08-18 00:57:16.879822+00:00,95,1032.5
DL3345,4374,4270,4397,2025-09-28 17:18:23+00:00,2025-09-29 03:36:37.577644+00:00,119,482.08
AD773,3354,4993,4198,2026-01-11 09:57:43+00:00,2026-01-11 11:47:19.149145+00:00,592,637.04
LH250,1804,4673,3482,2026-04-02 04:23:45+00:00,2026-04-02 07:30:30.222544+00:00,344,2401.78
EK7997,276,3098,1908,2025-11-25 20:39:29+00:00,2025-11-26 05:03:05.756919+00:00,362,394.76
EK7478,4081,3174,4550,2026-03-04 01:38:41+00:00,2026-03-04 12:56:48.934573+00:00,46,340.93
G34211,3582,4709,1589,2025-08-07 12:45:25+00:00,2025-08-08 02:27:13.651312+00:00,732,1815.13
G37957,2637,449,3745,2026-05-31 20:47:00+00:00,2026-06-01 01:27:12.662396+00:00,411,646.06
EK8651,3239,3620,4301,2025-11-25 07:09:47+00:00,2025-11-25 10:38:20.533279+00:00,283,989.11
EK8251,194,2994,2405,2026-05-11 07:02:55+00:00,2026-05-11 15:55:31.025256+00:00,624,592.96
IB1340,19,4951,1745,2026-01-11 04:24:15+00:00,2026-01-11 14:42:00.877071+00:00,35,741.01
BA6669,2802,1848,3498,2025-06-08 07:52:31+00:00,2025-06-08 21:29:40.416844+00:00,279,90.53
JJ501,4696,3520,3838,2025-12-18 15:34:11+00:00,2025-12-18 17:27:30.881876+00:00,428,1501.79
AF5752,2899,3102,2198,2026-03-31 18:20:10+00:00,2026-03-31 21:44:07.197033+00:00,437,1246.8
G37568,4645,1901,544,2026-03-08 19:51:26+00:00,2026-03-09 02:20:00.994399+00:00,602,1928.04
QR9561,3883,2796,4667,2025-09-08 10:04:41+00:00,2025-09-08 20:39:27.610412+00:00,704,1000.84
BA2536,736,3013,1128,2025-09-09 09:43:06+00:00,2025-09-09 11:14:27.889375+00:00,885,1409.49
LH2689,1521,3359,1425,2026-02-21 17:34:44+00:00,2026-02-21 18:40:00.904838+00:00,85,1258.03
SQ5042,2753,2985,3713,2026-04-05 13:25:26+00:00,2026-04-05 16:21:29.691250+00:00,588,1604.11
AF3486,1758,1174,2232,2025-12-09 09:09:09+00:00,2025-12-09 10:11:41.093569+00:00,908,608.04
DL8757,1134,2606,1944,2025-06-19 08:54:32+00:00,2025-06-19 19:58:18.287424+00:00,974,1982.82
AA2175,2317,2571,1945,2025-12-25 04:21:12+00:00,2025-12-25 08:59:05.506629+00:00,331,952.83
SQ7705,4267,942,1510,2025-06-06 18:07:48+00:00,2025-06-07 03:52:09.236060+00:00,650,1015.71
JJ1271,3536,896,3494,2026-06-01 04:48:13+00:00,2026-06-01 16:32:34.274320+00:00,410,687.84
DL132,2016,499,1731,2025-09-20 18:36:40+00:00,2025-09-21 08:16:14.011734+00:00,792,349.44
AF4904,2596,3004,2106,2026-04-07 09:53:34+00:00,2026-04-07 12:25:33.608893+00:00,320,1416.29
EK5068,2210,4439,4453,2025-08-13 08:50:05+00:00,2025-08-13 19:37:16.439527+00:00,961,2439.67
DL8945,4104,878,3648,2026-01-26 16:17:22+00:00,2026-01-27 04:26:44.743261+00:00,356,1263.7
SQ641,3952,4474,3903,2025-12-30 02:26:05+00:00,2025-12-30 09:50:43.966975+00:00,880,1510.68
QR999,4472,1167,4073,2025-10-29 22:12:09+00:00,2025-10-30 01:48:40.010636+00:00,275,779.51
JJ7825,80,136,4680,2026-06-01 10:37:33+00:00,2026-06-01 16:30:59.016925+00:00,559,1601.81
AD6474,3582,436,4667,2025-06-21 04:21:55+00:00,2025-06-21 14:46:35.538178+00:00,409,2181.97
AA6865,1721,1741,1614,2025-08-13 04:52:22+00:00,2025-08-13 12:26:44.142145+00:00,738,1446.6
JJ5990,2902,3011,2521,2025-06-16 17:04:13+00:00,2025-06-16 19:58:21.477640+00:00,851,1008.27
UA9607,3728,2236,4090,2026-04-24 09:55:11+00:00,2026-04-24 20:16:48.601779+00:00,713,1346.7
AA4002,4976,4337,4198,2025-09-07 09:09:04+00:00,2025-09-07 18:44:47.968787+00:00,485,523.74
IB6820,4058,4231,1193,2026-04-30 08:12:28+00:00,2026-04-30 21:38:22.260221+00:00,492,999.54
UA4449,1051,4814,1195,2025-09-12 03:55:40+00:00,2025-09-12 06:53:03.961562+00:00,366,1178.35
AA1628,2227,3756,1806,2026-03-23 15:46:12+00:00,2026-03-23 16:53:14.676009+00:00,409,958.85
LH3803,2472,1129,2481,2026-01-22 10:14:49+00:00,2026-01-22 19:23:53.493196+00:00,113,1650.88
BA7889,1817,3878,2276,2025-09-08 09:12:24+00:00,2025-09-08 22:38:39.485142+00:00,761,895.57
G37822,1743,3082,4553,2025-09-24 02:55:57+00:00,2025-09-24 11:01:46.617015+00:00,599,1998.26
AF7999,2735,4654,4017,2025-08-13 08:36:50+00:00,2025-08-13 20:10:08.427726+00:00,388,2119.75
AA1658,546,4562,22,2025-09-07 00:14:06+00:00,2025-09-07 06:25:20.275631+00:00,23,2295.13
AF4986,2104,853,2306,2026-03-15 03:36:56+00:00,2026-03-15 14:30:12.922556+00:00,719,2302.46
G38818,3350,4763,2008,2026-03-10 22:23:53+00:00,2026-03-11 06:56:52.686629+00:00,900,1376.26
G31941,2239,486,1215,2025-08-24 10:36:10+00:00,2025-08-24 23:34:01.600243+00:00,432,1746.41
EK7512,960,3447,3102,2025-06-20 08:06:05+00:00,2025-06-20 13:04:11.324145+00:00,773,1146.4
LH567,326,3308,262,2025-10-06 11:11:36+00:00,2025-10-06 16:38:31.568566+00:00,66,2249.47
AD3523,2772,4357,472,2026-03-20 13:02:05+00:00,2026-03-21 02:41:25.778738+00:00,596,1145.65
AF7902,2825,3442,3551,2025-10-30 10:16:47+00:00,2025-10-30 20:03:46.480241+00:00,350,1870.96
G3690,4931,3150,3877,2025-12-14 14:58:29+00:00,2025-12-15 01:34:11.657966+00:00,960,437.06
AA8374,506,1848,1151,2026-03-14 01:07:19+00:00,2026-03-14 10:19:08.883116+00:00,972,764.97
SQ6408,2317,2124,966,2025-07-27 23:16:12+00:00,2025-07-28 02:47:08.124375+00:00,654,593.28
QR7310,3282,3021,3684,2025-07-21 06:27:17+00:00,2025-07-21 17:26:49.053114+00:00,231,1285.26
IB1829,233,805,4521,2026-02-05 05:53:57+00:00,2026-02-05 09:41:09.598043+00:00,155,841.64
JJ7440,3106,2632,2075,2026-03-07 01:52:18+00:00,2026-03-07 06:19:37.426235+00:00,339,2351.46
IB5046,903,1733,1300,2025-07-21 11:08:37+00:00,2025-07-22 00:48:06.945167+00:00,548,2216.68
IB3483,3749,1419,159,2025-06-26 02:26:49+00:00,2025-06-26 10:48:01.637239+00:00,256,2154.3
LA5245,1544,2166,162,2026-05-16 15:28:00+00:00,2026-05-17 04:50:06.931778+00:00,359,2243.56
EK2485,4644,1323,3985,2026-04-14 19:38:17+00:00,2026-04-15 04:21:31.826901+00:00,409,936.58
AA4783,4018,1876,1446,2025-08-13 03:17:12+00:00,2025-08-13 13:49:05.322338+00:00,364,2299.37
TP431,146,961,3545,2025-08-22 10:46:29+00:00,2025-08-22 19:22:29.441443+00:00,787,2396.37
LH8396,1262,1688,4445,2025-06-28 20:17:01+00:00,2025-06-29 01:20:10.513478+00:00,139,517.36
JJ2288,79,4985,2218,2025-06-17 23:06:09+00:00,2025-06-18 02:00:41.964515+00:00,960,1296.2
AD9342,4331,270,4387,2026-04-08 18:19:47+00:00,2026-04-08 22:15:10.995602+00:00,450,1857.27
G39379,716,1464,2342,2025-09-02 14:15:29+00:00,2025-09-02 20:52:40.134521+00:00,204,2029.71
IB3646,2459,131,3135,2026-02-22 21:07:45+00:00,2026-02-22 23:08:46.577182+00:00,186,2056.44
G3720,5000,2982,2356,2026-05-21 12:28:49+00:00,2026-05-21 18:17:21.509122+00:00,147,1324.31
BA117,3382,4360,3720,2025-12-31 23:42:47+00:00,2026-01-01 12:05:10.844637+00:00,559,406.75
AA6292,4697,1083,489,2026-05-18 22:07:02+00:00,2026-05-19 11:00:28.412115+00:00,822,870.24
BA8975,121,4635,3515,2025-06-06 00:36:43+00:00,2025-06-06 01:43:26.424431+00:00,513,1892.15
DL2450,692,2131,3006,2025-12-14 21:01:07+00:00,2025-12-15 07:44:22.721639+00:00,813,623.1
AD1569,2174,3452,932,2026-02-10 03:30:32+00:00,2026-02-10 13:50:00.876050+00:00,191,85.03
AA5058,612,4299,2371,2026-05-31 17:55:58+00:00,2026-05-31 19:07:16.186531+00:00,204,2466.4
LA1823,1750,2977,3087,2025-10-31 18:33:16+00:00,2025-11-01 06:36:03.360060+00:00,799,242.96
EK5496,318,1424,2621,2026-01-23 17:12:58+00:00,2026-01-23 19:22:27.600534+00:00,197,757.29
QR2008,1154,4212,3027,2025-06-29 12:27:14+00:00,2025-06-29 21:03:32.086899+00:00,77,1700.35
DL364,4943,1444,553,2026-01-25 15:31:56+00:00,2026-01-25 23:07:42.943209+00:00,925,2453.77
DL8413,1309,4855,4904,2025-08-18 17:30:59+00:00,2025-08-18 18:33:19.775549+00:00,313,909.27
AF9967,570,3197,4286,2025-11-14 06:39:09+00:00,2025-11-14 09:33:33.152710+00:00,834,2305.87
AA3115,3789,3003,4971,2025-09-21 16:54:16+00:00,2025-09-21 20:56:21.465872+00:00,207,453.94
AA1598,2977,4885,3571,2026-01-16 11:54:21+00:00,2026-01-16 23:51:29.971195+00:00,387,965.97
TP5229,1124,425,2294,2025-07-20 12:41:41+00:00,2025-07-20 22:18:24.536892+00:00,472,602.85
AF6845,711,2982,4445,2025-08-30 22:44:08+00:00,2025-08-31 12:02:35.378714+00:00,589,192.21
TP6752,3027,2644,1033,2026-03-23 03:48:24+00:00,2026-03-23 17:06:20.014947+00:00,401,1229.58
BA4364,2365,4240,755,2025-08-17 03:01:42+00:00,2025-08-17 10:15:48.596154+00:00,280,1226.03
DL3767,3820,1812,3396,2026-03-21 03:04:57+00:00,2026-03-21 08:31:37.761495+00:00,802,357.68
AA9394,4734,4828,2458,2025-10-29 05:06:48+00:00,2025-10-29 09:29:59.240253+00:00,659,741.94
DL1391,856,1106,1094,2026-04-30 06:34:05+00:00,2026-04-30 20:09:28.499301+00:00,806,2104.4
TP7504,1456,709,514,2025-09-29 14:04:58+00:00,2025-09-29 20:11:56.955492+00:00,254,1504.91
EK4399,276,199,1551,2025-06-21 15:01:18+00:00,2025-06-21 23:37:20.250524+00:00,838,841.69
AF9426,1541,857,178,2026-05-25 21:45:49+00:00,2026-05-26 01:08:39.551641+00:00,944,388.43
AF467,2987,1942,1102,2026-02-25 16:59:38+00:00,2026-02-26 03:43:35.835187+00:00,553,816.01
QR1666,801,2610,2874,2025-07-23 18:27:39+00:00,2025-07-24 03:20:13.932753+00:00,503,2072.31
UA5661,3524,1540,4899,2025-08-05 06:37:35+00:00,2025-08-05 08:44:41.205153+00:00,389,651.23
AA7412,1381,1135,4751,2025-06-26 20:21:29+00:00,2025-06-27 07:04:41.848253+00:00,388,1480.35
AD9281,3032,2838,1551,2025-12-17 01:00:00+00:00,2025-12-17 05:54:04.292520+00:00,963,1226.06
QR9529,206,4917,1885,2025-08-03 05:12:56+00:00,2025-08-03 11:07:39.013190+00:00,547,632.11
LA9003,4973,2278,4731,2025-10-13 14:14:01+00:00,2025-10-13 20:17:38.292009+00:00,689,2272.52
AF5434,874,1562,3491,2025-12-08 11:26:44+00:00,2025-12-08 16:37:37.811433+00:00,297,2014.09
TP4014,4530,367,2649,2026-05-16 01:44:43+00:00,2026-05-16 06:25:56.360224+00:00,806,1896.02
TP9631,4520,3256,4130,2026-01-27 09:34:02+00:00,2026-01-27 13:46:10.764150+00:00,219,2009.08
EK3479,2876,4873,4577,2025-07-07 09:45:37+00:00,2025-07-07 14:58:43.714813+00:00,686,2353.03
LA415,1574,2768,2930,2025-06-20 14:06:13+00:00,2025-06-20 17:47:15.256064+00:00,199,125.24
TP9998,2155,1213,3976,2025-06-21 19:13:30+00:00,2025-06-22 08:31:51.460412+00:00,605,1100.29
EK7390,3235,2845,2650,2026-02-08 15:30:51+00:00,2026-02-08 17:28:58.742088+00:00,765,689.35
EK6187,1796,348,963,2025-08-05 13:07:05+00:00,2025-08-05 14:27:55.573951+00:00,276,597.99
JJ5971,2990,2525,1776,2025-11-13 07:41:24+00:00,2025-11-13 14:18:17.982588+00:00,622,2028.83
TP4350,3478,4169,4071,2025-08-10 01:46:46+00:00,2025-08-10 06:53:00.095897+00:00,146,496.48
DL3392,694,871,340,2026-03-11 19:57:14+00:00,2026-03-11 22:07:13.855561+00:00,284,1686.98
AF7912,1223,3026,2459,2025-09-02 13:39:16+00:00,2025-09-02 20:18:08.902261+00:00,407,2111.07
SQ7164,3600,2534,3765,2026-04-13 06:41:11+00:00,2026-04-13 18:06:25.578648+00:00,800,755.1
LH2369,4861,2893,3124,2026-04-29 00:24:26+00:00,2026-04-29 10:59:16.289590+00:00,974,1110.15
LA4475,3969,4806,365,2026-06-01 19:49:59+00:00,2026-06-01 23:32:54.458899+00:00,953,2067.14
TP7787,2529,4652,3681,2025-07-07 15:28:37+00:00,2025-07-07 23:40:33.683869+00:00,59,537.14
TP1242,3985,4608,497,2025-07-22 14:03:03+00:00,2025-07-23 00:15:07.381571+00:00,472,1378.66
DL4211,3269,2333,2329,2025-11-04 18:19:50+00:00,2025-11-05 05:27:53.667303+00:00,896,1990.53
LH2491,3233,650,1852,2025-12-11 23:16:26+00:00,2025-12-12 06:46:20.321409+00:00,312,2141.32
QR4809,329,3498,958,2026-04-05 09:27:59+00:00,2026-04-05 22:57:01.035709+00:00,283,2092.21
SQ4741,908,3428,87,2026-03-01 18:12:47+00:00,2026-03-01 23:37:39.931290+00:00,271,2445.44
AA7224,1774,967,2986,2026-05-04 20:42:22+00:00,2026-05-04 23:16:05.290596+00:00,756,1975.26
SQ7288,3236,3340,4995,2025-10-07 22:49:54+00:00,2025-10-08 05:57:28.137147+00:00,575,379.21
EK5881,2820,4407,4705,2026-02-06 10:57:39+00:00,2026-02-06 20:24:49.175640+00:00,916,523.03
AF6502,4060,5000,1261,2025-09-03 12:50:38+00:00,2025-09-03 14:54:14.919900+00:00,921,210.92
QR6927,4319,2454,2001,2025-11-07 06:45:43+00:00,2025-11-07 10:20:20.621348+00:00,354,2110.9
BA3254,783,3204,2191,2025-07-26 22:20:29+00:00,2025-07-27 11:41:28.809355+00:00,393,2149.21
QR7990,2525,4060,348,2025-10-01 00:26:19+00:00,2025-10-01 11:10:57.752687+00:00,616,827.34
EK5656,749,4403,1657,2025-12-26 04:14:35+00:00,2025-12-26 13:37:24.941553+00:00,104,844.77
LA7132,4660,1460,2460,2026-02-24 05:02:53+00:00,2026-02-24 16:01:57.312371+00:00,835,535.39
LH6903,2611,729,538,2025-11-21 04:12:30+00:00,2025-11-21 13:36:56.495433+00:00,810,723.73
UA3133,4266,2583,225,2025-12-15 02:28:11+00:00,2025-12-15 05:19:02.437783+00:00,932,1286.37
LH4200,1876,807,2886,2026-05-23 21:29:26+00:00,2026-05-24 02:07:21.055978+00:00,73,2271.75
LA5528,2520,4325,385,2025-09-15 04:55:34+00:00,2025-09-15 07:25:37.369816+00:00,275,2150.85
AA2400,2095,1792,4350,2025-12-17 15:29:27+00:00,2025-12-18 01:23:19.909219+00:00,932,1206.32
AD7381,704,1051,2464,2025-10-23 00:33:47+00:00,2025-10-23 01:45:28.942794+00:00,74,1185.98
UA9828,3416,662,1690,2025-11-04 04:38:55+00:00,2025-11-04 09:17:42.235363+00:00,952,2128.46
G34306,3163,4152,3515,2025-07-21 07:24:18+00:00,2025-07-21 08:27:16.864878+00:00,310,1438.62
UA4247,2302,2962,370,2025-08-04 04:05:13+00:00,2025-08-04 15:14:22.672218+00:00,615,803.27
IB3381,4404,519,489,2026-01-06 12:44:00+00:00,2026-01-06 18:05:15.293659+00:00,819,2121.19
UA6243,1317,3470,1037,2025-11-22 06:49:32+00:00,2025-11-22 10:07:47.579403+00:00,431,505.93
QR4402,3955,676,3076,2026-05-12 21:30:08+00:00,2026-05-13 06:32:57.872017+00:00,525,1698.71
EK9328,3720,3545,1652,2025-09-25 23:51:15+00:00,2025-09-26 01:30:12.578010+00:00,430,1097.45
AD2958,275,3917,293,2026-01-15 23:49:57+00:00,2026-01-16 06:00:10.392655+00:00,385,1216.38
TP8923,2641,4528,1958,2026-01-25 01:49:22+00:00,2026-01-25 03:49:42.617595+00:00,341,2187.92
AA4604,1075,1226,1960,2025-07-08 00:01:22+00:00,2025-07-08 13:35:59.108053+00:00,904,2040.94
LA9217,1392,2027,340,2025-12-03 05:03:32+00:00,2025-12-03 08:19:24.968067+00:00,616,2164.26
SQ3208,3852,4582,831,2026-05-04 13:54:39+00:00,2026-05-04 15:02:36.028369+00:00,326,61.58
EK7628,725,2425,35,2025-11-03 13:36:12+00:00,2025-11-03 17:11:39.549449+00:00,919,291.9
TP2122,3800,4371,3168,2026-05-12 11:18:50+00:00,2026-05-12 21:51:20.025590+00:00,110,936.85
DL630,4691,1101,3535,2025-06-20 04:31:28+00:00,2025-06-20 17:19:21.201896+00:00,25,2395.02
AD3970,4471,460,246,2025-11-19 15:37:31+00:00,2025-11-19 23:06:52.441197+00:00,351,1190.04
IB8693,765,100,1402,2025-11-17 22:52:08+00:00,2025-11-18 11:17:03.338409+00:00,184,2242.72
EK1835,3145,4486,4981,2025-08-16 05:35:31+00:00,2025-08-16 08:58:08.570991+00:00,846,599.95
AF5403,1707,4476,4182,2025-10-04 11:41:21+00:00,2025-10-04 19:38:30.162529+00:00,449,2079.06
JJ8216,1005,1297,1887,2026-04-03 00:24:44+00:00,2026-04-03 08:12:01.426645+00:00,768,993.6
DL2336,690,4531,1024,2025-10-19 09:24:37+00:00,2025-10-19 18:36:47.331827+00:00,94,325.14
QR4967,328,3472,3970,2025-09-11 20:26:19+00:00,2025-09-12 07:10:43.939577+00:00,338,2180.29
G31506,2254,4186,4102,2025-08-09 13:31:12+00:00,2025-08-10 02:45:09.947037+00:00,430,585.5
QR1417,559,2678,907,2025-06-13 03:36:02+00:00,2025-06-13 16:12:28.470738+00:00,904,1025.12
QR4754,7,3854,846,2026-03-27 17:42:08+00:00,2026-03-28 06:45:37.298914+00:00,256,2083.29
SQ6272,2320,2460,468,2025-07-12 11:00:12+00:00,2025-07-12 23:23:37.546973+00:00,452,2246.85
DL6975,4230,112,1402,2025-07-17 09:34:13+00:00,2025-07-17 21:37:02.032770+00:00,122,53.3
JJ9549,3097,556,2115,2025-12-04 01:24:17+00:00,2025-12-04 05:42:17.512408+00:00,536,1115.35
QR1098,1085,3370,3835,2026-04-17 14:49:17+00:00,2026-04-17 16:24:49.958581+00:00,167,966.92
DL8729,793,4391,1708,2026-02-16 13:26:05+00:00,2026-02-17 01:51:19.699676+00:00,835,761.97
G38122,1628,4792,1299,2025-08-21 22:13:16+00:00,2025-08-22 08:28:51.886136+00:00,13,854.74
LH6734,767,2919,4202,2026-01-01 05:43:21+00:00,2026-01-01 13:59:05.377650+00:00,249,517.47
DL3388,3443,1744,1213,2026-01-20 14:11:06+00:00,2026-01-20 16:35:20.414286+00:00,338,2238.75
TP2572,620,3993,1774,2026-01-25 07:59:49+00:00,2026-01-25 11:26:07.860792+00:00,125,921.69
AA8219,4582,1614,2123,2025-07-22 04:38:53+00:00,2025-07-22 18:32:47.316865+00:00,721,1752.98
G34211,1225,3626,3164,2025-07-08 16:02:45+00:00,2025-07-08 17:28:29.825387+00:00,720,132.47
AF8581,4214,2632,3606,2025-09-19 19:36:37+00:00,2025-09-19 22:34:46.400401+00:00,730,659.64
AF9100,3979,2404,2373,2025-11-11 08:23:20+00:00,2025-11-11 18:24:27.603717+00:00,960,905.04
UA7347,3870,674,4505,2026-05-05 09:07:29+00:00,2026-05-05 21:36:23.094061+00:00,465,1592.84
G38251,4366,2193,2425,2025-07-21 20:42:55+00:00,2025-07-21 23:40:50.506930+00:00,639,2111.55
QR820,2427,4493,3866,2025-07-07 01:37:27+00:00,2025-07-07 06:00:11.501345+00:00,468,336.46
IB9030,2187,1070,2538,2026-01-15 20:27:59+00:00,2026-01-16 08:07:03.989935+00:00,922,2134.03
G31619,1721,2830,1327,2025-07-21 08:29:43+00:00,2025-07-21 17:07:49.935265+00:00,335,2376.28
TP1356,3359,4193,32,2026-01-12 21:22:09+00:00,2026-01-13 06:27:24.738019+00:00,544,410.63
UA8476,2144,104,3680,2026-04-06 01:15:09+00:00,2026-04-06 06:06:22.608185+00:00,133,204.56
SQ5547,2837,1604,2555,2025-12-18 22:50:52+00:00,2025-12-19 02:44:21.986916+00:00,958,436.42
IB6656,2810,4683,4968,2025-08-21 03:58:56+00:00,2025-08-21 07:37:48.812994+00:00,333,995.25
SQ3258,3756,634,208,2026-01-11 12:26:43+00:00,2026-01-11 19:34:41.393535+00:00,421,476.25
DL1731,2798,2349,3388,2025-07-18 14:00:39+00:00,2025-07-18 23:08:18.976211+00:00,832,1490.05
QR4304,3574,2983,1254,2026-05-26 03:46:23+00:00,2026-05-26 08:36:12.671534+00:00,147,1295.01
AF162,2055,3912,2019,2026-05-07 09:41:21+00:00,2026-05-07 15:37:38.927382+00:00,591,826.66
QR5940,2183,1130,1232,2025-08-26 15:14:47+00:00,2025-08-26 20:16:59.919646+00:00,593,1227.99
TP5111,1551,449,3198,2025-09-25 17:07:35+00:00,2025-09-25 23:22:12.899418+00:00,620,1461.26
JJ2210,4987,925,4420,2025-08-07 12:12:04+00:00,2025-08-07 23:22:18.039410+00:00,8,2346.8
AF2988,3927,226,3022,2026-05-03 17:05:47+00:00,2026-05-04 01:45:56.311472+00:00,835,2198.96
SQ4624,3284,1721,598,2026-02-13 20:14:18+00:00,2026-02-14 07:13:26.222763+00:00,335,1878.3
UA248,4655,439,1925,2026-05-03 09:06:08+00:00,2026-05-03 21:11:09.856922+00:00,742,2282.36
AD9316,4105,3143,4950,2026-05-31 11:17:19+00:00,2026-05-31 16:47:35.997578+00:00,730,2347.52
UA8616,3730,3405,2804,2025-08-30 14:28:19+00:00,2025-08-31 01:01:45.340580+00:00,220,1230.89
DL501,4362,2098,3720,2025-07-19 03:00:03+00:00,2025-07-19 12:49:46.762958+00:00,228,2159.06
UA6570,3560,254,2110,2025-10-08 06:24:49+00:00,2025-10-08 16:56:30.050946+00:00,651,905.35
G39683,4844,2016,722,2025-08-24 23:08:12+00:00,2025-08-25 01:10:53.280905+00:00,168,1369.36
LA9276,728,1884,1140,2025-06-17 05:12:25+00:00,2025-06-17 07:32:25.744556+00:00,254,269.88
BA6288,4500,2905,1736,2025-11-17 04:39:40+00:00,2025-11-17 09:54:44.535544+00:00,547,1496.09
SQ4700,1124,4677,30,2025-07-12 17:48:49+00:00,2025-07-12 23:37:54.328674+00:00,96,2180.46
G37128,4866,996,2202,2025-06-04 05:46:49+00:00,2025-06-04 12:43:57.922317+00:00,27,1275.36
JJ5790,3829,2590,3024,2025-12-26 06:16:47+00:00,2025-12-26 16:55:29.238251+00:00,976,1543.69
BA8062,4026,211,3066,2025-09-15 10:16:12+00:00,2025-09-15 23:54:04.331826+00:00,640,2258.17
G3874,66,1289,2032,2026-02-02 03:50:07+00:00,2026-02-02 15:54:35.408945+00:00,860,616.61
TP6834,957,4979,3198,2026-03-19 20:06:40+00:00,2026-03-20 05:23:29.076618+00:00,32,731.65
G36397,3583,1858,2289,2025-08-20 06:26:28+00:00,2025-08-20 19:56:43.699365+00:00,500,861.4
DL3822,1737,2931,1736,2026-03-31 11:00:45+00:00,2026-03-31 20:18:39.052402+00:00,765,2447.45
QR8150,4508,1196,1823,2026-06-02 16:36:06+00:00,2026-06-03 05:32:09.815250+00:00,326,1102.91
EK8170,557,1322,3154,2026-04-22 15:14:44+00:00,2026-04-22 16:40:30.263502+00:00,620,386.47
DL3431,4381,2301,3883,2025-08-04 00:18:02+00:00,2025-08-04 03:35:20.268699+00:00,355,100.98
DL4753,4243,4865,4874,2025-09-06 07:15:32+00:00,2025-09-06 10:12:39.336287+00:00,16,1370.42
G36402,3640,3042,1652,2026-03-18 19:11:08+00:00,2026-03-19 03:58:03.589104+00:00,970,497.13
TP3961,3239,4843,1830,2026-04-29 07:48:14+00:00,2026-04-29 16:02:19.754255+00:00,526,172.02
JJ5235,3947,1937,2734,2026-02-14 21:31:45+00:00,2026-02-15 07:47:03.006891+00:00,747,1520.96
LA7920,2887,1759,674,2025-07-16 12:47:51+00:00,2025-07-16 16:45:03.175718+00:00,138,70.79
AA1653,2705,4117,1785,2026-04-13 08:50:43+00:00,2026-04-13 16:01:48.986402+00:00,918,1274.44
LA2620,101,4545,1116,2026-04-26 04:17:24+00:00,2026-04-26 11:40:48.015695+00:00,641,1428.82
TP9350,4100,4436,1920,2026-02-17 20:55:31+00:00,2026-02-18 07:51:01.690174+00:00,457,952.66
SQ2455,2936,3830,4012,2025-08-03 03:31:12+00:00,2025-08-03 07:38:40.094091+00:00,106,1756.59
SQ7563,2380,2750,3160,2025-06-23 07:05:15+00:00,2025-06-23 18:18:18.394331+00:00,413,1112.12
DL438,3918,4301,4951,2025-07-04 00:15:54+00:00,2025-07-04 02:26:24.964157+00:00,893,1970.75
TP957,1951,165,3158,2025-09-28 11:27:16+00:00,2025-09-28 22:03:16.660658+00:00,399,120.51
EK2033,1151,3516,720,2026-05-19 13:21:14+00:00,2026-05-20 01:41:24.000365+00:00,89,2301.63
AF4885,4052,3652,2534,2025-12-25 12:15:48+00:00,2025-12-25 21:15:18.080841+00:00,840,2285.01
BA4958,199,4871,2985,2025-12-01 11:41:14+00:00,2025-12-01 21:00:42.047575+00:00,326,286.67
TP4101,1335,1748,3,2026-03-27 21:45:47+00:00,2026-03-28 02:55:02.707026+00:00,322,207.49
QR5475,1607,2433,2570,2025-08-30 19:58:00+00:00,2025-08-30 21:03:08.289754+00:00,604,1288.37
AA4710,3221,4244,1281,2025-10-17 18:41:31+00:00,2025-10-18 02:28:55.865635+00:00,311,85.4
JJ2037,2691,570,2400,2025-09-24 03:20:17+00:00,2025-09-24 11:23:39.957715+00:00,747,1395.99
LH315,4824,521,2568,2025-09-20 23:51:12+00:00,2025-09-21 09:06:47.073628+00:00,858,2020.38
TP2130,4315,657,988,2026-04-20 11:10:28+00:00,2026-04-20 20:15:26.679733+00:00,256,180.32
QR7486,1191,1069,3825,2025-10-30 06:30:12+00:00,2025-10-30 18:22:16.564470+00:00,216,1836.32
SQ4103,3617,1980,963,2025-07-28 09:49:33+00:00,2025-07-28 20:09:05.622680+00:00,201,1966.16
DL9706,2610,1507,2319,2025-10-26 22:13:56+00:00,2025-10-27 08:36:37.186800+00:00,502,934.62
AA8320,440,1714,250,2026-01-28 15:13:17+00:00,2026-01-28 16:48:53.441149+00:00,288,350.49
EK7979,847,2308,3309,2025-11-24 20:20:29+00:00,2025-11-25 10:10:05.139045+00:00,6,1446.8
DL725,1974,385,996,2026-02-16 14:41:16+00:00,2026-02-17 02:56:53.149716+00:00,940,926.13
AD8117,2971,4472,2768,2025-09-20 04:18:52+00:00,2025-09-20 12:18:28.129281+00:00,955,203.1
G35127,2141,1565,4908,2026-05-10 01:37:07+00:00,2026-05-10 09:54:09.236142+00:00,439,1268.81
IB6939,325,1300,4022,2025-06-09 20:19:14+00:00,2025-06-09 22:07:11.279342+00:00,881,2469.79
BA6461,4660,1158,303,2025-07-20 04:44:19+00:00,2025-07-20 10:16:58.815335+00:00,236,1465.62
AD6021,3395,1432,2553,2026-02-27 01:42:23+00:00,2026-02-27 14:44:33.024191+00:00,191,1349.74
AF7604,3861,1284,3719,2025-10-03 17:59:25+00:00,2025-10-04 03:08:09.511418+00:00,460,2222.32
DL8827,2464,2923,3173,2025-07-13 07:04:47+00:00,2025-07-13 19:55:11.793688+00:00,419,2491.78
LA5192,2642,676,3669,2025-12-11 06:13:02+00:00,2025-12-11 14:24:05.951108+00:00,308,574.55
G36049,4936,3003,786,2026-02-04 17:38:02+00:00,2026-02-05 01:27:36.617064+00:00,115,1873.05
LH5268,51,3408,1072,2025-07-21 17:21:16+00:00,2025-07-22 06:01:54.300838+00:00,280,435.74
AA6067,2432,2930,4458,2025-09-26 08:55:13+00:00,2025-09-26 11:50:41.697623+00:00,601,1222.74
JJ6972,1236,4045,1104,2026-02-28 14:10:17+00:00,2026-02-28 17:47:39.861347+00:00,832,2451.43
LH274,1909,684,4684,2025-08-25 00:25:43+00:00,2025-08-25 02:33:31.297014+00:00,334,2052.29
JJ2357,1538,681,3567,2025-10-20 17:46:39+00:00,2025-10-21 00:51:43.964631+00:00,115,306.39
LA3795,320,4529,4473,2025-11-05 00:11:51+00:00,2025-11-05 04:34:22.717577+00:00,69,1399.88
BA7972,2467,3059,1374,2025-07-31 10:01:21+00:00,2025-07-31 18:37:52.688231+00:00,348,953.67
EK5815,4336,422,3828,2025-12-14 23:43:19+00:00,2025-12-15 07:45:39.400498+00:00,252,2162.96
LA9268,783,3184,1735,2025-08-05 20:05:44+00:00,2025-08-06 08:43:50.386609+00:00,41,2496.19
AF107,1550,3848,4891,2025-10-15 17:48:23+00:00,2025-10-16 07:29:37.275758+00:00,126,721.7
AA6105,3063,2495,4814,2026-05-03 23:04:32+00:00,2026-05-04 09:10:01.125939+00:00,38,265.18
UA7655,2045,606,1169,2025-06-29 05:22:58+00:00,2025-06-29 16:15:24.797270+00:00,545,1992.71
LH1789,363,2720,4986,2025-10-22 04:44:23+00:00,2025-10-22 14:50:23.002637+00:00,224,1837.37
DL7649,278,3482,1561,2026-04-18 10:20:12+00:00,2026-04-18 23:43:54.047857+00:00,251,1709.19
TP4325,3978,4973,3487,2025-09-17 16:41:07+00:00,2025-09-17 23:23:13.432121+00:00,671,1197.31
UA307,4407,1473,4802,2025-06-10 19:42:15+00:00,2025-06-11 02:04:02.401979+00:00,696,101.11
DL8618,4777,3488,3322,2026-01-06 20:40:18+00:00,2026-01-07 04:51:21.699810+00:00,562,110.19
UA1883,1759,4455,2510,2025-09-04 19:39:14+00:00,2025-09-05 01:19:28.226952+00:00,457,2375.58
LA7403,2955,2177,79,2025-10-14 04:04:12+00:00,2025-10-14 10:14:53.356558+00:00,575,2118.94
TP6809,1770,2336,950,2025-11-18 15:56:31+00:00,2025-11-19 01:46:48.361909+00:00,855,682.53
AD850,3872,4763,948,2025-08-26 06:13:28+00:00,2025-08-26 14:33:15.940320+00:00,424,1526.8
AF2986,2365,2242,704,2025-06-20 01:36:51+00:00,2025-06-20 06:45:30.491652+00:00,114,899.77
AF1218,876,2877,3253,2026-03-19 00:30:52+00:00,2026-03-19 09:28:12.172535+00:00,295,494.61
JJ8893,2367,2471,1866,2025-07-20 03:54:13+00:00,2025-07-20 15:00:07.579122+00:00,940,815.31
QR8752,3278,3071,4359,2025-09-21 13:34:20+00:00,2025-09-21 20:05:05.457707+00:00,209,581.11
IB2935,4403,1853,3690,2026-02-03 04:25:09+00:00,2026-02-03 07:28:32.553753+00:00,129,73.1
QR3371,4022,1284,1472,2026-02-07 00:54:43+00:00,2026-02-07 14:29:10.669004+00:00,70,2472.76
SQ8986,3649,2472,1206,2025-10-16 19:52:08+00:00,2025-10-17 02:36:18.630514+00:00,937,761.66
SQ1238,442,4227,4262,2025-07-12 23:18:39+00:00,2025-07-13 05:14:39.461374+00:00,599,65.47
BA9548,3042,3783,1794,2025-11-07 04:09:55+00:00,2025-11-07 16:38:29.382395+00:00,767,1288.61
JJ1444,591,2926,2204,2025-09-13 08:20:44+00:00,2025-09-13 11:04:38.939013+00:00,48,283.99
AF8290,2091,864,3390,2026-01-27 00:44:59+00:00,2026-01-27 11:13:31.699033+00:00,936,655.21
G38500,2341,1945,4624,2025-12-29 10:38:19+00:00,2025-12-30 00:25:40.069221+00:00,839,834.71
SQ9541,4328,4588,4699,2026-02-17 16:52:52+00:00,2026-02-18 06:30:17.446410+00:00,824,2204.13
IB5561,2039,2360,3702,2026-05-16 17:35:45+00:00,2026-05-17 04:14:52.721443+00:00,614,426.01
LA4246,1587,4126,3484,2026-05-07 04:57:06+00:00,2026-05-07 17:20:54.370504+00:00,158,810.75
AD6578,4351,2711,4369,2025-12-09 05:31:54+00:00,2025-12-09 13:05:47.770779+00:00,2,850.76
EK1509,986,1985,2909,2025-11-11 19:05:53+00:00,2025-11-12 00:22:58.691070+00:00,920,2086.44
AD7829,1216,931,1645,2025-11-26 19:08:15+00:00,2025-11-27 04:21:20.474925+00:00,549,493.52
UA1511,4341,670,1449,2025-09-14 16:26:33+00:00,2025-09-14 23:47:34.547218+00:00,205,2499.01
LH8895,2194,1962,2896,2025-11-17 18:08:03+00:00,2025-11-18 05:38:35.229263+00:00,188,2311.8
LH1775,814,2420,4377,2025-12-18 18:37:28+00:00,2025-12-19 00:11:23.425222+00:00,897,2435.5
G35016,1801,975,4042,2025-09-18 14:50:28+00:00,2025-09-19 02:07:50.271425+00:00,580,1203.99
TP8941,2610,2565,1449,2025-11-26 17:43:41+00:00,2025-11-27 04:45:47.784350+00:00,415,539.22
DL5421,2589,3178,1256,2026-05-20 22:36:55+00:00,2026-05-21 03:50:38.788217+00:00,799,1433.33
AF1754,2749,1904,4823,2026-02-11 21:32:23+00:00,2026-02-12 01:40:52.293387+00:00,639,2176.9
IB8712,4303,388,2390,2026-01-21 22:31:11+00:00,2026-01-22 03:20:30.475561+00:00,724,1222.58
UA5427,1171,4670,4900,2026-01-29 00:04:06+00:00,2026-01-29 03:01:37.482160+00:00,724,906.57
LA7856,1120,734,4362,2025-06-22 23:01:34+00:00,2025-06-23 07:35:44.480417+00:00,318,1116.85
AF5162,2499,4176,4643,2025-11-07 12:24:33+00:00,2025-11-07 23:15:53.491649+00:00,827,1251.75
DL9628,4372,3607,1521,2026-05-02 18:49:23+00:00,2026-05-02 20:17:32.560885+00:00,864,2180.92
LA1830,473,1045,1484,2026-03-29 18:17:41+00:00,2026-03-29 21:44:56.399049+00:00,166,1618.72
LH8962,2656,4894,3923,2026-04-22 23:52:57+00:00,2026-04-23 13:25:25.045305+00:00,445,329.7
UA7406,2343,1427,3499,2025-07-24 05:02:57+00:00,2025-07-24 08:00:34.721966+00:00,536,452.31
BA9611,1631,4437,4085,2025-10-26 09:08:39+00:00,2025-10-26 10:24:07.108914+00:00,713,329.64
BA1886,4907,3939,3778,2026-03-08 20:48:52+00:00,2026-03-09 05:14:55.639703+00:00,299,260.21
DL1073,3307,4662,2807,2026-04-02 00:44:48+00:00,2026-04-02 10:38:40.498008+00:00,471,904.15
G3483,4107,3577,1505,2025-07-01 07:30:22+00:00,2025-07-01 15:16:09.918182+00:00,473,121.4
G38076,3812,2927,3397,2025-09-24 09:36:01+00:00,2025-09-24 11:13:21.615527+00:00,600,314.86
JJ5141,3173,4010,1545,2025-10-21 22:52:51+00:00,2025-10-22 08:29:12.292998+00:00,832,369.46
EK9660,2447,4851,2581,2026-01-22 15:08:57+00:00,2026-01-23 00:41:29.703207+00:00,980,1528.24
BA4603,891,1546,4504,2025-08-26 15:24:34+00:00,2025-08-26 17:08:11.088422+00:00,660,2467.44
JJ3571,4069,4429,2539,2026-03-17 15:11:26+00:00,2026-03-17 20:05:37.311509+00:00,654,2006.42
AF9190,2556,3375,1323,2026-04-15 20:25:19+00:00,2026-04-16 03:31:34.251346+00:00,122,1418.28
IB7008,3122,3234,1280,2026-05-05 06:52:41+00:00,2026-05-05 16:42:27.996923+00:00,90,2015.92
AA3354,265,4389,3343,2025-06-14 03:09:27+00:00,2025-06-14 14:29:36.806677+00:00,24,2314.16
SQ2296,1653,2819,2162,2026-01-31 22:44:19+00:00,2026-02-01 02:39:33.250295+00:00,386,2454.54
LH9883,2810,2889,2041,2025-07-02 15:02:54+00:00,2025-07-02 22:20:42.710985+00:00,902,611.64
LA8066,52,1424,4812,2025-12-18 01:18:34+00:00,2025-12-18 08:13:18.603216+00:00,837,2246.57
G37128,4495,1512,1339,2026-06-02 01:47:14+00:00,2026-06-02 12:53:27.579170+00:00,681,2037.85
QR7472,2773,2062,1107,2026-05-10 23:42:15+00:00,2026-05-11 06:41:52.660615+00:00,395,605.83
QR6997,75,2608,2247,2025-09-21 05:02:28+00:00,2025-09-21 11:13:45.754130+00:00,261,2457.48
TP8112,1376,1592,1079,2026-06-02 06:12:40+00:00,2026-06-02 19:20:22.642755+00:00,262,1726.04
AA9657,1090,3007,3725,2026-04-30 21:17:34+00:00,2026-05-01 01:42:56.112865+00:00,8,379.9
AA4382,4332,3279,888,2026-02-21 13:33:19+00:00,2026-02-21 23:21:57.848721+00:00,102,940.25
EK7252,2897,303,1889,2026-05-31 08:22:55+00:00,2026-05-31 21:57:29.892422+00:00,264,1632.03
LH4614,262,1029,694,2025-12-27 22:13:54+00:00,2025-12-28 05:38:59.119689+00:00,45,1685.88
JJ4578,1923,3424,1496,2025-12-20 12:05:56+00:00,2025-12-20 21:23:36.408230+00:00,627,505.08
AF8135,3859,4772,4056,2025-08-04 09:16:41+00:00,2025-08-04 22:33:35.914077+00:00,741,1449.92
AD7705,4641,4796,1009,2025-09-11 04:41:15+00:00,2025-09-11 07:25:35.974087+00:00,597,1324.85
G35332,1815,1846,3228,2025-07-31 12:44:39+00:00,2025-07-31 19:15:51.115856+00:00,676,1911.91
LH9230,836,3752,4593,2025-06-28 21:09:46+00:00,2025-06-29 03:50:54.758121+00:00,818,883.9
QR1797,2575,329,172,2025-07-01 17:46:10+00:00,2025-07-02 01:41:10.377585+00:00,406,262.47
BA5947,525,4333,1035,2026-03-17 05:18:59+00:00,2026-03-17 10:33:50.975921+00:00,157,309.33
SQ9738,3336,3250,4828,2025-06-12 04:44:30+00:00,2025-06-12 15:42:24.393433+00:00,475,640.05
LH6130,3218,826,4990,2025-12-11 16:44:10+00:00,2025-12-11 21:24:00.461005+00:00,632,1258.79
LA9918,1336,3629,4037,2025-06-16 15:11:38+00:00,2025-06-16 19:19:18.993977+00:00,58,1814.93
G39164,2830,368,3744,2025-07-25 04:01:15+00:00,2025-07-25 14:50:56.977787+00:00,244,2215.67
AF9840,2107,2302,2846,2025-12-30 19:44:08+00:00,2025-12-31 04:08:56.633230+00:00,905,1808.64
EK3368,4180,3929,4404,2025-12-23 08:01:55+00:00,2025-12-23 14:35:18.267055+00:00,185,1957.24
LA448,3323,2804,3076,2025-09-02 17:45:42+00:00,2025-09-03 03:06:53.503801+00:00,689,2078.43
LA4455,3221,7,547,2025-11-11 22:53:44+00:00,2025-11-12 11:11:43.964371+00:00,393,564.09
G36250,3068,4871,4765,2025-07-20 23:41:17+00:00,2025-07-21 11:08:20.748829+00:00,16,873.49
DL2091,4115,2507,816,2026-03-13 05:09:52+00:00,2026-03-13 11:20:14.219638+00:00,305,264.46
LH9307,302,1793,1597,2026-01-15 05:12:38+00:00,2026-01-15 17:16:19.442424+00:00,91,710.83
LH6729,2189,504,2324,2025-10-04 19:03:50+00:00,2025-10-05 04:38:39.964644+00:00,575,483.46
LH5673,3704,249,1320,2025-11-01 06:58:55+00:00,2025-11-01 09:52:27.892026+00:00,506,1339.36
G39387,4105,308,983,2026-05-12 07:38:12+00:00,2026-05-12 14:40:33.033597+00:00,600,1020.99
EK8631,1241,2644,4116,2025-08-19 10:43:07+00:00,2025-08-19 17:53:33.330043+00:00,77,363.35
JJ3276,4771,3032,3963,2025-08-29 19:46:00+00:00,2025-08-30 02:30:30.050309+00:00,982,1762.7
LA5309,1016,331,4947,2026-02-28 14:46:01+00:00,2026-02-28 23:17:20.181907+00:00,810,2212.05
IB9678,104,319,4268,2025-10-27 06:18:47+00:00,2025-10-27 10:11:23.530797+00:00,720,669.83
AF7685,3381,2765,1828,2025-09-14 19:09:52+00:00,2025-09-15 08:14:30.519404+00:00,267,1212.18
LH1020,2661,4420,646,2025-10-08 08:54:39+00:00,2025-10-08 15:12:23.635876+00:00,342,579.93
JJ5066,4486,4318,1766,2026-05-31 01:37:37+00:00,2026-05-31 11:34:01.581735+00:00,224,1412.67
IB6840,475,241,2579,2026-02-03 16:41:38+00:00,2026-02-03 21:33:24.039131+00:00,835,2033.08
EK2172,4744,4992,4021,2025-09-13 08:29:59+00:00,2025-09-13 15:16:29.128980+00:00,779,1578.88
BA7770,733,732,1371,2026-01-30 08:00:36+00:00,2026-01-30 18:54:21.024335+00:00,399,1872.12
TP4707,1657,2471,3507,2026-04-03 10:58:09+00:00,2026-04-03 16:37:46.160705+00:00,536,674.32
JJ9714,1316,2799,3830,2026-06-02 13:15:38+00:00,2026-06-02 19:46:05.212932+00:00,754,1001.34
JJ8830,1859,129,3815,2025-10-03 21:31:24+00:00,2025-10-04 07:54:11.791534+00:00,927,457.8
EK6089,4888,3918,4074,2026-05-18 17:04:11+00:00,2026-05-18 23:55:37.273165+00:00,191,2003.02
JJ7208,321,2103,3494,2025-06-10 07:58:20+00:00,2025-06-10 21:28:06.440011+00:00,285,869.75
IB4492,3464,323,3427,2026-04-08 11:21:05+00:00,2026-04-08 21:46:32.193274+00:00,220,1851.17
DL5756,4560,3468,4257,2026-01-08 07:04:10+00:00,2026-01-08 19:18:20.341777+00:00,447,2220.94
G38308,1861,1765,4135,2025-07-25 16:26:26+00:00,2025-07-25 23:38:31.908904+00:00,662,88.01
DL705,4980,1739,4223,2025-09-23 16:44:37+00:00,2025-09-23 20:50:12.539448+00:00,827,1638.49
TP7887,1257,2170,2199,2025-08-21 21:48:00+00:00,2025-08-22 04:15:29.481527+00:00,397,1536.86
DL7472,1373,4266,4908,2025-07-12 17:01:51+00:00,2025-07-13 03:17:43.167255+00:00,637,1042.63
JJ8624,2602,176,2245,2025-09-30 22:15:08+00:00,2025-10-01 12:03:47.962568+00:00,571,1056.06
AD4989,1464,3132,3147,2026-03-31 19:04:00+00:00,2026-04-01 05:39:05.138669+00:00,65,526.95
AA5927,2857,2501,401,2026-03-19 15:02:59+00:00,2026-03-19 19:30:09.849113+00:00,268,914.27
EK599,4290,695,2554,2025-12-28 06:03:52+00:00,2025-12-28 16:50:39.440938+00:00,975,2216.27
SQ8923,1581,1965,3572,2025-07-04 14:24:52+00:00,2025-07-05 04:11:40.923051+00:00,972,2052.33
AF9246,3301,1028,1328,2026-01-02 12:18:01+00:00,2026-01-02 14:54:11.188672+00:00,915,668.57
JJ574,735,2045,2652,2025-11-19 11:18:51+00:00,2025-11-19 14:33:25.881229+00:00,987,681.95
EK5008,333,3506,1782,2025-09-11 21:42:15+00:00,2025-09-11 23:45:00.237259+00:00,907,1661.6
IB8770,4388,1173,3430,2025-10-10 11:20:26+00:00,2025-10-10 14:22:33.160474+00:00,37,907.08
QR211,1241,4956,1033,2026-02-01 16:56:42+00:00,2026-02-02 02:50:11.312375+00:00,331,1718.72
AA8895,953,1026,921,2026-02-07 04:05:43+00:00,2026-02-07 16:20:36.153165+00:00,971,167.13
TP3616,4039,417,2125,2026-02-22 06:53:14+00:00,2026-02-22 09:59:00.025056+00:00,972,888.24
EK6267,2724,864,4119,2025-07-06 19:13:00+00:00,2025-07-07 03:01:50.213184+00:00,835,2101.66
IB5893,616,3790,637,2026-02-15 20:36:33+00:00,2026-02-16 01:29:29.379290+00:00,580,1803.36
DL2717,4198,1753,2592,2025-11-03 17:17:14+00:00,2025-11-04 01:27:10.212069+00:00,80,1678.44
UA2014,1266,2133,1244,2025-08-14 17:06:03+00:00,2025-08-14 22:51:52.431039+00:00,275,729.95
JJ2255,4911,2383,3592,2025-10-26 15:54:41+00:00,2025-10-26 21:40:47.734707+00:00,799,2083.22
BA9069,732,1100,3471,2025-06-28 23:55:35+00:00,2025-06-29 07:19:27.476399+00:00,6,1319.24
AF2764,4854,182,2362,2025-06-14 16:35:09+00:00,2025-06-15 04:58:08.980486+00:00,653,2113.63
AA3660,1212,2018,65,2025-09-13 03:14:33+00:00,2025-09-13 08:42:31.520839+00:00,717,253.55
UA3251,3258,2956,3229,2025-06-28 01:16:03+00:00,2025-06-28 14:04:41.696475+00:00,477,882.57
BA7771,4222,1081,1746,2025-08-03 20:18:28+00:00,2025-08-04 10:05:25.588466+00:00,934,1322.41
SQ6305,2311,2769,3304,2025-07-30 18:05:08+00:00,2025-07-30 20:35:03.630884+00:00,52,1984.04
AF2904,726,650,3761,2025-12-01 23:15:31+00:00,2025-12-02 04:42:05.191964+00:00,181,1085.95
JJ1614,409,4879,2661,2025-12-04 07:30:25+00:00,2025-12-04 11:32:43.940160+00:00,288,1707.8
LA8635,4119,3949,2368,2025-10-01 10:26:47+00:00,2025-10-01 14:13:10.173869+00:00,683,265.73
TP2704,2356,698,655,2025-07-10 07:11:32+00:00,2025-07-10 19:34:48.770072+00:00,742,1932.15
BA4838,4970,1019,862,2025-09-28 23:44:06+00:00,2025-09-29 08:08:51.242061+00:00,184,1714.32
UA9503,2478,3624,2723,2026-04-21 10:34:32+00:00,2026-04-21 20:22:29.209533+00:00,136,108.36
IB1790,4444,2785,593,2025-09-21 02:17:54+00:00,2025-09-21 15:55:14.240126+00:00,301,210.85
JJ7154,2884,1349,323,2025-06-03 20:04:38+00:00,2025-06-03 23:53:25.527510+00:00,386,1934.82
JJ7160,4346,782,4166,2026-04-24 00:34:11+00:00,2026-04-24 02:45:18.788762+00:00,902,2112.41
BA4754,886,695,3653,2025-08-06 02:00:46+00:00,2025-08-06 05:00:42.087580+00:00,4,2338.41
SQ7197,2280,882,2960,2025-08-06 04:48:06+00:00,2025-08-06 09:41:16.534366+00:00,43,1937.96
JJ4627,3140,1486,721,2025-07-18 13:48:03+00:00,2025-07-18 19:41:13.318168+00:00,639,1329.28
EK5731,2200,918,1024,2026-04-28 09:30:18+00:00,2026-04-28 11:17:08.387918+00:00,808,56.26
G33398,2293,43,2149,2025-07-13 04:07:11+00:00,2025-07-13 10:51:22.918766+00:00,732,1920.54
AD1275,786,1534,1881,2026-02-22 11:55:12+00:00,2026-02-22 21:14:31.086342+00:00,658,2456.94
AD4766,129,2103,1565,2025-06-27 04:21:52+00:00,2025-06-27 08:08:59.792496+00:00,995,1221.17
JJ9184,2060,2643,1074,2026-05-11 10:17:07+00:00,2026-05-11 14:53:40.476008+00:00,775,209.67
LA7948,4474,2841,1620,2025-12-18 09:53:38+00:00,2025-12-18 19:44:40.208396+00:00,911,1887.31
TP1749,3068,460,183,2025-07-15 10:03:35+00:00,2025-07-15 21:50:27.871852+00:00,487,1500.47
QR3493,577,714,50,2025-07-19 08:15:22+00:00,2025-07-19 15:59:08.882135+00:00,719,1424.39
DL7217,2466,2209,1807,2025-07-20 01:14:58+00:00,2025-07-20 03:47:13.310823+00:00,659,342.5
JJ5781,791,1565,186,2026-01-16 07:14:34+00:00,2026-01-16 13:44:27.586485+00:00,464,1741.96
BA1579,4542,1133,1928,2025-07-25 09:38:59+00:00,2025-07-25 14:12:18.068725+00:00,667,1761.39
JJ8247,2081,823,3059,2026-02-25 12:22:58+00:00,2026-02-25 16:46:14.062793+00:00,118,1189.44
G31592,2310,3465,4722,2025-07-18 00:22:17+00:00,2025-07-18 06:45:07.706111+00:00,5,1150.6
UA5214,1725,3111,559,2025-10-22 00:20:53+00:00,2025-10-22 04:40:14.480719+00:00,235,2126.02
AD3304,741,1574,4739,2025-07-31 02:37:43+00:00,2025-07-31 05:22:09.487538+00:00,450,955.38
UA3028,293,946,3914,2025-06-15 19:23:20+00:00,2025-06-16 00:03:59.493899+00:00,471,165.57
LH7182,4739,4549,1206,2025-06-04 13:49:52+00:00,2025-06-04 14:57:16.597685+00:00,657,913.19
LA910,3708,2173,4882,2025-06-08 20:23:42+00:00,2025-06-09 02:56:13.035928+00:00,605,319.59
JJ6085,2509,1337,1236,2026-01-17 20:52:50+00:00,2026-01-17 22:08:23.580226+00:00,783,2295.46
LA5551,1123,2236,3299,2026-05-23 05:11:03+00:00,2026-05-23 09:50:20.053262+00:00,594,1114.07
AF1086,2692,1313,2996,2025-07-17 13:30:10+00:00,2025-07-17 23:08:19.326068+00:00,507,1122.11
AF9426,1064,1468,3420,2026-03-16 07:09:23+00:00,2026-03-16 18:21:15.542351+00:00,100,2028.37
AF369,1803,4661,2897,2026-01-08 16:25:06+00:00,2026-01-08 19:19:04.270491+00:00,628,882.58
LA4974,3689,4873,410,2025-11-18 12:05:17+00:00,2025-11-18 23:41:57.052651+00:00,702,985.96
JJ3331,3669,1183,61,2025-10-15 19:39:26+00:00,2025-10-16 00:30:01.457081+00:00,745,931.58
IB2992,346,564,3975,2026-03-25 15:56:47+00:00,2026-03-26 03:39:50.085057+00:00,771,628.17
EK613,3527,962,4399,2025-11-14 22:08:33+00:00,2025-11-15 01:40:28.036054+00:00,104,2200.08
G34853,2217,3641,4380,2026-03-06 09:05:24+00:00,2026-03-06 15:11:14.953756+00:00,397,1682.88
QR2050,4396,3866,5000,2025-12-18 19:58:53+00:00,2025-12-19 06:44:11.813487+00:00,773,94.5
AA8584,936,541,692,2025-10-05 19:55:49+00:00,2025-10-06 07:15:02.345410+00:00,891,664.66
DL292,3936,1013,1431,2025-09-13 05:39:21+00:00,2025-09-13 19:13:58.388503+00:00,535,384.6
IB6821,4122,4013,3034,2026-04-16 17:32:51+00:00,2026-04-17 03:30:01.784723+00:00,228,2155.32
SQ4003,4002,768,4088,2025-10-28 14:06:16+00:00,2025-10-28 17:12:22.108368+00:00,876,1027.39
UA4700,929,4270,1440,2026-03-14 23:09:03+00:00,2026-03-15 07:53:23.746435+00:00,811,1963.23
EK6941,641,917,359,2025-12-25 13:52:08+00:00,2025-12-25 18:07:26.442533+00:00,742,1651.47
SQ4970,3962,1577,124,2025-08-19 14:40:09+00:00,2025-08-19 21:57:14.951321+00:00,12,2217.96
AD5633,1936,3574,3419,2025-09-30 08:47:31+00:00,2025-09-30 16:32:08.770177+00:00,676,1497.04
TP7323,2975,1694,331,2025-09-18 13:40:55+00:00,2025-09-18 23:40:37.279866+00:00,224,932.3
UA7359,132,1101,2687,2026-05-04 01:27:33+00:00,2026-05-04 06:55:47.471596+00:00,611,657.58
EK4557,4505,1157,3133,2025-12-03 18:56:41+00:00,2025-12-03 20:04:12.547638+00:00,107,430.89
SQ3938,4129,545,2474,2025-12-19 21:17:35+00:00,2025-12-20 01:19:11.211529+00:00,251,223.11
BA2036,4032,732,353,2026-03-16 16:37:30+00:00,2026-03-16 21:52:42.700976+00:00,125,127.76
LA177,469,1695,322,2026-01-22 06:05:31+00:00,2026-01-22 17:55:12.730605+00:00,127,1288.04
AA2427,4342,3931,3127,2025-12-03 13:26:45+00:00,2025-12-03 18:43:21.372400+00:00,651,108.83
LA8804,901,820,1079,2025-07-20 11:17:38+00:00,2025-07-20 23:47:15.138490+00:00,594,120.49
DL935,2933,3856,3593,2025-08-12 15:34:10+00:00,2025-08-12 18:52:22.511975+00:00,25,958.72
IB8409,762,3030,2917,2026-05-13 00:09:51+00:00,2026-05-13 01:45:52.894492+00:00,678,2361.82
AD3707,2414,3170,1123,2025-12-06 15:47:21+00:00,2025-12-06 18:31:33.667639+00:00,437,2000.01
IB8790,2472,3319,3317,2026-05-04 15:21:14+00:00,2026-05-04 22:23:57.522876+00:00,599,1013.94
JJ4242,2891,574,2906,2025-11-21 09:28:27+00:00,2025-11-21 10:51:05.912285+00:00,506,356.51
AA9115,536,1658,3910,2026-02-07 16:05:00+00:00,2026-02-07 21:35:13.676361+00:00,184,84.49
IB3393,4216,4223,180,2025-11-04 13:38:29+00:00,2025-11-04 17:14:00.530965+00:00,652,610.48
IB3177,3853,1541,4285,2025-12-01 18:09:45+00:00,2025-12-01 20:11:29.032518+00:00,682,2239.36
QR4831,4276,1939,3623,2025-08-12 20:17:13+00:00,2025-08-13 05:04:12.525437+00:00,887,340.3
AA2770,1712,3283,1958,2025-12-05 15:00:38+00:00,2025-12-05 18:08:46.951976+00:00,518,1855.99
LA9286,1051,4241,3393,2025-06-28 14:59:05+00:00,2025-06-28 23:34:55.402539+00:00,449,225.44
QR665,111,3354,387,2026-03-05 06:05:36+00:00,2026-03-05 18:38:16.461004+00:00,258,1835.63
AA3424,4833,4193,3853,2025-06-15 11:59:19+00:00,2025-06-16 00:33:39.281606+00:00,117,1310.41
DL7693,1049,3853,149,2026-02-01 16:42:46+00:00,2026-02-02 04:18:14.966234+00:00,374,869.75
G35065,2,2066,4593,2025-11-15 13:47:01+00:00,2025-11-15 22:03:30.542032+00:00,41,298.2
JJ8982,4213,1423,4807,2025-11-25 00:04:38+00:00,2025-11-25 02:24:46.712485+00:00,38,483.14
LA4496,2474,4746,4105,2025-12-20 08:45:33+00:00,2025-12-20 11:23:27.186197+00:00,372,972.88
AF3075,1157,4315,936,2025-12-15 21:58:20+00:00,2025-12-16 04:47:09.329758+00:00,941,751.24
SQ441,4563,1863,2449,2025-10-14 00:50:19+00:00,2025-10-14 05:27:12.463901+00:00,769,633.66
EK1855,1289,2536,3400,2025-08-19 09:04:00+00:00,2025-08-19 10:56:45.251374+00:00,687,2129.72
UA6545,1859,4138,4666,2025-11-22 14:32:52+00:00,2025-11-22 21:45:35.394304+00:00,565,2467.26
G39805,1041,2673,4669,2025-11-11 02:11:50+00:00,2025-11-11 12:41:29.477061+00:00,530,183.56
LA502,2509,811,3548,2026-01-01 10:18:12+00:00,2026-01-01 13:57:55.248129+00:00,451,2301.77
BA3151,56,3351,2334,2025-08-15 12:59:12+00:00,2025-08-15 22:19:41.817443+00:00,255,865.18
LH4041,4140,2923,4744,2026-03-24 04:14:48+00:00,2026-03-24 16:30:01.316307+00:00,270,1371.11
EK2997,1123,250,1584,2025-11-05 13:50:09+00:00,2025-11-05 15:53:29.659635+00:00,116,944.61
SQ5326,1618,4707,4017,2026-03-31 14:44:12+00:00,2026-03-31 23:14:35.588832+00:00,729,541.43
AD3622,571,1190,2076,2025-07-02 07:30:53+00:00,2025-07-02 15:50:38.775377+00:00,17,1567.69
EK2676,4287,4697,4958,2025-11-01 10:15:21+00:00,2025-11-01 17:22:49.357162+00:00,951,1220.87
JJ4377,2953,849,107,2025-12-24 14:15:04+00:00,2025-12-24 21:46:50.443637+00:00,419,2439.3
JJ5016,3174,465,3305,2025-12-16 13:05:02+00:00,2025-12-17 02:27:51.941523+00:00,937,1032.96
SQ8761,4990,1682,759,2025-10-02 03:44:04+00:00,2025-10-02 11:43:59.633326+00:00,84,2124.14
QR2171,2150,3457,1472,2026-05-31 07:20:52+00:00,2026-05-31 08:26:25.576398+00:00,353,418.39
AD5017,931,2858,1667,2025-11-06 21:56:05+00:00,2025-11-07 02:26:24.044646+00:00,962,1566.29
UA6952,2222,4130,3258,2026-04-29 11:22:37+00:00,2026-04-29 16:54:57.366698+00:00,251,652.24
DL9835,3209,4609,266,2025-08-02 16:59:42+00:00,2025-08-02 18:16:18.666179+00:00,124,790.25
SQ6513,4221,4252,194,2025-08-13 15:08:44+00:00,2025-08-13 17:22:58.442729+00:00,280,1137.95
LH893,2503,984,190,2025-06-20 06:31:54+00:00,2025-06-20 18:32:53.633384+00:00,689,1871.68
TP7359,2177,1843,85,2025-12-04 01:57:10+00:00,2025-12-04 11:51:21.766566+00:00,799,1772.1
UA3742,3808,1452,3857,2026-02-07 06:04:17+00:00,2026-02-07 18:23:44.811683+00:00,109,1188.14
TP7508,4243,520,2853,2025-11-09 02:20:44+00:00,2025-11-09 04:40:31.821223+00:00,900,2058.16
LH529,2760,2335,1203,2026-01-18 11:22:10+00:00,2026-01-18 20:39:43.375388+00:00,332,295.38
DL5262,703,411,4512,2025-08-22 16:16:58+00:00,2025-08-22 21:03:43.628564+00:00,357,2041.48
QR2562,4612,4796,2705,2026-03-09 23:45:07+00:00,2026-03-10 06:06:30.921324+00:00,876,623.74
DL6376,2464,1829,755,2026-06-03 00:05:44+00:00,2026-06-03 01:58:43.475206+00:00,67,2128.86
AA6844,3641,2249,1178,2025-12-03 11:57:33+00:00,2025-12-03 16:44:47.261460+00:00,67,393.86
IB4151,3542,1171,1717,2025-11-30 07:09:41+00:00,2025-11-30 13:40:00.325468+00:00,181,140.8
BA2141,4348,726,3772,2025-09-12 07:03:48+00:00,2025-09-12 19:19:19.003542+00:00,51,1540.63
IB4152,597,4991,1761,2025-10-05 08:18:15+00:00,2025-10-05 13:39:27.449226+00:00,898,1015.76
DL2604,2063,4834,4043,2025-09-26 05:12:40+00:00,2025-09-26 12:10:07.278229+00:00,535,374.73
TP881,986,4309,4221,2026-03-20 15:17:16+00:00,2026-03-20 20:07:27.145039+00:00,478,1327.68
DL6280,1374,1268,107,2025-07-30 08:47:31+00:00,2025-07-30 11:12:13.908684+00:00,396,1411.39
TP8057,3779,866,679,2026-03-16 05:27:28+00:00,2026-03-16 18:40:23.667528+00:00,242,337.37
TP3320,2793,3648,4858,2025-06-13 21:58:50+00:00,2025-06-14 03:01:18.074999+00:00,38,526.58
AA7486,2696,4037,2968,2026-01-19 13:09:26+00:00,2026-01-19 19:49:48.275209+00:00,642,1459.72
SQ9168,1465,843,2304,2026-01-13 17:24:19+00:00,2026-01-13 22:13:15.789290+00:00,117,1116.27
EK3091,3360,867,1050,2026-05-04 04:36:23+00:00,2026-05-04 08:22:01.551353+00:00,552,1868.48
SQ6727,1246,4077,4553,2026-02-16 03:55:53+00:00,2026-02-16 13:50:47.776891+00:00,61,1107.12
TP1558,1517,2551,519,2026-05-20 18:45:29+00:00,2026-05-21 01:14:42.220449+00:00,169,130.56
LH1767,3562,3438,622,2025-12-04 17:51:03+00:00,2025-12-04 20:21:34.190102+00:00,210,163.53
BA6846,2676,17,4030,2025-08-11 07:44:00+00:00,2025-08-11 11:40:37.273510+00:00,573,651.62
TP3180,2417,4989,4585,2025-08-28 10:11:15+00:00,2025-08-28 23:12:12.428018+00:00,105,1678.74
LA4777,3891,3629,3038,2026-02-16 09:31:06+00:00,2026-02-16 13:18:43.892754+00:00,119,799.64
TP1965,252,982,3849,2025-11-11 18:27:04+00:00,2025-11-12 06:51:30.886529+00:00,828,1128.76
QR1722,3571,289,2234,2026-03-18 14:08:00+00:00,2026-03-19 00:22:50.169327+00:00,619,1998.58
AD4281,119,4962,4975,2026-05-21 22:48:11+00:00,2026-05-22 03:37:11.175167+00:00,97,1009.36
JJ1915,1107,3882,2066,2025-10-04 04:09:20+00:00,2025-10-04 18:06:28.421564+00:00,846,2261.42
AA517,4834,4525,3569,2025-12-15 03:10:52+00:00,2025-12-15 12:05:55.118440+00:00,267,375.94
AA3726,2386,670,3876,2025-11-26 05:27:39+00:00,2025-11-26 08:30:40.592382+00:00,481,1072.52
JJ5406,4464,2251,2853,2025-12-31 00:28:08+00:00,2025-12-31 07:31:44.294666+00:00,459,2494.76
LH5995,2851,1066,953,2025-09-18 15:23:35+00:00,2025-09-18 17:09:42.577170+00:00,677,1080.96
DL6655,4017,4419,4822,2025-11-05 14:52:35+00:00,2025-11-06 00:11:14.171083+00:00,136,1602.75
AF121,1589,2547,4893,2025-12-01 18:55:38+00:00,2025-12-02 01:05:56.551752+00:00,627,653.1
EK4672,3311,4736,3105,2025-12-27 13:52:24+00:00,2025-12-28 02:24:19.312691+00:00,666,802.3
G32744,4178,590,1043,2025-11-07 16:35:31+00:00,2025-11-08 04:59:01.378756+00:00,604,1500.77
QR9003,4221,3659,127,2026-03-10 08:07:13+00:00,2026-03-10 18:27:18.259648+00:00,470,70.52
QR4903,1701,1600,2409,2026-01-19 15:04:48+00:00,2026-01-19 22:53:41.359423+00:00,486,208.03
SQ5519,702,977,3182,2025-07-13 03:46:09+00:00,2025-07-13 12:48:47.662903+00:00,194,1843.63
LA9996,3297,3627,1968,2025-09-05 12:21:27+00:00,2025-09-05 16:07:33.448458+00:00,77,2036.16
BA9714,2761,2473,3878,2025-09-12 21:47:21+00:00,2025-09-13 02:36:46.179254+00:00,610,890.51
LA8461,945,4898,2111,2025-06-15 12:16:25+00:00,2025-06-15 16:54:18.116127+00:00,539,255.83
JJ413,919,4084,7,2025-12-30 21:49:04+00:00,2025-12-31 00:14:06.636187+00:00,188,2370.66
TP4796,1978,451,3901,2026-02-03 11:45:24+00:00,2026-02-03 16:07:49.984399+00:00,127,1754.68
G35492,3127,1271,676,2026-04-23 14:34:08+00:00,2026-04-24 01:58:42.576335+00:00,872,1319.27
AF5238,4882,4116,1858,2025-08-03 15:14:40+00:00,2025-08-04 00:06:18.463403+00:00,778,242.75
DL308,3409,4608,705,2025-07-29 20:51:12+00:00,2025-07-30 03:26:03.933388+00:00,9,2239.83
TP4725,1400,3757,3848,2025-09-29 13:56:31+00:00,2025-09-29 22:05:28.953823+00:00,110,1588.23
LA4865,2512,3300,3988,2025-07-10 23:47:32+00:00,2025-07-11 05:18:24.235251+00:00,268,162.4
AF5907,3945,4361,2143,2025-06-13 13:20:17+00:00,2025-06-14 00:57:36.251340+00:00,661,1614.35
TP5390,735,1373,3319,2026-01-12 14:47:10+00:00,2026-01-13 03:20:19.361248+00:00,928,990.6
SQ7310,2974,2287,229,2025-06-10 05:39:23+00:00,2025-06-10 09:44:17.632923+00:00,413,2033.7
BA8202,4198,3325,2899,2025-07-26 11:14:38+00:00,2025-07-26 14:26:15.703615+00:00,519,1652.19
LH3720,4139,2797,4885,2025-07-05 20:24:45+00:00,2025-07-06 04:35:22.833606+00:00,212,684.42
AF2877,1418,2931,2270,2025-07-03 16:10:32+00:00,2025-07-03 22:57:32.894870+00:00,67,443.54
LH501,4503,1235,3972,2025-09-01 15:03:06+00:00,2025-09-01 16:09:09.487974+00:00,47,151.21
QR2273,1612,3312,1262,2026-05-20 06:31:30+00:00,2026-05-20 19:39:41.301953+00:00,804,864.39
JJ6046,3802,309,1787,2025-11-18 21:16:54+00:00,2025-11-19 01:43:16.839794+00:00,590,2413.89
AA2532,2370,2451,4751,2026-05-07 04:01:55+00:00,2026-05-07 17:48:33.172173+00:00,133,436.55
LH2218,3580,4441,4152,2026-03-10 09:02:35+00:00,2026-03-10 20:02:13.049787+00:00,858,825.46
DL920,4685,227,4417,2026-04-20 10:13:54+00:00,2026-04-20 18:16:40.096782+00:00,167,883.87
JJ9163,3101,2564,4398,2026-03-25 05:43:27+00:00,2026-03-25 06:57:04.467381+00:00,870,2234.97
SQ4921,881,1554,4442,2026-02-21 09:58:33+00:00,2026-02-21 18:02:36.018541+00:00,948,545.7
JJ744,3688,649,3394,2025-06-17 19:45:59+00:00,2025-06-18 03:22:56.162415+00:00,370,1788.02
SQ3509,4935,4603,673,2025-06-25 23:03:26+00:00,2025-06-26 04:47:57.391674+00:00,799,108.86
LH8060,88,1921,274,2025-10-12 09:34:27+00:00,2025-10-12 17:08:43.166036+00:00,749,910.52
AD8060,4156,252,982,2026-03-03 13:43:53+00:00,2026-03-03 14:45:14.729661+00:00,69,1258.4
AA1257,1028,4691,3313,2025-11-26 02:59:10+00:00,2025-11-26 13:50:06.705093+00:00,51,1386.29
EK791,176,936,2412,2025-12-17 08:24:19+00:00,2025-12-17 21:10:32.343979+00:00,95,957.99
QR8493,2847,269,1472,2026-05-17 12:46:18+00:00,2026-05-17 23:17:39.347111+00:00,731,1164.35
G37418,1225,70,85,2025-12-21 06:26:34+00:00,2025-12-21 13:56:48.819720+00:00,161,2475.17
AF9837,3849,3722,1525,2025-09-02 09:54:02+00:00,2025-09-02 17:56:26.662779+00:00,884,2278.96
IB2017,3857,1921,2872,2026-03-09 00:38:31+00:00,2026-03-09 12:46:52.896066+00:00,482,713.16
BA1872,1097,1687,4005,2026-04-10 22:59:06+00:00,2026-04-11 03:56:59.686364+00:00,15,1704.51
TP3145,4912,1363,3881,2026-02-20 04:18:37+00:00,2026-02-20 07:45:43.973825+00:00,935,2435.69
QR5048,1987,2005,4838,2026-05-17 17:13:08+00:00,2026-05-17 23:19:41.287946+00:00,745,1723.27
AF6422,1329,4388,1605,2026-05-28 23:37:10+00:00,2026-05-29 01:33:17.994239+00:00,609,79.62
EK1750,2545,483,4475,2026-01-05 11:33:05+00:00,2026-01-05 22:02:51.921635+00:00,451,1309.56
JJ4551,1776,3095,136,2026-04-25 00:35:46+00:00,2026-04-25 06:16:13.169874+00:00,335,639.81
TP2844,4786,1320,2140,2025-10-25 19:53:05+00:00,2025-10-26 00:22:33.821448+00:00,327,1365.27
BA7969,2992,3802,2610,2025-06-18 02:24:36+00:00,2025-06-18 14:00:01.772441+00:00,370,645.99
BA122,4327,1854,1991,2025-08-01 17:58:33+00:00,2025-08-02 02:14:24.614922+00:00,897,1268.48
G34843,2258,3864,1617,2025-11-21 17:03:29+00:00,2025-11-21 19:36:55.409299+00:00,610,176.7
BA8138,140,1076,2450,2025-09-28 21:32:59+00:00,2025-09-29 02:16:09.625877+00:00,460,2451.63
EK7375,3001,433,4382,2026-02-14 23:50:29+00:00,2026-02-15 02:27:45.648201+00:00,617,1972.78
AF3677,4832,2439,1885,2026-04-15 07:03:08+00:00,2026-04-15 14:54:30.128071+00:00,682,2430.16
DL1291,2649,441,4540,2025-06-05 13:58:25+00:00,2025-06-05 16:10:20.272200+00:00,72,1057.8
LA8449,4645,2669,1067,2026-01-11 07:10:49+00:00,2026-01-11 10:41:31.932038+00:00,1000,1599.11
SQ8563,416,4293,3982,2026-02-23 01:16:31+00:00,2026-02-23 07:03:44.792676+00:00,161,225.83
SQ783,4639,393,4941,2025-09-27 18:13:34+00:00,2025-09-28 02:41:17.248815+00:00,772,642.5
JJ5141,2176,1101,1088,2025-06-08 03:53:20+00:00,2025-06-08 10:03:24.027693+00:00,12,2275.91
LA9759,1688,455,3145,2025-12-30 12:58:21+00:00,2025-12-30 17:55:22.031897+00:00,928,1082.74
UA2176,4531,1667,1137,2025-12-09 20:54:17+00:00,2025-12-10 09:28:24.823082+00:00,3,1553.83
AD3277,2350,4901,4448,2025-08-02 10:53:02+00:00,2025-08-02 18:18:05.334932+00:00,859,1662.86
DL2876,4080,3947,3818,2025-06-26 02:02:15+00:00,2025-06-26 09:17:23.272675+00:00,395,1201.36
DL8546,4271,2439,1373,2025-10-01 12:25:28+00:00,2025-10-01 16:50:18.131734+00:00,510,340.56
LA3719,4132,4531,3783,2025-12-10 20:40:18+00:00,2025-12-11 01:23:59.267987+00:00,558,2167.51
AD4618,2521,2155,1219,2026-03-21 21:49:33+00:00,2026-03-22 11:07:50.544032+00:00,35,1662.67
AA6012,4253,582,1877,2026-04-25 18:17:33+00:00,2026-04-25 22:10:54.889174+00:00,568,1275.53
BA269,3624,4897,4630,2025-10-31 23:42:40+00:00,2025-11-01 04:10:39.134130+00:00,846,2480.22
LH7585,3945,1906,1934,2026-03-08 22:59:58+00:00,2026-03-09 05:36:38.620119+00:00,273,1767.47
LH2951,2834,3716,3483,2026-02-05 01:29:28+00:00,2026-02-05 08:32:12.447332+00:00,123,187.98
IB9105,367,3670,753,2025-10-21 14:16:58+00:00,2025-10-22 01:53:07.147718+00:00,658,1714.49
UA7175,247,2580,1352,2026-04-10 05:32:38+00:00,2026-04-10 18:07:03.360542+00:00,651,2144.37
AA8404,606,1440,2116,2026-05-06 02:07:00+00:00,2026-05-06 08:17:04.693248+00:00,906,1775.01
EK2986,973,3521,2858,2026-01-12 03:26:43+00:00,2026-01-12 15:23:46.152903+00:00,180,2326.61
IB7226,2747,4122,977,2025-06-10 10:01:37+00:00,2025-06-10 23:10:12.441286+00:00,669,1126.25
EK2507,4571,1205,2071,2026-01-06 00:58:02+00:00,2026-01-06 12:31:16.727149+00:00,445,1473.68
TP3174,2607,966,3139,2026-01-07 12:43:34+00:00,2026-01-08 02:18:44.361812+00:00,383,1845.08
SQ9234,1849,1354,3184,2026-03-20 08:13:05+00:00,2026-03-20 19:44:51.117094+00:00,250,1143.06
G34065,3382,3747,1137,2026-04-29 21:48:03+00:00,2026-04-30 11:12:07.924326+00:00,361,602.38
TP1114,3497,507,4614,2026-01-04 12:40:22+00:00,2026-01-04 20:38:17.803616+00:00,379,2038.25
AA6159,3336,1274,3430,2025-08-11 19:56:14+00:00,2025-08-12 09:50:02.553581+00:00,43,2348.31
EK2663,3492,527,2814,2025-10-17 15:59:13+00:00,2025-10-17 21:59:28.610787+00:00,347,329.71
AF5282,1323,4097,4716,2025-06-24 15:48:34+00:00,2025-06-24 17:03:24.807100+00:00,768,560.69
SQ5327,2622,4549,4964,2025-11-18 11:06:22+00:00,2025-11-18 13:29:06.425872+00:00,36,667.91
AF7105,1219,1411,4576,2025-11-08 01:38:38+00:00,2025-11-08 14:37:58.644611+00:00,12,1263.56
AD1144,889,3525,108,2025-06-21 03:50:29+00:00,2025-06-21 12:18:22.788001+00:00,954,587.91
JJ7966,813,2103,2962,2026-03-29 14:00:59+00:00,2026-03-29 17:52:12.993907+00:00,387,142.41
AF558,3458,2337,18,2026-05-28 10:42:22+00:00,2026-05-28 19:25:26.503463+00:00,853,1606.66
AF8262,2626,4627,2847,2026-01-22 12:37:49+00:00,2026-01-23 00:25:05.812777+00:00,392,676.63
AD8512,223,3443,3246,2025-11-16 18:04:57+00:00,2025-11-17 00:28:47.720468+00:00,805,81.21
AF6792,2860,2485,50,2025-09-21 02:04:28+00:00,2025-09-21 14:52:06.231118+00:00,255,1372.13
IB1503,3211,4342,518,2025-11-06 19:26:16+00:00,2025-11-07 06:50:53.166829+00:00,144,1413.53
UA4030,1101,4455,3683,2026-04-28 15:16:39+00:00,2026-04-29 04:18:48.486379+00:00,177,1487.77
SQ6534,4205,3777,3611,2025-12-14 05:01:11+00:00,2025-12-14 18:10:36.509592+00:00,834,677.74
IB2583,3439,4871,983,2025-12-30 21:23:51+00:00,2025-12-31 10:37:57.585466+00:00,773,178.18
DL1391,3842,1531,4731,2026-05-08 01:56:43+00:00,2026-05-08 05:38:24.553382+00:00,770,287.86
DL5184,940,873,711,2026-02-26 18:46:19+00:00,2026-02-26 22:05:44.836018+00:00,541,274.78
LH4035,4147,2156,2280,2025-08-01 02:36:02+00:00,2025-08-01 16:06:14.736882+00:00,303,1358.46
DL3645,1796,1850,1365,2025-11-05 03:09:56+00:00,2025-11-05 12:27:06.246485+00:00,75,946.92
DL4749,2192,2396,308,2025-12-17 07:28:38+00:00,2025-12-17 15:54:04.652934+00:00,523,1784.05
AA4828,161,3567,696,2025-06-27 00:31:47+00:00,2025-06-27 05:02:32.958403+00:00,989,832.28
IB4535,3587,4743,3960,2025-08-21 13:53:38+00:00,2025-08-21 20:38:20.631326+00:00,519,483.04
G31271,8,1168,131,2026-03-01 19:47:19+00:00,2026-03-01 22:24:55.178200+00:00,690,457.17
AD7596,330,2379,2482,2026-05-03 12:09:58+00:00,2026-05-03 18:45:49.771902+00:00,435,1093.32
SQ9046,3169,3633,2064,2025-12-12 06:44:07+00:00,2025-12-12 08:44:02.966290+00:00,375,720.4
LH4447,4110,296,1707,2026-03-24 05:38:34+00:00,2026-03-24 15:03:49.639329+00:00,165,925.8
BA7410,1520,2649,821,2026-03-15 03:05:00+00:00,2026-03-15 05:55:56.858574+00:00,483,1710.8
SQ6676,4376,1782,1096,2026-04-29 21:31:25+00:00,2026-04-30 09:24:13.275184+00:00,383,1807.45
JJ3402,2190,1664,3308,2026-01-18 14:07:15+00:00,2026-01-18 18:52:18.525763+00:00,342,1029.86
AF2720,85,3147,891,2025-09-19 01:41:47+00:00,2025-09-19 03:00:21.975504+00:00,583,1728.88
AA8424,3948,192,4090,2026-04-30 09:58:22+00:00,2026-04-30 15:51:52.668686+00:00,844,184.08
LH2959,2574,1138,3311,2026-04-14 10:12:29+00:00,2026-04-14 12:12:48.264702+00:00,387,2460.9
EK1407,2482,225,3596,2026-05-24 10:03:45+00:00,2026-05-24 11:43:20.052520+00:00,827,908.71
QR221,3689,3951,4597,2025-07-12 18:37:36+00:00,2025-07-12 23:37:45.458343+00:00,303,1802.42
LH6021,4295,202,3363,2026-04-15 04:03:26+00:00,2026-04-15 14:45:06.212844+00:00,842,1215.06
JJ4889,306,1665,3324,2026-05-14 07:47:57+00:00,2026-05-14 17:47:47.970473+00:00,803,1459.7
AA8589,4140,4715,1007,2025-11-22 21:36:37+00:00,2025-11-23 06:39:31.975861+00:00,225,1798.7
AD4226,3852,4492,1633,2026-05-14 23:28:47+00:00,2026-05-15 08:27:05.418711+00:00,218,1169.28
IB2255,3124,4587,1526,2026-03-25 19:57:24+00:00,2026-03-26 05:42:23.148893+00:00,432,879.54
SQ7822,3761,3170,3941,2025-09-11 20:10:24+00:00,2025-09-12 05:51:01.647933+00:00,620,448.2
AF5738,1217,210,1168,2026-04-19 07:56:25+00:00,2026-04-19 11:45:16.827528+00:00,340,1411.61
AA5050,838,1551,4639,2025-10-09 11:48:55+00:00,2025-10-09 20:59:58.700263+00:00,53,1138.71
SQ5274,3859,2188,84,2025-10-22 21:57:23+00:00,2025-10-22 23:53:11.487699+00:00,42,1528.91
SQ8584,3785,55,623,2025-08-24 22:17:52+00:00,2025-08-25 09:14:38.866354+00:00,552,2302.99
AF8214,3742,2784,405,2026-01-08 19:38:42+00:00,2026-01-09 06:46:34.655035+00:00,550,472.38
LH1509,1917,1152,4953,2025-08-21 13:15:29+00:00,2025-08-21 16:24:14.845982+00:00,51,474.9
AA9041,3600,1927,1704,2026-02-26 01:03:32+00:00,2026-02-26 02:08:46.867209+00:00,454,1270.69
AA1152,518,4147,3964,2025-09-08 11:46:05+00:00,2025-09-08 21:01:13.433657+00:00,144,560.61
SQ7282,3116,2267,3790,2025-10-23 08:14:34+00:00,2025-10-23 21:15:03.240963+00:00,964,1118.6
SQ3081,2855,3220,1778,2025-12-14 14:31:19+00:00,2025-12-14 23:02:09.361300+00:00,866,668.62
AD8496,2097,3345,4474,2026-01-13 12:20:19+00:00,2026-01-13 15:59:53.929534+00:00,82,918.32
SQ2426,4377,646,3953,2025-07-09 11:54:55+00:00,2025-07-09 16:21:46.450259+00:00,256,1286.21
AF4256,718,1288,3982,2025-09-21 00:41:49+00:00,2025-09-21 09:12:45.716247+00:00,799,677.48
DL6417,4652,2025,242,2025-08-31 13:28:49+00:00,2025-08-31 21:54:23.410793+00:00,206,1445.32
JJ1352,2869,2569,1401,2025-08-26 13:27:33+00:00,2025-08-26 18:35:27.990190+00:00,77,1304.94
BA6241,3465,448,1046,2026-04-13 18:47:37+00:00,2026-04-14 01:21:15.079972+00:00,976,2328.98
LH4413,3438,4321,1551,2025-12-01 13:29:19+00:00,2025-12-01 14:56:21.290448+00:00,311,251.4
SQ439,3335,4112,4974,2025-09-19 01:20:07+00:00,2025-09-19 12:41:02.075499+00:00,526,1920.94
AD4453,373,1287,2313,2025-06-29 13:48:27+00:00,2025-06-29 16:58:00.397684+00:00,247,1347.19
DL7634,437,3265,780,2026-05-10 09:24:01+00:00,2026-05-10 17:55:56.028711+00:00,23,326.28
AF5349,4413,125,3473,2026-04-28 19:05:41+00:00,2026-04-29 00:09:11.796163+00:00,769,1049.0
IB6585,1371,803,1527,2025-10-24 04:59:29+00:00,2025-10-24 12:22:58.766251+00:00,511,1606.32
BA8214,3257,2326,1870,2026-02-07 21:37:19+00:00,2026-02-08 09:57:20.467668+00:00,172,637.11
SQ3981,773,2319,3680,2025-11-23 12:20:07+00:00,2025-11-23 14:14:28.313324+00:00,245,1881.84
IB6063,1367,4344,2020,2025-07-31 23:44:43+00:00,2025-08-01 02:41:27.021442+00:00,28,1537.54
EK2445,3081,4166,3441,2025-12-26 02:51:34+00:00,2025-12-26 05:41:27.701556+00:00,873,1224.93
UA9811,3102,3097,3697,2025-07-14 22:07:27+00:00,2025-07-14 23:37:03.136516+00:00,533,2440.45
UA6466,2908,4015,4229,2025-08-10 12:11:28+00:00,2025-08-10 13:34:44.005906+00:00,950,272.95
JJ8958,2919,4075,1720,2025-07-28 05:40:00+00:00,2025-07-28 09:02:16.454438+00:00,599,1302.11
TP2639,4832,1716,3315,2025-11-09 08:19:39+00:00,2025-11-09 16:22:18.821143+00:00,917,1558.45
BA4915,191,4680,1649,2025-09-13 11:59:08+00:00,2025-09-13 16:46:22.895796+00:00,775,345.79
BA2746,2872,1343,3772,2025-11-29 08:44:49+00:00,2025-11-29 09:56:37.343259+00:00,308,2418.2
TP7249,2211,429,1424,2025-12-23 03:42:25+00:00,2025-12-23 06:07:37.682145+00:00,489,1203.02
UA7646,2013,2683,2376,2025-11-22 12:18:31+00:00,2025-11-22 14:29:02.975521+00:00,615,1491.73
AD1868,464,2581,4133,2025-09-30 22:26:34+00:00,2025-10-01 01:22:19.497190+00:00,903,1055.04
AD2196,2569,100,3878,2026-05-03 16:36:39+00:00,2026-05-04 00:47:20.072767+00:00,389,2348.28
IB4008,312,1191,1367,2025-12-25 06:21:25+00:00,2025-12-25 08:52:28.159378+00:00,925,1863.42
UA5723,1544,3015,2363,2026-05-19 20:31:45+00:00,2026-05-19 23:00:54.483320+00:00,761,138.68
G31875,690,3320,3042,2025-11-20 13:43:26+00:00,2025-11-20 21:24:41.837014+00:00,22,544.73
BA8808,4413,1765,4271,2025-10-27 15:13:06+00:00,2025-10-27 18:27:18.867761+00:00,944,459.98
UA3414,1982,1639,3610,2025-08-16 11:05:51+00:00,2025-08-16 14:55:13.383821+00:00,91,521.54
DL2256,1972,1384,590,2026-05-05 08:57:16+00:00,2026-05-05 17:39:46.244155+00:00,404,1627.74
BA8418,895,2195,2582,2025-07-30 10:21:03+00:00,2025-07-30 12:01:23.286700+00:00,886,94.15
QR4664,3514,3788,583,2026-05-12 05:51:58+00:00,2026-05-12 15:35:25.828622+00:00,943,2480.2
G36405,1466,3728,2921,2026-03-27 09:53:54+00:00,2026-03-27 12:16:11.517578+00:00,458,1722.31
LH3586,2505,4533,2618,2026-03-21 10:41:25+00:00,2026-03-21 13:19:20.770989+00:00,540,1386.05
AF4685,2811,2980,4720,2026-01-26 00:49:50+00:00,2026-01-26 14:20:15.541056+00:00,750,2387.17
G32469,241,1702,4385,2025-09-12 13:08:16+00:00,2025-09-13 00:40:58.252591+00:00,331,2124.8
IB8462,3202,4223,119,2026-04-02 13:42:32+00:00,2026-04-03 01:22:07.258366+00:00,306,191.02
BA6430,734,1143,374,2025-07-30 11:08:53+00:00,2025-07-30 12:18:34.583776+00:00,37,1422.47
LA259,2335,4313,548,2026-04-27 11:24:41+00:00,2026-04-27 17:59:19.671080+00:00,345,1332.72
SQ5083,2804,409,2081,2026-03-15 06:58:47+00:00,2026-03-15 17:10:18.634824+00:00,551,463.69
QR6166,1306,1197,2696,2026-04-23 08:07:14+00:00,2026-04-23 13:45:22.788496+00:00,289,806.28
JJ8427,2483,3595,2723,2025-09-18 19:34:07+00:00,2025-09-19 06:08:59.357612+00:00,511,1347.46
IB3749,1880,1463,814,2025-12-10 10:30:57+00:00,2025-12-10 17:59:11.279113+00:00,618,395.95
IB9304,1009,1409,2259,2026-06-01 15:02:24+00:00,2026-06-01 18:27:18.150284+00:00,630,307.44
EK566,237,3397,503,2025-09-29 05:37:48+00:00,2025-09-29 10:35:42.281540+00:00,886,707.8
DL9264,2838,3125,1890,2026-04-09 17:01:33+00:00,2026-04-09 22:03:18.417767+00:00,68,1988.63
LA5058,4557,708,2579,2026-04-04 19:08:36+00:00,2026-04-05 07:58:26.899651+00:00,931,1790.62
DL5339,1908,1783,4050,2026-01-28 00:40:41+00:00,2026-01-28 09:53:45.039506+00:00,309,807.74
TP9963,4142,1650,3121,2025-09-05 01:03:24+00:00,2025-09-05 12:25:29.060742+00:00,793,177.41
AA7723,4877,1712,3788,2026-03-07 02:20:35+00:00,2026-03-07 06:13:30.730240+00:00,507,1278.29
UA7291,3606,620,3325,2025-12-28 20:58:08+00:00,2025-12-29 07:24:54.555437+00:00,649,613.14
AA9769,2449,740,1015,2026-01-07 16:33:04+00:00,2026-01-07 20:26:16.722777+00:00,528,1180.19
EK6931,1967,4668,2261,2025-08-02 22:32:14+00:00,2025-08-03 05:19:10.886709+00:00,651,2326.94
G32591,4360,3015,3202,2025-11-29 09:58:43+00:00,2025-11-29 17:45:34.307977+00:00,785,296.64
EK4175,814,1712,4089,2026-01-13 06:26:59+00:00,2026-01-13 10:42:27.443702+00:00,574,2083.41
UA647,1729,3107,1268,2025-11-16 18:05:33+00:00,2025-11-16 22:31:09.398607+00:00,35,1976.18
JJ9945,4324,92,4708,2025-08-17 10:15:21+00:00,2025-08-17 17:11:29.051416+00:00,232,2083.7
DL1824,1451,1764,3380,2025-06-29 10:30:26+00:00,2025-06-29 20:34:46.196388+00:00,390,962.0
EK5259,1050,3103,2939,2025-06-04 01:34:18+00:00,2025-06-04 14:09:37.991307+00:00,57,489.5
IB4167,2908,3200,4789,2025-07-16 11:53:07+00:00,2025-07-16 16:15:41.762462+00:00,408,689.73
LH2234,3476,3407,3890,2025-08-03 23:20:20+00:00,2025-08-04 03:33:04.482213+00:00,754,1681.72
EK6113,1259,3319,1157,2025-08-29 22:27:48+00:00,2025-08-30 03:08:15.127199+00:00,169,2292.84
G32782,3041,4018,366,2025-09-22 21:07:16+00:00,2025-09-23 05:23:28.430860+00:00,989,2350.31
AF3263,3264,2631,4416,2025-08-24 21:37:21+00:00,2025-08-25 08:42:03.956635+00:00,104,1921.78
EK7541,1660,4960,1101,2026-03-27 02:48:27+00:00,2026-03-27 08:56:26.700836+00:00,237,1697.36
UA935,4423,4889,4696,2025-10-23 22:03:23+00:00,2025-10-24 05:56:32.405274+00:00,623,2362.98
UA2386,4520,1080,1835,2025-09-30 09:48:52+00:00,2025-09-30 16:02:43.673200+00:00,12,666.65
BA3488,4703,363,714,2025-08-13 23:27:17+00:00,2025-08-14 07:08:23.135971+00:00,303,1862.53
AD9209,2615,3181,3524,2025-09-10 18:15:44+00:00,2025-09-11 07:20:13.763749+00:00,577,1386.11
SQ841,1702,1824,2376,2026-05-15 18:48:19+00:00,2026-05-15 21:29:05.989856+00:00,959,1981.05
LH7379,3140,3508,296,2026-04-07 19:09:44+00:00,2026-04-08 05:59:09.337041+00:00,256,1523.34
SQ5779,1468,1950,3227,2026-02-01 01:49:29+00:00,2026-02-01 11:51:09.228034+00:00,700,2419.03
IB5248,4015,1586,4052,2025-10-17 09:59:05+00:00,2025-10-17 22:02:02.759158+00:00,237,171.83
EK4874,4624,2088,1261,2025-10-15 14:21:01+00:00,2025-10-15 17:33:15.446394+00:00,329,1148.91
JJ1787,2121,4383,2768,2026-01-31 23:51:33+00:00,2026-02-01 02:36:55.335877+00:00,66,524.91
EK4650,3045,4885,4681,2025-08-01 06:19:15+00:00,2025-08-01 17:18:47.328877+00:00,113,2217.21
G34236,1915,2789,733,2025-11-07 05:51:59+00:00,2025-11-07 07:10:48.650647+00:00,42,55.4
QR8066,1882,2867,876,2026-03-05 13:29:01+00:00,2026-03-06 01:31:35.509498+00:00,643,821.56
G32319,1712,1216,80,2026-02-09 00:50:49+00:00,2026-02-09 12:01:24.126549+00:00,646,1743.27
JJ5649,4187,3821,4102,2026-01-17 15:00:10+00:00,2026-01-18 02:17:11.972163+00:00,629,2312.04
AF6948,1521,2954,1165,2026-05-05 01:41:26+00:00,2026-05-05 13:06:40.591259+00:00,687,2262.56
QR5798,146,364,2014,2025-09-28 09:23:07+00:00,2025-09-28 20:01:06.337170+00:00,845,792.63
BA2636,3242,286,2465,2025-11-12 05:36:20+00:00,2025-11-12 08:47:24.354698+00:00,670,1152.41
LH2375,726,751,3996,2026-01-19 14:35:24+00:00,2026-01-19 15:59:29.784145+00:00,787,454.93
QR2041,1401,3109,2887,2025-09-13 12:47:51+00:00,2025-09-13 20:41:36.283060+00:00,751,2074.89
TP7489,1755,3856,4833,2025-11-14 03:34:16+00:00,2025-11-14 15:36:01.850217+00:00,595,2491.43
JJ922,1611,3047,891,2026-01-01 11:49:09+00:00,2026-01-01 18:32:35.742228+00:00,881,1941.59
DL2500,4919,4354,234,2025-09-07 16:40:29+00:00,2025-09-08 05:20:04.206957+00:00,281,1119.22
AD6502,1311,988,2857,2025-08-28 22:01:28+00:00,2025-08-28 23:57:13.048172+00:00,362,579.97
LH8651,2105,4331,1948,2026-04-04 03:42:25+00:00,2026-04-04 12:45:03.422566+00:00,970,1640.23
LA7103,953,1228,4053,2026-01-15 14:39:10+00:00,2026-01-16 01:33:04.180338+00:00,715,2154.44
SQ2728,2066,1721,1106,2025-12-14 10:24:42+00:00,2025-12-14 19:46:24.142994+00:00,12,71.51
AA8453,598,587,4461,2026-03-16 14:00:03+00:00,2026-03-16 20:15:39.079223+00:00,350,1434.33
LH457,1574,3864,1588,2025-07-16 09:30:22+00:00,2025-07-16 16:02:25.666452+00:00,187,1507.79
G3168,1527,4348,3968,2025-08-19 08:01:47+00:00,2025-08-19 20:11:25.664005+00:00,386,177.64
LA5018,1092,3320,538,2026-05-22 15:25:08+00:00,2026-05-22 22:31:59.897196+00:00,429,1404.4
G33567,1645,1836,2153,2025-07-13 04:07:47+00:00,2025-07-13 15:32:29.088408+00:00,160,1244.29
EK6718,1208,440,2887,2025-06-27 22:56:01+00:00,2025-06-28 05:11:40.975390+00:00,466,1224.09
AF7970,2357,972,2153,2025-11-12 11:00:44+00:00,2025-11-12 20:55:24.330154+00:00,763,552.93
EK1460,3257,4718,4099,2026-01-25 02:31:17+00:00,2026-01-25 07:09:12.583672+00:00,421,2346.14
DL7079,384,1912,1914,2025-07-10 00:20:50+00:00,2025-07-10 13:58:57.423004+00:00,881,2251.43
LA7482,4900,2884,1822,2025-09-08 04:51:33+00:00,2025-09-08 13:56:18.231862+00:00,240,1864.97
SQ4770,3095,941,2651,2025-10-13 06:07:50+00:00,2025-10-13 08:16:34.153993+00:00,769,1788.22
AF5444,4162,4959,644,2026-01-05 23:28:56+00:00,2026-01-06 12:14:38.502643+00:00,572,138.36
BA9326,4015,3245,4670,2026-01-03 06:44:03+00:00,2026-01-03 11:08:12.761650+00:00,63,2471.67
AA9854,4494,3290,102,2025-07-06 16:11:17+00:00,2025-07-06 17:21:47.269721+00:00,836,2470.71
UA3282,1795,1630,549,2026-05-29 19:10:00+00:00,2026-05-30 06:59:20.645466+00:00,52,1864.36
TP8242,4722,3722,4909,2025-11-17 17:40:33+00:00,2025-11-17 23:53:51.208943+00:00,484,1065.56
UA726,692,4403,3042,2025-11-09 16:14:09+00:00,2025-11-09 18:51:00.236945+00:00,618,1026.37
BA9076,506,3194,4931,2025-10-16 02:05:18+00:00,2025-10-16 13:11:43.008289+00:00,436,444.13
QR4192,2433,92,3563,2026-01-31 08:32:20+00:00,2026-01-31 16:28:55.860797+00:00,881,2081.27
SQ4843,3888,1574,3467,2025-12-30 03:18:07+00:00,2025-12-30 04:36:46.031716+00:00,936,957.99
AA4118,4178,460,3514,2025-07-08 00:24:09+00:00,2025-07-08 11:52:24.350492+00:00,748,146.98
TP2921,2414,4695,278,2025-12-16 02:53:49+00:00,2025-12-16 07:03:14.145761+00:00,683,634.92
G35424,1629,3711,352,2025-09-25 19:42:46+00:00,2025-09-26 05:09:49.457686+00:00,190,1059.23
AA132,1284,1275,3108,2025-11-27 15:41:26+00:00,2025-11-27 22:02:39.669395+00:00,310,1813.02
AD1347,2140,2361,2600,2026-05-21 16:06:54+00:00,2026-05-21 22:20:14.332880+00:00,375,159.75
AD8137,376,4645,1289,2025-06-17 19:19:26+00:00,2025-06-18 05:25:16.408467+00:00,902,707.97
EK7877,62,1764,3968,2025-12-11 10:53:57+00:00,2025-12-11 20:04:44.900829+00:00,641,771.2
JJ4136,3869,3823,2493,2025-07-01 15:34:38+00:00,2025-07-02 01:07:19.152551+00:00,689,1862.85
AF9371,3981,1187,3248,2025-06-21 15:20:38+00:00,2025-06-22 02:54:10.808284+00:00,698,2385.85
BA2781,2747,579,2599,2026-03-31 02:22:07+00:00,2026-03-31 11:18:51.026989+00:00,141,2470.39
QR3549,311,4631,174,2025-12-20 23:00:19+00:00,2025-12-21 00:41:22.281607+00:00,5,2062.67
BA4538,1192,4138,2183,2025-10-24 09:30:41+00:00,2025-10-24 14:08:25.142790+00:00,152,1929.12
SQ3799,2137,992,2509,2025-10-03 17:10:31+00:00,2025-10-04 01:51:01.902961+00:00,963,1601.07
DL1226,4152,2756,2678,2025-10-20 20:02:51+00:00,2025-10-21 03:17:45.171672+00:00,537,779.49
AD1727,1696,2961,4981,2026-04-25 06:26:45+00:00,2026-04-25 16:11:20.453730+00:00,983,2146.36
AA2121,4216,2040,4675,2025-09-11 23:20:56+00:00,2025-09-12 07:25:42.879397+00:00,314,1103.76
G3602,4671,1869,918,2025-06-26 10:33:21+00:00,2025-06-26 12:50:22.463777+00:00,899,989.2
AF585,581,4222,1963,2026-05-12 20:00:18+00:00,2026-05-13 05:17:13.575723+00:00,307,2383.09
LH4425,1301,1236,1546,2026-04-04 03:44:29+00:00,2026-04-04 07:19:30.146324+00:00,196,647.04
IB8233,2249,257,4481,2026-02-27 10:19:10+00:00,2026-02-27 21:19:17.440281+00:00,463,447.92
UA964,809,959,2244,2026-02-18 22:01:54+00:00,2026-02-19 04:24:17.486013+00:00,485,1703.08
DL5460,1627,3866,4613,2026-04-28 06:36:49+00:00,2026-04-28 10:16:22.011710+00:00,563,1936.23
AF2962,563,317,4357,2026-04-29 11:22:07+00:00,2026-04-29 19:00:13.027451+00:00,12,641.67
SQ4099,4777,3358,891,2025-11-30 11:49:01+00:00,2025-11-30 21:12:28.976648+00:00,759,2257.12
JJ8548,4224,4581,1492,2025-09-17 04:00:55+00:00,2025-09-17 15:10:59.385517+00:00,254,1209.44
AF3327,4521,4782,3013,2025-08-15 09:11:59+00:00,2025-08-15 19:21:49.978012+00:00,774,185.31
BA3469,1367,1826,861,2026-05-05 01:28:15+00:00,2026-05-05 06:24:26.404420+00:00,839,188.11
SQ4704,3515,201,4784,2026-03-29 00:10:39+00:00,2026-03-29 11:22:14.767494+00:00,58,228.83
AD7575,3134,3796,3352,2025-09-24 20:46:01+00:00,2025-09-25 07:37:31.683576+00:00,383,1766.73
AA3821,256,191,1502,2025-12-28 09:34:10+00:00,2025-12-28 10:46:05.943314+00:00,160,1577.54
AD1864,1583,1209,1543,2025-11-15 09:13:10+00:00,2025-11-15 14:14:39.817234+00:00,205,1283.12
LA5142,2040,2946,2928,2025-11-29 00:14:18+00:00,2025-11-29 09:13:15.255378+00:00,333,1125.73
LH6661,3920,1031,3915,2026-01-27 09:09:45+00:00,2026-01-27 12:58:01.204375+00:00,99,1922.66
EK709,1768,4668,3518,2025-06-30 09:25:47+00:00,2025-06-30 19:29:14.810344+00:00,60,813.56
LH3287,2041,3484,38,2026-01-06 02:50:22+00:00,2026-01-06 08:35:07.909791+00:00,561,1835.45
DL3703,2795,2051,988,2025-08-20 10:32:57+00:00,2025-08-20 19:05:23.703915+00:00,278,2091.54
JJ9799,3849,2897,293,2026-01-29 07:18:10+00:00,2026-01-29 20:02:27.989799+00:00,265,2381.82
QR368,1906,2041,936,2025-11-04 00:19:40+00:00,2025-11-04 06:26:44.883203+00:00,591,1219.39
AF5331,4338,4369,805,2025-09-08 03:40:05+00:00,2025-09-08 04:51:23.961720+00:00,18,393.47
G36239,2964,419,4271,2026-03-29 20:41:53+00:00,2026-03-30 07:02:49.717931+00:00,506,522.67
QR5932,4309,1063,2812,2026-02-11 18:14:27+00:00,2026-02-11 22:36:32.862374+00:00,895,2362.42
LA9758,3813,820,4364,2026-04-15 03:24:40+00:00,2026-04-15 16:25:38.721299+00:00,944,1700.11
QR6662,4197,4938,3842,2026-03-17 05:32:18+00:00,2026-03-17 12:19:26.423028+00:00,386,938.46
EK1449,539,4315,2876,2025-09-09 10:38:39+00:00,2025-09-09 20:01:06.144469+00:00,409,2300.35
AD9914,2601,865,3372,2026-04-25 02:52:44+00:00,2026-04-25 07:20:57.991739+00:00,205,514.33
DL7910,2496,4843,4292,2025-06-28 18:21:44+00:00,2025-06-29 07:42:53.171813+00:00,552,1426.59
LA1939,2498,3070,3319,2026-05-01 12:02:33+00:00,2026-05-01 15:49:06.224560+00:00,906,2064.61
JJ2000,1101,874,3078,2025-11-05 09:45:24+00:00,2025-11-05 16:04:06.066919+00:00,381,2193.61
QR7656,4530,1379,853,2025-07-31 15:01:46+00:00,2025-07-31 20:02:44.199875+00:00,886,1654.69
LA9737,367,3358,550,2026-04-26 23:51:05+00:00,2026-04-27 03:39:45.657735+00:00,258,1182.95
QR5616,3323,3785,2784,2025-11-23 14:59:17+00:00,2025-11-23 22:47:22.239330+00:00,65,2217.32
TP8320,4175,3048,38,2026-02-28 02:22:58+00:00,2026-02-28 07:48:24.224477+00:00,890,800.29
EK3917,897,4240,2148,2025-10-28 16:30:07+00:00,2025-10-29 00:43:18.642781+00:00,70,1969.62
UA3610,896,8,33,2025-08-13 23:56:30+00:00,2025-08-14 12:59:58.372654+00:00,841,315.96
JJ6392,3506,3196,2872,2025-08-02 22:12:21+00:00,2025-08-03 08:30:45.537805+00:00,454,2399.19
LH8169,4790,4994,4299,2025-10-31 19:18:32+00:00,2025-11-01 04:59:13.802876+00:00,361,1328.79
LA9434,1216,2905,1975,2025-12-13 18:26:45+00:00,2025-12-14 00:45:27.060983+00:00,765,172.59
AD2880,4161,4750,4039,2026-04-27 00:33:29+00:00,2026-04-27 07:20:21.080789+00:00,291,404.25
SQ2684,2264,360,2593,2026-06-01 11:00:31+00:00,2026-06-01 17:07:53.739583+00:00,713,1359.03
DL1715,2072,4277,33,2026-03-16 01:29:20+00:00,2026-03-16 09:46:03.475583+00:00,730,1521.46
G32455,4435,3581,1648,2026-01-14 14:13:38+00:00,2026-01-14 19:49:45.083937+00:00,558,1020.64
G37249,1942,1799,1831,2026-01-27 19:50:32+00:00,2026-01-28 02:28:54.304266+00:00,355,1782.17
AD6094,2169,180,3866,2025-06-30 16:12:23+00:00,2025-07-01 00:36:31.684272+00:00,710,750.03
LA9442,4177,1261,4074,2026-05-30 09:38:05+00:00,2026-05-30 15:57:06.730349+00:00,628,2442.67
AD2675,4066,4166,4813,2026-05-06 16:58:50+00:00,2026-05-06 20:23:31.195420+00:00,835,568.49
LH9342,2988,732,1075,2025-07-15 10:20:18+00:00,2025-07-15 12:34:20.545432+00:00,867,986.14
TP4561,2006,1198,4897,2026-02-06 08:04:41+00:00,2026-02-06 19:53:31.963757+00:00,84,1777.18
G33437,4266,144,3384,2026-05-10 13:06:32+00:00,2026-05-11 02:04:46.161068+00:00,245,1061.95
LA5180,3347,3505,2928,2025-11-04 08:08:51+00:00,2025-11-04 13:23:15.173638+00:00,999,271.85
AD8823,1787,4284,1349,2026-04-21 14:49:28+00:00,2026-04-22 03:59:02.162956+00:00,457,1305.39
AA8444,1178,1917,2644,2025-11-12 00:46:09+00:00,2025-11-12 07:35:35.080689+00:00,873,1032.14
BA1602,419,2473,3512,2025-07-07 01:12:59+00:00,2025-07-07 11:22:00.215826+00:00,750,1570.35
AA8048,3975,2496,490,2025-12-16 05:53:40+00:00,2025-12-16 08:43:41.743698+00:00,923,1721.76
AD1675,1146,249,4019,2026-02-17 07:11:39+00:00,2026-02-17 09:03:33.440837+00:00,167,1962.07
AF3665,2044,3919,4399,2026-01-11 23:20:50+00:00,2026-01-12 03:22:30.012163+00:00,470,758.14
BA4111,3081,417,935,2026-05-31 00:07:58+00:00,2026-05-31 06:49:56.135584+00:00,505,187.41
DL5484,644,1174,1420,2025-12-30 04:15:52+00:00,2025-12-30 10:51:55.376761+00:00,113,2069.43
LA6247,2076,3594,2464,2025-09-02 16:50:51+00:00,2025-09-02 18:46:54.513630+00:00,457,1648.72
AF7611,3858,4338,2895,2026-02-24 00:34:18+00:00,2026-02-24 10:35:21.620499+00:00,378,521.74
JJ7696,2325,3168,4990,2025-07-09 01:48:40+00:00,2025-07-09 13:35:09.814789+00:00,72,283.67
QR4394,3057,1602,3685,2025-07-09 02:30:34+00:00,2025-07-09 10:28:16.307192+00:00,773,534.1
UA1048,1119,4018,2744,2025-11-21 08:30:34+00:00,2025-11-21 13:33:33.435881+00:00,249,1786.37
BA9725,4153,4628,3353,2026-02-06 08:53:01+00:00,2026-02-06 14:01:50.685495+00:00,601,2039.68
JJ606,10,4943,26,2025-09-17 22:08:27+00:00,2025-09-18 06:55:08.461505+00:00,94,386.71
UA298,1392,776,3688,2025-07-15 00:28:45+00:00,2025-07-15 03:14:50.883490+00:00,117,109.44
JJ4700,488,1478,1097,2025-06-12 17:28:32+00:00,2025-06-13 03:02:21.913828+00:00,121,726.54
UA6175,1852,4670,3687,2026-02-13 10:11:43+00:00,2026-02-13 22:15:41.017589+00:00,420,892.39
SQ9093,4689,2024,4525,2026-05-25 07:20:50+00:00,2026-05-25 19:53:28.603033+00:00,762,1397.45
QR3866,4134,2448,4230,2026-02-06 17:04:24+00:00,2026-02-07 05:47:56.227960+00:00,937,1850.14
AF5182,738,456,1545,2025-09-30 12:27:31+00:00,2025-09-30 19:17:39.099899+00:00,248,717.87
EK5357,4245,3788,1542,2026-05-09 21:11:50+00:00,2026-05-09 22:48:53.885843+00:00,436,335.73
AA7724,3682,423,4069,2025-08-19 02:25:48+00:00,2025-08-19 12:00:05.440955+00:00,42,2397.92
LA5945,1916,1531,2360,2025-08-18 19:13:46+00:00,2025-08-18 23:27:21.858265+00:00,111,928.78
IB3730,3361,3261,2814,2026-04-01 06:46:25+00:00,2026-04-01 17:39:04.496074+00:00,303,2448.98
TP7268,2833,807,1521,2026-01-12 08:00:09+00:00,2026-01-12 14:29:21.209570+00:00,955,1613.13
EK3744,2758,1055,4692,2025-07-24 02:46:04+00:00,2025-07-24 16:02:27.615827+00:00,349,2050.85
AF9451,1527,4810,2835,2025-11-08 21:37:45+00:00,2025-11-09 02:13:16.531661+00:00,1000,2250.23
LA8253,4023,3478,1204,2025-06-13 22:37:20+00:00,2025-06-14 02:35:57.872065+00:00,934,1965.86
QR5575,1921,4333,1237,2025-12-16 05:22:22+00:00,2025-12-16 07:57:02.358558+00:00,260,1953.09
TP3737,167,822,3117,2025-11-08 04:53:55+00:00,2025-11-08 17:46:20.863179+00:00,83,1391.61
LA6236,466,1594,3483,2025-08-11 20:54:47+00:00,2025-08-12 09:14:17.366065+00:00,384,1647.01
LH3850,4628,1925,2727,2025-08-01 15:44:52+00:00,2025-08-02 01:49:48.579671+00:00,781,1676.99
EK2888,3618,4125,3626,2025-11-12 07:07:23+00:00,2025-11-12 14:23:41.430711+00:00,362,2304.47
AF8275,3414,4504,2491,2026-02-13 09:45:37+00:00,2026-02-13 23:43:37.923225+00:00,847,2154.75
IB9547,2428,602,1270,2025-12-12 12:51:07+00:00,2025-12-12 20:03:45.425956+00:00,213,466.63
AF9069,89,2995,2564,2025-12-30 20:39:13+00:00,2025-12-31 01:36:03.748241+00:00,320,1537.12
EK3618,4228,3260,468,2025-12-24 12:23:57+00:00,2025-12-24 17:11:41.026618+00:00,209,1293.39
DL438,4658,687,3948,2026-04-16 06:43:38+00:00,2026-04-16 09:38:46.113012+00:00,711,517.47
DL4538,1622,2948,856,2025-12-05 23:36:47+00:00,2025-12-06 01:48:20.858616+00:00,94,2051.32
SQ1309,2712,3808,630,2025-06-06 12:05:02+00:00,2025-06-06 14:14:59.935699+00:00,724,1687.15
AA6621,4798,2617,899,2026-01-09 03:10:05+00:00,2026-01-09 07:10:24.355733+00:00,101,730.51
IB6738,1958,3125,1755,2025-06-12 18:25:42+00:00,2025-06-12 21:13:38.995358+00:00,12,887.46
AD6748,3971,3938,4175,2025-07-20 10:55:43+00:00,2025-07-20 14:19:26.632654+00:00,967,832.81
BA6981,1886,4385,3764,2026-03-06 19:03:56+00:00,2026-03-06 21:12:06.213368+00:00,97,2115.36
G34406,3947,3357,1496,2026-02-26 23:11:19+00:00,2026-02-27 12:04:50.497356+00:00,343,2026.3
BA2167,3160,2403,4766,2025-06-17 20:12:01+00:00,2025-06-18 01:48:04.131268+00:00,40,1591.06
QR2078,1336,4032,2655,2026-01-03 21:18:43+00:00,2026-01-04 01:53:35.874419+00:00,60,1353.77
DL8193,4561,3015,4628,2025-07-05 02:05:39+00:00,2025-07-05 05:53:29.983378+00:00,849,963.96
AA3462,2123,3187,3407,2026-04-29 05:09:44+00:00,2026-04-29 16:32:34.496775+00:00,447,1478.14
DL6199,2093,360,1892,2025-11-01 03:33:18+00:00,2025-11-01 17:28:18.994668+00:00,293,1320.07
AF9021,2776,2010,2884,2026-03-30 23:00:46+00:00,2026-03-31 12:32:21.019050+00:00,595,1311.14
AD3674,4713,3861,978,2026-02-10 19:29:49+00:00,2026-02-11 01:53:14.143733+00:00,538,2129.53
TP4088,2176,4171,749,2025-09-07 08:01:23+00:00,2025-09-07 18:57:52.571507+00:00,580,2396.43
AD789,4297,1537,1452,2026-04-12 11:57:02+00:00,2026-04-12 18:31:30.502594+00:00,5,1536.78
AA9549,2211,4887,3354,2026-04-02 01:51:53+00:00,2026-04-02 07:33:10.829367+00:00,426,1850.16
AD2811,1845,2035,4175,2025-11-16 23:18:30+00:00,2025-11-17 01:43:26.015472+00:00,423,251.46
QR9017,273,4655,4893,2025-06-16 11:11:34+00:00,2025-06-16 23:20:27.644822+00:00,56,1588.55
QR5001,4700,2385,1008,2026-04-27 17:48:34+00:00,2026-04-28 05:16:03.216217+00:00,638,1996.54
EK8960,1566,3937,3901,2026-05-09 18:38:34+00:00,2026-05-10 00:34:19.791697+00:00,961,2287.49
TP7861,579,4589,1584,2025-06-11 20:02:42+00:00,2025-06-12 09:45:20.820602+00:00,248,1074.01
UA448,1445,4982,952,2025-10-23 08:07:19+00:00,2025-10-23 15:52:22.825126+00:00,822,2363.45
EK1427,3587,2312,1681,2025-08-10 05:53:24+00:00,2025-08-10 16:01:42.899326+00:00,340,2105.57
LH7486,4588,4612,2721,2026-03-27 14:11:21+00:00,2026-03-27 18:45:01.597564+00:00,454,955.81
AF2897,4981,4261,2690,2025-09-28 01:36:18+00:00,2025-09-28 15:31:53.549147+00:00,846,1311.68
IB7516,840,1504,1754,2026-02-03 13:52:58+00:00,2026-02-03 20:43:21.549822+00:00,286,1448.97
QR3615,1199,1240,505,2026-02-19 18:58:42+00:00,2026-02-20 03:05:23.782705+00:00,555,1318.45
AD5148,3424,3415,693,2026-01-11 20:46:09+00:00,2026-01-11 23:29:17.024004+00:00,791,1835.67
G36979,1402,2948,547,2026-05-10 03:51:06+00:00,2026-05-10 16:04:49.501504+00:00,790,1366.56
IB5403,3931,371,4708,2025-08-18 10:34:23+00:00,2025-08-18 23:39:12.876549+00:00,319,168.5
AA4721,805,2500,1229,2026-01-05 08:47:06+00:00,2026-01-05 18:16:42.240790+00:00,835,2308.44
LH9710,2792,2001,2317,2025-08-19 00:30:30+00:00,2025-08-19 11:50:05.630954+00:00,105,2460.5
G3570,196,767,1402,2025-10-21 01:14:03+00:00,2025-10-21 13:58:13.926754+00:00,878,1297.07
AA4979,3865,83,4039,2026-05-28 03:54:23+00:00,2026-05-28 05:20:53.678608+00:00,749,1007.92
SQ7356,3055,1079,1017,2025-06-21 20:53:29+00:00,2025-06-22 09:10:48.339398+00:00,114,1252.89
IB9979,3025,3815,4144,2026-01-30 02:43:16+00:00,2026-01-30 07:28:36.087925+00:00,94,1741.54
TP5777,1255,3619,3908,2025-06-03 17:42:18+00:00,2025-06-03 20:49:41.204207+00:00,343,401.2
G34086,1543,4385,4804,2025-08-22 22:21:22+00:00,2025-08-23 03:46:56.819328+00:00,217,1588.02
UA1312,2184,165,2940,2025-12-15 04:50:26+00:00,2025-12-15 15:13:21.927898+00:00,125,2305.61
TP3539,4418,3621,2006,2025-08-08 12:33:13+00:00,2025-08-08 17:10:06.232385+00:00,559,2127.67
BA9958,1404,1706,3142,2025-07-08 17:47:20+00:00,2025-07-08 20:54:32.236921+00:00,600,119.82
LH1372,3893,3035,2567,2026-05-14 07:11:20+00:00,2026-05-14 08:13:40.377191+00:00,761,2307.73
JJ5785,1774,4867,614,2025-10-20 23:35:01+00:00,2025-10-21 04:23:06.122644+00:00,961,2358.31
AA9214,3222,680,3960,2026-05-02 06:22:35+00:00,2026-05-02 17:02:50.036667+00:00,538,1603.87
AD7200,283,494,2652,2025-12-26 06:51:18+00:00,2025-12-26 11:14:45.220256+00:00,329,1973.74
BA5780,1708,2885,1374,2026-03-16 01:04:09+00:00,2026-03-16 13:02:01.413373+00:00,951,217.21
UA1286,1066,4804,3531,2025-11-14 13:01:36+00:00,2025-11-14 23:04:27.484680+00:00,334,1716.43
TP7063,2204,1160,4559,2025-08-08 08:07:30+00:00,2025-08-08 18:02:49.117853+00:00,608,1252.24
SQ2926,88,3331,2792,2026-02-18 18:00:49+00:00,2026-02-19 06:57:03.668556+00:00,992,616.11
LH5259,3265,3975,1780,2025-10-11 12:44:09+00:00,2025-10-11 20:42:21.508086+00:00,513,627.15
LA6017,978,3855,1268,2025-07-12 22:23:59+00:00,2025-07-13 01:01:33.186814+00:00,68,1280.78
JJ9384,2620,4336,293,2025-06-26 18:04:55+00:00,2025-06-26 20:09:35.801753+00:00,469,428.64
AF7376,2525,2441,605,2026-04-05 21:30:29+00:00,2026-04-06 04:35:27.783059+00:00,427,675.12
BA7945,1885,891,934,2025-07-19 12:45:16+00:00,2025-07-19 20:13:27.532517+00:00,308,782.87
UA1922,4472,4540,1731,2026-05-25 15:44:42+00:00,2026-05-26 05:17:07.115942+00:00,735,608.21
LA129,1293,3941,1030,2026-05-28 01:56:26+00:00,2026-05-28 03:26:45.820903+00:00,566,502.05
UA1691,4826,2398,191,2026-05-27 10:41:00+00:00,2026-05-27 17:09:44.101571+00:00,467,1699.11
AD990,1317,3082,2327,2025-08-31 14:44:22+00:00,2025-08-31 18:55:25.060954+00:00,924,467.68
LH9411,4071,2487,110,2025-08-07 12:13:20+00:00,2025-08-07 17:29:10.182604+00:00,735,325.7
AF7442,3672,2937,3340,2025-07-10 07:23:36+00:00,2025-07-10 15:10:49.146366+00:00,805,2195.0
BA1242,2302,4016,4697,2026-05-14 05:36:33+00:00,2026-05-14 09:32:04.187911+00:00,100,337.13
JJ2374,862,2670,4479,2026-05-21 21:02:04+00:00,2026-05-22 01:52:41.691262+00:00,162,429.13
LA5570,1001,3876,2639,2026-02-22 03:03:53+00:00,2026-02-22 11:58:10.012353+00:00,215,2087.08
BA7298,1377,2979,1833,2026-05-16 09:04:19+00:00,2026-05-16 18:02:47.539620+00:00,614,1792.83
QR8653,1900,2555,2421,2026-03-10 07:00:23+00:00,2026-03-10 10:34:31.902898+00:00,455,1642.88
JJ2547,3382,2131,4002,2026-05-25 16:11:00+00:00,2026-05-26 01:50:38.782395+00:00,121,689.78
SQ6382,4011,4362,610,2025-10-19 01:48:38+00:00,2025-10-19 14:04:49.086610+00:00,115,315.55
QR5810,2111,1615,2216,2025-10-06 23:20:23+00:00,2025-10-07 11:10:16.753344+00:00,278,1344.13
LA1776,2347,4071,1597,2025-12-04 02:46:12+00:00,2025-12-04 15:32:40.023218+00:00,540,1145.5
LA5394,2038,2889,3953,2026-04-12 02:31:22+00:00,2026-04-12 15:09:47.753219+00:00,810,912.85
EK2259,1107,3240,1983,2026-02-02 01:07:14+00:00,2026-02-02 14:28:11.478895+00:00,381,2198.28
LH1418,3048,626,4172,2025-08-18 21:01:16+00:00,2025-08-19 10:22:02.230622+00:00,11,2217.49
EK7357,317,4571,1917,2025-07-23 12:55:30+00:00,2025-07-23 18:07:26.729550+00:00,5,1237.16
G33549,1618,2039,1817,2026-04-05 15:41:55+00:00,2026-04-06 05:38:57.978160+00:00,431,2125.38
BA2101,2750,909,4131,2025-12-03 23:35:10+00:00,2025-12-04 05:06:52.977841+00:00,778,1355.66
BA8140,2721,782,1463,2026-01-22 18:24:50+00:00,2026-01-23 02:02:35.370665+00:00,533,2143.86
BA8258,2761,4674,2840,2026-04-27 13:50:06+00:00,2026-04-27 15:05:02.529219+00:00,170,999.36
LA5248,939,3875,2751,2025-06-20 05:15:58+00:00,2025-06-20 13:22:36.158121+00:00,872,2012.17
AF3206,786,2997,1092,2026-02-28 04:18:14+00:00,2026-02-28 08:27:40.081156+00:00,741,2384.74
BA1057,3226,3497,45,2026-02-03 16:29:14+00:00,2026-02-04 01:01:33.604738+00:00,961,358.76
EK1098,228,4347,2588,2025-12-03 09:51:18+00:00,2025-12-03 19:11:58.555775+00:00,15,1157.15
AA6873,1806,3513,2757,2025-06-24 07:13:36+00:00,2025-06-24 18:45:29.871135+00:00,951,388.47
EK222,2853,2802,110,2026-03-27 15:52:42+00:00,2026-03-28 00:57:12.445087+00:00,489,925.59
BA1404,4285,4636,3229,2025-11-26 07:22:21+00:00,2025-11-26 17:39:05.447399+00:00,356,1004.69
TP6561,2758,1089,2186,2025-07-10 09:13:07+00:00,2025-07-10 16:05:09.793726+00:00,841,1000.14
BA6588,41,2707,391,2025-09-20 07:28:20+00:00,2025-09-20 19:01:26.411047+00:00,76,1103.63
QR3679,1689,634,3756,2026-04-06 02:49:22+00:00,2026-04-06 09:13:07.149714+00:00,452,2206.9
BA1194,60,1698,2970,2025-10-09 08:47:26+00:00,2025-10-09 22:37:47.609772+00:00,735,2424.35
LA8858,3316,3124,3494,2026-03-12 08:06:19+00:00,2026-03-12 11:36:06.912411+00:00,805,2281.14
AF4686,3391,3339,1059,2026-02-04 20:16:44+00:00,2026-02-05 05:41:51.114889+00:00,871,1122.77
IB2842,4830,4140,482,2026-05-27 21:21:24+00:00,2026-05-28 05:49:36.882589+00:00,447,1267.28
QR2317,3111,3438,1247,2026-06-02 07:29:21+00:00,2026-06-02 16:43:22.424242+00:00,175,888.9
DL6089,877,3692,1332,2025-12-26 10:57:52+00:00,2025-12-26 20:21:02.147130+00:00,849,1710.56
UA991,2469,2895,3754,2026-03-29 13:40:43+00:00,2026-03-29 15:06:08.497737+00:00,311,898.07
UA3942,4414,770,748,2025-07-25 18:06:13+00:00,2025-07-25 20:17:55.269273+00:00,470,829.58
AD9617,4999,3145,171,2025-08-11 08:05:38+00:00,2025-08-11 13:45:53.954900+00:00,735,2090.04
DL6418,1812,3536,2630,2025-08-23 09:29:46+00:00,2025-08-23 10:41:38.707578+00:00,234,1721.0
LH5431,3791,2740,165,2025-08-25 12:05:00+00:00,2025-08-25 17:26:33.835667+00:00,778,1581.62
LA6792,2673,685,2982,2025-12-02 22:30:53+00:00,2025-12-03 01:21:21.230143+00:00,409,890.5
AF560,2680,4244,1383,2025-06-19 09:43:43+00:00,2025-06-19 10:54:30.125133+00:00,517,1400.49
SQ9674,3226,1434,4839,2025-08-23 01:45:56+00:00,2025-08-23 03:45:08.747616+00:00,146,1085.25
G36109,118,2092,70,2026-05-25 23:10:30+00:00,2026-05-26 06:20:01.111856+00:00,708,438.3
QR4608,1111,2371,64,2026-01-19 13:26:21+00:00,2026-01-19 20:51:41.232837+00:00,930,1474.68
AD4176,2110,3450,3809,2025-06-13 19:16:21+00:00,2025-06-14 02:10:08.896427+00:00,104,197.44
DL259,3455,1421,3660,2026-01-22 10:49:29+00:00,2026-01-22 15:21:27.201357+00:00,2,173.68
AA7017,3993,1596,2795,2025-10-22 15:57:35+00:00,2025-10-23 02:04:44.901618+00:00,370,244.57
LA5707,1960,4766,930,2025-06-26 16:46:06+00:00,2025-06-27 04:00:56.490518+00:00,49,1372.26
QR9336,900,324,420,2026-03-04 18:18:41+00:00,2026-03-05 00:33:12.204155+00:00,464,1417.56
JJ2132,4461,1458,52,2026-05-02 12:58:28+00:00,2026-05-02 20:12:13.117224+00:00,946,775.2
LH9846,1915,2846,188,2025-12-30 06:16:57+00:00,2025-12-30 18:38:57.573216+00:00,214,1647.84
DL4347,3826,3266,3912,2025-06-04 02:44:57+00:00,2025-06-04 05:07:29.626487+00:00,44,1754.76
DL6855,3550,1774,226,2026-05-17 01:43:11+00:00,2026-05-17 12:07:11.930988+00:00,539,675.57
QR1080,4706,3978,4052,2026-04-08 23:52:54+00:00,2026-04-09 08:19:12.054878+00:00,119,1095.18
IB9541,3805,2621,3235,2026-02-23 15:29:20+00:00,2026-02-24 03:21:26.850480+00:00,253,737.04
AD9567,3323,2113,3727,2025-12-09 15:04:34+00:00,2025-12-09 18:41:45.978991+00:00,442,2210.65
AA6107,2218,315,4298,2026-04-16 06:40:07+00:00,2026-04-16 11:52:20.098702+00:00,196,1855.39
AA6388,1717,208,2761,2026-04-11 10:04:54+00:00,2026-04-11 17:19:55.827536+00:00,999,1363.18
SQ8963,1291,27,3576,2025-07-13 13:25:59+00:00,2025-07-13 21:07:26.008858+00:00,634,1312.59
JJ6448,2228,2906,3942,2026-05-01 10:05:23+00:00,2026-05-01 23:40:22.128704+00:00,705,770.98
EK5356,4754,1588,778,2026-02-22 07:53:53+00:00,2026-02-22 14:17:24.347289+00:00,403,2151.3
SQ3442,1676,450,4889,2025-06-07 20:22:52+00:00,2025-06-08 05:38:30.045033+00:00,122,1789.45
AD5400,3708,3947,2535,2025-07-19 04:14:03+00:00,2025-07-19 05:44:53.256088+00:00,787,2236.99
IB3473,3133,1088,4956,2026-04-20 02:16:06+00:00,2026-04-20 12:04:34.606115+00:00,675,2092.33
AD8040,2402,3955,1538,2025-10-19 00:04:54+00:00,2025-10-19 02:13:10.856666+00:00,382,1707.85
SQ1388,4947,262,978,2026-01-25 10:51:01+00:00,2026-01-25 21:50:58.469269+00:00,891,487.43
BA3818,123,4011,3440,2025-10-09 23:13:35+00:00,2025-10-10 12:52:30.529503+00:00,602,1180.62
LH3763,1462,231,276,2025-10-05 18:59:39+00:00,2025-10-06 05:18:17.276731+00:00,763,2218.84
BA2729,3622,4901,3903,2026-01-27 21:14:08+00:00,2026-01-28 00:34:05.965523+00:00,701,2413.71
LH5069,1368,122,4564,2025-07-11 21:31:51+00:00,2025-07-11 23:20:52.122405+00:00,408,210.32
DL9358,336,2210,97,2026-01-14 19:12:06+00:00,2026-01-15 06:01:19.153367+00:00,650,1783.76
UA9349,2055,2895,1168,2026-01-02 23:38:42+00:00,2026-01-03 06:34:29.155383+00:00,328,2004.6
LH4804,3791,2412,1853,2026-03-28 02:44:22+00:00,2026-03-28 09:03:56.044114+00:00,724,1829.85
EK1750,202,3471,1968,2026-05-15 13:36:17+00:00,2026-05-15 16:43:11.662488+00:00,648,1715.6
BA7835,3569,2176,4350,2025-10-08 02:17:25+00:00,2025-10-08 15:33:38.500212+00:00,869,1290.17
LH4185,25,2640,2278,2026-01-09 03:57:18+00:00,2026-01-09 08:00:29.138453+00:00,204,1165.13
QR4697,848,4486,2292,2025-12-03 21:35:49+00:00,2025-12-04 08:53:02.545016+00:00,431,342.02
DL7948,957,1973,434,2025-06-26 01:06:17+00:00,2025-06-26 06:13:02.896461+00:00,146,263.68
AF4371,136,2262,1570,2026-03-07 22:04:35+00:00,2026-03-08 06:45:12.586645+00:00,137,2471.89
SQ654,1775,2109,3171,2026-04-12 21:17:58+00:00,2026-04-12 23:39:29.534239+00:00,380,590.38
BA4514,2647,3059,1452,2025-08-25 16:27:32+00:00,2025-08-26 01:27:47.183434+00:00,580,587.27
EK6634,259,238,2043,2025-12-02 05:33:09+00:00,2025-12-02 09:45:26.029373+00:00,175,1463.47
DL1213,1065,4045,3976,2025-08-04 11:25:04+00:00,2025-08-04 12:33:42.180888+00:00,951,1109.97
LH6363,2142,2235,4972,2025-07-20 20:23:26+00:00,2025-07-21 08:21:10.152112+00:00,753,715.39
DL5608,3695,3107,2971,2026-02-10 05:38:54+00:00,2026-02-10 09:50:21.913416+00:00,105,105.51
QR2983,1957,3799,2278,2026-02-08 10:52:04+00:00,2026-02-08 15:48:14.692445+00:00,325,2419.68
IB6144,3280,2702,4107,2026-03-10 06:32:24+00:00,2026-03-10 13:19:58.169080+00:00,639,724.08
AF2512,614,1177,4151,2025-09-17 08:04:00+00:00,2025-09-17 19:32:34.290049+00:00,54,1404.59
BA4150,3394,2685,1542,2025-06-06 11:37:09+00:00,2025-06-06 22:04:53.394954+00:00,394,2236.44
G3590,4335,596,514,2025-12-21 23:10:07+00:00,2025-12-22 02:49:29.831119+00:00,138,493.62
UA679,4207,4097,3503,2026-04-24 03:59:50+00:00,2026-04-24 10:15:33.456781+00:00,51,228.87
G35580,856,1930,4824,2025-07-27 11:02:25+00:00,2025-07-27 21:04:38.140719+00:00,65,346.05
UA8662,1038,979,3677,2026-04-13 21:37:40+00:00,2026-04-14 01:53:56.486758+00:00,423,560.62
AD4370,4392,3725,111,2026-01-26 07:03:05+00:00,2026-01-26 12:43:45.999711+00:00,458,877.93
LH6364,4756,4173,3042,2025-10-20 06:04:37+00:00,2025-10-20 15:16:35.702743+00:00,983,2274.01
G39156,2081,1243,3612,2026-02-14 11:23:54+00:00,2026-02-15 00:24:40.776368+00:00,316,189.97
AD7634,750,922,4641,2026-01-22 22:25:18+00:00,2026-01-23 11:47:21.396379+00:00,423,806.19
G34563,3938,4542,2118,2026-06-02 05:08:34+00:00,2026-06-02 07:14:56.162478+00:00,98,1842.93
AF5983,1441,4031,1559,2025-09-21 22:13:57+00:00,2025-09-22 01:33:42.367755+00:00,998,2434.71
DL1988,3839,249,2814,2025-11-13 17:00:28+00:00,2025-11-13 18:14:52.160687+00:00,320,2061.89
G39822,1325,1211,4937,2025-06-08 13:43:17+00:00,2025-06-09 03:10:51.323436+00:00,233,1089.07
JJ109,1384,2253,2666,2025-11-01 20:19:47+00:00,2025-11-02 02:18:33.218497+00:00,337,2213.55
G3866,3553,4432,4497,2026-03-24 20:45:47+00:00,2026-03-25 09:06:14.478089+00:00,837,1734.05
LH1071,1334,4877,721,2026-05-02 03:47:01+00:00,2026-05-02 05:00:21.827189+00:00,896,1377.01
LH2788,2531,970,3768,2025-09-20 17:05:12+00:00,2025-09-21 04:06:59.658357+00:00,971,1880.2
IB3521,4716,210,4245,2026-05-26 02:14:46+00:00,2026-05-26 08:42:42.458148+00:00,830,1370.98
SQ9101,1349,4972,4214,2025-07-18 16:08:08+00:00,2025-07-18 19:54:06.132299+00:00,584,396.64
TP3690,4423,2015,992,2026-01-15 17:15:06+00:00,2026-01-15 22:26:08.364463+00:00,969,1405.34
TP5216,4581,4667,4075,2026-05-28 12:11:36+00:00,2026-05-28 14:55:32.172405+00:00,358,1389.42
BA1888,3941,25,874,2026-03-18 07:13:34+00:00,2026-03-18 11:46:33.256094+00:00,478,1440.38
BA3629,2506,1437,4416,2026-03-17 10:15:29+00:00,2026-03-17 18:22:28.229289+00:00,222,148.33
AF6498,576,1992,1044,2025-09-04 19:19:10+00:00,2025-09-05 00:14:50.027100+00:00,261,1763.89
SQ3801,983,1597,3421,2026-05-11 10:31:35+00:00,2026-05-11 19:07:11.574031+00:00,909,2289.42
TP454,1036,2767,3160,2025-08-27 09:54:03+00:00,2025-08-27 12:46:09.930154+00:00,304,642.6
G38266,3532,2114,3682,2026-05-24 03:38:00+00:00,2026-05-24 06:40:17.976318+00:00,144,1563.41
AA1362,2203,2934,848,2026-03-29 17:04:28+00:00,2026-03-30 05:47:34.064874+00:00,992,2397.98
SQ4019,4348,291,4467,2025-11-24 02:42:49+00:00,2025-11-24 09:05:32.941159+00:00,897,1526.12
G36315,391,4545,711,2026-03-20 01:15:56+00:00,2026-03-20 08:41:02.780950+00:00,1000,1824.74
DL8951,2315,3945,4955,2025-10-11 04:26:18+00:00,2025-10-11 17:01:00.047743+00:00,74,897.52
QR4887,173,3530,4631,2025-10-11 06:47:59+00:00,2025-10-11 11:33:27.673962+00:00,470,196.72
DL1857,1162,2251,2699,2025-08-04 17:47:18+00:00,2025-08-05 05:45:50.705202+00:00,856,1708.91
AA7029,4366,2932,689,2025-06-27 23:55:21+00:00,2025-06-28 02:27:58.719466+00:00,783,2284.06
LA6383,4529,4121,33,2025-10-21 13:04:39+00:00,2025-10-21 22:21:56.324495+00:00,323,2473.59
LA8411,2831,1839,2116,2025-10-25 22:48:45+00:00,2025-10-26 12:13:15.915505+00:00,897,1575.12
LA7334,3001,4074,2598,2025-06-25 06:16:16+00:00,2025-06-25 14:50:38.589897+00:00,912,1023.73
G33796,2801,2520,4217,2026-04-14 05:42:35+00:00,2026-04-14 15:42:12.759949+00:00,623,1260.06
EK2338,2351,3447,2730,2026-02-11 15:58:17+00:00,2026-02-11 20:13:02.810462+00:00,224,1564.17
QR5153,1730,1501,3009,2025-08-08 08:40:10+00:00,2025-08-08 12:57:59.949993+00:00,125,1214.74
TP1824,3555,320,4164,2025-11-21 07:12:28+00:00,2025-11-21 10:02:47.156028+00:00,172,581.48
LA6560,2106,3651,3164,2025-11-25 20:57:29+00:00,2025-11-26 05:18:00.952867+00:00,180,2052.79
BA2164,2649,4620,575,2025-07-16 18:09:14+00:00,2025-07-17 03:48:19.268146+00:00,865,313.17
IB3008,836,2757,4386,2025-08-15 04:37:55+00:00,2025-08-15 18:22:53.240413+00:00,883,834.69
JJ2265,3144,2851,3908,2025-11-02 01:05:07+00:00,2025-11-02 02:09:14.526002+00:00,648,495.62
SQ3749,1165,497,3903,2026-05-28 08:32:49+00:00,2026-05-28 16:08:58.207896+00:00,72,818.19
IB2759,591,2111,4067,2026-01-26 21:11:45+00:00,2026-01-27 04:54:08.332485+00:00,929,426.07
LA1137,2371,4959,2171,2026-02-07 07:15:42+00:00,2026-02-07 18:09:51.867149+00:00,421,1139.76
IB3851,1472,2375,2483,2026-02-18 16:38:18+00:00,2026-02-18 21:06:27.370521+00:00,336,2024.7
JJ5789,4736,317,517,2025-12-06 09:36:06+00:00,2025-12-06 20:32:20.203776+00:00,387,2484.91
G39341,2027,3751,4378,2025-06-29 01:46:23+00:00,2025-06-29 13:46:39.118490+00:00,792,640.02
IB1602,211,3960,1983,2026-01-11 13:10:20+00:00,2026-01-11 22:51:33.491652+00:00,124,1283.38
G39020,4298,2069,484,2026-04-20 03:58:01+00:00,2026-04-20 08:21:34.265912+00:00,526,1918.99
DL4196,4216,2880,1808,2026-04-16 03:42:55+00:00,2026-04-16 16:53:38.740873+00:00,570,2259.92
QR4040,2610,4039,3159,2025-12-16 18:05:37+00:00,2025-12-16 21:07:38.814142+00:00,724,1612.82
UA9396,3493,3391,4141,2025-09-16 22:25:28+00:00,2025-09-17 09:09:03.361134+00:00,480,1449.32
JJ6075,4727,1944,377,2026-01-25 01:06:43+00:00,2026-01-25 07:33:05.854686+00:00,501,869.68
G37384,2973,3618,808,2025-10-05 01:12:13+00:00,2025-10-05 06:49:41.172628+00:00,904,458.13
SQ2721,736,4396,1099,2025-07-01 14:05:19+00:00,2025-07-01 15:07:05.088178+00:00,325,1322.69
IB5677,474,748,3776,2025-08-24 12:02:05+00:00,2025-08-24 18:24:09.745473+00:00,636,284.36
LH7060,848,4945,2321,2025-09-16 21:32:22+00:00,2025-09-17 04:12:37.739655+00:00,170,1421.99
EK2656,4372,194,3201,2025-07-09 13:37:44+00:00,2025-07-09 18:04:23.812784+00:00,908,2007.6
JJ6543,4453,1461,4671,2025-08-28 12:36:49+00:00,2025-08-29 01:36:25.517052+00:00,872,1807.58
SQ3531,3507,1481,2803,2025-06-15 12:18:42+00:00,2025-06-16 00:49:23.257048+00:00,419,948.7
QR4510,2204,4783,455,2025-11-19 14:50:41+00:00,2025-11-20 00:58:12.159698+00:00,790,670.82
EK5259,2757,4437,1545,2025-08-26 02:03:16+00:00,2025-08-26 05:53:29.570751+00:00,308,2386.1
G33655,4653,139,3617,2025-08-26 06:26:46+00:00,2025-08-26 09:07:07.608852+00:00,274,218.28
SQ2882,495,4089,3175,2025-11-07 07:09:29+00:00,2025-11-07 10:41:35.544030+00:00,612,1989.41
AF716,2574,4164,4070,2026-03-29 11:14:34+00:00,2026-03-29 18:40:12.892159+00:00,524,1356.78
JJ8162,3884,553,2949,2026-04-26 21:20:30+00:00,2026-04-27 06:52:39.565404+00:00,447,1839.87
AD692,2321,449,2746,2026-04-13 23:34:17+00:00,2026-04-14 11:35:40.785425+00:00,407,249.64
DL8459,2269,4014,3543,2025-12-30 19:29:42+00:00,2025-12-31 00:42:07.557706+00:00,819,463.57
EK1484,1560,2832,3025,2025-12-15 20:20:24+00:00,2025-12-16 04:18:11.958887+00:00,117,651.24
JJ1865,3737,4136,2201,2026-05-18 17:06:22+00:00,2026-05-19 03:21:09.208106+00:00,557,1753.09
LA6691,999,1757,3588,2025-08-20 00:09:44+00:00,2025-08-20 06:37:55.672780+00:00,86,885.84
TP2084,4405,48,1078,2026-02-06 03:45:15+00:00,2026-02-06 11:57:52.225070+00:00,83,793.56
QR7810,708,2953,2475,2026-01-30 20:34:04+00:00,2026-01-30 21:44:16.092999+00:00,168,1374.59
LH8490,2745,2056,4581,2025-08-18 14:32:23+00:00,2025-08-18 21:45:45.704288+00:00,537,1838.43
G31231,2551,1365,4534,2026-01-19 05:06:17+00:00,2026-01-19 08:57:54.065009+00:00,215,1720.36
G35456,834,3830,3658,2026-02-25 11:06:26+00:00,2026-02-26 01:01:28.691276+00:00,791,1871.05
BA2623,3897,241,2855,2025-10-29 18:45:57+00:00,2025-10-30 00:45:05.434180+00:00,759,433.76
DL3623,3416,641,1506,2026-02-17 00:40:59+00:00,2026-02-17 10:35:15.412408+00:00,731,1932.24
AD7671,2299,1778,2738,2025-09-01 22:49:52+00:00,2025-09-02 05:11:29.388393+00:00,853,2129.86
BA7776,1329,1271,1744,2026-03-27 22:43:07+00:00,2026-03-28 07:00:48.138027+00:00,707,1507.01
LA1013,1464,3792,3417,2025-06-06 12:01:32+00:00,2025-06-06 23:11:03.329669+00:00,853,2357.53
BA4600,3976,2667,2940,2026-03-27 19:53:56+00:00,2026-03-28 02:09:21.875973+00:00,188,2123.78
QR7678,4604,3335,3601,2026-05-01 07:19:23+00:00,2026-05-01 19:50:35.603979+00:00,866,854.13
AA7508,36,262,4049,2025-09-10 12:34:29+00:00,2025-09-10 20:47:04.671129+00:00,488,1207.23
AA6040,726,4762,2879,2025-09-14 08:05:24+00:00,2025-09-14 11:25:59.083454+00:00,525,1575.17
AF4823,4417,3138,3048,2026-02-28 06:31:55+00:00,2026-02-28 08:48:03.565553+00:00,105,1124.21
IB4206,2005,2361,1757,2025-10-27 07:37:12+00:00,2025-10-27 19:51:48.982882+00:00,641,1460.65
TP2522,1443,2387,3000,2025-06-28 23:57:41+00:00,2025-06-29 12:47:50.900965+00:00,945,1364.47
QR6347,1363,3911,605,2025-10-25 07:31:41+00:00,2025-10-25 08:48:36.145990+00:00,559,1332.88
SQ9591,985,2914,569,2025-10-25 21:33:33+00:00,2025-10-26 10:06:25.990885+00:00,103,1769.38
EK7672,1828,3579,595,2026-02-01 17:26:54+00:00,2026-02-01 19:07:48.336000+00:00,409,899.28
LA2464,2480,1691,2427,2025-10-28 02:37:46+00:00,2025-10-28 09:31:31.942417+00:00,867,371.92
SQ6063,1219,3987,4990,2025-08-26 01:00:51+00:00,2025-08-26 11:00:45.111303+00:00,349,500.66
SQ8416,1402,1393,549,2025-12-13 14:46:54+00:00,2025-12-13 17:30:39.327050+00:00,20,66.91
EK2534,4022,3136,4599,2026-03-12 16:05:01+00:00,2026-03-12 23:43:10.965288+00:00,796,1505.19
IB5177,3267,732,1984,2025-06-25 17:37:08+00:00,2025-06-25 21:34:53.349601+00:00,375,2037.25
DL9767,3582,1731,3917,2025-08-07 06:50:43+00:00,2025-08-07 09:09:33.444101+00:00,523,1645.12
TP8875,611,3938,1437,2025-11-28 22:25:28+00:00,2025-11-29 04:03:46.176563+00:00,249,449.81
G34688,4326,2846,252,2025-12-14 06:04:28+00:00,2025-12-14 07:55:09.293809+00:00,623,1344.04
IB1366,610,3088,1324,2025-06-18 23:14:22+00:00,2025-06-19 08:03:06.510849+00:00,543,1550.27
AF2520,1177,4213,2039,2025-08-04 04:34:49+00:00,2025-08-04 12:53:38.676433+00:00,464,712.2
EK3279,21,1865,1568,2025-10-07 12:24:02+00:00,2025-10-07 23:30:29.744850+00:00,477,80.05
SQ819,3846,2808,1520,2025-09-08 06:52:07+00:00,2025-09-08 11:10:42.282490+00:00,462,1196.4
QR4114,89,1004,3575,2025-12-14 13:10:56+00:00,2025-12-14 23:13:14.714573+00:00,150,2465.07
TP8679,2318,2943,3966,2026-05-25 16:11:03+00:00,2026-05-25 22:16:11.707305+00:00,233,288.19
LA9185,1989,2077,4609,2025-07-10 02:31:50+00:00,2025-07-10 06:11:33.934510+00:00,889,304.48
TP1881,4576,4192,1230,2026-05-04 04:52:36+00:00,2026-05-04 08:34:49.423244+00:00,516,1817.31
BA2364,601,3165,1834,2025-10-17 01:00:49+00:00,2025-10-17 07:45:27.516338+00:00,334,435.35
BA2801,3896,3532,3638,2025-08-04 06:28:45+00:00,2025-08-04 16:58:20.077764+00:00,559,1766.77
QR9705,4806,3847,2502,2025-12-26 17:12:59+00:00,2025-12-26 19:11:49.779921+00:00,661,1519.18
LA6191,1278,2019,4789,2026-04-02 16:17:58+00:00,2026-04-03 02:56:41.438727+00:00,21,978.18
EK6770,4610,832,83,2026-01-10 03:25:55+00:00,2026-01-10 12:36:36.855799+00:00,957,565.68
BA3245,3296,2538,3153,2025-11-27 21:38:02+00:00,2025-11-28 04:09:08.065702+00:00,665,238.14
IB996,3596,3669,4883,2025-11-15 13:17:35+00:00,2025-11-15 20:47:41.801567+00:00,241,212.14
AF5054,2030,3427,51,2025-07-13 22:58:09+00:00,2025-07-14 10:36:14.084032+00:00,262,915.87
AF6880,3343,4916,4348,2025-12-20 16:24:49+00:00,2025-12-20 21:57:10.546749+00:00,771,724.51
BA5685,4329,2389,4647,2025-09-19 00:26:10+00:00,2025-09-19 11:32:30.861097+00:00,198,734.65
BA7625,3824,179,2988,2025-12-05 05:26:24+00:00,2025-12-05 18:12:42.297949+00:00,592,2286.88
BA2483,2498,1202,503,2026-05-12 16:38:44+00:00,2026-05-12 20:40:41.118566+00:00,741,1062.62
AD7462,245,4559,2222,2026-03-23 00:23:48+00:00,2026-03-23 03:35:09.544150+00:00,402,1663.53
LA1770,604,2631,3621,2025-09-24 23:15:33+00:00,2025-09-25 13:01:39.567252+00:00,662,1869.19
QR5355,2155,908,3353,2025-10-28 01:01:06+00:00,2025-10-28 11:09:19.198235+00:00,821,1847.64
UA6462,4147,3769,2297,2025-07-04 11:04:09+00:00,2025-07-04 15:10:41.418116+00:00,898,258.62
IB6847,1305,1601,3965,2026-03-13 20:14:15+00:00,2026-03-14 05:33:03.327731+00:00,354,988.26
AF8775,4034,629,4854,2026-05-04 01:36:18+00:00,2026-05-04 05:53:21.000062+00:00,969,1538.44
JJ327,3308,629,1222,2025-08-10 08:34:26+00:00,2025-08-10 15:58:59.012829+00:00,349,1426.79
DL2740,3601,2512,2890,2025-11-20 10:32:58+00:00,2025-11-20 22:19:39.847865+00:00,299,1662.66
BA2236,2843,920,3082,2025-10-10 14:42:06+00:00,2025-10-10 22:00:59.635811+00:00,654,996.84
LH1180,3404,3523,4831,2025-06-06 02:53:11+00:00,2025-06-06 06:04:12.882613+00:00,269,970.17
BA1959,3894,3023,1005,2025-10-12 17:56:16+00:00,2025-10-13 04:10:35.240125+00:00,924,1200.97
SQ7350,2478,3397,71,2025-06-14 01:13:31+00:00,2025-06-14 09:11:31.212280+00:00,89,534.34
AD3397,3988,2916,3978,2026-04-05 03:45:00+00:00,2026-04-05 13:54:35.163342+00:00,982,2406.4
LH8066,3975,2731,4316,2026-02-03 09:53:30+00:00,2026-02-03 22:53:39.308787+00:00,152,2219.17
AF7507,4235,4003,3387,2025-08-20 13:28:55+00:00,2025-08-20 22:06:51.969038+00:00,221,1308.85
LH3574,904,351,3786,2026-04-18 16:23:08+00:00,2026-04-19 03:32:08.667223+00:00,660,219.77
QR160,3491,4686,3121,2026-06-02 08:32:49+00:00,2026-06-02 22:02:08.069948+00:00,760,1638.52
TP4524,475,371,4986,2025-11-14 00:23:22+00:00,2025-11-14 08:48:15.785590+00:00,838,165.4
QR7399,3686,1005,2376,2025-06-25 09:45:16+00:00,2025-06-25 18:16:32.224594+00:00,218,581.0
DL3759,1804,4001,4042,2026-04-08 00:53:11+00:00,2026-04-08 12:02:13.903849+00:00,825,1636.78
AA1841,2021,3243,522,2026-01-25 20:40:00+00:00,2026-01-26 05:26:17.135268+00:00,428,1202.52
QR2214,1765,3152,375,2025-08-16 09:13:19+00:00,2025-08-16 17:48:31.125697+00:00,763,1562.95
TP3124,3611,2831,1666,2025-10-31 20:47:44+00:00,2025-11-01 02:06:30.731919+00:00,998,519.46
UA724,2700,2021,3442,2026-04-30 11:25:46+00:00,2026-04-30 15:53:52.531158+00:00,52,1525.34
DL8517,1448,2789,321,2025-07-17 20:08:12+00:00,2025-07-18 05:09:42.605298+00:00,579,984.06
EK1888,779,2307,3492,2025-08-08 18:37:44+00:00,2025-08-09 03:25:16.852952+00:00,338,271.17
LA271,219,1142,826,2025-08-16 08:43:56+00:00,2025-08-16 18:27:36.913411+00:00,527,1676.15
EK1088,1147,4094,1213,2025-06-19 09:54:17+00:00,2025-06-19 23:28:44.740270+00:00,617,1570.96
G36650,4721,1869,1812,2026-04-25 08:17:11+00:00,2026-04-25 14:13:33.685089+00:00,576,2477.55
LA5862,4170,2180,3106,2025-07-03 06:03:57+00:00,2025-07-03 10:34:34.940632+00:00,268,1478.5
AA8935,2890,4558,4952,2026-05-09 16:41:10+00:00,2026-05-10 05:53:26.734447+00:00,164,1100.36
TP5667,2606,138,1411,2025-12-09 16:06:47+00:00,2025-12-10 01:48:21.016686+00:00,383,691.78
AD6312,386,2795,788,2025-11-14 13:12:22+00:00,2025-11-14 14:41:59.370179+00:00,471,2295.47
IB9813,4991,3404,2727,2025-10-21 06:15:59+00:00,2025-10-21 10:22:52.404611+00:00,876,244.39
IB4898,1290,2309,1557,2025-06-15 15:20:15+00:00,2025-06-15 19:44:54.668303+00:00,619,736.03
UA3888,2017,1259,713,2025-07-21 10:13:11+00:00,2025-07-21 23:00:04.019862+00:00,196,1360.89
QR7301,3015,2021,1223,2026-05-11 06:52:35+00:00,2026-05-11 16:47:29.884843+00:00,901,1344.3
BA1362,3030,3057,2647,2026-04-08 23:07:46+00:00,2026-04-09 07:13:50.609393+00:00,543,2220.66
TP6808,666,3621,2231,2025-08-10 23:56:26+00:00,2025-08-11 01:34:53.162615+00:00,109,559.24
UA5009,3758,4465,4870,2025-12-25 17:21:29+00:00,2025-12-26 05:23:32.276908+00:00,526,2193.94
SQ6514,2268,4449,1843,2026-02-04 07:59:13+00:00,2026-02-04 21:00:21.129631+00:00,827,888.42
BA8007,4035,3443,2210,2025-06-22 01:34:04+00:00,2025-06-22 06:53:02.592084+00:00,493,1064.19
QR4314,4862,3650,1086,2026-04-09 13:17:41+00:00,2026-04-09 23:58:54.170572+00:00,897,600.11
LH9472,2470,2834,3451,2026-02-05 14:46:30+00:00,2026-02-05 21:28:35.692880+00:00,80,129.69
DL7735,956,1902,4318,2025-11-28 17:52:05+00:00,2025-11-29 07:21:08.657029+00:00,791,1781.89
QR2728,4233,2590,3589,2026-02-24 06:04:11+00:00,2026-02-24 09:43:55.452964+00:00,392,2487.54
AA8261,4159,623,2506,2026-03-02 13:34:40+00:00,2026-03-02 17:27:33.475743+00:00,70,701.41
AD5484,2556,861,3654,2025-11-27 19:54:05+00:00,2025-11-28 04:39:21.023568+00:00,868,2476.19
AD3216,4642,2367,2012,2025-08-04 21:02:01+00:00,2025-08-05 05:37:03.023037+00:00,43,2350.31
JJ2413,4050,2888,3641,2025-07-08 11:59:33+00:00,2025-07-08 23:42:25.601463+00:00,829,2098.72
JJ2633,1464,2219,4110,2025-08-02 22:48:25+00:00,2025-08-03 01:39:27.618070+00:00,75,1343.34
EK2549,1785,3100,4340,2025-07-06 06:43:06+00:00,2025-07-06 09:32:14.684554+00:00,117,2484.82
EK9938,2787,2255,1198,2025-07-29 07:57:39+00:00,2025-07-29 09:44:10.566874+00:00,710,1377.03
JJ5572,1566,4356,836,2026-04-29 21:58:28+00:00,2026-04-30 01:58:00.393299+00:00,832,1974.78
G38921,2257,3443,3311,2025-07-22 20:30:11+00:00,2025-07-23 00:43:18.005165+00:00,484,853.13
IB5611,545,3937,4156,2025-12-02 12:38:13+00:00,2025-12-02 14:37:31.576867+00:00,70,591.58
JJ5092,983,4742,4208,2025-11-19 00:41:12+00:00,2025-11-19 01:55:29.977665+00:00,73,2242.6
IB7781,4520,4648,3858,2025-09-17 16:56:38+00:00,2025-09-17 19:16:33.883595+00:00,810,186.27
AD1998,648,3430,2559,2025-08-01 00:27:09+00:00,2025-08-01 03:16:19.465115+00:00,129,663.29
UA575,555,316,3007,2025-10-14 11:53:51+00:00,2025-10-14 17:52:52.025481+00:00,659,1931.14
IB1174,419,2638,3445,2025-07-03 18:03:40+00:00,2025-07-03 21:14:14.651185+00:00,946,947.99
G35466,2753,4223,2347,2025-08-10 07:17:51+00:00,2025-08-10 17:39:01.031426+00:00,316,2439.56
BA8507,1811,4572,4315,2025-10-01 09:17:21+00:00,2025-10-01 20:04:23.516428+00:00,782,1448.64
AA5869,4510,1606,1459,2025-07-30 12:29:33+00:00,2025-07-30 18:40:47.838173+00:00,279,78.19
DL9804,2376,223,2284,2025-11-15 22:15:19+00:00,2025-11-16 11:16:41.677405+00:00,310,1757.33
TP5286,3413,2593,3793,2025-11-22 02:59:29+00:00,2025-11-22 14:39:03.574368+00:00,643,1796.5
BA5310,3988,3165,4580,2026-03-09 03:36:10+00:00,2026-03-09 09:35:13.109367+00:00,19,1318.32
AD3599,2619,4359,4283,2025-09-06 16:30:59+00:00,2025-09-06 17:40:41.469002+00:00,30,781.36
EK847,4561,1701,3227,2026-01-10 02:59:14+00:00,2026-01-10 14:16:07.098444+00:00,515,2014.62
QR2458,3934,2597,3513,2025-06-10 23:06:20+00:00,2025-06-11 06:31:28.325057+00:00,906,2147.39
G35378,591,83,4132,2026-02-23 15:19:34+00:00,2026-02-23 18:25:58.633498+00:00,71,824.06
JJ4001,2407,110,4095,2025-09-09 17:18:44+00:00,2025-09-09 19:57:48.464552+00:00,738,1638.61
UA993,2949,3609,2520,2026-04-02 20:35:02+00:00,2026-04-03 09:19:19.283749+00:00,787,2299.08
AF884,219,3106,2625,2025-07-16 10:36:18+00:00,2025-07-16 13:57:52.582147+00:00,214,578.85
AF5901,3760,1083,3306,2025-08-26 03:53:14+00:00,2025-08-26 17:20:04.813934+00:00,857,965.47
JJ758,2199,2235,3646,2026-02-09 04:36:11+00:00,2026-02-09 09:08:02.876682+00:00,6,1789.81
QR3098,4471,2004,2690,2025-07-19 01:01:17+00:00,2025-07-19 10:05:32.686513+00:00,902,1511.23
AA5591,4514,3696,3928,2025-08-11 01:07:14+00:00,2025-08-11 08:28:33.643681+00:00,377,555.82
AF2736,2964,309,961,2025-07-25 22:22:59+00:00,2025-07-26 06:34:44.314851+00:00,662,1605.67
AF6813,3070,4697,2606,2026-02-28 02:10:57+00:00,2026-02-28 09:41:42.784918+00:00,598,1299.74
JJ3548,4712,3990,1400,2025-09-20 08:53:52+00:00,2025-09-20 10:22:49.560134+00:00,772,2190.75
EK8033,4196,4525,3153,2025-11-03 18:49:19+00:00,2025-11-04 05:29:58.491773+00:00,953,2052.18
LA2605,2270,3391,994,2025-07-10 12:30:25+00:00,2025-07-10 19:42:02.152283+00:00,312,90.5
QR605,2036,3157,2931,2025-12-02 09:56:06+00:00,2025-12-02 23:15:02.948861+00:00,790,541.03
AA5508,749,2830,566,2025-09-22 21:36:32+00:00,2025-09-23 10:41:09.106513+00:00,912,2113.07
QR1407,2363,2008,3922,2026-03-10 12:12:00+00:00,2026-03-11 01:11:32.156604+00:00,192,2337.72
LA2552,3347,4294,2067,2025-11-06 23:46:06+00:00,2025-11-07 06:47:39.970430+00:00,562,246.92
BA370,3227,3190,2095,2026-03-13 12:37:42+00:00,2026-03-14 00:08:53.476100+00:00,422,91.69
UA2363,2325,513,4046,2026-01-27 02:22:58+00:00,2026-01-27 14:38:45.016389+00:00,164,1198.72
TP7917,1201,3760,1968,2026-05-10 05:54:26+00:00,2026-05-10 14:16:10.309639+00:00,254,2014.4
QR2789,2087,2675,668,2026-03-11 16:27:42+00:00,2026-03-12 00:23:38.068935+00:00,888,958.96
AD1293,4864,4992,2864,2026-02-25 22:04:36+00:00,2026-02-26 05:51:54.235850+00:00,848,394.93
G31080,1701,3801,1455,2025-11-16 22:04:36+00:00,2025-11-17 05:30:35.210282+00:00,97,2499.25
JJ9698,4760,2668,2391,2025-12-05 04:17:51+00:00,2025-12-05 15:38:25.802143+00:00,647,52.24
LA3149,5000,1942,466,2025-07-08 21:48:54+00:00,2025-07-09 01:08:21.529349+00:00,49,1867.78
LH9856,324,4772,4621,2026-04-16 04:06:57+00:00,2026-04-16 08:32:50.335355+00:00,40,2377.06
AA3397,70,173,4049,2026-04-23 16:42:32+00:00,2026-04-24 03:24:39.386560+00:00,583,1821.06
TP4099,1343,2530,2413,2025-11-13 06:51:39+00:00,2025-11-13 13:30:36.061515+00:00,246,766.39
G32061,4527,2677,4206,2025-06-09 05:18:04+00:00,2025-06-09 12:28:18.765590+00:00,948,266.93
AF1847,902,1740,1280,2025-08-22 03:45:52+00:00,2025-08-22 09:07:32.467507+00:00,554,976.13
SQ6716,1594,459,4787,2026-02-27 18:46:30+00:00,2026-02-28 05:24:51.919117+00:00,294,475.85
G37005,709,4322,3004,2025-10-10 01:53:43+00:00,2025-10-10 11:01:18.769690+00:00,192,1997.38
BA9252,3898,3168,4920,2025-11-16 05:50:00+00:00,2025-11-16 15:17:18.397217+00:00,246,495.38
DL9479,1798,3832,3742,2026-01-16 21:13:51+00:00,2026-01-17 03:27:41.921398+00:00,201,2043.45
EK3257,3117,3640,2793,2025-11-11 12:09:48+00:00,2025-11-11 16:54:20.569384+00:00,398,2288.08
DL4271,2315,4512,993,2025-11-07 18:42:09+00:00,2025-11-08 03:00:53.324501+00:00,540,339.31
UA8980,1050,1948,526,2025-07-06 10:02:36+00:00,2025-07-06 15:10:41.086109+00:00,343,452.12
IB6052,4976,4559,3933,2026-05-21 07:37:12+00:00,2026-05-21 17:35:43.637934+00:00,194,1690.69
JJ2475,525,771,408,2026-03-11 13:59:26+00:00,2026-03-11 23:59:51.223713+00:00,140,292.63
BA6094,2412,1585,3876,2025-10-12 06:16:42+00:00,2025-10-12 19:33:34.149469+00:00,512,1262.29
BA6180,3463,576,140,2025-09-24 00:54:10+00:00,2025-09-24 09:45:50.855724+00:00,365,2174.42
AD3396,2917,3927,300,2025-11-04 22:37:56+00:00,2025-11-05 08:31:22.493998+00:00,823,2397.27
SQ6604,3293,2839,2507,2025-07-23 14:19:59+00:00,2025-07-23 17:05:45.923541+00:00,188,2489.01
TP5435,2440,2196,4375,2025-08-06 10:17:02+00:00,2025-08-06 18:54:10.566664+00:00,704,2386.54
AA8873,1165,2261,2550,2025-12-20 21:27:37+00:00,2025-12-21 06:35:08.179627+00:00,216,2132.72
SQ6316,2242,1802,4927,2025-12-27 16:55:20+00:00,2025-12-28 01:44:52.133577+00:00,95,538.01
UA7294,4069,423,65,2025-10-12 10:23:51+00:00,2025-10-12 18:00:02.221360+00:00,481,1154.91
QR5002,4839,3300,665,2026-02-26 00:22:35+00:00,2026-02-26 08:58:46.246555+00:00,464,210.57
DL3295,577,2618,606,2026-04-11 05:34:46+00:00,2026-04-11 07:25:01.915191+00:00,321,1690.57
SQ3969,2484,2615,2942,2025-07-20 10:51:52+00:00,2025-07-20 12:31:58.205293+00:00,393,1903.03
AA615,2194,508,480,2025-09-30 12:22:16+00:00,2025-09-30 22:03:28.262180+00:00,140,669.72
LA431,3893,866,1257,2026-05-17 20:58:49+00:00,2026-05-18 08:54:54.935037+00:00,648,2432.72
UA674,2433,3314,2889,2026-03-31 05:24:18+00:00,2026-03-31 18:45:27.536456+00:00,963,780.0
SQ6099,671,1603,3289,2026-04-20 14:41:48+00:00,2026-04-20 20:16:09.094504+00:00,790,1060.82
DL2501,2878,2594,2751,2025-07-10 03:22:45+00:00,2025-07-10 08:43:48.128219+00:00,360,1680.69
LH6920,4176,3649,3666,2026-05-09 12:15:08+00:00,2026-05-09 15:17:43.094019+00:00,355,1724.12
AF4340,4842,150,2727,2025-08-07 10:42:30+00:00,2025-08-07 21:51:58.807595+00:00,931,1800.53
AD863,3484,521,2186,2026-01-24 21:47:11+00:00,2026-01-25 10:25:28.627230+00:00,993,1738.59
QR9203,3984,1017,927,2026-03-18 15:16:18+00:00,2026-03-18 16:45:19.699286+00:00,475,2042.89
QR5075,4745,2851,450,2025-08-02 23:26:50+00:00,2025-08-03 11:46:54.822820+00:00,826,1378.72
SQ1209,2171,2024,2928,2025-11-29 11:58:10+00:00,2025-11-30 01:05:30.127839+00:00,666,1701.06
LA3264,4050,97,134,2026-04-13 06:12:46+00:00,2026-04-13 12:14:50.894202+00:00,124,532.37
JJ7838,603,4264,1812,2025-10-22 13:56:31+00:00,2025-10-22 18:32:51.764535+00:00,821,684.83
G31478,3542,3285,1460,2025-10-29 06:09:11+00:00,2025-10-29 18:43:24.519317+00:00,382,2432.8
UA7722,3087,4992,187,2025-10-25 13:53:36+00:00,2025-10-25 18:42:11.323857+00:00,12,1158.48
G38139,3667,168,4879,2025-11-22 05:47:46+00:00,2025-11-22 08:52:56.231747+00:00,501,313.47
AA3153,4533,4090,1279,2025-07-12 11:09:34+00:00,2025-07-12 22:07:08.589985+00:00,850,256.87
LH9879,114,1276,2806,2026-04-17 20:32:13+00:00,2026-04-18 00:51:42.524615+00:00,388,2418.23
SQ1656,999,4524,4718,2025-07-04 06:34:59+00:00,2025-07-04 10:14:10.228847+00:00,557,653.67
G33261,1492,1655,2328,2026-01-30 09:02:15+00:00,2026-01-30 19:16:57.817419+00:00,457,2248.74
G37679,481,3001,1043,2026-04-17 00:38:31+00:00,2026-04-17 10:05:06.605436+00:00,949,1874.84
AF7764,4066,3347,1846,2026-01-25 01:10:13+00:00,2026-01-25 06:13:56.557605+00:00,74,1829.44
LH5038,1847,3840,2112,2026-04-04 06:29:29+00:00,2026-04-04 19:13:19.607730+00:00,449,2151.48
LH6971,1251,4674,3319,2025-10-17 22:55:52+00:00,2025-10-18 05:30:22.616495+00:00,497,598.04
QR3667,1387,3191,3112,2025-12-29 08:20:16+00:00,2025-12-29 11:05:37.373456+00:00,880,2394.03
AA7388,2181,4014,1962,2026-05-13 08:40:37+00:00,2026-05-13 14:27:40.661771+00:00,928,288.44
AD8161,3933,3448,1510,2025-11-28 03:08:48+00:00,2025-11-28 09:41:19.979734+00:00,666,253.39
IB6301,2478,3213,2623,2026-02-17 15:13:50+00:00,2026-02-17 22:22:21.667811+00:00,563,1581.88
LA7360,2821,2882,199,2026-01-19 13:54:47+00:00,2026-01-19 15:43:53.526631+00:00,504,2099.17
QR7603,4297,4485,263,2025-06-21 17:33:58+00:00,2025-06-21 21:54:26.869097+00:00,945,1465.26
LA2352,4571,598,581,2025-07-05 02:56:41+00:00,2025-07-05 07:10:33.754774+00:00,19,1746.31
AF7007,4943,4455,3120,2025-08-21 12:45:10+00:00,2025-08-21 15:27:51.869276+00:00,601,1248.01
SQ5545,1807,3305,740,2025-08-18 17:00:25+00:00,2025-08-18 23:44:35.819331+00:00,838,843.79
G3814,2859,1089,2537,2026-02-03 17:12:45+00:00,2026-02-03 18:22:50.505979+00:00,170,2027.66
QR5710,3234,344,2480,2025-10-17 00:53:20+00:00,2025-10-17 13:32:00.570416+00:00,883,2450.35
UA9016,1041,3909,2093,2026-02-06 07:33:35+00:00,2026-02-06 19:13:39.467128+00:00,472,731.12
LH3020,4908,2279,2963,2025-06-24 23:12:00+00:00,2025-06-25 10:12:41.782343+00:00,187,1198.95
EK161,928,4274,1365,2025-11-05 22:09:28+00:00,2025-11-06 01:04:34.544898+00:00,22,2459.99
SQ5473,1332,3271,1992,2025-12-02 13:54:15+00:00,2025-12-03 01:46:52.120875+00:00,304,799.05
QR3858,1010,1219,3955,2025-12-15 23:07:14+00:00,2025-12-16 10:20:29.012789+00:00,1,2168.79
AF4116,3795,2941,1215,2026-02-28 14:29:17+00:00,2026-02-28 21:32:26.996364+00:00,383,340.37
EK9935,3818,4072,3471,2025-11-04 15:09:51+00:00,2025-11-04 20:04:20.720943+00:00,15,498.57
UA5536,3702,718,3099,2025-09-18 09:52:40+00:00,2025-09-18 20:11:04.057860+00:00,204,737.3
AF5575,1633,2606,1347,2026-02-24 13:56:24+00:00,2026-02-24 23:08:27.256008+00:00,837,2320.55
SQ3233,2098,3231,4838,2026-02-16 08:23:38+00:00,2026-02-16 19:49:08.825080+00:00,698,282.01
JJ116,1672,2380,3893,2026-04-01 07:35:01+00:00,2026-04-01 13:56:17.410306+00:00,317,1473.49
UA1445,1740,2231,4411,2026-03-27 17:17:34+00:00,2026-03-28 05:16:21.905324+00:00,549,2386.74
LH638,4728,2239,207,2025-08-14 11:38:54+00:00,2025-08-15 01:25:41.663999+00:00,248,1069.2
QR4560,777,2945,1341,2025-08-17 07:38:58+00:00,2025-08-17 10:31:35.131403+00:00,736,302.84
EK1196,1498,916,3293,2026-04-02 08:48:54+00:00,2026-04-02 18:03:33.907696+00:00,616,1558.93
AD5691,3386,2048,3173,2026-04-30 01:40:05+00:00,2026-04-30 12:17:55.390910+00:00,484,1120.67
TP3977,2082,3047,431,2025-10-17 15:41:48+00:00,2025-10-17 20:21:20.620787+00:00,954,1323.42
EK5261,3210,4550,1692,2026-01-28 18:10:12+00:00,2026-01-28 20:56:10.227913+00:00,656,1266.34
EK239,3539,4291,303,2025-06-30 18:24:17+00:00,2025-06-30 21:21:47.291438+00:00,6,388.62
UA8906,1251,140,768,2025-08-20 14:39:50+00:00,2025-08-21 00:20:41.182114+00:00,597,1992.09
JJ8171,4906,85,1879,2026-03-08 03:50:54+00:00,2026-03-08 16:57:26.866856+00:00,270,176.82
QR3023,2858,494,4568,2025-10-21 18:12:01+00:00,2025-10-21 20:24:30.244086+00:00,913,305.37
UA2408,2369,4073,1188,2025-11-07 17:44:21+00:00,2025-11-07 23:16:00.402856+00:00,661,1082.87
AF4715,2639,1696,1938,2025-11-22 02:12:37+00:00,2025-11-22 14:32:38.935215+00:00,350,2061.32
AF2851,2546,216,2609,2026-01-03 16:22:27+00:00,2026-01-04 00:51:08.838127+00:00,90,1820.82
AA2481,2073,3571,2271,2025-12-03 23:42:11+00:00,2025-12-04 09:40:44.605349+00:00,338,2024.65
LA3253,4184,4813,955,2026-05-20 13:17:35+00:00,2026-05-20 18:23:37.273096+00:00,448,658.86
DL2436,3117,3072,440,2026-05-13 11:38:47+00:00,2026-05-13 18:18:22.622207+00:00,648,547.93
G31966,1064,1233,3176,2025-12-08 19:17:21+00:00,2025-12-09 02:18:29.713382+00:00,736,2310.25
LH9158,1999,1135,533,2025-07-01 02:48:18+00:00,2025-07-01 12:39:46.197960+00:00,119,322.5
QR2004,3557,394,537,2025-09-28 22:12:53+00:00,2025-09-29 12:01:45.135797+00:00,51,510.02
DL3416,3740,1438,290,2025-07-23 02:06:22+00:00,2025-07-23 15:33:46.320887+00:00,760,1865.87
AD975,3407,1791,3992,2025-12-01 00:22:38+00:00,2025-12-01 05:57:18.107428+00:00,755,779.53
BA3023,801,4083,2916,2026-01-22 11:58:36+00:00,2026-01-22 15:32:11.672494+00:00,628,1089.83
IB7640,4503,590,76,2026-04-30 09:01:21+00:00,2026-04-30 15:28:27.328181+00:00,16,1919.76
TP5606,1409,743,1149,2025-12-09 11:34:59+00:00,2025-12-09 17:06:08.636607+00:00,429,133.82
TP7921,3825,792,922,2025-08-28 05:23:22+00:00,2025-08-28 09:24:59.963389+00:00,450,142.81
LH2266,1419,2579,3797,2025-06-21 16:00:46+00:00,2025-06-22 01:18:39.248870+00:00,485,414.93
SQ9511,4366,141,2517,2025-12-06 04:02:22+00:00,2025-12-06 07:13:33.572479+00:00,626,1339.63
BA5404,738,587,2797,2025-06-28 15:29:53+00:00,2025-06-29 03:04:34.157383+00:00,461,237.93
JJ2127,4102,4011,3625,2025-10-05 06:57:48+00:00,2025-10-05 16:45:59.966395+00:00,87,1584.61
UA9279,4863,2494,1973,2025-12-04 18:04:09+00:00,2025-12-05 06:43:19.771431+00:00,102,2076.04
UA8534,3713,927,4040,2025-09-16 17:00:34+00:00,2025-09-16 18:36:24.290043+00:00,928,805.51
AF8991,306,2148,3344,2025-07-22 08:06:59+00:00,2025-07-22 21:45:14.198707+00:00,709,2341.28
LH9235,1417,4754,505,2025-11-13 11:58:59+00:00,2025-11-13 23:44:34.573620+00:00,648,1571.52
TP4638,3468,4800,2409,2026-01-21 14:03:13+00:00,2026-01-21 23:06:44.853895+00:00,732,881.3
AD3519,1151,2724,4338,2026-02-22 00:50:29+00:00,2026-02-22 14:49:19.305263+00:00,452,315.0
QR1591,3606,1407,3601,2025-11-01 10:31:49+00:00,2025-11-01 14:51:01.158703+00:00,460,1339.02
G31054,3813,3836,3852,2026-01-23 11:41:23+00:00,2026-01-23 23:16:08.612724+00:00,328,1713.38
BA7195,828,3436,4953,2025-08-19 15:12:47+00:00,2025-08-20 03:39:48.456046+00:00,583,618.21
LH9104,2114,4581,415,2025-09-12 08:14:05+00:00,2025-09-12 12:19:15.022153+00:00,639,1080.95
AF1193,4176,808,1455,2025-09-28 02:14:12+00:00,2025-09-28 09:31:33.297847+00:00,324,1433.52
AA3437,40,3690,2886,2025-10-16 22:18:56+00:00,2025-10-17 02:43:15.264066+00:00,636,2325.95
G39305,2260,1241,4745,2026-05-27 20:12:26+00:00,2026-05-28 09:52:08.303642+00:00,371,1077.67
JJ5482,3404,2322,1153,2026-02-13 13:40:26+00:00,2026-02-14 03:26:24.157288+00:00,513,1699.6
G39206,250,24,1244,2025-08-20 15:52:13+00:00,2025-08-20 22:28:37.275180+00:00,590,2027.4
UA7965,1235,234,3277,2025-10-31 15:58:51+00:00,2025-10-31 21:56:40.969538+00:00,674,442.48
AA7672,3578,1698,528,2026-03-14 02:03:16+00:00,2026-03-14 13:40:36.933731+00:00,510,75.28
IB9692,4485,3271,2772,2025-07-06 06:58:26+00:00,2025-07-06 14:12:33.463828+00:00,890,2033.85
AF7204,1370,1942,2824,2026-05-06 21:04:14+00:00,2026-05-07 04:27:21.027286+00:00,883,1495.71
BA6824,894,2030,56,2025-06-14 08:12:31+00:00,2025-06-14 12:58:31.793249+00:00,474,2047.77
BA6415,581,945,2076,2025-10-03 15:45:52+00:00,2025-10-04 05:13:32.021299+00:00,530,837.37
SQ4949,792,485,2721,2025-07-05 00:40:23+00:00,2025-07-05 07:19:24.017508+00:00,87,1830.55
TP2747,3793,4278,4443,2025-08-17 16:28:59+00:00,2025-08-18 01:54:23.009224+00:00,339,674.6
AA924,4257,2430,4310,2026-01-01 06:39:48+00:00,2026-01-01 17:18:36.696392+00:00,419,836.64
JJ6209,1427,2947,4032,2025-07-05 08:28:19+00:00,2025-07-05 12:16:26.979392+00:00,501,2389.14
LH9442,1249,2609,4537,2025-06-14 13:58:27+00:00,2025-06-14 19:38:57.641096+00:00,27,728.21
QR2737,3777,1317,1179,2025-07-13 04:13:11+00:00,2025-07-13 11:21:45.026589+00:00,771,1571.28
UA9431,2248,4133,3826,2025-10-11 10:25:25+00:00,2025-10-11 17:55:52.657384+00:00,312,444.18
IB4639,2677,3422,3313,2026-03-09 12:02:11+00:00,2026-03-09 23:08:45.145520+00:00,138,333.31
QR4623,4671,2232,2944,2025-10-15 13:05:03+00:00,2025-10-15 14:55:25.101780+00:00,781,1759.19
DL8687,1229,4584,4699,2026-05-12 03:07:53+00:00,2026-05-12 10:39:05.703965+00:00,634,1589.57
G3878,2045,1939,3352,2025-07-16 17:27:50+00:00,2025-07-17 06:18:38.021250+00:00,479,1673.45
LH3725,3199,2602,4216,2025-10-30 05:18:24+00:00,2025-10-30 15:51:08.806538+00:00,225,1375.39
EK3169,3397,2989,4561,2026-05-04 13:56:15+00:00,2026-05-04 19:54:01.399474+00:00,556,1199.43
BA8074,3616,2192,4234,2025-09-03 02:23:20+00:00,2025-09-03 08:04:09.975514+00:00,882,1824.34
AD3289,2299,1931,914,2025-10-01 23:13:38+00:00,2025-10-02 02:45:47.263571+00:00,802,1719.2
LH4708,4989,2004,4072,2025-07-02 06:24:25+00:00,2025-07-02 14:45:17.823237+00:00,33,1003.37
QR2895,527,2516,4911,2026-02-03 01:18:21+00:00,2026-02-03 12:10:03.023347+00:00,865,118.96
DL3973,1700,3062,3895,2025-10-11 06:26:10+00:00,2025-10-11 15:32:14.256511+00:00,484,2392.0
TP6138,4530,4400,2999,2025-10-14 22:35:25+00:00,2025-10-15 06:01:24.874982+00:00,532,500.09
LH9465,3056,2844,4558,2025-10-09 15:18:56+00:00,2025-10-10 00:05:29.730348+00:00,479,1232.69
IB7974,322,1918,272,2025-07-19 18:59:34+00:00,2025-07-20 01:12:53.057359+00:00,675,382.49
IB7670,1172,2644,1196,2025-07-23 04:43:35+00:00,2025-07-23 10:10:40.390804+00:00,20,1853.39
EK756,4785,3555,623,2025-08-19 22:24:51+00:00,2025-08-20 10:12:19.268331+00:00,831,128.05
UA9690,624,3902,690,2026-03-30 05:03:20+00:00,2026-03-30 10:24:23.160023+00:00,167,1396.64
DL7455,1207,2957,3431,2025-09-23 11:09:09+00:00,2025-09-23 17:27:46.722106+00:00,713,1759.08
AD7130,4938,313,1366,2025-08-06 15:56:31+00:00,2025-08-06 21:48:35.266115+00:00,420,1142.38
JJ6384,1038,298,929,2026-04-11 23:53:11+00:00,2026-04-12 09:59:07.315815+00:00,709,725.02
JJ797,2732,3901,3341,2025-08-13 04:18:40+00:00,2025-08-13 17:07:15.767135+00:00,40,377.4
DL3554,3235,2307,2311,2026-04-11 16:51:15+00:00,2026-04-11 20:54:32.462793+00:00,576,2352.4
AA6218,2620,3958,4910,2026-01-12 14:19:46+00:00,2026-01-13 00:21:19.347716+00:00,317,637.36
LA7049,3930,314,2534,2026-04-06 18:38:39+00:00,2026-04-06 22:12:33.036813+00:00,131,891.34
EK1557,1422,2490,788,2026-04-27 02:41:20+00:00,2026-04-27 16:19:53.301783+00:00,922,835.19
DL1588,875,2889,1574,2026-03-01 18:31:07+00:00,2026-03-01 21:21:34.363608+00:00,516,453.64
DL8945,1320,1956,3476,2025-11-13 23:54:07+00:00,2025-11-14 03:26:26.873707+00:00,686,1370.71
LH9030,1804,3360,199,2025-09-17 14:44:49+00:00,2025-09-17 19:35:22.016793+00:00,926,765.18
AF1325,4435,2556,4555,2025-08-05 20:00:48+00:00,2025-08-06 01:52:18.075804+00:00,678,1271.42
AF6246,3667,6,2933,2025-12-30 05:21:37+00:00,2025-12-30 10:32:20.432714+00:00,765,1715.87
EK6507,1825,992,3836,2026-01-21 13:06:16+00:00,2026-01-21 22:02:13.945051+00:00,978,1214.12
AA9891,2896,1726,305,2025-08-07 12:43:00+00:00,2025-08-08 01:17:44.316296+00:00,99,168.14
AF6448,1345,1166,220,2025-07-19 01:32:42+00:00,2025-07-19 04:11:07.144039+00:00,574,1172.36
EK1913,3013,91,4453,2025-11-14 00:52:13+00:00,2025-11-14 10:44:28.650142+00:00,528,1782.41
EK4028,2410,2827,833,2025-10-10 15:12:23+00:00,2025-10-11 00:10:06.631432+00:00,126,1806.08
LH8976,4686,830,3947,2025-06-29 21:29:46+00:00,2025-06-30 00:29:47.133306+00:00,733,2026.43
IB3626,1149,4011,1039,2026-04-29 07:47:12+00:00,2026-04-29 15:29:32.557067+00:00,112,1549.96
QR8127,4622,4229,1820,2026-04-18 09:50:45+00:00,2026-04-18 15:47:45.027152+00:00,800,1737.23
TP5888,2691,3076,1800,2025-11-16 16:23:09+00:00,2025-11-17 04:30:14.939995+00:00,275,718.14
AD7252,3876,489,4713,2025-06-11 17:43:28+00:00,2025-06-12 01:26:57.609866+00:00,244,1696.37
IB8466,1307,4078,2489,2026-05-02 02:14:31+00:00,2026-05-02 14:35:44.781585+00:00,878,727.99
BA4147,1425,4949,3879,2025-10-14 07:35:21+00:00,2025-10-14 20:03:26.462451+00:00,511,2250.58
IB8000,1273,1680,4182,2025-06-05 12:23:16+00:00,2025-06-05 23:50:24.540266+00:00,208,935.61
SQ3699,2819,2575,4673,2025-11-25 06:43:36+00:00,2025-11-25 13:24:54.502554+00:00,777,2476.0
BA2315,2053,2961,550,2026-04-17 13:08:42+00:00,2026-04-17 17:24:55.467684+00:00,370,2225.73
SQ3714,4530,3415,852,2025-09-12 12:22:27+00:00,2025-09-12 15:03:09.938310+00:00,353,1845.49
BA8564,813,830,1622,2025-07-07 14:52:57+00:00,2025-07-08 04:17:23.632605+00:00,873,1045.76
LA1690,2989,3425,1288,2026-03-09 10:30:10+00:00,2026-03-09 13:35:54.543103+00:00,944,2186.76
LH8559,4158,2571,2311,2025-10-21 17:49:06+00:00,2025-10-21 19:08:00.561186+00:00,507,1887.08
BA5596,3284,1736,1690,2025-06-04 21:16:54+00:00,2025-06-05 04:12:17.454569+00:00,515,164.09
LA4347,592,2149,2461,2025-11-29 08:52:58+00:00,2025-11-29 15:09:11.435042+00:00,206,274.26
UA1028,2733,730,759,2026-06-03 00:50:05+00:00,2026-06-03 13:13:06.794756+00:00,148,323.38
LH4853,961,580,2384,2025-08-11 03:14:25+00:00,2025-08-11 06:36:43.828172+00:00,257,1175.08
BA6872,2672,1760,660,2025-08-29 14:09:14+00:00,2025-08-29 23:09:30.124112+00:00,465,136.54
QR7773,3479,2620,2134,2025-12-23 13:29:41+00:00,2025-12-23 17:08:33.100265+00:00,775,942.5
DL9880,1896,375,2806,2026-02-12 13:15:11+00:00,2026-02-12 16:22:22.893537+00:00,895,791.06
IB6697,721,1434,3126,2026-05-14 08:43:59+00:00,2026-05-14 15:04:33.314686+00:00,602,2008.15
LA2412,3373,1036,4222,2026-02-12 08:12:34+00:00,2026-02-12 20:07:45.589513+00:00,103,459.92
DL6250,2560,4137,2710,2026-01-18 14:45:56+00:00,2026-01-18 17:09:29.020262+00:00,661,1032.87
AA4790,1608,4856,2530,2025-10-12 17:56:07+00:00,2025-10-13 07:38:37.929372+00:00,984,913.38
DL7482,3311,3012,2030,2026-05-24 11:49:44+00:00,2026-05-24 21:23:31.975637+00:00,323,685.93
QR1538,2909,4312,2712,2025-09-24 15:54:12+00:00,2025-09-24 21:19:52.787542+00:00,420,2133.6
IB216,294,3035,1327,2025-08-06 16:51:25+00:00,2025-08-07 02:32:00.838580+00:00,552,709.8
EK8644,4258,3215,4108,2025-12-31 21:09:54+00:00,2026-01-01 08:26:54.336280+00:00,557,1084.49
EK3873,361,4020,804,2025-11-21 20:58:00+00:00,2025-11-22 10:26:47.551125+00:00,518,1587.86
TP9046,2328,4267,1386,2025-10-08 10:28:48+00:00,2025-10-08 20:19:32.934552+00:00,36,2374.11
DL1426,2409,4338,3928,2026-03-21 01:23:05+00:00,2026-03-21 04:40:29.347045+00:00,249,1881.63
EK1453,4587,421,1684,2025-12-15 13:12:33+00:00,2025-12-16 02:22:56.175881+00:00,944,2355.22
EK6414,2142,1562,3684,2025-07-27 21:20:59+00:00,2025-07-27 23:12:21.476007+00:00,193,922.09
LH8249,2257,887,2971,2026-01-10 19:09:30+00:00,2026-01-11 06:40:27.989496+00:00,354,1590.2
EK1906,2445,1597,4461,2026-03-16 11:31:54+00:00,2026-03-16 20:14:18.820191+00:00,979,819.94
QR9480,823,3953,3250,2026-05-05 05:18:00+00:00,2026-05-05 15:33:31.398031+00:00,843,246.88
SQ2593,2752,3841,3197,2025-09-07 00:49:28+00:00,2025-09-07 13:42:42.215595+00:00,55,241.71
LA3901,3342,1959,4359,2026-03-16 13:47:24+00:00,2026-03-16 22:54:40.188169+00:00,857,1317.91
IB6128,1431,1428,2519,2025-06-10 19:30:22+00:00,2025-06-11 04:05:27.933687+00:00,556,786.18
TP4688,2446,1932,907,2026-04-24 03:27:41+00:00,2026-04-24 13:31:25.450725+00:00,390,211.59
AF6825,1299,69,4025,2026-02-24 07:59:21+00:00,2026-02-24 15:12:05.149002+00:00,390,1228.51
UA1014,939,3939,3046,2026-04-13 14:25:00+00:00,2026-04-14 00:02:56.912491+00:00,24,955.75
EK281,4658,864,696,2026-04-19 20:34:30+00:00,2026-04-20 01:19:28.192598+00:00,672,1847.8
EK4202,370,1690,4733,2026-02-27 08:06:05+00:00,2026-02-27 14:09:59.832637+00:00,328,1227.75
JJ296,1126,4820,2264,2025-09-23 09:45:42+00:00,2025-09-23 10:48:37.642483+00:00,932,2021.55
AF6433,42,2199,1840,2026-02-27 14:13:58+00:00,2026-02-27 19:57:30.718175+00:00,819,1251.01
LH4275,1428,291,3841,2025-07-31 11:34:39+00:00,2025-07-31 15:11:39.885376+00:00,439,755.62
BA4501,1886,3755,4877,2026-03-27 19:29:14+00:00,2026-03-28 09:22:17.739973+00:00,973,1171.81
EK507,3280,1684,107,2026-02-08 12:54:14+00:00,2026-02-08 18:44:20.134576+00:00,791,2147.26
AA6374,775,1104,3951,2025-06-16 02:55:42+00:00,2025-06-16 05:44:45.263425+00:00,189,957.27
BA7220,1185,202,2267,2025-12-13 17:04:46+00:00,2025-12-13 23:43:15.047589+00:00,99,506.81
LH4289,847,3806,2680,2026-05-22 23:45:34+00:00,2026-05-23 10:21:00.590990+00:00,17,166.05
AF8678,2691,106,1345,2026-03-03 23:09:15+00:00,2026-03-04 11:32:12.365745+00:00,756,774.71
LH5599,3790,1358,4716,2025-07-04 10:38:42+00:00,2025-07-04 14:07:55.075455+00:00,665,1043.13
JJ2636,3946,1735,1673,2025-06-08 00:52:41+00:00,2025-06-08 05:07:42.307071+00:00,855,2360.3
AF1197,351,3227,3523,2025-09-07 02:46:38+00:00,2025-09-07 14:19:02.782242+00:00,25,1268.89
LH7357,1971,2283,380,2025-07-20 11:29:40+00:00,2025-07-20 15:55:56.849717+00:00,916,663.17
JJ6315,2759,581,3211,2026-05-29 19:14:35+00:00,2026-05-30 01:46:24.603451+00:00,16,1245.21
AD8471,64,3288,1326,2025-09-16 17:48:52+00:00,2025-09-17 03:53:17.737169+00:00,768,1233.78
JJ7716,1497,3393,1663,2025-08-01 22:22:00+00:00,2025-08-02 04:02:24.751280+00:00,86,1232.65
UA8631,4938,615,3232,2025-07-21 14:51:20+00:00,2025-07-21 22:50:59.768967+00:00,374,662.88
G36604,366,301,559,2026-05-26 18:00:38+00:00,2026-05-27 06:29:29.262367+00:00,955,1799.67
TP9438,2966,485,2152,2025-06-16 02:33:08+00:00,2025-06-16 07:40:25.504877+00:00,496,308.81
IB2074,365,1517,210,2025-10-30 04:55:30+00:00,2025-10-30 06:17:33.873135+00:00,122,1872.36
TP4163,284,2121,4128,2025-10-16 01:20:36+00:00,2025-10-16 03:27:17.240243+00:00,441,1672.55
AF9415,2381,3180,984,2025-08-28 02:05:16+00:00,2025-08-28 07:22:58.604393+00:00,621,2083.84
G31213,3386,973,4405,2026-03-31 00:57:04+00:00,2026-03-31 12:04:36.622061+00:00,785,2291.71
DL2619,2973,3223,4171,2026-01-31 14:52:25+00:00,2026-02-01 02:58:32.030664+00:00,820,586.31
UA6047,30,2612,1115,2025-06-15 23:14:36+00:00,2025-06-16 02:38:41.659933+00:00,444,1646.42
G33906,2034,1587,3499,2025-08-31 21:35:16+00:00,2025-09-01 06:42:50.889537+00:00,427,2250.93
BA1503,1264,2114,1870,2026-01-20 19:56:30+00:00,2026-01-20 23:36:37.708713+00:00,849,2185.58
G36367,4481,2978,2411,2025-07-03 12:31:36+00:00,2025-07-03 23:43:23.380570+00:00,766,776.65
SQ2025,3756,45,2336,2025-10-07 08:45:09+00:00,2025-10-07 19:46:02.174753+00:00,886,2349.92
AD5912,4574,4663,2441,2026-01-22 11:58:15+00:00,2026-01-23 01:14:08.174808+00:00,412,846.55
AF5415,529,930,4013,2025-10-09 02:27:35+00:00,2025-10-09 08:37:14.415411+00:00,286,1364.54
DL6452,1191,2921,4277,2026-01-29 14:41:09+00:00,2026-01-29 23:00:40.404290+00:00,622,1865.09
UA2984,2259,1609,4208,2025-11-07 19:50:04+00:00,2025-11-08 08:37:00.214221+00:00,687,598.68
TP651,484,4244,2804,2026-04-21 09:37:07+00:00,2026-04-21 18:35:13.131491+00:00,492,529.5
SQ1795,2824,4541,2936,2025-06-24 01:42:59+00:00,2025-06-24 08:50:01.062367+00:00,988,546.01
EK3276,2730,1450,4936,2026-02-06 12:37:03+00:00,2026-02-07 01:38:34.971205+00:00,249,110.2
IB270,4474,1396,796,2025-09-04 12:23:50+00:00,2025-09-04 19:01:12.724005+00:00,547,139.07
LA1677,945,49,4841,2026-03-26 20:30:25+00:00,2026-03-27 09:50:19.682136+00:00,352,165.77
BA7663,4437,1620,2938,2025-12-29 15:36:32+00:00,2025-12-29 22:21:32.291478+00:00,807,2173.62
DL412,2538,990,335,2025-09-21 04:28:55+00:00,2025-09-21 17:43:39.893514+00:00,180,1119.61
DL1266,3744,3138,3808,2025-09-23 12:37:30+00:00,2025-09-23 23:28:26.694415+00:00,72,1469.81
LA2918,1532,2461,23,2025-10-17 13:36:59+00:00,2025-10-18 02:44:44.759679+00:00,253,1950.88
IB3754,2109,1082,2572,2025-12-10 16:13:28+00:00,2025-12-10 19:00:33.682927+00:00,731,717.84
LH7047,3416,1889,4438,2026-02-15 01:33:39+00:00,2026-02-15 14:44:38.087683+00:00,795,1871.64
LA1455,4229,2980,3948,2025-06-18 03:26:04+00:00,2025-06-18 08:30:03.603544+00:00,609,1649.93
SQ5280,1780,4715,1447,2026-05-07 17:10:24+00:00,2026-05-08 03:56:20.569507+00:00,19,1302.49
LH5141,2443,4067,1042,2026-04-25 21:26:59+00:00,2026-04-26 03:39:38.374074+00:00,192,411.87
JJ5095,665,3912,4017,2026-03-04 22:57:45+00:00,2026-03-05 05:32:58.794515+00:00,204,322.47
LH7623,476,445,4765,2025-10-02 22:35:31+00:00,2025-10-03 05:03:50.870635+00:00,463,2290.03
LA2987,1289,2572,2956,2025-10-02 21:04:37+00:00,2025-10-03 08:11:31.105206+00:00,790,216.26
UA1840,3816,833,431,2025-12-25 21:13:54+00:00,2025-12-26 00:45:21.732707+00:00,615,748.55
UA1848,1167,4211,2380,2026-02-15 06:47:52+00:00,2026-02-15 14:13:19.297848+00:00,281,62.85
JJ8274,552,3705,3501,2026-01-29 03:27:13+00:00,2026-01-29 09:49:53.164617+00:00,572,1661.41
TP5380,4693,3067,3204,2026-03-17 02:13:43+00:00,2026-03-17 09:33:02.558745+00:00,159,122.81
IB5011,315,3225,1171,2026-02-03 12:10:47+00:00,2026-02-03 17:50:57.601714+00:00,690,1946.84
UA3865,2257,4672,4073,2025-09-06 01:15:15+00:00,2025-09-06 10:35:51.597139+00:00,976,1958.06
AD7494,2589,3299,2852,2026-03-20 21:39:37+00:00,2026-03-21 03:49:53.899055+00:00,153,254.65
JJ9836,4186,660,387,2025-10-17 22:49:34+00:00,2025-10-18 12:42:55.694781+00:00,240,1795.28
AF9217,3968,3154,3852,2025-07-02 04:34:18+00:00,2025-07-02 07:06:46.245140+00:00,392,805.45
QR1526,1854,2265,1575,2025-11-18 03:59:13+00:00,2025-11-18 10:16:35.092503+00:00,157,1083.23
LA5954,3471,1767,4648,2025-11-29 18:46:21+00:00,2025-11-30 04:22:28.679870+00:00,417,896.95
SQ8324,249,35,101,2025-10-14 18:36:18+00:00,2025-10-15 00:44:28.352500+00:00,333,2427.18
LA2980,1919,4882,1335,2025-06-10 16:15:52+00:00,2025-06-10 23:18:13.089139+00:00,515,1261.2
IB9445,1779,907,3834,2025-06-22 03:32:57+00:00,2025-06-22 13:28:36.148636+00:00,462,328.42
EK2222,2972,2629,648,2025-09-22 07:28:15+00:00,2025-09-22 18:41:43.262365+00:00,809,2405.9
LA9909,3763,449,3018,2026-05-19 08:58:12+00:00,2026-05-19 15:47:40.602635+00:00,283,2334.72
LH599,1847,605,4693,2025-10-19 03:46:02+00:00,2025-10-19 15:11:16.707641+00:00,145,171.1
AD2899,2907,4775,4426,2026-05-22 15:24:16+00:00,2026-05-22 23:28:52.199272+00:00,603,2129.66
BA8246,4874,2438,4867,2025-11-08 23:41:24+00:00,2025-11-09 11:42:23.810437+00:00,275,1506.01
QR8539,3192,2334,216,2026-05-14 20:55:38+00:00,2026-05-15 00:41:46.584553+00:00,629,2104.76
LH2168,4063,4361,624,2025-07-05 21:11:23+00:00,2025-07-05 22:52:51.927810+00:00,90,2347.3
QR941,3855,4558,1496,2025-10-28 17:13:57+00:00,2025-10-28 20:27:22.725937+00:00,374,549.92
AD6764,2221,4295,4036,2026-06-02 17:54:16+00:00,2026-06-03 00:24:47.562692+00:00,764,1423.71
JJ228,3506,4504,3482,2026-05-11 00:53:48+00:00,2026-05-11 03:07:24.852475+00:00,637,2266.42
TP3721,4962,660,107,2025-10-27 04:00:27+00:00,2025-10-27 05:47:55.704669+00:00,356,2393.93
TP7815,737,4686,4935,2025-09-19 08:31:08+00:00,2025-09-19 16:28:18.469194+00:00,398,1450.31
AF9313,1472,4618,3889,2026-01-04 23:47:44+00:00,2026-01-05 02:47:28.213458+00:00,84,103.23
DL4271,3307,2505,2511,2025-11-29 03:15:48+00:00,2025-11-29 05:42:13.722742+00:00,251,1980.73
TP6462,4988,2197,2093,2025-08-24 10:20:01+00:00,2025-08-24 12:23:50.288696+00:00,314,1939.88
LA8118,4959,3532,1994,2026-02-23 14:46:34+00:00,2026-02-23 20:11:13.067979+00:00,138,214.36
BA9215,3573,4057,210,2025-09-15 18:34:10+00:00,2025-09-16 06:06:18.729062+00:00,351,2048.78
AD6805,3566,3270,1678,2026-03-18 03:50:42+00:00,2026-03-18 15:24:50.346443+00:00,811,1045.98
IB2435,2174,1451,4509,2025-08-27 03:22:41+00:00,2025-08-27 15:36:15.609680+00:00,394,174.91
AF6710,1424,1383,4944,2025-07-25 23:40:59+00:00,2025-07-26 09:18:35.517638+00:00,615,365.7
TP4055,3635,1196,2829,2026-02-19 03:32:04+00:00,2026-02-19 05:53:08.616368+00:00,596,1669.48
AA5935,446,3484,2564,2026-04-08 13:06:07+00:00,2026-04-08 19:26:36.274182+00:00,329,1846.74
TP7428,2263,3284,127,2025-09-26 13:29:44+00:00,2025-09-26 17:42:24.662200+00:00,543,2125.54
LH3510,3946,256,288,2026-01-23 17:27:37+00:00,2026-01-23 21:45:36.433173+00:00,988,2439.06
IB3041,2948,3098,4292,2025-08-12 19:43:23+00:00,2025-08-13 03:23:03.411330+00:00,822,1517.57
DL5924,1626,765,2787,2026-03-08 12:55:47+00:00,2026-03-08 21:49:23.465219+00:00,101,1357.03
DL4002,2896,3267,3723,2026-04-13 23:52:39+00:00,2026-04-14 13:11:13.069747+00:00,137,2397.0
AA6862,4754,2939,364,2025-09-07 10:33:44+00:00,2025-09-07 19:13:48.234526+00:00,426,2438.19
IB7974,4435,3775,1473,2025-12-30 14:35:46+00:00,2025-12-30 23:38:24.194689+00:00,758,522.24
JJ4660,2759,1958,2367,2025-12-21 10:15:21+00:00,2025-12-21 23:42:49.452463+00:00,457,397.05
IB158,4013,4982,1664,2026-05-06 08:47:29+00:00,2026-05-06 14:53:37.131461+00:00,729,1093.18
LH2645,3204,1303,618,2026-04-22 04:19:20+00:00,2026-04-22 13:29:02.255770+00:00,462,2070.89
TP4340,3305,2857,170,2026-02-13 06:40:00+00:00,2026-02-13 10:31:45.042784+00:00,131,1603.77
LA7474,1492,2677,4012,2026-03-16 02:38:31+00:00,2026-03-16 10:50:10.477640+00:00,703,728.4
IB306,4896,1650,4361,2026-01-22 05:01:43+00:00,2026-01-22 10:53:44.475721+00:00,375,1075.67
LA2263,616,525,1557,2025-08-06 12:53:37+00:00,2025-08-06 18:06:10.471185+00:00,770,2057.93
SQ2730,482,2795,2552,2026-05-07 20:15:44+00:00,2026-05-08 06:26:31.330132+00:00,88,465.99
UA6997,1639,3576,4959,2026-06-01 02:37:02+00:00,2026-06-01 09:20:16.405448+00:00,366,153.62
SQ4144,464,4119,3653,2026-05-12 18:22:50+00:00,2026-05-13 06:28:14.339325+00:00,965,610.76
JJ2677,4201,4194,3589,2025-10-20 12:58:26+00:00,2025-10-20 23:49:08.687154+00:00,908,2477.89
AD9073,1207,4125,1132,2025-06-08 16:10:56+00:00,2025-06-09 02:38:08.666211+00:00,72,1556.98
JJ7220,1387,3490,3355,2026-03-19 03:49:53+00:00,2026-03-19 16:35:06.104947+00:00,604,745.33
IB2196,1552,4061,2152,2025-06-10 19:48:37+00:00,2025-06-10 22:57:40.663730+00:00,19,425.09
TP2688,1591,2872,3561,2026-03-01 06:47:54+00:00,2026-03-01 13:45:39.661815+00:00,420,476.94
SQ1680,3012,3224,4870,2025-06-07 06:31:05+00:00,2025-06-07 12:09:32.420302+00:00,895,2160.92
LA9448,4669,2443,2172,2026-05-05 08:16:23+00:00,2026-05-05 15:13:22.233872+00:00,989,1602.27
DL3077,3511,810,661,2025-06-07 08:30:17+00:00,2025-06-07 09:58:36.123043+00:00,923,1628.9
LH5471,3784,2530,4911,2025-09-28 15:04:36+00:00,2025-09-28 16:41:17.496800+00:00,980,263.61
UA1736,1207,1431,2700,2025-11-09 06:01:06+00:00,2025-11-09 17:57:41.515226+00:00,59,689.46
DL5165,419,4923,3024,2025-08-25 07:41:43+00:00,2025-08-25 17:02:55.338587+00:00,59,943.01
QR1038,261,366,3853,2025-11-09 11:29:46+00:00,2025-11-09 14:09:36.519527+00:00,174,400.14
AA3584,4485,2562,1196,2026-02-25 20:25:46+00:00,2026-02-26 00:07:15.166747+00:00,169,2453.32
LH2699,829,1369,207,2025-12-01 17:22:28+00:00,2025-12-01 21:51:41.653790+00:00,899,2469.77
SQ4158,568,3216,2045,2025-07-04 01:30:12+00:00,2025-07-04 10:20:41.910430+00:00,168,559.5
AF9837,3058,4979,2253,2026-02-25 04:17:24+00:00,2026-02-25 13:54:23.611152+00:00,29,361.97
UA9144,208,4628,859,2025-09-17 12:24:26+00:00,2025-09-18 02:03:13.995084+00:00,344,1551.32
IB1210,2859,3261,227,2025-10-12 17:02:25+00:00,2025-10-13 05:40:14.869121+00:00,603,1723.46
DL9977,4496,2700,3942,2026-05-02 12:04:23+00:00,2026-05-02 16:44:57.904628+00:00,783,920.01
LA7171,3616,1005,4448,2026-02-11 16:16:21+00:00,2026-02-12 05:45:01.786091+00:00,900,2480.11
LH2605,3350,1997,368,2026-04-16 00:18:55+00:00,2026-04-16 14:05:02.606682+00:00,497,79.81
AA1125,1456,3715,2891,2025-12-12 21:24:54+00:00,2025-12-13 00:24:55.575185+00:00,929,531.62
BA4847,418,122,1541,2025-12-17 21:04:50+00:00,2025-12-18 10:19:03.632937+00:00,450,978.13
QR5888,2904,1604,2158,2026-02-02 16:01:48+00:00,2026-02-03 00:52:51.689866+00:00,921,849.87
LA1195,266,3665,1246,2026-01-13 22:31:41+00:00,2026-01-14 00:49:56.281703+00:00,340,359.33
LA7575,3324,2491,2349,2025-11-04 16:50:17+00:00,2025-11-05 02:44:23.091363+00:00,291,1107.02
QR6313,4448,4692,1038,2025-08-30 21:53:57+00:00,2025-08-31 07:51:50.289389+00:00,954,148.78
UA6629,707,538,2615,2025-08-04 11:40:51+00:00,2025-08-04 15:56:41.248403+00:00,259,1654.81
UA8605,4920,4033,2628,2026-04-25 07:02:58+00:00,2026-04-25 11:28:00.196112+00:00,720,1386.54
JJ8452,4975,4833,3929,2025-06-22 20:24:10+00:00,2025-06-22 23:23:45.142654+00:00,645,1651.58
AA8955,448,4241,3169,2025-11-16 00:54:10+00:00,2025-11-16 06:17:03.473345+00:00,21,2498.06
EK7690,1790,2000,3083,2025-11-27 21:15:28+00:00,2025-11-27 23:49:22.466241+00:00,56,1025.01
UA2332,3510,3098,887,2025-12-06 08:35:13+00:00,2025-12-06 12:48:38.168484+00:00,418,2098.76
AD8597,2317,1819,3538,2025-07-11 02:31:33+00:00,2025-07-11 15:21:05.291324+00:00,574,2083.97
QR3216,70,438,1179,2025-10-21 16:04:09+00:00,2025-10-22 03:01:19.358497+00:00,252,647.38
AA2998,2298,1912,1253,2025-06-11 05:39:19+00:00,2025-06-11 13:06:35.212336+00:00,740,2216.07
QR6034,3876,739,1157,2025-09-17 15:54:11+00:00,2025-09-18 02:03:49.949460+00:00,634,1678.7
EK4008,861,2886,1748,2026-04-01 10:17:31+00:00,2026-04-02 00:13:13.969205+00:00,512,2206.92
QR6167,2766,4556,3268,2025-07-03 05:02:34+00:00,2025-07-03 09:29:11.524382+00:00,203,126.88
G35341,3626,1408,1159,2025-11-12 13:25:28+00:00,2025-11-12 19:32:30.680796+00:00,633,1271.44
AD1780,664,295,842,2026-03-07 01:49:56+00:00,2026-03-07 04:08:48.456987+00:00,383,2228.06
TP1638,2905,4419,3597,2025-07-26 03:51:07+00:00,2025-07-26 17:31:24.439302+00:00,657,153.72
AA2267,3685,271,2515,2025-11-04 04:46:11+00:00,2025-11-04 10:31:58.703700+00:00,876,422.57
UA9064,1286,2614,927,2026-01-24 20:03:49+00:00,2026-01-25 09:03:53.468143+00:00,858,1214.88
UA8181,3543,718,1521,2025-07-22 22:35:01+00:00,2025-07-23 01:23:58.375261+00:00,535,2474.04
LA937,2952,2546,712,2026-05-21 11:28:41+00:00,2026-05-21 13:37:07.088689+00:00,722,1998.86
QR794,74,922,3236,2025-08-06 23:53:28+00:00,2025-08-07 05:44:24.530200+00:00,792,1775.16
DL579,1936,2841,950,2025-08-04 23:36:43+00:00,2025-08-05 00:42:37.621761+00:00,908,918.22
AD6040,3528,1086,4306,2026-03-07 14:24:31+00:00,2026-03-07 22:33:28.255336+00:00,184,1278.1
DL7782,529,6,388,2025-10-05 04:32:30+00:00,2025-10-05 07:11:43.631511+00:00,377,2473.58
AD8547,4064,3483,3088,2026-05-16 08:04:57+00:00,2026-05-16 14:57:31.580865+00:00,49,1650.9
BA4016,4705,1534,4667,2025-10-08 00:37:58+00:00,2025-10-08 09:53:12.051252+00:00,473,1475.77
BA5046,2726,518,1659,2025-08-15 10:05:37+00:00,2025-08-15 14:23:16.995638+00:00,487,1288.92
LH4553,1392,3036,3612,2026-04-10 05:35:11+00:00,2026-04-10 12:56:46.303893+00:00,892,1656.58
AD6456,546,4834,4859,2026-01-26 02:52:43+00:00,2026-01-26 11:51:52.547236+00:00,102,1102.83
SQ658,4535,3830,4814,2025-12-20 06:27:05+00:00,2025-12-20 18:44:51.850708+00:00,581,1748.17
DL6771,4816,4881,1366,2025-08-29 04:54:11+00:00,2025-08-29 11:54:08.022740+00:00,235,1498.92
BA9250,4830,3315,2121,2026-05-07 08:53:22+00:00,2026-05-07 14:45:24.492047+00:00,5,494.2
QR4285,4295,3223,3777,2025-06-28 15:38:32+00:00,2025-06-29 04:45:33.036419+00:00,330,307.02
TP6167,2967,2057,1683,2026-02-20 01:41:53+00:00,2026-02-20 10:52:15.873509+00:00,129,2258.06
LA693,3083,1563,1565,2026-04-10 16:00:56+00:00,2026-04-10 18:12:38.023607+00:00,125,1538.83
LH3977,3762,3385,2701,2025-10-17 18:58:57+00:00,2025-10-18 06:30:57.505160+00:00,838,120.55
UA5520,4412,1965,4044,2025-06-06 10:30:43+00:00,2025-06-06 12:00:00.376781+00:00,788,2025.47
TP7656,2619,4500,4799,2025-06-19 12:37:56+00:00,2025-06-19 20:48:07.557847+00:00,928,2132.73
IB1927,120,4336,2162,2025-12-02 12:10:39+00:00,2025-12-03 00:19:59.902207+00:00,794,1010.44
QR8854,3551,4131,2024,2026-03-25 08:15:05+00:00,2026-03-25 11:36:01.059201+00:00,575,296.6
DL6831,4209,245,3430,2026-02-02 23:02:12+00:00,2026-02-03 02:13:29.835000+00:00,231,1445.63
QR2161,2146,2648,4175,2025-12-03 09:45:07+00:00,2025-12-03 19:11:21.629401+00:00,900,1767.59
TP1197,1873,2092,4372,2026-03-04 00:55:00+00:00,2026-03-04 02:38:29.476112+00:00,94,464.58
QR4065,2072,4811,2907,2026-06-03 07:49:57+00:00,2026-06-03 10:01:03.758323+00:00,582,1019.47
TP9713,1784,3018,2569,2026-02-27 03:05:31+00:00,2026-02-27 10:29:46.148341+00:00,574,2424.62
UA9574,3196,3106,87,2026-03-13 18:41:31+00:00,2026-03-14 01:50:37.190690+00:00,495,885.59
AA8130,4919,2203,3965,2026-05-23 10:34:00+00:00,2026-05-23 23:25:41.689537+00:00,302,2324.79
TP5153,1475,4834,4872,2025-10-30 01:37:58+00:00,2025-10-30 12:37:48.104489+00:00,245,741.9
QR4159,653,2794,4724,2025-08-25 09:46:03+00:00,2025-08-25 12:06:56.813397+00:00,770,586.29
AD9484,3116,4849,3450,2025-07-12 17:34:34+00:00,2025-07-12 20:09:28.115456+00:00,829,1077.46
TP8909,1096,4607,605,2025-08-05 10:19:30+00:00,2025-08-05 19:07:18.358623+00:00,209,352.69
G38903,1728,3222,127,2025-06-13 13:32:58+00:00,2025-06-13 21:10:41.768616+00:00,897,2048.81
LA2074,2136,3631,2543,2025-09-10 05:22:31+00:00,2025-09-10 17:56:42.423321+00:00,15,1574.98
TP1070,26,1660,323,2025-08-13 06:44:49+00:00,2025-08-13 12:44:17.179790+00:00,412,2019.63
AD8030,4889,226,1928,2025-10-29 00:51:41+00:00,2025-10-29 08:11:59.543526+00:00,13,814.47
UA1936,160,4381,4983,2025-08-06 14:42:15+00:00,2025-08-07 00:57:00.014651+00:00,239,2479.74
LH7337,1298,3572,3938,2026-04-26 01:58:40+00:00,2026-04-26 11:01:37.390779+00:00,8,308.29
QR3508,1483,2785,46,2025-12-25 19:17:36+00:00,2025-12-26 03:26:37.850815+00:00,567,2205.59
EK6670,3559,1986,794,2025-10-17 01:04:13+00:00,2025-10-17 06:46:40.998925+00:00,359,583.02
JJ7670,4259,2930,4593,2026-04-20 20:29:07+00:00,2026-04-20 21:55:01.774040+00:00,272,825.89
TP1287,3758,3577,733,2025-11-27 09:02:05+00:00,2025-11-27 20:02:22.080104+00:00,187,2475.2
LA2921,1602,2829,4929,2025-09-03 03:23:50+00:00,2025-09-03 09:17:27.702264+00:00,357,1794.12
EK9136,3082,4606,557,2025-11-24 04:47:57+00:00,2025-11-24 10:23:59.553021+00:00,81,140.99
UA3705,2954,4293,4864,2025-10-04 18:37:20+00:00,2025-10-04 20:26:37.915566+00:00,772,2341.06
AF2437,3472,4104,2296,2025-11-02 19:26:25+00:00,2025-11-03 04:22:27.392832+00:00,196,1166.29
IB5234,2659,2941,2162,2025-12-19 03:49:42+00:00,2025-12-19 09:36:00.058348+00:00,895,1623.65
IB7657,647,3815,2737,2026-02-28 10:53:20+00:00,2026-02-28 15:13:32.726603+00:00,991,894.36
G31311,4822,478,4954,2025-09-16 04:56:49+00:00,2025-09-16 15:59:31.231745+00:00,631,1752.54
DL2994,91,1152,621,2025-11-09 12:02:45+00:00,2025-11-09 20:31:07.191483+00:00,429,330.93
AF158,1509,4558,4964,2026-01-25 12:04:13+00:00,2026-01-25 22:31:35.813650+00:00,534,1667.51
TP4943,3670,1622,85,2026-05-16 10:20:54+00:00,2026-05-16 19:40:25.258759+00:00,705,586.99
IB2067,1943,184,4824,2025-11-06 22:04:31+00:00,2025-11-07 01:15:16.662117+00:00,823,1016.37
AF4163,1676,1766,2967,2025-07-26 05:59:27+00:00,2025-07-26 18:37:17.304854+00:00,317,1712.87
DL5190,4090,2888,2928,2025-10-20 09:35:01+00:00,2025-10-20 15:39:07.969334+00:00,669,2170.08
AD3011,1642,2426,4954,2025-07-05 19:04:51+00:00,2025-07-06 07:54:32.192723+00:00,106,596.32
G3480,3867,546,2942,2026-03-07 15:19:42+00:00,2026-03-07 19:02:43.297124+00:00,667,1729.28
EK8831,4834,4613,1714,2025-08-14 11:00:34+00:00,2025-08-14 20:17:35.618660+00:00,878,393.62
LH4027,1292,1020,1638,2025-06-27 20:45:41+00:00,2025-06-28 07:08:49.440138+00:00,551,2096.43
JJ8793,3492,644,4094,2025-12-22 16:54:23+00:00,2025-12-22 22:39:08.230615+00:00,627,1514.78
IB6103,476,4790,1196,2026-02-08 15:47:00+00:00,2026-02-08 23:42:32.235509+00:00,649,347.44
IB8420,1127,2530,3039,2026-05-20 02:46:11+00:00,2026-05-20 07:24:18.778808+00:00,476,654.02
IB7757,4631,2795,2405,2025-06-25 23:46:16+00:00,2025-06-26 04:26:17.267632+00:00,682,1018.49
G36470,4447,3897,4513,2025-07-29 22:22:21+00:00,2025-07-30 09:24:18.919282+00:00,815,442.86
QR4588,1253,458,2742,2025-09-24 21:06:15+00:00,2025-09-25 00:53:25.048366+00:00,12,946.82
G3138,1541,4485,272,2025-06-04 02:37:11+00:00,2025-06-04 12:18:59.925961+00:00,541,1062.69
DL5226,608,118,103,2025-10-03 10:18:44+00:00,2025-10-03 22:52:55.765299+00:00,758,1900.09
IB9150,2000,2361,4037,2026-02-12 20:28:42+00:00,2026-02-13 07:14:40.598744+00:00,684,1236.83
BA2316,524,1363,2234,2026-02-24 23:58:54+00:00,2026-02-25 07:52:24.296422+00:00,125,301.19
IB9553,1881,601,262,2025-07-03 03:52:19+00:00,2025-07-03 06:16:21.024240+00:00,923,1012.13
TP4521,3218,1020,3362,2025-11-14 08:43:57+00:00,2025-11-14 09:47:45.614456+00:00,771,296.01
QR9232,947,3462,942,2026-05-20 15:01:01+00:00,2026-05-20 18:16:22.559839+00:00,271,1734.82
LA4485,4147,4980,4886,2025-08-04 08:50:07+00:00,2025-08-04 17:53:40.214874+00:00,223,1564.65
UA4722,3220,3005,2268,2026-02-22 16:42:04+00:00,2026-02-23 06:41:38.863172+00:00,846,640.55
QR3123,3085,1078,1790,2025-09-22 00:28:36+00:00,2025-09-22 04:50:58.398065+00:00,292,1378.23
UA5578,3730,4985,2165,2026-05-11 02:44:28+00:00,2026-05-11 10:26:15.637634+00:00,697,1395.17
BA8279,1225,3511,1668,2025-09-04 19:42:44+00:00,2025-09-05 01:44:14.443930+00:00,537,2026.36
TP9165,639,2843,1114,2026-04-18 23:57:16+00:00,2026-04-19 11:31:59.162077+00:00,621,1615.95
EK1738,531,2739,3455,2025-07-30 20:19:59+00:00,2025-07-31 08:37:45.323042+00:00,363,2171.86
AD1199,645,3594,175,2025-11-29 13:40:26+00:00,2025-11-30 03:16:49.083975+00:00,414,1782.96
IB9305,4950,1050,2867,2026-03-24 06:59:29+00:00,2026-03-24 12:23:14.317657+00:00,555,1789.46
DL8743,4297,2342,2706,2025-07-12 07:48:39+00:00,2025-07-12 14:34:46.322477+00:00,713,63.89
UA3885,1156,3646,3796,2026-01-20 10:16:14+00:00,2026-01-21 00:01:43.040190+00:00,968,2264.76
LH1616,2548,818,2783,2025-10-25 08:23:59+00:00,2025-10-25 20:19:00.684540+00:00,284,1794.74
LA8966,1143,1601,1714,2026-01-24 14:27:01+00:00,2026-01-24 18:10:34.810779+00:00,116,2222.81
QR2238,4077,2673,4710,2025-08-18 08:19:55+00:00,2025-08-18 20:52:17.577636+00:00,91,1910.8
TP1232,830,3197,3401,2025-07-22 03:34:19+00:00,2025-07-22 15:34:46.519743+00:00,1000,2221.85
BA8240,2685,211,4544,2026-01-01 23:57:00+00:00,2026-01-02 09:08:00.859515+00:00,468,301.01
JJ5220,2093,1483,4976,2025-07-20 10:51:38+00:00,2025-07-20 18:03:13.679468+00:00,831,2092.13
AF584,2715,3877,317,2026-01-11 17:45:50+00:00,2026-01-11 18:56:39.076545+00:00,84,798.45
JJ4227,69,2122,1041,2025-06-12 18:48:41+00:00,2025-06-12 19:58:53.547962+00:00,56,1980.91
G3277,172,4489,269,2026-05-24 09:14:16+00:00,2026-05-24 22:22:36.416535+00:00,784,2316.75
G34989,1911,2703,2020,2026-04-18 07:23:53+00:00,2026-04-18 18:02:08.676846+00:00,267,279.59
AD8498,4715,1771,4632,2026-04-21 16:42:21+00:00,2026-04-21 19:38:41.235629+00:00,163,1535.85
QR3813,3977,3563,4670,2026-03-29 10:14:55+00:00,2026-03-29 19:43:09.811586+00:00,748,899.32
LA3085,1511,3900,3318,2025-09-16 09:40:52+00:00,2025-09-16 22:44:36.958976+00:00,527,2188.29
LA3617,3955,1460,1882,2025-11-02 10:08:31+00:00,2025-11-02 12:55:33.835942+00:00,398,778.29
DL3509,4624,1073,1331,2025-11-10 04:26:01+00:00,2025-11-10 17:41:47.919592+00:00,239,303.17
BA7934,1774,422,4577,2026-02-27 10:57:09+00:00,2026-02-27 14:43:34.595095+00:00,457,2019.09
IB5348,3763,4454,455,2025-06-23 16:15:29+00:00,2025-06-23 18:21:57.253528+00:00,133,2274.08
UA1681,3603,3273,46,2026-05-17 22:11:49+00:00,2026-05-18 06:44:41.198724+00:00,386,1642.41
BA3269,4981,689,1187,2026-05-25 10:33:16+00:00,2026-05-25 22:39:36.843931+00:00,376,2294.85
AD9344,300,4712,3988,2025-08-01 18:24:18+00:00,2025-08-01 20:21:02.389936+00:00,967,2352.68
BA8303,2604,2958,1745,2026-03-20 14:31:09+00:00,2026-03-20 16:58:29.386282+00:00,720,243.94
BA9770,3965,3197,4515,2026-03-15 06:26:02+00:00,2026-03-15 17:49:24.502359+00:00,793,1087.84
EK2347,4854,3251,4368,2025-12-17 03:46:44+00:00,2025-12-17 08:45:50.339909+00:00,516,2291.25
TP7795,2204,21,2016,2026-03-05 21:52:48+00:00,2026-03-06 00:15:01.470993+00:00,474,1852.01
DL9147,3788,1753,829,2026-02-13 18:26:27+00:00,2026-02-14 06:48:19.652115+00:00,366,2493.07
DL7115,1039,1305,4200,2025-12-03 01:08:09+00:00,2025-12-03 06:17:09.068094+00:00,287,614.87
AD8519,4400,1372,1914,2026-01-14 19:20:37+00:00,2026-01-15 06:41:28.334625+00:00,81,936.86
AD6699,2450,1528,1108,2025-06-12 07:55:41+00:00,2025-06-12 12:09:29.660962+00:00,80,1637.3
AF4399,3272,4152,3904,2025-07-30 00:40:50+00:00,2025-07-30 10:43:13.326461+00:00,815,1855.09
AA5158,3018,2637,2448,2025-08-31 16:18:20+00:00,2025-09-01 00:59:05.337613+00:00,379,883.64
SQ7369,1371,1700,228,2025-07-20 18:39:58+00:00,2025-07-20 23:44:34.742244+00:00,797,1189.55
AF241,4315,3636,2694,2025-09-12 09:09:43+00:00,2025-09-12 18:08:04.520684+00:00,686,2249.32
UA9224,1036,4676,863,2026-01-11 22:09:14+00:00,2026-01-12 11:28:07.835006+00:00,643,2168.06
AA6172,723,988,2083,2026-01-21 02:56:10+00:00,2026-01-21 05:30:45.001178+00:00,265,1810.35
TP5750,4602,2450,4231,2026-05-10 20:53:46+00:00,2026-05-11 04:14:07.433915+00:00,721,503.32
G36456,2253,2664,3647,2025-10-24 09:34:25+00:00,2025-10-24 12:24:52.587233+00:00,841,1005.28
G35690,2754,4398,4876,2025-07-10 18:45:31+00:00,2025-07-11 04:39:22.958688+00:00,382,1857.69
BA2817,137,1035,1516,2026-03-03 14:16:19+00:00,2026-03-03 20:01:54.780224+00:00,341,2240.69
DL7678,3616,1102,3847,2025-11-29 11:36:37+00:00,2025-11-29 13:22:45.899763+00:00,839,1041.4
EK1548,286,1630,4770,2025-12-04 23:12:00+00:00,2025-12-05 04:32:33.563950+00:00,312,2273.96
UA9976,2085,4578,4559,2025-10-20 03:52:57+00:00,2025-10-20 07:15:50.458196+00:00,583,1454.52
LH5606,2800,3101,2917,2026-02-27 04:23:57+00:00,2026-02-27 10:59:03.518454+00:00,476,116.18
EK2831,1495,2145,1141,2025-10-31 19:19:22+00:00,2025-11-01 06:45:33.008860+00:00,39,209.18
TP8278,3393,1436,1785,2026-05-26 14:51:00+00:00,2026-05-26 19:04:43.065116+00:00,387,142.3
BA4690,394,2477,4258,2025-10-26 13:50:06+00:00,2025-10-27 00:23:59.698767+00:00,808,992.61
QR8509,448,392,2213,2025-12-04 03:45:25+00:00,2025-12-04 13:17:28.539765+00:00,363,2334.49
DL3777,4653,108,3423,2026-03-08 18:59:45+00:00,2026-03-08 23:10:33.248228+00:00,654,1689.19
BA4005,1932,316,607,2025-06-14 13:22:20+00:00,2025-06-14 16:48:35.704584+00:00,559,296.88
UA8971,3145,4414,334,2025-07-22 01:53:06+00:00,2025-07-22 04:34:47.907426+00:00,667,2451.16
G36195,1891,757,1951,2025-09-04 01:00:21+00:00,2025-09-04 02:21:12.669272+00:00,427,1613.04
JJ4669,2706,1636,1660,2025-07-05 18:16:18+00:00,2025-07-06 01:31:50.207808+00:00,953,1890.1
AD5198,659,3372,3793,2025-11-04 16:12:08+00:00,2025-11-04 17:55:10.981348+00:00,686,1059.22
AA3326,3995,2566,3318,2025-08-03 12:01:45+00:00,2025-08-03 15:48:45.176855+00:00,427,166.77
SQ7822,2128,3606,2224,2025-12-30 04:28:01+00:00,2025-12-30 08:28:35.980290+00:00,263,1376.98
BA9085,3736,382,2361,2025-08-28 07:47:52+00:00,2025-08-28 20:47:12.387423+00:00,180,2039.28
AD6203,3752,2941,2963,2026-02-20 05:29:18+00:00,2026-02-20 10:09:52.738760+00:00,538,100.9
AA4689,466,780,3486,2025-08-14 19:28:00+00:00,2025-08-15 06:22:52.543301+00:00,870,1172.04
JJ9926,3801,4341,410,2026-01-31 00:16:00+00:00,2026-01-31 05:17:06.624993+00:00,807,951.12
TP1027,227,1221,1579,2025-12-27 17:31:27+00:00,2025-12-28 02:55:20.880684+00:00,532,2040.4
DL907,4624,2714,3910,2026-02-13 07:38:02+00:00,2026-02-13 11:48:30.174912+00:00,403,2364.37
G37370,2174,4141,2255,2025-08-30 22:38:56+00:00,2025-08-31 02:48:11.912843+00:00,486,1072.32
BA8170,1429,1074,1205,2025-07-15 01:14:55+00:00,2025-07-15 08:06:21.032161+00:00,53,925.71
UA7553,4162,4103,966,2026-03-01 15:00:52+00:00,2026-03-02 04:32:28.762555+00:00,368,2359.93
G37215,1502,1641,3986,2025-08-10 03:08:11+00:00,2025-08-10 17:04:43.576191+00:00,270,671.47
IB4254,1538,4988,1144,2026-04-28 17:27:33+00:00,2026-04-28 22:28:28.982158+00:00,555,400.27
LH169,3108,4623,1693,2025-09-06 16:25:34+00:00,2025-09-06 20:58:26.769273+00:00,566,1761.31
TP7391,4354,4684,1967,2025-10-12 10:48:03+00:00,2025-10-12 22:58:22.566557+00:00,940,1546.95
JJ4435,270,794,1660,2026-03-31 03:31:37+00:00,2026-03-31 08:55:42.878208+00:00,114,2254.61
LA4194,3952,4078,1074,2026-01-03 14:18:11+00:00,2026-01-04 03:44:29.159977+00:00,43,282.01
TP532,653,2050,4222,2026-02-23 11:54:58+00:00,2026-02-23 23:22:07.542681+00:00,24,2061.29
SQ4925,4644,1225,3843,2026-05-17 06:40:47+00:00,2026-05-17 08:57:19.792520+00:00,159,941.58
SQ6646,3685,1820,295,2025-10-20 02:16:51+00:00,2025-10-20 11:16:57.988532+00:00,362,1703.84
EK6953,4979,2216,4453,2025-07-26 03:49:13+00:00,2025-07-26 09:56:01.778042+00:00,738,61.4
TP1485,522,1355,860,2026-03-27 18:15:12+00:00,2026-03-27 21:07:28.519521+00:00,104,1766.41
AF6053,817,1920,4330,2026-03-25 13:35:24+00:00,2026-03-26 02:08:34.333010+00:00,656,2134.55
QR2953,2227,4499,3730,2025-06-22 05:03:37+00:00,2025-06-22 18:31:19.957602+00:00,725,958.36
LA3291,3877,3873,2028,2026-05-04 15:03:16+00:00,2026-05-04 20:21:44.449891+00:00,317,1847.41
IB1717,2809,2099,351,2025-12-31 02:02:40+00:00,2025-12-31 08:10:06.434547+00:00,713,687.1
JJ2809,561,146,4631,2026-02-15 14:10:37+00:00,2026-02-15 18:16:03.858657+00:00,137,187.33
AD6265,3807,383,3013,2025-06-29 17:00:30+00:00,2025-06-29 23:10:15.715010+00:00,421,479.99
QR5559,2826,3974,360,2025-06-30 05:26:39+00:00,2025-06-30 06:31:23.767340+00:00,695,1409.05
BA2709,511,2733,3432,2026-01-19 21:55:16+00:00,2026-01-20 08:30:51.924502+00:00,767,633.54
IB3084,4766,4255,4446,2025-11-29 14:31:14+00:00,2025-11-30 03:20:27.022426+00:00,702,112.14
AD5465,4044,4500,4076,2026-01-27 20:26:32+00:00,2026-01-28 08:46:04.957061+00:00,518,487.08
UA2953,2814,3428,4088,2025-12-04 23:09:45+00:00,2025-12-05 03:08:20.966490+00:00,775,1802.17
AA7663,128,2156,3828,2026-04-12 04:06:31+00:00,2026-04-12 08:25:42.434340+00:00,628,1162.55
UA9316,615,2204,262,2025-10-12 22:35:43+00:00,2025-10-13 09:32:59.394475+00:00,270,1215.65
UA2144,4828,4372,1142,2025-06-12 04:39:13+00:00,2025-06-12 13:19:26.986844+00:00,75,1830.59
SQ8123,3735,4138,3250,2025-12-10 18:57:04+00:00,2025-12-10 23:24:09.074747+00:00,743,1625.84
UA3895,4361,883,3462,2026-03-27 17:11:01+00:00,2026-03-28 04:00:34.054096+00:00,4,1291.05
JJ4705,2718,4944,388,2025-10-05 05:37:11+00:00,2025-10-05 07:27:47.073111+00:00,372,1894.72
BA8223,4276,1782,3345,2026-01-02 22:06:31+00:00,2026-01-03 10:16:50.599777+00:00,49,1923.94
LA8147,4324,4360,3185,2026-03-31 13:47:57+00:00,2026-03-31 16:06:51.665227+00:00,346,2111.93
AA7480,3800,1041,140,2025-06-10 19:43:38+00:00,2025-06-11 07:15:21.855848+00:00,174,2071.44
UA7671,3233,4728,3847,2025-12-17 08:31:53+00:00,2025-12-17 17:36:39.064003+00:00,162,508.55
IB6134,1947,2448,2576,2025-10-24 03:53:26+00:00,2025-10-24 14:01:47.360900+00:00,619,2224.68
DL4769,4765,4472,2691,2026-01-24 03:01:10+00:00,2026-01-24 05:12:30.491034+00:00,77,556.78
DL4332,4356,4749,1213,2026-02-24 08:46:03+00:00,2026-02-24 11:59:51.566903+00:00,448,2468.79
TP8591,4805,2165,1099,2026-01-20 03:36:34+00:00,2026-01-20 13:27:12.140872+00:00,803,336.86
AF183,2762,2022,2365,2025-12-08 10:11:58+00:00,2025-12-08 18:37:36.581664+00:00,266,866.62
DL5495,2498,992,2695,2026-04-15 20:37:07+00:00,2026-04-16 06:38:20.690494+00:00,232,1304.8
LA5999,317,2321,580,2025-09-02 19:49:45+00:00,2025-09-03 01:04:46.780639+00:00,564,2031.4
JJ4640,2930,3473,4008,2025-10-23 21:55:58+00:00,2025-10-24 11:36:49.263959+00:00,586,1558.93
LH929,2344,225,1319,2026-04-19 22:48:32+00:00,2026-04-20 10:27:13.962267+00:00,655,2260.19
AD5626,1266,3226,1153,2026-01-06 09:53:22+00:00,2026-01-06 18:31:15.072267+00:00,430,1831.05
BA8134,2701,1993,2473,2025-12-22 15:45:04+00:00,2025-12-22 17:52:08.362298+00:00,711,230.59
G38451,3977,2209,2643,2026-04-24 17:07:35+00:00,2026-04-25 05:54:04.119132+00:00,426,246.62
BA6926,311,4055,4029,2026-05-21 04:17:28+00:00,2026-05-21 11:52:17.323409+00:00,62,97.66
QR2151,3547,2800,1243,2026-02-17 15:24:17+00:00,2026-02-18 03:50:07.737861+00:00,419,692.19
BA8445,2523,4863,4012,2025-07-27 09:21:54+00:00,2025-07-27 15:45:00.644416+00:00,582,418.18
JJ6971,3405,3488,2628,2026-03-04 00:57:09+00:00,2026-03-04 05:40:19.444594+00:00,798,165.14
JJ5968,3019,571,2620,2025-09-19 04:27:06+00:00,2025-09-19 12:31:01.404567+00:00,326,1080.74
LH9774,3310,214,332,2026-02-06 23:43:32+00:00,2026-02-07 00:55:36.069289+00:00,638,1441.63
UA7375,4128,3113,4901,2025-09-25 17:47:17+00:00,2025-09-26 07:02:07.042700+00:00,165,2079.51
TP3696,697,2941,893,2026-02-08 18:08:51+00:00,2026-02-08 22:30:57.444269+00:00,424,1752.03
TP8989,4105,4404,2638,2025-07-15 08:47:31+00:00,2025-07-15 16:48:36.713528+00:00,44,1310.81
G37209,2975,793,2061,2025-11-19 04:55:20+00:00,2025-11-19 12:38:36.093087+00:00,551,2436.75
DL3656,3730,1847,3679,2025-12-06 08:56:58+00:00,2025-12-06 19:42:27.608565+00:00,168,2068.46
TP1639,614,1966,2597,2026-03-20 01:25:48+00:00,2026-03-20 08:44:30.680802+00:00,993,1819.74
G3230,421,1935,598,2025-07-24 21:57:36+00:00,2025-07-25 04:48:02.636163+00:00,83,2363.95
LA1213,2075,4978,685,2026-01-18 12:29:47+00:00,2026-01-18 16:41:32.876420+00:00,934,2392.53
JJ8758,3578,1179,2053,2026-02-07 13:09:20+00:00,2026-02-07 23:11:28.351649+00:00,783,195.05
QR2612,1338,1641,4122,2026-05-13 07:21:06+00:00,2026-05-13 11:40:05.030397+00:00,735,380.08
QR7173,448,3385,4607,2025-12-15 20:21:46+00:00,2025-12-16 05:25:24.201489+00:00,938,2329.53
UA6212,3923,2742,2905,2026-02-25 15:56:52+00:00,2026-02-26 02:07:48.131507+00:00,647,1577.86
IB7263,4725,2532,4116,2025-06-29 19:21:32+00:00,2025-06-30 04:07:48.221283+00:00,235,60.75
AF2618,3557,3479,4336,2025-08-30 10:26:13+00:00,2025-08-30 22:09:30.389552+00:00,812,1315.88
JJ4815,2659,4383,804,2026-03-12 16:17:02+00:00,2026-03-13 06:13:55.145300+00:00,849,1420.34
DL7728,1292,33,529,2026-03-21 13:46:43+00:00,2026-03-21 21:53:31.211162+00:00,152,1955.97
LH3548,3986,3906,1551,2026-05-11 01:26:57+00:00,2026-05-11 08:05:55.349824+00:00,298,2079.33
JJ5397,1529,3329,3168,2026-01-29 17:56:02+00:00,2026-01-29 20:21:16.615565+00:00,793,371.02
DL8871,2101,320,3308,2025-09-15 21:30:53+00:00,2025-09-16 07:45:32.922800+00:00,378,1159.75
IB4779,1360,2107,2479,2025-06-18 08:17:26+00:00,2025-06-18 22:17:21.179011+00:00,97,2185.64
G37955,4108,3256,3945,2026-05-24 21:21:26+00:00,2026-05-24 22:41:44.890791+00:00,926,1592.86
EK6305,313,3126,3259,2025-10-11 03:39:39+00:00,2025-10-11 15:25:30.500666+00:00,942,1727.11
TP9779,780,3466,4113,2025-08-30 15:04:38+00:00,2025-08-30 16:43:20.250213+00:00,263,1674.32
EK8866,4963,86,3378,2025-10-18 05:10:04+00:00,2025-10-18 12:48:45.580303+00:00,48,585.57
JJ7462,1630,338,1554,2026-05-29 16:19:30+00:00,2026-05-29 20:38:20.230358+00:00,346,2004.32
AD4260,3284,2297,4209,2025-11-30 00:24:48+00:00,2025-11-30 06:35:31.736034+00:00,464,1427.63
LH8244,977,1063,4756,2025-08-12 20:45:31+00:00,2025-08-13 10:42:12.921373+00:00,573,547.58
UA4529,4960,2848,1535,2025-07-22 10:10:57+00:00,2025-07-22 13:54:56.775204+00:00,891,825.62
BA9915,782,3796,36,2025-10-06 18:33:01+00:00,2025-10-07 02:40:30.018285+00:00,30,2242.12
BA7772,1034,4994,1062,2025-11-24 17:03:05+00:00,2025-11-25 05:03:17.922466+00:00,536,1752.32
UA5929,4093,16,2297,2026-04-09 08:41:16+00:00,2026-04-09 10:45:55.905915+00:00,186,2404.36
IB8053,143,2948,1842,2025-09-22 22:39:56+00:00,2025-09-23 08:37:20.620572+00:00,632,666.28
SQ2782,1627,2533,2582,2026-05-23 15:57:48+00:00,2026-05-23 21:29:51.800342+00:00,655,1784.06
IB9196,2046,4293,2385,2025-07-29 11:32:15+00:00,2025-07-30 00:34:42.679167+00:00,752,2214.07
EK8222,4380,4397,2303,2025-08-19 23:12:58+00:00,2025-08-20 03:48:18.190728+00:00,928,422.61
AD5732,3974,2348,2920,2025-11-02 07:47:17+00:00,2025-11-02 21:28:11.919020+00:00,25,2022.79
BA2995,4434,4814,3961,2025-11-22 22:08:09+00:00,2025-11-23 11:13:18.358110+00:00,830,309.79
G36151,3766,1385,1512,2025-10-23 01:48:44+00:00,2025-10-23 06:53:21.109255+00:00,935,627.7
BA5487,4904,859,612,2026-04-10 21:59:26+00:00,2026-04-11 11:05:00.818848+00:00,77,880.0
BA2124,4512,4698,2678,2026-04-02 09:34:33+00:00,2026-04-02 23:31:00.069578+00:00,278,1682.55
AD7507,2862,4148,2875,2026-02-26 20:36:22+00:00,2026-02-26 22:01:26.764124+00:00,749,2107.03
BA2201,1867,4113,2101,2026-04-12 11:14:27+00:00,2026-04-12 19:16:58.382573+00:00,783,1001.92
LA4870,4205,2520,1754,2026-03-08 15:58:27+00:00,2026-03-08 22:52:51.937654+00:00,250,1294.07
LA4991,4587,4866,4732,2025-12-17 02:08:47+00:00,2025-12-17 12:19:51.858253+00:00,407,1086.96
G37778,3934,1089,3969,2026-05-08 19:51:09+00:00,2026-05-09 07:37:38.820132+00:00,662,1420.47
TP8842,3334,3239,396,2026-02-13 06:06:18+00:00,2026-02-13 08:04:40.665676+00:00,358,1783.76
TP8087,3607,2348,1061,2025-06-11 02:27:20+00:00,2025-06-11 09:21:02.649738+00:00,577,554.04
AA7097,1256,3494,915,2025-10-19 01:49:34+00:00,2025-10-19 09:27:05.999617+00:00,769,583.46
AA2277,1334,2649,188,2025-10-05 13:47:34+00:00,2025-10-05 18:23:55.764174+00:00,652,2094.87
EK5798,979,4447,1864,2026-05-12 03:52:39+00:00,2026-05-12 05:47:01.570514+00:00,329,1557.02
AA9589,4930,2555,2119,2025-08-07 17:37:20+00:00,2025-08-07 23:00:26.596634+00:00,803,615.05
QR6807,2583,4927,4029,2025-06-17 02:18:06+00:00,2025-06-17 07:59:04.033274+00:00,925,2095.33
SQ4621,1660,337,548,2026-02-10 07:19:47+00:00,2026-02-10 18:13:15.698695+00:00,263,87.91
AF2901,3482,3572,930,2026-02-23 03:53:23+00:00,2026-02-23 10:14:40.831739+00:00,367,2334.36
EK741,3015,3357,4498,2026-05-28 23:30:37+00:00,2026-05-29 11:22:36.219556+00:00,711,311.56
AF5549,2355,3533,1406,2026-04-30 14:15:32+00:00,2026-04-30 21:14:47.662420+00:00,843,1166.68
AA3537,1054,2632,413,2025-09-10 06:20:05+00:00,2025-09-10 09:20:36.023436+00:00,437,196.1
SQ5268,3451,1592,1610,2026-03-16 22:10:37+00:00,2026-03-17 01:00:12.835314+00:00,175,533.71
LH6186,2931,403,3118,2026-03-05 21:57:53+00:00,2026-03-06 10:47:56.921315+00:00,645,2419.91
AD299,1952,2091,3079,2026-04-08 09:05:44+00:00,2026-04-08 12:48:22.688653+00:00,128,1718.29
QR1666,3528,4841,84,2025-07-10 15:50:49+00:00,2025-07-10 21:54:51.618041+00:00,607,1922.73
LH6784,4027,4706,3047,2026-04-14 16:48:35+00:00,2026-04-14 21:11:15.358972+00:00,836,1978.91
QR2608,3,728,136,2026-01-15 07:28:51+00:00,2026-01-15 13:03:50.938388+00:00,380,975.9
JJ4781,1264,1089,2902,2026-04-04 22:46:19+00:00,2026-04-05 09:12:54.919611+00:00,968,1484.76
BA4635,2909,1521,2782,2025-11-27 00:14:27+00:00,2025-11-27 05:59:59.334409+00:00,79,1899.18
EK8930,3996,662,54,2026-01-14 15:39:29+00:00,2026-01-14 20:23:14.000549+00:00,215,385.27
SQ5346,336,3390,1026,2026-03-26 18:39:30+00:00,2026-03-26 20:39:31.670579+00:00,962,1974.13
DL2016,1036,4547,3557,2025-12-13 21:41:28+00:00,2025-12-14 09:18:54.619628+00:00,77,370.79
DL7711,1761,412,4647,2025-10-04 09:01:14+00:00,2025-10-04 15:27:13.871499+00:00,158,577.26
EK9575,372,162,2221,2026-06-01 05:07:02+00:00,2026-06-01 13:32:26.130802+00:00,665,1381.08
LH4462,4018,3733,4049,2025-12-01 18:11:53+00:00,2025-12-02 01:10:32.510097+00:00,944,1704.25
G33807,984,87,3395,2025-11-12 21:31:14+00:00,2025-11-13 09:54:48.153469+00:00,417,1288.79
IB4136,3566,585,4487,2025-06-08 12:04:48+00:00,2025-06-08 15:08:43.948426+00:00,871,1001.01
SQ6430,4889,2893,2860,2025-07-16 08:14:46+00:00,2025-07-16 17:22:32.601800+00:00,644,1454.03
TP8948,3531,273,1091,2025-07-02 05:10:22+00:00,2025-07-02 16:56:57.518423+00:00,707,905.66
IB2470,4552,3800,1082,2026-02-12 05:30:31+00:00,2026-02-12 17:48:50.235018+00:00,298,838.4
TP9366,2570,4444,3091,2025-06-06 20:23:13+00:00,2025-06-07 01:03:59.796817+00:00,301,2211.11
IB6253,3271,4663,4313,2026-05-22 07:00:48+00:00,2026-05-22 12:34:12.797837+00:00,980,1094.73
LH8082,4649,3110,4133,2026-05-31 02:06:23+00:00,2026-05-31 06:57:36.860183+00:00,900,1044.75
EK7591,2937,2741,2982,2025-12-15 13:11:25+00:00,2025-12-16 02:25:32.353780+00:00,341,2284.39
UA1353,4732,4312,872,2025-10-23 12:22:25+00:00,2025-10-24 00:01:37.891409+00:00,751,1111.99
QR5032,1961,1744,1283,2025-07-31 15:57:54+00:00,2025-08-01 01:15:08.156239+00:00,964,2077.15
TP5924,292,4523,3043,2026-05-24 03:23:20+00:00,2026-05-24 16:49:43.052193+00:00,692,834.56
QR6570,1834,2259,4874,2025-12-31 11:00:35+00:00,2025-12-31 21:48:15.280983+00:00,297,346.3
LA9965,3249,2307,3505,2025-06-30 00:23:05+00:00,2025-06-30 10:20:09.129826+00:00,722,1009.91
AD5760,2909,1580,371,2026-01-11 12:33:15+00:00,2026-01-11 14:03:11.603049+00:00,932,2457.12
IB6900,2079,4389,3224,2026-03-15 18:14:26+00:00,2026-03-15 20:50:41.048150+00:00,81,183.8
QR7825,1229,664,2453,2026-04-06 17:59:29+00:00,2026-04-07 02:13:43.214150+00:00,727,486.11
G38456,1939,4317,969,2025-09-22 15:16:00+00:00,2025-09-22 17:55:55.116427+00:00,280,536.73
BA4065,2658,3556,1594,2025-10-30 19:34:06+00:00,2025-10-31 06:35:09.051099+00:00,894,1362.52
AA3853,3091,4295,386,2026-02-05 13:25:28+00:00,2026-02-05 20:08:31.570106+00:00,453,2219.55
JJ1841,283,721,4239,2025-10-04 01:28:29+00:00,2025-10-04 13:49:49.371740+00:00,959,120.6
AA8577,3997,2746,4172,2026-01-22 22:05:28+00:00,2026-01-23 05:51:13.056014+00:00,470,1995.3
SQ9942,147,3374,1525,2025-09-30 23:23:45+00:00,2025-10-01 05:33:10.372015+00:00,394,1395.66
LH9183,632,2771,4319,2025-06-05 12:42:42+00:00,2025-06-06 00:46:35.964778+00:00,804,1354.48
QR4889,1877,692,2811,2026-05-17 22:06:04+00:00,2026-05-18 11:12:44.713738+00:00,723,399.03
AD5675,4300,4937,1663,2025-07-28 16:21:00+00:00,2025-07-29 00:05:34.751792+00:00,269,1211.59
LH9435,4405,3235,266,2026-03-15 05:44:27+00:00,2026-03-15 14:56:43.546907+00:00,976,1804.76
JJ4953,3032,1669,3646,2025-06-28 22:47:11+00:00,2025-06-29 09:45:58.414716+00:00,580,1201.86
AF4078,1961,2431,3145,2026-04-05 15:14:26+00:00,2026-04-05 19:26:11.901113+00:00,776,988.42
AF5796,171,4408,1290,2026-03-11 13:44:45+00:00,2026-03-11 14:51:40.156043+00:00,827,190.79
LH4812,924,1485,2271,2025-10-28 18:32:44+00:00,2025-10-28 20:30:08.367892+00:00,543,1431.48
AF2966,1708,700,3886,2026-04-26 08:01:50+00:00,2026-04-26 20:58:49.261278+00:00,570,2115.96
AD1622,1784,414,3444,2025-07-01 03:11:16+00:00,2025-07-01 13:04:57.457557+00:00,836,590.43
DL2099,579,2720,4697,2025-09-18 11:10:09+00:00,2025-09-19 00:17:57.232164+00:00,363,516.4
EK9882,4626,3351,1689,2026-02-01 03:16:03+00:00,2026-02-01 10:55:29.967528+00:00,160,932.82
LA5000,3708,1272,894,2025-09-03 00:57:29+00:00,2025-09-03 11:41:20.637446+00:00,545,1595.3
LA6705,260,1668,1381,2026-04-18 12:28:28+00:00,2026-04-18 19:23:20.068203+00:00,298,195.34
IB9508,274,2990,1056,2026-05-19 00:00:44+00:00,2026-05-19 13:47:40.652454+00:00,670,1209.5
AF7535,1594,4318,3019,2026-03-07 13:30:18+00:00,2026-03-07 18:37:22.703532+00:00,233,707.91
EK644,3665,3741,3998,2025-12-03 10:31:37+00:00,2025-12-03 15:30:48.028721+00:00,578,1969.6
BA8713,3410,4135,59,2026-04-12 00:43:24+00:00,2026-04-12 04:34:19.112072+00:00,761,1402.06
LA9984,3601,4610,1096,2025-06-12 07:32:08+00:00,2025-06-12 19:37:04.266941+00:00,254,96.99
AA7609,4413,3860,3156,2026-06-03 02:52:54+00:00,2026-06-03 07:41:43.153745+00:00,10,1618.53
UA5941,1871,1657,1999,2026-01-13 09:50:49+00:00,2026-01-13 20:10:08.844732+00:00,468,578.57
JJ7508,991,3708,2146,2025-07-11 19:40:16+00:00,2025-07-12 00:13:59.817164+00:00,185,146.17
AD1033,2525,423,1714,2025-08-12 22:55:11+00:00,2025-08-13 07:44:33.872986+00:00,421,1188.74
LA2943,303,2853,462,2025-10-25 05:52:07+00:00,2025-10-25 13:45:31.976908+00:00,220,522.33
AA1934,1292,2096,2676,2025-10-31 04:16:33+00:00,2025-10-31 10:54:56.689744+00:00,990,1910.38
SQ3181,679,3507,3835,2026-01-19 19:38:33+00:00,2026-01-20 02:15:40.506032+00:00,195,966.0
JJ6453,452,4248,1914,2026-02-10 17:02:12+00:00,2026-02-11 03:06:09.400061+00:00,420,2480.22
G36039,401,127,2136,2025-10-24 07:17:05+00:00,2025-10-24 08:59:12.114393+00:00,941,407.94
TP6158,2776,2437,625,2025-07-30 09:47:44+00:00,2025-07-30 22:45:00.649700+00:00,406,1718.54
BA1631,3161,1006,633,2026-05-01 05:49:10+00:00,2026-05-01 19:24:02.348233+00:00,5,1292.35
AD7881,165,1267,3143,2025-10-03 09:12:16+00:00,2025-10-03 13:04:49.668141+00:00,91,1030.66
AF2752,3003,3813,2041,2026-02-01 00:41:01+00:00,2026-02-01 03:20:58.061886+00:00,758,1581.48
UA5373,4548,247,3036,2025-11-15 19:07:50+00:00,2025-11-15 22:01:07.557314+00:00,310,172.55
AA961,1547,2726,4492,2025-08-25 02:51:46+00:00,2025-08-25 07:33:39.810530+00:00,487,2439.67
IB7250,3542,617,3782,2026-02-20 12:26:55+00:00,2026-02-20 13:44:12.977289+00:00,309,1328.79
G39045,1964,912,989,2025-07-03 17:57:11+00:00,2025-07-04 04:17:01.084825+00:00,40,887.28
TP9769,1450,157,1252,2025-12-12 05:36:24+00:00,2025-12-12 14:47:10.661552+00:00,215,935.98
TP5320,4113,3133,136,2025-11-10 12:57:59+00:00,2025-11-11 00:02:49.643749+00:00,960,438.79
G38514,2793,2739,4689,2025-07-18 06:46:21+00:00,2025-07-18 15:06:52.557246+00:00,228,1510.92
TP7700,917,1498,1879,2026-04-05 18:51:10+00:00,2026-04-06 02:05:37.246038+00:00,888,1044.54
UA1330,3828,1675,3829,2025-11-04 15:33:29+00:00,2025-11-04 19:28:33.440543+00:00,130,2406.81
TP5379,4334,311,833,2025-12-11 16:46:16+00:00,2025-12-11 21:01:04.372233+00:00,693,1707.3
JJ6286,1407,2251,4149,2025-10-01 06:21:33+00:00,2025-10-01 11:14:48.472054+00:00,24,466.04
AA3016,1726,233,4427,2026-05-24 09:42:15+00:00,2026-05-24 18:36:09.030546+00:00,263,1721.85
EK6041,260,4284,1224,2025-07-08 00:34:44+00:00,2025-07-08 01:50:01.861201+00:00,739,1117.59
AA5113,3306,2949,4223,2026-03-21 13:53:45+00:00,2026-03-21 18:01:57.076090+00:00,24,152.94
JJ3961,3953,4503,1171,2025-09-14 11:14:55+00:00,2025-09-14 22:59:48.479219+00:00,256,531.56
LA1094,1428,1812,968,2025-12-21 21:05:13+00:00,2025-12-22 10:49:34.739223+00:00,771,936.61
JJ1523,2514,4091,4122,2026-05-26 06:52:34+00:00,2026-05-26 14:10:43.106005+00:00,150,2209.96
JJ7099,1587,2371,4790,2025-09-01 17:13:25+00:00,2025-09-01 20:58:28.009339+00:00,746,541.9
BA5672,1676,1568,2443,2025-07-12 00:05:23+00:00,2025-07-12 02:53:40.000959+00:00,864,2067.85
DL7855,4497,4954,1827,2025-10-11 04:52:08+00:00,2025-10-11 14:04:09.732674+00:00,865,1602.18
SQ6355,2978,2944,4331,2025-11-29 02:02:40+00:00,2025-11-29 10:39:42.943976+00:00,481,1588.33
AD4944,3135,1357,2843,2026-04-25 04:39:16+00:00,2026-04-25 15:22:19.801455+00:00,398,1576.47
G38672,1245,2215,4264,2025-12-16 07:45:27+00:00,2025-12-16 20:47:26.826209+00:00,127,246.11
IB5870,3610,1761,834,2025-07-06 01:28:51+00:00,2025-07-06 10:23:48.785055+00:00,1,1294.06
TP7837,1368,1493,329,2026-04-19 14:28:21+00:00,2026-04-19 22:19:40.119826+00:00,27,1366.49
G32458,162,3431,1998,2026-03-08 10:26:23+00:00,2026-03-08 16:16:55.040726+00:00,837,1328.11
G3657,3390,1249,4333,2025-10-20 10:42:10+00:00,2025-10-20 18:18:26.586809+00:00,254,1879.91
LA286,3835,3388,1931,2026-03-15 12:04:52+00:00,2026-03-15 22:07:25.503702+00:00,544,2326.58
AA2644,962,3836,1859,2025-07-26 13:30:00+00:00,2025-07-26 23:18:33.790459+00:00,93,444.88
JJ8080,438,71,1218,2025-11-12 03:17:25+00:00,2025-11-12 05:36:23.865903+00:00,461,772.74
G33318,4569,1059,4264,2025-06-26 07:02:26+00:00,2025-06-26 08:09:14.013099+00:00,526,115.8
LH2227,3728,3695,1501,2026-04-21 15:11:16+00:00,2026-04-22 01:45:30.957065+00:00,204,1456.78
G37142,3532,1313,2016,2025-11-03 23:16:50+00:00,2025-11-04 09:40:56.316696+00:00,105,470.36
SQ1432,4440,3438,4814,2025-10-02 15:02:49+00:00,2025-10-03 02:45:57.287547+00:00,414,1690.27
TP7722,1449,3378,1556,2025-09-09 11:00:30+00:00,2025-09-09 23:58:31.238525+00:00,68,2171.94
AD4253,1011,2177,1629,2026-01-25 20:00:25+00:00,2026-01-26 04:44:29.659837+00:00,633,2493.11
JJ8592,4642,2287,4011,2025-06-16 16:03:03+00:00,2025-06-16 20:57:29.813503+00:00,479,1408.81
AD3457,4010,4464,3320,2025-06-21 13:02:38+00:00,2025-06-21 21:15:23.521622+00:00,999,1418.77
LH8367,4041,490,2471,2025-08-29 06:29:41+00:00,2025-08-29 08:06:37.655915+00:00,533,657.73
AD6418,3858,4648,3384,2026-04-06 06:43:59+00:00,2026-04-06 10:51:48.017274+00:00,552,810.05
LA9512,4556,3535,3321,2026-01-03 04:37:11+00:00,2026-01-03 14:25:04.238469+00:00,892,1299.81
SQ4414,599,1952,4985,2026-01-27 09:01:12+00:00,2026-01-27 19:42:44.799300+00:00,606,1351.79
UA830,4121,3204,1252,2025-07-17 01:07:07+00:00,2025-07-17 05:06:40.483883+00:00,245,1464.58
AA3457,171,2133,596,2025-06-19 15:22:07+00:00,2025-06-20 03:04:17.267393+00:00,288,2485.05
AD6255,4362,4587,2487,2025-11-24 21:41:47+00:00,2025-11-25 05:04:35.860408+00:00,45,756.55
IB1716,1049,468,2237,2026-01-31 16:51:31+00:00,2026-01-31 18:26:04.333376+00:00,996,1575.06
IB3409,3836,3286,588,2026-04-06 12:36:10+00:00,2026-04-07 02:26:08.712536+00:00,217,214.08
LH3667,4816,2379,2162,2026-04-20 00:48:46+00:00,2026-04-20 07:23:27.440974+00:00,802,1018.82
AF3029,4140,1529,3865,2025-09-22 10:08:23+00:00,2025-09-22 20:59:55.408923+00:00,330,1961.48
QR616,3047,406,4561,2025-09-12 06:16:08+00:00,2025-09-12 13:42:44.374852+00:00,241,2115.93
AF1350,4860,2494,2101,2025-10-27 12:00:18+00:00,2025-10-27 18:11:54.261383+00:00,221,908.88
IB8687,835,1727,748,2025-11-23 19:57:40+00:00,2025-11-24 01:24:19.458005+00:00,163,1759.37
AA7442,3860,706,741,2026-01-28 23:59:51+00:00,2026-01-29 08:21:50.501180+00:00,191,1995.62
LH5872,2112,1593,1551,2026-05-14 18:11:18+00:00,2026-05-15 01:02:16.727544+00:00,929,402.56
QR1215,4173,1302,4430,2026-05-09 08:39:53+00:00,2026-05-09 14:10:08.696640+00:00,876,1642.03
DL8650,860,4228,4419,2025-10-22 16:46:18+00:00,2025-10-23 04:55:27.672006+00:00,605,1371.71
UA9515,4982,2026,1782,2026-02-28 03:37:21+00:00,2026-02-28 06:18:43.558156+00:00,491,1550.26
QR4831,1602,1818,3960,2026-01-27 12:08:36+00:00,2026-01-27 16:10:03.652572+00:00,671,1179.72
TP8854,3107,4795,12,2025-11-19 17:13:43+00:00,2025-11-20 03:06:33.764308+00:00,884,145.87
UA4635,4203,2358,4846,2026-05-20 20:17:08+00:00,2026-05-21 08:26:09.508173+00:00,712,2085.1
LA4287,571,3259,2290,2025-07-04 20:39:32+00:00,2025-07-05 09:36:52.122341+00:00,479,1302.15
BA4023,4552,1129,273,2025-09-29 15:33:29+00:00,2025-09-29 23:41:50.627979+00:00,916,1553.6
AA6421,2830,3919,4663,2026-04-15 13:31:34+00:00,2026-04-16 03:11:05.926940+00:00,415,1797.78
AD7326,2699,1785,3657,2025-12-11 10:06:19+00:00,2025-12-11 23:07:26.248242+00:00,207,946.61
UA4565,1981,974,1094,2026-05-27 21:31:47+00:00,2026-05-28 07:51:33.641423+00:00,5,2050.18
G36635,2543,4604,1778,2026-02-03 08:58:15+00:00,2026-02-03 13:32:12.884449+00:00,23,1283.5
SQ8492,787,3779,2522,2025-12-01 19:13:30+00:00,2025-12-02 08:45:18.492259+00:00,286,1523.67
BA3538,2415,1972,2620,2025-12-30 05:42:11+00:00,2025-12-30 14:55:23.913589+00:00,355,994.92
IB6137,576,2494,1011,2026-05-05 13:26:22+00:00,2026-05-06 00:52:18.177223+00:00,937,2120.28
BA4337,1734,1807,3913,2026-05-26 19:04:57+00:00,2026-05-27 00:43:05.827220+00:00,663,1963.46
IB2089,996,1423,456,2025-07-07 21:33:19+00:00,2025-07-08 11:11:22.302408+00:00,820,632.47
LH5679,556,1555,3820,2026-02-14 08:57:34+00:00,2026-02-14 16:08:29.516610+00:00,411,946.81
SQ2308,3040,4522,3637,2025-09-27 06:38:20+00:00,2025-09-27 10:07:46.286372+00:00,719,1477.04
AA3665,276,4014,3478,2026-04-28 12:44:56+00:00,2026-04-28 13:59:45.951295+00:00,426,237.96
AD7676,608,3824,70,2025-11-18 10:19:56+00:00,2025-11-18 14:04:43.784886+00:00,742,713.59
UA5184,1471,2983,3608,2026-03-30 04:17:39+00:00,2026-03-30 16:37:35.973263+00:00,848,2286.21
AD7256,1848,680,4307,2026-03-15 02:34:39+00:00,2026-03-15 08:01:04.451595+00:00,617,1852.42
DL1621,4801,4685,2379,2026-01-13 08:07:59+00:00,2026-01-13 20:02:58.604664+00:00,811,1757.92
G37682,2811,706,1721,2026-02-12 02:30:33+00:00,2026-02-12 11:42:07.794374+00:00,984,544.43
DL1870,1798,360,928,2025-06-03 18:14:48+00:00,2025-06-04 07:42:50.278137+00:00,716,950.9
UA233,3199,157,3978,2025-08-02 06:41:04+00:00,2025-08-02 14:51:57.807161+00:00,58,666.6
AF6445,615,4548,4399,2025-09-08 01:10:42+00:00,2025-09-08 11:07:29.422254+00:00,176,1343.62
AF9974,890,1630,4787,2025-09-07 15:37:37+00:00,2025-09-08 04:35:19.258653+00:00,795,1364.56
EK1363,4490,2652,4496,2025-06-07 03:01:19+00:00,2025-06-07 05:40:56.365401+00:00,240,1930.44
AA9410,1622,4205,4384,2026-05-29 13:02:48+00:00,2026-05-30 00:48:25.652076+00:00,949,127.54
EK5369,3333,287,1971,2025-10-15 07:31:40+00:00,2025-10-15 16:25:38.485911+00:00,718,920.38
LA5591,2098,4432,2604,2025-08-07 05:48:16+00:00,2025-08-07 18:06:00.274421+00:00,289,1665.56
UA5196,3274,2675,4586,2025-07-03 16:59:34+00:00,2025-07-04 01:11:58.870520+00:00,897,1961.57
LH8431,124,672,594,2025-12-07 20:10:29+00:00,2025-12-08 05:18:15.086951+00:00,505,703.62
AA6918,3402,699,3305,2026-01-07 20:49:15+00:00,2026-01-08 06:13:03.286979+00:00,724,1117.54
IB1547,4260,1822,448,2026-03-31 03:02:05+00:00,2026-03-31 04:08:10.077696+00:00,201,1418.5
AD5876,2857,1343,575,2026-06-03 12:09:28+00:00,2026-06-04 00:50:08.720411+00:00,412,1979.6
AF8759,2705,4654,1576,2025-10-22 21:09:25+00:00,2025-10-23 02:17:59.228791+00:00,882,1126.02
AA2658,2600,437,804,2026-02-04 13:52:54+00:00,2026-02-04 23:42:24.054366+00:00,280,1574.9
IB995,2734,1053,1978,2026-01-01 01:53:48+00:00,2026-01-01 04:01:00.989481+00:00,379,879.62
IB5230,4266,3026,4086,2025-08-22 20:27:03+00:00,2025-08-23 03:49:06.417799+00:00,533,1050.24
LH2554,4993,2434,2100,2026-05-31 11:51:59+00:00,2026-05-31 13:13:25.328763+00:00,315,1434.1
DL2567,2690,130,3244,2026-03-09 15:59:14+00:00,2026-03-10 01:55:17.132820+00:00,425,1443.28
QR5957,3070,1465,940,2025-08-01 23:45:59+00:00,2025-08-02 04:36:26.161497+00:00,454,1982.55
AF6462,2878,4103,2357,2025-07-27 11:53:20+00:00,2025-07-27 13:17:55.253279+00:00,970,762.33
BA160,570,65,1171,2025-06-07 18:29:26+00:00,2025-06-08 04:35:37.152818+00:00,825,1019.46
BA9949,4962,2749,1029,2025-12-01 09:02:08+00:00,2025-12-01 18:42:56.868419+00:00,300,505.7
LH9031,440,4050,4502,2026-02-06 15:27:28+00:00,2026-02-06 18:27:22.253280+00:00,827,291.76
UA3976,2056,1684,4027,2026-05-06 03:38:22+00:00,2026-05-06 05:43:20.033840+00:00,891,2037.74
EK8774,3999,3261,912,2025-12-07 19:38:56+00:00,2025-12-07 21:36:26.381976+00:00,465,1139.94
IB4796,110,4171,1539,2026-04-10 04:43:16+00:00,2026-04-10 07:51:02.476905+00:00,803,1586.58
AA7019,4571,3266,2828,2025-11-25 12:18:03+00:00,2025-11-25 14:09:28.925648+00:00,241,1850.26
DL6857,1560,2047,3807,2026-03-14 16:05:27+00:00,2026-03-15 02:54:57.320595+00:00,376,983.95
G36824,3483,4996,2979,2025-09-22 16:02:37+00:00,2025-09-22 22:39:37.003376+00:00,728,2495.56
EK5381,2819,1084,1976,2026-03-25 16:35:46+00:00,2026-03-26 02:43:50.957461+00:00,28,1768.83
EK295,1654,2403,3125,2025-12-19 23:14:46+00:00,2025-12-20 02:45:02.192381+00:00,203,1685.02
IB5649,3061,3953,603,2026-02-14 21:43:15+00:00,2026-02-15 11:23:50.759430+00:00,804,2134.9
UA647,3871,976,3294,2025-07-22 12:08:55+00:00,2025-07-22 19:00:33.755484+00:00,529,1700.94
TP3273,4040,3433,1187,2025-07-01 05:06:28+00:00,2025-07-01 12:29:19.058400+00:00,334,467.81
AF6204,3297,3475,1068,2026-02-21 21:14:30+00:00,2026-02-22 05:39:04.618747+00:00,237,1954.02
AD969,1271,1563,4497,2025-07-25 09:00:26+00:00,2025-07-25 21:16:36.650492+00:00,476,859.88
IB2495,3698,2861,1492,2025-10-26 18:42:40+00:00,2025-10-27 07:08:49.420782+00:00,144,366.62
IB2318,4156,3300,4770,2025-12-11 22:01:52+00:00,2025-12-12 01:28:45.321002+00:00,924,1562.38
QR8634,3978,2417,1073,2026-03-18 09:02:52+00:00,2026-03-18 22:39:09.668575+00:00,520,1666.6
LA307,2717,2764,4685,2025-06-16 21:21:09+00:00,2025-06-16 23:14:33.294640+00:00,134,1744.93
BA2978,16,496,3835,2026-04-19 18:04:54+00:00,2026-04-19 23:58:26.801063+00:00,403,2328.44
G3729,455,4029,3838,2025-08-03 01:29:30+00:00,2025-08-03 04:09:40.236306+00:00,665,2494.47
TP5119,4754,788,4967,2025-10-31 12:25:02+00:00,2025-11-01 02:10:16.173424+00:00,960,205.19
QR9697,4742,167,3395,2026-05-06 15:14:42+00:00,2026-05-07 04:19:31.055648+00:00,518,866.84
AD6892,1609,4060,2871,2025-10-18 22:49:25+00:00,2025-10-19 11:59:45.546864+00:00,569,2269.35
EK7408,3683,3189,273,2026-01-06 07:35:29+00:00,2026-01-06 11:15:51.733080+00:00,26,1874.32
AD8563,2768,4345,2704,2025-06-11 16:46:25+00:00,2025-06-12 04:59:33.615894+00:00,458,1141.09
AF7148,538,515,1812,2026-02-13 09:06:09+00:00,2026-02-13 19:41:30.260887+00:00,135,1527.46
EK710,4174,4965,557,2026-02-24 22:37:35+00:00,2026-02-25 06:51:29.723752+00:00,805,97.82
AF6366,2181,3284,4850,2025-07-13 18:06:39+00:00,2025-07-14 06:21:00.496563+00:00,19,429.07
UA1620,317,1078,1778,2025-11-26 12:23:17+00:00,2025-11-26 16:16:31.431645+00:00,89,132.28
G39690,4843,1711,178,2025-10-01 18:30:59+00:00,2025-10-02 03:09:17.706666+00:00,808,1089.71
IB6023,2613,547,1257,2026-02-15 06:24:44+00:00,2026-02-15 12:33:12.909478+00:00,527,1072.65
LH1779,3951,2895,2438,2026-01-04 09:57:13+00:00,2026-01-04 20:47:24.992405+00:00,226,1558.74
DL6610,2826,2688,1461,2025-11-09 09:33:25+00:00,2025-11-09 17:07:54.234268+00:00,40,995.43
LA7815,3522,2810,3705,2025-08-22 22:26:25+00:00,2025-08-23 00:29:06.357266+00:00,998,336.59
QR1280,238,1406,4387,2025-12-21 10:51:33+00:00,2025-12-21 16:32:36.927203+00:00,324,925.94
BA5514,982,3929,3920,2026-05-20 03:47:34+00:00,2026-05-20 04:54:37.634985+00:00,749,1138.19
LA8050,3693,2041,4829,2025-11-21 10:50:49+00:00,2025-11-21 11:51:05.537929+00:00,726,1710.05
JJ4632,4575,3709,2058,2025-12-24 05:47:41+00:00,2025-12-24 16:09:08.929970+00:00,92,1054.89
G36797,932,1176,2389,2025-10-12 21:16:08+00:00,2025-10-13 10:16:56.497783+00:00,965,1575.83
UA9333,989,1166,4243,2026-05-08 17:00:44+00:00,2026-05-09 03:19:38.036955+00:00,257,1021.05
TP644,842,4564,40,2025-08-15 12:03:53+00:00,2025-08-15 15:31:57.385309+00:00,116,521.51
TP2864,2312,1868,441,2026-01-22 22:15:17+00:00,2026-01-23 01:07:34.589737+00:00,441,1804.27
AF2074,4844,3827,4346,2025-12-30 04:57:57+00:00,2025-12-30 10:40:42.033377+00:00,929,2048.97
AF436,4655,815,3642,2026-02-01 20:15:10+00:00,2026-02-02 02:32:32.523337+00:00,276,850.84
AF9311,2549,4947,3365,2025-06-21 09:55:57+00:00,2025-06-21 11:55:02.802688+00:00,918,1277.58
JJ1787,2279,2208,3577,2025-11-03 21:25:08+00:00,2025-11-04 08:41:44.581717+00:00,234,691.32
EK6400,4591,2106,803,2025-11-30 18:18:18+00:00,2025-12-01 01:35:28.865380+00:00,251,610.89
AF6427,4859,3577,695,2026-05-14 01:22:06+00:00,2026-05-14 14:52:19.916440+00:00,738,1896.24
SQ2649,2922,3580,2760,2026-04-23 01:51:46+00:00,2026-04-23 15:41:12.345795+00:00,985,336.42
SQ3933,135,2137,330,2026-05-22 10:17:18+00:00,2026-05-22 22:25:33.204432+00:00,433,2468.45
AF1432,3474,4299,1414,2026-01-11 18:16:37+00:00,2026-01-12 05:01:44.333993+00:00,535,388.97
AA1944,4559,4672,2455,2025-07-25 04:48:29+00:00,2025-07-25 11:50:12.942386+00:00,973,883.18
AA3731,2033,2072,3256,2026-04-05 01:37:08+00:00,2026-04-05 10:27:07.847079+00:00,572,901.17
EK252,1677,1403,1272,2026-04-22 20:58:29+00:00,2026-04-23 09:28:53.490181+00:00,897,323.53
AF9124,3482,3089,2552,2025-09-09 17:11:07+00:00,2025-09-09 18:52:47.545581+00:00,355,1451.05
TP7908,104,4129,2116,2026-03-22 15:28:16+00:00,2026-03-23 03:29:02.825793+00:00,833,1102.78
LA3496,1621,1141,1903,2025-12-30 00:07:18+00:00,2025-12-30 13:28:17.966355+00:00,724,634.67
AF1659,641,398,4389,2025-07-18 12:13:10+00:00,2025-07-18 22:56:26.026247+00:00,74,1659.31
SQ9313,2469,1048,4142,2026-01-25 11:04:35+00:00,2026-01-25 18:22:55.742483+00:00,996,1845.03
EK6861,2997,527,288,2025-11-13 07:24:30+00:00,2025-11-13 12:15:20.128170+00:00,594,542.52
LA9431,466,21,426,2025-11-09 19:09:57+00:00,2025-11-09 23:01:25.039216+00:00,904,1467.58
JJ4051,2036,3292,2766,2025-12-26 17:40:46+00:00,2025-12-26 23:49:31.861642+00:00,250,2232.27
AF3679,703,1234,1164,2025-09-30 01:43:54+00:00,2025-09-30 03:27:27.003336+00:00,931,2017.38
EK5923,3988,2073,4976,2026-03-08 20:02:17+00:00,2026-03-08 21:22:15.340694+00:00,562,1058.46
EK5161,3293,483,1512,2025-08-01 20:13:17+00:00,2025-08-02 08:39:08.899114+00:00,957,1462.21
QR9082,2157,665,2331,2026-01-21 15:22:29+00:00,2026-01-21 19:52:47.329660+00:00,363,739.29
JJ4869,4341,1457,3679,2026-05-25 01:38:57+00:00,2026-05-25 02:59:48.519660+00:00,75,104.83
BA2274,456,1331,2286,2025-07-30 02:49:54+00:00,2025-07-30 04:43:48.547383+00:00,249,2218.32
LA7768,3069,3844,541,2025-09-04 07:14:26+00:00,2025-09-04 12:55:01.958339+00:00,650,1047.2
TP9150,758,1582,1658,2026-01-07 22:10:18+00:00,2026-01-08 11:18:13.327251+00:00,561,166.07
SQ2361,4723,3055,4397,2026-03-28 02:53:20+00:00,2026-03-28 04:43:16.734756+00:00,889,1241.82
EK3033,214,2096,4281,2025-07-02 23:29:41+00:00,2025-07-03 12:04:20.273219+00:00,151,2257.46
TP523,3996,164,4238,2026-04-17 17:07:07+00:00,2026-04-18 00:18:36.618129+00:00,729,1850.28
AF1257,3738,1783,719,2025-08-09 14:26:18+00:00,2025-08-09 21:43:39.081451+00:00,798,888.75
BA8986,4927,317,4476,2025-08-08 09:54:57+00:00,2025-08-08 13:34:40.891789+00:00,96,2163.53
TP7779,1608,3826,2931,2025-08-15 10:48:06+00:00,2025-08-15 18:17:42.357751+00:00,71,1734.55
SQ7618,3110,1321,4367,2025-10-09 00:53:49+00:00,2025-10-09 06:27:11.571472+00:00,377,1375.48
AD3064,1273,143,4637,2025-11-08 02:42:28+00:00,2025-11-08 09:08:03.933864+00:00,118,619.74
JJ589,2055,2424,767,2025-08-25 11:41:41+00:00,2025-08-25 23:08:44.451905+00:00,857,1430.18
DL5619,329,2608,3072,2026-04-28 02:23:45+00:00,2026-04-28 04:19:40.706199+00:00,505,2444.12
DL1582,1534,1907,1467,2025-06-25 09:33:23+00:00,2025-06-25 12:48:17.600130+00:00,647,1252.01
LH4462,1596,3527,3606,2026-01-30 14:03:32+00:00,2026-01-31 01:50:19.690120+00:00,592,137.25
G32239,1568,2397,2369,2025-12-03 08:46:55+00:00,2025-12-03 21:41:58.732914+00:00,676,1964.07
AF5721,630,178,3659,2025-10-20 04:32:34+00:00,2025-10-20 08:00:26.822052+00:00,752,1358.28
IB5854,3397,1777,4345,2026-02-16 11:06:46+00:00,2026-02-16 16:29:49.044131+00:00,701,125.49
QR6366,2253,4784,4908,2025-10-21 12:11:37+00:00,2025-10-21 22:20:17.770017+00:00,434,1802.67
BA6461,3941,2804,2452,2026-01-21 10:01:23+00:00,2026-01-21 22:17:23.673050+00:00,220,266.33
QR1676,1653,3832,1432,2026-04-17 11:03:32+00:00,2026-04-17 22:10:01.809946+00:00,983,1820.89
BA7568,3555,4070,198,2025-12-08 23:37:19+00:00,2025-12-09 04:36:44.584504+00:00,882,1073.96
EK9401,978,1465,3095,2026-01-19 20:05:59+00:00,2026-01-20 01:42:18.424360+00:00,983,1876.82
IB6100,4375,2884,2248,2025-06-15 04:10:04+00:00,2025-06-15 18:05:46.197414+00:00,85,639.24
AA4263,3460,3708,1715,2025-11-02 21:32:33+00:00,2025-11-03 05:48:27.243479+00:00,224,1400.11
AD2131,226,2967,3253,2026-04-11 10:27:16+00:00,2026-04-11 16:14:33.052517+00:00,694,1765.29
TP8844,939,3881,2006,2025-08-23 14:13:07+00:00,2025-08-23 15:34:14.266385+00:00,380,1634.72
DL7553,4541,4509,1990,2025-12-17 21:24:11+00:00,2025-12-18 04:44:09.443820+00:00,289,667.73
BA9380,4592,728,3055,2026-03-19 15:57:15+00:00,2026-03-19 21:19:39.840108+00:00,621,2343.91
AA8641,1010,2810,3806,2025-06-19 20:10:44+00:00,2025-06-19 21:53:22.871452+00:00,17,519.13
LA3203,215,1399,815,2026-03-13 20:32:53+00:00,2026-03-14 02:53:26.502578+00:00,771,1175.37
TP5813,3375,2927,4147,2025-11-06 16:15:11+00:00,2025-11-07 03:07:47.716200+00:00,663,804.53
G3916,1136,1636,584,2026-03-20 23:54:51+00:00,2026-03-21 10:06:21.944455+00:00,968,1760.68
IB7459,4261,2525,2679,2025-07-02 10:32:37+00:00,2025-07-02 19:40:00.108610+00:00,316,1749.91
BA3529,3758,2506,4736,2025-11-23 12:12:51+00:00,2025-11-23 22:16:30.209234+00:00,115,397.94
QR8971,3100,3551,3809,2025-08-31 19:50:50+00:00,2025-09-01 03:33:54.665767+00:00,949,956.0
LH3269,1597,1430,2515,2025-08-21 21:19:30+00:00,2025-08-22 03:11:24.940733+00:00,695,637.57
AA8687,3896,3802,2241,2026-04-30 00:12:33+00:00,2026-04-30 07:13:57.512386+00:00,789,328.58
AD8394,1683,421,1240,2026-05-25 13:17:44+00:00,2026-05-25 15:22:27.590726+00:00,307,495.44
TP4038,866,1002,1919,2026-01-11 17:49:49+00:00,2026-01-12 01:13:11.725822+00:00,562,1123.53
QR2837,3950,4772,1962,2025-07-09 16:32:15+00:00,2025-07-09 20:23:08.967803+00:00,891,2062.33
G38685,30,273,1312,2025-07-18 19:03:07+00:00,2025-07-18 20:58:45.935520+00:00,455,349.81
AA2733,3777,4790,4155,2026-04-16 08:40:41+00:00,2026-04-16 13:23:38.322310+00:00,906,528.07
IB2051,947,4536,1240,2026-01-10 21:00:13+00:00,2026-01-11 06:17:26.879508+00:00,835,810.59
SQ8515,644,1292,3894,2025-12-20 09:30:25+00:00,2025-12-20 17:45:45.029759+00:00,810,1229.42
TP5261,892,1147,3607,2026-02-17 09:39:12+00:00,2026-02-17 17:35:51.364046+00:00,567,254.34
SQ6416,4972,4931,3151,2026-03-17 07:53:56+00:00,2026-03-17 17:27:35.346272+00:00,627,1292.86
AA3866,4220,1411,4956,2025-08-18 07:19:44+00:00,2025-08-18 17:29:10.143005+00:00,234,1564.69
DL3902,450,2659,438,2025-08-29 17:16:28+00:00,2025-08-30 06:16:07.751032+00:00,187,998.86
LH9845,4343,2363,2766,2026-06-01 23:01:25+00:00,2026-06-02 03:46:28.928048+00:00,200,1992.26
LA5317,321,1431,3002,2025-08-11 03:55:24+00:00,2025-08-11 07:08:56.108264+00:00,532,625.36
UA6096,2031,3030,1326,2025-09-29 03:40:41+00:00,2025-09-29 17:34:43.175590+00:00,307,2112.16
LA2254,478,2427,4830,2026-03-12 08:40:30+00:00,2026-03-12 16:32:40.617542+00:00,795,1538.45
SQ3009,1039,3446,2165,2026-02-08 06:43:03+00:00,2026-02-08 10:55:24.312672+00:00,722,1228.35
IB2341,1777,4377,1708,2026-05-08 05:52:30+00:00,2026-05-08 15:16:08.342986+00:00,293,460.09
EK5381,2789,3615,753,2025-12-22 03:18:11+00:00,2025-12-22 09:47:16.533018+00:00,154,2413.47
DL6283,62,222,779,2026-03-07 09:45:29+00:00,2026-03-07 17:41:54.341445+00:00,834,1914.86
UA1770,1108,1891,3138,2026-02-10 08:37:55+00:00,2026-02-10 15:07:10.225132+00:00,378,1117.14
AA4820,4615,1913,1002,2025-07-29 16:27:07+00:00,2025-07-30 02:08:33.509851+00:00,769,2037.89
AA1289,3479,3605,1815,2025-08-28 19:52:44+00:00,2025-08-29 07:49:29.225748+00:00,1000,232.11
EK7793,3652,4190,1342,2025-11-19 06:56:24+00:00,2025-11-19 19:54:52.798141+00:00,67,1977.26
SQ4143,227,4201,3671,2026-03-23 02:34:08+00:00,2026-03-23 05:09:43.870375+00:00,514,2209.84
SQ9750,1072,4355,1885,2026-01-03 23:54:03+00:00,2026-01-04 06:15:13.368984+00:00,571,1976.5
LH2656,3262,4600,3330,2025-12-23 01:35:28+00:00,2025-12-23 12:11:59.366189+00:00,676,2054.58
LH4690,2808,33,4770,2026-04-05 04:34:59+00:00,2026-04-05 15:59:37.862637+00:00,190,303.67
JJ357,3828,291,592,2025-08-22 12:33:48+00:00,2025-08-22 21:02:04.000834+00:00,911,1994.19
AA2922,1962,4786,789,2025-06-30 01:56:09+00:00,2025-06-30 09:54:18.494449+00:00,421,2278.36
IB3743,529,2418,1473,2025-07-30 10:49:45+00:00,2025-07-30 18:39:22.370640+00:00,458,2346.12
LH2451,1442,3241,2154,2025-12-17 14:59:49+00:00,2025-12-17 20:26:56.784546+00:00,953,493.9
LA8783,2290,1107,1710,2025-12-16 12:55:09+00:00,2025-12-17 00:33:52.144889+00:00,58,831.13
LA8828,3876,73,4440,2025-08-11 18:57:14+00:00,2025-08-12 06:21:34.499776+00:00,163,2380.87
EK3496,2709,1527,2675,2026-02-17 11:17:44+00:00,2026-02-17 21:36:59.289439+00:00,930,941.18
AA6635,2204,2104,3157,2026-03-12 20:04:21+00:00,2026-03-13 02:09:56.885768+00:00,790,2199.72
LA266,1203,3999,398,2026-02-21 02:50:27+00:00,2026-02-21 08:37:08.913557+00:00,40,939.0
AD8489,3861,4068,3921,2026-01-16 01:13:29+00:00,2026-01-16 06:08:02.536890+00:00,706,1256.07
EK7363,4402,1684,3450,2026-04-16 18:41:21+00:00,2026-04-17 02:58:55.435190+00:00,942,1439.83
DL480,1018,2301,319,2026-05-09 00:14:01+00:00,2026-05-09 05:12:50.401839+00:00,323,804.75
TP5501,3573,691,461,2025-12-24 12:31:59+00:00,2025-12-24 23:04:53.224388+00:00,847,470.27
LA3235,4647,2827,2936,2025-09-06 13:08:17+00:00,2025-09-06 22:29:08.303895+00:00,358,391.61
AF3540,2163,2476,785,2026-02-24 12:11:54+00:00,2026-02-24 20:45:54.080408+00:00,161,1238.95
SQ2197,3786,4262,214,2025-07-28 02:00:34+00:00,2025-07-28 04:20:29.152360+00:00,68,1349.72
LA5495,2465,4655,4933,2025-06-08 03:22:29+00:00,2025-06-08 07:22:30.747172+00:00,89,1511.22
G36349,994,3467,3626,2025-09-15 18:58:49+00:00,2025-09-16 07:39:58.974603+00:00,5,1312.49
JJ8581,1447,1794,3223,2025-09-12 23:10:10+00:00,2025-09-13 08:33:20.237624+00:00,88,864.66
TP7720,1423,2855,1735,2026-05-09 05:24:36+00:00,2026-05-09 11:24:54.534250+00:00,454,1808.63
G36271,111,4195,4760,2025-06-15 19:43:08+00:00,2025-06-16 04:43:03.713733+00:00,11,62.79
LA3488,1128,4855,2043,2025-12-20 14:37:09+00:00,2025-12-20 17:38:22.228144+00:00,311,573.09
JJ2504,3593,4773,2064,2026-04-17 19:49:29+00:00,2026-04-18 04:22:51.422226+00:00,182,458.16
UA7894,4435,2439,419,2026-05-26 14:57:16+00:00,2026-05-26 19:49:59.998436+00:00,604,2259.17
TP3512,3497,3351,3390,2025-08-22 10:46:24+00:00,2025-08-22 14:45:03.724669+00:00,283,1415.88
QR3382,4200,4306,204,2026-04-30 09:40:01+00:00,2026-04-30 22:35:27.772397+00:00,591,1833.24
QR8360,4700,2500,147,2025-09-27 14:13:59+00:00,2025-09-28 01:25:25.452484+00:00,238,86.55
AA2720,3277,1192,3348,2025-09-30 02:19:33+00:00,2025-09-30 07:42:04.428582+00:00,64,2356.25
IB5360,1852,870,2456,2025-12-09 06:00:41+00:00,2025-12-09 14:14:00.284155+00:00,259,1532.71
QR4736,597,2918,906,2025-09-23 03:14:08+00:00,2025-09-23 09:56:25.464307+00:00,548,1803.93
AF7974,200,2345,943,2025-09-10 20:33:16+00:00,2025-09-11 04:29:43.916602+00:00,668,1477.59
IB2611,4742,295,1412,2025-12-26 19:21:08+00:00,2025-12-27 08:28:28.962400+00:00,328,2044.43
LA4262,2338,2205,978,2025-11-19 19:29:49+00:00,2025-11-20 08:55:40.194029+00:00,541,1978.02
AD1898,3409,1081,245,2025-12-29 08:48:40+00:00,2025-12-29 19:56:28.111429+00:00,200,1255.91
DL2487,3557,841,4012,2026-01-26 05:56:26+00:00,2026-01-26 15:54:35.573630+00:00,508,1763.38
IB3539,4435,1462,604,2026-02-11 14:53:43+00:00,2026-02-11 20:47:18.953914+00:00,437,392.02
JJ1402,4664,3229,4682,2025-11-14 11:50:39+00:00,2025-11-14 21:45:15.435444+00:00,366,1233.53
AF3266,3827,226,979,2026-01-04 06:03:49+00:00,2026-01-04 10:27:41.995538+00:00,416,1016.88
LH7461,749,2172,428,2025-08-29 21:29:43+00:00,2025-08-30 05:00:15.057626+00:00,127,125.33
TP2708,1504,1354,3397,2026-05-03 15:24:52+00:00,2026-05-04 01:51:48.348219+00:00,355,679.49
QR5804,1619,4930,2229,2026-04-13 03:42:45+00:00,2026-04-13 05:15:10.266102+00:00,382,436.02
UA8455,2757,1139,1500,2026-01-24 07:01:36+00:00,2026-01-24 14:29:41.099991+00:00,916,480.98
LA3838,2288,4411,4990,2026-05-27 10:57:29+00:00,2026-05-27 23:11:26.309024+00:00,538,2288.55
UA4247,4350,3255,4369,2026-05-18 22:23:52+00:00,2026-05-19 02:15:02.733736+00:00,904,1830.95
DL4287,4776,3825,3160,2025-08-08 23:04:56+00:00,2025-08-09 08:26:28.913544+00:00,227,1526.7
QR9361,4057,922,3972,2026-01-11 21:30:49+00:00,2026-01-12 00:33:24.087471+00:00,655,2192.51
AA5272,3651,1621,3733,2026-04-03 03:47:27+00:00,2026-04-03 07:38:32.082849+00:00,611,562.62
BA6427,3477,3861,995,2025-07-29 10:17:19+00:00,2025-07-29 17:38:01.188439+00:00,895,2256.86
LH7457,112,1342,4994,2025-11-01 19:04:43+00:00,2025-11-02 02:13:33.694436+00:00,783,2151.83
DL9659,4613,3140,3527,2026-03-01 13:16:45+00:00,2026-03-01 22:20:26.364378+00:00,300,869.29
UA257,2732,3844,2675,2026-05-13 22:32:19+00:00,2026-05-14 07:15:23.347596+00:00,400,186.41
TP1041,3816,195,1591,2025-12-11 11:52:33+00:00,2025-12-11 19:32:57.024464+00:00,164,2139.93
TP8176,4125,261,4834,2025-07-20 03:41:54+00:00,2025-07-20 06:39:24.517634+00:00,860,1202.47
QR914,1835,3363,2578,2026-03-05 18:18:21+00:00,2026-03-06 03:33:47.737948+00:00,890,1978.52
TP1282,1053,4147,4389,2025-08-17 03:18:06+00:00,2025-08-17 09:01:13.625942+00:00,680,1756.08
TP8762,4780,1323,4479,2026-04-20 18:45:35+00:00,2026-04-21 04:00:48.756820+00:00,194,1677.43
UA4370,156,2751,1142,2026-05-22 13:36:12+00:00,2026-05-22 14:52:33.639912+00:00,157,606.7
G36326,1991,4044,1197,2026-03-19 04:24:55+00:00,2026-03-19 10:26:10.929906+00:00,356,348.59
QR1659,2675,90,2345,2025-09-12 18:58:56+00:00,2025-09-12 21:46:28.333970+00:00,977,196.44
UA6565,3960,2446,1723,2026-05-07 05:47:24+00:00,2026-05-07 17:36:12.558214+00:00,946,1774.34
AF5247,3693,1289,4856,2025-12-16 23:52:57+00:00,2025-12-17 04:37:38.464607+00:00,188,566.9
EK3087,943,1926,155,2026-01-04 15:40:39+00:00,2026-01-05 04:10:33.494896+00:00,906,1797.97
AD952,3699,480,1936,2025-07-13 02:32:38+00:00,2025-07-13 11:08:22.120317+00:00,429,1880.88
LA9907,3212,3436,529,2026-04-05 02:25:54+00:00,2026-04-05 03:42:17.719873+00:00,501,218.93
AA1200,3000,2035,3182,2026-03-12 14:36:33+00:00,2026-03-13 00:01:29.043241+00:00,333,1012.74
AA1450,3625,1190,4431,2025-10-01 14:02:13+00:00,2025-10-02 00:14:49.292311+00:00,176,1599.49
DL2190,3855,607,3798,2026-04-02 03:51:34+00:00,2026-04-02 10:52:23.863516+00:00,649,1959.4
BA5122,2915,1459,887,2026-04-27 04:13:00+00:00,2026-04-27 15:31:22.314631+00:00,911,358.42
BA1450,173,179,1351,2025-12-22 21:30:35+00:00,2025-12-22 22:44:44.213250+00:00,960,2277.07
G39796,3856,4213,514,2026-03-05 20:17:04+00:00,2026-03-06 09:58:12.857909+00:00,544,400.55
SQ8434,4913,1076,1959,2026-03-31 10:27:55+00:00,2026-03-31 18:31:58.400686+00:00,793,1708.59
TP4418,3328,713,944,2025-09-26 09:52:48+00:00,2025-09-26 22:01:23.413702+00:00,923,1466.46
G37170,1374,1668,3065,2025-09-17 20:12:01+00:00,2025-09-18 04:01:41.813895+00:00,34,2246.24
DL4815,3087,114,2597,2025-08-10 07:56:51+00:00,2025-08-10 13:48:05.693063+00:00,174,1937.19
IB2391,597,1015,1452,2026-05-18 07:58:59+00:00,2026-05-18 14:25:36.693746+00:00,111,942.27
JJ3780,3040,4894,3867,2026-04-14 10:18:56+00:00,2026-04-14 12:03:36.380336+00:00,719,912.03
AA1818,3795,4665,3348,2025-08-25 03:33:59+00:00,2025-08-25 17:32:33.565601+00:00,114,550.1
DL884,1207,714,4048,2025-09-13 20:19:44+00:00,2025-09-14 04:02:33.392260+00:00,868,888.19
TP3820,775,1894,684,2026-02-24 21:45:36+00:00,2026-02-25 05:44:40.762159+00:00,181,630.92
G35926,717,2265,1637,2025-08-06 21:55:57+00:00,2025-08-07 11:30:13.101813+00:00,886,621.81
AF2142,3279,2488,265,2025-07-30 15:52:26+00:00,2025-07-31 01:48:00.655557+00:00,139,967.45
TP3905,900,2107,345,2026-05-29 14:25:59+00:00,2026-05-29 16:04:18.325543+00:00,578,275.33
AF2845,121,3909,650,2026-04-12 09:56:51+00:00,2026-04-12 20:55:36.090595+00:00,163,288.13
AF4395,634,1036,2716,2026-03-18 14:26:35+00:00,2026-03-18 16:08:30.839663+00:00,48,2433.94
QR8490,1864,1368,2698,2025-08-25 19:06:31+00:00,2025-08-26 03:46:24.649435+00:00,591,1460.94
LA592,1504,398,2593,2025-12-27 05:45:40+00:00,2025-12-27 09:41:22.367502+00:00,473,2038.68
AD7134,4071,3886,2415,2026-01-18 10:41:33+00:00,2026-01-18 23:06:19.057056+00:00,498,2434.45
AF4235,1239,2997,2416,2025-08-20 18:25:01+00:00,2025-08-21 02:25:30.866509+00:00,527,2483.57
EK3369,4127,2082,3050,2025-11-11 04:31:35+00:00,2025-11-11 16:31:23.857019+00:00,329,1406.51
BA1284,1317,1607,440,2026-05-09 01:20:57+00:00,2026-05-09 15:07:39.701506+00:00,121,1306.57
QR2629,4526,3669,1281,2025-12-08 08:48:14+00:00,2025-12-08 21:15:59.806994+00:00,843,1166.93
G32330,1371,3246,1346,2025-06-27 04:58:42+00:00,2025-06-27 08:20:57.942368+00:00,763,1420.83
QR939,121,1482,2341,2026-04-12 17:22:35+00:00,2026-04-13 00:43:55.025507+00:00,720,218.33
BA3062,4743,3508,2010,2025-06-04 20:10:51+00:00,2025-06-05 09:49:52.215895+00:00,614,925.34
TP3012,1307,4550,1078,2025-08-18 04:43:53+00:00,2025-08-18 05:45:17.347851+00:00,914,739.8
DL3210,2770,4214,1273,2025-11-11 11:48:16+00:00,2025-11-11 19:41:26.379609+00:00,368,1849.54
G39817,3796,1617,4174,2026-01-11 01:20:43+00:00,2026-01-11 03:26:48.640150+00:00,419,1250.8
AA6356,2809,1263,2942,2025-06-11 11:01:35+00:00,2025-06-11 17:51:42.338160+00:00,843,810.18
JJ3028,4328,3479,2304,2025-09-09 08:25:19+00:00,2025-09-09 13:55:58.085571+00:00,391,799.55
UA9960,2583,3790,3988,2026-03-09 09:54:35+00:00,2026-03-09 22:15:28.839997+00:00,108,117.3
DL9945,4473,3657,3595,2025-08-07 23:37:49+00:00,2025-08-08 08:44:04.039979+00:00,26,1201.64
G33048,1204,316,3615,2025-10-28 13:09:59+00:00,2025-10-28 22:48:49.974139+00:00,90,2412.12
TP845,52,202,4897,2025-06-25 08:21:45+00:00,2025-06-25 13:06:30.288621+00:00,15,208.8
EK6353,4711,3505,3455,2025-10-09 00:09:45+00:00,2025-10-09 02:00:16.933102+00:00,706,478.55
LA8324,617,3629,3556,2025-06-17 20:05:23+00:00,2025-06-17 22:04:51.027780+00:00,184,1948.74
BA2181,3321,933,2310,2025-10-23 21:01:33+00:00,2025-10-24 04:09:52.648135+00:00,443,2003.61
LH8611,2359,2448,4393,2025-12-02 18:36:09+00:00,2025-12-03 07:03:24.060978+00:00,394,1540.23
SQ6567,762,1541,1439,2025-08-06 17:32:18+00:00,2025-08-06 19:50:00.425726+00:00,53,475.59
IB9757,3837,1204,1953,2025-10-09 08:40:13+00:00,2025-10-09 16:45:03.687239+00:00,646,2479.43
G36227,3275,1510,3368,2025-07-06 00:35:10+00:00,2025-07-06 14:33:12.686583+00:00,957,1371.57
LA6395,3635,4440,602,2026-04-05 20:34:18+00:00,2026-04-06 08:11:14.181138+00:00,864,1404.59
DL1482,2577,2333,3224,2025-11-08 20:11:55+00:00,2025-11-09 09:44:24.292223+00:00,379,1644.62
EK9013,4637,1004,2824,2025-12-15 03:15:43+00:00,2025-12-15 07:58:15.887908+00:00,195,1975.47
QR9417,2097,2300,4816,2025-09-17 13:29:51+00:00,2025-09-17 20:21:46.827879+00:00,624,250.41
DL4727,3299,2865,2202,2025-09-11 14:55:50+00:00,2025-09-11 19:59:48.051689+00:00,233,1515.03
UA4278,1071,1316,4144,2026-03-29 07:18:25+00:00,2026-03-29 10:02:56.275850+00:00,503,1964.68
AF8294,4709,4576,3990,2025-11-26 13:12:31+00:00,2025-11-26 19:29:04.095442+00:00,299,2232.83
AF7185,1349,3169,2755,2026-02-13 20:46:19+00:00,2026-02-13 23:45:01.503491+00:00,291,222.07
AF7603,2688,361,4133,2025-09-08 09:27:18+00:00,2025-09-08 20:43:33.563789+00:00,842,1908.94
DL3952,854,3855,2505,2025-07-02 14:10:27+00:00,2025-07-02 22:48:26.971408+00:00,761,918.65
SQ785,3288,4774,4941,2026-06-02 19:22:53+00:00,2026-06-03 05:55:06.672111+00:00,395,1772.09
AA3367,22,1357,1731,2025-09-08 13:20:34+00:00,2025-09-08 23:30:36.617766+00:00,975,1446.63
IB8706,4323,3123,4059,2026-05-11 06:09:21+00:00,2026-05-11 11:51:58.947182+00:00,157,796.03
G31196,428,4107,4884,2025-11-13 21:29:53+00:00,2025-11-14 01:58:43.895575+00:00,879,645.48
AA5635,3206,988,3278,2026-05-05 22:35:39+00:00,2026-05-06 03:29:38.566857+00:00,784,1229.82
G34473,2520,691,3365,2026-05-04 22:02:14+00:00,2026-05-05 01:02:58.355281+00:00,105,2322.95
EK1844,1797,501,423,2026-01-05 18:32:13+00:00,2026-01-05 22:38:17.560685+00:00,179,672.95
TP8890,2211,1451,1739,2026-05-10 22:17:31+00:00,2026-05-10 23:44:03.123526+00:00,432,1402.96
QR4409,2272,3581,3597,2025-08-07 05:51:45+00:00,2025-08-07 15:01:45.901543+00:00,827,2157.44
AF5427,4342,2880,443,2026-03-29 17:04:18+00:00,2026-03-30 06:22:34.944996+00:00,368,821.19
JJ3182,1353,3225,2331,2025-10-16 10:12:17+00:00,2025-10-16 17:53:18.677093+00:00,437,785.73
LH7821,1706,3605,4005,2025-12-14 04:32:14+00:00,2025-12-14 11:08:55.258272+00:00,738,898.84
EK6749,2994,2413,977,2026-04-02 05:43:40+00:00,2026-04-02 17:23:36.941268+00:00,469,204.98
AF6757,2400,3454,2014,2026-02-23 19:32:10+00:00,2026-02-24 07:58:00.266397+00:00,351,2290.78
LH7011,1961,2630,4738,2025-06-24 06:31:51+00:00,2025-06-24 08:09:12.778686+00:00,676,2192.33
EK9432,2941,1758,4526,2025-11-17 04:20:13+00:00,2025-11-17 09:59:21.849179+00:00,697,2239.25
DL9188,1931,1276,2716,2025-10-06 00:25:26+00:00,2025-10-06 07:50:00.061414+00:00,270,2242.47
TP8105,3896,4611,4684,2025-11-13 07:48:14+00:00,2025-11-13 14:31:50.447593+00:00,703,546.91
G33543,2105,128,4120,2025-09-05 22:10:20+00:00,2025-09-06 05:03:24.732681+00:00,393,1362.1
LA8743,3673,2318,2895,2025-08-09 21:11:56+00:00,2025-08-10 06:48:03.660314+00:00,582,208.76
JJ9048,1316,1130,750,2025-06-15 10:10:22+00:00,2025-06-15 18:56:01.805333+00:00,877,1293.07
AD6205,211,706,3360,2025-06-12 23:19:38+00:00,2025-06-13 01:33:41.219437+00:00,413,209.72
G34588,4319,2634,3325,2025-08-26 12:48:45+00:00,2025-08-26 22:36:46.813063+00:00,638,693.52
IB170,2269,137,1648,2025-11-26 13:28:09+00:00,2025-11-26 18:01:04.124645+00:00,223,645.48
G35716,1047,4523,4413,2025-09-25 06:02:06+00:00,2025-09-25 07:25:28.402557+00:00,977,2221.0
AF8252,235,4003,3876,2026-05-16 10:19:47+00:00,2026-05-16 13:24:57.368433+00:00,321,161.78
IB1217,236,661,642,2026-05-14 09:28:03+00:00,2026-05-14 18:53:31.952568+00:00,384,621.22
BA1237,2900,3412,4310,2025-10-18 23:11:27+00:00,2025-10-19 09:12:12.552873+00:00,2,1901.34
AD1053,4311,2096,2230,2025-07-29 01:33:37+00:00,2025-07-29 03:44:57.197610+00:00,929,2180.51
LA4148,3971,1425,4041,2026-04-02 14:13:28+00:00,2026-04-03 00:06:50.647256+00:00,393,2040.82
LA2933,2378,2727,1328,2025-06-27 00:38:34+00:00,2025-06-27 02:32:48.005508+00:00,509,87.74
QR7741,966,3402,4895,2026-02-25 05:13:30+00:00,2026-02-25 13:39:41.311239+00:00,950,847.83
TP834,3039,4936,439,2026-01-31 19:29:03+00:00,2026-02-01 09:24:36.118053+00:00,379,2298.43
AF9119,4388,1407,508,2026-02-04 11:50:20+00:00,2026-02-04 22:25:48.159882+00:00,767,1469.95
BA3634,3724,1973,3786,2026-04-17 20:34:40+00:00,2026-04-17 23:54:26.163374+00:00,189,988.21
LA1724,2660,3791,167,2025-07-12 06:22:55+00:00,2025-07-12 16:04:37.306068+00:00,753,1677.17
JJ3075,2059,1572,3343,2026-03-28 01:02:27+00:00,2026-03-28 10:17:28.831995+00:00,429,586.99
DL2378,230,4267,3,2025-09-19 08:00:30+00:00,2025-09-19 20:37:04.325012+00:00,957,2119.9
JJ1389,57,4047,2949,2025-12-11 07:35:16+00:00,2025-12-11 20:53:16.461498+00:00,820,881.91
IB4058,892,4777,3668,2026-01-18 20:31:00+00:00,2026-01-19 08:43:23.596493+00:00,924,1056.62
LA181,4150,3304,4028,2026-03-31 18:36:43+00:00,2026-03-31 22:02:24.608159+00:00,607,544.11
IB8064,1109,185,1554,2025-06-22 17:03:34+00:00,2025-06-23 06:51:35.423829+00:00,238,513.81
G38567,2012,4372,1731,2026-01-05 02:11:09+00:00,2026-01-05 07:08:46.350743+00:00,326,2140.93
DL1447,4005,1391,3720,2025-07-04 08:45:52+00:00,2025-07-04 11:14:12.478721+00:00,406,389.32
AF2565,4586,2111,211,2025-10-15 12:37:38+00:00,2025-10-15 18:42:45.429511+00:00,551,1078.34
AD2122,3748,2314,2640,2025-12-17 20:39:51+00:00,2025-12-18 05:43:15.791296+00:00,151,1998.7
UA7399,1680,2130,1660,2026-03-25 11:42:16+00:00,2026-03-25 14:58:10.141323+00:00,661,515.91
G3434,2162,4661,888,2026-02-03 15:12:25+00:00,2026-02-03 16:55:39.574268+00:00,369,2223.04
EK1080,4786,1655,976,2026-01-23 08:06:48+00:00,2026-01-23 15:55:11.604462+00:00,591,389.59
LH3695,1024,2480,1469,2026-03-30 01:38:48+00:00,2026-03-30 06:34:27.380064+00:00,32,1179.05
BA6335,1444,1084,2752,2025-08-26 08:48:53+00:00,2025-08-26 14:25:34.736438+00:00,954,372.83
AA5771,523,1062,2251,2026-04-10 18:18:14+00:00,2026-04-10 19:39:47.710782+00:00,635,801.21
LA786,1911,4827,51,2026-01-08 04:45:36+00:00,2026-01-08 08:02:42.024936+00:00,425,1092.86
AA4762,1982,2684,3960,2025-07-27 21:15:24+00:00,2025-07-28 07:26:03.925014+00:00,168,1384.8
AA5465,4842,2733,3040,2026-02-22 07:17:11+00:00,2026-02-22 13:47:25.038977+00:00,970,1213.15
SQ5045,3407,4782,1191,2025-06-15 17:29:05+00:00,2025-06-16 03:31:24.657481+00:00,552,305.09
AA4088,3493,4967,1162,2026-01-22 18:47:27+00:00,2026-01-23 01:30:18.650875+00:00,896,1554.33
LA2279,1705,2657,3962,2025-08-08 00:28:35+00:00,2025-08-08 09:33:58.126004+00:00,445,1495.33
QR3150,3677,2689,1402,2025-08-05 12:56:09+00:00,2025-08-05 14:35:14.773548+00:00,855,1041.08
EK7562,1660,1570,1424,2026-03-19 08:32:25+00:00,2026-03-19 19:46:57.261937+00:00,701,96.97
LH9669,844,3709,2824,2026-03-09 12:12:56+00:00,2026-03-09 13:14:04.581476+00:00,596,338.09
G33589,696,4421,1515,2025-11-28 16:17:35+00:00,2025-11-28 20:44:05.458149+00:00,659,445.98
EK6510,2361,3956,4031,2025-07-04 20:19:26+00:00,2025-07-05 04:04:41.633758+00:00,733,1429.82
UA3358,4016,4049,1070,2025-11-21 01:41:52+00:00,2025-11-21 14:16:00.694031+00:00,776,1357.76
UA9529,2848,1158,1401,2025-08-07 21:45:44+00:00,2025-08-08 04:10:25.525815+00:00,529,1169.16
G31258,3439,1548,280,2025-09-29 14:07:54+00:00,2025-09-29 20:05:17.397591+00:00,610,2019.37
EK5457,3342,1136,282,2025-09-10 11:34:23+00:00,2025-09-10 18:47:04.561880+00:00,210,2024.54
SQ9285,1783,1671,1270,2025-08-01 20:32:09+00:00,2025-08-02 07:36:47.225159+00:00,954,260.77
LH5693,2965,558,955,2025-07-26 00:13:35+00:00,2025-07-26 08:58:05.134906+00:00,238,460.15
G38010,2835,1793,1919,2025-09-03 17:52:08+00:00,2025-09-04 03:41:19.802960+00:00,376,2089.88
AA8523,849,3258,2116,2025-07-23 05:02:59+00:00,2025-07-23 18:01:45.461307+00:00,804,2254.67
LA512,711,4126,1276,2026-02-14 22:42:48+00:00,2026-02-15 05:26:58.197391+00:00,333,2174.03
G32058,1596,1382,3593,2026-03-15 05:25:03+00:00,2026-03-15 18:27:16.875294+00:00,574,1139.19
G3163,1136,3820,4549,2025-09-05 20:41:09+00:00,2025-09-06 04:09:52.308036+00:00,361,2278.7
AD1698,2799,856,56,2025-10-24 14:46:52+00:00,2025-10-24 18:30:41.567256+00:00,637,97.82
BA3065,1796,3909,2276,2026-04-20 23:20:24+00:00,2026-04-21 05:34:00.982361+00:00,376,2351.38
SQ5000,2772,2947,4013,2026-04-21 14:14:58+00:00,2026-04-21 21:49:01.325746+00:00,856,1017.64
IB7397,4488,3312,3385,2026-02-03 15:22:46+00:00,2026-02-04 01:49:04.314698+00:00,431,333.96
SQ2710,4056,328,2706,2026-01-31 01:42:23+00:00,2026-01-31 04:13:34.662853+00:00,311,2138.98
SQ6932,2697,4271,3934,2025-08-08 05:30:51+00:00,2025-08-08 14:52:52.687981+00:00,1000,371.66
AD1957,526,4906,2038,2025-11-24 05:39:05+00:00,2025-11-24 12:56:14.830227+00:00,189,483.14
SQ3541,2723,2339,2639,2026-01-11 19:32:28+00:00,2026-01-12 04:11:28.955920+00:00,891,95.86
QR1726,3307,1195,4658,2025-06-29 01:41:02+00:00,2025-06-29 13:19:17.369747+00:00,781,1120.94
LA5692,88,1029,4565,2026-05-21 23:13:51+00:00,2026-05-22 09:48:03.669337+00:00,299,1870.39
UA2047,931,3220,3977,2025-10-30 23:21:42+00:00,2025-10-31 12:14:27.568197+00:00,374,107.27
BA5750,3376,4654,371,2025-06-17 02:54:59+00:00,2025-06-17 13:54:01.493925+00:00,170,2416.49
G3292,2511,1894,1046,2025-06-23 04:07:39+00:00,2025-06-23 15:10:09.427701+00:00,684,1270.2
QR2987,2896,1375,4137,2025-10-15 10:33:18+00:00,2025-10-15 13:53:16.909152+00:00,410,1173.45
AA519,3564,16,4267,2026-05-22 18:47:20+00:00,2026-05-23 05:52:04.221003+00:00,490,1803.31
QR8541,130,1212,541,2025-08-24 22:26:02+00:00,2025-08-25 00:21:04.622164+00:00,412,1576.11
JJ594,4725,493,4368,2025-08-16 09:24:07+00:00,2025-08-16 18:04:17.527644+00:00,692,1627.15
QR3229,3655,4104,1001,2025-06-25 10:40:30+00:00,2025-06-25 21:01:38.871484+00:00,889,1229.89
BA583,2953,2893,1512,2026-03-17 21:18:24+00:00,2026-03-17 23:53:07.823252+00:00,958,2023.61
BA3431,89,3263,1116,2025-06-10 04:32:07+00:00,2025-06-10 12:48:58.828351+00:00,612,221.44
G37686,4141,249,3009,2025-10-22 09:16:33+00:00,2025-10-22 21:08:24.932389+00:00,581,338.68
LA3855,3292,2031,204,2025-10-14 19:10:24+00:00,2025-10-14 20:31:02.302990+00:00,729,106.69
AA4662,2002,2268,4132,2026-04-21 23:20:24+00:00,2026-04-22 08:18:57.337957+00:00,19,1366.9
LA7197,44,2203,2562,2026-02-13 17:00:25+00:00,2026-02-13 20:25:57.563721+00:00,656,986.13
TP291,162,2017,2973,2025-11-05 11:05:57+00:00,2025-11-05 19:59:35.784014+00:00,883,1532.28
AD7028,2756,2556,2158,2025-09-02 06:02:10+00:00,2025-09-02 19:13:00.932600+00:00,244,221.92
LA9458,2536,498,1559,2026-02-19 16:20:10+00:00,2026-02-20 05:58:41.132090+00:00,499,1222.51
AF555,4454,4115,1756,2025-06-25 04:24:35+00:00,2025-06-25 06:50:11.299265+00:00,918,2077.73
AF3536,4335,4277,2050,2025-08-12 14:38:10+00:00,2025-08-13 02:42:32.662681+00:00,907,1014.42
JJ3335,3355,4068,405,2025-08-15 15:36:14+00:00,2025-08-15 18:15:49.865373+00:00,912,1388.95
BA9951,1466,3762,2247,2025-12-25 14:10:14+00:00,2025-12-25 18:49:47.153756+00:00,704,2100.51
UA3532,4054,3961,2872,2026-03-28 10:46:23+00:00,2026-03-28 15:11:31.344442+00:00,680,438.24
AF821,1432,1447,2770,2026-04-18 13:01:40+00:00,2026-04-19 02:12:49.342916+00:00,154,2318.59
BA1097,3938,4542,1036,2026-05-18 07:13:38+00:00,2026-05-18 12:25:25.080561+00:00,762,984.49
G3657,3734,794,3377,2026-03-02 14:59:52+00:00,2026-03-03 03:40:18.385138+00:00,205,1184.31
BA8330,4554,4985,2089,2026-03-25 05:16:45+00:00,2026-03-25 14:31:12.291142+00:00,182,321.11
IB922,3677,4518,546,2025-10-05 04:50:01+00:00,2025-10-05 10:28:19.082650+00:00,586,2371.73
JJ1042,3261,1141,1379,2026-02-14 11:45:50+00:00,2026-02-14 17:22:17.663440+00:00,750,1153.05
AD8252,4368,416,2318,2025-06-16 00:01:12+00:00,2025-06-16 13:04:59.059513+00:00,563,2435.45
AD9572,1146,1850,4696,2026-01-17 06:54:46+00:00,2026-01-17 17:32:02.927416+00:00,513,173.91
AF9126,320,1659,251,2026-01-15 16:58:11+00:00,2026-01-16 04:31:20.437415+00:00,257,723.49
TP3019,4234,1057,4963,2025-07-25 09:10:55+00:00,2025-07-25 17:06:02.766562+00:00,908,827.44
EK1240,4932,2214,650,2026-05-08 08:26:38+00:00,2026-05-08 18:32:59.538741+00:00,659,1416.68
AA1689,300,3586,1780,2026-01-13 19:42:08+00:00,2026-01-14 01:02:40.109128+00:00,799,1782.27
SQ1858,192,70,3257,2026-04-27 18:07:28+00:00,2026-04-28 07:40:32.539164+00:00,543,2364.67
AD6549,1452,4262,175,2025-06-05 02:39:35+00:00,2025-06-05 03:44:52.687567+00:00,285,2436.33
LA6081,844,2148,3913,2025-06-30 22:40:42+00:00,2025-07-01 01:55:42.098450+00:00,584,731.97
AF3975,4124,3418,4771,2025-06-03 16:48:19+00:00,2025-06-03 20:53:54.118121+00:00,761,364.92
UA8094,4895,744,4081,2026-03-03 02:05:32+00:00,2026-03-03 06:52:17.419809+00:00,628,148.83
AA2438,1751,3500,424,2026-04-04 09:41:36+00:00,2026-04-04 15:44:41.076794+00:00,767,420.99
IB8187,2513,893,1576,2025-10-10 14:57:27+00:00,2025-10-10 22:23:45.389058+00:00,608,1127.0
EK7416,567,4972,3119,2026-01-15 21:10:11+00:00,2026-01-16 05:27:21.549039+00:00,358,2313.11
BA2101,4805,4291,805,2026-05-19 09:27:24+00:00,2026-05-19 20:57:49.541097+00:00,799,1691.97
JJ3746,1952,2942,2787,2026-04-27 03:06:45+00:00,2026-04-27 08:28:14.096396+00:00,616,1839.77
AA4683,3432,2200,2549,2025-11-19 11:34:05+00:00,2025-11-19 16:26:32.720355+00:00,169,2079.42
LH1488,478,162,2221,2026-02-25 02:33:31+00:00,2026-02-25 09:51:01.858842+00:00,248,2407.98
LA3905,4191,2044,4893,2026-02-13 10:30:42+00:00,2026-02-13 17:17:43.263702+00:00,362,2344.03
AD9505,4105,1988,4438,2026-03-26 06:11:06+00:00,2026-03-26 13:40:52.517918+00:00,787,459.31
SQ2073,4454,1058,4759,2026-03-23 21:12:01+00:00,2026-03-24 08:01:43.401727+00:00,625,2096.6
BA5034,3874,1885,2682,2026-05-13 04:32:15+00:00,2026-05-13 08:28:35.863682+00:00,706,713.84
DL4560,417,2336,1805,2025-11-27 17:50:10+00:00,2025-11-28 05:54:23.185508+00:00,882,926.01
JJ5779,105,4984,1585,2025-12-28 06:35:14+00:00,2025-12-28 15:07:55.357766+00:00,899,938.26
LH1667,4334,676,779,2026-01-06 17:10:46+00:00,2026-01-07 02:40:02.115267+00:00,82,1095.57
SQ2812,2486,4462,2109,2025-06-22 09:43:53+00:00,2025-06-22 21:43:12.701209+00:00,521,597.78
DL5967,4622,4329,4257,2025-11-18 13:34:37+00:00,2025-11-18 22:03:15.798721+00:00,384,570.15
IB3469,3941,1601,1706,2025-07-29 07:34:40+00:00,2025-07-29 19:28:21.872479+00:00,864,2387.83
LH1133,2539,692,2371,2026-05-17 09:52:00+00:00,2026-05-17 20:01:32.901315+00:00,609,1686.12
G33368,589,3468,1230,2025-10-03 06:01:29+00:00,2025-10-03 19:54:46.177584+00:00,410,2460.11
DL1266,4136,3898,2133,2026-05-08 18:31:38+00:00,2026-05-08 23:07:23.726522+00:00,335,1610.03
BA2389,398,3576,4037,2025-08-10 07:47:35+00:00,2025-08-10 15:19:32.427582+00:00,522,1895.31
G31304,509,4771,932,2026-01-10 07:31:51+00:00,2026-01-10 12:17:36.644961+00:00,900,1580.71
UA4347,4348,2587,2309,2025-07-08 03:49:50+00:00,2025-07-08 05:44:29.744048+00:00,389,2052.26
QR9981,4055,1613,1712,2025-12-17 09:37:19+00:00,2025-12-17 14:42:21.257793+00:00,681,2413.76
AD1179,3883,2519,3710,2025-11-22 16:32:38+00:00,2025-11-22 21:34:41.883441+00:00,688,2312.39
LH6626,4360,3776,422,2026-03-01 02:19:21+00:00,2026-03-01 03:24:42.998578+00:00,551,253.5
QR6931,668,3262,818,2025-11-21 04:57:27+00:00,2025-11-21 12:35:34.370019+00:00,903,696.67
DL6251,1902,1687,612,2025-08-24 03:22:31+00:00,2025-08-24 08:07:51.437873+00:00,490,1941.78
AD2909,1909,159,2837,2025-09-14 01:37:18+00:00,2025-09-14 05:14:44.667594+00:00,339,426.53
QR3011,3161,45,3693,2025-08-03 23:46:04+00:00,2025-08-04 12:36:19.367204+00:00,190,590.99
AD3501,2554,848,961,2026-04-18 01:11:24+00:00,2026-04-18 09:41:25.100816+00:00,590,1484.17
AD5490,569,1585,4741,2025-07-28 02:21:14+00:00,2025-07-28 04:44:04.088262+00:00,413,582.27
LA5820,2672,4531,4248,2026-04-10 22:17:39+00:00,2026-04-11 09:47:29.501795+00:00,810,1425.76
BA2500,1785,2646,513,2025-06-22 17:27:19+00:00,2025-06-22 18:38:14.367545+00:00,896,1843.28
SQ8327,3596,1182,3602,2025-08-26 09:31:55+00:00,2025-08-26 20:56:30.587472+00:00,150,2097.97
AF4746,3794,1841,1914,2025-12-06 14:38:48+00:00,2025-12-06 16:48:11.397290+00:00,212,2427.63
UA1168,1451,2156,2246,2025-12-12 05:19:31+00:00,2025-12-12 12:24:59.518928+00:00,43,1836.36
UA6357,4697,670,3040,2026-03-28 18:56:18+00:00,2026-03-29 07:32:05.671458+00:00,932,2449.2
LH8662,3995,2780,3106,2025-06-17 14:39:19+00:00,2025-06-17 17:50:04.563847+00:00,682,865.58
LA6596,4650,4162,3268,2025-09-08 01:00:57+00:00,2025-09-08 08:36:13.413642+00:00,688,549.74
EK8171,4470,226,464,2025-07-30 05:55:29+00:00,2025-07-30 15:13:46.786214+00:00,487,2049.37
JJ3966,472,1149,1237,2026-01-11 23:32:10+00:00,2026-01-12 07:00:43.594711+00:00,183,1362.69
AD4860,364,2344,4230,2025-10-20 11:03:14+00:00,2025-10-20 14:01:06.482930+00:00,117,1771.08
UA3801,3607,3545,3940,2025-07-07 20:08:59+00:00,2025-07-08 05:14:09.139600+00:00,974,823.52
IB1243,4673,2769,1459,2025-12-05 04:04:28+00:00,2025-12-05 12:47:34.088293+00:00,352,2355.76
AA7602,565,2246,2697,2026-05-01 19:27:18+00:00,2026-05-01 20:28:45.783235+00:00,439,2094.02
AD9038,4281,277,3137,2025-06-07 10:58:05+00:00,2025-06-07 18:07:26.593751+00:00,398,967.78
EK7391,3675,2782,3258,2026-03-07 09:52:10+00:00,2026-03-07 21:37:04.300521+00:00,208,1779.68
AD2785,3911,2003,600,2025-12-04 10:42:00+00:00,2025-12-04 12:19:38.922786+00:00,209,1477.49
EK1220,3248,3915,4147,2026-02-17 09:55:08+00:00,2026-02-17 15:19:58.771059+00:00,869,1252.19
JJ8949,3663,3458,3794,2025-11-09 23:25:28+00:00,2025-11-10 10:20:46.918107+00:00,888,279.16
SQ713,1411,2425,2123,2025-11-21 20:12:49+00:00,2025-11-22 04:56:19.118553+00:00,412,957.96
TP3528,1285,2283,2335,2026-05-29 18:27:04+00:00,2026-05-29 20:02:24.236787+00:00,390,1517.95
LH9533,276,1836,163,2026-03-05 20:41:38+00:00,2026-03-06 01:03:06.384998+00:00,383,465.05
G37632,4164,438,1090,2025-11-28 16:04:26+00:00,2025-11-29 05:47:53.964362+00:00,309,2117.66
IB8510,4255,445,306,2025-10-17 12:23:32+00:00,2025-10-17 20:34:53.499535+00:00,505,1059.51
EK8300,3880,1921,4966,2026-01-11 23:13:32+00:00,2026-01-12 10:16:06.372169+00:00,799,1236.48
AA9864,3461,4469,806,2025-10-24 02:40:36+00:00,2025-10-24 13:55:05.237448+00:00,391,2492.65
BA6832,3881,840,3424,2025-12-14 05:07:17+00:00,2025-12-14 07:37:19.348275+00:00,361,1540.89
QR4908,3011,2470,4790,2025-11-30 20:50:15+00:00,2025-12-01 10:26:39.320042+00:00,839,2153.06
IB1132,3329,1736,2028,2025-06-03 20:13:59+00:00,2025-06-04 09:25:23.831651+00:00,759,1054.67
IB365,2356,4156,797,2025-10-02 11:18:06+00:00,2025-10-02 18:58:37.059443+00:00,989,1707.08
BA9915,2773,1947,2240,2025-12-24 15:16:51+00:00,2025-12-25 03:25:25.725288+00:00,883,2498.82
IB2312,3214,647,2999,2026-02-17 00:40:04+00:00,2026-02-17 02:37:46.065238+00:00,18,1679.98
IB3130,4603,25,4661,2025-09-05 00:32:35+00:00,2025-09-05 06:47:12.677861+00:00,229,179.46
DL4703,1994,420,2612,2026-05-21 23:32:54+00:00,2026-05-22 01:18:10.502550+00:00,603,1737.38
QR9631,2089,4238,563,2025-08-07 22:54:11+00:00,2025-08-08 01:25:57.444739+00:00,613,1781.8
IB4303,3979,3669,3427,2025-07-10 02:12:13+00:00,2025-07-10 15:49:22.199446+00:00,817,996.27
AF3705,1295,2719,1970,2025-10-22 12:35:58+00:00,2025-10-23 01:12:52.484441+00:00,973,375.11
JJ8526,3233,2945,2171,2026-02-03 20:08:48+00:00,2026-02-04 00:28:37.155003+00:00,641,2448.86
SQ2805,1537,4898,2990,2025-11-15 05:46:56+00:00,2025-11-15 16:24:40.997705+00:00,76,624.78
EK1713,602,1497,4269,2025-08-16 14:06:31+00:00,2025-08-16 18:49:51.401877+00:00,364,1462.77
DL3535,4562,1950,514,2025-07-27 11:21:10+00:00,2025-07-28 00:46:14.333805+00:00,655,2158.65
BA1233,3392,154,4277,2026-05-21 00:58:07+00:00,2026-05-21 13:09:16.256109+00:00,73,280.72
JJ2924,1653,4250,3510,2026-03-07 10:02:02+00:00,2026-03-07 15:31:39.828286+00:00,56,2203.51
UA9410,1549,3284,4944,2025-09-08 08:24:09+00:00,2025-09-08 17:56:56.927115+00:00,223,1746.33
QR5037,2728,2909,134,2025-11-23 05:22:34+00:00,2025-11-23 13:44:23.424507+00:00,937,670.81
G38766,137,1831,3523,2025-09-05 22:12:11+00:00,2025-09-06 08:01:08.632831+00:00,151,838.26
UA8053,614,4477,1503,2026-02-19 04:31:01+00:00,2026-02-19 07:35:54.988433+00:00,749,2067.36
TP3125,4788,4501,3400,2026-01-27 17:36:11+00:00,2026-01-28 03:25:29.174714+00:00,450,2449.37
LA9102,2470,4779,4537,2025-06-29 03:17:17+00:00,2025-06-29 08:36:11.322814+00:00,653,419.25
SQ6976,3919,2921,4501,2025-08-10 14:00:05+00:00,2025-08-10 19:34:15.616765+00:00,425,1659.79
IB9374,3473,1396,2316,2026-03-12 10:19:51+00:00,2026-03-12 11:52:41.646923+00:00,736,2312.28
BA401,4949,3440,2581,2026-05-03 17:33:28+00:00,2026-05-04 05:57:04.248103+00:00,200,110.9
AF1812,205,81,1456,2025-11-07 23:13:25+00:00,2025-11-08 10:56:55.701897+00:00,406,2257.09
TP8696,4402,1135,1559,2026-05-16 18:49:34+00:00,2026-05-17 04:26:33.805394+00:00,696,2064.88
SQ9853,779,4448,3451,2025-11-19 20:04:08+00:00,2025-11-20 02:24:58.223996+00:00,492,2204.67
LA6980,2907,2258,2505,2025-07-31 10:14:20+00:00,2025-07-31 16:01:38.965057+00:00,555,545.48
UA3275,3763,2205,3866,2025-11-01 00:04:29+00:00,2025-11-01 12:28:03.358216+00:00,247,1878.75
LA9920,1583,3708,1278,2026-02-04 21:22:51+00:00,2026-02-04 22:58:40.652559+00:00,496,1916.89
SQ4415,3531,499,932,2026-04-26 12:39:01+00:00,2026-04-26 17:23:44.627015+00:00,158,1689.17
SQ4562,2147,2623,3508,2026-01-20 08:10:46+00:00,2026-01-20 10:26:29.262353+00:00,386,962.65
IB6717,3080,2174,4535,2025-06-18 17:16:20+00:00,2025-06-19 01:21:10.022286+00:00,591,253.74
AA7630,1957,4122,473,2025-12-07 21:41:27+00:00,2025-12-08 03:11:37.809259+00:00,531,712.36
AF6640,3633,4030,4134,2026-05-13 07:16:29+00:00,2026-05-13 20:02:42.366793+00:00,290,1954.49
DL4700,3009,2437,3277,2025-08-07 15:08:28+00:00,2025-08-07 19:15:02.134410+00:00,745,1620.15
LA8072,1194,2640,280,2025-10-27 08:00:12+00:00,2025-10-27 17:29:30.211414+00:00,894,1424.97
SQ8660,2515,1930,2924,2026-04-01 06:20:39+00:00,2026-04-01 20:07:58.848337+00:00,879,2037.66
TP7200,1564,2940,2767,2025-08-15 22:54:56+00:00,2025-08-16 01:19:14.677638+00:00,233,1330.31
AA9401,2201,1314,1030,2026-04-30 06:55:38+00:00,2026-04-30 16:29:44.521677+00:00,299,522.74
AD2126,2821,1426,2861,2026-06-01 16:44:40+00:00,2026-06-02 04:07:29.802119+00:00,760,1353.98
LA2391,678,2765,2205,2025-07-18 02:36:35+00:00,2025-07-18 12:22:40.955036+00:00,754,1928.72
BA1435,3742,3763,2835,2025-06-26 06:37:25+00:00,2025-06-26 09:49:55.943284+00:00,810,2135.98
AA3679,4413,2161,3602,2026-02-06 06:34:47+00:00,2026-02-06 18:48:11.377892+00:00,862,2248.88
EK2101,4375,2781,1795,2025-11-14 15:36:41+00:00,2025-11-15 03:56:18.734020+00:00,29,1366.04
AF6022,2735,4392,4443,2025-12-15 05:31:42+00:00,2025-12-15 07:46:27.055678+00:00,900,663.14
EK6587,179,1988,4081,2025-07-21 16:55:30+00:00,2025-07-22 03:17:24.728137+00:00,190,911.09
JJ9761,605,4394,4777,2026-02-13 05:13:31+00:00,2026-02-13 18:46:41.956875+00:00,42,1916.92
AF5409,4779,3824,1763,2025-10-07 04:07:36+00:00,2025-10-07 10:35:24.962518+00:00,891,2306.29
JJ6006,3631,1069,1523,2026-03-20 01:22:04+00:00,2026-03-20 12:41:58.738364+00:00,987,1198.67
EK8866,427,4473,2720,2025-10-02 01:16:00+00:00,2025-10-02 15:08:55.556842+00:00,105,2416.4
EK5791,97,4647,806,2026-04-21 21:03:53+00:00,2026-04-22 06:44:08.632117+00:00,928,437.77
JJ9847,263,4335,1187,2025-09-08 14:35:45+00:00,2025-09-09 01:18:31.414436+00:00,508,1822.85
G36781,826,1478,726,2026-02-17 02:20:15+00:00,2026-02-17 13:47:50.890478+00:00,947,2007.38
UA2903,978,3991,1722,2025-09-22 11:00:26+00:00,2025-09-22 14:39:22.336068+00:00,626,1138.9
AA8738,601,4936,2059,2026-02-13 22:28:39+00:00,2026-02-14 06:57:56.769199+00:00,602,1977.35
IB5755,2828,4371,3887,2026-03-31 10:59:45+00:00,2026-03-31 20:53:34.646729+00:00,112,945.63
LA6290,3767,2901,714,2025-09-20 02:48:33+00:00,2025-09-20 14:08:51.822308+00:00,432,70.0
AD4013,4011,4977,1012,2026-03-16 06:03:16+00:00,2026-03-16 15:01:22.623739+00:00,203,1198.4
LH7789,3565,3394,21,2025-09-14 12:55:09+00:00,2025-09-15 00:28:53.424554+00:00,267,981.88
SQ5084,445,4031,3702,2026-02-15 23:36:02+00:00,2026-02-16 11:31:28.455611+00:00,651,1265.75
AF8463,1226,2085,2523,2025-10-17 11:24:06+00:00,2025-10-17 22:59:34.384354+00:00,479,158.95
QR8474,889,3964,3244,2026-02-14 07:29:11+00:00,2026-02-14 18:40:04.771469+00:00,547,621.41
LA4514,1622,4677,719,2025-07-28 19:49:50+00:00,2025-07-29 07:24:31.797590+00:00,246,2251.23
G38101,311,297,1776,2026-05-23 20:51:24+00:00,2026-05-24 03:23:23.195815+00:00,174,464.74
AA9502,4341,1721,4510,2026-02-11 20:38:57+00:00,2026-02-12 04:45:28.158632+00:00,326,416.64
QR8929,1040,2431,1814,2026-02-01 10:46:52+00:00,2026-02-01 16:36:00.552394+00:00,765,1507.04
SQ8723,2186,3076,4425,2026-03-31 08:31:31+00:00,2026-03-31 14:39:57.765941+00:00,433,268.25
IB875,1988,2790,1557,2026-03-19 04:52:27+00:00,2026-03-19 17:42:46.592333+00:00,795,1876.61
LH4460,3610,2884,3985,2026-04-26 00:24:55+00:00,2026-04-26 11:46:05.406264+00:00,295,474.33
DL9535,3982,2868,261,2026-02-12 10:40:28+00:00,2026-02-12 17:44:45.532110+00:00,952,240.94
TP7341,1835,855,1449,2026-03-19 12:59:47+00:00,2026-03-20 01:25:52.960433+00:00,121,1349.62
JJ393,2939,1010,655,2025-08-17 10:13:28+00:00,2025-08-17 21:50:09.660508+00:00,276,1344.74
AD9320,3929,676,1391,2025-11-21 11:37:08+00:00,2025-11-21 23:14:13.531543+00:00,572,1337.42
BA9010,4652,3060,4236,2026-04-18 17:56:46+00:00,2026-04-19 05:41:30.332579+00:00,388,580.04
BA9861,3038,1890,4265,2026-02-02 00:30:44+00:00,2026-02-02 12:27:08.231958+00:00,581,1836.14
TP5817,540,1975,4145,2025-11-17 04:50:46+00:00,2025-11-17 08:55:58.314608+00:00,901,207.77
LA7295,616,1608,2173,2026-05-15 06:31:35+00:00,2026-05-15 20:29:54.102289+00:00,877,98.85
AA3289,1510,4799,4318,2025-09-30 03:04:10+00:00,2025-09-30 12:05:35.477268+00:00,532,2494.73
SQ6273,2008,1755,175,2026-05-24 14:09:36+00:00,2026-05-25 00:51:38.180990+00:00,262,2349.9
TP3703,223,1719,2864,2025-11-02 07:38:10+00:00,2025-11-02 17:25:53.849356+00:00,192,2066.08
JJ8838,955,2626,3532,2026-01-04 18:35:46+00:00,2026-01-05 00:46:54.765168+00:00,399,1916.57
LA8468,3426,2259,2957,2025-08-30 12:43:16+00:00,2025-08-30 14:32:27.615331+00:00,164,1162.16
AD8563,641,4693,3852,2025-07-14 17:42:08+00:00,2025-07-14 18:45:44.531431+00:00,737,1672.81
QR3755,659,194,1684,2026-01-06 19:50:11+00:00,2026-01-07 00:38:23.817711+00:00,550,1016.82
SQ8871,3413,3792,2370,2026-01-18 20:44:34+00:00,2026-01-19 03:06:11.414808+00:00,696,1193.67
LA3825,1374,1109,2220,2025-12-12 20:39:36+00:00,2025-12-13 02:20:39.747112+00:00,136,482.83
IB282,2916,1144,1763,2025-07-19 09:13:29+00:00,2025-07-19 22:53:45.798851+00:00,77,445.3
LH4752,1454,470,1700,2025-07-28 05:11:13+00:00,2025-07-28 18:02:39.731781+00:00,832,671.57
JJ458,1981,1396,497,2025-10-17 01:11:59+00:00,2025-10-17 15:01:43.131932+00:00,819,1439.04
EK4621,3741,34,2316,2026-04-11 11:34:42+00:00,2026-04-11 17:00:23.492724+00:00,382,2103.83
AD2973,4030,2795,3849,2025-07-15 09:15:11+00:00,2025-07-15 12:19:00.135016+00:00,806,1188.33
SQ8947,2860,799,1377,2025-11-02 20:36:19+00:00,2025-11-03 07:52:22.730762+00:00,353,2029.57
IB7438,1590,397,99,2026-04-20 15:08:09+00:00,2026-04-20 18:14:13.458544+00:00,337,633.38
LH6041,3284,742,4282,2026-05-11 01:32:00+00:00,2026-05-11 04:07:02.087189+00:00,248,994.66
AF3476,4857,3833,96,2025-10-26 23:27:36+00:00,2025-10-27 10:36:48.068635+00:00,284,2333.43
QR4713,4842,4893,2315,2026-04-10 22:53:04+00:00,2026-04-11 07:15:30.345882+00:00,282,1479.93
LH7472,89,3706,680,2025-11-15 15:20:34+00:00,2025-11-16 02:19:39.234120+00:00,301,472.11
IB3172,1586,2670,1929,2025-10-16 14:08:35+00:00,2025-10-16 17:49:03.122898+00:00,337,1008.74
SQ7380,882,1903,2846,2025-08-31 06:05:01+00:00,2025-08-31 18:46:48.477850+00:00,438,2396.94
AD542,4292,240,3374,2025-09-28 21:30:57+00:00,2025-09-29 07:32:56.750852+00:00,514,863.22
SQ6304,304,4078,2450,2026-04-13 06:12:14+00:00,2026-04-13 09:42:10.844309+00:00,177,972.68
IB6615,331,736,4817,2026-03-21 09:29:37+00:00,2026-03-21 15:41:46.883052+00:00,453,2086.82
UA1073,3038,3601,4345,2025-09-08 22:00:07+00:00,2025-09-09 10:57:29.525436+00:00,23,2166.37
AA3002,4693,1351,2188,2025-09-13 08:45:27+00:00,2025-09-13 17:25:19.441883+00:00,467,1481.18
UA3438,581,4436,1254,2026-05-03 04:59:10+00:00,2026-05-03 06:01:24.920367+00:00,306,1004.77
LA3529,4196,4580,1981,2025-06-20 14:19:06+00:00,2025-06-20 18:37:33.207861+00:00,927,1092.28
SQ4945,985,2733,3404,2026-01-15 16:18:50+00:00,2026-01-15 23:49:42.046709+00:00,977,937.33
EK5975,1558,3329,1642,2025-08-01 06:38:09+00:00,2025-08-01 16:37:42.390119+00:00,72,1727.07
EK504,4278,2082,810,2026-04-04 12:20:27+00:00,2026-04-04 20:57:04.002768+00:00,703,622.17
AA329,1812,2613,834,2025-08-23 04:45:02+00:00,2025-08-23 06:40:33.875648+00:00,32,886.99
EK7578,2514,2370,3161,2025-06-07 15:37:57+00:00,2025-06-07 18:53:23.062645+00:00,901,2250.96
G32146,222,4728,1915,2026-05-09 15:53:41+00:00,2026-05-10 01:05:37.940994+00:00,110,1065.67
JJ8535,4212,1537,3772,2025-07-18 22:06:38+00:00,2025-07-18 23:32:58.835304+00:00,10,2497.59
EK4792,2342,2045,539,2026-03-31 11:01:07+00:00,2026-03-31 17:03:45.605060+00:00,391,381.54
JJ3540,3297,2928,259,2025-08-30 23:11:04+00:00,2025-08-31 08:06:10.554096+00:00,838,1608.82
QR4461,1880,2739,1104,2026-05-14 07:56:39+00:00,2026-05-14 18:15:22.542717+00:00,79,1680.91
G31638,2739,2147,1206,2025-08-06 07:23:28+00:00,2025-08-06 15:50:14.805371+00:00,445,520.85
AD6917,486,3830,3185,2026-03-03 18:40:52+00:00,2026-03-04 00:29:09.773541+00:00,515,1088.62
IB381,1676,3518,515,2026-02-17 17:03:44+00:00,2026-02-17 19:48:47.785873+00:00,503,1681.56
LH9919,186,671,4677,2026-03-07 06:56:12+00:00,2026-03-07 14:30:20.952546+00:00,363,1778.37
DL5861,4870,1504,1124,2025-12-10 10:35:42+00:00,2025-12-10 20:40:54.920484+00:00,453,2499.41
AA9992,2685,3344,1064,2025-06-08 07:31:12+00:00,2025-06-08 17:06:31.514735+00:00,131,566.74
DL8174,3315,433,2005,2025-12-15 02:30:51+00:00,2025-12-15 04:53:58.856759+00:00,480,1666.17
AF1726,1789,2677,3820,2026-03-13 10:45:33+00:00,2026-03-13 15:20:20.851513+00:00,444,611.5
LH3159,1406,3420,886,2026-01-14 18:42:40+00:00,2026-01-15 05:07:05.685405+00:00,816,1227.93
AD8786,3286,1954,1062,2026-03-10 12:24:48+00:00,2026-03-10 14:10:48.912557+00:00,767,1124.54
EK727,4432,1144,2366,2026-02-04 20:25:50+00:00,2026-02-05 07:07:01.135633+00:00,822,2224.9
UA2496,3710,4902,196,2025-08-26 02:27:36+00:00,2025-08-26 04:00:34.317748+00:00,546,290.7
JJ5789,188,894,1024,2025-06-17 11:34:58+00:00,2025-06-17 15:10:11.371326+00:00,195,925.6
EK1905,2471,4932,1642,2026-04-26 15:37:27+00:00,2026-04-27 05:12:30.270200+00:00,790,1698.18
AA9383,3511,3966,1489,2026-04-28 18:46:53+00:00,2026-04-29 07:07:47.446161+00:00,292,175.65
DL3058,4068,1233,3889,2026-04-24 02:23:27+00:00,2026-04-24 10:27:47.928665+00:00,484,973.83
JJ3752,4163,4848,2576,2026-03-12 00:03:40+00:00,2026-03-12 11:27:19.304099+00:00,979,2416.49
SQ3474,2995,592,3271,2025-06-21 02:47:32+00:00,2025-06-21 15:37:41.297541+00:00,191,934.27
TP3475,2915,1200,136,2025-11-23 19:34:53+00:00,2025-11-24 02:57:42.781308+00:00,93,800.5
LA7968,1399,887,426,2025-07-04 17:20:58+00:00,2025-07-05 06:05:28.657236+00:00,276,1635.34
G35413,2343,972,120,2025-09-23 12:02:27+00:00,2025-09-23 13:36:04.609198+00:00,715,785.78
DL7242,3750,3869,4721,2025-07-30 23:20:01+00:00,2025-07-31 04:59:19.814758+00:00,55,654.18
SQ5300,1077,4595,4592,2025-09-26 04:40:20+00:00,2025-09-26 17:18:06.380904+00:00,773,484.77
AD9261,2448,2846,638,2025-09-30 04:19:54+00:00,2025-09-30 09:28:42.412944+00:00,841,2329.54
LA2196,1273,3501,2972,2026-03-31 20:52:07+00:00,2026-04-01 07:20:35.305315+00:00,908,146.1
AA3280,1848,3643,3168,2026-05-22 12:59:48+00:00,2026-05-22 14:49:57.906296+00:00,3,1809.92
LH5714,3166,539,222,2026-02-14 10:01:34+00:00,2026-02-14 13:55:00.535816+00:00,744,634.88
SQ1609,426,2804,1822,2025-11-27 16:57:55+00:00,2025-11-28 01:42:58.983815+00:00,935,1542.3
QR4116,1153,3154,2656,2026-05-25 23:44:46+00:00,2026-05-26 11:22:58.404456+00:00,595,1333.59
AA2152,3960,2888,3486,2025-11-02 17:01:44+00:00,2025-11-02 22:04:01.601838+00:00,388,562.7
BA6044,1136,4167,3655,2025-07-11 09:50:14+00:00,2025-07-11 20:16:45.075892+00:00,152,1854.02
LH8884,1066,4363,3736,2025-11-28 05:02:04+00:00,2025-11-28 09:17:42.330888+00:00,363,576.77
AA5708,1396,704,4241,2026-05-08 21:10:02+00:00,2026-05-08 23:55:25.559820+00:00,132,1000.09
AF5190,2768,420,21,2025-12-01 03:53:57+00:00,2025-12-01 09:52:33.616263+00:00,18,319.31
LH3063,4810,3588,1149,2025-06-11 18:40:55+00:00,2025-06-11 23:56:17.923083+00:00,549,507.19
AD4278,1504,3097,2926,2026-03-09 19:25:06+00:00,2026-03-10 08:47:26.603280+00:00,864,652.99
LH6859,3886,1290,993,2025-09-10 17:37:33+00:00,2025-09-11 05:10:26.431734+00:00,171,2088.83
AA9323,3124,1500,2824,2025-10-05 12:36:52+00:00,2025-10-05 19:56:09.046359+00:00,29,1251.14
DL2868,3221,4606,2643,2025-12-27 08:09:59+00:00,2025-12-27 13:21:27.556692+00:00,314,957.27
DL309,2545,3955,3679,2026-06-03 06:43:35+00:00,2026-06-03 13:15:58.775909+00:00,934,350.42
IB4849,155,1438,3666,2025-11-13 08:11:07+00:00,2025-11-13 11:32:22.147605+00:00,246,1618.31
AA4629,2815,23,379,2025-10-25 02:08:33+00:00,2025-10-25 08:00:17.940952+00:00,926,1082.05
AF7540,259,2161,3062,2026-01-30 23:24:58+00:00,2026-01-31 08:45:39.224470+00:00,307,290.61
EK9013,1753,2512,4786,2026-02-05 04:41:14+00:00,2026-02-05 10:08:48.679935+00:00,71,2394.45
LH7184,2183,1311,1360,2026-03-18 04:42:06+00:00,2026-03-18 11:04:25.996629+00:00,939,701.39
AF9809,2692,3930,1407,2025-08-11 07:14:10+00:00,2025-08-11 12:11:21.972412+00:00,323,1196.64
G31929,837,3989,4956,2025-09-11 07:37:17+00:00,2025-09-11 15:22:26.215731+00:00,379,1938.11
BA5470,1327,4199,190,2026-02-03 13:04:32+00:00,2026-02-03 14:23:26.047396+00:00,939,1072.27
BA7424,1824,4273,2875,2025-09-09 09:15:43+00:00,2025-09-09 20:54:42.616482+00:00,435,1571.73
UA4263,3565,2241,4057,2026-05-02 16:25:41+00:00,2026-05-03 02:44:54.174756+00:00,357,1582.99
AF8330,142,1526,4991,2025-10-31 08:35:08+00:00,2025-10-31 16:36:38.041921+00:00,514,1463.78
LH3568,238,2275,1228,2025-06-24 07:29:19+00:00,2025-06-24 08:48:12.583747+00:00,935,1674.71
EK9498,3406,1278,2668,2025-07-28 19:52:28+00:00,2025-07-29 05:46:24.975610+00:00,510,451.41
BA1998,1601,1167,1413,2025-11-06 15:56:14+00:00,2025-11-06 17:59:22.212773+00:00,488,2008.11
AA6918,2183,2472,8,2025-06-14 09:28:54+00:00,2025-06-14 14:24:49.030365+00:00,985,2365.27
BA3344,4241,3670,4917,2026-01-17 20:58:23+00:00,2026-01-18 06:41:28.141514+00:00,33,1220.12
G38109,2599,53,3998,2026-04-29 02:21:04+00:00,2026-04-29 10:18:28.230486+00:00,116,685.32
EK6385,773,2088,321,2026-03-26 04:38:56+00:00,2026-03-26 17:43:53.041232+00:00,756,1965.0
AD5953,4348,716,2060,2026-05-03 06:21:38+00:00,2026-05-03 15:51:13.854833+00:00,963,1652.03
TP7831,2870,1207,3927,2025-08-22 12:35:09+00:00,2025-08-22 21:51:58.635297+00:00,137,695.21
AF143,3712,3785,1665,2025-06-06 06:40:39+00:00,2025-06-06 12:46:06.413954+00:00,221,1691.47
QR1356,643,2069,2648,2025-09-16 02:19:53+00:00,2025-09-16 12:11:32.491230+00:00,767,2387.04
UA8776,437,4678,4945,2025-12-24 21:34:56+00:00,2025-12-25 01:43:39.250762+00:00,645,2129.46
JJ4396,1027,1579,3888,2026-05-30 05:19:50+00:00,2026-05-30 18:06:53.276627+00:00,361,2196.26
DL9080,3922,531,1882,2025-08-07 10:21:51+00:00,2025-08-07 15:21:12.517278+00:00,493,290.45
BA175,4977,2652,1732,2025-07-07 04:58:35+00:00,2025-07-07 16:58:45.780537+00:00,846,162.47
SQ3538,3375,1127,1843,2026-05-28 15:11:48+00:00,2026-05-28 22:52:23.932563+00:00,850,443.86
IB4760,3746,959,4709,2025-08-17 04:47:01+00:00,2025-08-17 11:36:36.587800+00:00,236,1250.63
G35194,2004,2130,1453,2025-08-21 14:21:13+00:00,2025-08-21 21:46:12.717513+00:00,4,597.91
TP1807,3675,2399,3398,2025-09-08 15:21:23+00:00,2025-09-09 00:22:00.557883+00:00,646,2487.56
QR3195,2734,4451,2023,2025-12-04 14:41:25+00:00,2025-12-04 23:31:04.862664+00:00,497,110.68
BA7381,1687,4949,1826,2025-06-05 02:01:30+00:00,2025-06-05 14:38:01.505621+00:00,743,2469.29
LH4715,2677,1663,1136,2025-12-31 10:04:13+00:00,2025-12-31 16:38:24.160583+00:00,643,994.92
QR5267,665,283,393,2025-09-21 04:41:59+00:00,2025-09-21 06:51:54.810709+00:00,315,862.49
UA1711,2043,3785,3791,2026-05-16 11:34:41+00:00,2026-05-16 21:22:12.513162+00:00,134,2249.02
IB5316,359,4851,3642,2025-12-06 02:46:11+00:00,2025-12-06 04:58:55.884395+00:00,652,1061.58
AF936,1771,2666,2885,2025-09-19 08:45:27+00:00,2025-09-19 11:45:07.829728+00:00,442,93.07
LA5517,733,3802,1289,2026-06-01 11:49:44+00:00,2026-06-01 20:20:41.050279+00:00,112,1793.35
UA4876,3944,2536,1073,2026-01-06 20:16:06+00:00,2026-01-07 06:02:15.321825+00:00,657,1506.05
LA3048,2717,3356,44,2026-03-25 10:49:50+00:00,2026-03-25 17:32:32.181246+00:00,668,422.01
LA6449,4826,120,4878,2025-09-05 10:41:47+00:00,2025-09-05 19:04:34.721562+00:00,991,832.35
BA291,2988,815,3827,2025-09-29 05:24:17+00:00,2025-09-29 09:25:01.688022+00:00,439,1283.32
TP4969,827,3078,5000,2026-01-10 00:56:27+00:00,2026-01-10 02:22:54.030118+00:00,134,1187.37
BA9315,3923,3669,4777,2025-07-17 08:46:19+00:00,2025-07-17 14:33:35.721045+00:00,643,867.09
LA1154,1965,216,1557,2026-06-02 13:20:59+00:00,2026-06-02 18:02:22.679862+00:00,47,281.63
LH409,3133,1614,4818,2025-12-18 00:39:26+00:00,2025-12-18 02:19:11.369465+00:00,230,816.19
SQ8916,1008,67,1180,2026-01-04 18:58:45+00:00,2026-01-05 01:12:38.653777+00:00,481,1583.07
IB6469,4504,1823,910,2025-12-03 21:56:03+00:00,2025-12-04 06:44:16.052435+00:00,529,1094.89
BA7634,4692,4033,4540,2025-09-10 15:52:45+00:00,2025-09-10 17:06:09.532453+00:00,15,1912.98
G31284,3636,3669,86,2026-03-11 23:36:38+00:00,2026-03-12 04:49:47.203545+00:00,477,1070.46
LA7076,2840,459,3561,2025-11-24 15:56:47+00:00,2025-11-24 18:12:16.845361+00:00,900,1212.68
DL9636,1601,4367,176,2025-09-18 10:47:34+00:00,2025-09-18 23:33:48.484501+00:00,870,2279.12
UA870,2474,977,3697,2026-04-02 11:28:40+00:00,2026-04-02 13:14:04.575523+00:00,910,360.04
AF5182,2740,3105,1556,2025-11-30 12:12:02+00:00,2025-12-01 02:01:10.739761+00:00,740,660.7
SQ9321,129,678,3439,2025-09-14 15:35:22+00:00,2025-09-14 21:10:46.317837+00:00,984,1297.59
LA1378,3213,1533,1725,2026-04-18 07:42:52+00:00,2026-04-18 16:08:24.760949+00:00,746,856.95
EK897,1184,3134,1242,2026-01-12 23:23:23+00:00,2026-01-13 06:46:11.920670+00:00,626,624.07
TP9395,1103,3229,3949,2025-08-09 10:51:59+00:00,2025-08-09 22:26:00.381453+00:00,548,768.62
BA6778,3174,2924,4652,2025-11-19 10:00:15+00:00,2025-11-19 17:31:56.948352+00:00,906,2356.12
BA1869,2208,2350,2,2026-03-01 13:01:00+00:00,2026-03-01 21:13:13.419222+00:00,143,1127.67
EK7641,718,2611,1888,2025-11-25 13:30:19+00:00,2025-11-25 19:51:42.179567+00:00,485,853.17
JJ1510,3951,4375,2002,2025-07-16 10:58:43+00:00,2025-07-16 15:32:55.414767+00:00,149,2465.86
G36068,4590,2238,1542,2026-02-07 10:12:04+00:00,2026-02-07 15:16:25.594271+00:00,413,1189.66
QR4654,4609,2944,1084,2025-09-05 14:39:24+00:00,2025-09-06 01:44:26.420017+00:00,910,1293.84
TP9764,1994,64,1946,2025-08-11 22:54:38+00:00,2025-08-12 08:12:04.145012+00:00,992,640.34
JJ7852,3193,3043,415,2026-01-31 20:49:26+00:00,2026-01-31 23:43:28.053138+00:00,472,450.13
EK2320,3389,3256,4269,2025-06-22 03:58:44+00:00,2025-06-22 15:49:54.346648+00:00,19,1148.33
LA7775,960,3243,1076,2025-12-24 10:49:31+00:00,2025-12-24 15:49:16.792347+00:00,829,494.09
AF7040,1664,4511,3703,2026-01-13 11:23:18+00:00,2026-01-13 14:14:44.379326+00:00,796,1740.04
DL5577,3287,3512,2607,2026-04-20 22:38:08+00:00,2026-04-21 04:36:29.783997+00:00,989,649.17
AD9404,3238,4802,1236,2026-03-11 02:36:43+00:00,2026-03-11 11:46:00.422541+00:00,336,1344.11
G39835,3046,3463,894,2026-01-01 16:19:55+00:00,2026-01-01 20:03:54.523095+00:00,769,1477.27
AA8434,894,4040,1391,2026-03-12 08:13:45+00:00,2026-03-12 11:13:09.254557+00:00,627,2036.07
QR8486,1945,1682,3584,2025-09-12 06:16:47+00:00,2025-09-12 08:42:18.663746+00:00,239,1423.94
LA258,3273,972,1583,2025-07-19 12:47:49+00:00,2025-07-19 21:28:55.459991+00:00,710,2397.74
DL6913,990,4504,4336,2026-04-25 08:41:59+00:00,2026-04-25 14:22:19.312292+00:00,536,2232.32
AD3057,70,1892,3636,2026-04-29 20:14:39+00:00,2026-04-30 09:14:07.650026+00:00,786,1619.58
EK154,2606,319,300,2025-10-21 04:47:44+00:00,2025-10-21 07:18:41.155228+00:00,94,123.55
AF4590,692,4247,1516,2025-12-05 12:53:41+00:00,2025-12-05 14:23:55.806727+00:00,815,1000.78
AF6356,3741,4474,1083,2025-07-02 18:51:46+00:00,2025-07-02 20:00:05.444790+00:00,655,2302.54
DL4662,1669,2989,510,2026-03-12 07:16:29+00:00,2026-03-12 19:24:31.244261+00:00,587,737.95
LA7222,553,4629,2082,2025-12-20 01:17:59+00:00,2025-12-20 03:04:49.124520+00:00,413,352.45
UA5709,4555,3295,2618,2026-04-09 16:13:05+00:00,2026-04-10 06:13:00.073916+00:00,668,1327.0
BA2248,3661,3374,3975,2025-08-28 05:06:59+00:00,2025-08-28 17:21:50.535804+00:00,952,2006.72
IB2870,1008,2815,3386,2025-09-30 12:25:24+00:00,2025-09-30 18:48:10.128222+00:00,538,1179.91
SQ6387,2345,191,2433,2025-08-07 23:01:53+00:00,2025-08-08 04:08:37.748455+00:00,883,1523.47
BA6404,3202,220,1578,2025-09-29 18:55:56+00:00,2025-09-29 23:50:06.612508+00:00,808,2082.57
G37045,3414,1803,192,2025-07-08 00:01:22+00:00,2025-07-08 12:12:18.866503+00:00,671,607.34
AA7163,1244,4291,2872,2025-06-30 01:28:27+00:00,2025-06-30 15:23:26.111430+00:00,717,2243.42
DL6824,2462,395,4708,2025-06-20 23:39:26+00:00,2025-06-21 10:23:17.385643+00:00,32,2159.63
JJ2053,1643,3592,3704,2026-04-03 23:17:25+00:00,2026-04-04 11:57:30.676886+00:00,337,2077.59
SQ3834,1705,3065,933,2026-04-01 04:38:04+00:00,2026-04-01 08:27:26.129349+00:00,150,114.14
AD6729,1071,2199,1280,2025-10-26 14:04:27+00:00,2025-10-26 17:17:06.177803+00:00,587,1194.43
AD7466,2489,3207,4370,2026-01-02 15:40:48+00:00,2026-01-02 20:23:50.582925+00:00,777,429.29
AD2192,2769,2069,3622,2025-12-26 15:16:23+00:00,2025-12-26 17:31:51.286924+00:00,334,455.01
BA1954,2394,2021,2855,2025-12-31 03:46:52+00:00,2025-12-31 10:19:10.738294+00:00,680,2493.5
QR5161,4884,4721,2959,2025-12-28 09:25:43+00:00,2025-12-28 23:08:25.571699+00:00,902,2290.71
DL7645,2393,1484,657,2025-08-11 08:45:04+00:00,2025-08-11 13:46:31.503986+00:00,563,2265.68
LH4326,4474,4333,2880,2026-05-04 04:09:30+00:00,2026-05-04 14:23:28.976933+00:00,775,1476.93
QR2355,1525,1729,948,2025-12-18 07:23:03+00:00,2025-12-18 15:11:44.906866+00:00,774,1281.42
AF3450,3930,2181,3818,2026-04-25 16:22:07+00:00,2026-04-25 17:22:52.216725+00:00,904,567.04
AA9201,3901,1574,1283,2026-01-03 09:55:44+00:00,2026-01-03 20:08:41.083430+00:00,777,286.64
JJ4212,3618,4650,2383,2026-04-04 02:25:07+00:00,2026-04-04 11:43:12.545856+00:00,24,1872.74
TP5484,751,60,1481,2025-12-04 02:02:04+00:00,2025-12-04 15:39:09.428584+00:00,657,220.99
LA7063,2943,3892,1898,2025-07-28 04:59:20+00:00,2025-07-28 10:28:31.397975+00:00,996,384.44
TP2010,1888,898,438,2025-09-12 00:16:11+00:00,2025-09-12 13:21:12.164285+00:00,41,520.14
TP6826,2481,1130,4332,2026-01-07 17:57:38+00:00,2026-01-08 05:55:02.739129+00:00,814,1636.7
LH9662,1368,4602,614,2025-06-10 04:27:52+00:00,2025-06-10 14:35:32.277571+00:00,875,1063.41
LA4595,1458,2632,4697,2026-04-19 18:10:45+00:00,2026-04-19 21:42:58.479533+00:00,291,429.77
TP8474,538,2863,1349,2025-11-08 04:19:19+00:00,2025-11-08 08:44:15.842817+00:00,60,2296.02
LA4237,4649,4421,1017,2026-05-15 04:59:27+00:00,2026-05-15 16:36:12.158559+00:00,376,1248.06
JJ7208,2449,1446,1719,2026-02-17 12:23:35+00:00,2026-02-17 22:05:18.542276+00:00,843,2266.68
QR9966,4076,3930,169,2026-05-15 23:07:22+00:00,2026-05-16 12:48:36.148509+00:00,23,472.06
AD2774,4549,4201,3708,2025-10-15 18:50:28+00:00,2025-10-16 04:56:51.841202+00:00,443,359.9
EK4296,2915,4409,2598,2026-04-13 19:27:02+00:00,2026-04-13 22:34:11.741300+00:00,442,2004.75
TP2125,1495,1824,2574,2025-11-02 13:19:45+00:00,2025-11-02 22:30:02.192749+00:00,521,94.3
LH1061,2767,2813,2532,2026-02-15 02:53:47+00:00,2026-02-15 16:21:16.841619+00:00,185,2201.2
BA299,2979,736,3519,2025-11-08 14:29:01+00:00,2025-11-08 23:08:07.531191+00:00,768,351.32
QR8912,2636,430,2630,2025-12-09 17:58:20+00:00,2025-12-09 20:26:09.790000+00:00,555,713.67
IB7239,4364,3745,888,2026-04-22 03:57:15+00:00,2026-04-22 05:47:31.371032+00:00,920,558.62
IB231,4803,4241,1291,2025-11-08 16:20:30+00:00,2025-11-08 20:10:59.730134+00:00,979,1105.9
IB5643,985,1625,2508,2026-01-02 20:02:59+00:00,2026-01-03 00:08:29.701491+00:00,779,1081.65
SQ1243,1371,1627,1509,2025-09-24 15:10:07+00:00,2025-09-25 00:14:57.668133+00:00,950,835.55
AD2660,3657,4449,4360,2026-02-23 21:15:51+00:00,2026-02-24 05:08:32.420679+00:00,286,2028.49
TP5264,4300,2704,2157,2025-06-13 13:03:22+00:00,2025-06-13 14:47:23.165646+00:00,652,2487.1
DL9316,3051,3244,4086,2026-01-10 08:49:13+00:00,2026-01-10 11:58:26.778847+00:00,925,271.58
JJ8818,2863,4172,2260,2025-08-27 11:51:31+00:00,2025-08-27 18:25:36.759873+00:00,699,662.7
TP1838,3852,103,4308,2025-12-30 15:45:43+00:00,2025-12-30 20:38:31.082292+00:00,828,112.82
TP9268,1404,976,2777,2025-06-09 01:41:41+00:00,2025-06-09 09:54:11.873887+00:00,913,2387.96
AF2559,4181,1532,1872,2025-07-01 15:51:23+00:00,2025-07-02 01:59:01.011767+00:00,929,1430.24
EK1644,1208,3857,342,2026-02-21 13:46:38+00:00,2026-02-21 15:21:32.488896+00:00,325,855.18
BA5556,4100,3648,835,2026-03-14 05:55:56+00:00,2026-03-14 17:23:34.449399+00:00,567,303.65
LA3071,105,375,97,2025-08-12 19:05:33+00:00,2025-08-13 08:53:43.217014+00:00,649,143.02
SQ705,1154,1018,3566,2025-11-18 10:27:49+00:00,2025-11-18 14:31:39.752841+00:00,822,1423.85
SQ3005,1771,4621,25,2025-11-08 07:23:20+00:00,2025-11-08 19:20:38.048031+00:00,923,244.98
EK3162,3689,435,411,2025-06-09 06:21:30+00:00,2025-06-09 19:39:29.085833+00:00,299,215.41
SQ8607,1083,4763,3068,2026-03-21 02:59:44+00:00,2026-03-21 08:24:01.790740+00:00,937,1589.47
AA5118,444,3198,171,2025-07-16 06:10:21+00:00,2025-07-16 13:41:52.273681+00:00,552,919.83
LA8108,4153,611,4117,2026-03-14 20:58:26+00:00,2026-03-15 05:15:18.022693+00:00,998,1977.95
IB3138,2974,3331,2692,2025-12-16 14:05:36+00:00,2025-12-17 03:29:18.723410+00:00,637,1612.6
EK6851,553,805,4236,2025-08-24 10:31:34+00:00,2025-08-24 19:55:09.205796+00:00,252,1248.68
EK9836,3861,1400,4688,2025-09-13 04:11:50+00:00,2025-09-13 13:45:58.776302+00:00,485,185.41
G3120,1992,2198,151,2025-09-29 00:30:44+00:00,2025-09-29 07:01:04.209257+00:00,427,894.62
QR5655,3760,476,1748,2025-06-26 07:49:13+00:00,2025-06-26 14:27:44.449270+00:00,682,1816.69
TP1414,3859,2559,2323,2026-01-28 05:36:58+00:00,2026-01-28 15:55:59.689195+00:00,936,76.7
AF913,4536,199,2124,2026-05-24 02:57:47+00:00,2026-05-24 07:32:30.629194+00:00,425,2048.83
EK9775,4611,3826,1127,2026-04-20 23:49:27+00:00,2026-04-21 04:38:09.244434+00:00,472,1189.26
EK2278,2156,3992,4572,2025-08-20 15:01:11+00:00,2025-08-21 02:51:08.606853+00:00,843,2282.31
AA8914,2932,2408,1813,2025-08-05 06:01:33+00:00,2025-08-05 18:12:01.995992+00:00,155,334.58
SQ1629,434,3755,1361,2025-10-19 03:25:54+00:00,2025-10-19 10:59:51.399415+00:00,185,337.81
LH2584,912,1684,2236,2025-06-30 07:53:26+00:00,2025-06-30 13:44:07.204296+00:00,596,472.66
IB4147,2766,1580,786,2025-09-21 13:31:34+00:00,2025-09-21 21:14:36.937440+00:00,48,2021.01
EK7088,3471,1661,2392,2025-10-22 19:09:30+00:00,2025-10-22 23:22:02.082361+00:00,238,1084.5
EK9552,246,1726,4667,2026-02-11 03:58:05+00:00,2026-02-11 09:51:04.029733+00:00,271,1558.63
AD5856,2777,1999,2482,2026-03-05 18:15:05+00:00,2026-03-06 02:01:16.041073+00:00,605,245.82
LA9407,1473,2002,3005,2025-06-14 14:25:42+00:00,2025-06-14 22:34:57.843261+00:00,62,2304.53
SQ7874,1420,676,4906,2025-07-25 14:48:19+00:00,2025-07-26 01:09:11.309123+00:00,798,1558.94
IB959,4641,1508,17,2025-06-25 11:28:04+00:00,2025-06-25 15:47:04.133456+00:00,504,95.44
LA3640,1700,2472,69,2026-01-22 13:11:25+00:00,2026-01-23 00:43:46.560204+00:00,430,933.06
AA1727,1001,3488,2968,2025-06-15 03:57:57+00:00,2025-06-15 09:52:52.713416+00:00,276,710.75
EK6165,3829,3346,746,2026-02-19 09:07:12+00:00,2026-02-19 14:55:23.597160+00:00,363,633.35
UA8193,4319,210,620,2025-10-23 19:43:46+00:00,2025-10-23 21:49:15.806815+00:00,355,482.81
SQ1229,4696,4849,4242,2025-09-20 21:43:46+00:00,2025-09-20 23:15:43.038921+00:00,825,163.52
SQ5411,1490,4238,3834,2025-08-12 19:37:39+00:00,2025-08-13 08:22:38.561214+00:00,298,843.87
DL5754,2501,1387,3943,2025-09-09 20:36:10+00:00,2025-09-10 10:19:06.529364+00:00,804,2256.08
EK1418,2098,2616,1665,2025-09-03 16:16:47+00:00,2025-09-04 01:25:40.521711+00:00,6,92.49
DL3100,2724,2080,4546,2025-07-17 09:40:17+00:00,2025-07-17 18:50:36.502065+00:00,731,284.37
QR572,1596,3540,791,2025-06-08 20:40:09+00:00,2025-06-09 07:52:12.963202+00:00,676,1591.06
EK7267,4926,1188,3898,2025-11-28 04:45:55+00:00,2025-11-28 10:09:10.519930+00:00,397,540.26
JJ9661,3047,1313,3805,2025-06-26 20:36:05+00:00,2025-06-27 07:27:34.833373+00:00,76,116.66
DL3782,3879,4386,189,2025-07-14 06:42:22+00:00,2025-07-14 18:42:58.150986+00:00,898,399.67
AD3519,139,4387,2902,2025-09-13 12:14:56+00:00,2025-09-14 01:13:09.569575+00:00,32,552.87
DL1886,4112,3326,1756,2026-03-12 22:19:17+00:00,2026-03-13 09:35:21.475925+00:00,850,1424.09
IB3660,263,77,3957,2025-07-16 09:17:33+00:00,2025-07-16 19:40:32.847585+00:00,339,625.07
EK7562,1399,4750,4032,2025-07-24 05:40:25+00:00,2025-07-24 12:10:46.618724+00:00,667,1196.2
LA3233,4478,1208,3265,2026-02-11 06:27:48+00:00,2026-02-11 17:20:41.380447+00:00,23,1985.74
AF4563,1698,3649,1804,2025-11-24 18:46:10+00:00,2025-11-24 21:59:52.189377+00:00,959,404.64
UA1191,3286,3777,1797,2025-12-16 20:37:35+00:00,2025-12-17 07:02:04.615655+00:00,119,1191.51
DL1979,3130,1849,2558,2025-06-13 11:43:13+00:00,2025-06-13 15:40:02.763345+00:00,210,1448.87
AF1027,4094,4309,1470,2026-03-20 03:38:03+00:00,2026-03-20 13:08:00.299695+00:00,250,1385.6
QR8652,2074,409,4237,2026-01-11 17:34:32+00:00,2026-01-12 06:01:29.490014+00:00,682,1734.39
SQ8329,4262,3705,1896,2026-04-28 09:24:59+00:00,2026-04-28 22:00:46.643236+00:00,553,1985.87
AF8060,3008,3733,2933,2025-12-05 19:18:09+00:00,2025-12-06 04:14:28.427272+00:00,610,1971.99
QR8063,1443,735,43,2025-08-05 00:42:40+00:00,2025-08-05 10:25:21.156689+00:00,760,104.78
LH1520,1566,308,1909,2025-12-19 16:09:38+00:00,2025-12-19 23:25:26.391332+00:00,462,1463.06
JJ6854,553,2680,4290,2025-07-12 07:53:37+00:00,2025-07-12 10:08:41.056851+00:00,797,2367.44
EK3886,2380,189,2174,2025-06-16 18:01:25+00:00,2025-06-17 06:18:51.495893+00:00,421,362.66
IB2857,4054,4991,4662,2026-01-25 06:23:40+00:00,2026-01-25 08:38:21.916415+00:00,464,2145.23
BA9042,1395,839,1426,2025-06-24 07:12:33+00:00,2025-06-24 12:26:07.067975+00:00,324,1433.05
UA4750,1631,3887,2261,2026-03-31 20:08:35+00:00,2026-04-01 04:40:50.381625+00:00,438,799.33
JJ6859,3922,3725,3913,2025-11-01 21:51:48+00:00,2025-11-02 05:21:46.896581+00:00,275,2457.44
SQ3861,4915,674,2229,2026-05-28 21:30:33+00:00,2026-05-28 23:07:20.512501+00:00,501,653.81
JJ2082,3624,4221,4847,2025-08-12 06:03:14+00:00,2025-08-12 19:07:23.538023+00:00,394,978.57
G35527,2056,695,611,2025-06-04 03:46:10+00:00,2025-06-04 15:40:28.537986+00:00,604,2401.97
QR2644,3033,3838,225,2025-09-07 10:58:11+00:00,2025-09-07 18:50:34.031100+00:00,369,1503.2
SQ3370,2187,1341,4461,2026-05-09 09:21:43+00:00,2026-05-09 15:17:18.072197+00:00,953,1849.81
SQ5618,338,2239,4518,2026-04-08 18:39:40+00:00,2026-04-08 21:29:35.136326+00:00,694,96.4
AA3758,1232,164,2281,2025-08-03 09:09:29+00:00,2025-08-03 11:22:33.947407+00:00,917,508.12
LH8677,4184,2926,3241,2025-12-05 11:29:21+00:00,2025-12-05 12:53:59.897765+00:00,783,1629.21
AD3482,3986,208,3931,2025-08-24 08:57:43+00:00,2025-08-24 13:22:36.642814+00:00,201,1658.63
TP3651,851,3110,4436,2025-06-22 22:57:21+00:00,2025-06-23 00:04:16.864006+00:00,313,2177.55
LA2602,1881,2356,2883,2025-11-19 16:28:13+00:00,2025-11-19 23:22:47.192401+00:00,65,751.18
LA4672,305,4054,2333,2025-09-04 12:16:03+00:00,2025-09-04 13:47:13.788921+00:00,28,943.64
DL2013,2297,61,2459,2025-09-09 08:08:14+00:00,2025-09-09 11:27:04.957105+00:00,809,2146.91
G37059,1833,767,3635,2026-03-30 23:27:18+00:00,2026-03-31 13:03:20.530677+00:00,642,2314.5
DL7800,1041,1379,626,2025-09-18 17:21:26+00:00,2025-09-19 01:12:20.106148+00:00,228,1643.83
IB3489,42,1782,3815,2025-09-06 00:49:13+00:00,2025-09-06 08:56:34.241932+00:00,33,2405.96
LH1918,4706,3981,3730,2025-11-15 22:30:30+00:00,2025-11-16 06:29:49.430034+00:00,870,2295.21
LA7464,3211,3087,2253,2026-03-27 07:36:56+00:00,2026-03-27 11:39:41.767289+00:00,444,936.93
AD9621,2892,4955,2212,2025-07-31 11:30:32+00:00,2025-07-31 20:33:32.103099+00:00,487,1358.65
EK9233,3351,893,591,2026-01-09 19:43:42+00:00,2026-01-10 02:44:49.198497+00:00,190,1052.02
JJ1185,60,3748,33,2026-01-16 04:18:32+00:00,2026-01-16 09:07:24.457480+00:00,934,1687.31
G36972,3258,1200,4932,2025-06-19 22:00:38+00:00,2025-06-20 07:50:08.975825+00:00,178,373.87
LH3777,1559,234,117,2025-08-16 05:26:36+00:00,2025-08-16 18:10:26.387697+00:00,620,1246.01
BA8127,873,2194,4327,2026-03-18 05:22:52+00:00,2026-03-18 14:26:37.393814+00:00,552,1143.61
LH4492,1596,1188,3340,2026-01-16 10:05:24+00:00,2026-01-16 18:06:52.440690+00:00,741,1185.78
QR973,1405,687,2588,2025-09-25 22:27:19+00:00,2025-09-26 09:44:33.949580+00:00,908,1285.92
IB5195,3461,1121,1094,2025-12-30 13:27:27+00:00,2025-12-30 22:21:21.920606+00:00,830,2243.86
TP8512,3040,3676,1019,2025-07-18 13:36:04+00:00,2025-07-18 23:38:36.125014+00:00,810,2213.79
IB4445,3778,3680,3838,2025-07-11 03:20:40+00:00,2025-07-11 04:55:09.924265+00:00,94,1471.41
TP9930,90,4042,1404,2026-02-14 06:04:39+00:00,2026-02-14 15:41:42.715179+00:00,329,1774.31
QR4704,4471,2903,4380,2025-07-06 08:29:39+00:00,2025-07-06 12:05:11.964922+00:00,547,110.54
EK4251,1420,2869,791,2025-08-03 15:16:31+00:00,2025-08-04 00:18:45.352221+00:00,215,1064.19
UA1863,1187,3738,198,2026-01-12 09:16:19+00:00,2026-01-12 11:38:52.641776+00:00,91,1839.16
QR1283,201,4723,3046,2025-12-07 04:06:32+00:00,2025-12-07 15:58:22.262911+00:00,33,929.06
AA1025,1003,2234,1246,2026-04-28 21:04:29+00:00,2026-04-29 02:16:23.850022+00:00,813,2273.48
DL7252,2481,1330,2738,2025-11-14 07:05:05+00:00,2025-11-14 12:15:31.315528+00:00,740,127.14
QR7870,3128,303,4969,2025-09-09 15:06:11+00:00,2025-09-09 23:53:13.069337+00:00,413,398.68
LH3384,1340,3507,1430,2025-06-06 07:19:13+00:00,2025-06-06 10:59:46.816717+00:00,903,2459.68
UA4154,3114,2884,4925,2026-04-17 18:26:53+00:00,2026-04-18 07:01:40.087690+00:00,461,1194.05
TP1616,3404,4015,209,2025-12-01 00:08:05+00:00,2025-12-01 01:27:01.871009+00:00,112,1721.12
DL8431,2944,2119,4137,2025-07-23 13:53:45+00:00,2025-07-23 15:45:12.551155+00:00,813,1365.79
JJ4999,201,1029,3109,2026-05-08 17:56:21+00:00,2026-05-09 01:35:14.726088+00:00,37,170.39
EK644,341,1399,4296,2025-06-20 03:44:20+00:00,2025-06-20 11:48:49.663089+00:00,276,833.77
IB4088,1326,4025,3999,2026-02-11 08:44:40+00:00,2026-02-11 19:48:01.300456+00:00,178,1927.79
LH9030,2549,652,3138,2025-10-12 14:39:40+00:00,2025-10-13 00:26:03.357560+00:00,101,933.54
BA3589,2397,1118,3961,2025-07-15 15:14:56+00:00,2025-07-16 04:52:59.387665+00:00,752,650.28
AA6209,194,2536,1922,2025-10-10 01:34:46+00:00,2025-10-10 14:44:32.795048+00:00,31,1674.18
JJ8838,571,3017,3289,2025-12-28 02:09:59+00:00,2025-12-28 10:33:10.720851+00:00,776,543.17
AF207,4464,4231,167,2025-10-24 05:25:25+00:00,2025-10-24 16:28:18.772538+00:00,647,1503.15
IB7089,3959,4737,3069,2025-08-31 10:01:03+00:00,2025-08-31 19:51:55.082449+00:00,129,152.66
LH8605,3832,1697,3507,2025-08-25 10:40:26+00:00,2025-08-25 18:28:12.175154+00:00,8,337.55
UA922,4417,1539,2789,2026-04-29 05:02:10+00:00,2026-04-29 12:02:48.184542+00:00,842,746.18
UA3104,1472,394,2227,2025-06-28 04:39:17+00:00,2025-06-28 17:40:47.095006+00:00,404,2265.54
SQ3282,2324,4981,4811,2026-05-10 11:48:40+00:00,2026-05-10 15:36:15.245294+00:00,67,1284.02
QR534,1449,4702,940,2026-02-21 03:56:16+00:00,2026-02-21 12:54:19.126019+00:00,946,1586.95
JJ4671,3337,2926,2465,2025-10-04 14:59:48+00:00,2025-10-04 21:14:11.345473+00:00,543,978.13
AD5139,2636,4785,1561,2025-09-22 18:04:20+00:00,2025-09-23 01:34:33.172235+00:00,368,2336.3
UA7191,4741,3526,2093,2026-04-07 20:48:07+00:00,2026-04-08 08:18:42.394562+00:00,313,420.39
TP331,4729,4662,4991,2025-07-06 21:53:38+00:00,2025-07-07 04:32:34.699828+00:00,648,140.62
AA5591,917,1443,2034,2026-01-09 14:56:37+00:00,2026-01-09 18:25:36.746732+00:00,593,248.58
AF8706,1767,2071,4441,2025-09-09 17:15:59+00:00,2025-09-10 03:02:31.335422+00:00,632,2428.64
AD6988,779,4008,2299,2026-05-30 23:10:10+00:00,2026-05-31 06:35:39.354058+00:00,953,1158.37
EK8086,3,4514,3305,2025-09-23 00:54:28+00:00,2025-09-23 05:06:13.674245+00:00,475,1245.17
EK3767,3211,2558,1224,2025-11-08 21:15:26+00:00,2025-11-09 06:59:47.396907+00:00,667,723.36
IB8873,860,1800,3766,2026-05-25 13:51:49+00:00,2026-05-25 18:34:13.104197+00:00,424,579.94
SQ7217,1699,293,2961,2026-01-02 12:22:17+00:00,2026-01-02 18:58:01.923516+00:00,506,1786.51
QR3974,1287,3474,2617,2026-03-22 09:22:01+00:00,2026-03-22 17:40:26.881336+00:00,166,1770.45
EK4196,4442,1472,615,2026-05-22 03:09:49+00:00,2026-05-22 12:56:16.034195+00:00,355,1412.99
SQ8313,3484,1535,605,2025-12-31 05:44:49+00:00,2025-12-31 12:04:57.554700+00:00,963,761.91
LA2600,1096,326,3535,2026-04-08 22:21:31+00:00,2026-04-09 05:51:41.533540+00:00,252,1872.41
EK4927,2077,1975,1520,2025-07-05 21:23:09+00:00,2025-07-06 06:59:11.997489+00:00,920,529.16
AA6303,2450,262,4220,2025-08-18 22:01:24+00:00,2025-08-19 02:26:00.175977+00:00,107,2060.27
BA4492,1525,3286,2580,2026-05-06 00:38:29+00:00,2026-05-06 06:21:17.633448+00:00,45,1147.8
AF1089,1078,835,1609,2025-06-17 07:34:07+00:00,2025-06-17 10:05:43.114200+00:00,253,194.02
AA4692,375,3771,3178,2025-07-13 06:13:55+00:00,2025-07-13 13:10:23.705390+00:00,48,2218.49
TP9981,778,3857,1398,2025-06-06 15:17:23+00:00,2025-06-07 03:35:54.774868+00:00,813,1947.17
QR9636,2538,4931,2497,2025-06-20 20:11:40+00:00,2025-06-21 06:21:37.521932+00:00,632,442.34
IB9400,2025,4081,1897,2026-04-17 19:11:14+00:00,2026-04-18 02:36:31.019438+00:00,57,64.19
IB9153,884,1503,4802,2025-12-24 06:10:13+00:00,2025-12-24 12:05:14.185032+00:00,632,230.85
SQ5656,1449,945,1031,2025-08-29 07:08:24+00:00,2025-08-29 11:12:27.144108+00:00,557,2013.28
JJ1965,1621,3466,2595,2025-06-24 00:12:35+00:00,2025-06-24 03:16:28.023600+00:00,803,1335.54
LA1526,355,3461,4615,2025-12-25 19:20:42+00:00,2025-12-25 23:29:49.480624+00:00,87,2481.68
TP9043,2833,4532,3955,2025-11-13 08:34:57+00:00,2025-11-13 22:18:56.552162+00:00,133,729.94
JJ920,3993,2422,4931,2025-12-30 15:30:18+00:00,2025-12-31 00:44:55.535292+00:00,536,707.35
G33666,2704,2898,3300,2026-01-21 22:22:41+00:00,2026-01-22 09:11:05.322661+00:00,336,1322.85
AF592,2004,995,1490,2026-02-17 18:11:29+00:00,2026-02-17 23:01:55.261560+00:00,129,1136.67
EK7127,4823,3105,2286,2026-01-08 17:49:31+00:00,2026-01-09 03:47:58.990564+00:00,263,651.58
BA1479,159,3,1977,2025-06-24 19:12:21+00:00,2025-06-25 03:44:19.150135+00:00,684,520.96
IB7428,1413,1298,2313,2026-05-13 05:38:01+00:00,2026-05-13 19:24:36.261968+00:00,932,2325.2
LA1776,3158,2474,3005,2025-09-03 01:06:50+00:00,2025-09-03 05:36:38.351713+00:00,360,140.81
QR7860,1601,529,3705,2025-11-09 05:48:06+00:00,2025-11-09 10:41:28.717007+00:00,459,510.92
IB2562,1160,3702,4270,2025-08-21 10:22:05+00:00,2025-08-21 14:28:18.224280+00:00,443,1562.85
TP4080,3079,3930,3201,2026-02-05 16:55:03+00:00,2026-02-05 18:14:14.503197+00:00,550,520.56
SQ213,2878,2755,889,2025-11-28 21:26:03+00:00,2025-11-29 03:00:01.976341+00:00,269,1369.65
AA9288,3515,194,2597,2025-06-14 04:04:07+00:00,2025-06-14 06:51:38.739321+00:00,621,2440.0
G38747,3620,3951,2100,2025-08-26 16:46:58+00:00,2025-08-26 18:50:14.738142+00:00,530,259.0
AF105,3592,3126,4446,2026-03-23 08:33:51+00:00,2026-03-23 22:03:26.258259+00:00,435,250.75
JJ9682,2982,1551,1027,2026-02-24 12:17:54+00:00,2026-02-24 23:30:11.656114+00:00,254,1730.68
UA4622,559,3756,1133,2026-03-29 09:00:19+00:00,2026-03-29 12:11:56.493339+00:00,796,666.61
DL9098,979,3566,2461,2025-11-10 08:49:43+00:00,2025-11-10 20:15:36.999961+00:00,280,1152.47
EK8200,3637,2187,4520,2026-04-02 23:26:08+00:00,2026-04-03 06:22:46.811608+00:00,671,2055.31
AD3656,4052,1668,3716,2026-05-26 20:35:21+00:00,2026-05-27 05:04:03.341993+00:00,192,1281.15
EK8527,2772,4013,3923,2025-07-08 07:30:42+00:00,2025-07-08 20:45:51.192793+00:00,450,812.29
DL8017,862,454,4111,2025-11-17 06:40:28+00:00,2025-11-17 16:04:47.270386+00:00,649,2169.38
LA9621,172,1914,3736,2025-08-02 05:45:57+00:00,2025-08-02 08:12:19.786331+00:00,16,2409.52
UA9072,2715,4946,3047,2025-07-28 08:26:40+00:00,2025-07-28 22:16:39.840333+00:00,256,2231.85
JJ2462,4770,1605,614,2025-08-31 18:08:01+00:00,2025-09-01 00:17:33.716273+00:00,866,2437.9
DL2913,169,4305,229,2025-10-12 16:02:59+00:00,2025-10-12 21:06:00.129941+00:00,850,639.89
G32682,1257,3860,461,2026-01-13 08:11:25+00:00,2026-01-13 15:12:14.439622+00:00,646,1134.18
AD8991,2071,2844,2272,2025-09-06 18:30:20+00:00,2025-09-07 04:03:38.754230+00:00,722,2003.34
DL4105,1956,1162,3906,2025-11-18 15:24:15+00:00,2025-11-18 17:56:43.175162+00:00,777,1923.18
IB5758,4460,292,2241,2026-04-09 10:54:47+00:00,2026-04-09 21:47:44.451920+00:00,536,602.73
UA8338,234,2357,358,2026-04-23 07:25:47+00:00,2026-04-23 18:23:07.373902+00:00,230,917.01
LA6460,743,2185,2814,2025-11-02 22:55:21+00:00,2025-11-03 04:23:45.370308+00:00,19,2087.01
G3767,1998,104,4710,2025-08-02 21:13:18+00:00,2025-08-03 10:30:50.098401+00:00,537,881.52
G34807,3837,1615,1470,2026-01-11 22:55:38+00:00,2026-01-11 23:57:35.652500+00:00,486,1062.29
LH8611,1600,4903,3913,2025-08-22 18:47:54+00:00,2025-08-23 03:18:11.259228+00:00,876,1121.01
DL7695,4482,1281,2912,2026-01-10 20:33:46+00:00,2026-01-11 01:25:06.645186+00:00,390,2086.98
EK6207,2483,2798,4138,2026-05-25 04:53:18+00:00,2026-05-25 09:14:38.165969+00:00,827,1566.42
LH2059,464,3315,433,2026-01-27 02:34:35+00:00,2026-01-27 07:24:17.815217+00:00,735,1994.78
TP9110,2299,1424,74,2026-02-19 05:35:51+00:00,2026-02-19 12:18:13.853370+00:00,966,1630.94
AF5613,1747,1891,496,2026-02-01 02:11:52+00:00,2026-02-01 13:46:51.003977+00:00,924,734.52
G36558,2819,3498,546,2026-01-02 19:15:09+00:00,2026-01-03 03:49:46.117827+00:00,196,1700.42
QR5918,2232,4853,4153,2025-12-12 05:38:02+00:00,2025-12-12 16:36:52.787718+00:00,931,1704.11
BA7670,166,424,4488,2025-09-14 20:09:06+00:00,2025-09-15 05:36:13.777810+00:00,56,2367.58
TP543,1580,3600,3606,2026-05-09 12:30:48+00:00,2026-05-09 23:48:36.013606+00:00,295,1743.94
QR9047,2796,147,3302,2025-06-07 00:17:45+00:00,2025-06-07 04:44:22.039215+00:00,61,2285.26
AD9099,1488,3720,686,2026-02-05 13:19:33+00:00,2026-02-06 01:03:20.334202+00:00,629,2176.21
AA4264,2696,3530,599,2026-06-02 01:25:18+00:00,2026-06-02 03:02:23.146486+00:00,891,1397.09
LH9030,3169,482,2863,2025-12-26 20:13:25+00:00,2025-12-27 03:25:25.640850+00:00,615,2384.49
AD8778,1412,4832,2062,2025-06-11 05:06:34+00:00,2025-06-11 14:36:53.544710+00:00,698,167.75
SQ2487,2737,2343,960,2025-07-23 09:53:26+00:00,2025-07-23 15:51:56.900143+00:00,56,836.55
TP6884,292,1199,2635,2026-04-12 11:25:56+00:00,2026-04-12 22:03:31.862932+00:00,398,1234.55
AD1725,4069,4401,1925,2026-03-05 19:13:45+00:00,2026-03-06 04:49:59.554975+00:00,275,1611.88
EK6265,805,4979,4786,2026-05-09 04:47:06+00:00,2026-05-09 06:16:33.654792+00:00,416,1344.84
LH7370,1730,12,1275,2026-04-28 12:37:31+00:00,2026-04-28 23:51:55.934448+00:00,552,795.8
AA8655,2544,4866,1070,2026-03-24 09:41:27+00:00,2026-03-24 15:56:45.326651+00:00,594,902.23
TP746,4264,1064,2248,2026-04-03 07:52:30+00:00,2026-04-03 13:43:32.715757+00:00,912,1163.13
EK4628,1880,4908,3883,2025-06-20 21:01:02+00:00,2025-06-21 07:58:23.285406+00:00,617,2047.02
QR8693,2530,2278,2224,2025-12-17 19:41:37+00:00,2025-12-18 05:39:25.422418+00:00,522,1010.69
LH9539,1262,3837,273,2026-05-01 14:32:33+00:00,2026-05-01 20:54:24.212989+00:00,846,367.57
G39838,2154,3883,191,2025-10-08 23:16:56+00:00,2025-10-09 07:01:07.086003+00:00,246,367.64
QR8076,968,4177,3223,2026-02-11 14:36:41+00:00,2026-02-11 19:37:55.543419+00:00,987,1661.67
TP5148,3313,2017,3279,2025-08-10 15:33:29+00:00,2025-08-10 21:00:55.198619+00:00,860,178.6
AD3279,4385,3594,2020,2025-10-25 18:26:24+00:00,2025-10-26 02:34:16.232805+00:00,684,2467.46
DL2030,4336,966,2687,2025-09-26 04:02:25+00:00,2025-09-26 16:34:43.401779+00:00,175,903.15
EK2810,4366,3348,2722,2025-10-03 18:10:32+00:00,2025-10-03 23:49:51.750590+00:00,169,1761.05
AD4465,1047,3595,4625,2026-04-29 18:07:28+00:00,2026-04-29 20:15:06.259513+00:00,468,1923.02
AF3769,1462,2306,3313,2025-11-14 21:08:12+00:00,2025-11-14 23:05:36.502476+00:00,540,1711.52
LA3273,654,4628,2462,2026-04-24 14:57:44+00:00,2026-04-24 22:38:26.776180+00:00,345,948.21
QR7835,3536,4841,2633,2025-12-25 08:58:22+00:00,2025-12-25 12:09:46.490509+00:00,818,829.83
UA6291,1130,2240,251,2025-09-25 06:46:26+00:00,2025-09-25 15:57:04.546317+00:00,104,882.03
SQ7742,3502,3613,4231,2025-11-28 20:56:50+00:00,2025-11-29 01:47:36.584904+00:00,93,2449.05
G34001,2868,480,2498,2026-01-20 00:10:56+00:00,2026-01-20 02:59:59.000721+00:00,375,865.84
QR8985,3407,832,1959,2026-01-22 12:10:33+00:00,2026-01-23 01:28:26.832259+00:00,317,1592.13
JJ1002,434,1310,706,2026-05-07 14:01:09+00:00,2026-05-07 15:33:55.906624+00:00,56,2349.06
DL6471,4644,840,4242,2025-07-09 19:03:00+00:00,2025-07-10 01:12:43.863352+00:00,355,1994.87
AA685,3047,2197,4307,2026-03-18 22:36:34+00:00,2026-03-19 11:38:59.363072+00:00,114,1277.72
AF3121,4077,1548,1627,2025-12-07 08:13:15+00:00,2025-12-07 20:35:00.282687+00:00,836,314.31
SQ9106,4100,1748,2236,2025-08-05 08:02:04+00:00,2025-08-05 21:32:22.236652+00:00,848,320.31
AD3865,1523,2343,4246,2025-11-30 14:39:41+00:00,2025-11-30 19:28:25.882778+00:00,435,346.0
AF6500,983,3173,1615,2026-05-15 17:28:18+00:00,2026-05-16 01:00:11.238501+00:00,51,394.96
G35891,1556,4644,9,2026-03-06 17:03:21+00:00,2026-03-07 01:34:58.262813+00:00,572,2092.93
EK6799,830,3364,371,2025-12-20 22:43:18+00:00,2025-12-21 04:46:29.191208+00:00,138,1078.81
G34075,978,2422,2075,2026-03-04 05:13:03+00:00,2026-03-04 14:14:45.174022+00:00,868,387.87
SQ8478,2280,4992,99,2025-06-13 18:16:35+00:00,2025-06-13 20:29:29.371370+00:00,805,2093.67
SQ4807,1237,975,1147,2025-08-11 10:59:58+00:00,2025-08-11 16:00:18.211690+00:00,617,816.7
AA4280,2537,518,2581,2026-04-01 18:25:42+00:00,2026-04-01 22:19:21.139382+00:00,272,1368.67
UA219,4865,2870,1540,2026-02-23 01:35:28+00:00,2026-02-23 07:55:42.766298+00:00,806,1800.81
BA1979,2673,3400,3072,2026-04-04 14:33:38+00:00,2026-04-04 20:29:38.809901+00:00,113,1220.35
LA4419,2571,3066,3332,2025-11-26 17:30:01+00:00,2025-11-26 23:19:22.827387+00:00,807,656.66
AD1298,2495,4319,3386,2026-04-11 22:34:57+00:00,2026-04-12 09:22:44.625004+00:00,809,1773.91
IB5142,506,1715,1818,2025-08-06 02:57:43+00:00,2025-08-06 09:09:42.992300+00:00,471,1573.61
AF4629,2300,1942,685,2025-09-09 09:25:44+00:00,2025-09-09 11:54:46.044496+00:00,171,1734.38
QR6225,879,2780,894,2025-07-02 11:48:22+00:00,2025-07-02 12:53:02.219646+00:00,633,1791.28
SQ4492,3421,2490,4207,2026-04-02 11:50:47+00:00,2026-04-02 23:06:55.130869+00:00,815,2400.42
AA2556,635,2812,1288,2026-01-15 13:13:07+00:00,2026-01-16 02:58:17.269783+00:00,252,724.32
QR7318,1488,1589,1657,2025-12-24 05:46:01+00:00,2025-12-24 09:11:33.669177+00:00,139,1547.77
EK950,1271,1858,4072,2026-05-01 06:31:54+00:00,2026-05-01 17:19:10.400937+00:00,890,205.63
LH3142,1560,4928,936,2026-02-27 22:10:11+00:00,2026-02-28 09:39:23.373336+00:00,756,1640.55
BA4310,1393,4806,1596,2025-11-27 08:58:28+00:00,2025-11-27 14:40:53.424707+00:00,470,462.53
SQ8935,1961,784,2095,2025-10-24 05:07:58+00:00,2025-10-24 07:24:33.547950+00:00,234,728.29
LA8484,1837,2004,3966,2025-10-28 01:01:56+00:00,2025-10-28 04:27:26.968969+00:00,881,1572.1
IB6029,3431,1498,2448,2025-07-29 07:38:22+00:00,2025-07-29 18:59:48.058024+00:00,54,1632.0
JJ4244,310,522,633,2026-04-01 00:52:06+00:00,2026-04-01 04:26:59.113597+00:00,749,404.01
QR3571,3877,2029,150,2025-08-01 16:38:47+00:00,2025-08-01 18:08:14.134090+00:00,197,801.54
G34535,2761,3803,4759,2026-05-20 14:12:26+00:00,2026-05-20 19:19:54.171603+00:00,454,962.94
LH9983,712,4053,4270,2025-10-13 04:13:52+00:00,2025-10-13 09:29:07.490927+00:00,777,1031.83
G34552,715,457,2122,2025-11-19 16:26:29+00:00,2025-11-19 21:12:49.993661+00:00,491,560.06
EK2397,497,1475,3247,2025-12-04 07:13:27+00:00,2025-12-04 09:29:28.643141+00:00,216,2169.02
UA3394,1447,1796,2586,2026-04-21 11:37:21+00:00,2026-04-21 13:13:49.088198+00:00,13,262.8
JJ6415,585,853,1562,2025-09-05 19:05:49+00:00,2025-09-06 04:13:24.766992+00:00,755,1884.24
BA9889,2234,307,3824,2025-09-30 01:34:21+00:00,2025-09-30 15:21:57.700732+00:00,532,2182.05
LA8012,4959,4567,3649,2025-07-27 02:46:00+00:00,2025-07-27 11:23:33.175086+00:00,893,487.93
DL8891,284,1702,4005,2025-07-04 13:17:02+00:00,2025-07-04 22:05:04.225327+00:00,829,163.05
QR412,1457,3217,1315,2025-09-16 15:55:05+00:00,2025-09-17 01:15:38.386135+00:00,424,1919.27
SQ3538,163,3098,1598,2025-08-02 18:52:14+00:00,2025-08-03 00:32:53.824689+00:00,686,107.87
EK9271,2911,2054,3745,2026-05-03 17:46:04+00:00,2026-05-03 23:14:56.319149+00:00,140,167.22
BA7911,4174,3913,1129,2025-10-30 23:55:58+00:00,2025-10-31 02:29:59.039589+00:00,543,1800.39
LH6140,2441,1436,418,2025-12-05 14:19:40+00:00,2025-12-05 15:31:58.068015+00:00,953,2343.91
BA7039,2456,2203,3540,2025-12-13 00:47:08+00:00,2025-12-13 07:03:18.554370+00:00,413,1144.75
DL908,3344,2300,57,2025-09-21 21:40:52+00:00,2025-09-21 23:05:04.554234+00:00,722,1991.87
AF9165,174,2007,4165,2026-03-04 13:16:27+00:00,2026-03-05 01:56:06.323453+00:00,503,810.53
LH9937,863,4276,771,2025-12-24 15:50:12+00:00,2025-12-25 04:08:38.879711+00:00,775,801.52
SQ5944,3696,771,4910,2026-02-15 04:14:49+00:00,2026-02-15 06:52:27.333387+00:00,978,211.62
EK5146,506,2731,2082,2025-11-20 16:28:50+00:00,2025-11-21 04:16:43.522223+00:00,837,1326.7
SQ6127,1539,4907,716,2025-07-13 05:43:25+00:00,2025-07-13 11:31:07.658916+00:00,957,1318.29
G37837,2043,2834,2853,2026-05-08 03:29:49+00:00,2026-05-08 15:02:02.492243+00:00,764,1862.28
AF3352,1058,1269,4551,2026-03-25 23:38:02+00:00,2026-03-26 11:46:27.096164+00:00,509,1193.99
QR9230,3219,514,3720,2025-07-01 17:29:12+00:00,2025-07-02 01:58:45.139532+00:00,735,2161.95
BA6781,2369,3618,3689,2026-02-15 17:45:53+00:00,2026-02-16 02:59:39.527494+00:00,874,1056.33
AF7665,442,2135,476,2025-06-13 13:09:37+00:00,2025-06-14 02:56:24.479995+00:00,576,1819.9
TP3235,3759,4408,558,2025-10-02 23:16:06+00:00,2025-10-03 01:50:28.404113+00:00,863,2123.68
JJ1042,1063,1468,372,2025-12-06 21:01:12+00:00,2025-12-07 01:40:27.006528+00:00,845,2362.5
LH8340,4627,1577,4616,2025-11-21 14:45:35+00:00,2025-11-21 22:46:19.523848+00:00,200,1816.04
QR9577,2898,3823,3155,2025-09-04 09:17:44+00:00,2025-09-04 15:34:53.184852+00:00,405,78.53
TP5542,1913,523,2604,2025-06-10 17:44:10+00:00,2025-06-11 05:47:31.755744+00:00,368,848.43
DL9274,4621,2292,3848,2026-03-11 22:02:29+00:00,2026-03-12 10:55:16.210713+00:00,827,2428.84
AD1119,2287,122,3844,2026-04-13 14:41:07+00:00,2026-04-14 04:29:31.297053+00:00,410,2499.77
IB9759,3522,1004,1562,2025-12-15 07:45:37+00:00,2025-12-15 09:43:31.621534+00:00,363,1532.13
LA8162,2618,2684,1893,2026-02-07 09:36:14+00:00,2026-02-07 18:35:49.532901+00:00,869,631.76
DL6836,4861,2826,1266,2026-05-21 11:05:43+00:00,2026-05-22 00:23:58.828468+00:00,489,1782.81
LA6926,1810,1893,3021,2025-10-23 14:19:57+00:00,2025-10-24 00:07:31.002291+00:00,115,605.22
TP7088,74,1087,669,2026-01-02 07:19:15+00:00,2026-01-02 11:44:48.239374+00:00,736,1542.5
TP9515,1077,157,2233,2025-08-06 03:18:04+00:00,2025-08-06 13:16:38.438090+00:00,741,811.58
BA2591,4461,819,831,2025-09-15 11:56:37+00:00,2025-09-16 01:39:32.863687+00:00,373,2232.25
JJ9462,1447,1067,1644,2026-04-08 01:21:55+00:00,2026-04-08 06:10:01.388192+00:00,541,1952.78
BA8390,1408,1168,3117,2025-08-28 20:30:31+00:00,2025-08-29 01:05:33.191944+00:00,689,2023.05
G37222,4361,4489,728,2025-06-21 00:51:34+00:00,2025-06-21 12:15:10.656224+00:00,105,1157.04
SQ8399,3782,3364,2702,2025-10-03 14:05:38+00:00,2025-10-03 21:02:06.716671+00:00,574,2256.72
TP2715,3118,2355,4329,2025-10-23 18:38:42+00:00,2025-10-24 00:04:42.795345+00:00,854,2480.01
DL2727,2836,3757,4682,2026-02-22 20:16:36+00:00,2026-02-23 03:48:13.946669+00:00,317,670.02
EK6081,3765,3310,2704,2026-05-05 20:51:26+00:00,2026-05-06 01:34:14.835562+00:00,498,1602.53
AF6550,858,2756,123,2025-12-15 18:33:46+00:00,2025-12-15 21:36:13.414548+00:00,318,2025.61
AF5420,1307,2433,2495,2026-05-28 16:52:11+00:00,2026-05-29 03:30:05.295853+00:00,858,1856.4
UA849,358,2586,2093,2025-07-04 17:43:07+00:00,2025-07-04 21:38:18.993165+00:00,576,1499.09
SQ1779,3954,1703,1898,2025-12-21 00:37:52+00:00,2025-12-21 10:38:50.253451+00:00,104,88.09
JJ298,3520,3032,693,2025-11-02 09:30:36+00:00,2025-11-02 23:14:46.117751+00:00,641,1717.69
G35516,4125,1677,1825,2025-08-17 04:23:16+00:00,2025-08-17 11:30:44.531154+00:00,854,1750.49
JJ496,196,1368,4375,2025-12-16 09:25:15+00:00,2025-12-16 23:22:15.186950+00:00,701,838.04
IB4302,775,2091,2115,2025-07-23 17:35:34+00:00,2025-07-24 03:13:05.211401+00:00,468,2350.23
SQ4244,2985,2205,3607,2025-10-26 11:20:18+00:00,2025-10-26 14:18:40.636139+00:00,682,1021.52
LA906,1951,417,4548,2025-09-20 17:06:02+00:00,2025-09-21 01:27:36.708519+00:00,659,1227.54
IB4695,4585,2828,3373,2025-08-20 06:13:31+00:00,2025-08-20 15:24:44.013937+00:00,708,253.46
EK7780,1454,3427,4886,2025-11-03 22:37:06+00:00,2025-11-04 04:56:53.532254+00:00,733,967.07
AA1596,892,3523,137,2026-05-04 05:02:02+00:00,2026-05-04 06:27:14.928415+00:00,187,2097.74
IB7292,1496,3623,4052,2025-10-18 00:15:53+00:00,2025-10-18 09:28:33.255736+00:00,753,2156.25
LH1414,1033,3247,1858,2026-06-01 11:42:04+00:00,2026-06-01 17:42:56.833398+00:00,587,1652.89
LH3043,3825,3091,4941,2026-01-10 14:11:10+00:00,2026-01-10 18:56:52.263168+00:00,202,1593.02
AF4992,3704,2727,804,2025-12-06 20:28:48+00:00,2025-12-07 07:35:59.695591+00:00,818,1201.16
QR1957,4186,3416,3912,2025-10-24 11:20:46+00:00,2025-10-24 13:20:43.926453+00:00,279,2132.61
LH7041,2582,438,3049,2025-07-16 19:11:16+00:00,2025-07-17 04:48:36.508003+00:00,501,733.79
QR6811,4263,58,693,2025-06-05 07:26:39+00:00,2025-06-05 10:34:36.518086+00:00,549,1781.25
UA9708,905,4158,3539,2025-12-05 16:07:34+00:00,2025-12-05 22:17:38.026774+00:00,174,584.7
LA1703,635,2257,2004,2025-10-24 09:54:56+00:00,2025-10-24 17:02:42.628327+00:00,282,2337.58
DL7218,4342,2456,4492,2025-10-31 16:03:08+00:00,2025-10-31 17:29:22.949426+00:00,660,618.63
IB4103,682,325,2202,2025-07-25 00:14:47+00:00,2025-07-25 01:39:41.206926+00:00,384,2232.41
JJ566,4424,3143,4136,2025-11-04 06:16:02+00:00,2025-11-04 18:30:57.497530+00:00,431,2321.27
BA9593,1024,4679,4102,2026-01-27 01:46:37+00:00,2026-01-27 10:01:28.439711+00:00,798,2132.2
DL7237,417,349,3627,2025-08-08 03:43:53+00:00,2025-08-08 07:56:44.496998+00:00,65,991.08
JJ5059,976,563,4914,2025-07-24 02:56:16+00:00,2025-07-24 07:56:03.643912+00:00,291,958.44
AD2916,3111,724,4066,2025-10-31 19:12:20+00:00,2025-10-31 21:28:52.433427+00:00,745,1327.21
EK1860,4112,574,67,2026-05-19 02:11:11+00:00,2026-05-19 13:34:25.670375+00:00,688,1505.11
AF4936,3731,3480,3533,2026-01-06 16:03:19+00:00,2026-01-07 03:27:40.814241+00:00,227,2364.44
LA512,1411,4762,3515,2026-04-24 10:29:54+00:00,2026-04-24 12:31:29.993646+00:00,176,479.11
BA9539,1925,734,1323,2025-10-02 00:10:03+00:00,2025-10-02 07:58:07.691525+00:00,483,904.95
LA3582,1463,699,3077,2025-08-02 07:45:28+00:00,2025-08-02 10:11:34.726438+00:00,997,2442.44
AF1821,4407,3362,1902,2025-06-13 12:28:30+00:00,2025-06-13 16:13:40.968956+00:00,275,1879.66
BA9677,952,4647,2390,2026-01-20 03:43:50+00:00,2026-01-20 08:06:19.026292+00:00,235,1309.44
AF3488,1362,2221,4348,2026-04-28 18:11:12+00:00,2026-04-29 07:38:02.684575+00:00,460,241.58
AF6741,2351,4982,2795,2025-07-29 00:00:06+00:00,2025-07-29 06:31:06.661015+00:00,941,154.62
BA7030,4149,3109,3759,2025-08-10 19:08:02+00:00,2025-08-10 21:36:45.565469+00:00,540,1887.75
TP9925,4601,1186,2353,2026-04-11 03:29:48+00:00,2026-04-11 12:10:17.057894+00:00,20,1366.35
G34685,1162,4288,2573,2026-02-09 12:34:58+00:00,2026-02-09 21:56:01.380976+00:00,463,1042.87
BA8956,1995,344,1301,2025-07-07 23:35:09+00:00,2025-07-08 04:49:25.872949+00:00,506,2253.4
UA5029,4980,4924,3318,2025-08-31 05:04:38+00:00,2025-08-31 16:22:59.395485+00:00,773,1446.43
AD4274,241,1414,3398,2025-11-16 14:42:10+00:00,2025-11-16 22:29:45.652168+00:00,109,2003.14
BA6317,3795,4487,3886,2025-06-24 23:07:37+00:00,2025-06-25 11:44:17.651219+00:00,779,2399.13
IB5453,4645,2291,2792,2025-10-12 06:53:52+00:00,2025-10-12 18:57:59.244105+00:00,745,2027.87
JJ2106,3613,3882,1008,2025-12-05 05:15:07+00:00,2025-12-05 10:42:05.699893+00:00,856,457.28
AA2955,4682,3958,1175,2026-02-17 21:23:54+00:00,2026-02-18 09:53:39.477816+00:00,317,369.28
AF5622,3683,2301,74,2026-01-27 06:37:19+00:00,2026-01-27 10:19:48.063059+00:00,666,1022.44
AF7453,2780,1956,2884,2025-11-26 19:12:33+00:00,2025-11-27 02:52:16.904625+00:00,690,681.28
AD7407,1490,1602,2511,2026-01-26 20:37:36+00:00,2026-01-27 03:12:33.736848+00:00,917,1629.7
DL5939,4807,4118,1057,2026-02-24 02:43:01+00:00,2026-02-24 03:55:53.475596+00:00,732,1949.57
IB7128,649,2836,1570,2025-08-05 04:58:34+00:00,2025-08-05 10:06:00.800971+00:00,381,2243.67
EK9999,2143,930,3955,2025-12-06 06:10:23+00:00,2025-12-06 07:58:32.341200+00:00,120,774.07
IB3265,677,4604,4494,2025-06-22 11:46:17+00:00,2025-06-22 19:58:32.670778+00:00,33,1934.57
AD4068,1017,2667,3533,2025-07-24 09:54:37+00:00,2025-07-24 21:04:52.390995+00:00,47,1267.76
IB2101,2983,2922,1423,2025-09-01 09:49:30+00:00,2025-09-01 23:45:49.120587+00:00,470,1117.75
LH6368,4549,1837,272,2025-12-12 16:34:02+00:00,2025-12-12 23:18:09.821909+00:00,849,1685.01
JJ5422,1673,4402,2815,2026-02-03 18:54:38+00:00,2026-02-04 03:56:19.584701+00:00,874,565.78
DL2569,1919,1444,1094,2025-07-25 04:38:45+00:00,2025-07-25 12:02:20.018198+00:00,923,1605.0
SQ5952,831,3265,2655,2026-01-31 20:21:01+00:00,2026-02-01 06:46:39.433013+00:00,251,2173.93
SQ6639,2825,4881,3601,2025-10-08 11:54:25+00:00,2025-10-08 22:55:26.447160+00:00,931,87.26
G39259,728,1432,2117,2025-08-18 11:31:59+00:00,2025-08-18 16:47:29.065310+00:00,601,2376.39
LA2929,340,4394,4281,2025-09-13 03:12:56+00:00,2025-09-13 09:36:10.833676+00:00,751,1794.21
EK3441,2671,10,3011,2026-04-21 10:11:29+00:00,2026-04-21 13:33:45.122241+00:00,486,2126.87
BA1681,4913,2538,2942,2026-05-20 09:53:17+00:00,2026-05-20 16:09:33.462438+00:00,290,816.68
DL3154,1902,2261,954,2025-08-26 06:49:08+00:00,2025-08-26 20:33:04.869528+00:00,935,694.49
G38117,2280,2042,1025,2026-04-01 19:22:23+00:00,2026-04-02 05:22:13.793243+00:00,158,1920.91
IB6154,3082,3160,2707,2026-06-02 15:36:54+00:00,2026-06-02 21:04:36.210673+00:00,533,1240.62
AF171,2891,4533,3180,2026-02-28 14:29:06+00:00,2026-02-28 18:15:28.071063+00:00,63,1337.13
TP3826,3640,2722,4000,2025-08-04 17:50:54+00:00,2025-08-04 23:48:41.690781+00:00,440,1539.64
TP9698,2642,3221,1572,2025-07-29 00:31:24+00:00,2025-07-29 05:12:57.891113+00:00,970,494.0
BA2510,3480,48,4041,2026-03-16 15:45:29+00:00,2026-03-17 05:00:09.530423+00:00,28,309.27
TP4014,152,3956,1230,2025-06-12 19:07:13+00:00,2025-06-13 03:39:52.776096+00:00,126,611.02
G31324,1340,2260,255,2025-09-12 00:29:46+00:00,2025-09-12 06:17:34.973171+00:00,64,1693.6
DL1627,2497,3338,2491,2025-12-01 22:54:45+00:00,2025-12-02 02:27:27.315522+00:00,681,1162.48
LA6763,3689,824,3027,2026-05-27 11:53:58+00:00,2026-05-27 16:32:55.571672+00:00,283,2031.25
UA4780,4622,2784,2540,2025-11-09 09:32:07+00:00,2025-11-09 16:39:17.340659+00:00,964,910.81
SQ1338,522,1253,2797,2025-08-28 01:16:29+00:00,2025-08-28 02:39:41.341651+00:00,995,1143.75
QR1789,2566,869,146,2026-01-26 17:43:56+00:00,2026-01-26 20:42:06.784885+00:00,149,737.75
DL1026,2087,699,1799,2025-09-17 22:30:38+00:00,2025-09-18 00:24:37.716563+00:00,677,2068.53
LH6759,421,3551,1410,2025-09-19 09:41:01+00:00,2025-09-19 20:31:54.420344+00:00,849,155.4
AA126,4797,3513,1719,2025-10-26 02:29:22+00:00,2025-10-26 07:37:52.729969+00:00,374,1209.56
DL5805,2850,601,195,2025-11-27 01:45:32+00:00,2025-11-27 05:12:28.761555+00:00,867,62.13
BA4016,3800,3501,364,2025-07-31 07:35:08+00:00,2025-07-31 13:29:43.941245+00:00,239,118.36
TP6979,1408,1625,2014,2026-04-15 02:40:46+00:00,2026-04-15 12:43:57.867122+00:00,265,2002.43
AD3229,2985,3048,4689,2026-01-06 08:56:42+00:00,2026-01-06 17:09:03.168379+00:00,542,166.39
IB9710,1399,336,2528,2025-08-03 20:09:05+00:00,2025-08-04 00:12:11.438676+00:00,199,2167.83
LH7724,2400,2391,2311,2025-11-01 01:25:43+00:00,2025-11-01 09:37:14.618403+00:00,60,565.01
SQ6153,1610,3846,3008,2026-05-23 00:54:24+00:00,2026-05-23 12:38:28.456420+00:00,922,1847.55
G39217,4439,4786,1063,2025-07-17 15:04:28+00:00,2025-07-18 00:05:43.060861+00:00,296,117.69
AA3572,91,2782,192,2025-12-17 13:05:29+00:00,2025-12-17 18:04:31.595582+00:00,799,1203.68
BA371,2119,3013,2692,2025-11-09 23:45:52+00:00,2025-11-10 02:53:29.929724+00:00,316,1416.58
UA7536,4192,1556,2318,2025-12-04 10:08:56+00:00,2025-12-04 12:34:55.743895+00:00,360,114.88
JJ4061,4901,2428,4628,2026-01-16 11:43:45+00:00,2026-01-17 01:15:00.282571+00:00,264,201.74
EK9879,2514,3231,3954,2025-11-07 08:31:50+00:00,2025-11-07 12:12:01.368480+00:00,740,893.25
IB5905,2482,3686,1580,2025-12-12 05:09:58+00:00,2025-12-12 12:40:56.418880+00:00,573,1145.09
TP9206,1230,174,3952,2026-01-31 13:07:28+00:00,2026-01-31 19:44:52.605747+00:00,350,1575.63
IB5205,4605,2463,2996,2025-08-08 12:25:21+00:00,2025-08-08 22:35:13.683219+00:00,924,2113.72
IB5537,80,2304,3090,2025-12-11 01:50:54+00:00,2025-12-11 12:21:27.026992+00:00,961,523.98
BA6312,709,3222,3432,2025-07-23 13:16:45+00:00,2025-07-23 15:26:59.038766+00:00,508,613.15
DL7751,2446,3445,3949,2025-10-15 00:08:18+00:00,2025-10-15 04:43:55.632505+00:00,148,501.04
SQ3960,2911,2155,1823,2026-01-10 11:54:44+00:00,2026-01-10 23:56:59.327655+00:00,470,1218.97
BA7340,4271,3003,2026,2026-01-08 22:36:45+00:00,2026-01-09 11:55:23.128548+00:00,851,1020.54
JJ2633,512,4267,4687,2026-04-30 18:57:54+00:00,2026-04-30 20:58:53.736729+00:00,605,1746.76
TP5461,4461,2126,579,2025-12-17 09:53:37+00:00,2025-12-17 22:28:11.541860+00:00,962,513.28
BA693,621,2757,3620,2025-09-21 09:51:14+00:00,2025-09-21 22:43:35.797629+00:00,419,122.14
BA5106,2870,3412,802,2026-01-23 04:18:19+00:00,2026-01-23 09:45:52.434131+00:00,105,183.82
G36131,109,3743,4733,2026-01-03 12:45:52+00:00,2026-01-03 20:31:43.219933+00:00,633,1808.7
SQ5724,761,2730,4368,2025-10-29 00:25:32+00:00,2025-10-29 04:09:27.850918+00:00,390,288.62
EK7400,4663,1452,3755,2025-06-04 18:00:17+00:00,2025-06-05 03:51:35.359214+00:00,151,212.86
LH5635,4582,2706,3816,2025-07-04 17:15:57+00:00,2025-07-05 05:16:27.111509+00:00,875,325.7
AA9008,3764,8,4585,2025-12-14 11:32:54+00:00,2025-12-14 19:27:39.699126+00:00,677,1302.48
LA8497,1277,4108,3823,2025-12-04 15:37:54+00:00,2025-12-04 21:07:49.670710+00:00,565,2184.58
LH5115,1021,3231,2019,2025-10-17 10:32:51+00:00,2025-10-17 16:46:45.018646+00:00,822,974.45
AD5305,2182,670,3267,2026-02-12 21:50:07+00:00,2026-02-13 02:35:23.614966+00:00,256,1020.03
AF4140,4999,106,3228,2026-03-23 13:55:28+00:00,2026-03-23 21:23:04.817929+00:00,529,1676.32
UA3154,3391,3683,2876,2026-04-20 05:01:11+00:00,2026-04-20 06:34:45.169109+00:00,574,705.85
G36406,95,3364,2616,2026-03-06 01:39:00+00:00,2026-03-06 10:12:44.305049+00:00,499,516.24
UA9533,1560,1028,3054,2026-04-19 12:16:18+00:00,2026-04-19 14:56:19.336215+00:00,663,1475.17
G38681,662,1568,2875,2025-10-22 17:30:56+00:00,2025-10-23 00:42:07.833503+00:00,74,1776.52
UA7201,4091,3398,3144,2025-11-19 06:13:15+00:00,2025-11-19 19:46:25.830160+00:00,50,755.44
DL8500,207,2010,67,2025-07-31 18:11:02+00:00,2025-08-01 07:33:43.852331+00:00,910,730.5
AD1018,3800,692,4434,2025-08-05 08:51:34+00:00,2025-08-05 21:58:53.985307+00:00,389,130.96
UA427,4475,3946,4907,2026-03-16 02:37:34+00:00,2026-03-16 15:57:48.167318+00:00,281,445.87
TP2178,3267,3393,4529,2025-07-21 11:21:42+00:00,2025-07-21 15:22:42.576476+00:00,5,2246.76
LH8519,544,255,4601,2026-03-02 15:43:53+00:00,2026-03-03 00:23:33.356637+00:00,26,1864.62
IB4162,1814,2298,3354,2025-11-23 07:13:08+00:00,2025-11-23 19:26:39.607266+00:00,163,761.81
EK9912,2276,2138,4968,2025-06-30 20:02:39+00:00,2025-06-30 21:28:55.901307+00:00,256,529.15
QR6327,1144,2643,3623,2025-09-26 06:35:59+00:00,2025-09-26 10:44:54.524505+00:00,219,56.47
QR1561,3401,2455,1570,2025-11-15 03:46:06+00:00,2025-11-15 11:31:36.631317+00:00,409,1025.53
IB4722,2262,873,2112,2025-12-13 08:08:45+00:00,2025-12-13 18:53:37.116774+00:00,618,2106.8
AA4334,3088,871,1203,2025-09-13 08:50:02+00:00,2025-09-13 18:09:37.758734+00:00,962,434.6
BA6639,4690,3140,2256,2026-02-11 08:15:17+00:00,2026-02-11 11:33:39.513656+00:00,915,1052.02
EK5528,1433,4899,3711,2026-05-07 17:13:26+00:00,2026-05-08 00:08:38.140165+00:00,479,2207.87
TP7557,2661,3322,2655,2025-07-20 03:17:11+00:00,2025-07-20 11:06:19.944052+00:00,127,208.94
UA9165,3317,4818,2834,2025-12-30 01:51:54+00:00,2025-12-30 15:04:13.775452+00:00,972,2259.94
IB684,4698,1254,1686,2025-12-30 08:49:28+00:00,2025-12-30 12:15:41.876225+00:00,980,1190.41
JJ1275,4438,4717,3210,2025-06-12 10:01:05+00:00,2025-06-12 12:50:28.299086+00:00,460,1801.73
SQ1376,3324,1619,91,2025-10-03 03:03:21+00:00,2025-10-03 06:26:54.272528+00:00,849,574.09
DL1923,2842,1929,2923,2025-06-14 19:05:36+00:00,2025-06-14 20:37:09.442933+00:00,846,265.89
AF6290,2312,1876,3853,2025-10-13 08:34:13+00:00,2025-10-13 09:59:25.919497+00:00,971,2376.27
AD3381,1060,3813,2367,2025-12-26 14:03:28+00:00,2025-12-26 22:00:06.483957+00:00,684,2127.05
G38385,516,4657,4834,2025-08-19 10:09:27+00:00,2025-08-19 12:32:50.558825+00:00,574,2215.04
AD281,3869,949,349,2026-05-28 06:15:54+00:00,2026-05-28 12:05:46.600623+00:00,346,725.86
LA6469,170,2872,1823,2025-12-29 20:37:15+00:00,2025-12-30 00:35:13.870336+00:00,946,1582.97
DL6460,2644,4262,2705,2026-01-22 21:11:11+00:00,2026-01-23 02:46:03.265054+00:00,933,977.57
LA8180,4401,2346,1471,2025-07-20 02:32:54+00:00,2025-07-20 09:58:28.448438+00:00,84,2456.44
QR8482,2558,3017,18,2025-09-18 14:09:44+00:00,2025-09-19 02:44:41.392672+00:00,912,338.79
G3764,908,3260,4342,2025-11-07 15:07:49+00:00,2025-11-07 19:15:03.160055+00:00,783,255.71
AA3588,1613,853,4655,2025-08-03 20:43:23+00:00,2025-08-04 09:01:32.259382+00:00,217,1825.84
BA8003,2098,4829,133,2025-07-10 23:40:38+00:00,2025-07-11 02:49:15.159027+00:00,973,446.73
LH9857,3315,4585,530,2026-02-12 18:48:10+00:00,2026-02-13 08:00:19.797367+00:00,484,2170.75
JJ220,2060,3756,234,2025-12-18 05:02:15+00:00,2025-12-18 10:02:00.081217+00:00,939,1640.83
SQ1670,2852,407,3460,2026-01-29 15:15:24+00:00,2026-01-29 22:56:17.293549+00:00,995,1833.66
SQ9963,1825,4427,2817,2025-09-22 22:57:54+00:00,2025-09-23 12:11:48.832049+00:00,1,137.08
DL6859,3738,1380,2383,2026-05-17 01:53:14+00:00,2026-05-17 07:48:45.757949+00:00,886,1029.66
UA3502,2884,1730,3434,2026-05-18 20:04:45+00:00,2026-05-19 00:33:45.329078+00:00,721,1566.58
AA3231,2085,2569,683,2025-07-11 13:38:52+00:00,2025-07-11 20:12:42.988083+00:00,927,1789.76
AA5272,370,3727,3276,2025-12-06 11:00:26+00:00,2025-12-06 19:33:06.884544+00:00,970,1012.73
JJ8609,376,141,2082,2026-01-09 19:06:38+00:00,2026-01-09 23:28:52.768339+00:00,750,1318.85
EK7159,1456,1718,4271,2025-10-17 01:21:00+00:00,2025-10-17 09:42:47.667489+00:00,444,1690.33
G35108,1174,2737,3354,2025-12-13 19:52:11+00:00,2025-12-13 22:54:26.275736+00:00,926,1132.26
UA4007,433,4471,4379,2025-10-25 10:04:16+00:00,2025-10-25 13:09:29.771862+00:00,244,1378.93
JJ5751,3106,526,832,2025-12-23 22:50:30+00:00,2025-12-24 03:54:08.567089+00:00,793,386.94
UA4625,1273,2806,3323,2025-07-07 21:04:21+00:00,2025-07-08 02:10:44.396330+00:00,395,891.51
LA8674,4080,533,3188,2026-02-06 19:07:41+00:00,2026-02-07 03:53:25.840087+00:00,893,1433.65
TP4767,3782,231,1371,2025-07-13 08:37:18+00:00,2025-07-13 15:22:32.141304+00:00,829,149.56
EK2039,727,353,145,2026-01-03 00:15:56+00:00,2026-01-03 08:34:41.413823+00:00,457,1545.17
IB2706,75,2540,637,2025-11-04 15:49:38+00:00,2025-11-05 02:42:56.778377+00:00,797,1038.05
LA3583,3495,3017,3719,2025-08-28 14:39:47+00:00,2025-08-29 02:27:13.827340+00:00,791,1238.4
AA2921,3553,4396,1425,2025-11-17 03:53:14+00:00,2025-11-17 07:33:16.620134+00:00,248,2134.22
TP4574,4830,1240,4864,2026-06-02 06:03:26+00:00,2026-06-02 15:34:44.026149+00:00,454,263.42
DL1279,2319,4609,4519,2026-01-23 14:51:34+00:00,2026-01-23 16:07:15.777085+00:00,145,870.7
AF8488,2479,4331,3435,2026-02-14 11:54:25+00:00,2026-02-14 16:06:45.638709+00:00,58,1836.33
IB6689,4036,1348,3232,2026-05-05 15:09:41+00:00,2026-05-05 20:19:01.645909+00:00,755,2276.69
TP4051,113,3707,1701,2025-06-11 08:54:12+00:00,2025-06-11 19:07:41.704945+00:00,440,1514.88
TP8551,2353,674,2961,2025-11-28 12:51:01+00:00,2025-11-28 23:05:23.475720+00:00,903,440.69
JJ6628,3217,1855,4316,2025-11-04 23:03:17+00:00,2025-11-05 02:18:13.281722+00:00,633,1377.98
BA5378,3405,2746,566,2025-11-09 06:31:53+00:00,2025-11-09 14:28:02.032079+00:00,359,1242.12
UA4844,1675,301,1927,2026-02-07 17:45:15+00:00,2026-02-08 04:09:09.150355+00:00,397,637.85
UA7759,4494,2160,4638,2026-01-09 15:46:00+00:00,2026-01-10 00:00:27.486332+00:00,499,609.16
SQ7817,4956,3577,64,2026-01-26 21:24:28+00:00,2026-01-27 10:42:46.401958+00:00,800,1429.01
AA4781,495,3153,1757,2025-08-19 08:22:59+00:00,2025-08-19 13:32:47.558099+00:00,222,768.04
IB9589,1334,2137,4306,2026-02-17 02:19:26+00:00,2026-02-17 09:59:51.356753+00:00,585,736.03
AD2513,3012,802,1591,2025-11-19 04:00:54+00:00,2025-11-19 11:46:30.300305+00:00,852,920.56
AF4397,550,2758,4793,2025-07-16 06:18:17+00:00,2025-07-16 12:58:34.319433+00:00,958,1495.03
BA8250,1336,2870,3488,2026-03-30 10:58:03+00:00,2026-03-30 22:52:57.263430+00:00,908,1224.61
EK2097,1221,469,4939,2025-11-28 20:37:54+00:00,2025-11-29 08:10:31.666021+00:00,872,2405.7
EK1403,2057,3900,2668,2026-03-14 05:49:53+00:00,2026-03-14 18:19:49.845128+00:00,267,194.05
LA8124,1963,4265,2032,2026-05-03 05:59:33+00:00,2026-05-03 18:27:12.085042+00:00,654,2183.76
BA9547,2751,1026,1620,2025-08-20 10:38:41+00:00,2025-08-20 18:41:56.556598+00:00,865,1468.12
BA5519,4440,1882,968,2025-07-30 12:02:11+00:00,2025-07-30 16:13:06.856659+00:00,361,1056.73
LH8789,3225,3716,1866,2026-03-18 11:43:59+00:00,2026-03-18 20:11:08.655229+00:00,279,446.28
EK5548,4205,3577,275,2026-02-04 22:55:45+00:00,2026-02-05 03:41:28.883789+00:00,519,2009.9
DL337,1247,1254,1780,2025-12-03 01:12:41+00:00,2025-12-03 04:14:36.705470+00:00,646,2036.74
TP2913,3120,4698,4548,2025-07-12 16:21:14+00:00,2025-07-12 23:35:50.088790+00:00,788,196.7
DL6996,79,999,4219,2025-09-28 22:10:51+00:00,2025-09-29 00:58:02.067304+00:00,143,1947.82
IB3630,4449,3731,4871,2025-10-20 03:45:37+00:00,2025-10-20 17:39:44.027557+00:00,616,1911.22
QR6716,559,2260,3095,2025-12-30 11:28:43+00:00,2025-12-30 21:04:01.600632+00:00,44,1733.28
G38078,2795,2833,1619,2026-04-05 00:26:28+00:00,2026-04-05 03:31:31.910255+00:00,873,556.46
BA718,4049,4138,4604,2026-03-06 09:07:34+00:00,2026-03-06 20:00:36.148011+00:00,607,580.03
DL3089,202,2020,2009,2025-08-24 07:24:42+00:00,2025-08-24 20:42:36.487806+00:00,520,1341.47
QR3023,3603,4221,172,2026-01-10 02:28:13+00:00,2026-01-10 10:13:29.160722+00:00,374,783.83
LA6722,836,2128,3837,2026-04-15 05:50:58+00:00,2026-04-15 11:13:31.036296+00:00,193,2307.89
TP3404,3995,3637,2516,2025-07-05 14:43:01+00:00,2025-07-05 22:30:44.484856+00:00,995,867.63
LA6910,4996,725,1294,2025-12-30 07:10:41+00:00,2025-12-30 11:02:05.917026+00:00,611,122.37
EK6333,1567,3734,1442,2026-05-28 14:08:39+00:00,2026-05-28 22:19:44.154404+00:00,361,1689.61
IB5546,4076,3867,741,2026-02-16 04:20:05+00:00,2026-02-16 05:54:32.929289+00:00,420,632.88
AA9975,2576,3947,699,2026-04-16 13:16:18+00:00,2026-04-16 20:25:47.870503+00:00,513,2406.93
TP374,649,1354,629,2026-04-25 15:01:48+00:00,2026-04-26 01:13:54.973318+00:00,622,2306.77
IB7321,2877,4287,1885,2025-11-29 13:20:35+00:00,2025-11-29 14:39:13.361041+00:00,107,2436.78
AD2176,665,3264,2473,2025-09-01 12:59:57+00:00,2025-09-01 15:04:50.239449+00:00,497,427.97
LA3294,4089,4240,3492,2025-08-01 07:21:50+00:00,2025-08-01 18:23:30.925158+00:00,332,2064.26
G34790,2343,266,2185,2026-04-12 09:56:40+00:00,2026-04-12 16:45:41.390749+00:00,428,981.51
QR4255,2183,2474,1829,2025-10-07 10:58:22+00:00,2025-10-07 20:17:21.626505+00:00,71,2257.88
SQ2499,4346,184,1777,2025-07-01 03:50:05+00:00,2025-07-01 11:45:16.646348+00:00,866,2069.85
EK4208,98,1232,4273,2025-09-15 22:10:34+00:00,2025-09-16 11:20:37.147667+00:00,258,2210.73
AD5623,441,310,599,2025-10-05 21:46:55+00:00,2025-10-06 05:44:05.891558+00:00,141,570.67
SQ5243,629,592,3695,2026-05-17 03:23:35+00:00,2026-05-17 12:59:30.517635+00:00,382,1532.09
BA8179,72,2854,3771,2025-09-22 01:23:41+00:00,2025-09-22 05:53:59.552724+00:00,458,438.25
LH7537,3247,952,907,2025-11-12 11:32:20+00:00,2025-11-13 00:28:28.103219+00:00,758,973.41
SQ9346,2457,364,2493,2026-05-15 19:53:09+00:00,2026-05-16 02:40:42.638873+00:00,102,780.43
BA9366,989,2320,4216,2025-06-10 08:19:28+00:00,2025-06-10 13:29:57.042910+00:00,384,1217.26
DL2161,4893,905,3340,2025-11-17 02:24:21+00:00,2025-11-17 11:02:36.714249+00:00,971,284.81
BA6208,3008,3494,3006,2026-02-17 13:30:06+00:00,2026-02-17 20:20:09.936018+00:00,885,1004.06
DL7911,1477,955,2266,2025-06-21 14:45:34+00:00,2025-06-21 23:41:56.591008+00:00,428,2221.03
QR9268,4526,2525,4306,2025-12-01 08:49:14+00:00,2025-12-01 19:59:47.157280+00:00,383,1846.94
AF2720,3764,830,4241,2026-04-02 20:55:55+00:00,2026-04-03 06:30:02.992089+00:00,889,2306.53
QR3207,1256,44,468,2025-11-17 20:59:20+00:00,2025-11-18 02:55:25.627134+00:00,114,481.81
JJ1851,4393,4809,4174,2025-09-14 08:37:44+00:00,2025-09-14 17:43:34.653596+00:00,459,175.89
G36276,4240,677,764,2026-05-27 20:23:02+00:00,2026-05-28 09:56:12.856519+00:00,538,1700.49
AF529,2576,3912,1392,2026-05-20 04:57:07+00:00,2026-05-20 16:35:52.219521+00:00,990,318.36
EK218,2456,4781,114,2026-06-03 11:46:36+00:00,2026-06-03 15:11:43.066693+00:00,939,1897.96
BA6120,3596,1001,808,2026-02-07 19:01:13+00:00,2026-02-08 04:58:33.390517+00:00,115,644.09
AF4456,4646,3377,3563,2026-01-26 06:53:06+00:00,2026-01-26 18:19:14.821925+00:00,871,2251.72
TP1434,619,1753,1518,2025-06-13 00:29:22+00:00,2025-06-13 03:45:47.023417+00:00,39,1216.5
LH4643,4475,2152,3635,2025-08-28 09:04:22+00:00,2025-08-28 16:34:41.469454+00:00,316,358.71
BA7987,1490,2031,216,2026-03-03 09:02:05+00:00,2026-03-03 18:36:08.997643+00:00,676,1762.43
BA7374,4339,3205,1822,2026-05-26 17:32:02+00:00,2026-05-26 23:47:59.596961+00:00,599,329.98
TP5214,4504,1040,1744,2025-12-03 21:36:55+00:00,2025-12-04 02:33:10.491702+00:00,170,851.59
JJ4249,1566,2858,1713,2026-01-09 08:27:43+00:00,2026-01-09 14:51:46.139534+00:00,122,177.54
AD4066,3396,1897,974,2026-04-16 12:35:20+00:00,2026-04-16 16:41:22.872824+00:00,245,2497.33
AF4603,1370,4272,3741,2025-07-01 04:48:26+00:00,2025-07-01 11:36:30.679700+00:00,346,2250.6
BA197,640,380,4378,2025-12-21 06:11:59+00:00,2025-12-21 08:51:25.118078+00:00,462,73.93
AF4156,3736,4239,326,2026-01-25 10:02:17+00:00,2026-01-25 20:33:30.477582+00:00,959,992.31
QR5281,2510,961,521,2025-10-02 13:11:28+00:00,2025-10-02 14:13:54.149075+00:00,97,2466.88
LA9655,4483,4764,990,2025-09-29 02:17:12+00:00,2025-09-29 12:34:13.538130+00:00,192,1119.76
JJ1592,552,4196,1348,2026-01-22 09:26:39+00:00,2026-01-22 12:34:15.229912+00:00,311,702.48
EK4306,1233,1887,133,2026-01-28 19:17:42+00:00,2026-01-29 08:09:15.037886+00:00,97,1356.36
LA3779,3068,4141,407,2025-12-12 16:52:05+00:00,2025-12-13 03:04:30.348918+00:00,281,806.34
AD6951,1384,3702,2026,2025-06-17 19:04:55+00:00,2025-06-17 21:57:55.962795+00:00,754,2063.28
QR481,4264,3209,3728,2025-11-28 14:03:52+00:00,2025-11-29 01:17:23.561074+00:00,723,1313.75
JJ2113,4766,3380,3349,2025-06-13 06:30:54+00:00,2025-06-13 10:32:40.694116+00:00,755,1061.1
UA7172,2809,1808,1559,2025-10-01 12:11:12+00:00,2025-10-01 15:37:30.085076+00:00,198,1860.71
EK8631,2485,2445,2171,2026-03-28 20:44:35+00:00,2026-03-28 22:57:19.986384+00:00,884,627.78
G34865,3825,21,2556,2025-10-12 10:13:40+00:00,2025-10-13 00:13:23.804658+00:00,378,441.88
AD8976,3879,3682,701,2026-05-23 23:54:01+00:00,2026-05-24 06:09:35.091601+00:00,153,933.45
SQ6132,545,1732,2692,2026-03-05 02:14:03+00:00,2026-03-05 11:59:30.740470+00:00,214,1524.09
LH3610,4791,1866,2705,2025-09-18 11:17:02+00:00,2025-09-18 20:28:29.548371+00:00,739,1972.37
EK5790,282,3516,1870,2026-01-06 07:42:55+00:00,2026-01-06 15:14:39.376248+00:00,219,856.72
LA6740,4468,2599,2566,2026-04-06 13:40:07+00:00,2026-04-07 01:01:50.417920+00:00,719,1816.99
G31884,999,4450,3405,2026-04-05 04:17:50+00:00,2026-04-05 17:09:48.213771+00:00,166,1704.85
DL636,2452,738,902,2025-08-10 11:32:53+00:00,2025-08-10 19:52:14.354920+00:00,603,1964.8
QR7927,4071,1598,4551,2025-07-20 22:57:31+00:00,2025-07-21 02:39:41.181000+00:00,204,1232.16
G33444,1974,2880,546,2025-09-02 16:48:27+00:00,2025-09-02 19:26:15.628413+00:00,303,2308.68
LA5499,2083,4063,4947,2025-10-08 01:06:00+00:00,2025-10-08 13:13:03.251940+00:00,271,1816.13
AD6307,2620,2186,2394,2026-05-29 11:05:12+00:00,2026-05-29 14:33:21.233328+00:00,833,1579.95
BA4286,4041,3681,676,2026-02-17 14:13:55+00:00,2026-02-17 22:35:42.479915+00:00,778,1695.81
BA5880,4889,4018,2800,2025-09-21 05:18:01+00:00,2025-09-21 07:12:41.856297+00:00,868,276.74
LA6046,4859,1583,1526,2026-02-24 15:06:40+00:00,2026-02-24 23:55:07.074576+00:00,519,876.34
AD1584,3033,1919,3798,2026-01-14 20:31:30+00:00,2026-01-15 07:15:21.519803+00:00,841,295.58
JJ8439,3216,489,4725,2025-12-05 01:24:43+00:00,2025-12-05 12:59:29.458148+00:00,268,892.58
AA1723,2173,4986,14,2026-04-02 10:07:30+00:00,2026-04-02 12:40:07.430565+00:00,227,285.77
LA9793,2057,4966,4537,2026-03-05 16:00:10+00:00,2026-03-06 04:16:01.773293+00:00,865,2058.06
JJ8339,21,3792,4672,2025-10-19 06:44:40+00:00,2025-10-19 18:02:41.504005+00:00,790,1514.23
QR592,1761,3216,1206,2026-01-08 09:45:42+00:00,2026-01-08 12:39:10.133319+00:00,111,545.83
AA9997,17,90,1498,2026-03-05 05:52:04+00:00,2026-03-05 10:07:46.504288+00:00,737,1617.18
TP237,1295,4834,853,2026-01-14 22:50:48+00:00,2026-01-15 07:36:27.191350+00:00,358,2048.15
QR2464,1561,1531,790,2026-04-19 00:35:38+00:00,2026-04-19 13:54:48.101615+00:00,166,1145.29
TP7749,892,4528,17,2025-08-16 13:34:52+00:00,2025-08-16 21:08:24.729023+00:00,507,1860.43
SQ5335,1904,2419,4297,2025-10-26 00:59:35+00:00,2025-10-26 07:16:56.769198+00:00,277,209.01
TP5525,1537,4850,4543,2025-08-19 04:03:17+00:00,2025-08-19 05:55:28.050991+00:00,105,431.49
IB308,1583,310,49,2025-12-14 16:13:52+00:00,2025-12-14 23:52:29.791137+00:00,259,2472.72
BA7776,2466,1656,3771,2025-09-30 19:56:27+00:00,2025-10-01 08:53:51.888741+00:00,487,946.61
AA6271,1371,3767,542,2026-01-08 02:31:16+00:00,2026-01-08 04:30:24.437857+00:00,691,1999.74
AF382,4267,2304,909,2026-05-06 12:54:20+00:00,2026-05-06 13:54:27.905152+00:00,142,1894.51
UA513,1638,1246,1995,2025-11-13 09:57:10+00:00,2025-11-13 13:12:34.388053+00:00,130,2001.09
EK2166,2913,3712,3800,2026-03-24 18:38:09+00:00,2026-03-25 06:30:51.524726+00:00,343,334.71
LH7020,4570,3231,1644,2025-07-05 17:26:01+00:00,2025-07-05 23:01:46.696882+00:00,985,1819.21
AA988,3513,1512,3712,2025-08-09 23:56:51+00:00,2025-08-10 13:10:08.685464+00:00,588,1836.4
LH9498,1979,1769,2831,2026-03-29 07:39:27+00:00,2026-03-29 12:59:35.368872+00:00,915,1096.67
BA4417,2729,2077,3701,2026-02-06 06:57:44+00:00,2026-02-06 15:31:10.743951+00:00,541,2253.05
BA5092,3702,4268,698,2026-04-25 00:28:33+00:00,2026-04-25 11:35:34.835161+00:00,359,1255.89
G39013,4221,3064,258,2026-02-28 21:27:35+00:00,2026-03-01 09:42:36.666759+00:00,1000,744.37
QR7747,4711,1769,4600,2026-03-18 01:40:33+00:00,2026-03-18 03:25:31.247926+00:00,562,716.68
AF4496,4493,1756,2598,2026-04-27 07:48:06+00:00,2026-04-27 09:54:48.010003+00:00,285,180.47
JJ4609,2472,4171,547,2025-10-14 16:39:38+00:00,2025-10-14 21:20:44.072740+00:00,856,1206.35
BA6247,4590,1065,1362,2025-10-08 16:06:38+00:00,2025-10-09 02:38:29.968476+00:00,873,1312.16
G33439,2639,1562,108,2025-10-13 20:23:31+00:00,2025-10-14 04:42:19.719165+00:00,799,1669.37
AD7464,2819,16,1829,2026-02-14 21:12:13+00:00,2026-02-15 08:19:05.175029+00:00,203,2015.76
AF2526,539,2569,503,2026-01-24 17:17:19+00:00,2026-01-24 18:38:44.849908+00:00,911,1979.67
IB5926,2254,284,3456,2026-04-29 15:51:55+00:00,2026-04-29 23:43:45.465763+00:00,738,890.91
SQ5848,4,2316,2738,2025-08-11 19:28:49+00:00,2025-08-11 21:36:41.107918+00:00,830,1702.27
SQ7629,3606,4437,457,2025-08-14 16:40:00+00:00,2025-08-15 02:20:20.515657+00:00,6,455.75
LH9401,2926,3886,1445,2025-07-01 22:23:50+00:00,2025-07-02 02:42:46.046756+00:00,747,1520.8
DL7337,3682,3417,3753,2026-02-28 22:11:36+00:00,2026-03-01 04:32:51.366023+00:00,193,488.13
LH8878,2180,2065,2319,2025-09-28 06:29:21+00:00,2025-09-28 14:04:09.656940+00:00,445,2427.54
TP476,4417,3237,3992,2025-11-05 05:06:33+00:00,2025-11-05 17:46:17.741267+00:00,816,508.79
TP850,2335,1749,874,2025-08-19 11:33:03+00:00,2025-08-19 17:53:24.000259+00:00,937,1733.93
AD8165,1358,2013,2367,2026-02-07 14:41:07+00:00,2026-02-07 17:19:06.196273+00:00,689,2061.25
EK6956,2415,2836,2710,2026-05-25 14:47:42+00:00,2026-05-26 04:14:29.877918+00:00,415,2445.58
QR994,2405,2684,978,2026-03-24 04:56:07+00:00,2026-03-24 16:38:42.724366+00:00,328,639.83
JJ5535,1432,3777,3430,2026-03-04 20:37:20+00:00,2026-03-05 02:12:50.726463+00:00,484,948.21
IB1236,2250,4027,2933,2025-07-24 19:22:40+00:00,2025-07-25 07:06:13.737488+00:00,405,2338.4
TP7667,2036,4453,169,2026-04-15 20:22:34+00:00,2026-04-15 23:56:18.679411+00:00,142,1846.45
LA3809,1315,4229,171,2026-05-12 04:36:17+00:00,2026-05-12 08:34:17.509757+00:00,493,1695.83
QR9223,4940,1097,800,2026-05-27 20:18:08+00:00,2026-05-27 21:33:22.130849+00:00,35,1912.84
AA3326,704,4306,232,2025-12-28 14:15:58+00:00,2025-12-28 19:22:06.625567+00:00,405,2340.64
QR2248,4537,2727,1110,2025-12-02 16:25:28+00:00,2025-12-02 23:41:49.770144+00:00,592,2144.58
LA8440,4879,4420,138,2026-04-15 04:10:45+00:00,2026-04-15 09:41:52.607622+00:00,44,1467.86
QR3103,4158,4764,1891,2026-01-01 06:23:19+00:00,2026-01-01 09:06:22.936395+00:00,964,1647.65
EK9509,2665,495,3334,2026-02-28 07:23:27+00:00,2026-02-28 18:21:47.943486+00:00,383,2222.77
LH1274,4977,2013,781,2026-05-07 20:19:43+00:00,2026-05-08 07:54:06.319072+00:00,485,1994.93
BA447,2066,3229,3164,2026-05-15 22:03:06+00:00,2026-05-16 01:31:40.799150+00:00,113,212.54
DL4122,1458,1049,1274,2025-07-21 06:12:40+00:00,2025-07-21 12:43:37.201357+00:00,911,1429.7
SQ3238,2090,3299,3664,2026-05-29 09:43:07+00:00,2026-05-29 17:42:33.784903+00:00,541,1866.39
G34102,3984,3316,1077,2025-07-02 09:18:26+00:00,2025-07-02 16:44:39.971051+00:00,145,1203.99
TP3069,951,49,4767,2025-11-14 18:17:45+00:00,2025-11-15 08:02:45.564713+00:00,101,250.7
AF5226,3055,1427,3941,2025-07-23 19:04:28+00:00,2025-07-24 08:24:12.337809+00:00,133,1497.99
TP7054,1442,816,1120,2025-10-07 02:42:15+00:00,2025-10-07 11:33:09.061149+00:00,503,1834.69
UA6655,1141,4341,4957,2026-02-05 13:11:25+00:00,2026-02-06 01:35:21.499356+00:00,747,1130.18
UA8995,1173,1947,2221,2026-05-05 07:30:32+00:00,2026-05-05 13:38:39.980209+00:00,628,1276.16
G31134,133,1829,1000,2026-01-23 01:30:09+00:00,2026-01-23 09:40:11.473010+00:00,91,1269.25
UA5079,3050,4266,4157,2026-05-05 12:05:58+00:00,2026-05-05 14:30:07.033140+00:00,949,2316.08
QR6680,66,2768,630,2025-12-30 17:15:27+00:00,2025-12-31 02:51:46.336032+00:00,59,1532.57
AF5587,4522,685,4052,2026-02-10 00:50:16+00:00,2026-02-10 03:58:16.220419+00:00,582,383.95
LA5990,2428,2211,4805,2025-09-01 03:48:01+00:00,2025-09-01 11:00:24.138703+00:00,834,2495.61
AF579,62,4323,4521,2026-02-11 06:10:29+00:00,2026-02-11 15:16:10.368434+00:00,185,1502.61
UA1372,1392,1516,137,2026-03-27 04:28:21+00:00,2026-03-27 11:49:43.954255+00:00,967,1491.99
AF4110,2408,1228,4072,2026-04-14 14:08:50+00:00,2026-04-14 15:10:41.677493+00:00,262,1999.12
SQ4146,2147,4600,217,2026-01-13 02:56:10+00:00,2026-01-13 08:55:29.484392+00:00,321,1974.31
IB847,2028,4163,4123,2025-07-13 11:40:33+00:00,2025-07-13 23:07:49.497337+00:00,823,1970.24
QR2964,3696,69,2998,2025-08-27 03:40:42+00:00,2025-08-27 13:51:30.901867+00:00,566,1297.8
DL282,3810,3089,3795,2025-10-16 15:05:20+00:00,2025-10-16 18:27:26.021986+00:00,764,2282.79
BA1897,2314,1931,766,2025-06-25 15:20:06+00:00,2025-06-25 21:30:33.571960+00:00,689,1721.49
AD4882,2178,2396,3956,2025-12-16 09:05:02+00:00,2025-12-16 21:08:14.423685+00:00,851,505.97
EK429,798,1567,2910,2026-05-02 22:50:53+00:00,2026-05-03 12:40:06.050758+00:00,918,1524.97
LH4391,1774,987,982,2025-09-05 14:44:31+00:00,2025-09-05 17:50:42.201787+00:00,460,80.17
LA9785,1784,2375,93,2025-08-03 04:25:11+00:00,2025-08-03 18:00:26.531214+00:00,22,1740.3
AA9276,235,1433,3562,2026-05-23 11:37:07+00:00,2026-05-24 01:19:02.492749+00:00,651,1604.18
DL2620,3434,2540,331,2026-02-07 11:19:13+00:00,2026-02-07 22:47:06.006965+00:00,83,2307.83
QR1770,2121,1454,4661,2025-08-20 01:50:12+00:00,2025-08-20 03:53:51.931327+00:00,70,1480.7
AF8839,4188,1056,412,2026-04-03 08:19:28+00:00,2026-04-03 14:35:45.548492+00:00,512,1685.84
TP4804,4775,1065,1161,2025-07-30 02:41:46+00:00,2025-07-30 10:57:32.965192+00:00,50,2186.43
EK1161,4954,822,4285,2025-08-30 20:31:32+00:00,2025-08-31 08:42:22.341330+00:00,950,2352.28
UA1399,1792,3549,4426,2026-02-20 07:20:28+00:00,2026-02-20 19:40:28.617748+00:00,151,2119.56
JJ3483,2128,1951,301,2025-10-09 00:39:30+00:00,2025-10-09 10:54:28.571702+00:00,471,489.05
IB3704,3389,3949,4592,2026-01-19 00:53:14+00:00,2026-01-19 08:39:12.050623+00:00,539,1258.84
EK8697,4233,1942,4459,2025-07-04 00:36:39+00:00,2025-07-04 10:26:34.094005+00:00,559,2357.28
DL4399,4053,1763,1218,2026-03-13 17:12:43+00:00,2026-03-14 05:47:46.008234+00:00,481,1262.19
TP9885,4249,4099,2113,2025-11-09 21:56:24+00:00,2025-11-10 10:51:06.125409+00:00,48,450.71
JJ9643,1543,4614,2319,2026-02-05 07:58:17+00:00,2026-02-05 10:51:03.640870+00:00,62,1936.49
AA9462,3349,1875,3945,2025-10-31 04:41:07+00:00,2025-10-31 10:07:12.665350+00:00,32,1283.56
EK6483,454,3424,248,2026-02-14 12:30:26+00:00,2026-02-15 01:32:49.361373+00:00,24,2167.14
EK9568,1508,850,17,2026-05-10 06:32:42+00:00,2026-05-10 10:22:41.227755+00:00,101,139.29
EK9304,417,4394,2631,2026-04-28 10:02:10+00:00,2026-04-28 15:19:51.268987+00:00,914,1211.58
AD6650,2059,3235,2038,2025-07-13 08:18:29+00:00,2025-07-13 19:56:58.659799+00:00,954,1093.61
EK3114,1527,1780,4418,2025-06-24 14:39:37+00:00,2025-06-25 00:14:07.128237+00:00,488,1669.86
JJ1964,1830,1338,4669,2025-12-01 16:50:53+00:00,2025-12-02 06:33:30.818082+00:00,417,893.11
TP626,517,1876,3004,2026-05-09 13:00:11+00:00,2026-05-10 01:03:50.482991+00:00,800,552.98
TP4163,353,699,4154,2025-09-22 06:34:29+00:00,2025-09-22 19:44:06.979398+00:00,605,1967.67
SQ4813,305,1680,1199,2025-10-30 01:57:57+00:00,2025-10-30 03:32:44.340560+00:00,484,1137.7
AA8977,1830,2590,2700,2025-09-23 18:40:43+00:00,2025-09-24 02:31:43.330448+00:00,634,1261.7
SQ1379,2030,1470,3736,2026-03-22 15:04:40+00:00,2026-03-22 17:45:20.632165+00:00,487,152.75
AD2828,1079,1779,2277,2025-09-09 10:20:27+00:00,2025-09-09 14:01:49.261908+00:00,421,648.64
AA8300,3180,3675,3007,2025-08-24 08:13:39+00:00,2025-08-24 12:05:37.436541+00:00,257,265.21
TP5123,572,3642,1815,2026-01-27 16:22:15+00:00,2026-01-27 19:28:25.242248+00:00,974,2171.47
DL8801,334,577,1769,2026-04-04 21:41:18+00:00,2026-04-05 07:14:12.656484+00:00,287,1138.17
LH3023,4912,2557,2162,2026-01-31 04:16:41+00:00,2026-01-31 16:44:54.934726+00:00,929,172.21
UA3203,79,1496,4208,2026-04-01 02:03:15+00:00,2026-04-01 13:40:21.601617+00:00,341,1945.26
IB1461,3834,1415,998,2025-07-27 06:39:02+00:00,2025-07-27 19:22:44.717302+00:00,674,412.31
BA6622,4473,3041,4518,2025-06-07 09:20:32+00:00,2025-06-07 17:43:14.825802+00:00,61,2334.36
LH8205,4026,3421,4588,2026-04-26 17:45:36+00:00,2026-04-26 21:30:30.994475+00:00,282,2473.81
JJ5740,2987,2038,639,2026-04-15 02:30:07+00:00,2026-04-15 07:32:46.655724+00:00,418,284.54
JJ6033,3539,4977,1516,2025-11-16 07:26:40+00:00,2025-11-16 17:04:50.940034+00:00,66,145.0
SQ3819,3623,3824,3462,2025-07-20 17:11:08+00:00,2025-07-20 20:42:25.704987+00:00,235,306.33
LA5077,4160,222,4337,2026-04-08 10:41:12+00:00,2026-04-08 11:46:58.351150+00:00,304,713.73
LA3691,4750,2346,1533,2025-06-29 10:48:47+00:00,2025-06-29 21:20:48.517417+00:00,99,2035.23
IB9189,3353,4665,191,2025-06-25 00:32:19+00:00,2025-06-25 08:52:13.339051+00:00,513,444.47
LH3872,1767,2290,1329,2025-09-15 18:47:27+00:00,2025-09-16 00:44:29.699514+00:00,967,2095.56
AA3941,1592,1878,1303,2026-03-23 14:26:45+00:00,2026-03-24 00:54:50.715297+00:00,105,1773.75
IB1976,4728,4572,3274,2026-02-15 16:09:28+00:00,2026-02-15 18:38:59.610149+00:00,119,1814.57
G38775,2512,4994,997,2026-02-27 20:18:13+00:00,2026-02-28 08:38:07.406255+00:00,563,893.58
AA5171,1067,4666,2223,2026-01-03 07:08:42+00:00,2026-01-03 16:21:22.798842+00:00,479,1699.38
AF705,4483,2889,2435,2025-11-07 20:20:12+00:00,2025-11-08 05:14:02.217899+00:00,966,174.64
G35653,697,3029,3377,2025-10-06 11:10:36+00:00,2025-10-07 00:46:13.102081+00:00,774,1472.74
AA5048,3488,1702,988,2025-12-12 19:41:29+00:00,2025-12-13 05:17:05.565758+00:00,869,1252.83
TP1168,1479,1165,3513,2025-12-28 08:45:34+00:00,2025-12-28 15:31:47.307538+00:00,449,1904.27
G39592,2912,2558,3600,2025-08-11 21:05:58+00:00,2025-08-12 08:19:36.477275+00:00,428,2426.13
AF7648,1797,1298,4663,2026-01-30 00:00:01+00:00,2026-01-30 06:36:01.377029+00:00,447,425.13
G36103,2148,3341,1589,2026-05-29 16:53:20+00:00,2026-05-30 00:29:32.112814+00:00,315,834.0
LA7519,2716,4715,2908,2026-02-25 03:47:39+00:00,2026-02-25 14:01:27.548427+00:00,821,266.48
QR3350,3442,717,2825,2025-10-03 10:45:38+00:00,2025-10-04 00:40:43.787170+00:00,18,291.55
AF4796,3286,2465,861,2025-11-27 14:54:20+00:00,2025-11-27 16:02:47.294296+00:00,606,818.88
JJ460,738,2465,2576,2025-12-26 16:53:39+00:00,2025-12-27 03:47:46.309608+00:00,556,1511.23
BA1266,4030,3250,3043,2026-05-12 06:55:08+00:00,2026-05-12 11:07:15.395364+00:00,526,2221.25
SQ3316,1728,3040,1113,2026-04-26 08:39:15+00:00,2026-04-26 09:57:14.012353+00:00,611,74.97
AD7201,2176,4226,31,2025-12-09 06:00:02+00:00,2025-12-09 15:40:03.321049+00:00,972,1911.91
IB6288,2413,4921,139,2025-12-06 12:19:34+00:00,2025-12-06 13:53:08.157538+00:00,806,1433.59
DL7016,3118,2798,336,2025-10-10 07:28:35+00:00,2025-10-10 19:13:53.641862+00:00,673,334.11
LA1567,1469,4131,986,2025-10-08 01:36:34+00:00,2025-10-08 07:41:18.201484+00:00,222,582.43
LA4378,3171,3979,1145,2025-06-06 00:33:31+00:00,2025-06-06 03:55:06.910497+00:00,690,897.95
UA9020,2999,775,3465,2025-11-27 13:49:31+00:00,2025-11-28 00:58:19.280578+00:00,641,1786.6
JJ2200,750,1696,1107,2025-07-14 03:52:39+00:00,2025-07-14 06:35:59.046921+00:00,363,617.69
TP9341,4390,2840,2049,2025-12-20 05:41:26+00:00,2025-12-20 14:11:16.318598+00:00,926,1763.25
AA6235,1964,791,4835,2025-07-03 08:08:43+00:00,2025-07-03 11:01:58.774405+00:00,142,2390.19
IB8451,3338,521,2215,2026-02-21 01:04:28+00:00,2026-02-21 04:15:27.881761+00:00,229,1631.08
AF200,4664,923,131,2025-06-09 07:28:42+00:00,2025-06-09 18:49:20.299168+00:00,662,2281.51
LH1709,660,8,4708,2025-08-11 09:22:33+00:00,2025-08-11 18:51:57.685556+00:00,400,1694.61
G34499,2764,2444,594,2025-10-26 13:30:12+00:00,2025-10-26 16:36:16.320056+00:00,82,842.25
BA2747,970,334,955,2025-10-14 00:08:40+00:00,2025-10-14 01:43:48.971273+00:00,855,1361.4
DL6447,4962,1938,743,2026-02-09 22:40:22+00:00,2026-02-10 00:44:24.763260+00:00,24,1201.53
IB3183,4442,460,226,2026-03-08 14:04:25+00:00,2026-03-08 22:27:26.645083+00:00,709,879.47
DL6125,1504,626,739,2025-06-18 16:08:01+00:00,2025-06-18 18:10:14.646400+00:00,555,1067.68
G32469,2769,595,921,2025-12-30 22:56:42+00:00,2025-12-31 11:04:23.912350+00:00,438,861.04
EK9042,456,43,4102,2025-09-27 21:32:23+00:00,2025-09-27 22:40:18.587923+00:00,189,467.07
IB1113,4352,1097,440,2026-03-24 12:44:42+00:00,2026-03-24 18:45:57.210946+00:00,494,742.7
IB1549,3157,4698,2562,2025-08-30 17:45:00+00:00,2025-08-31 02:20:26.971482+00:00,154,1915.4
LH6855,423,1983,3927,2025-08-05 22:02:46+00:00,2025-08-06 08:40:01.725903+00:00,273,1203.54
BA5115,420,3056,2902,2025-08-19 05:59:18+00:00,2025-08-19 16:51:25.794510+00:00,900,2019.01
JJ8244,2334,3590,2366,2025-09-24 07:05:57+00:00,2025-09-24 17:55:13.614580+00:00,71,1421.87
JJ8796,4797,3382,982,2025-09-17 00:36:33+00:00,2025-09-17 12:21:23.404261+00:00,106,655.9
G31316,2319,2375,3748,2026-01-14 05:13:10+00:00,2026-01-14 12:48:11.619602+00:00,662,980.12
JJ3293,4264,2825,27,2025-12-01 01:32:31+00:00,2025-12-01 03:34:34.993888+00:00,646,1085.25
AD3881,3305,982,4187,2026-04-03 10:29:17+00:00,2026-04-03 16:56:02.286301+00:00,424,1865.01
AD2832,3555,2386,3242,2025-08-03 05:29:22+00:00,2025-08-03 13:39:01.835774+00:00,337,951.02
LH2415,4812,2895,3852,2025-12-10 23:14:48+00:00,2025-12-11 12:00:18.254265+00:00,72,2233.06
SQ9997,2404,20,1172,2026-04-17 20:35:01+00:00,2026-04-17 22:11:21.711126+00:00,793,132.47
JJ1062,1263,2825,3612,2025-10-17 19:36:42+00:00,2025-10-17 23:18:30.531341+00:00,384,1926.79
EK5799,420,2215,1363,2026-02-08 13:04:58+00:00,2026-02-08 21:41:04.868058+00:00,546,1737.42
AA868,3594,1612,70,2026-05-24 00:26:43+00:00,2026-05-24 10:51:43.623531+00:00,469,1767.74
UA7489,1019,1617,3077,2025-10-24 03:30:32+00:00,2025-10-24 07:41:21.137256+00:00,409,2292.64
IB6433,531,4519,1856,2025-10-07 16:25:19+00:00,2025-10-07 20:22:20.136431+00:00,353,2465.55
UA6103,4963,2210,233,2025-11-17 05:48:10+00:00,2025-11-17 10:07:32.075686+00:00,177,1779.27
UA3309,3918,4424,3866,2025-11-26 06:45:44+00:00,2025-11-26 19:28:48.491794+00:00,153,75.03
JJ9956,1539,3054,1626,2026-04-17 16:03:24+00:00,2026-04-17 22:39:04.340115+00:00,638,642.99
LA6701,2768,4213,4601,2026-02-19 21:06:18+00:00,2026-02-20 00:30:20.738854+00:00,684,2175.09
AF8195,1360,1941,3001,2026-03-06 03:23:33+00:00,2026-03-06 14:25:40.180748+00:00,654,855.73
SQ6617,2279,328,3359,2025-06-27 05:27:10+00:00,2025-06-27 08:15:50.152190+00:00,995,2477.31
QR8407,2201,1600,1189,2025-12-08 02:21:46+00:00,2025-12-08 08:42:55.653198+00:00,298,870.56
AF2798,3969,1071,2570,2026-04-10 22:42:29+00:00,2026-04-11 02:01:27.305654+00:00,212,388.07
QR4229,684,4046,4323,2025-06-27 06:08:36+00:00,2025-06-27 18:16:50.808227+00:00,859,231.64
UA4703,3970,648,1913,2026-01-17 04:34:54+00:00,2026-01-17 06:27:52.119720+00:00,691,1863.71
IB9968,3591,2129,443,2025-07-06 02:44:12+00:00,2025-07-06 09:54:29.417233+00:00,182,2455.33
LH3788,2576,3762,167,2026-03-06 20:15:36+00:00,2026-03-07 02:58:07.295085+00:00,425,2005.47
IB1148,2779,2986,283,2026-02-08 05:33:48+00:00,2026-02-08 09:02:07.953502+00:00,153,2358.27
AA6752,3139,3617,4889,2025-11-12 02:56:04+00:00,2025-11-12 11:04:36.355976+00:00,935,1587.04
SQ3118,1017,1038,792,2025-07-02 21:19:53+00:00,2025-07-02 23:17:08.071231+00:00,882,320.59
EK8376,3466,3950,2430,2025-12-07 14:26:24+00:00,2025-12-07 17:10:30.268988+00:00,540,683.52
AF5523,2702,3556,4700,2025-06-19 07:35:41+00:00,2025-06-19 12:56:29.235712+00:00,151,1810.5
AF1785,217,26,3307,2026-05-29 20:05:50+00:00,2026-05-29 23:58:38.649837+00:00,903,1920.31
TP1293,3129,4546,4757,2026-04-03 12:46:35+00:00,2026-04-04 00:26:11.084853+00:00,766,1393.64
AD8758,2558,1864,820,2025-12-27 08:42:40+00:00,2025-12-27 11:58:21.539687+00:00,511,74.78
JJ8150,691,4686,641,2026-04-14 01:03:50+00:00,2026-04-14 06:52:07.303851+00:00,112,495.65
QR6473,4461,2212,2591,2026-05-25 03:06:42+00:00,2026-05-25 14:24:56.444027+00:00,912,1057.62
AA5434,1879,4434,189,2026-04-30 09:01:55+00:00,2026-04-30 12:57:12.574139+00:00,425,279.35
BA2982,1046,1159,1279,2026-05-14 11:43:56+00:00,2026-05-14 13:48:59.258405+00:00,240,867.19
AA3812,1350,2544,668,2026-03-19 02:06:55+00:00,2026-03-19 04:13:41.462977+00:00,123,2225.12
JJ7294,854,3364,1408,2025-09-18 17:26:05+00:00,2025-09-19 01:51:59.483155+00:00,714,891.7
EK760,4207,4591,2666,2026-04-19 21:06:31+00:00,2026-04-19 23:49:46.991709+00:00,113,436.31
DL3627,3919,2477,4812,2026-05-31 14:45:05+00:00,2026-06-01 01:11:39.649773+00:00,598,1125.24
AA2179,4019,4383,913,2025-11-19 11:58:46+00:00,2025-11-19 19:24:05.235220+00:00,731,1091.9
LA4621,3491,3201,1636,2025-06-15 01:07:10+00:00,2025-06-15 06:15:36.715270+00:00,108,903.22
EK6519,4752,2936,6,2026-01-25 14:29:53+00:00,2026-01-26 02:12:40.786149+00:00,620,1952.23
DL8150,947,7,435,2025-09-26 10:34:41+00:00,2025-09-26 14:47:24.121865+00:00,593,2090.0
QR3770,1794,3240,85,2026-03-31 22:57:12+00:00,2026-04-01 04:51:32.278595+00:00,943,1074.51
UA9508,851,2614,4873,2025-10-16 01:56:15+00:00,2025-10-16 08:49:14.733300+00:00,166,1762.17
AF3550,2225,3686,2253,2025-11-03 22:22:12+00:00,2025-11-04 08:51:13.792893+00:00,977,1711.15
DL1654,1476,3519,1702,2025-12-08 21:45:52+00:00,2025-12-09 06:15:36.670933+00:00,25,1418.47
EK521,2658,3202,2035,2025-10-23 00:49:57+00:00,2025-10-23 03:56:05.865589+00:00,571,190.51
LH1230,3430,830,4440,2026-01-05 09:18:11+00:00,2026-01-05 19:34:42.007390+00:00,595,2377.08
LH2482,4692,3930,2320,2025-06-11 02:28:46+00:00,2025-06-11 09:26:36.464464+00:00,377,2167.35
IB8255,4042,134,3832,2026-04-10 16:56:11+00:00,2026-04-10 20:28:07.074600+00:00,413,2111.02
UA2269,2622,4584,4386,2026-02-09 10:06:16+00:00,2026-02-09 20:06:35.803943+00:00,240,1917.91
TP3945,4744,2414,1012,2026-01-15 08:18:55+00:00,2026-01-15 21:20:26.395310+00:00,307,680.3
LH9453,2926,3519,4604,2026-03-20 22:57:54+00:00,2026-03-21 11:40:11.712845+00:00,498,366.8
JJ604,2208,3497,4655,2025-10-02 10:11:05+00:00,2025-10-02 16:46:48.489003+00:00,600,2266.28
AF6176,1657,895,2354,2026-05-16 06:19:40+00:00,2026-05-16 11:03:59.155407+00:00,462,1616.05
AF3008,108,2877,4190,2026-01-01 09:35:40+00:00,2026-01-01 20:27:12.751357+00:00,799,1298.75
UA1405,1030,2877,4859,2025-08-27 00:01:20+00:00,2025-08-27 02:37:05.438183+00:00,429,1650.23
G38715,1363,4114,190,2026-02-23 23:10:25+00:00,2026-02-24 12:00:14.762395+00:00,970,400.76
JJ3914,2024,1455,2338,2025-06-12 07:50:32+00:00,2025-06-12 11:56:15.401346+00:00,871,569.08
AF9851,2670,2559,1455,2026-05-22 17:13:19+00:00,2026-05-23 02:37:43.144151+00:00,841,2438.46
JJ8800,2003,3134,2112,2025-06-29 01:26:42+00:00,2025-06-29 03:44:11.439555+00:00,955,441.66
AF7693,4865,1901,3370,2025-08-20 16:38:44+00:00,2025-08-20 18:53:43.172220+00:00,861,691.32
AA9694,1047,1519,1778,2025-08-20 06:22:27+00:00,2025-08-20 10:59:01.054634+00:00,434,66.42
AA2387,2521,4802,973,2026-01-21 14:41:14+00:00,2026-01-21 20:29:55.578318+00:00,370,2272.16
G38172,4021,2521,4774,2026-04-30 07:37:39+00:00,2026-04-30 14:28:33.538607+00:00,367,98.36
SQ4446,1875,1236,1480,2025-10-12 23:18:37+00:00,2025-10-13 03:19:21.671362+00:00,7,138.41
TP8502,3772,1535,3129,2026-05-13 04:16:14+00:00,2026-05-13 14:17:41.696020+00:00,653,1506.16
AD9648,4442,3506,2968,2026-01-11 20:13:39+00:00,2026-01-12 03:15:08.163076+00:00,750,910.38
QR2094,586,338,2815,2025-06-19 07:42:05+00:00,2025-06-19 10:07:33.532776+00:00,634,810.87
G34104,4647,3271,1036,2025-12-01 04:58:20+00:00,2025-12-01 16:14:26.423819+00:00,790,1779.87
LH6153,2111,1598,3744,2026-02-21 08:58:03+00:00,2026-02-21 10:08:07.574603+00:00,820,417.51
AD9566,1180,4772,2196,2025-10-12 00:22:16+00:00,2025-10-12 04:45:49.617585+00:00,885,2130.74
BA7665,1837,1303,802,2025-09-26 06:45:21+00:00,2025-09-26 08:29:20.133464+00:00,709,2250.96
LA1459,1913,2179,4870,2026-05-08 09:18:46+00:00,2026-05-08 21:16:50.728059+00:00,919,843.15
IB4414,1079,4859,2230,2026-03-01 10:27:20+00:00,2026-03-01 23:15:21.175157+00:00,153,958.97
TP8810,3801,4095,831,2026-03-12 15:59:05+00:00,2026-03-12 22:32:33.705997+00:00,141,2427.74
UA7453,2870,2273,4589,2025-07-06 16:16:02+00:00,2025-07-06 22:36:59.204289+00:00,298,1890.42
AF5434,3491,4290,1406,2025-07-01 18:49:37+00:00,2025-07-02 07:38:44.320838+00:00,751,145.92
AF7084,193,3331,1328,2026-05-17 02:28:02+00:00,2026-05-17 09:30:46.042924+00:00,68,814.19
DL8804,3702,3547,4950,2026-01-06 12:51:58+00:00,2026-01-06 19:04:46.923927+00:00,989,900.51
G35732,1327,3339,1337,2026-03-31 00:54:00+00:00,2026-03-31 02:22:22.830831+00:00,40,944.1
EK5146,708,916,738,2025-08-16 07:32:12+00:00,2025-08-16 11:08:05.103961+00:00,621,1580.55
AA8752,2407,1259,4744,2025-08-02 05:14:36+00:00,2025-08-02 08:21:31.169862+00:00,169,938.5
JJ7749,2641,2356,4918,2025-09-21 13:50:02+00:00,2025-09-21 18:33:42.840554+00:00,64,1421.42
QR5945,3473,2130,4766,2025-07-17 19:43:04+00:00,2025-07-18 09:24:21.509636+00:00,16,2153.07
TP1282,2081,4064,1287,2025-06-11 04:42:53+00:00,2025-06-11 17:49:16.153784+00:00,490,1358.74
JJ3362,4074,3994,4800,2026-05-30 07:05:37+00:00,2026-05-30 17:47:07.024571+00:00,645,1107.61
DL926,4975,159,1171,2026-03-05 10:47:35+00:00,2026-03-05 14:13:10.477320+00:00,311,1296.87
SQ973,3776,1312,2933,2025-07-24 06:36:23+00:00,2025-07-24 08:31:29.288470+00:00,538,1914.48
JJ2815,1469,827,1688,2026-03-25 02:22:02+00:00,2026-03-25 06:24:26.616052+00:00,731,2268.75
QR3792,16,333,4972,2025-09-17 08:37:39+00:00,2025-09-17 15:52:49.296329+00:00,806,883.99
TP5341,3575,883,3507,2025-11-14 12:11:06+00:00,2025-11-14 18:05:11.913593+00:00,544,2288.8
IB6165,178,3249,4912,2025-09-25 08:12:06+00:00,2025-09-25 11:02:39.355891+00:00,272,88.51
BA3833,3463,1032,1738,2025-06-07 07:01:45+00:00,2025-06-07 10:06:25.125665+00:00,333,2417.09
JJ5683,2211,1682,3185,2025-10-28 04:28:10+00:00,2025-10-28 09:26:38.527851+00:00,372,1636.97
AA1306,3346,3577,1972,2025-08-29 10:11:48+00:00,2025-08-29 16:14:13.352961+00:00,261,356.31
G32334,72,147,2008,2025-09-24 15:40:25+00:00,2025-09-24 23:38:47.551247+00:00,50,1330.84
SQ460,4550,1952,329,2026-01-27 08:20:21+00:00,2026-01-27 12:58:56.077642+00:00,175,1676.3
AD9492,552,4033,3129,2025-12-23 21:55:02+00:00,2025-12-24 09:25:47.228370+00:00,452,1496.74
AF6906,3343,2344,1601,2026-04-16 23:05:12+00:00,2026-04-17 11:18:17.485790+00:00,835,466.06
QR9210,1172,1233,2315,2026-04-22 14:12:15+00:00,2026-04-22 17:17:13.353284+00:00,5,279.34
QR8696,3850,2598,4676,2026-02-05 08:30:06+00:00,2026-02-05 13:26:43.546056+00:00,378,265.07
DL3055,1918,4127,2323,2026-02-05 14:39:10+00:00,2026-02-05 20:06:05.147606+00:00,105,196.13
G35157,1267,3743,267,2026-01-24 06:40:45+00:00,2026-01-24 17:06:03.138056+00:00,194,1584.3
EK8731,474,1959,609,2025-06-23 10:12:01+00:00,2025-06-23 14:00:38.545843+00:00,841,1923.17
EK7971,3318,2169,2200,2026-02-10 08:16:30+00:00,2026-02-10 19:11:23.487269+00:00,489,1712.61
EK2823,1191,3946,3559,2025-09-08 13:45:53+00:00,2025-09-08 19:07:38.321422+00:00,553,1372.44
G3614,3818,3279,1194,2026-05-29 07:35:03+00:00,2026-05-29 11:46:31.612883+00:00,524,1133.8
IB8679,4955,1205,2509,2025-06-28 03:21:40+00:00,2025-06-28 07:30:56.684220+00:00,453,81.54
IB6103,2499,1575,4146,2026-01-25 07:51:42+00:00,2026-01-25 16:19:49.058910+00:00,13,1039.01
EK3076,2253,1949,4963,2025-06-19 03:22:02+00:00,2025-06-19 11:03:47.460316+00:00,927,1575.15
QR5365,2836,3445,1173,2026-03-10 10:08:32+00:00,2026-03-10 19:56:17.417797+00:00,918,2074.45
DL6809,2642,2314,4053,2025-07-27 19:59:51+00:00,2025-07-28 02:30:05.817468+00:00,331,765.79
IB3996,326,2411,841,2025-10-22 00:41:53+00:00,2025-10-22 02:15:19.014316+00:00,552,2476.37
AA5596,4061,3252,274,2025-07-09 04:29:05+00:00,2025-07-09 09:08:27.196393+00:00,978,2066.63
AD3817,2202,3858,4363,2025-07-12 03:17:42+00:00,2025-07-12 10:38:14.068712+00:00,92,234.75
BA7230,1658,2774,4017,2026-01-09 19:33:04+00:00,2026-01-10 07:20:02.371579+00:00,428,1934.07
BA9393,1802,3883,1557,2025-06-08 04:03:21+00:00,2025-06-08 13:59:43.296563+00:00,340,1855.95
IB4404,3315,2568,2179,2025-07-28 01:16:56+00:00,2025-07-28 13:09:22.782312+00:00,49,520.18
JJ5147,453,1066,407,2025-09-26 05:13:14+00:00,2025-09-26 10:13:49.810097+00:00,291,606.3
TP6999,1478,476,2638,2026-05-30 02:32:29+00:00,2026-05-30 11:05:47.389587+00:00,801,74.89
UA9213,1341,139,1528,2025-09-19 12:14:44+00:00,2025-09-20 00:12:52.133266+00:00,79,1957.76
LA1296,660,1383,3784,2026-04-20 06:03:49+00:00,2026-04-20 07:17:47.061083+00:00,855,958.44
QR7180,2464,2987,4528,2026-05-17 17:02:14+00:00,2026-05-17 23:28:26.839265+00:00,59,1913.48
AA761,1329,2557,4003,2026-04-28 22:32:57+00:00,2026-04-29 03:25:24.742024+00:00,739,2056.48
TP4460,4763,963,306,2025-07-04 07:25:48+00:00,2025-07-04 09:53:35.291423+00:00,166,1378.6
G3160,570,98,2621,2025-08-15 17:10:56+00:00,2025-08-15 21:15:32.287753+00:00,981,2323.17
EK9093,860,1731,3190,2025-11-03 04:21:45+00:00,2025-11-03 16:03:28.828147+00:00,229,280.66
BA5394,1286,2147,1415,2026-03-04 12:19:52+00:00,2026-03-04 22:06:26.207259+00:00,570,1563.05
DL4406,28,820,835,2025-07-04 18:26:31+00:00,2025-07-04 21:44:18.292433+00:00,804,1114.12
JJ8065,4011,2850,535,2025-11-13 22:32:53+00:00,2025-11-14 07:54:04.410615+00:00,418,2366.46
JJ7971,1981,4205,4817,2025-12-02 03:58:07+00:00,2025-12-02 05:44:16.497570+00:00,776,1882.68
LA4760,2285,4642,3154,2025-07-26 16:47:12+00:00,2025-07-26 19:54:40.953628+00:00,839,694.31
IB9507,4140,456,4369,2026-05-06 02:51:57+00:00,2026-05-06 10:36:34.520774+00:00,485,811.66
LH7997,1231,3316,1524,2025-11-17 22:35:08+00:00,2025-11-18 03:19:42.921536+00:00,353,747.11
G33759,1656,248,3327,2025-12-23 16:08:42+00:00,2025-12-24 00:17:51.922556+00:00,12,1847.5
SQ7923,996,508,1190,2026-02-12 04:13:01+00:00,2026-02-12 08:20:01.592490+00:00,705,1811.98
BA137,1016,4376,3587,2026-05-25 06:50:46+00:00,2026-05-25 08:38:04.279958+00:00,26,1040.46
AF3162,912,457,1512,2025-12-05 13:53:35+00:00,2025-12-05 19:14:28.527744+00:00,775,748.78
EK5109,4429,2037,3106,2025-12-02 22:59:33+00:00,2025-12-03 12:36:13.501042+00:00,666,1556.92
UA5957,2790,4076,4223,2026-04-30 09:14:06+00:00,2026-04-30 22:22:04.282196+00:00,232,2107.61
LA5032,703,3590,4001,2026-04-26 17:47:10+00:00,2026-04-26 21:47:29.332572+00:00,334,2122.21
LA1601,307,746,70,2025-08-13 01:14:33+00:00,2025-08-13 04:38:18.761051+00:00,506,2304.65
BA5104,291,637,2007,2026-05-06 22:02:11+00:00,2026-05-07 10:40:06.290705+00:00,727,129.85
G38346,1232,3197,1756,2025-06-03 11:16:09+00:00,2025-06-04 00:07:24.202504+00:00,964,1349.18
DL1909,1922,1504,2406,2026-03-22 15:58:31+00:00,2026-03-23 03:04:39.995863+00:00,276,1523.4
IB764,2422,4750,2161,2026-02-13 12:56:56+00:00,2026-02-13 21:33:09.407602+00:00,104,1153.97
BA9814,1772,338,1229,2025-12-12 19:15:24+00:00,2025-12-13 08:07:59.598575+00:00,781,1009.94
LH5127,4874,1100,3178,2026-05-19 14:22:22+00:00,2026-05-19 22:25:32.636220+00:00,215,1944.96
G31982,1398,4014,4141,2026-03-08 01:08:03+00:00,2026-03-08 14:37:40.067696+00:00,67,1418.15
SQ5891,45,52,1723,2026-03-17 14:59:20+00:00,2026-03-18 00:09:56.436008+00:00,289,918.87
TP5862,1212,4315,2984,2026-01-07 01:51:46+00:00,2026-01-07 14:18:56.409535+00:00,52,1529.29
G38771,1023,3633,2891,2026-04-07 09:56:59+00:00,2026-04-07 15:52:12.597145+00:00,625,75.55
TP2664,1874,717,133,2025-09-07 18:34:29+00:00,2025-09-08 00:07:00.752570+00:00,437,2325.64
IB5521,760,3195,1052,2026-02-03 19:11:10+00:00,2026-02-03 21:26:14.091287+00:00,164,1983.55
LH6804,3851,3747,4298,2025-07-23 03:47:37+00:00,2025-07-23 09:18:29.934552+00:00,258,248.95
G35332,4381,3903,4179,2025-09-24 05:48:44+00:00,2025-09-24 15:24:03.565124+00:00,526,2433.86
JJ7466,1483,3739,2823,2026-05-23 10:20:19+00:00,2026-05-23 17:00:28.472063+00:00,774,2024.47
BA7800,4161,422,4406,2025-12-30 02:18:49+00:00,2025-12-30 07:27:58.469317+00:00,402,780.01
QR2760,4542,3505,627,2025-08-26 22:22:44+00:00,2025-08-27 00:08:05.482444+00:00,504,2016.09
AD397,1771,4228,2047,2025-10-19 07:13:07+00:00,2025-10-19 15:38:17.444162+00:00,398,1993.7
IB5087,3732,99,3785,2025-11-09 02:15:31+00:00,2025-11-09 06:12:24.978419+00:00,406,1374.54
AD6227,854,117,4416,2026-04-13 09:59:11+00:00,2026-04-13 17:37:39.877212+00:00,896,1123.42
IB8910,4776,2505,2840,2025-07-17 09:28:51+00:00,2025-07-17 11:32:11.995197+00:00,676,1686.68
SQ7531,4487,1762,1368,2025-07-12 06:56:00+00:00,2025-07-12 11:26:41.491986+00:00,349,1976.52
AD6557,1180,3577,3746,2025-11-01 04:33:27+00:00,2025-11-01 07:22:41.311852+00:00,534,1383.58
BA9185,4552,811,2818,2026-03-11 16:05:14+00:00,2026-03-12 03:47:13.574621+00:00,903,240.18
UA8832,2167,979,3169,2026-02-26 14:29:52+00:00,2026-02-27 03:09:03.940253+00:00,361,990.77
G32492,4391,1260,1549,2026-02-02 01:42:54+00:00,2026-02-02 15:02:01.810429+00:00,917,1483.45
IB5655,4458,544,2353,2025-07-20 14:11:22+00:00,2025-07-21 03:11:29.852136+00:00,666,1026.92
JJ4161,1169,2497,1212,2025-11-25 00:49:04+00:00,2025-11-25 09:25:36.823160+00:00,176,396.0
AA1602,31,117,3828,2025-08-28 11:06:31+00:00,2025-08-28 22:39:50.089841+00:00,418,1217.88
TP3010,2680,488,703,2025-09-01 17:56:42+00:00,2025-09-02 03:40:50.990449+00:00,545,1763.06
TP4477,1858,2508,3099,2026-02-10 02:54:27+00:00,2026-02-10 16:04:48.531406+00:00,618,632.36
EK6174,1259,31,1518,2025-12-19 12:42:41+00:00,2025-12-20 02:24:51.566414+00:00,952,210.7
G38679,2048,3478,3876,2025-12-02 00:17:09+00:00,2025-12-02 06:30:44.717828+00:00,158,1436.33
DL2291,3790,2305,2122,2026-06-03 10:11:29+00:00,2026-06-03 18:09:01.628204+00:00,531,295.32
LH313,2435,1677,1092,2026-02-26 16:45:10+00:00,2026-02-27 02:35:13.826907+00:00,537,237.93
UA9627,4679,440,1276,2025-07-08 11:51:17+00:00,2025-07-09 00:52:23.704099+00:00,683,800.01
G37150,4550,646,2782,2026-01-08 14:53:05+00:00,2026-01-08 22:32:16.243927+00:00,866,1843.71
IB2357,1300,3780,4380,2025-07-20 09:08:11+00:00,2025-07-20 19:06:27.546793+00:00,434,1569.29
AA6425,2999,3693,439,2025-12-20 21:09:13+00:00,2025-12-21 01:08:21.556663+00:00,652,2015.7
QR9314,222,1712,4166,2026-03-27 21:46:53+00:00,2026-03-28 00:35:55.660346+00:00,913,1529.65
LA2531,844,3086,2464,2025-09-04 12:27:46+00:00,2025-09-04 15:50:18.567116+00:00,389,636.83
IB1230,3722,3699,1326,2025-12-16 21:42:34+00:00,2025-12-17 08:25:09.163033+00:00,41,1161.08
IB7195,3498,4360,453,2025-12-01 06:45:16+00:00,2025-12-01 16:49:34.345090+00:00,935,1223.47
LH998,4922,710,2381,2026-01-03 04:35:29+00:00,2026-01-03 18:17:53.353152+00:00,505,128.37
LA5357,1938,3501,1979,2025-09-05 10:36:20+00:00,2025-09-05 22:04:54.142983+00:00,312,548.72
SQ2613,4046,4054,4267,2025-08-15 05:14:58+00:00,2025-08-15 18:14:57.617292+00:00,632,1474.06
TP3607,3261,952,1823,2025-08-08 20:00:25+00:00,2025-08-09 08:42:37.948172+00:00,956,2235.26
DL1228,2007,1890,476,2025-11-19 19:19:41+00:00,2025-11-19 23:25:46.631858+00:00,202,2416.76
LH1037,211,2330,1370,2025-12-18 14:56:17+00:00,2025-12-18 23:49:13.977809+00:00,755,2219.75
AF6109,691,3878,2206,2025-12-04 22:31:24+00:00,2025-12-05 11:52:35.461580+00:00,629,381.89
G38419,980,1290,4463,2026-03-09 22:46:54+00:00,2026-03-10 11:06:30.509262+00:00,373,316.64
LH9228,3377,1970,4453,2025-11-09 08:20:04+00:00,2025-11-09 18:06:21.071879+00:00,566,1420.14
AA1561,64,4341,698,2026-04-11 00:05:55+00:00,2026-04-11 13:47:00.902272+00:00,100,847.82
TP1797,2091,100,3303,2025-08-25 02:20:34+00:00,2025-08-25 11:06:26.062881+00:00,175,1815.81
SQ9323,3057,3112,4247,2025-11-25 05:39:55+00:00,2025-11-25 19:05:35.126992+00:00,354,1179.6
JJ4361,2542,4223,3406,2025-12-01 02:38:08+00:00,2025-12-01 14:10:14.934041+00:00,689,1720.26
BA7607,3842,159,700,2025-09-04 10:27:29+00:00,2025-09-04 18:48:52.361717+00:00,182,929.04
BA7710,3756,994,45,2025-06-25 19:54:09+00:00,2025-06-26 09:01:28.342322+00:00,529,1547.52
LH1408,3622,2772,2730,2025-11-04 23:13:58+00:00,2025-11-05 05:35:24.696516+00:00,14,634.45
DL6504,3368,1357,3713,2025-06-15 16:53:00+00:00,2025-06-16 02:54:39.823144+00:00,259,362.55
AF8072,2212,1955,4984,2026-03-16 12:02:59+00:00,2026-03-17 01:17:32.320857+00:00,268,1923.99
AD2550,3081,4205,3003,2025-08-17 17:33:38+00:00,2025-08-18 05:53:37.559705+00:00,108,126.17
AD5185,286,4533,2324,2025-11-04 06:51:41+00:00,2025-11-04 15:10:34.561191+00:00,630,573.91
QR8401,3809,3932,3788,2026-03-01 04:39:48+00:00,2026-03-01 11:39:40.368016+00:00,759,196.28
AD5719,2473,3955,4510,2025-07-19 11:25:41+00:00,2025-07-19 22:20:47.608613+00:00,779,1637.25
AA3326,2838,2786,4509,2025-12-07 23:45:18+00:00,2025-12-08 11:55:15.936912+00:00,207,2265.27
EK996,4361,1213,2973,2026-05-19 07:48:21+00:00,2026-05-19 11:51:26.229386+00:00,380,2346.86
QR1449,4665,3389,510,2026-01-07 22:59:12+00:00,2026-01-08 03:46:21.804479+00:00,442,640.83
AF8005,3843,2564,465,2025-07-24 20:58:34+00:00,2025-07-24 22:58:49.197499+00:00,692,2114.17
AA3845,2232,1912,3195,2025-12-21 18:45:41+00:00,2025-12-21 20:52:55.216292+00:00,148,1950.3
BA8729,2594,389,4653,2025-11-14 03:14:12+00:00,2025-11-14 05:12:41.238833+00:00,132,1253.4
AA7362,2485,3038,1182,2025-06-06 16:53:11+00:00,2025-06-07 02:32:21.797201+00:00,857,2104.13
G36712,1108,1632,3664,2026-04-30 13:36:45+00:00,2026-04-30 18:43:32.185683+00:00,293,687.91
LA1385,4805,1398,2995,2026-05-14 10:15:08+00:00,2026-05-14 11:52:26.439498+00:00,353,2280.9
LH3353,979,4814,3180,2026-05-22 03:40:27+00:00,2026-05-22 05:42:29.210009+00:00,992,1712.2
QR9920,1655,3193,2310,2026-02-23 06:53:29+00:00,2026-02-23 12:42:43.457926+00:00,977,1023.0
QR1142,4219,392,324,2026-05-20 11:57:57+00:00,2026-05-20 16:25:07.149190+00:00,185,1932.82
AA5364,3397,4552,3542,2025-10-01 04:00:30+00:00,2025-10-01 08:55:58.202375+00:00,34,1167.72
LA5670,4200,1593,3383,2025-11-23 16:11:03+00:00,2025-11-23 22:23:00.528942+00:00,99,658.31
BA1943,3923,1633,4713,2025-12-01 12:20:48+00:00,2025-12-01 23:55:22.548542+00:00,545,1456.01
LA1709,2976,1913,4122,2026-05-15 08:58:36+00:00,2026-05-15 21:55:51.830384+00:00,796,2153.74
AD2588,978,2132,2064,2025-09-03 16:57:34+00:00,2025-09-04 00:51:26.261478+00:00,592,2242.61
LA9752,574,745,4363,2026-05-23 06:56:05+00:00,2026-05-23 11:27:48.545591+00:00,739,871.28
BA1888,1333,4401,4685,2025-07-23 11:52:47+00:00,2025-07-23 20:09:19.579077+00:00,867,152.35
AD2205,820,611,3535,2025-12-08 12:46:53+00:00,2025-12-08 21:55:56.267408+00:00,543,1562.86
G32943,28,4364,4825,2026-03-05 04:39:45+00:00,2026-03-05 16:24:37.155740+00:00,211,50.11
UA3230,1360,4441,3489,2025-10-17 15:08:44+00:00,2025-10-18 01:35:51.458774+00:00,744,1420.04
IB3816,4920,3366,2564,2025-08-12 07:05:11+00:00,2025-08-12 17:22:29.816941+00:00,783,517.27
AA1541,2300,811,1277,2025-12-23 23:47:44+00:00,2025-12-24 02:02:02.398084+00:00,570,1277.15
BA9049,4846,4323,4630,2026-02-03 20:58:33+00:00,2026-02-04 04:45:11.874233+00:00,220,2271.88
TP9190,1713,2027,926,2026-03-13 06:21:11+00:00,2026-03-13 13:00:16.286379+00:00,1000,684.7
TP3582,2216,157,4252,2025-12-20 23:52:40+00:00,2025-12-21 13:42:06.436145+00:00,619,1874.22
UA7341,2647,4323,2893,2025-08-02 12:19:20+00:00,2025-08-02 23:31:12.963431+00:00,89,1406.71
TP7890,4565,3623,877,2026-03-30 07:03:33+00:00,2026-03-30 08:35:48.790815+00:00,932,2450.62
AF6806,4973,4250,4490,2025-06-07 08:25:34+00:00,2025-06-07 20:57:12.532205+00:00,175,139.96
LA5403,3350,3876,2817,2026-01-19 19:57:06+00:00,2026-01-19 23:42:13.875629+00:00,63,2320.05
EK6851,4922,1728,1050,2025-10-15 13:18:24+00:00,2025-10-16 00:52:45.739124+00:00,559,1098.16
BA6970,4930,3357,4962,2025-06-24 13:50:24+00:00,2025-06-24 19:08:25.621512+00:00,695,1376.53
UA4241,1125,245,4439,2026-01-30 07:25:53+00:00,2026-01-30 17:04:48.397729+00:00,803,1102.58
QR5840,3886,1108,2339,2026-05-23 22:25:06+00:00,2026-05-24 07:46:18.580724+00:00,952,1287.95
IB1364,949,1177,1506,2025-12-01 04:03:02+00:00,2025-12-01 06:26:17.984358+00:00,394,1054.08
G3572,2682,4788,2240,2025-09-30 09:45:45+00:00,2025-09-30 17:15:41.974677+00:00,534,2495.12
QR3605,3808,2057,1723,2026-04-24 19:04:33+00:00,2026-04-25 06:39:27.697265+00:00,246,1386.77
EK2594,277,1947,1512,2026-01-19 14:19:07+00:00,2026-01-20 01:04:56.002644+00:00,142,2314.17
LH8434,2158,119,2010,2026-05-26 02:57:57+00:00,2026-05-26 14:04:22.606632+00:00,671,2309.1
AF5216,1394,1006,1593,2026-01-26 01:43:07+00:00,2026-01-26 15:25:29.877964+00:00,889,2050.72
SQ4171,3445,398,3968,2026-03-01 02:56:19+00:00,2026-03-01 15:21:52.958241+00:00,268,1865.36
AA3348,4791,763,948,2026-04-29 12:17:03+00:00,2026-04-30 01:06:55.789712+00:00,530,1069.33
JJ5814,2093,3520,3090,2025-06-04 23:13:04+00:00,2025-06-05 01:31:50.849173+00:00,258,1379.53
AD1064,1156,2922,1104,2025-10-09 13:06:17+00:00,2025-10-10 03:02:14.618978+00:00,772,111.87
EK2372,735,3645,3677,2025-12-17 04:35:17+00:00,2025-12-17 10:29:05.259849+00:00,501,1317.78
AF5235,2855,2349,115,2025-06-19 20:35:04+00:00,2025-06-20 04:38:40.119691+00:00,459,1134.63
LH5301,3902,696,2886,2026-01-09 16:42:28+00:00,2026-01-10 03:14:37.015922+00:00,575,1640.4
AA2035,4461,4646,3007,2026-01-06 00:22:28+00:00,2026-01-06 02:44:45.942671+00:00,472,2146.97
EK6647,4992,2442,435,2026-02-02 06:47:37+00:00,2026-02-02 08:02:42.311886+00:00,663,618.41
QR2339,2005,1873,2711,2025-12-02 13:34:34+00:00,2025-12-02 22:54:17.592892+00:00,384,2188.86
EK1650,4552,2931,2674,2025-06-26 09:53:53+00:00,2025-06-26 21:48:00.865511+00:00,471,394.19
DL4859,3921,3410,3272,2026-02-05 09:05:38+00:00,2026-02-05 22:59:37.407035+00:00,254,855.29
IB3976,28,2291,3001,2025-11-29 11:36:22+00:00,2025-11-29 22:51:45.197296+00:00,773,268.57
DL3606,794,589,1812,2026-03-31 02:14:19+00:00,2026-03-31 06:14:29.983307+00:00,420,1169.36
LH116,4506,2120,3783,2026-03-27 20:47:45+00:00,2026-03-28 03:40:55.554683+00:00,202,1000.07
AF4718,947,3137,3275,2026-05-16 04:56:47+00:00,2026-05-16 11:11:52.896341+00:00,979,2275.71
AD1176,3813,1347,1334,2026-01-20 12:35:55+00:00,2026-01-21 00:49:11.170877+00:00,320,1357.36
AD8603,4878,4560,3139,2026-05-26 02:49:44+00:00,2026-05-26 15:40:44.760957+00:00,636,595.85
AF1700,4199,4458,1074,2025-06-30 04:09:30+00:00,2025-06-30 06:43:31.905922+00:00,469,398.72
AA9233,2755,1374,1607,2026-05-11 12:51:16+00:00,2026-05-11 23:38:11.265120+00:00,83,1857.5
G38397,2114,3681,592,2026-01-22 07:22:27+00:00,2026-01-22 14:22:01.891035+00:00,242,1046.5
AD1007,3056,2050,2223,2026-03-27 01:11:21+00:00,2026-03-27 09:21:16.174517+00:00,845,270.16
BA5647,233,3318,3726,2025-07-08 09:19:19+00:00,2025-07-08 21:28:05.485788+00:00,709,1386.55
UA9966,3032,650,290,2026-03-26 19:11:18+00:00,2026-03-27 01:23:46.196923+00:00,877,1525.7
IB4901,2812,332,3499,2026-02-02 11:37:20+00:00,2026-02-02 18:20:08.690885+00:00,2,906.44
LA7360,1547,2197,643,2025-10-20 01:59:41+00:00,2025-10-20 10:29:13.824165+00:00,366,1584.14
LH8170,3117,1487,633,2026-03-21 11:50:54+00:00,2026-03-21 14:27:34.313740+00:00,357,2436.42
SQ7577,3188,3019,4557,2025-12-24 21:06:25+00:00,2025-12-25 09:24:38.645085+00:00,1,703.75
DL5055,530,3364,1265,2026-01-04 09:37:29+00:00,2026-01-04 13:03:24.843470+00:00,110,777.4
EK9776,2508,1334,2669,2025-08-26 19:06:55+00:00,2025-08-27 05:07:44.114476+00:00,69,1644.26
AA7691,3193,1706,166,2026-04-24 07:32:03+00:00,2026-04-24 11:40:28.918379+00:00,9,540.43
UA5211,2880,3598,3394,2025-09-09 23:45:12+00:00,2025-09-10 09:13:04.377624+00:00,948,2161.71
QR2565,234,2043,2523,2025-10-20 07:29:28+00:00,2025-10-20 20:31:47.400640+00:00,846,1934.75
LH2017,3506,182,1466,2025-08-13 09:25:01+00:00,2025-08-13 14:21:04.841478+00:00,674,878.97
AF8407,997,3965,2658,2025-09-12 11:42:42+00:00,2025-09-12 14:11:41.322438+00:00,29,2175.7
EK9499,2522,4016,602,2026-04-24 03:55:42+00:00,2026-04-24 06:58:29.137121+00:00,273,2120.56
EK8653,3725,3322,1990,2025-10-02 21:01:56+00:00,2025-10-02 22:02:40.811213+00:00,58,1040.44
LH1651,3082,2671,3533,2025-09-18 22:36:52+00:00,2025-09-19 00:56:17.216453+00:00,818,1340.16
JJ6318,1101,302,1884,2025-11-08 12:19:45+00:00,2025-11-08 13:20:59.377215+00:00,646,324.14
DL7613,4103,781,4039,2025-11-30 23:15:56+00:00,2025-12-01 11:06:16.526107+00:00,955,1718.43
UA3751,1024,396,151,2026-02-25 20:45:10+00:00,2026-02-26 10:23:04.840784+00:00,705,2263.59
AA4942,991,1551,2291,2025-12-09 10:29:45+00:00,2025-12-09 23:51:27.168369+00:00,777,1012.69
AF8945,3364,1404,1286,2025-10-11 19:50:57+00:00,2025-10-12 06:02:47.644176+00:00,376,1460.25
AA4126,3942,428,2777,2026-05-06 13:11:19+00:00,2026-05-06 23:19:41.401840+00:00,500,195.62
UA144,2401,2521,2703,2025-07-31 12:34:34+00:00,2025-07-31 21:21:31.503607+00:00,929,1819.65
SQ2558,2643,1121,1640,2025-07-09 08:06:35+00:00,2025-07-09 13:59:10.889868+00:00,253,786.52
JJ6227,1599,4253,4091,2025-06-09 04:11:33+00:00,2025-06-09 12:00:22.333370+00:00,270,246.18
SQ9177,398,1422,2457,2025-12-26 12:54:04+00:00,2025-12-26 14:52:49.232686+00:00,305,355.1
AF4005,1077,4306,2189,2025-08-12 20:26:53+00:00,2025-08-13 03:57:43.863283+00:00,30,1887.07
QR6849,2617,827,3652,2026-04-07 12:43:51+00:00,2026-04-07 14:15:17.991351+00:00,961,1767.7
UA232,1350,1598,1576,2025-07-13 09:12:52+00:00,2025-07-13 16:54:33.464323+00:00,190,1783.72
AA6224,1483,879,1129,2026-01-18 09:39:54+00:00,2026-01-18 22:07:41.637169+00:00,628,1022.12
SQ5115,131,2202,2121,2025-07-13 10:01:29+00:00,2025-07-13 21:23:25.145182+00:00,950,2079.83
LA6890,2543,3295,4093,2026-05-20 09:31:11+00:00,2026-05-20 19:28:59.287819+00:00,700,1081.62
AA7052,1685,2643,820,2025-09-21 00:27:01+00:00,2025-09-21 07:46:35.730588+00:00,902,1404.45
EK6908,3246,4461,2779,2025-08-25 17:36:52+00:00,2025-08-26 01:42:39.583771+00:00,450,2460.12
AF6427,2985,562,2100,2026-04-05 07:26:02+00:00,2026-04-05 11:22:54.726423+00:00,419,1785.94
QR223,1442,1868,320,2026-02-22 02:06:19+00:00,2026-02-22 06:29:59.477272+00:00,918,610.68
QR859,1432,932,1280,2026-01-01 16:03:31+00:00,2026-01-01 22:19:36.580880+00:00,467,803.27
AF2762,3732,3055,3679,2026-02-07 08:06:54+00:00,2026-02-07 09:13:44.501447+00:00,793,1569.59
TP4398,1862,762,737,2025-06-10 22:27:09+00:00,2025-06-11 01:48:30.504228+00:00,78,2255.09
LA8308,3420,3408,1275,2025-08-10 09:25:20+00:00,2025-08-10 12:36:05.276745+00:00,14,878.82
EK2182,3733,4741,3813,2025-06-13 03:54:16+00:00,2025-06-13 06:58:20.594957+00:00,887,1184.51
TP4838,3951,1290,3083,2025-12-26 20:03:58+00:00,2025-12-27 04:07:11.209260+00:00,498,2029.96
EK446,3522,3088,2517,2026-01-28 08:18:08+00:00,2026-01-28 12:50:13.254527+00:00,646,1445.06
LH1778,1758,3017,3013,2026-03-28 20:20:46+00:00,2026-03-29 01:07:40.574452+00:00,528,698.98
SQ269,2890,4521,1791,2025-11-10 20:25:27+00:00,2025-11-11 05:31:54.211709+00:00,958,1144.73
DL3458,3917,4263,53,2025-12-07 14:29:08+00:00,2025-12-08 03:24:37.796625+00:00,564,1535.89
EK5538,4717,4322,1803,2026-04-07 03:05:52+00:00,2026-04-07 09:42:02.390443+00:00,169,769.26
EK3722,4076,4791,530,2025-07-17 13:57:55+00:00,2025-07-18 03:32:06.810307+00:00,682,2439.64
EK6598,191,782,831,2026-04-17 11:11:05+00:00,2026-04-17 16:51:46.721648+00:00,523,1554.01
LA5008,613,2803,996,2026-01-29 03:26:00+00:00,2026-01-29 12:01:26.396376+00:00,871,588.66
LH7194,1347,1531,3178,2025-07-10 16:54:24+00:00,2025-07-11 03:59:20.457292+00:00,599,1271.07
DL2266,61,2219,2033,2026-03-30 05:52:28+00:00,2026-03-30 19:39:19.702647+00:00,231,2250.45
QR7091,2165,1706,2926,2026-03-14 10:43:40+00:00,2026-03-14 16:01:55.012067+00:00,728,2238.78
BA612,4781,1103,2284,2026-01-18 23:31:49+00:00,2026-01-19 04:41:21.965394+00:00,420,1675.52
SQ2424,2934,500,396,2026-03-26 12:28:40+00:00,2026-03-26 18:37:06.148215+00:00,103,404.29
LA9052,745,1352,1705,2025-07-14 13:14:49+00:00,2025-07-15 01:00:27.345626+00:00,622,1069.34
G33391,3525,4111,4443,2025-11-08 16:25:26+00:00,2025-11-09 04:46:55.939581+00:00,904,983.44
QR2606,3758,2587,1191,2025-06-22 14:46:01+00:00,2025-06-22 22:57:00.219920+00:00,792,2236.52
IB2662,3956,3311,4615,2026-05-19 01:14:25+00:00,2026-05-19 10:47:54.608576+00:00,27,391.31
G31417,4426,4818,3604,2026-01-18 14:36:36+00:00,2026-01-18 21:05:13.481260+00:00,853,1773.99
BA6743,1746,3933,1072,2025-07-18 09:33:07+00:00,2025-07-18 20:59:41.467948+00:00,884,602.72
AA6757,1024,4483,3787,2026-04-04 13:28:09+00:00,2026-04-04 16:16:30.327712+00:00,999,1806.72
SQ1221,73,1364,3636,2025-07-25 20:41:37+00:00,2025-07-26 06:18:03.974785+00:00,920,242.04
G33362,3632,4256,438,2025-11-01 00:27:27+00:00,2025-11-01 08:35:24.539533+00:00,404,2419.44
DL8053,396,334,917,2026-01-05 17:08:10+00:00,2026-01-05 19:44:51.241687+00:00,758,2050.35
JJ6102,4226,389,4874,2026-01-12 15:53:05+00:00,2026-01-12 20:54:23.975810+00:00,808,1789.7
BA4864,796,4367,2961,2025-11-20 08:26:55+00:00,2025-11-20 20:29:31.500943+00:00,912,504.24
LA9495,3726,1466,3753,2026-04-07 01:15:20+00:00,2026-04-07 06:48:07.154739+00:00,842,1368.06
DL6063,2360,1594,2095,2026-04-12 04:48:13+00:00,2026-04-12 10:22:41.528016+00:00,795,592.42
UA1989,4073,2294,729,2025-10-13 03:26:40+00:00,2025-10-13 09:11:36.852755+00:00,871,1458.97
BA4030,3385,1591,4135,2025-09-04 20:02:16+00:00,2025-09-05 03:56:59.424962+00:00,295,1006.76
AF7525,2629,1045,2305,2026-01-15 08:11:01+00:00,2026-01-15 09:53:20.058808+00:00,796,699.68
AF2568,4087,1526,1813,2026-03-14 21:46:48+00:00,2026-03-15 00:59:43.865172+00:00,135,220.8
QR9925,86,4363,1652,2026-04-21 23:45:08+00:00,2026-04-22 05:40:39.160322+00:00,615,1361.26
DL9141,2525,4161,1682,2026-02-20 10:39:30+00:00,2026-02-20 14:13:24.586853+00:00,544,1729.79
LA4525,1739,331,485,2025-10-07 06:55:53+00:00,2025-10-07 14:34:43.411728+00:00,654,887.49
EK9332,3391,2713,3026,2025-08-26 19:04:06+00:00,2025-08-26 23:10:37.255631+00:00,269,1801.59
JJ908,1013,2657,3787,2025-07-24 10:40:25+00:00,2025-07-25 00:01:42.209291+00:00,795,167.46
SQ2728,2004,2647,4405,2026-04-29 00:14:46+00:00,2026-04-29 01:44:25.820955+00:00,881,154.21
LA2553,3903,1088,122,2026-05-12 09:18:15+00:00,2026-05-12 14:43:47.811129+00:00,232,441.37
UA7117,4704,967,1348,2026-05-31 13:14:41+00:00,2026-05-31 16:14:17.622150+00:00,530,1658.78
AF6889,1325,292,2565,2025-08-08 05:15:16+00:00,2025-08-08 07:00:53.156031+00:00,564,2002.63
BA4490,4646,3678,81,2025-12-08 02:42:20+00:00,2025-12-08 05:43:16.535308+00:00,607,305.03
JJ4556,4650,4914,2111,2025-06-13 02:23:15+00:00,2025-06-13 10:43:01.410353+00:00,764,914.27
BA9774,1661,3371,2161,2026-03-13 03:16:11+00:00,2026-03-13 04:42:02.749223+00:00,382,1219.55
AF4583,3336,1491,4603,2026-01-02 22:27:28+00:00,2026-01-03 03:27:45.999774+00:00,889,234.62
LH9022,1605,4941,551,2025-11-18 15:15:22+00:00,2025-11-18 22:50:03.411768+00:00,918,1266.04
IB5891,80,4812,3889,2026-04-19 23:33:18+00:00,2026-04-20 04:52:04.093731+00:00,391,705.36
SQ8806,2728,3114,2099,2025-10-15 03:35:51+00:00,2025-10-15 09:46:07.321562+00:00,485,1331.48
JJ5820,1025,2061,3233,2025-12-17 00:50:01+00:00,2025-12-17 11:30:20.898310+00:00,528,1228.09
TP4437,2963,510,2346,2025-08-08 16:08:30+00:00,2025-08-09 05:03:31.643488+00:00,756,2132.75
AD688,4904,395,179,2025-12-01 22:57:53+00:00,2025-12-02 03:52:56.948505+00:00,386,311.03
IB7103,4584,554,3819,2025-07-04 20:00:21+00:00,2025-07-04 21:31:39.954232+00:00,585,1110.26
UA1690,2365,2271,1813,2026-03-11 08:30:37+00:00,2026-03-11 15:55:06.790160+00:00,448,1130.01
UA6555,460,1228,590,2025-08-23 14:59:57+00:00,2025-08-24 03:45:26.211866+00:00,852,1048.48
UA5766,4908,2947,2570,2026-03-07 22:12:12+00:00,2026-03-08 11:53:58.127613+00:00,33,2293.67
G35848,3366,2212,4219,2025-09-03 07:36:16+00:00,2025-09-03 16:02:08.306239+00:00,978,1086.54
TP8322,3482,2251,3406,2025-11-11 01:40:57+00:00,2025-11-11 11:24:18.745963+00:00,449,1298.92
QR4032,270,1910,1379,2025-12-07 08:59:05+00:00,2025-12-07 16:41:40.727230+00:00,876,2194.01
JJ5420,3534,4872,1933,2025-11-17 16:11:25+00:00,2025-11-17 19:40:21.358776+00:00,199,2359.65
LH3091,3190,1037,3378,2026-04-15 05:35:15+00:00,2026-04-15 12:29:48.207207+00:00,335,1922.03
AA7110,3934,4881,2750,2026-01-16 21:23:28+00:00,2026-01-17 02:42:10.368249+00:00,854,2180.19
AF8734,2798,1733,368,2025-10-22 19:54:47+00:00,2025-10-23 06:03:47.778953+00:00,112,610.36
LH4330,4180,3973,1140,2026-05-23 14:28:09+00:00,2026-05-24 04:02:13.699572+00:00,922,1054.12
DL2400,1784,1013,2791,2025-07-21 21:11:59+00:00,2025-07-22 07:55:25.582120+00:00,932,1663.71
AA373,648,2276,3795,2026-01-18 20:57:29+00:00,2026-01-19 05:52:38.111023+00:00,866,508.96
SQ6250,1527,1476,2183,2025-09-28 04:05:43+00:00,2025-09-28 09:52:50.772066+00:00,728,1079.37
LA6699,2229,608,1430,2026-01-29 02:15:04+00:00,2026-01-29 04:19:43.779521+00:00,14,188.88
QR5402,1751,2776,3790,2025-07-21 00:44:00+00:00,2025-07-21 03:46:35.494350+00:00,87,1814.83
AF4683,1905,4455,3809,2026-01-12 02:30:17+00:00,2026-01-12 13:02:53.100319+00:00,576,2209.3
SQ219,2031,1671,1703,2026-04-17 15:40:57+00:00,2026-04-18 03:38:57.629158+00:00,831,1630.75
EK7587,2310,2704,4772,2026-01-08 06:13:33+00:00,2026-01-08 18:00:00.979592+00:00,599,659.82
TP1156,3699,3966,1005,2026-01-31 16:56:17+00:00,2026-02-01 04:04:16.744308+00:00,934,2187.94
LH1312,2442,3644,1291,2025-11-13 12:50:32+00:00,2025-11-13 20:43:43.176996+00:00,361,431.32
QR2150,3422,681,327,2026-02-28 00:39:49+00:00,2026-02-28 04:22:37.966161+00:00,474,1357.1
TP7613,4350,906,4994,2025-09-25 22:42:30+00:00,2025-09-26 01:05:00.155347+00:00,39,2495.08
UA7961,779,2465,369,2026-02-06 03:59:38+00:00,2026-02-06 06:52:21.266007+00:00,559,1352.18
TP2440,3990,3574,83,2025-12-22 23:02:10+00:00,2025-12-23 08:41:56.122098+00:00,142,2468.51
QR7329,2772,2113,4366,2025-07-20 19:59:11+00:00,2025-07-21 08:57:49.205057+00:00,327,640.6
JJ5644,1937,2221,4813,2026-04-02 10:33:24+00:00,2026-04-02 19:32:47.830740+00:00,435,1029.81
TP1845,159,4949,2618,2026-01-27 10:55:37+00:00,2026-01-27 20:22:03.829188+00:00,700,136.49
AF2858,645,3498,3933,2025-07-19 04:52:56+00:00,2025-07-19 11:34:38.758362+00:00,952,328.63
G36140,2038,1114,126,2026-02-04 13:52:53+00:00,2026-02-04 15:31:51.470283+00:00,564,1078.48
LA436,4107,2156,3536,2026-04-06 05:27:09+00:00,2026-04-06 07:50:50.504500+00:00,45,1713.12
UA126,2542,790,3415,2025-10-04 11:54:01+00:00,2025-10-04 18:51:44.772168+00:00,908,1022.29
EK7900,2115,4127,158,2026-01-23 10:48:13+00:00,2026-01-23 21:50:56.915233+00:00,726,2169.29
AD9855,3755,4128,4178,2026-05-11 19:45:36+00:00,2026-05-12 02:05:06.650189+00:00,980,2397.85
JJ889,4902,4258,1386,2025-12-11 12:42:32+00:00,2025-12-11 13:49:20.636477+00:00,220,1338.69
SQ7930,3070,2637,3502,2025-12-13 17:08:10+00:00,2025-12-13 23:09:57.194291+00:00,684,1548.75
EK6098,2774,4314,29,2025-12-19 21:00:35+00:00,2025-12-20 04:38:22.988999+00:00,268,2243.57
DL4968,4770,3468,2972,2025-07-04 19:43:00+00:00,2025-07-05 04:05:56.334455+00:00,930,2336.05
UA3954,2221,2249,3930,2026-06-02 02:15:18+00:00,2026-06-02 11:12:36.877322+00:00,191,2083.99
SQ8140,2598,3918,3836,2026-03-11 17:25:49+00:00,2026-03-12 06:11:55.310288+00:00,757,2084.28
IB7576,2031,2134,2776,2025-09-09 10:35:27+00:00,2025-09-09 16:53:31.433335+00:00,595,2164.33
AD5643,4210,3573,2229,2025-11-04 02:39:11+00:00,2025-11-04 05:28:38.082872+00:00,550,298.51
AA2377,1624,294,1507,2025-10-26 00:19:20+00:00,2025-10-26 10:00:48.408663+00:00,442,2196.12
BA4513,2458,1609,34,2026-03-22 12:17:55+00:00,2026-03-22 16:32:57.953050+00:00,446,250.32
TP7963,1785,1702,3153,2026-05-30 14:24:04+00:00,2026-05-30 21:25:43.348024+00:00,642,1532.47
LA4901,157,2701,3916,2026-01-05 22:31:59+00:00,2026-01-05 23:45:51.185244+00:00,331,195.16
LH7197,484,3545,1312,2026-01-28 22:53:01+00:00,2026-01-29 09:47:20.960697+00:00,894,2002.0
EK9205,3832,559,3630,2025-11-27 21:11:14+00:00,2025-11-28 05:16:29.531997+00:00,864,1830.83
G32784,134,3197,2906,2026-03-26 05:15:42+00:00,2026-03-26 09:43:52.438489+00:00,887,2256.24
QR2153,2018,1552,2549,2025-08-23 13:05:52+00:00,2025-08-23 15:48:23.132193+00:00,482,277.63
AD8489,3657,4200,2581,2025-11-27 07:03:53+00:00,2025-11-27 18:35:56.482898+00:00,140,1915.06
UA587,1982,1479,201,2025-10-20 20:29:18+00:00,2025-10-21 04:21:58.597648+00:00,17,477.78
DL3365,2765,2069,4454,2026-04-13 14:10:37+00:00,2026-04-14 02:12:46.864199+00:00,475,2271.88
LH5045,2138,1745,110,2025-06-21 02:21:45+00:00,2025-06-21 13:48:32.981990+00:00,950,326.76
SQ6482,4240,897,3482,2025-11-28 07:48:58+00:00,2025-11-28 12:13:57.962186+00:00,36,815.31
LH5676,4497,4288,4860,2025-06-10 23:20:50+00:00,2025-06-11 06:00:41.635466+00:00,982,2134.04
LA9861,1431,607,585,2026-04-24 01:11:41+00:00,2026-04-24 07:45:16.242618+00:00,145,1263.51
JJ3783,1854,1732,3575,2025-06-04 21:44:40+00:00,2025-06-05 02:03:17.905580+00:00,470,276.83
G32754,3316,2321,2625,2025-12-07 13:14:10+00:00,2025-12-07 22:14:39.770676+00:00,177,264.1
TP6454,3612,3925,4333,2026-03-03 20:57:01+00:00,2026-03-04 05:25:45.725217+00:00,273,818.5
BA2387,3123,3688,405,2025-12-22 22:52:38+00:00,2025-12-23 10:21:22.688557+00:00,393,447.93
TP2662,3326,194,3424,2025-08-09 17:55:50+00:00,2025-08-10 03:54:27.794825+00:00,230,2411.14
LH6089,3689,874,2741,2025-12-22 06:04:04+00:00,2025-12-22 08:26:09.296781+00:00,442,1451.51
LA7031,3921,1862,1623,2025-07-17 10:07:42+00:00,2025-07-17 17:29:11.739608+00:00,70,2327.13
LH2547,4399,62,3857,2026-01-18 03:04:21+00:00,2026-01-18 08:03:02.111956+00:00,260,55.76
AA5686,667,2227,4719,2026-03-12 22:46:14+00:00,2026-03-13 10:29:21.045147+00:00,438,1699.79
IB156,2413,2740,1768,2025-12-13 15:41:49+00:00,2025-12-14 01:31:43.103429+00:00,319,635.57
IB6014,4208,1109,4507,2025-10-10 12:25:35+00:00,2025-10-10 17:15:57.265006+00:00,844,1805.26
JJ8828,4581,2823,1951,2026-01-22 20:39:57+00:00,2026-01-23 00:28:52.307745+00:00,79,1842.83
BA5766,3782,1292,3822,2026-01-16 01:28:38+00:00,2026-01-16 05:47:48.701767+00:00,339,1009.86
BA3259,4427,3917,3113,2025-07-23 21:49:28+00:00,2025-07-24 06:52:12.845570+00:00,12,1719.62
JJ7978,499,2744,4151,2026-02-04 17:50:50+00:00,2026-02-05 02:01:54.566293+00:00,675,549.27
IB3248,3488,4628,4363,2025-08-16 05:41:01+00:00,2025-08-16 12:03:18.645627+00:00,620,179.9
LA4890,2894,1233,4160,2026-03-13 20:06:59+00:00,2026-03-14 04:21:19.389070+00:00,547,612.97
LH6734,1729,4804,2881,2025-06-08 12:19:56+00:00,2025-06-08 20:40:19.190626+00:00,472,714.63
SQ6755,1894,2637,4912,2025-09-08 12:25:42+00:00,2025-09-08 14:13:29.984636+00:00,775,2022.12
AA7809,1507,4744,3665,2025-11-10 16:43:40+00:00,2025-11-10 23:02:06.621678+00:00,711,154.86
AA7331,1400,3293,1774,2025-10-14 19:48:19+00:00,2025-10-15 00:06:59.829124+00:00,659,2164.1
QR1769,2891,1259,298,2026-05-15 22:59:22+00:00,2026-05-16 12:13:44.315486+00:00,227,1026.39
SQ575,2704,216,560,2026-03-19 08:04:23+00:00,2026-03-19 11:44:32.003431+00:00,690,1771.81
DL8033,768,1285,4323,2026-05-14 02:36:41+00:00,2026-05-14 09:20:51.999095+00:00,353,2118.51
AD8365,3543,4881,915,2025-12-27 02:14:32+00:00,2025-12-27 08:29:56.048985+00:00,700,1660.96
UA3178,1811,1785,4303,2025-12-16 12:17:34+00:00,2025-12-16 15:57:15.183249+00:00,927,2246.77
AD6855,1598,3969,1432,2025-11-17 09:10:36+00:00,2025-11-17 13:01:52.784145+00:00,616,2138.19
LH3643,2803,2098,86,2025-08-26 19:46:53+00:00,2025-08-27 03:05:59.049489+00:00,521,2334.37
SQ6203,2202,1881,4553,2026-01-13 01:33:50+00:00,2026-01-13 15:10:19.708645+00:00,16,1086.08
UA1929,267,1263,2152,2025-09-07 09:41:52+00:00,2025-09-07 14:44:08.422841+00:00,436,1388.72
EK2391,4136,2858,3058,2025-07-08 11:14:12+00:00,2025-07-08 15:59:01.776639+00:00,417,356.49
BA3701,405,1984,3062,2025-08-12 16:33:29+00:00,2025-08-13 06:08:09.941411+00:00,533,2055.98
LH1640,179,1621,2648,2026-04-24 05:59:39+00:00,2026-04-24 18:52:50.882555+00:00,38,1435.89
AA3885,850,2401,3893,2025-09-30 00:55:10+00:00,2025-09-30 11:02:27.746315+00:00,460,326.65
SQ3408,3027,3811,3727,2025-12-30 06:14:00+00:00,2025-12-30 08:51:45.165716+00:00,98,2358.87
UA9053,2077,1820,2571,2025-11-23 14:50:38+00:00,2025-11-24 03:12:50.913782+00:00,828,1945.98
DL7880,4057,3320,2963,2026-02-15 18:24:33+00:00,2026-02-16 07:30:53.870036+00:00,582,565.96
DL3005,328,4268,3669,2026-04-10 13:24:12+00:00,2026-04-10 18:38:05.672153+00:00,486,137.93
SQ7488,2529,619,1843,2025-06-13 21:01:49+00:00,2025-06-14 05:08:41.480772+00:00,866,2377.62
AD110,4134,3734,3314,2026-03-08 13:57:54+00:00,2026-03-09 03:22:17.786748+00:00,175,551.87
UA9583,3596,1257,1865,2026-01-30 21:43:14+00:00,2026-01-31 04:20:23.232656+00:00,762,1166.11
TP6707,2379,1744,2340,2025-12-03 09:32:58+00:00,2025-12-03 13:00:06.074918+00:00,689,475.86
DL7226,4764,930,273,2026-03-16 20:13:38+00:00,2026-03-17 09:09:01.020829+00:00,662,1652.14
AD6618,2758,116,4892,2025-08-13 03:59:07+00:00,2025-08-13 05:00:24.244335+00:00,788,622.4
DL865,23,2524,392,2026-06-03 11:24:14+00:00,2026-06-03 14:03:34.460857+00:00,631,673.87
JJ3798,522,3614,1446,2025-06-16 23:55:09+00:00,2025-06-17 01:57:03.621212+00:00,412,1612.46
SQ1850,4635,1232,4096,2026-03-28 15:27:02+00:00,2026-03-28 21:52:42.437840+00:00,601,209.65
AD4741,840,1163,992,2025-11-06 11:35:10+00:00,2025-11-06 23:16:56.718096+00:00,695,1651.84
EK2599,3768,3438,1844,2026-04-22 07:24:14+00:00,2026-04-22 21:16:48.197564+00:00,852,1917.47
UA844,1515,2538,437,2025-12-24 11:31:02+00:00,2025-12-24 17:18:13.406626+00:00,540,824.51
AA8640,2241,3769,4046,2025-12-27 18:42:38+00:00,2025-12-28 05:48:57.071339+00:00,403,262.04
TP5119,4451,4637,4032,2026-03-20 00:05:09+00:00,2026-03-20 01:25:22.717690+00:00,594,1748.99
QR3864,4231,1653,352,2026-05-29 01:16:13+00:00,2026-05-29 11:33:17.903596+00:00,614,433.55
TP2869,4238,1275,4047,2025-06-27 17:53:25+00:00,2025-06-27 20:05:15.784706+00:00,467,793.64
DL5390,1446,1804,185,2026-02-18 13:02:05+00:00,2026-02-18 18:14:30.110708+00:00,877,306.5
AD6986,2225,2739,945,2025-09-26 04:24:06+00:00,2025-09-26 11:34:09.802093+00:00,543,2476.05
EK8176,2162,1522,736,2025-11-30 07:26:09+00:00,2025-11-30 19:56:01.663072+00:00,223,2407.38
QR1524,2086,1855,4045,2026-01-22 12:05:41+00:00,2026-01-22 19:06:17.959696+00:00,707,1983.47
LA5449,3709,747,2279,2026-05-04 04:22:37+00:00,2026-05-04 10:24:28.134146+00:00,105,1526.89
AA1407,93,1698,2582,2026-06-01 14:23:28+00:00,2026-06-01 16:31:28.916823+00:00,741,824.22
EK6462,2134,2250,1668,2025-12-17 00:08:47+00:00,2025-12-17 07:05:24.172738+00:00,479,1512.65
SQ6743,2863,2736,890,2025-09-23 19:15:49+00:00,2025-09-23 21:59:04.070221+00:00,555,598.91
EK5168,256,618,3650,2026-04-01 19:53:50+00:00,2026-04-02 03:16:28.555991+00:00,64,503.46
AD3542,4633,3045,2792,2025-08-15 20:41:10+00:00,2025-08-15 22:14:14.002427+00:00,805,1694.31
LH7655,3781,964,2097,2026-04-20 03:14:33+00:00,2026-04-20 06:46:02.721723+00:00,942,1840.17
AF1340,2905,4631,4319,2026-04-14 19:37:23+00:00,2026-04-15 09:11:57.438993+00:00,493,1908.86
LA7571,3777,3109,72,2025-07-15 18:16:35+00:00,2025-07-15 20:45:00.683731+00:00,620,861.98
LA7448,605,2538,3755,2026-02-12 06:20:28+00:00,2026-02-12 15:04:13.135226+00:00,928,1133.28
LH5985,688,125,3052,2025-08-11 19:48:36+00:00,2025-08-12 04:33:56.595496+00:00,546,1716.03
DL3201,4627,92,3492,2026-04-02 16:43:15+00:00,2026-04-03 00:25:16.423883+00:00,55,467.97
IB7104,4745,63,4945,2025-11-04 11:58:21+00:00,2025-11-04 22:16:10.046155+00:00,109,1654.46
UA2824,1513,2991,2612,2025-09-24 14:34:24+00:00,2025-09-25 04:25:32.955198+00:00,507,2345.24
DL3142,30,2698,3152,2025-12-07 03:43:48+00:00,2025-12-07 07:35:41.874897+00:00,881,831.91
AF6815,504,1835,1140,2026-04-17 21:56:53+00:00,2026-04-18 01:54:01.505226+00:00,145,1920.65
SQ6793,2702,3903,4863,2025-09-07 11:45:36+00:00,2025-09-07 14:17:27.671182+00:00,121,214.12
LH6037,3301,1296,469,2026-01-05 13:18:41+00:00,2026-01-05 21:16:18.559442+00:00,922,1047.25
UA3755,1705,2251,1170,2026-02-19 20:23:28+00:00,2026-02-19 22:39:28.364323+00:00,37,2467.1
IB443,2732,4313,2225,2026-04-17 03:48:58+00:00,2026-04-17 13:10:10.703847+00:00,737,2305.72
G37729,4304,154,2173,2025-11-19 18:14:09+00:00,2025-11-19 21:49:34.664674+00:00,476,1094.75
BA4744,2688,2205,2897,2026-05-27 14:30:13+00:00,2026-05-28 00:37:35.691136+00:00,141,960.09
AA5147,4443,4908,985,2026-05-11 15:00:53+00:00,2026-05-12 01:00:32.163083+00:00,16,2220.5
LH5848,2932,1945,4622,2026-06-01 13:10:32+00:00,2026-06-01 21:09:10.295824+00:00,856,584.45
UA409,2638,7,4019,2025-12-23 14:58:12+00:00,2025-12-24 04:58:11.715540+00:00,878,1305.19
QR249,1232,2985,854,2025-12-19 16:38:36+00:00,2025-12-20 03:21:07.928824+00:00,670,2224.12
AF3785,1443,4488,4785,2025-06-05 13:22:55+00:00,2025-06-05 20:51:01.230344+00:00,465,2119.51
AD5830,2168,3953,1642,2026-01-07 04:56:16+00:00,2026-01-07 08:03:27.368577+00:00,179,1462.22
IB2032,2653,3657,4569,2025-07-13 13:40:10+00:00,2025-07-14 01:23:51.631116+00:00,366,2110.28
EK1833,1744,2090,3559,2025-07-22 04:23:28+00:00,2025-07-22 07:35:19.448662+00:00,100,60.9
LA910,3360,725,4700,2025-11-09 02:59:36+00:00,2025-11-09 04:35:36.497689+00:00,303,1403.89
LA8251,2749,1669,1734,2026-03-20 07:52:49+00:00,2026-03-20 19:34:18.565170+00:00,362,1642.25
SQ369,1929,187,954,2026-02-20 14:25:26+00:00,2026-02-21 00:27:44.316796+00:00,842,2462.49
QR1739,2134,4410,4432,2025-07-08 02:49:01+00:00,2025-07-08 10:21:43.309448+00:00,908,2208.13
TP101,2609,1596,1963,2025-12-22 01:39:04+00:00,2025-12-22 03:32:43.023339+00:00,825,371.56
TP6873,1108,287,4098,2026-04-15 17:22:40+00:00,2026-04-15 23:46:35.743444+00:00,352,1795.16
DL4627,4424,1746,1541,2026-02-17 23:06:58+00:00,2026-02-18 04:18:14.089166+00:00,139,2029.17
LH8559,3807,994,4319,2025-06-04 16:28:35+00:00,2025-06-04 22:31:15.652123+00:00,535,535.16
SQ9658,4491,2350,98,2025-11-29 01:54:12+00:00,2025-11-29 12:03:29.910525+00:00,217,836.81
LA334,785,1196,1682,2026-01-08 19:04:59+00:00,2026-01-09 05:14:36.558793+00:00,825,402.41
EK9549,4425,1813,4548,2025-06-17 18:28:39+00:00,2025-06-18 04:02:03.029548+00:00,567,339.51
AA6529,4399,1739,4675,2026-05-03 07:49:23+00:00,2026-05-03 20:51:45.557656+00:00,547,889.96
DL426,3743,4834,3046,2025-06-21 00:24:42+00:00,2025-06-21 05:28:23.042999+00:00,589,2203.02
G32719,26,1072,4208,2025-11-21 14:36:48+00:00,2025-11-21 19:44:09.894991+00:00,796,122.08
SQ8724,2900,809,287,2025-11-22 05:53:16+00:00,2025-11-22 18:54:14.059160+00:00,842,797.81
JJ1824,4482,2593,2146,2025-09-27 07:02:02+00:00,2025-09-27 18:02:24.990349+00:00,627,1721.08
JJ7220,2271,245,3892,2025-12-21 17:26:31+00:00,2025-12-22 00:04:30.278601+00:00,126,2109.26
LA5522,3315,994,3443,2025-10-16 19:12:53+00:00,2025-10-16 20:28:58.858485+00:00,679,275.41
G34682,4435,4735,4903,2025-07-14 12:29:33+00:00,2025-07-14 14:55:15.674094+00:00,263,1886.46
DL1210,3201,3806,4609,2026-04-14 17:18:28+00:00,2026-04-15 02:07:42.569457+00:00,663,244.07
QR583,3655,2141,1592,2026-02-11 05:18:21+00:00,2026-02-11 07:20:59.808135+00:00,436,359.49
LH3771,1181,3175,4636,2025-06-15 13:14:34+00:00,2025-06-16 01:50:33.280663+00:00,577,1798.21
SQ3237,544,1138,4943,2025-07-03 02:46:52+00:00,2025-07-03 15:04:32.071519+00:00,192,2132.73
LA4540,1246,4822,3765,2025-11-26 06:32:09+00:00,2025-11-26 20:19:26.632737+00:00,633,1136.7
JJ4124,3086,2085,2754,2026-02-22 04:40:50+00:00,2026-02-22 14:39:10.966960+00:00,792,1719.16
G31644,2015,733,3574,2026-05-19 00:39:03+00:00,2026-05-19 13:27:05.496158+00:00,438,711.2
JJ8507,1139,311,325,2025-10-05 21:54:38+00:00,2025-10-06 08:43:12.000130+00:00,616,1514.51
LH3049,134,4694,4613,2025-07-15 00:33:49+00:00,2025-07-15 05:15:51.996688+00:00,915,1968.54
G32019,3335,4343,4813,2025-11-19 01:47:36+00:00,2025-11-19 13:28:16.971274+00:00,179,1867.1
QR1644,791,1840,4114,2026-05-01 22:32:22+00:00,2026-05-02 03:44:10.950979+00:00,729,352.87
AF4032,126,359,1814,2025-11-27 16:44:50+00:00,2025-11-27 18:29:35.722925+00:00,991,2155.05
LH3350,3377,4431,2228,2025-10-30 05:48:18+00:00,2025-10-30 08:42:18.349361+00:00,393,2412.34
DL4941,2556,1856,998,2026-04-03 09:19:57+00:00,2026-04-03 19:28:47.867956+00:00,530,505.96
JJ8652,2858,1325,3592,2026-02-13 17:52:38+00:00,2026-02-14 02:10:54.616133+00:00,806,785.83
SQ4141,2712,2290,800,2026-01-02 08:56:44+00:00,2026-01-02 19:43:53.474689+00:00,293,869.79
LA126,1723,1732,3716,2025-09-07 10:19:36+00:00,2025-09-07 19:40:40.633264+00:00,920,2483.49
IB3006,2696,4025,1281,2025-09-25 07:57:38+00:00,2025-09-25 18:32:07.989043+00:00,381,603.16
EK404,2211,1601,2483,2026-03-29 04:05:25+00:00,2026-03-29 06:53:34.667188+00:00,592,2334.02
G39195,1049,71,2049,2025-07-23 09:41:16+00:00,2025-07-23 22:09:05.857081+00:00,717,475.5
DL159,4822,1864,240,2026-05-03 06:18:26+00:00,2026-05-03 10:28:08.804760+00:00,447,445.06
SQ2996,4915,783,129,2026-06-02 13:08:03+00:00,2026-06-02 15:25:23.405884+00:00,676,2231.07
LA1945,537,224,317,2025-10-28 20:21:14+00:00,2025-10-29 07:44:31.618084+00:00,967,1358.63
LH2320,3041,2829,1806,2026-06-02 01:37:12+00:00,2026-06-02 12:17:16.255059+00:00,594,972.77
BA2177,252,3674,975,2026-01-28 10:11:11+00:00,2026-01-28 12:59:51.246822+00:00,665,897.31
LA1290,4427,1963,1725,2026-03-11 10:35:45+00:00,2026-03-11 16:09:30.071089+00:00,585,2283.91
AF6427,4436,4670,31,2026-04-15 09:32:12+00:00,2026-04-15 16:38:56.769004+00:00,313,621.3
AA6356,1359,1879,2999,2026-05-07 13:46:20+00:00,2026-05-08 00:06:20.174098+00:00,211,527.43
AF4165,2379,1657,1821,2026-03-08 16:18:53+00:00,2026-03-09 00:16:50.186852+00:00,157,219.59
SQ7533,2153,1579,3088,2025-06-04 08:04:35+00:00,2025-06-04 19:43:30.847931+00:00,957,2350.29
AF8141,2683,3451,2935,2025-09-06 03:34:42+00:00,2025-09-06 07:51:13.675631+00:00,934,1189.04
EK6223,3670,3373,1460,2025-10-23 00:32:08+00:00,2025-10-23 12:03:44.558937+00:00,715,1457.56
DL2048,421,4943,3967,2026-01-11 20:32:56+00:00,2026-01-12 08:29:16.982614+00:00,797,1547.68
BA7623,1726,2413,4514,2025-07-06 04:03:03+00:00,2025-07-06 11:49:33.902179+00:00,703,52.8
AF4156,740,2440,3748,2025-07-02 18:24:59+00:00,2025-07-02 19:56:24.013872+00:00,77,2275.48
QR2091,3653,820,4580,2025-06-23 22:45:04+00:00,2025-06-24 03:18:05.516095+00:00,657,2275.43
QR6756,1352,1510,741,2025-07-08 21:43:21+00:00,2025-07-09 01:37:23.919530+00:00,915,2350.73
LA101,643,1819,141,2025-09-20 04:56:19+00:00,2025-09-20 09:09:45.909585+00:00,884,2406.13
LA7498,4467,4604,4967,2025-07-07 22:45:09+00:00,2025-07-08 12:23:23.024887+00:00,117,1673.96
AF7727,4592,2571,1077,2025-10-06 07:35:06+00:00,2025-10-06 13:32:16.304739+00:00,286,2178.76
TP2558,1934,1142,1436,2025-08-08 03:42:31+00:00,2025-08-08 12:20:16.945300+00:00,253,1322.3
UA4156,1302,1340,3221,2025-06-06 06:13:31+00:00,2025-06-06 12:47:59.340864+00:00,870,1106.12
LH5707,1741,1574,4430,2026-05-03 09:55:30+00:00,2026-05-03 23:06:52.075961+00:00,510,1074.22
JJ1133,1568,3326,3205,2025-08-30 03:05:25+00:00,2025-08-30 14:39:39.896539+00:00,975,1768.47
SQ7884,731,1205,3413,2025-12-18 22:31:57+00:00,2025-12-19 00:08:12.705283+00:00,707,1800.37
DL5092,1207,2110,149,2025-12-16 03:52:47+00:00,2025-12-16 05:59:56.757019+00:00,754,247.91
AD6223,4145,3294,2744,2025-07-31 08:31:11+00:00,2025-07-31 18:12:10.052660+00:00,920,1723.98
SQ1901,1264,466,4464,2026-01-10 14:29:35+00:00,2026-01-10 15:44:55.192588+00:00,696,194.75
LA6155,3403,4938,3184,2026-06-01 18:53:18+00:00,2026-06-02 01:20:44.337832+00:00,533,1365.26
QR5909,2254,4344,1187,2025-08-04 10:16:46+00:00,2025-08-05 00:09:57.382267+00:00,75,1344.62
DL9662,4280,1244,1990,2025-11-09 15:49:07+00:00,2025-11-10 00:41:10.436017+00:00,599,406.21
AF2997,384,4462,1966,2025-10-09 10:58:17+00:00,2025-10-09 22:15:38.927334+00:00,235,1044.08
TP7899,576,4196,2742,2025-11-22 07:05:26+00:00,2025-11-22 20:25:48.658402+00:00,618,90.75
UA8331,2294,2498,3473,2026-04-27 08:00:08+00:00,2026-04-27 12:20:27.874180+00:00,864,1648.78
TP668,3055,4579,4180,2025-07-20 07:14:56+00:00,2025-07-20 10:48:49.058253+00:00,14,1537.78
AA8648,2581,2594,3807,2026-05-27 14:47:59+00:00,2026-05-27 19:54:40.629147+00:00,939,2221.57
LA1362,486,1930,1435,2025-11-06 12:05:01+00:00,2025-11-06 22:09:13.321320+00:00,251,2156.03
SQ4988,1062,3136,2260,2026-05-16 22:17:35+00:00,2026-05-17 01:18:13.001080+00:00,547,523.7
LH7141,1793,380,2383,2025-07-29 13:42:33+00:00,2025-07-29 23:25:05.621850+00:00,445,2180.72
TP584,4540,1792,4890,2025-07-03 12:53:32+00:00,2025-07-03 21:12:39.831749+00:00,310,2258.18
SQ7016,2987,620,706,2025-08-25 09:54:14+00:00,2025-08-25 15:45:07.413443+00:00,727,1927.72
AF115,225,4235,4536,2025-06-07 19:47:27+00:00,2025-06-08 01:00:03.552418+00:00,613,1989.31
TP9245,1447,693,772,2025-09-12 21:35:44+00:00,2025-09-13 01:05:34.966046+00:00,990,304.99
G37481,4392,333,2757,2026-03-24 21:57:57+00:00,2026-03-25 06:20:39.940215+00:00,722,225.93
G33192,3005,3726,2357,2026-03-22 04:22:57+00:00,2026-03-22 09:28:39.083715+00:00,238,326.09
JJ4847,3697,596,2409,2025-09-22 07:27:03+00:00,2025-09-22 14:35:42.119099+00:00,13,1332.86
EK4774,2064,1600,1715,2026-05-17 22:35:23+00:00,2026-05-18 04:18:21.325286+00:00,796,2229.23
G33889,766,4941,4133,2025-06-25 10:15:57+00:00,2025-06-25 15:11:44.877546+00:00,890,552.23
DL2964,4490,1187,3094,2025-09-21 11:37:40+00:00,2025-09-21 19:33:13.947528+00:00,749,948.98
UA5485,643,4621,2862,2025-12-20 07:40:44+00:00,2025-12-20 15:10:34.065784+00:00,272,2480.48
AF8444,1670,1904,159,2026-01-04 07:30:07+00:00,2026-01-04 15:25:30.859012+00:00,354,2284.42
EK6437,1618,420,62,2026-02-06 20:17:14+00:00,2026-02-07 01:52:45.239126+00:00,272,1247.1
DL9992,4168,2941,3286,2025-11-21 03:06:47+00:00,2025-11-21 05:09:20.831172+00:00,319,1267.56
G37729,1743,668,3818,2026-05-31 14:11:09+00:00,2026-06-01 01:36:02.420433+00:00,783,2441.18
BA9596,2741,312,1508,2025-09-24 02:26:59+00:00,2025-09-24 14:20:02.891167+00:00,662,1885.72
AF1075,216,493,2263,2025-11-02 15:00:54+00:00,2025-11-03 00:28:28.582785+00:00,338,2178.27
QR9698,576,2529,859,2026-01-20 11:46:34+00:00,2026-01-21 01:11:04.376491+00:00,55,2281.47
TP7712,534,2332,4217,2025-11-18 06:16:06+00:00,2025-11-18 15:43:27.425376+00:00,634,569.28
SQ290,1595,1506,3822,2025-07-11 06:57:11+00:00,2025-07-11 16:33:03.687089+00:00,240,1761.78
SQ7197,1505,1232,122,2026-04-02 17:25:42+00:00,2026-04-02 18:45:53.824294+00:00,900,106.34
AD423,4408,4842,218,2025-06-06 08:54:39+00:00,2025-06-06 14:06:55.913503+00:00,872,1994.38
AD9111,2075,1792,2345,2026-02-10 13:16:05+00:00,2026-02-10 23:48:45.387820+00:00,416,2476.66
AD3101,469,2321,568,2025-10-06 07:26:32+00:00,2025-10-06 19:57:27.009587+00:00,409,604.1
SQ7997,1247,3358,2006,2026-01-18 10:19:18+00:00,2026-01-18 16:03:22.827702+00:00,344,1561.55
JJ2006,4338,4741,1992,2026-01-30 10:01:36+00:00,2026-01-30 17:18:59.247037+00:00,297,946.86
G39707,572,1265,2609,2025-06-29 02:53:16+00:00,2025-06-29 14:41:47.168073+00:00,293,684.85
AF6118,3188,3367,1647,2025-08-09 15:40:00+00:00,2025-08-10 04:29:27.268013+00:00,14,2343.91
DL6991,1377,3160,1166,2025-09-05 20:11:49+00:00,2025-09-06 09:01:35.856385+00:00,162,828.11
G35305,4203,117,243,2026-05-18 02:37:10+00:00,2026-05-18 05:20:22.537758+00:00,112,1847.88
EK6184,4648,2811,2431,2025-12-11 02:38:11+00:00,2025-12-11 07:08:09.389691+00:00,729,2289.63
AA603,4288,3083,959,2025-11-10 02:10:00+00:00,2025-11-10 14:46:54.318883+00:00,280,297.87
LA3290,3410,1603,39,2025-12-02 15:47:26+00:00,2025-12-02 19:58:03.505678+00:00,617,1970.54
IB4822,206,4979,2231,2025-12-04 20:33:13+00:00,2025-12-05 05:11:04.834676+00:00,412,1972.23
QR8726,4617,2665,4202,2025-07-26 01:01:04+00:00,2025-07-26 08:28:30.267167+00:00,974,1202.36
AD3804,3743,1536,2424,2025-12-13 22:48:41+00:00,2025-12-14 07:23:15.343782+00:00,687,1326.28
LA663,4636,1406,1908,2026-03-09 10:39:19+00:00,2026-03-09 22:17:33.471792+00:00,605,918.12
LH8546,4537,2057,217,2025-06-16 01:12:53+00:00,2025-06-16 09:09:39.573664+00:00,403,2367.47
EK4235,184,4410,889,2025-10-07 19:19:53+00:00,2025-10-08 08:48:19.817334+00:00,535,1419.69
IB7872,4781,3445,4244,2025-11-26 13:56:01+00:00,2025-11-26 16:40:36.014168+00:00,720,108.14
LH7986,528,2058,1513,2026-04-04 22:58:34+00:00,2026-04-05 01:47:45.562381+00:00,515,574.29
EK4003,3767,3235,3739,2025-12-21 21:04:33+00:00,2025-12-22 07:13:28.482185+00:00,125,619.09
AD5519,814,2996,4405,2026-03-15 10:56:19+00:00,2026-03-15 18:08:17.439839+00:00,42,1901.12
AF3038,1651,2700,4389,2025-11-19 22:15:04+00:00,2025-11-20 10:27:21.325631+00:00,431,721.56
AD9398,2422,2299,673,2025-10-15 15:26:57+00:00,2025-10-16 01:38:49.820042+00:00,568,1299.64
AF8661,963,3615,1524,2025-10-14 02:31:24+00:00,2025-10-14 11:12:40.640643+00:00,124,782.97
EK5816,1065,999,983,2026-04-20 05:32:28+00:00,2026-04-20 17:43:49.216979+00:00,867,1266.18
AF4948,3461,896,2269,2026-02-27 00:14:35+00:00,2026-02-27 06:03:18.135431+00:00,701,244.86
LA133,2795,2404,2371,2026-04-11 19:14:03+00:00,2026-04-11 21:12:40.027847+00:00,216,1442.63
G33349,71,656,3798,2025-08-02 04:22:41+00:00,2025-08-02 07:53:36.478391+00:00,113,484.6
AD7085,4450,1257,4802,2025-06-05 01:04:17+00:00,2025-06-05 12:59:53.510852+00:00,528,141.19
AA9345,1028,3815,1770,2025-10-08 02:42:27+00:00,2025-10-08 06:54:47.273559+00:00,996,2111.51
SQ4083,3160,1713,4236,2025-09-16 00:17:57+00:00,2025-09-16 07:30:22.009582+00:00,348,2463.4
JJ2423,2620,2682,1226,2026-05-22 06:44:14+00:00,2026-05-22 11:00:04.727419+00:00,171,1817.23
IB906,1880,2963,4687,2026-01-05 12:53:09+00:00,2026-01-05 18:56:35.828157+00:00,989,2060.75
DL7945,2808,2803,1424,2025-08-26 13:57:14+00:00,2025-08-26 20:44:33.195203+00:00,213,2049.42
AD2871,4723,497,4784,2025-11-28 17:47:21+00:00,2025-11-28 23:40:32.081061+00:00,808,332.08
BA2714,981,890,4890,2026-04-12 06:04:57+00:00,2026-04-12 17:01:10.281280+00:00,554,182.15
LH6329,4295,4107,1311,2026-04-01 18:04:48+00:00,2026-04-02 06:19:35.740820+00:00,209,698.95
BA1047,4541,4136,2312,2026-05-06 01:22:11+00:00,2026-05-06 14:32:59.011485+00:00,892,691.39
SQ4406,1511,1226,1142,2025-10-01 05:22:59+00:00,2025-10-01 08:34:53.480173+00:00,403,1712.71
UA5400,479,2441,3927,2025-11-05 17:51:41+00:00,2025-11-06 07:19:21.581440+00:00,722,1668.34
BA8703,4266,3157,16,2026-05-24 13:01:00+00:00,2026-05-24 18:21:52.028191+00:00,57,346.57
BA2399,1912,1179,4366,2026-01-24 19:52:36+00:00,2026-01-24 22:25:23.470579+00:00,594,1678.06
AD5088,4404,2974,4573,2026-03-08 18:37:23+00:00,2026-03-09 05:59:38.770606+00:00,289,850.06
AA6563,4475,1284,2610,2026-02-21 17:41:34+00:00,2026-02-22 01:51:15.073371+00:00,456,400.32
AF6725,620,1365,3352,2025-06-20 08:35:52+00:00,2025-06-20 11:55:43.296402+00:00,557,1108.15
G3489,2665,2757,1443,2025-11-15 09:59:12+00:00,2025-11-15 13:25:44.662055+00:00,289,1980.87
QR7726,498,797,3856,2026-03-23 22:21:44+00:00,2026-03-24 02:45:01.571372+00:00,650,737.88
AD6054,4595,4015,1575,2025-09-28 07:16:53+00:00,2025-09-28 09:08:47.582695+00:00,527,1659.69
DL6044,966,3825,2933,2025-12-13 10:18:59+00:00,2025-12-13 13:55:58.648180+00:00,126,1309.62
LH3502,368,1872,4290,2026-03-31 03:40:53+00:00,2026-03-31 07:21:25.999368+00:00,386,1293.75
G38900,4081,1743,290,2025-11-11 00:11:00+00:00,2025-11-11 02:33:36.429015+00:00,304,1960.39
UA3809,4860,1173,2236,2025-09-09 03:44:23+00:00,2025-09-09 11:08:24.173484+00:00,742,1862.73
TP4745,3442,1281,4945,2025-06-26 18:21:56+00:00,2025-06-26 19:45:34.603072+00:00,66,1950.65
TP8317,134,1408,4437,2025-10-26 04:53:41+00:00,2025-10-26 14:57:49.371577+00:00,24,1383.78
LH5514,3642,1149,4846,2026-01-28 22:12:13+00:00,2026-01-29 06:31:10.990825+00:00,61,1531.39
AF9456,4662,3326,3737,2025-06-03 17:06:20+00:00,2025-06-03 21:23:45.537725+00:00,766,1823.29
LA6944,4779,2366,2307,2026-04-01 02:36:27+00:00,2026-04-01 10:41:31.299634+00:00,804,247.36
EK5940,4255,4428,227,2026-02-06 01:11:04+00:00,2026-02-06 04:42:00.807503+00:00,860,1242.56
BA2737,1665,12,3918,2026-02-26 06:10:19+00:00,2026-02-26 17:31:49.110444+00:00,85,757.83
G34292,1431,4064,1896,2025-09-22 09:09:06+00:00,2025-09-22 17:58:01.747846+00:00,276,2248.42
IB7637,2593,4434,1108,2025-09-13 21:31:21+00:00,2025-09-14 03:16:36.609647+00:00,435,706.39
BA259,3007,3186,4015,2025-06-08 10:21:26+00:00,2025-06-08 15:30:48.394357+00:00,559,1340.64
DL5960,439,2735,248,2026-03-02 21:01:14+00:00,2026-03-03 10:50:15.418452+00:00,61,325.89
UA5958,4593,1627,3420,2026-01-03 12:00:15+00:00,2026-01-03 19:11:40.127156+00:00,246,1204.07
G3603,804,2998,1829,2026-04-13 22:20:48+00:00,2026-04-14 05:12:53.542845+00:00,967,1740.06
UA2438,4216,548,1482,2025-09-08 02:14:35+00:00,2025-09-08 03:48:14.613463+00:00,453,908.88
IB3120,3493,939,90,2025-08-15 13:33:13+00:00,2025-08-15 20:50:52.103965+00:00,894,1020.35
AD3020,4589,4677,1467,2026-03-15 17:26:11+00:00,2026-03-16 07:15:22.555531+00:00,790,634.94
LH2561,522,454,4181,2026-03-16 03:38:15+00:00,2026-03-16 04:48:08.042579+00:00,86,2325.78
EK1146,824,4250,1622,2025-11-01 17:45:10+00:00,2025-11-01 23:32:47.973550+00:00,184,152.98
AD8957,2205,2846,1749,2026-01-16 12:31:28+00:00,2026-01-16 20:22:40.000322+00:00,395,2338.25
TP4237,12,4139,4635,2025-07-30 21:24:21+00:00,2025-07-31 00:12:25.446043+00:00,699,1417.5
AD204,2085,4240,2486,2025-07-02 08:13:39+00:00,2025-07-02 13:27:30.578561+00:00,759,1146.99
IB8088,3389,2565,1726,2025-10-10 10:36:12+00:00,2025-10-10 21:28:18.276900+00:00,356,523.94
AA5318,485,587,2446,2026-04-25 07:52:00+00:00,2026-04-25 19:22:55.059667+00:00,880,1869.88
AA7568,2871,2319,1466,2026-02-21 16:00:25+00:00,2026-02-22 04:33:11.272874+00:00,512,2018.57
EK9565,3239,3691,881,2025-07-26 16:47:13+00:00,2025-07-26 19:16:43.765503+00:00,360,1740.57
EK809,3881,823,1182,2025-11-09 04:25:04+00:00,2025-11-09 08:29:57.872735+00:00,680,369.31
AF6643,2695,2886,1223,2025-06-19 04:40:19+00:00,2025-06-19 10:06:17.222909+00:00,998,2060.03
AF8518,915,2454,617,2026-05-02 16:16:04+00:00,2026-05-03 04:05:48.635012+00:00,749,1634.35
DL7246,1262,3497,798,2026-02-10 22:51:47+00:00,2026-02-11 10:04:20.263587+00:00,516,1641.38
LA7632,1919,2898,1130,2025-11-06 02:03:25+00:00,2025-11-06 08:45:57.310593+00:00,820,1571.29
SQ5884,4423,3438,3063,2026-04-09 01:44:11+00:00,2026-04-09 06:00:36.952613+00:00,449,808.98
SQ6784,1586,4231,560,2025-09-27 06:33:16+00:00,2025-09-27 12:21:10.672172+00:00,140,1644.95
EK9584,4477,4198,540,2025-10-01 00:09:22+00:00,2025-10-01 06:48:59.246246+00:00,278,2177.52
TP8911,4403,1368,3612,2026-02-18 22:49:37+00:00,2026-02-19 05:17:13.734487+00:00,75,1738.93
G32286,2756,4705,983,2025-07-12 07:10:26+00:00,2025-07-12 13:01:04.863961+00:00,89,1871.81
AF7915,4878,4677,2339,2025-11-14 20:14:07+00:00,2025-11-15 05:24:14.245453+00:00,228,827.0
LA5762,1340,2677,3398,2025-07-27 11:59:08+00:00,2025-07-27 20:02:21.419444+00:00,961,200.82
BA9868,1072,1440,557,2025-08-14 06:13:33+00:00,2025-08-14 11:28:38.478385+00:00,460,2388.27
TP7376,3035,4634,1136,2025-06-07 14:46:48+00:00,2025-06-07 20:25:37.474945+00:00,524,963.03
AA4132,2730,753,704,2025-08-17 16:26:52+00:00,2025-08-17 19:03:09.172220+00:00,315,427.36
AA5431,891,3827,3521,2025-09-12 19:44:57+00:00,2025-09-12 21:02:42.053969+00:00,297,278.18
SQ2612,2803,2228,2008,2025-10-27 02:16:27+00:00,2025-10-27 13:16:28.212594+00:00,739,2348.35
DL6936,2969,3745,1530,2025-12-29 15:59:26+00:00,2025-12-30 04:54:18.795569+00:00,940,920.03
AF105,2059,4875,2131,2026-02-06 23:16:04+00:00,2026-02-07 10:44:45.565672+00:00,160,673.65
BA6240,331,1264,4799,2025-09-21 13:42:43+00:00,2025-09-21 16:27:23.616121+00:00,816,625.01
JJ8538,187,519,3950,2025-08-31 13:33:56+00:00,2025-09-01 02:42:21.482560+00:00,678,911.15
UA9002,4120,101,797,2026-04-21 07:29:33+00:00,2026-04-21 10:20:24.386494+00:00,761,2284.15
BA2328,2465,2302,4767,2026-05-01 10:46:31+00:00,2026-05-01 20:01:52.131604+00:00,768,824.7
EK6394,2380,1478,2768,2025-12-23 13:00:35+00:00,2025-12-23 22:34:31.104733+00:00,144,899.73
G3572,964,163,3134,2026-05-28 03:21:13+00:00,2026-05-28 12:52:14.440790+00:00,720,374.65
UA6668,4509,321,4296,2026-05-24 18:17:11+00:00,2026-05-24 19:38:38.967503+00:00,644,2409.75
SQ7619,2495,4463,2432,2026-02-18 02:51:06+00:00,2026-02-18 08:09:45.975229+00:00,207,218.21
LA2977,2583,283,1592,2026-04-29 05:09:36+00:00,2026-04-29 17:43:48.871528+00:00,941,185.72
EK7249,2153,1328,4516,2026-01-19 02:16:34+00:00,2026-01-19 12:16:03.591695+00:00,712,753.64
AF751,2578,4,2565,2025-10-12 14:05:49+00:00,2025-10-12 17:38:46.769509+00:00,560,1264.92
BA698,4529,3862,1418,2025-09-09 02:41:39+00:00,2025-09-09 04:30:07.286315+00:00,695,1150.89
AF3176,3011,4362,3035,2025-12-13 14:14:24+00:00,2025-12-13 19:55:14.844216+00:00,99,1507.73
AA5285,1599,2996,97,2025-11-23 23:00:15+00:00,2025-11-24 08:04:33.397488+00:00,60,1442.08
SQ9956,2486,3365,1269,2026-03-10 18:51:38+00:00,2026-03-10 21:49:40.678615+00:00,982,2257.87
BA1512,4049,3978,2511,2025-07-03 14:59:17+00:00,2025-07-03 19:02:05.136437+00:00,133,1518.61
AD6305,446,4741,3263,2026-02-08 16:10:13+00:00,2026-02-08 17:30:48.031737+00:00,71,2045.73
LH3602,3623,2720,3900,2025-10-30 22:40:51+00:00,2025-10-31 09:47:22.553385+00:00,734,991.2
JJ6012,3251,2414,1239,2026-03-30 20:15:12+00:00,2026-03-31 05:35:17.406496+00:00,929,475.94
G36715,1483,2411,1139,2025-06-15 22:56:24+00:00,2025-06-16 01:59:18.323433+00:00,532,1835.59
LH9205,4752,425,4795,2025-09-13 08:20:38+00:00,2025-09-13 17:19:44.693935+00:00,937,2175.02
AF1492,2482,3159,1773,2025-12-25 00:45:05+00:00,2025-12-25 09:34:35.056544+00:00,733,2246.59
JJ6269,1364,3379,72,2025-06-15 08:05:22+00:00,2025-06-15 13:13:57.860219+00:00,293,668.92
UA9452,4503,3741,2705,2025-10-23 23:49:49+00:00,2025-10-24 08:25:51.702697+00:00,671,1685.98
LA320,4690,2895,1164,2025-12-02 05:05:01+00:00,2025-12-02 12:48:46.499215+00:00,112,422.74
TP9373,2744,361,4641,2026-04-27 21:05:21+00:00,2026-04-28 02:44:19.101482+00:00,682,1555.27
UA407,2301,3829,2271,2026-05-18 22:09:04+00:00,2026-05-19 10:35:33.832864+00:00,66,1010.69
SQ1135,4995,3842,1893,2026-05-14 20:40:54+00:00,2026-05-15 00:15:33.927330+00:00,708,278.56
BA846,3737,1981,2672,2025-09-02 16:38:10+00:00,2025-09-03 04:20:41.546835+00:00,694,2258.69
QR6780,4272,677,4280,2025-10-08 10:57:56+00:00,2025-10-08 21:25:02.687903+00:00,968,603.66
AF7102,513,4223,1997,2025-12-31 17:12:50+00:00,2026-01-01 06:33:32.877691+00:00,186,710.26
AF3319,1236,4899,4625,2025-12-14 16:23:24+00:00,2025-12-15 04:14:11.595812+00:00,433,2238.37
AD7090,4280,1249,3804,2025-09-13 00:25:48+00:00,2025-09-13 11:02:50.530376+00:00,125,956.92
DL7373,2234,4863,2853,2025-09-14 05:14:34+00:00,2025-09-14 06:44:33.506552+00:00,551,370.68
DL1383,109,1851,2282,2025-10-15 05:13:19+00:00,2025-10-15 14:06:34.645749+00:00,68,1447.79
TP859,1071,4698,3343,2025-09-14 05:05:31+00:00,2025-09-14 18:06:58.434191+00:00,541,1284.23
AF3501,2355,522,2774,2026-01-05 08:28:31+00:00,2026-01-05 20:20:59.179874+00:00,442,883.42
AF4073,133,3885,3147,2025-07-21 10:01:57+00:00,2025-07-22 00:01:17.588158+00:00,625,718.67
LH5274,15,3798,3875,2025-07-22 07:00:22+00:00,2025-07-22 09:33:28.290111+00:00,523,1650.2
UA5888,1414,2282,4231,2025-10-02 08:20:32+00:00,2025-10-02 22:07:51.243097+00:00,662,569.01
G34847,4005,992,3039,2025-11-07 16:04:24+00:00,2025-11-07 17:42:28.556010+00:00,607,1985.58
JJ3912,4050,4414,1814,2025-07-09 22:38:25+00:00,2025-07-10 08:30:09.727588+00:00,662,596.1
SQ5416,3383,1807,2344,2026-02-19 01:47:38+00:00,2026-02-19 10:07:26.424562+00:00,460,2035.0
QR6106,1487,1188,4737,2026-04-14 16:49:44+00:00,2026-04-15 05:13:17.606813+00:00,176,565.18
G3784,4569,3707,4011,2026-04-02 21:16:06+00:00,2026-04-03 03:52:49.000709+00:00,470,1516.07
DL8280,1337,2787,187,2025-10-07 14:20:01+00:00,2025-10-08 02:15:14.254114+00:00,956,96.82
AF8869,4920,3781,3841,2025-11-28 15:56:01+00:00,2025-11-28 19:31:31.162891+00:00,771,1094.66
UA8259,4310,3897,3604,2025-06-20 21:28:45+00:00,2025-06-21 08:37:00.863776+00:00,275,489.55
BA4490,2179,471,79,2026-01-16 14:31:43+00:00,2026-01-16 19:12:08.184900+00:00,584,1948.49
AA9964,3369,4770,451,2025-12-27 11:40:55+00:00,2025-12-27 22:56:10.140276+00:00,516,1172.02
UA9152,3123,4187,219,2025-07-24 10:43:31+00:00,2025-07-24 14:56:29.042218+00:00,979,1492.28
EK932,3338,4806,4738,2025-12-05 06:32:40+00:00,2025-12-05 11:35:04.998691+00:00,749,1773.57
UA2116,2375,2188,2636,2025-07-24 12:17:46+00:00,2025-07-24 23:07:18.025869+00:00,377,2018.72
QR8928,4231,4900,4836,2026-01-09 19:18:41+00:00,2026-01-10 02:39:06.426005+00:00,4,2475.95
SQ3003,393,2818,895,2025-06-06 01:27:38+00:00,2025-06-06 10:26:49.409917+00:00,128,643.28
LH6612,3285,2468,3494,2025-12-24 20:29:28+00:00,2025-12-25 04:41:27.640374+00:00,656,1439.16
BA9845,4235,2521,3908,2026-01-09 20:36:00+00:00,2026-01-10 04:21:03.150112+00:00,317,66.26
AD1567,2314,2105,442,2025-08-08 11:17:16+00:00,2025-08-08 14:54:55.305356+00:00,908,616.33
LA581,876,2758,2719,2026-01-17 17:35:23+00:00,2026-01-18 03:28:51.371635+00:00,345,1228.76
LH2057,4246,4771,3331,2025-06-15 00:38:40+00:00,2025-06-15 03:32:18.676312+00:00,70,1044.7
DL960,711,478,2071,2025-08-24 07:11:07+00:00,2025-08-24 16:57:13.262227+00:00,722,2373.05
SQ1969,2024,3706,4311,2025-07-19 19:47:18+00:00,2025-07-20 05:36:08.243932+00:00,298,1442.41
IB6746,2533,2669,664,2026-03-23 05:08:12+00:00,2026-03-23 11:01:41.714530+00:00,792,1037.69
G36981,4666,1397,3719,2026-01-02 14:58:39+00:00,2026-01-02 23:07:33.069016+00:00,814,358.78
JJ221,4321,4683,1581,2025-12-28 14:04:40+00:00,2025-12-29 02:22:34.542511+00:00,751,1653.32
G34886,2482,1034,157,2025-07-14 15:43:51+00:00,2025-07-15 05:24:38.790980+00:00,674,2155.1
G33665,800,1069,2504,2025-08-15 04:31:55+00:00,2025-08-15 12:59:55.308511+00:00,512,2052.44
EK4840,3575,3027,837,2025-10-21 08:36:40+00:00,2025-10-21 15:43:06.971630+00:00,53,1238.46
JJ2098,2,886,4489,2025-10-22 22:45:27+00:00,2025-10-23 02:59:20.954676+00:00,405,1157.0
IB2666,129,4406,4520,2026-03-29 03:02:31+00:00,2026-03-29 09:00:40.850212+00:00,270,163.92
DL8746,3867,4015,3208,2026-03-26 21:40:20+00:00,2026-03-27 09:31:32.790252+00:00,931,458.61
TP5669,1281,4558,4910,2025-12-31 02:13:09+00:00,2025-12-31 05:29:01.094347+00:00,325,2042.02
LA6640,2429,910,42,2026-02-11 16:25:08+00:00,2026-02-11 23:28:26.685394+00:00,526,1508.74
EK406,1523,1809,2518,2026-04-26 03:22:55+00:00,2026-04-26 13:18:46.060610+00:00,403,1120.4
SQ4603,235,1224,183,2025-07-10 03:56:23+00:00,2025-07-10 14:23:56.242794+00:00,786,890.02
JJ8556,3548,1510,4847,2025-06-11 04:09:09+00:00,2025-06-11 07:28:52.052921+00:00,818,300.28
BA158,1239,3717,2997,2026-02-24 16:07:17+00:00,2026-02-24 20:17:59.926155+00:00,707,1405.4
AF3483,2496,4246,3095,2026-02-20 19:18:19+00:00,2026-02-20 23:30:03.499192+00:00,489,1028.2
UA6734,1377,4839,3429,2026-04-13 03:25:10+00:00,2026-04-13 07:10:27.810236+00:00,209,976.91
AF1934,16,3931,4624,2025-08-29 06:34:10+00:00,2025-08-29 13:17:32.140715+00:00,810,293.09
IB6544,2298,4838,686,2026-03-28 11:55:28+00:00,2026-03-28 16:10:51.684861+00:00,974,177.5
TP801,2325,1943,4204,2026-01-10 02:58:26+00:00,2026-01-10 10:21:01.671208+00:00,16,1902.47
BA6333,4897,1550,3535,2025-06-24 22:34:43+00:00,2025-06-25 11:03:06.796333+00:00,357,508.64
QR4256,4341,610,1911,2026-05-04 11:02:55+00:00,2026-05-04 18:20:33.444408+00:00,813,1341.9
JJ9642,221,4090,2783,2026-04-22 23:47:46+00:00,2026-04-23 06:10:03.097248+00:00,955,776.61
SQ1107,872,1642,4417,2026-05-17 12:16:43+00:00,2026-05-17 23:05:39.707771+00:00,92,1913.39
AA5378,2189,3676,4963,2026-01-12 09:20:55+00:00,2026-01-12 18:06:44.268734+00:00,373,171.12
EK5217,4187,3414,3873,2025-12-28 09:24:45+00:00,2025-12-28 21:40:45.567795+00:00,362,340.13
JJ5245,784,149,2142,2025-12-25 22:57:22+00:00,2025-12-26 12:33:47.639765+00:00,726,589.83
BA7595,463,1813,4412,2025-06-04 19:50:11+00:00,2025-06-05 09:19:18.370272+00:00,875,750.83
UA7288,3191,4486,2210,2026-03-08 01:47:38+00:00,2026-03-08 10:09:52.727007+00:00,442,1200.3
TP5462,1952,2850,88,2025-09-01 04:39:36+00:00,2025-09-01 14:10:26.847118+00:00,220,1882.66
LA8401,4288,2081,1831,2025-08-08 16:09:10+00:00,2025-08-09 03:35:08.936249+00:00,224,2293.95
IB5199,4511,2360,904,2026-04-04 06:45:12+00:00,2026-04-04 15:43:59.559624+00:00,733,585.75
AD7267,3303,2567,4465,2026-02-06 19:29:26+00:00,2026-02-06 23:08:04.040784+00:00,875,97.79
QR4174,1715,4032,913,2025-10-20 19:29:25+00:00,2025-10-21 02:28:41.647462+00:00,168,2039.07
IB1729,543,101,1678,2026-05-14 08:49:41+00:00,2026-05-14 17:50:56.390898+00:00,480,1771.91
SQ8519,974,628,1529,2025-09-26 01:32:56+00:00,2025-09-26 05:43:10.378057+00:00,595,74.05
BA9719,3243,1920,3850,2025-08-06 14:10:17+00:00,2025-08-06 20:39:24.659380+00:00,78,1192.86
JJ5227,247,1415,960,2025-12-16 08:17:29+00:00,2025-12-16 19:20:30.379710+00:00,122,1372.63
SQ1924,3672,1225,787,2025-11-16 15:13:23+00:00,2025-11-16 22:03:13.189421+00:00,266,1472.42
LH2631,1169,4188,2041,2026-03-26 03:43:54+00:00,2026-03-26 09:28:17.480934+00:00,319,607.73
JJ7423,126,4539,2876,2026-03-19 12:29:22+00:00,2026-03-20 01:46:01.665827+00:00,214,134.96
TP8350,438,1116,2664,2025-09-27 17:33:10+00:00,2025-09-28 06:46:09.108978+00:00,130,582.7
G36836,1248,2651,4325,2026-02-06 12:04:06+00:00,2026-02-06 13:09:24.353075+00:00,205,1944.21
BA4314,407,855,2765,2026-02-23 05:16:12+00:00,2026-02-23 18:01:47.665815+00:00,607,1913.42
DL8875,1793,2105,4639,2026-05-09 03:56:57+00:00,2026-05-09 13:39:18.708700+00:00,357,2287.07
JJ2972,1408,4897,584,2025-09-14 07:04:33+00:00,2025-09-14 18:15:31.039456+00:00,254,909.31
BA3280,1054,2917,1282,2025-09-10 16:44:58+00:00,2025-09-10 18:41:17.304437+00:00,372,1082.71
AD1231,81,284,3787,2026-05-03 16:00:37+00:00,2026-05-04 00:31:19.192501+00:00,268,1515.33
AA1974,4853,2072,186,2026-05-05 13:57:29+00:00,2026-05-05 15:15:37.490707+00:00,319,702.99
JJ6925,1220,1122,2115,2026-01-26 01:28:25+00:00,2026-01-26 11:07:30.951181+00:00,139,2049.16
JJ5834,2328,1654,3323,2026-04-10 16:43:21+00:00,2026-04-11 01:36:51.705038+00:00,521,209.24
AD3522,218,3861,885,2026-05-30 02:10:26+00:00,2026-05-30 11:39:47.195518+00:00,397,2140.63
EK6292,4912,2248,118,2026-04-21 08:22:40+00:00,2026-04-21 19:52:28.435195+00:00,421,2416.31
LA2564,358,2837,419,2025-09-26 01:19:54+00:00,2025-09-26 11:49:50.769948+00:00,408,1067.55
DL1841,4803,4037,1988,2026-05-11 14:09:14+00:00,2026-05-11 20:07:41.391044+00:00,489,1167.74
BA2433,3321,4098,2238,2025-12-07 21:29:27+00:00,2025-12-08 00:22:05.887470+00:00,296,1239.71
JJ7111,211,460,2743,2026-04-01 14:28:25+00:00,2026-04-01 17:09:05.964666+00:00,833,2495.79
LH9648,3461,1851,3372,2025-11-07 13:26:51+00:00,2025-11-07 23:38:47.728238+00:00,311,496.03
JJ4673,2032,3468,1492,2026-02-15 00:38:41+00:00,2026-02-15 06:59:40.366570+00:00,831,789.96
TP5107,2104,2360,3470,2026-05-19 11:03:55+00:00,2026-05-19 20:22:21.612606+00:00,478,631.0
JJ458,4002,3886,2317,2026-02-18 05:11:40+00:00,2026-02-18 15:52:41.777313+00:00,190,405.58
AA2348,276,3761,2143,2026-02-08 01:00:27+00:00,2026-02-08 12:57:09.172173+00:00,594,1181.57
JJ1094,1269,2688,4462,2025-11-17 09:50:45+00:00,2025-11-17 12:56:40.129849+00:00,821,291.31
TP2796,4389,766,1548,2026-02-13 04:54:34+00:00,2026-02-13 13:03:16.288962+00:00,333,1661.33
AA6472,1074,4813,355,2025-07-08 03:49:39+00:00,2025-07-08 08:49:42.162851+00:00,19,2420.51
G38725,3122,1561,1707,2026-05-15 22:42:21+00:00,2026-05-16 06:39:20.754295+00:00,849,1079.28
EK2334,1287,3928,1107,2026-05-14 05:07:13+00:00,2026-05-14 18:09:34.036011+00:00,299,2009.02
SQ3754,4549,4863,4171,2025-09-26 13:18:09+00:00,2025-09-27 01:24:33.533196+00:00,208,1681.71
G3915,3618,2296,4978,2025-08-13 03:19:45+00:00,2025-08-13 14:43:08.430074+00:00,149,2215.56
JJ9735,2609,943,1890,2025-10-10 04:06:58+00:00,2025-10-10 12:13:45.853285+00:00,107,827.76
LA8576,4788,4712,3679,2025-12-26 09:14:14+00:00,2025-12-26 21:47:09.690039+00:00,725,1380.32
G31934,4698,2790,155,2025-10-10 05:34:12+00:00,2025-10-10 16:26:59.599821+00:00,116,2163.1
QR6443,3566,1501,1332,2025-12-08 19:39:34+00:00,2025-12-09 02:02:23.634601+00:00,100,1926.41
BA3584,3621,879,874,2026-01-27 11:16:37+00:00,2026-01-27 16:18:52.292965+00:00,895,817.42
LA8644,27,4627,4832,2026-05-14 08:46:59+00:00,2026-05-14 16:52:15.072571+00:00,223,455.29
IB5776,1275,2323,216,2025-09-05 00:54:40+00:00,2025-09-05 07:48:09.922198+00:00,57,890.2
QR1075,2744,3957,4276,2025-09-28 23:40:29+00:00,2025-09-29 03:52:39.509811+00:00,21,1864.42
SQ3874,2971,1360,2644,2025-11-28 21:40:36+00:00,2025-11-29 09:48:53.401043+00:00,681,1804.43
LA3284,428,1403,2570,2025-06-23 20:49:23+00:00,2025-06-24 04:51:16.583933+00:00,670,2000.15
G31455,3827,4568,2579,2026-01-13 04:41:48+00:00,2026-01-13 13:59:42.515245+00:00,910,1806.21
QR2630,2004,1634,1560,2025-11-23 03:40:12+00:00,2025-11-23 13:48:56.980102+00:00,135,1294.89
BA4267,3108,4853,2161,2025-10-17 02:44:35+00:00,2025-10-17 06:15:47.769692+00:00,706,550.9
BA5201,2400,4403,2852,2025-07-09 07:00:06+00:00,2025-07-09 09:39:27.141873+00:00,987,1988.44
AF1909,4261,4378,1648,2025-07-28 10:49:04+00:00,2025-07-28 15:19:38.860021+00:00,258,1246.04
EK6980,4702,32,4837,2025-09-10 13:27:22+00:00,2025-09-10 15:02:28.796171+00:00,743,998.67
AF4015,3717,1634,1003,2025-07-01 23:49:52+00:00,2025-07-02 05:58:52.444269+00:00,265,1866.23
EK8883,3589,1447,1015,2026-02-08 19:14:57+00:00,2026-02-08 22:24:31.298347+00:00,107,2042.49
LA2094,868,4897,2550,2026-04-26 01:50:00+00:00,2026-04-26 03:35:17.689572+00:00,337,2445.44
AA3501,2761,896,2011,2025-11-21 19:51:09+00:00,2025-11-22 06:51:06.893227+00:00,526,1375.18
TP2593,203,1694,1184,2026-04-06 19:43:25+00:00,2026-04-07 08:39:58.576841+00:00,427,887.02
QR1231,4201,1315,511,2026-03-23 17:35:40+00:00,2026-03-24 04:47:47.114773+00:00,672,1445.73
G31220,2969,1400,4327,2026-01-24 21:58:06+00:00,2026-01-25 11:12:17.861487+00:00,440,1256.41
TP1108,1144,3456,4106,2025-10-01 07:59:37+00:00,2025-10-01 21:06:12.735951+00:00,845,847.46
SQ7391,1050,4992,4959,2025-08-11 04:11:53+00:00,2025-08-11 07:09:45.279111+00:00,409,504.33
BA5471,4144,1137,874,2026-04-18 06:34:52+00:00,2026-04-18 10:33:44.534234+00:00,44,1826.36
EK2860,1914,4591,4950,2025-09-22 23:18:48+00:00,2025-09-23 00:22:34.583292+00:00,217,1285.74
LH6288,4836,1095,2519,2025-10-10 09:21:23+00:00,2025-10-10 21:04:00.966178+00:00,548,1516.03
TP9747,2541,2493,1010,2025-06-18 22:18:42+00:00,2025-06-19 04:34:29.689861+00:00,233,1510.44
G37867,1790,3721,3852,2026-01-17 22:45:50+00:00,2026-01-18 00:09:41.347951+00:00,902,226.34
LA4549,450,4793,2464,2025-07-27 10:13:40+00:00,2025-07-27 12:03:59.078718+00:00,246,2133.9
AD5252,714,4414,970,2025-06-21 10:26:43+00:00,2025-06-22 00:13:35.739724+00:00,401,801.63
BA7095,4766,2514,4097,2025-09-04 09:59:17+00:00,2025-09-04 12:34:16.880939+00:00,210,732.39
QR1441,2326,4692,4516,2025-06-27 04:06:17+00:00,2025-06-27 16:41:53.603585+00:00,371,605.24
DL787,3977,1144,2023,2025-07-06 21:03:20+00:00,2025-07-07 02:40:02.396512+00:00,256,998.42
IB1555,1007,537,4156,2026-04-27 16:50:25+00:00,2026-04-28 01:12:06.765459+00:00,18,787.81
IB4131,4333,3702,3164,2026-01-31 17:02:24+00:00,2026-02-01 02:41:35.039798+00:00,980,1277.49
G38295,3888,1392,3447,2025-10-17 10:34:23+00:00,2025-10-17 20:58:05.422215+00:00,993,1988.11
EK4517,2259,3053,1098,2025-08-08 04:53:39+00:00,2025-08-08 10:51:46.897567+00:00,712,1971.7
IB670,2545,3979,2236,2026-04-06 12:13:09+00:00,2026-04-06 20:20:38.587676+00:00,639,2347.88
IB6318,3858,2569,4168,2025-07-27 01:14:36+00:00,2025-07-27 05:45:03.819904+00:00,909,858.77
IB2728,2688,197,334,2025-12-30 00:42:30+00:00,2025-12-30 06:41:00.593093+00:00,931,1513.15
AA9700,295,3564,4369,2026-05-28 16:28:17+00:00,2026-05-28 18:07:00.838588+00:00,49,2329.1
AF2169,4319,3043,2989,2025-10-14 02:06:58+00:00,2025-10-14 11:32:18.068710+00:00,373,2428.65
TP8934,3268,844,3557,2025-06-03 14:45:59+00:00,2025-06-03 19:56:12.521241+00:00,731,270.4
SQ742,3493,1683,3926,2026-03-14 04:42:41+00:00,2026-03-14 14:00:26.502018+00:00,703,1011.82
UA526,692,623,4649,2026-02-27 07:55:21+00:00,2026-02-27 09:21:19.538742+00:00,112,895.9
UA3347,28,1125,4137,2025-07-30 05:53:59+00:00,2025-07-30 19:49:21.017031+00:00,652,1037.14
BA1064,4089,3159,2671,2026-04-03 23:25:53+00:00,2026-04-04 04:36:43.111860+00:00,96,2212.58
UA294,688,3208,4607,2025-09-28 01:45:08+00:00,2025-09-28 11:09:21.423111+00:00,764,729.02
LH6671,2207,1461,4304,2025-11-28 09:42:09+00:00,2025-11-28 11:50:21.614911+00:00,404,744.22
EK5842,2345,3083,1949,2025-07-12 12:05:04+00:00,2025-07-12 14:48:02.624970+00:00,38,819.05
IB7653,412,2212,2214,2025-10-22 06:35:14+00:00,2025-10-22 19:01:52.555437+00:00,639,1326.54
TP9682,2611,253,1341,2025-08-07 07:50:17+00:00,2025-08-07 14:57:43.870932+00:00,921,2454.29
AD3819,2697,3123,2985,2025-12-12 15:09:55+00:00,2025-12-12 16:16:46.581757+00:00,280,560.0
G31699,4566,514,603,2026-05-28 06:34:31+00:00,2026-05-28 15:05:03.271970+00:00,196,2302.17
EK2110,2404,3880,3529,2026-04-09 08:50:15+00:00,2026-04-09 21:56:05.922891+00:00,212,1173.15
IB6631,3029,4973,3134,2025-10-27 18:55:22+00:00,2025-10-28 00:51:00.501050+00:00,816,1565.6
LH9760,4911,3339,3570,2025-09-06 06:38:11+00:00,2025-09-06 19:02:16.532159+00:00,576,611.4
G34137,2524,618,3870,2026-03-05 13:09:02+00:00,2026-03-05 18:29:50.236774+00:00,276,1942.5
EK6678,2783,4303,608,2025-10-31 06:34:14+00:00,2025-10-31 11:56:38.447954+00:00,818,1884.25
AA6359,2456,3051,1755,2025-10-28 17:40:44+00:00,2025-10-28 22:30:08.435783+00:00,795,2193.68
TP8464,1258,1665,1464,2026-05-04 19:59:26+00:00,2026-05-04 23:09:55.594865+00:00,741,469.55
AF9840,967,4798,3038,2025-12-24 04:49:54+00:00,2025-12-24 09:56:48.766072+00:00,527,491.97
LH5738,1585,1962,3997,2026-04-16 20:42:55+00:00,2026-04-17 08:57:48.150220+00:00,635,1949.34
SQ3750,2370,837,616,2025-12-07 20:35:00+00:00,2025-12-08 00:07:44.665198+00:00,887,2365.86
AA4804,1734,1418,1195,2025-06-12 21:44:09+00:00,2025-06-13 05:40:35.847516+00:00,57,2240.47
UA7004,332,873,1277,2026-01-16 21:33:09+00:00,2026-01-16 22:51:54.898577+00:00,690,1607.34
AD1118,3202,978,3828,2026-01-03 22:37:33+00:00,2026-01-04 09:33:45.372451+00:00,557,1004.67
SQ7932,1412,3831,4704,2026-01-16 08:16:48+00:00,2026-01-16 11:15:16.031137+00:00,835,1237.66
UA3095,360,2575,4426,2025-06-07 12:42:30+00:00,2025-06-07 14:38:09.232883+00:00,533,600.23
BA8823,1139,2251,4487,2025-09-22 03:17:21+00:00,2025-09-22 09:58:24.305227+00:00,883,1019.65
AA9529,3365,2391,4709,2025-10-19 08:46:57+00:00,2025-10-19 15:02:34.485354+00:00,77,1287.58
SQ317,1912,4648,1588,2025-06-19 14:45:55+00:00,2025-06-19 17:21:38.999940+00:00,945,1020.26
UA2717,2395,4497,3153,2025-12-30 06:14:39+00:00,2025-12-30 13:28:47.984222+00:00,278,1747.57
LA6946,2898,4047,4567,2025-08-18 11:48:47+00:00,2025-08-19 00:28:45.233903+00:00,526,2130.5
SQ3942,1000,4991,4319,2026-04-14 12:30:51+00:00,2026-04-15 01:13:43.944393+00:00,188,1974.57
JJ4691,3199,3179,3733,2026-01-30 06:59:52+00:00,2026-01-30 13:36:05.712188+00:00,809,1909.73
AD8768,4785,1226,4120,2025-09-08 23:18:59+00:00,2025-09-09 10:21:10.640487+00:00,946,733.66
AA5028,4018,4720,1930,2026-04-20 11:32:14+00:00,2026-04-20 17:53:17.192018+00:00,35,300.09
AA1016,2531,3006,3160,2025-12-03 17:56:04+00:00,2025-12-04 01:07:44.537590+00:00,951,197.16
DL9244,689,4869,3089,2025-08-12 10:28:52+00:00,2025-08-12 11:51:02.426397+00:00,758,1715.11
LA8801,1023,1339,4338,2026-04-17 23:44:09+00:00,2026-04-18 02:22:22.119716+00:00,544,58.33
LH3005,1876,4221,2319,2025-06-24 07:38:01+00:00,2025-06-24 19:55:27.408732+00:00,156,1302.03
AA3616,3452,3064,2016,2025-11-30 04:14:21+00:00,2025-11-30 13:02:13.035540+00:00,43,670.52
UA268,3822,3173,3918,2025-11-13 16:19:31+00:00,2025-11-14 03:24:09.724309+00:00,589,1538.43
EK7057,4782,1225,3673,2026-01-12 17:06:44+00:00,2026-01-12 22:40:54.199019+00:00,515,634.59
AF9593,3321,3477,552,2025-10-23 00:08:44+00:00,2025-10-23 11:02:10.437810+00:00,78,857.54
UA1688,2726,4850,4825,2026-05-17 21:11:12+00:00,2026-05-18 06:53:09.365755+00:00,577,1420.2
TP9146,2290,4234,4041,2026-04-28 08:41:19+00:00,2026-04-28 16:53:43.215049+00:00,351,398.53
LA6027,4216,3022,2707,2026-05-22 05:08:28+00:00,2026-05-22 10:28:05.587955+00:00,753,2404.4
BA529,2885,4536,2940,2025-08-19 22:25:41+00:00,2025-08-20 06:07:29.806497+00:00,291,2005.06
EK8754,4384,3720,4094,2026-04-12 10:46:58+00:00,2026-04-12 16:11:41.841896+00:00,904,127.76
EK8993,3575,4198,2042,2026-05-05 06:36:25+00:00,2026-05-05 12:44:20.929333+00:00,689,1059.74
QR8794,4331,2996,4789,2025-11-05 03:05:02+00:00,2025-11-05 05:22:03.851986+00:00,440,1212.06
AF7943,3010,823,1446,2025-12-30 23:33:49+00:00,2025-12-31 03:27:38.750075+00:00,971,1673.93
DL4734,428,3590,630,2026-04-05 05:14:42+00:00,2026-04-05 17:15:53.143040+00:00,567,2010.26
LA3589,870,334,4796,2026-01-28 06:23:20+00:00,2026-01-28 13:44:00.152771+00:00,900,1715.29
AA9605,2718,2676,184,2025-07-31 23:12:01+00:00,2025-08-01 01:30:16.753802+00:00,284,1955.71
QR2412,1961,2968,4205,2025-08-14 18:42:56+00:00,2025-08-14 22:01:32.605402+00:00,855,774.65
SQ3970,333,482,823,2025-08-06 16:17:13+00:00,2025-08-06 23:11:07.959403+00:00,666,310.19
G35946,3125,2634,2624,2025-12-25 08:12:34+00:00,2025-12-25 11:09:58.452817+00:00,219,1183.06
BA2959,207,1579,3118,2026-01-10 22:01:02+00:00,2026-01-11 01:54:44.508155+00:00,201,1387.46
QR9668,1028,3430,2354,2026-02-25 05:22:13+00:00,2026-02-25 09:48:50.025776+00:00,228,68.22
AA9843,3194,4984,4919,2025-12-17 06:30:30+00:00,2025-12-17 17:43:17.285319+00:00,13,1834.03
JJ8204,3632,2238,3173,2025-12-01 23:06:39+00:00,2025-12-02 12:49:24.358415+00:00,676,898.47
BA6180,4802,642,3287,2025-12-23 08:11:54+00:00,2025-12-23 12:25:20.473545+00:00,25,952.88
LA8280,4752,137,3692,2025-08-16 19:05:23+00:00,2025-08-17 07:38:13.676188+00:00,57,1113.56
AF1837,1813,2897,4002,2026-04-04 00:54:47+00:00,2026-04-04 05:19:48.088191+00:00,179,62.77
TP6772,817,1926,224,2025-08-12 18:24:38+00:00,2025-08-13 06:37:22.139538+00:00,306,2434.73
EK8547,4908,4304,1332,2026-04-26 02:55:02+00:00,2026-04-26 16:12:03.343693+00:00,157,2001.25
SQ8365,1273,1077,4121,2025-10-30 08:59:34+00:00,2025-10-30 18:41:23.687500+00:00,941,784.53
LH1399,1309,3689,4567,2026-01-14 05:31:05+00:00,2026-01-14 07:07:14.902559+00:00,101,562.35
AD5118,767,4992,504,2025-12-06 22:11:56+00:00,2025-12-07 09:11:44.217005+00:00,350,848.64
G31482,3469,3177,2404,2025-06-20 10:56:28+00:00,2025-06-20 19:08:35.936762+00:00,356,997.66
LH5296,191,4247,2595,2025-08-28 04:51:46+00:00,2025-08-28 13:48:37.825944+00:00,282,1252.19
BA1867,4694,4474,2644,2026-04-04 05:37:05+00:00,2026-04-04 16:28:57.823021+00:00,932,815.38
QR7397,919,2995,416,2025-11-08 00:47:41+00:00,2025-11-08 03:10:48.608780+00:00,521,2494.74
LA7165,2682,2271,666,2025-12-01 11:33:50+00:00,2025-12-01 16:08:30.690561+00:00,907,1966.28
QR8420,1663,506,4792,2025-10-19 22:40:24+00:00,2025-10-20 05:15:20.128452+00:00,314,128.31
LH4709,4348,4808,2177,2026-02-08 15:19:40+00:00,2026-02-09 01:50:35.889335+00:00,200,2351.19
LH5371,3768,377,4309,2025-12-15 01:56:29+00:00,2025-12-15 15:33:44.101865+00:00,742,1128.4
JJ7487,3301,2734,168,2025-12-23 23:37:37+00:00,2025-12-24 05:48:14.728742+00:00,442,529.37
LA2530,2253,4943,3180,2025-06-28 06:42:25+00:00,2025-06-28 17:18:35.124216+00:00,367,1524.0
LA2248,4598,578,972,2025-08-24 23:07:31+00:00,2025-08-25 12:51:57.130794+00:00,386,1827.97
LA1932,1875,544,2723,2025-10-22 19:17:09+00:00,2025-10-23 00:26:43.744736+00:00,340,654.04
UA110,3498,1444,4962,2025-08-09 08:29:41+00:00,2025-08-09 10:33:13.570982+00:00,118,2127.34
AF217,431,596,3330,2026-04-16 16:41:09+00:00,2026-04-17 02:53:50.076662+00:00,874,2469.49
AA6703,3491,4379,656,2026-01-02 19:36:37+00:00,2026-01-03 02:33:06.977596+00:00,117,815.87
AD1476,1109,2201,1120,2026-02-20 15:17:25+00:00,2026-02-20 19:25:37.961127+00:00,987,2197.52
LA951,1750,1040,3294,2026-05-28 06:53:00+00:00,2026-05-28 17:57:45.370935+00:00,173,2144.91
QR7460,1539,2080,2887,2025-10-17 17:06:15+00:00,2025-10-18 00:34:19.257710+00:00,848,701.48
TP2072,2980,3493,4637,2026-01-29 21:23:24+00:00,2026-01-30 01:24:17.144974+00:00,24,1470.37
G31493,80,4746,4031,2025-06-14 21:32:07+00:00,2025-06-15 01:23:45.401441+00:00,712,317.78
AF4825,2710,1120,4170,2026-05-28 10:50:36+00:00,2026-05-28 19:37:13.730760+00:00,975,1759.25
DL7381,4827,4021,120,2025-12-07 18:28:49+00:00,2025-12-08 02:08:24.243210+00:00,231,443.86
EK8540,3382,148,1966,2025-11-12 12:07:48+00:00,2025-11-13 00:53:53.205734+00:00,756,1632.73
AD1428,112,1273,1245,2025-10-19 13:18:49+00:00,2025-10-19 21:16:52.150355+00:00,512,333.56
LH1645,424,4274,2758,2026-01-21 02:25:39+00:00,2026-01-21 14:55:10.516087+00:00,586,196.78
AF2420,745,1393,2746,2026-03-25 11:51:08+00:00,2026-03-25 21:06:30.146146+00:00,810,1619.14
G37529,3412,4210,1602,2026-05-30 16:46:52+00:00,2026-05-30 18:42:28.543783+00:00,62,360.12
LH6749,1166,2287,4428,2026-05-15 19:02:07+00:00,2026-05-15 22:37:27.594578+00:00,341,1596.53
LH2571,1895,935,3054,2025-10-19 17:33:10+00:00,2025-10-19 18:55:43.574255+00:00,172,482.54
EK4970,4034,1143,2609,2025-10-04 10:12:29+00:00,2025-10-04 13:02:13.348979+00:00,1,2186.23
AA7571,2003,4355,3766,2026-01-08 18:53:07+00:00,2026-01-09 06:48:25.909100+00:00,564,1736.14
LA8487,1778,2901,719,2025-06-25 13:45:05+00:00,2025-06-25 19:59:13.014591+00:00,659,2136.53
AA7559,2729,4854,2509,2025-06-25 09:19:56+00:00,2025-06-25 23:02:20.766202+00:00,756,556.77
AF2009,979,1687,4751,2026-01-19 04:35:11+00:00,2026-01-19 11:43:52.704768+00:00,253,2046.97
G39584,2915,861,337,2025-10-18 17:32:53+00:00,2025-10-19 01:02:26.117385+00:00,533,1167.08
LA5939,2994,1641,3172,2025-08-25 13:55:09+00:00,2025-08-26 02:00:41.627861+00:00,518,508.71
AD8784,4143,2460,2168,2026-01-14 02:28:55+00:00,2026-01-14 16:12:38.778370+00:00,430,2143.21
TP7840,869,2023,2531,2026-03-05 09:01:21+00:00,2026-03-05 17:58:02.170197+00:00,428,1338.55
AD3769,948,579,2260,2025-12-18 02:44:07+00:00,2025-12-18 07:58:21.081101+00:00,828,1607.42
TP5404,4246,563,4746,2025-09-25 11:48:26+00:00,2025-09-25 16:29:52.643490+00:00,822,1736.03
JJ107,1466,1717,446,2026-02-07 21:26:16+00:00,2026-02-08 08:20:17.719518+00:00,994,349.73
IB6381,4038,4685,4560,2026-01-23 01:12:40+00:00,2026-01-23 05:02:55.223396+00:00,436,1888.83
EK8628,449,1491,47,2026-04-10 13:33:30+00:00,2026-04-10 23:35:40.438184+00:00,143,2496.71
TP6156,4284,2405,2171,2025-12-06 22:42:37+00:00,2025-12-07 00:38:23.270382+00:00,686,1721.48
DL9127,875,2844,4739,2025-06-06 15:53:52+00:00,2025-06-07 03:59:22.770950+00:00,859,1145.59
SQ508,2951,2929,4435,2025-09-26 05:19:22+00:00,2025-09-26 11:02:48.281060+00:00,920,2085.73
AA4533,1505,2758,2074,2025-12-03 22:47:01+00:00,2025-12-04 01:07:28.160415+00:00,660,1623.45
DL104,1706,4959,157,2026-05-25 23:10:08+00:00,2026-05-26 03:30:03.112428+00:00,337,412.17
G39511,2522,4486,4462,2025-06-27 11:15:09+00:00,2025-06-27 14:35:56.368216+00:00,821,1101.16
AF9959,3189,247,3561,2026-03-07 23:58:04+00:00,2026-03-08 09:17:50.671690+00:00,120,1255.71
IB1934,2083,383,3471,2025-08-28 07:43:52+00:00,2025-08-28 17:39:08.883922+00:00,419,812.82
EK8458,1862,4326,2138,2026-03-10 00:40:35+00:00,2026-03-10 05:44:18.248927+00:00,492,1046.14
SQ8782,2454,3473,4992,2025-09-20 19:42:18+00:00,2025-09-21 07:28:55.665298+00:00,590,1176.45
SQ5092,2427,379,2301,2025-06-04 02:55:48+00:00,2025-06-04 15:05:30.127656+00:00,498,1829.05
DL6511,2931,384,782,2025-10-11 04:21:08+00:00,2025-10-11 11:00:28.703731+00:00,604,1315.74
SQ1551,2345,527,4429,2025-07-25 13:54:17+00:00,2025-07-26 03:30:19.570986+00:00,547,1770.73
LH4738,3528,1859,4360,2026-02-24 09:39:04+00:00,2026-02-24 21:28:22.732650+00:00,724,1366.69
SQ8740,609,2245,4318,2026-01-15 03:40:10+00:00,2026-01-15 11:07:18.611723+00:00,882,2260.0
IB107,4417,3183,184,2026-04-05 20:09:22+00:00,2026-04-06 06:05:30.182288+00:00,952,245.4
G39954,1998,1773,299,2025-09-14 18:05:52+00:00,2025-09-15 06:55:25.255988+00:00,673,1306.41
JJ3820,4225,4826,3911,2025-06-30 04:52:00+00:00,2025-06-30 06:21:03.774920+00:00,942,145.14
QR8466,142,4616,2322,2026-01-15 02:13:06+00:00,2026-01-15 14:23:35.577315+00:00,204,156.08
EK1444,2617,1986,3664,2025-07-16 12:09:41+00:00,2025-07-16 19:32:52.037128+00:00,346,332.34
DL3797,4059,2489,4953,2026-04-12 10:41:28+00:00,2026-04-12 15:47:39.816586+00:00,759,253.35
JJ9381,999,4981,3060,2026-04-30 00:33:30+00:00,2026-04-30 13:07:50.495145+00:00,751,1948.09
SQ2681,454,713,1594,2025-09-20 23:29:12+00:00,2025-09-21 12:28:58.773931+00:00,705,1663.79
SQ9073,390,4707,3384,2026-05-30 20:52:01+00:00,2026-05-30 22:19:19.436274+00:00,692,308.52
IB8631,1387,4783,2809,2025-10-10 21:38:25+00:00,2025-10-11 03:15:11.569655+00:00,389,374.7
JJ7646,1126,2325,1898,2026-06-02 13:57:31+00:00,2026-06-02 16:12:28.445320+00:00,365,716.97
G32955,862,1967,551,2025-12-28 11:26:03+00:00,2025-12-28 20:58:10.227418+00:00,247,463.18
LH4614,2068,1239,1926,2026-04-12 12:04:13+00:00,2026-04-12 13:53:15.553536+00:00,696,503.65
G39206,4611,4242,1973,2026-01-29 20:04:52+00:00,2026-01-30 02:15:28.700223+00:00,565,1782.55
UA8975,1886,2363,742,2025-08-10 03:43:23+00:00,2025-08-10 14:25:25.503417+00:00,609,1328.08
DL2189,2242,1545,3290,2026-02-01 00:17:42+00:00,2026-02-01 12:25:17.905690+00:00,779,1112.11
BA4509,1562,3853,1895,2025-11-26 03:16:56+00:00,2025-11-26 04:27:23.261381+00:00,783,930.75
IB8933,1119,3081,1775,2025-06-14 23:02:54+00:00,2025-06-15 03:35:32.416889+00:00,674,2406.62
QR3621,337,2447,2336,2026-02-08 05:07:48+00:00,2026-02-08 08:50:06.159357+00:00,829,524.63
TP198,3258,3728,2088,2025-12-29 14:41:45+00:00,2025-12-30 03:01:56.341945+00:00,435,1264.42
LA429,3761,4266,2643,2026-04-27 17:11:57+00:00,2026-04-28 06:36:28.629838+00:00,471,2406.97
QR6203,639,2838,2450,2026-04-03 15:26:04+00:00,2026-04-04 02:16:38.917190+00:00,284,1895.69
AD3837,3101,970,2349,2025-08-07 20:41:16+00:00,2025-08-08 07:00:06.809479+00:00,24,1651.35
AF1181,4667,606,1485,2026-02-08 02:08:05+00:00,2026-02-08 12:16:26.696248+00:00,808,656.6
LA9330,2504,1613,4166,2026-05-29 02:51:19+00:00,2026-05-29 09:19:51.662526+00:00,176,2236.14
AF9185,346,30,4898,2026-03-03 16:18:46+00:00,2026-03-03 20:48:43.146920+00:00,799,1151.61
DL9779,1398,4881,617,2025-06-16 01:17:14+00:00,2025-06-16 12:44:17.384545+00:00,569,1958.01
G39769,3992,3617,334,2026-05-08 09:11:05+00:00,2026-05-08 13:47:41.535707+00:00,250,1824.53
LH9191,3077,836,4425,2025-11-08 08:09:02+00:00,2025-11-08 12:01:41.454750+00:00,731,2041.82
QR6240,3342,2933,19,2026-04-03 00:04:26+00:00,2026-04-03 13:44:11.978274+00:00,290,878.2
SQ1704,2938,4984,1172,2026-01-07 15:02:01+00:00,2026-01-07 19:41:30.709071+00:00,974,1740.42
AF8883,3155,975,2684,2025-06-16 20:59:05+00:00,2025-06-17 00:34:40.969318+00:00,124,1478.74
AF5699,1195,4110,4255,2025-12-21 18:10:27+00:00,2025-12-21 19:52:10.375598+00:00,980,1692.27
LA9743,2005,2208,3093,2026-04-10 08:11:06+00:00,2026-04-10 21:45:41.953635+00:00,152,1838.72
AD7861,1031,2018,3606,2025-11-07 19:49:17+00:00,2025-11-08 08:07:33.903407+00:00,531,2456.43
DL2021,686,709,1234,2026-03-30 03:49:22+00:00,2026-03-30 15:24:29.228927+00:00,165,320.57
IB7333,4773,1583,4609,2025-08-25 02:20:25+00:00,2025-08-25 13:12:11.782746+00:00,519,488.65
IB9093,3668,672,4661,2025-11-02 02:26:37+00:00,2025-11-02 10:01:07.212071+00:00,502,2385.35
TP5397,3398,3456,4712,2026-06-01 18:39:01+00:00,2026-06-01 20:14:02.931982+00:00,738,1714.16
LA7706,94,3905,935,2025-11-16 05:15:06+00:00,2025-11-16 11:10:29.403719+00:00,5,1851.53
QR7812,3687,3769,4647,2025-08-03 14:09:43+00:00,2025-08-04 02:34:56.663748+00:00,494,697.39
IB2332,3071,2585,4519,2026-03-06 19:47:24+00:00,2026-03-06 23:52:33.932404+00:00,737,203.92
LH1634,3407,436,2804,2026-02-09 08:30:31+00:00,2026-02-09 18:56:44.676917+00:00,755,336.33
IB5221,1407,2501,1897,2025-07-20 10:01:53+00:00,2025-07-20 14:59:45.589930+00:00,121,1633.46
QR2269,1065,156,258,2025-08-31 22:55:03+00:00,2025-09-01 12:35:39.422172+00:00,32,2278.51
TP1190,246,4458,174,2026-03-04 13:53:37+00:00,2026-03-04 16:07:42.856075+00:00,14,106.2
IB2782,2361,317,3592,2025-07-15 06:30:01+00:00,2025-07-15 13:41:44.281091+00:00,947,825.21
SQ3156,3984,4242,132,2025-08-31 18:54:40+00:00,2025-09-01 07:32:11.651183+00:00,688,275.28
LH1422,2865,2491,297,2025-06-19 00:04:29+00:00,2025-06-19 01:04:40.282127+00:00,773,1598.51
G33459,1224,3968,3425,2025-11-27 13:57:23+00:00,2025-11-27 19:55:56.156692+00:00,943,1270.4
LH2903,869,3329,3123,2025-07-03 11:48:00+00:00,2025-07-03 19:57:09.838153+00:00,332,1529.62
BA1315,1519,4603,250,2026-03-20 14:19:09+00:00,2026-03-21 02:42:35.713296+00:00,976,199.35
EK1278,1895,3556,4047,2025-11-08 10:53:36+00:00,2025-11-08 22:43:59.770510+00:00,382,2392.38
LH4823,1369,247,4784,2026-01-20 09:14:41+00:00,2026-01-20 18:53:51.248414+00:00,284,1518.38
BA9461,4090,3301,3396,2025-10-19 19:00:54+00:00,2025-10-20 05:21:41.270148+00:00,572,1967.78
TP6011,2027,1452,630,2025-08-05 09:21:47+00:00,2025-08-05 23:13:17.372075+00:00,944,456.61
DL144,4424,2951,1027,2025-06-30 16:15:16+00:00,2025-07-01 03:56:31.669821+00:00,187,360.18
EK5798,841,4499,608,2025-10-18 14:17:31+00:00,2025-10-18 23:24:43.060482+00:00,135,1231.85
BA3858,3662,2437,2676,2025-11-04 20:09:04+00:00,2025-11-05 09:54:35.423319+00:00,421,1816.45
EK5149,4734,4093,3065,2026-02-24 20:55:18+00:00,2026-02-24 22:03:54.217230+00:00,585,2002.67
IB1914,3343,2086,599,2025-06-13 02:09:22+00:00,2025-06-13 04:29:02.289196+00:00,506,2423.55
AA8985,3404,3485,641,2026-05-15 23:14:11+00:00,2026-05-16 10:25:57.734658+00:00,604,148.59
UA2856,1968,4411,773,2026-05-24 06:27:40+00:00,2026-05-24 18:47:01.423079+00:00,183,2030.64
SQ6696,2368,4893,2791,2025-10-17 17:34:02+00:00,2025-10-18 07:06:16.823072+00:00,777,809.65
SQ6699,3088,2161,3851,2025-10-29 13:16:39+00:00,2025-10-29 23:39:29.831821+00:00,215,361.21
IB5725,3953,2339,727,2026-01-14 03:43:19+00:00,2026-01-14 12:48:50.000359+00:00,50,195.65
QR8584,2916,3348,1602,2025-12-27 21:36:04+00:00,2025-12-28 04:26:48.633708+00:00,456,250.89
IB1392,1883,140,2881,2025-12-03 07:36:57+00:00,2025-12-03 13:58:42.532428+00:00,726,522.32
G33012,1480,4885,4494,2025-08-31 18:32:18+00:00,2025-09-01 02:07:55.822375+00:00,427,1431.98
LA9165,352,3968,840,2025-10-10 05:22:42+00:00,2025-10-10 13:01:56.458648+00:00,899,2476.21
AD2845,1794,3763,308,2026-02-16 19:17:45+00:00,2026-02-16 22:09:07.907975+00:00,353,2174.35
JJ6441,2050,1585,2864,2025-07-26 20:24:37+00:00,2025-07-26 23:03:01.842571+00:00,158,210.49
BA8662,561,474,1658,2025-11-09 07:42:46+00:00,2025-11-09 16:52:06.088873+00:00,420,874.7
AF663,4029,4872,4833,2026-01-08 10:15:01+00:00,2026-01-08 21:51:15.871146+00:00,527,2202.06
JJ4032,1146,2795,1889,2025-06-27 12:56:16+00:00,2025-06-27 18:15:03.526277+00:00,220,741.6
LH3514,4094,1574,3988,2026-01-09 04:47:08+00:00,2026-01-09 18:06:53.077909+00:00,595,917.39
QR5767,4838,3034,3459,2026-05-08 23:14:42+00:00,2026-05-09 05:31:07.509870+00:00,119,2025.0
TP7597,2327,2804,4387,2025-06-19 07:19:59+00:00,2025-06-19 11:03:25.034171+00:00,504,1737.11
G31194,891,942,4634,2025-06-30 08:20:52+00:00,2025-06-30 11:47:06.823055+00:00,471,1923.53
SQ7183,3856,1121,3233,2025-09-29 05:23:04+00:00,2025-09-29 15:58:11.468423+00:00,160,1631.85
SQ7216,1416,1640,1772,2025-12-16 07:24:31+00:00,2025-12-16 11:17:04.358155+00:00,7,558.51
LH3615,68,2245,3848,2026-01-29 20:08:58+00:00,2026-01-30 04:46:48.500626+00:00,387,1697.79
AA2271,2871,1137,2651,2026-02-04 18:21:32+00:00,2026-02-05 02:31:34.267759+00:00,41,1460.98
EK1829,4088,4031,2075,2025-12-09 19:15:46+00:00,2025-12-10 07:59:23.316245+00:00,872,168.29
UA3729,2900,1983,4702,2026-05-07 08:07:18+00:00,2026-05-07 19:51:30.951831+00:00,146,1210.26
AF4697,1035,2319,39,2025-10-21 11:56:18+00:00,2025-10-21 21:59:15.327745+00:00,442,249.89
TP3261,3112,3265,1906,2025-09-26 12:36:51+00:00,2025-09-26 23:06:54.681984+00:00,795,1690.48
SQ6029,2825,3380,4227,2025-12-16 00:54:07+00:00,2025-12-16 11:03:15.895483+00:00,399,288.3
LH8234,1500,1014,3035,2025-09-19 02:14:34+00:00,2025-09-19 10:15:38.721949+00:00,966,847.17
IB4095,3401,2888,1958,2025-07-05 17:44:52+00:00,2025-07-06 07:25:40.851065+00:00,497,2447.0
EK9270,1534,4957,1354,2025-07-15 14:37:02+00:00,2025-07-15 23:50:52.485386+00:00,609,1608.29
UA8095,4833,3467,4249,2026-01-17 02:17:19+00:00,2026-01-17 07:31:57.900600+00:00,554,1303.18
JJ6216,211,3744,2923,2026-01-11 10:05:41+00:00,2026-01-11 22:06:30.681895+00:00,102,1186.24
DL7486,440,469,1621,2025-09-22 03:21:56+00:00,2025-09-22 06:51:30.600070+00:00,531,120.87
JJ8225,3973,4789,2501,2026-04-15 08:07:25+00:00,2026-04-15 21:11:57.536039+00:00,701,2486.69
JJ2322,2932,1625,1313,2026-03-26 07:49:04+00:00,2026-03-26 11:50:40.644597+00:00,259,1088.56
IB2528,4124,1742,2547,2025-12-10 17:01:25+00:00,2025-12-10 19:19:00.661069+00:00,953,223.97
AA2908,3272,2231,55,2025-10-10 16:33:37+00:00,2025-10-11 02:05:47.763419+00:00,786,1335.92
AD5857,3587,3955,4036,2026-04-06 19:59:06+00:00,2026-04-07 02:30:37.145883+00:00,172,1923.8
BA2301,3058,2073,1215,2025-11-19 22:38:00+00:00,2025-11-20 06:19:49.858972+00:00,760,1632.06
LA8201,3155,721,3046,2026-05-19 17:39:04+00:00,2026-05-19 23:21:23.237723+00:00,88,1751.18
EK7663,3124,113,2336,2025-08-31 15:16:34+00:00,2025-08-31 21:20:13.941918+00:00,400,1953.52
QR8473,312,4614,2606,2026-03-06 05:53:02+00:00,2026-03-06 19:38:03.925009+00:00,714,2400.77
LH6633,3188,1690,4055,2026-05-07 09:06:14+00:00,2026-05-07 20:23:35.286743+00:00,259,1993.83
BA9630,4552,320,2411,2025-09-03 19:59:28+00:00,2025-09-03 23:39:29.224771+00:00,633,1887.16
AA7241,1131,3478,1322,2025-12-20 09:16:39+00:00,2025-12-20 10:27:18.142214+00:00,952,2446.86
LA9940,2661,2538,487,2026-05-26 19:10:55+00:00,2026-05-27 04:04:37.866984+00:00,979,202.13
JJ2361,3419,1512,4539,2026-05-18 21:44:34+00:00,2026-05-19 03:58:29.900680+00:00,170,2074.06
AA4587,2433,4103,661,2025-11-22 14:13:36+00:00,2025-11-23 01:29:43.304268+00:00,695,2414.04
DL4263,4655,1272,2955,2026-01-17 20:53:05+00:00,2026-01-18 10:11:31.593751+00:00,587,2425.91
TP4561,196,906,165,2025-08-30 11:27:11+00:00,2025-08-30 15:36:04.881232+00:00,410,60.72
AD9649,1694,4461,2686,2026-04-18 00:58:09+00:00,2026-04-18 10:57:22.904464+00:00,817,1505.9
UA2188,810,4789,4569,2025-08-26 05:37:56+00:00,2025-08-26 16:01:18.854638+00:00,873,222.0
SQ9703,3813,3242,4012,2025-08-13 08:10:41+00:00,2025-08-13 10:57:45.784620+00:00,126,1450.65
AA1914,1523,4803,819,2025-08-29 21:50:20+00:00,2025-08-30 10:39:21.092660+00:00,633,1025.17
TP4420,2523,40,4230,2025-10-16 01:10:33+00:00,2025-10-16 04:00:44.202673+00:00,80,117.22
AA4975,1941,868,2743,2025-11-07 17:26:15+00:00,2025-11-08 06:55:21.605137+00:00,245,2056.63
AD185,4026,1416,172,2026-01-28 08:19:12+00:00,2026-01-28 13:13:55.592898+00:00,731,2015.4
LA6755,498,3887,720,2026-01-15 02:38:24+00:00,2026-01-15 10:02:25.070733+00:00,248,1580.58
EK7411,3606,2787,2038,2026-05-04 08:04:52+00:00,2026-05-04 20:25:45.796065+00:00,588,1641.56
G33234,3473,2017,1191,2025-07-09 20:56:41+00:00,2025-07-10 03:54:41.486889+00:00,2,628.72
AF8561,4348,1452,648,2026-03-14 17:34:14+00:00,2026-03-14 22:37:46.865855+00:00,827,2342.05
QR3150,1062,179,2645,2026-03-23 19:00:41+00:00,2026-03-24 04:01:28.531639+00:00,158,1568.24
BA6103,1755,2854,2353,2025-06-23 11:09:22+00:00,2025-06-23 18:29:54.768946+00:00,653,1608.56
EK2859,1705,2713,3405,2025-11-26 23:04:40+00:00,2025-11-27 08:25:42.179318+00:00,691,456.93
TP6260,1707,2215,2635,2025-07-14 00:29:59+00:00,2025-07-14 06:25:12.799931+00:00,547,2088.93
SQ2054,2278,1445,1487,2025-06-17 18:22:50+00:00,2025-06-17 20:56:10.379558+00:00,57,2332.02
LA8128,2021,4107,1667,2025-12-13 05:55:20+00:00,2025-12-13 11:20:27.699646+00:00,980,613.81
AA4839,2977,936,4108,2025-08-01 02:52:46+00:00,2025-08-01 14:40:42.397427+00:00,444,2478.99
JJ5411,151,3500,322,2026-02-02 09:09:25+00:00,2026-02-02 17:44:12.667022+00:00,579,843.69
QR3650,3993,1232,2938,2025-11-09 09:33:23+00:00,2025-11-09 17:05:03.109359+00:00,672,157.96
BA3666,242,1959,262,2025-09-09 11:02:23+00:00,2025-09-09 21:50:41.208627+00:00,523,1577.67
EK6478,280,4016,2667,2025-10-26 17:23:23+00:00,2025-10-27 05:39:44.813364+00:00,175,506.93
QR3283,2511,3937,438,2025-10-28 04:25:39+00:00,2025-10-28 15:46:39.395142+00:00,833,2190.27
AA3233,2196,4849,3354,2025-08-14 09:13:34+00:00,2025-08-14 15:28:50.252805+00:00,400,2290.37
BA3957,2154,3796,4520,2026-01-20 13:54:40+00:00,2026-01-20 19:45:00.203975+00:00,800,492.21
EK2225,4272,4492,821,2025-08-07 05:49:51+00:00,2025-08-07 07:23:59.336271+00:00,130,1643.31
BA2090,3252,1739,1226,2026-03-23 21:52:03+00:00,2026-03-24 01:21:24.610210+00:00,881,54.73
QR9428,2666,4095,428,2026-05-26 08:13:04+00:00,2026-05-26 15:53:09.043657+00:00,40,336.78
DL4934,2397,3557,4300,2025-07-10 18:34:14+00:00,2025-07-11 07:26:36.359194+00:00,723,1358.96
AF3972,710,4394,164,2025-07-26 14:39:01+00:00,2025-07-27 03:41:28.950192+00:00,857,106.05
G35298,805,943,358,2025-07-26 19:54:43+00:00,2025-07-26 22:03:15.854743+00:00,52,1012.38
LA8642,3975,649,101,2025-07-05 04:49:55+00:00,2025-07-05 07:22:54.777757+00:00,419,1078.72
BA1948,4746,412,2313,2025-06-25 17:41:18+00:00,2025-06-26 07:33:39.910079+00:00,121,572.46
EK4840,2950,622,2584,2025-11-02 22:48:15+00:00,2025-11-03 08:10:11.502168+00:00,309,2363.15
UA7551,1295,1988,2642,2026-01-29 03:13:21+00:00,2026-01-29 06:43:22.305324+00:00,814,1787.22
AA2845,1090,1096,588,2025-09-26 10:50:36+00:00,2025-09-27 00:45:42.060612+00:00,807,930.1
EK529,976,688,2557,2025-08-22 05:19:58+00:00,2025-08-22 13:16:59.897636+00:00,554,1671.09
BA8262,2868,236,1157,2025-11-29 18:40:31+00:00,2025-11-30 05:44:02.315372+00:00,480,744.83
UA2290,97,1305,738,2026-01-27 09:14:13+00:00,2026-01-27 20:22:58.734347+00:00,960,302.13
AA8047,1213,2731,3516,2026-05-22 08:06:08+00:00,2026-05-22 14:17:03.757907+00:00,324,876.36
G36755,1020,340,3868,2026-04-30 02:49:09+00:00,2026-04-30 08:06:26.274104+00:00,752,86.03
LH924,149,4296,3269,2026-03-29 01:35:33+00:00,2026-03-29 07:16:53.901573+00:00,760,1689.22
IB9226,587,2181,931,2026-03-27 23:05:09+00:00,2026-03-28 04:19:22.902437+00:00,511,133.11
DL6205,3283,4590,3225,2025-10-29 02:10:02+00:00,2025-10-29 03:15:28.075157+00:00,482,1614.58
BA535,2594,1693,3551,2025-07-27 14:43:37+00:00,2025-07-27 17:06:42.355629+00:00,969,1660.81
JJ9825,2397,1959,2833,2025-11-20 08:59:15+00:00,2025-11-20 11:32:44.581028+00:00,241,1689.45
BA8878,3145,824,663,2025-06-23 11:27:39+00:00,2025-06-23 20:39:50.398090+00:00,242,180.88
AD3096,2002,2707,3127,2025-09-08 18:17:13+00:00,2025-09-08 23:11:34.548088+00:00,435,1422.76
G35521,1941,1183,3261,2025-11-09 14:48:44+00:00,2025-11-09 17:49:45.740990+00:00,297,2110.53
QR2748,530,504,908,2025-09-16 04:53:01+00:00,2025-09-16 17:48:40.606916+00:00,145,1407.4
LA8307,4026,2088,2738,2026-05-14 17:53:30+00:00,2026-05-14 20:06:59.237660+00:00,189,1392.01
AD962,4975,2839,4661,2025-12-22 08:36:55+00:00,2025-12-22 18:16:18.951847+00:00,149,2368.42
EK4272,2669,1054,3907,2025-12-10 06:52:15+00:00,2025-12-10 09:49:45.265379+00:00,891,614.62
AF247,536,3509,1241,2025-12-20 22:48:01+00:00,2025-12-21 09:09:40.502778+00:00,121,894.75
LH8291,1754,2455,3082,2026-04-13 05:44:17+00:00,2026-04-13 10:44:22.922208+00:00,228,2123.07
DL2001,1384,3665,3029,2025-07-27 16:44:07+00:00,2025-07-27 21:45:14.374071+00:00,188,1813.62
IB2480,204,602,4406,2025-11-28 14:47:13+00:00,2025-11-28 23:58:18.290136+00:00,835,180.7
IB2576,4660,3540,4435,2026-02-12 16:15:49+00:00,2026-02-13 01:19:08.440739+00:00,756,2323.03
LH3354,3641,3523,351,2025-12-19 05:40:04+00:00,2025-12-19 18:14:28.061676+00:00,272,1304.72
AD596,4600,3592,3113,2025-11-23 09:43:03+00:00,2025-11-23 18:21:42.809772+00:00,802,2483.4
JJ551,3742,1416,2130,2025-09-01 03:48:21+00:00,2025-09-01 07:37:01.213162+00:00,243,641.75
JJ4028,3349,4154,4033,2025-10-06 12:21:11+00:00,2025-10-07 02:09:27.814111+00:00,496,1236.43
G3622,4327,3510,1318,2026-04-20 07:44:03+00:00,2026-04-20 18:13:33.962210+00:00,97,1040.19
LA8022,282,4577,3591,2026-04-13 19:34:19+00:00,2026-04-14 06:42:32.885997+00:00,498,368.62
JJ4101,76,967,3481,2025-12-30 23:58:51+00:00,2025-12-31 05:16:26.834761+00:00,771,1027.94
LH7581,3568,2325,4566,2026-02-22 16:11:57+00:00,2026-02-23 02:32:51.580277+00:00,936,1810.72
LA1426,4514,1627,2507,2025-11-13 13:37:28+00:00,2025-11-13 21:28:35.605034+00:00,688,1704.08
AD1179,2767,2085,4672,2025-10-19 14:07:47+00:00,2025-10-19 17:01:37.149697+00:00,858,602.96
BA8900,1604,1546,1743,2026-03-01 14:35:49+00:00,2026-03-01 19:40:38.188873+00:00,450,1058.85
SQ1717,122,193,764,2026-01-04 01:50:39+00:00,2026-01-04 06:40:08.030498+00:00,799,1522.64
LH1828,1537,888,1028,2026-05-30 06:52:17+00:00,2026-05-30 08:25:19.986565+00:00,886,188.98
UA5573,2316,1528,3142,2025-08-12 09:48:17+00:00,2025-08-12 17:45:08.181668+00:00,107,1912.07
QR8704,3512,441,4356,2025-08-23 19:00:02+00:00,2025-08-23 20:14:42.450281+00:00,137,1135.1
BA4327,4627,4050,359,2026-02-27 02:17:25+00:00,2026-02-27 14:34:23.682296+00:00,204,1775.98
QR7199,2596,1807,14,2025-10-27 11:06:54+00:00,2025-10-27 21:59:32.263543+00:00,218,235.96
LH5122,1840,1514,2367,2026-06-03 11:40:52+00:00,2026-06-04 01:36:47.495780+00:00,264,631.65
DL1997,2287,5,1424,2025-08-16 13:13:06+00:00,2025-08-16 22:49:21.090030+00:00,988,466.8
JJ2045,2212,4308,2643,2026-04-17 04:33:13+00:00,2026-04-17 09:34:26.288625+00:00,822,686.42
AA8234,1675,4611,734,2026-05-25 03:39:54+00:00,2026-05-25 11:54:50.554619+00:00,371,585.68
AD3131,1173,154,2123,2025-06-16 07:12:21+00:00,2025-06-16 16:54:47.037584+00:00,752,1650.01
LH3103,1148,2094,4273,2026-05-27 23:28:08+00:00,2026-05-28 04:41:37.931103+00:00,937,1664.07
AD4362,847,2083,3564,2026-05-05 11:11:22+00:00,2026-05-05 17:39:12.097644+00:00,25,1901.77
DL1631,285,14,3671,2025-11-11 22:01:21+00:00,2025-11-12 03:19:12.452197+00:00,227,1790.18
AA1380,393,4255,1769,2025-07-24 03:36:13+00:00,2025-07-24 08:13:03.773081+00:00,806,787.42
TP1106,4095,3582,214,2025-11-26 01:43:22+00:00,2025-11-26 05:36:07.299786+00:00,257,822.91
LA509,3931,3661,4335,2025-11-27 01:36:09+00:00,2025-11-27 05:28:26.484805+00:00,441,814.77
G36103,2851,722,3708,2025-11-26 11:21:12+00:00,2025-11-26 13:07:34.263835+00:00,131,1454.56
LA5301,3643,4099,3057,2026-05-02 15:21:09+00:00,2026-05-03 01:36:16.190484+00:00,166,972.9
G3172,4601,332,3651,2026-02-03 11:08:02+00:00,2026-02-03 19:05:25.574114+00:00,289,213.83
SQ1003,1383,4091,3628,2026-04-24 05:21:03+00:00,2026-04-24 11:59:12.400030+00:00,429,2169.77
G31975,1413,2719,4233,2025-12-17 20:11:20+00:00,2025-12-17 23:12:34.313250+00:00,139,612.36
UA4470,3657,2201,2051,2026-01-22 04:30:05+00:00,2026-01-22 16:21:33.880694+00:00,464,1345.87
G32587,2722,1689,122,2025-08-12 21:22:00+00:00,2025-08-13 01:27:16.527756+00:00,223,2408.74
AA9903,1079,2920,1364,2026-01-02 05:23:05+00:00,2026-01-02 17:00:21.602866+00:00,96,670.62
AA8624,1116,2714,576,2025-08-18 09:29:22+00:00,2025-08-18 21:17:51.997971+00:00,665,2332.68
DL4646,634,2862,231,2026-01-07 15:51:51+00:00,2026-01-08 04:36:05.505242+00:00,865,131.39
DL4558,2279,4331,4465,2025-12-30 13:00:43+00:00,2025-12-30 16:32:37.910369+00:00,582,1106.04
IB9712,4968,3786,1173,2025-07-11 15:06:57+00:00,2025-07-12 04:27:00.430354+00:00,286,2261.1
LA2224,3003,1124,10,2025-08-01 21:56:42+00:00,2025-08-02 00:43:54.437231+00:00,374,2368.06
EK5153,3668,800,4935,2026-01-19 22:57:56+00:00,2026-01-20 05:26:28.952605+00:00,889,1956.76
AA5016,3076,4702,2146,2025-12-28 05:47:01+00:00,2025-12-28 10:31:54.885585+00:00,734,1859.95
G37781,2113,4135,2962,2026-05-07 10:37:14+00:00,2026-05-07 15:56:33.109832+00:00,587,916.04
DL6836,1864,4815,3203,2025-10-03 20:23:21+00:00,2025-10-04 03:31:07.229136+00:00,235,703.06
BA7364,4884,1935,4305,2025-10-31 21:24:20+00:00,2025-11-01 03:39:36.111019+00:00,518,227.44
LH5589,689,1273,3790,2025-07-27 09:31:15+00:00,2025-07-27 19:02:17.205415+00:00,469,931.39
QR7119,3441,1068,3547,2025-09-04 08:13:09+00:00,2025-09-04 21:08:29.403541+00:00,955,1402.38
BA2487,4521,4414,2885,2025-07-11 20:52:23+00:00,2025-07-12 03:29:59.727883+00:00,456,1720.06
G37617,747,724,4325,2026-03-14 14:25:53+00:00,2026-03-15 03:24:34.012509+00:00,434,118.38
DL6570,287,1223,3740,2025-07-05 04:45:02+00:00,2025-07-05 09:41:23.852807+00:00,23,933.19
DL8731,1549,2983,1122,2025-10-27 07:11:59+00:00,2025-10-27 20:04:16.112314+00:00,558,1575.24
EK7757,866,2603,324,2025-10-26 02:58:32+00:00,2025-10-26 14:44:32.407783+00:00,8,1579.55
LH5948,3736,4294,1879,2026-05-10 14:39:39+00:00,2026-05-10 18:28:26.526929+00:00,937,1324.97
EK2807,4809,2812,3277,2025-11-17 16:42:08+00:00,2025-11-17 21:34:11.531538+00:00,260,1745.08
TP949,2530,4401,4302,2026-04-24 20:55:35+00:00,2026-04-25 04:48:17.031629+00:00,154,760.65
IB2000,386,3732,2121,2026-01-21 02:34:17+00:00,2026-01-21 15:51:06.322852+00:00,606,1474.67
TP8224,1674,1613,3198,2025-10-24 04:15:24+00:00,2025-10-24 10:45:18.855364+00:00,797,540.07
QR2106,4161,2030,4356,2025-06-24 21:29:49+00:00,2025-06-25 06:28:33.134039+00:00,902,1862.31
LH8782,2572,66,3738,2025-07-22 21:25:26+00:00,2025-07-23 02:56:06.770015+00:00,437,179.64
LH7663,4918,52,4389,2025-07-23 16:09:08+00:00,2025-07-23 23:21:22.304967+00:00,697,1659.11
AA9345,140,1124,446,2026-04-19 05:37:20+00:00,2026-04-19 15:52:39.838798+00:00,611,395.87
QR1957,4123,2284,7,2025-11-08 06:55:51+00:00,2025-11-08 08:55:25.896447+00:00,722,1656.02
AD8341,2080,1039,4516,2025-12-09 09:01:10+00:00,2025-12-09 14:50:38.409290+00:00,829,439.78
IB2511,4124,2661,1747,2026-01-08 13:47:44+00:00,2026-01-09 01:08:26.234954+00:00,247,2030.92
UA6270,2266,3369,3780,2025-11-06 16:21:58+00:00,2025-11-07 01:08:44.833271+00:00,368,427.95
QR8359,2217,839,134,2026-04-06 15:29:17+00:00,2026-04-06 17:05:48.031409+00:00,131,1922.23
LA4204,3553,4035,3818,2026-02-02 12:28:24+00:00,2026-02-03 01:08:28.857626+00:00,492,945.72
LA4296,4789,3154,303,2026-02-11 13:38:00+00:00,2026-02-11 23:21:35.296895+00:00,816,851.11
G3836,9,1418,3827,2026-01-17 08:19:49+00:00,2026-01-17 13:50:07.394336+00:00,665,174.83
SQ9447,4762,3542,2727,2026-01-10 10:27:48+00:00,2026-01-10 22:05:29.929539+00:00,955,505.68
IB7208,3152,3913,4055,2026-04-05 14:26:59+00:00,2026-04-05 17:34:49.421772+00:00,597,2300.8
AD7023,3904,3384,4301,2025-06-29 23:22:29+00:00,2025-06-30 07:56:18.510074+00:00,414,2141.2
QR4989,2877,4283,2045,2025-11-25 01:08:31+00:00,2025-11-25 12:16:10.331730+00:00,937,866.86
BA3850,2943,2868,3627,2026-01-09 11:22:42+00:00,2026-01-09 16:47:17.012654+00:00,996,399.13
UA5822,2550,485,1876,2025-07-01 08:45:52+00:00,2025-07-01 17:19:08.799584+00:00,861,2058.4
TP4736,389,4594,149,2026-04-02 17:47:06+00:00,2026-04-03 06:40:17.541098+00:00,497,1890.54
LA416,3424,2205,2308,2025-10-30 23:00:27+00:00,2025-10-31 08:36:40.285242+00:00,512,492.66
AA8145,4676,3104,2609,2026-03-14 23:04:02+00:00,2026-03-15 08:02:49.581192+00:00,366,1024.61
EK2010,4822,4641,1974,2025-09-13 06:45:19+00:00,2025-09-13 19:36:41.483856+00:00,18,808.34
IB706,371,4715,2450,2026-05-04 21:50:10+00:00,2026-05-05 03:18:02.449396+00:00,36,203.42
EK3742,1870,1547,2312,2025-11-06 19:26:16+00:00,2025-11-07 04:11:47.490596+00:00,72,799.17
EK8495,278,2580,4771,2026-01-23 00:18:49+00:00,2026-01-23 11:35:39.394985+00:00,709,1696.04
AA4304,3176,1016,1626,2025-09-24 12:27:27+00:00,2025-09-24 19:25:26.298995+00:00,654,1340.38
AD8736,3969,1629,1557,2025-12-29 04:03:35+00:00,2025-12-29 12:16:23.047701+00:00,436,855.5
JJ8907,3045,1050,4015,2025-12-08 11:16:58+00:00,2025-12-09 00:04:30.146559+00:00,950,1913.97
IB3889,2515,1024,1917,2026-05-01 03:48:40+00:00,2026-05-01 15:48:16.699699+00:00,181,518.91
EK1577,2299,2697,1703,2025-07-10 02:38:54+00:00,2025-07-10 04:43:49.329078+00:00,655,204.9
TP8964,684,91,3236,2025-07-07 11:16:33+00:00,2025-07-07 14:19:38.080477+00:00,550,203.76
QR3375,4436,1970,3256,2025-08-11 03:43:11+00:00,2025-08-11 13:31:46.009911+00:00,782,1000.03
IB6440,3448,869,1389,2025-10-07 05:25:59+00:00,2025-10-07 16:41:12.025378+00:00,555,249.22
AF306,2384,3234,3844,2025-11-05 21:54:41+00:00,2025-11-06 02:29:49.944439+00:00,427,578.64
JJ7552,695,2553,325,2026-04-10 17:51:43+00:00,2026-04-10 19:58:10.308691+00:00,970,2326.91
AA8012,2347,71,556,2025-11-24 15:04:00+00:00,2025-11-25 04:52:24.323053+00:00,564,2335.83
BA7624,2909,513,3299,2025-09-03 03:12:20+00:00,2025-09-03 09:22:16.557370+00:00,252,1673.77
QR159,166,1914,4881,2026-02-09 12:18:01+00:00,2026-02-09 22:34:57.069906+00:00,669,1808.42
IB1499,4627,4538,3175,2025-12-31 17:29:59+00:00,2026-01-01 00:02:40.996588+00:00,217,2224.14
AF8446,1987,2369,4824,2025-10-27 07:24:36+00:00,2025-10-27 11:49:30.449825+00:00,727,1029.11
UA6426,3198,4380,3962,2025-07-23 14:07:43+00:00,2025-07-23 23:28:09.102762+00:00,893,1566.94
BA4023,4927,3400,2233,2025-11-28 10:09:13+00:00,2025-11-28 22:38:45.125436+00:00,922,1460.71
AF8297,705,4719,3849,2025-12-08 11:48:48+00:00,2025-12-09 00:46:52.851560+00:00,960,1745.53
BA2063,1694,2279,1990,2025-09-26 21:00:54+00:00,2025-09-27 08:46:32.618987+00:00,957,1300.46
JJ6139,3952,317,35,2025-08-15 23:22:06+00:00,2025-08-16 03:56:56.694971+00:00,893,421.68
AA9534,2059,1924,3922,2025-10-17 01:46:09+00:00,2025-10-17 11:14:49.625291+00:00,989,1879.92
IB2757,4718,1115,1285,2026-04-26 22:49:01+00:00,2026-04-27 02:14:10.923653+00:00,176,1557.57
UA8484,2235,4699,135,2025-11-26 14:19:43+00:00,2025-11-26 17:30:35.356503+00:00,178,2036.26
BA828,2447,4516,2013,2025-11-19 01:04:08+00:00,2025-11-19 04:44:16.894176+00:00,803,1074.93
AF7653,4871,1260,1876,2025-10-14 10:02:52+00:00,2025-10-14 12:41:57.635063+00:00,81,125.57
LA3550,1156,3040,345,2026-01-28 15:41:44+00:00,2026-01-28 23:39:27.332625+00:00,758,1178.73
G33174,2419,3235,1861,2025-08-28 08:04:40+00:00,2025-08-28 12:05:18.007470+00:00,942,1572.59
AF6751,3671,3113,4997,2026-01-09 23:01:23+00:00,2026-01-10 08:03:58.168542+00:00,177,124.84
QR6196,3832,3535,268,2026-05-13 03:44:35+00:00,2026-05-13 05:41:36.613743+00:00,846,411.64
EK4400,1466,4416,120,2026-02-19 11:29:13+00:00,2026-02-19 14:33:02.819847+00:00,231,955.38
TP4757,1232,2354,2378,2026-02-04 11:01:27+00:00,2026-02-04 14:55:47.694492+00:00,830,1188.44
DL1058,4283,41,3916,2025-11-09 18:32:58+00:00,2025-11-10 06:39:54.819426+00:00,216,1080.68
IB9419,4879,1937,353,2025-08-01 09:06:52+00:00,2025-08-01 16:16:28.018139+00:00,452,1308.46
TP2841,147,3037,2334,2025-07-04 07:01:25+00:00,2025-07-04 13:19:13.108494+00:00,964,1791.44
BA1419,9,2072,2992,2026-05-04 00:11:17+00:00,2026-05-04 02:01:49.473168+00:00,992,2223.51
UA4512,1004,2044,2826,2025-12-19 07:00:51+00:00,2025-12-19 14:25:40.520411+00:00,573,1378.68
AD5931,1279,2812,3519,2025-08-30 05:28:55+00:00,2025-08-30 10:11:44.632398+00:00,348,2066.82
TP4240,4434,4450,4508,2025-10-13 19:47:36+00:00,2025-10-14 03:24:23.655540+00:00,117,398.33
LA7754,4814,4027,4463,2026-01-23 10:35:25+00:00,2026-01-23 15:40:57.996895+00:00,611,1163.48
LA8625,714,3367,1653,2026-06-02 09:24:30+00:00,2026-06-02 12:11:20.747142+00:00,332,91.99
LA5571,2427,915,2998,2026-05-26 07:21:56+00:00,2026-05-26 10:19:26.520467+00:00,663,1406.52
AD2735,3991,2514,2660,2026-04-29 12:17:38+00:00,2026-04-29 18:29:33.517705+00:00,689,1037.95
LA5557,4605,3494,3362,2025-07-29 09:07:22+00:00,2025-07-29 17:23:35.058383+00:00,380,898.35
EK8723,3773,1240,3496,2026-03-17 16:56:27+00:00,2026-03-18 02:45:37.175825+00:00,47,1235.88
G32583,2884,1221,76,2025-09-13 22:25:02+00:00,2025-09-14 09:17:04.834739+00:00,589,934.99
LH2074,1507,667,163,2026-01-14 02:00:46+00:00,2026-01-14 04:43:51.357393+00:00,408,250.68
IB6996,2385,649,1919,2025-07-02 23:23:24+00:00,2025-07-03 12:32:51.880050+00:00,133,245.72
LH6967,781,529,4802,2025-10-28 21:06:04+00:00,2025-10-28 22:40:46.435673+00:00,340,1910.47
SQ1519,3894,2965,1703,2026-02-25 02:27:42+00:00,2026-02-25 05:30:39.997554+00:00,369,1240.39
EK6156,4440,4964,2084,2025-07-14 03:04:24+00:00,2025-07-14 06:47:16.704214+00:00,979,1953.25
BA9471,787,1592,898,2025-10-31 07:27:49+00:00,2025-10-31 10:43:49.113769+00:00,179,2251.23
UA3392,2986,1081,4725,2025-07-08 11:02:14+00:00,2025-07-08 19:31:14.800703+00:00,186,1872.09
AA3238,4548,250,3393,2026-03-02 05:58:04+00:00,2026-03-02 16:09:19.800018+00:00,357,1005.51
QR4602,3188,2809,4769,2025-08-14 15:53:31+00:00,2025-08-15 04:12:49.423540+00:00,469,551.78
JJ5953,770,711,465,2026-04-17 19:52:49+00:00,2026-04-18 02:17:30.811000+00:00,713,1190.04
AD6359,1718,4102,2973,2026-04-15 00:24:45+00:00,2026-04-15 06:54:30.668563+00:00,653,2049.9
G38511,4317,4716,843,2025-11-04 06:46:21+00:00,2025-11-04 20:28:48.696918+00:00,530,1086.43
QR3090,4892,3528,7,2025-11-11 21:35:32+00:00,2025-11-12 09:45:56.680691+00:00,668,1427.11
BA6437,815,3253,1468,2025-12-22 17:57:04+00:00,2025-12-23 01:06:56.150485+00:00,77,1439.5
SQ5326,3656,4098,4919,2025-07-07 00:00:19+00:00,2025-07-07 03:16:56.752737+00:00,263,2189.91
JJ4871,3192,2139,4134,2025-12-20 21:26:18+00:00,2025-12-21 06:31:42.770013+00:00,270,1899.34
TP5409,836,859,1023,2025-07-23 19:06:32+00:00,2025-07-23 20:25:26.755711+00:00,773,1670.85
JJ7530,4044,3829,2165,2025-08-29 00:43:57+00:00,2025-08-29 04:44:19.059824+00:00,245,1482.67
LH4801,2747,561,1079,2026-01-26 03:17:49+00:00,2026-01-26 10:22:19.068623+00:00,410,2479.85
TP2358,3312,1597,871,2025-08-09 17:40:12+00:00,2025-08-09 19:17:58.644880+00:00,131,2002.13
TP7977,1245,2672,1076,2026-05-22 09:00:36+00:00,2026-05-22 16:43:31.240568+00:00,799,241.86
TP9772,4804,509,1167,2025-09-11 05:27:30+00:00,2025-09-11 12:52:15.243286+00:00,620,1473.77
LA6801,2759,4541,4508,2025-10-18 19:36:57+00:00,2025-10-19 08:19:12.199151+00:00,569,1488.69
LH7348,1820,1669,837,2025-11-30 05:42:29+00:00,2025-11-30 11:18:07.852549+00:00,519,575.36
DL7985,287,3300,2371,2025-11-08 01:56:19+00:00,2025-11-08 11:49:32.883038+00:00,981,2190.53
EK4121,4902,998,4413,2025-09-27 04:54:03+00:00,2025-09-27 14:06:45.435311+00:00,45,65.72
BA6349,3319,3466,3219,2026-03-30 19:36:29+00:00,2026-03-31 08:45:56.409030+00:00,643,454.2
LA6531,2079,4014,1343,2026-01-16 00:33:44+00:00,2026-01-16 13:28:13.713907+00:00,131,1077.27
TP4549,540,1056,1170,2025-08-06 20:41:49+00:00,2025-08-07 07:31:29.579462+00:00,838,1612.83
G32132,3316,3974,4826,2026-02-07 04:22:04+00:00,2026-02-07 08:07:20.387060+00:00,813,1235.22
SQ302,4124,1547,499,2026-02-10 10:04:29+00:00,2026-02-10 18:13:13.110698+00:00,133,2259.9
AA7542,4272,3798,2127,2026-02-02 15:22:34+00:00,2026-02-02 19:09:17.153951+00:00,231,1820.47
BA340,907,882,1987,2026-05-24 07:54:28+00:00,2026-05-24 17:03:03.534317+00:00,425,179.97
AF1557,4164,221,2597,2025-08-13 09:19:19+00:00,2025-08-13 23:00:52.175795+00:00,476,617.2
IB7782,847,3520,1111,2026-01-24 23:41:08+00:00,2026-01-25 02:46:54.616109+00:00,980,661.41
UA2617,2211,98,2229,2025-08-09 11:18:52+00:00,2025-08-09 14:28:53.032718+00:00,353,1969.08
LA1303,4994,202,2044,2025-06-19 23:36:47+00:00,2025-06-20 02:16:26.848130+00:00,739,1434.58
G35705,1315,3240,2791,2026-05-06 09:18:07+00:00,2026-05-06 20:47:05.153971+00:00,347,1835.66
LA1229,4115,4047,314,2026-05-22 13:37:50+00:00,2026-05-22 19:07:35.636258+00:00,591,1877.53
DL2978,608,4284,552,2025-10-30 21:44:52+00:00,2025-10-31 06:49:23.811253+00:00,801,668.81
AF2290,542,3835,4835,2025-11-22 12:47:38+00:00,2025-11-22 22:10:09.171236+00:00,596,720.87
IB7116,1403,4705,4022,2026-01-31 02:06:16+00:00,2026-01-31 06:03:52.473853+00:00,669,1371.51
JJ1059,2669,222,625,2026-04-19 00:31:04+00:00,2026-04-19 03:27:34.114325+00:00,653,1645.14
IB3854,3165,1202,2611,2026-03-24 05:56:47+00:00,2026-03-24 19:20:40.792401+00:00,63,1186.24
JJ8268,1706,337,3243,2026-04-04 18:33:28+00:00,2026-04-05 05:19:37.012477+00:00,485,243.6
TP6210,3,3979,4580,2025-09-07 04:21:34+00:00,2025-09-07 06:55:51.333145+00:00,576,2151.31
SQ9237,875,4137,2822,2026-05-03 19:25:03+00:00,2026-05-03 23:33:23.745682+00:00,102,1915.24
AA6892,988,1319,4600,2026-01-01 12:39:22+00:00,2026-01-01 19:42:02.877855+00:00,568,2072.31
UA6854,3649,3064,1384,2025-10-24 03:04:43+00:00,2025-10-24 16:28:34.561197+00:00,942,1813.68
EK6276,1287,1039,4914,2025-12-13 19:44:03+00:00,2025-12-14 05:31:11.285489+00:00,805,803.56
UA9774,3868,2824,485,2025-08-18 19:21:30+00:00,2025-08-18 20:23:38.702691+00:00,804,2123.82
UA4165,825,2956,3979,2025-10-21 05:15:09+00:00,2025-10-21 10:40:49.076146+00:00,167,1003.82
IB342,1876,2749,3424,2026-03-21 23:32:31+00:00,2026-03-22 03:12:35.322466+00:00,749,965.5
BA2407,2749,3600,3306,2026-01-23 01:23:48+00:00,2026-01-23 11:33:10.148489+00:00,827,1194.18
EK5950,3791,2528,1387,2026-02-11 23:37:08+00:00,2026-02-12 12:44:42.931228+00:00,541,453.07
QR1424,4533,576,159,2026-03-22 06:38:15+00:00,2026-03-22 13:14:42.204697+00:00,231,801.05
